Workbook
Name _25_de_agosto: 'RESUMEN TOTAL'!$A$4:$D$365
Name _25_de_agosto_3: 'RESUMEN TOTAL'!$A$4:$D$377
Name BONOMOcam: Hoja1!$B$2
Name CANTIDAD_DE_CAMARAS: 'RESUMEN TOTAL'!$B$1
Name COSEIDIcam: Hoja1!$B$4

Sheet RESUMEN TOTAL
A1: CANTIDAD DE CAMARAS | B1: =COUNTA(B5:B533) -> 435 | D1: PORCIENTO DE CAIDAS | K1: =(K3)/(K2+K3) -> 0 | L1: =(L3)/(L2+L3) -> 0 | M1: =(M3)/(M2+M3) -> 0 | N1: =(N3)/(N2+N3) -> 0 | O1: =(O3)/(O2+O3) -> 0 | P1: =(P3)/(P2+P3) -> 0 | Q1: =(Q3)/(Q2+Q3) -> 0 | R1: =(R3)/(R2+R3) -> 0 | ... AN1: =(AN3)/(AN2+AN3) -> 0
D2: FUNCIONAN | K2: =B1-K3 -> 435 | L2: =CANTIDAD_DE_CAMARAS-L3 -> 435 | M2: =CANTIDAD_DE_CAMARAS-M3 -> 435 | N2: =CANTIDAD_DE_CAMARAS-N3 -> 435 | O2: =CANTIDAD_DE_CAMARAS-O3 -> 435 | P2: =CANTIDAD_DE_CAMARAS-P3 -> 435 | Q2: =CANTIDAD_DE_CAMARAS-Q3 -> 435 | R2: =CANTIDAD_DE_CAMARAS-R3 -> 435 | S2: =CANTIDAD_DE_CAMARAS-S3 -> 435 | ... AN2: =CANTIDAD_DE_CAMARAS-AN3 -> 435
D3: CAIDAS | K3: =COUNTIF(K4:K453, "apagado") -> 0 | L3: =COUNTIF(L4:L453, "apagado") -> 0 | M3: =COUNTIF(M4:M453, "apagado") -> 0 | N3: =COUNTIF(N4:N453, "apagado") -> 0 | O3: =COUNTIF(O4:O453, "apagado") -> 0 | P3: =COUNTIF(P4:P453, "apagado") -> 0 | Q3: =COUNTIF(Q4:Q453, "apagado") -> 0 | R3: =COUNTIF(R4:R453, "apagado") -> 0 | ... AN3: =COUNTIF(AN4:AN453, "apagado") -> 0
A4: Barrio | B4: [Denominacion] | C4: [Empresa Mantenimiento] | D4: [Ubicacion] | E4: [Tipo de Camara] | F4: [Tipo de Conexion] | H4: DIAS FUNCIONANDO | I4: DIAS CAIDA | J4: EFECTIVIDAD | K4: 44927 | L4: 44928 | M4: 44929 | N4: 44930 | O4: 44931 | P4: 44932 | Q4: 44933 | R4: 44934 | S4: 44935 | T4: 44936 | U4: 44937 | V4: 44938 | W4: 44939 | X4: 44940 | Y4: 44941 | Z4: 44942 | AA4: 44943 | AB4: 44944 | AC4: 44945 | AD4: 44946 | AE4: 44947 | AF4: 44948 | AG4: 44949 | AH4: 44950 | AI4: 44951 | AJ4: 44952 | AK4: 44953 | AL4: 44954 | AM4: 44955 | AN4: 44956 | AO4: 44957
A5: ALTAMIRA | B5: ALT01 | C5: BONOMO | D5: Calchaqui y Sgto. Cabral | E5: Domo | F5: Fibra Optica | G5: 172.20.10.6 | H5: =COUNTIF(K5:AO5,"") -> 31 | I5: =COUNTIF(K5:AL5,"APAGADO") -> 0 | J5: =(H5)/(I5+H5) -> 1
A6: ALTAMIRA | B6: ALT02 | C6: BONOMO | D6: Calchaqui y Lope de Vega | E6: Domo | F6: PTO A FO | G6: 172.20.12.218 | H6: =COUNTIF(K6:AO6,"") -> 31 | I6: =COUNTIF(K6:AL6,"APAGADO") -> 0 | J6: =(H6)/(I6+H6) -> 1
A7: ALTAMIRA | B7: ALT 03 | C7: BONOMO | D7: Bombero Galarza y Necochea | E7: Domo | F7: FIBRA OPTICA | G7: 172.20.12.54 | H7: =COUNTIF(K7:AO7,"") -> 31 | I7: =COUNTIF(K7:AL7,"APAGADO") -> 0 | J7: =(H7)/(I7+H7) -> 1
A8: ALTAMIRA | B8: ALT 04 | C8: BONOMO | D8: Francia y Necochea | E8: Domo | F8: FIBRA OPTICA | G8: 172.20.12.55 | H8: =COUNTIF(K8:AO8,"") -> 31 | I8: =COUNTIF(K8:AL8,"APAGADO") -> 0 | J8: =(H8)/(I8+H8) -> 1
A9: ALTAMIRA | B9: ALT05 | C9: BONOMO | D9: Av. Calchaqui y Bombero Galarza | E9: Domo | F9: PTO A FO | G9: 172.20.12.216 | H9: =COUNTIF(K9:AO9,"") -> 31 | I9: =COUNTIF(K9:AL9,"APAGADO") -> 0 | J9: =(H9)/(I9+H9) -> 1
A10: ALTAMIRA | B10: ALT 06 | C10: BONOMO | D10: LOPE DE VEGA Y NECOCHEA | E10: Domo | F10: PTO A FO | G10: 172.20.12.12 | H10: =COUNTIF(K10:AO10,"") -> 31 | I10: =COUNTIF(K10:AL10,"APAGADO") -> 0 | J10: =(H10)/(I10+H10) -> 1
A11: ALTAMIRA | B11: ALT07 | C11: BONOMO | D11: AV. CALCHAQUI Y AV. DEL TRABAJO | E11: DOMO | F11: PTO A FO | G11: 172.20.10.57 | H11: =COUNTIF(K11:AO11,"") -> 31 | I11: =COUNTIF(K11:AL11,"APAGADO") -> 0 | J11: =(H11)/(I11+H11) -> 1
A12: ALTAMIRA | B12: ALT 08 | C12: BONOMO | D12: HUMAITA Y NECOCHEA | E12: DOMO | F12: Fibra Optica | G12: 172.20.11.215 | H12: =COUNTIF(K12:AO12,"") -> 31 | I12: =COUNTIF(K12:AL12,"APAGADO") -> 0 | J12: =(H12)/(I12+H12) -> 1
A13: ALTAMIRA | B13: ALT 09 | C13: BONOMO | D13: NECOCHEA Y CURUPAITY | E13: DOMO | F13: Fibra Optica | G13: 172.20.11.216 | H13: =COUNTIF(K13:AO13,"") -> 31 | I13: =COUNTIF(K13:AL13,"APAGADO") -> 0 | J13: =(H13)/(I13+H13) -> 1
A14: ALTAMIRA | B14: ALT 10 | C14: BONOMO | D14: Calchaqui y Francia | E14: Domo | F14: Radio | H14: =COUNTIF(K14:AO14,"") -> 31 | I14: =COUNTIF(K14:AL14,"APAGADO") -> 0 | J14: =(H14)/(I14+H14) -> 1
A15: AGUSTIN RAMIREZ | B15: ARA 01 | C15: COSEIDI | D15: Malambo y Tranquera | E15: Domo | F15: FIBRA OPTICA | G15: 172.20.12.110 | H15: =COUNTIF(K15:AO15,"") -> 31 | I15: =COUNTIF(K15:AL15,"APAGADO") -> 0 | J15: =(H15)/(I15+H15) -> 1
A16: BELGRANO | B16: BEL 01 | C16: BONOMO | D16: San Martin y Dardo Rocha | E16: DOMO | F16: FIBRA OPTICA | G16: 172.20.12.64 | H16: =COUNTIF(K16:AO16,"") -> 31 | I16: =COUNTIF(K16:AL16,"APAGADO") -> 0 | J16: =(H16)/(I16+H16) -> 1
A17: BOSQUES CENTRO | B17: BOSQC 01 | C17: COSEIDI | D17: LUIS AGOTE E/DANUNCIO Y CAMPOAMOR | E17: Fija | F17: Radio | G17: 172.20.11.15 | H17: =COUNTIF(K17:AO17,"") -> 31 | I17: =COUNTIF(K17:AL17,"APAGADO") -> 0 | J17: =(H17)/(I17+H17) -> 1
A18: BOSQUES CENTRO | B18: BOSQC 02 | C18: COSEIDI | D18: LUIS AGOTE E/DANUNCIO Y CAMPOAMOR | E18: Fija | F18: Radio | G18: 172.20.11.16 | H18: =COUNTIF(K18:AO18,"") -> 31 | I18: =COUNTIF(K18:AL18,"APAGADO") -> 0 | J18: =(H18)/(I18+H18) -> 1
A19: BOSQUES CENTRO | B19: BOSQC 03 | C19: COSEIDI | D19: BENAVENTE Y LUIS AGOTE | E19: Fija | F19: Radio | G19: 172.20.11.13 | H19: =COUNTIF(K19:AO19,"") -> 31 | I19: =COUNTIF(K19:AL19,"APAGADO") -> 0 | J19: =(H19)/(I19+H19) -> 1
A20: BOSQUES CENTRO | B20: BOSQC 04 | C20: COSEIDI | D20: BENAVENTE Y LUIS AGOTE | E20: Fija | F20: Radio | G20: 172.20.11.113 | H20: =COUNTIF(K20:AO20,"") -> 31 | I20: =COUNTIF(K20:AL20,"APAGADO") -> 0 | J20: =(H20)/(I20+H20) -> 1
A21: BOSQUES CENTRO | B21: BOSQC 05 | C21: COSEIDI | D21: LUIS AGOTE Y RUTA 36 | E21: Fija | F21: Radio | G21: 172.20.11.17 | H21: =COUNTIF(K21:AO21,"") -> 31 | I21: =COUNTIF(K21:AL21,"APAGADO") -> 0 | J21: =(H21)/(I21+H21) -> 1
A22: BOSQUES CENTRO | B22: BOSQC 06 | C22: COSEIDI | D22: LUIS AGOTE Y RUTA 36 | E22: Fija | F22: Radio | G22: 172.20.11.18 | H22: =COUNTIF(K22:AO22,"") -> 31 | I22: =COUNTIF(K22:AL22,"APAGADO") -> 0 | J22: =(H22)/(I22+H22) -> 1
A23: CENTRO | B23: CEN01 | C23: BONOMO | D23: San Martin y 9 de Julio | E23: Fija | F23: Fibra Optica | G23: 172.20.11.10 | H23: =COUNTIF(K23:AO23,"") -> 31 | I23: =COUNTIF(K23:AL23,"APAGADO") -> 0 | J23: =(H23)/(I23+H23) -> 1
A24: CENTRO | B24: CEN02 | C24: BONOMO | D24: San Martin y Almafuerte | E24: Fija | F24: Fibra Optica | G24: 172.20.11.11 | H24: =COUNTIF(K24:AO24,"") -> 31 | I24: =COUNTIF(K24:AL24,"APAGADO") -> 0 | J24: =(H24)/(I24+H24) -> 1
A25: CENTRO | B25: CEN03 | C25: BONOMO | D25: San Martin y Sallares | E25: Domo | F25: Fibra Optica | G25: 172.20.12.30 | H25: =COUNTIF(K25:AO25,"") -> 31 | I25: =COUNTIF(K25:AL25,"APAGADO") -> 0 | J25: =(H25)/(I25+H25) -> 1
A26: CENTRO | B26: CEN04 | C26: BONOMO | D26: San Martin y Contreras | E26: Domo | F26: Fibra Optica | G26: 172.20.12.29 | H26: =COUNTIF(K26:AO26,"") -> 31 | I26: =COUNTIF(K26:AL26,"APAGADO") -> 0 | J26: =(H26)/(I26+H26) -> 1
... A96: CENTRO | B96: CEN74 | C96: BONOMO | D96: Las Heras y Maipu | E96: Domo | F96: FIBRA OPTICA | G96: 172.20.11.53 | H96: =COUNTIF(K96:AO96,"") -> 31 | I96: =COUNTIF(K96:AL96,"APAGADO") -> 0 | J96: =(H96)/(I96+H96) -> 1
A97: CENTRO | B97: CEN 75 | C97: BONOMO | D97: 25 DE MAYO Y CASTELLI | E97: Domo | F97: Fibra Optica | H97: =COUNTIF(K97:AO97,"") -> 31 | I97: =COUNTIF(K97:AL97,"APAGADO") -> 0 | J97: =(H97)/(I97+H97) -> 1
A98: CENTRO | B98: CEN 76 | C98: BONOMO | D98: ESPAÑA E/MITRE Y BOCUZZI | E98: Fija | F98: Fibra Optica | H98: =COUNTIF(K98:AO98,"") -> 31 | I98: =COUNTIF(K98:AL98,"APAGADO") -> 0 | J98: =(H98)/(I98+H98) -> 1
A99: CENTRO | B99: CEN 77 | C99: BONOMO | D99: Monteagudo e/ Mitre y Boccuzzi | E99: Fija | F99: Fibra Optica | G99: 172.20.11.241 | H99: =COUNTIF(K99:AO99,"") -> 31 | I99: =COUNTIF(K99:AL99,"APAGADO") -> 0 | J99: =(H99)/(I99+H99) -> 1
A100: CENTRO | B100: CEN 78 | C100: BONOMO | D100: Mitre e/Monteagudo y Alberdi | E100: Fija | F100: Fibra Optica | G100: 172.20.11.240 | H100: =COUNTIF(K100:AO100,"") -> 31 | I100: =COUNTIF(K100:AL100,"APAGADO") -> 0 | J100: =(H100)/(I100+H100) -> 1
A101: CENTRO | B101: CEN 79 | C101: BONOMO | D101: Diag. Constituyente y Brown | E101: Fija | F101: Fibra Optica | G101: 172.20.11.243 | H101: =COUNTIF(K101:AO101,"") -> 31 | I101: =COUNTIF(K101:AL101,"APAGADO") -> 0 | J101: =(H101)/(I101+H101) -> 1
A102: CENTRO | B102: CEN 80 | C102: BONOMO | D102: Diag. Constituyente y Brown | E102: Fija | F102: Fibra Optica | G102: 172.20.11.244 | H102: =COUNTIF(K102:AO102,"") -> 31 | I102: =COUNTIF(K102:AL102,"APAGADO") -> 0 | J102: =(H102)/(I102+H102) -> 1
A103: CENTRO | B103: CEN 81 | C103: BONOMO | D103: Alberdi y A.del Valle | E103: Fija | F103: Fibra Optica | G103: 172.20.11.242 | H103: =COUNTIF(K103:AO103,"") -> 31 | I103: =COUNTIF(K103:AL103,"APAGADO") -> 0 | J103: =(H103)/(I103+H103) -> 1
A104: CENTRO | B104: CEN 82 | C104: BONOMO | D104: DORREGO Y BOUREL | E104: Domo | F104: Fibra Optica | G104: 172.20.11.198 | H104: =COUNTIF(K104:AO104,"") -> 31 | I104: =COUNTIF(K104:AL104,"APAGADO") -> 0 | J104: =(H104)/(I104+H104) -> 1
A105: CENTRO | B105: CEN83 | C105: BONOMO | D105: RECONQUISTA Y 25 DE MAYO | E105: Domo | F105: Radio | G105: 172.20.11.123 | H105: =COUNTIF(K105:AO105,"") -> 31 | I105: =COUNTIF(K105:AL105,"APAGADO") -> 0 | J105: =(H105)/(I105+H105) -> 1
A106: SAN NICOLAS | B106: CHA01 | C106: BONOMO | D106: Novak y Pte Illia | E106: Domo | F106: Radio | G106: 172.20.200.126 | H106: =COUNTIF(K106:AO106,"") -> 31 | I106: =COUNTIF(K106:AL106,"APAGADO") -> 0 | J106: =(H106)/(I106+H106) -> 1
A107: CHACABUCO | B107: CHA02 | C107: BONOMO | D107: Pte. Illia y Posadas | E107: Domo | F107: Radio | G107: 172.20.200.186 | H107: =COUNTIF(K107:AO107,"") -> 31 | I107: =COUNTIF(K107:AL107,"APAGADO") -> 0 | J107: =(H107)/(I107+H107) -> 1
A108: CHACABUCO | B108: CHA03 | C108: BONOMO | D108: MAIPU Y ALVAREZ THOMAS | E108: DOMO | F108: Fibra Optica | G108: 172.20.11.71 | H108: =COUNTIF(K108:AO108,"") -> 31 | I108: =COUNTIF(K108:AL108,"APAGADO") -> 0 | J108: =(H108)/(I108+H108) -> 1
A109: CHACABUCO | B109: CHA04 | C109: BONOMO | D109: ESTADOS UNIDOS DE A. E ILLIA | E109: DOMO | F109: Fibra Optica | G109: 172.20.11.191 | H109: =COUNTIF(K109:AO109,"") -> 31 | I109: =COUNTIF(K109:AL109,"APAGADO") -> 0 | J109: =(H109)/(I109+H109) -> 1
A110: LA COLORADA ESTE | B110: COL 03 | C110: COSEIDI | D110: CARIBONI Y LA ANCIANIDAD | E110: DOMO | F110: Radio | G110: 10.20.30.37 | H110: =COUNTIF(K110:AO110,"") -> 31 | I110: =COUNTIF(K110:AL110,"APAGADO") -> 0 | J110: =(H110)/(I110+H110) -> 1
... A115: DON JOSE | B115: DJO 03 (fija 2) | C115: BONOMO | D115: DONATO ALVAREZ Y EL APERO | E115: Fija | F115: PTO A FO | G115: 172.20.12.98 | H115: =COUNTIF(K115:AO115,"") -> 31 | I115: =COUNTIF(K115:AL115,"APAGADO") -> 0 | J115: =(H115)/(I115+H115) -> 1
A116: DON JOSE | B116: DJO 04 (Fija 1) | C116: BONOMO | D116: MONTEVERDE Y EL INDIO | E116: Fija | F116: Radio | H116: =COUNTIF(K116:AO116,"") -> 31 | I116: =COUNTIF(K116:AL116,"APAGADO") -> 0 | J116: =(H116)/(I116+H116) -> 1
A117: DON JOSE | B117: DJO 05 (Fija 2) | C117: BONOMO | D117: MONTEVERDE Y EL INDIO | E117: Fija | F117: Radio | H117: =COUNTIF(K117:AO117,"") -> 31 | I117: =COUNTIF(K117:AL117,"APAGADO") -> 0 | J117: =(H117)/(I117+H117) -> 1
A118: DON JOSE | B118: DJ O6 | C118: BONOMO | D118: Calle 414 y El Indio | E118: Fija | F118: Radio | G118: 172.20.12.121 | H118: =COUNTIF(K118:AO118,"") -> 31 | I118: =COUNTIF(K118:AL118,"APAGADO") -> 0 | J118: =(H118)/(I118+H118) -> 1
A119: DON JOSE | B119: DJ 07 | C119: BONOMO | D119: Calle 414 y El Indio | E119: Fija | F119: Radio | G119: 172.20.12.122 | H119: =COUNTIF(K119:AO119,"") -> 31 | I119: =COUNTIF(K119:AL119,"APAGADO") -> 0 | J119: =(H119)/(I119+H119) -> 1
A120: EL PARQUE | B120: EPQ 01 | C120: COSEIDI | D120: 1282 Y GRIERSON | E120: DOMO | F120: Fibra Optica | G120: 172.20.11.170 | H120: =COUNTIF(K120:AO120,"") -> 31 | I120: =COUNTIF(K120:AL120,"APAGADO") -> 0 | J120: =(H120)/(I120+H120) -> 1
A121: EL PARQUE | B121: EPQ 02 | C121: COSEIDI | D121: 1282 Y MASSE | E121: DOMO | F121: Fibra Optica | G121: 172.20.11.172 | H121: =COUNTIF(K121:AO121,"") -> 31 | I121: =COUNTIF(K121:AL121,"APAGADO") -> 0 | J121: =(H121)/(I121+H121) -> 1
A122: EL PARQUE | B122: EPQ 03 | C122: COSEIDI | D122: 1282 Y RP 36 | E122: Domo | F122: Fibra Optica | G122: 172.20.11.169 | H122: =COUNTIF(K122:AO122,"") -> 31 | I122: =COUNTIF(K122:AL122,"APAGADO") -> 0 | J122: =(H122)/(I122+H122) -> 1
A123: EL PARQUE | B123: EPQ 04 | C123: COSEIDI | D123: 1282 Y MORENO | E123: DOMO | F123: Fibra Optica | G123: 172.20.11.171 | H123: =COUNTIF(K123:AO123,"") -> 31 | I123: =COUNTIF(K123:AL123,"APAGADO") -> 0 | J123: =(H123)/(I123+H123) -> 1
A124: LA ESMERALDA | B124: ESM01 | C124: COSEIDI | D124: Cabello y Brasil | E124: Domo | F124: Radio | G124: 172.20.200.179 | H124: =COUNTIF(K124:AO124,"") -> 31 | I124: =COUNTIF(K124:AL124,"APAGADO") -> 0 | J124: =(H124)/(I124+H124) -> 1
A125: SAN JORGE | B125: ESM02 | C125: COSEIDI | D125: Novak y Cabello | E125: Domo | F125: PTO A FO | G125: 172.20.11.46 | H125: =COUNTIF(K125:AO125,"") -> 31 | I125: =COUNTIF(K125:AL125,"APAGADO") -> 0 | J125: =(H125)/(I125+H125) -> 1
A126: LIBERTAD | B126: ESM03 | C126: COSEIDI | D126: Novak y Humahuaca | E126: DOMO | F126: PTO A FO | G126: 172.20.11.42 | H126: =COUNTIF(K126:AO126,"") -> 31 | I126: =COUNTIF(K126:AL126,"APAGADO") -> 0 | J126: =(H126)/(I126+H126) -> 1
A127: LA ESMERALDA | B127: ESM04 | C127: COSEIDI | D127: Basualdo y Bengochea | E127: Domo | F127: FIBRA OPTICA | G127: 172.20.12.46 | H127: =COUNTIF(K127:AO127,"") -> 31 | I127: =COUNTIF(K127:AL127,"APAGADO") -> 0 | J127: =(H127)/(I127+H127) -> 1
A128: LA ESMERALDA | B128: ESM05 | C128: COSEIDI | D128: Aniceto Diaz y Villar | E128: Domo | F128: FIBRA OPTICA | G128: 172.20.12.48 | H128: =COUNTIF(K128:AO128,"") -> 31 | I128: =COUNTIF(K128:AL128,"APAGADO") -> 0 | J128: =(H128)/(I128+H128) -> 1
A129: LA ESMERALDA | B129: ESM06 | C129: COSEIDI | D129: Roselli y Cabello | E129: Domo | F129: Radio | G129: 172.20.200.168 | H129: =COUNTIF(K129:AO129,"") -> 31 | I129: =COUNTIF(K129:AL129,"APAGADO") -> 0 | J129: =(H129)/(I129+H129) -> 1
... A141: INGENIERO ALLAN | B141: INA 02 | C141: COSEIDI | D141: 1144 Y 1155 | E141: DOMO | F141: Fibra Optica | G141: 172.20.11.174 | H141: =COUNTIF(K141:AO141,"") -> 31 | I141: =COUNTIF(K141:AL141,"APAGADO") -> 0 | J141: =(H141)/(I141+H141) -> 1
A142: INFICO | B142: INF 01 | C142: COSEIDI | D142: AV. HUDSON Y CARIBONI | F142: Fibra Optica | G142: 172.20.11.62 | H142: =COUNTIF(K142:AO142,"") -> 31 | I142: =COUNTIF(K142:AL142,"APAGADO") -> 0 | J142: =(H142)/(I142+H142) -> 1
A143: VILLA ARGENTINA | B143: KM01 | C143: BONOMO | D143: Vias FFCC y La Pulperia | E143: DOMO | F143: Radio | G143: 172.20.200.145 | H143: =COUNTIF(K143:AO143,"") -> 31 | I143: =COUNTIF(K143:AL143,"APAGADO") -> 0 | J143: =(H143)/(I143+H143) -> 1
A144: CHACABUCO | B144: KM02 | C144: BONOMO | D144: Novak e/El Overo y el Mangrullo | E144: Domo | F144: Radio | G144: 172.20.200.144 | H144: =COUNTIF(K144:AO144,"") -> 31 | I144: =COUNTIF(K144:AL144,"APAGADO") -> 0 | J144: =(H144)/(I144+H144) -> 1
A145: KM 26700 (JULIO A. COSTA) | B145: KM03 | C145: BONOMO | D145: Novak y La Pulperia | E145: Domo | F145: Radio | G145: 172.20.200.185 | H145: =COUNTIF(K145:AO145,"") -> 31 | I145: =COUNTIF(K145:AL145,"APAGADO") -> 0 | J145: =(H145)/(I145+H145) -> 1
A146: KM 26700 (JULIO A. COSTA) | B146: KM04 | C146: BONOMO | D146: El Ombu y El Zonda | E146: Domo | F146: Radio | G146: 172.20.200.131 | H146: =COUNTIF(K146:AO146,"") -> 31 | I146: =COUNTIF(K146:AL146,"APAGADO") -> 0 | J146: =(H146)/(I146+H146) -> 1
A147: KM 26700 (JULIO A. COSTA) | B147: KM05 | C147: BONOMO | D147: El Ombu y Los Charruas | E147: Domo | F147: Radio | G147: 172.20.200.174 | H147: =COUNTIF(K147:AO147,"") -> 31 | I147: =COUNTIF(K147:AL147,"APAGADO") -> 0 | J147: =(H147)/(I147+H147) -> 1
A148: KM 26700 (JULIO A. COSTA) | B148: KM06 | C148: BONOMO | D148: El Ombu y La Cautiva | E148: DOMO | F148: Radio | G148: 172.20.200.127 | H148: =COUNTIF(K148:AO148,"") -> 31 | I148: =COUNTIF(K148:AL148,"APAGADO") -> 0 | J148: =(H148)/(I148+H148) -> 1
A149: KM 26700 (JULIO A. COSTA) | B149: KM 07 | C149: BONOMO | D149: EL ALJIBE E/ EL ZONDA Y DON SEGUNDO SOMBRA | E149: DOMO | F149: Radio | G149: 10.20.30.20 | H149: =COUNTIF(K149:AO149,"") -> 31 | I149: =COUNTIF(K149:AL149,"APAGADO") -> 0 | J149: =(H149)/(I149+H149) -> 1
A150: KM 26700 (JULIO A. COSTA) | B150: KM08 / UPA 03 | C150: BONOMO | D150: LOS CHARRUAS Y BLANDENGUES | E150: DOMO | F150: Radio | G150: 172.20.200.149 | H150: =COUNTIF(K150:AO150,"") -> 31 | I150: =COUNTIF(K150:AL150,"APAGADO") -> 0 | J150: =(H150)/(I150+H150) -> 1
A151: KM 26700 (JULIO A. COSTA) | B151: KM09 / UPA 1 | C151: BONOMO | D151: NOVAK Y LA POSTA | E151: DOMO | F151: Radio | G151: 172.20.11.76 | H151: =COUNTIF(K151:AO151,"") -> 31 | I151: =COUNTIF(K151:AL151,"APAGADO") -> 0 | J151: =(H151)/(I151+H151) -> 1
A152: KM 26700 (JULIO A. COSTA) | B152: KM 10 / UPA 2 | C152: BONOMO | D152: PLAYA DE ESTACIONAMIENTO INTERNA E/ HOSP. MODULAR Y UPA 11. | E152: DOMO | F152: Radio | G152: 10.20.30.26 | H152: =COUNTIF(K152:AO152,"") -> 31 | I152: =COUNTIF(K152:AL152,"APAGADO") -> 0 | J152: =(H152)/(I152+H152) -> 1
A153: KM 26700 (JULIO A. COSTA) | B153: KM11 | C153: BONOMO | D153: NOVAK Y EL OVERO | E153: DOMO | F153: Fibra Optica | G153: 172.20.11.70 | H153: =COUNTIF(K153:AO153,"") -> 31 | I153: =COUNTIF(K153:AL153,"APAGADO") -> 0 | J153: =(H153)/(I153+H153) -> 1
A154: KM 26700 (JULIO A. COSTA) | B154: KM 12 FIJA 1 | C154: BONOMO | D154: BLANDENGUES Y LA ZAMBA | E154: Fija | F154: PTO A FO | G154: 172.20.12.85 | H154: =COUNTIF(K154:AO154,"") -> 31 | I154: =COUNTIF(K154:AL154,"APAGADO") -> 0 | J154: =(H154)/(I154+H154) -> 1
... A162: LOMAS DE MONTEVERDE | B162: LDM 03 | C162: BONOMO | D162: LAS HERAS Y FRANKLIN | E162: DOMO | F162: PTO A FO | G162: 172.20.11.34 | H162: =COUNTIF(K162:AO162,"") -> 31 | I162: =COUNTIF(K162:AL162,"APAGADO") -> 0 | J162: =(H162)/(I162+H162) -> 1
A163: LIBERTAD | B163: LIBER 01 | C163: COSEIDI | D163: 511 Y 574 FIJA 01 | E163: Fija | F163: RADIO | H163: =COUNTIF(K163:AO163,"") -> 31 | I163: =COUNTIF(K163:AL163,"APAGADO") -> 0 | J163: =(H163)/(I163+H163) -> 1
A164: LIBERTAD | B164: LIBER 02 | C164: COSEIDI | D164: 511 Y 574 FIJA 02 | E164: Fija | F164: Radio | H164: =COUNTIF(K164:AO164,"") -> 31 | I164: =COUNTIF(K164:AL164,"APAGADO") -> 0 | J164: =(H164)/(I164+H164) -> 1
A165: CHACABUCO | B165: LPI 01 | C165: BONOMO | D165: Maipu y Posadas | E165: Domo | F165: Radio | G165: 172.20.200.128 | H165: =COUNTIF(K165:AO165,"") -> 31 | I165: =COUNTIF(K165:AL165,"APAGADO") -> 0 | J165: =(H165)/(I165+H165) -> 1
A166: CHACABUCO | B166: LPI02 | C166: BONOMO | D166: EE.UU y Ayacucho | E166: Domo | F166: Radio | G166: 172.20.200.190 | H166: =COUNTIF(K166:AO166,"") -> 31 | I166: =COUNTIF(K166:AL166,"APAGADO") -> 0 | J166: =(H166)/(I166+H166) -> 1
A167: LA PILETA | B167: LPI03 (fija 2) | C167: BONOMO | D167: MAIPU Y POSADAS | E167: Fija | F167: Fibra Optica | G167: 172.20.11.72 | H167: =COUNTIF(K167:AO167,"") -> 31 | I167: =COUNTIF(K167:AL167,"APAGADO") -> 0 | J167: =(H167)/(I167+H167) -> 1
A168: LA PILETA | B168: LPI04 (fija 1) | C168: BONOMO | D168: MAIPU Y POSADAS | E168: FIJA | F168: Fibra Optica | G168: 172.20.11.73 | H168: =COUNTIF(K168:AO168,"") -> 31 | I168: =COUNTIF(K168:AL168,"APAGADO") -> 0 | J168: =(H168)/(I168+H168) -> 1
A169: LOS PILARES | B169: LPR 01 | C169: COSEIDI | D169: EVA PERON E/ CACHEUTA Y 1406 | E169: DOMO | F169: FIBRA OPTICA | G169: 172.20.11.83 | H169: =COUNTIF(K169:AO169,"") -> 31 | I169: =COUNTIF(K169:AL169,"APAGADO") -> 0 | J169: =(H169)/(I169+H169) -> 1
A170: LOS PILARES | B170: LPR02 (fija 1) | C170: COSEIDI | D170: EVA PERON Y CACHEUTA | E170: Fija | F170: Fibra Optica | G170: 172.20.11.82 | H170: =COUNTIF(K170:AO170,"") -> 31 | I170: =COUNTIF(K170:AL170,"APAGADO") -> 0 | J170: =(H170)/(I170+H170) -> 1
A171: LOS PILARES | B171: LPR03 (fija 2) | C171: COSEIDI | D171: EVA PERON Y CACHEUTA | E171: Fija | F171: Fibra Optica | G171: 172.20.11.81 | H171: =COUNTIF(K171:AO171,"") -> 31 | I171: =COUNTIF(K171:AL171,"APAGADO") -> 0 | J171: =(H171)/(I171+H171) -> 1
A172: LOPEZ ROMERO | B172: LRO 05 | C172: BONOMO | D172: Calchaqui y Las Americas | E172: Fija | F172: Fibra Optica | G172: 172.20.10.05 | H172: =COUNTIF(K172:AO172,"") -> 31 | I172: =COUNTIF(K172:AL172,"APAGADO") -> 0 | J172: =(H172)/(I172+H172) -> 1
A173: LOPEZ ROMERO | B173: LRO 09 | C173: BONOMO | D173: Las Americas y Braile | E173: Domo | F173: Fibra Optica | G173: 172.20.12.34 | H173: =COUNTIF(K173:AO173,"") -> 31 | I173: =COUNTIF(K173:AL173,"APAGADO") -> 0 | J173: =(H173)/(I173+H173) -> 1
A174: LOPEZ ROMERO | B174: LRO 10 | C174: BONOMO | D174: Con. Gral. Belgrano y Balcarce | E174: Domo | F174: Fibra Optica | G174: 172.20.12.35 | H174: =COUNTIF(K174:AO174,"") -> 31 | I174: =COUNTIF(K174:AL174,"APAGADO") -> 0 | J174: =(H174)/(I174+H174) -> 1
A175: LOPEZ ROMERO | B175: LRO 12 (fija 1) | C175: BONOMO | D175: LAS AMERICAS E/ BRAILLE Y ALVARADO | E175: Fija | F175: Fibra Optica | G175: 172.20.11.145 | H175: =COUNTIF(K175:AO175,"") -> 31 | I175: =COUNTIF(K175:AL175,"APAGADO") -> 0 | J175: =(H175)/(I175+H175) -> 1
A176: LOPEZ ROMERO | B176: LRO 13 (fija 2) | C176: BONOMO | D176: LAS AMERICAS E/ BRAILLE Y ALVARADO | E176: Fija | F176: Fibra Optica | G176: 172.20.11.146 | H176: =COUNTIF(K176:AO176,"") -> 31 | I176: =COUNTIF(K176:AL176,"APAGADO") -> 0 | J176: =(H176)/(I176+H176) -> 1
... A183: LOPEZ ROMERO | B183: LRO08 | C183: BONOMO | D183: Remedios de Escalada y Finochieto | E183: Domo | F183: Fibra Optica | G183: 172.20.12.33 | H183: =COUNTIF(K183:AO183,"") -> 31 | I183: =COUNTIF(K183:AL183,"APAGADO") -> 0 | J183: =(H183)/(I183+H183) -> 1
A184: LOPEZ ROMERO | B184: LRO11 | C184: BONOMO | D184: Av. Yrigoyen y Braile | F184: FIBRA OPTICA | G184: 172.20.11.27 | H184: =COUNTIF(K184:AO184,"") -> 31 | I184: =COUNTIF(K184:AL184,"APAGADO") -> 0 | J184: =(H184)/(I184+H184) -> 1
A185: LOPEZ ROMERO | B185: LRO14 | C185: BONOMO | D185: YRIGOYEN Y STORNI | E185: DOMO | F185: Fibra Optica | G185: 172.20.11.149 | H185: =COUNTIF(K185:AO185,"") -> 31 | I185: =COUNTIF(K185:AL185,"APAGADO") -> 0 | J185: =(H185)/(I185+H185) -> 1
A186: LUJAN | B186: LUJ 01 | C186: BONOMO | D186: ñandu y Los Pinos | E186: Domo | F186: Radio | G186: 172.20.200.146 | H186: =COUNTIF(K186:AO186,"") -> 31 | I186: =COUNTIF(K186:AL186,"APAGADO") -> 0 | J186: =(H186)/(I186+H186) -> 1
A187: VILLA ARGENTINA | B187: LUJ 02 | C187: COSEIDI | D187: DIAG. LOS TILOS Y 527 | E187: DOMO | F187: Fibra Optica | G187: 172.20.11.235 | H187: =COUNTIF(K187:AO187,"") -> 31 | I187: =COUNTIF(K187:AL187,"APAGADO") -> 0 | J187: =(H187)/(I187+H187) -> 1
A188: LUJAN | B188: LUJ03 | C188: COSEIDI | D188: LOS PINOS Y LOS TILOS | E188: DOMO | F188: Fibra Optica | G188: 172.20.11.196 | H188: =COUNTIF(K188:AO188,"") -> 31 | I188: =COUNTIF(K188:AL188,"APAGADO") -> 0 | J188: =(H188)/(I188+H188) -> 1
A189: PRESIDENTE PERON (PEPSI) | B189: MAR 01 | C189: COSEIDI | D189: RP36 Y LA ESMERALDA | E189: DOMO | F189: FIBRA OPTICA | G189: 172.20.11.101 | H189: =COUNTIF(K189:AO189,"") -> 31 | I189: =COUNTIF(K189:AL189,"APAGADO") -> 0 | J189: =(H189)/(I189+H189) -> 1
A190: RICARDO ROJAS | B190: MAR 02 (FIJA1) | C190: COSEIDI | D190: LUJAN Y PATAGONES | E190: Fija | F190: Fibra Optica | H190: =COUNTIF(K190:AO190,"") -> 31 | I190: =COUNTIF(K190:AL190,"APAGADO") -> 0 | J190: =(H190)/(I190+H190) -> 1
A191: LAS MARGARITAS | B191: MAR 03(FIJA 2) | C191: COSEIDI | D191: LUJAN Y PATAGONES | E191: Fija | F191: Fibra Optica | H191: =COUNTIF(K191:AO191,"") -> 31 | I191: =COUNTIF(K191:AL191,"APAGADO") -> 0 | J191: =(H191)/(I191+H191) -> 1
A192: MAYOL | B192: MAY 01 | C192: COSEIDI | D192: Eva Peron y Cabildo | E192: Domo | F192: Radio | G192: 172.20.200.194 | H192: =COUNTIF(K192:AO192,"") -> 31 | I192: =COUNTIF(K192:AL192,"APAGADO") -> 0 | J192: =(H192)/(I192+H192) -> 1
A193: MAYOL | B193: MAY 02 | C193: COSEIDI | D193: EVA PERON Y MONTEVIDEO | E193: Domo | F193: Radio | G193: 172.20.200.168 | H193: =COUNTIF(K193:AO193,"") -> 31 | I193: =COUNTIF(K193:AL193,"APAGADO") -> 0 | J193: =(H193)/(I193+H193) -> 1
A194: MAYOL | B194: MAY 03 | C194: COSEIDI | D194: CHAÑAR Y SAN NICOLAS | E194: DOMO | F194: PTO A FO | G194: 172.20.10.18 | H194: =COUNTIF(K194:AO194,"") -> 31 | I194: =COUNTIF(K194:AL194,"APAGADO") -> 0 | J194: =(H194)/(I194+H194) -> 1
A195: MAYOL | B195: MAY 04 | C195: COSEIDI | D195: MAR CHIQUITA Y RIO JACHAL | E195: DOMO | F195: Radio | G195: 10.20.30.34 | H195: =COUNTIF(K195:AO195,"") -> 31 | I195: =COUNTIF(K195:AL195,"APAGADO") -> 0 | J195: =(H195)/(I195+H195) -> 1
A196: MARTIN FIERRO | B196: MFI 01 | C196: BONOMO | D196: Belgrano y Sgto. Cabral | E196: Fija | F196: Fibra Optica | G196: 172.20.10.39 | H196: =COUNTIF(K196:AO196,"") -> 31 | I196: =COUNTIF(K196:AL196,"APAGADO") -> 0 | J196: =(H196)/(I196+H196) -> 1
A197: LOPEZ ROMERO | B197: MFI02 | C197: BONOMO | D197: Calchaqui y Balcarce | E197: Fija | F197: Fibra Optica | G197: 172.20.10.4 | H197: =COUNTIF(K197:AO197,"") -> 31 | I197: =COUNTIF(K197:AL197,"APAGADO") -> 0 | J197: =(H197)/(I197+H197) -> 1
...

Sheet Hoja4
A10: Barrio | B10: [Denominacion] | C10: [Empresa Mantenimiento] | D10: [Ubicacion] | E10: [Tipo de Camara] | F10: [Tipo de Conexion]
A11: BELGRANO | B11: BEL 01 | C11: BONOMO | D11: San Martin y Dardo Rocha | E11: DOMO | F11: FIBRA OPTICA | G11: 172.20.12.64
A12: CENTRO | B12: CEN18 | C12: BONOMO | D12: Monteagudo e/Mitre y Sallares | E12: Fija | F12: Fibra Optica | G12: 172.20.10.26
A13: CENTRO | B13: CEN26 | C13: BONOMO | D13: Mitre y España | E13: Domo | F13: Fibra Optica | G13: 172.20.12.06
A14: CENTRO | B14: CEN44 | C14: BONOMO | D14: Mitre y Brown | E14: Domo | F14: Fibra Optica | G14: 172.20.12.62
A15: CENTRO | B15: CEN47 | C15: BONOMO | D15: Sallares y Brown | E15: Domo | F15: Fibra Optica | G15: 172.20.12.65
A16: CENTRO | B16: CEN 53 | C16: BONOMO | D16: GUTIERREZ Y BROWN | E16: Domo | F16: Radio | G16: 172.20.200.166
A17: CENTRO | B17: CEN 72 | C17: BONOMO | D17: MORENO Y 25 DE MAYO | E17: Domo | F17: Fibra Optica | G17: 172.20.11.219
A18: CENTRO | B18: CEN 82 | C18: BONOMO | D18: DORREGO Y BOUREL | E18: Domo | F18: Fibra Optica | G18: 172.20.11.198
A19: CENTRO | B19: CEN83 | C19: BONOMO | D19: RECONQUISTA Y 25 DE MAYO | E19: Domo | F19: Radio | G19: 172.20.11.123
A20: CHACABUCO | B20: CHA02 | C20: BONOMO | D20: Pte. Illia y Posadas | E20: Domo | F20: Radio | G20: 172.20.200.186
A21: LOPEZ ROMERO | B21: LRO01 | C21: BONOMO | D21: H. IRIGOYEN Y BRAILE | E21: FIJA | F21: FIBRA OPTICA | G21: 172.20.10.36
A22: PRESIDENTE SARMIENTO | B22: LRO02 | C22: BONOMO | D22: H. Irigoyen e Islas Orcadas | E22: Domo | F22: FIBRA OPTICA | G22: 172.20.10.40
A23: LOPEZ ROMERO | B23: LRO03 | C23: BONOMO | D23: H. Irigoyen y Parravicini | E23: Fija | F23: Fibra Optica | G23: 172.20.10.38
A24: LOPEZ ROMERO | B24: LRO11 | C24: BONOMO | D24: Av. Yrigoyen y Braile | F24: FIBRA OPTICA | G24: 172.20.11.27
A25: SAN EMILIO | B25: MFI 05 | C25: BONOMO | D25: Cno. Gral. Belgrano y Guayaquil | E25: Domo | F25: FIBRA OPTICA | G25: 172.20.10.41
A26: GOBERNADOR MONTEVERDE | B26: MON03 | C26: BONOMO | D26: Senzabello y Guemes | E26: Domo | F26: Radio | G26: 172.20.200.134
A27: 9 DE JULIO | B27: NJU 01 | C27: BONOMO | D27: Sallares y Parrillo | E27: Domo | F27: Fibra Optica | G27: 172.20.10.22
A28: 9 DE JULIO | B28: NJU03 | C28: BONOMO | D28: San Juan y Parrillo | E28: Domo | F28: PTO A FO | G28: 172.20.10.45
A29: ZEBALLOS CENTRO | B29: NJU05 | C29: BONOMO | D29: Ituzaingo y Alem | E29: Domo | F29: Radio | G29: 172.200.141
A30: 9 DE JULIO | B30: NJU09 | C30: BONOMO | D30: PARRILLO Y CONTRERAS | E30: DOMO | F30: Fibra Optica | G30: 172.20.11.190
A31: DON JOSE | B31: PUNTO SEGURO AGUSTIN RAMIREZ INTERCOMUNICADOR | C31: BONOMO | D31: MALAMBO Y LA TRANQUERA | E31: Fija | F31: Fibra Optica
A32: PRESIDENTE SARMIENTO | B32: SAR 02 (fija 1) | C32: BONOMO | D32: DARDO ROCHA Y GABRIELA MISTRAL | E32: Fija | F32: Fibra Optica | G32: 172.20.11.184
A33: PRESIDENTE SARMIENTO | B33: SAR 03 (fija 2) | C33: BONOMO | D33: DARDO ROCHA Y GABRIELA MISTRAL | E33: Fija | F33: Fibra Optica | G33: 172.20.11.185
A35: CAMARAS SIN FUNCIONAMIENTO DEL DIA 28 DE DICIEMBRE DE 2022
A37: RECIBIDO:
A39: EMPRESA: BONOMO SISTEMAS | D39: FIRMA:
D41: ACALARCION:

Sheet ESTADISTICA
A1: ='RESUMEN TOTAL'!A4 -> Barrio | B1: ='RESUMEN TOTAL'!B4 -> [Denominacion] | C1: ='RESUMEN TOTAL'!D4 -> [Ubicacion] | D1: ='RESUMEN TOTAL'!E4 -> [Tipo de Camara] | E1: ='RESUMEN TOTAL'!F4 -> [Tipo de Conexion] | F1: ='RESUMEN TOTAL'!K4 -> 44927 | G1: ='RESUMEN TOTAL'!L4 -> 44928 | H1: ='RESUMEN TOTAL'!M4 -> 44929 | I1: ='RESUMEN TOTAL'!N4 -> 44930 | J1: ='RESUMEN TOTAL'!O4 -> 44931 | K1: ='RESUMEN TOTAL'!P4 -> 44932 | L1: ='RESUMEN TOTAL'!Q4 -> 44933 | M1: ='RESUMEN TOTAL'!R4 -> 44934 | ... AI1: ='RESUMEN TOTAL'!AN4 -> 44956
A2: ='RESUMEN TOTAL'!A5 -> ALTAMIRA | B2: ='RESUMEN TOTAL'!B5 -> ALT01 | C2: ='RESUMEN TOTAL'!D5 -> Calchaqui y Sgto. Cabral | D2: ='RESUMEN TOTAL'!E5 -> Domo | E2: ='RESUMEN TOTAL'!F5 -> Fibra Optica | F2: ='RESUMEN TOTAL'!K5 -> 0 | G2: ='RESUMEN TOTAL'!L5 -> 0 | H2: ='RESUMEN TOTAL'!M5 -> 0 | I2: ='RESUMEN TOTAL'!N5 -> 0 | J2: ='RESUMEN TOTAL'!O5 -> 0 | K2: ='RESUMEN TOTAL'!P5 -> 0 | L2: ='RESUMEN TOTAL'!Q5 -> 0 | M2: ='RESUMEN TOTAL'!R5 -> 0 | ... AI2: ='RESUMEN TOTAL'!AN5 -> 0
A3: ='RESUMEN TOTAL'!A6 -> ALTAMIRA | B3: ='RESUMEN TOTAL'!B6 -> ALT02 | C3: ='RESUMEN TOTAL'!D6 -> Calchaqui y Lope de Vega | D3: ='RESUMEN TOTAL'!E6 -> Domo | E3: ='RESUMEN TOTAL'!F6 -> PTO A FO | F3: ='RESUMEN TOTAL'!K6 -> 0 | G3: ='RESUMEN TOTAL'!L6 -> 0 | H3: ='RESUMEN TOTAL'!M6 -> 0 | I3: ='RESUMEN TOTAL'!N6 -> 0 | J3: ='RESUMEN TOTAL'!O6 -> 0 | K3: ='RESUMEN TOTAL'!P6 -> 0 | L3: ='RESUMEN TOTAL'!Q6 -> 0 | M3: ='RESUMEN TOTAL'!R6 -> 0 | ... AI3: ='RESUMEN TOTAL'!AN6 -> 0
A4: ='RESUMEN TOTAL'!A7 -> ALTAMIRA | B4: ='RESUMEN TOTAL'!B7 -> ALT 03 | C4: ='RESUMEN TOTAL'!D7 -> Bombero Galarza y Necochea | D4: ='RESUMEN TOTAL'!E7 -> Domo | E4: ='RESUMEN TOTAL'!F7 -> FIBRA OPTICA | F4: ='RESUMEN TOTAL'!K7 -> 0 | G4: ='RESUMEN TOTAL'!L7 -> 0 | H4: ='RESUMEN TOTAL'!M7 -> 0 | I4: ='RESUMEN TOTAL'!N7 -> 0 | J4: ='RESUMEN TOTAL'!O7 -> 0 | K4: ='RESUMEN TOTAL'!P7 -> 0 | L4: ='RESUMEN TOTAL'!Q7 -> 0 | M4: ='RESUMEN TOTAL'!R7 -> 0 | ... AI4: ='RESUMEN TOTAL'!AN7 -> 0
A5: ='RESUMEN TOTAL'!A8 -> ALTAMIRA | B5: ='RESUMEN TOTAL'!B8 -> ALT 04 | C5: ='RESUMEN TOTAL'!D8 -> Francia y Necochea | D5: ='RESUMEN TOTAL'!E8 -> Domo | E5: ='RESUMEN TOTAL'!F8 -> FIBRA OPTICA | F5: ='RESUMEN TOTAL'!K8 -> 0 | G5: ='RESUMEN TOTAL'!L8 -> 0 | H5: ='RESUMEN TOTAL'!M8 -> 0 | I5: ='RESUMEN TOTAL'!N8 -> 0 | J5: ='RESUMEN TOTAL'!O8 -> 0 | K5: ='RESUMEN TOTAL'!P8 -> 0 | L5: ='RESUMEN TOTAL'!Q8 -> 0 | M5: ='RESUMEN TOTAL'!R8 -> 0 | ... AI5: ='RESUMEN TOTAL'!AN8 -> 0
A6: ='RESUMEN TOTAL'!A9 -> ALTAMIRA | B6: ='RESUMEN TOTAL'!B9 -> ALT05 | C6: ='RESUMEN TOTAL'!D9 -> Av. Calchaqui y Bombero Galarza | D6: ='RESUMEN TOTAL'!E9 -> Domo | E6: ='RESUMEN TOTAL'!F9 -> PTO A FO | F6: ='RESUMEN TOTAL'!K9 -> 0 | G6: ='RESUMEN TOTAL'!L9 -> 0 | H6: ='RESUMEN TOTAL'!M9 -> 0 | I6: ='RESUMEN TOTAL'!N9 -> 0 | J6: ='RESUMEN TOTAL'!O9 -> 0 | K6: ='RESUMEN TOTAL'!P9 -> 0 | L6: ='RESUMEN TOTAL'!Q9 -> 0 | M6: ='RESUMEN TOTAL'!R9 -> 0 | ... AI6: ='RESUMEN TOTAL'!AN9 -> 0
A7: ='RESUMEN TOTAL'!A10 -> ALTAMIRA | B7: ='RESUMEN TOTAL'!B10 -> ALT 06 | C7: ='RESUMEN TOTAL'!D10 -> LOPE DE VEGA Y NECOCHEA | D7: ='RESUMEN TOTAL'!E10 -> Domo | E7: ='RESUMEN TOTAL'!F10 -> PTO A FO | F7: ='RESUMEN TOTAL'!K10 -> 0 | G7: ='RESUMEN TOTAL'!L10 -> 0 | H7: ='RESUMEN TOTAL'!M10 -> 0 | I7: ='RESUMEN TOTAL'!N10 -> 0 | J7: ='RESUMEN TOTAL'!O10 -> 0 | K7: ='RESUMEN TOTAL'!P10 -> 0 | L7: ='RESUMEN TOTAL'!Q10 -> 0 | M7: ='RESUMEN TOTAL'!R10 -> 0 | ... AI7: ='RESUMEN TOTAL'!AN10 -> 0
A8: ='RESUMEN TOTAL'!A11 -> ALTAMIRA | B8: ='RESUMEN TOTAL'!B11 -> ALT07 | C8: ='RESUMEN TOTAL'!D11 -> AV. CALCHAQUI Y AV. DEL TRABAJO | D8: ='RESUMEN TOTAL'!E11 -> DOMO | E8: ='RESUMEN TOTAL'!F11 -> PTO A FO | F8: ='RESUMEN TOTAL'!K11 -> 0 | G8: ='RESUMEN TOTAL'!L11 -> 0 | H8: ='RESUMEN TOTAL'!M11 -> 0 | I8: ='RESUMEN TOTAL'!N11 -> 0 | J8: ='RESUMEN TOTAL'!O11 -> 0 | K8: ='RESUMEN TOTAL'!P11 -> 0 | L8: ='RESUMEN TOTAL'!Q11 -> 0 | M8: ='RESUMEN TOTAL'!R11 -> 0 | ... AI8: ='RESUMEN TOTAL'!AN11 -> 0
A9: ='RESUMEN TOTAL'!A12 -> ALTAMIRA | B9: ='RESUMEN TOTAL'!B12 -> ALT 08 | C9: ='RESUMEN TOTAL'!D12 -> HUMAITA Y NECOCHEA | D9: ='RESUMEN TOTAL'!E12 -> DOMO | E9: ='RESUMEN TOTAL'!F12 -> Fibra Optica | F9: ='RESUMEN TOTAL'!K12 -> 0 | G9: ='RESUMEN TOTAL'!L12 -> 0 | H9: ='RESUMEN TOTAL'!M12 -> 0 | I9: ='RESUMEN TOTAL'!N12 -> 0 | J9: ='RESUMEN TOTAL'!O12 -> 0 | K9: ='RESUMEN TOTAL'!P12 -> 0 | L9: ='RESUMEN TOTAL'!Q12 -> 0 | M9: ='RESUMEN TOTAL'!R12 -> 0 | ... AI9: ='RESUMEN TOTAL'!AN12 -> 0
A10: ='RESUMEN TOTAL'!A13 -> ALTAMIRA | B10: ='RESUMEN TOTAL'!B13 -> ALT 09 | C10: ='RESUMEN TOTAL'!D13 -> NECOCHEA Y CURUPAITY | D10: ='RESUMEN TOTAL'!E13 -> DOMO | E10: ='RESUMEN TOTAL'!F13 -> Fibra Optica | F10: ='RESUMEN TOTAL'!K13 -> 0 | G10: ='RESUMEN TOTAL'!L13 -> 0 | H10: ='RESUMEN TOTAL'!M13 -> 0 | I10: ='RESUMEN TOTAL'!N13 -> 0 | J10: ='RESUMEN TOTAL'!O13 -> 0 | K10: ='RESUMEN TOTAL'!P13 -> 0 | L10: ='RESUMEN TOTAL'!Q13 -> 0 | M10: ='RESUMEN TOTAL'!R13 -> 0 | ... AI10: ='RESUMEN TOTAL'!AN13 -> 0
A11: ='RESUMEN TOTAL'!A14 -> ALTAMIRA | B11: ='RESUMEN TOTAL'!B14 -> ALT 10 | C11: ='RESUMEN TOTAL'!D14 -> Calchaqui y Francia | D11: ='RESUMEN TOTAL'!E14 -> Domo | E11: ='RESUMEN TOTAL'!F14 -> Radio | F11: ='RESUMEN TOTAL'!K14 -> 0 | G11: ='RESUMEN TOTAL'!L14 -> 0 | H11: ='RESUMEN TOTAL'!M14 -> 0 | I11: ='RESUMEN TOTAL'!N14 -> 0 | J11: ='RESUMEN TOTAL'!O14 -> 0 | K11: ='RESUMEN TOTAL'!P14 -> 0 | L11: ='RESUMEN TOTAL'!Q14 -> 0 | M11: ='RESUMEN TOTAL'!R14 -> 0 | ... AI11: ='RESUMEN TOTAL'!AN14 -> 0
A12: ='RESUMEN TOTAL'!A15 -> AGUSTIN RAMIREZ | B12: ='RESUMEN TOTAL'!B15 -> ARA 01 | C12: ='RESUMEN TOTAL'!D15 -> Malambo y Tranquera | D12: ='RESUMEN TOTAL'!E15 -> Domo | E12: ='RESUMEN TOTAL'!F15 -> FIBRA OPTICA | F12: ='RESUMEN TOTAL'!K15 -> 0 | G12: ='RESUMEN TOTAL'!L15 -> 0 | H12: ='RESUMEN TOTAL'!M15 -> 0 | I12: ='RESUMEN TOTAL'!N15 -> 0 | J12: ='RESUMEN TOTAL'!O15 -> 0 | K12: ='RESUMEN TOTAL'!P15 -> 0 | L12: ='RESUMEN TOTAL'!Q15 -> 0 | M12: ='RESUMEN TOTAL'!R15 -> 0 | ... AI12: ='RESUMEN TOTAL'!AN15 -> 0
... A19: ='RESUMEN TOTAL'!A22 -> BOSQUES CENTRO | B19: ='RESUMEN TOTAL'!B22 -> BOSQC 06 | C19: ='RESUMEN TOTAL'!D22 -> LUIS AGOTE Y RUTA 36 | D19: ='RESUMEN TOTAL'!E22 -> Fija | E19: ='RESUMEN TOTAL'!F22 -> Radio | F19: ='RESUMEN TOTAL'!K22 -> 0 | G19: ='RESUMEN TOTAL'!L22 -> 0 | H19: ='RESUMEN TOTAL'!M22 -> 0 | I19: ='RESUMEN TOTAL'!N22 -> 0 | J19: ='RESUMEN TOTAL'!O22 -> 0 | K19: ='RESUMEN TOTAL'!P22 -> 0 | L19: ='RESUMEN TOTAL'!Q22 -> 0 | M19: ='RESUMEN TOTAL'!R22 -> 0 | ... AI19: ='RESUMEN TOTAL'!AN22 -> 0
A20: ='RESUMEN TOTAL'!A265 -> RICARDO ROJAS | B20: ='RESUMEN TOTAL'!B265 -> RRJ 12 | C20: ='RESUMEN TOTAL'!D265 -> FADER Y DIAGONAL LOS POETAS | D20: ='RESUMEN TOTAL'!E265 -> Fija | E20: ='RESUMEN TOTAL'!F265 -> Fibra Optica | F20: ='RESUMEN TOTAL'!K265 -> 0 | G20: ='RESUMEN TOTAL'!L265 -> 0 | H20: ='RESUMEN TOTAL'!M265 -> 0 | I20: ='RESUMEN TOTAL'!N265 -> 0 | J20: ='RESUMEN TOTAL'!O265 -> 0 | K20: ='RESUMEN TOTAL'!P265 -> 0 | L20: ='RESUMEN TOTAL'!Q265 -> 0 | M20: ='RESUMEN TOTAL'!R265 -> 0 | ... AI20: ='RESUMEN TOTAL'!AN265 -> 0
A21: ='RESUMEN TOTAL'!A23 -> CENTRO | B21: ='RESUMEN TOTAL'!B23 -> CEN01 | C21: ='RESUMEN TOTAL'!D23 -> San Martin y 9 de Julio | D21: ='RESUMEN TOTAL'!E23 -> Fija | E21: ='RESUMEN TOTAL'!F23 -> Fibra Optica | F21: ='RESUMEN TOTAL'!K23 -> 0 | G21: ='RESUMEN TOTAL'!L23 -> 0 | H21: ='RESUMEN TOTAL'!M23 -> 0 | I21: ='RESUMEN TOTAL'!N23 -> 0 | J21: ='RESUMEN TOTAL'!O23 -> 0 | K21: ='RESUMEN TOTAL'!P23 -> 0 | L21: ='RESUMEN TOTAL'!Q23 -> 0 | M21: ='RESUMEN TOTAL'!R23 -> 0 | ... AI21: ='RESUMEN TOTAL'!AN23 -> 0
A22: ='RESUMEN TOTAL'!A24 -> CENTRO | B22: ='RESUMEN TOTAL'!B24 -> CEN02 | C22: ='RESUMEN TOTAL'!D24 -> San Martin y Almafuerte | D22: ='RESUMEN TOTAL'!E24 -> Fija | E22: ='RESUMEN TOTAL'!F24 -> Fibra Optica | F22: ='RESUMEN TOTAL'!K24 -> 0 | G22: ='RESUMEN TOTAL'!L24 -> 0 | H22: ='RESUMEN TOTAL'!M24 -> 0 | I22: ='RESUMEN TOTAL'!N24 -> 0 | J22: ='RESUMEN TOTAL'!O24 -> 0 | K22: ='RESUMEN TOTAL'!P24 -> 0 | L22: ='RESUMEN TOTAL'!Q24 -> 0 | M22: ='RESUMEN TOTAL'!R24 -> 0 | ... AI22: ='RESUMEN TOTAL'!AN24 -> 0
A23: ='RESUMEN TOTAL'!A25 -> CENTRO | B23: ='RESUMEN TOTAL'!B25 -> CEN03 | C23: ='RESUMEN TOTAL'!D25 -> San Martin y Sallares | D23: ='RESUMEN TOTAL'!E25 -> Domo | E23: ='RESUMEN TOTAL'!F25 -> Fibra Optica | F23: ='RESUMEN TOTAL'!K25 -> 0 | G23: ='RESUMEN TOTAL'!L25 -> 0 | H23: ='RESUMEN TOTAL'!M25 -> 0 | I23: ='RESUMEN TOTAL'!N25 -> 0 | J23: ='RESUMEN TOTAL'!O25 -> 0 | K23: ='RESUMEN TOTAL'!P25 -> 0 | L23: ='RESUMEN TOTAL'!Q25 -> 0 | M23: ='RESUMEN TOTAL'!R25 -> 0 | ... AI23: ='RESUMEN TOTAL'!AN25 -> 0
A24: ='RESUMEN TOTAL'!A26 -> CENTRO | B24: ='RESUMEN TOTAL'!B26 -> CEN04 | C24: ='RESUMEN TOTAL'!D26 -> San Martin y Contreras | D24: ='RESUMEN TOTAL'!E26 -> Domo | E24: ='RESUMEN TOTAL'!F26 -> Fibra Optica | F24: ='RESUMEN TOTAL'!K26 -> 0 | G24: ='RESUMEN TOTAL'!L26 -> 0 | H24: ='RESUMEN TOTAL'!M26 -> 0 | I24: ='RESUMEN TOTAL'!N26 -> 0 | J24: ='RESUMEN TOTAL'!O26 -> 0 | K24: ='RESUMEN TOTAL'!P26 -> 0 | L24: ='RESUMEN TOTAL'!Q26 -> 0 | M24: ='RESUMEN TOTAL'!R26 -> 0 | ... AI24: ='RESUMEN TOTAL'!AN26 -> 0
A25: ='RESUMEN TOTAL'!A27 -> CENTRO | B25: ='RESUMEN TOTAL'!B27 -> CEN 05 | C25: ='RESUMEN TOTAL'!D27 -> Bocuzzi e/España y San Martin | D25: ='RESUMEN TOTAL'!E27 -> DOMO | E25: ='RESUMEN TOTAL'!F27 -> Fibra Optica | F25: ='RESUMEN TOTAL'!K27 -> 0 | G25: ='RESUMEN TOTAL'!L27 -> 0 | H25: ='RESUMEN TOTAL'!M27 -> 0 | I25: ='RESUMEN TOTAL'!N27 -> 0 | J25: ='RESUMEN TOTAL'!O27 -> 0 | K25: ='RESUMEN TOTAL'!P27 -> 0 | L25: ='RESUMEN TOTAL'!Q27 -> 0 | M25: ='RESUMEN TOTAL'!R27 -> 0 | ... AI25: ='RESUMEN TOTAL'!AN27 -> 0
A26: ='RESUMEN TOTAL'!A28 -> CENTRO | B26: ='RESUMEN TOTAL'!B28 -> CEN06 | C26: ='RESUMEN TOTAL'!D28 -> Monteagudo y A.del Valle | D26: ='RESUMEN TOTAL'!E28 -> Fija | E26: ='RESUMEN TOTAL'!F28 -> Fibra Optica | F26: ='RESUMEN TOTAL'!K28 -> 0 | G26: ='RESUMEN TOTAL'!L28 -> 0 | H26: ='RESUMEN TOTAL'!M28 -> 0 | I26: ='RESUMEN TOTAL'!N28 -> 0 | J26: ='RESUMEN TOTAL'!O28 -> 0 | K26: ='RESUMEN TOTAL'!P28 -> 0 | L26: ='RESUMEN TOTAL'!Q28 -> 0 | M26: ='RESUMEN TOTAL'!R28 -> 0 | ... AI26: ='RESUMEN TOTAL'!AN28 -> 0
A27: ='RESUMEN TOTAL'!A29 -> CENTRO | B27: ='RESUMEN TOTAL'!B29 -> CEN07 | C27: ='RESUMEN TOTAL'!D29 -> San Martin y Guemes | D27: ='RESUMEN TOTAL'!E29 -> DOMO | E27: ='RESUMEN TOTAL'!F29 -> Fibra Optica | F27: ='RESUMEN TOTAL'!K29 -> 0 | G27: ='RESUMEN TOTAL'!L29 -> 0 | H27: ='RESUMEN TOTAL'!M29 -> 0 | I27: ='RESUMEN TOTAL'!N29 -> 0 | J27: ='RESUMEN TOTAL'!O29 -> 0 | K27: ='RESUMEN TOTAL'!P29 -> 0 | L27: ='RESUMEN TOTAL'!Q29 -> 0 | M27: ='RESUMEN TOTAL'!R29 -> 0 | ... AI27: ='RESUMEN TOTAL'!AN29 -> 0
A28: ='RESUMEN TOTAL'!A30 -> CENTRO | B28: ='RESUMEN TOTAL'!B30 -> CEN08 | C28: ='RESUMEN TOTAL'!D30 -> San Martin y Pte.Peron | D28: ='RESUMEN TOTAL'!E30 -> Domo | E28: ='RESUMEN TOTAL'!F30 -> Fibra Optica | F28: ='RESUMEN TOTAL'!K30 -> 0 | G28: ='RESUMEN TOTAL'!L30 -> 0 | H28: ='RESUMEN TOTAL'!M30 -> 0 | I28: ='RESUMEN TOTAL'!N30 -> 0 | J28: ='RESUMEN TOTAL'!O30 -> 0 | K28: ='RESUMEN TOTAL'!P30 -> 0 | L28: ='RESUMEN TOTAL'!Q30 -> 0 | M28: ='RESUMEN TOTAL'!R30 -> 0 | ... AI28: ='RESUMEN TOTAL'!AN30 -> 0
A29: ='RESUMEN TOTAL'!A31 -> CENTRO | B29: ='RESUMEN TOTAL'!B31 -> CEN09 | C29: ='RESUMEN TOTAL'!D31 -> Chacabuco y 25 de Mayo | D29: ='RESUMEN TOTAL'!E31 -> Domo | E29: ='RESUMEN TOTAL'!F31 -> Fibra Optica | F29: ='RESUMEN TOTAL'!K31 -> 0 | G29: ='RESUMEN TOTAL'!L31 -> 0 | H29: ='RESUMEN TOTAL'!M31 -> 0 | I29: ='RESUMEN TOTAL'!N31 -> 0 | J29: ='RESUMEN TOTAL'!O31 -> 0 | K29: ='RESUMEN TOTAL'!P31 -> 0 | L29: ='RESUMEN TOTAL'!Q31 -> 0 | M29: ='RESUMEN TOTAL'!R31 -> 0 | ... AI29: ='RESUMEN TOTAL'!AN31 -> 0
A30: ='RESUMEN TOTAL'!A32 -> CENTRO | B30: ='RESUMEN TOTAL'!B32 -> CEN10 | C30: ='RESUMEN TOTAL'!D32 -> Monteagudo y Pte. Peron | D30: ='RESUMEN TOTAL'!E32 -> Domo | E30: ='RESUMEN TOTAL'!F32 -> Fibra Optica | F30: ='RESUMEN TOTAL'!K32 -> 0 | G30: ='RESUMEN TOTAL'!L32 -> 0 | H30: ='RESUMEN TOTAL'!M32 -> 0 | I30: ='RESUMEN TOTAL'!N32 -> 0 | J30: ='RESUMEN TOTAL'!O32 -> 0 | K30: ='RESUMEN TOTAL'!P32 -> 0 | L30: ='RESUMEN TOTAL'!Q32 -> 0 | M30: ='RESUMEN TOTAL'!R32 -> 0 | ... AI30: ='RESUMEN TOTAL'!AN32 -> 0
A31: ='RESUMEN TOTAL'!A33 -> CENTRO | B31: ='RESUMEN TOTAL'!B33 -> CEN11 | C31: ='RESUMEN TOTAL'!D33 -> Monteagudo y Bocuzzi | D31: ='RESUMEN TOTAL'!E33 -> Domo | E31: ='RESUMEN TOTAL'!F33 -> Fibra Optica | F31: ='RESUMEN TOTAL'!K33 -> 0 | G31: ='RESUMEN TOTAL'!L33 -> 0 | H31: ='RESUMEN TOTAL'!M33 -> 0 | I31: ='RESUMEN TOTAL'!N33 -> 0 | J31: ='RESUMEN TOTAL'!O33 -> 0 | K31: ='RESUMEN TOTAL'!P33 -> 0 | L31: ='RESUMEN TOTAL'!Q33 -> 0 | M31: ='RESUMEN TOTAL'!R33 -> 0 | ... AI31: ='RESUMEN TOTAL'!AN33 -> 0
A32: ='RESUMEN TOTAL'!A34 -> CENTRO | B32: ='RESUMEN TOTAL'!B34 -> CEN 12 | C32: ='RESUMEN TOTAL'!D34 -> Monteagudo y Mitre | D32: ='RESUMEN TOTAL'!E34 -> Domo | E32: ='RESUMEN TOTAL'!F34 -> Fibra Optica | F32: ='RESUMEN TOTAL'!K34 -> 0 | G32: ='RESUMEN TOTAL'!L34 -> 0 | H32: ='RESUMEN TOTAL'!M34 -> 0 | I32: ='RESUMEN TOTAL'!N34 -> 0 | J32: ='RESUMEN TOTAL'!O34 -> 0 | K32: ='RESUMEN TOTAL'!P34 -> 0 | L32: ='RESUMEN TOTAL'!Q34 -> 0 | M32: ='RESUMEN TOTAL'!R34 -> 0 | ... AI32: ='RESUMEN TOTAL'!AN34 -> 0
... A121: ='RESUMEN TOTAL'!A123 -> EL PARQUE | B121: ='RESUMEN TOTAL'!B123 -> EPQ 04 | C121: ='RESUMEN TOTAL'!D123 -> 1282 Y MORENO | D121: ='RESUMEN TOTAL'!E123 -> DOMO | E121: ='RESUMEN TOTAL'!F123 -> Fibra Optica | F121: ='RESUMEN TOTAL'!K123 -> 0 | G121: ='RESUMEN TOTAL'!L123 -> 0 | H121: ='RESUMEN TOTAL'!M123 -> 0 | I121: ='RESUMEN TOTAL'!N123 -> 0 | J121: ='RESUMEN TOTAL'!O123 -> 0 | K121: ='RESUMEN TOTAL'!P123 -> 0 | L121: ='RESUMEN TOTAL'!Q123 -> 0 | M121: ='RESUMEN TOTAL'!R123 -> 0 | ... AI121: ='RESUMEN TOTAL'!AN123 -> 0
A122: ='RESUMEN TOTAL'!A131 -> LA ESMERALDA | B122: ='RESUMEN TOTAL'!B131 -> ESM 08 | C122: ='RESUMEN TOTAL'!D131 -> DAVINSON Y MORANCHEL | D122: ='RESUMEN TOTAL'!E131 -> FIJA | E122: ='RESUMEN TOTAL'!F131 -> Radio | F122: ='RESUMEN TOTAL'!K131 -> 0 | G122: ='RESUMEN TOTAL'!L131 -> 0 | H122: ='RESUMEN TOTAL'!M131 -> 0 | I122: ='RESUMEN TOTAL'!N131 -> 0 | J122: ='RESUMEN TOTAL'!O131 -> 0 | K122: ='RESUMEN TOTAL'!P131 -> 0 | L122: ='RESUMEN TOTAL'!Q131 -> 0 | M122: ='RESUMEN TOTAL'!R131 -> 0 | ... AI122: ='RESUMEN TOTAL'!AN131 -> 0
A123: ='RESUMEN TOTAL'!A124 -> LA ESMERALDA | B123: ='RESUMEN TOTAL'!B124 -> ESM01 | C123: ='RESUMEN TOTAL'!D124 -> Cabello y Brasil | D123: ='RESUMEN TOTAL'!E124 -> Domo | E123: ='RESUMEN TOTAL'!F124 -> Radio | F123: ='RESUMEN TOTAL'!K124 -> 0 | G123: ='RESUMEN TOTAL'!L124 -> 0 | H123: ='RESUMEN TOTAL'!M124 -> 0 | I123: ='RESUMEN TOTAL'!N124 -> 0 | J123: ='RESUMEN TOTAL'!O124 -> 0 | K123: ='RESUMEN TOTAL'!P124 -> 0 | L123: ='RESUMEN TOTAL'!Q124 -> 0 | M123: ='RESUMEN TOTAL'!R124 -> 0 | ... AI123: ='RESUMEN TOTAL'!AN124 -> 0
A124: ='RESUMEN TOTAL'!A125 -> SAN JORGE | B124: ='RESUMEN TOTAL'!B125 -> ESM02 | C124: ='RESUMEN TOTAL'!D125 -> Novak y Cabello | D124: ='RESUMEN TOTAL'!E125 -> Domo | E124: ='RESUMEN TOTAL'!F125 -> PTO A FO | F124: ='RESUMEN TOTAL'!K125 -> 0 | G124: ='RESUMEN TOTAL'!L125 -> 0 | H124: ='RESUMEN TOTAL'!M125 -> 0 | I124: ='RESUMEN TOTAL'!N125 -> 0 | J124: ='RESUMEN TOTAL'!O125 -> 0 | K124: ='RESUMEN TOTAL'!P125 -> 0 | L124: ='RESUMEN TOTAL'!Q125 -> 0 | M124: ='RESUMEN TOTAL'!R125 -> 0 | ... AI124: ='RESUMEN TOTAL'!AN125 -> 0
A125: ='RESUMEN TOTAL'!A126 -> LIBERTAD | B125: ='RESUMEN TOTAL'!B126 -> ESM03 | C125: ='RESUMEN TOTAL'!D126 -> Novak y Humahuaca | D125: ='RESUMEN TOTAL'!E126 -> DOMO | E125: ='RESUMEN TOTAL'!F126 -> PTO A FO | F125: ='RESUMEN TOTAL'!K126 -> 0 | G125: ='RESUMEN TOTAL'!L126 -> 0 | H125: ='RESUMEN TOTAL'!M126 -> 0 | I125: ='RESUMEN TOTAL'!N126 -> 0 | J125: ='RESUMEN TOTAL'!O126 -> 0 | K125: ='RESUMEN TOTAL'!P126 -> 0 | L125: ='RESUMEN TOTAL'!Q126 -> 0 | M125: ='RESUMEN TOTAL'!R126 -> 0 | ... AI125: ='RESUMEN TOTAL'!AN126 -> 0
A126: ='RESUMEN TOTAL'!A127 -> LA ESMERALDA | B126: ='RESUMEN TOTAL'!B127 -> ESM04 | C126: ='RESUMEN TOTAL'!D127 -> Basualdo y Bengochea | D126: ='RESUMEN TOTAL'!E127 -> Domo | E126: ='RESUMEN TOTAL'!F127 -> FIBRA OPTICA | F126: ='RESUMEN TOTAL'!K127 -> 0 | G126: ='RESUMEN TOTAL'!L127 -> 0 | H126: ='RESUMEN TOTAL'!M127 -> 0 | I126: ='RESUMEN TOTAL'!N127 -> 0 | J126: ='RESUMEN TOTAL'!O127 -> 0 | K126: ='RESUMEN TOTAL'!P127 -> 0 | L126: ='RESUMEN TOTAL'!Q127 -> 0 | M126: ='RESUMEN TOTAL'!R127 -> 0 | ... AI126: ='RESUMEN TOTAL'!AN127 -> 0
A127: ='RESUMEN TOTAL'!A128 -> LA ESMERALDA | B127: ='RESUMEN TOTAL'!B128 -> ESM05 | C127: ='RESUMEN TOTAL'!D128 -> Aniceto Diaz y Villar | D127: ='RESUMEN TOTAL'!E128 -> Domo | E127: ='RESUMEN TOTAL'!F128 -> FIBRA OPTICA | F127: ='RESUMEN TOTAL'!K128 -> 0 | G127: ='RESUMEN TOTAL'!L128 -> 0 | H127: ='RESUMEN TOTAL'!M128 -> 0 | I127: ='RESUMEN TOTAL'!N128 -> 0 | J127: ='RESUMEN TOTAL'!O128 -> 0 | K127: ='RESUMEN TOTAL'!P128 -> 0 | L127: ='RESUMEN TOTAL'!Q128 -> 0 | M127: ='RESUMEN TOTAL'!R128 -> 0 | ... AI127: ='RESUMEN TOTAL'!AN128 -> 0
A128: ='RESUMEN TOTAL'!A129 -> LA ESMERALDA | B128: ='RESUMEN TOTAL'!B129 -> ESM06 | C128: ='RESUMEN TOTAL'!D129 -> Roselli y Cabello | D128: ='RESUMEN TOTAL'!E129 -> Domo | E128: ='RESUMEN TOTAL'!F129 -> Radio | F128: ='RESUMEN TOTAL'!K129 -> 0 | G128: ='RESUMEN TOTAL'!L129 -> 0 | H128: ='RESUMEN TOTAL'!M129 -> 0 | I128: ='RESUMEN TOTAL'!N129 -> 0 | J128: ='RESUMEN TOTAL'!O129 -> 0 | K128: ='RESUMEN TOTAL'!P129 -> 0 | L128: ='RESUMEN TOTAL'!Q129 -> 0 | M128: ='RESUMEN TOTAL'!R129 -> 0 | ... AI128: ='RESUMEN TOTAL'!AN129 -> 0
A129: ='RESUMEN TOTAL'!A130 -> LA ESMERALDA | B129: ='RESUMEN TOTAL'!B130 -> ESM07 | C129: ='RESUMEN TOTAL'!D130 -> AV. NOVAK Y SERRANO | D129: ='RESUMEN TOTAL'!E130 -> DOMO | E129: ='RESUMEN TOTAL'!F130 -> PTO A FO | F129: ='RESUMEN TOTAL'!K130 -> 0 | G129: ='RESUMEN TOTAL'!L130 -> 0 | H129: ='RESUMEN TOTAL'!M130 -> 0 | I129: ='RESUMEN TOTAL'!N130 -> 0 | J129: ='RESUMEN TOTAL'!O130 -> 0 | K129: ='RESUMEN TOTAL'!P130 -> 0 | L129: ='RESUMEN TOTAL'!Q130 -> 0 | M129: ='RESUMEN TOTAL'!R130 -> 0 | ... AI129: ='RESUMEN TOTAL'!AN130 -> 0
A130: ='RESUMEN TOTAL'!A132 -> LA ESMERALDA | B130: ='RESUMEN TOTAL'!B132 -> ESM09 (fija 1) | C130: ='RESUMEN TOTAL'!D132 -> EEUU Y CABELLO | D130: ='RESUMEN TOTAL'!E132 -> Fija | E130: ='RESUMEN TOTAL'!F132 -> Fibra Optica | F130: ='RESUMEN TOTAL'!K132 -> 0 | G130: ='RESUMEN TOTAL'!L132 -> 0 | H130: ='RESUMEN TOTAL'!M132 -> 0 | I130: ='RESUMEN TOTAL'!N132 -> 0 | J130: ='RESUMEN TOTAL'!O132 -> 0 | K130: ='RESUMEN TOTAL'!P132 -> 0 | L130: ='RESUMEN TOTAL'!Q132 -> 0 | M130: ='RESUMEN TOTAL'!R132 -> 0 | ... AI130: ='RESUMEN TOTAL'!AN132 -> 0
A131: ='RESUMEN TOTAL'!A133 -> LA ESMERALDA | B131: ='RESUMEN TOTAL'!B133 -> ESM10 (fija 2) | C131: ='RESUMEN TOTAL'!D133 -> EEUU Y CABELLO | D131: ='RESUMEN TOTAL'!E133 -> Fija | E131: ='RESUMEN TOTAL'!F133 -> Fibra Optica | F131: ='RESUMEN TOTAL'!K133 -> 0 | G131: ='RESUMEN TOTAL'!L133 -> 0 | H131: ='RESUMEN TOTAL'!M133 -> 0 | I131: ='RESUMEN TOTAL'!N133 -> 0 | J131: ='RESUMEN TOTAL'!O133 -> 0 | K131: ='RESUMEN TOTAL'!P133 -> 0 | L131: ='RESUMEN TOTAL'!Q133 -> 0 | M131: ='RESUMEN TOTAL'!R133 -> 0 | ... AI131: ='RESUMEN TOTAL'!AN133 -> 0
A132: ='RESUMEN TOTAL'!A134 -> LA ESMERALDA | B132: ='RESUMEN TOTAL'!B134 -> ESM11 (fija 1) | C132: ='RESUMEN TOTAL'!D134 -> NOVAK Y LAMBARDI | D132: ='RESUMEN TOTAL'!E134 -> Fija | E132: ='RESUMEN TOTAL'!F134 -> Fibra Optica | F132: ='RESUMEN TOTAL'!K134 -> 0 | G132: ='RESUMEN TOTAL'!L134 -> 0 | H132: ='RESUMEN TOTAL'!M134 -> 0 | I132: ='RESUMEN TOTAL'!N134 -> 0 | J132: ='RESUMEN TOTAL'!O134 -> 0 | K132: ='RESUMEN TOTAL'!P134 -> 0 | L132: ='RESUMEN TOTAL'!Q134 -> 0 | M132: ='RESUMEN TOTAL'!R134 -> 0 | ... AI132: ='RESUMEN TOTAL'!AN134 -> 0
A133: ='RESUMEN TOTAL'!A135 -> LA ESMERALDA | B133: ='RESUMEN TOTAL'!B135 -> ESM12 (fija 2) | C133: ='RESUMEN TOTAL'!D135 -> NOVAK Y LAMBARDI | D133: ='RESUMEN TOTAL'!E135 -> Fija | E133: ='RESUMEN TOTAL'!F135 -> Fibra Optica | F133: ='RESUMEN TOTAL'!K135 -> 0 | G133: ='RESUMEN TOTAL'!L135 -> 0 | H133: ='RESUMEN TOTAL'!M135 -> 0 | I133: ='RESUMEN TOTAL'!N135 -> 0 | J133: ='RESUMEN TOTAL'!O135 -> 0 | K133: ='RESUMEN TOTAL'!P135 -> 0 | L133: ='RESUMEN TOTAL'!Q135 -> 0 | M133: ='RESUMEN TOTAL'!R135 -> 0 | ... AI133: ='RESUMEN TOTAL'!AN135 -> 0
A134: ='RESUMEN TOTAL'!A136 -> LA ESMERALDA | B134: ='RESUMEN TOTAL'!B136 -> ESM 13 | C134: ='RESUMEN TOTAL'!D136 -> Barzi y Serrano | D134: ='RESUMEN TOTAL'!E136 -> fija | E134: ='RESUMEN TOTAL'!F136 -> Fibra Optica | F134: ='RESUMEN TOTAL'!K136 -> 0 | G134: ='RESUMEN TOTAL'!L136 -> 0 | H134: ='RESUMEN TOTAL'!M136 -> 0 | I134: ='RESUMEN TOTAL'!N136 -> 0 | J134: ='RESUMEN TOTAL'!O136 -> 0 | K134: ='RESUMEN TOTAL'!P136 -> 0 | L134: ='RESUMEN TOTAL'!Q136 -> 0 | M134: ='RESUMEN TOTAL'!R136 -> 0 | ... AI134: ='RESUMEN TOTAL'!AN136 -> 0
A135: ='RESUMEN TOTAL'!A137 -> LA ESMERALDA | B135: ='RESUMEN TOTAL'!B137 -> ESM 14 | C135: ='RESUMEN TOTAL'!D137 -> Barzi y Serrano | D135: ='RESUMEN TOTAL'!E137 -> fija | E135: ='RESUMEN TOTAL'!F137 -> Fibra Optica | F135: ='RESUMEN TOTAL'!K137 -> 0 | G135: ='RESUMEN TOTAL'!L137 -> 0 | H135: ='RESUMEN TOTAL'!M137 -> 0 | I135: ='RESUMEN TOTAL'!N137 -> 0 | J135: ='RESUMEN TOTAL'!O137 -> 0 | K135: ='RESUMEN TOTAL'!P137 -> 0 | L135: ='RESUMEN TOTAL'!Q137 -> 0 | M135: ='RESUMEN TOTAL'!R137 -> 0 | ... AI135: ='RESUMEN TOTAL'!AN137 -> 0
A136: ='RESUMEN TOTAL'!A138 -> LA ESMERALDA | B136: ='RESUMEN TOTAL'!B138 -> ESM 15 | C136: ='RESUMEN TOTAL'!D138 -> Basualdo y Lieja | D136: ='RESUMEN TOTAL'!E138 -> Fija | E136: ='RESUMEN TOTAL'!F138 -> Fibra Optica | F136: ='RESUMEN TOTAL'!K138 -> 0 | G136: ='RESUMEN TOTAL'!L138 -> 0 | H136: ='RESUMEN TOTAL'!M138 -> 0 | I136: ='RESUMEN TOTAL'!N138 -> 0 | J136: ='RESUMEN TOTAL'!O138 -> 0 | K136: ='RESUMEN TOTAL'!P138 -> 0 | L136: ='RESUMEN TOTAL'!Q138 -> 0 | M136: ='RESUMEN TOTAL'!R138 -> 0 | ... AI136: ='RESUMEN TOTAL'!AN138 -> 0
A137: ='RESUMEN TOTAL'!A139 -> LA ESMERALDA | B137: ='RESUMEN TOTAL'!B139 -> ESM 16 | C137: ='RESUMEN TOTAL'!D139 -> Basualdo y Lieja | D137: ='RESUMEN TOTAL'!E139 -> Fija | E137: ='RESUMEN TOTAL'!F139 -> Fibra Optica | F137: ='RESUMEN TOTAL'!K139 -> 0 | G137: ='RESUMEN TOTAL'!L139 -> 0 | H137: ='RESUMEN TOTAL'!M139 -> 0 | I137: ='RESUMEN TOTAL'!N139 -> 0 | J137: ='RESUMEN TOTAL'!O139 -> 0 | K137: ='RESUMEN TOTAL'!P139 -> 0 | L137: ='RESUMEN TOTAL'!Q139 -> 0 | M137: ='RESUMEN TOTAL'!R139 -> 0 | ... AI137: ='RESUMEN TOTAL'!AN139 -> 0
A138: ='RESUMEN TOTAL'!A140 -> INGENIERO ALLAN | B138: ='RESUMEN TOTAL'!B140 -> INA 01 | C138: ='RESUMEN TOTAL'!D140 -> 1138 Y 1155 | D138: ='RESUMEN TOTAL'!E140 -> DOMO | E138: ='RESUMEN TOTAL'!F140 -> Fibra Optica | F138: ='RESUMEN TOTAL'!K140 -> 0 | G138: ='RESUMEN TOTAL'!L140 -> 0 | H138: ='RESUMEN TOTAL'!M140 -> 0 | I138: ='RESUMEN TOTAL'!N140 -> 0 | J138: ='RESUMEN TOTAL'!O140 -> 0 | K138: ='RESUMEN TOTAL'!P140 -> 0 | L138: ='RESUMEN TOTAL'!Q140 -> 0 | M138: ='RESUMEN TOTAL'!R140 -> 0 | ... AI138: ='RESUMEN TOTAL'!AN140 -> 0
A139: ='RESUMEN TOTAL'!A141 -> INGENIERO ALLAN | B139: ='RESUMEN TOTAL'!B141 -> INA 02 | C139: ='RESUMEN TOTAL'!D141 -> 1144 Y 1155 | D139: ='RESUMEN TOTAL'!E141 -> DOMO | E139: ='RESUMEN TOTAL'!F141 -> Fibra Optica | F139: ='RESUMEN TOTAL'!K141 -> 0 | G139: ='RESUMEN TOTAL'!L141 -> 0 | H139: ='RESUMEN TOTAL'!M141 -> 0 | I139: ='RESUMEN TOTAL'!N141 -> 0 | J139: ='RESUMEN TOTAL'!O141 -> 0 | K139: ='RESUMEN TOTAL'!P141 -> 0 | L139: ='RESUMEN TOTAL'!Q141 -> 0 | M139: ='RESUMEN TOTAL'!R141 -> 0 | ... AI139: ='RESUMEN TOTAL'!AN141 -> 0
A140: ='RESUMEN TOTAL'!A142 -> INFICO | B140: ='RESUMEN TOTAL'!B142 -> INF 01 | C140: ='RESUMEN TOTAL'!D142 -> AV. HUDSON Y CARIBONI | D140: ='RESUMEN TOTAL'!E142 -> 0 | E140: ='RESUMEN TOTAL'!F142 -> Fibra Optica | F140: ='RESUMEN TOTAL'!K142 -> 0 | G140: ='RESUMEN TOTAL'!L142 -> 0 | H140: ='RESUMEN TOTAL'!M142 -> 0 | I140: ='RESUMEN TOTAL'!N142 -> 0 | J140: ='RESUMEN TOTAL'!O142 -> 0 | K140: ='RESUMEN TOTAL'!P142 -> 0 | L140: ='RESUMEN TOTAL'!Q142 -> 0 | M140: ='RESUMEN TOTAL'!R142 -> 0 | ... AI140: ='RESUMEN TOTAL'!AN142 -> 0
A141: ='RESUMEN TOTAL'!A149 -> KM 26700 (JULIO A. COSTA) | B141: ='RESUMEN TOTAL'!B149 -> KM 07 | C141: ='RESUMEN TOTAL'!D149 -> EL ALJIBE E/ EL ZONDA Y DON SEGUNDO SOMBRA | D141: ='RESUMEN TOTAL'!E149 -> DOMO | E141: ='RESUMEN TOTAL'!F149 -> Radio | F141: ='RESUMEN TOTAL'!K149 -> 0 | G141: ='RESUMEN TOTAL'!L149 -> 0 | H141: ='RESUMEN TOTAL'!M149 -> 0 | I141: ='RESUMEN TOTAL'!N149 -> 0 | J141: ='RESUMEN TOTAL'!O149 -> 0 | K141: ='RESUMEN TOTAL'!P149 -> 0 | L141: ='RESUMEN TOTAL'!Q149 -> 0 | M141: ='RESUMEN TOTAL'!R149 -> 0 | ... AI141: ='RESUMEN TOTAL'!AN149 -> 0
A142: ='RESUMEN TOTAL'!A152 -> KM 26700 (JULIO A. COSTA) | B142: ='RESUMEN TOTAL'!B152 -> KM 10 / UPA 2 | C142: ='RESUMEN TOTAL'!D152 -> PLAYA DE ESTACIONAMIENTO INTERNA E/ HOSP. MODULAR Y UPA 11. | D142: ='RESUMEN TOTAL'!E152 -> DOMO | E142: ='RESUMEN TOTAL'!F152 -> Radio | F142: ='RESUMEN TOTAL'!K152 -> 0 | G142: ='RESUMEN TOTAL'!L152 -> 0 | H142: ='RESUMEN TOTAL'!M152 -> 0 | I142: ='RESUMEN TOTAL'!N152 -> 0 | J142: ='RESUMEN TOTAL'!O152 -> 0 | K142: ='RESUMEN TOTAL'!P152 -> 0 | L142: ='RESUMEN TOTAL'!Q152 -> 0 | M142: ='RESUMEN TOTAL'!R152 -> 0 | ... AI142: ='RESUMEN TOTAL'!AN152 -> 0
A143: ='RESUMEN TOTAL'!A154 -> KM 26700 (JULIO A. COSTA) | B143: ='RESUMEN TOTAL'!B154 -> KM 12 FIJA 1 | C143: ='RESUMEN TOTAL'!D154 -> BLANDENGUES Y LA ZAMBA | D143: ='RESUMEN TOTAL'!E154 -> Fija | E143: ='RESUMEN TOTAL'!F154 -> PTO A FO | F143: ='RESUMEN TOTAL'!K154 -> 0 | G143: ='RESUMEN TOTAL'!L154 -> 0 | H143: ='RESUMEN TOTAL'!M154 -> 0 | I143: ='RESUMEN TOTAL'!N154 -> 0 | J143: ='RESUMEN TOTAL'!O154 -> 0 | K143: ='RESUMEN TOTAL'!P154 -> 0 | L143: ='RESUMEN TOTAL'!Q154 -> 0 | M143: ='RESUMEN TOTAL'!R154 -> 0 | ... AI143: ='RESUMEN TOTAL'!AN154 -> 0
A144: ='RESUMEN TOTAL'!A155 -> KM 26700 (JULIO A. COSTA) | B144: ='RESUMEN TOTAL'!B155 -> KM 13 FIJA 2 | C144: ='RESUMEN TOTAL'!D155 -> BLANDENGUES Y LA ZAMBA | D144: ='RESUMEN TOTAL'!E155 -> Fija | E144: ='RESUMEN TOTAL'!F155 -> PTO A FO | F144: ='RESUMEN TOTAL'!K155 -> 0 | G144: ='RESUMEN TOTAL'!L155 -> 0 | H144: ='RESUMEN TOTAL'!M155 -> 0 | I144: ='RESUMEN TOTAL'!N155 -> 0 | J144: ='RESUMEN TOTAL'!O155 -> 0 | K144: ='RESUMEN TOTAL'!P155 -> 0 | L144: ='RESUMEN TOTAL'!Q155 -> 0 | M144: ='RESUMEN TOTAL'!R155 -> 0 | ... AI144: ='RESUMEN TOTAL'!AN155 -> 0
A145: ='RESUMEN TOTAL'!A156 -> KM 26700 (JULIO A. COSTA) | B145: ='RESUMEN TOTAL'!B156 -> KM 14 (fija 1) | C145: ='RESUMEN TOTAL'!D156 -> EL GAUCHO Y EL ZONDA | D145: ='RESUMEN TOTAL'!E156 -> Fija | E145: ='RESUMEN TOTAL'!F156 -> PTO A FO | F145: ='RESUMEN TOTAL'!K156 -> 0 | G145: ='RESUMEN TOTAL'!L156 -> 0 | H145: ='RESUMEN TOTAL'!M156 -> 0 | I145: ='RESUMEN TOTAL'!N156 -> 0 | J145: ='RESUMEN TOTAL'!O156 -> 0 | K145: ='RESUMEN TOTAL'!P156 -> 0 | L145: ='RESUMEN TOTAL'!Q156 -> 0 | M145: ='RESUMEN TOTAL'!R156 -> 0 | ... AI145: ='RESUMEN TOTAL'!AN156 -> 0
A146: ='RESUMEN TOTAL'!A157 -> KM 26700 (JULIO A. COSTA) | B146: ='RESUMEN TOTAL'!B157 -> KM 15 (fija 2) | C146: ='RESUMEN TOTAL'!D157 -> EL GAUCHO Y EL ZONDA | D146: ='RESUMEN TOTAL'!E157 -> Fija | E146: ='RESUMEN TOTAL'!F157 -> PTO A FO | F146: ='RESUMEN TOTAL'!K157 -> 0 | G146: ='RESUMEN TOTAL'!L157 -> 0 | H146: ='RESUMEN TOTAL'!M157 -> 0 | I146: ='RESUMEN TOTAL'!N157 -> 0 | J146: ='RESUMEN TOTAL'!O157 -> 0 | K146: ='RESUMEN TOTAL'!P157 -> 0 | L146: ='RESUMEN TOTAL'!Q157 -> 0 | M146: ='RESUMEN TOTAL'!R157 -> 0 | ... AI146: ='RESUMEN TOTAL'!AN157 -> 0
A147: ='RESUMEN TOTAL'!A158 -> KM 26700 (JULIO A. COSTA) | B147: ='RESUMEN TOTAL'!B158 -> KM 16 (fija 1) | C147: ='RESUMEN TOTAL'!D158 -> EL GAUCHO Y MARTIN FIERRO | D147: ='RESUMEN TOTAL'!E158 -> Fija | E147: ='RESUMEN TOTAL'!F158 -> PTO A FO | F147: ='RESUMEN TOTAL'!K158 -> 0 | G147: ='RESUMEN TOTAL'!L158 -> 0 | H147: ='RESUMEN TOTAL'!M158 -> 0 | I147: ='RESUMEN TOTAL'!N158 -> 0 | J147: ='RESUMEN TOTAL'!O158 -> 0 | K147: ='RESUMEN TOTAL'!P158 -> 0 | L147: ='RESUMEN TOTAL'!Q158 -> 0 | M147: ='RESUMEN TOTAL'!R158 -> 0 | ... AI147: ='RESUMEN TOTAL'!AN158 -> 0
A148: ='RESUMEN TOTAL'!A159 -> KM 26700 (JULIO A. COSTA) | B148: ='RESUMEN TOTAL'!B159 -> KM 17 (fija 2) | C148: ='RESUMEN TOTAL'!D159 -> EL GAUCHO Y MARTIN FIERRO | D148: ='RESUMEN TOTAL'!E159 -> Fija | E148: ='RESUMEN TOTAL'!F159 -> PTO A FO | F148: ='RESUMEN TOTAL'!K159 -> 0 | G148: ='RESUMEN TOTAL'!L159 -> 0 | H148: ='RESUMEN TOTAL'!M159 -> 0 | I148: ='RESUMEN TOTAL'!N159 -> 0 | J148: ='RESUMEN TOTAL'!O159 -> 0 | K148: ='RESUMEN TOTAL'!P159 -> 0 | L148: ='RESUMEN TOTAL'!Q159 -> 0 | M148: ='RESUMEN TOTAL'!R159 -> 0 | ... AI148: ='RESUMEN TOTAL'!AN159 -> 0
A149: ='RESUMEN TOTAL'!A143 -> VILLA ARGENTINA | B149: ='RESUMEN TOTAL'!B143 -> KM01 | C149: ='RESUMEN TOTAL'!D143 -> Vias FFCC y La Pulperia | D149: ='RESUMEN TOTAL'!E143 -> DOMO | E149: ='RESUMEN TOTAL'!F143 -> Radio | F149: ='RESUMEN TOTAL'!K143 -> 0 | G149: ='RESUMEN TOTAL'!L143 -> 0 | H149: ='RESUMEN TOTAL'!M143 -> 0 | I149: ='RESUMEN TOTAL'!N143 -> 0 | J149: ='RESUMEN TOTAL'!O143 -> 0 | K149: ='RESUMEN TOTAL'!P143 -> 0 | L149: ='RESUMEN TOTAL'!Q143 -> 0 | M149: ='RESUMEN TOTAL'!R143 -> 0 | ... AI149: ='RESUMEN TOTAL'!AN143 -> 0
A150: ='RESUMEN TOTAL'!A144 -> CHACABUCO | B150: ='RESUMEN TOTAL'!B144 -> KM02 | C150: ='RESUMEN TOTAL'!D144 -> Novak e/El Overo y el Mangrullo | D150: ='RESUMEN TOTAL'!E144 -> Domo | E150: ='RESUMEN TOTAL'!F144 -> Radio | F150: ='RESUMEN TOTAL'!K144 -> 0 | G150: ='RESUMEN TOTAL'!L144 -> 0 | H150: ='RESUMEN TOTAL'!M144 -> 0 | I150: ='RESUMEN TOTAL'!N144 -> 0 | J150: ='RESUMEN TOTAL'!O144 -> 0 | K150: ='RESUMEN TOTAL'!P144 -> 0 | L150: ='RESUMEN TOTAL'!Q144 -> 0 | M150: ='RESUMEN TOTAL'!R144 -> 0 | ... AI150: ='RESUMEN TOTAL'!AN144 -> 0
A151: ='RESUMEN TOTAL'!A145 -> KM 26700 (JULIO A. COSTA) | B151: ='RESUMEN TOTAL'!B145 -> KM03 | C151: ='RESUMEN TOTAL'!D145 -> Novak y La Pulperia | D151: ='RESUMEN TOTAL'!E145 -> Domo | E151: ='RESUMEN TOTAL'!F145 -> Radio | F151: ='RESUMEN TOTAL'!K145 -> 0 | G151: ='RESUMEN TOTAL'!L145 -> 0 | H151: ='RESUMEN TOTAL'!M145 -> 0 | I151: ='RESUMEN TOTAL'!N145 -> 0 | J151: ='RESUMEN TOTAL'!O145 -> 0 | K151: ='RESUMEN TOTAL'!P145 -> 0 | L151: ='RESUMEN TOTAL'!Q145 -> 0 | M151: ='RESUMEN TOTAL'!R145 -> 0 | ... AI151: ='RESUMEN TOTAL'!AN145 -> 0
A152: ='RESUMEN TOTAL'!A146 -> KM 26700 (JULIO A. COSTA) | B152: ='RESUMEN TOTAL'!B146 -> KM04 | C152: ='RESUMEN TOTAL'!D146 -> El Ombu y El Zonda | D152: ='RESUMEN TOTAL'!E146 -> Domo | E152: ='RESUMEN TOTAL'!F146 -> Radio | F152: ='RESUMEN TOTAL'!K146 -> 0 | G152: ='RESUMEN TOTAL'!L146 -> 0 | H152: ='RESUMEN TOTAL'!M146 -> 0 | I152: ='RESUMEN TOTAL'!N146 -> 0 | J152: ='RESUMEN TOTAL'!O146 -> 0 | K152: ='RESUMEN TOTAL'!P146 -> 0 | L152: ='RESUMEN TOTAL'!Q146 -> 0 | M152: ='RESUMEN TOTAL'!R146 -> 0 | ... AI152: ='RESUMEN TOTAL'!AN146 -> 0
A153: ='RESUMEN TOTAL'!A147 -> KM 26700 (JULIO A. COSTA) | B153: ='RESUMEN TOTAL'!B147 -> KM05 | C153: ='RESUMEN TOTAL'!D147 -> El Ombu y Los Charruas | D153: ='RESUMEN TOTAL'!E147 -> Domo | E153: ='RESUMEN TOTAL'!F147 -> Radio | F153: ='RESUMEN TOTAL'!K147 -> 0 | G153: ='RESUMEN TOTAL'!L147 -> 0 | H153: ='RESUMEN TOTAL'!M147 -> 0 | I153: ='RESUMEN TOTAL'!N147 -> 0 | J153: ='RESUMEN TOTAL'!O147 -> 0 | K153: ='RESUMEN TOTAL'!P147 -> 0 | L153: ='RESUMEN TOTAL'!Q147 -> 0 | M153: ='RESUMEN TOTAL'!R147 -> 0 | ... AI153: ='RESUMEN TOTAL'!AN147 -> 0
A154: ='RESUMEN TOTAL'!A148 -> KM 26700 (JULIO A. COSTA) | B154: ='RESUMEN TOTAL'!B148 -> KM06 | C154: ='RESUMEN TOTAL'!D148 -> El Ombu y La Cautiva | D154: ='RESUMEN TOTAL'!E148 -> DOMO | E154: ='RESUMEN TOTAL'!F148 -> Radio | F154: ='RESUMEN TOTAL'!K148 -> 0 | G154: ='RESUMEN TOTAL'!L148 -> 0 | H154: ='RESUMEN TOTAL'!M148 -> 0 | I154: ='RESUMEN TOTAL'!N148 -> 0 | J154: ='RESUMEN TOTAL'!O148 -> 0 | K154: ='RESUMEN TOTAL'!P148 -> 0 | L154: ='RESUMEN TOTAL'!Q148 -> 0 | M154: ='RESUMEN TOTAL'!R148 -> 0 | ... AI154: ='RESUMEN TOTAL'!AN148 -> 0
A155: ='RESUMEN TOTAL'!A150 -> KM 26700 (JULIO A. COSTA) | B155: ='RESUMEN TOTAL'!B150 -> KM08 / UPA 03 | C155: ='RESUMEN TOTAL'!D150 -> LOS CHARRUAS Y BLANDENGUES | D155: ='RESUMEN TOTAL'!E150 -> DOMO | E155: ='RESUMEN TOTAL'!F150 -> Radio | F155: ='RESUMEN TOTAL'!K150 -> 0 | G155: ='RESUMEN TOTAL'!L150 -> 0 | H155: ='RESUMEN TOTAL'!M150 -> 0 | I155: ='RESUMEN TOTAL'!N150 -> 0 | J155: ='RESUMEN TOTAL'!O150 -> 0 | K155: ='RESUMEN TOTAL'!P150 -> 0 | L155: ='RESUMEN TOTAL'!Q150 -> 0 | M155: ='RESUMEN TOTAL'!R150 -> 0 | ... AI155: ='RESUMEN TOTAL'!AN150 -> 0
A156: ='RESUMEN TOTAL'!A151 -> KM 26700 (JULIO A. COSTA) | B156: ='RESUMEN TOTAL'!B151 -> KM09 / UPA 1 | C156: ='RESUMEN TOTAL'!D151 -> NOVAK Y LA POSTA | D156: ='RESUMEN TOTAL'!E151 -> DOMO | E156: ='RESUMEN TOTAL'!F151 -> Radio | F156: ='RESUMEN TOTAL'!K151 -> 0 | G156: ='RESUMEN TOTAL'!L151 -> 0 | H156: ='RESUMEN TOTAL'!M151 -> 0 | I156: ='RESUMEN TOTAL'!N151 -> 0 | J156: ='RESUMEN TOTAL'!O151 -> 0 | K156: ='RESUMEN TOTAL'!P151 -> 0 | L156: ='RESUMEN TOTAL'!Q151 -> 0 | M156: ='RESUMEN TOTAL'!R151 -> 0 | ... AI156: ='RESUMEN TOTAL'!AN151 -> 0
A157: ='RESUMEN TOTAL'!A153 -> KM 26700 (JULIO A. COSTA) | B157: ='RESUMEN TOTAL'!B153 -> KM11 | C157: ='RESUMEN TOTAL'!D153 -> NOVAK Y EL OVERO | D157: ='RESUMEN TOTAL'!E153 -> DOMO | E157: ='RESUMEN TOTAL'!F153 -> Fibra Optica | F157: ='RESUMEN TOTAL'!K153 -> 0 | G157: ='RESUMEN TOTAL'!L153 -> 0 | H157: ='RESUMEN TOTAL'!M153 -> 0 | I157: ='RESUMEN TOTAL'!N153 -> 0 | J157: ='RESUMEN TOTAL'!O153 -> 0 | K157: ='RESUMEN TOTAL'!P153 -> 0 | L157: ='RESUMEN TOTAL'!Q153 -> 0 | M157: ='RESUMEN TOTAL'!R153 -> 0 | ... AI157: ='RESUMEN TOTAL'!AN153 -> 0
A158: ='RESUMEN TOTAL'!A160 -> LOMAS DE MONTEVERDE | B158: ='RESUMEN TOTAL'!B160 -> LDM 01 | C158: ='RESUMEN TOTAL'!D160 -> ILLIA Y BOUREL | D158: ='RESUMEN TOTAL'!E160 -> DOMO | E158: ='RESUMEN TOTAL'!F160 -> PTO A FO | F158: ='RESUMEN TOTAL'!K160 -> 0 | G158: ='RESUMEN TOTAL'!L160 -> 0 | H158: ='RESUMEN TOTAL'!M160 -> 0 | I158: ='RESUMEN TOTAL'!N160 -> 0 | J158: ='RESUMEN TOTAL'!O160 -> 0 | K158: ='RESUMEN TOTAL'!P160 -> 0 | L158: ='RESUMEN TOTAL'!Q160 -> 0 | M158: ='RESUMEN TOTAL'!R160 -> 0 | ... AI158: ='RESUMEN TOTAL'!AN160 -> 0
A159: ='RESUMEN TOTAL'!A161 -> LOMAS DE MONTEVERDE | B159: ='RESUMEN TOTAL'!B161 -> LDM 02 | C159: ='RESUMEN TOTAL'!D161 -> LAS HERAS Y EDISON | D159: ='RESUMEN TOTAL'!E161 -> DOMO | E159: ='RESUMEN TOTAL'!F161 -> PTO A FO | F159: ='RESUMEN TOTAL'!K161 -> 0 | G159: ='RESUMEN TOTAL'!L161 -> 0 | H159: ='RESUMEN TOTAL'!M161 -> 0 | I159: ='RESUMEN TOTAL'!N161 -> 0 | J159: ='RESUMEN TOTAL'!O161 -> 0 | K159: ='RESUMEN TOTAL'!P161 -> 0 | L159: ='RESUMEN TOTAL'!Q161 -> 0 | M159: ='RESUMEN TOTAL'!R161 -> 0 | ... AI159: ='RESUMEN TOTAL'!AN161 -> 0
A160: ='RESUMEN TOTAL'!A162 -> LOMAS DE MONTEVERDE | B160: ='RESUMEN TOTAL'!B162 -> LDM 03 | C160: ='RESUMEN TOTAL'!D162 -> LAS HERAS Y FRANKLIN | D160: ='RESUMEN TOTAL'!E162 -> DOMO | E160: ='RESUMEN TOTAL'!F162 -> PTO A FO | F160: ='RESUMEN TOTAL'!K162 -> 0 | G160: ='RESUMEN TOTAL'!L162 -> 0 | H160: ='RESUMEN TOTAL'!M162 -> 0 | I160: ='RESUMEN TOTAL'!N162 -> 0 | J160: ='RESUMEN TOTAL'!O162 -> 0 | K160: ='RESUMEN TOTAL'!P162 -> 0 | L160: ='RESUMEN TOTAL'!Q162 -> 0 | M160: ='RESUMEN TOTAL'!R162 -> 0 | ... AI160: ='RESUMEN TOTAL'!AN162 -> 0
A161: ='RESUMEN TOTAL'!A163 -> LIBERTAD | B161: ='RESUMEN TOTAL'!B163 -> LIBER 01 | C161: ='RESUMEN TOTAL'!D163 -> 511 Y 574 FIJA 01 | D161: ='RESUMEN TOTAL'!E163 -> Fija | E161: ='RESUMEN TOTAL'!F163 -> RADIO | F161: ='RESUMEN TOTAL'!K163 -> 0 | G161: ='RESUMEN TOTAL'!L163 -> 0 | H161: ='RESUMEN TOTAL'!M163 -> 0 | I161: ='RESUMEN TOTAL'!N163 -> 0 | J161: ='RESUMEN TOTAL'!O163 -> 0 | K161: ='RESUMEN TOTAL'!P163 -> 0 | L161: ='RESUMEN TOTAL'!Q163 -> 0 | M161: ='RESUMEN TOTAL'!R163 -> 0 | ... AI161: ='RESUMEN TOTAL'!AN163 -> 0
A162: ='RESUMEN TOTAL'!A164 -> LIBERTAD | B162: ='RESUMEN TOTAL'!B164 -> LIBER 02 | C162: ='RESUMEN TOTAL'!D164 -> 511 Y 574 FIJA 02 | D162: ='RESUMEN TOTAL'!E164 -> Fija | E162: ='RESUMEN TOTAL'!F164 -> Radio | F162: ='RESUMEN TOTAL'!K164 -> 0 | G162: ='RESUMEN TOTAL'!L164 -> 0 | H162: ='RESUMEN TOTAL'!M164 -> 0 | I162: ='RESUMEN TOTAL'!N164 -> 0 | J162: ='RESUMEN TOTAL'!O164 -> 0 | K162: ='RESUMEN TOTAL'!P164 -> 0 | L162: ='RESUMEN TOTAL'!Q164 -> 0 | M162: ='RESUMEN TOTAL'!R164 -> 0 | ... AI162: ='RESUMEN TOTAL'!AN164 -> 0
A163: ='RESUMEN TOTAL'!A165 -> CHACABUCO | B163: ='RESUMEN TOTAL'!B165 -> LPI 01 | C163: ='RESUMEN TOTAL'!D165 -> Maipu y Posadas | D163: ='RESUMEN TOTAL'!E165 -> Domo | E163: ='RESUMEN TOTAL'!F165 -> Radio | F163: ='RESUMEN TOTAL'!K165 -> 0 | G163: ='RESUMEN TOTAL'!L165 -> 0 | H163: ='RESUMEN TOTAL'!M165 -> 0 | I163: ='RESUMEN TOTAL'!N165 -> 0 | J163: ='RESUMEN TOTAL'!O165 -> 0 | K163: ='RESUMEN TOTAL'!P165 -> 0 | L163: ='RESUMEN TOTAL'!Q165 -> 0 | M163: ='RESUMEN TOTAL'!R165 -> 0 | ... AI163: ='RESUMEN TOTAL'!AN165 -> 0
A164: ='RESUMEN TOTAL'!A166 -> CHACABUCO | B164: ='RESUMEN TOTAL'!B166 -> LPI02 | C164: ='RESUMEN TOTAL'!D166 -> EE.UU y Ayacucho | D164: ='RESUMEN TOTAL'!E166 -> Domo | E164: ='RESUMEN TOTAL'!F166 -> Radio | F164: ='RESUMEN TOTAL'!K166 -> 0 | G164: ='RESUMEN TOTAL'!L166 -> 0 | H164: ='RESUMEN TOTAL'!M166 -> 0 | I164: ='RESUMEN TOTAL'!N166 -> 0 | J164: ='RESUMEN TOTAL'!O166 -> 0 | K164: ='RESUMEN TOTAL'!P166 -> 0 | L164: ='RESUMEN TOTAL'!Q166 -> 0 | M164: ='RESUMEN TOTAL'!R166 -> 0 | ... AI164: ='RESUMEN TOTAL'!AN166 -> 0
A165: ='RESUMEN TOTAL'!A167 -> LA PILETA | B165: ='RESUMEN TOTAL'!B167 -> LPI03 (fija 2) | C165: ='RESUMEN TOTAL'!D167 -> MAIPU Y POSADAS | D165: ='RESUMEN TOTAL'!E167 -> Fija | E165: ='RESUMEN TOTAL'!F167 -> Fibra Optica | F165: ='RESUMEN TOTAL'!K167 -> 0 | G165: ='RESUMEN TOTAL'!L167 -> 0 | H165: ='RESUMEN TOTAL'!M167 -> 0 | I165: ='RESUMEN TOTAL'!N167 -> 0 | J165: ='RESUMEN TOTAL'!O167 -> 0 | K165: ='RESUMEN TOTAL'!P167 -> 0 | L165: ='RESUMEN TOTAL'!Q167 -> 0 | M165: ='RESUMEN TOTAL'!R167 -> 0 | ... AI165: ='RESUMEN TOTAL'!AN167 -> 0
A166: ='RESUMEN TOTAL'!A168 -> LA PILETA | B166: ='RESUMEN TOTAL'!B168 -> LPI04 (fija 1) | C166: ='RESUMEN TOTAL'!D168 -> MAIPU Y POSADAS | D166: ='RESUMEN TOTAL'!E168 -> FIJA | E166: ='RESUMEN TOTAL'!F168 -> Fibra Optica | F166: ='RESUMEN TOTAL'!K168 -> 0 | G166: ='RESUMEN TOTAL'!L168 -> 0 | H166: ='RESUMEN TOTAL'!M168 -> 0 | I166: ='RESUMEN TOTAL'!N168 -> 0 | J166: ='RESUMEN TOTAL'!O168 -> 0 | K166: ='RESUMEN TOTAL'!P168 -> 0 | L166: ='RESUMEN TOTAL'!Q168 -> 0 | M166: ='RESUMEN TOTAL'!R168 -> 0 | ... AI166: ='RESUMEN TOTAL'!AN168 -> 0
A167: ='RESUMEN TOTAL'!A169 -> LOS PILARES | B167: ='RESUMEN TOTAL'!B169 -> LPR 01 | C167: ='RESUMEN TOTAL'!D169 -> EVA PERON E/ CACHEUTA Y 1406 | D167: ='RESUMEN TOTAL'!E169 -> DOMO | E167: ='RESUMEN TOTAL'!F169 -> FIBRA OPTICA | F167: ='RESUMEN TOTAL'!K169 -> 0 | G167: ='RESUMEN TOTAL'!L169 -> 0 | H167: ='RESUMEN TOTAL'!M169 -> 0 | I167: ='RESUMEN TOTAL'!N169 -> 0 | J167: ='RESUMEN TOTAL'!O169 -> 0 | K167: ='RESUMEN TOTAL'!P169 -> 0 | L167: ='RESUMEN TOTAL'!Q169 -> 0 | M167: ='RESUMEN TOTAL'!R169 -> 0 | ... AI167: ='RESUMEN TOTAL'!AN169 -> 0
A168: ='RESUMEN TOTAL'!A170 -> LOS PILARES | B168: ='RESUMEN TOTAL'!B170 -> LPR02 (fija 1) | C168: ='RESUMEN TOTAL'!D170 -> EVA PERON Y CACHEUTA | D168: ='RESUMEN TOTAL'!E170 -> Fija | E168: ='RESUMEN TOTAL'!F170 -> Fibra Optica | F168: ='RESUMEN TOTAL'!K170 -> 0 | G168: ='RESUMEN TOTAL'!L170 -> 0 | H168: ='RESUMEN TOTAL'!M170 -> 0 | I168: ='RESUMEN TOTAL'!N170 -> 0 | J168: ='RESUMEN TOTAL'!O170 -> 0 | K168: ='RESUMEN TOTAL'!P170 -> 0 | L168: ='RESUMEN TOTAL'!Q170 -> 0 | M168: ='RESUMEN TOTAL'!R170 -> 0 | ... AI168: ='RESUMEN TOTAL'!AN170 -> 0
A169: ='RESUMEN TOTAL'!A171 -> LOS PILARES | B169: ='RESUMEN TOTAL'!B171 -> LPR03 (fija 2) | C169: ='RESUMEN TOTAL'!D171 -> EVA PERON Y CACHEUTA | D169: ='RESUMEN TOTAL'!E171 -> Fija | E169: ='RESUMEN TOTAL'!F171 -> Fibra Optica | F169: ='RESUMEN TOTAL'!K171 -> 0 | G169: ='RESUMEN TOTAL'!L171 -> 0 | H169: ='RESUMEN TOTAL'!M171 -> 0 | I169: ='RESUMEN TOTAL'!N171 -> 0 | J169: ='RESUMEN TOTAL'!O171 -> 0 | K169: ='RESUMEN TOTAL'!P171 -> 0 | L169: ='RESUMEN TOTAL'!Q171 -> 0 | M169: ='RESUMEN TOTAL'!R171 -> 0 | ... AI169: ='RESUMEN TOTAL'!AN171 -> 0
... A181: ='RESUMEN TOTAL'!A183 -> LOPEZ ROMERO | B181: ='RESUMEN TOTAL'!B183 -> LRO08 | C181: ='RESUMEN TOTAL'!D183 -> Remedios de Escalada y Finochieto | D181: ='RESUMEN TOTAL'!E183 -> Domo | E181: ='RESUMEN TOTAL'!F183 -> Fibra Optica | F181: ='RESUMEN TOTAL'!K183 -> 0 | G181: ='RESUMEN TOTAL'!L183 -> 0 | H181: ='RESUMEN TOTAL'!M183 -> 0 | I181: ='RESUMEN TOTAL'!N183 -> 0 | J181: ='RESUMEN TOTAL'!O183 -> 0 | K181: ='RESUMEN TOTAL'!P183 -> 0 | L181: ='RESUMEN TOTAL'!Q183 -> 0 | M181: ='RESUMEN TOTAL'!R183 -> 0 | ... AI181: ='RESUMEN TOTAL'!AN183 -> 0
A182: ='RESUMEN TOTAL'!A184 -> LOPEZ ROMERO | B182: ='RESUMEN TOTAL'!B184 -> LRO11 | C182: ='RESUMEN TOTAL'!D184 -> Av. Yrigoyen y Braile | D182: ='RESUMEN TOTAL'!#REF! -> #REF! | E182: ='RESUMEN TOTAL'!F184 -> FIBRA OPTICA | F182: ='RESUMEN TOTAL'!K184 -> 0 | G182: ='RESUMEN TOTAL'!L184 -> 0 | H182: ='RESUMEN TOTAL'!M184 -> 0 | I182: ='RESUMEN TOTAL'!N184 -> 0 | J182: ='RESUMEN TOTAL'!O184 -> 0 | K182: ='RESUMEN TOTAL'!P184 -> 0 | L182: ='RESUMEN TOTAL'!Q184 -> 0 | M182: ='RESUMEN TOTAL'!R184 -> 0 | ... AI182: ='RESUMEN TOTAL'!AN184 -> 0
A183: ='RESUMEN TOTAL'!A185 -> LOPEZ ROMERO | B183: ='RESUMEN TOTAL'!B185 -> LRO14 | C183: ='RESUMEN TOTAL'!D185 -> YRIGOYEN Y STORNI | D183: ='RESUMEN TOTAL'!E185 -> DOMO | E183: ='RESUMEN TOTAL'!F185 -> Fibra Optica | F183: ='RESUMEN TOTAL'!K185 -> 0 | G183: ='RESUMEN TOTAL'!L185 -> 0 | H183: ='RESUMEN TOTAL'!M185 -> 0 | I183: ='RESUMEN TOTAL'!N185 -> 0 | J183: ='RESUMEN TOTAL'!O185 -> 0 | K183: ='RESUMEN TOTAL'!P185 -> 0 | L183: ='RESUMEN TOTAL'!Q185 -> 0 | M183: ='RESUMEN TOTAL'!R185 -> 0 | ... AI183: ='RESUMEN TOTAL'!AN185 -> 0
A184: ='RESUMEN TOTAL'!A186 -> LUJAN | B184: ='RESUMEN TOTAL'!B186 -> LUJ 01 | C184: ='RESUMEN TOTAL'!D186 -> ñandu y Los Pinos | D184: ='RESUMEN TOTAL'!E186 -> Domo | E184: ='RESUMEN TOTAL'!F186 -> Radio | F184: ='RESUMEN TOTAL'!K186 -> 0 | G184: ='RESUMEN TOTAL'!L186 -> 0 | H184: ='RESUMEN TOTAL'!M186 -> 0 | I184: ='RESUMEN TOTAL'!N186 -> 0 | J184: ='RESUMEN TOTAL'!O186 -> 0 | K184: ='RESUMEN TOTAL'!P186 -> 0 | L184: ='RESUMEN TOTAL'!Q186 -> 0 | M184: ='RESUMEN TOTAL'!R186 -> 0 | ... AI184: ='RESUMEN TOTAL'!AN186 -> 0
A185: ='RESUMEN TOTAL'!A187 -> VILLA ARGENTINA | B185: ='RESUMEN TOTAL'!B187 -> LUJ 02 | C185: ='RESUMEN TOTAL'!D187 -> DIAG. LOS TILOS Y 527 | D185: ='RESUMEN TOTAL'!E187 -> DOMO | E185: ='RESUMEN TOTAL'!F187 -> Fibra Optica | F185: ='RESUMEN TOTAL'!K187 -> 0 | G185: ='RESUMEN TOTAL'!L187 -> 0 | H185: ='RESUMEN TOTAL'!M187 -> 0 | I185: ='RESUMEN TOTAL'!N187 -> 0 | J185: ='RESUMEN TOTAL'!O187 -> 0 | K185: ='RESUMEN TOTAL'!P187 -> 0 | L185: ='RESUMEN TOTAL'!Q187 -> 0 | M185: ='RESUMEN TOTAL'!R187 -> 0 | ... AI185: ='RESUMEN TOTAL'!AN187 -> 0
A186: ='RESUMEN TOTAL'!A188 -> LUJAN | B186: ='RESUMEN TOTAL'!B188 -> LUJ03 | C186: ='RESUMEN TOTAL'!D188 -> LOS PINOS Y LOS TILOS | D186: ='RESUMEN TOTAL'!E188 -> DOMO | E186: ='RESUMEN TOTAL'!F188 -> Fibra Optica | F186: ='RESUMEN TOTAL'!K188 -> 0 | G186: ='RESUMEN TOTAL'!L188 -> 0 | H186: ='RESUMEN TOTAL'!M188 -> 0 | I186: ='RESUMEN TOTAL'!N188 -> 0 | J186: ='RESUMEN TOTAL'!O188 -> 0 | K186: ='RESUMEN TOTAL'!P188 -> 0 | L186: ='RESUMEN TOTAL'!Q188 -> 0 | M186: ='RESUMEN TOTAL'!R188 -> 0 | ... AI186: ='RESUMEN TOTAL'!AN188 -> 0
A187: ='RESUMEN TOTAL'!A189 -> PRESIDENTE PERON (PEPSI) | B187: ='RESUMEN TOTAL'!B189 -> MAR 01 | C187: ='RESUMEN TOTAL'!D189 -> RP36 Y LA ESMERALDA | D187: ='RESUMEN TOTAL'!E189 -> DOMO | E187: ='RESUMEN TOTAL'!F189 -> FIBRA OPTICA | F187: ='RESUMEN TOTAL'!K189 -> 0 | G187: ='RESUMEN TOTAL'!L189 -> 0 | H187: ='RESUMEN TOTAL'!M189 -> 0 | I187: ='RESUMEN TOTAL'!N189 -> 0 | J187: ='RESUMEN TOTAL'!O189 -> 0 | K187: ='RESUMEN TOTAL'!P189 -> 0 | L187: ='RESUMEN TOTAL'!Q189 -> 0 | M187: ='RESUMEN TOTAL'!R189 -> 0 | ... AI187: ='RESUMEN TOTAL'!AN189 -> 0
A188: ='RESUMEN TOTAL'!A190 -> RICARDO ROJAS | B188: ='RESUMEN TOTAL'!B190 -> MAR 02 (FIJA1) | C188: ='RESUMEN TOTAL'!D190 -> LUJAN Y PATAGONES | D188: ='RESUMEN TOTAL'!E190 -> Fija | E188: ='RESUMEN TOTAL'!F190 -> Fibra Optica | F188: ='RESUMEN TOTAL'!K190 -> 0 | G188: ='RESUMEN TOTAL'!L190 -> 0 | H188: ='RESUMEN TOTAL'!M190 -> 0 | I188: ='RESUMEN TOTAL'!N190 -> 0 | J188: ='RESUMEN TOTAL'!O190 -> 0 | K188: ='RESUMEN TOTAL'!P190 -> 0 | L188: ='RESUMEN TOTAL'!Q190 -> 0 | M188: ='RESUMEN TOTAL'!R190 -> 0 | ... AI188: ='RESUMEN TOTAL'!AN190 -> 0
A189: ='RESUMEN TOTAL'!A191 -> LAS MARGARITAS | B189: ='RESUMEN TOTAL'!B191 -> MAR 03(FIJA 2) | C189: ='RESUMEN TOTAL'!D191 -> LUJAN Y PATAGONES | D189: ='RESUMEN TOTAL'!E191 -> Fija | E189: ='RESUMEN TOTAL'!F191 -> Fibra Optica | F189: ='RESUMEN TOTAL'!K191 -> 0 | G189: ='RESUMEN TOTAL'!L191 -> 0 | H189: ='RESUMEN TOTAL'!M191 -> 0 | I189: ='RESUMEN TOTAL'!N191 -> 0 | J189: ='RESUMEN TOTAL'!O191 -> 0 | K189: ='RESUMEN TOTAL'!P191 -> 0 | L189: ='RESUMEN TOTAL'!Q191 -> 0 | M189: ='RESUMEN TOTAL'!R191 -> 0 | ... AI189: ='RESUMEN TOTAL'!AN191 -> 0
A190: ='RESUMEN TOTAL'!A192 -> MAYOL | B190: ='RESUMEN TOTAL'!B192 -> MAY 01 | C190: ='RESUMEN TOTAL'!D192 -> Eva Peron y Cabildo | D190: ='RESUMEN TOTAL'!E192 -> Domo | E190: ='RESUMEN TOTAL'!F192 -> Radio | F190: ='RESUMEN TOTAL'!K192 -> 0 | G190: ='RESUMEN TOTAL'!L192 -> 0 | H190: ='RESUMEN TOTAL'!M192 -> 0 | I190: ='RESUMEN TOTAL'!N192 -> 0 | J190: ='RESUMEN TOTAL'!O192 -> 0 | K190: ='RESUMEN TOTAL'!P192 -> 0 | L190: ='RESUMEN TOTAL'!Q192 -> 0 | M190: ='RESUMEN TOTAL'!R192 -> 0 | ... AI190: ='RESUMEN TOTAL'!AN192 -> 0
A191: ='RESUMEN TOTAL'!A193 -> MAYOL | B191: ='RESUMEN TOTAL'!B193 -> MAY 02 | C191: ='RESUMEN TOTAL'!D193 -> EVA PERON Y MONTEVIDEO | D191: ='RESUMEN TOTAL'!E193 -> Domo | E191: ='RESUMEN TOTAL'!F193 -> Radio | F191: ='RESUMEN TOTAL'!K193 -> 0 | G191: ='RESUMEN TOTAL'!L193 -> 0 | H191: ='RESUMEN TOTAL'!M193 -> 0 | I191: ='RESUMEN TOTAL'!N193 -> 0 | J191: ='RESUMEN TOTAL'!O193 -> 0 | K191: ='RESUMEN TOTAL'!P193 -> 0 | L191: ='RESUMEN TOTAL'!Q193 -> 0 | M191: ='RESUMEN TOTAL'!R193 -> 0 | ... AI191: ='RESUMEN TOTAL'!AN193 -> 0
A192: ='RESUMEN TOTAL'!A194 -> MAYOL | B192: ='RESUMEN TOTAL'!B194 -> MAY 03 | C192: ='RESUMEN TOTAL'!D194 -> CHAÑAR Y SAN NICOLAS | D192: ='RESUMEN TOTAL'!E194 -> DOMO | E192: ='RESUMEN TOTAL'!F194 -> PTO A FO | F192: ='RESUMEN TOTAL'!K194 -> 0 | G192: ='RESUMEN TOTAL'!L194 -> 0 | H192: ='RESUMEN TOTAL'!M194 -> 0 | I192: ='RESUMEN TOTAL'!N194 -> 0 | J192: ='RESUMEN TOTAL'!O194 -> 0 | K192: ='RESUMEN TOTAL'!P194 -> 0 | L192: ='RESUMEN TOTAL'!Q194 -> 0 | M192: ='RESUMEN TOTAL'!R194 -> 0 | ... AI192: ='RESUMEN TOTAL'!AN194 -> 0
A193: ='RESUMEN TOTAL'!A195 -> MAYOL | B193: ='RESUMEN TOTAL'!B195 -> MAY 04 | C193: ='RESUMEN TOTAL'!D195 -> MAR CHIQUITA Y RIO JACHAL | D193: ='RESUMEN TOTAL'!E195 -> DOMO | E193: ='RESUMEN TOTAL'!F195 -> Radio | F193: ='RESUMEN TOTAL'!K195 -> 0 | G193: ='RESUMEN TOTAL'!L195 -> 0 | H193: ='RESUMEN TOTAL'!M195 -> 0 | I193: ='RESUMEN TOTAL'!N195 -> 0 | J193: ='RESUMEN TOTAL'!O195 -> 0 | K193: ='RESUMEN TOTAL'!P195 -> 0 | L193: ='RESUMEN TOTAL'!Q195 -> 0 | M193: ='RESUMEN TOTAL'!R195 -> 0 | ... AI193: ='RESUMEN TOTAL'!AN195 -> 0
A194: ='RESUMEN TOTAL'!A196 -> MARTIN FIERRO | B194: ='RESUMEN TOTAL'!B196 -> MFI 01 | C194: ='RESUMEN TOTAL'!D196 -> Belgrano y Sgto. Cabral | D194: ='RESUMEN TOTAL'!E196 -> Fija | E194: ='RESUMEN TOTAL'!F196 -> Fibra Optica | F194: ='RESUMEN TOTAL'!K196 -> 0 | G194: ='RESUMEN TOTAL'!L196 -> 0 | H194: ='RESUMEN TOTAL'!M196 -> 0 | I194: ='RESUMEN TOTAL'!N196 -> 0 | J194: ='RESUMEN TOTAL'!O196 -> 0 | K194: ='RESUMEN TOTAL'!P196 -> 0 | L194: ='RESUMEN TOTAL'!Q196 -> 0 | M194: ='RESUMEN TOTAL'!R196 -> 0 | ... AI194: ='RESUMEN TOTAL'!AN196 -> 0
... A262: ='RESUMEN TOTAL'!A264 -> RICARDO ROJAS | B262: ='RESUMEN TOTAL'!B264 -> RRJ 11 | C262: ='RESUMEN TOTAL'!D264 -> LUGONES Y OBLIGADO | D262: ='RESUMEN TOTAL'!E264 -> Domo | E262: ='RESUMEN TOTAL'!F264 -> Fibra Optica | F262: ='RESUMEN TOTAL'!K264 -> 0 | G262: ='RESUMEN TOTAL'!L264 -> 0 | H262: ='RESUMEN TOTAL'!M264 -> 0 | I262: ='RESUMEN TOTAL'!N264 -> 0 | J262: ='RESUMEN TOTAL'!O264 -> 0 | K262: ='RESUMEN TOTAL'!P264 -> 0 | L262: ='RESUMEN TOTAL'!Q264 -> 0 | M262: ='RESUMEN TOTAL'!R264 -> 0 | ... AI262: ='RESUMEN TOTAL'!AN264 -> 0
A263: ='RESUMEN TOTAL'!A266 -> SANTA ANA | B263: ='RESUMEN TOTAL'!B266 -> SAN 02 | C263: ='RESUMEN TOTAL'!D266 -> HUDSON Y SUIPACHA | D263: ='RESUMEN TOTAL'!E266 -> Fija 2 | E263: ='RESUMEN TOTAL'!F266 -> Fibra Optica | F263: ='RESUMEN TOTAL'!K266 -> 0 | G263: ='RESUMEN TOTAL'!L266 -> 0 | H263: ='RESUMEN TOTAL'!M266 -> 0 | I263: ='RESUMEN TOTAL'!N266 -> 0 | J263: ='RESUMEN TOTAL'!O266 -> 0 | K263: ='RESUMEN TOTAL'!P266 -> 0 | L263: ='RESUMEN TOTAL'!Q266 -> 0 | M263: ='RESUMEN TOTAL'!R266 -> 0 | ... AI263: ='RESUMEN TOTAL'!AN266 -> 0
A264: ='RESUMEN TOTAL'!A267 -> SANTA ANA | B264: ='RESUMEN TOTAL'!B267 -> SAN01 | C264: ='RESUMEN TOTAL'!D267 -> HUDSON Y SUIPACHA | D264: ='RESUMEN TOTAL'!E267 -> Fija 1 | E264: ='RESUMEN TOTAL'!F267 -> Fibra Optica | F264: ='RESUMEN TOTAL'!K267 -> 0 | G264: ='RESUMEN TOTAL'!L267 -> 0 | H264: ='RESUMEN TOTAL'!M267 -> 0 | I264: ='RESUMEN TOTAL'!N267 -> 0 | J264: ='RESUMEN TOTAL'!O267 -> 0 | K264: ='RESUMEN TOTAL'!P267 -> 0 | L264: ='RESUMEN TOTAL'!Q267 -> 0 | M264: ='RESUMEN TOTAL'!R267 -> 0 | ... AI264: ='RESUMEN TOTAL'!AN267 -> 0
A265: ='RESUMEN TOTAL'!A268 -> PRESIDENTE SARMIENTO | B265: ='RESUMEN TOTAL'!B268 -> SAR01 | C265: ='RESUMEN TOTAL'!D268 -> Storni Y Sanchez de Loria | D265: ='RESUMEN TOTAL'!E268 -> Domo | E265: ='RESUMEN TOTAL'!F268 -> Fibra Optica | F265: ='RESUMEN TOTAL'!K268 -> 0 | G265: ='RESUMEN TOTAL'!L268 -> 0 | H265: ='RESUMEN TOTAL'!M268 -> 0 | I265: ='RESUMEN TOTAL'!N268 -> 0 | J265: ='RESUMEN TOTAL'!O268 -> 0 | K265: ='RESUMEN TOTAL'!P268 -> 0 | L265: ='RESUMEN TOTAL'!Q268 -> 0 | M265: ='RESUMEN TOTAL'!R268 -> 0 | ... AI265: ='RESUMEN TOTAL'!AN268 -> 0
A266: ='RESUMEN TOTAL'!A269 -> PRESIDENTE SARMIENTO | B266: ='RESUMEN TOTAL'!B269 -> SAR 02 (fija 1) | C266: ='RESUMEN TOTAL'!D269 -> DARDO ROCHA Y GABRIELA MISTRAL | D266: ='RESUMEN TOTAL'!E269 -> Fija | E266: ='RESUMEN TOTAL'!F269 -> Fibra Optica | F266: ='RESUMEN TOTAL'!K269 -> 0 | G266: ='RESUMEN TOTAL'!L269 -> 0 | H266: ='RESUMEN TOTAL'!M269 -> 0 | I266: ='RESUMEN TOTAL'!N269 -> 0 | J266: ='RESUMEN TOTAL'!O269 -> 0 | K266: ='RESUMEN TOTAL'!P269 -> 0 | L266: ='RESUMEN TOTAL'!Q269 -> 0 | M266: ='RESUMEN TOTAL'!R269 -> 0 | ... AI266: ='RESUMEN TOTAL'!AN269 -> 0
A267: ='RESUMEN TOTAL'!A270 -> PRESIDENTE SARMIENTO | B267: ='RESUMEN TOTAL'!B270 -> SAR 03 (fija 2) | C267: ='RESUMEN TOTAL'!D270 -> DARDO ROCHA Y GABRIELA MISTRAL | D267: ='RESUMEN TOTAL'!E270 -> Fija | E267: ='RESUMEN TOTAL'!F270 -> Fibra Optica | F267: ='RESUMEN TOTAL'!K270 -> 0 | G267: ='RESUMEN TOTAL'!L270 -> 0 | H267: ='RESUMEN TOTAL'!M270 -> 0 | I267: ='RESUMEN TOTAL'!N270 -> 0 | J267: ='RESUMEN TOTAL'!O270 -> 0 | K267: ='RESUMEN TOTAL'!P270 -> 0 | L267: ='RESUMEN TOTAL'!Q270 -> 0 | M267: ='RESUMEN TOTAL'!R270 -> 0 | ... AI267: ='RESUMEN TOTAL'!AN270 -> 0
A268: ='RESUMEN TOTAL'!A271 -> PRESIDENTE SARMIENTO | B268: ='RESUMEN TOTAL'!B271 -> SAR 04 | C268: ='RESUMEN TOTAL'!D271 -> MONTES DE OCA Y ALVARADO | D268: ='RESUMEN TOTAL'!E271 -> Domo | E268: ='RESUMEN TOTAL'!F271 -> Fibra Optica | F268: ='RESUMEN TOTAL'!K271 -> 0 | G268: ='RESUMEN TOTAL'!L271 -> 0 | H268: ='RESUMEN TOTAL'!M271 -> 0 | I268: ='RESUMEN TOTAL'!N271 -> 0 | J268: ='RESUMEN TOTAL'!O271 -> 0 | K268: ='RESUMEN TOTAL'!P271 -> 0 | L268: ='RESUMEN TOTAL'!Q271 -> 0 | M268: ='RESUMEN TOTAL'!R271 -> 0 | ... AI268: ='RESUMEN TOTAL'!AN271 -> 0
A269: ='RESUMEN TOTAL'!A272 -> PRESIDENTE SARMIENTO | B269: ='RESUMEN TOTAL'!B272 -> SAR 05 | C269: ='RESUMEN TOTAL'!D272 -> ALVARADO Y ROCHA | D269: ='RESUMEN TOTAL'!E272 -> Domo | E269: ='RESUMEN TOTAL'!F272 -> Fibra Optica | F269: ='RESUMEN TOTAL'!K272 -> 0 | G269: ='RESUMEN TOTAL'!L272 -> 0 | H269: ='RESUMEN TOTAL'!M272 -> 0 | I269: ='RESUMEN TOTAL'!N272 -> 0 | J269: ='RESUMEN TOTAL'!O272 -> 0 | K269: ='RESUMEN TOTAL'!P272 -> 0 | L269: ='RESUMEN TOTAL'!Q272 -> 0 | M269: ='RESUMEN TOTAL'!R272 -> 0 | ... AI269: ='RESUMEN TOTAL'!AN272 -> 0
A270: ='RESUMEN TOTAL'!A273 -> PRESIDENTE SARMIENTO | B270: ='RESUMEN TOTAL'!B273 -> SAR 06 | C270: ='RESUMEN TOTAL'!D273 -> Necochea y Lorenzini | D270: ='RESUMEN TOTAL'!E273 -> Fija | E270: ='RESUMEN TOTAL'!F273 -> Fibra Optica | F270: ='RESUMEN TOTAL'!K273 -> 0 | G270: ='RESUMEN TOTAL'!L273 -> 0 | H270: ='RESUMEN TOTAL'!M273 -> 0 | I270: ='RESUMEN TOTAL'!N273 -> 0 | J270: ='RESUMEN TOTAL'!O273 -> 0 | K270: ='RESUMEN TOTAL'!P273 -> 0 | L270: ='RESUMEN TOTAL'!Q273 -> 0 | M270: ='RESUMEN TOTAL'!R273 -> 0 | ... AI270: ='RESUMEN TOTAL'!AN273 -> 0
A271: ='RESUMEN TOTAL'!A274 -> PRESIDENTE SARMIENTO | B271: ='RESUMEN TOTAL'!B274 -> SAR 07 | C271: ='RESUMEN TOTAL'!D274 -> Necochea y Lorenzini | D271: ='RESUMEN TOTAL'!E274 -> Fija | E271: ='RESUMEN TOTAL'!F274 -> Fibra Optica | F271: ='RESUMEN TOTAL'!K274 -> 0 | G271: ='RESUMEN TOTAL'!L274 -> 0 | H271: ='RESUMEN TOTAL'!M274 -> 0 | I271: ='RESUMEN TOTAL'!N274 -> 0 | J271: ='RESUMEN TOTAL'!O274 -> 0 | K271: ='RESUMEN TOTAL'!P274 -> 0 | L271: ='RESUMEN TOTAL'!Q274 -> 0 | M271: ='RESUMEN TOTAL'!R274 -> 0 | ... AI271: ='RESUMEN TOTAL'!AN274 -> 0
A272: ='RESUMEN TOTAL'!A275 -> PRESIDENTE SARMIENTO | B272: ='RESUMEN TOTAL'!B275 -> SAR 08 | C272: ='RESUMEN TOTAL'!D275 -> Necochea y Montes de Oca | D272: ='RESUMEN TOTAL'!E275 -> Fija | E272: ='RESUMEN TOTAL'!F275 -> Fibra Optica | F272: ='RESUMEN TOTAL'!K275 -> 0 | G272: ='RESUMEN TOTAL'!L275 -> 0 | H272: ='RESUMEN TOTAL'!M275 -> 0 | I272: ='RESUMEN TOTAL'!N275 -> 0 | J272: ='RESUMEN TOTAL'!O275 -> 0 | K272: ='RESUMEN TOTAL'!P275 -> 0 | L272: ='RESUMEN TOTAL'!Q275 -> 0 | M272: ='RESUMEN TOTAL'!R275 -> 0 | ... AI272: ='RESUMEN TOTAL'!AN275 -> 0
...

Sheet APAGADOS
E1: APAGADOS | F1: =COUNTIF(F3:F400, "APAGADO") -> 0 | G1: =COUNTIF(G3:G400, "APAGADO") -> 0 | H1: =COUNTIF(H3:H500, "APAGADO") -> 0 | I1: =COUNTIF(I3:I400, "APAGADO") -> 0 | J1: =COUNTIF(J3:J400, "APAGADO") -> 0 | K1: =COUNTIF(K3:K400, "APAGADO") -> 0 | L1: =COUNTIF(L3:L400, "APAGADO") -> 0 | M1: =COUNTIF(M3:M400, "APAGADO") -> 0 | N1: =COUNTIF(N3:N400, "APAGADO") -> 0 | O1: =COUNTIF(O3:O400, "APAGADO") -> 0 | P1: =COUNTIF(P3:P400, "APAGADO") -> 0 | ... AD1: =COUNTIF(AD3:AD400, "APAGADO") -> 0 | AE1: =COUNTIF(AE3:AE500, "APAGADO") -> 0 | AF1: =COUNTIF(AF3:AF400, "APAGADO") -> 0 | AG1: =COUNTIF(AG3:AG400, "APAGADO") -> 0 | AH1: =COUNTIF(AH3:AH400, "APAGADO") -> 0 | AI1: =COUNTIF(AI3:AI400, "APAGADO") -> 0
A2: =ESTADISTICA!A1 -> Barrio | B2: =ESTADISTICA!B1 -> [Denominacion] | C2: =ESTADISTICA!C1 -> [Ubicacion] | D2: =ESTADISTICA!D1 -> [Tipo de Camara] | E2: =ESTADISTICA!E1 -> [Tipo de Conexion] | F2: =ESTADISTICA!F1 -> 44927 | G2: =ESTADISTICA!G1 -> 44928 | H2: =ESTADISTICA!H1 -> 44929 | ... AI2: =ESTADISTICA!AI1 -> 44956
A3: =ESTADISTICA!A2 -> ALTAMIRA | B3: =ESTADISTICA!B2 -> ALT01 | C3: =ESTADISTICA!C2 -> Calchaqui y Sgto. Cabral | D3: =ESTADISTICA!D2 -> Domo | E3: =ESTADISTICA!E2 -> Fibra Optica | F3: =ESTADISTICA!F2 -> 0 | G3: =ESTADISTICA!G2 -> 0 | H3: =ESTADISTICA!H2 -> 0 | ... AI3: =ESTADISTICA!AI2 -> 0
A4: =ESTADISTICA!A3 -> ALTAMIRA | B4: =ESTADISTICA!B3 -> ALT02 | C4: =ESTADISTICA!C3 -> Calchaqui y Lope de Vega | D4: =ESTADISTICA!D3 -> Domo | E4: =ESTADISTICA!E3 -> PTO A FO | F4: =ESTADISTICA!F3 -> 0 | G4: =ESTADISTICA!G3 -> 0 | H4: =ESTADISTICA!H3 -> 0 | ... AI4: =ESTADISTICA!AI3 -> 0
A5: =ESTADISTICA!A4 -> ALTAMIRA | B5: =ESTADISTICA!B4 -> ALT 03 | C5: =ESTADISTICA!C4 -> Bombero Galarza y Necochea | D5: =ESTADISTICA!D4 -> Domo | E5: =ESTADISTICA!E4 -> FIBRA OPTICA | F5: =ESTADISTICA!F4 -> 0 | G5: =ESTADISTICA!G4 -> 0 | H5: =ESTADISTICA!H4 -> 0 | ... AI5: =ESTADISTICA!AI4 -> 0
A6: =ESTADISTICA!A5 -> ALTAMIRA | B6: =ESTADISTICA!B5 -> ALT 04 | C6: =ESTADISTICA!C5 -> Francia y Necochea | D6: =ESTADISTICA!D5 -> Domo | E6: =ESTADISTICA!E5 -> FIBRA OPTICA | F6: =ESTADISTICA!F5 -> 0 | G6: =ESTADISTICA!G5 -> 0 | H6: =ESTADISTICA!H5 -> 0 | ... AI6: =ESTADISTICA!AI5 -> 0
A7: =ESTADISTICA!A6 -> ALTAMIRA | B7: =ESTADISTICA!B6 -> ALT05 | C7: =ESTADISTICA!C6 -> Av. Calchaqui y Bombero Galarza | D7: =ESTADISTICA!D6 -> Domo | E7: =ESTADISTICA!E6 -> PTO A FO | F7: =ESTADISTICA!F6 -> 0 | G7: =ESTADISTICA!G6 -> 0 | H7: =ESTADISTICA!H6 -> 0 | ... AI7: =ESTADISTICA!AI6 -> 0
A8: =ESTADISTICA!A7 -> ALTAMIRA | B8: =ESTADISTICA!B7 -> ALT 06 | C8: =ESTADISTICA!C7 -> LOPE DE VEGA Y NECOCHEA | D8: =ESTADISTICA!D7 -> Domo | E8: =ESTADISTICA!E7 -> PTO A FO | F8: =ESTADISTICA!F7 -> 0 | G8: =ESTADISTICA!G7 -> 0 | H8: =ESTADISTICA!H7 -> 0 | ... AI8: =ESTADISTICA!AI7 -> 0
A9: =ESTADISTICA!A8 -> ALTAMIRA | B9: =ESTADISTICA!B8 -> ALT07 | C9: =ESTADISTICA!C8 -> AV. CALCHAQUI Y AV. DEL TRABAJO | D9: =ESTADISTICA!D8 -> DOMO | E9: =ESTADISTICA!E8 -> PTO A FO | F9: =ESTADISTICA!F8 -> 0 | G9: =ESTADISTICA!G8 -> 0 | H9: =ESTADISTICA!H8 -> 0 | ... AI9: =ESTADISTICA!AI8 -> 0
A10: =ESTADISTICA!A9 -> ALTAMIRA | B10: =ESTADISTICA!B9 -> ALT 08 | C10: =ESTADISTICA!C9 -> HUMAITA Y NECOCHEA | D10: =ESTADISTICA!D9 -> DOMO | E10: =ESTADISTICA!E9 -> Fibra Optica | F10: =ESTADISTICA!F9 -> 0 | G10: =ESTADISTICA!G9 -> 0 | H10: =ESTADISTICA!H9 -> 0 | ... AI10: =ESTADISTICA!AI9 -> 0
A11: =ESTADISTICA!A10 -> ALTAMIRA | B11: =ESTADISTICA!B10 -> ALT 09 | C11: =ESTADISTICA!C10 -> NECOCHEA Y CURUPAITY | D11: =ESTADISTICA!D10 -> DOMO | E11: =ESTADISTICA!E10 -> Fibra Optica | F11: =ESTADISTICA!F10 -> 0 | G11: =ESTADISTICA!G10 -> 0 | H11: =ESTADISTICA!H10 -> 0 | ... AI11: =ESTADISTICA!AI10 -> 0
A12: =ESTADISTICA!A11 -> ALTAMIRA | B12: =ESTADISTICA!B11 -> ALT 10 | C12: =ESTADISTICA!C11 -> Calchaqui y Francia | D12: =ESTADISTICA!D11 -> Domo | E12: =ESTADISTICA!E11 -> Radio | F12: =ESTADISTICA!F11 -> 0 | G12: =ESTADISTICA!G11 -> 0 | H12: =ESTADISTICA!H11 -> 0 | ... AI12: =ESTADISTICA!AI11 -> 0
A13: =ESTADISTICA!A12 -> AGUSTIN RAMIREZ | B13: =ESTADISTICA!B12 -> ARA 01 | C13: =ESTADISTICA!C12 -> Malambo y Tranquera | D13: =ESTADISTICA!D12 -> Domo | E13: =ESTADISTICA!E12 -> FIBRA OPTICA | F13: =ESTADISTICA!F12 -> 0 | G13: =ESTADISTICA!G12 -> 0 | H13: =ESTADISTICA!H12 -> 0 | ... AI13: =ESTADISTICA!AI12 -> 0
... A513: =ESTADISTICA!A512 -> 0 | B513: =ESTADISTICA!B512 -> 0 | C513: =ESTADISTICA!C512 -> 0 | D513: =ESTADISTICA!D512 -> 0 | E513: =ESTADISTICA!E512 -> 0 | F513: =ESTADISTICA!F512 -> 0 | G513: =ESTADISTICA!G512 -> 0 | H513: =ESTADISTICA!H512 -> 0 | ... AI513: =ESTADISTICA!AI512 -> 0

Sheet APAGADOS FIBRA
C1: TOTAL FIBRA | D1: =COUNTIFS(E4:E400,"=Fibra Optica") -> 267
E2: APAGADOS | F2: =COUNTIFS(F4:F500, "=APAGADO",E4:E500,"=Fibra Optica") -> 0 | G2: =COUNTIFS(G4:G500, "=APAGADO",E4:E500,"=Fibra Optica") -> 0 | H2: =COUNTIFS(H4:H500, "=APAGADO",E4:E500,"=Fibra Optica") -> 0 | I2: =COUNTIFS(I4:I500, "=APAGADO",E4:E500,"=Fibra Optica") -> 0 | J2: =COUNTIFS(J4:J500, "=APAGADO",E4:E500,"=Fibra Optica") -> 0 | K2: =COUNTIFS(K4:K500, "=APAGADO",E4:E500,"=Fibra Optica") -> 0 | L2: =COUNTIFS(L4:L500, "=APAGADO",E4:E500,"=Fibra Optica") -> 0 | M2: =COUNTIFS(M4:M500, "=APAGADO",E4:E500,"=Fibra Optica") -> 0 | N2: =COUNTIFS(N4:N500, "=APAGADO",E4:E500,"=Fibra Optica") -> 0 | O2: =COUNTIFS(O4:O500, "=APAGADO",E4:E500,"=Fibra Optica") -> 0 | P2: =COUNTIFS(P4:P500, "=APAGADO",E4:E500,"=Fibra Optica") -> 0 | Q2: =COUNTIFS(Q4:Q500, "=APAGADO",E4:E500,"=Fibra Optica") -> 2 | R2: =COUNTIFS(R4:R500, "=APAGADO",E4:E500,"=Fibra Optica") -> 0 | S2: =COUNTIFS(S4:S500, "=APAGADO",E4:E500,"=Fibra Optica") -> 0 | T2: =COUNTIFS(T4:T500, "=APAGADO",E4:E500,"=Fibra Optica") -> 7 | U2: =COUNTIFS(U4:U500, "=APAGADO",E4:E500,"=Fibra Optica") -> 0 | V2: =COUNTIFS(V4:V500, "=APAGADO",E4:E500,"=Fibra Optica") -> 0 | W2: =COUNTIFS(W4:W500, "=APAGADO",E4:E500,"=Fibra Optica") -> 0 | X2: =COUNTIFS(X4:X500, "=APAGADO",E4:E500,"=Fibra Optica") -> 0 | Y2: =COUNTIFS(Y4:Y500, "=APAGADO",E4:E500,"=Fibra Optica") -> 0 | Z2: =COUNTIFS(Z4:Z500, "=APAGADO",E4:E500,"=Fibra Optica") -> 0 | AA2: =COUNTIFS(AA4:AA500, "=APAGADO",E4:E500,"=Fibra Optica") -> 0 | AB2: =COUNTIFS(AB4:AB500, "=APAGADO",E4:E500,"=Fibra Optica") -> 0 | AC2: =COUNTIFS(AC4:AC500, "=APAGADO",E4:E500,"=Fibra Optica") -> 0 | AD2: =COUNTIFS(AD4:AD500, "=APAGADO",E4:E500,"=Fibra Optica") -> 0 | AE2: =COUNTIFS(AE4:AE500, "=APAGADO",E4:E500,"=Fibra Optica") -> 0 | AF2: =COUNTIFS(AF4:AF500, "=APAGADO",E4:E500,"=Fibra Optica") -> 0 | AG2: =COUNTIFS(AG4:AG500, "=APAGADO",E4:E500,"=Fibra Optica") -> 0 | AH2: =COUNTIFS(AH4:AH500, "=APAGADO",E4:E500,"=Fibra Optica") -> 0 | AI2: =COUNTIFS(AI4:AI400, "=APAGADO",E4:E400,"=Fibra Optica") -> 0
A3: =ESTADISTICA!A1 -> Barrio | B3: =ESTADISTICA!B1 -> [Denominacion] | C3: =ESTADISTICA!C1 -> [Ubicacion] | D3: =ESTADISTICA!D1 -> [Tipo de Camara] | E3: =ESTADISTICA!E1 -> [Tipo de Conexion] | F3: =ESTADISTICA!F1 -> 44927 | G3: =ESTADISTICA!G1 -> 44928 | H3: =ESTADISTICA!H1 -> 44929 | ... AI3: =ESTADISTICA!AI1 -> 44956
A4: =ESTADISTICA!A2 -> ALTAMIRA | B4: =ESTADISTICA!B2 -> ALT01 | C4: =ESTADISTICA!C2 -> Calchaqui y Sgto. Cabral | D4: =ESTADISTICA!D2 -> Domo | E4: =ESTADISTICA!E2 -> Fibra Optica | F4: =ESTADISTICA!F2 -> 0 | G4: =ESTADISTICA!G2 -> 0 | H4: =ESTADISTICA!H2 -> 0 | ... AI4: =ESTADISTICA!AI2 -> 0
A5: =ESTADISTICA!A3 -> ALTAMIRA | B5: =ESTADISTICA!B3 -> ALT02 | C5: =ESTADISTICA!C3 -> Calchaqui y Lope de Vega | D5: =ESTADISTICA!D3 -> Domo | E5: =ESTADISTICA!E3 -> PTO A FO | F5: =ESTADISTICA!F3 -> 0 | G5: =ESTADISTICA!G3 -> 0 | H5: =ESTADISTICA!H3 -> 0 | ... AI5: =ESTADISTICA!AI3 -> 0
A6: =ESTADISTICA!A4 -> ALTAMIRA | B6: =ESTADISTICA!B4 -> ALT 03 | C6: =ESTADISTICA!C4 -> Bombero Galarza y Necochea | D6: =ESTADISTICA!D4 -> Domo | E6: =ESTADISTICA!E4 -> FIBRA OPTICA | F6: =ESTADISTICA!F4 -> 0 | G6: =ESTADISTICA!G4 -> 0 | H6: =ESTADISTICA!H4 -> 0 | ... AI6: =ESTADISTICA!AI4 -> 0
A7: =ESTADISTICA!A5 -> ALTAMIRA | B7: =ESTADISTICA!B5 -> ALT 04 | C7: =ESTADISTICA!C5 -> Francia y Necochea | D7: =ESTADISTICA!D5 -> Domo | E7: =ESTADISTICA!E5 -> FIBRA OPTICA | F7: =ESTADISTICA!F5 -> 0 | G7: =ESTADISTICA!G5 -> 0 | H7: =ESTADISTICA!H5 -> 0 | ... AI7: =ESTADISTICA!AI5 -> 0
A8: =ESTADISTICA!A6 -> ALTAMIRA | B8: =ESTADISTICA!B6 -> ALT05 | C8: =ESTADISTICA!C6 -> Av. Calchaqui y Bombero Galarza | D8: =ESTADISTICA!D6 -> Domo | E8: =ESTADISTICA!E6 -> PTO A FO | F8: =ESTADISTICA!F6 -> 0 | G8: =ESTADISTICA!G6 -> 0 | H8: =ESTADISTICA!H6 -> 0 | ... AI8: =ESTADISTICA!AI6 -> 0
A9: =ESTADISTICA!A7 -> ALTAMIRA | B9: =ESTADISTICA!B7 -> ALT 06 | C9: =ESTADISTICA!C7 -> LOPE DE VEGA Y NECOCHEA | D9: =ESTADISTICA!D7 -> Domo | E9: =ESTADISTICA!E7 -> PTO A FO | F9: =ESTADISTICA!F7 -> 0 | G9: =ESTADISTICA!G7 -> 0 | H9: =ESTADISTICA!H7 -> 0 | ... AI9: =ESTADISTICA!AI7 -> 0
A10: =ESTADISTICA!A8 -> ALTAMIRA | B10: =ESTADISTICA!B8 -> ALT07 | C10: =ESTADISTICA!C8 -> AV. CALCHAQUI Y AV. DEL TRABAJO | D10: =ESTADISTICA!D8 -> DOMO | E10: =ESTADISTICA!E8 -> PTO A FO | F10: =ESTADISTICA!F8 -> 0 | G10: =ESTADISTICA!G8 -> 0 | H10: =ESTADISTICA!H8 -> 0 | ... AI10: =ESTADISTICA!AI8 -> 0
A11: =ESTADISTICA!A9 -> ALTAMIRA | B11: =ESTADISTICA!B9 -> ALT 08 | C11: =ESTADISTICA!C9 -> HUMAITA Y NECOCHEA | D11: =ESTADISTICA!D9 -> DOMO | E11: =ESTADISTICA!E9 -> Fibra Optica | F11: =ESTADISTICA!F9 -> 0 | G11: =ESTADISTICA!G9 -> 0 | H11: =ESTADISTICA!H9 -> 0 | ... AI11: =ESTADISTICA!AI9 -> 0
A12: =ESTADISTICA!A10 -> ALTAMIRA | B12: =ESTADISTICA!B10 -> ALT 09 | C12: =ESTADISTICA!C10 -> NECOCHEA Y CURUPAITY | D12: =ESTADISTICA!D10 -> DOMO | E12: =ESTADISTICA!E10 -> Fibra Optica | F12: =ESTADISTICA!F10 -> 0 | G12: =ESTADISTICA!G10 -> 0 | H12: =ESTADISTICA!H10 -> 0 | ... AI12: =ESTADISTICA!AI10 -> 0
A13: =ESTADISTICA!A11 -> ALTAMIRA | B13: =ESTADISTICA!B11 -> ALT 10 | C13: =ESTADISTICA!C11 -> Calchaqui y Francia | D13: =ESTADISTICA!D11 -> Domo | E13: =ESTADISTICA!E11 -> Radio | F13: =ESTADISTICA!F11 -> 0 | G13: =ESTADISTICA!G11 -> 0 | H13: =ESTADISTICA!H11 -> 0 | ... AI13: =ESTADISTICA!AI11 -> 0
A14: =ESTADISTICA!A12 -> AGUSTIN RAMIREZ | B14: =ESTADISTICA!B12 -> ARA 01 | C14: =ESTADISTICA!C12 -> Malambo y Tranquera | D14: =ESTADISTICA!D12 -> Domo | E14: =ESTADISTICA!E12 -> FIBRA OPTICA | F14: =ESTADISTICA!F12 -> 0 | G14: =ESTADISTICA!G12 -> 0 | H14: =ESTADISTICA!H12 -> 0 | ... AI14: =ESTADISTICA!AI12 -> 0
... A601: =ESTADISTICA!A599 -> 0 | B601: =ESTADISTICA!B599 -> 0 | C601: =ESTADISTICA!C599 -> 0 | D601: =ESTADISTICA!D599 -> 0 | E601: =ESTADISTICA!E599 -> 0 | F601: =ESTADISTICA!F599 -> 0 | G601: =ESTADISTICA!G599 -> 0 | H601: =ESTADISTICA!H599 -> 0 | ... AI601: =ESTADISTICA!AI599 -> 0

Sheet APAGADOS ANTENA
C1: TOTAL PTO A FO
E2: APAGADOS | F2: =COUNTIFS(F4:F500, "=APAGADO",E4:E500,"=PTO A FO") -> 0 | G2: =COUNTIFS(G4:G500, "=APAGADO",E4:E500,"=PTO A FO") -> 0 | H2: =COUNTIFS(H4:H500, "=APAGADO",E4:E500,"=PTO A FO") -> 0 | I2: =COUNTIFS(I4:I500, "=APAGADO",E4:E500,"=PTO A FO") -> 0 | J2: =COUNTIFS(J4:J500, "=APAGADO",E4:E500,"=PTO A FO") -> 0 | K2: =COUNTIFS(K4:K500, "=APAGADO",E4:E500,"=PTO A FO") -> 0 | L2: =COUNTIFS(L4:L500, "=APAGADO",E4:E500,"=PTO A FO") -> 0 | M2: =COUNTIFS(M4:M500, "=APAGADO",E4:E500,"=PTO A FO") -> 0 | N2: =COUNTIFS(N4:N500, "=APAGADO",E4:E500,"=PTO A FO") -> 0 | O2: =COUNTIFS(O4:O500, "=APAGADO",E4:E500,"=PTO A FO") -> 0 | P2: =COUNTIFS(P4:P500, "=APAGADO",E4:E500,"=PTO A FO") -> 0 | Q2: =COUNTIFS(Q4:Q500, "=APAGADO",E4:E500,"=PTO A FO") -> 1 | R2: =COUNTIFS(R4:R500, "=APAGADO",E4:E500,"=PTO A FO") -> 0 | S2: =COUNTIFS(S4:S500, "=APAGADO",E4:E500,"=PTO A FO") -> 0 | T2: =COUNTIFS(T4:T500, "=APAGADO",E4:E500,"=PTO A FO") -> 2 | U2: =COUNTIFS(U4:U500, "=APAGADO",E4:E500,"=PTO A FO") -> 0 | V2: =COUNTIFS(V4:V500, "=APAGADO",E4:E500,"=PTO A FO") -> 0 | W2: =COUNTIFS(W4:W500, "=APAGADO",E4:E500,"=PTO A FO") -> 0 | X2: =COUNTIFS(X4:X500, "=APAGADO",E4:E500,"=PTO A FO") -> 0 | Y2: =COUNTIFS(Y4:Y500, "=APAGADO",E4:E500,"=PTO A FO") -> 0 | Z2: =COUNTIFS(Z4:Z500, "=APAGADO",E4:E500,"=PTO A FO") -> 0 | AA2: =COUNTIFS(AA4:AA500, "=APAGADO",E4:E500,"=PTO A FO") -> 0 | AB2: =COUNTIFS(AB4:AB500, "=APAGADO",E4:E500,"=PTO A FO") -> 0 | AC2: =COUNTIFS(AC4:AC500, "=APAGADO",E4:E500,"=PTO A FO") -> 0 | AD2: =COUNTIFS(AD4:AD500, "=APAGADO",E4:E500,"=PTO A FO") -> 0 | AE2: =COUNTIFS(AE4:AE500, "=APAGADO",E4:E500,"=PTO A FO") -> 0 | AF2: =COUNTIFS(AF4:AF500, "=APAGADO",E4:E500,"=PTO A FO") -> 0 | AG2: =COUNTIFS(AG4:AG500, "=APAGADO",E4:E500,"=PTO A FO") -> 0 | AH2: =COUNTIFS(AH4:AH500, "=APAGADO",E4:E500,"=PTO A FO") -> 0 | AI2: =COUNTIFS(AI4:AI500, "=APAGADO",E4:E500,"=PTO A FO") -> 0
A3: =ESTADISTICA!A1 -> Barrio | B3: =ESTADISTICA!B1 -> [Denominacion] | C3: =ESTADISTICA!C1 -> [Ubicacion] | D3: =ESTADISTICA!D1 -> [Tipo de Camara] | E3: =ESTADISTICA!E1 -> [Tipo de Conexion] | F3: =ESTADISTICA!F1 -> 44927 | G3: =ESTADISTICA!G1 -> 44928 | H3: =ESTADISTICA!H1 -> 44929 | ... AI3: =ESTADISTICA!AI1 -> 44956
A4: =ESTADISTICA!A2 -> ALTAMIRA | B4: =ESTADISTICA!B2 -> ALT01 | C4: =ESTADISTICA!C2 -> Calchaqui y Sgto. Cabral | D4: =ESTADISTICA!D2 -> Domo | E4: =ESTADISTICA!E2 -> Fibra Optica | F4: =ESTADISTICA!F2 -> 0 | G4: =ESTADISTICA!G2 -> 0 | H4: =ESTADISTICA!H2 -> 0 | ... AI4: =ESTADISTICA!AI2 -> 0
A5: =ESTADISTICA!A3 -> ALTAMIRA | B5: =ESTADISTICA!B3 -> ALT02 | C5: =ESTADISTICA!C3 -> Calchaqui y Lope de Vega | D5: =ESTADISTICA!D3 -> Domo | E5: =ESTADISTICA!E3 -> PTO A FO | F5: =ESTADISTICA!F3 -> 0 | G5: =ESTADISTICA!G3 -> 0 | H5: =ESTADISTICA!H3 -> 0 | ... AI5: =ESTADISTICA!AI3 -> 0
A6: =ESTADISTICA!A4 -> ALTAMIRA | B6: =ESTADISTICA!B4 -> ALT 03 | C6: =ESTADISTICA!C4 -> Bombero Galarza y Necochea | D6: =ESTADISTICA!D4 -> Domo | E6: =ESTADISTICA!E4 -> FIBRA OPTICA | F6: =ESTADISTICA!F4 -> 0 | G6: =ESTADISTICA!G4 -> 0 | H6: =ESTADISTICA!H4 -> 0 | ... AI6: =ESTADISTICA!AI4 -> 0
A7: =ESTADISTICA!A5 -> ALTAMIRA | B7: =ESTADISTICA!B5 -> ALT 04 | C7: =ESTADISTICA!C5 -> Francia y Necochea | D7: =ESTADISTICA!D5 -> Domo | E7: =ESTADISTICA!E5 -> FIBRA OPTICA | F7: =ESTADISTICA!F5 -> 0 | G7: =ESTADISTICA!G5 -> 0 | H7: =ESTADISTICA!H5 -> 0 | ... AI7: =ESTADISTICA!AI5 -> 0
A8: =ESTADISTICA!A6 -> ALTAMIRA | B8: =ESTADISTICA!B6 -> ALT05 | C8: =ESTADISTICA!C6 -> Av. Calchaqui y Bombero Galarza | D8: =ESTADISTICA!D6 -> Domo | E8: =ESTADISTICA!E6 -> PTO A FO | F8: =ESTADISTICA!F6 -> 0 | G8: =ESTADISTICA!G6 -> 0 | H8: =ESTADISTICA!H6 -> 0 | ... AI8: =ESTADISTICA!AI6 -> 0
A9: =ESTADISTICA!A7 -> ALTAMIRA | B9: =ESTADISTICA!B7 -> ALT 06 | C9: =ESTADISTICA!C7 -> LOPE DE VEGA Y NECOCHEA | D9: =ESTADISTICA!D7 -> Domo | E9: =ESTADISTICA!E7 -> PTO A FO | F9: =ESTADISTICA!F7 -> 0 | G9: =ESTADISTICA!G7 -> 0 | H9: =ESTADISTICA!H7 -> 0 | ... AI9: =ESTADISTICA!AI7 -> 0
A10: =ESTADISTICA!A8 -> ALTAMIRA | B10: =ESTADISTICA!B8 -> ALT07 | C10: =ESTADISTICA!C8 -> AV. CALCHAQUI Y AV. DEL TRABAJO | D10: =ESTADISTICA!D8 -> DOMO | E10: =ESTADISTICA!E8 -> PTO A FO | F10: =ESTADISTICA!F8 -> 0 | G10: =ESTADISTICA!G8 -> 0 | H10: =ESTADISTICA!H8 -> 0 | ... AI10: =ESTADISTICA!AI8 -> 0
A11: =ESTADISTICA!A9 -> ALTAMIRA | B11: =ESTADISTICA!B9 -> ALT 08 | C11: =ESTADISTICA!C9 -> HUMAITA Y NECOCHEA | D11: =ESTADISTICA!D9 -> DOMO | E11: =ESTADISTICA!E9 -> Fibra Optica | F11: =ESTADISTICA!F9 -> 0 | G11: =ESTADISTICA!G9 -> 0 | H11: =ESTADISTICA!H9 -> 0 | ... AI11: =ESTADISTICA!AI9 -> 0
A12: =ESTADISTICA!A10 -> ALTAMIRA | B12: =ESTADISTICA!B10 -> ALT 09 | C12: =ESTADISTICA!C10 -> NECOCHEA Y CURUPAITY | D12: =ESTADISTICA!D10 -> DOMO | E12: =ESTADISTICA!E10 -> Fibra Optica | F12: =ESTADISTICA!F10 -> 0 | G12: =ESTADISTICA!G10 -> 0 | H12: =ESTADISTICA!H10 -> 0 | ... AI12: =ESTADISTICA!AI10 -> 0
A13: =ESTADISTICA!A11 -> ALTAMIRA | B13: =ESTADISTICA!B11 -> ALT 10 | C13: =ESTADISTICA!C11 -> Calchaqui y Francia | D13: =ESTADISTICA!D11 -> Domo | E13: =ESTADISTICA!E11 -> Radio | F13: =ESTADISTICA!F11 -> 0 | G13: =ESTADISTICA!G11 -> 0 | H13: =ESTADISTICA!H11 -> 0 | ... AI13: =ESTADISTICA!AI11 -> 0
A14: =ESTADISTICA!A12 -> AGUSTIN RAMIREZ | B14: =ESTADISTICA!B12 -> ARA 01 | C14: =ESTADISTICA!C12 -> Malambo y Tranquera | D14: =ESTADISTICA!D12 -> Domo | E14: =ESTADISTICA!E12 -> FIBRA OPTICA | F14: =ESTADISTICA!F12 -> 0 | G14: =ESTADISTICA!G12 -> 0 | H14: =ESTADISTICA!H12 -> 0 | ... AI14: =ESTADISTICA!AI12 -> 0
... A539: =ESTADISTICA!A537 -> 0 | B539: =ESTADISTICA!B537 -> 0 | C539: =ESTADISTICA!C537 -> 0 | D539: =ESTADISTICA!D537 -> 0 | E539: =ESTADISTICA!E537 -> 0 | F539: =ESTADISTICA!F537 -> 0 | G539: =ESTADISTICA!G537 -> 0 | H539: =ESTADISTICA!H537 -> 0 | ... AI539: =ESTADISTICA!AI537 -> 0

Sheet APAGADOS RADIO
C1: TOTAL RADIO | D1: =COUNTIFS(E4:E400,"=radio") -> 94
E2: APAGADOS | F2: =COUNTIFS(F4:F500, "=APAGADO",E4:E500,"=radio") -> 0 | G2: =COUNTIFS(G4:G500, "=APAGADO",E4:E500,"=radio") -> 0 | H2: =COUNTIFS(H4:H500, "=APAGADO",E4:E500,"=radio") -> 0 | I2: =COUNTIFS(I4:I500, "=APAGADO",E4:E500,"=radio") -> 0 | J2: =COUNTIFS(J4:J500, "=APAGADO",E4:E500,"=radio") -> 0 | K2: =COUNTIFS(K4:K500, "=APAGADO",E4:E500,"=radio") -> 0 | L2: =COUNTIFS(L4:L500, "=APAGADO",E4:E500,"=radio") -> 0 | M2: =COUNTIFS(M4:M500, "=APAGADO",E4:E500,"=radio") -> 0 | N2: =COUNTIFS(N4:N500, "=APAGADO",E4:E500,"=radio") -> 0 | O2: =COUNTIFS(O4:O500, "=APAGADO",E4:E500,"=radio") -> 0 | P2: =COUNTIFS(P4:P500, "=APAGADO",E4:E500,"=radio") -> 0 | Q2: =COUNTIFS(Q4:Q367, "=APAGADO",E4:E367,"=radio") -> 0 | R2: =COUNTIFS(R4:R500, "=APAGADO",E4:E500,"=radio") -> 0 | S2: =COUNTIFS(S4:S500, "=APAGADO",E4:E500,"=radio") -> 0 | T2: =COUNTIFS(T4:T500, "=APAGADO",E4:E500,"=radio") -> 0 | U2: =COUNTIFS(U4:U500, "=APAGADO",E4:E500,"=radio") -> 0 | V2: =COUNTIFS(V4:V500, "=APAGADO",E4:E500,"=radio") -> 0 | W2: =COUNTIFS(W4:W500, "=APAGADO",E4:E500,"=radio") -> 0 | X2: =COUNTIFS(X4:X500, "=APAGADO",E4:E500,"=radio") -> 0 | Y2: =COUNTIFS(Y4:Y500, "=APAGADO",E4:E500,"=radio") -> 0 | Z2: =COUNTIFS(Z4:Z500, "=APAGADO",E4:E500,"=radio") -> 0 | AA2: =COUNTIFS(AA4:AA500, "=APAGADO",E4:E500,"=radio") -> 0 | AB2: =COUNTIFS(AB4:AB500, "=APAGADO",E4:E500,"=radio") -> 0 | AC2: =COUNTIFS(AC4:AC500, "=APAGADO",E4:E500,"=radio") -> 0 | AD2: =COUNTIFS(AD4:AD500, "=APAGADO",E4:E500,"=radio") -> 0 | AE2: =COUNTIFS(AE4:AE500, "=APAGADO",E4:E500,"=radio") -> 0 | AF2: =COUNTIFS(AF4:AF500, "=APAGADO",E4:E500,"=radio") -> 0 | AG2: =COUNTIFS(AG4:AG500, "=APAGADO",E4:E500,"=radio") -> 0 | AH2: =COUNTIFS(AH4:AH500, "=APAGADO",E4:E500,"=radio") -> 0 | AI2: =COUNTIFS(AI4:AI500, "=APAGADO",E4:E500,"=radio") -> 0
A3: =ESTADISTICA!A1 -> Barrio | B3: =ESTADISTICA!B1 -> [Denominacion] | C3: =ESTADISTICA!C1 -> [Ubicacion] | D3: =ESTADISTICA!D1 -> [Tipo de Camara] | E3: =ESTADISTICA!E1 -> [Tipo de Conexion] | F3: =ESTADISTICA!F1 -> 44927 | G3: =ESTADISTICA!G1 -> 44928 | H3: =ESTADISTICA!H1 -> 44929 | ... AI3: =ESTADISTICA!AI1 -> 44956
A4: =ESTADISTICA!A2 -> ALTAMIRA | B4: =ESTADISTICA!B2 -> ALT01 | C4: =ESTADISTICA!C2 -> Calchaqui y Sgto. Cabral | D4: =ESTADISTICA!D2 -> Domo | E4: =ESTADISTICA!E2 -> Fibra Optica | F4: =ESTADISTICA!F2 -> 0 | G4: =ESTADISTICA!G2 -> 0 | H4: =ESTADISTICA!H2 -> 0 | ... AI4: =ESTADISTICA!AI2 -> 0
A5: =ESTADISTICA!A3 -> ALTAMIRA | B5: =ESTADISTICA!B3 -> ALT02 | C5: =ESTADISTICA!C3 -> Calchaqui y Lope de Vega | D5: =ESTADISTICA!D3 -> Domo | E5: =ESTADISTICA!E3 -> PTO A FO | F5: =ESTADISTICA!F3 -> 0 | G5: =ESTADISTICA!G3 -> 0 | H5: =ESTADISTICA!H3 -> 0 | ... AI5: =ESTADISTICA!AI3 -> 0
A6: =ESTADISTICA!A4 -> ALTAMIRA | B6: =ESTADISTICA!B4 -> ALT 03 | C6: =ESTADISTICA!C4 -> Bombero Galarza y Necochea | D6: =ESTADISTICA!D4 -> Domo | E6: =ESTADISTICA!E4 -> FIBRA OPTICA | F6: =ESTADISTICA!F4 -> 0 | G6: =ESTADISTICA!G4 -> 0 | H6: =ESTADISTICA!H4 -> 0 | ... AI6: =ESTADISTICA!AI4 -> 0
A7: =ESTADISTICA!A5 -> ALTAMIRA | B7: =ESTADISTICA!B5 -> ALT 04 | C7: =ESTADISTICA!C5 -> Francia y Necochea | D7: =ESTADISTICA!D5 -> Domo | E7: =ESTADISTICA!E5 -> FIBRA OPTICA | F7: =ESTADISTICA!F5 -> 0 | G7: =ESTADISTICA!G5 -> 0 | H7: =ESTADISTICA!H5 -> 0 | ... AI7: =ESTADISTICA!AI5 -> 0
A8: =ESTADISTICA!A6 -> ALTAMIRA | B8: =ESTADISTICA!B6 -> ALT05 | C8: =ESTADISTICA!C6 -> Av. Calchaqui y Bombero Galarza | D8: =ESTADISTICA!D6 -> Domo | E8: =ESTADISTICA!E6 -> PTO A FO | F8: =ESTADISTICA!F6 -> 0 | G8: =ESTADISTICA!G6 -> 0 | H8: =ESTADISTICA!H6 -> 0 | ... AI8: =ESTADISTICA!AI6 -> 0
A9: =ESTADISTICA!A7 -> ALTAMIRA | B9: =ESTADISTICA!B7 -> ALT 06 | C9: =ESTADISTICA!C7 -> LOPE DE VEGA Y NECOCHEA | D9: =ESTADISTICA!D7 -> Domo | E9: =ESTADISTICA!E7 -> PTO A FO | F9: =ESTADISTICA!F7 -> 0 | G9: =ESTADISTICA!G7 -> 0 | H9: =ESTADISTICA!H7 -> 0 | ... AI9: =ESTADISTICA!AI7 -> 0
A10: =ESTADISTICA!A8 -> ALTAMIRA | B10: =ESTADISTICA!B8 -> ALT07 | C10: =ESTADISTICA!C8 -> AV. CALCHAQUI Y AV. DEL TRABAJO | D10: =ESTADISTICA!D8 -> DOMO | E10: =ESTADISTICA!E8 -> PTO A FO | F10: =ESTADISTICA!F8 -> 0 | G10: =ESTADISTICA!G8 -> 0 | H10: =ESTADISTICA!H8 -> 0 | ... AI10: =ESTADISTICA!AI8 -> 0
A11: =ESTADISTICA!A9 -> ALTAMIRA | B11: =ESTADISTICA!B9 -> ALT 08 | C11: =ESTADISTICA!C9 -> HUMAITA Y NECOCHEA | D11: =ESTADISTICA!D9 -> DOMO | E11: =ESTADISTICA!E9 -> Fibra Optica | F11: =ESTADISTICA!F9 -> 0 | G11: =ESTADISTICA!G9 -> 0 | H11: =ESTADISTICA!H9 -> 0 | ... AI11: =ESTADISTICA!AI9 -> 0
A12: =ESTADISTICA!A10 -> ALTAMIRA | B12: =ESTADISTICA!B10 -> ALT 09 | C12: =ESTADISTICA!C10 -> NECOCHEA Y CURUPAITY | D12: =ESTADISTICA!D10 -> DOMO | E12: =ESTADISTICA!E10 -> Fibra Optica | F12: =ESTADISTICA!F10 -> 0 | G12: =ESTADISTICA!G10 -> 0 | H12: =ESTADISTICA!H10 -> 0 | ... AI12: =ESTADISTICA!AI10 -> 0
A13: =ESTADISTICA!A11 -> ALTAMIRA | B13: =ESTADISTICA!B11 -> ALT 10 | C13: =ESTADISTICA!C11 -> Calchaqui y Francia | D13: =ESTADISTICA!D11 -> Domo | E13: =ESTADISTICA!E11 -> Radio | F13: =ESTADISTICA!F11 -> 0 | G13: =ESTADISTICA!G11 -> 0 | H13: =ESTADISTICA!H11 -> 0 | ... AI13: =ESTADISTICA!AI11 -> 0
A14: =ESTADISTICA!A12 -> AGUSTIN RAMIREZ | B14: =ESTADISTICA!B12 -> ARA 01 | C14: =ESTADISTICA!C12 -> Malambo y Tranquera | D14: =ESTADISTICA!D12 -> Domo | E14: =ESTADISTICA!E12 -> FIBRA OPTICA | F14: =ESTADISTICA!F12 -> 0 | G14: =ESTADISTICA!G12 -> 0 | H14: =ESTADISTICA!H12 -> 0 | ... AI14: =ESTADISTICA!AI12 -> 0
... A686: =ESTADISTICA!A684 -> 0 | B686: =ESTADISTICA!B684 -> 0 | C686: =ESTADISTICA!C684 -> 0 | D686: =ESTADISTICA!D684 -> 0 | E686: =ESTADISTICA!E684 -> 0 | F686: =ESTADISTICA!F684 -> 0 | G686: =ESTADISTICA!G684 -> 0 | H686: =ESTADISTICA!H684 -> 0 | ... AI686: =ESTADISTICA!AI684 -> 0

Sheet BARRAS

Sheet PORCENTAJE

Sheet informe
B1: CANTIDAD | D1: %
A2: TOTAL | B2: 435 | E2: 44896 | F2: tormenta con granizo el 30-11, hoy lluvioso
A3: CAIDAS | B3: 135 | C3: 135 | D3: =C3/B2 -> 0.31034483
A4: LLEGAMOS NOSOTROS | B4: 5 | C4: =C3-B4 -> 130 | D4: =C4/B2 -> 0.29885057
A5: NO ESTA LA CAMARA | B5: 3 | C5: =C4-B5 -> 127 | D5: =C5/B2 -> 0.29195402
A6: RADIO | B6: 24 | C6: =C5-B6 -> 103 | D6: =C6/B2 -> 0.23678161
A7: TOTAL | B7: 435 | E7: 44897
A8: CAIDAS | B8: 113 | C8: 113 | D8: =C8/B7 -> 0.25977011
A9: LLEGAMOS NOSOTROS | B9: 4 | C9: =C8-B9 -> 109 | D9: =C9/B7 -> 0.25057471
A10: NO ESTA LA CAMARA | B10: 3 | C10: =C9-B10 -> 106 | D10: =C10/B7 -> 0.24367816
A11: RADIO | B11: 21 | C11: =C10-B11 -> 85 | D11: =C11/B7 -> 0.1954023
A12: TOTAL | B12: 435 | E12: 44900
A13: CAIDAS | B13: 98 | C13: 98 | D13: =C13/B12 -> 0.22528736
A14: LLEGAMOS NOSOTROS | B14: 2 | C14: =C13-B14 -> 96 | D14: =C14/B12 -> 0.22068966
A15: NO ESTA LA CAMARA | B15: 3 | C15: =C14-B15 -> 93 | D15: =C15/B12 -> 0.2137931
A16: RADIO | B16: 16 | C16: =C15-B16 -> 77 | D16: =C16/B12 -> 0.17701149
A17: TOTAL | B17: 435 | E17: 44901
A18: CAIDAS | B18: 82 | C18: 82 | D18: =C18/B17 -> 0.18850575
A19: LLEGAMOS NOSOTROS | B19: 3 | C19: =C18-B19 -> 79 | D19: =C19/B17 -> 0.1816092
A20: NO ESTA LA CAMARA | B20: 3 | C20: =C19-B20 -> 76 | D20: =C20/B17 -> 0.17471264
A21: RADIO | B21: 15 | C21: =C20-B21 -> 61 | D21: =C21/B17 -> 0.14022989
A22: TOTAL | B22: 435 | E22: 44908
A23: CAIDAS | B23: 78 | C23: 78 | D23: =C23/B22 -> 0.17931034
A24: LLEGAMOS NOSOTROS | B24: 0 | C24: =C23-B24 -> 78 | D24: =C24/B22 -> 0.17931034
A25: NO ESTA LA CAMARA | B25: 3 | C25: =C24-B25 -> 75 | D25: =C25/B22 -> 0.17241379
A26: RADIO | B26: 10 | C26: =C25-B26 -> 65 | D26: =C26/B22 -> 0.14942529
A27: TOTAL | B27: 436 | E27: 44914
A28: CAIDAS | B28: 38 | C28: 38 | D28: =C28/B27 -> 0.087155963
A29: LLEGAMOS NOSOTROS | B29: 1 | C29: =C28-B29 -> 37 | D29: =C29/B27 -> 0.084862385
A30: NO ESTA LA CAMARA | B30: 3 | C30: =C29-B30 -> 34 | D30: =C30/B27 -> 0.077981651
A31: RADIO | B31: 9 | C31: =C30-B31 -> 25 | D31: =C31/B27 -> 0.05733945
A32: TOTAL | B32: 436 | E32: 44916
A33: CAIDAS | B33: 36 | C33: 36 | D33: =C33/B32 -> 0.082568807
A34: LLEGAMOS NOSOTROS | B34: 0 | C34: =C33-B34 -> 36 | D34: =C34/B32 -> 0.082568807
A35: NO ESTA LA CAMARA | B35: 3 | C35: =C34-B35 -> 33 | D35: =C35/B32 -> 0.075688073
A36: RADIO | B36: 3 | C36: =C35-B36 -> 30 | D36: =C36/B32 -> 0.068807339
A37: TOTAL | B37: 436 | E37: 44921
A38: CAIDAS | B38: 32 | C38: 32 | D38: =C38/B37 -> 0.073394495
A39: LLEGAMOS NOSOTROS | B39: 0 | C39: =C38-B39 -> 32 | D39: =C39/B37 -> 0.073394495
A40: NO ESTA LA CAMARA | B40: 3 | C40: =C39-B40 -> 29 | D40: =C40/B37 -> 0.066513761
A41: RADIO | B41: 7 | C41: =C40-B41 -> 22 | D41: =C41/B37 -> 0.050458716
A42: TOTAL | B42: 436 | E42: 44922
A43: CAIDAS | B43: 40 | C43: 40 | D43: =C43/B42 -> 0.091743119
A44: LLEGAMOS NOSOTROS | B44: 0 | C44: =C43-B44 -> 40 | D44: =C44/B42 -> 0.091743119
A45: NO ESTA LA CAMARA | B45: 4 | C45: =C44-B45 -> 36 | D45: =C45/B42 -> 0.082568807
A46: RADIO | B46: 6 | C46: =C45-B46 -> 30 | D46: =C46/B42 -> 0.068807339
A47: TOTAL
A48: CAIDAS
A49: LLEGAMOS NOSOTROS
A50: NO ESTA LA CAMARA
A51: RADIO
A52: TOTAL
A53: CAIDAS
A54: LLEGAMOS NOSOTROS
A55: NO ESTA LA CAMARA
A56: RADIO
A57: TOTAL
A58: CAIDAS
... A76: RADIO

Sheet Hoja2
C3: CAMARAS | D3: 44922 | I3: CAMARAS | J3: 44922
B4: BONOMO | C4: =COUNTIFS('RESUMEN TOTAL'!C5:C504,"=BONOMO") -> 228 | D4: 29 | E4: 3 no esta la camara | F4: 6 de radio | H4: BONOMO | I4: 228 | J4: 20
D5: 0.12719298 | J5: 0.088
B6: COSEIDI | C6: =COUNTIFS('RESUMEN TOTAL'!C5:C504,"=COSEIDI") -> 207 | D6: 11 | E6: 1 no esta la camara | F6: 1 de radio | H6: COSEIDI | I6: 207 | J6: 11
D7: 0.053140097 | J7: 0.053140097

Sheet GRAFICO2

Sheet AUXILIAR
A1: FECHA | B1: RADIO | C1: FIBRA | D1: ANTENA | E1: TOTAL APAGADOS | F1: INSTALADAS | G1: % APAGADOS
A2: ='APAGADOS RADIO'!F3 -> 44927 | B2: ='APAGADOS RADIO'!F2+D2 -> 0 | C2: ='APAGADOS FIBRA'!F2 -> 0 | D2: ='APAGADOS ANTENA'!F2 -> 0 | E2: =B2+C2 -> 0 | F2: ='RESUMEN TOTAL'!B1 -> 435 | G2: =E2/F2 -> 0
A3: ='APAGADOS RADIO'!G3 -> 44928 | B3: ='APAGADOS RADIO'!G2+D3 -> 0 | C3: ='APAGADOS FIBRA'!G2 -> 0 | D3: ='APAGADOS ANTENA'!G2 -> 0 | E3: =B3+C3 -> 0 | F3: ='RESUMEN TOTAL'!B1 -> 435 | G3: =E3/F3 -> 0
A4: ='APAGADOS RADIO'!H3 -> 44929 | B4: ='APAGADOS RADIO'!H2+D4 -> 0 | C4: ='APAGADOS FIBRA'!H2 -> 0 | D4: ='APAGADOS ANTENA'!H2 -> 0 | E4: =B4+C4 -> 0 | F4: ='RESUMEN TOTAL'!B1 -> 435 | G4: =E4/F4 -> 0
A5: ='APAGADOS RADIO'!I3 -> 44930 | B5: ='APAGADOS RADIO'!I2+D5 -> 0 | C5: ='APAGADOS FIBRA'!I2 -> 0 | D5: ='APAGADOS ANTENA'!I2 -> 0 | E5: =B5+C5 -> 0 | F5: ='RESUMEN TOTAL'!B1 -> 435 | G5: =E5/F5 -> 0
A6: ='APAGADOS RADIO'!J3 -> 44931 | B6: ='APAGADOS RADIO'!J2+D6 -> 0 | C6: ='APAGADOS FIBRA'!J2 -> 0 | D6: ='APAGADOS ANTENA'!J2 -> 0 | E6: =B6+C6 -> 0 | F6: ='RESUMEN TOTAL'!B1 -> 435 | G6: =E6/F6 -> 0
A7: ='APAGADOS RADIO'!K3 -> 44932 | B7: ='APAGADOS RADIO'!K2+D7 -> 0 | C7: ='APAGADOS FIBRA'!K2 -> 0 | D7: ='APAGADOS ANTENA'!K2 -> 0 | E7: =B7+C7 -> 0 | F7: ='RESUMEN TOTAL'!B1 -> 435 | G7: =E7/F7 -> 0
A8: ='APAGADOS RADIO'!L3 -> 44933 | B8: ='APAGADOS RADIO'!L2+D8 -> 0 | C8: ='APAGADOS FIBRA'!L2 -> 0 | D8: ='APAGADOS ANTENA'!L2 -> 0 | E8: =B8+C8 -> 0 | F8: ='RESUMEN TOTAL'!B1 -> 435 | G8: =E8/F8 -> 0
A9: ='APAGADOS RADIO'!M3 -> 44934 | B9: ='APAGADOS RADIO'!M2+D9 -> 0 | C9: ='APAGADOS FIBRA'!M2 -> 0 | D9: ='APAGADOS ANTENA'!M2 -> 0 | E9: =B9+C9 -> 0 | F9: ='RESUMEN TOTAL'!B1 -> 435 | G9: =E9/F9 -> 0
A10: ='APAGADOS RADIO'!N3 -> 44935 | B10: ='APAGADOS RADIO'!N2+D10 -> 0 | C10: ='APAGADOS FIBRA'!N2 -> 0 | D10: ='APAGADOS ANTENA'!N2 -> 0 | E10: =B10+C10 -> 0 | F10: ='RESUMEN TOTAL'!B1 -> 435 | G10: =E10/F10 -> 0
A11: ='APAGADOS RADIO'!O3 -> 44936 | B11: ='APAGADOS RADIO'!O2+D11 -> 0 | C11: ='APAGADOS FIBRA'!O2 -> 0 | D11: ='APAGADOS ANTENA'!O2 -> 0 | E11: =B11+C11 -> 0 | F11: ='RESUMEN TOTAL'!B1 -> 435 | G11: =E11/F11 -> 0
A12: ='APAGADOS RADIO'!P3 -> 44937 | B12: ='APAGADOS RADIO'!P2+D12 -> 0 | C12: ='APAGADOS FIBRA'!P2 -> 0 | D12: ='APAGADOS ANTENA'!P2 -> 0 | E12: =B12+C12 -> 0 | F12: ='RESUMEN TOTAL'!B1 -> 435 | G12: =E12/F12 -> 0
A13: ='APAGADOS RADIO'!Q3 -> 44938 | B13: ='APAGADOS RADIO'!Q2+D13 -> 1 | C13: ='APAGADOS FIBRA'!Q2 -> 2 | D13: ='APAGADOS ANTENA'!Q2 -> 1 | E13: =B13+C13 -> 3 | F13: ='RESUMEN TOTAL'!B1 -> 435 | G13: =E13/F13 -> 0.0068965517
A14: ='APAGADOS RADIO'!R3 -> 44939 | B14: ='APAGADOS RADIO'!R2+D14 -> 0 | C14: ='APAGADOS FIBRA'!R2 -> 0 | D14: ='APAGADOS ANTENA'!R2 -> 0 | E14: =B14+C14 -> 0 | F14: ='RESUMEN TOTAL'!B1 -> 435 | G14: =E14/F14 -> 0
A15: ='APAGADOS RADIO'!S3 -> 44940 | B15: ='APAGADOS RADIO'!S2+D15 -> 0 | C15: ='APAGADOS FIBRA'!S2 -> 0 | D15: ='APAGADOS ANTENA'!S2 -> 0 | E15: =B15+C15 -> 0 | F15: ='RESUMEN TOTAL'!B1 -> 435 | G15: =E15/F15 -> 0
A16: ='APAGADOS RADIO'!T3 -> 44941 | B16: ='APAGADOS RADIO'!T2+D16 -> 2 | C16: ='APAGADOS FIBRA'!T2 -> 7 | D16: ='APAGADOS ANTENA'!T2 -> 2 | E16: =B16+C16 -> 9 | F16: ='RESUMEN TOTAL'!B1 -> 435 | G16: =E16/F16 -> 0.020689655
A17: ='APAGADOS RADIO'!U3 -> 44942 | B17: ='APAGADOS RADIO'!U2+D17 -> 0 | C17: ='APAGADOS FIBRA'!U2 -> 0 | D17: ='APAGADOS ANTENA'!U2 -> 0 | E17: =B17+C17 -> 0 | F17: ='RESUMEN TOTAL'!B1 -> 435 | G17: =E17/F17 -> 0
A18: ='APAGADOS RADIO'!V3 -> 44943 | B18: ='APAGADOS RADIO'!V2+D18 -> 0 | C18: ='APAGADOS FIBRA'!V2 -> 0 | D18: ='APAGADOS ANTENA'!V2 -> 0 | E18: =B18+C18 -> 0 | F18: ='RESUMEN TOTAL'!B1 -> 435 | G18: =E18/F18 -> 0
A19: ='APAGADOS RADIO'!W3 -> 44944 | B19: ='APAGADOS RADIO'!W2+D19 -> 0 | C19: ='APAGADOS FIBRA'!W2 -> 0 | D19: ='APAGADOS ANTENA'!W2 -> 0 | E19: =B19+C19 -> 0 | F19: ='RESUMEN TOTAL'!B1 -> 435 | G19: =E19/F19 -> 0
A20: ='APAGADOS RADIO'!X3 -> 44945 | B20: ='APAGADOS RADIO'!X2+D20 -> 0 | C20: ='APAGADOS FIBRA'!X2 -> 0 | D20: ='APAGADOS ANTENA'!X2 -> 0 | E20: =B20+C20 -> 0 | F20: ='RESUMEN TOTAL'!B1 -> 435 | G20: =E20/F20 -> 0
A21: ='APAGADOS RADIO'!Y3 -> 44946 | B21: ='APAGADOS RADIO'!Y2+D21 -> 0 | C21: ='APAGADOS FIBRA'!Y2 -> 0 | D21: ='APAGADOS ANTENA'!Y2 -> 0 | E21: =B21+C21 -> 0 | F21: ='RESUMEN TOTAL'!B1 -> 435 | G21: =E21/F21 -> 0
A22: ='APAGADOS RADIO'!Z3 -> 44947 | B22: ='APAGADOS RADIO'!Z2+D22 -> 0 | C22: ='APAGADOS FIBRA'!Z2 -> 0 | D22: ='APAGADOS ANTENA'!Z2 -> 0 | E22: =B22+C22 -> 0 | F22: ='RESUMEN TOTAL'!B1 -> 435 | G22: =E22/F22 -> 0
A23: ='APAGADOS RADIO'!AA3 -> 44948 | B23: ='APAGADOS RADIO'!AA2+D23 -> 0 | C23: ='APAGADOS FIBRA'!AA2 -> 0 | D23: ='APAGADOS ANTENA'!AA2 -> 0 | E23: =B23+C23 -> 0 | F23: ='RESUMEN TOTAL'!B1 -> 435 | G23: =E23/F23 -> 0
A24: ='APAGADOS RADIO'!AB3 -> 44949 | B24: ='APAGADOS RADIO'!AB2+D24 -> 0 | C24: ='APAGADOS FIBRA'!AB2 -> 0 | D24: ='APAGADOS ANTENA'!AB2 -> 0 | E24: =B24+C24 -> 0 | F24: ='RESUMEN TOTAL'!B1 -> 435 | G24: =E24/F24 -> 0
A25: ='APAGADOS RADIO'!AC3 -> 44950 | B25: ='APAGADOS RADIO'!AC2+D25 -> 0 | C25: ='APAGADOS FIBRA'!AC2 -> 0 | D25: ='APAGADOS ANTENA'!AC2 -> 0 | E25: =B25+C25 -> 0 | F25: ='RESUMEN TOTAL'!B1 -> 435 | G25: =E25/F25 -> 0
A26: ='APAGADOS RADIO'!AD3 -> 44951 | B26: ='APAGADOS RADIO'!AD2+D26 -> 0 | C26: ='APAGADOS FIBRA'!AD2 -> 0 | D26: ='APAGADOS ANTENA'!AD2 -> 0 | E26: =B26+C26 -> 0 | F26: ='RESUMEN TOTAL'!B1 -> 435 | G26: =E26/F26 -> 0
A27: ='APAGADOS RADIO'!AE3 -> 44952 | B27: ='APAGADOS RADIO'!AE2+D27 -> 0 | C27: ='APAGADOS FIBRA'!AE2 -> 0 | D27: ='APAGADOS ANTENA'!AE2 -> 0 | E27: =B27+C27 -> 0 | F27: ='RESUMEN TOTAL'!B1 -> 435 | G27: =E27/F27 -> 0
A28: ='APAGADOS RADIO'!AF3 -> 44953 | B28: ='APAGADOS RADIO'!AF2+D28 -> 0 | C28: ='APAGADOS FIBRA'!AF2 -> 0 | D28: ='APAGADOS ANTENA'!AF2 -> 0 | E28: =B28+C28 -> 0 | F28: ='RESUMEN TOTAL'!B1 -> 435 | G28: =E28/F28 -> 0
A29: ='APAGADOS RADIO'!AG3 -> 44954
A30: ='APAGADOS RADIO'!AH3 -> 44955
A31: ='APAGADOS RADIO'!AI3 -> 44956

Sheet Hoja1
B1: CAMARAS
A2: BONOMO | B2: =COUNTIFS('RESUMEN TOTAL'!C5:C503,"=BONOMO") -> 228 | F2: 44896 | G2: 44897 | H2: 44898 | I2: 44899 | J2: 44900 | K2: 44901 | L2: 44902 | M2: 44903 | N2: 44904 | O2: 44905 | P2: 44906 | Q2: 44907 | R2: 44908 | S2: 44909 | T2: 44910 | U2: 44911 | V2: 44912 | W2: 44913 | X2: 44914 | Y2: 44915 | Z2: 44916 | AA2: 44917 | AB2: 44918 | AC2: 44919 | AD2: 44920 | AE2: 44921 | AF2: 44922 | AG2: 44923 | AH2: 44924 | AI2: 44925 | AJ2: 44926
D3: BONOMO | E3: APAGADAS BONOMO | F3: =COUNTIFS('RESUMEN TOTAL'!C7:C504, "=BONOMO",'RESUMEN TOTAL'!K7:K504,"=APAGADO") -> 0 | G3: =COUNTIFS('RESUMEN TOTAL'!C7:C504, "=BONOMO",'RESUMEN TOTAL'!L7:L504,"=APAGADO") -> 0 | H3: =COUNTIFS('RESUMEN TOTAL'!C7:C504, "=BONOMO",'RESUMEN TOTAL'!M7:M504,"=APAGADO") -> 0 | I3: =COUNTIFS('RESUMEN TOTAL'!C7:C504, "=BONOMO",'RESUMEN TOTAL'!N7:N504,"=APAGADO") -> 0 | J3: =COUNTIFS('RESUMEN TOTAL'!C7:C504, "=BONOMO",'RESUMEN TOTAL'!O7:O504,"=APAGADO") -> 0 | K3: =COUNTIFS('RESUMEN TOTAL'!C7:C504, "=BONOMO",'RESUMEN TOTAL'!P7:P504,"=APAGADO") -> 0 | L3: =COUNTIFS('RESUMEN TOTAL'!C7:C504, "=BONOMO",'RESUMEN TOTAL'!Q7:Q504,"=APAGADO") -> 0 | M3: =COUNTIFS('RESUMEN TOTAL'!C7:C504, "=BONOMO",'RESUMEN TOTAL'!R7:R504,"=APAGADO") -> 0 | N3: =COUNTIFS('RESUMEN TOTAL'!C7:C504, "=BONOMO",'RESUMEN TOTAL'!S7:S504,"=APAGADO") -> 0 | O3: =COUNTIFS('RESUMEN TOTAL'!C7:C504, "=BONOMO",'RESUMEN TOTAL'!T7:T504,"=APAGADO") -> 0 | P3: =COUNTIFS('RESUMEN TOTAL'!C7:C504, "=BONOMO",'RESUMEN TOTAL'!U7:U504,"=APAGADO") -> 0 | Q3: =COUNTIFS('RESUMEN TOTAL'!C7:C504, "=BONOMO",'RESUMEN TOTAL'!V7:V504,"=APAGADO") -> 2 | R3: =COUNTIFS('RESUMEN TOTAL'!C7:C504, "=BONOMO",'RESUMEN TOTAL'!W7:W504,"=APAGADO") -> 0 | S3: =COUNTIFS('RESUMEN TOTAL'!C7:C504, "=BONOMO",'RESUMEN TOTAL'!X7:X504,"=APAGADO") -> 0 | T3: =COUNTIFS('RESUMEN TOTAL'!C7:C504, "=BONOMO",'RESUMEN TOTAL'!Y7:Y504,"=APAGADO") -> 6 | U3: =COUNTIFS('RESUMEN TOTAL'!C7:C504, "=BONOMO",'RESUMEN TOTAL'!Z7:Z504,"=APAGADO") -> 0 | V3: =COUNTIFS('RESUMEN TOTAL'!C7:C504, "=BONOMO",'RESUMEN TOTAL'!AA7:AA504,"=APAGADO") -> 0 | W3: =COUNTIFS('RESUMEN TOTAL'!C7:C504, "=BONOMO",'RESUMEN TOTAL'!AB7:AB504,"=APAGADO") -> 0 | X3: =COUNTIFS('RESUMEN TOTAL'!C7:C504, "=BONOMO",'RESUMEN TOTAL'!AC7:AC504,"=APAGADO") -> 0 | Y3: =COUNTIFS('RESUMEN TOTAL'!C7:C504, "=BONOMO",'RESUMEN TOTAL'!AD7:AD504,"=APAGADO") -> 0 | Z3: =COUNTIFS('RESUMEN TOTAL'!C7:C504, "=BONOMO",'RESUMEN TOTAL'!AE7:AE504,"=APAGADO") -> 0 | AA3: =COUNTIFS('RESUMEN TOTAL'!C7:C504, "=BONOMO",'RESUMEN TOTAL'!AF7:AF504,"=APAGADO") -> 0 | AB3: =COUNTIFS('RESUMEN TOTAL'!C7:C504, "=BONOMO",'RESUMEN TOTAL'!AG7:AG504,"=APAGADO") -> 0 | AC3: =COUNTIFS('RESUMEN TOTAL'!C7:C504, "=BONOMO",'RESUMEN TOTAL'!AH7:AH504,"=APAGADO") -> 0 | AD3: =COUNTIFS('RESUMEN TOTAL'!C7:C504, "=BONOMO",'RESUMEN TOTAL'!AI7:AI504,"=APAGADO") -> 0 | AE3: =COUNTIFS('RESUMEN TOTAL'!C7:C504, "=BONOMO",'RESUMEN TOTAL'!AJ7:AJ504,"=APAGADO") -> 0 | AF3: =COUNTIFS('RESUMEN TOTAL'!C7:C504, "=BONOMO",'RESUMEN TOTAL'!AK7:AK504,"=APAGADO") -> 0 | AG3: =COUNTIFS('RESUMEN TOTAL'!C7:C504, "=BONOMO",'RESUMEN TOTAL'!AL7:AL504,"=APAGADO") -> 0 | AH3: =COUNTIFS('RESUMEN TOTAL'!C7:C504, "=BONOMO",'RESUMEN TOTAL'!AM7:AM504,"=APAGADO") -> 0 | AI3: =COUNTIFS('RESUMEN TOTAL'!C7:C504, "=BONOMO",'RESUMEN TOTAL'!AN7:AN504,"=APAGADO") -> 0 | AJ3: =COUNTIFS('RESUMEN TOTAL'!D7:D504, "=BONOMO",'RESUMEN TOTAL'!AO7:AO504,"=APAGADO") -> 0
A4: COSEIDI | B4: =COUNTIFS('RESUMEN TOTAL'!C5:C503,"=COSEIDI") -> 207 | E4: % BONOMO | F4: =F3/BONOMOcam -> 0 | G4: =G3/BONOMOcam -> 0 | H4: =H3/BONOMOcam -> 0 | I4: =I3/BONOMOcam -> 0 | J4: =J3/BONOMOcam -> 0 | K4: =K3/BONOMOcam -> 0 | L4: =L3/BONOMOcam -> 0 | M4: =M3/BONOMOcam -> 0 | ... AJ4: =AJ3/BONOMOcam -> 0
D5: COSEIDI | E5: APAGADAS COSEIDI | F5: =COUNTIFS('RESUMEN TOTAL'!C10:C424, "=COSEIDI",'RESUMEN TOTAL'!K10:K424,"=APAGADO") -> 0 | G5: =COUNTIFS('RESUMEN TOTAL'!C10:C424, "=COSEIDI",'RESUMEN TOTAL'!L10:L424,"=APAGADO") -> 0 | H5: =COUNTIFS('RESUMEN TOTAL'!C10:C424, "=COSEIDI",'RESUMEN TOTAL'!M10:M424,"=APAGADO") -> 0 | I5: =COUNTIFS('RESUMEN TOTAL'!C10:C424, "=COSEIDI",'RESUMEN TOTAL'!N10:N424,"=APAGADO") -> 0 | J5: =COUNTIFS('RESUMEN TOTAL'!C10:C424, "=COSEIDI",'RESUMEN TOTAL'!O10:O424,"=APAGADO") -> 0 | K5: =COUNTIFS('RESUMEN TOTAL'!C10:C424, "=COSEIDI",'RESUMEN TOTAL'!P10:P424,"=APAGADO") -> 0 | L5: =COUNTIFS('RESUMEN TOTAL'!C10:C424, "=COSEIDI",'RESUMEN TOTAL'!Q10:Q424,"=APAGADO") -> 0 | M5: =COUNTIFS('RESUMEN TOTAL'!C10:C424, "=COSEIDI",'RESUMEN TOTAL'!R10:R424,"=APAGADO") -> 0 | N5: =COUNTIFS('RESUMEN TOTAL'!C10:C424, "=COSEIDI",'RESUMEN TOTAL'!S10:S424,"=APAGADO") -> 0 | O5: =COUNTIFS('RESUMEN TOTAL'!C10:C424, "=COSEIDI",'RESUMEN TOTAL'!T10:T424,"=APAGADO") -> 0 | P5: =COUNTIFS('RESUMEN TOTAL'!C10:C424, "=COSEIDI",'RESUMEN TOTAL'!U10:U424,"=APAGADO") -> 0 | Q5: =COUNTIFS('RESUMEN TOTAL'!C10:C424, "=COSEIDI",'RESUMEN TOTAL'!V10:V424,"=APAGADO") -> 1 | R5: =COUNTIFS('RESUMEN TOTAL'!C10:C424, "=COSEIDI",'RESUMEN TOTAL'!W10:W424,"=APAGADO") -> 0 | S5: =COUNTIFS('RESUMEN TOTAL'!C10:C424, "=COSEIDI",'RESUMEN TOTAL'!X10:X424,"=APAGADO") -> 0 | T5: =COUNTIFS('RESUMEN TOTAL'!C10:C424, "=COSEIDI",'RESUMEN TOTAL'!Y10:Y424,"=APAGADO") -> 3 | U5: =COUNTIFS('RESUMEN TOTAL'!C10:C424, "=COSEIDI",'RESUMEN TOTAL'!Z10:Z424,"=APAGADO") -> 0 | V5: =COUNTIFS('RESUMEN TOTAL'!C10:C424, "=COSEIDI",'RESUMEN TOTAL'!AA10:AA424,"=APAGADO") -> 0 | W5: =COUNTIFS('RESUMEN TOTAL'!C10:C424, "=COSEIDI",'RESUMEN TOTAL'!AB10:AB424,"=APAGADO") -> 0 | X5: =COUNTIFS('RESUMEN TOTAL'!C10:C500, "=COSEIDI",'RESUMEN TOTAL'!AC10:AC500,"=APAGADO") -> 0 | Y5: =COUNTIFS('RESUMEN TOTAL'!C10:C500, "=COSEIDI",'RESUMEN TOTAL'!AD10:AD500,"=APAGADO") -> 0 | Z5: =COUNTIFS('RESUMEN TOTAL'!C10:C424, "=COSEIDI",'RESUMEN TOTAL'!AE10:AE424,"=APAGADO") -> 0 | AA5: =COUNTIFS('RESUMEN TOTAL'!C10:C424, "=COSEIDI",'RESUMEN TOTAL'!AF10:AF424,"=APAGADO") -> 0 | AB5: =COUNTIFS('RESUMEN TOTAL'!C10:C424, "=COSEIDI",'RESUMEN TOTAL'!AG10:AG424,"=APAGADO") -> 0 | AC5: =COUNTIFS('RESUMEN TOTAL'!C10:C424, "=COSEIDI",'RESUMEN TOTAL'!AH10:AH424,"=APAGADO") -> 0 | AD5: =COUNTIFS('RESUMEN TOTAL'!C10:C424, "=COSEIDI",'RESUMEN TOTAL'!AI10:AI424,"=APAGADO") -> 0 | AE5: =COUNTIFS('RESUMEN TOTAL'!C10:C424, "=COSEIDI",'RESUMEN TOTAL'!AJ10:AJ424,"=APAGADO") -> 0 | AF5: =COUNTIFS('RESUMEN TOTAL'!C10:C424, "=COSEIDI",'RESUMEN TOTAL'!AK10:AK424,"=APAGADO") -> 0 | AG5: =COUNTIFS('RESUMEN TOTAL'!C10:C424, "=COSEIDI",'RESUMEN TOTAL'!AL10:AL424,"=APAGADO") -> 0 | AH5: =COUNTIFS('RESUMEN TOTAL'!C10:C424, "=COSEIDI",'RESUMEN TOTAL'!AM10:AM424,"=APAGADO") -> 0 | AI5: =COUNTIFS('RESUMEN TOTAL'!C10:C424, "=COSEIDI",'RESUMEN TOTAL'!AN10:AN424,"=APAGADO") -> 0 | AJ5: =COUNTIFS('RESUMEN TOTAL'!D10:D424, "=COSEIDI",'RESUMEN TOTAL'!AO10:AO424,"=APAGADO") -> 0
E6: % COSEIDI | F6: =F5/COSEIDIcam -> 0 | G6: =G5/COSEIDIcam -> 0 | H6: =H5/COSEIDIcam -> 0 | I6: =I5/COSEIDIcam -> 0 | J6: =J5/COSEIDIcam -> 0 | K6: =K5/COSEIDIcam -> 0 | L6: =L5/COSEIDIcam -> 0 | M6: =M5/COSEIDIcam -> 0 | ... AJ6: =AJ5/COSEIDIcam -> 0

Sheet Hoja3
B3: Barrio | C3: [Denominacion] | D3: [Empresa Mantenimiento] | E3: [Ubicacion] | F3: [Tipo de Camara] | G3: [Tipo de Conexion]
A4: 1 | B4: ALTAMIRA | C4: ALT01 | D4: BONOMO | E4: Calchaqui y Sgto. Cabral | F4: Domo | G4: Fibra Optica | H4: 172.20.10.6
A5: 2 | B5: ALTAMIRA | C5: ALT02 | D5: BONOMO | E5: Calchaqui y Lope de Vega | F5: Domo | G5: PTO A FO | H5: 172.20.12.218
A6: 3 | B6: ALTAMIRA | C6: ALT 03 | D6: BONOMO | E6: Bombero Galarza y Necochea | F6: Domo | G6: FIBRA OPTICA | H6: 172.20.12.54
A7: 4 | B7: ALTAMIRA | C7: ALT 04 | D7: BONOMO | E7: Francia y Necochea | F7: Domo | G7: FIBRA OPTICA | H7: 172.20.12.55
A8: 5 | B8: ALTAMIRA | C8: ALT05 | D8: BONOMO | E8: Av. Calchaqui y Bombero Galarza | F8: Domo | G8: PTO A FO | H8: 172.20.12.216
A9: 6 | B9: ALTAMIRA | C9: ALT 06 | D9: BONOMO | E9: LOPE DE VEGA Y NECOCHEA | F9: Domo | G9: PTO A FO | H9: 172.20.12.12
A10: 7 | B10: ALTAMIRA | C10: ALT07 | D10: BONOMO | E10: AV. CALCHAQUI Y AV. DEL TRABAJO | F10: DOMO | G10: PTO A FO | H10: 172.20.10.57
A11: 8 | B11: ALTAMIRA | C11: ALT 08 | D11: BONOMO | E11: HUMAITA Y NECOCHEA | F11: DOMO | G11: Fibra Optica | H11: 172.20.11.215
A12: 9 | B12: ALTAMIRA | C12: ALT 09 | D12: BONOMO | E12: NECOCHEA Y CURUPAITY | F12: DOMO | G12: Fibra Optica | H12: 172.20.11.216
A13: 10 | B13: ALTAMIRA | C13: ALT 10 | D13: BONOMO | E13: Calchaqui y Francia | F13: Domo | G13: Radio
A14: 11 | B14: BELGRANO | C14: BEL 01 | D14: BONOMO | E14: San Martin y Dardo Rocha | F14: DOMO | G14: FIBRA OPTICA | H14: 172.20.12.64
A15: 12 | B15: CENTRO | C15: CEN 12 | D15: BONOMO | E15: Monteagudo y Mitre | F15: Domo | G15: Fibra Optica | H15: 172.20.10.23
A16: 13 | B16: CENTRO | C16: CEN18 | D16: BONOMO | E16: Monteagudo e/Mitre y Sallares | F16: Fija | G16: Fibra Optica | H16: 172.20.10.26
A17: 14 | B17: CENTRO | C17: CEN26 | D17: BONOMO | E17: Mitre y España | F17: Domo | G17: Fibra Optica | H17: 172.20.12.06
A18: 15 | B18: CENTRO | C18: CEN28 | D18: BONOMO | E18: Mitre y Alberdi | F18: Domo | G18: Fibra Optica | H18: 172.20.12.38
A19: 16 | B19: CENTRO | C19: CEN30 | D19: BONOMO | E19: Mitre y Pringles | F19: Domo | G19: Fibra Optica | H19: 172.20.12.39
A20: 17 | B20: CENTRO | C20: CEN31 | D20: BONOMO | E20: Mitre e/Monteagudo y Alberdi | F20: Domo | G20: Fibra Optica | H20: 172.20.12.41
A21: 18 | B21: CENTRO | C21: CEN34 | D21: BONOMO | E21: Peron y España | F21: Domo | G21: Fibra Optica | H21: 172.20.12.49
A22: 19 | B22: CENTRO | C22: CEN39 | D22: BONOMO | E22: San Martin y Alem | F22: Domo | G22: Fibra Optica | H22: 172.20.12.56
A23: 20 | B23: CENTRO | C23: CEN 53 | D23: BONOMO | E23: GUTIERREZ Y BROWN | F23: Domo | G23: Radio | H23: 172.20.200.166
A24: 21 | B24: CENTRO | C24: CEN 55 | D24: BONOMO | E24: BOUREL Y URQUIZA | F24: Domo | G24: Radio | H24: 172.20.200.163
A25: 22 | B25: CENTRO | C25: CEN 61 | D25: BONOMO | E25: BOUREL Y MAIPU | F25: DOMO | G25: Radio | H25: 172.20.200.159
... A54: 51 | B54: 9 DE JULIO | C54: NJU09 | D54: BONOMO | E54: PARRILLO Y CONTRERAS | F54: DOMO | G54: Fibra Optica | H54: 172.20.11.190
A55: 52 | B55: DON JOSE | C55: PUNTO SEGURO AGUSTIN RAMIREZ INTERCOMUNICADOR | D55: BONOMO | E55: MALAMBO Y LA TRANQUERA | F55: Fija | G55: Fibra Optica
A56: 53 | B56: PRESIDENTE SARMIENTO | C56: SAR01 | D56: BONOMO | E56: Storni Y Sanchez de Loria | F56: Domo | G56: Fibra Optica | H56: 172.20.12.31
A57: 54 | B57: PRESIDENTE SARMIENTO | C57: SAR 02 (fija 1) | D57: BONOMO | E57: DARDO ROCHA Y GABRIELA MISTRAL | F57: Fija | G57: Fibra Optica | H57: 172.20.11.184
A58: 55 | B58: PRESIDENTE SARMIENTO | C58: SAR 03 (fija 2) | D58: BONOMO | E58: DARDO ROCHA Y GABRIELA MISTRAL | F58: Fija | G58: Fibra Optica | H58: 172.20.11.185
A59: 56 | B59: SAN EDUARDO | C59: SEDU01 | D59: BONOMO | E59: San Martin y Sperandio | F59: Domo | G59: Fibra Optica | H59: 172.20.10.10
A60: 57 | B60: SAN EMILIO | C60: SEMI 02 | D60: BONOMO | E60: Cno. Gral. Belgrano y Francia | F60: Domo | G60: FIBRA OPTICA | H60: 172.20.12.109
A61: 58 | B61: PRESIDENTE SARMIENTO | C61: VANG 09 | D61: BONOMO | E61: Ruta 36 y Senzabello | F61: Domo | G61: PTO A FO | H61: 172.20.12.217
A62: 59 | B62: VILLA ANGELICA | C62: VANG01 | D62: BONOMO | E62: Senzabello y Necochea | F62: Domo | G62: PTO A FO | H62: 172.20.12.213
A63: 60 | B63: VILLA ANGELICA | C63: VANG04 | D63: BONOMO | E63: Storni e/Thevenet y Calle 158 | F63: DOMO | G63: Fibra Optica | H63: 172.20.12.22
A64: 61 | B64: VILLA ANGELICA | C64: VANG05 | D64: BONOMO | E64: Storni y Thevenet | F64: Domo | G64: Fibra Optica | H64: 172.20.12.21
A65: 62 | B65: VILLA ANGELICA | C65: VANG06 | D65: BONOMO | E65: Arenales e/Thevenet y Calle 158 | F65: DOMO | G65: Fibra Optica | H65: 172.20.12.23
A66: 63 | B66: VILLA ANGELICA | C66: VANG07 | D66: BONOMO | E66: Arenales y Thevenet | F66: Domo | G66: Fibra Optica | H66: 172.20.12.24
A67: 64 | B67: VILLA ANGELICA | C67: VANG08 | D67: BONOMO | E67: Calle 158 al 2200 | F67: Domo | G67: PTO A FO | H67: 172.20.12.220
A68: 65 | B68: VILLA VATTEONE CENTRO | C68: VAT07 | D68: BONOMO | E68: Eva Peron y Lavalle | G68: PTO A FO | H68: 172.20.11.26
A69: 66 | B69: VILLA VATTEONE CENTRO | C69: VAT23 (fija 1) | D69: BONOMO | E69: EVA PERON Y "EL TUNEL" (BAJO NIVEL) | F69: Fija | G69: Fibra Optica | H69: 172.20.11.139
A70: 67 | B70: VILLA VATTEONE CENTRO | C70: VAT24 (fija 2) | D70: BONOMO | E70: EVA PERON Y "EL TUNEL" (BAJO NIVEL) | F70: Fija | G70: Fibra Optica | H70: 172.20.11.140
B73: Barrio | C73: [Denominacion] | D73: [Empresa Mantenimiento] | E73: [Ubicacion] | F73: [Tipo de Camara] | G73: [Tipo de Conexion]
A74: 1 | B74: LA ESMERALDA | C74: ESM01 | D74: COSEIDI | E74: Cabello y Brasil | F74: Domo | G74: Radio | H74: 172.20.200.179
A75: 2 | B75: VILLA ARGENTINA | C75: LUJ 02 | D75: COSEIDI | E75: DIAG. LOS TILOS Y 527 | F75: DOMO | G75: Fibra Optica | H75: 172.20.11.235
A76: 3 | B76: PRESIDENTE PERON (PEPSI) | C76: MAR 01 | D76: COSEIDI | E76: RP36 Y LA ESMERALDA | F76: DOMO | G76: FIBRA OPTICA | H76: 172.20.11.101
A77: 4 | B77: MAYOL | C77: MAY 04 | D77: COSEIDI | E77: MAR CHIQUITA Y RIO JACHAL | F77: DOMO | G77: Radio | H77: 10.20.30.34
A78: 5 | B78: RICARDO ROJAS | C78: RRJ 05 | D78: COSEIDI | E78: LUJAN Y RUTA 36 | F78: DOMO | G78: Fibra Optica | H78: 172.20.11.166
A79: 6 | B79: VILLA GENERAL SAN MARTIN | C79: SMA01 | D79: COSEIDI | E79: Hudson y Montevideo | F79: DOMO | G79: Radio | H79: 172.20.200.173
A80: 7 | B80: VILLA GENERAL SAN MARTIN | C80: SMA 04 | D80: COSEIDI | E80: HUDSON Y MONTEVIDEO | F80: FIJA | G80: Radio | H80: 172.20.200.164
A81: 8 | B81: VILLA GENERAL SAN MARTIN | C81: SMA05 | D81: COSEIDI | E81: MONTEVIDEO Y VILLEGAS | F81: DOMO | G81: PTO A FO | H81: 172.20.12.79
A82: 9 | B82: SANTA ROSA | C82: SRO 11 | D82: COSEIDI | E82: MILAN Y MALLORCA | F82: DOMO | G82: Radio | H82: 10.20.30.130
A83: 10 | B83: SANTA ROSA | C83: SRO09 | D83: COSEIDI | E83: BUCAREST E/ ALEMANIA Y CAFFERATA | F83: DOMO | G83: Radio | H83: 10.20.30.28
A84: 11 | B84: VILLA VATTEONE | C84: VAT09 | D84: COSEIDI | E84: Montevideo y Alsina | F84: Domo | G84: Fibra Optica | H84: 172.20.12.26
A85: 12 | B85: VILLA VATTEONE | C85: VAT 16 | D85: COSEIDI | E85: MONTEVIDEO Y CHACO | F85: DOMO | G85: PTO A FO | H85: 172.20.12.74
A86: 13 | B86: VILLA MONICA NUEVA | C86: VMO01 | D86: COSEIDI | E86: Eva Peron y Monseñor de las Casas | F86: DOMO | G86: Fibra Optica
A87: 14 | B87: ZEBALLOS | C87: ZEB 05 | D87: COSEIDI | E87: DIAG. GRANADEROS Y 214 BIS | F87: Domo | G87: Radio | H87: 172.20.200.187
