Workbook
Name _25_de_agosto: 'RESUMEN TOTAL'!$A$4:$D$388
Name _25_de_agosto_3: 'RESUMEN TOTAL'!$A$4:$D$400
Name _30_mar: 'APAGADOS ANTENA'!$AI$3
Name BONOMOcam: Hoja1!$B$2
Name CANTIDAD_DE_CAMARAS: 'RESUMEN TOTAL'!$B$1
Name COSEIDIcam: Hoja1!$B$4

Sheet RESUMEN TOTAL
A1: CANTIDAD DE CAMARAS | B1: =COUNTA(B5:B624) -> 536 | D1: PORCIENTO DE CAIDAS | L1: =(L3)/(L2+L3) -> 0.17156105 | M1: =(M3)/(M2+M3) -> 0 | N1: =(N3)/(N2+N3) -> 0 | O1: =(O3)/(O2+O3) -> 0 | P1: =(P3)/(P2+P3) -> 0 | Q1: =(Q3)/(Q2+Q3) -> 0 | R1: =(R3)/(R2+R3) -> 0 | S1: =(S3)/(S2+S3) -> 0 | ... X1: =(X3)/(X2+X3) -> 0 | Z1: =(Z3)/(Z2+Z3) -> 0 | AA1: =(AA3)/(AA2+AA3) -> 0 | AB1: =(AB3)/(AB2+AB3) -> 0 | AC1: =(AC3)/(AC2+AC3) -> 0 | AD1: =(AD3)/(AD2+AD3) -> 0 | AE1: =(AE3)/(AE2+AE3) -> 0 | AF1: =(AF3)/(AF2+AF3) -> 0 | AG1: =(AG3)/(AG2+AG3) -> 0 | ... AP1: =(AP3)/(AP2+AP3) -> 0
D2: FUNCIONAN | L2: 536 | M2: 536 | N2: 536 | O2: 536 | P2: 536 | Q2: 536 | R2: 536 | S2: 536 | T2: 536 | U2: 536 | V2: 536 | W2: 536 | X2: 536 | Y2: 536 | Z2: 536 | AA2: 536 | AB2: 536 | AC2: 536 | AD2: 536 | AE2: 536 | AF2: 536 | AG2: 536 | AH2: 536 | AI2: 536 | AJ2: 536 | AK2: 536 | AL2: 536 | AM2: 536 | AN2: 536 | AO2: 536 | AP2: 537
D3: CAIDAS | L3: =COUNTIF(L4:L624, "apagado") -> 111 | M3: =COUNTIF(M4:M624, "apagado") -> 0 | N3: =COUNTIF(N4:N624, "apagado") -> 0 | O3: =COUNTIF(O4:O624, "apagado") -> 0 | P3: =COUNTIF(P4:P624, "apagado") -> 0 | Q3: =COUNTIF(Q4:Q624, "apagado") -> 0 | R3: =COUNTIF(R4:R624, "apagado") -> 0 | S3: =COUNTIF(S4:S624, "apagado") -> 0 | ... W3: =COUNTIF(W4:W624, "apagado") -> 0 | X3: =COUNTIF(X4:X524, "apagado") -> 0 | Y3: =COUNTIF(Y4:Y524, "apagado") -> 0 | Z3: =COUNTIF(Z4:Z624, "apagado") -> 0 | AA3: =COUNTIF(AA4:AA624, "apagado") -> 0 | AB3: =COUNTIF(AB4:AB624, "apagado") -> 0 | AC3: =COUNTIF(AC4:AC624, "apagado") -> 0 | AD3: =COUNTIF(AD4:AD624, "apagado") -> 0 | AE3: =COUNTIF(AE4:AE624, "apagado") -> 0 | AF3: =COUNTIF(AF4:AF624, "apagado") -> 0 | AG3: =COUNTIF(AG4:AG624, "apagado") -> 0 | ... AP3: =COUNTIF(AP4:AP624, "apagado") -> 0
A4: Barrio | B4: [Denominacion] | C4: [Empresa Mantenimiento] | D4: [Ubicacion] | E4: [Tipo de Camara] | F4: [Tipo de Conexion] | G4: Destino | I4: DIAS FUNCIONANDO | J4: DIAS CAIDA | K4: EFECTIVIDAD | L4: 45413 | M4: 45414 | N4: 45415 | O4: 45416 | P4: 45417 | Q4: 45418 | R4: 45419 | S4: 45420 | T4: 45421 | U4: 45422 | V4: 45423 | W4: 45424 | X4: 45425 | Y4: 45426 | Z4: 45427 | AA4: 45428 | AB4: 45429 | AC4: 45430 | AD4: 45431 | AE4: 45432 | AF4: 45433 | AG4: 45434 | AH4: 45435 | AI4: 45436 | AJ4: 45437 | AK4: 45438 | AL4: 45439 | AM4: 45440 | AN4: 45441 | AO4: 45442 | AP4: 45443
A5: ALTAMIRA | B5: ALT01 | C5: BONOMO | D5: Calchaqui y Sgto. Cabral | E5: Domo | F5: Fibra Optica | H5: 172.20.10.6 | I5: =COUNTIF(L5:AM5,"") -> 28 | J5: =COUNTIF(L5:AM5,"APAGADO") -> 0 | K5: =(I5)/(J5+I5) -> 1
A6: ALTAMIRA | B6: ALT02 | C6: BONOMO | D6: Calchaqui y Lope de Vega | E6: Domo | F6: PTO A FO | G6: CABRAL Y CALCHAQUI | H6: 172.20.12.218 | I6: =COUNTIF(L6:AM6,"") -> 28 | J6: =COUNTIF(L6:AM6,"APAGADO") -> 0 | K6: =(I6)/(J6+I6) -> 1
A7: ALTAMIRA | B7: ALT 03 | C7: BONOMO | D7: Bombero Galarza y Necochea | E7: Domo | F7: Fibra Optica | H7: 172.20.12.54 | I7: =COUNTIF(L7:AM7,"") -> 28 | J7: =COUNTIF(L7:AM7,"APAGADO") -> 0 | K7: =(I7)/(J7+I7) -> 1
A8: ALTAMIRA | B8: ALT 04 | C8: BONOMO | D8: Francia y Necochea | E8: Domo | F8: Fibra Optica | H8: 172.20.12.55 | I8: =COUNTIF(L8:AM8,"") -> 28 | J8: =COUNTIF(L8:AM8,"APAGADO") -> 0 | K8: =(I8)/(J8+I8) -> 1
A9: ALTAMIRA | B9: ALT05 | C9: BONOMO | D9: Av. Calchaqui y Bombero Galarza | E9: Domo | F9: PTO A FO | G9: NECOCHEA Y GALARZA | H9: 172.20.12.216 | I9: =COUNTIF(L9:AM9,"") -> 28 | J9: =COUNTIF(L9:AM9,"APAGADO") -> 0 | K9: =(I9)/(J9+I9) -> 1
A10: ALTAMIRA | B10: ALT 06 | C10: BONOMO | D10: LOPE DE VEGA Y NECOCHEA | E10: Domo | F10: PTO A FO | G10: NECOCHEA Y GALARZA | H10: 172.20.12.12 | I10: =COUNTIF(L10:AM10,"") -> 28 | J10: =COUNTIF(L10:AM10,"APAGADO") -> 0 | K10: =(I10)/(J10+I10) -> 1
A11: ALTAMIRA | B11: ALT07 | C11: BONOMO | D11: AV. CALCHAQUI Y AV. DEL TRABAJO | E11: DOMO | F11: PTO A FO | G11: CABRAL Y CALCHAQUI | H11: 172.20.10.57 | I11: =COUNTIF(L11:AM11,"") -> 28 | J11: =COUNTIF(L11:AM11,"APAGADO") -> 0 | K11: =(I11)/(J11+I11) -> 1
A12: ALTAMIRA | B12: ALT 08 | C12: BONOMO | D12: HUMAITA Y NECOCHEA | E12: DOMO | F12: Fibra Optica | H12: 172.20.11.215 | I12: =COUNTIF(L12:AM12,"") -> 28 | J12: =COUNTIF(L12:AM12,"APAGADO") -> 0 | K12: =(I12)/(J12+I12) -> 1
A13: ALTAMIRA | B13: ALT 09 | C13: BONOMO | D13: NECOCHEA Y CURUPAITY | E13: DOMO | F13: Fibra Optica | H13: 172.20.11.216 | I13: =COUNTIF(L13:AM13,"") -> 27 | J13: =COUNTIF(L13:AM13,"APAGADO") -> 1 | K13: =(I13)/(J13+I13) -> 0.96428571 | L13: APAGADO
A14: ALTAMIRA | B14: ALT 10 | C14: BONOMO | D14: Calchaqui y Francia | E14: Domo | F14: Radio | H14: 172.20.12.156 | I14: =COUNTIF(L14:AM14,"") -> 28 | J14: =COUNTIF(L14:AM14,"APAGADO") -> 0 | K14: =(I14)/(J14+I14) -> 1
A15: AGUSTIN RAMIREZ | B15: ARA 01 | C15: BONOMO | D15: Malambo y Tranquera | E15: Domo | F15: Fibra Optica | H15: 172.20.12.110 | I15: =COUNTIF(L15:AM15,"") -> 28 | J15: =COUNTIF(L15:AM15,"APAGADO") -> 0 | K15: =(I15)/(J15+I15) -> 1
A16: BELGRANO | B16: BEL 01 | C16: BONOMO | D16: San Martin y Dardo Rocha | E16: DOMO | F16: Fibra Optica | H16: 172.20.12.64 | I16: =COUNTIF(L16:AM16,"") -> 27 | J16: =COUNTIF(L16:AM16,"APAGADO") -> 1 | K16: =(I16)/(J16+I16) -> 0.96428571 | L16: APAGADO
A17: BELGRANO | B17: BEL 02 | C17: BONOMO | D17: Guardia vieja y Fronteriz | E17: DOMO | F17: Fibra Optica | I17: =COUNTIF(L17:AM17,"") -> 27 | J17: =COUNTIF(L17:AM17,"APAGADO") -> 1 | K17: =(I17)/(J17+I17) -> 0.96428571 | L17: APAGADO
A18: BOSQUES CENTRO | B18: BOSQC 01 | C18: COSEIDI | D18: LUIS AGOTE E/DANUNCIO Y CAMPOAMOR | E18: Fija | F18: Radio | H18: 172.20.11.15 | I18: =COUNTIF(L18:AM18,"") -> 28 | J18: =COUNTIF(L18:AM18,"APAGADO") -> 0 | K18: =(I18)/(J18+I18) -> 1
A19: BOSQUES CENTRO | B19: BOSQC 02 | C19: COSEIDI | D19: LUIS AGOTE E/DANUNCIO Y CAMPOAMOR | E19: Fija | F19: Radio | H19: 172.20.11.16 | I19: =COUNTIF(L19:AM19,"") -> 28 | J19: =COUNTIF(L19:AM19,"APAGADO") -> 0 | K19: =(I19)/(J19+I19) -> 1
A20: BOSQUES CENTRO | B20: BOSQC 03 | C20: COSEIDI | D20: BENAVENTE Y LUIS AGOTE | E20: Fija | F20: Radio | H20: 172.20.11.13 | I20: =COUNTIF(L20:AM20,"") -> 28 | J20: =COUNTIF(L20:AM20,"APAGADO") -> 0 | K20: =(I20)/(J20+I20) -> 1
A21: BOSQUES CENTRO | B21: BOSQC 04 | C21: COSEIDI | D21: BENAVENTE Y LUIS AGOTE | E21: Fija | F21: Radio | H21: 172.20.11.113 | I21: =COUNTIF(L21:AM21,"") -> 28 | J21: =COUNTIF(L21:AM21,"APAGADO") -> 0 | K21: =(I21)/(J21+I21) -> 1
A22: BOSQUES CENTRO | B22: BOSQC 05 | C22: COSEIDI | D22: LUIS AGOTE Y RUTA 36 | E22: Fija | F22: Radio | H22: 172.20.11.17 | I22: =COUNTIF(L22:AM22,"") -> 28 | J22: =COUNTIF(L22:AM22,"APAGADO") -> 0 | K22: =(I22)/(J22+I22) -> 1
A23: BOSQUES CENTRO | B23: BOSQC 06 | C23: COSEIDI | D23: LUIS AGOTE Y RUTA 36 | E23: Fija | F23: Radio | H23: 172.20.11.18 | I23: =COUNTIF(L23:AM23,"") -> 28 | J23: =COUNTIF(L23:AM23,"APAGADO") -> 0 | K23: =(I23)/(J23+I23) -> 1
A24: CENTRO | B24: CEN01 | C24: BONOMO | D24: San Martin y 9 de Julio | E24: Fija | F24: Fibra Optica | H24: 172.20.11.10 | I24: =COUNTIF(L24:AM24,"") -> 27 | J24: =COUNTIF(L24:AM24,"APAGADO") -> 1 | K24: =(I24)/(J24+I24) -> 0.96428571 | L24: APAGADO
A25: CENTRO | B25: CEN02 | C25: BONOMO | D25: San Martin y Almafuerte | E25: Fija | F25: Fibra Optica | H25: 172.20.11.11 | I25: =COUNTIF(L25:AM25,"") -> 27 | J25: =COUNTIF(L25:AM25,"APAGADO") -> 1 | K25: =(I25)/(J25+I25) -> 0.96428571 | L25: APAGADO
A26: CENTRO | B26: CEN03 | C26: BONOMO | D26: San Martin y Sallares | E26: Domo | F26: Fibra Optica | H26: 172.20.12.30 | I26: =COUNTIF(L26:AM26,"") -> 28 | J26: =COUNTIF(L26:AM26,"APAGADO") -> 0 | K26: =(I26)/(J26+I26) -> 1
A27: CENTRO | B27: CEN04 | C27: BONOMO | D27: San Martin y Contreras | E27: Domo | F27: Fibra Optica | H27: 172.20.12.29 | I27: =COUNTIF(L27:AM27,"") -> 28 | J27: =COUNTIF(L27:AM27,"APAGADO") -> 0 | K27: =(I27)/(J27+I27) -> 1
A28: CENTRO | B28: CEN 05 | C28: BONOMO | D28: Bocuzzi e/España y San Martin | E28: DOMO | F28: Fibra Optica | H28: 172.20.10.200 | I28: =COUNTIF(L28:AM28,"") -> 28 | J28: =COUNTIF(L28:AM28,"APAGADO") -> 0 | K28: =(I28)/(J28+I28) -> 1
A29: CENTRO | B29: CEN06 | C29: BONOMO | D29: Monteagudo y A.del Valle | E29: Fija | F29: Fibra Optica | H29: 172.20.10.02 | I29: =COUNTIF(L29:AM29,"") -> 27 | J29: =COUNTIF(L29:AM29,"APAGADO") -> 1 | K29: =(I29)/(J29+I29) -> 0.96428571 | L29: APAGADO
A30: CENTRO | B30: CEN07 | C30: BONOMO | D30: San Martin y Guemes | E30: DOMO | F30: Fibra Optica | H30: 172.20.11.20 | I30: =COUNTIF(L30:AM30,"") -> 28 | J30: =COUNTIF(L30:AM30,"APAGADO") -> 0 | K30: =(I30)/(J30+I30) -> 1
A31: CENTRO | B31: CEN08 | C31: BONOMO | D31: San Martin y Pte.Peron | E31: Domo | F31: Fibra Optica | H31: 172.20.11.21 | I31: =COUNTIF(L31:AM31,"") -> 28 | J31: =COUNTIF(L31:AM31,"APAGADO") -> 0 | K31: =(I31)/(J31+I31) -> 1
A32: CENTRO | B32: CEN09 | C32: BONOMO | D32: Chacabuco y 25 de Mayo | E32: Domo | F32: Fibra Optica | H32: 172.20.11.22 | I32: =COUNTIF(L32:AM32,"") -> 28 | J32: =COUNTIF(L32:AM32,"APAGADO") -> 0 | K32: =(I32)/(J32+I32) -> 1
A33: CENTRO | B33: CEN10 | C33: BONOMO | D33: Monteagudo y Pte. Peron | E33: Domo | F33: Fibra Optica | H33: 172.20.11.23 | I33: =COUNTIF(L33:AM33,"") -> 28 | J33: =COUNTIF(L33:AM33,"APAGADO") -> 0 | K33: =(I33)/(J33+I33) -> 1
A34: CENTRO | B34: CEN11 | C34: BONOMO | D34: Monteagudo y Bocuzzi | E34: Domo | F34: Fibra Optica | H34: 172.20.10.24 | I34: =COUNTIF(L34:AM34,"") -> 28 | J34: =COUNTIF(L34:AM34,"APAGADO") -> 0 | K34: =(I34)/(J34+I34) -> 1
A35: CENTRO | B35: CEN 12 | C35: BONOMO | D35: Monteagudo y Mitre | E35: Domo | F35: Fibra Optica | H35: 172.20.10.23 | I35: =COUNTIF(L35:AM35,"") -> 28 | J35: =COUNTIF(L35:AM35,"APAGADO") -> 0 | K35: =(I35)/(J35+I35) -> 1
A36: CENTRO | B36: CEN 13 | C36: BONOMO | D36: 25 de Mayo y Maipu | E36: DOMO | F36: Fibra Optica | H36: 172.20.10.20 | I36: =COUNTIF(L36:AM36,"") -> 28 | J36: =COUNTIF(L36:AM36,"APAGADO") -> 0 | K36: =(I36)/(J36+I36) -> 1
A37: CENTRO | B37: CEN14 | C37: BONOMO | D37: Pte.Peron e/Pringles y Brown | E37: Domo | F37: Fibra Optica | H37: 172.20.10.94 | I37: =COUNTIF(L37:AM37,"") -> 28 | J37: =COUNTIF(L37:AM37,"APAGADO") -> 0 | K37: =(I37)/(J37+I37) -> 1
A38: CENTRO | B38: CEN15 | C38: BONOMO | D38: Alberdi y A.del Valle | E38: Domo | F38: Fibra Optica | H38: 172.20.10.35 | I38: =COUNTIF(L38:AM38,"") -> 28 | J38: =COUNTIF(L38:AM38,"APAGADO") -> 0 | K38: =(I38)/(J38+I38) -> 1
A39: CENTRO | B39: CEN16 | C39: BONOMO | D39: San Martin y Pte. Peron | E39: Fija | F39: Fibra Optica | H39: 172.20.12.36 | I39: =COUNTIF(L39:AM39,"") -> 28 | J39: =COUNTIF(L39:AM39,"APAGADO") -> 0 | K39: =(I39)/(J39+I39) -> 1
A40: CENTRO | B40: CEN17 | C40: BONOMO | D40: San Martin y Mitre | E40: Domo | F40: PTO A FO | G40: SAN MARTIN Y SALLARES | H40: 172.20.12.200 | I40: =COUNTIF(L40:AM40,"") -> 28 | J40: =COUNTIF(L40:AM40,"APAGADO") -> 0 | K40: =(I40)/(J40+I40) -> 1
A41: CENTRO | B41: CEN18 | C41: BONOMO | D41: Monteagudo e/Mitre y Sallares | E41: Fija | F41: Fibra Optica | H41: 172.20.10.26 | I41: =COUNTIF(L41:AM41,"") -> 28 | J41: =COUNTIF(L41:AM41,"APAGADO") -> 0 | K41: =(I41)/(J41+I41) -> 1
A42: CENTRO | B42: CEN19 | C42: BONOMO | D42: Chacabuco y 25 de Mayo | E42: Fija | F42: Fibra Optica | H42: 172.20.10.27 | I42: =COUNTIF(L42:AM42,"") -> 28 | J42: =COUNTIF(L42:AM42,"APAGADO") -> 0 | K42: =(I42)/(J42+I42) -> 1
A43: LOMAS DE MONTEVERDE | B43: CEN20 | C43: BONOMO | D43: Pte. Illia y Las Heras | E43: Domo | F43: Fibra Optica | H43: 172.20.10.33 | I43: =COUNTIF(L43:AM43,"") -> 28 | J43: =COUNTIF(L43:AM43,"APAGADO") -> 0 | K43: =(I43)/(J43+I43) -> 1
A44: CENTRO | B44: CEN21 | C44: BONOMO | D44: Misiones y Urquiza | E44: Fija | F44: Radio | H44: 172.20.200.132 | I44: =COUNTIF(L44:AM44,"") -> 28 | J44: =COUNTIF(L44:AM44,"APAGADO") -> 0 | K44: =(I44)/(J44+I44) -> 1
A45: CENTRO | B45: CEN22 | C45: BONOMO | D45: Las Heras y Chacabuco | E45: Domo | F45: Radio | H45: 172.20.200.125 | I45: =COUNTIF(L45:AM45,"") -> 28 | J45: =COUNTIF(L45:AM45,"APAGADO") -> 0 | K45: =(I45)/(J45+I45) -> 1
A46: CENTRO | B46: CEN23 | C46: BONOMO | D46: Sallares y Monteagudo | E46: Domo | F46: Fibra Optica | H46: 172.20.12.05 | I46: =COUNTIF(L46:AM46,"") -> 28 | J46: =COUNTIF(L46:AM46,"APAGADO") -> 0 | K46: =(I46)/(J46+I46) -> 1
A47: CENTRO | B47: CEN24 | C47: BONOMO | D47: Sallares y España | E47: Domo | F47: Fibra Optica | H47: 172.20.12.04 | I47: =COUNTIF(L47:AM47,"") -> 28 | J47: =COUNTIF(L47:AM47,"APAGADO") -> 0 | K47: =(I47)/(J47+I47) -> 1
A48: CENTRO | B48: CEN25 | C48: BONOMO | D48: SAN MARTIN Y 9 DE JULIO | E48: Domo | F48: Fibra Optica | H48: 172.20.12.02 | I48: =COUNTIF(L48:AM48,"") -> 28 | J48: =COUNTIF(L48:AM48,"APAGADO") -> 0 | K48: =(I48)/(J48+I48) -> 1
A49: CENTRO | B49: CEN26 | C49: BONOMO | D49: Mitre y España | E49: Domo | F49: Fibra Optica | H49: 172.20.12.06 | I49: =COUNTIF(L49:AM49,"") -> 28 | J49: =COUNTIF(L49:AM49,"APAGADO") -> 0 | K49: =(I49)/(J49+I49) -> 1
A50: CENTRO | B50: CEN27 | C50: BONOMO | D50: San Juan y España | E50: Domo | F50: Fibra Optica | H50: 172.20.12.37 | I50: =COUNTIF(L50:AM50,"") -> 28 | J50: =COUNTIF(L50:AM50,"APAGADO") -> 0 | K50: =(I50)/(J50+I50) -> 1
A51: CENTRO | B51: CEN28 | C51: BONOMO | D51: Mitre y Alberdi | E51: Domo | F51: Fibra Optica | H51: 172.20.12.38 | I51: =COUNTIF(L51:AM51,"") -> 28 | J51: =COUNTIF(L51:AM51,"APAGADO") -> 0 | K51: =(I51)/(J51+I51) -> 1
A52: CENTRO | B52: CEN29 | C52: BONOMO | D52: Alberdi y San Juan | E52: Domo | F52: Fibra Optica | H52: 172.20.12.40 | I52: =COUNTIF(L52:AM52,"") -> 28 | J52: =COUNTIF(L52:AM52,"APAGADO") -> 0 | K52: =(I52)/(J52+I52) -> 1
... A64: CENTRO | B64: CEN41 | C64: BONOMO | D64: Contreras y Alberdi | E64: Domo | F64: Fibra Optica | H64: 172.20.12.58 | I64: =COUNTIF(L64:AM64,"") -> 28 | J64: =COUNTIF(L64:AM64,"APAGADO") -> 0 | K64: =(I64)/(J64+I64) -> 1
A65: CENTRO | B65: CEN42 | C65: BONOMO | D65: Diagonal Constituyentes y Alem | E65: Domo | F65: Fibra Optica | H65: 172.20.12.59 | I65: =COUNTIF(L65:AM65,"") -> 27 | J65: =COUNTIF(L65:AM65,"APAGADO") -> 1 | K65: =(I65)/(J65+I65) -> 0.96428571 | L65: APAGADO
A66: CENTRO | B66: CEN43 | C66: BONOMO | D66: Sallares y Alberdi | E66: Domo | F66: Fibra Optica | H66: 172.20.12.61 | I66: =COUNTIF(L66:AM66,"") -> 28 | J66: =COUNTIF(L66:AM66,"APAGADO") -> 0 | K66: =(I66)/(J66+I66) -> 1
A67: CENTRO | B67: CEN44 | C67: BONOMO | D67: Mitre y Brown | E67: Domo | F67: Fibra Optica | H67: 172.20.12.62 | I67: =COUNTIF(L67:AM67,"") -> 28 | J67: =COUNTIF(L67:AM67,"APAGADO") -> 0 | K67: =(I67)/(J67+I67) -> 1
A68: CENTRO | B68: CEN45 (fija 1) | C68: BONOMO | D68: EEUU Y MORENO | E68: Fija | F68: Fibra Optica | H68: 172.20.11.74 | I68: =COUNTIF(L68:AM68,"") -> 28 | J68: =COUNTIF(L68:AM68,"APAGADO") -> 0 | K68: =(I68)/(J68+I68) -> 1
A69: CENTRO | B69: CEN46 (fija 2) | C69: BONOMO | D69: EEUU Y MORENO | E69: Fija | F69: Fibra Optica | H69: 172.20.11.75 | I69: =COUNTIF(L69:AM69,"") -> 28 | J69: =COUNTIF(L69:AM69,"APAGADO") -> 0 | K69: =(I69)/(J69+I69) -> 1
A70: CENTRO | B70: CEN47 | C70: BONOMO | D70: Sallares y Brown | E70: Domo | F70: Fibra Optica | H70: 172.20.12.65 | I70: =COUNTIF(L70:AM70,"") -> 28 | J70: =COUNTIF(L70:AM70,"APAGADO") -> 0 | K70: =(I70)/(J70+I70) -> 1
A71: CENTRO | B71: CEN48 | C71: BONOMO | D71: Velez Sarsfield y Las Heras | E71: Domo | F71: Radio | H71: 172.20.200.181 | I71: =COUNTIF(L71:AM71,"") -> 28 | J71: =COUNTIF(L71:AM71,"APAGADO") -> 0 | K71: =(I71)/(J71+I71) -> 1
A72: CENTRO | B72: CEN49 | C72: BONOMO | D72: Av. San Martin y Florencio Sanchez | E72: Domo | F72: Radio | H72: 172.20.200.182 | I72: =COUNTIF(L72:AM72,"") -> 28 | J72: =COUNTIF(L72:AM72,"APAGADO") -> 0 | K72: =(I72)/(J72+I72) -> 1
A73: CENTRO | B73: CEN 50 | C73: BONOMO | D73: Av. San Martin y Newbery | E73: Domo | F73: Radio | H73: 172.20.200.184 | I73: =COUNTIF(L73:AM73,"") -> 28 | J73: =COUNTIF(L73:AM73,"APAGADO") -> 0 | K73: =(I73)/(J73+I73) -> 1
A74: CENTRO | B74: CEN 51 | C74: BONOMO | D74: ILLIA Y LAS HERAS | E74: FIJA | F74: Fibra Optica | H74: 172.20.11.29 | I74: =COUNTIF(L74:AM74,"") -> 28 | J74: =COUNTIF(L74:AM74,"APAGADO") -> 0 | K74: =(I74)/(J74+I74) -> 1
A75: CENTRO | B75: CEN52 | C75: BONOMO | D75: San Martin y Almafuerte (ex San Martin y Dorrego) | E75: DOMO | F75: Radio | H75: 172.20.200.191 | I75: =COUNTIF(L75:AM75,"") -> 28 | J75: =COUNTIF(L75:AM75,"APAGADO") -> 0 | K75: =(I75)/(J75+I75) -> 1
A76: CENTRO | B76: CEN 53 | C76: BONOMO | D76: GUTIERREZ Y BROWN | E76: Domo | F76: Radio | H76: 172.20.200.166 | I76: =COUNTIF(L76:AM76,"") -> 28 | J76: =COUNTIF(L76:AM76,"APAGADO") -> 0 | K76: =(I76)/(J76+I76) -> 1
A77: CENTRO | B77: CEN 54 | C77: BONOMO | D77: GUTIERREZ Y PRINGLES | E77: Domo | F77: Radio | H77: 172.20.200.165 | I77: =COUNTIF(L77:AM77,"") -> 28 | J77: =COUNTIF(L77:AM77,"APAGADO") -> 0 | K77: =(I77)/(J77+I77) -> 1
... A82: CENTRO | B82: CEN59 | C82: BONOMO | D82: CHACABUCO Y BOUREL | E82: DOMO | F82: Radio | H82: 172.20.200.188 | I82: =COUNTIF(L82:AM82,"") -> 28 | J82: =COUNTIF(L82:AM82,"APAGADO") -> 0 | K82: =(I82)/(J82+I82) -> 1
A83: CENTRO | B83: CEN 60 | C83: BONOMO | D83: RECONQUISTA Y ILLIA | E83: DOMO | F83: PTO A FO | G83: ILLIA Y LAS HERAS | H83: 172.20.12.67 | I83: =COUNTIF(L83:AM83,"") -> 28 | J83: =COUNTIF(L83:AM83,"APAGADO") -> 0 | K83: =(I83)/(J83+I83) -> 1
A84: CENTRO | B84: CEN 61 | C84: BONOMO | D84: BOUREL Y MAIPU | E84: DOMO | F84: Radio | H84: 172.20.200.159 | I84: =COUNTIF(L84:AM84,"") -> 28 | J84: =COUNTIF(L84:AM84,"APAGADO") -> 0 | K84: =(I84)/(J84+I84) -> 1
A85: CENTRO | B85: CEN62 | C85: BONOMO | D85: ESPAÑA Y ALEM | E85: DOMO | F85: PTO A FO | G85: SAN MARTIN Y ALEM | H85: 172.20.12.82 | I85: =COUNTIF(L85:AM85,"") -> 28 | J85: =COUNTIF(L85:AM85,"APAGADO") -> 0 | K85: =(I85)/(J85+I85) -> 1
A86: CENTRO | B86: CEN63 | C86: BONOMO | D86: SAN MARTIN Y URQUIZA | E86: DOMO | F86: Fibra Optica | H86: 172.20.11.112 | I86: =COUNTIF(L86:AM86,"") -> 28 | J86: =COUNTIF(L86:AM86,"APAGADO") -> 0 | K86: =(I86)/(J86+I86) -> 1
A87: CENTRO | B87: CEN64 | C87: BONOMO | D87: SAN MARTIN Y BOCCUZZI | E87: FIJA | F87: Fibra Optica | H87: 172.20.11.134 | I87: =COUNTIF(L87:AM87,"") -> 28 | J87: =COUNTIF(L87:AM87,"APAGADO") -> 0 | K87: =(I87)/(J87+I87) -> 1
A88: CENTRO | B88: CEN 65 | C88: BONOMO | D88: SAN MARTIN Y JUAN PERON | E88: FIJA | F88: Fibra Optica | H88: 172.20.11.135 | I88: =COUNTIF(L88:AM88,"") -> 28 | J88: =COUNTIF(L88:AM88,"APAGADO") -> 0 | K88: =(I88)/(J88+I88) -> 1
A89: CENTRO | B89: CEN66 | C89: BONOMO | D89: SAN MARTIN Y JUAN PERON | E89: FIJA | F89: Fibra Optica | H89: 172.20.11.136 | I89: =COUNTIF(L89:AM89,"") -> 28 | J89: =COUNTIF(L89:AM89,"APAGADO") -> 0 | K89: =(I89)/(J89+I89) -> 1
A90: CENTRO | B90: CEN67 (fija 1) | C90: BONOMO | D90: 9 DE JULIO Y BROWN | E90: Fija | F90: Fibra Optica | H90: 172.20.11.188 | I90: =COUNTIF(L90:AM90,"") -> 27 | J90: =COUNTIF(L90:AM90,"APAGADO") -> 1 | K90: =(I90)/(J90+I90) -> 0.96428571 | L90: APAGADO
A91: CENTRO | B91: CEN68 (fija 2) | C91: BONOMO | D91: 9 DE JULIO Y BROWN | E91: Fija | F91: Fibra Optica | H91: 172.20.11.189 | I91: =COUNTIF(L91:AM91,"") -> 27 | J91: =COUNTIF(L91:AM91,"APAGADO") -> 1 | K91: =(I91)/(J91+I91) -> 0.96428571 | L91: APAGADO
A92: CENTRO | B92: CEN69 | C92: BONOMO | D92: RIVADAVIA Y BOUREL | E92: DOMO | F92: Fibra Optica | H92: 172.20.11.222 | I92: =COUNTIF(L92:AM92,"") -> 28 | J92: =COUNTIF(L92:AM92,"APAGADO") -> 0 | K92: =(I92)/(J92+I92) -> 1
A93: CENTRO | B93: CEN 70 | C93: BONOMO | D93: RIVADAVIA Y 25 MAYO | E93: Domo | F93: Fibra Optica | H93: 172.20.11.221 | I93: =COUNTIF(L93:AM93,"") -> 28 | J93: =COUNTIF(L93:AM93,"APAGADO") -> 0 | K93: =(I93)/(J93+I93) -> 1
A94: CENTRO | B94: CEN 71 | C94: BONOMO | D94: MORENO Y BOUREL | E94: Domo | F94: Fibra Optica | H94: 172.20.11.220 | I94: =COUNTIF(L94:AM94,"") -> 28 | J94: =COUNTIF(L94:AM94,"APAGADO") -> 0 | K94: =(I94)/(J94+I94) -> 1
A95: CENTRO | B95: CEN 72 | C95: BONOMO | D95: MORENO Y 25 DE MAYO | E95: Domo | F95: Fibra Optica | H95: 172.20.11.219 | I95: =COUNTIF(L95:AM95,"") -> 28 | J95: =COUNTIF(L95:AM95,"APAGADO") -> 0 | K95: =(I95)/(J95+I95) -> 1
A96: CENTRO | B96: CEN73 | C96: BONOMO | D96: BOUREL Y DEFENSA | E96: DOMO | F96: Fibra Optica | H96: 172.20.11.223 | I96: =COUNTIF(L96:AM96,"") -> 28 | J96: =COUNTIF(L96:AM96,"APAGADO") -> 0 | K96: =(I96)/(J96+I96) -> 1
A97: CENTRO | B97: CEN74 | C97: BONOMO | D97: Las Heras y Maipu | E97: Domo | F97: Fibra Optica | H97: 172.20.11.53 | I97: =COUNTIF(L97:AM97,"") -> 28 | J97: =COUNTIF(L97:AM97,"APAGADO") -> 0 | K97: =(I97)/(J97+I97) -> 1
A98: CENTRO | B98: CEN 75 | C98: BONOMO | D98: 25 DE MAYO Y CASTELLI | E98: Domo | F98: Fibra Optica | H98: 172.20.11.114 | I98: =COUNTIF(L98:AM98,"") -> 28 | J98: =COUNTIF(L98:AM98,"APAGADO") -> 0 | K98: =(I98)/(J98+I98) -> 1
A99: CENTRO | B99: CEN 76 | C99: BONOMO | D99: ESPAÑA E/MITRE Y BOCUZZI | E99: Fija | F99: Fibra Optica | H99: 172-20.11.110 | I99: =COUNTIF(L99:AM99,"") -> 28 | J99: =COUNTIF(L99:AM99,"APAGADO") -> 0 | K99: =(I99)/(J99+I99) -> 1
A100: CENTRO | B100: CEN 77 | C100: BONOMO | D100: Monteagudo e/ Mitre y Boccuzzi | E100: Fija | F100: Fibra Optica | H100: 172.20.11.241 | I100: =COUNTIF(L100:AM100,"") -> 28 | J100: =COUNTIF(L100:AM100,"APAGADO") -> 0 | K100: =(I100)/(J100+I100) -> 1
A101: CENTRO | B101: CEN 78 | C101: BONOMO | D101: Mitre e/Monteagudo y Alberdi | E101: Fija | F101: Fibra Optica | H101: 172.20.11.240 | I101: =COUNTIF(L101:AM101,"") -> 28 | J101: =COUNTIF(L101:AM101,"APAGADO") -> 0 | K101: =(I101)/(J101+I101) -> 1
A102: CENTRO | B102: CEN 79 | C102: BONOMO | D102: Diag. Constituyente y Brown | E102: Fija | F102: Fibra Optica | H102: 172.20.11.243 | I102: =COUNTIF(L102:AM102,"") -> 28 | J102: =COUNTIF(L102:AM102,"APAGADO") -> 0 | K102: =(I102)/(J102+I102) -> 1
A103: CENTRO | B103: CEN 80 | C103: BONOMO | D103: Diag. Constituyente y Brown | E103: Fija | F103: Fibra Optica | H103: 172.20.11.244 | I103: =COUNTIF(L103:AM103,"") -> 28 | J103: =COUNTIF(L103:AM103,"APAGADO") -> 0 | K103: =(I103)/(J103+I103) -> 1
... A105: CENTRO | B105: CEN 82 | C105: BONOMO | D105: DORREGO Y BOUREL | E105: Domo | F105: Fibra Optica | H105: 172.20.11.198 | I105: =COUNTIF(L105:AM105,"") -> 28 | J105: =COUNTIF(L105:AM105,"APAGADO") -> 0 | K105: =(I105)/(J105+I105) -> 1
A106: CENTRO | B106: CEN83 | C106: BONOMO | D106: RECONQUISTA Y 25 DE MAYO | E106: Domo | F106: Radio | H106: 172.20.11.123 | I106: =COUNTIF(L106:AM106,"") -> 27 | J106: =COUNTIF(L106:AM106,"APAGADO") -> 1 | K106: =(I106)/(J106+I106) -> 0.96428571 | L106: APAGADO
A107: CENTRO | B107: CEN 84 | C107: BONOMO | D107: 25 DE MAYO Y MAIPU | E107: Fija | F107: Fibra Optica | H107: 172.20.10.95 | I107: =COUNTIF(L107:AM107,"") -> 28 | J107: =COUNTIF(L107:AM107,"APAGADO") -> 0 | K107: =(I107)/(J107+I107) -> 1
A108: CENTRO | B108: CEN 85 | C108: BONOMO | D108: PTE PERON E/ PRINGLES Y BROWN | E108: Fija | F108: Fibra Optica | H108: 172.20.10.21 | I108: =COUNTIF(L108:AM108,"") -> 28 | J108: =COUNTIF(L108:AM108,"APAGADO") -> 0 | K108: =(I108)/(J108+I108) -> 1
A109: CENTRO | B109: CEN 86 | C109: BONOMO | D109: Monteagudo y Bocuzzi | E109: Fija | F109: Fibra Optica | H109: 172.20.10.106 | I109: =COUNTIF(L109:AM109,"") -> 28 | J109: =COUNTIF(L109:AM109,"APAGADO") -> 0 | K109: =(I109)/(J109+I109) -> 1
A110: CENTRO | B110: CEN87 | C110: IPCOMS | D110: 25 DE MAYO Y NEWBERY | E110: Domo | F110: GPON | H110: 172.20.10.118 | I110: =COUNTIF(L110:AM110,"") -> 28 | J110: =COUNTIF(L110:AM110,"APAGADO") -> 0 | K110: =(I110)/(J110+I110) -> 1
A111: SAN NICOLAS | B111: CHA01 | C111: BONOMO | D111: Novak y Pte Illia | E111: Domo | F111: Radio | H111: 172.20.200.126 | I111: =COUNTIF(L111:AM111,"") -> 28 | J111: =COUNTIF(L111:AM111,"APAGADO") -> 0 | K111: =(I111)/(J111+I111) -> 1
A112: CHACABUCO | B112: CHA02 | C112: BONOMO | D112: Pte. Illia y Posadas | E112: Domo | F112: Radio | H112: 172.20.200.186 | I112: =COUNTIF(L112:AM112,"") -> 27 | J112: =COUNTIF(L112:AM112,"APAGADO") -> 1 | K112: =(I112)/(J112+I112) -> 0.96428571 | L112: APAGADO
A113: CHACABUCO | B113: CHA03 | C113: BONOMO | D113: MAIPU Y ALVAREZ THOMAS | E113: DOMO | F113: Fibra Optica | H113: 172.20.11.71 | I113: =COUNTIF(L113:AM113,"") -> 28 | J113: =COUNTIF(L113:AM113,"APAGADO") -> 0 | K113: =(I113)/(J113+I113) -> 1
A114: CHACABUCO | B114: CHA04 | C114: BONOMO | D114: ESTADOS UNIDOS DE A. E ILLIA | E114: DOMO | F114: Fibra Optica | H114: 172.20.11.191 | I114: =COUNTIF(L114:AM114,"") -> 27 | J114: =COUNTIF(L114:AM114,"APAGADO") -> 1 | K114: =(I114)/(J114+I114) -> 0.96428571 | L114: APAGADO
A115: VILLA MONICA NUEVA | B115: COL01 | C115: COSEIDI | D115: Eva Peron y Cariboni | E115: Domo | F115: Radio | H115: 172.20.200.177 | I115: =COUNTIF(L115:AM115,"") -> 28 | J115: =COUNTIF(L115:AM115,"APAGADO") -> 0 | K115: =(I115)/(J115+I115) -> 1
A116: LA COLORADA ESTE | B116: COL02 | C116: COSEIDI | D116: Av. Eva Peron y Pompeya | E116: Domo | F116: Radio | H116: 172.20.10.98 | I116: =COUNTIF(L116:AM116,"") -> 28 | J116: =COUNTIF(L116:AM116,"APAGADO") -> 0 | K116: =(I116)/(J116+I116) -> 1
...

Sheet Hoja3

Sheet ESTADISTICA
A1: ='RESUMEN TOTAL'!A4 -> Barrio | B1: ='RESUMEN TOTAL'!B4 -> [Denominacion] | C1: ='RESUMEN TOTAL'!D4 -> [Ubicacion] | D1: ='RESUMEN TOTAL'!E4 -> [Tipo de Camara] | E1: ='RESUMEN TOTAL'!F4 -> [Tipo de Conexion] | F1: ='RESUMEN TOTAL'!L4 -> 45413 | G1: ='RESUMEN TOTAL'!M4 -> 45414 | H1: ='RESUMEN TOTAL'!N4 -> 45415 | I1: ='RESUMEN TOTAL'!O4 -> 45416 | J1: ='RESUMEN TOTAL'!P4 -> 45417 | K1: ='RESUMEN TOTAL'!Q4 -> 45418 | L1: ='RESUMEN TOTAL'!R4 -> 45419 | M1: ='RESUMEN TOTAL'!S4 -> 45420 | ... AH1: ='RESUMEN TOTAL'!AN4 -> 45441
A2: ='RESUMEN TOTAL'!A5 -> ALTAMIRA | B2: ='RESUMEN TOTAL'!B5 -> ALT01 | C2: ='RESUMEN TOTAL'!D5 -> Calchaqui y Sgto. Cabral | D2: ='RESUMEN TOTAL'!E5 -> Domo | E2: ='RESUMEN TOTAL'!F5 -> Fibra Optica | F2: ='RESUMEN TOTAL'!L5 -> 0 | G2: ='RESUMEN TOTAL'!M5 -> 0 | H2: ='RESUMEN TOTAL'!N5 -> 0 | I2: ='RESUMEN TOTAL'!O5 -> 0 | J2: ='RESUMEN TOTAL'!P5 -> 0 | K2: ='RESUMEN TOTAL'!Q5 -> 0 | L2: ='RESUMEN TOTAL'!R5 -> 0 | M2: ='RESUMEN TOTAL'!S5 -> 0 | ... AH2: ='RESUMEN TOTAL'!AN5 -> 0
A3: ='RESUMEN TOTAL'!A6 -> ALTAMIRA | B3: ='RESUMEN TOTAL'!B6 -> ALT02 | C3: ='RESUMEN TOTAL'!D6 -> Calchaqui y Lope de Vega | D3: ='RESUMEN TOTAL'!E6 -> Domo | E3: ='RESUMEN TOTAL'!F6 -> PTO A FO | F3: ='RESUMEN TOTAL'!L6 -> 0 | G3: ='RESUMEN TOTAL'!M6 -> 0 | H3: ='RESUMEN TOTAL'!N6 -> 0 | I3: ='RESUMEN TOTAL'!O6 -> 0 | J3: ='RESUMEN TOTAL'!P6 -> 0 | K3: ='RESUMEN TOTAL'!Q6 -> 0 | L3: ='RESUMEN TOTAL'!R6 -> 0 | M3: ='RESUMEN TOTAL'!S6 -> 0 | ... AH3: ='RESUMEN TOTAL'!AN6 -> 0
A4: ='RESUMEN TOTAL'!A7 -> ALTAMIRA | B4: ='RESUMEN TOTAL'!B7 -> ALT 03 | C4: ='RESUMEN TOTAL'!D7 -> Bombero Galarza y Necochea | D4: ='RESUMEN TOTAL'!E7 -> Domo | E4: ='RESUMEN TOTAL'!F7 -> Fibra Optica | F4: ='RESUMEN TOTAL'!L7 -> 0 | G4: ='RESUMEN TOTAL'!M7 -> 0 | H4: ='RESUMEN TOTAL'!N7 -> 0 | I4: ='RESUMEN TOTAL'!O7 -> 0 | J4: ='RESUMEN TOTAL'!P7 -> 0 | K4: ='RESUMEN TOTAL'!Q7 -> 0 | L4: ='RESUMEN TOTAL'!R7 -> 0 | M4: ='RESUMEN TOTAL'!S7 -> 0 | ... AH4: ='RESUMEN TOTAL'!AN7 -> 0
A5: ='RESUMEN TOTAL'!A8 -> ALTAMIRA | B5: ='RESUMEN TOTAL'!B8 -> ALT 04 | C5: ='RESUMEN TOTAL'!D8 -> Francia y Necochea | D5: ='RESUMEN TOTAL'!E8 -> Domo | E5: ='RESUMEN TOTAL'!F8 -> Fibra Optica | F5: ='RESUMEN TOTAL'!L8 -> 0 | G5: ='RESUMEN TOTAL'!M8 -> 0 | H5: ='RESUMEN TOTAL'!N8 -> 0 | I5: ='RESUMEN TOTAL'!O8 -> 0 | J5: ='RESUMEN TOTAL'!P8 -> 0 | K5: ='RESUMEN TOTAL'!Q8 -> 0 | L5: ='RESUMEN TOTAL'!R8 -> 0 | M5: ='RESUMEN TOTAL'!S8 -> 0 | ... AH5: ='RESUMEN TOTAL'!AN8 -> 0
A6: ='RESUMEN TOTAL'!A9 -> ALTAMIRA | B6: ='RESUMEN TOTAL'!B9 -> ALT05 | C6: ='RESUMEN TOTAL'!D9 -> Av. Calchaqui y Bombero Galarza | D6: ='RESUMEN TOTAL'!E9 -> Domo | E6: ='RESUMEN TOTAL'!F9 -> PTO A FO | F6: ='RESUMEN TOTAL'!L9 -> 0 | G6: ='RESUMEN TOTAL'!M9 -> 0 | H6: ='RESUMEN TOTAL'!N9 -> 0 | I6: ='RESUMEN TOTAL'!O9 -> 0 | J6: ='RESUMEN TOTAL'!P9 -> 0 | K6: ='RESUMEN TOTAL'!Q9 -> 0 | L6: ='RESUMEN TOTAL'!R9 -> 0 | M6: ='RESUMEN TOTAL'!S9 -> 0 | ... AH6: ='RESUMEN TOTAL'!AN9 -> 0
A7: ='RESUMEN TOTAL'!A10 -> ALTAMIRA | B7: ='RESUMEN TOTAL'!B10 -> ALT 06 | C7: ='RESUMEN TOTAL'!D10 -> LOPE DE VEGA Y NECOCHEA | D7: ='RESUMEN TOTAL'!E10 -> Domo | E7: ='RESUMEN TOTAL'!F10 -> PTO A FO | F7: ='RESUMEN TOTAL'!L10 -> 0 | G7: ='RESUMEN TOTAL'!M10 -> 0 | H7: ='RESUMEN TOTAL'!N10 -> 0 | I7: ='RESUMEN TOTAL'!O10 -> 0 | J7: ='RESUMEN TOTAL'!P10 -> 0 | K7: ='RESUMEN TOTAL'!Q10 -> 0 | L7: ='RESUMEN TOTAL'!R10 -> 0 | M7: ='RESUMEN TOTAL'!S10 -> 0 | ... AH7: ='RESUMEN TOTAL'!AN10 -> 0
A8: ='RESUMEN TOTAL'!A11 -> ALTAMIRA | B8: ='RESUMEN TOTAL'!B11 -> ALT07 | C8: ='RESUMEN TOTAL'!D11 -> AV. CALCHAQUI Y AV. DEL TRABAJO | D8: ='RESUMEN TOTAL'!E11 -> DOMO | E8: ='RESUMEN TOTAL'!F11 -> PTO A FO | F8: ='RESUMEN TOTAL'!L11 -> 0 | G8: ='RESUMEN TOTAL'!M11 -> 0 | H8: ='RESUMEN TOTAL'!N11 -> 0 | I8: ='RESUMEN TOTAL'!O11 -> 0 | J8: ='RESUMEN TOTAL'!P11 -> 0 | K8: ='RESUMEN TOTAL'!Q11 -> 0 | L8: ='RESUMEN TOTAL'!R11 -> 0 | M8: ='RESUMEN TOTAL'!S11 -> 0 | ... AH8: ='RESUMEN TOTAL'!AN11 -> 0
A9: ='RESUMEN TOTAL'!A12 -> ALTAMIRA | B9: ='RESUMEN TOTAL'!B12 -> ALT 08 | C9: ='RESUMEN TOTAL'!D12 -> HUMAITA Y NECOCHEA | D9: ='RESUMEN TOTAL'!E12 -> DOMO | E9: ='RESUMEN TOTAL'!F12 -> Fibra Optica | F9: ='RESUMEN TOTAL'!L12 -> 0 | G9: ='RESUMEN TOTAL'!M12 -> 0 | H9: ='RESUMEN TOTAL'!N12 -> 0 | I9: ='RESUMEN TOTAL'!O12 -> 0 | J9: ='RESUMEN TOTAL'!P12 -> 0 | K9: ='RESUMEN TOTAL'!Q12 -> 0 | L9: ='RESUMEN TOTAL'!R12 -> 0 | M9: ='RESUMEN TOTAL'!S12 -> 0 | ... AH9: ='RESUMEN TOTAL'!AN12 -> 0
A10: ='RESUMEN TOTAL'!A13 -> ALTAMIRA | B10: ='RESUMEN TOTAL'!B13 -> ALT 09 | C10: ='RESUMEN TOTAL'!D13 -> NECOCHEA Y CURUPAITY | D10: ='RESUMEN TOTAL'!E13 -> DOMO | E10: ='RESUMEN TOTAL'!F13 -> Fibra Optica | F10: ='RESUMEN TOTAL'!L13 -> APAGADO | G10: ='RESUMEN TOTAL'!M13 -> 0 | H10: ='RESUMEN TOTAL'!N13 -> 0 | I10: ='RESUMEN TOTAL'!O13 -> 0 | J10: ='RESUMEN TOTAL'!P13 -> 0 | K10: ='RESUMEN TOTAL'!Q13 -> 0 | L10: ='RESUMEN TOTAL'!R13 -> 0 | M10: ='RESUMEN TOTAL'!S13 -> 0 | ... AH10: ='RESUMEN TOTAL'!AN13 -> 0
A11: ='RESUMEN TOTAL'!A14 -> ALTAMIRA | B11: ='RESUMEN TOTAL'!B14 -> ALT 10 | C11: ='RESUMEN TOTAL'!D14 -> Calchaqui y Francia | D11: ='RESUMEN TOTAL'!E14 -> Domo | E11: ='RESUMEN TOTAL'!F14 -> Radio | F11: ='RESUMEN TOTAL'!L14 -> 0 | G11: ='RESUMEN TOTAL'!M14 -> 0 | H11: ='RESUMEN TOTAL'!N14 -> 0 | I11: ='RESUMEN TOTAL'!O14 -> 0 | J11: ='RESUMEN TOTAL'!P14 -> 0 | K11: ='RESUMEN TOTAL'!Q14 -> 0 | L11: ='RESUMEN TOTAL'!R14 -> 0 | M11: ='RESUMEN TOTAL'!S14 -> 0 | ... AH11: ='RESUMEN TOTAL'!AN14 -> 0
A12: ='RESUMEN TOTAL'!A15 -> AGUSTIN RAMIREZ | B12: ='RESUMEN TOTAL'!B15 -> ARA 01 | C12: ='RESUMEN TOTAL'!D15 -> Malambo y Tranquera | D12: ='RESUMEN TOTAL'!E15 -> Domo | E12: ='RESUMEN TOTAL'!F15 -> Fibra Optica | F12: ='RESUMEN TOTAL'!L15 -> 0 | G12: ='RESUMEN TOTAL'!M15 -> 0 | H12: ='RESUMEN TOTAL'!N15 -> 0 | I12: ='RESUMEN TOTAL'!O15 -> 0 | J12: ='RESUMEN TOTAL'!P15 -> 0 | K12: ='RESUMEN TOTAL'!Q15 -> 0 | L12: ='RESUMEN TOTAL'!R15 -> 0 | M12: ='RESUMEN TOTAL'!S15 -> 0 | ... AH12: ='RESUMEN TOTAL'!AN15 -> 0
... A315: ='RESUMEN TOTAL'!A318 -> SAN JORGE | B315: ='RESUMEN TOTAL'!B318 -> SJO 03 | C315: ='RESUMEN TOTAL'!D318 -> 517 Y 580 | D315: ='RESUMEN TOTAL'!E318 -> DOMO | E315: ='RESUMEN TOTAL'!F318 -> Radio | F315: ='RESUMEN TOTAL'!L318 -> 0 | G315: ='RESUMEN TOTAL'!M318 -> 0 | H315: ='RESUMEN TOTAL'!N318 -> 0 | I315: ='RESUMEN TOTAL'!O318 -> 0 | J315: ='RESUMEN TOTAL'!P318 -> 0 | K315: ='RESUMEN TOTAL'!Q318 -> 0 | L315: ='RESUMEN TOTAL'!R318 -> 0 | M315: ='RESUMEN TOTAL'!S318 -> 0 | ... AH315: ='RESUMEN TOTAL'!AN318 -> 0
A316: ='RESUMEN TOTAL'!A319 -> SAN JORGE | B316: ='RESUMEN TOTAL'!B319 -> SJO 04 | C316: ='RESUMEN TOTAL'!D319 -> 552 Y 519 | D316: ='RESUMEN TOTAL'!E319 -> DOMO | E316: ='RESUMEN TOTAL'!F319 -> Radio | F316: ='RESUMEN TOTAL'!L319 -> 0 | G316: ='RESUMEN TOTAL'!M319 -> 0 | H316: ='RESUMEN TOTAL'!O319 -> 0 | I316: ='RESUMEN TOTAL'!#REF! -> #REF! | J316: ='RESUMEN TOTAL'!P319 -> 0 | K316: ='RESUMEN TOTAL'!Q319 -> 0 | L316: ='RESUMEN TOTAL'!R319 -> 0 | M316: ='RESUMEN TOTAL'!S319 -> 0 | N316: ='RESUMEN TOTAL'!T319 -> 0 | O316: ='RESUMEN TOTAL'!U319 -> 0 | P316: ='RESUMEN TOTAL'!V319 -> 0 | Q316: ='RESUMEN TOTAL'!W319 -> 0 | ... AH316: ='RESUMEN TOTAL'!AN319 -> 0
A317: ='RESUMEN TOTAL'!A320 -> SAN JORGE | B317: ='RESUMEN TOTAL'!B320 -> SJO 09 (FIJA 1) | C317: ='RESUMEN TOTAL'!D320 -> 515 Y 566 | D317: ='RESUMEN TOTAL'!E320 -> Fija | E317: ='RESUMEN TOTAL'!F320 -> Radio | F317: ='RESUMEN TOTAL'!L320 -> 0 | G317: ='RESUMEN TOTAL'!M320 -> 0 | H317: ='RESUMEN TOTAL'!N320 -> 0 | I317: ='RESUMEN TOTAL'!O320 -> 0 | J317: ='RESUMEN TOTAL'!P320 -> 0 | K317: ='RESUMEN TOTAL'!Q320 -> 0 | L317: ='RESUMEN TOTAL'!R320 -> 0 | M317: ='RESUMEN TOTAL'!S320 -> 0 | ... AH317: ='RESUMEN TOTAL'!AN320 -> 0
A318: ='RESUMEN TOTAL'!A321 -> SAN JORGE | B318: ='RESUMEN TOTAL'!B321 -> SJO 10 (FIJA 2) | C318: ='RESUMEN TOTAL'!D321 -> 515 Y 566 | D318: ='RESUMEN TOTAL'!E321 -> Fija | E318: ='RESUMEN TOTAL'!F321 -> Radio | F318: ='RESUMEN TOTAL'!L321 -> 0 | G318: ='RESUMEN TOTAL'!M321 -> 0 | H318: ='RESUMEN TOTAL'!N321 -> 0 | I318: ='RESUMEN TOTAL'!O321 -> 0 | J318: ='RESUMEN TOTAL'!P321 -> 0 | K318: ='RESUMEN TOTAL'!Q321 -> 0 | L318: ='RESUMEN TOTAL'!R321 -> 0 | M318: ='RESUMEN TOTAL'!S321 -> 0 | ... AH318: ='RESUMEN TOTAL'!AN321 -> 0
A319: ='RESUMEN TOTAL'!A322 -> SAN JORGE | B319: ='RESUMEN TOTAL'!B322 -> SJO01 | C319: ='RESUMEN TOTAL'!D322 -> Calle 554 y 527 | D319: ='RESUMEN TOTAL'!E322 -> Domo | E319: ='RESUMEN TOTAL'!F322 -> Radio | F319: ='RESUMEN TOTAL'!L322 -> 0 | G319: ='RESUMEN TOTAL'!M322 -> 0 | H319: ='RESUMEN TOTAL'!N322 -> 0 | I319: ='RESUMEN TOTAL'!O322 -> 0 | J319: ='RESUMEN TOTAL'!P322 -> 0 | K319: ='RESUMEN TOTAL'!Q322 -> 0 | L319: ='RESUMEN TOTAL'!R322 -> 0 | M319: ='RESUMEN TOTAL'!S322 -> 0 | ... AH319: ='RESUMEN TOTAL'!AN322 -> 0
A320: ='RESUMEN TOTAL'!A323 -> SAN JORGE | B320: ='RESUMEN TOTAL'!B323 -> SJO02 | C320: ='RESUMEN TOTAL'!D323 -> Calle 554 y 511 | D320: ='RESUMEN TOTAL'!E323 -> Domo | E320: ='RESUMEN TOTAL'!F323 -> Radio | F320: ='RESUMEN TOTAL'!L323 -> 0 | G320: ='RESUMEN TOTAL'!M323 -> 0 | H320: ='RESUMEN TOTAL'!O323 -> 0 | I320: ='RESUMEN TOTAL'!#REF! -> #REF! | J320: ='RESUMEN TOTAL'!P323 -> 0 | K320: ='RESUMEN TOTAL'!Q323 -> 0 | L320: ='RESUMEN TOTAL'!R323 -> 0 | M320: ='RESUMEN TOTAL'!S323 -> 0 | N320: ='RESUMEN TOTAL'!T323 -> 0 | O320: ='RESUMEN TOTAL'!U323 -> 0 | P320: ='RESUMEN TOTAL'!V323 -> 0 | Q320: ='RESUMEN TOTAL'!W323 -> 0 | ... AH320: ='RESUMEN TOTAL'!AN323 -> 0
A321: ='RESUMEN TOTAL'!A324 -> SAN JORGE | B321: ='RESUMEN TOTAL'!B324 -> SJO05 (fija 1) | C321: ='RESUMEN TOTAL'!D324 -> 511 Y 560 | D321: ='RESUMEN TOTAL'!E324 -> Fija | E321: ='RESUMEN TOTAL'!F324 -> Fibra Optica | F321: ='RESUMEN TOTAL'!L324 -> APAGADO | G321: ='RESUMEN TOTAL'!M324 -> 0 | H321: ='RESUMEN TOTAL'!O324 -> 0 | I321: ='RESUMEN TOTAL'!#REF! -> #REF! | J321: ='RESUMEN TOTAL'!P324 -> 0 | K321: ='RESUMEN TOTAL'!Q324 -> 0 | L321: ='RESUMEN TOTAL'!R324 -> 0 | M321: ='RESUMEN TOTAL'!S324 -> 0 | N321: ='RESUMEN TOTAL'!T324 -> 0 | O321: ='RESUMEN TOTAL'!U324 -> 0 | P321: ='RESUMEN TOTAL'!V324 -> 0 | Q321: ='RESUMEN TOTAL'!W324 -> 0 | ... AH321: ='RESUMEN TOTAL'!AN324 -> 0
A322: ='RESUMEN TOTAL'!A325 -> SAN JORGE | B322: ='RESUMEN TOTAL'!B325 -> SJO06 (fija 2) | C322: ='RESUMEN TOTAL'!D325 -> 511 Y 560 | D322: ='RESUMEN TOTAL'!E325 -> Fija | E322: ='RESUMEN TOTAL'!F325 -> Fibra Optica | F322: ='RESUMEN TOTAL'!L325 -> APAGADO | G322: ='RESUMEN TOTAL'!M325 -> 0 | H322: ='RESUMEN TOTAL'!O325 -> 0 | I322: ='RESUMEN TOTAL'!#REF! -> #REF! | J322: ='RESUMEN TOTAL'!P325 -> 0 | K322: ='RESUMEN TOTAL'!Q325 -> 0 | L322: ='RESUMEN TOTAL'!R325 -> 0 | M322: ='RESUMEN TOTAL'!S325 -> 0 | N322: ='RESUMEN TOTAL'!T325 -> 0 | O322: ='RESUMEN TOTAL'!U325 -> 0 | P322: ='RESUMEN TOTAL'!V325 -> 0 | Q322: ='RESUMEN TOTAL'!W325 -> 0 | ... AH322: ='RESUMEN TOTAL'!AN325 -> 0
A323: ='RESUMEN TOTAL'!A326 -> SAN JORGE | B323: ='RESUMEN TOTAL'!B326 -> SJO07 (fija 1) | C323: ='RESUMEN TOTAL'!D326 -> 503 Y 556 | D323: ='RESUMEN TOTAL'!E326 -> Fija | E323: ='RESUMEN TOTAL'!F326 -> Fibra Optica | F323: ='RESUMEN TOTAL'!L326 -> APAGADO | G323: ='RESUMEN TOTAL'!M326 -> 0 | H323: ='RESUMEN TOTAL'!O326 -> 0 | I323: ='RESUMEN TOTAL'!#REF! -> #REF! | J323: ='RESUMEN TOTAL'!P326 -> 0 | K323: ='RESUMEN TOTAL'!Q326 -> 0 | L323: ='RESUMEN TOTAL'!R326 -> 0 | M323: ='RESUMEN TOTAL'!S326 -> 0 | N323: ='RESUMEN TOTAL'!T326 -> 0 | O323: ='RESUMEN TOTAL'!U326 -> 0 | P323: ='RESUMEN TOTAL'!V326 -> 0 | Q323: ='RESUMEN TOTAL'!W326 -> 0 | ... AH323: ='RESUMEN TOTAL'!AN326 -> 0
A324: ='RESUMEN TOTAL'!A327 -> SAN JORGE | B324: ='RESUMEN TOTAL'!B327 -> SJO08 (fija 2) | C324: ='RESUMEN TOTAL'!D327 -> 503 Y 556 | D324: ='RESUMEN TOTAL'!E327 -> Fija | E324: ='RESUMEN TOTAL'!F327 -> Fibra Optica | F324: ='RESUMEN TOTAL'!L327 -> APAGADO | G324: ='RESUMEN TOTAL'!M327 -> 0 | H324: ='RESUMEN TOTAL'!O327 -> 0 | I324: ='RESUMEN TOTAL'!#REF! -> #REF! | J324: ='RESUMEN TOTAL'!P327 -> 0 | K324: ='RESUMEN TOTAL'!Q327 -> 0 | L324: ='RESUMEN TOTAL'!R327 -> 0 | M324: ='RESUMEN TOTAL'!S327 -> 0 | N324: ='RESUMEN TOTAL'!T327 -> 0 | O324: ='RESUMEN TOTAL'!U327 -> 0 | P324: ='RESUMEN TOTAL'!V327 -> 0 | Q324: ='RESUMEN TOTAL'!W327 -> 0 | ... AH324: ='RESUMEN TOTAL'!AN327 -> 0
A325: ='RESUMEN TOTAL'!A328 -> SANTO TOMAS | B325: ='RESUMEN TOTAL'!B328 -> SJU01 | C325: ='RESUMEN TOTAL'!D328 -> Ruta 36 y Pte.Peron | D325: ='RESUMEN TOTAL'!E328 -> Domo | E325: ='RESUMEN TOTAL'!F328 -> Radio | F325: ='RESUMEN TOTAL'!L328 -> APAGADO | G325: ='RESUMEN TOTAL'!M328 -> 0 | H325: ='RESUMEN TOTAL'!N328 -> 0 | I325: ='RESUMEN TOTAL'!O328 -> 0 | J325: ='RESUMEN TOTAL'!P328 -> 0 | K325: ='RESUMEN TOTAL'!Q328 -> 0 | L325: ='RESUMEN TOTAL'!R328 -> 0 | M325: ='RESUMEN TOTAL'!S328 -> 0 | ... AH325: ='RESUMEN TOTAL'!AN328 -> 0
A326: ='RESUMEN TOTAL'!A329 -> VILLA GENERAL SAN MARTIN | B326: ='RESUMEN TOTAL'!B329 -> SMA01 | C326: ='RESUMEN TOTAL'!D329 -> Hudson y Montevideo | D326: ='RESUMEN TOTAL'!E329 -> DOMO | E326: ='RESUMEN TOTAL'!F329 -> Radio | F326: ='RESUMEN TOTAL'!L329 -> 0 | G326: ='RESUMEN TOTAL'!M329 -> 0 | H326: ='RESUMEN TOTAL'!N329 -> 0 | I326: ='RESUMEN TOTAL'!O329 -> 0 | J326: ='RESUMEN TOTAL'!P329 -> 0 | K326: ='RESUMEN TOTAL'!Q329 -> 0 | L326: ='RESUMEN TOTAL'!R329 -> 0 | M326: ='RESUMEN TOTAL'!S329 -> 0 | ... AH326: ='RESUMEN TOTAL'!AN329 -> 0
A327: ='RESUMEN TOTAL'!A330 -> VILLA GENERAL SAN MARTIN | B327: ='RESUMEN TOTAL'!B330 -> SMA02 | C327: ='RESUMEN TOTAL'!D330 -> Hudson y San Nicolas | D327: ='RESUMEN TOTAL'!E330 -> Domo | E327: ='RESUMEN TOTAL'!F330 -> Radio | F327: ='RESUMEN TOTAL'!L330 -> APAGADO | G327: ='RESUMEN TOTAL'!M330 -> 0 | H327: ='RESUMEN TOTAL'!N330 -> 0 | I327: ='RESUMEN TOTAL'!O330 -> 0 | J327: ='RESUMEN TOTAL'!P330 -> 0 | K327: ='RESUMEN TOTAL'!Q330 -> 0 | L327: ='RESUMEN TOTAL'!R330 -> 0 | M327: ='RESUMEN TOTAL'!S330 -> 0 | ... AH327: ='RESUMEN TOTAL'!AN330 -> 0
A328: ='RESUMEN TOTAL'!A331 -> VILLA GENERAL SAN MARTIN | B328: ='RESUMEN TOTAL'!B331 -> SMA 03 | C328: ='RESUMEN TOTAL'!D331 -> ROSARIO Y SAN NICOLAS | D328: ='RESUMEN TOTAL'!E331 -> Domo | E328: ='RESUMEN TOTAL'!F331 -> Radio | F328: ='RESUMEN TOTAL'!L331 -> 0 | G328: ='RESUMEN TOTAL'!M331 -> 0 | H328: ='RESUMEN TOTAL'!N331 -> 0 | I328: ='RESUMEN TOTAL'!O331 -> 0 | J328: ='RESUMEN TOTAL'!P331 -> 0 | K328: ='RESUMEN TOTAL'!Q331 -> 0 | L328: ='RESUMEN TOTAL'!R331 -> 0 | M328: ='RESUMEN TOTAL'!S331 -> 0 | ... AH328: ='RESUMEN TOTAL'!AN331 -> 0
A329: ='RESUMEN TOTAL'!A332 -> VILLA GENERAL SAN MARTIN | B329: ='RESUMEN TOTAL'!B332 -> SMA 04 | C329: ='RESUMEN TOTAL'!D332 -> HUDSON Y MONTEVIDEO | D329: ='RESUMEN TOTAL'!E332 -> FIJA | E329: ='RESUMEN TOTAL'!F332 -> Radio | F329: ='RESUMEN TOTAL'!L332 -> 0 | G329: ='RESUMEN TOTAL'!M332 -> 0 | H329: ='RESUMEN TOTAL'!N332 -> 0 | I329: ='RESUMEN TOTAL'!O332 -> 0 | J329: ='RESUMEN TOTAL'!P332 -> 0 | K329: ='RESUMEN TOTAL'!Q332 -> 0 | L329: ='RESUMEN TOTAL'!R332 -> 0 | M329: ='RESUMEN TOTAL'!S332 -> 0 | ... AH329: ='RESUMEN TOTAL'!AN332 -> 0
A330: ='RESUMEN TOTAL'!A333 -> VILLA GENERAL SAN MARTIN | B330: ='RESUMEN TOTAL'!B333 -> SMA05 | C330: ='RESUMEN TOTAL'!D333 -> MONTEVIDEO Y VILLEGAS | D330: ='RESUMEN TOTAL'!E333 -> DOMO | E330: ='RESUMEN TOTAL'!F333 -> PTO A FO | F330: ='RESUMEN TOTAL'!L333 -> 0 | G330: ='RESUMEN TOTAL'!M333 -> 0 | H330: ='RESUMEN TOTAL'!N333 -> 0 | I330: ='RESUMEN TOTAL'!O333 -> 0 | J330: ='RESUMEN TOTAL'!P333 -> 0 | K330: ='RESUMEN TOTAL'!Q333 -> 0 | L330: ='RESUMEN TOTAL'!R333 -> 0 | M330: ='RESUMEN TOTAL'!S333 -> 0 | ... AH330: ='RESUMEN TOTAL'!AN333 -> 0
A331: ='RESUMEN TOTAL'!A334 -> VILLA GENERAL SAN MARTIN | B331: ='RESUMEN TOTAL'!B334 -> SMA 06 | C331: ='RESUMEN TOTAL'!D334 -> AV. HUDSON Y RIO IGUAZU | D331: ='RESUMEN TOTAL'!E334 -> DOMO | E331: ='RESUMEN TOTAL'!F334 -> Fibra Optica | F331: ='RESUMEN TOTAL'!L334 -> 0 | G331: ='RESUMEN TOTAL'!M334 -> 0 | H331: ='RESUMEN TOTAL'!N334 -> 0 | I331: ='RESUMEN TOTAL'!O334 -> 0 | J331: ='RESUMEN TOTAL'!P334 -> 0 | K331: ='RESUMEN TOTAL'!Q334 -> 0 | L331: ='RESUMEN TOTAL'!R334 -> 0 | M331: ='RESUMEN TOTAL'!S334 -> 0 | ... AH331: ='RESUMEN TOTAL'!AN334 -> 0
A332: ='RESUMEN TOTAL'!A335 -> VILLA GENERAL SAN MARTIN | B332: ='RESUMEN TOTAL'!B335 -> SMA 07 | C332: ='RESUMEN TOTAL'!D335 -> AV. HUDSON Y RIO TURBIO | D332: ='RESUMEN TOTAL'!E335 -> DOMO | E332: ='RESUMEN TOTAL'!F335 -> Fibra Optica | F332: ='RESUMEN TOTAL'!L335 -> 0 | G332: ='RESUMEN TOTAL'!M335 -> 0 | H332: ='RESUMEN TOTAL'!N335 -> 0 | I332: ='RESUMEN TOTAL'!O335 -> 0 | J332: ='RESUMEN TOTAL'!P335 -> 0 | K332: ='RESUMEN TOTAL'!Q335 -> 0 | L332: ='RESUMEN TOTAL'!R335 -> 0 | M332: ='RESUMEN TOTAL'!S335 -> 0 | ... AH332: ='RESUMEN TOTAL'!AN335 -> 0
A333: ='RESUMEN TOTAL'!A336 -> SAN MARTIN | B333: ='RESUMEN TOTAL'!B336 -> SMA 08 | C333: ='RESUMEN TOTAL'!D336 -> 12 De Octubre y H. Lagos | D333: ='RESUMEN TOTAL'!E336 -> fija | E333: ='RESUMEN TOTAL'!F336 -> Fibra Optica | F333: ='RESUMEN TOTAL'!L336 -> APAGADO | G333: ='RESUMEN TOTAL'!M336 -> 0 | H333: ='RESUMEN TOTAL'!O336 -> 0 | I333: ='RESUMEN TOTAL'!#REF! -> #REF! | J333: ='RESUMEN TOTAL'!P336 -> 0 | K333: ='RESUMEN TOTAL'!Q336 -> 0 | L333: ='RESUMEN TOTAL'!R336 -> 0 | M333: ='RESUMEN TOTAL'!S336 -> 0 | N333: ='RESUMEN TOTAL'!T336 -> 0 | O333: ='RESUMEN TOTAL'!U336 -> 0 | P333: ='RESUMEN TOTAL'!V336 -> 0 | Q333: ='RESUMEN TOTAL'!W336 -> 0 | ... AH333: ='RESUMEN TOTAL'!AN336 -> 0
A334: ='RESUMEN TOTAL'!A337 -> SAN MARTIN | B334: ='RESUMEN TOTAL'!B337 -> SMA 09 | C334: ='RESUMEN TOTAL'!D337 -> 12 De Octubre y H. Lagos | D334: ='RESUMEN TOTAL'!E337 -> fija | E334: ='RESUMEN TOTAL'!F337 -> Fibra Optica | F334: ='RESUMEN TOTAL'!L337 -> APAGADO | G334: ='RESUMEN TOTAL'!M337 -> 0 | H334: ='RESUMEN TOTAL'!O337 -> 0 | I334: ='RESUMEN TOTAL'!#REF! -> #REF! | J334: ='RESUMEN TOTAL'!P337 -> 0 | K334: ='RESUMEN TOTAL'!Q337 -> 0 | L334: ='RESUMEN TOTAL'!R337 -> 0 | M334: ='RESUMEN TOTAL'!S337 -> 0 | N334: ='RESUMEN TOTAL'!T337 -> 0 | O334: ='RESUMEN TOTAL'!U337 -> 0 | P334: ='RESUMEN TOTAL'!V337 -> 0 | Q334: ='RESUMEN TOTAL'!W337 -> 0 | ... AH334: ='RESUMEN TOTAL'!AN337 -> 0
A335: ='RESUMEN TOTAL'!A338 -> SAN NICOLAS | B335: ='RESUMEN TOTAL'!B338 -> SNI01 (fija 1) | C335: ='RESUMEN TOTAL'!D338 -> SARRATEA E/ EEUU DE A. Y AGRELO | D335: ='RESUMEN TOTAL'!E338 -> Fija | E335: ='RESUMEN TOTAL'!F338 -> Fibra Optica | F335: ='RESUMEN TOTAL'!L338 -> APAGADO | G335: ='RESUMEN TOTAL'!M338 -> 0 | H335: ='RESUMEN TOTAL'!N338 -> 0 | I335: ='RESUMEN TOTAL'!O338 -> 0 | J335: ='RESUMEN TOTAL'!P338 -> 0 | K335: ='RESUMEN TOTAL'!Q338 -> 0 | L335: ='RESUMEN TOTAL'!R338 -> 0 | M335: ='RESUMEN TOTAL'!S338 -> 0 | ... AH335: ='RESUMEN TOTAL'!AN338 -> 0
A336: ='RESUMEN TOTAL'!A339 -> SAN NICOLAS | B336: ='RESUMEN TOTAL'!B339 -> SNI02 (fija 2) | C336: ='RESUMEN TOTAL'!D339 -> SARRATEA E/ EEUU DE A. Y AGRELO | D336: ='RESUMEN TOTAL'!E339 -> Fija | E336: ='RESUMEN TOTAL'!F339 -> Fibra Optica | F336: ='RESUMEN TOTAL'!L339 -> APAGADO | G336: ='RESUMEN TOTAL'!M339 -> 0 | H336: ='RESUMEN TOTAL'!N339 -> 0 | I336: ='RESUMEN TOTAL'!O339 -> 0 | J336: ='RESUMEN TOTAL'!P339 -> 0 | K336: ='RESUMEN TOTAL'!Q339 -> 0 | L336: ='RESUMEN TOTAL'!R339 -> 0 | M336: ='RESUMEN TOTAL'!S339 -> 0 | ... AH336: ='RESUMEN TOTAL'!AN339 -> 0
A337: ='RESUMEN TOTAL'!A340 -> SAN NICOLAS | B337: ='RESUMEN TOTAL'!B340 -> SNI 03 (fija 1) | C337: ='RESUMEN TOTAL'!D340 -> SARRATEA Y LOS TREBOLES | D337: ='RESUMEN TOTAL'!E340 -> Fija | E337: ='RESUMEN TOTAL'!F340 -> Fibra Optica | F337: ='RESUMEN TOTAL'!L340 -> APAGADO | G337: ='RESUMEN TOTAL'!M340 -> 0 | H337: ='RESUMEN TOTAL'!N340 -> 0 | I337: ='RESUMEN TOTAL'!O340 -> 0 | J337: ='RESUMEN TOTAL'!P340 -> 0 | K337: ='RESUMEN TOTAL'!Q340 -> 0 | L337: ='RESUMEN TOTAL'!R340 -> 0 | M337: ='RESUMEN TOTAL'!S340 -> 0 | ... AH337: ='RESUMEN TOTAL'!AN340 -> 0
A338: ='RESUMEN TOTAL'!A341 -> SAN NICOLAS | B338: ='RESUMEN TOTAL'!B341 -> SNI 04 (fija 2) | C338: ='RESUMEN TOTAL'!D341 -> SARRATEA Y LOS TREBOLES | D338: ='RESUMEN TOTAL'!E341 -> Fija | E338: ='RESUMEN TOTAL'!F341 -> Fibra Optica | F338: ='RESUMEN TOTAL'!L341 -> APAGADO | G338: ='RESUMEN TOTAL'!M341 -> 0 | H338: ='RESUMEN TOTAL'!N341 -> 0 | I338: ='RESUMEN TOTAL'!O341 -> 0 | J338: ='RESUMEN TOTAL'!P341 -> 0 | K338: ='RESUMEN TOTAL'!Q341 -> 0 | L338: ='RESUMEN TOTAL'!R341 -> 0 | M338: ='RESUMEN TOTAL'!S341 -> 0 | ... AH338: ='RESUMEN TOTAL'!AN341 -> 0
A339: ='RESUMEN TOTAL'!A342 -> SANTA ROSA | B339: ='RESUMEN TOTAL'!B342 -> SRO01 | C339: ='RESUMEN TOTAL'!D342 -> Yugoslavia y MilÃ¡n | D339: ='RESUMEN TOTAL'!E342 -> Domo | E339: ='RESUMEN TOTAL'!F342 -> Radio | F339: ='RESUMEN TOTAL'!L342 -> APAGADO | G339: ='RESUMEN TOTAL'!M342 -> 0 | H339: ='RESUMEN TOTAL'!N342 -> 0 | I339: ='RESUMEN TOTAL'!O342 -> 0 | J339: ='RESUMEN TOTAL'!P342 -> 0 | K339: ='RESUMEN TOTAL'!Q342 -> 0 | L339: ='RESUMEN TOTAL'!R342 -> 0 | M339: ='RESUMEN TOTAL'!S342 -> 0 | ... AH339: ='RESUMEN TOTAL'!AN342 -> 0
A340: ='RESUMEN TOTAL'!A343 -> ZONA RURAL SANTA ROSA | B340: ='RESUMEN TOTAL'!B343 -> SRO02 | C340: ='RESUMEN TOTAL'!D343 -> Bruselas y Calle 647 | D340: ='RESUMEN TOTAL'!E343 -> Domo | E340: ='RESUMEN TOTAL'!F343 -> Radio | F340: ='RESUMEN TOTAL'!L343 -> APAGADO | G340: ='RESUMEN TOTAL'!M343 -> 0 | H340: ='RESUMEN TOTAL'!N343 -> 0 | I340: ='RESUMEN TOTAL'!O343 -> 0 | J340: ='RESUMEN TOTAL'!P343 -> 0 | K340: ='RESUMEN TOTAL'!Q343 -> 0 | L340: ='RESUMEN TOTAL'!R343 -> 0 | M340: ='RESUMEN TOTAL'!S343 -> 0 | ... AH340: ='RESUMEN TOTAL'!AN343 -> 0
A341: ='RESUMEN TOTAL'!A344 -> SANTA ROSA | B341: ='RESUMEN TOTAL'!B344 -> SRO03 | C341: ='RESUMEN TOTAL'!D344 -> Eva Peron y Paysandu | D341: ='RESUMEN TOTAL'!E344 -> Domo | E341: ='RESUMEN TOTAL'!F344 -> Radio | F341: ='RESUMEN TOTAL'!L344 -> 0 | G341: ='RESUMEN TOTAL'!M344 -> 0 | H341: ='RESUMEN TOTAL'!N344 -> 0 | I341: ='RESUMEN TOTAL'!O344 -> 0 | J341: ='RESUMEN TOTAL'!P344 -> 0 | K341: ='RESUMEN TOTAL'!Q344 -> 0 | L341: ='RESUMEN TOTAL'!R344 -> 0 | M341: ='RESUMEN TOTAL'!S344 -> 0 | ... AH341: ='RESUMEN TOTAL'!AN344 -> 0
A342: ='RESUMEN TOTAL'!A345 -> SANTA ROSA | B342: ='RESUMEN TOTAL'!B345 -> SRO 04 | C342: ='RESUMEN TOTAL'!D345 -> Belgica y Andorra | D342: ='RESUMEN TOTAL'!E345 -> Domo | E342: ='RESUMEN TOTAL'!F345 -> Radio | F342: ='RESUMEN TOTAL'!L345 -> 0 | G342: ='RESUMEN TOTAL'!M345 -> 0 | H342: ='RESUMEN TOTAL'!N345 -> 0 | I342: ='RESUMEN TOTAL'!O345 -> 0 | J342: ='RESUMEN TOTAL'!P345 -> 0 | K342: ='RESUMEN TOTAL'!Q345 -> 0 | L342: ='RESUMEN TOTAL'!R345 -> 0 | M342: ='RESUMEN TOTAL'!S345 -> 0 | ... AH342: ='RESUMEN TOTAL'!AN345 -> 0
A343: ='RESUMEN TOTAL'!A346 -> SANTA ROSA | B343: ='RESUMEN TOTAL'!B346 -> SRO05 | C343: ='RESUMEN TOTAL'!D346 -> CAFFERATA Y BONN | D343: ='RESUMEN TOTAL'!E346 -> DOMO | E343: ='RESUMEN TOTAL'!F346 -> Radio | F343: ='RESUMEN TOTAL'!L346 -> 0 | G343: ='RESUMEN TOTAL'!M346 -> 0 | H343: ='RESUMEN TOTAL'!N346 -> 0 | I343: ='RESUMEN TOTAL'!O346 -> 0 | J343: ='RESUMEN TOTAL'!P346 -> 0 | K343: ='RESUMEN TOTAL'!Q346 -> 0 | L343: ='RESUMEN TOTAL'!R346 -> 0 | M343: ='RESUMEN TOTAL'!S346 -> 0 | ... AH343: ='RESUMEN TOTAL'!AN346 -> 0
A344: ='RESUMEN TOTAL'!A347 -> SANTA ROSA | B344: ='RESUMEN TOTAL'!B347 -> SRO06 | C344: ='RESUMEN TOTAL'!D347 -> Novak y Bonn | D344: ='RESUMEN TOTAL'!E347 -> Domo | E344: ='RESUMEN TOTAL'!F347 -> Fibra Optica | F344: ='RESUMEN TOTAL'!L347 -> 0 | G344: ='RESUMEN TOTAL'!M347 -> 0 | H344: ='RESUMEN TOTAL'!N347 -> 0 | I344: ='RESUMEN TOTAL'!O347 -> 0 | J344: ='RESUMEN TOTAL'!P347 -> 0 | K344: ='RESUMEN TOTAL'!Q347 -> 0 | L344: ='RESUMEN TOTAL'!R347 -> 0 | M344: ='RESUMEN TOTAL'!S347 -> 0 | ... AH344: ='RESUMEN TOTAL'!AN347 -> 0
A345: ='RESUMEN TOTAL'!A348 -> SANTA ROSA | B345: ='RESUMEN TOTAL'!B348 -> SRO07 | C345: ='RESUMEN TOTAL'!D348 -> NOVAK Y BELGICA | D345: ='RESUMEN TOTAL'!E348 -> Domo | E345: ='RESUMEN TOTAL'!F348 -> Fibra Optica | F345: ='RESUMEN TOTAL'!L348 -> 0 | G345: ='RESUMEN TOTAL'!M348 -> 0 | H345: ='RESUMEN TOTAL'!N348 -> 0 | I345: ='RESUMEN TOTAL'!O348 -> 0 | J345: ='RESUMEN TOTAL'!P348 -> 0 | K345: ='RESUMEN TOTAL'!Q348 -> 0 | L345: ='RESUMEN TOTAL'!R348 -> 0 | M345: ='RESUMEN TOTAL'!S348 -> 0 | ... AH345: ='RESUMEN TOTAL'!AN348 -> 0
A346: ='RESUMEN TOTAL'!A349 -> SANTA ROSA | B346: ='RESUMEN TOTAL'!B349 -> SRO 08 | C346: ='RESUMEN TOTAL'!D349 -> NOVAK E/ DESSY Y BELGICA (POLIDEPORTIVO LA PATRIADA) | D346: ='RESUMEN TOTAL'!E349 -> Domo | E346: ='RESUMEN TOTAL'!F349 -> Fibra Optica | F346: ='RESUMEN TOTAL'!L349 -> 0 | G346: ='RESUMEN TOTAL'!M349 -> 0 | H346: ='RESUMEN TOTAL'!N349 -> 0 | I346: ='RESUMEN TOTAL'!O349 -> 0 | J346: ='RESUMEN TOTAL'!P349 -> 0 | K346: ='RESUMEN TOTAL'!Q349 -> 0 | L346: ='RESUMEN TOTAL'!R349 -> 0 | M346: ='RESUMEN TOTAL'!S349 -> 0 | ... AH346: ='RESUMEN TOTAL'!AN349 -> 0
... A638: ='RESUMEN TOTAL'!A641 -> 0 | B638: ='RESUMEN TOTAL'!B641 -> 0 | C638: ='RESUMEN TOTAL'!D641 -> 0 | D638: ='RESUMEN TOTAL'!E641 -> 0 | E638: ='RESUMEN TOTAL'!F641 -> 0 | F638: ='RESUMEN TOTAL'!L641 -> 0 | G638: ='RESUMEN TOTAL'!M641 -> 0 | H638: ='RESUMEN TOTAL'!N641 -> 0 | I638: ='RESUMEN TOTAL'!O641 -> 0 | J638: ='RESUMEN TOTAL'!P641 -> 0 | K638: ='RESUMEN TOTAL'!Q641 -> 0 | L638: ='RESUMEN TOTAL'!R641 -> 0 | M638: ='RESUMEN TOTAL'!S641 -> 0 | ... AH638: ='RESUMEN TOTAL'!AN641 -> 0

Sheet APAGADOS
E1: APAGADOS | F1: =COUNTIF(F3:F403, "APAGADO") -> 63 | G1: =COUNTIF(G3:G403, "APAGADO") -> 0 | H1: =COUNTIF(H3:H503, "APAGADO") -> 0 | I1: =COUNTIF(I3:I403, "APAGADO") -> 0 | J1: =COUNTIF(J3:J403, "APAGADO") -> 0 | K1: =COUNTIF(K3:K403, "APAGADO") -> 0 | L1: =COUNTIF(L3:L403, "APAGADO") -> 0 | M1: =COUNTIF(M3:M403, "APAGADO") -> 0 | N1: =COUNTIF(N3:N403, "APAGADO") -> 0 | O1: =COUNTIF(O3:O403, "APAGADO") -> 0 | P1: =COUNTIF(P3:P403, "APAGADO") -> 0 | ... AD1: =COUNTIF(AD3:AD403, "APAGADO") -> 0 | AE1: =COUNTIF(AE3:AE503, "APAGADO") -> 0 | AF1: =COUNTIF(AF3:AF403, "APAGADO") -> 0 | AG1: =COUNTIF(AG3:AG403, "APAGADO") -> 0 | AH1: =COUNTIF(AH3:AH403, "APAGADO") -> 0 | AI1: =COUNTIF(AI3:AI403, "APAGADO") -> 0
A2: =ESTADISTICA!A1 -> Barrio | B2: =ESTADISTICA!B1 -> [Denominacion] | C2: =ESTADISTICA!C1 -> [Ubicacion] | D2: =ESTADISTICA!D1 -> [Tipo de Camara] | E2: =ESTADISTICA!E1 -> [Tipo de Conexion] | F2: =ESTADISTICA!F1 -> 45413 | G2: =ESTADISTICA!G1 -> 45414 | H2: =ESTADISTICA!H1 -> 45415 | ... AH2: =ESTADISTICA!AH1 -> 45441 | AI2: 121
A3: =ESTADISTICA!A2 -> ALTAMIRA | B3: =ESTADISTICA!B2 -> ALT01 | C3: =ESTADISTICA!C2 -> Calchaqui y Sgto. Cabral | D3: =ESTADISTICA!D2 -> Domo | E3: =ESTADISTICA!E2 -> Fibra Optica | F3: =ESTADISTICA!F2 -> 0 | G3: =ESTADISTICA!G2 -> 0 | H3: =ESTADISTICA!H2 -> 0 | ... AI3: =ESTADISTICA!AI2 -> 0
A4: =ESTADISTICA!A3 -> ALTAMIRA | B4: =ESTADISTICA!B3 -> ALT02 | C4: =ESTADISTICA!C3 -> Calchaqui y Lope de Vega | D4: =ESTADISTICA!D3 -> Domo | E4: =ESTADISTICA!E3 -> PTO A FO | F4: =ESTADISTICA!F3 -> 0 | G4: =ESTADISTICA!G3 -> 0 | H4: =ESTADISTICA!H3 -> 0 | ... AI4: =ESTADISTICA!AI3 -> 0
A5: =ESTADISTICA!A4 -> ALTAMIRA | B5: =ESTADISTICA!B4 -> ALT 03 | C5: =ESTADISTICA!C4 -> Bombero Galarza y Necochea | D5: =ESTADISTICA!D4 -> Domo | E5: =ESTADISTICA!E4 -> Fibra Optica | F5: =ESTADISTICA!F4 -> 0 | G5: =ESTADISTICA!G4 -> 0 | H5: =ESTADISTICA!H4 -> 0 | ... AI5: =ESTADISTICA!AI4 -> 0
A6: =ESTADISTICA!A5 -> ALTAMIRA | B6: =ESTADISTICA!B5 -> ALT 04 | C6: =ESTADISTICA!C5 -> Francia y Necochea | D6: =ESTADISTICA!D5 -> Domo | E6: =ESTADISTICA!E5 -> Fibra Optica | F6: =ESTADISTICA!F5 -> 0 | G6: =ESTADISTICA!G5 -> 0 | H6: =ESTADISTICA!H5 -> 0 | ... AI6: =ESTADISTICA!AI5 -> 0
A7: =ESTADISTICA!A6 -> ALTAMIRA | B7: =ESTADISTICA!B6 -> ALT05 | C7: =ESTADISTICA!C6 -> Av. Calchaqui y Bombero Galarza | D7: =ESTADISTICA!D6 -> Domo | E7: =ESTADISTICA!E6 -> PTO A FO | F7: =ESTADISTICA!F6 -> 0 | G7: =ESTADISTICA!G6 -> 0 | H7: =ESTADISTICA!H6 -> 0 | ... AI7: =ESTADISTICA!AI6 -> 0
A8: =ESTADISTICA!A7 -> ALTAMIRA | B8: =ESTADISTICA!B7 -> ALT 06 | C8: =ESTADISTICA!C7 -> LOPE DE VEGA Y NECOCHEA | D8: =ESTADISTICA!D7 -> Domo | E8: =ESTADISTICA!E7 -> PTO A FO | F8: =ESTADISTICA!F7 -> 0 | G8: =ESTADISTICA!G7 -> 0 | H8: =ESTADISTICA!H7 -> 0 | ... AI8: =ESTADISTICA!AI7 -> 0
A9: =ESTADISTICA!A8 -> ALTAMIRA | B9: =ESTADISTICA!B8 -> ALT07 | C9: =ESTADISTICA!C8 -> AV. CALCHAQUI Y AV. DEL TRABAJO | D9: =ESTADISTICA!D8 -> DOMO | E9: =ESTADISTICA!E8 -> PTO A FO | F9: =ESTADISTICA!F8 -> 0 | G9: =ESTADISTICA!G8 -> 0 | H9: =ESTADISTICA!H8 -> 0 | ... AI9: =ESTADISTICA!AI8 -> 0
A10: =ESTADISTICA!A9 -> ALTAMIRA | B10: =ESTADISTICA!B9 -> ALT 08 | C10: =ESTADISTICA!C9 -> HUMAITA Y NECOCHEA | D10: =ESTADISTICA!D9 -> DOMO | E10: =ESTADISTICA!E9 -> Fibra Optica | F10: =ESTADISTICA!F9 -> 0 | G10: =ESTADISTICA!G9 -> 0 | H10: =ESTADISTICA!H9 -> 0 | ... AI10: =ESTADISTICA!AI9 -> 0
A11: =ESTADISTICA!A10 -> ALTAMIRA | B11: =ESTADISTICA!B10 -> ALT 09 | C11: =ESTADISTICA!C10 -> NECOCHEA Y CURUPAITY | D11: =ESTADISTICA!D10 -> DOMO | E11: =ESTADISTICA!E10 -> Fibra Optica | F11: =ESTADISTICA!F10 -> APAGADO | G11: =ESTADISTICA!G10 -> 0 | H11: =ESTADISTICA!H10 -> 0 | ... AI11: =ESTADISTICA!AI10 -> 0
A12: =ESTADISTICA!A11 -> ALTAMIRA | B12: =ESTADISTICA!B11 -> ALT 10 | C12: =ESTADISTICA!C11 -> Calchaqui y Francia | D12: =ESTADISTICA!D11 -> Domo | E12: =ESTADISTICA!E11 -> Radio | F12: =ESTADISTICA!F11 -> 0 | G12: =ESTADISTICA!G11 -> 0 | H12: =ESTADISTICA!H11 -> 0 | ... AI12: =ESTADISTICA!AI11 -> 0
A13: =ESTADISTICA!A12 -> AGUSTIN RAMIREZ | B13: =ESTADISTICA!B12 -> ARA 01 | C13: =ESTADISTICA!C12 -> Malambo y Tranquera | D13: =ESTADISTICA!D12 -> Domo | E13: =ESTADISTICA!E12 -> Fibra Optica | F13: =ESTADISTICA!F12 -> 0 | G13: =ESTADISTICA!G12 -> 0 | H13: =ESTADISTICA!H12 -> 0 | ... AI13: =ESTADISTICA!AI12 -> 0
A14: =ESTADISTICA!A13 -> BELGRANO | B14: =ESTADISTICA!B13 -> BEL 01 | C14: =ESTADISTICA!C13 -> San Martin y Dardo Rocha | D14: =ESTADISTICA!D13 -> DOMO | E14: =ESTADISTICA!E13 -> Fibra Optica | F14: =ESTADISTICA!F13 -> APAGADO | G14: =ESTADISTICA!G13 -> 0 | H14: =ESTADISTICA!H13 -> 0 | ... AI14: =ESTADISTICA!AI13 -> 0
... A207: =ESTADISTICA!A206 -> LOPEZ ROMERO | B207: =ESTADISTICA!B206 -> MFI02 | C207: =ESTADISTICA!C206 -> Calchaqui y Balcarce | D207: =ESTADISTICA!D206 -> Fija | E207: =ESTADISTICA!E206 -> Fibra Optica | F207: =ESTADISTICA!F206 -> 0 | G207: =ESTADISTICA!G206 -> 0 | H207: =ESTADISTICA!H206 -> 0 | ... AI207: =ESTADISTICA!AI206 -> 0
A208: =ESTADISTICA!A208 -> MARTIN FIERRO | B208: =ESTADISTICA!B208 -> MFI04 | C208: =ESTADISTICA!C208 -> Calchaqui y balcarce | D208: =ESTADISTICA!D208 -> Domo | E208: =ESTADISTICA!E208 -> Fibra Optica | F208: =ESTADISTICA!F208 -> 0 | G208: =ESTADISTICA!G208 -> 0 | H208: =ESTADISTICA!H208 -> 0 | ... AI208: =ESTADISTICA!AI208 -> 0
A209: =ESTADISTICA!A209 -> SAN EMILIO | B209: =ESTADISTICA!B209 -> MFI 05 | C209: =ESTADISTICA!C209 -> Cno. Gral. Belgrano y Guayaquil | D209: =ESTADISTICA!D209 -> Domo | E209: =ESTADISTICA!E209 -> Fibra Optica | F209: =ESTADISTICA!F209 -> 0 | G209: =ESTADISTICA!G209 -> 0 | H209: =ESTADISTICA!H209 -> 0 | ... AI209: =ESTADISTICA!AI209 -> 0
A210: =ESTADISTICA!A210 -> SAN EMILIO | B210: =ESTADISTICA!B210 -> MFI06 | C210: =ESTADISTICA!C210 -> Con. Gral. Belgrano y Bombero Galarza | D210: =ESTADISTICA!D210 -> DOMO | E210: =ESTADISTICA!E210 -> Radio | F210: =ESTADISTICA!F210 -> 0 | G210: =ESTADISTICA!G210 -> 0 | H210: =ESTADISTICA!H210 -> 0 | ... AI210: =ESTADISTICA!AI210 -> 0
A211: =ESTADISTICA!A211 -> MARTIN FIERRO | B211: =ESTADISTICA!B211 -> MFI 07 | C211: =ESTADISTICA!C211 -> Sargento Cabral y Carlos Gardel | D211: =ESTADISTICA!D211 -> Domo | E211: =ESTADISTICA!E211 -> PTO A FO | F211: =ESTADISTICA!F211 -> 0 | G211: =ESTADISTICA!G211 -> 0 | H211: =ESTADISTICA!H211 -> 0 | ... AI211: =ESTADISTICA!AI211 -> 0
A212: =ESTADISTICA!A212 -> MARTIN FIERRO | B212: =ESTADISTICA!B212 -> MFI 08 | C212: =ESTADISTICA!C212 -> Braile y Batalla de Callao | D212: =ESTADISTICA!D212 -> Domo | E212: =ESTADISTICA!E212 -> PTO A FO | F212: =ESTADISTICA!F212 -> 0 | G212: =ESTADISTICA!G212 -> 0 | H212: =ESTADISTICA!H212 -> 0 | ... AI212: =ESTADISTICA!AI212 -> 0
A213: =ESTADISTICA!A213 -> GOBERNADOR MONTEVERDE | B213: =ESTADISTICA!B213 -> MON01 | C213: =ESTADISTICA!C213 -> San Martin y Patricias Argentinas | D213: =ESTADISTICA!D213 -> Fija | E213: =ESTADISTICA!E213 -> Fibra Optica | F213: =ESTADISTICA!F213 -> 0 | G213: =ESTADISTICA!G213 -> 0 | H213: =ESTADISTICA!H213 -> 0 | ... AI213: =ESTADISTICA!AI213 -> 0
A214: =ESTADISTICA!A214 -> GOBERNADOR MONTEVERDE | B214: =ESTADISTICA!B214 -> MON02 | C214: =ESTADISTICA!C214 -> Senzabello y Famatina | D214: =ESTADISTICA!D214 -> Domo | E214: =ESTADISTICA!E214 -> Radio | F214: =ESTADISTICA!F214 -> 0 | G214: =ESTADISTICA!G214 -> 0 | H214: =ESTADISTICA!H214 -> 0 | ... AI214: =ESTADISTICA!AI214 -> 0
A215: =ESTADISTICA!A215 -> GOBERNADOR MONTEVERDE | B215: =ESTADISTICA!B215 -> MON03 | C215: =ESTADISTICA!C215 -> Senzabello y Guemes | D215: =ESTADISTICA!D215 -> Domo | E215: =ESTADISTICA!E215 -> Radio | F215: =ESTADISTICA!F215 -> 0 | G215: =ESTADISTICA!G215 -> 0 | H215: =ESTADISTICA!H215 -> 0 | ... AI215: =ESTADISTICA!AI215 -> 0
A216: =ESTADISTICA!A216 -> GOBERNADOR MONTEVERDE | B216: =ESTADISTICA!B216 -> MON04 | C216: =ESTADISTICA!C216 -> Av. Yrigoyen y San Lorenzo | D216: =ESTADISTICA!D216 -> Domo | E216: =ESTADISTICA!E216 -> Radio | F216: =ESTADISTICA!F216 -> 0 | G216: =ESTADISTICA!G216 -> 0 | H216: =ESTADISTICA!H216 -> 0 | ... AI216: =ESTADISTICA!AI216 -> 0
A217: =ESTADISTICA!A217 -> 9 DE JULIO | B217: =ESTADISTICA!B217 -> NJU 01 | C217: =ESTADISTICA!C217 -> Sallares y Parrillo | D217: =ESTADISTICA!D217 -> Domo | E217: =ESTADISTICA!E217 -> Fibra Optica | F217: =ESTADISTICA!F217 -> 0 | G217: =ESTADISTICA!G217 -> 0 | H217: =ESTADISTICA!H217 -> 0 | ... AI217: =ESTADISTICA!AI217 -> 0
A218: =ESTADISTICA!A218 -> 9 DE JULIO | B218: =ESTADISTICA!B218 -> NJU02 | C218: =ESTADISTICA!C218 -> Ituzaingo y Boccuzzi | D218: =ESTADISTICA!D218 -> Domo | E218: =ESTADISTICA!E218 -> Radio | F218: =ESTADISTICA!F218 -> 0 | G218: =ESTADISTICA!G218 -> 0 | H218: =ESTADISTICA!H218 -> 0 | ... AI218: =ESTADISTICA!AI218 -> 0
A219: =ESTADISTICA!A219 -> 9 DE JULIO | B219: =ESTADISTICA!B219 -> NJU03 | C219: =ESTADISTICA!C219 -> San Juan y Parrillo | D219: =ESTADISTICA!D219 -> Domo | E219: =ESTADISTICA!E219 -> PTO A FO | F219: =ESTADISTICA!F219 -> 0 | G219: =ESTADISTICA!G219 -> 0 | H219: =ESTADISTICA!H219 -> 0 | ... AI219: =ESTADISTICA!AI219 -> 0
... A516: =ESTADISTICA!A516 -> PARADAS SEGURAS | B516: =ESTADISTICA!B516 -> 39 C | C516: =ESTADISTICA!C516 -> Hudson y Groussac Este | D516: =ESTADISTICA!D516 -> GFIJA | E516: =ESTADISTICA!E516 -> GPON | F516: =ESTADISTICA!F516 -> APAGADO | G516: =ESTADISTICA!G516 -> 0 | H516: =ESTADISTICA!H516 -> 0 | ... AI516: =ESTADISTICA!AI516 -> 0

Sheet APAGADOS FIBRA
C1: TOTAL FIBRA | D1: =COUNTIFS(E4:E401,"=Fibra Optica") -> 270
E2: APAGADOS | F2: =COUNTIFS(F4:F501, "=APAGADO",E4:E501,"=Fibra Optica") -> 58 | G2: =COUNTIFS(G4:G501, "=APAGADO",E4:E501,"=Fibra Optica") -> 0 | H2: =COUNTIFS(H4:H501, "=APAGADO",E4:E501,"=Fibra Optica") -> 0 | I2: =COUNTIFS(I4:I501, "=APAGADO",E4:E501,"=Fibra Optica") -> 0 | J2: =COUNTIFS(J4:J501, "=APAGADO",E4:E501,"=Fibra Optica") -> 0 | K2: =COUNTIFS(K4:K501, "=APAGADO",E4:E501,"=Fibra Optica") -> 0 | L2: =COUNTIFS(L4:L501, "=APAGADO",E4:E501,"=Fibra Optica") -> 0 | M2: =COUNTIFS(M4:M501, "=APAGADO",E4:E501,"=Fibra Optica") -> 0 | N2: =COUNTIFS(N4:N501, "=APAGADO",E4:E501,"=Fibra Optica") -> 0 | O2: =COUNTIFS(O4:O501, "=APAGADO",E4:E501,"=Fibra Optica") -> 0 | P2: =COUNTIFS(P4:P601, "=APAGADO",E4:E601,"=Fibra Optica") -> 0 | Q2: =COUNTIFS(Q4:Q501, "=APAGADO",E4:E501,"=Fibra Optica") -> 0 | R2: =COUNTIFS(R4:R501, "=APAGADO",E4:E501,"=Fibra Optica") -> 0 | S2: =COUNTIFS(S4:S501, "=APAGADO",E4:E501,"=Fibra Optica") -> 0 | T2: =COUNTIFS(T4:T501, "=APAGADO",E4:E501,"=Fibra Optica") -> 0 | U2: =COUNTIFS(U4:U501, "=APAGADO",E4:E501,"=Fibra Optica") -> 0 | V2: =COUNTIFS(V4:V501, "=APAGADO",E4:E501,"=Fibra Optica") -> 0 | W2: =COUNTIFS(W4:W501, "=APAGADO",E4:E501,"=Fibra Optica") -> 0 | X2: =COUNTIFS(X4:X501, "=APAGADO",E4:E501,"=Fibra Optica") -> 0 | Y2: =COUNTIFS(Y4:Y501, "=APAGADO",E4:E501,"=Fibra Optica") -> 0 | Z2: =COUNTIFS(Z4:Z501, "=APAGADO",E4:E501,"=Fibra Optica") -> 0 | AA2: =COUNTIFS(AA4:AA501, "=APAGADO",E4:E501,"=Fibra Optica") -> 0 | AB2: =COUNTIFS(AB4:AB501, "=APAGADO",E4:E501,"=Fibra Optica") -> 0 | AC2: =COUNTIFS(AC4:AC601, "=APAGADO",E4:E601,"=Fibra Optica") -> 0 | AD2: =COUNTIFS(AD4:AD501, "=APAGADO",E4:E501,"=Fibra Optica") -> 0 | AE2: =COUNTIFS(AE4:AE501, "=APAGADO",E4:E501,"=Fibra Optica") -> 0 | AF2: =COUNTIFS(AF4:AF501, "=APAGADO",E4:E501,"=Fibra Optica") -> 0 | AG2: =COUNTIFS(AG4:AG501, "=APAGADO",E4:E501,"=Fibra Optica") -> 0 | AH2: =COUNTIFS(AH4:AH501, "=APAGADO",E4:E501,"=Fibra Optica") -> 0 | AI2: =COUNTIFS(AI4:AI501, "=APAGADO",F4:F501,"=Fibra Optica") -> 0
A3: =ESTADISTICA!A1 -> Barrio | B3: =ESTADISTICA!B1 -> [Denominacion] | C3: =ESTADISTICA!C1 -> [Ubicacion] | D3: =ESTADISTICA!D1 -> [Tipo de Camara] | E3: =ESTADISTICA!E1 -> [Tipo de Conexion] | F3: =ESTADISTICA!F1 -> 45413 | G3: =ESTADISTICA!G1 -> 45414 | H3: =ESTADISTICA!H1 -> 45415 | ... AH3: =ESTADISTICA!AH1 -> 45441 | AI3: 30
A4: ='RESUMEN TOTAL'!A7 -> ALTAMIRA | B4: ='RESUMEN TOTAL'!B7 -> ALT 03 | C4: ='RESUMEN TOTAL'!D7 -> Bombero Galarza y Necochea | D4: ='RESUMEN TOTAL'!E7 -> Domo | E4: ='RESUMEN TOTAL'!F7 -> Fibra Optica | F4: ='RESUMEN TOTAL'!L7 -> 0 | G4: ='RESUMEN TOTAL'!M7 -> 0 | H4: ='RESUMEN TOTAL'!N7 -> 0 | I4: ='RESUMEN TOTAL'!O7 -> 0 | J4: ='RESUMEN TOTAL'!P7 -> 0 | K4: ='RESUMEN TOTAL'!Q7 -> 0 | L4: ='RESUMEN TOTAL'!R7 -> 0 | M4: ='RESUMEN TOTAL'!S7 -> 0 | ... AI4: ='RESUMEN TOTAL'!AO7 -> 0
A5: ='RESUMEN TOTAL'!A8 -> ALTAMIRA | B5: ='RESUMEN TOTAL'!B8 -> ALT 04 | C5: ='RESUMEN TOTAL'!D8 -> Francia y Necochea | D5: ='RESUMEN TOTAL'!E8 -> Domo | E5: ='RESUMEN TOTAL'!F8 -> Fibra Optica | F5: ='RESUMEN TOTAL'!L8 -> 0 | G5: ='RESUMEN TOTAL'!M8 -> 0 | H5: ='RESUMEN TOTAL'!N8 -> 0 | I5: ='RESUMEN TOTAL'!O8 -> 0 | J5: ='RESUMEN TOTAL'!P8 -> 0 | K5: ='RESUMEN TOTAL'!Q8 -> 0 | L5: ='RESUMEN TOTAL'!R8 -> 0 | M5: ='RESUMEN TOTAL'!S8 -> 0 | ... AI5: ='RESUMEN TOTAL'!AO8 -> 0
A6: ='RESUMEN TOTAL'!A9 -> ALTAMIRA | B6: ='RESUMEN TOTAL'!B9 -> ALT05 | C6: ='RESUMEN TOTAL'!D9 -> Av. Calchaqui y Bombero Galarza | D6: ='RESUMEN TOTAL'!E9 -> Domo | E6: ='RESUMEN TOTAL'!F9 -> PTO A FO | F6: ='RESUMEN TOTAL'!L9 -> 0 | G6: ='RESUMEN TOTAL'!M9 -> 0 | H6: ='RESUMEN TOTAL'!N9 -> 0 | I6: ='RESUMEN TOTAL'!O9 -> 0 | J6: ='RESUMEN TOTAL'!P9 -> 0 | K6: ='RESUMEN TOTAL'!Q9 -> 0 | L6: ='RESUMEN TOTAL'!R9 -> 0 | M6: ='RESUMEN TOTAL'!S9 -> 0 | ... AI6: ='RESUMEN TOTAL'!AO9 -> 0
A7: ='RESUMEN TOTAL'!A10 -> ALTAMIRA | B7: ='RESUMEN TOTAL'!B10 -> ALT 06 | C7: ='RESUMEN TOTAL'!D10 -> LOPE DE VEGA Y NECOCHEA | D7: ='RESUMEN TOTAL'!E10 -> Domo | E7: ='RESUMEN TOTAL'!F10 -> PTO A FO | F7: ='RESUMEN TOTAL'!L10 -> 0 | G7: ='RESUMEN TOTAL'!M10 -> 0 | H7: ='RESUMEN TOTAL'!N10 -> 0 | I7: ='RESUMEN TOTAL'!O10 -> 0 | J7: ='RESUMEN TOTAL'!P10 -> 0 | K7: ='RESUMEN TOTAL'!Q10 -> 0 | L7: ='RESUMEN TOTAL'!R10 -> 0 | M7: ='RESUMEN TOTAL'!S10 -> 0 | ... AI7: ='RESUMEN TOTAL'!AO10 -> 0
A8: ='RESUMEN TOTAL'!A11 -> ALTAMIRA | B8: ='RESUMEN TOTAL'!B11 -> ALT07 | C8: ='RESUMEN TOTAL'!D11 -> AV. CALCHAQUI Y AV. DEL TRABAJO | D8: ='RESUMEN TOTAL'!E11 -> DOMO | E8: ='RESUMEN TOTAL'!F11 -> PTO A FO | F8: ='RESUMEN TOTAL'!L11 -> 0 | G8: ='RESUMEN TOTAL'!M11 -> 0 | H8: ='RESUMEN TOTAL'!N11 -> 0 | I8: ='RESUMEN TOTAL'!O11 -> 0 | J8: ='RESUMEN TOTAL'!P11 -> 0 | K8: ='RESUMEN TOTAL'!Q11 -> 0 | L8: ='RESUMEN TOTAL'!R11 -> 0 | M8: ='RESUMEN TOTAL'!S11 -> 0 | ... AI8: ='RESUMEN TOTAL'!AO11 -> 0
A9: ='RESUMEN TOTAL'!A12 -> ALTAMIRA | B9: ='RESUMEN TOTAL'!B12 -> ALT 08 | C9: ='RESUMEN TOTAL'!D12 -> HUMAITA Y NECOCHEA | D9: ='RESUMEN TOTAL'!E12 -> DOMO | E9: ='RESUMEN TOTAL'!F12 -> Fibra Optica | F9: ='RESUMEN TOTAL'!L12 -> 0 | G9: ='RESUMEN TOTAL'!M12 -> 0 | H9: ='RESUMEN TOTAL'!N12 -> 0 | I9: ='RESUMEN TOTAL'!O12 -> 0 | J9: ='RESUMEN TOTAL'!P12 -> 0 | K9: ='RESUMEN TOTAL'!Q12 -> 0 | L9: ='RESUMEN TOTAL'!R12 -> 0 | M9: ='RESUMEN TOTAL'!S12 -> 0 | ... AI9: ='RESUMEN TOTAL'!AO12 -> 0
A10: ='RESUMEN TOTAL'!A13 -> ALTAMIRA | B10: ='RESUMEN TOTAL'!B13 -> ALT 09 | C10: ='RESUMEN TOTAL'!D13 -> NECOCHEA Y CURUPAITY | D10: ='RESUMEN TOTAL'!E13 -> DOMO | E10: ='RESUMEN TOTAL'!F13 -> Fibra Optica | F10: ='RESUMEN TOTAL'!L13 -> APAGADO | G10: ='RESUMEN TOTAL'!M13 -> 0 | H10: ='RESUMEN TOTAL'!N13 -> 0 | I10: ='RESUMEN TOTAL'!O13 -> 0 | J10: ='RESUMEN TOTAL'!P13 -> 0 | K10: ='RESUMEN TOTAL'!Q13 -> 0 | L10: ='RESUMEN TOTAL'!R13 -> 0 | M10: ='RESUMEN TOTAL'!S13 -> 0 | ... AI10: ='RESUMEN TOTAL'!AO13 -> 0
A11: ='RESUMEN TOTAL'!A14 -> ALTAMIRA | B11: ='RESUMEN TOTAL'!B14 -> ALT 10 | C11: ='RESUMEN TOTAL'!D14 -> Calchaqui y Francia | D11: ='RESUMEN TOTAL'!E14 -> Domo | E11: ='RESUMEN TOTAL'!F14 -> Radio | F11: ='RESUMEN TOTAL'!L14 -> 0 | G11: ='RESUMEN TOTAL'!M14 -> 0 | H11: ='RESUMEN TOTAL'!N14 -> 0 | I11: ='RESUMEN TOTAL'!O14 -> 0 | J11: ='RESUMEN TOTAL'!P14 -> 0 | K11: ='RESUMEN TOTAL'!Q14 -> 0 | L11: ='RESUMEN TOTAL'!R14 -> 0 | M11: ='RESUMEN TOTAL'!S14 -> 0 | ... AI11: ='RESUMEN TOTAL'!AO14 -> 0
A12: ='RESUMEN TOTAL'!A15 -> AGUSTIN RAMIREZ | B12: ='RESUMEN TOTAL'!B15 -> ARA 01 | C12: ='RESUMEN TOTAL'!D15 -> Malambo y Tranquera | D12: ='RESUMEN TOTAL'!E15 -> Domo | E12: ='RESUMEN TOTAL'!F15 -> Fibra Optica | F12: ='RESUMEN TOTAL'!L15 -> 0 | G12: ='RESUMEN TOTAL'!M15 -> 0 | H12: ='RESUMEN TOTAL'!N15 -> 0 | I12: ='RESUMEN TOTAL'!O15 -> 0 | J12: ='RESUMEN TOTAL'!P15 -> 0 | K12: ='RESUMEN TOTAL'!Q15 -> 0 | L12: ='RESUMEN TOTAL'!R15 -> 0 | M12: ='RESUMEN TOTAL'!S15 -> 0 | ... AI12: ='RESUMEN TOTAL'!AO15 -> 0
A13: ='RESUMEN TOTAL'!A16 -> BELGRANO | B13: ='RESUMEN TOTAL'!B16 -> BEL 01 | C13: ='RESUMEN TOTAL'!D16 -> San Martin y Dardo Rocha | D13: ='RESUMEN TOTAL'!E16 -> DOMO | E13: ='RESUMEN TOTAL'!F16 -> Fibra Optica | F13: ='RESUMEN TOTAL'!L16 -> APAGADO | G13: ='RESUMEN TOTAL'!M16 -> 0 | H13: ='RESUMEN TOTAL'!N16 -> 0 | I13: ='RESUMEN TOTAL'!O16 -> 0 | J13: ='RESUMEN TOTAL'!P16 -> 0 | K13: ='RESUMEN TOTAL'!Q16 -> 0 | L13: ='RESUMEN TOTAL'!R16 -> 0 | M13: ='RESUMEN TOTAL'!S16 -> 0 | ... AI13: ='RESUMEN TOTAL'!AO16 -> 0
A14: ='RESUMEN TOTAL'!A17 -> BELGRANO | B14: ='RESUMEN TOTAL'!B17 -> BEL 02 | C14: ='RESUMEN TOTAL'!D17 -> Guardia vieja y Fronteriz | D14: ='RESUMEN TOTAL'!E17 -> DOMO | E14: ='RESUMEN TOTAL'!F17 -> Fibra Optica | F14: ='RESUMEN TOTAL'!L17 -> APAGADO | G14: ='RESUMEN TOTAL'!M17 -> 0 | H14: ='RESUMEN TOTAL'!N17 -> 0 | I14: ='RESUMEN TOTAL'!O17 -> 0 | J14: ='RESUMEN TOTAL'!P17 -> 0 | K14: ='RESUMEN TOTAL'!Q17 -> 0 | L14: ='RESUMEN TOTAL'!R17 -> 0 | M14: ='RESUMEN TOTAL'!S17 -> 0 | ... AI14: ='RESUMEN TOTAL'!AO17 -> 0
A15: ='RESUMEN TOTAL'!A18 -> BOSQUES CENTRO | B15: ='RESUMEN TOTAL'!B18 -> BOSQC 01 | C15: ='RESUMEN TOTAL'!D18 -> LUIS AGOTE E/DANUNCIO Y CAMPOAMOR | D15: ='RESUMEN TOTAL'!E18 -> Fija | E15: ='RESUMEN TOTAL'!F18 -> Radio | F15: ='RESUMEN TOTAL'!L18 -> 0 | G15: ='RESUMEN TOTAL'!M18 -> 0 | H15: ='RESUMEN TOTAL'!N18 -> 0 | I15: ='RESUMEN TOTAL'!O18 -> 0 | J15: ='RESUMEN TOTAL'!P18 -> 0 | K15: ='RESUMEN TOTAL'!Q18 -> 0 | L15: ='RESUMEN TOTAL'!R18 -> 0 | M15: ='RESUMEN TOTAL'!S18 -> 0 | ... AI15: ='RESUMEN TOTAL'!AO18 -> 0
... A67: ='RESUMEN TOTAL'!A70 -> CENTRO | B67: ='RESUMEN TOTAL'!B70 -> CEN47 | C67: ='RESUMEN TOTAL'!D70 -> Sallares y Brown | D67: ='RESUMEN TOTAL'!E70 -> Domo | E67: ='RESUMEN TOTAL'!F70 -> Fibra Optica | F67: ='RESUMEN TOTAL'!L70 -> 0 | G67: ='RESUMEN TOTAL'!M70 -> 0 | H67: ='RESUMEN TOTAL'!N70 -> 0 | I67: ='RESUMEN TOTAL'!O70 -> 0 | J67: ='RESUMEN TOTAL'!P70 -> 0 | K67: ='RESUMEN TOTAL'!Q70 -> 0 | L67: ='RESUMEN TOTAL'!R70 -> 0 | M67: ='RESUMEN TOTAL'!S70 -> 0 | ... AI67: ='RESUMEN TOTAL'!AO70 -> 0
A68: ='RESUMEN TOTAL'!A71 -> CENTRO | B68: ='RESUMEN TOTAL'!B71 -> CEN48 | C68: ='RESUMEN TOTAL'!D71 -> Velez Sarsfield y Las Heras | D68: ='RESUMEN TOTAL'!E71 -> Domo | E68: ='RESUMEN TOTAL'!F71 -> Radio | F68: ='RESUMEN TOTAL'!L71 -> 0 | G68: ='RESUMEN TOTAL'!M71 -> 0 | H68: ='RESUMEN TOTAL'!N71 -> 0 | I68: ='RESUMEN TOTAL'!O71 -> 0 | J68: ='RESUMEN TOTAL'!P71 -> 0 | K68: ='RESUMEN TOTAL'!Q71 -> 0 | L68: ='RESUMEN TOTAL'!R71 -> 0 | M68: ='RESUMEN TOTAL'!S71 -> 0 | ... Z68: ='RESUMEN TOTAL'!AF71 -> 0 | AA68: ='RESUMEN TOTAL'!AG548 -> 0 | AB68: ='RESUMEN TOTAL'!AH71 -> 0 | AC68: ='RESUMEN TOTAL'!AI71 -> 0 | AD68: ='RESUMEN TOTAL'!AJ71 -> 0 | AE68: ='RESUMEN TOTAL'!AK71 -> 0 | AF68: ='RESUMEN TOTAL'!AL71 -> 0 | AG68: ='RESUMEN TOTAL'!AM71 -> 0 | AH68: ='RESUMEN TOTAL'!AN71 -> 0 | AI68: ='RESUMEN TOTAL'!AO71 -> 0
A69: ='RESUMEN TOTAL'!A72 -> CENTRO | B69: ='RESUMEN TOTAL'!B72 -> CEN49 | C69: ='RESUMEN TOTAL'!D72 -> Av. San Martin y Florencio Sanchez | D69: ='RESUMEN TOTAL'!E72 -> Domo | E69: ='RESUMEN TOTAL'!F72 -> Radio | F69: ='RESUMEN TOTAL'!L72 -> 0 | G69: ='RESUMEN TOTAL'!M72 -> 0 | H69: ='RESUMEN TOTAL'!N72 -> 0 | I69: ='RESUMEN TOTAL'!O72 -> 0 | J69: ='RESUMEN TOTAL'!P72 -> 0 | K69: ='RESUMEN TOTAL'!Q72 -> 0 | L69: ='RESUMEN TOTAL'!R72 -> 0 | M69: ='RESUMEN TOTAL'!S72 -> 0 | ... AI69: ='RESUMEN TOTAL'!AO72 -> 0
A70: ='RESUMEN TOTAL'!A73 -> CENTRO | B70: ='RESUMEN TOTAL'!B73 -> CEN 50 | C70: ='RESUMEN TOTAL'!D73 -> Av. San Martin y Newbery | D70: ='RESUMEN TOTAL'!E73 -> Domo | E70: ='RESUMEN TOTAL'!F73 -> Radio | F70: ='RESUMEN TOTAL'!L73 -> 0 | G70: ='RESUMEN TOTAL'!M73 -> 0 | H70: ='RESUMEN TOTAL'!N73 -> 0 | I70: ='RESUMEN TOTAL'!O73 -> 0 | J70: ='RESUMEN TOTAL'!P73 -> 0 | K70: ='RESUMEN TOTAL'!Q73 -> 0 | L70: ='RESUMEN TOTAL'!R73 -> 0 | M70: ='RESUMEN TOTAL'!S73 -> 0 | ... AI70: ='RESUMEN TOTAL'!AO73 -> 0
A71: ='RESUMEN TOTAL'!A74 -> CENTRO | B71: ='RESUMEN TOTAL'!B74 -> CEN 51 | C71: ='RESUMEN TOTAL'!D74 -> ILLIA Y LAS HERAS | D71: ='RESUMEN TOTAL'!E74 -> FIJA | E71: ='RESUMEN TOTAL'!F74 -> Fibra Optica | F71: ='RESUMEN TOTAL'!L74 -> 0 | G71: ='RESUMEN TOTAL'!M74 -> 0 | H71: ='RESUMEN TOTAL'!N74 -> 0 | I71: ='RESUMEN TOTAL'!O74 -> 0 | J71: ='RESUMEN TOTAL'!P74 -> 0 | K71: ='RESUMEN TOTAL'!Q74 -> 0 | L71: ='RESUMEN TOTAL'!R74 -> 0 | M71: ='RESUMEN TOTAL'!S74 -> 0 | ... AI71: ='RESUMEN TOTAL'!AO74 -> 0
A72: ='RESUMEN TOTAL'!A75 -> CENTRO | B72: ='RESUMEN TOTAL'!B75 -> CEN52 | C72: ='RESUMEN TOTAL'!D75 -> San Martin y Almafuerte (ex San Martin y Dorrego) | D72: ='RESUMEN TOTAL'!E75 -> DOMO | E72: ='RESUMEN TOTAL'!F75 -> Radio | F72: ='RESUMEN TOTAL'!L75 -> 0 | G72: ='RESUMEN TOTAL'!M75 -> 0 | H72: ='RESUMEN TOTAL'!N75 -> 0 | I72: ='RESUMEN TOTAL'!O75 -> 0 | J72: ='RESUMEN TOTAL'!P75 -> 0 | K72: ='RESUMEN TOTAL'!Q75 -> 0 | L72: ='RESUMEN TOTAL'!R75 -> 0 | M72: ='RESUMEN TOTAL'!S75 -> 0 | ... AI72: ='RESUMEN TOTAL'!AO75 -> 0
A73: ='RESUMEN TOTAL'!A76 -> CENTRO | B73: ='RESUMEN TOTAL'!B76 -> CEN 53 | C73: ='RESUMEN TOTAL'!D76 -> GUTIERREZ Y BROWN | D73: ='RESUMEN TOTAL'!E76 -> Domo | E73: ='RESUMEN TOTAL'!F76 -> Radio | F73: ='RESUMEN TOTAL'!L76 -> 0 | G73: ='RESUMEN TOTAL'!M76 -> 0 | H73: ='RESUMEN TOTAL'!N76 -> 0 | I73: ='RESUMEN TOTAL'!O76 -> 0 | J73: ='RESUMEN TOTAL'!P76 -> 0 | K73: ='RESUMEN TOTAL'!Q76 -> 0 | L73: ='RESUMEN TOTAL'!R76 -> 0 | M73: ='RESUMEN TOTAL'!S76 -> 0 | ... AI73: ='RESUMEN TOTAL'!AO76 -> 0
A74: ='RESUMEN TOTAL'!A77 -> CENTRO | B74: ='RESUMEN TOTAL'!B77 -> CEN 54 | C74: ='RESUMEN TOTAL'!D77 -> GUTIERREZ Y PRINGLES | D74: ='RESUMEN TOTAL'!E77 -> Domo | E74: ='RESUMEN TOTAL'!F77 -> Radio | F74: ='RESUMEN TOTAL'!L77 -> 0 | G74: ='RESUMEN TOTAL'!M77 -> 0 | H74: ='RESUMEN TOTAL'!N77 -> 0 | I74: ='RESUMEN TOTAL'!O77 -> 0 | J74: ='RESUMEN TOTAL'!P77 -> 0 | K74: ='RESUMEN TOTAL'!Q77 -> 0 | L74: ='RESUMEN TOTAL'!R77 -> 0 | M74: ='RESUMEN TOTAL'!S77 -> 0 | ... AI74: ='RESUMEN TOTAL'!AO77 -> 0
A75: ='RESUMEN TOTAL'!A78 -> CENTRO | B75: ='RESUMEN TOTAL'!B78 -> CEN 55 | C75: ='RESUMEN TOTAL'!D78 -> BOUREL Y URQUIZA | D75: ='RESUMEN TOTAL'!E78 -> Domo | E75: ='RESUMEN TOTAL'!F78 -> Radio | F75: ='RESUMEN TOTAL'!L78 -> 0 | G75: ='RESUMEN TOTAL'!M78 -> 0 | H75: ='RESUMEN TOTAL'!N78 -> 0 | I75: ='RESUMEN TOTAL'!O78 -> 0 | J75: ='RESUMEN TOTAL'!P78 -> 0 | K75: ='RESUMEN TOTAL'!Q78 -> 0 | L75: ='RESUMEN TOTAL'!R78 -> 0 | M75: ='RESUMEN TOTAL'!S78 -> 0 | ... AI75: ='RESUMEN TOTAL'!AO78 -> 0
A76: ='RESUMEN TOTAL'!A79 -> CENTRO | B76: ='RESUMEN TOTAL'!B79 -> CEN 56 | C76: ='RESUMEN TOTAL'!D79 -> Newbery y Falucho | D76: ='RESUMEN TOTAL'!E79 -> DOMO | E76: ='RESUMEN TOTAL'!F79 -> Radio | F76: ='RESUMEN TOTAL'!L79 -> 0 | G76: ='RESUMEN TOTAL'!M79 -> 0 | H76: ='RESUMEN TOTAL'!N79 -> 0 | I76: ='RESUMEN TOTAL'!O79 -> 0 | J76: ='RESUMEN TOTAL'!P79 -> 0 | K76: ='RESUMEN TOTAL'!Q79 -> 0 | L76: ='RESUMEN TOTAL'!R79 -> 0 | M76: ='RESUMEN TOTAL'!S79 -> 0 | ... AI76: ='RESUMEN TOTAL'!AO79 -> 0
A77: ='RESUMEN TOTAL'!A80 -> CENTRO | B77: ='RESUMEN TOTAL'!B80 -> CEN 57 | C77: ='RESUMEN TOTAL'!D80 -> 25 DE MAYO Y DORREGO | D77: ='RESUMEN TOTAL'!E80 -> DOMO | E77: ='RESUMEN TOTAL'!F80 -> Radio | F77: ='RESUMEN TOTAL'!L80 -> 0 | G77: ='RESUMEN TOTAL'!M80 -> 0 | H77: ='RESUMEN TOTAL'!N80 -> 0 | I77: ='RESUMEN TOTAL'!O80 -> 0 | J77: ='RESUMEN TOTAL'!P80 -> 0 | K77: ='RESUMEN TOTAL'!Q80 -> 0 | L77: ='RESUMEN TOTAL'!R80 -> 0 | M77: ='RESUMEN TOTAL'!S80 -> 0 | ... AI77: ='RESUMEN TOTAL'!AO80 -> 0
A78: ='RESUMEN TOTAL'!A81 -> CENTRO | B78: ='RESUMEN TOTAL'!B81 -> CEN 58 | C78: ='RESUMEN TOTAL'!D81 -> EEUU Y MORENO | D78: ='RESUMEN TOTAL'!E81 -> DOMO | E78: ='RESUMEN TOTAL'!F81 -> Fibra Optica | F78: ='RESUMEN TOTAL'!L81 -> 0 | G78: ='RESUMEN TOTAL'!M81 -> 0 | H78: ='RESUMEN TOTAL'!N81 -> 0 | I78: ='RESUMEN TOTAL'!O81 -> 0 | J78: ='RESUMEN TOTAL'!P81 -> 0 | K78: ='RESUMEN TOTAL'!Q81 -> 0 | L78: ='RESUMEN TOTAL'!R81 -> 0 | M78: ='RESUMEN TOTAL'!S81 -> 0 | ... AI78: ='RESUMEN TOTAL'!AO81 -> 0
A79: ='RESUMEN TOTAL'!A82 -> CENTRO | B79: ='RESUMEN TOTAL'!B82 -> CEN59 | C79: ='RESUMEN TOTAL'!D82 -> CHACABUCO Y BOUREL | D79: ='RESUMEN TOTAL'!E82 -> DOMO | E79: ='RESUMEN TOTAL'!F82 -> Radio | F79: ='RESUMEN TOTAL'!L82 -> 0 | G79: ='RESUMEN TOTAL'!M82 -> 0 | H79: ='RESUMEN TOTAL'!N82 -> 0 | I79: ='RESUMEN TOTAL'!O82 -> 0 | J79: ='RESUMEN TOTAL'!P82 -> 0 | K79: ='RESUMEN TOTAL'!Q82 -> 0 | L79: ='RESUMEN TOTAL'!R82 -> 0 | M79: ='RESUMEN TOTAL'!S82 -> 0 | ... AI79: ='RESUMEN TOTAL'!AO82 -> 0
A80: ='RESUMEN TOTAL'!A83 -> CENTRO | B80: ='RESUMEN TOTAL'!B83 -> CEN 60 | C80: ='RESUMEN TOTAL'!D83 -> RECONQUISTA Y ILLIA | D80: ='RESUMEN TOTAL'!E83 -> DOMO | E80: ='RESUMEN TOTAL'!F83 -> PTO A FO | F80: ='RESUMEN TOTAL'!L83 -> 0 | G80: ='RESUMEN TOTAL'!M83 -> 0 | H80: ='RESUMEN TOTAL'!N83 -> 0 | I80: ='RESUMEN TOTAL'!O83 -> 0 | J80: ='RESUMEN TOTAL'!P83 -> 0 | K80: ='RESUMEN TOTAL'!Q83 -> 0 | L80: ='RESUMEN TOTAL'!R83 -> 0 | M80: ='RESUMEN TOTAL'!S83 -> 0 | ... AI80: ='RESUMEN TOTAL'!AO83 -> 0
... A106: ='RESUMEN TOTAL'!A109 -> CENTRO | B106: ='RESUMEN TOTAL'!B109 -> CEN 86 | C106: ='RESUMEN TOTAL'!D109 -> Monteagudo y Bocuzzi | D106: ='RESUMEN TOTAL'!E109 -> Fija | E106: ='RESUMEN TOTAL'!F109 -> Fibra Optica | F106: ='RESUMEN TOTAL'!L109 -> 0 | G106: ='RESUMEN TOTAL'!M109 -> 0 | H106: ='RESUMEN TOTAL'!N109 -> 0 | I106: ='RESUMEN TOTAL'!O109 -> 0 | J106: ='RESUMEN TOTAL'!P109 -> 0 | K106: ='RESUMEN TOTAL'!Q109 -> 0 | L106: ='RESUMEN TOTAL'!R109 -> 0 | M106: ='RESUMEN TOTAL'!S109 -> 0 | ... AI106: ='RESUMEN TOTAL'!AO109 -> 0
A107: ='RESUMEN TOTAL'!A111 -> SAN NICOLAS | B107: ='RESUMEN TOTAL'!B111 -> CHA01 | C107: ='RESUMEN TOTAL'!D111 -> Novak y Pte Illia | D107: ='RESUMEN TOTAL'!E111 -> Domo | E107: ='RESUMEN TOTAL'!F111 -> Radio | F107: ='RESUMEN TOTAL'!L111 -> 0 | G107: ='RESUMEN TOTAL'!M111 -> 0 | H107: ='RESUMEN TOTAL'!N111 -> 0 | I107: ='RESUMEN TOTAL'!O111 -> 0 | J107: ='RESUMEN TOTAL'!P111 -> 0 | K107: ='RESUMEN TOTAL'!Q111 -> 0 | L107: ='RESUMEN TOTAL'!R111 -> 0 | M107: ='RESUMEN TOTAL'!S111 -> 0 | ... AI107: ='RESUMEN TOTAL'!AO111 -> 0
A108: ='RESUMEN TOTAL'!A112 -> CHACABUCO | B108: ='RESUMEN TOTAL'!B112 -> CHA02 | C108: ='RESUMEN TOTAL'!D112 -> Pte. Illia y Posadas | D108: ='RESUMEN TOTAL'!E112 -> Domo | E108: ='RESUMEN TOTAL'!F112 -> Radio | F108: ='RESUMEN TOTAL'!L112 -> APAGADO | G108: ='RESUMEN TOTAL'!M112 -> 0 | H108: ='RESUMEN TOTAL'!N112 -> 0 | I108: ='RESUMEN TOTAL'!O112 -> 0 | J108: ='RESUMEN TOTAL'!P112 -> 0 | K108: ='RESUMEN TOTAL'!Q112 -> 0 | L108: ='RESUMEN TOTAL'!R112 -> 0 | M108: ='RESUMEN TOTAL'!S112 -> 0 | ... AI108: ='RESUMEN TOTAL'!AO112 -> 0
A109: ='RESUMEN TOTAL'!A113 -> CHACABUCO | B109: ='RESUMEN TOTAL'!B113 -> CHA03 | C109: ='RESUMEN TOTAL'!D113 -> MAIPU Y ALVAREZ THOMAS | D109: ='RESUMEN TOTAL'!E113 -> DOMO | E109: ='RESUMEN TOTAL'!F113 -> Fibra Optica | F109: ='RESUMEN TOTAL'!L113 -> 0 | G109: ='RESUMEN TOTAL'!M113 -> 0 | H109: ='RESUMEN TOTAL'!N113 -> 0 | I109: ='RESUMEN TOTAL'!O113 -> 0 | J109: ='RESUMEN TOTAL'!P113 -> 0 | K109: ='RESUMEN TOTAL'!Q113 -> 0 | L109: ='RESUMEN TOTAL'!R113 -> 0 | M109: ='RESUMEN TOTAL'!S113 -> 0 | ... AI109: ='RESUMEN TOTAL'!AO113 -> 0
A110: ='RESUMEN TOTAL'!A114 -> CHACABUCO | B110: ='RESUMEN TOTAL'!B114 -> CHA04 | C110: ='RESUMEN TOTAL'!D114 -> ESTADOS UNIDOS DE A. E ILLIA | D110: ='RESUMEN TOTAL'!E114 -> DOMO | E110: ='RESUMEN TOTAL'!F114 -> Fibra Optica | F110: ='RESUMEN TOTAL'!L114 -> APAGADO | G110: ='RESUMEN TOTAL'!M114 -> 0 | H110: ='RESUMEN TOTAL'!N114 -> 0 | I110: ='RESUMEN TOTAL'!O114 -> 0 | J110: ='RESUMEN TOTAL'!P114 -> 0 | K110: ='RESUMEN TOTAL'!Q114 -> 0 | L110: ='RESUMEN TOTAL'!R114 -> 0 | M110: ='RESUMEN TOTAL'!S114 -> 0 | ... AI110: ='RESUMEN TOTAL'!AO114 -> 0
A111: ='RESUMEN TOTAL'!A115 -> VILLA MONICA NUEVA | B111: ='RESUMEN TOTAL'!B115 -> COL01 | C111: ='RESUMEN TOTAL'!D115 -> Eva Peron y Cariboni | D111: ='RESUMEN TOTAL'!E115 -> Domo | E111: ='RESUMEN TOTAL'!F115 -> Radio | F111: ='RESUMEN TOTAL'!L115 -> 0 | G111: ='RESUMEN TOTAL'!M115 -> 0 | H111: ='RESUMEN TOTAL'!N115 -> 0 | I111: ='RESUMEN TOTAL'!O115 -> 0 | J111: ='RESUMEN TOTAL'!P115 -> 0 | K111: ='RESUMEN TOTAL'!Q115 -> 0 | L111: ='RESUMEN TOTAL'!R115 -> 0 | M111: ='RESUMEN TOTAL'!S115 -> 0 | ... AI111: ='RESUMEN TOTAL'!AO115 -> 0
A112: ='RESUMEN TOTAL'!A116 -> LA COLORADA ESTE | B112: ='RESUMEN TOTAL'!B116 -> COL02 | C112: ='RESUMEN TOTAL'!D116 -> Av. Eva Peron y Pompeya | D112: ='RESUMEN TOTAL'!E116 -> Domo | E112: ='RESUMEN TOTAL'!F116 -> Radio | F112: ='RESUMEN TOTAL'!L116 -> 0 | G112: ='RESUMEN TOTAL'!M116 -> 0 | H112: ='RESUMEN TOTAL'!N116 -> 0 | I112: ='RESUMEN TOTAL'!O116 -> 0 | J112: ='RESUMEN TOTAL'!P116 -> 0 | K112: ='RESUMEN TOTAL'!Q116 -> 0 | L112: ='RESUMEN TOTAL'!R116 -> 0 | M112: ='RESUMEN TOTAL'!S116 -> 0 | ... AI112: ='RESUMEN TOTAL'!AO116 -> 0
A113: ='RESUMEN TOTAL'!A117 -> LA COLORADA ESTE | B113: ='RESUMEN TOTAL'!B117 -> COL 03 | C113: ='RESUMEN TOTAL'!D117 -> CARIBONI Y LA ANCIANIDAD | D113: ='RESUMEN TOTAL'!E117 -> DOMO | E113: ='RESUMEN TOTAL'!F117 -> Radio | F113: ='RESUMEN TOTAL'!L117 -> 0 | G113: ='RESUMEN TOTAL'!M117 -> 0 | H113: ='RESUMEN TOTAL'!N117 -> 0 | I113: ='RESUMEN TOTAL'!O117 -> 0 | J113: ='RESUMEN TOTAL'!P117 -> 0 | K113: ='RESUMEN TOTAL'!Q117 -> 0 | L113: ='RESUMEN TOTAL'!R117 -> 0 | M113: ='RESUMEN TOTAL'!S117 -> 0 | ... AI113: ='RESUMEN TOTAL'!AO117 -> 0
A114: ='RESUMEN TOTAL'!A118 -> LA COLORADA ESTE | B114: ='RESUMEN TOTAL'!B118 -> COL 04 | C114: ='RESUMEN TOTAL'!D118 -> EVA PERON Y SAVIO | D114: ='RESUMEN TOTAL'!E118 -> Domo | E114: ='RESUMEN TOTAL'!F118 -> Fibra Optica | F114: ='RESUMEN TOTAL'!L118 -> 0 | G114: ='RESUMEN TOTAL'!M118 -> 0 | H114: ='RESUMEN TOTAL'!N118 -> 0 | I114: ='RESUMEN TOTAL'!O118 -> 0 | J114: ='RESUMEN TOTAL'!P118 -> 0 | K114: ='RESUMEN TOTAL'!Q118 -> 0 | L114: ='RESUMEN TOTAL'!R118 -> 0 | M114: ='RESUMEN TOTAL'!S118 -> 0 | ... AI114: ='RESUMEN TOTAL'!AO118 -> 0
A115: ='RESUMEN TOTAL'!A119 -> DON JOSE | B115: ='RESUMEN TOTAL'!B119 -> DJO01 | C115: ='RESUMEN TOTAL'!D119 -> Monteverde y Donato Alvarez | D115: ='RESUMEN TOTAL'!E119 -> Domo | E115: ='RESUMEN TOTAL'!F119 -> Radio | F115: ='RESUMEN TOTAL'!L119 -> 0 | G115: ='RESUMEN TOTAL'!M119 -> 0 | H115: ='RESUMEN TOTAL'!N119 -> 0 | I115: ='RESUMEN TOTAL'!O119 -> 0 | J115: ='RESUMEN TOTAL'!P119 -> 0 | K115: ='RESUMEN TOTAL'!Q119 -> 0 | L115: ='RESUMEN TOTAL'!R119 -> 0 | M115: ='RESUMEN TOTAL'!S119 -> 0 | ... AI115: ='RESUMEN TOTAL'!AO119 -> 0
A116: ='RESUMEN TOTAL'!A120 -> DON JOSE | B116: ='RESUMEN TOTAL'!B120 -> DJO 02 (fija 1) | C116: ='RESUMEN TOTAL'!D120 -> DONATO ALVAREZ Y EL APERO | D116: ='RESUMEN TOTAL'!E120 -> Fija | E116: ='RESUMEN TOTAL'!F120 -> PTO A FO | F116: ='RESUMEN TOTAL'!L120 -> 0 | G116: ='RESUMEN TOTAL'!M120 -> 0 | H116: ='RESUMEN TOTAL'!N120 -> 0 | I116: ='RESUMEN TOTAL'!O120 -> 0 | J116: ='RESUMEN TOTAL'!P120 -> 0 | K116: ='RESUMEN TOTAL'!Q120 -> 0 | L116: ='RESUMEN TOTAL'!R120 -> 0 | M116: ='RESUMEN TOTAL'!S120 -> 0 | ... AI116: ='RESUMEN TOTAL'!AO120 -> 0
A117: ='RESUMEN TOTAL'!A121 -> DON JOSE | B117: ='RESUMEN TOTAL'!B121 -> DJO 03 (fija 2) | C117: ='RESUMEN TOTAL'!D121 -> DONATO ALVAREZ Y EL APERO | D117: ='RESUMEN TOTAL'!E121 -> Fija | E117: ='RESUMEN TOTAL'!F121 -> PTO A FO | F117: ='RESUMEN TOTAL'!L121 -> 0 | G117: ='RESUMEN TOTAL'!M121 -> 0 | H117: ='RESUMEN TOTAL'!N121 -> 0 | I117: ='RESUMEN TOTAL'!O121 -> 0 | J117: ='RESUMEN TOTAL'!P121 -> 0 | K117: ='RESUMEN TOTAL'!Q121 -> 0 | L117: ='RESUMEN TOTAL'!R121 -> 0 | M117: ='RESUMEN TOTAL'!S121 -> 0 | ... AI117: ='RESUMEN TOTAL'!AO121 -> 0
A118: ='RESUMEN TOTAL'!A122 -> DON JOSE | B118: ='RESUMEN TOTAL'!B122 -> DJO 04 (Fija 1) | C118: ='RESUMEN TOTAL'!D122 -> MONTEVERDE Y EL INDIO | D118: ='RESUMEN TOTAL'!E122 -> Fija | E118: ='RESUMEN TOTAL'!F122 -> PTO A FO | F118: ='RESUMEN TOTAL'!L122 -> 0 | G118: ='RESUMEN TOTAL'!M122 -> 0 | H118: ='RESUMEN TOTAL'!N122 -> 0 | I118: ='RESUMEN TOTAL'!O122 -> 0 | J118: ='RESUMEN TOTAL'!P122 -> 0 | K118: ='RESUMEN TOTAL'!Q122 -> 0 | L118: ='RESUMEN TOTAL'!R122 -> 0 | M118: ='RESUMEN TOTAL'!S122 -> 0 | ... AI118: ='RESUMEN TOTAL'!AO122 -> 0
... A121: ='RESUMEN TOTAL'!A125 -> DON JOSE | B121: ='RESUMEN TOTAL'!B125 -> DJ 07 | C121: ='RESUMEN TOTAL'!D125 -> Calle 414 y El Indio | D121: ='RESUMEN TOTAL'!E125 -> Fija | E121: ='RESUMEN TOTAL'!F125 -> PTO A FO | F121: ='RESUMEN TOTAL'!L125 -> 0 | G121: ='RESUMEN TOTAL'!M125 -> 0 | H121: ='RESUMEN TOTAL'!N125 -> 0 | I121: ='RESUMEN TOTAL'!O125 -> 0 | J121: ='RESUMEN TOTAL'!P125 -> 0 | K121: ='RESUMEN TOTAL'!Q125 -> 0 | L121: ='RESUMEN TOTAL'!R125 -> 0 | M121: ='RESUMEN TOTAL'!S125 -> 0 | ... AI121: ='RESUMEN TOTAL'!AO125 -> 0
A122: ='RESUMEN TOTAL'!A127 -> EL PARQUE | B122: ='RESUMEN TOTAL'!B127 -> EPQ 01 | C122: ='RESUMEN TOTAL'!D127 -> 1282 Y GRIERSON | D122: ='RESUMEN TOTAL'!E127 -> DOMO | E122: ='RESUMEN TOTAL'!F127 -> Fibra Optica | F122: ='RESUMEN TOTAL'!L127 -> 0 | G122: ='RESUMEN TOTAL'!M127 -> 0 | H122: ='RESUMEN TOTAL'!N127 -> 0 | I122: ='RESUMEN TOTAL'!O127 -> 0 | J122: ='RESUMEN TOTAL'!P127 -> 0 | K122: ='RESUMEN TOTAL'!Q127 -> 0 | L122: ='RESUMEN TOTAL'!R127 -> 0 | M122: ='RESUMEN TOTAL'!S127 -> 0 | ... AI122: ='RESUMEN TOTAL'!AO127 -> 0
A123: ='RESUMEN TOTAL'!A128 -> EL PARQUE | B123: ='RESUMEN TOTAL'!B128 -> EPQ 02 | C123: ='RESUMEN TOTAL'!D128 -> 1282 Y MASSE | D123: ='RESUMEN TOTAL'!E128 -> DOMO | E123: ='RESUMEN TOTAL'!F128 -> Fibra Optica | F123: ='RESUMEN TOTAL'!L128 -> 0 | G123: ='RESUMEN TOTAL'!M128 -> 0 | H123: ='RESUMEN TOTAL'!N128 -> 0 | I123: ='RESUMEN TOTAL'!O128 -> 0 | J123: ='RESUMEN TOTAL'!P128 -> 0 | K123: ='RESUMEN TOTAL'!Q128 -> 0 | L123: ='RESUMEN TOTAL'!R128 -> 0 | M123: ='RESUMEN TOTAL'!S128 -> 0 | ... AI123: ='RESUMEN TOTAL'!AO128 -> 0
A124: ='RESUMEN TOTAL'!A129 -> EL PARQUE | B124: ='RESUMEN TOTAL'!B129 -> EPQ 03 | C124: ='RESUMEN TOTAL'!D129 -> 1282 Y RP 36 | D124: ='RESUMEN TOTAL'!E129 -> Domo | E124: ='RESUMEN TOTAL'!F129 -> Fibra Optica | F124: ='RESUMEN TOTAL'!L129 -> APAGADO | G124: ='RESUMEN TOTAL'!M129 -> 0 | H124: ='RESUMEN TOTAL'!N129 -> 0 | I124: ='RESUMEN TOTAL'!O129 -> 0 | J124: ='RESUMEN TOTAL'!P129 -> 0 | K124: ='RESUMEN TOTAL'!Q129 -> 0 | L124: ='RESUMEN TOTAL'!R129 -> 0 | M124: ='RESUMEN TOTAL'!S129 -> 0 | ... AI124: ='RESUMEN TOTAL'!AO129 -> 0
A125: ='RESUMEN TOTAL'!A130 -> EL PARQUE | B125: ='RESUMEN TOTAL'!B130 -> EPQ 04 | C125: ='RESUMEN TOTAL'!D130 -> 1282 Y MORENO | D125: ='RESUMEN TOTAL'!E130 -> DOMO | E125: ='RESUMEN TOTAL'!F130 -> Fibra Optica | F125: ='RESUMEN TOTAL'!L130 -> 0 | G125: ='RESUMEN TOTAL'!M130 -> 0 | H125: ='RESUMEN TOTAL'!N130 -> 0 | I125: ='RESUMEN TOTAL'!O130 -> 0 | J125: ='RESUMEN TOTAL'!P130 -> 0 | K125: ='RESUMEN TOTAL'!Q130 -> 0 | L125: ='RESUMEN TOTAL'!R130 -> 0 | M125: ='RESUMEN TOTAL'!S130 -> 0 | ... AI125: ='RESUMEN TOTAL'!AO130 -> 0
A126: ='RESUMEN TOTAL'!A131 -> LA ESMERALDA | B126: ='RESUMEN TOTAL'!B131 -> ESM01 | C126: ='RESUMEN TOTAL'!D131 -> Cabello y Brasil | D126: ='RESUMEN TOTAL'!E131 -> Domo | E126: ='RESUMEN TOTAL'!F131 -> Radio | F126: ='RESUMEN TOTAL'!L131 -> 0 | G126: ='RESUMEN TOTAL'!M131 -> 0 | H126: ='RESUMEN TOTAL'!N131 -> 0 | I126: ='RESUMEN TOTAL'!O131 -> 0 | J126: ='RESUMEN TOTAL'!P131 -> 0 | K126: ='RESUMEN TOTAL'!Q131 -> 0 | L126: ='RESUMEN TOTAL'!R131 -> 0 | M126: ='RESUMEN TOTAL'!S131 -> 0 | ... AI126: ='RESUMEN TOTAL'!AO131 -> 0
A127: ='RESUMEN TOTAL'!A132 -> SAN JORGE | B127: ='RESUMEN TOTAL'!B132 -> ESM02 | C127: ='RESUMEN TOTAL'!D132 -> Novak y Cabello | D127: ='RESUMEN TOTAL'!E132 -> Domo | E127: ='RESUMEN TOTAL'!F132 -> PTO A FO | F127: ='RESUMEN TOTAL'!L132 -> 0 | G127: ='RESUMEN TOTAL'!M132 -> 0 | H127: ='RESUMEN TOTAL'!N132 -> 0 | I127: ='RESUMEN TOTAL'!O132 -> 0 | J127: ='RESUMEN TOTAL'!P132 -> 0 | K127: ='RESUMEN TOTAL'!Q132 -> 0 | L127: ='RESUMEN TOTAL'!R132 -> 0 | M127: ='RESUMEN TOTAL'!S132 -> 0 | ... AI127: ='RESUMEN TOTAL'!AO132 -> 0
A128: ='RESUMEN TOTAL'!A133 -> 0 | B128: ='RESUMEN TOTAL'!B133 -> ESM03 | C128: ='RESUMEN TOTAL'!D133 -> Novak y Humahuaca | D128: ='RESUMEN TOTAL'!E133 -> DOMO | E128: ='RESUMEN TOTAL'!F133 -> PTO A FO | F128: ='RESUMEN TOTAL'!L133 -> 0 | G128: ='RESUMEN TOTAL'!M133 -> 0 | H128: ='RESUMEN TOTAL'!N133 -> 0 | I128: ='RESUMEN TOTAL'!O133 -> 0 | J128: ='RESUMEN TOTAL'!P133 -> 0 | K128: ='RESUMEN TOTAL'!Q133 -> 0 | L128: ='RESUMEN TOTAL'!R133 -> 0 | M128: ='RESUMEN TOTAL'!S133 -> 0 | ... AI128: ='RESUMEN TOTAL'!AO133 -> 0
A129: ='RESUMEN TOTAL'!A134 -> LA ESMERALDA | B129: ='RESUMEN TOTAL'!B134 -> ESM04 | C129: ='RESUMEN TOTAL'!D134 -> Basualdo y Bengochea | D129: ='RESUMEN TOTAL'!E134 -> Domo | E129: ='RESUMEN TOTAL'!F134 -> Fibra Optica | F129: ='RESUMEN TOTAL'!L134 -> APAGADO | G129: ='RESUMEN TOTAL'!M134 -> 0 | H129: ='RESUMEN TOTAL'!N134 -> 0 | I129: ='RESUMEN TOTAL'!O134 -> 0 | J129: ='RESUMEN TOTAL'!P134 -> 0 | K129: ='RESUMEN TOTAL'!Q134 -> 0 | L129: ='RESUMEN TOTAL'!R134 -> 0 | M129: ='RESUMEN TOTAL'!S134 -> 0 | ... AI129: ='RESUMEN TOTAL'!AO134 -> 0
A130: ='RESUMEN TOTAL'!A135 -> LA ESMERALDA | B130: ='RESUMEN TOTAL'!B135 -> ESM05 | C130: ='RESUMEN TOTAL'!D135 -> Aniceto Diaz y Villar | D130: ='RESUMEN TOTAL'!E135 -> Domo | E130: ='RESUMEN TOTAL'!F135 -> Fibra Optica | F130: ='RESUMEN TOTAL'!L135 -> APAGADO | G130: ='RESUMEN TOTAL'!M135 -> 0 | H130: ='RESUMEN TOTAL'!N135 -> 0 | I130: ='RESUMEN TOTAL'!O135 -> 0 | J130: ='RESUMEN TOTAL'!P135 -> 0 | K130: ='RESUMEN TOTAL'!Q135 -> 0 | L130: ='RESUMEN TOTAL'!R135 -> 0 | M130: ='RESUMEN TOTAL'!S135 -> 0 | ... AI130: ='RESUMEN TOTAL'!AO135 -> 0
A131: ='RESUMEN TOTAL'!A136 -> LA ESMERALDA | B131: ='RESUMEN TOTAL'!B136 -> ESM06 | C131: ='RESUMEN TOTAL'!D136 -> Roselli y Cabello | D131: ='RESUMEN TOTAL'!E136 -> Domo | E131: ='RESUMEN TOTAL'!F136 -> Radio | F131: ='RESUMEN TOTAL'!L136 -> 0 | G131: ='RESUMEN TOTAL'!M136 -> 0 | H131: ='RESUMEN TOTAL'!N136 -> 0 | I131: ='RESUMEN TOTAL'!O136 -> 0 | J131: ='RESUMEN TOTAL'!P136 -> 0 | K131: ='RESUMEN TOTAL'!Q136 -> 0 | L131: ='RESUMEN TOTAL'!R136 -> 0 | M131: ='RESUMEN TOTAL'!S136 -> 0 | ... AI131: ='RESUMEN TOTAL'!AO136 -> 0
A132: ='RESUMEN TOTAL'!A137 -> LA ESMERALDA | B132: ='RESUMEN TOTAL'!B137 -> ESM07 | C132: ='RESUMEN TOTAL'!D137 -> AV. NOVAK Y SERRANO | D132: ='RESUMEN TOTAL'!E137 -> DOMO | E132: ='RESUMEN TOTAL'!F137 -> PTO A FO | F132: ='RESUMEN TOTAL'!L137 -> 0 | G132: ='RESUMEN TOTAL'!M137 -> 0 | H132: ='RESUMEN TOTAL'!N137 -> 0 | I132: ='RESUMEN TOTAL'!O137 -> 0 | J132: ='RESUMEN TOTAL'!P137 -> 0 | K132: ='RESUMEN TOTAL'!Q137 -> 0 | L132: ='RESUMEN TOTAL'!R137 -> 0 | M132: ='RESUMEN TOTAL'!S137 -> 0 | ... AI132: ='RESUMEN TOTAL'!AO137 -> 0
A133: ='RESUMEN TOTAL'!A138 -> LA ESMERALDA | B133: ='RESUMEN TOTAL'!B138 -> ESM 08 | C133: ='RESUMEN TOTAL'!D138 -> DAVINSON Y MORANCHEL | D133: ='RESUMEN TOTAL'!E138 -> FIJA | E133: ='RESUMEN TOTAL'!F138 -> Radio | F133: ='RESUMEN TOTAL'!L138 -> 0 | G133: ='RESUMEN TOTAL'!M138 -> 0 | H133: ='RESUMEN TOTAL'!N138 -> 0 | I133: ='RESUMEN TOTAL'!O138 -> 0 | J133: ='RESUMEN TOTAL'!P138 -> 0 | K133: ='RESUMEN TOTAL'!Q138 -> 0 | L133: ='RESUMEN TOTAL'!R138 -> 0 | M133: ='RESUMEN TOTAL'!S138 -> 0 | ... AI133: ='RESUMEN TOTAL'!AO138 -> 0
... A171: ='RESUMEN TOTAL'!A176 -> LA PILETA | B171: ='RESUMEN TOTAL'!B176 -> LPI04 (fija 1) | C171: ='RESUMEN TOTAL'!D176 -> MAIPU Y POSADAS | D171: ='RESUMEN TOTAL'!E176 -> FIJA | E171: ='RESUMEN TOTAL'!F176 -> Fibra Optica | F171: ='RESUMEN TOTAL'!L176 -> 0 | G171: ='RESUMEN TOTAL'!M176 -> 0 | H171: ='RESUMEN TOTAL'!N176 -> 0 | I171: ='RESUMEN TOTAL'!O176 -> 0 | J171: ='RESUMEN TOTAL'!P176 -> 0 | K171: ='RESUMEN TOTAL'!Q176 -> 0 | L171: ='RESUMEN TOTAL'!R176 -> 0 | M171: ='RESUMEN TOTAL'!S176 -> 0 | ... AI171: ='RESUMEN TOTAL'!AO176 -> 0
A172: ='RESUMEN TOTAL'!A178 -> LOS PILARES | B172: ='RESUMEN TOTAL'!B178 -> LPR 01 | C172: ='RESUMEN TOTAL'!D178 -> EVA PERON E/ CACHEUTA Y 1406 | D172: ='RESUMEN TOTAL'!E178 -> DOMO | E172: ='RESUMEN TOTAL'!F178 -> Fibra Optica | F172: ='RESUMEN TOTAL'!L178 -> 0 | G172: ='RESUMEN TOTAL'!M178 -> 0 | H172: ='RESUMEN TOTAL'!N178 -> 0 | I172: ='RESUMEN TOTAL'!O178 -> 0 | J172: ='RESUMEN TOTAL'!P178 -> 0 | K172: ='RESUMEN TOTAL'!Q178 -> 0 | L172: ='RESUMEN TOTAL'!R178 -> 0 | M172: ='RESUMEN TOTAL'!S178 -> 0 | ... AI172: ='RESUMEN TOTAL'!AO178 -> 0
A173: ='RESUMEN TOTAL'!A179 -> LOS PILARES | B173: ='RESUMEN TOTAL'!B179 -> LPR02 (fija 1) | C173: ='RESUMEN TOTAL'!D179 -> EVA PERON Y CACHEUTA | D173: ='RESUMEN TOTAL'!E179 -> Fija | E173: ='RESUMEN TOTAL'!F179 -> Fibra Optica | F173: ='RESUMEN TOTAL'!L179 -> 0 | G173: ='RESUMEN TOTAL'!M179 -> 0 | H173: ='RESUMEN TOTAL'!N179 -> 0 | I173: ='RESUMEN TOTAL'!O179 -> 0 | J173: ='RESUMEN TOTAL'!P179 -> 0 | K173: ='RESUMEN TOTAL'!Q179 -> 0 | L173: ='RESUMEN TOTAL'!R179 -> 0 | M173: ='RESUMEN TOTAL'!S179 -> 0 | ... AI173: ='RESUMEN TOTAL'!AO179 -> 0
A174: ='RESUMEN TOTAL'!A180 -> LOS PILARES | B174: ='RESUMEN TOTAL'!B180 -> LPR03 (fija 2) | C174: ='RESUMEN TOTAL'!D180 -> EVA PERON Y CACHEUTA | D174: ='RESUMEN TOTAL'!E180 -> Fija | E174: ='RESUMEN TOTAL'!F180 -> Fibra Optica | F174: ='RESUMEN TOTAL'!L180 -> 0 | G174: ='RESUMEN TOTAL'!M180 -> 0 | H174: ='RESUMEN TOTAL'!N180 -> 0 | I174: ='RESUMEN TOTAL'!O180 -> 0 | J174: ='RESUMEN TOTAL'!P180 -> 0 | K174: ='RESUMEN TOTAL'!Q180 -> 0 | L174: ='RESUMEN TOTAL'!R180 -> 0 | M174: ='RESUMEN TOTAL'!S180 -> 0 | ... AI174: ='RESUMEN TOTAL'!AO180 -> 0
A175: ='RESUMEN TOTAL'!A181 -> LOPEZ ROMERO | B175: ='RESUMEN TOTAL'!B181 -> LRO 05 | C175: ='RESUMEN TOTAL'!D181 -> Calchaqui y Las Americas | D175: ='RESUMEN TOTAL'!E181 -> Fija | E175: ='RESUMEN TOTAL'!F181 -> Fibra Optica | F175: ='RESUMEN TOTAL'!L181 -> 0 | G175: ='RESUMEN TOTAL'!M181 -> 0 | H175: ='RESUMEN TOTAL'!N181 -> 0 | I175: ='RESUMEN TOTAL'!O181 -> 0 | J175: ='RESUMEN TOTAL'!P181 -> 0 | K175: ='RESUMEN TOTAL'!Q181 -> 0 | L175: ='RESUMEN TOTAL'!R181 -> 0 | M175: ='RESUMEN TOTAL'!S181 -> 0 | ... AI175: ='RESUMEN TOTAL'!AO181 -> 0
A176: ='RESUMEN TOTAL'!A182 -> LOPEZ ROMERO | B176: ='RESUMEN TOTAL'!B182 -> LRO 09 | C176: ='RESUMEN TOTAL'!D182 -> Las Americas y Braile | D176: ='RESUMEN TOTAL'!E182 -> Domo | E176: ='RESUMEN TOTAL'!F182 -> Fibra Optica | F176: ='RESUMEN TOTAL'!L182 -> 0 | G176: ='RESUMEN TOTAL'!M182 -> 0 | H176: ='RESUMEN TOTAL'!N182 -> 0 | I176: ='RESUMEN TOTAL'!O182 -> 0 | J176: ='RESUMEN TOTAL'!P182 -> 0 | K176: ='RESUMEN TOTAL'!Q182 -> 0 | L176: ='RESUMEN TOTAL'!R182 -> 0 | M176: ='RESUMEN TOTAL'!S182 -> 0 | ... AI176: ='RESUMEN TOTAL'!AO182 -> 0
A177: ='RESUMEN TOTAL'!A183 -> LOPEZ ROMERO | B177: ='RESUMEN TOTAL'!B183 -> LRO 10 | C177: ='RESUMEN TOTAL'!D183 -> Con. Gral. Belgrano y Balcarce | D177: ='RESUMEN TOTAL'!E183 -> Domo | E177: ='RESUMEN TOTAL'!F183 -> Fibra Optica | F177: ='RESUMEN TOTAL'!L183 -> 0 | G177: ='RESUMEN TOTAL'!M183 -> 0 | H177: ='RESUMEN TOTAL'!N183 -> 0 | I177: ='RESUMEN TOTAL'!O183 -> 0 | J177: ='RESUMEN TOTAL'!P183 -> 0 | K177: ='RESUMEN TOTAL'!Q183 -> 0 | L177: ='RESUMEN TOTAL'!R183 -> 0 | M177: ='RESUMEN TOTAL'!S183 -> 0 | ... AI177: ='RESUMEN TOTAL'!AO183 -> 0
A178: ='RESUMEN TOTAL'!A184 -> LOPEZ ROMERO | B178: ='RESUMEN TOTAL'!B184 -> LRO 12 (fija 1) | C178: ='RESUMEN TOTAL'!D184 -> LAS AMERICAS E/ BRAILLE Y ALVARADO | D178: ='RESUMEN TOTAL'!E184 -> Fija | E178: ='RESUMEN TOTAL'!F184 -> Fibra Optica | F178: ='RESUMEN TOTAL'!L184 -> 0 | G178: ='RESUMEN TOTAL'!M184 -> 0 | H178: ='RESUMEN TOTAL'!N184 -> 0 | I178: ='RESUMEN TOTAL'!O184 -> 0 | J178: ='RESUMEN TOTAL'!P184 -> 0 | K178: ='RESUMEN TOTAL'!Q184 -> 0 | L178: ='RESUMEN TOTAL'!R184 -> 0 | M178: ='RESUMEN TOTAL'!S184 -> 0 | ... AI178: ='RESUMEN TOTAL'!AO184 -> 0
A179: ='RESUMEN TOTAL'!A185 -> LOPEZ ROMERO | B179: ='RESUMEN TOTAL'!B185 -> LRO 13 (fija 2) | C179: ='RESUMEN TOTAL'!D185 -> LAS AMERICAS E/ BRAILLE Y ALVARADO | D179: ='RESUMEN TOTAL'!E185 -> Fija | E179: ='RESUMEN TOTAL'!F185 -> Fibra Optica | F179: ='RESUMEN TOTAL'!L185 -> 0 | G179: ='RESUMEN TOTAL'!M185 -> 0 | H179: ='RESUMEN TOTAL'!N185 -> 0 | I179: ='RESUMEN TOTAL'!O185 -> 0 | J179: ='RESUMEN TOTAL'!P185 -> 0 | K179: ='RESUMEN TOTAL'!Q185 -> 0 | L179: ='RESUMEN TOTAL'!R185 -> 0 | M179: ='RESUMEN TOTAL'!S185 -> 0 | ... AI179: ='RESUMEN TOTAL'!AO185 -> 0
A180: ='RESUMEN TOTAL'!A186 -> LOPEZ ROMERO | B180: ='RESUMEN TOTAL'!B186 -> LRO01 | C180: ='RESUMEN TOTAL'!D186 -> H. IRIGOYEN Y BRAILE | D180: ='RESUMEN TOTAL'!E186 -> FIJA | E180: ='RESUMEN TOTAL'!F186 -> Fibra Optica | F180: ='RESUMEN TOTAL'!L186 -> 0 | G180: ='RESUMEN TOTAL'!M186 -> 0 | H180: ='RESUMEN TOTAL'!N186 -> 0 | I180: ='RESUMEN TOTAL'!O186 -> 0 | J180: ='RESUMEN TOTAL'!P186 -> 0 | K180: ='RESUMEN TOTAL'!Q186 -> 0 | L180: ='RESUMEN TOTAL'!R186 -> 0 | M180: ='RESUMEN TOTAL'!S186 -> 0 | ... AI180: ='RESUMEN TOTAL'!AO186 -> 0
A181: ='RESUMEN TOTAL'!A187 -> PRESIDENTE SARMIENTO | B181: ='RESUMEN TOTAL'!B187 -> LRO02 | C181: ='RESUMEN TOTAL'!D187 -> H. Irigoyen e Islas Orcadas | D181: ='RESUMEN TOTAL'!E187 -> Domo | E181: ='RESUMEN TOTAL'!F187 -> Fibra Optica | F181: ='RESUMEN TOTAL'!L187 -> 0 | G181: ='RESUMEN TOTAL'!M187 -> 0 | H181: ='RESUMEN TOTAL'!N187 -> 0 | I181: ='RESUMEN TOTAL'!O187 -> 0 | J181: ='RESUMEN TOTAL'!P187 -> 0 | K181: ='RESUMEN TOTAL'!Q187 -> 0 | L181: ='RESUMEN TOTAL'!R187 -> 0 | M181: ='RESUMEN TOTAL'!S187 -> 0 | ... AI181: ='RESUMEN TOTAL'!AO187 -> 0
A182: ='RESUMEN TOTAL'!A188 -> LOPEZ ROMERO | B182: ='RESUMEN TOTAL'!B188 -> LRO03 | C182: ='RESUMEN TOTAL'!D188 -> H. Irigoyen y Parravicini | D182: ='RESUMEN TOTAL'!E188 -> Fija | E182: ='RESUMEN TOTAL'!F188 -> Fibra Optica | F182: ='RESUMEN TOTAL'!L188 -> 0 | G182: ='RESUMEN TOTAL'!M188 -> 0 | H182: ='RESUMEN TOTAL'!N188 -> 0 | I182: ='RESUMEN TOTAL'!O188 -> 0 | J182: ='RESUMEN TOTAL'!P188 -> 0 | K182: ='RESUMEN TOTAL'!Q188 -> 0 | L182: ='RESUMEN TOTAL'!R188 -> 0 | M182: ='RESUMEN TOTAL'!S188 -> 0 | ... AI182: ='RESUMEN TOTAL'!AO188 -> 0
A183: ='RESUMEN TOTAL'!A189 -> LOPEZ ROMERO | B183: ='RESUMEN TOTAL'!B189 -> LRO04 | C183: ='RESUMEN TOTAL'!D189 -> H. Irigoyen y Alvarado | D183: ='RESUMEN TOTAL'!E189 -> FIJA | E183: ='RESUMEN TOTAL'!F189 -> Fibra Optica | F183: ='RESUMEN TOTAL'!L189 -> APAGADO | G183: ='RESUMEN TOTAL'!M189 -> 0 | H183: ='RESUMEN TOTAL'!N189 -> 0 | I183: ='RESUMEN TOTAL'!O189 -> 0 | J183: ='RESUMEN TOTAL'!P189 -> 0 | K183: ='RESUMEN TOTAL'!Q189 -> 0 | L183: ='RESUMEN TOTAL'!R189 -> 0 | M183: ='RESUMEN TOTAL'!S189 -> 0 | ... AI183: ='RESUMEN TOTAL'!AO189 -> 0
... A200: ='RESUMEN TOTAL'!A206 -> 0 | B200: ='RESUMEN TOTAL'!B206 -> MCUD 01 | C200: ='RESUMEN TOTAL'!D206 -> TINOGASTA Y SAN LORENZO | D200: ='RESUMEN TOTAL'!E206 -> Domo | E200: ='RESUMEN TOTAL'!F206 -> Fibra Optica | F200: ='RESUMEN TOTAL'!L206 -> APAGADO | G200: ='RESUMEN TOTAL'!M206 -> 0 | H200: ='RESUMEN TOTAL'!N206 -> 0 | I200: ='RESUMEN TOTAL'!O206 -> 0 | J200: ='RESUMEN TOTAL'!P206 -> 0 | K200: ='RESUMEN TOTAL'!Q206 -> 0 | L200: ='RESUMEN TOTAL'!R206 -> 0 | M200: ='RESUMEN TOTAL'!S206 -> 0 | ... AI200: ='RESUMEN TOTAL'!AO206 -> 0
A201: ='RESUMEN TOTAL'!A208 -> MARTIN FIERRO | B201: ='RESUMEN TOTAL'!B208 -> MFI 01 | C201: ='RESUMEN TOTAL'!D208 -> Belgrano y Sgto. Cabral | D201: ='RESUMEN TOTAL'!E208 -> Fija | E201: ='RESUMEN TOTAL'!F208 -> Fibra Optica | F201: ='RESUMEN TOTAL'!L208 -> 0 | G201: ='RESUMEN TOTAL'!M208 -> 0 | H201: ='RESUMEN TOTAL'!N208 -> 0 | I201: ='RESUMEN TOTAL'!O208 -> 0 | J201: ='RESUMEN TOTAL'!P208 -> 0 | K201: ='RESUMEN TOTAL'!Q208 -> 0 | L201: ='RESUMEN TOTAL'!R208 -> 0 | M201: ='RESUMEN TOTAL'!S208 -> 0 | ... AI201: ='RESUMEN TOTAL'!AO208 -> 0
A202: ='RESUMEN TOTAL'!A209 -> LOPEZ ROMERO | B202: ='RESUMEN TOTAL'!B209 -> MFI02 | C202: ='RESUMEN TOTAL'!D209 -> Calchaqui y Balcarce | D202: ='RESUMEN TOTAL'!E209 -> Fija | E202: ='RESUMEN TOTAL'!F209 -> Fibra Optica | F202: ='RESUMEN TOTAL'!L209 -> 0 | G202: ='RESUMEN TOTAL'!M209 -> 0 | H202: ='RESUMEN TOTAL'!N209 -> 0 | I202: ='RESUMEN TOTAL'!O209 -> 0 | J202: ='RESUMEN TOTAL'!P209 -> 0 | K202: ='RESUMEN TOTAL'!Q209 -> 0 | L202: ='RESUMEN TOTAL'!R209 -> 0 | M202: ='RESUMEN TOTAL'!S209 -> 0 | ... AI202: ='RESUMEN TOTAL'!AO209 -> 0
A203: ='RESUMEN TOTAL'!A210 -> SAN EMILIO | B203: ='RESUMEN TOTAL'!B210 -> MFI 03 | C203: ='RESUMEN TOTAL'!D210 -> Cno. Gral. Belgrano y Av. del Trabajo | D203: ='RESUMEN TOTAL'!E210 -> Domo | E203: ='RESUMEN TOTAL'!F210 -> Fibra Optica | F203: ='RESUMEN TOTAL'!L210 -> 0 | G203: ='RESUMEN TOTAL'!M210 -> 0 | H203: ='RESUMEN TOTAL'!N210 -> 0 | I203: ='RESUMEN TOTAL'!O210 -> 0 | J203: ='RESUMEN TOTAL'!P210 -> 0 | K203: ='RESUMEN TOTAL'!Q210 -> 0 | L203: ='RESUMEN TOTAL'!R210 -> 0 | M203: ='RESUMEN TOTAL'!S210 -> 0 | ... AI203: ='RESUMEN TOTAL'!AO210 -> 0
A204: ='RESUMEN TOTAL'!A211 -> MARTIN FIERRO | B204: ='RESUMEN TOTAL'!B211 -> MFI04 | C204: ='RESUMEN TOTAL'!D211 -> Calchaqui y balcarce | D204: ='RESUMEN TOTAL'!E211 -> Domo | E204: ='RESUMEN TOTAL'!F211 -> Fibra Optica | F204: ='RESUMEN TOTAL'!L211 -> 0 | G204: ='RESUMEN TOTAL'!M211 -> 0 | H204: ='RESUMEN TOTAL'!N211 -> 0 | I204: ='RESUMEN TOTAL'!O211 -> 0 | J204: ='RESUMEN TOTAL'!P211 -> 0 | K204: ='RESUMEN TOTAL'!Q211 -> 0 | L204: ='RESUMEN TOTAL'!R211 -> 0 | M204: ='RESUMEN TOTAL'!S211 -> 0 | ... AI204: ='RESUMEN TOTAL'!AO211 -> 0
A205: ='RESUMEN TOTAL'!A212 -> SAN EMILIO | B205: ='RESUMEN TOTAL'!B212 -> MFI 05 | C205: ='RESUMEN TOTAL'!D212 -> Cno. Gral. Belgrano y Guayaquil | D205: ='RESUMEN TOTAL'!E212 -> Domo | E205: ='RESUMEN TOTAL'!F212 -> Fibra Optica | F205: ='RESUMEN TOTAL'!L212 -> 0 | G205: ='RESUMEN TOTAL'!M212 -> 0 | H205: ='RESUMEN TOTAL'!N212 -> 0 | I205: ='RESUMEN TOTAL'!O212 -> 0 | J205: ='RESUMEN TOTAL'!P212 -> 0 | K205: ='RESUMEN TOTAL'!Q212 -> 0 | L205: ='RESUMEN TOTAL'!R212 -> 0 | M205: ='RESUMEN TOTAL'!S212 -> 0 | ... AI205: ='RESUMEN TOTAL'!AO212 -> 0
A206: ='RESUMEN TOTAL'!A213 -> SAN EMILIO | B206: ='RESUMEN TOTAL'!B213 -> MFI06 | C206: ='RESUMEN TOTAL'!D213 -> Con. Gral. Belgrano y Bombero Galarza | D206: ='RESUMEN TOTAL'!E213 -> DOMO | E206: ='RESUMEN TOTAL'!F213 -> Radio | F206: ='RESUMEN TOTAL'!L213 -> 0 | G206: ='RESUMEN TOTAL'!M213 -> 0 | H206: ='RESUMEN TOTAL'!N213 -> 0 | I206: ='RESUMEN TOTAL'!O213 -> 0 | J206: ='RESUMEN TOTAL'!P213 -> 0 | K206: ='RESUMEN TOTAL'!Q213 -> 0 | L206: ='RESUMEN TOTAL'!R213 -> 0 | M206: ='RESUMEN TOTAL'!S213 -> 0 | ... AI206: ='RESUMEN TOTAL'!AO213 -> 0
A207: ='RESUMEN TOTAL'!A214 -> MARTIN FIERRO | B207: ='RESUMEN TOTAL'!B214 -> MFI 07 | C207: ='RESUMEN TOTAL'!D214 -> Sargento Cabral y Carlos Gardel | D207: ='RESUMEN TOTAL'!E214 -> Domo | E207: ='RESUMEN TOTAL'!F214 -> PTO A FO | F207: ='RESUMEN TOTAL'!L214 -> 0 | G207: ='RESUMEN TOTAL'!M214 -> 0 | H207: ='RESUMEN TOTAL'!N214 -> 0 | I207: ='RESUMEN TOTAL'!O214 -> 0 | J207: ='RESUMEN TOTAL'!P214 -> 0 | K207: ='RESUMEN TOTAL'!Q214 -> 0 | L207: ='RESUMEN TOTAL'!R214 -> 0 | M207: ='RESUMEN TOTAL'!S214 -> 0 | ... AI207: ='RESUMEN TOTAL'!AO214 -> 0
A208: ='RESUMEN TOTAL'!A215 -> MARTIN FIERRO | B208: ='RESUMEN TOTAL'!B215 -> MFI 08 | C208: ='RESUMEN TOTAL'!D215 -> Braile y Batalla de Callao | D208: ='RESUMEN TOTAL'!E215 -> Domo | E208: ='RESUMEN TOTAL'!F215 -> PTO A FO | F208: ='RESUMEN TOTAL'!L215 -> 0 | G208: ='RESUMEN TOTAL'!M215 -> 0 | H208: ='RESUMEN TOTAL'!N215 -> 0 | I208: ='RESUMEN TOTAL'!O215 -> 0 | J208: ='RESUMEN TOTAL'!P215 -> 0 | K208: ='RESUMEN TOTAL'!Q215 -> 0 | L208: ='RESUMEN TOTAL'!R215 -> 0 | M208: ='RESUMEN TOTAL'!S215 -> 0 | ... AI208: ='RESUMEN TOTAL'!AO215 -> 0
A209: ='RESUMEN TOTAL'!A216 -> GOBERNADOR MONTEVERDE | B209: ='RESUMEN TOTAL'!B216 -> MON01 | C209: ='RESUMEN TOTAL'!D216 -> San Martin y Patricias Argentinas | D209: ='RESUMEN TOTAL'!E216 -> Fija | E209: ='RESUMEN TOTAL'!F216 -> Fibra Optica | F209: ='RESUMEN TOTAL'!L216 -> 0 | G209: ='RESUMEN TOTAL'!M216 -> 0 | H209: ='RESUMEN TOTAL'!N216 -> 0 | I209: ='RESUMEN TOTAL'!O216 -> 0 | J209: ='RESUMEN TOTAL'!P216 -> 0 | K209: ='RESUMEN TOTAL'!Q216 -> 0 | L209: ='RESUMEN TOTAL'!R216 -> 0 | M209: ='RESUMEN TOTAL'!S216 -> 0 | ... AI209: ='RESUMEN TOTAL'!AO216 -> 0
A210: ='RESUMEN TOTAL'!A217 -> GOBERNADOR MONTEVERDE | B210: ='RESUMEN TOTAL'!B217 -> MON02 | C210: ='RESUMEN TOTAL'!D217 -> Senzabello y Famatina | D210: ='RESUMEN TOTAL'!E217 -> Domo | E210: ='RESUMEN TOTAL'!F217 -> Radio | F210: ='RESUMEN TOTAL'!L217 -> 0 | G210: ='RESUMEN TOTAL'!M217 -> 0 | H210: ='RESUMEN TOTAL'!N217 -> 0 | I210: ='RESUMEN TOTAL'!O217 -> 0 | J210: ='RESUMEN TOTAL'!P217 -> 0 | K210: ='RESUMEN TOTAL'!Q217 -> 0 | L210: ='RESUMEN TOTAL'!R217 -> 0 | M210: ='RESUMEN TOTAL'!S217 -> 0 | ... AI210: ='RESUMEN TOTAL'!AO217 -> 0
A211: ='RESUMEN TOTAL'!A218 -> GOBERNADOR MONTEVERDE | B211: ='RESUMEN TOTAL'!B218 -> MON03 | C211: ='RESUMEN TOTAL'!D218 -> Senzabello y Guemes | D211: ='RESUMEN TOTAL'!E218 -> Domo | E211: ='RESUMEN TOTAL'!F218 -> Radio | F211: ='RESUMEN TOTAL'!L218 -> 0 | G211: ='RESUMEN TOTAL'!M218 -> 0 | H211: ='RESUMEN TOTAL'!N218 -> 0 | I211: ='RESUMEN TOTAL'!O218 -> 0 | J211: ='RESUMEN TOTAL'!P218 -> 0 | K211: ='RESUMEN TOTAL'!Q218 -> 0 | L211: ='RESUMEN TOTAL'!R218 -> 0 | M211: ='RESUMEN TOTAL'!S218 -> 0 | ... AI211: ='RESUMEN TOTAL'!AO218 -> 0
A212: ='RESUMEN TOTAL'!A219 -> GOBERNADOR MONTEVERDE | B212: ='RESUMEN TOTAL'!B219 -> MON04 | C212: ='RESUMEN TOTAL'!D219 -> Av. Yrigoyen y San Lorenzo | D212: ='RESUMEN TOTAL'!E219 -> Domo | E212: ='RESUMEN TOTAL'!F219 -> Radio | F212: ='RESUMEN TOTAL'!L219 -> 0 | G212: ='RESUMEN TOTAL'!M219 -> 0 | H212: ='RESUMEN TOTAL'!N219 -> 0 | I212: ='RESUMEN TOTAL'!O219 -> 0 | J212: ='RESUMEN TOTAL'!P219 -> 0 | K212: ='RESUMEN TOTAL'!Q219 -> 0 | L212: ='RESUMEN TOTAL'!R219 -> 0 | M212: ='RESUMEN TOTAL'!S219 -> 0 | ... AI212: ='RESUMEN TOTAL'!AO219 -> 0
... A267: ='RESUMEN TOTAL'!A274 -> RICARDO ROJAS | B267: ='RESUMEN TOTAL'!B274 -> RRJ 07 | C267: ='RESUMEN TOTAL'!D274 -> Constancio Vigil y Estanislao del Campo | D267: ='RESUMEN TOTAL'!E274 -> Domo | E267: ='RESUMEN TOTAL'!F274 -> Fibra Optica | F267: ='RESUMEN TOTAL'!L274 -> 0 | G267: ='RESUMEN TOTAL'!M274 -> 0 | H267: ='RESUMEN TOTAL'!N274 -> 0 | I267: ='RESUMEN TOTAL'!O274 -> 0 | J267: ='RESUMEN TOTAL'!P274 -> 0 | K267: ='RESUMEN TOTAL'!Q274 -> 0 | L267: ='RESUMEN TOTAL'!R274 -> 0 | M267: ='RESUMEN TOTAL'!S274 -> 0 | ... AI267: ='RESUMEN TOTAL'!AO274 -> 0
A268: ='RESUMEN TOTAL'!A275 -> RICARDO ROJAS | B268: ='RESUMEN TOTAL'!B275 -> RRJ 08 | C268: ='RESUMEN TOTAL'!D275 -> Constancio Vigil y Pablo Podesta | D268: ='RESUMEN TOTAL'!E275 -> Domo | E268: ='RESUMEN TOTAL'!F275 -> Fibra Optica | F268: ='RESUMEN TOTAL'!L275 -> 0 | G268: ='RESUMEN TOTAL'!M275 -> 0 | H268: ='RESUMEN TOTAL'!N275 -> 0 | I268: ='RESUMEN TOTAL'!O275 -> 0 | J268: ='RESUMEN TOTAL'!P275 -> 0 | K268: ='RESUMEN TOTAL'!Q275 -> 0 | L268: ='RESUMEN TOTAL'!R275 -> 0 | M268: ='RESUMEN TOTAL'!S275 -> 0 | ... U268: ='RESUMEN TOTAL'!AA275 -> 0 | V268: ='RESUMEN TOTAL'!AB276 -> 0 | W268: ='RESUMEN TOTAL'!AC275 -> 0 | X268: ='RESUMEN TOTAL'!AD275 -> 0 | Y268: ='RESUMEN TOTAL'!AE275 -> 0 | Z268: ='RESUMEN TOTAL'!AF275 -> 0 | AA268: ='RESUMEN TOTAL'!AG275 -> 0 | AB268: ='RESUMEN TOTAL'!AH275 -> 0 | AC268: ='RESUMEN TOTAL'!AI275 -> 0 | AD268: ='RESUMEN TOTAL'!AJ275 -> 0 | ... AI268: ='RESUMEN TOTAL'!AO275 -> 0
A269: ='RESUMEN TOTAL'!A276 -> RICARDO ROJAS | B269: ='RESUMEN TOTAL'!B276 -> RRJ 09 | C269: ='RESUMEN TOTAL'!D276 -> Constancio Vigil y Jose Ingeniero | D269: ='RESUMEN TOTAL'!E276 -> Domo | E269: ='RESUMEN TOTAL'!F276 -> Fibra Optica | F269: ='RESUMEN TOTAL'!L276 -> APAGADO | G269: ='RESUMEN TOTAL'!M276 -> 0 | H269: ='RESUMEN TOTAL'!N276 -> 0 | I269: ='RESUMEN TOTAL'!O276 -> 0 | J269: ='RESUMEN TOTAL'!P276 -> 0 | K269: ='RESUMEN TOTAL'!Q276 -> 0 | L269: ='RESUMEN TOTAL'!R276 -> 0 | M269: ='RESUMEN TOTAL'!S276 -> 0 | ... U269: ='RESUMEN TOTAL'!AA276 -> 0 | V269: ='RESUMEN TOTAL'!#REF! -> #REF! | W269: ='RESUMEN TOTAL'!AC276 -> 0 | X269: ='RESUMEN TOTAL'!AD276 -> 0 | Y269: ='RESUMEN TOTAL'!AE276 -> 0 | Z269: ='RESUMEN TOTAL'!AF276 -> 0 | AA269: ='RESUMEN TOTAL'!AG276 -> 0 | AB269: ='RESUMEN TOTAL'!AH276 -> 0 | AC269: ='RESUMEN TOTAL'!AI276 -> 0 | AD269: ='RESUMEN TOTAL'!AJ276 -> 0 | ... AI269: ='RESUMEN TOTAL'!AO276 -> 0
A270: ='RESUMEN TOTAL'!A277 -> RICARDO ROJAS | B270: ='RESUMEN TOTAL'!B277 -> RRJ 10 | C270: ='RESUMEN TOTAL'!D277 -> LUGONES Y OBLIGADO | D270: ='RESUMEN TOTAL'!E277 -> Domo | E270: ='RESUMEN TOTAL'!F277 -> Fibra Optica | F270: ='RESUMEN TOTAL'!L277 -> 0 | G270: ='RESUMEN TOTAL'!M277 -> 0 | H270: ='RESUMEN TOTAL'!N277 -> 0 | I270: ='RESUMEN TOTAL'!O277 -> 0 | J270: ='RESUMEN TOTAL'!P277 -> 0 | K270: ='RESUMEN TOTAL'!Q277 -> 0 | L270: ='RESUMEN TOTAL'!R277 -> 0 | M270: ='RESUMEN TOTAL'!S277 -> 0 | ... AI270: ='RESUMEN TOTAL'!AO277 -> 0
A271: ='RESUMEN TOTAL'!A278 -> RICARDO ROJAS | B271: ='RESUMEN TOTAL'!B278 -> RRJ 11 | C271: ='RESUMEN TOTAL'!D278 -> LUGONES Y OBLIGADO | D271: ='RESUMEN TOTAL'!E278 -> Domo | E271: ='RESUMEN TOTAL'!F278 -> Fibra Optica | F271: ='RESUMEN TOTAL'!L278 -> 0 | G271: ='RESUMEN TOTAL'!M278 -> 0 | H271: ='RESUMEN TOTAL'!N278 -> 0 | I271: ='RESUMEN TOTAL'!O278 -> 0 | J271: ='RESUMEN TOTAL'!P278 -> 0 | K271: ='RESUMEN TOTAL'!Q278 -> 0 | L271: ='RESUMEN TOTAL'!R278 -> 0 | M271: ='RESUMEN TOTAL'!S278 -> 0 | ... AI271: ='RESUMEN TOTAL'!AO278 -> 0
A272: ='RESUMEN TOTAL'!A279 -> RICARDO ROJAS | B272: ='RESUMEN TOTAL'!B279 -> RRJ 12 | C272: ='RESUMEN TOTAL'!D279 -> FADER Y DIAGONAL LOS POETAS | D272: ='RESUMEN TOTAL'!E279 -> DOMO | E272: ='RESUMEN TOTAL'!F279 -> Fibra Optica | F272: ='RESUMEN TOTAL'!L279 -> 0 | G272: ='RESUMEN TOTAL'!M279 -> 0 | H272: ='RESUMEN TOTAL'!N279 -> 0 | I272: ='RESUMEN TOTAL'!O279 -> 0 | J272: ='RESUMEN TOTAL'!P279 -> 0 | K272: ='RESUMEN TOTAL'!Q279 -> 0 | L272: ='RESUMEN TOTAL'!R279 -> 0 | M272: ='RESUMEN TOTAL'!S279 -> 0 | ... AI272: ='RESUMEN TOTAL'!AO279 -> 0
A273: ='RESUMEN TOTAL'!A280 -> RICARDO ROJAS | B273: ='RESUMEN TOTAL'!B280 -> RRJ 13 | C273: ='RESUMEN TOTAL'!D280 -> LUJAN Y DIAGONAL LOS POETAS | D273: ='RESUMEN TOTAL'!E280 -> Fija | E273: ='RESUMEN TOTAL'!F280 -> Fibra Optica | F273: ='RESUMEN TOTAL'!L280 -> 0 | G273: ='RESUMEN TOTAL'!M280 -> 0 | H273: ='RESUMEN TOTAL'!N280 -> 0 | I273: ='RESUMEN TOTAL'!O280 -> 0 | J273: ='RESUMEN TOTAL'!P280 -> 0 | K273: ='RESUMEN TOTAL'!Q280 -> 0 | L273: ='RESUMEN TOTAL'!R280 -> 0 | M273: ='RESUMEN TOTAL'!S280 -> 0 | ... AI273: ='RESUMEN TOTAL'!AO280 -> 0
A274: ='RESUMEN TOTAL'!A281 -> SANTA ANA | B274: ='RESUMEN TOTAL'!B281 -> SAN 02 | C274: ='RESUMEN TOTAL'!D281 -> HUDSON Y SUIPACHA | D274: ='RESUMEN TOTAL'!E281 -> Fija 2 | E274: ='RESUMEN TOTAL'!F281 -> Fibra Optica | F274: ='RESUMEN TOTAL'!L281 -> APAGADO | G274: ='RESUMEN TOTAL'!M281 -> 0 | H274: ='RESUMEN TOTAL'!N281 -> 0 | I274: ='RESUMEN TOTAL'!O281 -> 0 | J274: ='RESUMEN TOTAL'!P281 -> 0 | K274: ='RESUMEN TOTAL'!Q281 -> 0 | L274: ='RESUMEN TOTAL'!R281 -> 0 | M274: ='RESUMEN TOTAL'!S281 -> 0 | ... AI274: ='RESUMEN TOTAL'!AO281 -> 0
A275: ='RESUMEN TOTAL'!A282 -> SANTA ANA | B275: ='RESUMEN TOTAL'!B282 -> SAN01 | C275: ='RESUMEN TOTAL'!D282 -> HUDSON Y SUIPACHA | D275: ='RESUMEN TOTAL'!E282 -> Fija 1 | E275: ='RESUMEN TOTAL'!F282 -> Fibra Optica | F275: ='RESUMEN TOTAL'!L282 -> APAGADO | G275: ='RESUMEN TOTAL'!M282 -> 0 | H275: ='RESUMEN TOTAL'!N282 -> 0 | I275: ='RESUMEN TOTAL'!O282 -> 0 | J275: ='RESUMEN TOTAL'!P282 -> 0 | K275: ='RESUMEN TOTAL'!Q282 -> 0 | L275: ='RESUMEN TOTAL'!R282 -> 0 | M275: ='RESUMEN TOTAL'!S282 -> 0 | ... AI275: ='RESUMEN TOTAL'!AO282 -> 0
A276: ='RESUMEN TOTAL'!A283 -> PRESIDENTE SARMIENTO | B276: ='RESUMEN TOTAL'!B283 -> SAR01 | C276: ='RESUMEN TOTAL'!D283 -> Storni Y Sanchez de Loria | D276: ='RESUMEN TOTAL'!E283 -> Domo | E276: ='RESUMEN TOTAL'!F283 -> Fibra Optica | F276: ='RESUMEN TOTAL'!L283 -> 0 | G276: ='RESUMEN TOTAL'!M283 -> 0 | H276: ='RESUMEN TOTAL'!N283 -> 0 | I276: ='RESUMEN TOTAL'!O283 -> 0 | J276: ='RESUMEN TOTAL'!P283 -> 0 | K276: ='RESUMEN TOTAL'!Q283 -> 0 | L276: ='RESUMEN TOTAL'!R283 -> 0 | M276: ='RESUMEN TOTAL'!S283 -> 0 | ... AI276: ='RESUMEN TOTAL'!AO283 -> 0
A277: ='RESUMEN TOTAL'!A284 -> PRESIDENTE SARMIENTO | B277: ='RESUMEN TOTAL'!B284 -> SAR 02 (fija 1) | C277: ='RESUMEN TOTAL'!D284 -> DARDO ROCHA Y GABRIELA MISTRAL | D277: ='RESUMEN TOTAL'!E284 -> Fija | E277: ='RESUMEN TOTAL'!F284 -> Fibra Optica | F277: ='RESUMEN TOTAL'!L284 -> 0 | G277: ='RESUMEN TOTAL'!M284 -> 0 | H277: ='RESUMEN TOTAL'!N284 -> 0 | I277: ='RESUMEN TOTAL'!O284 -> 0 | J277: ='RESUMEN TOTAL'!P284 -> 0 | K277: ='RESUMEN TOTAL'!Q284 -> 0 | L277: ='RESUMEN TOTAL'!R284 -> 0 | M277: ='RESUMEN TOTAL'!S284 -> 0 | ... AI277: ='RESUMEN TOTAL'!AO284 -> 0
A278: ='RESUMEN TOTAL'!A285 -> PRESIDENTE SARMIENTO | B278: ='RESUMEN TOTAL'!B285 -> SAR 03 (fija 2) | C278: ='RESUMEN TOTAL'!D285 -> DARDO ROCHA Y GABRIELA MISTRAL | D278: ='RESUMEN TOTAL'!E285 -> Fija | E278: ='RESUMEN TOTAL'!F285 -> Fibra Optica | F278: ='RESUMEN TOTAL'!L285 -> 0 | G278: ='RESUMEN TOTAL'!M285 -> 0 | H278: ='RESUMEN TOTAL'!N285 -> 0 | I278: ='RESUMEN TOTAL'!O285 -> 0 | J278: ='RESUMEN TOTAL'!P285 -> 0 | K278: ='RESUMEN TOTAL'!Q285 -> 0 | L278: ='RESUMEN TOTAL'!R285 -> 0 | M278: ='RESUMEN TOTAL'!S285 -> 0 | ... AI278: ='RESUMEN TOTAL'!AO285 -> 0
A279: ='RESUMEN TOTAL'!A286 -> PRESIDENTE SARMIENTO | B279: ='RESUMEN TOTAL'!B286 -> SAR 04 | C279: ='RESUMEN TOTAL'!D286 -> MONTES DE OCA Y ALVARADO | D279: ='RESUMEN TOTAL'!E286 -> Domo | E279: ='RESUMEN TOTAL'!F286 -> Fibra Optica | F279: ='RESUMEN TOTAL'!L286 -> 0 | G279: ='RESUMEN TOTAL'!M286 -> 0 | H279: ='RESUMEN TOTAL'!N286 -> 0 | I279: ='RESUMEN TOTAL'!O286 -> 0 | J279: ='RESUMEN TOTAL'!P286 -> 0 | K279: ='RESUMEN TOTAL'!Q286 -> 0 | L279: ='RESUMEN TOTAL'!R286 -> 0 | M279: ='RESUMEN TOTAL'!S286 -> 0 | ... AI279: ='RESUMEN TOTAL'!AO286 -> 0
A280: ='RESUMEN TOTAL'!A287 -> PRESIDENTE SARMIENTO | B280: ='RESUMEN TOTAL'!B287 -> SAR 05 | C280: ='RESUMEN TOTAL'!D287 -> ALVARADO Y ROCHA | D280: ='RESUMEN TOTAL'!E287 -> Domo | E280: ='RESUMEN TOTAL'!F287 -> Fibra Optica | F280: ='RESUMEN TOTAL'!L287 -> 0 | G280: ='RESUMEN TOTAL'!M287 -> 0 | H280: ='RESUMEN TOTAL'!N287 -> 0 | I280: ='RESUMEN TOTAL'!O287 -> 0 | J280: ='RESUMEN TOTAL'!P287 -> 0 | K280: ='RESUMEN TOTAL'!Q287 -> 0 | L280: ='RESUMEN TOTAL'!R287 -> 0 | M280: ='RESUMEN TOTAL'!S287 -> 0 | ... AI280: ='RESUMEN TOTAL'!AO287 -> 0
A281: ='RESUMEN TOTAL'!A288 -> PRESIDENTE SARMIENTO | B281: ='RESUMEN TOTAL'!B288 -> SAR 06 | C281: ='RESUMEN TOTAL'!D288 -> Necochea y Lorenzini | D281: ='RESUMEN TOTAL'!E288 -> Fija | E281: ='RESUMEN TOTAL'!F288 -> Fibra Optica | F281: ='RESUMEN TOTAL'!L288 -> 0 | G281: ='RESUMEN TOTAL'!M288 -> 0 | H281: ='RESUMEN TOTAL'!N288 -> 0 | I281: ='RESUMEN TOTAL'!O288 -> 0 | J281: ='RESUMEN TOTAL'!P288 -> 0 | K281: ='RESUMEN TOTAL'!Q288 -> 0 | L281: ='RESUMEN TOTAL'!R288 -> 0 | M281: ='RESUMEN TOTAL'!S288 -> 0 | ... AI281: ='RESUMEN TOTAL'!AO288 -> 0
... A294: ='RESUMEN TOTAL'!A301 -> SAN EMILIO | B294: ='RESUMEN TOTAL'!B301 -> SEMI05 | C294: ='RESUMEN TOTAL'!D301 -> Av Del Trabajo y Carlos Gardel | D294: ='RESUMEN TOTAL'!E301 -> DOMO | E294: ='RESUMEN TOTAL'!F301 -> PTO A FO | F294: ='RESUMEN TOTAL'!L301 -> 0 | G294: ='RESUMEN TOTAL'!M301 -> 0 | H294: ='RESUMEN TOTAL'!N301 -> 0 | I294: ='RESUMEN TOTAL'!O301 -> 0 | J294: ='RESUMEN TOTAL'!P301 -> 0 | K294: ='RESUMEN TOTAL'!Q301 -> 0 | L294: ='RESUMEN TOTAL'!R301 -> 0 | M294: ='RESUMEN TOTAL'!S301 -> 0 | ... AI294: ='RESUMEN TOTAL'!AO301 -> 0
A295: ='RESUMEN TOTAL'!A303 -> LA SIRENA | B295: ='RESUMEN TOTAL'!B303 -> SIR01 | C295: ='RESUMEN TOTAL'!D303 -> Moran y Calle 14 | D295: ='RESUMEN TOTAL'!E303 -> DOMO | E295: ='RESUMEN TOTAL'!F303 -> Radio | F295: ='RESUMEN TOTAL'!L303 -> 0 | G295: ='RESUMEN TOTAL'!M303 -> 0 | H295: ='RESUMEN TOTAL'!N303 -> 0 | I295: ='RESUMEN TOTAL'!O303 -> 0 | J295: ='RESUMEN TOTAL'!P303 -> 0 | K295: ='RESUMEN TOTAL'!Q303 -> 0 | L295: ='RESUMEN TOTAL'!R303 -> 0 | M295: ='RESUMEN TOTAL'!S303 -> 0 | ... AI295: ='RESUMEN TOTAL'!AO303 -> 0
A296: ='RESUMEN TOTAL'!A304 -> SAN EDUARDO | B296: ='RESUMEN TOTAL'!B304 -> SIR 02 | C296: ='RESUMEN TOTAL'!D304 -> Victorino de la Plaza y Argentina | D296: ='RESUMEN TOTAL'!E304 -> Domo | E296: ='RESUMEN TOTAL'!F304 -> Radio | F296: ='RESUMEN TOTAL'!L304 -> 0 | G296: ='RESUMEN TOTAL'!M304 -> 0 | H296: ='RESUMEN TOTAL'!N304 -> 0 | I296: ='RESUMEN TOTAL'!O304 -> 0 | J296: ='RESUMEN TOTAL'!P304 -> 0 | K296: ='RESUMEN TOTAL'!Q304 -> 0 | L296: ='RESUMEN TOTAL'!R304 -> 0 | M296: ='RESUMEN TOTAL'!S304 -> 0 | ... AI296: ='RESUMEN TOTAL'!AO304 -> 0
A297: ='RESUMEN TOTAL'!A305 -> SAN EDUARDO | B297: ='RESUMEN TOTAL'!B305 -> SIR 03 | C297: ='RESUMEN TOTAL'!D305 -> MONTES Y LONARDI | D297: ='RESUMEN TOTAL'!E305 -> DOMO | E297: ='RESUMEN TOTAL'!F305 -> Radio | F297: ='RESUMEN TOTAL'!L305 -> 0 | G297: ='RESUMEN TOTAL'!M305 -> 0 | H297: ='RESUMEN TOTAL'!N305 -> 0 | I297: ='RESUMEN TOTAL'!O305 -> 0 | J297: ='RESUMEN TOTAL'!P305 -> 0 | K297: ='RESUMEN TOTAL'!Q305 -> 0 | L297: ='RESUMEN TOTAL'!R305 -> 0 | M297: ='RESUMEN TOTAL'!S305 -> 0 | ... AI297: ='RESUMEN TOTAL'!AO305 -> 0
...

Sheet APAGADOS ANTENA
C1: TOTAL PTO A FO
E2: APAGADOS | F2: =COUNTIFS(F5:F502, "=APAGADO",E5:E502,"=PTO A FO") -> 6 | G2: =COUNTIFS(G5:G502, "=APAGADO",E5:E502,"=PTO A FO") -> 0 | H2: =COUNTIFS(H5:H502, "=APAGADO",E5:E502,"=PTO A FO") -> 0 | I2: =COUNTIFS(I5:I602, "=APAGADO",E5:E602,"=PTO A FO") -> 0 | J2: =COUNTIFS(J5:J502, "=APAGADO",E5:E502,"=PTO A FO") -> 0 | K2: =COUNTIFS(K5:K502, "=APAGADO",E5:E502,"=PTO A FO") -> 0 | L2: =COUNTIFS(L5:L502, "=APAGADO",E5:E502,"=PTO A FO") -> 0 | M2: =COUNTIFS(M5:M502, "=APAGADO",E5:E502,"=PTO A FO") -> 0 | N2: =COUNTIFS(N5:N502, "=APAGADO",E5:E502,"=PTO A FO") -> 0 | O2: =COUNTIFS(O5:O502, "=APAGADO",E5:E502,"=PTO A FO") -> 0 | P2: =COUNTIFS(P5:P502, "=APAGADO",E5:E502,"=PTO A FO") -> 0 | Q2: =COUNTIFS(Q5:Q502, "=APAGADO",E5:E502,"=PTO A FO") -> 0 | R2: =COUNTIFS(R5:R502, "=APAGADO",E5:E502,"=PTO A FO") -> 0 | S2: =COUNTIFS(S5:S502, "=APAGADO",E5:E502,"=PTO A FO") -> 0 | T2: =COUNTIFS(T5:T502, "=APAGADO",E5:E502,"=PTO A FO") -> 0 | U2: =COUNTIFS(U5:U502, "=APAGADO",E5:E502,"=PTO A FO") -> 0 | V2: =COUNTIFS(V5:V502, "=APAGADO",E5:E502,"=PTO A FO") -> 0 | W2: =COUNTIFS(W5:W502, "=APAGADO",E5:E502,"=PTO A FO") -> 0 | X2: =COUNTIFS(X4:X502, "=APAGADO",E4:E502,"=PTO A FO") -> 0 | Y2: =COUNTIFS(Y5:Y502, "=APAGADO",E5:E502,"=PTO A FO") -> 0 | Z2: =COUNTIFS(Z5:Z502, "=APAGADO",E5:E502,"=PTO A FO") -> 0 | AA2: =COUNTIFS(AA5:AA502, "=APAGADO",E5:E502,"=PTO A FO") -> 0 | AB2: =COUNTIFS(AB5:AB502, "=APAGADO",E5:E502,"=PTO A FO") -> 0 | AC2: =COUNTIFS(AC4:AC602, "=APAGADO",E4:E602,"=PTO A FO") -> 0 | AD2: =COUNTIFS(AD5:AD502, "=APAGADO",E5:E502,"=PTO A FO") -> 0 | AE2: =COUNTIFS(AE5:AE502, "=APAGADO",E5:E502,"=PTO A FO") -> 0 | AF2: =COUNTIFS(AF5:AF502, "=APAGADO",E5:E502,"=PTO A FO") -> 0 | AG2: =COUNTIFS(AG5:AG502, "=APAGADO",E5:E502,"=PTO A FO") -> 0 | AH2: =COUNTIFS(AH5:AH502, "=APAGADO",E5:E502,"=PTO A FO") -> 0 | AI2: =COUNTIFS(AI5:AI502, "=APAGADO",F5:F502,"=PTO A FO") -> 0
A3: =ESTADISTICA!A1 -> Barrio | B3: =ESTADISTICA!B1 -> [Denominacion] | C3: =ESTADISTICA!C1 -> [Ubicacion] | D3: =ESTADISTICA!D1 -> [Tipo de Camara] | E3: =ESTADISTICA!E1 -> [Tipo de Conexion] | F3: =ESTADISTICA!F1 -> 45413 | G3: =ESTADISTICA!G1 -> 45414 | H3: =ESTADISTICA!H1 -> 45415 | ... AH3: =ESTADISTICA!AH1 -> 45441 | AI3: 45412
A4: ='RESUMEN TOTAL'!A6 -> ALTAMIRA | B4: ='RESUMEN TOTAL'!B6 -> ALT02 | C4: ='RESUMEN TOTAL'!D6 -> Calchaqui y Lope de Vega | D4: ='RESUMEN TOTAL'!E6 -> Domo | E4: ='RESUMEN TOTAL'!F6 -> PTO A FO | F4: ='RESUMEN TOTAL'!L6 -> 0 | G4: ='RESUMEN TOTAL'!M6 -> 0 | H4: ='RESUMEN TOTAL'!N6 -> 0 | I4: ='RESUMEN TOTAL'!O6 -> 0 | J4: ='RESUMEN TOTAL'!P6 -> 0 | K4: ='RESUMEN TOTAL'!Q6 -> 0 | L4: ='RESUMEN TOTAL'!R6 -> 0 | M4: ='RESUMEN TOTAL'!S6 -> 0 | ... AI4: ='RESUMEN TOTAL'!AO6 -> 0
A5: ='RESUMEN TOTAL'!A7 -> ALTAMIRA | B5: ='RESUMEN TOTAL'!B7 -> ALT 03 | C5: ='RESUMEN TOTAL'!D7 -> Bombero Galarza y Necochea | D5: ='RESUMEN TOTAL'!E7 -> Domo | E5: ='RESUMEN TOTAL'!F7 -> Fibra Optica | F5: ='RESUMEN TOTAL'!L7 -> 0 | G5: ='RESUMEN TOTAL'!M7 -> 0 | H5: ='RESUMEN TOTAL'!N7 -> 0 | I5: ='RESUMEN TOTAL'!O7 -> 0 | J5: ='RESUMEN TOTAL'!P7 -> 0 | K5: ='RESUMEN TOTAL'!Q7 -> 0 | L5: ='RESUMEN TOTAL'!R7 -> 0 | M5: ='RESUMEN TOTAL'!S7 -> 0 | ... AI5: ='RESUMEN TOTAL'!AO7 -> 0
A6: ='RESUMEN TOTAL'!A8 -> ALTAMIRA | B6: ='RESUMEN TOTAL'!B8 -> ALT 04 | C6: ='RESUMEN TOTAL'!D8 -> Francia y Necochea | D6: ='RESUMEN TOTAL'!E8 -> Domo | E6: ='RESUMEN TOTAL'!F8 -> Fibra Optica | F6: ='RESUMEN TOTAL'!L8 -> 0 | G6: ='RESUMEN TOTAL'!M8 -> 0 | H6: ='RESUMEN TOTAL'!N8 -> 0 | I6: ='RESUMEN TOTAL'!O8 -> 0 | J6: ='RESUMEN TOTAL'!P8 -> 0 | K6: ='RESUMEN TOTAL'!Q8 -> 0 | L6: ='RESUMEN TOTAL'!R8 -> 0 | M6: ='RESUMEN TOTAL'!S8 -> 0 | ... AI6: ='RESUMEN TOTAL'!AO8 -> 0
A7: ='RESUMEN TOTAL'!A9 -> ALTAMIRA | B7: ='RESUMEN TOTAL'!B9 -> ALT05 | C7: ='RESUMEN TOTAL'!D9 -> Av. Calchaqui y Bombero Galarza | D7: ='RESUMEN TOTAL'!E9 -> Domo | E7: ='RESUMEN TOTAL'!F9 -> PTO A FO | F7: ='RESUMEN TOTAL'!L9 -> 0 | G7: ='RESUMEN TOTAL'!M9 -> 0 | H7: ='RESUMEN TOTAL'!N9 -> 0 | I7: ='RESUMEN TOTAL'!O9 -> 0 | J7: ='RESUMEN TOTAL'!P9 -> 0 | K7: ='RESUMEN TOTAL'!Q9 -> 0 | L7: ='RESUMEN TOTAL'!R9 -> 0 | M7: ='RESUMEN TOTAL'!S9 -> 0 | ... AI7: ='RESUMEN TOTAL'!AO9 -> 0
A8: ='RESUMEN TOTAL'!A10 -> ALTAMIRA | B8: ='RESUMEN TOTAL'!B10 -> ALT 06 | C8: ='RESUMEN TOTAL'!D10 -> LOPE DE VEGA Y NECOCHEA | D8: ='RESUMEN TOTAL'!E10 -> Domo | E8: ='RESUMEN TOTAL'!F10 -> PTO A FO | F8: ='RESUMEN TOTAL'!L10 -> 0 | G8: ='RESUMEN TOTAL'!M10 -> 0 | H8: ='RESUMEN TOTAL'!N10 -> 0 | I8: ='RESUMEN TOTAL'!O10 -> 0 | J8: ='RESUMEN TOTAL'!P10 -> 0 | K8: ='RESUMEN TOTAL'!Q10 -> 0 | L8: ='RESUMEN TOTAL'!R10 -> 0 | M8: ='RESUMEN TOTAL'!S10 -> 0 | ... AI8: ='RESUMEN TOTAL'!AO10 -> 0
A9: ='RESUMEN TOTAL'!A11 -> ALTAMIRA | B9: ='RESUMEN TOTAL'!B11 -> ALT07 | C9: ='RESUMEN TOTAL'!D11 -> AV. CALCHAQUI Y AV. DEL TRABAJO | D9: ='RESUMEN TOTAL'!E11 -> DOMO | E9: ='RESUMEN TOTAL'!F11 -> PTO A FO | F9: ='RESUMEN TOTAL'!L11 -> 0 | G9: ='RESUMEN TOTAL'!M11 -> 0 | H9: ='RESUMEN TOTAL'!N11 -> 0 | I9: ='RESUMEN TOTAL'!O11 -> 0 | J9: ='RESUMEN TOTAL'!P11 -> 0 | K9: ='RESUMEN TOTAL'!Q11 -> 0 | L9: ='RESUMEN TOTAL'!R11 -> 0 | M9: ='RESUMEN TOTAL'!S11 -> 0 | ... AI9: ='RESUMEN TOTAL'!AO11 -> 0
A10: ='RESUMEN TOTAL'!A12 -> ALTAMIRA | B10: ='RESUMEN TOTAL'!B12 -> ALT 08 | C10: ='RESUMEN TOTAL'!D12 -> HUMAITA Y NECOCHEA | D10: ='RESUMEN TOTAL'!E12 -> DOMO | E10: ='RESUMEN TOTAL'!F12 -> Fibra Optica | F10: ='RESUMEN TOTAL'!L12 -> 0 | G10: ='RESUMEN TOTAL'!M12 -> 0 | H10: ='RESUMEN TOTAL'!N12 -> 0 | I10: ='RESUMEN TOTAL'!O12 -> 0 | J10: ='RESUMEN TOTAL'!P12 -> 0 | K10: ='RESUMEN TOTAL'!Q12 -> 0 | L10: ='RESUMEN TOTAL'!R12 -> 0 | M10: ='RESUMEN TOTAL'!S12 -> 0 | ... AI10: ='RESUMEN TOTAL'!AO12 -> 0
A11: ='RESUMEN TOTAL'!A13 -> ALTAMIRA | B11: ='RESUMEN TOTAL'!B13 -> ALT 09 | C11: ='RESUMEN TOTAL'!D13 -> NECOCHEA Y CURUPAITY | D11: ='RESUMEN TOTAL'!E13 -> DOMO | E11: ='RESUMEN TOTAL'!F13 -> Fibra Optica | F11: ='RESUMEN TOTAL'!L13 -> APAGADO | G11: ='RESUMEN TOTAL'!M13 -> 0 | H11: ='RESUMEN TOTAL'!N13 -> 0 | I11: ='RESUMEN TOTAL'!O13 -> 0 | J11: ='RESUMEN TOTAL'!P13 -> 0 | K11: ='RESUMEN TOTAL'!Q13 -> 0 | L11: ='RESUMEN TOTAL'!R13 -> 0 | M11: ='RESUMEN TOTAL'!S13 -> 0 | ... AI11: ='RESUMEN TOTAL'!AO13 -> 0
A12: ='RESUMEN TOTAL'!A14 -> ALTAMIRA | B12: ='RESUMEN TOTAL'!B14 -> ALT 10 | C12: ='RESUMEN TOTAL'!D14 -> Calchaqui y Francia | D12: ='RESUMEN TOTAL'!E14 -> Domo | E12: ='RESUMEN TOTAL'!F14 -> Radio | F12: ='RESUMEN TOTAL'!L14 -> 0 | G12: ='RESUMEN TOTAL'!M14 -> 0 | H12: ='RESUMEN TOTAL'!N14 -> 0 | I12: ='RESUMEN TOTAL'!O14 -> 0 | J12: ='RESUMEN TOTAL'!P14 -> 0 | K12: ='RESUMEN TOTAL'!Q14 -> 0 | L12: ='RESUMEN TOTAL'!R14 -> 0 | M12: ='RESUMEN TOTAL'!S14 -> 0 | ... AI12: ='RESUMEN TOTAL'!AO14 -> 0
A13: ='RESUMEN TOTAL'!A15 -> AGUSTIN RAMIREZ | B13: ='RESUMEN TOTAL'!B15 -> ARA 01 | C13: ='RESUMEN TOTAL'!D15 -> Malambo y Tranquera | D13: ='RESUMEN TOTAL'!E15 -> Domo | E13: ='RESUMEN TOTAL'!F15 -> Fibra Optica | F13: ='RESUMEN TOTAL'!L15 -> 0 | G13: ='RESUMEN TOTAL'!M15 -> 0 | H13: ='RESUMEN TOTAL'!N15 -> 0 | I13: ='RESUMEN TOTAL'!O15 -> 0 | J13: ='RESUMEN TOTAL'!P15 -> 0 | K13: ='RESUMEN TOTAL'!Q15 -> 0 | L13: ='RESUMEN TOTAL'!R15 -> 0 | M13: ='RESUMEN TOTAL'!S15 -> 0 | ... AI13: ='RESUMEN TOTAL'!AO15 -> 0
A14: ='RESUMEN TOTAL'!A16 -> BELGRANO | B14: ='RESUMEN TOTAL'!B16 -> BEL 01 | C14: ='RESUMEN TOTAL'!D16 -> San Martin y Dardo Rocha | D14: ='RESUMEN TOTAL'!E16 -> DOMO | E14: ='RESUMEN TOTAL'!F16 -> Fibra Optica | F14: ='RESUMEN TOTAL'!L16 -> APAGADO | G14: ='RESUMEN TOTAL'!M16 -> 0 | H14: ='RESUMEN TOTAL'!N16 -> 0 | I14: ='RESUMEN TOTAL'!O16 -> 0 | J14: ='RESUMEN TOTAL'!P16 -> 0 | K14: ='RESUMEN TOTAL'!Q16 -> 0 | L14: ='RESUMEN TOTAL'!R16 -> 0 | M14: ='RESUMEN TOTAL'!S16 -> 0 | ... AI14: ='RESUMEN TOTAL'!AO16 -> 0
A15: ='RESUMEN TOTAL'!A17 -> BELGRANO | B15: ='RESUMEN TOTAL'!B17 -> BEL 02 | C15: ='RESUMEN TOTAL'!D17 -> Guardia vieja y Fronteriz | D15: ='RESUMEN TOTAL'!E17 -> DOMO | E15: ='RESUMEN TOTAL'!F17 -> Fibra Optica | F15: ='RESUMEN TOTAL'!L17 -> APAGADO | G15: ='RESUMEN TOTAL'!M17 -> 0 | H15: ='RESUMEN TOTAL'!N17 -> 0 | I15: ='RESUMEN TOTAL'!O17 -> 0 | J15: ='RESUMEN TOTAL'!P17 -> 0 | K15: ='RESUMEN TOTAL'!Q17 -> 0 | L15: ='RESUMEN TOTAL'!R17 -> 0 | M15: ='RESUMEN TOTAL'!S17 -> 0 | ... AI15: ='RESUMEN TOTAL'!AO17 -> 0
... A68: ='RESUMEN TOTAL'!A70 -> CENTRO | B68: ='RESUMEN TOTAL'!B70 -> CEN47 | C68: ='RESUMEN TOTAL'!D70 -> Sallares y Brown | D68: ='RESUMEN TOTAL'!E70 -> Domo | E68: ='RESUMEN TOTAL'!F70 -> Fibra Optica | F68: ='RESUMEN TOTAL'!L70 -> 0 | G68: ='RESUMEN TOTAL'!M70 -> 0 | H68: ='RESUMEN TOTAL'!N70 -> 0 | I68: ='RESUMEN TOTAL'!O70 -> 0 | J68: ='RESUMEN TOTAL'!P70 -> 0 | K68: ='RESUMEN TOTAL'!Q70 -> 0 | L68: ='RESUMEN TOTAL'!R70 -> 0 | M68: ='RESUMEN TOTAL'!S70 -> 0 | ... AI68: ='RESUMEN TOTAL'!AO70 -> 0
A69: ='RESUMEN TOTAL'!A71 -> CENTRO | B69: ='RESUMEN TOTAL'!B71 -> CEN48 | C69: ='RESUMEN TOTAL'!D71 -> Velez Sarsfield y Las Heras | D69: ='RESUMEN TOTAL'!E71 -> Domo | E69: ='RESUMEN TOTAL'!F71 -> Radio | F69: ='RESUMEN TOTAL'!L71 -> 0 | G69: ='RESUMEN TOTAL'!M71 -> 0 | H69: ='RESUMEN TOTAL'!N71 -> 0 | I69: ='RESUMEN TOTAL'!O71 -> 0 | J69: ='RESUMEN TOTAL'!P71 -> 0 | K69: ='RESUMEN TOTAL'!Q71 -> 0 | L69: ='RESUMEN TOTAL'!R71 -> 0 | M69: ='RESUMEN TOTAL'!S71 -> 0 | ... Z69: ='RESUMEN TOTAL'!AF71 -> 0 | AA69: ='RESUMEN TOTAL'!AG548 -> 0 | AB69: ='RESUMEN TOTAL'!AH71 -> 0 | AC69: ='RESUMEN TOTAL'!AI71 -> 0 | AD69: ='RESUMEN TOTAL'!AJ71 -> 0 | AE69: ='RESUMEN TOTAL'!AK71 -> 0 | AF69: ='RESUMEN TOTAL'!AL71 -> 0 | AG69: ='RESUMEN TOTAL'!AM71 -> 0 | AH69: ='RESUMEN TOTAL'!AN71 -> 0 | AI69: ='RESUMEN TOTAL'!AO71 -> 0
A70: ='RESUMEN TOTAL'!A72 -> CENTRO | B70: ='RESUMEN TOTAL'!B72 -> CEN49 | C70: ='RESUMEN TOTAL'!D72 -> Av. San Martin y Florencio Sanchez | D70: ='RESUMEN TOTAL'!E72 -> Domo | E70: ='RESUMEN TOTAL'!F72 -> Radio | F70: ='RESUMEN TOTAL'!L72 -> 0 | G70: ='RESUMEN TOTAL'!M72 -> 0 | H70: ='RESUMEN TOTAL'!N72 -> 0 | I70: ='RESUMEN TOTAL'!O72 -> 0 | J70: ='RESUMEN TOTAL'!P72 -> 0 | K70: ='RESUMEN TOTAL'!Q72 -> 0 | L70: ='RESUMEN TOTAL'!R72 -> 0 | M70: ='RESUMEN TOTAL'!S72 -> 0 | ... AI70: ='RESUMEN TOTAL'!AO72 -> 0
A71: ='RESUMEN TOTAL'!A73 -> CENTRO | B71: ='RESUMEN TOTAL'!B73 -> CEN 50 | C71: ='RESUMEN TOTAL'!D73 -> Av. San Martin y Newbery | D71: ='RESUMEN TOTAL'!E73 -> Domo | E71: ='RESUMEN TOTAL'!F73 -> Radio | F71: ='RESUMEN TOTAL'!L73 -> 0 | G71: ='RESUMEN TOTAL'!M73 -> 0 | H71: ='RESUMEN TOTAL'!N73 -> 0 | I71: ='RESUMEN TOTAL'!O73 -> 0 | J71: ='RESUMEN TOTAL'!P73 -> 0 | K71: ='RESUMEN TOTAL'!Q73 -> 0 | L71: ='RESUMEN TOTAL'!R73 -> 0 | M71: ='RESUMEN TOTAL'!S73 -> 0 | ... AI71: ='RESUMEN TOTAL'!AO73 -> 0
A72: ='RESUMEN TOTAL'!A74 -> CENTRO | B72: ='RESUMEN TOTAL'!B74 -> CEN 51 | C72: ='RESUMEN TOTAL'!D74 -> ILLIA Y LAS HERAS | D72: ='RESUMEN TOTAL'!E74 -> FIJA | E72: ='RESUMEN TOTAL'!F74 -> Fibra Optica | F72: ='RESUMEN TOTAL'!L74 -> 0 | G72: ='RESUMEN TOTAL'!M74 -> 0 | H72: ='RESUMEN TOTAL'!N74 -> 0 | I72: ='RESUMEN TOTAL'!O74 -> 0 | J72: ='RESUMEN TOTAL'!P74 -> 0 | K72: ='RESUMEN TOTAL'!Q74 -> 0 | L72: ='RESUMEN TOTAL'!R74 -> 0 | M72: ='RESUMEN TOTAL'!S74 -> 0 | ... AI72: ='RESUMEN TOTAL'!AO74 -> 0
A73: ='RESUMEN TOTAL'!A75 -> CENTRO | B73: ='RESUMEN TOTAL'!B75 -> CEN52 | C73: ='RESUMEN TOTAL'!D75 -> San Martin y Almafuerte (ex San Martin y Dorrego) | D73: ='RESUMEN TOTAL'!E75 -> DOMO | E73: ='RESUMEN TOTAL'!F75 -> Radio | F73: ='RESUMEN TOTAL'!L75 -> 0 | G73: ='RESUMEN TOTAL'!M75 -> 0 | H73: ='RESUMEN TOTAL'!N75 -> 0 | I73: ='RESUMEN TOTAL'!O75 -> 0 | J73: ='RESUMEN TOTAL'!P75 -> 0 | K73: ='RESUMEN TOTAL'!Q75 -> 0 | L73: ='RESUMEN TOTAL'!R75 -> 0 | M73: ='RESUMEN TOTAL'!S75 -> 0 | ... AI73: ='RESUMEN TOTAL'!AO75 -> 0
A74: ='RESUMEN TOTAL'!A76 -> CENTRO | B74: ='RESUMEN TOTAL'!B76 -> CEN 53 | C74: ='RESUMEN TOTAL'!D76 -> GUTIERREZ Y BROWN | D74: ='RESUMEN TOTAL'!E76 -> Domo | E74: ='RESUMEN TOTAL'!F76 -> Radio | F74: ='RESUMEN TOTAL'!L76 -> 0 | G74: ='RESUMEN TOTAL'!M76 -> 0 | H74: ='RESUMEN TOTAL'!N76 -> 0 | I74: ='RESUMEN TOTAL'!O76 -> 0 | J74: ='RESUMEN TOTAL'!P76 -> 0 | K74: ='RESUMEN TOTAL'!Q76 -> 0 | L74: ='RESUMEN TOTAL'!R76 -> 0 | M74: ='RESUMEN TOTAL'!S76 -> 0 | ... AI74: ='RESUMEN TOTAL'!AO76 -> 0
A75: ='RESUMEN TOTAL'!A77 -> CENTRO | B75: ='RESUMEN TOTAL'!B77 -> CEN 54 | C75: ='RESUMEN TOTAL'!D77 -> GUTIERREZ Y PRINGLES | D75: ='RESUMEN TOTAL'!E77 -> Domo | E75: ='RESUMEN TOTAL'!F77 -> Radio | F75: ='RESUMEN TOTAL'!L77 -> 0 | G75: ='RESUMEN TOTAL'!M77 -> 0 | H75: ='RESUMEN TOTAL'!N77 -> 0 | I75: ='RESUMEN TOTAL'!O77 -> 0 | J75: ='RESUMEN TOTAL'!P77 -> 0 | K75: ='RESUMEN TOTAL'!Q77 -> 0 | L75: ='RESUMEN TOTAL'!R77 -> 0 | M75: ='RESUMEN TOTAL'!S77 -> 0 | ... AI75: ='RESUMEN TOTAL'!AO77 -> 0
A76: ='RESUMEN TOTAL'!A78 -> CENTRO | B76: ='RESUMEN TOTAL'!B78 -> CEN 55 | C76: ='RESUMEN TOTAL'!D78 -> BOUREL Y URQUIZA | D76: ='RESUMEN TOTAL'!E78 -> Domo | E76: ='RESUMEN TOTAL'!F78 -> Radio | F76: ='RESUMEN TOTAL'!L78 -> 0 | G76: ='RESUMEN TOTAL'!M78 -> 0 | H76: ='RESUMEN TOTAL'!N78 -> 0 | I76: ='RESUMEN TOTAL'!O78 -> 0 | J76: ='RESUMEN TOTAL'!P78 -> 0 | K76: ='RESUMEN TOTAL'!Q78 -> 0 | L76: ='RESUMEN TOTAL'!R78 -> 0 | M76: ='RESUMEN TOTAL'!S78 -> 0 | ... AI76: ='RESUMEN TOTAL'!AO78 -> 0
A77: ='RESUMEN TOTAL'!A79 -> CENTRO | B77: ='RESUMEN TOTAL'!B79 -> CEN 56 | C77: ='RESUMEN TOTAL'!D79 -> Newbery y Falucho | D77: ='RESUMEN TOTAL'!E79 -> DOMO | E77: ='RESUMEN TOTAL'!F79 -> Radio | F77: ='RESUMEN TOTAL'!L79 -> 0 | G77: ='RESUMEN TOTAL'!M79 -> 0 | H77: ='RESUMEN TOTAL'!N79 -> 0 | I77: ='RESUMEN TOTAL'!O79 -> 0 | J77: ='RESUMEN TOTAL'!P79 -> 0 | K77: ='RESUMEN TOTAL'!Q79 -> 0 | L77: ='RESUMEN TOTAL'!R79 -> 0 | M77: ='RESUMEN TOTAL'!S79 -> 0 | ... AI77: ='RESUMEN TOTAL'!AO79 -> 0
A78: ='RESUMEN TOTAL'!A80 -> CENTRO | B78: ='RESUMEN TOTAL'!B80 -> CEN 57 | C78: ='RESUMEN TOTAL'!D80 -> 25 DE MAYO Y DORREGO | D78: ='RESUMEN TOTAL'!E80 -> DOMO | E78: ='RESUMEN TOTAL'!F80 -> Radio | F78: ='RESUMEN TOTAL'!L80 -> 0 | G78: ='RESUMEN TOTAL'!M80 -> 0 | H78: ='RESUMEN TOTAL'!N80 -> 0 | I78: ='RESUMEN TOTAL'!O80 -> 0 | J78: ='RESUMEN TOTAL'!P80 -> 0 | K78: ='RESUMEN TOTAL'!Q80 -> 0 | L78: ='RESUMEN TOTAL'!R80 -> 0 | M78: ='RESUMEN TOTAL'!S80 -> 0 | ... AI78: ='RESUMEN TOTAL'!AO80 -> 0
A79: ='RESUMEN TOTAL'!A81 -> CENTRO | B79: ='RESUMEN TOTAL'!B81 -> CEN 58 | C79: ='RESUMEN TOTAL'!D81 -> EEUU Y MORENO | D79: ='RESUMEN TOTAL'!E81 -> DOMO | E79: ='RESUMEN TOTAL'!F81 -> Fibra Optica | F79: ='RESUMEN TOTAL'!L81 -> 0 | G79: ='RESUMEN TOTAL'!M81 -> 0 | H79: ='RESUMEN TOTAL'!N81 -> 0 | I79: ='RESUMEN TOTAL'!O81 -> 0 | J79: ='RESUMEN TOTAL'!P81 -> 0 | K79: ='RESUMEN TOTAL'!Q81 -> 0 | L79: ='RESUMEN TOTAL'!R81 -> 0 | M79: ='RESUMEN TOTAL'!S81 -> 0 | ... AI79: ='RESUMEN TOTAL'!AO81 -> 0
A80: ='RESUMEN TOTAL'!A82 -> CENTRO | B80: ='RESUMEN TOTAL'!B82 -> CEN59 | C80: ='RESUMEN TOTAL'!D82 -> CHACABUCO Y BOUREL | D80: ='RESUMEN TOTAL'!E82 -> DOMO | E80: ='RESUMEN TOTAL'!F82 -> Radio | F80: ='RESUMEN TOTAL'!L82 -> 0 | G80: ='RESUMEN TOTAL'!M82 -> 0 | H80: ='RESUMEN TOTAL'!N82 -> 0 | I80: ='RESUMEN TOTAL'!O82 -> 0 | J80: ='RESUMEN TOTAL'!P82 -> 0 | K80: ='RESUMEN TOTAL'!Q82 -> 0 | L80: ='RESUMEN TOTAL'!R82 -> 0 | M80: ='RESUMEN TOTAL'!S82 -> 0 | ... AI80: ='RESUMEN TOTAL'!AO82 -> 0
A81: ='RESUMEN TOTAL'!A83 -> CENTRO | B81: ='RESUMEN TOTAL'!B83 -> CEN 60 | C81: ='RESUMEN TOTAL'!D83 -> RECONQUISTA Y ILLIA | D81: ='RESUMEN TOTAL'!E83 -> DOMO | E81: ='RESUMEN TOTAL'!F83 -> PTO A FO | F81: ='RESUMEN TOTAL'!L83 -> 0 | G81: ='RESUMEN TOTAL'!M83 -> 0 | H81: ='RESUMEN TOTAL'!N83 -> 0 | I81: ='RESUMEN TOTAL'!O83 -> 0 | J81: ='RESUMEN TOTAL'!P83 -> 0 | K81: ='RESUMEN TOTAL'!Q83 -> 0 | L81: ='RESUMEN TOTAL'!R83 -> 0 | M81: ='RESUMEN TOTAL'!S83 -> 0 | ... AI81: ='RESUMEN TOTAL'!AO83 -> 0
... A107: ='RESUMEN TOTAL'!A109 -> CENTRO | B107: ='RESUMEN TOTAL'!B109 -> CEN 86 | C107: ='RESUMEN TOTAL'!D109 -> Monteagudo y Bocuzzi | D107: ='RESUMEN TOTAL'!E109 -> Fija | E107: ='RESUMEN TOTAL'!F109 -> Fibra Optica | F107: ='RESUMEN TOTAL'!L109 -> 0 | G107: ='RESUMEN TOTAL'!M109 -> 0 | H107: ='RESUMEN TOTAL'!N109 -> 0 | I107: ='RESUMEN TOTAL'!O109 -> 0 | J107: ='RESUMEN TOTAL'!P109 -> 0 | K107: ='RESUMEN TOTAL'!Q109 -> 0 | L107: ='RESUMEN TOTAL'!R109 -> 0 | M107: ='RESUMEN TOTAL'!S109 -> 0 | ... AI107: ='RESUMEN TOTAL'!AO109 -> 0
A108: ='RESUMEN TOTAL'!A111 -> SAN NICOLAS | B108: ='RESUMEN TOTAL'!B111 -> CHA01 | C108: ='RESUMEN TOTAL'!D111 -> Novak y Pte Illia | D108: ='RESUMEN TOTAL'!E111 -> Domo | E108: ='RESUMEN TOTAL'!F111 -> Radio | F108: ='RESUMEN TOTAL'!L111 -> 0 | G108: ='RESUMEN TOTAL'!M111 -> 0 | H108: ='RESUMEN TOTAL'!N111 -> 0 | I108: ='RESUMEN TOTAL'!O111 -> 0 | J108: ='RESUMEN TOTAL'!P111 -> 0 | K108: ='RESUMEN TOTAL'!Q111 -> 0 | L108: ='RESUMEN TOTAL'!R111 -> 0 | M108: ='RESUMEN TOTAL'!S111 -> 0 | ... AI108: ='RESUMEN TOTAL'!AO111 -> 0
A109: ='RESUMEN TOTAL'!A112 -> CHACABUCO | B109: ='RESUMEN TOTAL'!B112 -> CHA02 | C109: ='RESUMEN TOTAL'!D112 -> Pte. Illia y Posadas | D109: ='RESUMEN TOTAL'!E112 -> Domo | E109: ='RESUMEN TOTAL'!F112 -> Radio | F109: ='RESUMEN TOTAL'!L112 -> APAGADO | G109: ='RESUMEN TOTAL'!M112 -> 0 | H109: ='RESUMEN TOTAL'!N112 -> 0 | I109: ='RESUMEN TOTAL'!O112 -> 0 | J109: ='RESUMEN TOTAL'!P112 -> 0 | K109: ='RESUMEN TOTAL'!Q112 -> 0 | L109: ='RESUMEN TOTAL'!R112 -> 0 | M109: ='RESUMEN TOTAL'!S112 -> 0 | ... AI109: ='RESUMEN TOTAL'!AO112 -> 0
A110: ='RESUMEN TOTAL'!A113 -> CHACABUCO | B110: ='RESUMEN TOTAL'!B113 -> CHA03 | C110: ='RESUMEN TOTAL'!D113 -> MAIPU Y ALVAREZ THOMAS | D110: ='RESUMEN TOTAL'!E113 -> DOMO | E110: ='RESUMEN TOTAL'!F113 -> Fibra Optica | F110: ='RESUMEN TOTAL'!L113 -> 0 | G110: ='RESUMEN TOTAL'!M113 -> 0 | H110: ='RESUMEN TOTAL'!N113 -> 0 | I110: ='RESUMEN TOTAL'!O113 -> 0 | J110: ='RESUMEN TOTAL'!P113 -> 0 | K110: ='RESUMEN TOTAL'!Q113 -> 0 | L110: ='RESUMEN TOTAL'!R113 -> 0 | M110: ='RESUMEN TOTAL'!S113 -> 0 | ... AI110: ='RESUMEN TOTAL'!AO113 -> 0
A111: ='RESUMEN TOTAL'!A114 -> CHACABUCO | B111: ='RESUMEN TOTAL'!B114 -> CHA04 | C111: ='RESUMEN TOTAL'!D114 -> ESTADOS UNIDOS DE A. E ILLIA | D111: ='RESUMEN TOTAL'!E114 -> DOMO | E111: ='RESUMEN TOTAL'!F114 -> Fibra Optica | F111: ='RESUMEN TOTAL'!L114 -> APAGADO | G111: ='RESUMEN TOTAL'!M114 -> 0 | H111: ='RESUMEN TOTAL'!N114 -> 0 | I111: ='RESUMEN TOTAL'!O114 -> 0 | J111: ='RESUMEN TOTAL'!P114 -> 0 | K111: ='RESUMEN TOTAL'!Q114 -> 0 | L111: ='RESUMEN TOTAL'!R114 -> 0 | M111: ='RESUMEN TOTAL'!S114 -> 0 | ... AI111: ='RESUMEN TOTAL'!AO114 -> 0
A112: ='RESUMEN TOTAL'!A115 -> VILLA MONICA NUEVA | B112: ='RESUMEN TOTAL'!B115 -> COL01 | C112: ='RESUMEN TOTAL'!D115 -> Eva Peron y Cariboni | D112: ='RESUMEN TOTAL'!E115 -> Domo | E112: ='RESUMEN TOTAL'!F115 -> Radio | F112: ='RESUMEN TOTAL'!L115 -> 0 | G112: ='RESUMEN TOTAL'!M115 -> 0 | H112: ='RESUMEN TOTAL'!N115 -> 0 | I112: ='RESUMEN TOTAL'!O115 -> 0 | J112: ='RESUMEN TOTAL'!P115 -> 0 | K112: ='RESUMEN TOTAL'!Q115 -> 0 | L112: ='RESUMEN TOTAL'!R115 -> 0 | M112: ='RESUMEN TOTAL'!S115 -> 0 | ... AI112: ='RESUMEN TOTAL'!AO115 -> 0
A113: ='RESUMEN TOTAL'!A116 -> LA COLORADA ESTE | B113: ='RESUMEN TOTAL'!B116 -> COL02 | C113: ='RESUMEN TOTAL'!D116 -> Av. Eva Peron y Pompeya | D113: ='RESUMEN TOTAL'!E116 -> Domo | E113: ='RESUMEN TOTAL'!F116 -> Radio | F113: ='RESUMEN TOTAL'!L116 -> 0 | G113: ='RESUMEN TOTAL'!M116 -> 0 | H113: ='RESUMEN TOTAL'!N116 -> 0 | I113: ='RESUMEN TOTAL'!O116 -> 0 | J113: ='RESUMEN TOTAL'!P116 -> 0 | K113: ='RESUMEN TOTAL'!Q116 -> 0 | L113: ='RESUMEN TOTAL'!R116 -> 0 | M113: ='RESUMEN TOTAL'!S116 -> 0 | ... AI113: ='RESUMEN TOTAL'!AO116 -> 0
A114: ='RESUMEN TOTAL'!A117 -> LA COLORADA ESTE | B114: ='RESUMEN TOTAL'!B117 -> COL 03 | C114: ='RESUMEN TOTAL'!D117 -> CARIBONI Y LA ANCIANIDAD | D114: ='RESUMEN TOTAL'!E117 -> DOMO | E114: ='RESUMEN TOTAL'!F117 -> Radio | F114: ='RESUMEN TOTAL'!L117 -> 0 | G114: ='RESUMEN TOTAL'!M117 -> 0 | H114: ='RESUMEN TOTAL'!N117 -> 0 | I114: ='RESUMEN TOTAL'!O117 -> 0 | J114: ='RESUMEN TOTAL'!P117 -> 0 | K114: ='RESUMEN TOTAL'!Q117 -> 0 | L114: ='RESUMEN TOTAL'!R117 -> 0 | M114: ='RESUMEN TOTAL'!S117 -> 0 | ... AI114: ='RESUMEN TOTAL'!AO117 -> 0
A115: ='RESUMEN TOTAL'!A118 -> LA COLORADA ESTE | B115: ='RESUMEN TOTAL'!B118 -> COL 04 | C115: ='RESUMEN TOTAL'!D118 -> EVA PERON Y SAVIO | D115: ='RESUMEN TOTAL'!E118 -> Domo | E115: ='RESUMEN TOTAL'!F118 -> Fibra Optica | F115: ='RESUMEN TOTAL'!L118 -> 0 | G115: ='RESUMEN TOTAL'!M118 -> 0 | H115: ='RESUMEN TOTAL'!N118 -> 0 | I115: ='RESUMEN TOTAL'!O118 -> 0 | J115: ='RESUMEN TOTAL'!P118 -> 0 | K115: ='RESUMEN TOTAL'!Q118 -> 0 | L115: ='RESUMEN TOTAL'!R118 -> 0 | M115: ='RESUMEN TOTAL'!S118 -> 0 | ... AI115: ='RESUMEN TOTAL'!AO118 -> 0
A116: ='RESUMEN TOTAL'!A119 -> DON JOSE | B116: ='RESUMEN TOTAL'!B119 -> DJO01 | C116: ='RESUMEN TOTAL'!D119 -> Monteverde y Donato Alvarez | D116: ='RESUMEN TOTAL'!E119 -> Domo | E116: ='RESUMEN TOTAL'!F119 -> Radio | F116: ='RESUMEN TOTAL'!L119 -> 0 | G116: ='RESUMEN TOTAL'!M119 -> 0 | H116: ='RESUMEN TOTAL'!N119 -> 0 | I116: ='RESUMEN TOTAL'!O119 -> 0 | J116: ='RESUMEN TOTAL'!P119 -> 0 | K116: ='RESUMEN TOTAL'!Q119 -> 0 | L116: ='RESUMEN TOTAL'!R119 -> 0 | M116: ='RESUMEN TOTAL'!S119 -> 0 | ... AI116: ='RESUMEN TOTAL'!AO119 -> 0
A117: ='RESUMEN TOTAL'!A120 -> DON JOSE | B117: ='RESUMEN TOTAL'!B120 -> DJO 02 (fija 1) | C117: ='RESUMEN TOTAL'!D120 -> DONATO ALVAREZ Y EL APERO | D117: ='RESUMEN TOTAL'!E120 -> Fija | E117: ='RESUMEN TOTAL'!F120 -> PTO A FO | F117: ='RESUMEN TOTAL'!L120 -> 0 | G117: ='RESUMEN TOTAL'!M120 -> 0 | H117: ='RESUMEN TOTAL'!N120 -> 0 | I117: ='RESUMEN TOTAL'!O120 -> 0 | J117: ='RESUMEN TOTAL'!P120 -> 0 | K117: ='RESUMEN TOTAL'!Q120 -> 0 | L117: ='RESUMEN TOTAL'!R120 -> 0 | M117: ='RESUMEN TOTAL'!S120 -> 0 | ... AI117: ='RESUMEN TOTAL'!AO120 -> 0
A118: ='RESUMEN TOTAL'!A121 -> DON JOSE | B118: ='RESUMEN TOTAL'!B121 -> DJO 03 (fija 2) | C118: ='RESUMEN TOTAL'!D121 -> DONATO ALVAREZ Y EL APERO | D118: ='RESUMEN TOTAL'!E121 -> Fija | E118: ='RESUMEN TOTAL'!F121 -> PTO A FO | F118: ='RESUMEN TOTAL'!L121 -> 0 | G118: ='RESUMEN TOTAL'!M121 -> 0 | H118: ='RESUMEN TOTAL'!N121 -> 0 | I118: ='RESUMEN TOTAL'!O121 -> 0 | J118: ='RESUMEN TOTAL'!P121 -> 0 | K118: ='RESUMEN TOTAL'!Q121 -> 0 | L118: ='RESUMEN TOTAL'!R121 -> 0 | M118: ='RESUMEN TOTAL'!S121 -> 0 | ... AI118: ='RESUMEN TOTAL'!AO121 -> 0
A119: ='RESUMEN TOTAL'!A122 -> DON JOSE | B119: ='RESUMEN TOTAL'!B122 -> DJO 04 (Fija 1) | C119: ='RESUMEN TOTAL'!D122 -> MONTEVERDE Y EL INDIO | D119: ='RESUMEN TOTAL'!E122 -> Fija | E119: ='RESUMEN TOTAL'!F122 -> PTO A FO | F119: ='RESUMEN TOTAL'!L122 -> 0 | G119: ='RESUMEN TOTAL'!M122 -> 0 | H119: ='RESUMEN TOTAL'!N122 -> 0 | I119: ='RESUMEN TOTAL'!O122 -> 0 | J119: ='RESUMEN TOTAL'!P122 -> 0 | K119: ='RESUMEN TOTAL'!Q122 -> 0 | L119: ='RESUMEN TOTAL'!R122 -> 0 | M119: ='RESUMEN TOTAL'!S122 -> 0 | ... AI119: ='RESUMEN TOTAL'!AO122 -> 0
... A122: ='RESUMEN TOTAL'!A125 -> DON JOSE | B122: ='RESUMEN TOTAL'!B125 -> DJ 07 | C122: ='RESUMEN TOTAL'!D125 -> Calle 414 y El Indio | D122: ='RESUMEN TOTAL'!E125 -> Fija | E122: ='RESUMEN TOTAL'!F125 -> PTO A FO | F122: ='RESUMEN TOTAL'!L125 -> 0 | G122: ='RESUMEN TOTAL'!M125 -> 0 | H122: ='RESUMEN TOTAL'!N125 -> 0 | I122: ='RESUMEN TOTAL'!O125 -> 0 | J122: ='RESUMEN TOTAL'!P125 -> 0 | K122: ='RESUMEN TOTAL'!Q125 -> 0 | L122: ='RESUMEN TOTAL'!R125 -> 0 | M122: ='RESUMEN TOTAL'!S125 -> 0 | ... AI122: ='RESUMEN TOTAL'!AO125 -> 0
A123: ='RESUMEN TOTAL'!A127 -> EL PARQUE | B123: ='RESUMEN TOTAL'!B127 -> EPQ 01 | C123: ='RESUMEN TOTAL'!D127 -> 1282 Y GRIERSON | D123: ='RESUMEN TOTAL'!E127 -> DOMO | E123: ='RESUMEN TOTAL'!F127 -> Fibra Optica | F123: ='RESUMEN TOTAL'!L127 -> 0 | G123: ='RESUMEN TOTAL'!M127 -> 0 | H123: ='RESUMEN TOTAL'!N127 -> 0 | I123: ='RESUMEN TOTAL'!O127 -> 0 | J123: ='RESUMEN TOTAL'!P127 -> 0 | K123: ='RESUMEN TOTAL'!Q127 -> 0 | L123: ='RESUMEN TOTAL'!R127 -> 0 | M123: ='RESUMEN TOTAL'!S127 -> 0 | ... AI123: ='RESUMEN TOTAL'!AO127 -> 0
A124: ='RESUMEN TOTAL'!A128 -> EL PARQUE | B124: ='RESUMEN TOTAL'!B128 -> EPQ 02 | C124: ='RESUMEN TOTAL'!D128 -> 1282 Y MASSE | D124: ='RESUMEN TOTAL'!E128 -> DOMO | E124: ='RESUMEN TOTAL'!F128 -> Fibra Optica | F124: ='RESUMEN TOTAL'!L128 -> 0 | G124: ='RESUMEN TOTAL'!M128 -> 0 | H124: ='RESUMEN TOTAL'!N128 -> 0 | I124: ='RESUMEN TOTAL'!O128 -> 0 | J124: ='RESUMEN TOTAL'!P128 -> 0 | K124: ='RESUMEN TOTAL'!Q128 -> 0 | L124: ='RESUMEN TOTAL'!R128 -> 0 | M124: ='RESUMEN TOTAL'!S128 -> 0 | ... AI124: ='RESUMEN TOTAL'!AO128 -> 0
A125: ='RESUMEN TOTAL'!A129 -> EL PARQUE | B125: ='RESUMEN TOTAL'!B129 -> EPQ 03 | C125: ='RESUMEN TOTAL'!D129 -> 1282 Y RP 36 | D125: ='RESUMEN TOTAL'!E129 -> Domo | E125: ='RESUMEN TOTAL'!F129 -> Fibra Optica | F125: ='RESUMEN TOTAL'!L129 -> APAGADO | G125: ='RESUMEN TOTAL'!M129 -> 0 | H125: ='RESUMEN TOTAL'!N129 -> 0 | I125: ='RESUMEN TOTAL'!O129 -> 0 | J125: ='RESUMEN TOTAL'!P129 -> 0 | K125: ='RESUMEN TOTAL'!Q129 -> 0 | L125: ='RESUMEN TOTAL'!R129 -> 0 | M125: ='RESUMEN TOTAL'!S129 -> 0 | ... AI125: ='RESUMEN TOTAL'!AO129 -> 0
A126: ='RESUMEN TOTAL'!A130 -> EL PARQUE | B126: ='RESUMEN TOTAL'!B130 -> EPQ 04 | C126: ='RESUMEN TOTAL'!D130 -> 1282 Y MORENO | D126: ='RESUMEN TOTAL'!E130 -> DOMO | E126: ='RESUMEN TOTAL'!F130 -> Fibra Optica | F126: ='RESUMEN TOTAL'!L130 -> 0 | G126: ='RESUMEN TOTAL'!M130 -> 0 | H126: ='RESUMEN TOTAL'!N130 -> 0 | I126: ='RESUMEN TOTAL'!O130 -> 0 | J126: ='RESUMEN TOTAL'!P130 -> 0 | K126: ='RESUMEN TOTAL'!Q130 -> 0 | L126: ='RESUMEN TOTAL'!R130 -> 0 | M126: ='RESUMEN TOTAL'!S130 -> 0 | ... AI126: ='RESUMEN TOTAL'!AO130 -> 0
A127: ='RESUMEN TOTAL'!A131 -> LA ESMERALDA | B127: ='RESUMEN TOTAL'!B131 -> ESM01 | C127: ='RESUMEN TOTAL'!D131 -> Cabello y Brasil | D127: ='RESUMEN TOTAL'!E131 -> Domo | E127: ='RESUMEN TOTAL'!F131 -> Radio | F127: ='RESUMEN TOTAL'!L131 -> 0 | G127: ='RESUMEN TOTAL'!M131 -> 0 | H127: ='RESUMEN TOTAL'!N131 -> 0 | I127: ='RESUMEN TOTAL'!O131 -> 0 | J127: ='RESUMEN TOTAL'!P131 -> 0 | K127: ='RESUMEN TOTAL'!Q131 -> 0 | L127: ='RESUMEN TOTAL'!R131 -> 0 | M127: ='RESUMEN TOTAL'!S131 -> 0 | ... AI127: ='RESUMEN TOTAL'!AO131 -> 0
A128: ='RESUMEN TOTAL'!A132 -> SAN JORGE | B128: ='RESUMEN TOTAL'!B132 -> ESM02 | C128: ='RESUMEN TOTAL'!D132 -> Novak y Cabello | D128: ='RESUMEN TOTAL'!E132 -> Domo | E128: ='RESUMEN TOTAL'!F132 -> PTO A FO | F128: ='RESUMEN TOTAL'!L132 -> 0 | G128: ='RESUMEN TOTAL'!M132 -> 0 | H128: ='RESUMEN TOTAL'!N132 -> 0 | I128: ='RESUMEN TOTAL'!O132 -> 0 | J128: ='RESUMEN TOTAL'!P132 -> 0 | K128: ='RESUMEN TOTAL'!Q132 -> 0 | L128: ='RESUMEN TOTAL'!R132 -> 0 | M128: ='RESUMEN TOTAL'!S132 -> 0 | ... AI128: ='RESUMEN TOTAL'!AO132 -> 0
A129: ='RESUMEN TOTAL'!A133 -> 0 | B129: ='RESUMEN TOTAL'!B133 -> ESM03 | C129: ='RESUMEN TOTAL'!D133 -> Novak y Humahuaca | D129: ='RESUMEN TOTAL'!E133 -> DOMO | E129: ='RESUMEN TOTAL'!F133 -> PTO A FO | F129: ='RESUMEN TOTAL'!L133 -> 0 | G129: ='RESUMEN TOTAL'!M133 -> 0 | H129: ='RESUMEN TOTAL'!N133 -> 0 | I129: ='RESUMEN TOTAL'!O133 -> 0 | J129: ='RESUMEN TOTAL'!P133 -> 0 | K129: ='RESUMEN TOTAL'!Q133 -> 0 | L129: ='RESUMEN TOTAL'!R133 -> 0 | M129: ='RESUMEN TOTAL'!S133 -> 0 | ... AI129: ='RESUMEN TOTAL'!AO133 -> 0
A130: ='RESUMEN TOTAL'!A134 -> LA ESMERALDA | B130: ='RESUMEN TOTAL'!B134 -> ESM04 | C130: ='RESUMEN TOTAL'!D134 -> Basualdo y Bengochea | D130: ='RESUMEN TOTAL'!E134 -> Domo | E130: ='RESUMEN TOTAL'!F134 -> Fibra Optica | F130: ='RESUMEN TOTAL'!L134 -> APAGADO | G130: ='RESUMEN TOTAL'!M134 -> 0 | H130: ='RESUMEN TOTAL'!N134 -> 0 | I130: ='RESUMEN TOTAL'!O134 -> 0 | J130: ='RESUMEN TOTAL'!P134 -> 0 | K130: ='RESUMEN TOTAL'!Q134 -> 0 | L130: ='RESUMEN TOTAL'!R134 -> 0 | M130: ='RESUMEN TOTAL'!S134 -> 0 | ... AI130: ='RESUMEN TOTAL'!AO134 -> 0
A131: ='RESUMEN TOTAL'!A135 -> LA ESMERALDA | B131: ='RESUMEN TOTAL'!B135 -> ESM05 | C131: ='RESUMEN TOTAL'!D135 -> Aniceto Diaz y Villar | D131: ='RESUMEN TOTAL'!E135 -> Domo | E131: ='RESUMEN TOTAL'!F135 -> Fibra Optica | F131: ='RESUMEN TOTAL'!L135 -> APAGADO | G131: ='RESUMEN TOTAL'!M135 -> 0 | H131: ='RESUMEN TOTAL'!N135 -> 0 | I131: ='RESUMEN TOTAL'!O135 -> 0 | J131: ='RESUMEN TOTAL'!P135 -> 0 | K131: ='RESUMEN TOTAL'!Q135 -> 0 | L131: ='RESUMEN TOTAL'!R135 -> 0 | M131: ='RESUMEN TOTAL'!S135 -> 0 | ... AI131: ='RESUMEN TOTAL'!AO135 -> 0
A132: ='RESUMEN TOTAL'!A136 -> LA ESMERALDA | B132: ='RESUMEN TOTAL'!B136 -> ESM06 | C132: ='RESUMEN TOTAL'!D136 -> Roselli y Cabello | D132: ='RESUMEN TOTAL'!E136 -> Domo | E132: ='RESUMEN TOTAL'!F136 -> Radio | F132: ='RESUMEN TOTAL'!L136 -> 0 | G132: ='RESUMEN TOTAL'!M136 -> 0 | H132: ='RESUMEN TOTAL'!N136 -> 0 | I132: ='RESUMEN TOTAL'!O136 -> 0 | J132: ='RESUMEN TOTAL'!P136 -> 0 | K132: ='RESUMEN TOTAL'!Q136 -> 0 | L132: ='RESUMEN TOTAL'!R136 -> 0 | M132: ='RESUMEN TOTAL'!S136 -> 0 | ... AI132: ='RESUMEN TOTAL'!AO136 -> 0
A133: ='RESUMEN TOTAL'!A137 -> LA ESMERALDA | B133: ='RESUMEN TOTAL'!B137 -> ESM07 | C133: ='RESUMEN TOTAL'!D137 -> AV. NOVAK Y SERRANO | D133: ='RESUMEN TOTAL'!E137 -> DOMO | E133: ='RESUMEN TOTAL'!F137 -> PTO A FO | F133: ='RESUMEN TOTAL'!L137 -> 0 | G133: ='RESUMEN TOTAL'!M137 -> 0 | H133: ='RESUMEN TOTAL'!N137 -> 0 | I133: ='RESUMEN TOTAL'!O137 -> 0 | J133: ='RESUMEN TOTAL'!P137 -> 0 | K133: ='RESUMEN TOTAL'!Q137 -> 0 | L133: ='RESUMEN TOTAL'!R137 -> 0 | M133: ='RESUMEN TOTAL'!S137 -> 0 | ... AI133: ='RESUMEN TOTAL'!AO137 -> 0
A134: ='RESUMEN TOTAL'!A138 -> LA ESMERALDA | B134: ='RESUMEN TOTAL'!B138 -> ESM 08 | C134: ='RESUMEN TOTAL'!D138 -> DAVINSON Y MORANCHEL | D134: ='RESUMEN TOTAL'!E138 -> FIJA | E134: ='RESUMEN TOTAL'!F138 -> Radio | F134: ='RESUMEN TOTAL'!L138 -> 0 | G134: ='RESUMEN TOTAL'!M138 -> 0 | H134: ='RESUMEN TOTAL'!N138 -> 0 | I134: ='RESUMEN TOTAL'!O138 -> 0 | J134: ='RESUMEN TOTAL'!P138 -> 0 | K134: ='RESUMEN TOTAL'!Q138 -> 0 | L134: ='RESUMEN TOTAL'!R138 -> 0 | M134: ='RESUMEN TOTAL'!S138 -> 0 | ... AI134: ='RESUMEN TOTAL'!AO138 -> 0
... A172: ='RESUMEN TOTAL'!A176 -> LA PILETA | B172: ='RESUMEN TOTAL'!B176 -> LPI04 (fija 1) | C172: ='RESUMEN TOTAL'!D176 -> MAIPU Y POSADAS | D172: ='RESUMEN TOTAL'!E176 -> FIJA | E172: ='RESUMEN TOTAL'!F176 -> Fibra Optica | F172: ='RESUMEN TOTAL'!L176 -> 0 | G172: ='RESUMEN TOTAL'!M176 -> 0 | H172: ='RESUMEN TOTAL'!N176 -> 0 | I172: ='RESUMEN TOTAL'!O176 -> 0 | J172: ='RESUMEN TOTAL'!P176 -> 0 | K172: ='RESUMEN TOTAL'!Q176 -> 0 | L172: ='RESUMEN TOTAL'!R176 -> 0 | M172: ='RESUMEN TOTAL'!S176 -> 0 | ... AI172: ='RESUMEN TOTAL'!AO176 -> 0
A173: ='RESUMEN TOTAL'!A178 -> LOS PILARES | B173: ='RESUMEN TOTAL'!B178 -> LPR 01 | C173: ='RESUMEN TOTAL'!D178 -> EVA PERON E/ CACHEUTA Y 1406 | D173: ='RESUMEN TOTAL'!E178 -> DOMO | E173: ='RESUMEN TOTAL'!F178 -> Fibra Optica | F173: ='RESUMEN TOTAL'!L178 -> 0 | G173: ='RESUMEN TOTAL'!M178 -> 0 | H173: ='RESUMEN TOTAL'!N178 -> 0 | I173: ='RESUMEN TOTAL'!O178 -> 0 | J173: ='RESUMEN TOTAL'!P178 -> 0 | K173: ='RESUMEN TOTAL'!Q178 -> 0 | L173: ='RESUMEN TOTAL'!R178 -> 0 | M173: ='RESUMEN TOTAL'!S178 -> 0 | ... AI173: ='RESUMEN TOTAL'!AO178 -> 0
A174: ='RESUMEN TOTAL'!A179 -> LOS PILARES | B174: ='RESUMEN TOTAL'!B179 -> LPR02 (fija 1) | C174: ='RESUMEN TOTAL'!D179 -> EVA PERON Y CACHEUTA | D174: ='RESUMEN TOTAL'!E179 -> Fija | E174: ='RESUMEN TOTAL'!F179 -> Fibra Optica | F174: ='RESUMEN TOTAL'!L179 -> 0 | G174: ='RESUMEN TOTAL'!M179 -> 0 | H174: ='RESUMEN TOTAL'!N179 -> 0 | I174: ='RESUMEN TOTAL'!O179 -> 0 | J174: ='RESUMEN TOTAL'!P179 -> 0 | K174: ='RESUMEN TOTAL'!Q179 -> 0 | L174: ='RESUMEN TOTAL'!R179 -> 0 | M174: ='RESUMEN TOTAL'!S179 -> 0 | ... AI174: ='RESUMEN TOTAL'!AO179 -> 0
A175: ='RESUMEN TOTAL'!A180 -> LOS PILARES | B175: ='RESUMEN TOTAL'!B180 -> LPR03 (fija 2) | C175: ='RESUMEN TOTAL'!D180 -> EVA PERON Y CACHEUTA | D175: ='RESUMEN TOTAL'!E180 -> Fija | E175: ='RESUMEN TOTAL'!F180 -> Fibra Optica | F175: ='RESUMEN TOTAL'!L180 -> 0 | G175: ='RESUMEN TOTAL'!M180 -> 0 | H175: ='RESUMEN TOTAL'!N180 -> 0 | I175: ='RESUMEN TOTAL'!O180 -> 0 | J175: ='RESUMEN TOTAL'!P180 -> 0 | K175: ='RESUMEN TOTAL'!Q180 -> 0 | L175: ='RESUMEN TOTAL'!R180 -> 0 | M175: ='RESUMEN TOTAL'!S180 -> 0 | ... AI175: ='RESUMEN TOTAL'!AO180 -> 0
A176: ='RESUMEN TOTAL'!A181 -> LOPEZ ROMERO | B176: ='RESUMEN TOTAL'!B181 -> LRO 05 | C176: ='RESUMEN TOTAL'!D181 -> Calchaqui y Las Americas | D176: ='RESUMEN TOTAL'!E181 -> Fija | E176: ='RESUMEN TOTAL'!F181 -> Fibra Optica | F176: ='RESUMEN TOTAL'!L181 -> 0 | G176: ='RESUMEN TOTAL'!M181 -> 0 | H176: ='RESUMEN TOTAL'!N181 -> 0 | I176: ='RESUMEN TOTAL'!O181 -> 0 | J176: ='RESUMEN TOTAL'!P181 -> 0 | K176: ='RESUMEN TOTAL'!Q181 -> 0 | L176: ='RESUMEN TOTAL'!R181 -> 0 | M176: ='RESUMEN TOTAL'!S181 -> 0 | ... AI176: ='RESUMEN TOTAL'!AO181 -> 0
A177: ='RESUMEN TOTAL'!A182 -> LOPEZ ROMERO | B177: ='RESUMEN TOTAL'!B182 -> LRO 09 | C177: ='RESUMEN TOTAL'!D182 -> Las Americas y Braile | D177: ='RESUMEN TOTAL'!E182 -> Domo | E177: ='RESUMEN TOTAL'!F182 -> Fibra Optica | F177: ='RESUMEN TOTAL'!L182 -> 0 | G177: ='RESUMEN TOTAL'!M182 -> 0 | H177: ='RESUMEN TOTAL'!N182 -> 0 | I177: ='RESUMEN TOTAL'!O182 -> 0 | J177: ='RESUMEN TOTAL'!P182 -> 0 | K177: ='RESUMEN TOTAL'!Q182 -> 0 | L177: ='RESUMEN TOTAL'!R182 -> 0 | M177: ='RESUMEN TOTAL'!S182 -> 0 | ... AI177: ='RESUMEN TOTAL'!AO182 -> 0
A178: ='RESUMEN TOTAL'!A183 -> LOPEZ ROMERO | B178: ='RESUMEN TOTAL'!B183 -> LRO 10 | C178: ='RESUMEN TOTAL'!D183 -> Con. Gral. Belgrano y Balcarce | D178: ='RESUMEN TOTAL'!E183 -> Domo | E178: ='RESUMEN TOTAL'!F183 -> Fibra Optica | F178: ='RESUMEN TOTAL'!L183 -> 0 | G178: ='RESUMEN TOTAL'!M183 -> 0 | H178: ='RESUMEN TOTAL'!N183 -> 0 | I178: ='RESUMEN TOTAL'!O183 -> 0 | J178: ='RESUMEN TOTAL'!P183 -> 0 | K178: ='RESUMEN TOTAL'!Q183 -> 0 | L178: ='RESUMEN TOTAL'!R183 -> 0 | M178: ='RESUMEN TOTAL'!S183 -> 0 | ... AI178: ='RESUMEN TOTAL'!AO183 -> 0
A179: ='RESUMEN TOTAL'!A184 -> LOPEZ ROMERO | B179: ='RESUMEN TOTAL'!B184 -> LRO 12 (fija 1) | C179: ='RESUMEN TOTAL'!D184 -> LAS AMERICAS E/ BRAILLE Y ALVARADO | D179: ='RESUMEN TOTAL'!E184 -> Fija | E179: ='RESUMEN TOTAL'!F184 -> Fibra Optica | F179: ='RESUMEN TOTAL'!L184 -> 0 | G179: ='RESUMEN TOTAL'!M184 -> 0 | H179: ='RESUMEN TOTAL'!N184 -> 0 | I179: ='RESUMEN TOTAL'!O184 -> 0 | J179: ='RESUMEN TOTAL'!P184 -> 0 | K179: ='RESUMEN TOTAL'!Q184 -> 0 | L179: ='RESUMEN TOTAL'!R184 -> 0 | M179: ='RESUMEN TOTAL'!S184 -> 0 | ... AI179: ='RESUMEN TOTAL'!AO184 -> 0
A180: ='RESUMEN TOTAL'!A185 -> LOPEZ ROMERO | B180: ='RESUMEN TOTAL'!B185 -> LRO 13 (fija 2) | C180: ='RESUMEN TOTAL'!D185 -> LAS AMERICAS E/ BRAILLE Y ALVARADO | D180: ='RESUMEN TOTAL'!E185 -> Fija | E180: ='RESUMEN TOTAL'!F185 -> Fibra Optica | F180: ='RESUMEN TOTAL'!L185 -> 0 | G180: ='RESUMEN TOTAL'!M185 -> 0 | H180: ='RESUMEN TOTAL'!N185 -> 0 | I180: ='RESUMEN TOTAL'!O185 -> 0 | J180: ='RESUMEN TOTAL'!P185 -> 0 | K180: ='RESUMEN TOTAL'!Q185 -> 0 | L180: ='RESUMEN TOTAL'!R185 -> 0 | M180: ='RESUMEN TOTAL'!S185 -> 0 | ... AI180: ='RESUMEN TOTAL'!AO185 -> 0
A181: ='RESUMEN TOTAL'!A186 -> LOPEZ ROMERO | B181: ='RESUMEN TOTAL'!B186 -> LRO01 | C181: ='RESUMEN TOTAL'!D186 -> H. IRIGOYEN Y BRAILE | D181: ='RESUMEN TOTAL'!E186 -> FIJA | E181: ='RESUMEN TOTAL'!F186 -> Fibra Optica | F181: ='RESUMEN TOTAL'!L186 -> 0 | G181: ='RESUMEN TOTAL'!M186 -> 0 | H181: ='RESUMEN TOTAL'!N186 -> 0 | I181: ='RESUMEN TOTAL'!O186 -> 0 | J181: ='RESUMEN TOTAL'!P186 -> 0 | K181: ='RESUMEN TOTAL'!Q186 -> 0 | L181: ='RESUMEN TOTAL'!R186 -> 0 | M181: ='RESUMEN TOTAL'!S186 -> 0 | ... AI181: ='RESUMEN TOTAL'!AO186 -> 0
A182: ='RESUMEN TOTAL'!A187 -> PRESIDENTE SARMIENTO | B182: ='RESUMEN TOTAL'!B187 -> LRO02 | C182: ='RESUMEN TOTAL'!D187 -> H. Irigoyen e Islas Orcadas | D182: ='RESUMEN TOTAL'!E187 -> Domo | E182: ='RESUMEN TOTAL'!F187 -> Fibra Optica | F182: ='RESUMEN TOTAL'!L187 -> 0 | G182: ='RESUMEN TOTAL'!M187 -> 0 | H182: ='RESUMEN TOTAL'!N187 -> 0 | I182: ='RESUMEN TOTAL'!O187 -> 0 | J182: ='RESUMEN TOTAL'!P187 -> 0 | K182: ='RESUMEN TOTAL'!Q187 -> 0 | L182: ='RESUMEN TOTAL'!R187 -> 0 | M182: ='RESUMEN TOTAL'!S187 -> 0 | ... AI182: ='RESUMEN TOTAL'!AO187 -> 0
A183: ='RESUMEN TOTAL'!A188 -> LOPEZ ROMERO | B183: ='RESUMEN TOTAL'!B188 -> LRO03 | C183: ='RESUMEN TOTAL'!D188 -> H. Irigoyen y Parravicini | D183: ='RESUMEN TOTAL'!E188 -> Fija | E183: ='RESUMEN TOTAL'!F188 -> Fibra Optica | F183: ='RESUMEN TOTAL'!L188 -> 0 | G183: ='RESUMEN TOTAL'!M188 -> 0 | H183: ='RESUMEN TOTAL'!N188 -> 0 | I183: ='RESUMEN TOTAL'!O188 -> 0 | J183: ='RESUMEN TOTAL'!P188 -> 0 | K183: ='RESUMEN TOTAL'!Q188 -> 0 | L183: ='RESUMEN TOTAL'!R188 -> 0 | M183: ='RESUMEN TOTAL'!S188 -> 0 | ... AI183: ='RESUMEN TOTAL'!AO188 -> 0
A184: ='RESUMEN TOTAL'!A189 -> LOPEZ ROMERO | B184: ='RESUMEN TOTAL'!B189 -> LRO04 | C184: ='RESUMEN TOTAL'!D189 -> H. Irigoyen y Alvarado | D184: ='RESUMEN TOTAL'!E189 -> FIJA | E184: ='RESUMEN TOTAL'!F189 -> Fibra Optica | F184: ='RESUMEN TOTAL'!L189 -> APAGADO | G184: ='RESUMEN TOTAL'!M189 -> 0 | H184: ='RESUMEN TOTAL'!N189 -> 0 | I184: ='RESUMEN TOTAL'!O189 -> 0 | J184: ='RESUMEN TOTAL'!P189 -> 0 | K184: ='RESUMEN TOTAL'!Q189 -> 0 | L184: ='RESUMEN TOTAL'!R189 -> 0 | M184: ='RESUMEN TOTAL'!S189 -> 0 | ... AI184: ='RESUMEN TOTAL'!AO189 -> 0
... A201: ='RESUMEN TOTAL'!A206 -> 0 | B201: ='RESUMEN TOTAL'!B206 -> MCUD 01 | C201: ='RESUMEN TOTAL'!D206 -> TINOGASTA Y SAN LORENZO | D201: ='RESUMEN TOTAL'!E206 -> Domo | E201: ='RESUMEN TOTAL'!F206 -> Fibra Optica | F201: ='RESUMEN TOTAL'!L206 -> APAGADO | G201: ='RESUMEN TOTAL'!M206 -> 0 | H201: ='RESUMEN TOTAL'!N206 -> 0 | I201: ='RESUMEN TOTAL'!O206 -> 0 | J201: ='RESUMEN TOTAL'!P206 -> 0 | K201: ='RESUMEN TOTAL'!Q206 -> 0 | L201: ='RESUMEN TOTAL'!R206 -> 0 | M201: ='RESUMEN TOTAL'!S206 -> 0 | ... AI201: ='RESUMEN TOTAL'!AO206 -> 0
A202: ='RESUMEN TOTAL'!A208 -> MARTIN FIERRO | B202: ='RESUMEN TOTAL'!B208 -> MFI 01 | C202: ='RESUMEN TOTAL'!D208 -> Belgrano y Sgto. Cabral | D202: ='RESUMEN TOTAL'!E208 -> Fija | E202: ='RESUMEN TOTAL'!F208 -> Fibra Optica | F202: ='RESUMEN TOTAL'!L208 -> 0 | G202: ='RESUMEN TOTAL'!M208 -> 0 | H202: ='RESUMEN TOTAL'!N208 -> 0 | I202: ='RESUMEN TOTAL'!O208 -> 0 | J202: ='RESUMEN TOTAL'!P208 -> 0 | K202: ='RESUMEN TOTAL'!Q208 -> 0 | L202: ='RESUMEN TOTAL'!R208 -> 0 | M202: ='RESUMEN TOTAL'!S208 -> 0 | ... AI202: ='RESUMEN TOTAL'!AO208 -> 0
A203: ='RESUMEN TOTAL'!A209 -> LOPEZ ROMERO | B203: ='RESUMEN TOTAL'!B209 -> MFI02 | C203: ='RESUMEN TOTAL'!D209 -> Calchaqui y Balcarce | D203: ='RESUMEN TOTAL'!E209 -> Fija | E203: ='RESUMEN TOTAL'!F209 -> Fibra Optica | F203: ='RESUMEN TOTAL'!L209 -> 0 | G203: ='RESUMEN TOTAL'!M209 -> 0 | H203: ='RESUMEN TOTAL'!N209 -> 0 | I203: ='RESUMEN TOTAL'!O209 -> 0 | J203: ='RESUMEN TOTAL'!P209 -> 0 | K203: ='RESUMEN TOTAL'!Q209 -> 0 | L203: ='RESUMEN TOTAL'!R209 -> 0 | M203: ='RESUMEN TOTAL'!S209 -> 0 | ... AI203: ='RESUMEN TOTAL'!AO209 -> 0
A204: ='RESUMEN TOTAL'!A210 -> SAN EMILIO | B204: ='RESUMEN TOTAL'!B210 -> MFI 03 | C204: ='RESUMEN TOTAL'!D210 -> Cno. Gral. Belgrano y Av. del Trabajo | D204: ='RESUMEN TOTAL'!E210 -> Domo | E204: ='RESUMEN TOTAL'!F210 -> Fibra Optica | F204: ='RESUMEN TOTAL'!L210 -> 0 | G204: ='RESUMEN TOTAL'!M210 -> 0 | H204: ='RESUMEN TOTAL'!N210 -> 0 | I204: ='RESUMEN TOTAL'!O210 -> 0 | J204: ='RESUMEN TOTAL'!P210 -> 0 | K204: ='RESUMEN TOTAL'!Q210 -> 0 | L204: ='RESUMEN TOTAL'!R210 -> 0 | M204: ='RESUMEN TOTAL'!S210 -> 0 | ... AI204: ='RESUMEN TOTAL'!AO210 -> 0
A205: ='RESUMEN TOTAL'!A211 -> MARTIN FIERRO | B205: ='RESUMEN TOTAL'!B211 -> MFI04 | C205: ='RESUMEN TOTAL'!D211 -> Calchaqui y balcarce | D205: ='RESUMEN TOTAL'!E211 -> Domo | E205: ='RESUMEN TOTAL'!F211 -> Fibra Optica | F205: ='RESUMEN TOTAL'!L211 -> 0 | G205: ='RESUMEN TOTAL'!M211 -> 0 | H205: ='RESUMEN TOTAL'!N211 -> 0 | I205: ='RESUMEN TOTAL'!O211 -> 0 | J205: ='RESUMEN TOTAL'!P211 -> 0 | K205: ='RESUMEN TOTAL'!Q211 -> 0 | L205: ='RESUMEN TOTAL'!R211 -> 0 | M205: ='RESUMEN TOTAL'!S211 -> 0 | ... AI205: ='RESUMEN TOTAL'!AO211 -> 0
A206: ='RESUMEN TOTAL'!A212 -> SAN EMILIO | B206: ='RESUMEN TOTAL'!B212 -> MFI 05 | C206: ='RESUMEN TOTAL'!D212 -> Cno. Gral. Belgrano y Guayaquil | D206: ='RESUMEN TOTAL'!E212 -> Domo | E206: ='RESUMEN TOTAL'!F212 -> Fibra Optica | F206: ='RESUMEN TOTAL'!L212 -> 0 | G206: ='RESUMEN TOTAL'!M212 -> 0 | H206: ='RESUMEN TOTAL'!N212 -> 0 | I206: ='RESUMEN TOTAL'!O212 -> 0 | J206: ='RESUMEN TOTAL'!P212 -> 0 | K206: ='RESUMEN TOTAL'!Q212 -> 0 | L206: ='RESUMEN TOTAL'!R212 -> 0 | M206: ='RESUMEN TOTAL'!S212 -> 0 | ... AI206: ='RESUMEN TOTAL'!AO212 -> 0
A207: ='RESUMEN TOTAL'!A213 -> SAN EMILIO | B207: ='RESUMEN TOTAL'!B213 -> MFI06 | C207: ='RESUMEN TOTAL'!D213 -> Con. Gral. Belgrano y Bombero Galarza | D207: ='RESUMEN TOTAL'!E213 -> DOMO | E207: ='RESUMEN TOTAL'!F213 -> Radio | F207: ='RESUMEN TOTAL'!L213 -> 0 | G207: ='RESUMEN TOTAL'!M213 -> 0 | H207: ='RESUMEN TOTAL'!N213 -> 0 | I207: ='RESUMEN TOTAL'!O213 -> 0 | J207: ='RESUMEN TOTAL'!P213 -> 0 | K207: ='RESUMEN TOTAL'!Q213 -> 0 | L207: ='RESUMEN TOTAL'!R213 -> 0 | M207: ='RESUMEN TOTAL'!S213 -> 0 | ... AI207: ='RESUMEN TOTAL'!AO213 -> 0
A208: ='RESUMEN TOTAL'!A214 -> MARTIN FIERRO | B208: ='RESUMEN TOTAL'!B214 -> MFI 07 | C208: ='RESUMEN TOTAL'!D214 -> Sargento Cabral y Carlos Gardel | D208: ='RESUMEN TOTAL'!E214 -> Domo | E208: ='RESUMEN TOTAL'!F214 -> PTO A FO | F208: ='RESUMEN TOTAL'!L214 -> 0 | G208: ='RESUMEN TOTAL'!M214 -> 0 | H208: ='RESUMEN TOTAL'!N214 -> 0 | I208: ='RESUMEN TOTAL'!O214 -> 0 | J208: ='RESUMEN TOTAL'!P214 -> 0 | K208: ='RESUMEN TOTAL'!Q214 -> 0 | L208: ='RESUMEN TOTAL'!R214 -> 0 | M208: ='RESUMEN TOTAL'!S214 -> 0 | ... AI208: ='RESUMEN TOTAL'!AO214 -> 0
A209: ='RESUMEN TOTAL'!A215 -> MARTIN FIERRO | B209: ='RESUMEN TOTAL'!B215 -> MFI 08 | C209: ='RESUMEN TOTAL'!D215 -> Braile y Batalla de Callao | D209: ='RESUMEN TOTAL'!E215 -> Domo | E209: ='RESUMEN TOTAL'!F215 -> PTO A FO | F209: ='RESUMEN TOTAL'!L215 -> 0 | G209: ='RESUMEN TOTAL'!M215 -> 0 | H209: ='RESUMEN TOTAL'!N215 -> 0 | I209: ='RESUMEN TOTAL'!O215 -> 0 | J209: ='RESUMEN TOTAL'!P215 -> 0 | K209: ='RESUMEN TOTAL'!Q215 -> 0 | L209: ='RESUMEN TOTAL'!R215 -> 0 | M209: ='RESUMEN TOTAL'!S215 -> 0 | ... AI209: ='RESUMEN TOTAL'!AO215 -> 0
A210: ='RESUMEN TOTAL'!A216 -> GOBERNADOR MONTEVERDE | B210: ='RESUMEN TOTAL'!B216 -> MON01 | C210: ='RESUMEN TOTAL'!D216 -> San Martin y Patricias Argentinas | D210: ='RESUMEN TOTAL'!E216 -> Fija | E210: ='RESUMEN TOTAL'!F216 -> Fibra Optica | F210: ='RESUMEN TOTAL'!L216 -> 0 | G210: ='RESUMEN TOTAL'!M216 -> 0 | H210: ='RESUMEN TOTAL'!N216 -> 0 | I210: ='RESUMEN TOTAL'!O216 -> 0 | J210: ='RESUMEN TOTAL'!P216 -> 0 | K210: ='RESUMEN TOTAL'!Q216 -> 0 | L210: ='RESUMEN TOTAL'!R216 -> 0 | M210: ='RESUMEN TOTAL'!S216 -> 0 | ... AI210: ='RESUMEN TOTAL'!AO216 -> 0
A211: ='RESUMEN TOTAL'!A217 -> GOBERNADOR MONTEVERDE | B211: ='RESUMEN TOTAL'!B217 -> MON02 | C211: ='RESUMEN TOTAL'!D217 -> Senzabello y Famatina | D211: ='RESUMEN TOTAL'!E217 -> Domo | E211: ='RESUMEN TOTAL'!F217 -> Radio | F211: ='RESUMEN TOTAL'!L217 -> 0 | G211: ='RESUMEN TOTAL'!M217 -> 0 | H211: ='RESUMEN TOTAL'!N217 -> 0 | I211: ='RESUMEN TOTAL'!O217 -> 0 | J211: ='RESUMEN TOTAL'!P217 -> 0 | K211: ='RESUMEN TOTAL'!Q217 -> 0 | L211: ='RESUMEN TOTAL'!R217 -> 0 | M211: ='RESUMEN TOTAL'!S217 -> 0 | ... AI211: ='RESUMEN TOTAL'!AO217 -> 0
A212: ='RESUMEN TOTAL'!A218 -> GOBERNADOR MONTEVERDE | B212: ='RESUMEN TOTAL'!B218 -> MON03 | C212: ='RESUMEN TOTAL'!D218 -> Senzabello y Guemes | D212: ='RESUMEN TOTAL'!E218 -> Domo | E212: ='RESUMEN TOTAL'!F218 -> Radio | F212: ='RESUMEN TOTAL'!L218 -> 0 | G212: ='RESUMEN TOTAL'!M218 -> 0 | H212: ='RESUMEN TOTAL'!N218 -> 0 | I212: ='RESUMEN TOTAL'!O218 -> 0 | J212: ='RESUMEN TOTAL'!P218 -> 0 | K212: ='RESUMEN TOTAL'!Q218 -> 0 | L212: ='RESUMEN TOTAL'!R218 -> 0 | M212: ='RESUMEN TOTAL'!S218 -> 0 | ... AI212: ='RESUMEN TOTAL'!AO218 -> 0
A213: ='RESUMEN TOTAL'!A219 -> GOBERNADOR MONTEVERDE | B213: ='RESUMEN TOTAL'!B219 -> MON04 | C213: ='RESUMEN TOTAL'!D219 -> Av. Yrigoyen y San Lorenzo | D213: ='RESUMEN TOTAL'!E219 -> Domo | E213: ='RESUMEN TOTAL'!F219 -> Radio | F213: ='RESUMEN TOTAL'!L219 -> 0 | G213: ='RESUMEN TOTAL'!M219 -> 0 | H213: ='RESUMEN TOTAL'!N219 -> 0 | I213: ='RESUMEN TOTAL'!O219 -> 0 | J213: ='RESUMEN TOTAL'!P219 -> 0 | K213: ='RESUMEN TOTAL'!Q219 -> 0 | L213: ='RESUMEN TOTAL'!R219 -> 0 | M213: ='RESUMEN TOTAL'!S219 -> 0 | ... AI213: ='RESUMEN TOTAL'!AO219 -> 0
... A268: ='RESUMEN TOTAL'!A274 -> RICARDO ROJAS | B268: ='RESUMEN TOTAL'!B274 -> RRJ 07 | C268: ='RESUMEN TOTAL'!D274 -> Constancio Vigil y Estanislao del Campo | D268: ='RESUMEN TOTAL'!E274 -> Domo | E268: ='RESUMEN TOTAL'!F274 -> Fibra Optica | F268: ='RESUMEN TOTAL'!L274 -> 0 | G268: ='RESUMEN TOTAL'!M274 -> 0 | H268: ='RESUMEN TOTAL'!N274 -> 0 | I268: ='RESUMEN TOTAL'!O274 -> 0 | J268: ='RESUMEN TOTAL'!P274 -> 0 | K268: ='RESUMEN TOTAL'!Q274 -> 0 | L268: ='RESUMEN TOTAL'!R274 -> 0 | M268: ='RESUMEN TOTAL'!S274 -> 0 | ... AI268: ='RESUMEN TOTAL'!AO274 -> 0
A269: ='RESUMEN TOTAL'!A275 -> RICARDO ROJAS | B269: ='RESUMEN TOTAL'!B275 -> RRJ 08 | C269: ='RESUMEN TOTAL'!D275 -> Constancio Vigil y Pablo Podesta | D269: ='RESUMEN TOTAL'!E275 -> Domo | E269: ='RESUMEN TOTAL'!F275 -> Fibra Optica | F269: ='RESUMEN TOTAL'!L275 -> 0 | G269: ='RESUMEN TOTAL'!M275 -> 0 | H269: ='RESUMEN TOTAL'!N275 -> 0 | I269: ='RESUMEN TOTAL'!O275 -> 0 | J269: ='RESUMEN TOTAL'!P275 -> 0 | K269: ='RESUMEN TOTAL'!Q275 -> 0 | L269: ='RESUMEN TOTAL'!R275 -> 0 | M269: ='RESUMEN TOTAL'!S275 -> 0 | ... U269: ='RESUMEN TOTAL'!AA275 -> 0 | V269: ='RESUMEN TOTAL'!AB276 -> 0 | W269: ='RESUMEN TOTAL'!AC275 -> 0 | X269: ='RESUMEN TOTAL'!AD275 -> 0 | Y269: ='RESUMEN TOTAL'!AE275 -> 0 | Z269: ='RESUMEN TOTAL'!AF275 -> 0 | AA269: ='RESUMEN TOTAL'!AG275 -> 0 | AB269: ='RESUMEN TOTAL'!AH275 -> 0 | AC269: ='RESUMEN TOTAL'!AI275 -> 0 | AD269: ='RESUMEN TOTAL'!AJ275 -> 0 | ... AI269: ='RESUMEN TOTAL'!AO275 -> 0
A270: ='RESUMEN TOTAL'!A276 -> RICARDO ROJAS | B270: ='RESUMEN TOTAL'!B276 -> RRJ 09 | C270: ='RESUMEN TOTAL'!D276 -> Constancio Vigil y Jose Ingeniero | D270: ='RESUMEN TOTAL'!E276 -> Domo | E270: ='RESUMEN TOTAL'!F276 -> Fibra Optica | F270: ='RESUMEN TOTAL'!L276 -> APAGADO | G270: ='RESUMEN TOTAL'!M276 -> 0 | H270: ='RESUMEN TOTAL'!N276 -> 0 | I270: ='RESUMEN TOTAL'!O276 -> 0 | J270: ='RESUMEN TOTAL'!P276 -> 0 | K270: ='RESUMEN TOTAL'!Q276 -> 0 | L270: ='RESUMEN TOTAL'!R276 -> 0 | M270: ='RESUMEN TOTAL'!S276 -> 0 | ... U270: ='RESUMEN TOTAL'!AA276 -> 0 | V270: ='RESUMEN TOTAL'!#REF! -> #REF! | W270: ='RESUMEN TOTAL'!AC276 -> 0 | X270: ='RESUMEN TOTAL'!AD276 -> 0 | Y270: ='RESUMEN TOTAL'!AE276 -> 0 | Z270: ='RESUMEN TOTAL'!AF276 -> 0 | AA270: ='RESUMEN TOTAL'!AG276 -> 0 | AB270: ='RESUMEN TOTAL'!AH276 -> 0 | AC270: ='RESUMEN TOTAL'!AI276 -> 0 | AD270: ='RESUMEN TOTAL'!AJ276 -> 0 | ... AI270: ='RESUMEN TOTAL'!AO276 -> 0
A271: ='RESUMEN TOTAL'!A277 -> RICARDO ROJAS | B271: ='RESUMEN TOTAL'!B277 -> RRJ 10 | C271: ='RESUMEN TOTAL'!D277 -> LUGONES Y OBLIGADO | D271: ='RESUMEN TOTAL'!E277 -> Domo | E271: ='RESUMEN TOTAL'!F277 -> Fibra Optica | F271: ='RESUMEN TOTAL'!L277 -> 0 | G271: ='RESUMEN TOTAL'!M277 -> 0 | H271: ='RESUMEN TOTAL'!N277 -> 0 | I271: ='RESUMEN TOTAL'!O277 -> 0 | J271: ='RESUMEN TOTAL'!P277 -> 0 | K271: ='RESUMEN TOTAL'!Q277 -> 0 | L271: ='RESUMEN TOTAL'!R277 -> 0 | M271: ='RESUMEN TOTAL'!S277 -> 0 | ... AI271: ='RESUMEN TOTAL'!AO277 -> 0
A272: ='RESUMEN TOTAL'!A278 -> RICARDO ROJAS | B272: ='RESUMEN TOTAL'!B278 -> RRJ 11 | C272: ='RESUMEN TOTAL'!D278 -> LUGONES Y OBLIGADO | D272: ='RESUMEN TOTAL'!E278 -> Domo | E272: ='RESUMEN TOTAL'!F278 -> Fibra Optica | F272: ='RESUMEN TOTAL'!L278 -> 0 | G272: ='RESUMEN TOTAL'!M278 -> 0 | H272: ='RESUMEN TOTAL'!N278 -> 0 | I272: ='RESUMEN TOTAL'!O278 -> 0 | J272: ='RESUMEN TOTAL'!P278 -> 0 | K272: ='RESUMEN TOTAL'!Q278 -> 0 | L272: ='RESUMEN TOTAL'!R278 -> 0 | M272: ='RESUMEN TOTAL'!S278 -> 0 | ... AI272: ='RESUMEN TOTAL'!AO278 -> 0
A273: ='RESUMEN TOTAL'!A279 -> RICARDO ROJAS | B273: ='RESUMEN TOTAL'!B279 -> RRJ 12 | C273: ='RESUMEN TOTAL'!D279 -> FADER Y DIAGONAL LOS POETAS | D273: ='RESUMEN TOTAL'!E279 -> DOMO | E273: ='RESUMEN TOTAL'!F279 -> Fibra Optica | F273: ='RESUMEN TOTAL'!L279 -> 0 | G273: ='RESUMEN TOTAL'!M279 -> 0 | H273: ='RESUMEN TOTAL'!N279 -> 0 | I273: ='RESUMEN TOTAL'!O279 -> 0 | J273: ='RESUMEN TOTAL'!P279 -> 0 | K273: ='RESUMEN TOTAL'!Q279 -> 0 | L273: ='RESUMEN TOTAL'!R279 -> 0 | M273: ='RESUMEN TOTAL'!S279 -> 0 | ... AI273: ='RESUMEN TOTAL'!AO279 -> 0
A274: ='RESUMEN TOTAL'!A280 -> RICARDO ROJAS | B274: ='RESUMEN TOTAL'!B280 -> RRJ 13 | C274: ='RESUMEN TOTAL'!D280 -> LUJAN Y DIAGONAL LOS POETAS | D274: ='RESUMEN TOTAL'!E280 -> Fija | E274: ='RESUMEN TOTAL'!F280 -> Fibra Optica | F274: ='RESUMEN TOTAL'!L280 -> 0 | G274: ='RESUMEN TOTAL'!M280 -> 0 | H274: ='RESUMEN TOTAL'!N280 -> 0 | I274: ='RESUMEN TOTAL'!O280 -> 0 | J274: ='RESUMEN TOTAL'!P280 -> 0 | K274: ='RESUMEN TOTAL'!Q280 -> 0 | L274: ='RESUMEN TOTAL'!R280 -> 0 | M274: ='RESUMEN TOTAL'!S280 -> 0 | ... AI274: ='RESUMEN TOTAL'!AO280 -> 0
A275: ='RESUMEN TOTAL'!A281 -> SANTA ANA | B275: ='RESUMEN TOTAL'!B281 -> SAN 02 | C275: ='RESUMEN TOTAL'!D281 -> HUDSON Y SUIPACHA | D275: ='RESUMEN TOTAL'!E281 -> Fija 2 | E275: ='RESUMEN TOTAL'!F281 -> Fibra Optica | F275: ='RESUMEN TOTAL'!L281 -> APAGADO | G275: ='RESUMEN TOTAL'!M281 -> 0 | H275: ='RESUMEN TOTAL'!N281 -> 0 | I275: ='RESUMEN TOTAL'!O281 -> 0 | J275: ='RESUMEN TOTAL'!P281 -> 0 | K275: ='RESUMEN TOTAL'!Q281 -> 0 | L275: ='RESUMEN TOTAL'!R281 -> 0 | M275: ='RESUMEN TOTAL'!S281 -> 0 | ... AI275: ='RESUMEN TOTAL'!AO281 -> 0
A276: ='RESUMEN TOTAL'!A282 -> SANTA ANA | B276: ='RESUMEN TOTAL'!B282 -> SAN01 | C276: ='RESUMEN TOTAL'!D282 -> HUDSON Y SUIPACHA | D276: ='RESUMEN TOTAL'!E282 -> Fija 1 | E276: ='RESUMEN TOTAL'!F282 -> Fibra Optica | F276: ='RESUMEN TOTAL'!L282 -> APAGADO | G276: ='RESUMEN TOTAL'!M282 -> 0 | H276: ='RESUMEN TOTAL'!N282 -> 0 | I276: ='RESUMEN TOTAL'!O282 -> 0 | J276: ='RESUMEN TOTAL'!P282 -> 0 | K276: ='RESUMEN TOTAL'!Q282 -> 0 | L276: ='RESUMEN TOTAL'!R282 -> 0 | M276: ='RESUMEN TOTAL'!S282 -> 0 | ... AI276: ='RESUMEN TOTAL'!AO282 -> 0
A277: ='RESUMEN TOTAL'!A283 -> PRESIDENTE SARMIENTO | B277: ='RESUMEN TOTAL'!B283 -> SAR01 | C277: ='RESUMEN TOTAL'!D283 -> Storni Y Sanchez de Loria | D277: ='RESUMEN TOTAL'!E283 -> Domo | E277: ='RESUMEN TOTAL'!F283 -> Fibra Optica | F277: ='RESUMEN TOTAL'!L283 -> 0 | G277: ='RESUMEN TOTAL'!M283 -> 0 | H277: ='RESUMEN TOTAL'!N283 -> 0 | I277: ='RESUMEN TOTAL'!O283 -> 0 | J277: ='RESUMEN TOTAL'!P283 -> 0 | K277: ='RESUMEN TOTAL'!Q283 -> 0 | L277: ='RESUMEN TOTAL'!R283 -> 0 | M277: ='RESUMEN TOTAL'!S283 -> 0 | ... AI277: ='RESUMEN TOTAL'!AO283 -> 0
A278: ='RESUMEN TOTAL'!A284 -> PRESIDENTE SARMIENTO | B278: ='RESUMEN TOTAL'!B284 -> SAR 02 (fija 1) | C278: ='RESUMEN TOTAL'!D284 -> DARDO ROCHA Y GABRIELA MISTRAL | D278: ='RESUMEN TOTAL'!E284 -> Fija | E278: ='RESUMEN TOTAL'!F284 -> Fibra Optica | F278: ='RESUMEN TOTAL'!L284 -> 0 | G278: ='RESUMEN TOTAL'!M284 -> 0 | H278: ='RESUMEN TOTAL'!N284 -> 0 | I278: ='RESUMEN TOTAL'!O284 -> 0 | J278: ='RESUMEN TOTAL'!P284 -> 0 | K278: ='RESUMEN TOTAL'!Q284 -> 0 | L278: ='RESUMEN TOTAL'!R284 -> 0 | M278: ='RESUMEN TOTAL'!S284 -> 0 | ... AI278: ='RESUMEN TOTAL'!AO284 -> 0
A279: ='RESUMEN TOTAL'!A285 -> PRESIDENTE SARMIENTO | B279: ='RESUMEN TOTAL'!B285 -> SAR 03 (fija 2) | C279: ='RESUMEN TOTAL'!D285 -> DARDO ROCHA Y GABRIELA MISTRAL | D279: ='RESUMEN TOTAL'!E285 -> Fija | E279: ='RESUMEN TOTAL'!F285 -> Fibra Optica | F279: ='RESUMEN TOTAL'!L285 -> 0 | G279: ='RESUMEN TOTAL'!M285 -> 0 | H279: ='RESUMEN TOTAL'!N285 -> 0 | I279: ='RESUMEN TOTAL'!O285 -> 0 | J279: ='RESUMEN TOTAL'!P285 -> 0 | K279: ='RESUMEN TOTAL'!Q285 -> 0 | L279: ='RESUMEN TOTAL'!R285 -> 0 | M279: ='RESUMEN TOTAL'!S285 -> 0 | ... AI279: ='RESUMEN TOTAL'!AO285 -> 0
A280: ='RESUMEN TOTAL'!A286 -> PRESIDENTE SARMIENTO | B280: ='RESUMEN TOTAL'!B286 -> SAR 04 | C280: ='RESUMEN TOTAL'!D286 -> MONTES DE OCA Y ALVARADO | D280: ='RESUMEN TOTAL'!E286 -> Domo | E280: ='RESUMEN TOTAL'!F286 -> Fibra Optica | F280: ='RESUMEN TOTAL'!L286 -> 0 | G280: ='RESUMEN TOTAL'!M286 -> 0 | H280: ='RESUMEN TOTAL'!N286 -> 0 | I280: ='RESUMEN TOTAL'!O286 -> 0 | J280: ='RESUMEN TOTAL'!P286 -> 0 | K280: ='RESUMEN TOTAL'!Q286 -> 0 | L280: ='RESUMEN TOTAL'!R286 -> 0 | M280: ='RESUMEN TOTAL'!S286 -> 0 | ... AI280: ='RESUMEN TOTAL'!AO286 -> 0
A281: ='RESUMEN TOTAL'!A287 -> PRESIDENTE SARMIENTO | B281: ='RESUMEN TOTAL'!B287 -> SAR 05 | C281: ='RESUMEN TOTAL'!D287 -> ALVARADO Y ROCHA | D281: ='RESUMEN TOTAL'!E287 -> Domo | E281: ='RESUMEN TOTAL'!F287 -> Fibra Optica | F281: ='RESUMEN TOTAL'!L287 -> 0 | G281: ='RESUMEN TOTAL'!M287 -> 0 | H281: ='RESUMEN TOTAL'!N287 -> 0 | I281: ='RESUMEN TOTAL'!O287 -> 0 | J281: ='RESUMEN TOTAL'!P287 -> 0 | K281: ='RESUMEN TOTAL'!Q287 -> 0 | L281: ='RESUMEN TOTAL'!R287 -> 0 | M281: ='RESUMEN TOTAL'!S287 -> 0 | ... AI281: ='RESUMEN TOTAL'!AO287 -> 0
A282: ='RESUMEN TOTAL'!A288 -> PRESIDENTE SARMIENTO | B282: ='RESUMEN TOTAL'!B288 -> SAR 06 | C282: ='RESUMEN TOTAL'!D288 -> Necochea y Lorenzini | D282: ='RESUMEN TOTAL'!E288 -> Fija | E282: ='RESUMEN TOTAL'!F288 -> Fibra Optica | F282: ='RESUMEN TOTAL'!L288 -> 0 | G282: ='RESUMEN TOTAL'!M288 -> 0 | H282: ='RESUMEN TOTAL'!N288 -> 0 | I282: ='RESUMEN TOTAL'!O288 -> 0 | J282: ='RESUMEN TOTAL'!P288 -> 0 | K282: ='RESUMEN TOTAL'!Q288 -> 0 | L282: ='RESUMEN TOTAL'!R288 -> 0 | M282: ='RESUMEN TOTAL'!S288 -> 0 | ... AI282: ='RESUMEN TOTAL'!AO288 -> 0
... A295: ='RESUMEN TOTAL'!A301 -> SAN EMILIO | B295: ='RESUMEN TOTAL'!B301 -> SEMI05 | C295: ='RESUMEN TOTAL'!D301 -> Av Del Trabajo y Carlos Gardel | D295: ='RESUMEN TOTAL'!E301 -> DOMO | E295: ='RESUMEN TOTAL'!F301 -> PTO A FO | F295: ='RESUMEN TOTAL'!L301 -> 0 | G295: ='RESUMEN TOTAL'!M301 -> 0 | H295: ='RESUMEN TOTAL'!N301 -> 0 | I295: ='RESUMEN TOTAL'!O301 -> 0 | J295: ='RESUMEN TOTAL'!P301 -> 0 | K295: ='RESUMEN TOTAL'!Q301 -> 0 | L295: ='RESUMEN TOTAL'!R301 -> 0 | M295: ='RESUMEN TOTAL'!S301 -> 0 | ... AI295: ='RESUMEN TOTAL'!AO301 -> 0
A296: ='RESUMEN TOTAL'!A303 -> LA SIRENA | B296: ='RESUMEN TOTAL'!B303 -> SIR01 | C296: ='RESUMEN TOTAL'!D303 -> Moran y Calle 14 | D296: ='RESUMEN TOTAL'!E303 -> DOMO | E296: ='RESUMEN TOTAL'!F303 -> Radio | F296: ='RESUMEN TOTAL'!L303 -> 0 | G296: ='RESUMEN TOTAL'!M303 -> 0 | H296: ='RESUMEN TOTAL'!N303 -> 0 | I296: ='RESUMEN TOTAL'!O303 -> 0 | J296: ='RESUMEN TOTAL'!P303 -> 0 | K296: ='RESUMEN TOTAL'!Q303 -> 0 | L296: ='RESUMEN TOTAL'!R303 -> 0 | M296: ='RESUMEN TOTAL'!S303 -> 0 | ... AI296: ='RESUMEN TOTAL'!AO303 -> 0
A297: ='RESUMEN TOTAL'!A304 -> SAN EDUARDO | B297: ='RESUMEN TOTAL'!B304 -> SIR 02 | C297: ='RESUMEN TOTAL'!D304 -> Victorino de la Plaza y Argentina | D297: ='RESUMEN TOTAL'!E304 -> Domo | E297: ='RESUMEN TOTAL'!F304 -> Radio | F297: ='RESUMEN TOTAL'!L304 -> 0 | G297: ='RESUMEN TOTAL'!M304 -> 0 | H297: ='RESUMEN TOTAL'!N304 -> 0 | I297: ='RESUMEN TOTAL'!O304 -> 0 | J297: ='RESUMEN TOTAL'!P304 -> 0 | K297: ='RESUMEN TOTAL'!Q304 -> 0 | L297: ='RESUMEN TOTAL'!R304 -> 0 | M297: ='RESUMEN TOTAL'!S304 -> 0 | ... AI297: ='RESUMEN TOTAL'!AO304 -> 0
A298: ='RESUMEN TOTAL'!A305 -> SAN EDUARDO | B298: ='RESUMEN TOTAL'!B305 -> SIR 03 | C298: ='RESUMEN TOTAL'!D305 -> MONTES Y LONARDI | D298: ='RESUMEN TOTAL'!E305 -> DOMO | E298: ='RESUMEN TOTAL'!F305 -> Radio | F298: ='RESUMEN TOTAL'!L305 -> 0 | G298: ='RESUMEN TOTAL'!M305 -> 0 | H298: ='RESUMEN TOTAL'!N305 -> 0 | I298: ='RESUMEN TOTAL'!O305 -> 0 | J298: ='RESUMEN TOTAL'!P305 -> 0 | K298: ='RESUMEN TOTAL'!Q305 -> 0 | L298: ='RESUMEN TOTAL'!R305 -> 0 | M298: ='RESUMEN TOTAL'!S305 -> 0 | ... AI298: ='RESUMEN TOTAL'!AO305 -> 0
...

Sheet APAGADOS RADIO
C1: TOTAL RADIO | D1: =COUNTIFS(E4:E400,"=radio") -> 89
E2: APAGADOS | F2: =COUNTIFS(F4:F500, "=APAGADO",E4:E500,"=radio") -> 7 | G2: =COUNTIFS(G4:G500, "=APAGADO",E4:E500,"=radio") -> 0 | H2: =COUNTIFS(H4:H500, "=APAGADO",E4:E500,"=radio") -> 0 | I2: =COUNTIFS(I4:I600, "=APAGADO",E4:E600,"=radio") -> 0 | J2: =COUNTIFS(J4:J500, "=APAGADO",E4:E500,"=radio") -> 0 | K2: =COUNTIFS(K4:K500, "=APAGADO",E4:E500,"=radio") -> 0 | L2: =COUNTIFS(L4:L500, "=APAGADO",E4:E500,"=radio") -> 0 | M2: =COUNTIFS(M4:M500, "=APAGADO",E4:E500,"=radio") -> 0 | N2: =COUNTIFS(N4:N500, "=APAGADO",E4:E500,"=radio") -> 0 | O2: =COUNTIFS(O4:O500, "=APAGADO",E4:E500,"=radio") -> 0 | P2: =COUNTIFS(P4:P500, "=APAGADO",E4:E500,"=radio") -> 0 | Q2: =COUNTIFS(Q4:Q367, "=APAGADO",E4:E367,"=radio") -> 0 | R2: =COUNTIFS(R4:R500, "=APAGADO",E4:E500,"=radio") -> 0 | S2: =COUNTIFS(S4:S500, "=APAGADO",E4:E500,"=radio") -> 0 | T2: =COUNTIFS(T4:T500, "=APAGADO",E4:E500,"=radio") -> 0 | U2: =COUNTIFS(U4:U500, "=APAGADO",E4:E500,"=radio") -> 0 | V2: =COUNTIFS(V4:V500, "=APAGADO",E4:E500,"=radio") -> 0 | W2: =COUNTIFS(W4:W500, "=APAGADO",E4:E500,"=radio") -> 0 | X2: =COUNTIFS(X4:X500, "=APAGADO",E4:E500,"=radio") -> 0 | Y2: =COUNTIFS(Y4:Y500, "=APAGADO",E4:E500,"=radio") -> 0 | Z2: =COUNTIFS(Z4:Z500, "=APAGADO",E4:E500,"=radio") -> 0 | AA2: =COUNTIFS(AA4:AA500, "=APAGADO",E4:E500,"=radio") -> 0 | AB2: =COUNTIFS(AB4:AB500, "=APAGADO",E4:E500,"=radio") -> 0 | AC2: =COUNTIFS(AC4:AC600, "=APAGADO",E4:E600,"=radio") -> 0 | AD2: =COUNTIFS(AD4:AD500, "=APAGADO",E4:E500,"=radio") -> 0 | AE2: =COUNTIFS(AE4:AE500, "=APAGADO",E4:E500,"=radio") -> 0 | AF2: =COUNTIFS(AF4:AF600, "=APAGADO",E4:E600,"=radio") -> 0 | AG2: =COUNTIFS(AG4:AG500, "=APAGADO",E4:E500,"=radio") -> 0 | AH2: =COUNTIFS(AH4:AH600, "=APAGADO",E4:E600,"=radio") -> 0 | AI2: =COUNTIFS(AI4:AI500, "=APAGADO",F4:F500,"=radio") -> 0
A3: =ESTADISTICA!A1 -> Barrio | B3: =ESTADISTICA!B1 -> [Denominacion] | C3: =ESTADISTICA!C1 -> [Ubicacion] | D3: =ESTADISTICA!D1 -> [Tipo de Camara] | E3: =ESTADISTICA!E1 -> [Tipo de Conexion] | F3: =ESTADISTICA!F1 -> 45413 | G3: =ESTADISTICA!G1 -> 45414 | H3: =ESTADISTICA!H1 -> 45415 | ... AH3: =ESTADISTICA!AH1 -> 45441 | AI3: 121
A4: ='RESUMEN TOTAL'!A7 -> ALTAMIRA | B4: ='RESUMEN TOTAL'!B7 -> ALT 03 | C4: ='RESUMEN TOTAL'!D7 -> Bombero Galarza y Necochea | D4: ='RESUMEN TOTAL'!E7 -> Domo | E4: ='RESUMEN TOTAL'!F7 -> Fibra Optica | F4: ='RESUMEN TOTAL'!L7 -> 0 | G4: ='RESUMEN TOTAL'!M7 -> 0 | H4: ='RESUMEN TOTAL'!N7 -> 0 | I4: ='RESUMEN TOTAL'!O7 -> 0 | J4: ='RESUMEN TOTAL'!P7 -> 0 | K4: ='RESUMEN TOTAL'!Q7 -> 0 | L4: ='RESUMEN TOTAL'!R7 -> 0 | M4: ='RESUMEN TOTAL'!S7 -> 0 | ... AI4: ='RESUMEN TOTAL'!AO7 -> 0
A5: ='RESUMEN TOTAL'!A8 -> ALTAMIRA | B5: ='RESUMEN TOTAL'!B8 -> ALT 04 | C5: ='RESUMEN TOTAL'!D8 -> Francia y Necochea | D5: ='RESUMEN TOTAL'!E8 -> Domo | E5: ='RESUMEN TOTAL'!F8 -> Fibra Optica | F5: ='RESUMEN TOTAL'!L8 -> 0 | G5: ='RESUMEN TOTAL'!M8 -> 0 | H5: ='RESUMEN TOTAL'!N8 -> 0 | I5: ='RESUMEN TOTAL'!O8 -> 0 | J5: ='RESUMEN TOTAL'!P8 -> 0 | K5: ='RESUMEN TOTAL'!Q8 -> 0 | L5: ='RESUMEN TOTAL'!R8 -> 0 | M5: ='RESUMEN TOTAL'!S8 -> 0 | ... AI5: ='RESUMEN TOTAL'!AO8 -> 0
A6: ='RESUMEN TOTAL'!A9 -> ALTAMIRA | B6: ='RESUMEN TOTAL'!B9 -> ALT05 | C6: ='RESUMEN TOTAL'!D9 -> Av. Calchaqui y Bombero Galarza | D6: ='RESUMEN TOTAL'!E9 -> Domo | E6: ='RESUMEN TOTAL'!F9 -> PTO A FO | F6: ='RESUMEN TOTAL'!L9 -> 0 | G6: ='RESUMEN TOTAL'!M9 -> 0 | H6: ='RESUMEN TOTAL'!N9 -> 0 | I6: ='RESUMEN TOTAL'!O9 -> 0 | J6: ='RESUMEN TOTAL'!P9 -> 0 | K6: ='RESUMEN TOTAL'!Q9 -> 0 | L6: ='RESUMEN TOTAL'!R9 -> 0 | M6: ='RESUMEN TOTAL'!S9 -> 0 | ... AI6: ='RESUMEN TOTAL'!AO9 -> 0
A7: ='RESUMEN TOTAL'!A10 -> ALTAMIRA | B7: ='RESUMEN TOTAL'!B10 -> ALT 06 | C7: ='RESUMEN TOTAL'!D10 -> LOPE DE VEGA Y NECOCHEA | D7: ='RESUMEN TOTAL'!E10 -> Domo | E7: ='RESUMEN TOTAL'!F10 -> PTO A FO | F7: ='RESUMEN TOTAL'!L10 -> 0 | G7: ='RESUMEN TOTAL'!M10 -> 0 | H7: ='RESUMEN TOTAL'!N10 -> 0 | I7: ='RESUMEN TOTAL'!O10 -> 0 | J7: ='RESUMEN TOTAL'!P10 -> 0 | K7: ='RESUMEN TOTAL'!Q10 -> 0 | L7: ='RESUMEN TOTAL'!R10 -> 0 | M7: ='RESUMEN TOTAL'!S10 -> 0 | ... AI7: ='RESUMEN TOTAL'!AO10 -> 0
A8: ='RESUMEN TOTAL'!A11 -> ALTAMIRA | B8: ='RESUMEN TOTAL'!B11 -> ALT07 | C8: ='RESUMEN TOTAL'!D11 -> AV. CALCHAQUI Y AV. DEL TRABAJO | D8: ='RESUMEN TOTAL'!E11 -> DOMO | E8: ='RESUMEN TOTAL'!F11 -> PTO A FO | F8: ='RESUMEN TOTAL'!L11 -> 0 | G8: ='RESUMEN TOTAL'!M11 -> 0 | H8: ='RESUMEN TOTAL'!N11 -> 0 | I8: ='RESUMEN TOTAL'!O11 -> 0 | J8: ='RESUMEN TOTAL'!P11 -> 0 | K8: ='RESUMEN TOTAL'!Q11 -> 0 | L8: ='RESUMEN TOTAL'!R11 -> 0 | M8: ='RESUMEN TOTAL'!S11 -> 0 | ... AI8: ='RESUMEN TOTAL'!AO11 -> 0
A9: ='RESUMEN TOTAL'!A12 -> ALTAMIRA | B9: ='RESUMEN TOTAL'!B12 -> ALT 08 | C9: ='RESUMEN TOTAL'!D12 -> HUMAITA Y NECOCHEA | D9: ='RESUMEN TOTAL'!E12 -> DOMO | E9: ='RESUMEN TOTAL'!F12 -> Fibra Optica | F9: ='RESUMEN TOTAL'!L12 -> 0 | G9: ='RESUMEN TOTAL'!M12 -> 0 | H9: ='RESUMEN TOTAL'!N12 -> 0 | I9: ='RESUMEN TOTAL'!O12 -> 0 | J9: ='RESUMEN TOTAL'!P12 -> 0 | K9: ='RESUMEN TOTAL'!Q12 -> 0 | L9: ='RESUMEN TOTAL'!R12 -> 0 | M9: ='RESUMEN TOTAL'!S12 -> 0 | ... AI9: ='RESUMEN TOTAL'!AO12 -> 0
A10: ='RESUMEN TOTAL'!A13 -> ALTAMIRA | B10: ='RESUMEN TOTAL'!B13 -> ALT 09 | C10: ='RESUMEN TOTAL'!D13 -> NECOCHEA Y CURUPAITY | D10: ='RESUMEN TOTAL'!E13 -> DOMO | E10: ='RESUMEN TOTAL'!F13 -> Fibra Optica | F10: ='RESUMEN TOTAL'!L13 -> APAGADO | G10: ='RESUMEN TOTAL'!M13 -> 0 | H10: ='RESUMEN TOTAL'!N13 -> 0 | I10: ='RESUMEN TOTAL'!O13 -> 0 | J10: ='RESUMEN TOTAL'!P13 -> 0 | K10: ='RESUMEN TOTAL'!Q13 -> 0 | L10: ='RESUMEN TOTAL'!R13 -> 0 | M10: ='RESUMEN TOTAL'!S13 -> 0 | ... AI10: ='RESUMEN TOTAL'!AO13 -> 0
A11: ='RESUMEN TOTAL'!A14 -> ALTAMIRA | B11: ='RESUMEN TOTAL'!B14 -> ALT 10 | C11: ='RESUMEN TOTAL'!D14 -> Calchaqui y Francia | D11: ='RESUMEN TOTAL'!E14 -> Domo | E11: ='RESUMEN TOTAL'!F14 -> Radio | F11: ='RESUMEN TOTAL'!L14 -> 0 | G11: ='RESUMEN TOTAL'!M14 -> 0 | H11: ='RESUMEN TOTAL'!N14 -> 0 | I11: ='RESUMEN TOTAL'!O14 -> 0 | J11: ='RESUMEN TOTAL'!P14 -> 0 | K11: ='RESUMEN TOTAL'!Q14 -> 0 | L11: ='RESUMEN TOTAL'!R14 -> 0 | M11: ='RESUMEN TOTAL'!S14 -> 0 | ... AI11: ='RESUMEN TOTAL'!AO14 -> 0
A12: ='RESUMEN TOTAL'!A15 -> AGUSTIN RAMIREZ | B12: ='RESUMEN TOTAL'!B15 -> ARA 01 | C12: ='RESUMEN TOTAL'!D15 -> Malambo y Tranquera | D12: ='RESUMEN TOTAL'!E15 -> Domo | E12: ='RESUMEN TOTAL'!F15 -> Fibra Optica | F12: ='RESUMEN TOTAL'!L15 -> 0 | G12: ='RESUMEN TOTAL'!M15 -> 0 | H12: ='RESUMEN TOTAL'!N15 -> 0 | I12: ='RESUMEN TOTAL'!O15 -> 0 | J12: ='RESUMEN TOTAL'!P15 -> 0 | K12: ='RESUMEN TOTAL'!Q15 -> 0 | L12: ='RESUMEN TOTAL'!R15 -> 0 | M12: ='RESUMEN TOTAL'!S15 -> 0 | ... AI12: ='RESUMEN TOTAL'!AO15 -> 0
A13: ='RESUMEN TOTAL'!A16 -> BELGRANO | B13: ='RESUMEN TOTAL'!B16 -> BEL 01 | C13: ='RESUMEN TOTAL'!D16 -> San Martin y Dardo Rocha | D13: ='RESUMEN TOTAL'!E16 -> DOMO | E13: ='RESUMEN TOTAL'!F16 -> Fibra Optica | F13: ='RESUMEN TOTAL'!L16 -> APAGADO | G13: ='RESUMEN TOTAL'!M16 -> 0 | H13: ='RESUMEN TOTAL'!N16 -> 0 | I13: ='RESUMEN TOTAL'!O16 -> 0 | J13: ='RESUMEN TOTAL'!P16 -> 0 | K13: ='RESUMEN TOTAL'!Q16 -> 0 | L13: ='RESUMEN TOTAL'!R16 -> 0 | M13: ='RESUMEN TOTAL'!S16 -> 0 | ... AI13: ='RESUMEN TOTAL'!AO16 -> 0
A14: ='RESUMEN TOTAL'!A17 -> BELGRANO | B14: ='RESUMEN TOTAL'!B17 -> BEL 02 | C14: ='RESUMEN TOTAL'!D17 -> Guardia vieja y Fronteriz | D14: ='RESUMEN TOTAL'!E17 -> DOMO | E14: ='RESUMEN TOTAL'!F17 -> Fibra Optica | F14: ='RESUMEN TOTAL'!L17 -> APAGADO | G14: ='RESUMEN TOTAL'!M17 -> 0 | H14: ='RESUMEN TOTAL'!N17 -> 0 | I14: ='RESUMEN TOTAL'!O17 -> 0 | J14: ='RESUMEN TOTAL'!P17 -> 0 | K14: ='RESUMEN TOTAL'!Q17 -> 0 | L14: ='RESUMEN TOTAL'!R17 -> 0 | M14: ='RESUMEN TOTAL'!S17 -> 0 | ... AI14: ='RESUMEN TOTAL'!AO17 -> 0
A15: ='RESUMEN TOTAL'!A18 -> BOSQUES CENTRO | B15: ='RESUMEN TOTAL'!B18 -> BOSQC 01 | C15: ='RESUMEN TOTAL'!D18 -> LUIS AGOTE E/DANUNCIO Y CAMPOAMOR | D15: ='RESUMEN TOTAL'!E18 -> Fija | E15: ='RESUMEN TOTAL'!F18 -> Radio | F15: ='RESUMEN TOTAL'!L18 -> 0 | G15: ='RESUMEN TOTAL'!M18 -> 0 | H15: ='RESUMEN TOTAL'!N18 -> 0 | I15: ='RESUMEN TOTAL'!O18 -> 0 | J15: ='RESUMEN TOTAL'!P18 -> 0 | K15: ='RESUMEN TOTAL'!Q18 -> 0 | L15: ='RESUMEN TOTAL'!R18 -> 0 | M15: ='RESUMEN TOTAL'!S18 -> 0 | ... AI15: ='RESUMEN TOTAL'!AO18 -> 0
... A67: ='RESUMEN TOTAL'!A70 -> CENTRO | B67: ='RESUMEN TOTAL'!B70 -> CEN47 | C67: ='RESUMEN TOTAL'!D70 -> Sallares y Brown | D67: ='RESUMEN TOTAL'!E70 -> Domo | E67: ='RESUMEN TOTAL'!F70 -> Fibra Optica | F67: ='RESUMEN TOTAL'!L70 -> 0 | G67: ='RESUMEN TOTAL'!M70 -> 0 | H67: ='RESUMEN TOTAL'!N70 -> 0 | I67: ='RESUMEN TOTAL'!O70 -> 0 | J67: ='RESUMEN TOTAL'!P70 -> 0 | K67: ='RESUMEN TOTAL'!Q70 -> 0 | L67: ='RESUMEN TOTAL'!R70 -> 0 | M67: ='RESUMEN TOTAL'!S70 -> 0 | ... AI67: ='RESUMEN TOTAL'!AO70 -> 0
A68: ='RESUMEN TOTAL'!A71 -> CENTRO | B68: ='RESUMEN TOTAL'!B71 -> CEN48 | C68: ='RESUMEN TOTAL'!D71 -> Velez Sarsfield y Las Heras | D68: ='RESUMEN TOTAL'!E71 -> Domo | E68: ='RESUMEN TOTAL'!F71 -> Radio | F68: ='RESUMEN TOTAL'!L71 -> 0 | G68: ='RESUMEN TOTAL'!M71 -> 0 | H68: ='RESUMEN TOTAL'!N71 -> 0 | I68: ='RESUMEN TOTAL'!O71 -> 0 | J68: ='RESUMEN TOTAL'!P71 -> 0 | K68: ='RESUMEN TOTAL'!Q71 -> 0 | L68: ='RESUMEN TOTAL'!R71 -> 0 | M68: ='RESUMEN TOTAL'!S71 -> 0 | ... Z68: ='RESUMEN TOTAL'!AF71 -> 0 | AA68: ='RESUMEN TOTAL'!AG548 -> 0 | AB68: ='RESUMEN TOTAL'!AH71 -> 0 | AC68: ='RESUMEN TOTAL'!AI71 -> 0 | AD68: ='RESUMEN TOTAL'!AJ71 -> 0 | AE68: ='RESUMEN TOTAL'!AK71 -> 0 | AF68: ='RESUMEN TOTAL'!AL71 -> 0 | AG68: ='RESUMEN TOTAL'!AM71 -> 0 | AH68: ='RESUMEN TOTAL'!AN71 -> 0 | AI68: ='RESUMEN TOTAL'!AO71 -> 0
A69: ='RESUMEN TOTAL'!A72 -> CENTRO | B69: ='RESUMEN TOTAL'!B72 -> CEN49 | C69: ='RESUMEN TOTAL'!D72 -> Av. San Martin y Florencio Sanchez | D69: ='RESUMEN TOTAL'!E72 -> Domo | E69: ='RESUMEN TOTAL'!F72 -> Radio | F69: ='RESUMEN TOTAL'!L72 -> 0 | G69: ='RESUMEN TOTAL'!M72 -> 0 | H69: ='RESUMEN TOTAL'!N72 -> 0 | I69: ='RESUMEN TOTAL'!O72 -> 0 | J69: ='RESUMEN TOTAL'!P72 -> 0 | K69: ='RESUMEN TOTAL'!Q72 -> 0 | L69: ='RESUMEN TOTAL'!R72 -> 0 | M69: ='RESUMEN TOTAL'!S72 -> 0 | ... AI69: ='RESUMEN TOTAL'!AO72 -> 0
A70: ='RESUMEN TOTAL'!A73 -> CENTRO | B70: ='RESUMEN TOTAL'!B73 -> CEN 50 | C70: ='RESUMEN TOTAL'!D73 -> Av. San Martin y Newbery | D70: ='RESUMEN TOTAL'!E73 -> Domo | E70: ='RESUMEN TOTAL'!F73 -> Radio | F70: ='RESUMEN TOTAL'!L73 -> 0 | G70: ='RESUMEN TOTAL'!M73 -> 0 | H70: ='RESUMEN TOTAL'!N73 -> 0 | I70: ='RESUMEN TOTAL'!O73 -> 0 | J70: ='RESUMEN TOTAL'!P73 -> 0 | K70: ='RESUMEN TOTAL'!Q73 -> 0 | L70: ='RESUMEN TOTAL'!R73 -> 0 | M70: ='RESUMEN TOTAL'!S73 -> 0 | ... AI70: ='RESUMEN TOTAL'!AO73 -> 0
A71: ='RESUMEN TOTAL'!A74 -> CENTRO | B71: ='RESUMEN TOTAL'!B74 -> CEN 51 | C71: ='RESUMEN TOTAL'!D74 -> ILLIA Y LAS HERAS | D71: ='RESUMEN TOTAL'!E74 -> FIJA | E71: ='RESUMEN TOTAL'!F74 -> Fibra Optica | F71: ='RESUMEN TOTAL'!L74 -> 0 | G71: ='RESUMEN TOTAL'!M74 -> 0 | H71: ='RESUMEN TOTAL'!N74 -> 0 | I71: ='RESUMEN TOTAL'!O74 -> 0 | J71: ='RESUMEN TOTAL'!P74 -> 0 | K71: ='RESUMEN TOTAL'!Q74 -> 0 | L71: ='RESUMEN TOTAL'!R74 -> 0 | M71: ='RESUMEN TOTAL'!S74 -> 0 | ... AI71: ='RESUMEN TOTAL'!AO74 -> 0
A72: ='RESUMEN TOTAL'!A75 -> CENTRO | B72: ='RESUMEN TOTAL'!B75 -> CEN52 | C72: ='RESUMEN TOTAL'!D75 -> San Martin y Almafuerte (ex San Martin y Dorrego) | D72: ='RESUMEN TOTAL'!E75 -> DOMO | E72: ='RESUMEN TOTAL'!F75 -> Radio | F72: ='RESUMEN TOTAL'!L75 -> 0 | G72: ='RESUMEN TOTAL'!M75 -> 0 | H72: ='RESUMEN TOTAL'!N75 -> 0 | I72: ='RESUMEN TOTAL'!O75 -> 0 | J72: ='RESUMEN TOTAL'!P75 -> 0 | K72: ='RESUMEN TOTAL'!Q75 -> 0 | L72: ='RESUMEN TOTAL'!R75 -> 0 | M72: ='RESUMEN TOTAL'!S75 -> 0 | ... AI72: ='RESUMEN TOTAL'!AO75 -> 0
A73: ='RESUMEN TOTAL'!A76 -> CENTRO | B73: ='RESUMEN TOTAL'!B76 -> CEN 53 | C73: ='RESUMEN TOTAL'!D76 -> GUTIERREZ Y BROWN | D73: ='RESUMEN TOTAL'!E76 -> Domo | E73: ='RESUMEN TOTAL'!F76 -> Radio | F73: ='RESUMEN TOTAL'!L76 -> 0 | G73: ='RESUMEN TOTAL'!M76 -> 0 | H73: ='RESUMEN TOTAL'!N76 -> 0 | I73: ='RESUMEN TOTAL'!O76 -> 0 | J73: ='RESUMEN TOTAL'!P76 -> 0 | K73: ='RESUMEN TOTAL'!Q76 -> 0 | L73: ='RESUMEN TOTAL'!R76 -> 0 | M73: ='RESUMEN TOTAL'!S76 -> 0 | ... AI73: ='RESUMEN TOTAL'!AO76 -> 0
A74: ='RESUMEN TOTAL'!A77 -> CENTRO | B74: ='RESUMEN TOTAL'!B77 -> CEN 54 | C74: ='RESUMEN TOTAL'!D77 -> GUTIERREZ Y PRINGLES | D74: ='RESUMEN TOTAL'!E77 -> Domo | E74: ='RESUMEN TOTAL'!F77 -> Radio | F74: ='RESUMEN TOTAL'!L77 -> 0 | G74: ='RESUMEN TOTAL'!M77 -> 0 | H74: ='RESUMEN TOTAL'!N77 -> 0 | I74: ='RESUMEN TOTAL'!O77 -> 0 | J74: ='RESUMEN TOTAL'!P77 -> 0 | K74: ='RESUMEN TOTAL'!Q77 -> 0 | L74: ='RESUMEN TOTAL'!R77 -> 0 | M74: ='RESUMEN TOTAL'!S77 -> 0 | ... AI74: ='RESUMEN TOTAL'!AO77 -> 0
A75: ='RESUMEN TOTAL'!A78 -> CENTRO | B75: ='RESUMEN TOTAL'!B78 -> CEN 55 | C75: ='RESUMEN TOTAL'!D78 -> BOUREL Y URQUIZA | D75: ='RESUMEN TOTAL'!E78 -> Domo | E75: ='RESUMEN TOTAL'!F78 -> Radio | F75: ='RESUMEN TOTAL'!L78 -> 0 | G75: ='RESUMEN TOTAL'!M78 -> 0 | H75: ='RESUMEN TOTAL'!N78 -> 0 | I75: ='RESUMEN TOTAL'!O78 -> 0 | J75: ='RESUMEN TOTAL'!P78 -> 0 | K75: ='RESUMEN TOTAL'!Q78 -> 0 | L75: ='RESUMEN TOTAL'!R78 -> 0 | M75: ='RESUMEN TOTAL'!S78 -> 0 | ... AI75: ='RESUMEN TOTAL'!AO78 -> 0
A76: ='RESUMEN TOTAL'!A79 -> CENTRO | B76: ='RESUMEN TOTAL'!B79 -> CEN 56 | C76: ='RESUMEN TOTAL'!D79 -> Newbery y Falucho | D76: ='RESUMEN TOTAL'!E79 -> DOMO | E76: ='RESUMEN TOTAL'!F79 -> Radio | F76: ='RESUMEN TOTAL'!L79 -> 0 | G76: ='RESUMEN TOTAL'!M79 -> 0 | H76: ='RESUMEN TOTAL'!N79 -> 0 | I76: ='RESUMEN TOTAL'!O79 -> 0 | J76: ='RESUMEN TOTAL'!P79 -> 0 | K76: ='RESUMEN TOTAL'!Q79 -> 0 | L76: ='RESUMEN TOTAL'!R79 -> 0 | M76: ='RESUMEN TOTAL'!S79 -> 0 | ... AI76: ='RESUMEN TOTAL'!AO79 -> 0
A77: ='RESUMEN TOTAL'!A80 -> CENTRO | B77: ='RESUMEN TOTAL'!B80 -> CEN 57 | C77: ='RESUMEN TOTAL'!D80 -> 25 DE MAYO Y DORREGO | D77: ='RESUMEN TOTAL'!E80 -> DOMO | E77: ='RESUMEN TOTAL'!F80 -> Radio | F77: ='RESUMEN TOTAL'!L80 -> 0 | G77: ='RESUMEN TOTAL'!M80 -> 0 | H77: ='RESUMEN TOTAL'!N80 -> 0 | I77: ='RESUMEN TOTAL'!O80 -> 0 | J77: ='RESUMEN TOTAL'!P80 -> 0 | K77: ='RESUMEN TOTAL'!Q80 -> 0 | L77: ='RESUMEN TOTAL'!R80 -> 0 | M77: ='RESUMEN TOTAL'!S80 -> 0 | ... AI77: ='RESUMEN TOTAL'!AO80 -> 0
A78: ='RESUMEN TOTAL'!A81 -> CENTRO | B78: ='RESUMEN TOTAL'!B81 -> CEN 58 | C78: ='RESUMEN TOTAL'!D81 -> EEUU Y MORENO | D78: ='RESUMEN TOTAL'!E81 -> DOMO | E78: ='RESUMEN TOTAL'!F81 -> Fibra Optica | F78: ='RESUMEN TOTAL'!L81 -> 0 | G78: ='RESUMEN TOTAL'!M81 -> 0 | H78: ='RESUMEN TOTAL'!N81 -> 0 | I78: ='RESUMEN TOTAL'!O81 -> 0 | J78: ='RESUMEN TOTAL'!P81 -> 0 | K78: ='RESUMEN TOTAL'!Q81 -> 0 | L78: ='RESUMEN TOTAL'!R81 -> 0 | M78: ='RESUMEN TOTAL'!S81 -> 0 | ... AI78: ='RESUMEN TOTAL'!AO81 -> 0
A79: ='RESUMEN TOTAL'!A82 -> CENTRO | B79: ='RESUMEN TOTAL'!B82 -> CEN59 | C79: ='RESUMEN TOTAL'!D82 -> CHACABUCO Y BOUREL | D79: ='RESUMEN TOTAL'!E82 -> DOMO | E79: ='RESUMEN TOTAL'!F82 -> Radio | F79: ='RESUMEN TOTAL'!L82 -> 0 | G79: ='RESUMEN TOTAL'!M82 -> 0 | H79: ='RESUMEN TOTAL'!N82 -> 0 | I79: ='RESUMEN TOTAL'!O82 -> 0 | J79: ='RESUMEN TOTAL'!P82 -> 0 | K79: ='RESUMEN TOTAL'!Q82 -> 0 | L79: ='RESUMEN TOTAL'!R82 -> 0 | M79: ='RESUMEN TOTAL'!S82 -> 0 | ... AI79: ='RESUMEN TOTAL'!AO82 -> 0
A80: ='RESUMEN TOTAL'!A83 -> CENTRO | B80: ='RESUMEN TOTAL'!B83 -> CEN 60 | C80: ='RESUMEN TOTAL'!D83 -> RECONQUISTA Y ILLIA | D80: ='RESUMEN TOTAL'!E83 -> DOMO | E80: ='RESUMEN TOTAL'!F83 -> PTO A FO | F80: ='RESUMEN TOTAL'!L83 -> 0 | G80: ='RESUMEN TOTAL'!M83 -> 0 | H80: ='RESUMEN TOTAL'!N83 -> 0 | I80: ='RESUMEN TOTAL'!O83 -> 0 | J80: ='RESUMEN TOTAL'!P83 -> 0 | K80: ='RESUMEN TOTAL'!Q83 -> 0 | L80: ='RESUMEN TOTAL'!R83 -> 0 | M80: ='RESUMEN TOTAL'!S83 -> 0 | ... AI80: ='RESUMEN TOTAL'!AO83 -> 0
... A106: ='RESUMEN TOTAL'!A109 -> CENTRO | B106: ='RESUMEN TOTAL'!B109 -> CEN 86 | C106: ='RESUMEN TOTAL'!D109 -> Monteagudo y Bocuzzi | D106: ='RESUMEN TOTAL'!E109 -> Fija | E106: ='RESUMEN TOTAL'!F109 -> Fibra Optica | F106: ='RESUMEN TOTAL'!L109 -> 0 | G106: ='RESUMEN TOTAL'!M109 -> 0 | H106: ='RESUMEN TOTAL'!N109 -> 0 | I106: ='RESUMEN TOTAL'!O109 -> 0 | J106: ='RESUMEN TOTAL'!P109 -> 0 | K106: ='RESUMEN TOTAL'!Q109 -> 0 | L106: ='RESUMEN TOTAL'!R109 -> 0 | M106: ='RESUMEN TOTAL'!S109 -> 0 | ... AI106: ='RESUMEN TOTAL'!AO109 -> 0
A107: ='RESUMEN TOTAL'!A111 -> SAN NICOLAS | B107: ='RESUMEN TOTAL'!B111 -> CHA01 | C107: ='RESUMEN TOTAL'!D111 -> Novak y Pte Illia | D107: ='RESUMEN TOTAL'!E111 -> Domo | E107: ='RESUMEN TOTAL'!F111 -> Radio | F107: ='RESUMEN TOTAL'!L111 -> 0 | G107: ='RESUMEN TOTAL'!M111 -> 0 | H107: ='RESUMEN TOTAL'!N111 -> 0 | I107: ='RESUMEN TOTAL'!O111 -> 0 | J107: ='RESUMEN TOTAL'!P111 -> 0 | K107: ='RESUMEN TOTAL'!Q111 -> 0 | L107: ='RESUMEN TOTAL'!R111 -> 0 | M107: ='RESUMEN TOTAL'!S111 -> 0 | ... AI107: ='RESUMEN TOTAL'!AO111 -> 0
A108: ='RESUMEN TOTAL'!A112 -> CHACABUCO | B108: ='RESUMEN TOTAL'!B112 -> CHA02 | C108: ='RESUMEN TOTAL'!D112 -> Pte. Illia y Posadas | D108: ='RESUMEN TOTAL'!E112 -> Domo | E108: ='RESUMEN TOTAL'!F112 -> Radio | F108: ='RESUMEN TOTAL'!L112 -> APAGADO | G108: ='RESUMEN TOTAL'!M112 -> 0 | H108: ='RESUMEN TOTAL'!N112 -> 0 | I108: ='RESUMEN TOTAL'!O112 -> 0 | J108: ='RESUMEN TOTAL'!P112 -> 0 | K108: ='RESUMEN TOTAL'!Q112 -> 0 | L108: ='RESUMEN TOTAL'!R112 -> 0 | M108: ='RESUMEN TOTAL'!S112 -> 0 | ... AI108: ='RESUMEN TOTAL'!AO112 -> 0
A109: ='RESUMEN TOTAL'!A113 -> CHACABUCO | B109: ='RESUMEN TOTAL'!B113 -> CHA03 | C109: ='RESUMEN TOTAL'!D113 -> MAIPU Y ALVAREZ THOMAS | D109: ='RESUMEN TOTAL'!E113 -> DOMO | E109: ='RESUMEN TOTAL'!F113 -> Fibra Optica | F109: ='RESUMEN TOTAL'!L113 -> 0 | G109: ='RESUMEN TOTAL'!M113 -> 0 | H109: ='RESUMEN TOTAL'!N113 -> 0 | I109: ='RESUMEN TOTAL'!O113 -> 0 | J109: ='RESUMEN TOTAL'!P113 -> 0 | K109: ='RESUMEN TOTAL'!Q113 -> 0 | L109: ='RESUMEN TOTAL'!R113 -> 0 | M109: ='RESUMEN TOTAL'!S113 -> 0 | ... AI109: ='RESUMEN TOTAL'!AO113 -> 0
A110: ='RESUMEN TOTAL'!A114 -> CHACABUCO | B110: ='RESUMEN TOTAL'!B114 -> CHA04 | C110: ='RESUMEN TOTAL'!D114 -> ESTADOS UNIDOS DE A. E ILLIA | D110: ='RESUMEN TOTAL'!E114 -> DOMO | E110: ='RESUMEN TOTAL'!F114 -> Fibra Optica | F110: ='RESUMEN TOTAL'!L114 -> APAGADO | G110: ='RESUMEN TOTAL'!M114 -> 0 | H110: ='RESUMEN TOTAL'!N114 -> 0 | I110: ='RESUMEN TOTAL'!O114 -> 0 | J110: ='RESUMEN TOTAL'!P114 -> 0 | K110: ='RESUMEN TOTAL'!Q114 -> 0 | L110: ='RESUMEN TOTAL'!R114 -> 0 | M110: ='RESUMEN TOTAL'!S114 -> 0 | ... AI110: ='RESUMEN TOTAL'!AO114 -> 0
A111: ='RESUMEN TOTAL'!A115 -> VILLA MONICA NUEVA | B111: ='RESUMEN TOTAL'!B115 -> COL01 | C111: ='RESUMEN TOTAL'!D115 -> Eva Peron y Cariboni | D111: ='RESUMEN TOTAL'!E115 -> Domo | E111: ='RESUMEN TOTAL'!F115 -> Radio | F111: ='RESUMEN TOTAL'!L115 -> 0 | G111: ='RESUMEN TOTAL'!M115 -> 0 | H111: ='RESUMEN TOTAL'!N115 -> 0 | I111: ='RESUMEN TOTAL'!O115 -> 0 | J111: ='RESUMEN TOTAL'!P115 -> 0 | K111: ='RESUMEN TOTAL'!Q115 -> 0 | L111: ='RESUMEN TOTAL'!R115 -> 0 | M111: ='RESUMEN TOTAL'!S115 -> 0 | ... AI111: ='RESUMEN TOTAL'!AO115 -> 0
A112: ='RESUMEN TOTAL'!A116 -> LA COLORADA ESTE | B112: ='RESUMEN TOTAL'!B116 -> COL02 | C112: ='RESUMEN TOTAL'!D116 -> Av. Eva Peron y Pompeya | D112: ='RESUMEN TOTAL'!E116 -> Domo | E112: ='RESUMEN TOTAL'!F116 -> Radio | F112: ='RESUMEN TOTAL'!L116 -> 0 | G112: ='RESUMEN TOTAL'!M116 -> 0 | H112: ='RESUMEN TOTAL'!N116 -> 0 | I112: ='RESUMEN TOTAL'!O116 -> 0 | J112: ='RESUMEN TOTAL'!P116 -> 0 | K112: ='RESUMEN TOTAL'!Q116 -> 0 | L112: ='RESUMEN TOTAL'!R116 -> 0 | M112: ='RESUMEN TOTAL'!S116 -> 0 | ... AI112: ='RESUMEN TOTAL'!AO116 -> 0
A113: ='RESUMEN TOTAL'!A117 -> LA COLORADA ESTE | B113: ='RESUMEN TOTAL'!B117 -> COL 03 | C113: ='RESUMEN TOTAL'!D117 -> CARIBONI Y LA ANCIANIDAD | D113: ='RESUMEN TOTAL'!E117 -> DOMO | E113: ='RESUMEN TOTAL'!F117 -> Radio | F113: ='RESUMEN TOTAL'!L117 -> 0 | G113: ='RESUMEN TOTAL'!M117 -> 0 | H113: ='RESUMEN TOTAL'!N117 -> 0 | I113: ='RESUMEN TOTAL'!O117 -> 0 | J113: ='RESUMEN TOTAL'!P117 -> 0 | K113: ='RESUMEN TOTAL'!Q117 -> 0 | L113: ='RESUMEN TOTAL'!R117 -> 0 | M113: ='RESUMEN TOTAL'!S117 -> 0 | ... AI113: ='RESUMEN TOTAL'!AO117 -> 0
A114: ='RESUMEN TOTAL'!A118 -> LA COLORADA ESTE | B114: ='RESUMEN TOTAL'!B118 -> COL 04 | C114: ='RESUMEN TOTAL'!D118 -> EVA PERON Y SAVIO | D114: ='RESUMEN TOTAL'!E118 -> Domo | E114: ='RESUMEN TOTAL'!F118 -> Fibra Optica | F114: ='RESUMEN TOTAL'!L118 -> 0 | G114: ='RESUMEN TOTAL'!M118 -> 0 | H114: ='RESUMEN TOTAL'!N118 -> 0 | I114: ='RESUMEN TOTAL'!O118 -> 0 | J114: ='RESUMEN TOTAL'!P118 -> 0 | K114: ='RESUMEN TOTAL'!Q118 -> 0 | L114: ='RESUMEN TOTAL'!R118 -> 0 | M114: ='RESUMEN TOTAL'!S118 -> 0 | ... AI114: ='RESUMEN TOTAL'!AO118 -> 0
A115: ='RESUMEN TOTAL'!A119 -> DON JOSE | B115: ='RESUMEN TOTAL'!B119 -> DJO01 | C115: ='RESUMEN TOTAL'!D119 -> Monteverde y Donato Alvarez | D115: ='RESUMEN TOTAL'!E119 -> Domo | E115: ='RESUMEN TOTAL'!F119 -> Radio | F115: ='RESUMEN TOTAL'!L119 -> 0 | G115: ='RESUMEN TOTAL'!M119 -> 0 | H115: ='RESUMEN TOTAL'!N119 -> 0 | I115: ='RESUMEN TOTAL'!O119 -> 0 | J115: ='RESUMEN TOTAL'!P119 -> 0 | K115: ='RESUMEN TOTAL'!Q119 -> 0 | L115: ='RESUMEN TOTAL'!R119 -> 0 | M115: ='RESUMEN TOTAL'!S119 -> 0 | ... AI115: ='RESUMEN TOTAL'!AO119 -> 0
A116: ='RESUMEN TOTAL'!A120 -> DON JOSE | B116: ='RESUMEN TOTAL'!B120 -> DJO 02 (fija 1) | C116: ='RESUMEN TOTAL'!D120 -> DONATO ALVAREZ Y EL APERO | D116: ='RESUMEN TOTAL'!E120 -> Fija | E116: ='RESUMEN TOTAL'!F120 -> PTO A FO | F116: ='RESUMEN TOTAL'!L120 -> 0 | G116: ='RESUMEN TOTAL'!M120 -> 0 | H116: ='RESUMEN TOTAL'!N120 -> 0 | I116: ='RESUMEN TOTAL'!O120 -> 0 | J116: ='RESUMEN TOTAL'!P120 -> 0 | K116: ='RESUMEN TOTAL'!Q120 -> 0 | L116: ='RESUMEN TOTAL'!R120 -> 0 | M116: ='RESUMEN TOTAL'!S120 -> 0 | ... AI116: ='RESUMEN TOTAL'!AO120 -> 0
A117: ='RESUMEN TOTAL'!A121 -> DON JOSE | B117: ='RESUMEN TOTAL'!B121 -> DJO 03 (fija 2) | C117: ='RESUMEN TOTAL'!D121 -> DONATO ALVAREZ Y EL APERO | D117: ='RESUMEN TOTAL'!E121 -> Fija | E117: ='RESUMEN TOTAL'!F121 -> PTO A FO | F117: ='RESUMEN TOTAL'!L121 -> 0 | G117: ='RESUMEN TOTAL'!M121 -> 0 | H117: ='RESUMEN TOTAL'!N121 -> 0 | I117: ='RESUMEN TOTAL'!O121 -> 0 | J117: ='RESUMEN TOTAL'!P121 -> 0 | K117: ='RESUMEN TOTAL'!Q121 -> 0 | L117: ='RESUMEN TOTAL'!R121 -> 0 | M117: ='RESUMEN TOTAL'!S121 -> 0 | ... AI117: ='RESUMEN TOTAL'!AO121 -> 0
A118: ='RESUMEN TOTAL'!A122 -> DON JOSE | B118: ='RESUMEN TOTAL'!B122 -> DJO 04 (Fija 1) | C118: ='RESUMEN TOTAL'!D122 -> MONTEVERDE Y EL INDIO | D118: ='RESUMEN TOTAL'!E122 -> Fija | E118: ='RESUMEN TOTAL'!F122 -> PTO A FO | F118: ='RESUMEN TOTAL'!L122 -> 0 | G118: ='RESUMEN TOTAL'!M122 -> 0 | H118: ='RESUMEN TOTAL'!N122 -> 0 | I118: ='RESUMEN TOTAL'!O122 -> 0 | J118: ='RESUMEN TOTAL'!P122 -> 0 | K118: ='RESUMEN TOTAL'!Q122 -> 0 | L118: ='RESUMEN TOTAL'!R122 -> 0 | M118: ='RESUMEN TOTAL'!S122 -> 0 | ... AI118: ='RESUMEN TOTAL'!AO122 -> 0
... A121: ='RESUMEN TOTAL'!A125 -> DON JOSE | B121: ='RESUMEN TOTAL'!B125 -> DJ 07 | C121: ='RESUMEN TOTAL'!D125 -> Calle 414 y El Indio | D121: ='RESUMEN TOTAL'!E125 -> Fija | E121: ='RESUMEN TOTAL'!F125 -> PTO A FO | F121: ='RESUMEN TOTAL'!L125 -> 0 | G121: ='RESUMEN TOTAL'!M125 -> 0 | H121: ='RESUMEN TOTAL'!N125 -> 0 | I121: ='RESUMEN TOTAL'!O125 -> 0 | J121: ='RESUMEN TOTAL'!P125 -> 0 | K121: ='RESUMEN TOTAL'!Q125 -> 0 | L121: ='RESUMEN TOTAL'!R125 -> 0 | M121: ='RESUMEN TOTAL'!S125 -> 0 | ... AI121: ='RESUMEN TOTAL'!AO125 -> 0
A122: ='RESUMEN TOTAL'!A127 -> EL PARQUE | B122: ='RESUMEN TOTAL'!B127 -> EPQ 01 | C122: ='RESUMEN TOTAL'!D127 -> 1282 Y GRIERSON | D122: ='RESUMEN TOTAL'!E127 -> DOMO | E122: ='RESUMEN TOTAL'!F127 -> Fibra Optica | F122: ='RESUMEN TOTAL'!L127 -> 0 | G122: ='RESUMEN TOTAL'!M127 -> 0 | H122: ='RESUMEN TOTAL'!N127 -> 0 | I122: ='RESUMEN TOTAL'!O127 -> 0 | J122: ='RESUMEN TOTAL'!P127 -> 0 | K122: ='RESUMEN TOTAL'!Q127 -> 0 | L122: ='RESUMEN TOTAL'!R127 -> 0 | M122: ='RESUMEN TOTAL'!S127 -> 0 | ... AI122: ='RESUMEN TOTAL'!AO127 -> 0
A123: ='RESUMEN TOTAL'!A128 -> EL PARQUE | B123: ='RESUMEN TOTAL'!B128 -> EPQ 02 | C123: ='RESUMEN TOTAL'!D128 -> 1282 Y MASSE | D123: ='RESUMEN TOTAL'!E128 -> DOMO | E123: ='RESUMEN TOTAL'!F128 -> Fibra Optica | F123: ='RESUMEN TOTAL'!L128 -> 0 | G123: ='RESUMEN TOTAL'!M128 -> 0 | H123: ='RESUMEN TOTAL'!N128 -> 0 | I123: ='RESUMEN TOTAL'!O128 -> 0 | J123: ='RESUMEN TOTAL'!P128 -> 0 | K123: ='RESUMEN TOTAL'!Q128 -> 0 | L123: ='RESUMEN TOTAL'!R128 -> 0 | M123: ='RESUMEN TOTAL'!S128 -> 0 | ... AI123: ='RESUMEN TOTAL'!AO128 -> 0
A124: ='RESUMEN TOTAL'!A129 -> EL PARQUE | B124: ='RESUMEN TOTAL'!B129 -> EPQ 03 | C124: ='RESUMEN TOTAL'!D129 -> 1282 Y RP 36 | D124: ='RESUMEN TOTAL'!E129 -> Domo | E124: ='RESUMEN TOTAL'!F129 -> Fibra Optica | F124: ='RESUMEN TOTAL'!L129 -> APAGADO | G124: ='RESUMEN TOTAL'!M129 -> 0 | H124: ='RESUMEN TOTAL'!N129 -> 0 | I124: ='RESUMEN TOTAL'!O129 -> 0 | J124: ='RESUMEN TOTAL'!P129 -> 0 | K124: ='RESUMEN TOTAL'!Q129 -> 0 | L124: ='RESUMEN TOTAL'!R129 -> 0 | M124: ='RESUMEN TOTAL'!S129 -> 0 | ... AI124: ='RESUMEN TOTAL'!AO129 -> 0
A125: ='RESUMEN TOTAL'!A130 -> EL PARQUE | B125: ='RESUMEN TOTAL'!B130 -> EPQ 04 | C125: ='RESUMEN TOTAL'!D130 -> 1282 Y MORENO | D125: ='RESUMEN TOTAL'!E130 -> DOMO | E125: ='RESUMEN TOTAL'!F130 -> Fibra Optica | F125: ='RESUMEN TOTAL'!L130 -> 0 | G125: ='RESUMEN TOTAL'!M130 -> 0 | H125: ='RESUMEN TOTAL'!N130 -> 0 | I125: ='RESUMEN TOTAL'!O130 -> 0 | J125: ='RESUMEN TOTAL'!P130 -> 0 | K125: ='RESUMEN TOTAL'!Q130 -> 0 | L125: ='RESUMEN TOTAL'!R130 -> 0 | M125: ='RESUMEN TOTAL'!S130 -> 0 | ... AI125: ='RESUMEN TOTAL'!AO130 -> 0
A126: ='RESUMEN TOTAL'!A131 -> LA ESMERALDA | B126: ='RESUMEN TOTAL'!B131 -> ESM01 | C126: ='RESUMEN TOTAL'!D131 -> Cabello y Brasil | D126: ='RESUMEN TOTAL'!E131 -> Domo | E126: ='RESUMEN TOTAL'!F131 -> Radio | F126: ='RESUMEN TOTAL'!L131 -> 0 | G126: ='RESUMEN TOTAL'!M131 -> 0 | H126: ='RESUMEN TOTAL'!N131 -> 0 | I126: ='RESUMEN TOTAL'!O131 -> 0 | J126: ='RESUMEN TOTAL'!P131 -> 0 | K126: ='RESUMEN TOTAL'!Q131 -> 0 | L126: ='RESUMEN TOTAL'!R131 -> 0 | M126: ='RESUMEN TOTAL'!S131 -> 0 | ... AI126: ='RESUMEN TOTAL'!AO131 -> 0
A127: ='RESUMEN TOTAL'!A132 -> SAN JORGE | B127: ='RESUMEN TOTAL'!B132 -> ESM02 | C127: ='RESUMEN TOTAL'!D132 -> Novak y Cabello | D127: ='RESUMEN TOTAL'!E132 -> Domo | E127: ='RESUMEN TOTAL'!F132 -> PTO A FO | F127: ='RESUMEN TOTAL'!L132 -> 0 | G127: ='RESUMEN TOTAL'!M132 -> 0 | H127: ='RESUMEN TOTAL'!N132 -> 0 | I127: ='RESUMEN TOTAL'!O132 -> 0 | J127: ='RESUMEN TOTAL'!P132 -> 0 | K127: ='RESUMEN TOTAL'!Q132 -> 0 | L127: ='RESUMEN TOTAL'!R132 -> 0 | M127: ='RESUMEN TOTAL'!S132 -> 0 | ... AI127: ='RESUMEN TOTAL'!AO132 -> 0
A128: ='RESUMEN TOTAL'!A133 -> 0 | B128: ='RESUMEN TOTAL'!B133 -> ESM03 | C128: ='RESUMEN TOTAL'!D133 -> Novak y Humahuaca | D128: ='RESUMEN TOTAL'!E133 -> DOMO | E128: ='RESUMEN TOTAL'!F133 -> PTO A FO | F128: ='RESUMEN TOTAL'!L133 -> 0 | G128: ='RESUMEN TOTAL'!M133 -> 0 | H128: ='RESUMEN TOTAL'!N133 -> 0 | I128: ='RESUMEN TOTAL'!O133 -> 0 | J128: ='RESUMEN TOTAL'!P133 -> 0 | K128: ='RESUMEN TOTAL'!Q133 -> 0 | L128: ='RESUMEN TOTAL'!R133 -> 0 | M128: ='RESUMEN TOTAL'!S133 -> 0 | ... AI128: ='RESUMEN TOTAL'!AO133 -> 0
A129: ='RESUMEN TOTAL'!A134 -> LA ESMERALDA | B129: ='RESUMEN TOTAL'!B134 -> ESM04 | C129: ='RESUMEN TOTAL'!D134 -> Basualdo y Bengochea | D129: ='RESUMEN TOTAL'!E134 -> Domo | E129: ='RESUMEN TOTAL'!F134 -> Fibra Optica | F129: ='RESUMEN TOTAL'!L134 -> APAGADO | G129: ='RESUMEN TOTAL'!M134 -> 0 | H129: ='RESUMEN TOTAL'!N134 -> 0 | I129: ='RESUMEN TOTAL'!O134 -> 0 | J129: ='RESUMEN TOTAL'!P134 -> 0 | K129: ='RESUMEN TOTAL'!Q134 -> 0 | L129: ='RESUMEN TOTAL'!R134 -> 0 | M129: ='RESUMEN TOTAL'!S134 -> 0 | ... AI129: ='RESUMEN TOTAL'!AO134 -> 0
A130: ='RESUMEN TOTAL'!A135 -> LA ESMERALDA | B130: ='RESUMEN TOTAL'!B135 -> ESM05 | C130: ='RESUMEN TOTAL'!D135 -> Aniceto Diaz y Villar | D130: ='RESUMEN TOTAL'!E135 -> Domo | E130: ='RESUMEN TOTAL'!F135 -> Fibra Optica | F130: ='RESUMEN TOTAL'!L135 -> APAGADO | G130: ='RESUMEN TOTAL'!M135 -> 0 | H130: ='RESUMEN TOTAL'!N135 -> 0 | I130: ='RESUMEN TOTAL'!O135 -> 0 | J130: ='RESUMEN TOTAL'!P135 -> 0 | K130: ='RESUMEN TOTAL'!Q135 -> 0 | L130: ='RESUMEN TOTAL'!R135 -> 0 | M130: ='RESUMEN TOTAL'!S135 -> 0 | ... AI130: ='RESUMEN TOTAL'!AO135 -> 0
A131: ='RESUMEN TOTAL'!A136 -> LA ESMERALDA | B131: ='RESUMEN TOTAL'!B136 -> ESM06 | C131: ='RESUMEN TOTAL'!D136 -> Roselli y Cabello | D131: ='RESUMEN TOTAL'!E136 -> Domo | E131: ='RESUMEN TOTAL'!F136 -> Radio | F131: ='RESUMEN TOTAL'!L136 -> 0 | G131: ='RESUMEN TOTAL'!M136 -> 0 | H131: ='RESUMEN TOTAL'!N136 -> 0 | I131: ='RESUMEN TOTAL'!O136 -> 0 | J131: ='RESUMEN TOTAL'!P136 -> 0 | K131: ='RESUMEN TOTAL'!Q136 -> 0 | L131: ='RESUMEN TOTAL'!R136 -> 0 | M131: ='RESUMEN TOTAL'!S136 -> 0 | ... AI131: ='RESUMEN TOTAL'!AO136 -> 0
A132: ='RESUMEN TOTAL'!A137 -> LA ESMERALDA | B132: ='RESUMEN TOTAL'!B137 -> ESM07 | C132: ='RESUMEN TOTAL'!D137 -> AV. NOVAK Y SERRANO | D132: ='RESUMEN TOTAL'!E137 -> DOMO | E132: ='RESUMEN TOTAL'!F137 -> PTO A FO | F132: ='RESUMEN TOTAL'!L137 -> 0 | G132: ='RESUMEN TOTAL'!M137 -> 0 | H132: ='RESUMEN TOTAL'!N137 -> 0 | I132: ='RESUMEN TOTAL'!O137 -> 0 | J132: ='RESUMEN TOTAL'!P137 -> 0 | K132: ='RESUMEN TOTAL'!Q137 -> 0 | L132: ='RESUMEN TOTAL'!R137 -> 0 | M132: ='RESUMEN TOTAL'!S137 -> 0 | ... AI132: ='RESUMEN TOTAL'!AO137 -> 0
A133: ='RESUMEN TOTAL'!A138 -> LA ESMERALDA | B133: ='RESUMEN TOTAL'!B138 -> ESM 08 | C133: ='RESUMEN TOTAL'!D138 -> DAVINSON Y MORANCHEL | D133: ='RESUMEN TOTAL'!E138 -> FIJA | E133: ='RESUMEN TOTAL'!F138 -> Radio | F133: ='RESUMEN TOTAL'!L138 -> 0 | G133: ='RESUMEN TOTAL'!M138 -> 0 | H133: ='RESUMEN TOTAL'!N138 -> 0 | I133: ='RESUMEN TOTAL'!O138 -> 0 | J133: ='RESUMEN TOTAL'!P138 -> 0 | K133: ='RESUMEN TOTAL'!Q138 -> 0 | L133: ='RESUMEN TOTAL'!R138 -> 0 | M133: ='RESUMEN TOTAL'!S138 -> 0 | ... AI133: ='RESUMEN TOTAL'!AO138 -> 0
