Workbook
Name _25_de_agosto: 'RESUMEN TOTAL'!$A$4:$D$375
Name _25_de_agosto_3: 'RESUMEN TOTAL'!$A$4:$D$387
Name BONOMOcam: Hoja1!$B$2
Name CANTIDAD_DE_CAMARAS: 'RESUMEN TOTAL'!$B$1
Name COSEIDIcam: Hoja1!$B$4

Sheet RESUMEN TOTAL
A1: CANTIDAD DE CAMARAS | B1: =COUNTA(B5:B542) -> 444 | D1: PORCIENTO DE CAIDAS | K1: =(K3)/(K2+K3) -> 0.12612613 | L1: =(L3)/(L2+L3) -> 0 | M1: =(M3)/(M2+M3) -> 0 | N1: =(N3)/(N2+N3) -> 0 | O1: =(O3)/(O2+O3) -> 0 | P1: =(P3)/(P2+P3) -> 0 | Q1: =(Q3)/(Q2+Q3) -> 0 | R1: =(R3)/(R2+R3) -> 0 | ... AN1: =(AN3)/(AN2+AN3) -> 0
D2: FUNCIONAN | K2: =B1-K3 -> 388 | L2: =CANTIDAD_DE_CAMARAS-L3 -> 444 | M2: =CANTIDAD_DE_CAMARAS-M3 -> 444 | N2: =CANTIDAD_DE_CAMARAS-N3 -> 444 | O2: =CANTIDAD_DE_CAMARAS-O3 -> 444 | P2: =CANTIDAD_DE_CAMARAS-P3 -> 444 | Q2: =CANTIDAD_DE_CAMARAS-Q3 -> 444 | R2: =CANTIDAD_DE_CAMARAS-R3 -> 444 | S2: =CANTIDAD_DE_CAMARAS-S3 -> 444 | ... AN2: =CANTIDAD_DE_CAMARAS-AN3 -> 444
D3: CAIDAS | K3: =COUNTIF(K4:K462, "apagado") -> 56 | L3: =COUNTIF(L4:L462, "apagado") -> 0 | M3: =COUNTIF(M4:M462, "apagado") -> 0 | N3: =COUNTIF(N4:N462, "apagado") -> 0 | O3: =COUNTIF(O4:O462, "apagado") -> 0 | P3: =COUNTIF(P4:P462, "apagado") -> 0 | Q3: =COUNTIF(Q4:Q462, "apagado") -> 0 | R3: =COUNTIF(R4:R462, "apagado") -> 0 | ... AN3: =COUNTIF(AN4:AN462, "apagado") -> 0
A4: Barrio | B4: [Denominacion] | C4: [Empresa Mantenimiento] | D4: [Ubicacion] | E4: [Tipo de Camara] | F4: [Tipo de Conexion] | H4: DIAS FUNCIONANDO | I4: DIAS CAIDA | J4: EFECTIVIDAD | K4: 45078 | L4: 45079 | M4: 45080 | N4: 45081 | O4: 45082 | P4: 45083 | Q4: 45084 | R4: 45085 | S4: 45086 | T4: 45087 | U4: 45088 | V4: 45089 | W4: 45090 | X4: 45091 | Y4: 45092 | Z4: 45093 | AA4: 45094 | AB4: 45095 | AC4: 45096 | AD4: 45097 | AE4: 45098 | AF4: 45099 | AG4: 45100 | AH4: 45101 | AI4: 45102 | AJ4: 45103 | AK4: 45104 | AL4: 45105 | AM4: 45106 | AN4: 45107
A5: ALTAMIRA | B5: ALT01 | C5: BONOMO | D5: Calchaqui y Sgto. Cabral | E5: Domo | F5: Fibra Optica | G5: 172.20.10.6 | H5: =COUNTIF(K5:AL5,"") -> 28 | I5: =COUNTIF(K5:AL5,"APAGADO") -> 0 | J5: =(H5)/(I5+H5) -> 1
A6: ALTAMIRA | B6: ALT02 | C6: BONOMO | D6: Calchaqui y Lope de Vega | E6: Domo | F6: PTO A FO | G6: 172.20.12.218 | H6: =COUNTIF(K6:AL6,"") -> 28 | I6: =COUNTIF(K6:AL6,"APAGADO") -> 0 | J6: =(H6)/(I6+H6) -> 1
A7: ALTAMIRA | B7: ALT 03 | C7: BONOMO | D7: Bombero Galarza y Necochea | E7: Domo | F7: FIBRA OPTICA | G7: 172.20.12.54 | H7: =COUNTIF(K7:AL7,"") -> 28 | I7: =COUNTIF(K7:AL7,"APAGADO") -> 0 | J7: =(H7)/(I7+H7) -> 1
A8: ALTAMIRA | B8: ALT 04 | C8: BONOMO | D8: Francia y Necochea | E8: Domo | F8: FIBRA OPTICA | G8: 172.20.12.55 | H8: =COUNTIF(K8:AL8,"") -> 28 | I8: =COUNTIF(K8:AL8,"APAGADO") -> 0 | J8: =(H8)/(I8+H8) -> 1
A9: ALTAMIRA | B9: ALT05 | C9: BONOMO | D9: Av. Calchaqui y Bombero Galarza | E9: Domo | F9: PTO A FO | G9: 172.20.12.216 | H9: =COUNTIF(K9:AL9,"") -> 28 | I9: =COUNTIF(K9:AL9,"APAGADO") -> 0 | J9: =(H9)/(I9+H9) -> 1
A10: ALTAMIRA | B10: ALT 06 | C10: BONOMO | D10: LOPE DE VEGA Y NECOCHEA | E10: Domo | F10: PTO A FO | G10: 172.20.12.12 | H10: =COUNTIF(K10:AL10,"") -> 28 | I10: =COUNTIF(K10:AL10,"APAGADO") -> 0 | J10: =(H10)/(I10+H10) -> 1
A11: ALTAMIRA | B11: ALT07 | C11: BONOMO | D11: AV. CALCHAQUI Y AV. DEL TRABAJO | E11: DOMO | F11: PTO A FO | G11: 172.20.10.57 | H11: =COUNTIF(K11:AL11,"") -> 28 | I11: =COUNTIF(K11:AL11,"APAGADO") -> 0 | J11: =(H11)/(I11+H11) -> 1
A12: ALTAMIRA | B12: ALT 08 | C12: BONOMO | D12: HUMAITA Y NECOCHEA | E12: DOMO | F12: Fibra Optica | G12: 172.20.11.215 | H12: =COUNTIF(K12:AL12,"") -> 28 | I12: =COUNTIF(K12:AL12,"APAGADO") -> 0 | J12: =(H12)/(I12+H12) -> 1
A13: ALTAMIRA | B13: ALT 09 | C13: BONOMO | D13: NECOCHEA Y CURUPAITY | E13: DOMO | F13: Fibra Optica | G13: 172.20.11.216 | H13: =COUNTIF(K13:AL13,"") -> 28 | I13: =COUNTIF(K13:AL13,"APAGADO") -> 0 | J13: =(H13)/(I13+H13) -> 1
A14: ALTAMIRA | B14: ALT 10 | C14: BONOMO | D14: Calchaqui y Francia | E14: Domo | F14: Radio | G14: 172.20.12.156 | H14: =COUNTIF(K14:AL14,"") -> 28 | I14: =COUNTIF(K14:AL14,"APAGADO") -> 0 | J14: =(H14)/(I14+H14) -> 1
A15: AGUSTIN RAMIREZ | B15: ARA 01 | C15: COSEIDI | D15: Malambo y Tranquera | E15: Domo | F15: FIBRA OPTICA | G15: 172.20.12.110 | H15: =COUNTIF(K15:AL15,"") -> 28 | I15: =COUNTIF(K15:AL15,"APAGADO") -> 0 | J15: =(H15)/(I15+H15) -> 1
A16: BELGRANO | B16: BEL 01 | C16: BONOMO | D16: San Martin y Dardo Rocha | E16: DOMO | F16: FIBRA OPTICA | G16: 172.20.12.64 | H16: =COUNTIF(K16:AL16,"") -> 28 | I16: =COUNTIF(K16:AL16,"APAGADO") -> 0 | J16: =(H16)/(I16+H16) -> 1
... A86: CENTRO | B86: CEN64 | C86: BONOMO | D86: SAN MARTIN Y BOCCUZZI | E86: FIJA | F86: Fibra Optica | G86: 172.20.11.134 | H86: =COUNTIF(K86:AL86,"") -> 28 | I86: =COUNTIF(K86:AL86,"APAGADO") -> 0 | J86: =(H86)/(I86+H86) -> 1
A87: º | B87: CEN 65 | C87: BONOMO | D87: SAN MARTIN Y JUAN PERON | E87: FIJA | F87: Fibra Optica | G87: 172.20.11.135 | H87: =COUNTIF(K87:AL87,"") -> 27 | I87: =COUNTIF(K87:AL87,"APAGADO") -> 1 | J87: =(H87)/(I87+H87) -> 0.96428571 | K87: APAGADO
A88: CENTRO | B88: CEN66 | C88: BONOMO | D88: SAN MARTIN Y JUAN PERON | E88: FIJA | F88: Fibra Optica | G88: 172.20.11.136 | H88: =COUNTIF(K88:AL88,"") -> 27 | I88: =COUNTIF(K88:AL88,"APAGADO") -> 1 | J88: =(H88)/(I88+H88) -> 0.96428571 | K88: APAGADO
A89: CENTRO | B89: CEN67 (fija 1) | C89: BONOMO | D89: 9 DE JULIO Y BROWN | E89: Fija | F89: Fibra Optica | G89: 172.20.11.188 | H89: =COUNTIF(K89:AL89,"") -> 28 | I89: =COUNTIF(K89:AL89,"APAGADO") -> 0 | J89: =(H89)/(I89+H89) -> 1
A90: CENTRO | B90: CEN68 (fija 2) | C90: BONOMO | D90: 9 DE JULIO Y BROWN | E90: Fija | F90: Fibra Optica | G90: 172.20.11.189 | H90: =COUNTIF(K90:AL90,"") -> 28 | I90: =COUNTIF(K90:AL90,"APAGADO") -> 0 | J90: =(H90)/(I90+H90) -> 1
A91: CENTRO | B91: CEN69 | C91: BONOMO | D91: RIVADAVIA Y BOUREL | E91: DOMO | F91: Fibra Optica | G91: 172.20.11.222 | H91: =COUNTIF(K91:AL91,"") -> 28 | I91: =COUNTIF(K91:AL91,"APAGADO") -> 0 | J91: =(H91)/(I91+H91) -> 1
A92: CENTRO | B92: CEN 70 | C92: BONOMO | D92: RIVADAVIA Y 25 MAYO | E92: Domo | F92: Fibra Optica | G92: 172.20.11.221 | H92: =COUNTIF(K92:AL92,"") -> 28 | I92: =COUNTIF(K92:AL92,"APAGADO") -> 0 | J92: =(H92)/(I92+H92) -> 1
A93: CENTRO | B93: CEN 71 | C93: BONOMO | D93: MORENO Y BOUREL | E93: Domo | F93: Fibra Optica | G93: 172.20.11.220 | H93: =COUNTIF(K93:AL93,"") -> 28 | I93: =COUNTIF(K93:AL93,"APAGADO") -> 0 | J93: =(H93)/(I93+H93) -> 1
A94: CENTRO | B94: CEN 72 | C94: BONOMO | D94: MORENO Y 25 DE MAYO | E94: Domo | F94: Fibra Optica | G94: 172.20.11.219 | H94: =COUNTIF(K94:AL94,"") -> 27 | I94: =COUNTIF(K94:AL94,"APAGADO") -> 1 | J94: =(H94)/(I94+H94) -> 0.96428571 | K94: APAGADO
A95: CENTRO | B95: CEN73 | C95: BONOMO | D95: BOUREL Y DEFENSA | E95: DOMO | F95: Fibra Optica | G95: 172.20.11.223 | H95: =COUNTIF(K95:AL95,"") -> 28 | I95: =COUNTIF(K95:AL95,"APAGADO") -> 0 | J95: =(H95)/(I95+H95) -> 1
A96: CENTRO | B96: CEN74 | C96: BONOMO | D96: Las Heras y Maipu | E96: Domo | F96: FIBRA OPTICA | G96: 172.20.11.53 | H96: =COUNTIF(K96:AL96,"") -> 28 | I96: =COUNTIF(K96:AL96,"APAGADO") -> 0 | J96: =(H96)/(I96+H96) -> 1
A97: CENTRO | B97: CEN 75 | C97: BONOMO | D97: 25 DE MAYO Y CASTELLI | E97: Domo | F97: Fibra Optica | G97: 172.20.11.114 | H97: =COUNTIF(K97:AL97,"") -> 28 | I97: =COUNTIF(K97:AL97,"APAGADO") -> 0 | J97: =(H97)/(I97+H97) -> 1
A98: CENTRO | B98: CEN 76 | C98: BONOMO | D98: ESPAÑA E/MITRE Y BOCUZZI | E98: Fija | F98: Fibra Optica | G98: 172-20.11.110 | H98: =COUNTIF(K98:AL98,"") -> 28 | I98: =COUNTIF(K98:AL98,"APAGADO") -> 0 | J98: =(H98)/(I98+H98) -> 1
A99: CENTRO | B99: CEN 77 | C99: BONOMO | D99: Monteagudo e/ Mitre y Boccuzzi | E99: Fija | F99: Fibra Optica | G99: 172.20.11.241 | H99: =COUNTIF(K99:AL99,"") -> 28 | I99: =COUNTIF(K99:AL99,"APAGADO") -> 0 | J99: =(H99)/(I99+H99) -> 1
A100: CENTRO | B100: CEN 78 | C100: BONOMO | D100: Mitre e/Monteagudo y Alberdi | E100: Fija | F100: Fibra Optica | G100: 172.20.11.240 | H100: =COUNTIF(K100:AL100,"") -> 28 | I100: =COUNTIF(K100:AL100,"APAGADO") -> 0 | J100: =(H100)/(I100+H100) -> 1
A101: CENTRO | B101: CEN 79 | C101: BONOMO | D101: Diag. Constituyente y Brown | E101: Fija | F101: Fibra Optica | G101: 172.20.11.243 | H101: =COUNTIF(K101:AL101,"") -> 28 | I101: =COUNTIF(K101:AL101,"APAGADO") -> 0 | J101: =(H101)/(I101+H101) -> 1
A102: CENTRO | B102: CEN 80 | C102: BONOMO | D102: Diag. Constituyente y Brown | E102: Fija | F102: Fibra Optica | G102: 172.20.11.244 | H102: =COUNTIF(K102:AL102,"") -> 28 | I102: =COUNTIF(K102:AL102,"APAGADO") -> 0 | J102: =(H102)/(I102+H102) -> 1
A103: CENTRO | B103: CEN 81 | C103: BONOMO | D103: Alberdi y A.del Valle | E103: Fija | F103: Fibra Optica | G103: 172.20.11.242 | H103: =COUNTIF(K103:AL103,"") -> 28 | I103: =COUNTIF(K103:AL103,"APAGADO") -> 0 | J103: =(H103)/(I103+H103) -> 1
A104: CENTRO | B104: CEN 82 | C104: BONOMO | D104: DORREGO Y BOUREL | E104: Domo | F104: Fibra Optica | G104: 172.20.11.198 | H104: =COUNTIF(K104:AL104,"") -> 28 | I104: =COUNTIF(K104:AL104,"APAGADO") -> 0 | J104: =(H104)/(I104+H104) -> 1
A105: CENTRO | B105: CEN83 | C105: BONOMO | D105: RECONQUISTA Y 25 DE MAYO | E105: Domo | F105: Radio | G105: 172.20.11.123 | H105: =COUNTIF(K105:AL105,"") -> 28 | I105: =COUNTIF(K105:AL105,"APAGADO") -> 0 | J105: =(H105)/(I105+H105) -> 1
A106: CENTRO | B106: CEN 84 | C106: BONOMO | D106: 25 DE MAYO Y MAIPU | E106: Fija | F106: Fibra Optica | H106: =COUNTIF(K106:AL106,"") -> 28 | I106: =COUNTIF(K106:AL106,"APAGADO") -> 0 | J106: =(H106)/(I106+H106) -> 1
A107: CENTRO | B107: CEN 85 | C107: BONOMO | D107: PTE PERON E/ PRINGLES Y BROWN | E107: Fija | F107: Fibra Optica | G107: 172.20.10.21 | H107: =COUNTIF(K107:AL107,"") -> 28 | I107: =COUNTIF(K107:AL107,"APAGADO") -> 0 | J107: =(H107)/(I107+H107) -> 1
A108: SAN NICOLAS | B108: CHA01 | C108: BONOMO | D108: Novak y Pte Illia | E108: Domo | F108: Radio | G108: 172.20.200.126 | H108: =COUNTIF(K108:AL108,"") -> 28 | I108: =COUNTIF(K108:AL108,"APAGADO") -> 0 | J108: =(H108)/(I108+H108) -> 1
A109: CHACABUCO | B109: CHA02 | C109: BONOMO | D109: Pte. Illia y Posadas | E109: Domo | F109: Radio | G109: 172.20.200.186 | H109: =COUNTIF(K109:AL109,"") -> 28 | I109: =COUNTIF(K109:AL109,"APAGADO") -> 0 | J109: =(H109)/(I109+H109) -> 1
A110: CHACABUCO | B110: CHA03 | C110: BONOMO | D110: MAIPU Y ALVAREZ THOMAS | E110: DOMO | F110: Fibra Optica | G110: 172.20.11.71 | H110: =COUNTIF(K110:AL110,"") -> 28 | I110: =COUNTIF(K110:AL110,"APAGADO") -> 0 | J110: =(H110)/(I110+H110) -> 1
A111: CHACABUCO | B111: CHA04 | C111: BONOMO | D111: ESTADOS UNIDOS DE A. E ILLIA | E111: DOMO | F111: Fibra Optica | G111: 172.20.11.191 | H111: =COUNTIF(K111:AL111,"") -> 28 | I111: =COUNTIF(K111:AL111,"APAGADO") -> 0 | J111: =(H111)/(I111+H111) -> 1
A112: VILLA MONICA NUEVA | B112: COL01 | C112: COSEIDI | D112: Eva Peron y Cariboni | E112: Domo | F112: Radio | G112: 172.20.200.177 | H112: =COUNTIF(K112:AL112,"") -> 28 | I112: =COUNTIF(K112:AL112,"APAGADO") -> 0 | J112: =(H112)/(I112+H112) -> 1
A113: LA COLORADA ESTE | B113: COL02 | C113: COSEIDI | D113: Av. Eva Peron y Pompeya | E113: Domo | F113: Radio | G113: 172.20.200.192 | H113: =COUNTIF(K113:AL113,"") -> 28 | I113: =COUNTIF(K113:AL113,"APAGADO") -> 0 | J113: =(H113)/(I113+H113) -> 1
A114: LA COLORADA ESTE | B114: COL 03 | C114: COSEIDI | D114: CARIBONI Y LA ANCIANIDAD | E114: DOMO | F114: Radio | G114: 10.20.30.37 | H114: =COUNTIF(K114:AL114,"") -> 27 | I114: =COUNTIF(K114:AL114,"APAGADO") -> 1 | J114: =(H114)/(I114+H114) -> 0.96428571 | K114: APAGADO
A115: LA COLORADA ESTE | B115: COL 04 | C115: COSEIDI | D115: EVA PERON Y SAVIO | E115: Domo | F115: Fibra Optica | G115: 172.20.10.75 | H115: =COUNTIF(K115:AL115,"") -> 28 | I115: =COUNTIF(K115:AL115,"APAGADO") -> 0 | J115: =(H115)/(I115+H115) -> 1
A116: DON JOSE | B116: DJO01 | C116: BONOMO | D116: Monteverde y Donato Alvarez | E116: Domo | F116: RADIO | G116: 172.20.200.120 | H116: =COUNTIF(K116:AL116,"") -> 28 | I116: =COUNTIF(K116:AL116,"APAGADO") -> 0 | J116: =(H116)/(I116+H116) -> 1
A117: DON JOSE | B117: DJO 02 (fija 1) | C117: BONOMO | D117: DONATO ALVAREZ Y EL APERO | E117: Fija | F117: PTO A FO | G117: 172.20.12.97 | H117: =COUNTIF(K117:AL117,"") -> 27 | I117: =COUNTIF(K117:AL117,"APAGADO") -> 1 | J117: =(H117)/(I117+H117) -> 0.96428571 | K117: APAGADO
A118: DON JOSE | B118: DJO 03 (fija 2) | C118: BONOMO | D118: DONATO ALVAREZ Y EL APERO | E118: Fija | F118: PTO A FO | G118: 172.20.12.98 | H118: =COUNTIF(K118:AL118,"") -> 27 | I118: =COUNTIF(K118:AL118,"APAGADO") -> 1 | J118: =(H118)/(I118+H118) -> 0.96428571 | K118: APAGADO
A119: DON JOSE | B119: DJO 04 (Fija 1) | C119: BONOMO | D119: MONTEVERDE Y EL INDIO | E119: Fija | F119: Radio | G119: 172.20.12.91 | H119: =COUNTIF(K119:AL119,"") -> 27 | I119: =COUNTIF(K119:AL119,"APAGADO") -> 1 | J119: =(H119)/(I119+H119) -> 0.96428571 | K119: APAGADO
A120: DON JOSE | B120: DJO 05 (Fija 2) | C120: BONOMO | D120: MONTEVERDE Y EL INDIO | E120: Fija | F120: Radio | G120: 172.20.12.92 | H120: =COUNTIF(K120:AL120,"") -> 27 | I120: =COUNTIF(K120:AL120,"APAGADO") -> 1 | J120: =(H120)/(I120+H120) -> 0.96428571 | K120: APAGADO
A121: DON JOSE | B121: DJ O6 | C121: BONOMO | D121: Calle 414 y El Indio | E121: Fija | F121: Radio | G121: 172.20.12.121 | H121: =COUNTIF(K121:AL121,"") -> 27 | I121: =COUNTIF(K121:AL121,"APAGADO") -> 1 | J121: =(H121)/(I121+H121) -> 0.96428571 | K121: APAGADO
A122: DON JOSE | B122: DJ 07 | C122: BONOMO | D122: Calle 414 y El Indio | E122: Fija | F122: Radio | G122: 172.20.12.122 | H122: =COUNTIF(K122:AL122,"") -> 27 | I122: =COUNTIF(K122:AL122,"APAGADO") -> 1 | J122: =(H122)/(I122+H122) -> 0.96428571 | K122: APAGADO
A123: EL PARQUE | B123: EPQ 01 | C123: COSEIDI | D123: 1282 Y GRIERSON | E123: DOMO | F123: Fibra Optica | G123: 172.20.11.170 | H123: =COUNTIF(K123:AL123,"") -> 28 | I123: =COUNTIF(K123:AL123,"APAGADO") -> 0 | J123: =(H123)/(I123+H123) -> 1
A124: EL PARQUE | B124: EPQ 02 | C124: COSEIDI | D124: 1282 Y MASSE | E124: DOMO | F124: Fibra Optica | G124: 172.20.11.172 | H124: =COUNTIF(K124:AL124,"") -> 28 | I124: =COUNTIF(K124:AL124,"APAGADO") -> 0 | J124: =(H124)/(I124+H124) -> 1
A125: EL PARQUE | B125: EPQ 03 | C125: COSEIDI | D125: 1282 Y RP 36 | E125: Domo | F125: Fibra Optica | G125: 172.20.11.139 | H125: =COUNTIF(K125:AL125,"") -> 28 | I125: =COUNTIF(K125:AL125,"APAGADO") -> 0 | J125: =(H125)/(I125+H125) -> 1
A126: EL PARQUE | B126: EPQ 04 | C126: COSEIDI | D126: 1282 Y MORENO | E126: DOMO | F126: Fibra Optica | G126: 172.20.11.171 | H126: =COUNTIF(K126:AL126,"") -> 28 | I126: =COUNTIF(K126:AL126,"APAGADO") -> 0 | J126: =(H126)/(I126+H126) -> 1
A127: LA ESMERALDA | B127: ESM01 | C127: COSEIDI | D127: Cabello y Brasil | E127: Domo | F127: Radio | G127: 172.20.200.179 | H127: =COUNTIF(K127:AL127,"") -> 28 | I127: =COUNTIF(K127:AL127,"APAGADO") -> 0 | J127: =(H127)/(I127+H127) -> 1
A128: SAN JORGE | B128: ESM02 | C128: COSEIDI | D128: Novak y Cabello | E128: Domo | F128: PTO A FO | G128: 172.20.11.46 | H128: =COUNTIF(K128:AL128,"") -> 28 | I128: =COUNTIF(K128:AL128,"APAGADO") -> 0 | J128: =(H128)/(I128+H128) -> 1
A129: LIBERTAD | B129: ESM03 | C129: COSEIDI | D129: Novak y Humahuaca | E129: DOMO | F129: PTO A FO | G129: 172.20.11.42 | H129: =COUNTIF(K129:AL129,"") -> 27 | I129: =COUNTIF(K129:AL129,"APAGADO") -> 1 | J129: =(H129)/(I129+H129) -> 0.96428571 | K129: APAGADO
A130: LA ESMERALDA | B130: ESM04 | C130: COSEIDI | D130: Basualdo y Bengochea | E130: Domo | F130: FIBRA OPTICA | G130: 172.20.12.46 | H130: =COUNTIF(K130:AL130,"") -> 28 | I130: =COUNTIF(K130:AL130,"APAGADO") -> 0 | J130: =(H130)/(I130+H130) -> 1
A131: LA ESMERALDA | B131: ESM05 | C131: COSEIDI | D131: Aniceto Diaz y Villar | E131: Domo | F131: FIBRA OPTICA | G131: 172.20.12.48 | H131: =COUNTIF(K131:AL131,"") -> 28 | I131: =COUNTIF(K131:AL131,"APAGADO") -> 0 | J131: =(H131)/(I131+H131) -> 1
A132: LA ESMERALDA | B132: ESM06 | C132: COSEIDI | D132: Roselli y Cabello | E132: Domo | F132: Radio | G132: 172.20.200.168 | H132: =COUNTIF(K132:AL132,"") -> 28 | I132: =COUNTIF(K132:AL132,"APAGADO") -> 0 | J132: =(H132)/(I132+H132) -> 1
A133: LA ESMERALDA | B133: ESM07 | C133: COSEIDI | D133: AV. NOVAK Y SERRANO | E133: DOMO | F133: PTO A FO | G133: 172.20.11.44 | H133: =COUNTIF(K133:AL133,"") -> 28 | I133: =COUNTIF(K133:AL133,"APAGADO") -> 0 | J133: =(H133)/(I133+H133) -> 1
A134: LA ESMERALDA | B134: ESM 08 | C134: COSEIDI | D134: DAVINSON Y MORANCHEL | E134: FIJA | F134: Radio | G134: 10.20.30.38 | H134: =COUNTIF(K134:AL134,"") -> 28 | I134: =COUNTIF(K134:AL134,"APAGADO") -> 0 | J134: =(H134)/(I134+H134) -> 1
A135: LA ESMERALDA | B135: ESM09 (fija 1) | C135: COSEIDI | D135: EEUU Y CABELLO | E135: Fija | F135: Fibra Optica | G135: 172.20.11.76 | H135: =COUNTIF(K135:AL135,"") -> 28 | I135: =COUNTIF(K135:AL135,"APAGADO") -> 0 | J135: =(H135)/(I135+H135) -> 1
A136: LA ESMERALDA | B136: ESM10 (fija 2) | C136: COSEIDI | D136: EEUU Y CABELLO | E136: Fija | F136: Fibra Optica | G136: 172.20.11.77 | H136: =COUNTIF(K136:AL136,"") -> 28 | I136: =COUNTIF(K136:AL136,"APAGADO") -> 0 | J136: =(H136)/(I136+H136) -> 1
A137: LA ESMERALDA | B137: ESM11 (fija 1) | C137: COSEIDI | D137: NOVAK Y LAMBARDI | E137: Fija | F137: Fibra Optica | G137: 172.20.11.131 | H137: =COUNTIF(K137:AL137,"") -> 28 | I137: =COUNTIF(K137:AL137,"APAGADO") -> 0 | J137: =(H137)/(I137+H137) -> 1
A138: LA ESMERALDA | B138: ESM12 (fija 2) | C138: COSEIDI | D138: NOVAK Y LAMBARDI | E138: Fija | F138: Fibra Optica | G138: 172.20.11.132 | H138: =COUNTIF(K138:AL138,"") -> 28 | I138: =COUNTIF(K138:AL138,"APAGADO") -> 0 | J138: =(H138)/(I138+H138) -> 1
A139: LA ESMERALDA | B139: ESM 13 | C139: COSEIDI | D139: Barzi y Serrano | E139: fija | F139: Fibra Optica | G139: 172.20.11.56 | H139: =COUNTIF(K139:AL139,"") -> 28 | I139: =COUNTIF(K139:AL139,"APAGADO") -> 0 | J139: =(H139)/(I139+H139) -> 1
A140: LA ESMERALDA | B140: ESM 14 | C140: COSEIDI | D140: Barzi y Serrano | E140: fija | F140: Fibra Optica | G140: 172.20.11.57 | H140: =COUNTIF(K140:AL140,"") -> 28 | I140: =COUNTIF(K140:AL140,"APAGADO") -> 0 | J140: =(H140)/(I140+H140) -> 1
A141: LA ESMERALDA | B141: ESM 15 | C141: COSEIDI | D141: Basualdo y Lieja | E141: Fija | F141: Fibra Optica | G141: 172.20.11.51 | H141: =COUNTIF(K141:AL141,"") -> 28 | I141: =COUNTIF(K141:AL141,"APAGADO") -> 0 | J141: =(H141)/(I141+H141) -> 1
... A144: INGENIERO ALLAN | B144: INA 02 | C144: COSEIDI | D144: 1144 Y 1155 | E144: DOMO | F144: Fibra Optica | G144: 172.20.11.174 | H144: =COUNTIF(K144:AL144,"") -> 28 | I144: =COUNTIF(K144:AL144,"APAGADO") -> 0 | J144: =(H144)/(I144+H144) -> 1
A145: INFICO | B145: INF 01 | C145: COSEIDI | D145: AV. HUDSON Y CARIBONI | F145: Fibra Optica | G145: 172.20.11.62 | H145: =COUNTIF(K145:AL145,"") -> 28 | I145: =COUNTIF(K145:AL145,"APAGADO") -> 0 | J145: =(H145)/(I145+H145) -> 1
A146: VILLA ARGENTINA | B146: KM01 | C146: BONOMO | D146: Vias FFCC y La Pulperia | E146: DOMO | F146: Radio | G146: 172.20.200.145 | H146: =COUNTIF(K146:AL146,"") -> 28 | I146: =COUNTIF(K146:AL146,"APAGADO") -> 0 | J146: =(H146)/(I146+H146) -> 1
A147: CHACABUCO | B147: KM02 | C147: BONOMO | D147: Novak e/El Overo y el Mangrullo | E147: Domo | F147: Radio | G147: 172.20.200.144 | H147: =COUNTIF(K147:AL147,"") -> 28 | I147: =COUNTIF(K147:AL147,"APAGADO") -> 0 | J147: =(H147)/(I147+H147) -> 1
A148: KM 26700 (JULIO A. COSTA) | B148: KM03 | C148: BONOMO | D148: Novak y La Pulperia | E148: Domo | F148: Radio | G148: 172.20.200.185 | H148: =COUNTIF(K148:AL148,"") -> 28 | I148: =COUNTIF(K148:AL148,"APAGADO") -> 0 | J148: =(H148)/(I148+H148) -> 1
A149: KM 26700 (JULIO A. COSTA) | B149: KM04 | C149: BONOMO | D149: El Ombu y El Zonda | E149: Domo | F149: Radio | G149: 172.20.200.131 | H149: =COUNTIF(K149:AL149,"") -> 28 | I149: =COUNTIF(K149:AL149,"APAGADO") -> 0 | J149: =(H149)/(I149+H149) -> 1
A150: KM 26700 (JULIO A. COSTA) | B150: KM05 | C150: BONOMO | D150: El Ombu y Los Charruas | E150: Domo | F150: Radio | G150: 172.20.200.174 | H150: =COUNTIF(K150:AL150,"") -> 28 | I150: =COUNTIF(K150:AL150,"APAGADO") -> 0 | J150: =(H150)/(I150+H150) -> 1
A151: KM 26700 (JULIO A. COSTA) | B151: KM06 | C151: BONOMO | D151: El Ombu y La Cautiva | E151: DOMO | F151: Radio | G151: 172.20.200.127 | H151: =COUNTIF(K151:AL151,"") -> 28 | I151: =COUNTIF(K151:AL151,"APAGADO") -> 0 | J151: =(H151)/(I151+H151) -> 1
A152: KM 26700 (JULIO A. COSTA) | B152: KM 07 | C152: BONOMO | D152: EL ALJIBE E/ EL ZONDA Y DON SEGUNDO SOMBRA | E152: DOMO | F152: Radio | G152: 10.20.30.20 | H152: =COUNTIF(K152:AL152,"") -> 28 | I152: =COUNTIF(K152:AL152,"APAGADO") -> 0 | J152: =(H152)/(I152+H152) -> 1
A153: KM 26700 (JULIO A. COSTA) | B153: KM08 / UPA 03 | C153: BONOMO | D153: LOS CHARRUAS Y BLANDENGUES | E153: DOMO | F153: Radio | G153: 172.20.200.149 | H153: =COUNTIF(K153:AL153,"") -> 28 | I153: =COUNTIF(K153:AL153,"APAGADO") -> 0 | J153: =(H153)/(I153+H153) -> 1
A154: KM 26700 (JULIO A. COSTA) | B154: KM09 / UPA 1 | C154: BONOMO | D154: NOVAK Y LA POSTA | E154: DOMO | F154: Radio | G154: 172.20.10.63 | H154: =COUNTIF(K154:AL154,"") -> 28 | I154: =COUNTIF(K154:AL154,"APAGADO") -> 0 | J154: =(H154)/(I154+H154) -> 1
A155: KM 26700 (JULIO A. COSTA) | B155: KM 10 / UPA 2 | C155: BONOMO | D155: PLAYA DE ESTACIONAMIENTO INTERNA E/ HOSP. MODULAR Y UPA 11. | E155: DOMO | F155: Radio | G155: 10.20.30.26 | H155: =COUNTIF(K155:AL155,"") -> 28 | I155: =COUNTIF(K155:AL155,"APAGADO") -> 0 | J155: =(H155)/(I155+H155) -> 1
A156: KM 26700 (JULIO A. COSTA) | B156: KM11 | C156: BONOMO | D156: NOVAK Y EL OVERO | E156: DOMO | F156: Fibra Optica | G156: 172.20.11.70 | H156: =COUNTIF(K156:AL156,"") -> 28 | I156: =COUNTIF(K156:AL156,"APAGADO") -> 0 | J156: =(H156)/(I156+H156) -> 1
A157: KM 26700 (JULIO A. COSTA) | B157: KM 12 FIJA 1 | C157: BONOMO | D157: BLANDENGUES Y LA ZAMBA | E157: Fija | F157: PTO A FO | G157: 172.20.12.85 | H157: =COUNTIF(K157:AL157,"") -> 27 | I157: =COUNTIF(K157:AL157,"APAGADO") -> 1 | J157: =(H157)/(I157+H157) -> 0.96428571 | K157: APAGADO
A158: KM 26700 (JULIO A. COSTA) | B158: KM 13 FIJA 2 | C158: BONOMO | D158: BLANDENGUES Y LA ZAMBA | E158: Fija | F158: PTO A FO | G158: 172.20.12.86 | H158: =COUNTIF(K158:AL158,"") -> 27 | I158: =COUNTIF(K158:AL158,"APAGADO") -> 1 | J158: =(H158)/(I158+H158) -> 0.96428571 | K158: APAGADO
A159: KM 26700 (JULIO A. COSTA) | B159: KM 14 (fija 1) | C159: BONOMO | D159: EL GAUCHO Y EL ZONDA | E159: Fija | F159: PTO A FO | G159: 172.20.12.94 | H159: =COUNTIF(K159:AL159,"") -> 27 | I159: =COUNTIF(K159:AL159,"APAGADO") -> 1 | J159: =(H159)/(I159+H159) -> 0.96428571 | K159: APAGADO
A160: KM 26700 (JULIO A. COSTA) | B160: KM 15 (fija 2) | C160: BONOMO | D160: EL GAUCHO Y EL ZONDA | E160: Fija | F160: PTO A FO | G160: 172.20.12.95 | H160: =COUNTIF(K160:AL160,"") -> 27 | I160: =COUNTIF(K160:AL160,"APAGADO") -> 1 | J160: =(H160)/(I160+H160) -> 0.96428571 | K160: APAGADO
A161: KM 26700 (JULIO A. COSTA) | B161: KM 16 (fija 1) | C161: BONOMO | D161: EL GAUCHO Y MARTIN FIERRO | E161: Fija | F161: PTO A FO | G161: 172.20.12.88 | H161: =COUNTIF(K161:AL161,"") -> 27 | I161: =COUNTIF(K161:AL161,"APAGADO") -> 1 | J161: =(H161)/(I161+H161) -> 0.96428571 | K161: APAGADO
A162: KM 26700 (JULIO A. COSTA) | B162: KM 17 (fija 2) | C162: BONOMO | D162: EL GAUCHO Y MARTIN FIERRO | E162: Fija | F162: PTO A FO | G162: 172.20.12.89 | H162: =COUNTIF(K162:AL162,"") -> 27 | I162: =COUNTIF(K162:AL162,"APAGADO") -> 1 | J162: =(H162)/(I162+H162) -> 0.96428571 | K162: APAGADO
A163: KM 26700 (JULIO A. COSTA) | B163: KM 18 | C163: BONOMO | D163: PULPERIA Y EL ALJIBE | E163: Domo | F163: Fibra Optica | G163: 172.20.10.74 | H163: =COUNTIF(K163:AL163,"") -> 28 | I163: =COUNTIF(K163:AL163,"APAGADO") -> 0 | J163: =(H163)/(I163+H163) -> 1
A164: LOMAS DE MONTEVERDE | B164: LDM 01 | C164: BONOMO | D164: ILLIA Y BOUREL | E164: DOMO | F164: PTO A FO | G164: 172.20.11.36 | H164: =COUNTIF(K164:AL164,"") -> 28 | I164: =COUNTIF(K164:AL164,"APAGADO") -> 0 | J164: =(H164)/(I164+H164) -> 1
A165: LOMAS DE MONTEVERDE | B165: LDM 02 | C165: BONOMO | D165: LAS HERAS Y EDISON | E165: DOMO | F165: PTO A FO | G165: 172.20.11.32 | H165: =COUNTIF(K165:AL165,"") -> 28 | I165: =COUNTIF(K165:AL165,"APAGADO") -> 0 | J165: =(H165)/(I165+H165) -> 1
A166: LOMAS DE MONTEVERDE | B166: LDM 03 | C166: BONOMO | D166: LAS HERAS Y FRANKLIN | E166: DOMO | F166: PTO A FO | G166: 172.20.11.34 | H166: =COUNTIF(K166:AL166,"") -> 28 | I166: =COUNTIF(K166:AL166,"APAGADO") -> 0 | J166: =(H166)/(I166+H166) -> 1
A167: LIBERTAD | B167: LIBER 01 | C167: COSEIDI | D167: 511 Y 574 FIJA 01 | E167: Fija | F167: RADIO | H167: =COUNTIF(K167:AL167,"") -> 28 | I167: =COUNTIF(K167:AL167,"APAGADO") -> 0 | J167: =(H167)/(I167+H167) -> 1
A168: LIBERTAD | B168: LIBER 02 | C168: COSEIDI | D168: 511 Y 574 FIJA 02 | E168: Fija | F168: Radio | H168: =COUNTIF(K168:AL168,"") -> 28 | I168: =COUNTIF(K168:AL168,"APAGADO") -> 0 | J168: =(H168)/(I168+H168) -> 1
A169: CHACABUCO | B169: LPI 01 | C169: BONOMO | D169: Maipu y Posadas | E169: Domo | F169: Radio | G169: 172.20.200.128 | H169: =COUNTIF(K169:AL169,"") -> 28 | I169: =COUNTIF(K169:AL169,"APAGADO") -> 0 | J169: =(H169)/(I169+H169) -> 1
A170: CHACABUCO | B170: LPI02 | C170: BONOMO | D170: EE.UU y Ayacucho | E170: Domo | F170: Radio | G170: 172.20.200.190 | H170: =COUNTIF(K170:AL170,"") -> 28 | I170: =COUNTIF(K170:AL170,"APAGADO") -> 0 | J170: =(H170)/(I170+H170) -> 1
A171: LA PILETA | B171: LPI03 (fija 2) | C171: BONOMO | D171: MAIPU Y POSADAS | E171: Fija | F171: Fibra Optica | G171: 172.20.11.72 | H171: =COUNTIF(K171:AL171,"") -> 28 | I171: =COUNTIF(K171:AL171,"APAGADO") -> 0 | J171: =(H171)/(I171+H171) -> 1
...

Sheet Hoja4
A10: Barrio | B10: [Denominacion] | C10: [Empresa Mantenimiento] | D10: [Ubicacion] | E10: [Tipo de Camara] | F10: [Tipo de Conexion]
A11: CENTRO | B11: CEN 65 | C11: BONOMO | D11: SAN MARTIN Y JUAN PERON | E11: FIJA | F11: Fibra Optica | G11: 172.20.11.135
A12: CENTRO | B12: CEN66 | C12: BONOMO | D12: SAN MARTIN Y JUAN PERON | E12: FIJA | F12: Fibra Optica | G12: 172.20.11.136
A13: CENTRO | B13: CEN 72 | C13: BONOMO | D13: MORENO Y 25 DE MAYO | E13: Domo | F13: Fibra Optica | G13: 172.20.11.219
A14: DON JOSE | B14: DJO 02 (fija 1) | C14: BONOMO | D14: DONATO ALVAREZ Y EL APERO | E14: Fija | F14: PTO A FO | G14: 172.20.12.97
A15: DON JOSE | B15: DJO 03 (fija 2) | C15: BONOMO | D15: DONATO ALVAREZ Y EL APERO | E15: Fija | F15: PTO A FO | G15: 172.20.12.98
A16: DON JOSE | B16: DJO 04 (Fija 1) | C16: BONOMO | D16: MONTEVERDE Y EL INDIO | E16: Fija | F16: Radio | G16: 172.20.12.91
A17: DON JOSE | B17: DJO 05 (Fija 2) | C17: BONOMO | D17: MONTEVERDE Y EL INDIO | E17: Fija | F17: Radio | G17: 172.20.12.92
A18: DON JOSE | B18: DJ O6 | C18: BONOMO | D18: Calle 414 y El Indio | E18: Fija | F18: Radio | G18: 172.20.12.121
A19: DON JOSE | B19: DJ 07 | C19: BONOMO | D19: Calle 414 y El Indio | E19: Fija | F19: Radio | G19: 172.20.12.122
A20: KM 26700 (JULIO A. COSTA) | B20: KM 12 FIJA 1 | C20: BONOMO | D20: BLANDENGUES Y LA ZAMBA | E20: Fija | F20: PTO A FO | G20: 172.20.12.85
A21: KM 26700 (JULIO A. COSTA) | B21: KM 13 FIJA 2 | C21: BONOMO | D21: BLANDENGUES Y LA ZAMBA | E21: Fija | F21: PTO A FO | G21: 172.20.12.86
A22: KM 26700 (JULIO A. COSTA) | B22: KM 14 (fija 1) | C22: BONOMO | D22: EL GAUCHO Y EL ZONDA | E22: Fija | F22: PTO A FO | G22: 172.20.12.94
... A27: 9 DE JULIO | B27: NJU09 | C27: BONOMO | D27: PARRILLO Y CONTRERAS | E27: DOMO | F27: Fibra Optica | G27: 172.20.11.190
A28: DON JOSE | B28: PUNTO SEGURO AGUSTIN RAMIREZ INTERCOMUNICADOR | C28: BONOMO | D28: MALAMBO Y LA TRANQUERA | E28: Fija | F28: Fibra Optica
A29: SAN EDUARDO | B29: SEDU01 | C29: BONOMO | D29: San Martin y Sperandio | E29: Domo | F29: Fibra Optica | G29: 172.20.10.10
A30: VILLA CIRIO | B30: SEDU03 | C30: BONOMO | D30: Av. San Martin y Las Americas | E30: Domo | F30: Radio | G30: 172.20.200.183
A31: LA SIRENA | B31: SIR01 | C31: BONOMO | D31: Moran y Calle 14 | E31: DOMO | F31: Radio | G31: 172.20.200.124
A32: LA SIRENA | B32: SIR09 (fija 1) | C32: BONOMO | D32: GUIDO SPANO Y MORAN | E32: Fija | F32: Fibra Optica | G32: 172.20.11.96
A33: LA SIRENA | B33: SIR10 (fija 2) | C33: BONOMO | D33: GUIDO SPANO Y MORAN | E33: Fija | F33: Fibra Optica | G33: 172.20.11.97
A34: LA SIRENA | B34: SIR 15 | C34: BONOMO | D34: Monteverde y Azara | E34: Domo | F34: Fibra Optica | G34: 172.20.11.93
A35: VILLA VATTEONE CENTRO | B35: VAT23 (fija 1) | C35: BONOMO | D35: EVA PERON Y "EL TUNEL" (BAJO NIVEL) | E35: Fija | F35: Fibra Optica | G35: 172.20.11.139
A36: VILLA VATTEONE CENTRO | B36: VAT24 (fija 2) | C36: BONOMO | D36: EVA PERON Y "EL TUNEL" (BAJO NIVEL) | E36: Fija | F36: Fibra Optica | G36: 172.20.11.140
A37: VILLA DEL PLATA | B37: VDPL05 | C37: BONOMO | D37: Ruta 36 y Abraham | E37: Domo | F37: PTO A FO | G37: 172.20.12.219
A38: VILLA ANGELICA | B38: VDPL06 | C38: BONOMO | D38: Thevenet e/ Islas Orcadas y Gardel | E38: Domo | F38: Radio | G38: 172.20.200.196
A43: CAMARAS SIN FUNCIONAMIENTO DEL DIA 01 DE JUNIO DE 2023
A46: RECIBIDO: | D46: FIRMA:
A49: EMPRESA: BONOMO SISTEMAS
D51: ACALARCION:

Sheet ESTADISTICA
A1: ='RESUMEN TOTAL'!A4 -> Barrio | B1: ='RESUMEN TOTAL'!B4 -> [Denominacion] | C1: ='RESUMEN TOTAL'!D4 -> [Ubicacion] | D1: ='RESUMEN TOTAL'!E4 -> [Tipo de Camara] | E1: ='RESUMEN TOTAL'!F4 -> [Tipo de Conexion] | F1: ='RESUMEN TOTAL'!K4 -> 45078 | G1: ='RESUMEN TOTAL'!L4 -> 45079 | H1: ='RESUMEN TOTAL'!M4 -> 45080 | I1: ='RESUMEN TOTAL'!N4 -> 45081 | J1: ='RESUMEN TOTAL'!O4 -> 45082 | K1: ='RESUMEN TOTAL'!P4 -> 45083 | L1: ='RESUMEN TOTAL'!Q4 -> 45084 | M1: ='RESUMEN TOTAL'!R4 -> 45085 | ... AI1: ='RESUMEN TOTAL'!AN4 -> 45107 | AJ1: ='RESUMEN TOTAL'!#REF! -> #REF!
A2: ='RESUMEN TOTAL'!A5 -> ALTAMIRA | B2: ='RESUMEN TOTAL'!B5 -> ALT01 | C2: ='RESUMEN TOTAL'!D5 -> Calchaqui y Sgto. Cabral | D2: ='RESUMEN TOTAL'!E5 -> Domo | E2: ='RESUMEN TOTAL'!F5 -> Fibra Optica | F2: ='RESUMEN TOTAL'!K5 -> 0 | G2: ='RESUMEN TOTAL'!L5 -> 0 | H2: ='RESUMEN TOTAL'!M5 -> 0 | I2: ='RESUMEN TOTAL'!N5 -> 0 | J2: ='RESUMEN TOTAL'!O5 -> 0 | K2: ='RESUMEN TOTAL'!P5 -> 0 | L2: ='RESUMEN TOTAL'!Q5 -> 0 | M2: ='RESUMEN TOTAL'!R5 -> 0 | ... AI2: ='RESUMEN TOTAL'!AN5 -> 0 | AJ2: ='RESUMEN TOTAL'!#REF! -> #REF!
A3: ='RESUMEN TOTAL'!A6 -> ALTAMIRA | B3: ='RESUMEN TOTAL'!B6 -> ALT02 | C3: ='RESUMEN TOTAL'!D6 -> Calchaqui y Lope de Vega | D3: ='RESUMEN TOTAL'!E6 -> Domo | E3: ='RESUMEN TOTAL'!F6 -> PTO A FO | F3: ='RESUMEN TOTAL'!K6 -> 0 | G3: ='RESUMEN TOTAL'!L6 -> 0 | H3: ='RESUMEN TOTAL'!M6 -> 0 | I3: ='RESUMEN TOTAL'!N6 -> 0 | J3: ='RESUMEN TOTAL'!O6 -> 0 | K3: ='RESUMEN TOTAL'!P6 -> 0 | L3: ='RESUMEN TOTAL'!Q6 -> 0 | M3: ='RESUMEN TOTAL'!R6 -> 0 | ... AI3: ='RESUMEN TOTAL'!AN6 -> 0 | AJ3: ='RESUMEN TOTAL'!#REF! -> #REF!
A4: ='RESUMEN TOTAL'!A7 -> ALTAMIRA | B4: ='RESUMEN TOTAL'!B7 -> ALT 03 | C4: ='RESUMEN TOTAL'!D7 -> Bombero Galarza y Necochea | D4: ='RESUMEN TOTAL'!E7 -> Domo | E4: ='RESUMEN TOTAL'!F7 -> FIBRA OPTICA | F4: ='RESUMEN TOTAL'!K7 -> 0 | G4: ='RESUMEN TOTAL'!L7 -> 0 | H4: ='RESUMEN TOTAL'!M7 -> 0 | I4: ='RESUMEN TOTAL'!N7 -> 0 | J4: ='RESUMEN TOTAL'!O7 -> 0 | K4: ='RESUMEN TOTAL'!P7 -> 0 | L4: ='RESUMEN TOTAL'!Q7 -> 0 | M4: ='RESUMEN TOTAL'!R7 -> 0 | ... AI4: ='RESUMEN TOTAL'!AN7 -> 0 | AJ4: ='RESUMEN TOTAL'!#REF! -> #REF!
A5: ='RESUMEN TOTAL'!A8 -> ALTAMIRA | B5: ='RESUMEN TOTAL'!B8 -> ALT 04 | C5: ='RESUMEN TOTAL'!D8 -> Francia y Necochea | D5: ='RESUMEN TOTAL'!E8 -> Domo | E5: ='RESUMEN TOTAL'!F8 -> FIBRA OPTICA | F5: ='RESUMEN TOTAL'!K8 -> 0 | G5: ='RESUMEN TOTAL'!L8 -> 0 | H5: ='RESUMEN TOTAL'!M8 -> 0 | I5: ='RESUMEN TOTAL'!N8 -> 0 | J5: ='RESUMEN TOTAL'!O8 -> 0 | K5: ='RESUMEN TOTAL'!P8 -> 0 | L5: ='RESUMEN TOTAL'!Q8 -> 0 | M5: ='RESUMEN TOTAL'!R8 -> 0 | ... AI5: ='RESUMEN TOTAL'!AN8 -> 0 | AJ5: ='RESUMEN TOTAL'!#REF! -> #REF!
A6: ='RESUMEN TOTAL'!A9 -> ALTAMIRA | B6: ='RESUMEN TOTAL'!B9 -> ALT05 | C6: ='RESUMEN TOTAL'!D9 -> Av. Calchaqui y Bombero Galarza | D6: ='RESUMEN TOTAL'!E9 -> Domo | E6: ='RESUMEN TOTAL'!F9 -> PTO A FO | F6: ='RESUMEN TOTAL'!K9 -> 0 | G6: ='RESUMEN TOTAL'!L9 -> 0 | H6: ='RESUMEN TOTAL'!M9 -> 0 | I6: ='RESUMEN TOTAL'!N9 -> 0 | J6: ='RESUMEN TOTAL'!O9 -> 0 | K6: ='RESUMEN TOTAL'!P9 -> 0 | L6: ='RESUMEN TOTAL'!Q9 -> 0 | M6: ='RESUMEN TOTAL'!R9 -> 0 | ... AI6: ='RESUMEN TOTAL'!AN9 -> 0 | AJ6: ='RESUMEN TOTAL'!#REF! -> #REF!
A7: ='RESUMEN TOTAL'!A10 -> ALTAMIRA | B7: ='RESUMEN TOTAL'!B10 -> ALT 06 | C7: ='RESUMEN TOTAL'!D10 -> LOPE DE VEGA Y NECOCHEA | D7: ='RESUMEN TOTAL'!E10 -> Domo | E7: ='RESUMEN TOTAL'!F10 -> PTO A FO | F7: ='RESUMEN TOTAL'!K10 -> 0 | G7: ='RESUMEN TOTAL'!L10 -> 0 | H7: ='RESUMEN TOTAL'!M10 -> 0 | I7: ='RESUMEN TOTAL'!N10 -> 0 | J7: ='RESUMEN TOTAL'!O10 -> 0 | K7: ='RESUMEN TOTAL'!P10 -> 0 | L7: ='RESUMEN TOTAL'!Q10 -> 0 | M7: ='RESUMEN TOTAL'!R10 -> 0 | ... AI7: ='RESUMEN TOTAL'!AN10 -> 0 | AJ7: ='RESUMEN TOTAL'!#REF! -> #REF!
A8: ='RESUMEN TOTAL'!A11 -> ALTAMIRA | B8: ='RESUMEN TOTAL'!B11 -> ALT07 | C8: ='RESUMEN TOTAL'!D11 -> AV. CALCHAQUI Y AV. DEL TRABAJO | D8: ='RESUMEN TOTAL'!E11 -> DOMO | E8: ='RESUMEN TOTAL'!F11 -> PTO A FO | F8: ='RESUMEN TOTAL'!K11 -> 0 | G8: ='RESUMEN TOTAL'!L11 -> 0 | H8: ='RESUMEN TOTAL'!M11 -> 0 | I8: ='RESUMEN TOTAL'!N11 -> 0 | J8: ='RESUMEN TOTAL'!O11 -> 0 | K8: ='RESUMEN TOTAL'!P11 -> 0 | L8: ='RESUMEN TOTAL'!Q11 -> 0 | M8: ='RESUMEN TOTAL'!R11 -> 0 | ... AI8: ='RESUMEN TOTAL'!AN11 -> 0 | AJ8: ='RESUMEN TOTAL'!#REF! -> #REF!
A9: ='RESUMEN TOTAL'!A12 -> ALTAMIRA | B9: ='RESUMEN TOTAL'!B12 -> ALT 08 | C9: ='RESUMEN TOTAL'!D12 -> HUMAITA Y NECOCHEA | D9: ='RESUMEN TOTAL'!E12 -> DOMO | E9: ='RESUMEN TOTAL'!F12 -> Fibra Optica | F9: ='RESUMEN TOTAL'!K12 -> 0 | G9: ='RESUMEN TOTAL'!L12 -> 0 | H9: ='RESUMEN TOTAL'!M12 -> 0 | I9: ='RESUMEN TOTAL'!N12 -> 0 | J9: ='RESUMEN TOTAL'!O12 -> 0 | K9: ='RESUMEN TOTAL'!P12 -> 0 | L9: ='RESUMEN TOTAL'!Q12 -> 0 | M9: ='RESUMEN TOTAL'!R12 -> 0 | ... AI9: ='RESUMEN TOTAL'!AN12 -> 0 | AJ9: ='RESUMEN TOTAL'!#REF! -> #REF!
A10: ='RESUMEN TOTAL'!A13 -> ALTAMIRA | B10: ='RESUMEN TOTAL'!B13 -> ALT 09 | C10: ='RESUMEN TOTAL'!D13 -> NECOCHEA Y CURUPAITY | D10: ='RESUMEN TOTAL'!E13 -> DOMO | E10: ='RESUMEN TOTAL'!F13 -> Fibra Optica | F10: ='RESUMEN TOTAL'!K13 -> 0 | G10: ='RESUMEN TOTAL'!L13 -> 0 | H10: ='RESUMEN TOTAL'!M13 -> 0 | I10: ='RESUMEN TOTAL'!N13 -> 0 | J10: ='RESUMEN TOTAL'!O13 -> 0 | K10: ='RESUMEN TOTAL'!P13 -> 0 | L10: ='RESUMEN TOTAL'!Q13 -> 0 | M10: ='RESUMEN TOTAL'!R13 -> 0 | ... AI10: ='RESUMEN TOTAL'!AN13 -> 0 | AJ10: ='RESUMEN TOTAL'!#REF! -> #REF!
A11: ='RESUMEN TOTAL'!A14 -> ALTAMIRA | B11: ='RESUMEN TOTAL'!B14 -> ALT 10 | C11: ='RESUMEN TOTAL'!D14 -> Calchaqui y Francia | D11: ='RESUMEN TOTAL'!E14 -> Domo | E11: ='RESUMEN TOTAL'!F14 -> Radio | F11: ='RESUMEN TOTAL'!K14 -> 0 | G11: ='RESUMEN TOTAL'!L14 -> 0 | H11: ='RESUMEN TOTAL'!M14 -> 0 | I11: ='RESUMEN TOTAL'!N14 -> 0 | J11: ='RESUMEN TOTAL'!O14 -> 0 | K11: ='RESUMEN TOTAL'!P14 -> 0 | L11: ='RESUMEN TOTAL'!Q14 -> 0 | M11: ='RESUMEN TOTAL'!R14 -> 0 | ... AI11: ='RESUMEN TOTAL'!AN14 -> 0 | AJ11: ='RESUMEN TOTAL'!#REF! -> #REF!
A12: ='RESUMEN TOTAL'!A15 -> AGUSTIN RAMIREZ | B12: ='RESUMEN TOTAL'!B15 -> ARA 01 | C12: ='RESUMEN TOTAL'!D15 -> Malambo y Tranquera | D12: ='RESUMEN TOTAL'!E15 -> Domo | E12: ='RESUMEN TOTAL'!F15 -> FIBRA OPTICA | F12: ='RESUMEN TOTAL'!K15 -> 0 | G12: ='RESUMEN TOTAL'!L15 -> 0 | H12: ='RESUMEN TOTAL'!M15 -> 0 | I12: ='RESUMEN TOTAL'!N15 -> 0 | J12: ='RESUMEN TOTAL'!O15 -> 0 | K12: ='RESUMEN TOTAL'!P15 -> 0 | L12: ='RESUMEN TOTAL'!Q15 -> 0 | M12: ='RESUMEN TOTAL'!R15 -> 0 | ... AI12: ='RESUMEN TOTAL'!AN15 -> 0 | AJ12: ='RESUMEN TOTAL'!#REF! -> #REF!
... A634: ='RESUMEN TOTAL'!A637 -> 0 | B634: ='RESUMEN TOTAL'!B637 -> 0 | C634: ='RESUMEN TOTAL'!D637 -> 0 | D634: ='RESUMEN TOTAL'!E637 -> 0 | E634: ='RESUMEN TOTAL'!F637 -> 0 | F634: ='RESUMEN TOTAL'!K637 -> 0 | G634: ='RESUMEN TOTAL'!L637 -> 0 | H634: ='RESUMEN TOTAL'!M637 -> 0 | I634: ='RESUMEN TOTAL'!N637 -> 0 | J634: ='RESUMEN TOTAL'!O637 -> 0 | K634: ='RESUMEN TOTAL'!P637 -> 0 | L634: ='RESUMEN TOTAL'!Q637 -> 0 | M634: ='RESUMEN TOTAL'!R637 -> 0 | ... AI634: ='RESUMEN TOTAL'!AN637 -> 0 | AJ634: ='RESUMEN TOTAL'!#REF! -> #REF!

Sheet APAGADOS
E1: APAGADOS | F1: =COUNTIF(F3:F400, "APAGADO") -> 47 | G1: =COUNTIF(G3:G400, "APAGADO") -> 0 | H1: =COUNTIF(H3:H500, "APAGADO") -> 0 | I1: =COUNTIF(I3:I400, "APAGADO") -> 0 | J1: =COUNTIF(J3:J400, "APAGADO") -> 0 | K1: =COUNTIF(K3:K400, "APAGADO") -> 0 | L1: =COUNTIF(L3:L400, "APAGADO") -> 0 | M1: =COUNTIF(M3:M400, "APAGADO") -> 0 | N1: =COUNTIF(N3:N400, "APAGADO") -> 0 | O1: =COUNTIF(O3:O400, "APAGADO") -> 0 | P1: =COUNTIF(P3:P400, "APAGADO") -> 0 | ... AD1: =COUNTIF(AD3:AD400, "APAGADO") -> 0 | AE1: =COUNTIF(AE3:AE500, "APAGADO") -> 0 | AF1: =COUNTIF(AF3:AF400, "APAGADO") -> 0 | AG1: =COUNTIF(AG3:AG400, "APAGADO") -> 0 | AH1: =COUNTIF(AH3:AH400, "APAGADO") -> 0 | AI1: =COUNTIF(AI3:AI400, "APAGADO") -> 0 | AJ1: =COUNTIF(AJ3:AJ400, "APAGADO") -> 0
A2: =ESTADISTICA!A1 -> Barrio | B2: =ESTADISTICA!B1 -> [Denominacion] | C2: =ESTADISTICA!C1 -> [Ubicacion] | D2: =ESTADISTICA!D1 -> [Tipo de Camara] | E2: =ESTADISTICA!E1 -> [Tipo de Conexion] | F2: =ESTADISTICA!F1 -> 45078 | G2: =ESTADISTICA!G1 -> 45079 | H2: =ESTADISTICA!H1 -> 45080 | ... AJ2: =ESTADISTICA!AJ1 -> #REF!
A3: =ESTADISTICA!A2 -> ALTAMIRA | B3: =ESTADISTICA!B2 -> ALT01 | C3: =ESTADISTICA!C2 -> Calchaqui y Sgto. Cabral | D3: =ESTADISTICA!D2 -> Domo | E3: =ESTADISTICA!E2 -> Fibra Optica | F3: =ESTADISTICA!F2 -> 0 | G3: =ESTADISTICA!G2 -> 0 | H3: =ESTADISTICA!H2 -> 0 | ... AJ3: =ESTADISTICA!AJ2 -> #REF!
A4: =ESTADISTICA!A3 -> ALTAMIRA | B4: =ESTADISTICA!B3 -> ALT02 | C4: =ESTADISTICA!C3 -> Calchaqui y Lope de Vega | D4: =ESTADISTICA!D3 -> Domo | E4: =ESTADISTICA!E3 -> PTO A FO | F4: =ESTADISTICA!F3 -> 0 | G4: =ESTADISTICA!G3 -> 0 | H4: =ESTADISTICA!H3 -> 0 | ... AJ4: =ESTADISTICA!AJ3 -> #REF!
A5: =ESTADISTICA!A4 -> ALTAMIRA | B5: =ESTADISTICA!B4 -> ALT 03 | C5: =ESTADISTICA!C4 -> Bombero Galarza y Necochea | D5: =ESTADISTICA!D4 -> Domo | E5: =ESTADISTICA!E4 -> FIBRA OPTICA | F5: =ESTADISTICA!F4 -> 0 | G5: =ESTADISTICA!G4 -> 0 | H5: =ESTADISTICA!H4 -> 0 | ... AJ5: =ESTADISTICA!AJ4 -> #REF!
A6: =ESTADISTICA!A5 -> ALTAMIRA | B6: =ESTADISTICA!B5 -> ALT 04 | C6: =ESTADISTICA!C5 -> Francia y Necochea | D6: =ESTADISTICA!D5 -> Domo | E6: =ESTADISTICA!E5 -> FIBRA OPTICA | F6: =ESTADISTICA!F5 -> 0 | G6: =ESTADISTICA!G5 -> 0 | H6: =ESTADISTICA!H5 -> 0 | ... AJ6: =ESTADISTICA!AJ5 -> #REF!
A7: =ESTADISTICA!A6 -> ALTAMIRA | B7: =ESTADISTICA!B6 -> ALT05 | C7: =ESTADISTICA!C6 -> Av. Calchaqui y Bombero Galarza | D7: =ESTADISTICA!D6 -> Domo | E7: =ESTADISTICA!E6 -> PTO A FO | F7: =ESTADISTICA!F6 -> 0 | G7: =ESTADISTICA!G6 -> 0 | H7: =ESTADISTICA!H6 -> 0 | ... AJ7: =ESTADISTICA!AJ6 -> #REF!
A8: =ESTADISTICA!A7 -> ALTAMIRA | B8: =ESTADISTICA!B7 -> ALT 06 | C8: =ESTADISTICA!C7 -> LOPE DE VEGA Y NECOCHEA | D8: =ESTADISTICA!D7 -> Domo | E8: =ESTADISTICA!E7 -> PTO A FO | F8: =ESTADISTICA!F7 -> 0 | G8: =ESTADISTICA!G7 -> 0 | H8: =ESTADISTICA!H7 -> 0 | ... AJ8: =ESTADISTICA!AJ7 -> #REF!
A9: =ESTADISTICA!A8 -> ALTAMIRA | B9: =ESTADISTICA!B8 -> ALT07 | C9: =ESTADISTICA!C8 -> AV. CALCHAQUI Y AV. DEL TRABAJO | D9: =ESTADISTICA!D8 -> DOMO | E9: =ESTADISTICA!E8 -> PTO A FO | F9: =ESTADISTICA!F8 -> 0 | G9: =ESTADISTICA!G8 -> 0 | H9: =ESTADISTICA!H8 -> 0 | ... AJ9: =ESTADISTICA!AJ8 -> #REF!
A10: =ESTADISTICA!A9 -> ALTAMIRA | B10: =ESTADISTICA!B9 -> ALT 08 | C10: =ESTADISTICA!C9 -> HUMAITA Y NECOCHEA | D10: =ESTADISTICA!D9 -> DOMO | E10: =ESTADISTICA!E9 -> Fibra Optica | F10: =ESTADISTICA!F9 -> 0 | G10: =ESTADISTICA!G9 -> 0 | H10: =ESTADISTICA!H9 -> 0 | ... AJ10: =ESTADISTICA!AJ9 -> #REF!
A11: =ESTADISTICA!A10 -> ALTAMIRA | B11: =ESTADISTICA!B10 -> ALT 09 | C11: =ESTADISTICA!C10 -> NECOCHEA Y CURUPAITY | D11: =ESTADISTICA!D10 -> DOMO | E11: =ESTADISTICA!E10 -> Fibra Optica | F11: =ESTADISTICA!F10 -> 0 | G11: =ESTADISTICA!G10 -> 0 | H11: =ESTADISTICA!H10 -> 0 | ... AJ11: =ESTADISTICA!AJ10 -> #REF!
A12: =ESTADISTICA!A11 -> ALTAMIRA | B12: =ESTADISTICA!B11 -> ALT 10 | C12: =ESTADISTICA!C11 -> Calchaqui y Francia | D12: =ESTADISTICA!D11 -> Domo | E12: =ESTADISTICA!E11 -> Radio | F12: =ESTADISTICA!F11 -> 0 | G12: =ESTADISTICA!G11 -> 0 | H12: =ESTADISTICA!H11 -> 0 | ... AJ12: =ESTADISTICA!AJ11 -> #REF!
A13: =ESTADISTICA!A12 -> AGUSTIN RAMIREZ | B13: =ESTADISTICA!B12 -> ARA 01 | C13: =ESTADISTICA!C12 -> Malambo y Tranquera | D13: =ESTADISTICA!D12 -> Domo | E13: =ESTADISTICA!E12 -> FIBRA OPTICA | F13: =ESTADISTICA!F12 -> 0 | G13: =ESTADISTICA!G12 -> 0 | H13: =ESTADISTICA!H12 -> 0 | ... AJ13: =ESTADISTICA!AJ12 -> #REF!
... A513: =ESTADISTICA!A512 -> 0 | B513: =ESTADISTICA!B512 -> 0 | C513: =ESTADISTICA!C512 -> 0 | D513: =ESTADISTICA!D512 -> 0 | E513: =ESTADISTICA!E512 -> 0 | F513: =ESTADISTICA!F512 -> 0 | G513: =ESTADISTICA!G512 -> 0 | H513: =ESTADISTICA!H512 -> 0 | ... AJ513: =ESTADISTICA!AJ512 -> #REF!

Sheet APAGADOS FIBRA
C1: TOTAL FIBRA | D1: =COUNTIFS(E4:E400,"=Fibra Optica") -> 266
E2: APAGADOS | F2: =COUNTIFS(F4:F500, "=APAGADO",E4:E500,"=Fibra Optica") -> 35 | G2: =COUNTIFS(G4:G500, "=APAGADO",E4:E500,"=Fibra Optica") -> 0 | H2: =COUNTIFS(H4:H500, "=APAGADO",E4:E500,"=Fibra Optica") -> 0 | I2: =COUNTIFS(I4:I500, "=APAGADO",E4:E500,"=Fibra Optica") -> 0 | J2: =COUNTIFS(J4:J500, "=APAGADO",E4:E500,"=Fibra Optica") -> 0 | K2: =COUNTIFS(K4:K500, "=APAGADO",E4:E500,"=Fibra Optica") -> 0 | L2: =COUNTIFS(L4:L500, "=APAGADO",E4:E500,"=Fibra Optica") -> 0 | M2: =COUNTIFS(M4:M500, "=APAGADO",E4:E500,"=Fibra Optica") -> 0 | N2: =COUNTIFS(N4:N500, "=APAGADO",E4:E500,"=Fibra Optica") -> 0 | O2: =COUNTIFS(O4:O500, "=APAGADO",E4:E500,"=Fibra Optica") -> 0 | P2: =COUNTIFS(P4:P500, "=APAGADO",E4:E500,"=Fibra Optica") -> 0 | Q2: =COUNTIFS(Q4:Q500, "=APAGADO",E4:E500,"=Fibra Optica") -> 0 | R2: =COUNTIFS(R4:R500, "=APAGADO",E4:E500,"=Fibra Optica") -> 0 | S2: =COUNTIFS(S4:S500, "=APAGADO",E4:E500,"=Fibra Optica") -> 0 | T2: =COUNTIFS(T4:T500, "=APAGADO",E4:E500,"=Fibra Optica") -> 0 | U2: =COUNTIFS(U4:U500, "=APAGADO",E4:E500,"=Fibra Optica") -> 0 | V2: =COUNTIFS(V4:V500, "=APAGADO",E4:E500,"=Fibra Optica") -> 0 | W2: =COUNTIFS(W4:W500, "=APAGADO",E4:E500,"=Fibra Optica") -> 0 | X2: =COUNTIFS(X4:X500, "=APAGADO",E4:E500,"=Fibra Optica") -> 0 | Y2: =COUNTIFS(Y4:Y500, "=APAGADO",E4:E500,"=Fibra Optica") -> 0 | Z2: =COUNTIFS(Z4:Z500, "=APAGADO",E4:E500,"=Fibra Optica") -> 0 | AA2: =COUNTIFS(AA4:AA500, "=APAGADO",E4:E500,"=Fibra Optica") -> 0 | AB2: =COUNTIFS(AB4:AB500, "=APAGADO",E4:E500,"=Fibra Optica") -> 0 | AC2: =COUNTIFS(AC4:AC500, "=APAGADO",E4:E500,"=Fibra Optica") -> 0 | AD2: =COUNTIFS(AD4:AD500, "=APAGADO",E4:E500,"=Fibra Optica") -> 0 | AE2: =COUNTIFS(AE4:AE500, "=APAGADO",E4:E500,"=Fibra Optica") -> 0 | AF2: =COUNTIFS(AF4:AF500, "=APAGADO",E4:E500,"=Fibra Optica") -> 0 | AG2: =COUNTIFS(AG4:AG500, "=APAGADO",E4:E500,"=Fibra Optica") -> 0 | AH2: =COUNTIFS(AH4:AH500, "=APAGADO",E4:E500,"=Fibra Optica") -> 0 | AI2: =COUNTIFS(AI4:AI400, "=APAGADO",E4:E400,"=Fibra Optica") -> 0 | AJ2: =COUNTIFS(AJ4:AJ400, "=APAGADO",F4:F400,"=Fibra Optica") -> 0
A3: =ESTADISTICA!A1 -> Barrio | B3: =ESTADISTICA!B1 -> [Denominacion] | C3: =ESTADISTICA!C1 -> [Ubicacion] | D3: =ESTADISTICA!D1 -> [Tipo de Camara] | E3: =ESTADISTICA!E1 -> [Tipo de Conexion] | F3: =ESTADISTICA!F1 -> 45078 | G3: =ESTADISTICA!G1 -> 45079 | H3: =ESTADISTICA!H1 -> 45080 | ... AJ3: =ESTADISTICA!AJ1 -> #REF!
A4: =ESTADISTICA!A2 -> ALTAMIRA | B4: =ESTADISTICA!B2 -> ALT01 | C4: =ESTADISTICA!C2 -> Calchaqui y Sgto. Cabral | D4: =ESTADISTICA!D2 -> Domo | E4: =ESTADISTICA!E2 -> Fibra Optica | F4: =ESTADISTICA!F2 -> 0 | G4: =ESTADISTICA!G2 -> 0 | H4: =ESTADISTICA!H2 -> 0 | ... AJ4: =ESTADISTICA!AJ2 -> #REF!
A5: =ESTADISTICA!A3 -> ALTAMIRA | B5: =ESTADISTICA!B3 -> ALT02 | C5: =ESTADISTICA!C3 -> Calchaqui y Lope de Vega | D5: =ESTADISTICA!D3 -> Domo | E5: =ESTADISTICA!E3 -> PTO A FO | F5: =ESTADISTICA!F3 -> 0 | G5: =ESTADISTICA!G3 -> 0 | H5: =ESTADISTICA!H3 -> 0 | ... AJ5: =ESTADISTICA!AJ3 -> #REF!
A6: =ESTADISTICA!A4 -> ALTAMIRA | B6: =ESTADISTICA!B4 -> ALT 03 | C6: =ESTADISTICA!C4 -> Bombero Galarza y Necochea | D6: =ESTADISTICA!D4 -> Domo | E6: =ESTADISTICA!E4 -> FIBRA OPTICA | F6: =ESTADISTICA!F4 -> 0 | G6: =ESTADISTICA!G4 -> 0 | H6: =ESTADISTICA!H4 -> 0 | ... AJ6: =ESTADISTICA!AJ4 -> #REF!
A7: =ESTADISTICA!A5 -> ALTAMIRA | B7: =ESTADISTICA!B5 -> ALT 04 | C7: =ESTADISTICA!C5 -> Francia y Necochea | D7: =ESTADISTICA!D5 -> Domo | E7: =ESTADISTICA!E5 -> FIBRA OPTICA | F7: =ESTADISTICA!F5 -> 0 | G7: =ESTADISTICA!G5 -> 0 | H7: =ESTADISTICA!H5 -> 0 | ... AJ7: =ESTADISTICA!AJ5 -> #REF!
A8: =ESTADISTICA!A6 -> ALTAMIRA | B8: =ESTADISTICA!B6 -> ALT05 | C8: =ESTADISTICA!C6 -> Av. Calchaqui y Bombero Galarza | D8: =ESTADISTICA!D6 -> Domo | E8: =ESTADISTICA!E6 -> PTO A FO | F8: =ESTADISTICA!F6 -> 0 | G8: =ESTADISTICA!G6 -> 0 | H8: =ESTADISTICA!H6 -> 0 | ... AJ8: =ESTADISTICA!AJ6 -> #REF!
A9: =ESTADISTICA!A7 -> ALTAMIRA | B9: =ESTADISTICA!B7 -> ALT 06 | C9: =ESTADISTICA!C7 -> LOPE DE VEGA Y NECOCHEA | D9: =ESTADISTICA!D7 -> Domo | E9: =ESTADISTICA!E7 -> PTO A FO | F9: =ESTADISTICA!F7 -> 0 | G9: =ESTADISTICA!G7 -> 0 | H9: =ESTADISTICA!H7 -> 0 | ... AJ9: =ESTADISTICA!AJ7 -> #REF!
A10: =ESTADISTICA!A8 -> ALTAMIRA | B10: =ESTADISTICA!B8 -> ALT07 | C10: =ESTADISTICA!C8 -> AV. CALCHAQUI Y AV. DEL TRABAJO | D10: =ESTADISTICA!D8 -> DOMO | E10: =ESTADISTICA!E8 -> PTO A FO | F10: =ESTADISTICA!F8 -> 0 | G10: =ESTADISTICA!G8 -> 0 | H10: =ESTADISTICA!H8 -> 0 | ... AJ10: =ESTADISTICA!AJ8 -> #REF!
A11: =ESTADISTICA!A9 -> ALTAMIRA | B11: =ESTADISTICA!B9 -> ALT 08 | C11: =ESTADISTICA!C9 -> HUMAITA Y NECOCHEA | D11: =ESTADISTICA!D9 -> DOMO | E11: =ESTADISTICA!E9 -> Fibra Optica | F11: =ESTADISTICA!F9 -> 0 | G11: =ESTADISTICA!G9 -> 0 | H11: =ESTADISTICA!H9 -> 0 | ... AJ11: =ESTADISTICA!AJ9 -> #REF!
A12: =ESTADISTICA!A10 -> ALTAMIRA | B12: =ESTADISTICA!B10 -> ALT 09 | C12: =ESTADISTICA!C10 -> NECOCHEA Y CURUPAITY | D12: =ESTADISTICA!D10 -> DOMO | E12: =ESTADISTICA!E10 -> Fibra Optica | F12: =ESTADISTICA!F10 -> 0 | G12: =ESTADISTICA!G10 -> 0 | H12: =ESTADISTICA!H10 -> 0 | ... AJ12: =ESTADISTICA!AJ10 -> #REF!
A13: =ESTADISTICA!A11 -> ALTAMIRA | B13: =ESTADISTICA!B11 -> ALT 10 | C13: =ESTADISTICA!C11 -> Calchaqui y Francia | D13: =ESTADISTICA!D11 -> Domo | E13: =ESTADISTICA!E11 -> Radio | F13: =ESTADISTICA!F11 -> 0 | G13: =ESTADISTICA!G11 -> 0 | H13: =ESTADISTICA!H11 -> 0 | ... AJ13: =ESTADISTICA!AJ11 -> #REF!
A14: =ESTADISTICA!A12 -> AGUSTIN RAMIREZ | B14: =ESTADISTICA!B12 -> ARA 01 | C14: =ESTADISTICA!C12 -> Malambo y Tranquera | D14: =ESTADISTICA!D12 -> Domo | E14: =ESTADISTICA!E12 -> FIBRA OPTICA | F14: =ESTADISTICA!F12 -> 0 | G14: =ESTADISTICA!G12 -> 0 | H14: =ESTADISTICA!H12 -> 0 | ... AJ14: =ESTADISTICA!AJ12 -> #REF!
... A571: =ESTADISTICA!A569 -> 0 | B571: =ESTADISTICA!B569 -> 0 | C571: =ESTADISTICA!C569 -> 0 | D571: =ESTADISTICA!D569 -> 0 | E571: =ESTADISTICA!E569 -> 0 | F571: =ESTADISTICA!F569 -> 0 | G571: =ESTADISTICA!G569 -> 0 | H571: =ESTADISTICA!H569 -> 0 | ... AJ571: =ESTADISTICA!AJ569 -> #REF!
A572: =ESTADISTICA!A570 -> 0 | B572: =ESTADISTICA!B570 -> 0 | C572: =ESTADISTICA!C570 -> 0 | D572: =ESTADISTICA!D570 -> 0 | E572: =ESTADISTICA!E570 -> 0 | F572: =ESTADISTICA!F570 -> 0 | G572: =ESTADISTICA!G570 -> 0 | H572: =ESTADISTICA!H570 -> 0 | ... AI572: =ESTADISTICA!AI570 -> 0
A573: =ESTADISTICA!A571 -> 0 | B573: =ESTADISTICA!B571 -> 0 | C573: =ESTADISTICA!C571 -> 0 | D573: =ESTADISTICA!D571 -> 0 | E573: =ESTADISTICA!E571 -> 0 | F573: =ESTADISTICA!F571 -> 0 | G573: =ESTADISTICA!G571 -> 0 | H573: =ESTADISTICA!H571 -> 0 | ... AI573: =ESTADISTICA!AI571 -> 0
A574: =ESTADISTICA!A572 -> 0 | B574: =ESTADISTICA!B572 -> 0 | C574: =ESTADISTICA!C572 -> 0 | D574: =ESTADISTICA!D572 -> 0 | E574: =ESTADISTICA!E572 -> 0 | F574: =ESTADISTICA!F572 -> 0 | G574: =ESTADISTICA!G572 -> 0 | H574: =ESTADISTICA!H572 -> 0 | ... AI574: =ESTADISTICA!AI572 -> 0
A575: =ESTADISTICA!A573 -> 0 | B575: =ESTADISTICA!B573 -> 0 | C575: =ESTADISTICA!C573 -> 0 | D575: =ESTADISTICA!D573 -> 0 | E575: =ESTADISTICA!E573 -> 0 | F575: =ESTADISTICA!F573 -> 0 | G575: =ESTADISTICA!G573 -> 0 | H575: =ESTADISTICA!H573 -> 0 | ... AI575: =ESTADISTICA!AI573 -> 0
A576: =ESTADISTICA!A574 -> 0 | B576: =ESTADISTICA!B574 -> 0 | C576: =ESTADISTICA!C574 -> 0 | D576: =ESTADISTICA!D574 -> 0 | E576: =ESTADISTICA!E574 -> 0 | F576: =ESTADISTICA!F574 -> 0 | G576: =ESTADISTICA!G574 -> 0 | H576: =ESTADISTICA!H574 -> 0 | ... AI576: =ESTADISTICA!AI574 -> 0
A577: =ESTADISTICA!A575 -> 0 | B577: =ESTADISTICA!B575 -> 0 | C577: =ESTADISTICA!C575 -> 0 | D577: =ESTADISTICA!D575 -> 0 | E577: =ESTADISTICA!E575 -> 0 | F577: =ESTADISTICA!F575 -> 0 | G577: =ESTADISTICA!G575 -> 0 | H577: =ESTADISTICA!H575 -> 0 | ... AI577: =ESTADISTICA!AI575 -> 0
A578: =ESTADISTICA!A576 -> 0 | B578: =ESTADISTICA!B576 -> 0 | C578: =ESTADISTICA!C576 -> 0 | D578: =ESTADISTICA!D576 -> 0 | E578: =ESTADISTICA!E576 -> 0 | F578: =ESTADISTICA!F576 -> 0 | G578: =ESTADISTICA!G576 -> 0 | H578: =ESTADISTICA!H576 -> 0 | ... AI578: =ESTADISTICA!AI576 -> 0
A579: =ESTADISTICA!A577 -> 0 | B579: =ESTADISTICA!B577 -> 0 | C579: =ESTADISTICA!C577 -> 0 | D579: =ESTADISTICA!D577 -> 0 | E579: =ESTADISTICA!E577 -> 0 | F579: =ESTADISTICA!F577 -> 0 | G579: =ESTADISTICA!G577 -> 0 | H579: =ESTADISTICA!H577 -> 0 | ... AI579: =ESTADISTICA!AI577 -> 0
A580: =ESTADISTICA!A578 -> 0 | B580: =ESTADISTICA!B578 -> 0 | C580: =ESTADISTICA!C578 -> 0 | D580: =ESTADISTICA!D578 -> 0 | E580: =ESTADISTICA!E578 -> 0 | F580: =ESTADISTICA!F578 -> 0 | G580: =ESTADISTICA!G578 -> 0 | H580: =ESTADISTICA!H578 -> 0 | ... AI580: =ESTADISTICA!AI578 -> 0
A581: =ESTADISTICA!A579 -> 0 | B581: =ESTADISTICA!B579 -> 0 | C581: =ESTADISTICA!C579 -> 0 | D581: =ESTADISTICA!D579 -> 0 | E581: =ESTADISTICA!E579 -> 0 | F581: =ESTADISTICA!F579 -> 0 | G581: =ESTADISTICA!G579 -> 0 | H581: =ESTADISTICA!H579 -> 0 | ... AI581: =ESTADISTICA!AI579 -> 0
A582: =ESTADISTICA!A580 -> 0 | B582: =ESTADISTICA!B580 -> 0 | C582: =ESTADISTICA!C580 -> 0 | D582: =ESTADISTICA!D580 -> 0 | E582: =ESTADISTICA!E580 -> 0 | F582: =ESTADISTICA!F580 -> 0 | G582: =ESTADISTICA!G580 -> 0 | H582: =ESTADISTICA!H580 -> 0 | ... AI582: =ESTADISTICA!AI580 -> 0
A583: =ESTADISTICA!A581 -> 0 | B583: =ESTADISTICA!B581 -> 0 | C583: =ESTADISTICA!C581 -> 0 | D583: =ESTADISTICA!D581 -> 0 | E583: =ESTADISTICA!E581 -> 0 | F583: =ESTADISTICA!F581 -> 0 | G583: =ESTADISTICA!G581 -> 0 | H583: =ESTADISTICA!H581 -> 0 | ... AI583: =ESTADISTICA!AI581 -> 0
... A601: =ESTADISTICA!A599 -> 0 | B601: =ESTADISTICA!B599 -> 0 | C601: =ESTADISTICA!C599 -> 0 | D601: =ESTADISTICA!D599 -> 0 | E601: =ESTADISTICA!E599 -> 0 | F601: =ESTADISTICA!F599 -> 0 | G601: =ESTADISTICA!G599 -> 0 | H601: =ESTADISTICA!H599 -> 0 | ... AI601: =ESTADISTICA!AI599 -> 0

Sheet APAGADOS ANTENA
C1: TOTAL PTO A FO
E2: APAGADOS | F2: =COUNTIFS(F4:F500, "=APAGADO",E4:E500,"=PTO A FO") -> 10 | G2: =COUNTIFS(G4:G500, "=APAGADO",E4:E500,"=PTO A FO") -> 0 | H2: =COUNTIFS(H4:H500, "=APAGADO",E4:E500,"=PTO A FO") -> 0 | I2: =COUNTIFS(I4:I500, "=APAGADO",E4:E500,"=PTO A FO") -> 0 | J2: =COUNTIFS(J4:J500, "=APAGADO",E4:E500,"=PTO A FO") -> 0 | K2: =COUNTIFS(K4:K500, "=APAGADO",E4:E500,"=PTO A FO") -> 0 | L2: =COUNTIFS(L4:L500, "=APAGADO",E4:E500,"=PTO A FO") -> 0 | M2: =COUNTIFS(M4:M500, "=APAGADO",E4:E500,"=PTO A FO") -> 0 | N2: =COUNTIFS(N4:N500, "=APAGADO",E4:E500,"=PTO A FO") -> 0 | O2: =COUNTIFS(O4:O500, "=APAGADO",E4:E500,"=PTO A FO") -> 0 | P2: =COUNTIFS(P4:P500, "=APAGADO",E4:E500,"=PTO A FO") -> 0 | Q2: =COUNTIFS(Q4:Q500, "=APAGADO",E4:E500,"=PTO A FO") -> 0 | R2: =COUNTIFS(R4:R500, "=APAGADO",E4:E500,"=PTO A FO") -> 0 | S2: =COUNTIFS(S4:S500, "=APAGADO",E4:E500,"=PTO A FO") -> 0 | T2: =COUNTIFS(T4:T500, "=APAGADO",E4:E500,"=PTO A FO") -> 0 | U2: =COUNTIFS(U4:U500, "=APAGADO",E4:E500,"=PTO A FO") -> 0 | V2: =COUNTIFS(V4:V500, "=APAGADO",E4:E500,"=PTO A FO") -> 0 | W2: =COUNTIFS(W4:W500, "=APAGADO",E4:E500,"=PTO A FO") -> 0 | X2: =COUNTIFS(X4:X500, "=APAGADO",E4:E500,"=PTO A FO") -> 0 | Y2: =COUNTIFS(Y4:Y500, "=APAGADO",E4:E500,"=PTO A FO") -> 0 | Z2: =COUNTIFS(Z4:Z500, "=APAGADO",E4:E500,"=PTO A FO") -> 0 | AA2: =COUNTIFS(AA4:AA500, "=APAGADO",E4:E500,"=PTO A FO") -> 0 | AB2: =COUNTIFS(AB4:AB500, "=APAGADO",E4:E500,"=PTO A FO") -> 0 | AC2: =COUNTIFS(AC4:AC500, "=APAGADO",E4:E500,"=PTO A FO") -> 0 | AD2: =COUNTIFS(AD4:AD500, "=APAGADO",E4:E500,"=PTO A FO") -> 0 | AE2: =COUNTIFS(AE4:AE500, "=APAGADO",E4:E500,"=PTO A FO") -> 0 | AF2: =COUNTIFS(AF4:AF500, "=APAGADO",E4:E500,"=PTO A FO") -> 0 | AG2: =COUNTIFS(AG4:AG500, "=APAGADO",E4:E500,"=PTO A FO") -> 0 | AH2: =COUNTIFS(AH4:AH500, "=APAGADO",E4:E500,"=PTO A FO") -> 0 | AI2: =COUNTIFS(AI4:AI500, "=APAGADO",E4:E500,"=PTO A FO") -> 0
A3: =ESTADISTICA!A1 -> Barrio | B3: =ESTADISTICA!B1 -> [Denominacion] | C3: =ESTADISTICA!C1 -> [Ubicacion] | D3: =ESTADISTICA!D1 -> [Tipo de Camara] | E3: =ESTADISTICA!E1 -> [Tipo de Conexion] | F3: =ESTADISTICA!F1 -> 45078 | G3: =ESTADISTICA!G1 -> 45079 | H3: =ESTADISTICA!H1 -> 45080 | ... AI3: =ESTADISTICA!AI1 -> 45107
A4: =ESTADISTICA!A2 -> ALTAMIRA | B4: =ESTADISTICA!B2 -> ALT01 | C4: =ESTADISTICA!C2 -> Calchaqui y Sgto. Cabral | D4: =ESTADISTICA!D2 -> Domo | E4: =ESTADISTICA!E2 -> Fibra Optica | F4: =ESTADISTICA!F2 -> 0 | G4: =ESTADISTICA!G2 -> 0 | H4: =ESTADISTICA!H2 -> 0 | ... AI4: =ESTADISTICA!AI2 -> 0
A5: =ESTADISTICA!A3 -> ALTAMIRA | B5: =ESTADISTICA!B3 -> ALT02 | C5: =ESTADISTICA!C3 -> Calchaqui y Lope de Vega | D5: =ESTADISTICA!D3 -> Domo | E5: =ESTADISTICA!E3 -> PTO A FO | F5: =ESTADISTICA!F3 -> 0 | G5: =ESTADISTICA!G3 -> 0 | H5: =ESTADISTICA!H3 -> 0 | ... AI5: =ESTADISTICA!AI3 -> 0
A6: =ESTADISTICA!A4 -> ALTAMIRA | B6: =ESTADISTICA!B4 -> ALT 03 | C6: =ESTADISTICA!C4 -> Bombero Galarza y Necochea | D6: =ESTADISTICA!D4 -> Domo | E6: =ESTADISTICA!E4 -> FIBRA OPTICA | F6: =ESTADISTICA!F4 -> 0 | G6: =ESTADISTICA!G4 -> 0 | H6: =ESTADISTICA!H4 -> 0 | ... AI6: =ESTADISTICA!AI4 -> 0
A7: =ESTADISTICA!A5 -> ALTAMIRA | B7: =ESTADISTICA!B5 -> ALT 04 | C7: =ESTADISTICA!C5 -> Francia y Necochea | D7: =ESTADISTICA!D5 -> Domo | E7: =ESTADISTICA!E5 -> FIBRA OPTICA | F7: =ESTADISTICA!F5 -> 0 | G7: =ESTADISTICA!G5 -> 0 | H7: =ESTADISTICA!H5 -> 0 | ... AI7: =ESTADISTICA!AI5 -> 0
A8: =ESTADISTICA!A6 -> ALTAMIRA | B8: =ESTADISTICA!B6 -> ALT05 | C8: =ESTADISTICA!C6 -> Av. Calchaqui y Bombero Galarza | D8: =ESTADISTICA!D6 -> Domo | E8: =ESTADISTICA!E6 -> PTO A FO | F8: =ESTADISTICA!F6 -> 0 | G8: =ESTADISTICA!G6 -> 0 | H8: =ESTADISTICA!H6 -> 0 | ... AI8: =ESTADISTICA!AI6 -> 0
A9: =ESTADISTICA!A7 -> ALTAMIRA | B9: =ESTADISTICA!B7 -> ALT 06 | C9: =ESTADISTICA!C7 -> LOPE DE VEGA Y NECOCHEA | D9: =ESTADISTICA!D7 -> Domo | E9: =ESTADISTICA!E7 -> PTO A FO | F9: =ESTADISTICA!F7 -> 0 | G9: =ESTADISTICA!G7 -> 0 | H9: =ESTADISTICA!H7 -> 0 | ... AI9: =ESTADISTICA!AI7 -> 0
A10: =ESTADISTICA!A8 -> ALTAMIRA | B10: =ESTADISTICA!B8 -> ALT07 | C10: =ESTADISTICA!C8 -> AV. CALCHAQUI Y AV. DEL TRABAJO | D10: =ESTADISTICA!D8 -> DOMO | E10: =ESTADISTICA!E8 -> PTO A FO | F10: =ESTADISTICA!F8 -> 0 | G10: =ESTADISTICA!G8 -> 0 | H10: =ESTADISTICA!H8 -> 0 | ... AI10: =ESTADISTICA!AI8 -> 0
A11: =ESTADISTICA!A9 -> ALTAMIRA | B11: =ESTADISTICA!B9 -> ALT 08 | C11: =ESTADISTICA!C9 -> HUMAITA Y NECOCHEA | D11: =ESTADISTICA!D9 -> DOMO | E11: =ESTADISTICA!E9 -> Fibra Optica | F11: =ESTADISTICA!F9 -> 0 | G11: =ESTADISTICA!G9 -> 0 | H11: =ESTADISTICA!H9 -> 0 | ... AI11: =ESTADISTICA!AI9 -> 0
A12: =ESTADISTICA!A10 -> ALTAMIRA | B12: =ESTADISTICA!B10 -> ALT 09 | C12: =ESTADISTICA!C10 -> NECOCHEA Y CURUPAITY | D12: =ESTADISTICA!D10 -> DOMO | E12: =ESTADISTICA!E10 -> Fibra Optica | F12: =ESTADISTICA!F10 -> 0 | G12: =ESTADISTICA!G10 -> 0 | H12: =ESTADISTICA!H10 -> 0 | ... AI12: =ESTADISTICA!AI10 -> 0
A13: =ESTADISTICA!A11 -> ALTAMIRA | B13: =ESTADISTICA!B11 -> ALT 10 | C13: =ESTADISTICA!C11 -> Calchaqui y Francia | D13: =ESTADISTICA!D11 -> Domo | E13: =ESTADISTICA!E11 -> Radio | F13: =ESTADISTICA!F11 -> 0 | G13: =ESTADISTICA!G11 -> 0 | H13: =ESTADISTICA!H11 -> 0 | ... AI13: =ESTADISTICA!AI11 -> 0
A14: =ESTADISTICA!A12 -> AGUSTIN RAMIREZ | B14: =ESTADISTICA!B12 -> ARA 01 | C14: =ESTADISTICA!C12 -> Malambo y Tranquera | D14: =ESTADISTICA!D12 -> Domo | E14: =ESTADISTICA!E12 -> FIBRA OPTICA | F14: =ESTADISTICA!F12 -> 0 | G14: =ESTADISTICA!G12 -> 0 | H14: =ESTADISTICA!H12 -> 0 | ... AI14: =ESTADISTICA!AI12 -> 0
... A539: =ESTADISTICA!A537 -> 0 | B539: =ESTADISTICA!B537 -> 0 | C539: =ESTADISTICA!C537 -> 0 | D539: =ESTADISTICA!D537 -> 0 | E539: =ESTADISTICA!E537 -> 0 | F539: =ESTADISTICA!F537 -> 0 | G539: =ESTADISTICA!G537 -> 0 | H539: =ESTADISTICA!H537 -> 0 | ... AI539: =ESTADISTICA!AI537 -> 0

Sheet APAGADOS RADIO
C1: TOTAL RADIO | D1: =COUNTIFS(E4:E400,"=radio") -> 95
E2: APAGADOS | F2: =COUNTIFS(F4:F500, "=APAGADO",E4:E500,"=radio") -> 11 | G2: =COUNTIFS(G4:G500, "=APAGADO",E4:E500,"=radio") -> 0 | H2: =COUNTIFS(H4:H500, "=APAGADO",E4:E500,"=radio") -> 0 | I2: =COUNTIFS(I4:I500, "=APAGADO",E4:E500,"=radio") -> 0 | J2: =COUNTIFS(J4:J500, "=APAGADO",E4:E500,"=radio") -> 0 | K2: =COUNTIFS(K4:K500, "=APAGADO",E4:E500,"=radio") -> 0 | L2: =COUNTIFS(L4:L500, "=APAGADO",E4:E500,"=radio") -> 0 | M2: =COUNTIFS(M4:M500, "=APAGADO",E4:E500,"=radio") -> 0 | N2: =COUNTIFS(N4:N500, "=APAGADO",E4:E500,"=radio") -> 0 | O2: =COUNTIFS(O4:O500, "=APAGADO",E4:E500,"=radio") -> 0 | P2: =COUNTIFS(P4:P500, "=APAGADO",E4:E500,"=radio") -> 0 | Q2: =COUNTIFS(Q4:Q367, "=APAGADO",E4:E367,"=radio") -> 0 | R2: =COUNTIFS(R4:R500, "=APAGADO",E4:E500,"=radio") -> 0 | S2: =COUNTIFS(S4:S500, "=APAGADO",E4:E500,"=radio") -> 0 | T2: =COUNTIFS(T4:T500, "=APAGADO",E4:E500,"=radio") -> 0 | U2: =COUNTIFS(U4:U500, "=APAGADO",E4:E500,"=radio") -> 0 | V2: =COUNTIFS(V4:V500, "=APAGADO",E4:E500,"=radio") -> 0 | W2: =COUNTIFS(W4:W500, "=APAGADO",E4:E500,"=radio") -> 0 | X2: =COUNTIFS(X4:X500, "=APAGADO",E4:E500,"=radio") -> 0 | Y2: =COUNTIFS(Y4:Y500, "=APAGADO",E4:E500,"=radio") -> 0 | Z2: =COUNTIFS(Z4:Z500, "=APAGADO",E4:E500,"=radio") -> 0 | AA2: =COUNTIFS(AA4:AA500, "=APAGADO",E4:E500,"=radio") -> 0 | AB2: =COUNTIFS(AB4:AB500, "=APAGADO",E4:E500,"=radio") -> 0 | AC2: =COUNTIFS(AC4:AC500, "=APAGADO",E4:E500,"=radio") -> 0 | AD2: =COUNTIFS(AD4:AD500, "=APAGADO",E4:E500,"=radio") -> 0 | AE2: =COUNTIFS(AE4:AE500, "=APAGADO",E4:E500,"=radio") -> 0 | AF2: =COUNTIFS(AF4:AF500, "=APAGADO",E4:E500,"=radio") -> 0 | AG2: =COUNTIFS(AG4:AG500, "=APAGADO",E4:E500,"=radio") -> 0 | AH2: =COUNTIFS(AH4:AH500, "=APAGADO",F4:F500,"=radio") -> 0 | AI2: =COUNTIFS(AI4:AI500, "=APAGADO",G4:G500,"=radio") -> 0 | AJ2: =COUNTIFS(AJ4:AJ500, "=APAGADO",H4:H500,"=radio") -> 0
A3: =ESTADISTICA!A1 -> Barrio | B3: =ESTADISTICA!B1 -> [Denominacion] | C3: =ESTADISTICA!C1 -> [Ubicacion] | D3: =ESTADISTICA!D1 -> [Tipo de Camara] | E3: =ESTADISTICA!E1 -> [Tipo de Conexion] | F3: =ESTADISTICA!F1 -> 45078 | G3: =ESTADISTICA!G1 -> 45079 | H3: =ESTADISTICA!H1 -> 45080 | ... AJ3: =ESTADISTICA!AJ1 -> #REF!
A4: =ESTADISTICA!A2 -> ALTAMIRA | B4: =ESTADISTICA!B2 -> ALT01 | C4: =ESTADISTICA!C2 -> Calchaqui y Sgto. Cabral | D4: =ESTADISTICA!D2 -> Domo | E4: =ESTADISTICA!E2 -> Fibra Optica | F4: =ESTADISTICA!F2 -> 0 | G4: =ESTADISTICA!G2 -> 0 | H4: =ESTADISTICA!H2 -> 0 | ... AI4: =ESTADISTICA!AI2 -> 0
A5: =ESTADISTICA!A3 -> ALTAMIRA | B5: =ESTADISTICA!B3 -> ALT02 | C5: =ESTADISTICA!C3 -> Calchaqui y Lope de Vega | D5: =ESTADISTICA!D3 -> Domo | E5: =ESTADISTICA!E3 -> PTO A FO | F5: =ESTADISTICA!F3 -> 0 | G5: =ESTADISTICA!G3 -> 0 | H5: =ESTADISTICA!H3 -> 0 | ... AI5: =ESTADISTICA!AI3 -> 0
A6: =ESTADISTICA!A4 -> ALTAMIRA | B6: =ESTADISTICA!B4 -> ALT 03 | C6: =ESTADISTICA!C4 -> Bombero Galarza y Necochea | D6: =ESTADISTICA!D4 -> Domo | E6: =ESTADISTICA!E4 -> FIBRA OPTICA | F6: =ESTADISTICA!F4 -> 0 | G6: =ESTADISTICA!G4 -> 0 | H6: =ESTADISTICA!H4 -> 0 | ... AI6: =ESTADISTICA!AI4 -> 0
A7: =ESTADISTICA!A5 -> ALTAMIRA | B7: =ESTADISTICA!B5 -> ALT 04 | C7: =ESTADISTICA!C5 -> Francia y Necochea | D7: =ESTADISTICA!D5 -> Domo | E7: =ESTADISTICA!E5 -> FIBRA OPTICA | F7: =ESTADISTICA!F5 -> 0 | G7: =ESTADISTICA!G5 -> 0 | H7: =ESTADISTICA!H5 -> 0 | ... AI7: =ESTADISTICA!AI5 -> 0
A8: =ESTADISTICA!A6 -> ALTAMIRA | B8: =ESTADISTICA!B6 -> ALT05 | C8: =ESTADISTICA!C6 -> Av. Calchaqui y Bombero Galarza | D8: =ESTADISTICA!D6 -> Domo | E8: =ESTADISTICA!E6 -> PTO A FO | F8: =ESTADISTICA!F6 -> 0 | G8: =ESTADISTICA!G6 -> 0 | H8: =ESTADISTICA!H6 -> 0 | ... AI8: =ESTADISTICA!AI6 -> 0
A9: =ESTADISTICA!A7 -> ALTAMIRA | B9: =ESTADISTICA!B7 -> ALT 06 | C9: =ESTADISTICA!C7 -> LOPE DE VEGA Y NECOCHEA | D9: =ESTADISTICA!D7 -> Domo | E9: =ESTADISTICA!E7 -> PTO A FO | F9: =ESTADISTICA!F7 -> 0 | G9: =ESTADISTICA!G7 -> 0 | H9: =ESTADISTICA!H7 -> 0 | ... AI9: =ESTADISTICA!AI7 -> 0
A10: =ESTADISTICA!A8 -> ALTAMIRA | B10: =ESTADISTICA!B8 -> ALT07 | C10: =ESTADISTICA!C8 -> AV. CALCHAQUI Y AV. DEL TRABAJO | D10: =ESTADISTICA!D8 -> DOMO | E10: =ESTADISTICA!E8 -> PTO A FO | F10: =ESTADISTICA!F8 -> 0 | G10: =ESTADISTICA!G8 -> 0 | H10: =ESTADISTICA!H8 -> 0 | ... AI10: =ESTADISTICA!AI8 -> 0
A11: =ESTADISTICA!A9 -> ALTAMIRA | B11: =ESTADISTICA!B9 -> ALT 08 | C11: =ESTADISTICA!C9 -> HUMAITA Y NECOCHEA | D11: =ESTADISTICA!D9 -> DOMO | E11: =ESTADISTICA!E9 -> Fibra Optica | F11: =ESTADISTICA!F9 -> 0 | G11: =ESTADISTICA!G9 -> 0 | H11: =ESTADISTICA!H9 -> 0 | ... AI11: =ESTADISTICA!AI9 -> 0
A12: =ESTADISTICA!A10 -> ALTAMIRA | B12: =ESTADISTICA!B10 -> ALT 09 | C12: =ESTADISTICA!C10 -> NECOCHEA Y CURUPAITY | D12: =ESTADISTICA!D10 -> DOMO | E12: =ESTADISTICA!E10 -> Fibra Optica | F12: =ESTADISTICA!F10 -> 0 | G12: =ESTADISTICA!G10 -> 0 | H12: =ESTADISTICA!H10 -> 0 | ... AI12: =ESTADISTICA!AI10 -> 0
A13: =ESTADISTICA!A11 -> ALTAMIRA | B13: =ESTADISTICA!B11 -> ALT 10 | C13: =ESTADISTICA!C11 -> Calchaqui y Francia | D13: =ESTADISTICA!D11 -> Domo | E13: =ESTADISTICA!E11 -> Radio | F13: =ESTADISTICA!F11 -> 0 | G13: =ESTADISTICA!G11 -> 0 | H13: =ESTADISTICA!H11 -> 0 | ... AI13: =ESTADISTICA!AI11 -> 0
A14: =ESTADISTICA!A12 -> AGUSTIN RAMIREZ | B14: =ESTADISTICA!B12 -> ARA 01 | C14: =ESTADISTICA!C12 -> Malambo y Tranquera | D14: =ESTADISTICA!D12 -> Domo | E14: =ESTADISTICA!E12 -> FIBRA OPTICA | F14: =ESTADISTICA!F12 -> 0 | G14: =ESTADISTICA!G12 -> 0 | H14: =ESTADISTICA!H12 -> 0 | ... AI14: =ESTADISTICA!AI12 -> 0
A15: =ESTADISTICA!A13 -> BELGRANO | B15: =ESTADISTICA!B13 -> BEL 01 | C15: =ESTADISTICA!C13 -> San Martin y Dardo Rocha | D15: =ESTADISTICA!D13 -> DOMO | E15: =ESTADISTICA!E13 -> FIBRA OPTICA | F15: =ESTADISTICA!F13 -> 0 | G15: =ESTADISTICA!G13 -> 0 | H15: =ESTADISTICA!H13 -> 0 | ... AJ15: =ESTADISTICA!AJ13 -> #REF!
A16: =ESTADISTICA!A14 -> BOSQUES CENTRO | B16: =ESTADISTICA!B14 -> BOSQC 01 | C16: =ESTADISTICA!C14 -> LUIS AGOTE E/DANUNCIO Y CAMPOAMOR | D16: =ESTADISTICA!D14 -> Fija | E16: =ESTADISTICA!E14 -> Radio | F16: =ESTADISTICA!F14 -> 0 | G16: =ESTADISTICA!G14 -> 0 | H16: =ESTADISTICA!H14 -> 0 | ... AI16: =ESTADISTICA!AI14 -> 0
A17: =ESTADISTICA!A15 -> BOSQUES CENTRO | B17: =ESTADISTICA!B15 -> BOSQC 02 | C17: =ESTADISTICA!C15 -> LUIS AGOTE E/DANUNCIO Y CAMPOAMOR | D17: =ESTADISTICA!D15 -> Fija | E17: =ESTADISTICA!E15 -> Radio | F17: =ESTADISTICA!F15 -> 0 | G17: =ESTADISTICA!G15 -> 0 | H17: =ESTADISTICA!H15 -> 0 | ... AI17: =ESTADISTICA!AI15 -> 0
A18: =ESTADISTICA!A16 -> BOSQUES CENTRO | B18: =ESTADISTICA!B16 -> BOSQC 03 | C18: =ESTADISTICA!C16 -> BENAVENTE Y LUIS AGOTE | D18: =ESTADISTICA!D16 -> Fija | E18: =ESTADISTICA!E16 -> Radio | F18: =ESTADISTICA!F16 -> 0 | G18: =ESTADISTICA!G16 -> 0 | H18: =ESTADISTICA!H16 -> 0 | ... AI18: =ESTADISTICA!AI16 -> 0
A19: =ESTADISTICA!A17 -> BOSQUES CENTRO | B19: =ESTADISTICA!B17 -> BOSQC 04 | C19: =ESTADISTICA!C17 -> BENAVENTE Y LUIS AGOTE | D19: =ESTADISTICA!D17 -> Fija | E19: =ESTADISTICA!E17 -> Radio | F19: =ESTADISTICA!F17 -> 0 | G19: =ESTADISTICA!G17 -> 0 | H19: =ESTADISTICA!H17 -> 0 | ... AI19: =ESTADISTICA!AI17 -> 0
A20: =ESTADISTICA!A18 -> BOSQUES CENTRO | B20: =ESTADISTICA!B18 -> BOSQC 05 | C20: =ESTADISTICA!C18 -> LUIS AGOTE Y RUTA 36 | D20: =ESTADISTICA!D18 -> Fija | E20: =ESTADISTICA!E18 -> Radio | F20: =ESTADISTICA!F18 -> 0 | G20: =ESTADISTICA!G18 -> 0 | H20: =ESTADISTICA!H18 -> 0 | ... AI20: =ESTADISTICA!AI18 -> 0
A21: =ESTADISTICA!A19 -> BOSQUES CENTRO | B21: =ESTADISTICA!B19 -> BOSQC 06 | C21: =ESTADISTICA!C19 -> LUIS AGOTE Y RUTA 36 | D21: =ESTADISTICA!D19 -> Fija | E21: =ESTADISTICA!E19 -> Radio | F21: =ESTADISTICA!F19 -> 0 | G21: =ESTADISTICA!G19 -> 0 | H21: =ESTADISTICA!H19 -> 0 | ... AI21: =ESTADISTICA!AI19 -> 0
A22: =ESTADISTICA!A20 -> CENTRO | B22: =ESTADISTICA!B20 -> CEN01 | C22: =ESTADISTICA!C20 -> San Martin y 9 de Julio | D22: =ESTADISTICA!D20 -> Fija | E22: =ESTADISTICA!E20 -> Fibra Optica | F22: =ESTADISTICA!F20 -> 0 | G22: =ESTADISTICA!G20 -> 0 | H22: =ESTADISTICA!H20 -> 0 | ... AI22: =ESTADISTICA!AI20 -> 0
A23: =ESTADISTICA!A21 -> CENTRO | B23: =ESTADISTICA!B21 -> CEN02 | C23: =ESTADISTICA!C21 -> San Martin y Almafuerte | D23: =ESTADISTICA!D21 -> Fija | E23: =ESTADISTICA!E21 -> Fibra Optica | F23: =ESTADISTICA!F21 -> 0 | G23: =ESTADISTICA!G21 -> 0 | H23: =ESTADISTICA!H21 -> 0 | ... AI23: =ESTADISTICA!AI21 -> 0
A24: =ESTADISTICA!A22 -> CENTRO | B24: =ESTADISTICA!B22 -> CEN03 | C24: =ESTADISTICA!C22 -> San Martin y Sallares | D24: =ESTADISTICA!D22 -> Domo | E24: =ESTADISTICA!E22 -> Fibra Optica | F24: =ESTADISTICA!F22 -> 0 | G24: =ESTADISTICA!G22 -> 0 | H24: =ESTADISTICA!H22 -> 0 | ... AI24: =ESTADISTICA!AI22 -> 0
A25: =ESTADISTICA!A23 -> CENTRO | B25: =ESTADISTICA!B23 -> CEN04 | C25: =ESTADISTICA!C23 -> San Martin y Contreras | D25: =ESTADISTICA!D23 -> Domo | E25: =ESTADISTICA!E23 -> Fibra Optica | F25: =ESTADISTICA!F23 -> 0 | G25: =ESTADISTICA!G23 -> 0 | H25: =ESTADISTICA!H23 -> 0 | ... AI25: =ESTADISTICA!AI23 -> 0
A26: =ESTADISTICA!A24 -> CENTRO | B26: =ESTADISTICA!B24 -> CEN 05 | C26: =ESTADISTICA!C24 -> Bocuzzi e/España y San Martin | D26: =ESTADISTICA!D24 -> DOMO | E26: =ESTADISTICA!E24 -> Fibra Optica | F26: =ESTADISTICA!F24 -> 0 | G26: =ESTADISTICA!G24 -> 0 | H26: =ESTADISTICA!H24 -> 0 | ... AI26: =ESTADISTICA!AI24 -> 0
A27: =ESTADISTICA!A25 -> CENTRO | B27: =ESTADISTICA!B25 -> CEN06 | C27: =ESTADISTICA!C25 -> Monteagudo y A.del Valle | D27: =ESTADISTICA!D25 -> Fija | E27: =ESTADISTICA!E25 -> Fibra Optica | F27: =ESTADISTICA!F25 -> 0 | G27: =ESTADISTICA!G25 -> 0 | H27: =ESTADISTICA!H25 -> 0 | ... AI27: =ESTADISTICA!AI25 -> 0
... A39: =ESTADISTICA!A37 -> CENTRO | B39: =ESTADISTICA!B37 -> CEN18 | C39: =ESTADISTICA!C37 -> Monteagudo e/Mitre y Sallares | D39: =ESTADISTICA!D37 -> Fija | E39: =ESTADISTICA!E37 -> Fibra Optica | F39: =ESTADISTICA!F37 -> 0 | G39: =ESTADISTICA!G37 -> 0 | H39: =ESTADISTICA!H37 -> 0 | ... AI39: =ESTADISTICA!AI37 -> 0
A40: =ESTADISTICA!A38 -> CENTRO | B40: =ESTADISTICA!B38 -> CEN19 | C40: =ESTADISTICA!C38 -> Chacabuco y 25 de Mayo | D40: =ESTADISTICA!D38 -> Fija | E40: =ESTADISTICA!E38 -> Fibra Optica | F40: =ESTADISTICA!F38 -> 0 | G40: =ESTADISTICA!G38 -> 0 | H40: =ESTADISTICA!H38 -> 0 | ... AJ40: =ESTADISTICA!AJ38 -> #REF!
A41: =ESTADISTICA!A39 -> LOMAS DE MONTEVERDE | B41: =ESTADISTICA!B39 -> CEN20 | C41: =ESTADISTICA!C39 -> Pte. Illia y Las Heras | D41: =ESTADISTICA!D39 -> Domo | E41: =ESTADISTICA!E39 -> Fibra Optica | F41: =ESTADISTICA!F39 -> 0 | G41: =ESTADISTICA!G39 -> 0 | H41: =ESTADISTICA!H39 -> 0 | ... AI41: =ESTADISTICA!AI39 -> 0
A42: =ESTADISTICA!A40 -> CENTRO | B42: =ESTADISTICA!B40 -> CEN21 | C42: =ESTADISTICA!C40 -> Misiones y Urquiza | D42: =ESTADISTICA!D40 -> Fija | E42: =ESTADISTICA!E40 -> Radio | F42: =ESTADISTICA!F40 -> 0 | G42: =ESTADISTICA!G40 -> 0 | H42: =ESTADISTICA!H40 -> 0 | ... AI42: =ESTADISTICA!AI40 -> 0
A43: =ESTADISTICA!A41 -> CENTRO | B43: =ESTADISTICA!B41 -> CEN22 | C43: =ESTADISTICA!C41 -> Las Heras y Chacabuco | D43: =ESTADISTICA!D41 -> Domo | E43: =ESTADISTICA!E41 -> Radio | F43: =ESTADISTICA!F41 -> 0 | G43: =ESTADISTICA!G41 -> 0 | H43: =ESTADISTICA!H41 -> 0 | ... AI43: =ESTADISTICA!AI41 -> 0
A44: =ESTADISTICA!A42 -> CENTRO | B44: =ESTADISTICA!B42 -> CEN23 | C44: =ESTADISTICA!C42 -> Sallares y Monteagudo | D44: =ESTADISTICA!D42 -> Domo | E44: =ESTADISTICA!E42 -> Fibra Optica | F44: =ESTADISTICA!F42 -> 0 | G44: =ESTADISTICA!G42 -> 0 | H44: =ESTADISTICA!H42 -> 0 | ... AI44: =ESTADISTICA!AI42 -> 0
A45: =ESTADISTICA!A43 -> CENTRO | B45: =ESTADISTICA!B43 -> CEN24 | C45: =ESTADISTICA!C43 -> Sallares y España | D45: =ESTADISTICA!D43 -> Domo | E45: =ESTADISTICA!E43 -> Fibra Optica | F45: =ESTADISTICA!F43 -> 0 | G45: =ESTADISTICA!G43 -> 0 | H45: =ESTADISTICA!H43 -> 0 | ... AI45: =ESTADISTICA!AI43 -> 0
A46: =ESTADISTICA!A44 -> CENTRO | B46: =ESTADISTICA!B44 -> CEN25 | C46: =ESTADISTICA!C44 -> SAN MARTIN Y 9 DE JULIO | D46: =ESTADISTICA!D44 -> Domo | E46: =ESTADISTICA!E44 -> Fibra Optica | F46: =ESTADISTICA!F44 -> 0 | G46: =ESTADISTICA!G44 -> 0 | H46: =ESTADISTICA!H44 -> 0 | ... AI46: =ESTADISTICA!AI44 -> 0
A47: =ESTADISTICA!A45 -> CENTRO | B47: =ESTADISTICA!B45 -> CEN26 | C47: =ESTADISTICA!C45 -> Mitre y España | D47: =ESTADISTICA!D45 -> Domo | E47: =ESTADISTICA!E45 -> Fibra Optica | F47: =ESTADISTICA!F45 -> 0 | G47: =ESTADISTICA!G45 -> 0 | H47: =ESTADISTICA!H45 -> 0 | ... AI47: =ESTADISTICA!AI45 -> 0
A48: =ESTADISTICA!A46 -> CENTRO | B48: =ESTADISTICA!B46 -> CEN27 | C48: =ESTADISTICA!C46 -> San Juan y España | D48: =ESTADISTICA!D46 -> Domo | E48: =ESTADISTICA!E46 -> Fibra Optica | F48: =ESTADISTICA!F46 -> 0 | G48: =ESTADISTICA!G46 -> 0 | H48: =ESTADISTICA!H46 -> 0 | ... AJ48: =ESTADISTICA!AJ46 -> #REF!
A49: =ESTADISTICA!A47 -> CENTRO | B49: =ESTADISTICA!B47 -> CEN28 | C49: =ESTADISTICA!C47 -> Mitre y Alberdi | D49: =ESTADISTICA!D47 -> Domo | E49: =ESTADISTICA!E47 -> Fibra Optica | F49: =ESTADISTICA!F47 -> 0 | G49: =ESTADISTICA!G47 -> 0 | H49: =ESTADISTICA!H47 -> 0 | ... AI49: =ESTADISTICA!AI47 -> 0
A50: =ESTADISTICA!A48 -> CENTRO | B50: =ESTADISTICA!B48 -> CEN29 | C50: =ESTADISTICA!C48 -> Alberdi y San Juan | D50: =ESTADISTICA!D48 -> Domo | E50: =ESTADISTICA!E48 -> Fibra Optica | F50: =ESTADISTICA!F48 -> 0 | G50: =ESTADISTICA!G48 -> 0 | H50: =ESTADISTICA!H48 -> 0 | ... AI50: =ESTADISTICA!AI48 -> 0
A51: =ESTADISTICA!A49 -> CENTRO | B51: =ESTADISTICA!B49 -> CEN30 | C51: =ESTADISTICA!C49 -> Mitre y Pringles | D51: =ESTADISTICA!D49 -> Domo | E51: =ESTADISTICA!E49 -> Fibra Optica | F51: =ESTADISTICA!F49 -> 0 | G51: =ESTADISTICA!G49 -> 0 | H51: =ESTADISTICA!H49 -> 0 | ... AI51: =ESTADISTICA!AI49 -> 0
A52: =ESTADISTICA!A50 -> CENTRO | B52: =ESTADISTICA!B50 -> CEN31 | C52: =ESTADISTICA!C50 -> Mitre e/Monteagudo y Alberdi | D52: =ESTADISTICA!D50 -> Domo | E52: =ESTADISTICA!E50 -> Fibra Optica | F52: =ESTADISTICA!F50 -> 0 | G52: =ESTADISTICA!G50 -> 0 | H52: =ESTADISTICA!H50 -> 0 | ... AI52: =ESTADISTICA!AI50 -> 0
A53: =ESTADISTICA!A51 -> CENTRO | B53: =ESTADISTICA!B51 -> CEN32 | C53: =ESTADISTICA!C51 -> Aristobulo del Valle y España | D53: =ESTADISTICA!D51 -> Domo | E53: =ESTADISTICA!E51 -> Fibra Optica | F53: =ESTADISTICA!F51 -> 0 | G53: =ESTADISTICA!G51 -> 0 | H53: =ESTADISTICA!H51 -> 0 | ... AI53: =ESTADISTICA!AI51 -> 0
A54: =ESTADISTICA!A52 -> CENTRO | B54: =ESTADISTICA!B52 -> CEN33 | C54: =ESTADISTICA!C52 -> Peron y Alberdi | D54: =ESTADISTICA!D52 -> Domo | E54: =ESTADISTICA!E52 -> Fibra Optica | F54: =ESTADISTICA!F52 -> 0 | G54: =ESTADISTICA!G52 -> 0 | H54: =ESTADISTICA!H52 -> 0 | ... AI54: =ESTADISTICA!AI52 -> 0
A55: =ESTADISTICA!A53 -> CENTRO | B55: =ESTADISTICA!B53 -> CEN34 | C55: =ESTADISTICA!C53 -> Peron y España | D55: =ESTADISTICA!D53 -> Domo | E55: =ESTADISTICA!E53 -> Fibra Optica | F55: =ESTADISTICA!F53 -> 0 | G55: =ESTADISTICA!G53 -> 0 | H55: =ESTADISTICA!H53 -> 0 | ... AI55: =ESTADISTICA!AI53 -> 0
A56: =ESTADISTICA!A54 -> CENTRO | B56: =ESTADISTICA!B54 -> CEN35 | C56: =ESTADISTICA!C54 -> España y Marmol | D56: =ESTADISTICA!D54 -> Domo | E56: =ESTADISTICA!E54 -> Fibra Optica | F56: =ESTADISTICA!F54 -> 0 | G56: =ESTADISTICA!G54 -> 0 | H56: =ESTADISTICA!H54 -> 0 | ... AI56: =ESTADISTICA!AI54 -> 0
A57: =ESTADISTICA!A55 -> CENTRO | B57: =ESTADISTICA!B55 -> CEN36 | C57: =ESTADISTICA!C55 -> España y 9 de Julio | D57: =ESTADISTICA!D55 -> Domo | E57: =ESTADISTICA!E55 -> Fibra Optica | F57: =ESTADISTICA!F55 -> 0 | G57: =ESTADISTICA!G55 -> 0 | H57: =ESTADISTICA!H55 -> 0 | ... AI57: =ESTADISTICA!AI55 -> 0
A58: =ESTADISTICA!A56 -> CENTRO | B58: =ESTADISTICA!B56 -> CEN 37 | C58: =ESTADISTICA!C56 -> Diagonal Granaderos y Monteagudo | D58: =ESTADISTICA!D56 -> Domo | E58: =ESTADISTICA!E56 -> Fibra Optica | F58: =ESTADISTICA!F56 -> 0 | G58: =ESTADISTICA!G56 -> 0 | H58: =ESTADISTICA!H56 -> 0 | ... AI58: =ESTADISTICA!AI56 -> 0
A59: =ESTADISTICA!A57 -> CENTRO | B59: =ESTADISTICA!B57 -> CEN38 | C59: =ESTADISTICA!C57 -> Diagonal Constituyentes y Almafuerte | D59: =ESTADISTICA!D57 -> Domo | E59: =ESTADISTICA!E57 -> Fibra Optica | F59: =ESTADISTICA!F57 -> 0 | G59: =ESTADISTICA!G57 -> 0 | H59: =ESTADISTICA!H57 -> 0 | ... AI59: =ESTADISTICA!AI57 -> 0
A60: =ESTADISTICA!A58 -> CENTRO | B60: =ESTADISTICA!B58 -> CEN39 | C60: =ESTADISTICA!C58 -> San Martin y Alem | D60: =ESTADISTICA!D58 -> Domo | E60: =ESTADISTICA!E58 -> Fibra Optica | F60: =ESTADISTICA!F58 -> 0 | G60: =ESTADISTICA!G58 -> 0 | H60: =ESTADISTICA!H58 -> 0 | ... AI60: =ESTADISTICA!AI58 -> 0
... A74: =ESTADISTICA!A72 -> CENTRO | B74: =ESTADISTICA!B72 -> CEN 53 | C74: =ESTADISTICA!C72 -> GUTIERREZ Y BROWN | D74: =ESTADISTICA!D72 -> Domo | E74: =ESTADISTICA!E72 -> Radio | F74: =ESTADISTICA!F72 -> 0 | G74: =ESTADISTICA!G72 -> 0 | H74: =ESTADISTICA!H72 -> 0 | ... AI74: =ESTADISTICA!AI72 -> 0
A75: =ESTADISTICA!A73 -> CENTRO | B75: =ESTADISTICA!B73 -> CEN 54 | C75: =ESTADISTICA!C73 -> GUTIERREZ Y PRINGLES | D75: =ESTADISTICA!D73 -> Domo | E75: =ESTADISTICA!E73 -> Radio | F75: =ESTADISTICA!F73 -> 0 | G75: =ESTADISTICA!G73 -> 0 | H75: =ESTADISTICA!H73 -> 0 | ... AJ75: =ESTADISTICA!AJ73 -> #REF!
A76: =ESTADISTICA!A74 -> CENTRO | B76: =ESTADISTICA!B74 -> CEN 55 | C76: =ESTADISTICA!C74 -> BOUREL Y URQUIZA | D76: =ESTADISTICA!D74 -> Domo | E76: =ESTADISTICA!E74 -> Radio | F76: =ESTADISTICA!F74 -> 0 | G76: =ESTADISTICA!G74 -> 0 | H76: =ESTADISTICA!H74 -> 0 | ... AI76: =ESTADISTICA!AI74 -> 0
A77: =ESTADISTICA!A75 -> CENTRO | B77: =ESTADISTICA!B75 -> CEN 56 | C77: =ESTADISTICA!C75 -> Newbery y Falucho | D77: =ESTADISTICA!D75 -> DOMO | E77: =ESTADISTICA!E75 -> Radio | F77: =ESTADISTICA!F75 -> 0 | G77: =ESTADISTICA!G75 -> 0 | H77: =ESTADISTICA!H75 -> 0 | ... AI77: =ESTADISTICA!AI75 -> 0
A78: =ESTADISTICA!A76 -> CENTRO | B78: =ESTADISTICA!B76 -> CEN 57 | C78: =ESTADISTICA!C76 -> 25 DE MAYO Y DORREGO | D78: =ESTADISTICA!D76 -> DOMO | E78: =ESTADISTICA!E76 -> Radio | F78: =ESTADISTICA!F76 -> 0 | G78: =ESTADISTICA!G76 -> 0 | H78: =ESTADISTICA!H76 -> 0 | ... AI78: =ESTADISTICA!AI76 -> 0
A79: =ESTADISTICA!A77 -> CENTRO | B79: =ESTADISTICA!B77 -> CEN 58 | C79: =ESTADISTICA!C77 -> EEUU Y MORENO | D79: =ESTADISTICA!D77 -> DOMO | E79: =ESTADISTICA!E77 -> FIBRA OPTICA | F79: =ESTADISTICA!F77 -> 0 | G79: =ESTADISTICA!G77 -> 0 | H79: =ESTADISTICA!H77 -> 0 | ... AJ79: =ESTADISTICA!AJ77 -> #REF!
A80: =ESTADISTICA!A78 -> CENTRO | B80: =ESTADISTICA!B78 -> CEN59 | C80: =ESTADISTICA!C78 -> CHACABUCO Y BOUREL | D80: =ESTADISTICA!D78 -> DOMO | E80: =ESTADISTICA!E78 -> Radio | F80: =ESTADISTICA!F78 -> 0 | G80: =ESTADISTICA!G78 -> 0 | H80: =ESTADISTICA!H78 -> 0 | ... AI80: =ESTADISTICA!AI78 -> 0
A81: =ESTADISTICA!A79 -> CENTRO | B81: =ESTADISTICA!B79 -> CEN 60 | C81: =ESTADISTICA!C79 -> RECONQUISTA Y ILLIA | D81: =ESTADISTICA!D79 -> DOMO | E81: =ESTADISTICA!E79 -> PTO A FO | F81: =ESTADISTICA!F79 -> 0 | G81: =ESTADISTICA!G79 -> 0 | H81: =ESTADISTICA!H79 -> 0 | ... AI81: =ESTADISTICA!AI79 -> 0
A82: =ESTADISTICA!A80 -> CENTRO | B82: =ESTADISTICA!B80 -> CEN 61 | C82: =ESTADISTICA!C80 -> BOUREL Y MAIPU | D82: =ESTADISTICA!D80 -> DOMO | E82: =ESTADISTICA!E80 -> Radio | F82: =ESTADISTICA!F80 -> 0 | G82: =ESTADISTICA!G80 -> 0 | H82: =ESTADISTICA!H80 -> 0 | ... AI82: =ESTADISTICA!AI80 -> 0
A83: =ESTADISTICA!A81 -> CENTRO | B83: =ESTADISTICA!B81 -> CEN62 | C83: =ESTADISTICA!C81 -> ESPAÑA Y ALEM | D83: =ESTADISTICA!D81 -> DOMO | E83: =ESTADISTICA!E81 -> PTO A FO | F83: =ESTADISTICA!F81 -> 0 | G83: =ESTADISTICA!G81 -> 0 | H83: =ESTADISTICA!H81 -> 0 | ... AI83: =ESTADISTICA!AI81 -> 0
A84: =ESTADISTICA!A82 -> CENTRO | B84: =ESTADISTICA!B82 -> CEN63 | C84: =ESTADISTICA!C82 -> SAN MARTIN Y URQUIZA | D84: =ESTADISTICA!D82 -> DOMO | E84: =ESTADISTICA!E82 -> Fibra Optica | F84: =ESTADISTICA!F82 -> 0 | G84: =ESTADISTICA!G82 -> 0 | H84: =ESTADISTICA!H82 -> 0 | ... AI84: =ESTADISTICA!AI82 -> 0
A85: =ESTADISTICA!A83 -> CENTRO | B85: =ESTADISTICA!B83 -> CEN64 | C85: =ESTADISTICA!C83 -> SAN MARTIN Y BOCCUZZI | D85: =ESTADISTICA!D83 -> FIJA | E85: =ESTADISTICA!E83 -> Fibra Optica | F85: =ESTADISTICA!F83 -> 0 | G85: =ESTADISTICA!G83 -> 0 | H85: =ESTADISTICA!H83 -> 0 | ... AI85: =ESTADISTICA!AI83 -> 0
A86: =ESTADISTICA!A84 -> º | B86: =ESTADISTICA!B84 -> CEN 65 | C86: =ESTADISTICA!C84 -> SAN MARTIN Y JUAN PERON | D86: =ESTADISTICA!D84 -> FIJA | E86: =ESTADISTICA!E84 -> Fibra Optica | F86: =ESTADISTICA!F84 -> APAGADO | G86: =ESTADISTICA!G84 -> 0 | H86: =ESTADISTICA!H84 -> 0 | ... AI86: =ESTADISTICA!AI84 -> 0
A87: =ESTADISTICA!A85 -> CENTRO | B87: =ESTADISTICA!B85 -> CEN66 | C87: =ESTADISTICA!C85 -> SAN MARTIN Y JUAN PERON | D87: =ESTADISTICA!D85 -> FIJA | E87: =ESTADISTICA!E85 -> Fibra Optica | F87: =ESTADISTICA!F85 -> APAGADO | G87: =ESTADISTICA!G85 -> 0 | H87: =ESTADISTICA!H85 -> 0 | ... AI87: =ESTADISTICA!AI85 -> 0
A88: =ESTADISTICA!A86 -> CENTRO | B88: =ESTADISTICA!B86 -> CEN67 (fija 1) | C88: =ESTADISTICA!C86 -> 9 DE JULIO Y BROWN | D88: =ESTADISTICA!D86 -> Fija | E88: =ESTADISTICA!E86 -> Fibra Optica | F88: =ESTADISTICA!F86 -> 0 | G88: =ESTADISTICA!G86 -> 0 | H88: =ESTADISTICA!H86 -> 0 | ... AI88: =ESTADISTICA!AI86 -> 0
A89: =ESTADISTICA!A87 -> CENTRO | B89: =ESTADISTICA!B87 -> CEN68 (fija 2) | C89: =ESTADISTICA!C87 -> 9 DE JULIO Y BROWN | D89: =ESTADISTICA!D87 -> Fija | E89: =ESTADISTICA!E87 -> Fibra Optica | F89: =ESTADISTICA!F87 -> 0 | G89: =ESTADISTICA!G87 -> 0 | H89: =ESTADISTICA!H87 -> 0 | ... AI89: =ESTADISTICA!AI87 -> 0
A90: =ESTADISTICA!A88 -> CENTRO | B90: =ESTADISTICA!B88 -> CEN69 | C90: =ESTADISTICA!C88 -> RIVADAVIA Y BOUREL | D90: =ESTADISTICA!D88 -> DOMO | E90: =ESTADISTICA!E88 -> Fibra Optica | F90: =ESTADISTICA!F88 -> 0 | G90: =ESTADISTICA!G88 -> 0 | H90: =ESTADISTICA!H88 -> 0 | ... AI90: =ESTADISTICA!AI88 -> 0
A91: =ESTADISTICA!A89 -> CENTRO | B91: =ESTADISTICA!B89 -> CEN 70 | C91: =ESTADISTICA!C89 -> RIVADAVIA Y 25 MAYO | D91: =ESTADISTICA!D89 -> Domo | E91: =ESTADISTICA!E89 -> Fibra Optica | F91: =ESTADISTICA!F89 -> 0 | G91: =ESTADISTICA!G89 -> 0 | H91: =ESTADISTICA!H89 -> 0 | ... AI91: =ESTADISTICA!AI89 -> 0
... A106: =ESTADISTICA!A104 -> CENTRO | B106: =ESTADISTICA!B104 -> CEN 85 | C106: =ESTADISTICA!C104 -> PTE PERON E/ PRINGLES Y BROWN | D106: =ESTADISTICA!D104 -> Fija | E106: =ESTADISTICA!E104 -> Fibra Optica | F106: =ESTADISTICA!F104 -> 0 | G106: =ESTADISTICA!G104 -> 0 | H106: =ESTADISTICA!H104 -> 0 | ... AI106: =ESTADISTICA!AI104 -> 0
A107: =ESTADISTICA!A105 -> SAN NICOLAS | B107: =ESTADISTICA!B105 -> CHA01 | C107: =ESTADISTICA!C105 -> Novak y Pte Illia | D107: =ESTADISTICA!D105 -> Domo | E107: =ESTADISTICA!E105 -> Radio | F107: =ESTADISTICA!F105 -> 0 | G107: =ESTADISTICA!G105 -> 0 | H107: =ESTADISTICA!H105 -> 0 | ... AJ107: =ESTADISTICA!AJ105 -> #REF!
A108: =ESTADISTICA!A106 -> CHACABUCO | B108: =ESTADISTICA!B106 -> CHA02 | C108: =ESTADISTICA!C106 -> Pte. Illia y Posadas | D108: =ESTADISTICA!D106 -> Domo | E108: =ESTADISTICA!E106 -> Radio | F108: =ESTADISTICA!F106 -> 0 | G108: =ESTADISTICA!G106 -> 0 | H108: =ESTADISTICA!H106 -> 0 | ... AI108: =ESTADISTICA!AI106 -> 0
A109: =ESTADISTICA!A107 -> CHACABUCO | B109: =ESTADISTICA!B107 -> CHA03 | C109: =ESTADISTICA!C107 -> MAIPU Y ALVAREZ THOMAS | D109: =ESTADISTICA!D107 -> DOMO | E109: =ESTADISTICA!E107 -> Fibra Optica | F109: =ESTADISTICA!F107 -> 0 | G109: =ESTADISTICA!G107 -> 0 | H109: =ESTADISTICA!H107 -> 0 | ... AI109: =ESTADISTICA!AI107 -> 0
A110: =ESTADISTICA!A108 -> CHACABUCO | B110: =ESTADISTICA!B108 -> CHA04 | C110: =ESTADISTICA!C108 -> ESTADOS UNIDOS DE A. E ILLIA | D110: =ESTADISTICA!D108 -> DOMO | E110: =ESTADISTICA!E108 -> Fibra Optica | F110: =ESTADISTICA!F108 -> 0 | G110: =ESTADISTICA!G108 -> 0 | H110: =ESTADISTICA!H108 -> 0 | ... AI110: =ESTADISTICA!AI108 -> 0
A111: =ESTADISTICA!A109 -> VILLA MONICA NUEVA | B111: =ESTADISTICA!B109 -> COL01 | C111: =ESTADISTICA!C109 -> Eva Peron y Cariboni | D111: =ESTADISTICA!D109 -> Domo | E111: =ESTADISTICA!E109 -> Radio | F111: =ESTADISTICA!F109 -> 0 | G111: =ESTADISTICA!G109 -> 0 | H111: =ESTADISTICA!H109 -> 0 | ... AI111: =ESTADISTICA!AI109 -> 0
A112: =ESTADISTICA!A110 -> LA COLORADA ESTE | B112: =ESTADISTICA!B110 -> COL02 | C112: =ESTADISTICA!C110 -> Av. Eva Peron y Pompeya | D112: =ESTADISTICA!D110 -> Domo | E112: =ESTADISTICA!E110 -> Radio | F112: =ESTADISTICA!F110 -> 0 | G112: =ESTADISTICA!G110 -> 0 | H112: =ESTADISTICA!H110 -> 0 | ... AI112: =ESTADISTICA!AI110 -> 0
A113: =ESTADISTICA!A111 -> LA COLORADA ESTE | B113: =ESTADISTICA!B111 -> COL 03 | C113: =ESTADISTICA!C111 -> CARIBONI Y LA ANCIANIDAD | D113: =ESTADISTICA!D111 -> DOMO | E113: =ESTADISTICA!E111 -> Radio | F113: =ESTADISTICA!F111 -> APAGADO | G113: =ESTADISTICA!G111 -> 0 | H113: =ESTADISTICA!H111 -> 0 | ... AI113: =ESTADISTICA!AI111 -> 0
A114: =ESTADISTICA!A112 -> LA COLORADA ESTE | B114: =ESTADISTICA!B112 -> COL 04 | C114: =ESTADISTICA!C112 -> EVA PERON Y SAVIO | D114: =ESTADISTICA!D112 -> Domo | E114: =ESTADISTICA!E112 -> Fibra Optica | F114: =ESTADISTICA!F112 -> 0 | G114: =ESTADISTICA!G112 -> 0 | H114: =ESTADISTICA!H112 -> 0 | ... AI114: =ESTADISTICA!AI112 -> 0
A115: =ESTADISTICA!A113 -> DON JOSE | B115: =ESTADISTICA!B113 -> DJO01 | C115: =ESTADISTICA!C113 -> Monteverde y Donato Alvarez | D115: =ESTADISTICA!D113 -> Domo | E115: =ESTADISTICA!E113 -> RADIO | F115: =ESTADISTICA!F113 -> 0 | G115: =ESTADISTICA!G113 -> 0 | H115: =ESTADISTICA!H113 -> 0 | ... AI115: =ESTADISTICA!AI113 -> 0
A116: =ESTADISTICA!A114 -> DON JOSE | B116: =ESTADISTICA!B114 -> DJO 02 (fija 1) | C116: =ESTADISTICA!C114 -> DONATO ALVAREZ Y EL APERO | D116: =ESTADISTICA!D114 -> Fija | E116: =ESTADISTICA!E114 -> PTO A FO | F116: =ESTADISTICA!F114 -> APAGADO | G116: =ESTADISTICA!G114 -> 0 | H116: =ESTADISTICA!H114 -> 0 | ... AI116: =ESTADISTICA!AI114 -> 0
A117: =ESTADISTICA!A115 -> DON JOSE | B117: =ESTADISTICA!B115 -> DJO 03 (fija 2) | C117: =ESTADISTICA!C115 -> DONATO ALVAREZ Y EL APERO | D117: =ESTADISTICA!D115 -> Fija | E117: =ESTADISTICA!E115 -> PTO A FO | F117: =ESTADISTICA!F115 -> APAGADO | G117: =ESTADISTICA!G115 -> 0 | H117: =ESTADISTICA!H115 -> 0 | ... AI117: =ESTADISTICA!AI115 -> 0
A118: =ESTADISTICA!A116 -> DON JOSE | B118: =ESTADISTICA!B116 -> DJO 04 (Fija 1) | C118: =ESTADISTICA!C116 -> MONTEVERDE Y EL INDIO | D118: =ESTADISTICA!D116 -> Fija | E118: =ESTADISTICA!E116 -> Radio | F118: =ESTADISTICA!F116 -> APAGADO | G118: =ESTADISTICA!G116 -> 0 | H118: =ESTADISTICA!H116 -> 0 | ... AI118: =ESTADISTICA!AI116 -> 0
A119: =ESTADISTICA!A117 -> DON JOSE | B119: =ESTADISTICA!B117 -> DJO 05 (Fija 2) | C119: =ESTADISTICA!C117 -> MONTEVERDE Y EL INDIO | D119: =ESTADISTICA!D117 -> Fija | E119: =ESTADISTICA!E117 -> Radio | F119: =ESTADISTICA!F117 -> APAGADO | G119: =ESTADISTICA!G117 -> 0 | H119: =ESTADISTICA!H117 -> 0 | ... AI119: =ESTADISTICA!AI117 -> 0
... A121: =ESTADISTICA!A119 -> DON JOSE | B121: =ESTADISTICA!B119 -> DJ 07 | C121: =ESTADISTICA!C119 -> Calle 414 y El Indio | D121: =ESTADISTICA!D119 -> Fija | E121: =ESTADISTICA!E119 -> Radio | F121: =ESTADISTICA!F119 -> APAGADO | G121: =ESTADISTICA!G119 -> 0 | H121: =ESTADISTICA!H119 -> 0 | ... AI121: =ESTADISTICA!AI119 -> 0
A122: =ESTADISTICA!A120 -> EL PARQUE | B122: =ESTADISTICA!B120 -> EPQ 01 | C122: =ESTADISTICA!C120 -> 1282 Y GRIERSON | D122: =ESTADISTICA!D120 -> DOMO | E122: =ESTADISTICA!E120 -> Fibra Optica | F122: =ESTADISTICA!F120 -> 0 | G122: =ESTADISTICA!G120 -> 0 | H122: =ESTADISTICA!H120 -> 0 | ... AJ122: =ESTADISTICA!AJ120 -> #REF!
A123: =ESTADISTICA!A121 -> EL PARQUE | B123: =ESTADISTICA!B121 -> EPQ 02 | C123: =ESTADISTICA!C121 -> 1282 Y MASSE | D123: =ESTADISTICA!D121 -> DOMO | E123: =ESTADISTICA!E121 -> Fibra Optica | F123: =ESTADISTICA!F121 -> 0 | G123: =ESTADISTICA!G121 -> 0 | H123: =ESTADISTICA!H121 -> 0 | ... AI123: =ESTADISTICA!AI121 -> 0
A124: =ESTADISTICA!A122 -> EL PARQUE | B124: =ESTADISTICA!B122 -> EPQ 03 | C124: =ESTADISTICA!C122 -> 1282 Y RP 36 | D124: =ESTADISTICA!D122 -> Domo | E124: =ESTADISTICA!E122 -> Fibra Optica | F124: =ESTADISTICA!F122 -> 0 | G124: =ESTADISTICA!G122 -> 0 | H124: =ESTADISTICA!H122 -> 0 | ... AI124: =ESTADISTICA!AI122 -> 0
A125: =ESTADISTICA!A123 -> EL PARQUE | B125: =ESTADISTICA!B123 -> EPQ 04 | C125: =ESTADISTICA!C123 -> 1282 Y MORENO | D125: =ESTADISTICA!D123 -> DOMO | E125: =ESTADISTICA!E123 -> Fibra Optica | F125: =ESTADISTICA!F123 -> 0 | G125: =ESTADISTICA!G123 -> 0 | H125: =ESTADISTICA!H123 -> 0 | ... AI125: =ESTADISTICA!AI123 -> 0
A126: =ESTADISTICA!A124 -> LA ESMERALDA | B126: =ESTADISTICA!B124 -> ESM01 | C126: =ESTADISTICA!C124 -> Cabello y Brasil | D126: =ESTADISTICA!D124 -> Domo | E126: =ESTADISTICA!E124 -> Radio | F126: =ESTADISTICA!F124 -> 0 | G126: =ESTADISTICA!G124 -> 0 | H126: =ESTADISTICA!H124 -> 0 | ... AI126: =ESTADISTICA!AI124 -> 0
A127: =ESTADISTICA!A125 -> SAN JORGE | B127: =ESTADISTICA!B125 -> ESM02 | C127: =ESTADISTICA!C125 -> Novak y Cabello | D127: =ESTADISTICA!D125 -> Domo | E127: =ESTADISTICA!E125 -> PTO A FO | F127: =ESTADISTICA!F125 -> 0 | G127: =ESTADISTICA!G125 -> 0 | H127: =ESTADISTICA!H125 -> 0 | ... AI127: =ESTADISTICA!AI125 -> 0
A128: =ESTADISTICA!A126 -> LIBERTAD | B128: =ESTADISTICA!B126 -> ESM03 | C128: =ESTADISTICA!C126 -> Novak y Humahuaca | D128: =ESTADISTICA!D126 -> DOMO | E128: =ESTADISTICA!E126 -> PTO A FO | F128: =ESTADISTICA!F126 -> APAGADO | G128: =ESTADISTICA!G126 -> 0 | H128: =ESTADISTICA!H126 -> 0 | ... AI128: =ESTADISTICA!AI126 -> 0
A129: =ESTADISTICA!A127 -> LA ESMERALDA | B129: =ESTADISTICA!B127 -> ESM04 | C129: =ESTADISTICA!C127 -> Basualdo y Bengochea | D129: =ESTADISTICA!D127 -> Domo | E129: =ESTADISTICA!E127 -> FIBRA OPTICA | F129: =ESTADISTICA!F127 -> 0 | G129: =ESTADISTICA!G127 -> 0 | H129: =ESTADISTICA!H127 -> 0 | ... AI129: =ESTADISTICA!AI127 -> 0
A130: =ESTADISTICA!A128 -> LA ESMERALDA | B130: =ESTADISTICA!B128 -> ESM05 | C130: =ESTADISTICA!C128 -> Aniceto Diaz y Villar | D130: =ESTADISTICA!D128 -> Domo | E130: =ESTADISTICA!E128 -> FIBRA OPTICA | F130: =ESTADISTICA!F128 -> 0 | G130: =ESTADISTICA!G128 -> 0 | H130: =ESTADISTICA!H128 -> 0 | ... AI130: =ESTADISTICA!AI128 -> 0
A131: =ESTADISTICA!A129 -> LA ESMERALDA | B131: =ESTADISTICA!B129 -> ESM06 | C131: =ESTADISTICA!C129 -> Roselli y Cabello | D131: =ESTADISTICA!D129 -> Domo | E131: =ESTADISTICA!E129 -> Radio | F131: =ESTADISTICA!F129 -> 0 | G131: =ESTADISTICA!G129 -> 0 | H131: =ESTADISTICA!H129 -> 0 | ... AI131: =ESTADISTICA!AI129 -> 0
A132: =ESTADISTICA!A130 -> LA ESMERALDA | B132: =ESTADISTICA!B130 -> ESM07 | C132: =ESTADISTICA!C130 -> AV. NOVAK Y SERRANO | D132: =ESTADISTICA!D130 -> DOMO | E132: =ESTADISTICA!E130 -> PTO A FO | F132: =ESTADISTICA!F130 -> 0 | G132: =ESTADISTICA!G130 -> 0 | H132: =ESTADISTICA!H130 -> 0 | ... AI132: =ESTADISTICA!AI130 -> 0
A133: =ESTADISTICA!A131 -> LA ESMERALDA | B133: =ESTADISTICA!B131 -> ESM 08 | C133: =ESTADISTICA!C131 -> DAVINSON Y MORANCHEL | D133: =ESTADISTICA!D131 -> FIJA | E133: =ESTADISTICA!E131 -> Radio | F133: =ESTADISTICA!F131 -> 0 | G133: =ESTADISTICA!G131 -> 0 | H133: =ESTADISTICA!H131 -> 0 | ... AI133: =ESTADISTICA!AI131 -> 0
A134: =ESTADISTICA!A132 -> LA ESMERALDA | B134: =ESTADISTICA!B132 -> ESM09 (fija 1) | C134: =ESTADISTICA!C132 -> EEUU Y CABELLO | D134: =ESTADISTICA!D132 -> Fija | E134: =ESTADISTICA!E132 -> Fibra Optica | F134: =ESTADISTICA!F132 -> 0 | G134: =ESTADISTICA!G132 -> 0 | H134: =ESTADISTICA!H132 -> 0 | ... AJ134: =ESTADISTICA!AJ132 -> #REF!
A135: =ESTADISTICA!A133 -> LA ESMERALDA | B135: =ESTADISTICA!B133 -> ESM10 (fija 2) | C135: =ESTADISTICA!C133 -> EEUU Y CABELLO | D135: =ESTADISTICA!D133 -> Fija | E135: =ESTADISTICA!E133 -> Fibra Optica | F135: =ESTADISTICA!F133 -> 0 | G135: =ESTADISTICA!G133 -> 0 | H135: =ESTADISTICA!H133 -> 0 | ... AJ135: =ESTADISTICA!AJ133 -> #REF!
A136: =ESTADISTICA!A134 -> LA ESMERALDA | B136: =ESTADISTICA!B134 -> ESM11 (fija 1) | C136: =ESTADISTICA!C134 -> NOVAK Y LAMBARDI | D136: =ESTADISTICA!D134 -> Fija | E136: =ESTADISTICA!E134 -> Fibra Optica | F136: =ESTADISTICA!F134 -> 0 | G136: =ESTADISTICA!G134 -> 0 | H136: =ESTADISTICA!H134 -> 0 | ... AJ136: =ESTADISTICA!AJ134 -> #REF!
A137: =ESTADISTICA!A135 -> LA ESMERALDA | B137: =ESTADISTICA!B135 -> ESM12 (fija 2) | C137: =ESTADISTICA!C135 -> NOVAK Y LAMBARDI | D137: =ESTADISTICA!D135 -> Fija | E137: =ESTADISTICA!E135 -> Fibra Optica | F137: =ESTADISTICA!F135 -> 0 | G137: =ESTADISTICA!G135 -> 0 | H137: =ESTADISTICA!H135 -> 0 | ... AJ137: =ESTADISTICA!AJ135 -> #REF!
A138: =ESTADISTICA!A136 -> LA ESMERALDA | B138: =ESTADISTICA!B136 -> ESM 13 | C138: =ESTADISTICA!C136 -> Barzi y Serrano | D138: =ESTADISTICA!D136 -> fija | E138: =ESTADISTICA!E136 -> Fibra Optica | F138: =ESTADISTICA!F136 -> 0 | G138: =ESTADISTICA!G136 -> 0 | H138: =ESTADISTICA!H136 -> 0 | ... AI138: =ESTADISTICA!AI136 -> 0
A139: =ESTADISTICA!A137 -> LA ESMERALDA | B139: =ESTADISTICA!B137 -> ESM 14 | C139: =ESTADISTICA!C137 -> Barzi y Serrano | D139: =ESTADISTICA!D137 -> fija | E139: =ESTADISTICA!E137 -> Fibra Optica | F139: =ESTADISTICA!F137 -> 0 | G139: =ESTADISTICA!G137 -> 0 | H139: =ESTADISTICA!H137 -> 0 | ... AI139: =ESTADISTICA!AI137 -> 0
...

Sheet BARRAS

Sheet PORCENTAJE

Sheet informe
B1: CANTIDAD | D1: %
A2: TOTAL | B2: 444 | E2: 45078
A3: CAIDAS | B3: 57 | C3: =B3 -> 57 | D3: =C3/B2 -> 0.12837838
A4: LLEGAMOS NOSOTROS | B4: 12 | C4: =C3-B4 -> 45 | D4: =C4/B2 -> 0.10135135
A5: NO ESTA LA CAMARA | B5: 1 | C5: =C4-B5 -> 44 | D5: =C5/B2 -> 0.099099099
A6: RADIO | B6: 11 | C6: =C5-B6 -> 33 | D6: =C6/B2 -> 0.074324324

Sheet Hoja2
C3: CAMARAS | D3: 153
B4: BONOMO | C4: 236 | D4: 29
D5: =D4/BONOMOcam -> 0.12288136
B6: COSEIDI | C6: 208 | D6: 28
D7: =D6/COSEIDIcam -> 0.13461538

Sheet AUXILIAR
A1: FECHA | B1: RADIO | C1: FIBRA | D1: ANTENA | E1: TOTAL APAGADOS | F1: INSTALADAS | G1: % APAGADOS
A2: ='APAGADOS RADIO'!F3 -> 45078 | B2: ='APAGADOS RADIO'!F2+D2 -> 21 | C2: ='APAGADOS FIBRA'!F2 -> 35 | D2: ='APAGADOS ANTENA'!F2 -> 10 | E2: =B2+C2 -> 56 | F2: ='RESUMEN TOTAL'!B1 -> 444 | G2: =E2/F2 -> 0.12612613
A3: ='APAGADOS RADIO'!G3 -> 45079 | B3: ='APAGADOS RADIO'!G2+D3 -> 0 | C3: ='APAGADOS FIBRA'!G2 -> 0 | D3: ='APAGADOS ANTENA'!G2 -> 0 | E3: =B3+C3 -> 0 | F3: ='RESUMEN TOTAL'!B1 -> 444 | G3: =E3/F3 -> 0
A4: ='APAGADOS RADIO'!H3 -> 45080 | B4: ='APAGADOS RADIO'!H2+D4 -> 0 | C4: ='APAGADOS FIBRA'!H2 -> 0 | D4: ='APAGADOS ANTENA'!H2 -> 0 | E4: =B4+C4 -> 0 | F4: ='RESUMEN TOTAL'!B1 -> 444 | G4: =E4/F4 -> 0
A5: ='APAGADOS RADIO'!I3 -> 45081 | B5: ='APAGADOS RADIO'!I2+D5 -> 0 | C5: ='APAGADOS FIBRA'!I2 -> 0 | D5: ='APAGADOS ANTENA'!I2 -> 0 | E5: =B5+C5 -> 0 | F5: ='RESUMEN TOTAL'!B1 -> 444 | G5: =E5/F5 -> 0
A6: ='APAGADOS RADIO'!J3 -> 45082 | B6: ='APAGADOS RADIO'!J2+D6 -> 0 | C6: ='APAGADOS FIBRA'!J2 -> 0 | D6: ='APAGADOS ANTENA'!J2 -> 0 | E6: =B6+C6 -> 0 | F6: ='RESUMEN TOTAL'!B1 -> 444 | G6: =E6/F6 -> 0
A7: ='APAGADOS RADIO'!K3 -> 45083 | B7: ='APAGADOS RADIO'!K2+D7 -> 0 | C7: ='APAGADOS FIBRA'!K2 -> 0 | D7: ='APAGADOS ANTENA'!K2 -> 0 | E7: =B7+C7 -> 0 | F7: ='RESUMEN TOTAL'!B1 -> 444 | G7: =E7/F7 -> 0
A8: ='APAGADOS RADIO'!L3 -> 45084 | B8: ='APAGADOS RADIO'!L2+D8 -> 0 | C8: ='APAGADOS FIBRA'!L2 -> 0 | D8: ='APAGADOS ANTENA'!L2 -> 0 | E8: =B8+C8 -> 0 | F8: ='RESUMEN TOTAL'!B1 -> 444 | G8: =E8/F8 -> 0
A9: ='APAGADOS RADIO'!M3 -> 45085 | B9: ='APAGADOS RADIO'!M2+D9 -> 0 | C9: ='APAGADOS FIBRA'!M2 -> 0 | D9: ='APAGADOS ANTENA'!M2 -> 0 | E9: =B9+C9 -> 0 | F9: ='RESUMEN TOTAL'!B1 -> 444 | G9: =E9/F9 -> 0
A10: ='APAGADOS RADIO'!N3 -> 45086 | B10: ='APAGADOS RADIO'!N2+D10 -> 0 | C10: ='APAGADOS FIBRA'!N2 -> 0 | D10: ='APAGADOS ANTENA'!N2 -> 0 | E10: =B10+C10 -> 0 | F10: ='RESUMEN TOTAL'!B1 -> 444 | G10: =E10/F10 -> 0
A11: ='APAGADOS RADIO'!O3 -> 45087 | B11: ='APAGADOS RADIO'!O2+D11 -> 0 | C11: ='APAGADOS FIBRA'!O2 -> 0 | D11: ='APAGADOS ANTENA'!O2 -> 0 | E11: =B11+C11 -> 0 | F11: ='RESUMEN TOTAL'!B1 -> 444 | G11: =E11/F11 -> 0
A12: ='APAGADOS RADIO'!P3 -> 45088 | B12: ='APAGADOS RADIO'!P2+D12 -> 0 | C12: ='APAGADOS FIBRA'!P2 -> 0 | D12: ='APAGADOS ANTENA'!P2 -> 0 | E12: =B12+C12 -> 0 | F12: ='RESUMEN TOTAL'!B1 -> 444 | G12: =E12/F12 -> 0
A13: ='APAGADOS RADIO'!Q3 -> 45089 | B13: ='APAGADOS RADIO'!Q2+D13 -> 0 | C13: ='APAGADOS FIBRA'!Q2 -> 0 | D13: ='APAGADOS ANTENA'!Q2 -> 0 | E13: =B13+C13 -> 0 | F13: ='RESUMEN TOTAL'!B1 -> 444 | G13: =E13/F13 -> 0
A14: ='APAGADOS RADIO'!R3 -> 45090 | B14: ='APAGADOS RADIO'!R2+D14 -> 0 | C14: ='APAGADOS FIBRA'!R2 -> 0 | D14: ='APAGADOS ANTENA'!R2 -> 0 | E14: =B14+C14 -> 0 | F14: ='RESUMEN TOTAL'!B1 -> 444 | G14: =E14/F14 -> 0
A15: ='APAGADOS RADIO'!S3 -> 45091 | B15: ='APAGADOS RADIO'!S2+D15 -> 0 | C15: ='APAGADOS FIBRA'!S2 -> 0 | D15: ='APAGADOS ANTENA'!S2 -> 0 | E15: =B15+C15 -> 0 | F15: ='RESUMEN TOTAL'!B1 -> 444 | G15: =E15/F15 -> 0
A16: ='APAGADOS RADIO'!T3 -> 45092 | B16: ='APAGADOS RADIO'!T2+D16 -> 0 | C16: ='APAGADOS FIBRA'!T2 -> 0 | D16: ='APAGADOS ANTENA'!T2 -> 0 | E16: =B16+C16 -> 0 | F16: ='RESUMEN TOTAL'!B1 -> 444 | G16: =E16/F16 -> 0
A17: ='APAGADOS RADIO'!U3 -> 45093 | B17: ='APAGADOS RADIO'!U2+D17 -> 0 | C17: ='APAGADOS FIBRA'!U2 -> 0 | D17: ='APAGADOS ANTENA'!U2 -> 0 | E17: =B17+C17 -> 0 | F17: ='RESUMEN TOTAL'!B1 -> 444 | G17: =E17/F17 -> 0
A18: ='APAGADOS RADIO'!V3 -> 45094 | B18: ='APAGADOS RADIO'!V2+D18 -> 0 | C18: ='APAGADOS FIBRA'!V2 -> 0 | D18: ='APAGADOS ANTENA'!V2 -> 0 | E18: =B18+C18 -> 0 | F18: ='RESUMEN TOTAL'!B1 -> 444 | G18: =E18/F18 -> 0
A19: ='APAGADOS RADIO'!W3 -> 45095
A20: ='APAGADOS RADIO'!X3 -> 45096
A21: ='APAGADOS RADIO'!Y3 -> 45097
A22: ='APAGADOS RADIO'!Z3 -> 45098
A23: ='APAGADOS RADIO'!AA3 -> 45099
A24: ='APAGADOS RADIO'!AB3 -> 45100
A25: ='APAGADOS RADIO'!AC3 -> 45101
A26: ='APAGADOS RADIO'!AD3 -> 45102
A27: ='APAGADOS RADIO'!AE3 -> 45103
A28: ='APAGADOS RADIO'!AF3 -> 45104
A29: ='APAGADOS RADIO'!AG3 -> 45105
A30: ='APAGADOS RADIO'!AH3 -> 45106
A31: ='APAGADOS RADIO'!AI3 -> 45107
A32: ='APAGADOS RADIO'!AJ3 -> #REF!

Sheet GRAFICO2

Sheet Hoja1
B1: CAMARAS
A2: BONOMO | B2: =COUNTIFS('RESUMEN TOTAL'!C5:C512,"=BONOMO") -> 236 | F2: 45078 | G2: 45079 | H2: 45080 | I2: 45081 | J2: 45082 | K2: 45083 | L2: 45084 | M2: 45085 | N2: 45086 | O2: 45087 | P2: 45088 | Q2: 45089 | R2: 45090 | S2: 45091 | T2: 45092 | U2: 45093 | V2: 45094 | W2: 45095 | X2: 45096 | Y2: 45097 | Z2: 45098 | AA2: 45099 | AB2: 45100 | AC2: 45101 | AD2: 45102 | AE2: 45103 | AF2: 45104 | AG2: 45105 | AH2: 45106 | AI2: 45107
D3: BONOMO | E3: APAGADAS BONOMO | F3: 29 | G3: =COUNTIFS('RESUMEN TOTAL'!C3:C513, "=BONOMO",'RESUMEN TOTAL'!L3:L513,"=APAGADO") -> 0 | H3: =COUNTIFS('RESUMEN TOTAL'!C7:C513, "=BONOMO",'RESUMEN TOTAL'!M7:M513,"=APAGADO") -> 0 | I3: =COUNTIFS('RESUMEN TOTAL'!C7:C513, "=BONOMO",'RESUMEN TOTAL'!N7:N513,"=APAGADO") -> 0 | J3: =COUNTIFS('RESUMEN TOTAL'!C7:C513, "=BONOMO",'RESUMEN TOTAL'!O7:O513,"=APAGADO") -> 0 | K3: =COUNTIFS('RESUMEN TOTAL'!C7:C513, "=BONOMO",'RESUMEN TOTAL'!P7:P513,"=APAGADO") -> 0 | L3: =COUNTIFS('RESUMEN TOTAL'!C7:C513, "=BONOMO",'RESUMEN TOTAL'!Q7:Q513,"=APAGADO") -> 0 | M3: =COUNTIFS('RESUMEN TOTAL'!C7:C513, "=BONOMO",'RESUMEN TOTAL'!R7:R513,"=APAGADO") -> 0 | N3: =COUNTIFS('RESUMEN TOTAL'!C7:C513, "=BONOMO",'RESUMEN TOTAL'!S7:S513,"=APAGADO") -> 0 | O3: =COUNTIFS('RESUMEN TOTAL'!C7:C513, "=BONOMO",'RESUMEN TOTAL'!T7:T513,"=APAGADO") -> 0 | P3: =COUNTIFS('RESUMEN TOTAL'!C7:C513, "=BONOMO",'RESUMEN TOTAL'!U7:U513,"=APAGADO") -> 0 | Q3: =COUNTIFS('RESUMEN TOTAL'!C7:C513, "=BONOMO",'RESUMEN TOTAL'!V7:V513,"=APAGADO") -> 0 | R3: =COUNTIFS('RESUMEN TOTAL'!C7:C513, "=BONOMO",'RESUMEN TOTAL'!W7:W513,"=APAGADO") -> 0 | S3: =COUNTIFS('RESUMEN TOTAL'!C7:C513, "=BONOMO",'RESUMEN TOTAL'!X7:X513,"=APAGADO") -> 0 | T3: =COUNTIFS('RESUMEN TOTAL'!C7:C513, "=BONOMO",'RESUMEN TOTAL'!Y7:Y513,"=APAGADO") -> 0 | U3: =COUNTIFS('RESUMEN TOTAL'!C7:C513, "=BONOMO",'RESUMEN TOTAL'!Z7:Z513,"=APAGADO") -> 0 | V3: =COUNTIFS('RESUMEN TOTAL'!C7:C513, "=BONOMO",'RESUMEN TOTAL'!AA7:AA513,"=APAGADO") -> 0 | W3: =COUNTIFS('RESUMEN TOTAL'!C7:C513, "=BONOMO",'RESUMEN TOTAL'!AB7:AB513,"=APAGADO") -> 0 | X3: =COUNTIFS('RESUMEN TOTAL'!C7:C513, "=BONOMO",'RESUMEN TOTAL'!AC7:AC513,"=APAGADO") -> 0 | Y3: =COUNTIFS('RESUMEN TOTAL'!C7:C513, "=BONOMO",'RESUMEN TOTAL'!AD7:AD513,"=APAGADO") -> 0 | Z3: =COUNTIFS('RESUMEN TOTAL'!C7:C513, "=BONOMO",'RESUMEN TOTAL'!AE7:AE513,"=APAGADO") -> 0 | AA3: =COUNTIFS('RESUMEN TOTAL'!C7:C513, "=BONOMO",'RESUMEN TOTAL'!AF7:AF513,"=APAGADO") -> 0 | AB3: =COUNTIFS('RESUMEN TOTAL'!C7:C513, "=BONOMO",'RESUMEN TOTAL'!AG7:AG513,"=APAGADO") -> 0 | AC3: =COUNTIFS('RESUMEN TOTAL'!C7:C513, "=BONOMO",'RESUMEN TOTAL'!AH7:AH513,"=APAGADO") -> 0 | AD3: =COUNTIFS('RESUMEN TOTAL'!C7:C513, "=BONOMO",'RESUMEN TOTAL'!AI7:AI513,"=APAGADO") -> 0 | AE3: =COUNTIFS('RESUMEN TOTAL'!C7:C513, "=BONOMO",'RESUMEN TOTAL'!AJ7:AJ513,"=APAGADO") -> 0 | AF3: =COUNTIFS('RESUMEN TOTAL'!C7:C513, "=BONOMO",'RESUMEN TOTAL'!AK7:AK513,"=APAGADO") -> 0 | AG3: =COUNTIFS('RESUMEN TOTAL'!C7:C513, "=BONOMO",'RESUMEN TOTAL'!AL7:AL513,"=APAGADO") -> 0 | AH3: 0 | AI3: 0
A4: COSEIDI | B4: =COUNTIFS('RESUMEN TOTAL'!C5:C512,"=COSEIDI") -> 208 | E4: % BONOMO | F4: =F3/BONOMOcam -> 0.12288136 | G4: =G3/BONOMOcam -> 0 | H4: =H3/BONOMOcam -> 0 | I4: =I3/BONOMOcam -> 0 | J4: =J3/BONOMOcam -> 0 | K4: =K3/BONOMOcam -> 0 | L4: =L3/BONOMOcam -> 0 | M4: =M3/BONOMOcam -> 0 | ... AI4: =AI3/BONOMOcam -> 0
D5: COSEIDI | E5: APAGADAS COSEIDI | F5: 28 | G5: =COUNTIFS('RESUMEN TOTAL'!C3:C509, "=COSEIDI",'RESUMEN TOTAL'!L3:L509,"=APAGADO") -> 0 | H5: =COUNTIFS('RESUMEN TOTAL'!C10:C434, "=COSEIDI",'RESUMEN TOTAL'!M10:M434,"=APAGADO") -> 0 | I5: =COUNTIFS('RESUMEN TOTAL'!C10:C434, "=COSEIDI",'RESUMEN TOTAL'!N10:N434,"=APAGADO") -> 0 | J5: =COUNTIFS('RESUMEN TOTAL'!C10:C434, "=COSEIDI",'RESUMEN TOTAL'!O10:O434,"=APAGADO") -> 0 | K5: =COUNTIFS('RESUMEN TOTAL'!C10:C434, "=COSEIDI",'RESUMEN TOTAL'!P10:P434,"=APAGADO") -> 0 | L5: =COUNTIFS('RESUMEN TOTAL'!C10:C434, "=COSEIDI",'RESUMEN TOTAL'!Q10:Q434,"=APAGADO") -> 0 | M5: =COUNTIFS('RESUMEN TOTAL'!C10:C434, "=COSEIDI",'RESUMEN TOTAL'!R10:R434,"=APAGADO") -> 0 | N5: =COUNTIFS('RESUMEN TOTAL'!C10:C434, "=COSEIDI",'RESUMEN TOTAL'!S10:S434,"=APAGADO") -> 0 | O5: =COUNTIFS('RESUMEN TOTAL'!C10:C434, "=COSEIDI",'RESUMEN TOTAL'!T10:T434,"=APAGADO") -> 0 | P5: =COUNTIFS('RESUMEN TOTAL'!C10:C434, "=COSEIDI",'RESUMEN TOTAL'!U10:U434,"=APAGADO") -> 0 | Q5: =COUNTIFS('RESUMEN TOTAL'!C10:C434, "=COSEIDI",'RESUMEN TOTAL'!V10:V434,"=APAGADO") -> 0 | R5: =COUNTIFS('RESUMEN TOTAL'!C10:C434, "=COSEIDI",'RESUMEN TOTAL'!W10:W434,"=APAGADO") -> 0 | S5: =COUNTIFS('RESUMEN TOTAL'!C10:C434, "=COSEIDI",'RESUMEN TOTAL'!X10:X434,"=APAGADO") -> 0 | T5: =COUNTIFS('RESUMEN TOTAL'!C10:C434, "=COSEIDI",'RESUMEN TOTAL'!Y10:Y434,"=APAGADO") -> 0 | U5: =COUNTIFS('RESUMEN TOTAL'!C10:C434, "=COSEIDI",'RESUMEN TOTAL'!Z10:Z434,"=APAGADO") -> 0 | V5: =COUNTIFS('RESUMEN TOTAL'!C10:C434, "=COSEIDI",'RESUMEN TOTAL'!AA10:AA434,"=APAGADO") -> 0 | W5: =COUNTIFS('RESUMEN TOTAL'!C10:C434, "=COSEIDI",'RESUMEN TOTAL'!AB10:AB434,"=APAGADO") -> 0 | X5: =COUNTIFS('RESUMEN TOTAL'!C10:C509, "=COSEIDI",'RESUMEN TOTAL'!AC10:AC509,"=APAGADO") -> 0 | Y5: =COUNTIFS('RESUMEN TOTAL'!C10:C509, "=COSEIDI",'RESUMEN TOTAL'!AD10:AD509,"=APAGADO") -> 0 | Z5: =COUNTIFS('RESUMEN TOTAL'!C10:C434, "=COSEIDI",'RESUMEN TOTAL'!AE10:AE434,"=APAGADO") -> 0 | AA5: =COUNTIFS('RESUMEN TOTAL'!C10:C434, "=COSEIDI",'RESUMEN TOTAL'!AF10:AF434,"=APAGADO") -> 0 | AB5: =COUNTIFS('RESUMEN TOTAL'!C10:C434, "=COSEIDI",'RESUMEN TOTAL'!AG10:AG434,"=APAGADO") -> 0 | AC5: =COUNTIFS('RESUMEN TOTAL'!C10:C434, "=COSEIDI",'RESUMEN TOTAL'!AH10:AH434,"=APAGADO") -> 0 | AD5: =COUNTIFS('RESUMEN TOTAL'!C10:C434, "=COSEIDI",'RESUMEN TOTAL'!AI10:AI434,"=APAGADO") -> 0 | AE5: =COUNTIFS('RESUMEN TOTAL'!C10:C434, "=COSEIDI",'RESUMEN TOTAL'!AJ10:AJ434,"=APAGADO") -> 0 | AF5: =COUNTIFS('RESUMEN TOTAL'!C10:C434, "=COSEIDI",'RESUMEN TOTAL'!AK10:AK434,"=APAGADO") -> 0 | AG5: =COUNTIFS('RESUMEN TOTAL'!C10:C434, "=COSEIDI",'RESUMEN TOTAL'!AL10:AL434,"=APAGADO") -> 0 | AH5: 0 | AI5: 0
E6: % COSEIDI | F6: =F5/COSEIDIcam -> 0.13461538 | G6: =G5/COSEIDIcam -> 0 | H6: =H5/COSEIDIcam -> 0 | I6: =I5/COSEIDIcam -> 0 | J6: =J5/COSEIDIcam -> 0 | K6: =K5/COSEIDIcam -> 0 | L6: =L5/COSEIDIcam -> 0 | M6: =M5/COSEIDIcam -> 0 | ... AG6: =AG5/COSEIDIcam -> 0
