Workbook
Name _25_de_agosto: 'RESUMEN TOTAL'!$A$4:$D$365
Name _25_de_agosto_3: 'RESUMEN TOTAL'!$A$4:$D$377
Name BONOMOcam: Hoja1!$B$2
Name CANTIDAD_DE_CAMARAS: 'RESUMEN TOTAL'!$B$1
Name COSEIDIcam: Hoja1!$B$4

Sheet RESUMEN TOTAL
A1: CANTIDAD DE CAMARAS | B1: =COUNTA(B5:B533) -> 435 | D1: PORCIENTO DE CAIDAS | K1: =(K3)/(K2+K3) -> 0.31034483 | L1: =(L3)/(L2+L3) -> 0.25977011 | M1: =(M3)/(M2+M3) -> 0.22298851 | N1: =(N3)/(N2+N3) -> 0.2183908 | O1: =(O3)/(O2+O3) -> 0 | P1: =(P3)/(P2+P3) -> 0 | Q1: =(Q3)/(Q2+Q3) -> 0 | R1: =(R3)/(R2+R3) -> 0 | ... AN1: =(AN3)/(AN2+AN3) -> 0
D2: FUNCIONAN | K2: =B1-K3 -> 300 | L2: =CANTIDAD_DE_CAMARAS-L3 -> 322 | M2: =CANTIDAD_DE_CAMARAS-M3 -> 338 | N2: =CANTIDAD_DE_CAMARAS-N3 -> 340 | O2: =CANTIDAD_DE_CAMARAS-O3 -> 435 | P2: =CANTIDAD_DE_CAMARAS-P3 -> 435 | Q2: =CANTIDAD_DE_CAMARAS-Q3 -> 435 | R2: =CANTIDAD_DE_CAMARAS-R3 -> 435 | S2: =CANTIDAD_DE_CAMARAS-S3 -> 435 | ... AN2: =CANTIDAD_DE_CAMARAS-AN3 -> 435
D3: CAIDAS | K3: =COUNTIF(K4:K453, "apagado") -> 135 | L3: =COUNTIF(L4:L453, "apagado") -> 113 | M3: =COUNTIF(M4:M453, "apagado") -> 97 | N3: =COUNTIF(N4:N453, "apagado") -> 95 | O3: =COUNTIF(O4:O453, "apagado") -> 0 | P3: =COUNTIF(P4:P453, "apagado") -> 0 | Q3: =COUNTIF(Q4:Q453, "apagado") -> 0 | R3: =COUNTIF(R4:R453, "apagado") -> 0 | ... AN3: =COUNTIF(AN4:AN453, "apagado") -> 0
A4: Barrio | B4: [Denominacion] | C4: [Empresa Mantenimiento] | D4: [Ubicacion] | E4: [Tipo de Camara] | F4: [Tipo de Conexion] | H4: DIAS FUNCIONANDO | I4: DIAS CAIDA | J4: EFECTIVIDAD | K4: 44896 | L4: 44897 | M4: 44898 | N4: 44899 | O4: 44900 | P4: 44901 | Q4: 44902 | R4: 44903 | S4: 44904 | T4: 44905 | U4: 44906 | V4: 44907 | W4: 44908 | X4: 44909 | Y4: 44910 | Z4: 44911 | AA4: 44912 | AB4: 44913 | AC4: 44914 | AD4: 44915 | AE4: 44916 | AF4: 44917 | AG4: 44918 | AH4: 44919 | AI4: 44920 | AJ4: 44921 | AK4: 44922 | AL4: 44923 | AM4: 44924 | AN4: 44925 | AO4: 44926
A5: ALTAMIRA | B5: ALT01 | C5: BONOMO | D5: Calchaqui y Sgto. Cabral | E5: Domo | F5: Fibra Optica | G5: 172.20.10.6 | H5: =COUNTIF(K5:AO5,"") -> 27 | I5: =COUNTIF(K5:AL5,"APAGADO") -> 4 | J5: =(H5)/(I5+H5) -> 0.87096774 | K5: APAGADO | L5: APAGADO | M5: APAGADO | N5: APAGADO
A6: ALTAMIRA | B6: ALT02 | C6: BONOMO | D6: Calchaqui y Lope de Vega | E6: Domo | F6: PTO A FO | G6: 172.20.12.218 | H6: =COUNTIF(K6:AO6,"") -> 27 | I6: =COUNTIF(K6:AL6,"APAGADO") -> 4 | J6: =(H6)/(I6+H6) -> 0.87096774 | K6: APAGADO | L6: APAGADO | M6: APAGADO | N6: APAGADO
A7: ALTAMIRA | B7: ALT 03 | C7: BONOMO | D7: Bombero Galarza y Necochea | E7: Domo | F7: FIBRA OPTICA | G7: 172.20.12.54 | H7: =COUNTIF(K7:AO7,"") -> 27 | I7: =COUNTIF(K7:AL7,"APAGADO") -> 4 | J7: =(H7)/(I7+H7) -> 0.87096774 | K7: APAGADO | L7: APAGADO | M7: APAGADO | N7: APAGADO
A8: ALTAMIRA | B8: ALT 04 | C8: BONOMO | D8: Francia y Necochea | E8: Domo | F8: FIBRA OPTICA | G8: 172.20.12.55 | H8: =COUNTIF(K8:AO8,"") -> 27 | I8: =COUNTIF(K8:AL8,"APAGADO") -> 4 | J8: =(H8)/(I8+H8) -> 0.87096774 | K8: APAGADO | L8: APAGADO | M8: APAGADO | N8: APAGADO
A9: ALTAMIRA | B9: ALT05 | C9: BONOMO | D9: Av. Calchaqui y Bombero Galarza | E9: Domo | F9: PTO A FO | G9: 172.20.12.216 | H9: =COUNTIF(K9:AO9,"") -> 27 | I9: =COUNTIF(K9:AL9,"APAGADO") -> 4 | J9: =(H9)/(I9+H9) -> 0.87096774 | K9: APAGADO | L9: APAGADO | M9: APAGADO | N9: APAGADO
A10: ALTAMIRA | B10: ALT 06 | C10: BONOMO | D10: LOPE DE VEGA Y NECOCHEA | E10: Domo | F10: PTO A FO | G10: 172.20.12.12 | H10: =COUNTIF(K10:AO10,"") -> 27 | I10: =COUNTIF(K10:AL10,"APAGADO") -> 4 | J10: =(H10)/(I10+H10) -> 0.87096774 | K10: APAGADO | L10: APAGADO | M10: APAGADO | N10: APAGADO
A11: ALTAMIRA | B11: ALT07 | C11: BONOMO | D11: AV. CALCHAQUI Y AV. DEL TRABAJO | E11: DOMO | F11: PTO A FO | G11: 172.20.10.57 | H11: =COUNTIF(K11:AO11,"") -> 27 | I11: =COUNTIF(K11:AL11,"APAGADO") -> 4 | J11: =(H11)/(I11+H11) -> 0.87096774 | K11: APAGADO | L11: APAGADO | M11: APAGADO | N11: APAGADO
A12: ALTAMIRA | B12: ALT 08 | C12: BONOMO | D12: HUMAITA Y NECOCHEA | E12: DOMO | F12: Fibra Optica | G12: 172.20.11.215 | H12: =COUNTIF(K12:AO12,"") -> 27 | I12: =COUNTIF(K12:AL12,"APAGADO") -> 4 | J12: =(H12)/(I12+H12) -> 0.87096774 | K12: APAGADO | L12: APAGADO | M12: APAGADO | N12: APAGADO
A13: ALTAMIRA | B13: ALT 09 | C13: BONOMO | D13: NECOCHEA Y CURUPAITY | E13: DOMO | F13: Fibra Optica | G13: 172.20.11.216 | H13: =COUNTIF(K13:AO13,"") -> 27 | I13: =COUNTIF(K13:AL13,"APAGADO") -> 4 | J13: =(H13)/(I13+H13) -> 0.87096774 | K13: APAGADO | L13: APAGADO | M13: APAGADO | N13: APAGADO
A14: ALTAMIRA | B14: ALT 10 | C14: BONOMO | D14: Calchaqui y Francia | E14: Domo | F14: Radio | H14: =COUNTIF(K14:AO14,"") -> 27 | I14: =COUNTIF(K14:AL14,"APAGADO") -> 4 | J14: =(H14)/(I14+H14) -> 0.87096774 | K14: APAGADO | L14: APAGADO | M14: APAGADO | N14: APAGADO
A15: AGUSTIN RAMIREZ | B15: ARA 01 | C15: COSEIDI | D15: Malambo y Tranquera | E15: Domo | F15: FIBRA OPTICA | G15: 172.20.12.110 | H15: =COUNTIF(K15:AO15,"") -> 31 | I15: =COUNTIF(K15:AL15,"APAGADO") -> 0 | J15: =(H15)/(I15+H15) -> 1
A16: BELGRANO | B16: BEL 01 | C16: BONOMO | D16: San Martin y Dardo Rocha | E16: DOMO | F16: FIBRA OPTICA | G16: 172.20.12.64 | H16: =COUNTIF(K16:AO16,"") -> 28 | I16: =COUNTIF(K16:AL16,"APAGADO") -> 3 | J16: =(H16)/(I16+H16) -> 0.90322581 | K16: APAGADO | L16: APAGADO | M16: APAGADO
A17: BOSQUES CENTRO | B17: BOSQC 01 | C17: COSEIDI | D17: LUIS AGOTE E/DANUNCIO Y CAMPOAMOR | E17: Fija | F17: Radio | G17: 172.20.11.15 | H17: =COUNTIF(K17:AO17,"") -> 27 | I17: =COUNTIF(K17:AL17,"APAGADO") -> 4 | J17: =(H17)/(I17+H17) -> 0.87096774 | K17: APAGADO | L17: APAGADO | M17: APAGADO | N17: APAGADO
A18: BOSQUES CENTRO | B18: BOSQC 02 | C18: COSEIDI | D18: LUIS AGOTE E/DANUNCIO Y CAMPOAMOR | E18: Fija | F18: Radio | G18: 172.20.11.16 | H18: =COUNTIF(K18:AO18,"") -> 27 | I18: =COUNTIF(K18:AL18,"APAGADO") -> 4 | J18: =(H18)/(I18+H18) -> 0.87096774 | K18: APAGADO | L18: APAGADO | M18: APAGADO | N18: APAGADO
A19: BOSQUES CENTRO | B19: BOSQC 03 | C19: COSEIDI | D19: BENAVENTE Y LUIS AGOTE | E19: Fija | F19: Radio | G19: 172.20.11.13 | H19: =COUNTIF(K19:AO19,"") -> 27 | I19: =COUNTIF(K19:AL19,"APAGADO") -> 4 | J19: =(H19)/(I19+H19) -> 0.87096774 | K19: APAGADO | L19: APAGADO | M19: APAGADO | N19: APAGADO
A20: BOSQUES CENTRO | B20: BOSQC 04 | C20: COSEIDI | D20: BENAVENTE Y LUIS AGOTE | E20: Fija | F20: Radio | G20: 172.20.11.113 | H20: =COUNTIF(K20:AO20,"") -> 27 | I20: =COUNTIF(K20:AL20,"APAGADO") -> 4 | J20: =(H20)/(I20+H20) -> 0.87096774 | K20: APAGADO | L20: APAGADO | M20: APAGADO | N20: APAGADO
A21: BOSQUES CENTRO | B21: BOSQC 05 | C21: COSEIDI | D21: LUIS AGOTE Y RUTA 36 | E21: Fija | F21: Radio | G21: 172.20.11.17 | H21: =COUNTIF(K21:AO21,"") -> 27 | I21: =COUNTIF(K21:AL21,"APAGADO") -> 4 | J21: =(H21)/(I21+H21) -> 0.87096774 | K21: APAGADO | L21: APAGADO | M21: APAGADO | N21: APAGADO
A22: BOSQUES CENTRO | B22: BOSQC 06 | C22: COSEIDI | D22: LUIS AGOTE Y RUTA 36 | E22: Fija | F22: Radio | G22: 172.20.11.18 | H22: =COUNTIF(K22:AO22,"") -> 27 | I22: =COUNTIF(K22:AL22,"APAGADO") -> 4 | J22: =(H22)/(I22+H22) -> 0.87096774 | K22: APAGADO | L22: APAGADO | M22: APAGADO | N22: APAGADO
A23: CENTRO | B23: CEN01 | C23: BONOMO | D23: San Martin y 9 de Julio | E23: Fija | F23: Fibra Optica | G23: 172.20.11.10 | H23: =COUNTIF(K23:AO23,"") -> 31 | I23: =COUNTIF(K23:AL23,"APAGADO") -> 0 | J23: =(H23)/(I23+H23) -> 1
A24: CENTRO | B24: CEN02 | C24: BONOMO | D24: San Martin y Almafuerte | E24: Fija | F24: Fibra Optica | G24: 172.20.11.11 | H24: =COUNTIF(K24:AO24,"") -> 31 | I24: =COUNTIF(K24:AL24,"APAGADO") -> 0 | J24: =(H24)/(I24+H24) -> 1
A25: CENTRO | B25: CEN03 | C25: BONOMO | D25: San Martin y Sallares | E25: Domo | F25: Fibra Optica | G25: 172.20.12.30 | H25: =COUNTIF(K25:AO25,"") -> 31 | I25: =COUNTIF(K25:AL25,"APAGADO") -> 0 | J25: =(H25)/(I25+H25) -> 1
A26: CENTRO | B26: CEN04 | C26: BONOMO | D26: San Martin y Contreras | E26: Domo | F26: Fibra Optica | G26: 172.20.12.29 | H26: =COUNTIF(K26:AO26,"") -> 31 | I26: =COUNTIF(K26:AL26,"APAGADO") -> 0 | J26: =(H26)/(I26+H26) -> 1
A27: CENTRO | B27: CEN 05 | C27: BONOMO | D27: Bocuzzi e/España y San Martin | E27: DOMO | F27: Fibra Optica | G27: 172.20.10.200 | H27: =COUNTIF(K27:AO27,"") -> 29 | I27: =COUNTIF(K27:AL27,"APAGADO") -> 2 | J27: =(H27)/(I27+H27) -> 0.93548387 | K27: APAGADO | L27: APAGADO
A28: CENTRO | B28: CEN06 | C28: BONOMO | D28: Monteagudo y A.del Valle | E28: Fija | F28: Fibra Optica | G28: 172.20.10.02 | H28: =COUNTIF(K28:AO28,"") -> 31 | I28: =COUNTIF(K28:AL28,"APAGADO") -> 0 | J28: =(H28)/(I28+H28) -> 1
A29: CENTRO | B29: CEN07 | C29: BONOMO | D29: San Martin y Guemes | E29: DOMO | F29: Fibra Optica | G29: 172.20.11.20 | H29: =COUNTIF(K29:AO29,"") -> 31 | I29: =COUNTIF(K29:AL29,"APAGADO") -> 0 | J29: =(H29)/(I29+H29) -> 1
A30: CENTRO | B30: CEN08 | C30: BONOMO | D30: San Martin y Pte.Peron | E30: Domo | F30: Fibra Optica | G30: 172.20.11.21 | H30: =COUNTIF(K30:AO30,"") -> 31 | I30: =COUNTIF(K30:AL30,"APAGADO") -> 0 | J30: =(H30)/(I30+H30) -> 1
A31: CENTRO | B31: CEN09 | C31: BONOMO | D31: Chacabuco y 25 de Mayo | E31: Domo | F31: Fibra Optica | G31: 172.20.11.22 | H31: =COUNTIF(K31:AO31,"") -> 31 | I31: =COUNTIF(K31:AL31,"APAGADO") -> 0 | J31: =(H31)/(I31+H31) -> 1
A32: CENTRO | B32: CEN10 | C32: BONOMO | D32: Monteagudo y Pte. Peron | E32: Domo | F32: Fibra Optica | G32: 172.20.11.23 | H32: =COUNTIF(K32:AO32,"") -> 31 | I32: =COUNTIF(K32:AL32,"APAGADO") -> 0 | J32: =(H32)/(I32+H32) -> 1
A33: CENTRO | B33: CEN11 | C33: BONOMO | D33: Monteagudo y Bocuzzi | E33: Domo | F33: Fibra Optica | G33: 172.20.10.24 | H33: =COUNTIF(K33:AO33,"") -> 31 | I33: =COUNTIF(K33:AL33,"APAGADO") -> 0 | J33: =(H33)/(I33+H33) -> 1
A34: CENTRO | B34: CEN 12 | C34: BONOMO | D34: Monteagudo y Mitre | E34: Domo | F34: Fibra Optica | G34: 172.20.10.23 | H34: =COUNTIF(K34:AO34,"") -> 27 | I34: =COUNTIF(K34:AL34,"APAGADO") -> 4 | J34: =(H34)/(I34+H34) -> 0.87096774 | K34: APAGADO | L34: APAGADO | M34: APAGADO | N34: APAGADO
A35: CENTRO | B35: CEN 13 | C35: BONOMO | D35: 25 de Mayo y Maipu | E35: DOMO | F35: Fibra Optica | G35: 172.20.10.20 | H35: =COUNTIF(K35:AO35,"") -> 31 | I35: =COUNTIF(K35:AL35,"APAGADO") -> 0 | J35: =(H35)/(I35+H35) -> 1
A36: CENTRO | B36: CEN14 | C36: BONOMO | D36: Pte.Peron e/Pringles y Brown | E36: Domo | F36: Fibra Optica | G36: 172.20.10.21 | H36: =COUNTIF(K36:AO36,"") -> 31 | I36: =COUNTIF(K36:AL36,"APAGADO") -> 0 | J36: =(H36)/(I36+H36) -> 1
A37: CENTRO | B37: CEN15 | C37: BONOMO | D37: Alberdi y A.del Valle | E37: Domo | F37: Fibra Optica | G37: 172.20.10.35 | H37: =COUNTIF(K37:AO37,"") -> 31 | I37: =COUNTIF(K37:AL37,"APAGADO") -> 0 | J37: =(H37)/(I37+H37) -> 1
A38: CENTRO | B38: CEN16 | C38: BONOMO | D38: San Martin y Pte. Peron | E38: Fija | F38: Fibra Optica | G38: 172.20.12.36 | H38: =COUNTIF(K38:AO38,"") -> 31 | I38: =COUNTIF(K38:AL38,"APAGADO") -> 0 | J38: =(H38)/(I38+H38) -> 1
A39: CENTRO | B39: CEN17 | C39: BONOMO | D39: San Martin y Mitre | E39: Domo | F39: PTO A FO | G39: 172.20.12.200 | H39: =COUNTIF(K39:AO39,"") -> 31 | I39: =COUNTIF(K39:AL39,"APAGADO") -> 0 | J39: =(H39)/(I39+H39) -> 1
A40: CENTRO | B40: CEN18 | C40: BONOMO | D40: Monteagudo e/Mitre y Sallares | E40: Fija | F40: Fibra Optica | G40: 172.20.10.26 | H40: =COUNTIF(K40:AO40,"") -> 27 | I40: =COUNTIF(K40:AL40,"APAGADO") -> 4 | J40: =(H40)/(I40+H40) -> 0.87096774 | K40: APAGADO | L40: APAGADO | M40: APAGADO | N40: APAGADO
A41: CENTRO | B41: CEN19 | C41: BONOMO | D41: Chacabuco y 25 de Mayo | E41: Fija | F41: Fibra Optica | G41: 172.20.10.27 | H41: =COUNTIF(K41:AO41,"") -> 31 | I41: =COUNTIF(K41:AL41,"APAGADO") -> 0 | J41: =(H41)/(I41+H41) -> 1
A42: LOMAS DE MONTEVERDE | B42: CEN20 | C42: BONOMO | D42: Pte. Illia y Las Heras | E42: Domo | F42: Fibra Optica | G42: 172.20.10.33 | H42: =COUNTIF(K42:AO42,"") -> 31 | I42: =COUNTIF(K42:AL42,"APAGADO") -> 0 | J42: =(H42)/(I42+H42) -> 1
A43: CENTRO | B43: CEN21 | C43: BONOMO | D43: Misiones y Urquiza | E43: Fija | F43: Radio | G43: 172.20.200.132 | H43: =COUNTIF(K43:AO43,"") -> 31 | I43: =COUNTIF(K43:AL43,"APAGADO") -> 0 | J43: =(H43)/(I43+H43) -> 1
A44: CENTRO | B44: CEN22 | C44: BONOMO | D44: Las Heras y Chacabuco | E44: Domo | F44: Radio | G44: 172.20.200.125 | H44: =COUNTIF(K44:AO44,"") -> 31 | I44: =COUNTIF(K44:AL44,"APAGADO") -> 0 | J44: =(H44)/(I44+H44) -> 1
A45: CENTRO | B45: CEN23 | C45: BONOMO | D45: Sallares y Monteagudo | E45: Domo | F45: Fibra Optica | G45: 172.20.12.05 | H45: =COUNTIF(K45:AO45,"") -> 31 | I45: =COUNTIF(K45:AL45,"APAGADO") -> 0 | J45: =(H45)/(I45+H45) -> 1
A46: CENTRO | B46: CEN24 | C46: BONOMO | D46: Sallares y España | E46: Domo | F46: Fibra Optica | G46: 172.20.12.04 | H46: =COUNTIF(K46:AO46,"") -> 31 | I46: =COUNTIF(K46:AL46,"APAGADO") -> 0 | J46: =(H46)/(I46+H46) -> 1
A47: CENTRO | B47: CEN25 | C47: BONOMO | D47: SAN MARTIN Y 9 DE JULIO | E47: Domo | F47: Fibra Optica | G47: 172.20.12.02 | H47: =COUNTIF(K47:AO47,"") -> 31 | I47: =COUNTIF(K47:AL47,"APAGADO") -> 0 | J47: =(H47)/(I47+H47) -> 1
A48: CENTRO | B48: CEN26 | C48: BONOMO | D48: Mitre y España | E48: Domo | F48: Fibra Optica | G48: 172.20.12.06 | H48: =COUNTIF(K48:AO48,"") -> 27 | I48: =COUNTIF(K48:AL48,"APAGADO") -> 4 | J48: =(H48)/(I48+H48) -> 0.87096774 | K48: APAGADO | L48: APAGADO | M48: APAGADO | N48: APAGADO
A49: CENTRO | B49: CEN27 | C49: BONOMO | D49: San Juan y España | E49: Domo | F49: Fibra Optica | G49: 172.20.12.37 | H49: =COUNTIF(K49:AO49,"") -> 31 | I49: =COUNTIF(K49:AL49,"APAGADO") -> 0 | J49: =(H49)/(I49+H49) -> 1
A50: CENTRO | B50: CEN28 | C50: BONOMO | D50: Mitre y Alberdi | E50: Domo | F50: Fibra Optica | G50: 172.20.12.38 | H50: =COUNTIF(K50:AO50,"") -> 27 | I50: =COUNTIF(K50:AL50,"APAGADO") -> 4 | J50: =(H50)/(I50+H50) -> 0.87096774 | K50: APAGADO | L50: APAGADO | M50: APAGADO | N50: APAGADO
A51: CENTRO | B51: CEN29 | C51: BONOMO | D51: Alberdi y San Juan | E51: Domo | F51: Fibra Optica | G51: 172.20.12.40 | H51: =COUNTIF(K51:AO51,"") -> 31 | I51: =COUNTIF(K51:AL51,"APAGADO") -> 0 | J51: =(H51)/(I51+H51) -> 1
A52: CENTRO | B52: CEN30 | C52: BONOMO | D52: Mitre y Pringles | E52: Domo | F52: Fibra Optica | G52: 172.20.12.39 | H52: =COUNTIF(K52:AO52,"") -> 27 | I52: =COUNTIF(K52:AL52,"APAGADO") -> 4 | J52: =(H52)/(I52+H52) -> 0.87096774 | K52: APAGADO | L52: APAGADO | M52: APAGADO | N52: APAGADO
A53: CENTRO | B53: CEN31 | C53: BONOMO | D53: Mitre e/Monteagudo y Alberdi | E53: Domo | F53: Fibra Optica | G53: 172.20.12.41 | H53: =COUNTIF(K53:AO53,"") -> 27 | I53: =COUNTIF(K53:AL53,"APAGADO") -> 4 | J53: =(H53)/(I53+H53) -> 0.87096774 | K53: APAGADO | L53: APAGADO | M53: APAGADO | N53: APAGADO
A54: CENTRO | B54: CEN32 | C54: BONOMO | D54: Aristobulo del Valle y España | E54: Domo | F54: Fibra Optica | G54: 172.20.12.42 | H54: =COUNTIF(K54:AO54,"") -> 31 | I54: =COUNTIF(K54:AL54,"APAGADO") -> 0 | J54: =(H54)/(I54+H54) -> 1
A55: CENTRO | B55: CEN33 | C55: BONOMO | D55: Peron y Alberdi | E55: Domo | F55: Fibra Optica | G55: 172.20.12.47 | H55: =COUNTIF(K55:AO55,"") -> 31 | I55: =COUNTIF(K55:AL55,"APAGADO") -> 0 | J55: =(H55)/(I55+H55) -> 1
A56: CENTRO | B56: CEN34 | C56: BONOMO | D56: Peron y España | E56: Domo | F56: Fibra Optica | G56: 172.20.12.49 | H56: =COUNTIF(K56:AO56,"") -> 27 | I56: =COUNTIF(K56:AL56,"APAGADO") -> 4 | J56: =(H56)/(I56+H56) -> 0.87096774 | K56: APAGADO | L56: APAGADO | M56: APAGADO | N56: APAGADO
A57: CENTRO | B57: CEN35 | C57: BONOMO | D57: España y Marmol | E57: Domo | F57: Fibra Optica | G57: 172.20.12.50 | H57: =COUNTIF(K57:AO57,"") -> 31 | I57: =COUNTIF(K57:AL57,"APAGADO") -> 0 | J57: =(H57)/(I57+H57) -> 1
A58: CENTRO | B58: CEN36 | C58: BONOMO | D58: España y 9 de Julio | E58: Domo | F58: Fibra Optica | G58: 172.20.12.51 | H58: =COUNTIF(K58:AO58,"") -> 31 | I58: =COUNTIF(K58:AL58,"APAGADO") -> 0 | J58: =(H58)/(I58+H58) -> 1
A59: CENTRO | B59: CEN 37 | C59: BONOMO | D59: Diagonal Granaderos y Monteagudo | E59: Domo | F59: Fibra Optica | G59: 172.20.12.52 | H59: =COUNTIF(K59:AO59,"") -> 31 | I59: =COUNTIF(K59:AL59,"APAGADO") -> 0 | J59: =(H59)/(I59+H59) -> 1
A60: CENTRO | B60: CEN38 | C60: BONOMO | D60: Diagonal Constituyentes y Almafuerte | E60: Domo | F60: Fibra Optica | G60: 172.20.12.53 | H60: =COUNTIF(K60:AO60,"") -> 31 | I60: =COUNTIF(K60:AL60,"APAGADO") -> 0 | J60: =(H60)/(I60+H60) -> 1
A61: CENTRO | B61: CEN39 | C61: BONOMO | D61: San Martin y Alem | E61: Domo | F61: Fibra Optica | G61: 172.20.12.56 | H61: =COUNTIF(K61:AO61,"") -> 27 | I61: =COUNTIF(K61:AL61,"APAGADO") -> 4 | J61: =(H61)/(I61+H61) -> 0.87096774 | K61: APAGADO | L61: APAGADO | M61: APAGADO | N61: APAGADO
A62: CENTRO | B62: CEN40 | C62: BONOMO | D62: Contreras y Monteagudo | E62: Domo | F62: Fibra Optica | G62: 172.20.12.57 | H62: =COUNTIF(K62:AO62,"") -> 31 | I62: =COUNTIF(K62:AL62,"APAGADO") -> 0 | J62: =(H62)/(I62+H62) -> 1
A63: CENTRO | B63: CEN41 | C63: BONOMO | D63: Contreras y Alberdi | E63: Domo | F63: Fibra Optica | G63: 172.20.12.58 | H63: =COUNTIF(K63:AO63,"") -> 31 | I63: =COUNTIF(K63:AL63,"APAGADO") -> 0 | J63: =(H63)/(I63+H63) -> 1
A64: CENTRO | B64: CEN42 | C64: BONOMO | D64: Diagonal Constituyentes y Alem | E64: Domo | F64: Fibra Optica | G64: 172.20.12.59 | H64: =COUNTIF(K64:AO64,"") -> 31 | I64: =COUNTIF(K64:AL64,"APAGADO") -> 0 | J64: =(H64)/(I64+H64) -> 1
A65: CENTRO | B65: CEN43 | C65: BONOMO | D65: Sallares y Alberdi | E65: Domo | F65: Fibra Optica | G65: 172.20.12.61 | H65: =COUNTIF(K65:AO65,"") -> 31 | I65: =COUNTIF(K65:AL65,"APAGADO") -> 0 | J65: =(H65)/(I65+H65) -> 1
A66: CENTRO | B66: CEN44 | C66: BONOMO | D66: Mitre y Brown | E66: Domo | F66: Fibra Optica | G66: 172.20.12.62 | H66: =COUNTIF(K66:AO66,"") -> 31 | I66: =COUNTIF(K66:AL66,"APAGADO") -> 0 | J66: =(H66)/(I66+H66) -> 1
A67: CENTRO | B67: CEN45 (fija 1) | C67: BONOMO | D67: EEUU Y MORENO | E67: Fija | F67: Fibra Optica | G67: 172.20.11.74 | H67: =COUNTIF(K67:AO67,"") -> 31 | I67: =COUNTIF(K67:AL67,"APAGADO") -> 0 | J67: =(H67)/(I67+H67) -> 1
A68: CENTRO | B68: CEN46 (fija 2) | C68: BONOMO | D68: EEUU Y MORENO | E68: Fija | F68: Fibra Optica | G68: 172.20.11.75 | H68: =COUNTIF(K68:AO68,"") -> 31 | I68: =COUNTIF(K68:AL68,"APAGADO") -> 0 | J68: =(H68)/(I68+H68) -> 1
A69: CENTRO | B69: CEN47 | C69: BONOMO | D69: Sallares y Brown | E69: Domo | F69: Fibra Optica | G69: 172.20.12.65 | H69: =COUNTIF(K69:AO69,"") -> 31 | I69: =COUNTIF(K69:AL69,"APAGADO") -> 0 | J69: =(H69)/(I69+H69) -> 1
A70: CENTRO | B70: CEN48 | C70: BONOMO | D70: Velez Sarsfield y Las Heras | E70: Domo | F70: Radio | G70: 172.20.200.181 | H70: =COUNTIF(K70:AO70,"") -> 31 | I70: =COUNTIF(K70:AL70,"APAGADO") -> 0 | J70: =(H70)/(I70+H70) -> 1
A71: CENTRO | B71: CEN49 | C71: BONOMO | D71: Av. San Martin y Florencio Sanchez | E71: Domo | F71: Radio | G71: 172.20.200.182 | H71: =COUNTIF(K71:AO71,"") -> 31 | I71: =COUNTIF(K71:AL71,"APAGADO") -> 0 | J71: =(H71)/(I71+H71) -> 1
A72: CENTRO | B72: CEN 50 | C72: BONOMO | D72: Av. San Martin y Newbery | E72: Domo | F72: Radio | G72: 172.20.200.184 | H72: =COUNTIF(K72:AO72,"") -> 30 | I72: =COUNTIF(K72:AL72,"APAGADO") -> 1 | J72: =(H72)/(I72+H72) -> 0.96774194 | K72: APAGADO
A73: CENTRO | B73: CEN 51 | C73: BONOMO | D73: ILLIA Y LAS HERAS | E73: FIJA | F73: Fibra Optica | G73: 172.20.11.29 | H73: =COUNTIF(K73:AO73,"") -> 31 | I73: =COUNTIF(K73:AL73,"APAGADO") -> 0 | J73: =(H73)/(I73+H73) -> 1
A74: CENTRO | B74: CEN52 | C74: BONOMO | D74: San Martin y Almafuerte (ex San Martin y Dorrego) | E74: DOMO | F74: Radio | G74: 172.20.200.191 | H74: =COUNTIF(K74:AO74,"") -> 31 | I74: =COUNTIF(K74:AL74,"APAGADO") -> 0 | J74: =(H74)/(I74+H74) -> 1
A75: CENTRO | B75: CEN 53 | C75: BONOMO | D75: GUTIERREZ Y BROWN | E75: Domo | F75: Radio | G75: 172.20.200.166 | H75: =COUNTIF(K75:AO75,"") -> 27 | I75: =COUNTIF(K75:AL75,"APAGADO") -> 4 | J75: =(H75)/(I75+H75) -> 0.87096774 | K75: APAGADO | L75: APAGADO | M75: APAGADO | N75: APAGADO
A76: CENTRO | B76: CEN 54 | C76: BONOMO | D76: GUTIERREZ Y PRINGLES | E76: Domo | F76: Radio | G76: 172.20.200.165 | H76: =COUNTIF(K76:AO76,"") -> 30 | I76: =COUNTIF(K76:AL76,"APAGADO") -> 1 | J76: =(H76)/(I76+H76) -> 0.96774194 | K76: APAGADO
A77: CENTRO | B77: CEN 55 | C77: BONOMO | D77: BOUREL Y URQUIZA | E77: Domo | F77: Radio | G77: 172.20.200.163 | H77: =COUNTIF(K77:AO77,"") -> 27 | I77: =COUNTIF(K77:AL77,"APAGADO") -> 4 | J77: =(H77)/(I77+H77) -> 0.87096774 | K77: APAGADO | L77: APAGADO | M77: APAGADO | N77: APAGADO
A78: CENTRO | B78: CEN 56 | C78: BONOMO | D78: Newbery y Falucho | E78: DOMO | F78: Radio | G78: 172.20.200.161 | H78: =COUNTIF(K78:AO78,"") -> 31 | I78: =COUNTIF(K78:AL78,"APAGADO") -> 0 | J78: =(H78)/(I78+H78) -> 1
A79: CENTRO | B79: CEN 57 | C79: BONOMO | D79: 25 DE MAYO Y DORREGO | E79: DOMO | F79: Radio | G79: 172.20.200.199 | H79: =COUNTIF(K79:AO79,"") -> 31 | I79: =COUNTIF(K79:AL79,"APAGADO") -> 0 | J79: =(H79)/(I79+H79) -> 1
A80: CENTRO | B80: CEN 58 | C80: BONOMO | D80: EEUU Y MORENO | E80: DOMO | F80: FIBRA OPTICA | G80: 172.20.11.84 | H80: =COUNTIF(K80:AO80,"") -> 31 | I80: =COUNTIF(K80:AL80,"APAGADO") -> 0 | J80: =(H80)/(I80+H80) -> 1
A81: CENTRO | B81: CEN59 | C81: BONOMO | D81: CHACABUCO Y BOUREL | E81: DOMO | F81: Radio | G81: 172.20.200.188 | H81: =COUNTIF(K81:AO81,"") -> 31 | I81: =COUNTIF(K81:AL81,"APAGADO") -> 0 | J81: =(H81)/(I81+H81) -> 1
A82: CENTRO | B82: CEN 60 | C82: BONOMO | D82: RECONQUISTA Y ILLIA | E82: DOMO | F82: PTO A FO | G82: 172.20.12.67 | H82: =COUNTIF(K82:AO82,"") -> 31 | I82: =COUNTIF(K82:AL82,"APAGADO") -> 0 | J82: =(H82)/(I82+H82) -> 1
A83: CENTRO | B83: CEN 61 | C83: BONOMO | D83: BOUREL Y MAIPU | E83: DOMO | F83: Radio | G83: 172.20.200.159 | H83: =COUNTIF(K83:AO83,"") -> 27 | I83: =COUNTIF(K83:AL83,"APAGADO") -> 4 | J83: =(H83)/(I83+H83) -> 0.87096774 | K83: APAGADO | L83: APAGADO | M83: APAGADO | N83: APAGADO
A84: CENTRO | B84: CEN62 | C84: BONOMO | D84: ESPAÑA Y ALEM | E84: DOMO | F84: PTO A FO | G84: 172.20.12.82 | H84: =COUNTIF(K84:AO84,"") -> 27 | I84: =COUNTIF(K84:AL84,"APAGADO") -> 4 | J84: =(H84)/(I84+H84) -> 0.87096774 | K84: APAGADO | L84: APAGADO | M84: APAGADO | N84: APAGADO
A85: CENTRO | B85: CEN63 | C85: BONOMO | D85: SAN MARTIN Y URQUIZA | E85: DOMO | F85: Fibra Optica | G85: 172.20.11.112 | H85: =COUNTIF(K85:AO85,"") -> 31 | I85: =COUNTIF(K85:AL85,"APAGADO") -> 0 | J85: =(H85)/(I85+H85) -> 1
A86: CENTRO | B86: CEN64 | C86: BONOMO | D86: SAN MARTIN Y BOCCUZZI | E86: FIJA | F86: Fibra Optica | G86: 172.20.11.134 | H86: =COUNTIF(K86:AO86,"") -> 29 | I86: =COUNTIF(K86:AL86,"APAGADO") -> 2 | J86: =(H86)/(I86+H86) -> 0.93548387 | K86: APAGADO | L86: APAGADO
A87: CENTRO | B87: CEN 65 | C87: BONOMO | D87: SAN MARTIN Y JUAN PERON | E87: FIJA | F87: Fibra Optica | G87: 172.20.11.135 | H87: =COUNTIF(K87:AO87,"") -> 31 | I87: =COUNTIF(K87:AL87,"APAGADO") -> 0 | J87: =(H87)/(I87+H87) -> 1
A88: CENTRO | B88: CEN66 | C88: BONOMO | D88: SAN MARTIN Y JUAN PERON | E88: FIJA | F88: Fibra Optica | G88: 172.20.11.136 | H88: =COUNTIF(K88:AO88,"") -> 31 | I88: =COUNTIF(K88:AL88,"APAGADO") -> 0 | J88: =(H88)/(I88+H88) -> 1
A89: CENTRO | B89: CEN67 (fija 1) | C89: BONOMO | D89: 9 DE JULIO Y BROWN | E89: Fija | F89: Fibra Optica | G89: 172.20.11.188 | H89: =COUNTIF(K89:AO89,"") -> 31 | I89: =COUNTIF(K89:AL89,"APAGADO") -> 0 | J89: =(H89)/(I89+H89) -> 1
A90: CENTRO | B90: CEN68 (fija 2) | C90: BONOMO | D90: 9 DE JULIO Y BROWN | E90: Fija | F90: Fibra Optica | G90: 172.20.11.189 | H90: =COUNTIF(K90:AO90,"") -> 31 | I90: =COUNTIF(K90:AL90,"APAGADO") -> 0 | J90: =(H90)/(I90+H90) -> 1
A91: CENTRO | B91: CEN69 | C91: BONOMO | D91: RIVADAVIA Y BOUREL | E91: DOMO | F91: Fibra Optica | G91: 172.20.11.222 | H91: =COUNTIF(K91:AO91,"") -> 31 | I91: =COUNTIF(K91:AL91,"APAGADO") -> 0 | J91: =(H91)/(I91+H91) -> 1
A92: CENTRO | B92: CEN 70 | C92: BONOMO | D92: RIVADAVIA Y 25 MAYO | E92: Domo | F92: Fibra Optica | G92: 172.20.11.221 | H92: =COUNTIF(K92:AO92,"") -> 31 | I92: =COUNTIF(K92:AL92,"APAGADO") -> 0 | J92: =(H92)/(I92+H92) -> 1
A93: CENTRO | B93: CEN 71 | C93: BONOMO | D93: MORENO Y BOUREL | E93: Domo | F93: Fibra Optica | G93: 172.20.11.220 | H93: =COUNTIF(K93:AO93,"") -> 31 | I93: =COUNTIF(K93:AL93,"APAGADO") -> 0 | J93: =(H93)/(I93+H93) -> 1
A94: CENTRO | B94: CEN 72 | C94: BONOMO | D94: MORENO Y 25 DE MAYO | E94: Domo | F94: Fibra Optica | G94: 172.20.11.219 | H94: =COUNTIF(K94:AO94,"") -> 27 | I94: =COUNTIF(K94:AL94,"APAGADO") -> 4 | J94: =(H94)/(I94+H94) -> 0.87096774 | K94: APAGADO | L94: APAGADO | M94: APAGADO | N94: APAGADO
A95: CENTRO | B95: CEN73 | C95: BONOMO | D95: BOUREL Y DEFENSA | E95: DOMO | F95: Fibra Optica | G95: 172.20.11.223 | H95: =COUNTIF(K95:AO95,"") -> 31 | I95: =COUNTIF(K95:AL95,"APAGADO") -> 0 | J95: =(H95)/(I95+H95) -> 1
A96: CENTRO | B96: CEN74 | C96: BONOMO | D96: Las Heras y Maipu | E96: Domo | F96: FIBRA OPTICA | G96: 172.20.11.53 | H96: =COUNTIF(K96:AO96,"") -> 31 | I96: =COUNTIF(K96:AL96,"APAGADO") -> 0 | J96: =(H96)/(I96+H96) -> 1
A97: CENTRO | B97: CEN 75 | C97: BONOMO | D97: 25 DE MAYO Y CASTELLI | E97: Domo | F97: Fibra Optica | H97: =COUNTIF(K97:AO97,"") -> 31 | I97: =COUNTIF(K97:AL97,"APAGADO") -> 0 | J97: =(H97)/(I97+H97) -> 1
A98: CENTRO | B98: CEN 76 | C98: BONOMO | D98: ESPAÑA E/MITRE Y BOCUZZI | E98: Fija | F98: Fibra Optica | H98: =COUNTIF(K98:AO98,"") -> 31 | I98: =COUNTIF(K98:AL98,"APAGADO") -> 0 | J98: =(H98)/(I98+H98) -> 1
A99: CENTRO | B99: CEN 77 | C99: BONOMO | D99: Monteagudo e/ Mitre y Boccuzzi | E99: Fija | F99: Fibra Optica | G99: 172.20.11.241 | H99: =COUNTIF(K99:AO99,"") -> 31 | I99: =COUNTIF(K99:AL99,"APAGADO") -> 0 | J99: =(H99)/(I99+H99) -> 1
A100: CENTRO | B100: CEN 78 | C100: BONOMO | D100: Mitre e/Monteagudo y Alberdi | E100: Fija | F100: Fibra Optica | G100: 172.20.11.240 | H100: =COUNTIF(K100:AO100,"") -> 27 | I100: =COUNTIF(K100:AL100,"APAGADO") -> 4 | J100: =(H100)/(I100+H100) -> 0.87096774 | K100: APAGADO | L100: APAGADO | M100: APAGADO | N100: APAGADO
...

Sheet ESTADISTICA
A1: ='RESUMEN TOTAL'!A4 -> Barrio | B1: ='RESUMEN TOTAL'!B4 -> [Denominacion] | C1: ='RESUMEN TOTAL'!D4 -> [Ubicacion] | D1: ='RESUMEN TOTAL'!E4 -> [Tipo de Camara] | E1: ='RESUMEN TOTAL'!F4 -> [Tipo de Conexion] | F1: ='RESUMEN TOTAL'!K4 -> 44896 | G1: ='RESUMEN TOTAL'!L4 -> 44897 | H1: ='RESUMEN TOTAL'!M4 -> 44898 | I1: ='RESUMEN TOTAL'!N4 -> 44899 | J1: ='RESUMEN TOTAL'!O4 -> 44900 | K1: ='RESUMEN TOTAL'!P4 -> 44901 | L1: ='RESUMEN TOTAL'!Q4 -> 44902 | M1: ='RESUMEN TOTAL'!R4 -> 44903 | ... AI1: ='RESUMEN TOTAL'!AN4 -> 44925
A2: ='RESUMEN TOTAL'!A5 -> ALTAMIRA | B2: ='RESUMEN TOTAL'!B5 -> ALT01 | C2: ='RESUMEN TOTAL'!D5 -> Calchaqui y Sgto. Cabral | D2: ='RESUMEN TOTAL'!E5 -> Domo | E2: ='RESUMEN TOTAL'!F5 -> Fibra Optica | F2: ='RESUMEN TOTAL'!K5 -> APAGADO | G2: ='RESUMEN TOTAL'!L5 -> APAGADO | H2: ='RESUMEN TOTAL'!M5 -> APAGADO | I2: ='RESUMEN TOTAL'!N5 -> APAGADO | J2: ='RESUMEN TOTAL'!O5 -> 0 | K2: ='RESUMEN TOTAL'!P5 -> 0 | L2: ='RESUMEN TOTAL'!Q5 -> 0 | M2: ='RESUMEN TOTAL'!R5 -> 0 | ... AI2: ='RESUMEN TOTAL'!AN5 -> 0
A3: ='RESUMEN TOTAL'!A6 -> ALTAMIRA | B3: ='RESUMEN TOTAL'!B6 -> ALT02 | C3: ='RESUMEN TOTAL'!D6 -> Calchaqui y Lope de Vega | D3: ='RESUMEN TOTAL'!E6 -> Domo | E3: ='RESUMEN TOTAL'!F6 -> PTO A FO | F3: ='RESUMEN TOTAL'!K6 -> APAGADO | G3: ='RESUMEN TOTAL'!L6 -> APAGADO | H3: ='RESUMEN TOTAL'!M6 -> APAGADO | I3: ='RESUMEN TOTAL'!N6 -> APAGADO | J3: ='RESUMEN TOTAL'!O6 -> 0 | K3: ='RESUMEN TOTAL'!P6 -> 0 | L3: ='RESUMEN TOTAL'!Q6 -> 0 | M3: ='RESUMEN TOTAL'!R6 -> 0 | ... AI3: ='RESUMEN TOTAL'!AN6 -> 0
A4: ='RESUMEN TOTAL'!A7 -> ALTAMIRA | B4: ='RESUMEN TOTAL'!B7 -> ALT 03 | C4: ='RESUMEN TOTAL'!D7 -> Bombero Galarza y Necochea | D4: ='RESUMEN TOTAL'!E7 -> Domo | E4: ='RESUMEN TOTAL'!F7 -> FIBRA OPTICA | F4: ='RESUMEN TOTAL'!K7 -> APAGADO | G4: ='RESUMEN TOTAL'!L7 -> APAGADO | H4: ='RESUMEN TOTAL'!M7 -> APAGADO | I4: ='RESUMEN TOTAL'!N7 -> APAGADO | J4: ='RESUMEN TOTAL'!O7 -> 0 | K4: ='RESUMEN TOTAL'!P7 -> 0 | L4: ='RESUMEN TOTAL'!Q7 -> 0 | M4: ='RESUMEN TOTAL'!R7 -> 0 | ... AI4: ='RESUMEN TOTAL'!AN7 -> 0
A5: ='RESUMEN TOTAL'!A8 -> ALTAMIRA | B5: ='RESUMEN TOTAL'!B8 -> ALT 04 | C5: ='RESUMEN TOTAL'!D8 -> Francia y Necochea | D5: ='RESUMEN TOTAL'!E8 -> Domo | E5: ='RESUMEN TOTAL'!F8 -> FIBRA OPTICA | F5: ='RESUMEN TOTAL'!K8 -> APAGADO | G5: ='RESUMEN TOTAL'!L8 -> APAGADO | H5: ='RESUMEN TOTAL'!M8 -> APAGADO | I5: ='RESUMEN TOTAL'!N8 -> APAGADO | J5: ='RESUMEN TOTAL'!O8 -> 0 | K5: ='RESUMEN TOTAL'!P8 -> 0 | L5: ='RESUMEN TOTAL'!Q8 -> 0 | M5: ='RESUMEN TOTAL'!R8 -> 0 | ... AI5: ='RESUMEN TOTAL'!AN8 -> 0
A6: ='RESUMEN TOTAL'!A9 -> ALTAMIRA | B6: ='RESUMEN TOTAL'!B9 -> ALT05 | C6: ='RESUMEN TOTAL'!D9 -> Av. Calchaqui y Bombero Galarza | D6: ='RESUMEN TOTAL'!E9 -> Domo | E6: ='RESUMEN TOTAL'!F9 -> PTO A FO | F6: ='RESUMEN TOTAL'!K9 -> APAGADO | G6: ='RESUMEN TOTAL'!L9 -> APAGADO | H6: ='RESUMEN TOTAL'!M9 -> APAGADO | I6: ='RESUMEN TOTAL'!N9 -> APAGADO | J6: ='RESUMEN TOTAL'!O9 -> 0 | K6: ='RESUMEN TOTAL'!P9 -> 0 | L6: ='RESUMEN TOTAL'!Q9 -> 0 | M6: ='RESUMEN TOTAL'!R9 -> 0 | ... AI6: ='RESUMEN TOTAL'!AN9 -> 0
A7: ='RESUMEN TOTAL'!A10 -> ALTAMIRA | B7: ='RESUMEN TOTAL'!B10 -> ALT 06 | C7: ='RESUMEN TOTAL'!D10 -> LOPE DE VEGA Y NECOCHEA | D7: ='RESUMEN TOTAL'!E10 -> Domo | E7: ='RESUMEN TOTAL'!F10 -> PTO A FO | F7: ='RESUMEN TOTAL'!K10 -> APAGADO | G7: ='RESUMEN TOTAL'!L10 -> APAGADO | H7: ='RESUMEN TOTAL'!M10 -> APAGADO | I7: ='RESUMEN TOTAL'!N10 -> APAGADO | J7: ='RESUMEN TOTAL'!O10 -> 0 | K7: ='RESUMEN TOTAL'!P10 -> 0 | L7: ='RESUMEN TOTAL'!Q10 -> 0 | M7: ='RESUMEN TOTAL'!R10 -> 0 | ... AI7: ='RESUMEN TOTAL'!AN10 -> 0
A8: ='RESUMEN TOTAL'!A11 -> ALTAMIRA | B8: ='RESUMEN TOTAL'!B11 -> ALT07 | C8: ='RESUMEN TOTAL'!D11 -> AV. CALCHAQUI Y AV. DEL TRABAJO | D8: ='RESUMEN TOTAL'!E11 -> DOMO | E8: ='RESUMEN TOTAL'!F11 -> PTO A FO | F8: ='RESUMEN TOTAL'!K11 -> APAGADO | G8: ='RESUMEN TOTAL'!L11 -> APAGADO | H8: ='RESUMEN TOTAL'!M11 -> APAGADO | I8: ='RESUMEN TOTAL'!N11 -> APAGADO | J8: ='RESUMEN TOTAL'!O11 -> 0 | K8: ='RESUMEN TOTAL'!P11 -> 0 | L8: ='RESUMEN TOTAL'!Q11 -> 0 | M8: ='RESUMEN TOTAL'!R11 -> 0 | ... AI8: ='RESUMEN TOTAL'!AN11 -> 0
A9: ='RESUMEN TOTAL'!A12 -> ALTAMIRA | B9: ='RESUMEN TOTAL'!B12 -> ALT 08 | C9: ='RESUMEN TOTAL'!D12 -> HUMAITA Y NECOCHEA | D9: ='RESUMEN TOTAL'!E12 -> DOMO | E9: ='RESUMEN TOTAL'!F12 -> Fibra Optica | F9: ='RESUMEN TOTAL'!K12 -> APAGADO | G9: ='RESUMEN TOTAL'!L12 -> APAGADO | H9: ='RESUMEN TOTAL'!M12 -> APAGADO | I9: ='RESUMEN TOTAL'!N12 -> APAGADO | J9: ='RESUMEN TOTAL'!O12 -> 0 | K9: ='RESUMEN TOTAL'!P12 -> 0 | L9: ='RESUMEN TOTAL'!Q12 -> 0 | M9: ='RESUMEN TOTAL'!R12 -> 0 | ... AI9: ='RESUMEN TOTAL'!AN12 -> 0
A10: ='RESUMEN TOTAL'!A13 -> ALTAMIRA | B10: ='RESUMEN TOTAL'!B13 -> ALT 09 | C10: ='RESUMEN TOTAL'!D13 -> NECOCHEA Y CURUPAITY | D10: ='RESUMEN TOTAL'!E13 -> DOMO | E10: ='RESUMEN TOTAL'!F13 -> Fibra Optica | F10: ='RESUMEN TOTAL'!K13 -> APAGADO | G10: ='RESUMEN TOTAL'!L13 -> APAGADO | H10: ='RESUMEN TOTAL'!M13 -> APAGADO | I10: ='RESUMEN TOTAL'!N13 -> APAGADO | J10: ='RESUMEN TOTAL'!O13 -> 0 | K10: ='RESUMEN TOTAL'!P13 -> 0 | L10: ='RESUMEN TOTAL'!Q13 -> 0 | M10: ='RESUMEN TOTAL'!R13 -> 0 | ... AI10: ='RESUMEN TOTAL'!AN13 -> 0
A11: ='RESUMEN TOTAL'!A14 -> ALTAMIRA | B11: ='RESUMEN TOTAL'!B14 -> ALT 10 | C11: ='RESUMEN TOTAL'!D14 -> Calchaqui y Francia | D11: ='RESUMEN TOTAL'!E14 -> Domo | E11: ='RESUMEN TOTAL'!F14 -> Radio | F11: ='RESUMEN TOTAL'!K14 -> APAGADO | G11: ='RESUMEN TOTAL'!L14 -> APAGADO | H11: ='RESUMEN TOTAL'!M14 -> APAGADO | I11: ='RESUMEN TOTAL'!N14 -> APAGADO | J11: ='RESUMEN TOTAL'!O14 -> 0 | K11: ='RESUMEN TOTAL'!P14 -> 0 | L11: ='RESUMEN TOTAL'!Q14 -> 0 | M11: ='RESUMEN TOTAL'!R14 -> 0 | ... AI11: ='RESUMEN TOTAL'!AN14 -> 0
A12: ='RESUMEN TOTAL'!A15 -> AGUSTIN RAMIREZ | B12: ='RESUMEN TOTAL'!B15 -> ARA 01 | C12: ='RESUMEN TOTAL'!D15 -> Malambo y Tranquera | D12: ='RESUMEN TOTAL'!E15 -> Domo | E12: ='RESUMEN TOTAL'!F15 -> FIBRA OPTICA | F12: ='RESUMEN TOTAL'!K15 -> 0 | G12: ='RESUMEN TOTAL'!L15 -> 0 | H12: ='RESUMEN TOTAL'!M15 -> 0 | I12: ='RESUMEN TOTAL'!N15 -> 0 | J12: ='RESUMEN TOTAL'!O15 -> 0 | K12: ='RESUMEN TOTAL'!P15 -> 0 | L12: ='RESUMEN TOTAL'!Q15 -> 0 | M12: ='RESUMEN TOTAL'!R15 -> 0 | ... AI12: ='RESUMEN TOTAL'!AN15 -> 0
... A19: ='RESUMEN TOTAL'!A22 -> BOSQUES CENTRO | B19: ='RESUMEN TOTAL'!B22 -> BOSQC 06 | C19: ='RESUMEN TOTAL'!D22 -> LUIS AGOTE Y RUTA 36 | D19: ='RESUMEN TOTAL'!E22 -> Fija | E19: ='RESUMEN TOTAL'!F22 -> Radio | F19: ='RESUMEN TOTAL'!K22 -> APAGADO | G19: ='RESUMEN TOTAL'!L22 -> APAGADO | H19: ='RESUMEN TOTAL'!M22 -> APAGADO | I19: ='RESUMEN TOTAL'!N22 -> APAGADO | J19: ='RESUMEN TOTAL'!O22 -> 0 | K19: ='RESUMEN TOTAL'!P22 -> 0 | L19: ='RESUMEN TOTAL'!Q22 -> 0 | M19: ='RESUMEN TOTAL'!R22 -> 0 | ... AI19: ='RESUMEN TOTAL'!AN22 -> 0
A20: ='RESUMEN TOTAL'!A265 -> RICARDO ROJAS | B20: ='RESUMEN TOTAL'!B265 -> RRJ 12 | C20: ='RESUMEN TOTAL'!D265 -> FADER Y DIAGONAL LOS POETAS | D20: ='RESUMEN TOTAL'!E265 -> Fija | E20: ='RESUMEN TOTAL'!F265 -> Fibra Optica | F20: ='RESUMEN TOTAL'!K265 -> APAGADO | G20: ='RESUMEN TOTAL'!L265 -> APAGADO | H20: ='RESUMEN TOTAL'!M265 -> APAGADO | I20: ='RESUMEN TOTAL'!N265 -> APAGADO | J20: ='RESUMEN TOTAL'!O265 -> 0 | K20: ='RESUMEN TOTAL'!P265 -> 0 | L20: ='RESUMEN TOTAL'!Q265 -> 0 | M20: ='RESUMEN TOTAL'!R265 -> 0 | ... AI20: ='RESUMEN TOTAL'!AN265 -> 0
A21: ='RESUMEN TOTAL'!A23 -> CENTRO | B21: ='RESUMEN TOTAL'!B23 -> CEN01 | C21: ='RESUMEN TOTAL'!D23 -> San Martin y 9 de Julio | D21: ='RESUMEN TOTAL'!E23 -> Fija | E21: ='RESUMEN TOTAL'!F23 -> Fibra Optica | F21: ='RESUMEN TOTAL'!K23 -> 0 | G21: ='RESUMEN TOTAL'!L23 -> 0 | H21: ='RESUMEN TOTAL'!M23 -> 0 | I21: ='RESUMEN TOTAL'!N23 -> 0 | J21: ='RESUMEN TOTAL'!O23 -> 0 | K21: ='RESUMEN TOTAL'!P23 -> 0 | L21: ='RESUMEN TOTAL'!Q23 -> 0 | M21: ='RESUMEN TOTAL'!R23 -> 0 | ... AI21: ='RESUMEN TOTAL'!AN23 -> 0
A22: ='RESUMEN TOTAL'!A24 -> CENTRO | B22: ='RESUMEN TOTAL'!B24 -> CEN02 | C22: ='RESUMEN TOTAL'!D24 -> San Martin y Almafuerte | D22: ='RESUMEN TOTAL'!E24 -> Fija | E22: ='RESUMEN TOTAL'!F24 -> Fibra Optica | F22: ='RESUMEN TOTAL'!K24 -> 0 | G22: ='RESUMEN TOTAL'!L24 -> 0 | H22: ='RESUMEN TOTAL'!M24 -> 0 | I22: ='RESUMEN TOTAL'!N24 -> 0 | J22: ='RESUMEN TOTAL'!O24 -> 0 | K22: ='RESUMEN TOTAL'!P24 -> 0 | L22: ='RESUMEN TOTAL'!Q24 -> 0 | M22: ='RESUMEN TOTAL'!R24 -> 0 | ... AI22: ='RESUMEN TOTAL'!AN24 -> 0
A23: ='RESUMEN TOTAL'!A25 -> CENTRO | B23: ='RESUMEN TOTAL'!B25 -> CEN03 | C23: ='RESUMEN TOTAL'!D25 -> San Martin y Sallares | D23: ='RESUMEN TOTAL'!E25 -> Domo | E23: ='RESUMEN TOTAL'!F25 -> Fibra Optica | F23: ='RESUMEN TOTAL'!K25 -> 0 | G23: ='RESUMEN TOTAL'!L25 -> 0 | H23: ='RESUMEN TOTAL'!M25 -> 0 | I23: ='RESUMEN TOTAL'!N25 -> 0 | J23: ='RESUMEN TOTAL'!O25 -> 0 | K23: ='RESUMEN TOTAL'!P25 -> 0 | L23: ='RESUMEN TOTAL'!Q25 -> 0 | M23: ='RESUMEN TOTAL'!R25 -> 0 | ... AI23: ='RESUMEN TOTAL'!AN25 -> 0
A24: ='RESUMEN TOTAL'!A26 -> CENTRO | B24: ='RESUMEN TOTAL'!B26 -> CEN04 | C24: ='RESUMEN TOTAL'!D26 -> San Martin y Contreras | D24: ='RESUMEN TOTAL'!E26 -> Domo | E24: ='RESUMEN TOTAL'!F26 -> Fibra Optica | F24: ='RESUMEN TOTAL'!K26 -> 0 | G24: ='RESUMEN TOTAL'!L26 -> 0 | H24: ='RESUMEN TOTAL'!M26 -> 0 | I24: ='RESUMEN TOTAL'!N26 -> 0 | J24: ='RESUMEN TOTAL'!O26 -> 0 | K24: ='RESUMEN TOTAL'!P26 -> 0 | L24: ='RESUMEN TOTAL'!Q26 -> 0 | M24: ='RESUMEN TOTAL'!R26 -> 0 | ... AI24: ='RESUMEN TOTAL'!AN26 -> 0
A25: ='RESUMEN TOTAL'!A27 -> CENTRO | B25: ='RESUMEN TOTAL'!B27 -> CEN 05 | C25: ='RESUMEN TOTAL'!D27 -> Bocuzzi e/España y San Martin | D25: ='RESUMEN TOTAL'!E27 -> DOMO | E25: ='RESUMEN TOTAL'!F27 -> Fibra Optica | F25: ='RESUMEN TOTAL'!K27 -> APAGADO | G25: ='RESUMEN TOTAL'!L27 -> APAGADO | H25: ='RESUMEN TOTAL'!M27 -> 0 | I25: ='RESUMEN TOTAL'!N27 -> 0 | J25: ='RESUMEN TOTAL'!O27 -> 0 | K25: ='RESUMEN TOTAL'!P27 -> 0 | L25: ='RESUMEN TOTAL'!Q27 -> 0 | M25: ='RESUMEN TOTAL'!R27 -> 0 | ... AI25: ='RESUMEN TOTAL'!AN27 -> 0
A26: ='RESUMEN TOTAL'!A28 -> CENTRO | B26: ='RESUMEN TOTAL'!B28 -> CEN06 | C26: ='RESUMEN TOTAL'!D28 -> Monteagudo y A.del Valle | D26: ='RESUMEN TOTAL'!E28 -> Fija | E26: ='RESUMEN TOTAL'!F28 -> Fibra Optica | F26: ='RESUMEN TOTAL'!K28 -> 0 | G26: ='RESUMEN TOTAL'!L28 -> 0 | H26: ='RESUMEN TOTAL'!M28 -> 0 | I26: ='RESUMEN TOTAL'!N28 -> 0 | J26: ='RESUMEN TOTAL'!O28 -> 0 | K26: ='RESUMEN TOTAL'!P28 -> 0 | L26: ='RESUMEN TOTAL'!Q28 -> 0 | M26: ='RESUMEN TOTAL'!R28 -> 0 | ... AI26: ='RESUMEN TOTAL'!AN28 -> 0
A27: ='RESUMEN TOTAL'!A29 -> CENTRO | B27: ='RESUMEN TOTAL'!B29 -> CEN07 | C27: ='RESUMEN TOTAL'!D29 -> San Martin y Guemes | D27: ='RESUMEN TOTAL'!E29 -> DOMO | E27: ='RESUMEN TOTAL'!F29 -> Fibra Optica | F27: ='RESUMEN TOTAL'!K29 -> 0 | G27: ='RESUMEN TOTAL'!L29 -> 0 | H27: ='RESUMEN TOTAL'!M29 -> 0 | I27: ='RESUMEN TOTAL'!N29 -> 0 | J27: ='RESUMEN TOTAL'!O29 -> 0 | K27: ='RESUMEN TOTAL'!P29 -> 0 | L27: ='RESUMEN TOTAL'!Q29 -> 0 | M27: ='RESUMEN TOTAL'!R29 -> 0 | ... AI27: ='RESUMEN TOTAL'!AN29 -> 0
A28: ='RESUMEN TOTAL'!A30 -> CENTRO | B28: ='RESUMEN TOTAL'!B30 -> CEN08 | C28: ='RESUMEN TOTAL'!D30 -> San Martin y Pte.Peron | D28: ='RESUMEN TOTAL'!E30 -> Domo | E28: ='RESUMEN TOTAL'!F30 -> Fibra Optica | F28: ='RESUMEN TOTAL'!K30 -> 0 | G28: ='RESUMEN TOTAL'!L30 -> 0 | H28: ='RESUMEN TOTAL'!M30 -> 0 | I28: ='RESUMEN TOTAL'!N30 -> 0 | J28: ='RESUMEN TOTAL'!O30 -> 0 | K28: ='RESUMEN TOTAL'!P30 -> 0 | L28: ='RESUMEN TOTAL'!Q30 -> 0 | M28: ='RESUMEN TOTAL'!R30 -> 0 | ... AI28: ='RESUMEN TOTAL'!AN30 -> 0
A29: ='RESUMEN TOTAL'!A31 -> CENTRO | B29: ='RESUMEN TOTAL'!B31 -> CEN09 | C29: ='RESUMEN TOTAL'!D31 -> Chacabuco y 25 de Mayo | D29: ='RESUMEN TOTAL'!E31 -> Domo | E29: ='RESUMEN TOTAL'!F31 -> Fibra Optica | F29: ='RESUMEN TOTAL'!K31 -> 0 | G29: ='RESUMEN TOTAL'!L31 -> 0 | H29: ='RESUMEN TOTAL'!M31 -> 0 | I29: ='RESUMEN TOTAL'!N31 -> 0 | J29: ='RESUMEN TOTAL'!O31 -> 0 | K29: ='RESUMEN TOTAL'!P31 -> 0 | L29: ='RESUMEN TOTAL'!Q31 -> 0 | M29: ='RESUMEN TOTAL'!R31 -> 0 | ... AI29: ='RESUMEN TOTAL'!AN31 -> 0
A30: ='RESUMEN TOTAL'!A32 -> CENTRO | B30: ='RESUMEN TOTAL'!B32 -> CEN10 | C30: ='RESUMEN TOTAL'!D32 -> Monteagudo y Pte. Peron | D30: ='RESUMEN TOTAL'!E32 -> Domo | E30: ='RESUMEN TOTAL'!F32 -> Fibra Optica | F30: ='RESUMEN TOTAL'!K32 -> 0 | G30: ='RESUMEN TOTAL'!L32 -> 0 | H30: ='RESUMEN TOTAL'!M32 -> 0 | I30: ='RESUMEN TOTAL'!N32 -> 0 | J30: ='RESUMEN TOTAL'!O32 -> 0 | K30: ='RESUMEN TOTAL'!P32 -> 0 | L30: ='RESUMEN TOTAL'!Q32 -> 0 | M30: ='RESUMEN TOTAL'!R32 -> 0 | ... AI30: ='RESUMEN TOTAL'!AN32 -> 0
A31: ='RESUMEN TOTAL'!A33 -> CENTRO | B31: ='RESUMEN TOTAL'!B33 -> CEN11 | C31: ='RESUMEN TOTAL'!D33 -> Monteagudo y Bocuzzi | D31: ='RESUMEN TOTAL'!E33 -> Domo | E31: ='RESUMEN TOTAL'!F33 -> Fibra Optica | F31: ='RESUMEN TOTAL'!K33 -> 0 | G31: ='RESUMEN TOTAL'!L33 -> 0 | H31: ='RESUMEN TOTAL'!M33 -> 0 | I31: ='RESUMEN TOTAL'!N33 -> 0 | J31: ='RESUMEN TOTAL'!O33 -> 0 | K31: ='RESUMEN TOTAL'!P33 -> 0 | L31: ='RESUMEN TOTAL'!Q33 -> 0 | M31: ='RESUMEN TOTAL'!R33 -> 0 | ... AI31: ='RESUMEN TOTAL'!AN33 -> 0
A32: ='RESUMEN TOTAL'!A34 -> CENTRO | B32: ='RESUMEN TOTAL'!B34 -> CEN 12 | C32: ='RESUMEN TOTAL'!D34 -> Monteagudo y Mitre | D32: ='RESUMEN TOTAL'!E34 -> Domo | E32: ='RESUMEN TOTAL'!F34 -> Fibra Optica | F32: ='RESUMEN TOTAL'!K34 -> APAGADO | G32: ='RESUMEN TOTAL'!L34 -> APAGADO | H32: ='RESUMEN TOTAL'!M34 -> APAGADO | I32: ='RESUMEN TOTAL'!N34 -> APAGADO | J32: ='RESUMEN TOTAL'!O34 -> 0 | K32: ='RESUMEN TOTAL'!P34 -> 0 | L32: ='RESUMEN TOTAL'!Q34 -> 0 | M32: ='RESUMEN TOTAL'!R34 -> 0 | ... AI32: ='RESUMEN TOTAL'!AN34 -> 0
... A101: ='RESUMEN TOTAL'!A103 -> CENTRO | B101: ='RESUMEN TOTAL'!B103 -> CEN 81 | C101: ='RESUMEN TOTAL'!D103 -> Alberdi y A.del Valle | D101: ='RESUMEN TOTAL'!E103 -> Fija | E101: ='RESUMEN TOTAL'!F103 -> Fibra Optica | F101: ='RESUMEN TOTAL'!K103 -> 0 | G101: ='RESUMEN TOTAL'!L103 -> 0 | H101: ='RESUMEN TOTAL'!M103 -> 0 | I101: ='RESUMEN TOTAL'!N103 -> 0 | J101: ='RESUMEN TOTAL'!O103 -> 0 | K101: ='RESUMEN TOTAL'!P103 -> 0 | L101: ='RESUMEN TOTAL'!Q103 -> 0 | M101: ='RESUMEN TOTAL'!R103 -> 0 | ... AI101: ='RESUMEN TOTAL'!AN103 -> 0
A102: ='RESUMEN TOTAL'!A106 -> SAN NICOLAS | B102: ='RESUMEN TOTAL'!B106 -> CHA01 | C102: ='RESUMEN TOTAL'!D106 -> Novak y Pte Illia | D102: ='RESUMEN TOTAL'!E106 -> Domo | E102: ='RESUMEN TOTAL'!F106 -> Radio | F102: ='RESUMEN TOTAL'!K106 -> 0 | G102: ='RESUMEN TOTAL'!L106 -> 0 | H102: ='RESUMEN TOTAL'!M106 -> 0 | I102: ='RESUMEN TOTAL'!N106 -> 0 | J102: ='RESUMEN TOTAL'!O106 -> 0 | K102: ='RESUMEN TOTAL'!P106 -> 0 | L102: ='RESUMEN TOTAL'!Q106 -> 0 | M102: ='RESUMEN TOTAL'!R106 -> 0 | ... AI102: ='RESUMEN TOTAL'!AN106 -> 0
A103: ='RESUMEN TOTAL'!A107 -> CHACABUCO | B103: ='RESUMEN TOTAL'!B107 -> CHA02 | C103: ='RESUMEN TOTAL'!D107 -> Pte. Illia y Posadas | D103: ='RESUMEN TOTAL'!E107 -> Domo | E103: ='RESUMEN TOTAL'!F107 -> Radio | F103: ='RESUMEN TOTAL'!K107 -> 0 | G103: ='RESUMEN TOTAL'!L107 -> 0 | H103: ='RESUMEN TOTAL'!M107 -> APAGADO | I103: ='RESUMEN TOTAL'!N107 -> APAGADO | J103: ='RESUMEN TOTAL'!O107 -> 0 | K103: ='RESUMEN TOTAL'!P107 -> 0 | L103: ='RESUMEN TOTAL'!Q107 -> 0 | M103: ='RESUMEN TOTAL'!R107 -> 0 | ... AI103: ='RESUMEN TOTAL'!AN107 -> 0
A104: ='RESUMEN TOTAL'!A108 -> CHACABUCO | B104: ='RESUMEN TOTAL'!B108 -> CHA03 | C104: ='RESUMEN TOTAL'!D108 -> MAIPU Y ALVAREZ THOMAS | D104: ='RESUMEN TOTAL'!E108 -> DOMO | E104: ='RESUMEN TOTAL'!F108 -> Fibra Optica | F104: ='RESUMEN TOTAL'!K108 -> 0 | G104: ='RESUMEN TOTAL'!L108 -> 0 | H104: ='RESUMEN TOTAL'!M108 -> 0 | I104: ='RESUMEN TOTAL'!N108 -> 0 | J104: ='RESUMEN TOTAL'!O108 -> 0 | K104: ='RESUMEN TOTAL'!P108 -> 0 | L104: ='RESUMEN TOTAL'!Q108 -> 0 | M104: ='RESUMEN TOTAL'!R108 -> 0 | ... AI104: ='RESUMEN TOTAL'!AN108 -> 0
A105: ='RESUMEN TOTAL'!A109 -> CHACABUCO | B105: ='RESUMEN TOTAL'!B109 -> CHA04 | C105: ='RESUMEN TOTAL'!D109 -> ESTADOS UNIDOS DE A. E ILLIA | D105: ='RESUMEN TOTAL'!E109 -> DOMO | E105: ='RESUMEN TOTAL'!F109 -> Fibra Optica | F105: ='RESUMEN TOTAL'!K109 -> 0 | G105: ='RESUMEN TOTAL'!L109 -> 0 | H105: ='RESUMEN TOTAL'!M109 -> 0 | I105: ='RESUMEN TOTAL'!N109 -> 0 | J105: ='RESUMEN TOTAL'!O109 -> 0 | K105: ='RESUMEN TOTAL'!P109 -> 0 | L105: ='RESUMEN TOTAL'!Q109 -> 0 | M105: ='RESUMEN TOTAL'!R109 -> 0 | ... AI105: ='RESUMEN TOTAL'!AN109 -> 0
A106: ='RESUMEN TOTAL'!A110 -> LA COLORADA ESTE | B106: ='RESUMEN TOTAL'!B110 -> COL 03 | C106: ='RESUMEN TOTAL'!D110 -> CARIBONI Y LA ANCIANIDAD | D106: ='RESUMEN TOTAL'!E110 -> DOMO | E106: ='RESUMEN TOTAL'!F110 -> Radio | F106: ='RESUMEN TOTAL'!K110 -> 0 | G106: ='RESUMEN TOTAL'!L110 -> 0 | H106: ='RESUMEN TOTAL'!M110 -> 0 | I106: ='RESUMEN TOTAL'!N110 -> 0 | J106: ='RESUMEN TOTAL'!O110 -> 0 | K106: ='RESUMEN TOTAL'!P110 -> 0 | L106: ='RESUMEN TOTAL'!Q110 -> 0 | M106: ='RESUMEN TOTAL'!R110 -> 0 | ... AI106: ='RESUMEN TOTAL'!AN110 -> 0
A107: ='RESUMEN TOTAL'!A111 -> VILLA MONICA NUEVA | B107: ='RESUMEN TOTAL'!B111 -> COL01 | C107: ='RESUMEN TOTAL'!D111 -> Eva Peron y Cariboni | D107: ='RESUMEN TOTAL'!E111 -> Domo | E107: ='RESUMEN TOTAL'!F111 -> Radio | F107: ='RESUMEN TOTAL'!K111 -> 0 | G107: ='RESUMEN TOTAL'!L111 -> 0 | H107: ='RESUMEN TOTAL'!M111 -> 0 | I107: ='RESUMEN TOTAL'!N111 -> 0 | J107: ='RESUMEN TOTAL'!O111 -> 0 | K107: ='RESUMEN TOTAL'!P111 -> 0 | L107: ='RESUMEN TOTAL'!Q111 -> 0 | M107: ='RESUMEN TOTAL'!R111 -> 0 | ... AI107: ='RESUMEN TOTAL'!AN111 -> 0
A108: ='RESUMEN TOTAL'!A112 -> LA COLORADA ESTE | B108: ='RESUMEN TOTAL'!B112 -> COL02 | C108: ='RESUMEN TOTAL'!D112 -> Av. Eva Peron y Pompeya | D108: ='RESUMEN TOTAL'!E112 -> Domo | E108: ='RESUMEN TOTAL'!F112 -> Radio | F108: ='RESUMEN TOTAL'!K112 -> 0 | G108: ='RESUMEN TOTAL'!L112 -> 0 | H108: ='RESUMEN TOTAL'!M112 -> 0 | I108: ='RESUMEN TOTAL'!N112 -> 0 | J108: ='RESUMEN TOTAL'!O112 -> 0 | K108: ='RESUMEN TOTAL'!P112 -> 0 | L108: ='RESUMEN TOTAL'!Q112 -> 0 | M108: ='RESUMEN TOTAL'!R112 -> 0 | ... AI108: ='RESUMEN TOTAL'!AN112 -> 0
A109: ='RESUMEN TOTAL'!A113 -> DON JOSE | B109: ='RESUMEN TOTAL'!B113 -> DJO01 | C109: ='RESUMEN TOTAL'!D113 -> Monteverde y Donato Alvarez | D109: ='RESUMEN TOTAL'!E113 -> Domo | E109: ='RESUMEN TOTAL'!F113 -> RADIO | F109: ='RESUMEN TOTAL'!K113 -> 0 | G109: ='RESUMEN TOTAL'!L113 -> 0 | H109: ='RESUMEN TOTAL'!M113 -> 0 | I109: ='RESUMEN TOTAL'!N113 -> 0 | J109: ='RESUMEN TOTAL'!O113 -> 0 | K109: ='RESUMEN TOTAL'!P113 -> 0 | L109: ='RESUMEN TOTAL'!Q113 -> 0 | M109: ='RESUMEN TOTAL'!R113 -> 0 | ... AI109: ='RESUMEN TOTAL'!AN113 -> 0
A110: ='RESUMEN TOTAL'!A114 -> DON JOSE | B110: ='RESUMEN TOTAL'!B114 -> DJO 02 (fija 1) | C110: ='RESUMEN TOTAL'!D114 -> DONATO ALVAREZ Y EL APERO | D110: ='RESUMEN TOTAL'!E114 -> Fija | E110: ='RESUMEN TOTAL'!F114 -> PTO A FO | F110: ='RESUMEN TOTAL'!K114 -> 0 | G110: ='RESUMEN TOTAL'!L114 -> 0 | H110: ='RESUMEN TOTAL'!M114 -> 0 | I110: ='RESUMEN TOTAL'!N114 -> 0 | J110: ='RESUMEN TOTAL'!O114 -> 0 | K110: ='RESUMEN TOTAL'!P114 -> 0 | L110: ='RESUMEN TOTAL'!Q114 -> 0 | M110: ='RESUMEN TOTAL'!R114 -> 0 | ... AI110: ='RESUMEN TOTAL'!AN114 -> 0
A111: ='RESUMEN TOTAL'!A115 -> DON JOSE | B111: ='RESUMEN TOTAL'!B115 -> DJO 03 (fija 2) | C111: ='RESUMEN TOTAL'!D115 -> DONATO ALVAREZ Y EL APERO | D111: ='RESUMEN TOTAL'!E115 -> Fija | E111: ='RESUMEN TOTAL'!F115 -> PTO A FO | F111: ='RESUMEN TOTAL'!K115 -> 0 | G111: ='RESUMEN TOTAL'!L115 -> 0 | H111: ='RESUMEN TOTAL'!M115 -> 0 | I111: ='RESUMEN TOTAL'!N115 -> 0 | J111: ='RESUMEN TOTAL'!O115 -> 0 | K111: ='RESUMEN TOTAL'!P115 -> 0 | L111: ='RESUMEN TOTAL'!Q115 -> 0 | M111: ='RESUMEN TOTAL'!R115 -> 0 | ... AI111: ='RESUMEN TOTAL'!AN115 -> 0
A112: ='RESUMEN TOTAL'!A116 -> DON JOSE | B112: ='RESUMEN TOTAL'!B116 -> DJO 04 (Fija 1) | C112: ='RESUMEN TOTAL'!D116 -> MONTEVERDE Y EL INDIO | D112: ='RESUMEN TOTAL'!E116 -> Fija | E112: ='RESUMEN TOTAL'!F116 -> Radio | F112: ='RESUMEN TOTAL'!K116 -> APAGADO | G112: ='RESUMEN TOTAL'!L116 -> APAGADO | H112: ='RESUMEN TOTAL'!M116 -> 0 | I112: ='RESUMEN TOTAL'!N116 -> 0 | J112: ='RESUMEN TOTAL'!O116 -> 0 | K112: ='RESUMEN TOTAL'!P116 -> 0 | L112: ='RESUMEN TOTAL'!Q116 -> 0 | M112: ='RESUMEN TOTAL'!R116 -> 0 | ... AI112: ='RESUMEN TOTAL'!AN116 -> 0
A113: ='RESUMEN TOTAL'!A117 -> DON JOSE | B113: ='RESUMEN TOTAL'!B117 -> DJO 05 (Fija 2) | C113: ='RESUMEN TOTAL'!D117 -> MONTEVERDE Y EL INDIO | D113: ='RESUMEN TOTAL'!E117 -> Fija | E113: ='RESUMEN TOTAL'!F117 -> Radio | F113: ='RESUMEN TOTAL'!K117 -> APAGADO | G113: ='RESUMEN TOTAL'!L117 -> APAGADO | H113: ='RESUMEN TOTAL'!M117 -> APAGADO | I113: ='RESUMEN TOTAL'!N117 -> 0 | J113: ='RESUMEN TOTAL'!O117 -> 0 | K113: ='RESUMEN TOTAL'!P117 -> 0 | L113: ='RESUMEN TOTAL'!Q117 -> 0 | M113: ='RESUMEN TOTAL'!R117 -> 0 | ... AI113: ='RESUMEN TOTAL'!AN117 -> 0
... A119: ='RESUMEN TOTAL'!A123 -> EL PARQUE | B119: ='RESUMEN TOTAL'!B123 -> EPQ 04 | C119: ='RESUMEN TOTAL'!D123 -> 1282 Y MORENO | D119: ='RESUMEN TOTAL'!E123 -> DOMO | E119: ='RESUMEN TOTAL'!F123 -> Fibra Optica | F119: ='RESUMEN TOTAL'!K123 -> APAGADO | G119: ='RESUMEN TOTAL'!L123 -> 0 | H119: ='RESUMEN TOTAL'!M123 -> 0 | I119: ='RESUMEN TOTAL'!N123 -> 0 | J119: ='RESUMEN TOTAL'!O123 -> 0 | K119: ='RESUMEN TOTAL'!P123 -> 0 | L119: ='RESUMEN TOTAL'!Q123 -> 0 | M119: ='RESUMEN TOTAL'!R123 -> 0 | ... AI119: ='RESUMEN TOTAL'!AN123 -> 0
A120: ='RESUMEN TOTAL'!A131 -> LA ESMERALDA | B120: ='RESUMEN TOTAL'!B131 -> ESM 08 | C120: ='RESUMEN TOTAL'!D131 -> DAVINSON Y MORANCHEL | D120: ='RESUMEN TOTAL'!E131 -> FIJA | E120: ='RESUMEN TOTAL'!F131 -> Radio | F120: ='RESUMEN TOTAL'!K131 -> 0 | G120: ='RESUMEN TOTAL'!L131 -> 0 | H120: ='RESUMEN TOTAL'!M131 -> 0 | I120: ='RESUMEN TOTAL'!N131 -> 0 | J120: ='RESUMEN TOTAL'!O131 -> 0 | K120: ='RESUMEN TOTAL'!P131 -> 0 | L120: ='RESUMEN TOTAL'!Q131 -> 0 | M120: ='RESUMEN TOTAL'!R131 -> 0 | ... AI120: ='RESUMEN TOTAL'!AN131 -> 0
A121: ='RESUMEN TOTAL'!A124 -> LA ESMERALDA | B121: ='RESUMEN TOTAL'!B124 -> ESM01 | C121: ='RESUMEN TOTAL'!D124 -> Cabello y Brasil | D121: ='RESUMEN TOTAL'!E124 -> Domo | E121: ='RESUMEN TOTAL'!F124 -> Radio | F121: ='RESUMEN TOTAL'!K124 -> APAGADO | G121: ='RESUMEN TOTAL'!L124 -> APAGADO | H121: ='RESUMEN TOTAL'!M124 -> APAGADO | I121: ='RESUMEN TOTAL'!N124 -> APAGADO | J121: ='RESUMEN TOTAL'!O124 -> 0 | K121: ='RESUMEN TOTAL'!P124 -> 0 | L121: ='RESUMEN TOTAL'!Q124 -> 0 | M121: ='RESUMEN TOTAL'!R124 -> 0 | ... AI121: ='RESUMEN TOTAL'!AN124 -> 0
A122: ='RESUMEN TOTAL'!A125 -> SAN JORGE | B122: ='RESUMEN TOTAL'!B125 -> ESM02 | C122: ='RESUMEN TOTAL'!D125 -> Novak y Cabello | D122: ='RESUMEN TOTAL'!E125 -> Domo | E122: ='RESUMEN TOTAL'!F125 -> PTO A FO | F122: ='RESUMEN TOTAL'!K125 -> 0 | G122: ='RESUMEN TOTAL'!L125 -> 0 | H122: ='RESUMEN TOTAL'!M125 -> 0 | I122: ='RESUMEN TOTAL'!N125 -> 0 | J122: ='RESUMEN TOTAL'!O125 -> 0 | K122: ='RESUMEN TOTAL'!P125 -> 0 | L122: ='RESUMEN TOTAL'!Q125 -> 0 | M122: ='RESUMEN TOTAL'!R125 -> 0 | ... AI122: ='RESUMEN TOTAL'!AN125 -> 0
A123: ='RESUMEN TOTAL'!A126 -> LIBERTAD | B123: ='RESUMEN TOTAL'!B126 -> ESM03 | C123: ='RESUMEN TOTAL'!D126 -> Novak y Humahuaca | D123: ='RESUMEN TOTAL'!E126 -> DOMO | E123: ='RESUMEN TOTAL'!F126 -> PTO A FO | F123: ='RESUMEN TOTAL'!K126 -> 0 | G123: ='RESUMEN TOTAL'!L126 -> 0 | H123: ='RESUMEN TOTAL'!M126 -> 0 | I123: ='RESUMEN TOTAL'!N126 -> 0 | J123: ='RESUMEN TOTAL'!O126 -> 0 | K123: ='RESUMEN TOTAL'!P126 -> 0 | L123: ='RESUMEN TOTAL'!Q126 -> 0 | M123: ='RESUMEN TOTAL'!R126 -> 0 | ... AI123: ='RESUMEN TOTAL'!AN126 -> 0
A124: ='RESUMEN TOTAL'!A127 -> LA ESMERALDA | B124: ='RESUMEN TOTAL'!B127 -> ESM04 | C124: ='RESUMEN TOTAL'!D127 -> Basualdo y Bengochea | D124: ='RESUMEN TOTAL'!E127 -> Domo | E124: ='RESUMEN TOTAL'!F127 -> FIBRA OPTICA | F124: ='RESUMEN TOTAL'!K127 -> 0 | G124: ='RESUMEN TOTAL'!L127 -> 0 | H124: ='RESUMEN TOTAL'!M127 -> 0 | I124: ='RESUMEN TOTAL'!N127 -> 0 | J124: ='RESUMEN TOTAL'!O127 -> 0 | K124: ='RESUMEN TOTAL'!P127 -> 0 | L124: ='RESUMEN TOTAL'!Q127 -> 0 | M124: ='RESUMEN TOTAL'!R127 -> 0 | ... AI124: ='RESUMEN TOTAL'!AN127 -> 0
A125: ='RESUMEN TOTAL'!A128 -> LA ESMERALDA | B125: ='RESUMEN TOTAL'!B128 -> ESM05 | C125: ='RESUMEN TOTAL'!D128 -> Aniceto Diaz y Villar | D125: ='RESUMEN TOTAL'!E128 -> Domo | E125: ='RESUMEN TOTAL'!F128 -> FIBRA OPTICA | F125: ='RESUMEN TOTAL'!K128 -> 0 | G125: ='RESUMEN TOTAL'!L128 -> 0 | H125: ='RESUMEN TOTAL'!M128 -> 0 | I125: ='RESUMEN TOTAL'!N128 -> 0 | J125: ='RESUMEN TOTAL'!O128 -> 0 | K125: ='RESUMEN TOTAL'!P128 -> 0 | L125: ='RESUMEN TOTAL'!Q128 -> 0 | M125: ='RESUMEN TOTAL'!R128 -> 0 | ... AI125: ='RESUMEN TOTAL'!AN128 -> 0
A126: ='RESUMEN TOTAL'!A129 -> LA ESMERALDA | B126: ='RESUMEN TOTAL'!B129 -> ESM06 | C126: ='RESUMEN TOTAL'!D129 -> Roselli y Cabello | D126: ='RESUMEN TOTAL'!E129 -> Domo | E126: ='RESUMEN TOTAL'!F129 -> Radio | F126: ='RESUMEN TOTAL'!K129 -> 0 | G126: ='RESUMEN TOTAL'!L129 -> 0 | H126: ='RESUMEN TOTAL'!M129 -> 0 | I126: ='RESUMEN TOTAL'!N129 -> 0 | J126: ='RESUMEN TOTAL'!O129 -> 0 | K126: ='RESUMEN TOTAL'!P129 -> 0 | L126: ='RESUMEN TOTAL'!Q129 -> 0 | M126: ='RESUMEN TOTAL'!R129 -> 0 | ... AI126: ='RESUMEN TOTAL'!AN129 -> 0
A127: ='RESUMEN TOTAL'!A130 -> LA ESMERALDA | B127: ='RESUMEN TOTAL'!B130 -> ESM07 | C127: ='RESUMEN TOTAL'!D130 -> AV. NOVAK Y SERRANO | D127: ='RESUMEN TOTAL'!E130 -> DOMO | E127: ='RESUMEN TOTAL'!F130 -> PTO A FO | F127: ='RESUMEN TOTAL'!K130 -> 0 | G127: ='RESUMEN TOTAL'!L130 -> 0 | H127: ='RESUMEN TOTAL'!M130 -> 0 | I127: ='RESUMEN TOTAL'!N130 -> 0 | J127: ='RESUMEN TOTAL'!O130 -> 0 | K127: ='RESUMEN TOTAL'!P130 -> 0 | L127: ='RESUMEN TOTAL'!Q130 -> 0 | M127: ='RESUMEN TOTAL'!R130 -> 0 | ... AI127: ='RESUMEN TOTAL'!AN130 -> 0
A128: ='RESUMEN TOTAL'!A132 -> LA ESMERALDA | B128: ='RESUMEN TOTAL'!B132 -> ESM09 (fija 1) | C128: ='RESUMEN TOTAL'!D132 -> EEUU Y CABELLO | D128: ='RESUMEN TOTAL'!E132 -> Fija | E128: ='RESUMEN TOTAL'!F132 -> Fibra Optica | F128: ='RESUMEN TOTAL'!K132 -> 0 | G128: ='RESUMEN TOTAL'!L132 -> 0 | H128: ='RESUMEN TOTAL'!M132 -> 0 | I128: ='RESUMEN TOTAL'!N132 -> 0 | J128: ='RESUMEN TOTAL'!O132 -> 0 | K128: ='RESUMEN TOTAL'!P132 -> 0 | L128: ='RESUMEN TOTAL'!Q132 -> 0 | M128: ='RESUMEN TOTAL'!R132 -> 0 | ... AI128: ='RESUMEN TOTAL'!AN132 -> 0
A129: ='RESUMEN TOTAL'!A133 -> LA ESMERALDA | B129: ='RESUMEN TOTAL'!B133 -> ESM10 (fija 2) | C129: ='RESUMEN TOTAL'!D133 -> EEUU Y CABELLO | D129: ='RESUMEN TOTAL'!E133 -> Fija | E129: ='RESUMEN TOTAL'!F133 -> Fibra Optica | F129: ='RESUMEN TOTAL'!K133 -> 0 | G129: ='RESUMEN TOTAL'!L133 -> 0 | H129: ='RESUMEN TOTAL'!M133 -> 0 | I129: ='RESUMEN TOTAL'!N133 -> 0 | J129: ='RESUMEN TOTAL'!O133 -> 0 | K129: ='RESUMEN TOTAL'!P133 -> 0 | L129: ='RESUMEN TOTAL'!Q133 -> 0 | M129: ='RESUMEN TOTAL'!R133 -> 0 | ... AI129: ='RESUMEN TOTAL'!AN133 -> 0
A130: ='RESUMEN TOTAL'!A134 -> LA ESMERALDA | B130: ='RESUMEN TOTAL'!B134 -> ESM11 (fija 1) | C130: ='RESUMEN TOTAL'!D134 -> NOVAK Y LAMBARDI | D130: ='RESUMEN TOTAL'!E134 -> Fija | E130: ='RESUMEN TOTAL'!F134 -> Fibra Optica | F130: ='RESUMEN TOTAL'!K134 -> 0 | G130: ='RESUMEN TOTAL'!L134 -> 0 | H130: ='RESUMEN TOTAL'!M134 -> 0 | I130: ='RESUMEN TOTAL'!N134 -> 0 | J130: ='RESUMEN TOTAL'!O134 -> 0 | K130: ='RESUMEN TOTAL'!P134 -> 0 | L130: ='RESUMEN TOTAL'!Q134 -> 0 | M130: ='RESUMEN TOTAL'!R134 -> 0 | ... AI130: ='RESUMEN TOTAL'!AN134 -> 0
A131: ='RESUMEN TOTAL'!A135 -> LA ESMERALDA | B131: ='RESUMEN TOTAL'!B135 -> ESM12 (fija 2) | C131: ='RESUMEN TOTAL'!D135 -> NOVAK Y LAMBARDI | D131: ='RESUMEN TOTAL'!E135 -> Fija | E131: ='RESUMEN TOTAL'!F135 -> Fibra Optica | F131: ='RESUMEN TOTAL'!K135 -> 0 | G131: ='RESUMEN TOTAL'!L135 -> 0 | H131: ='RESUMEN TOTAL'!M135 -> 0 | I131: ='RESUMEN TOTAL'!N135 -> 0 | J131: ='RESUMEN TOTAL'!O135 -> 0 | K131: ='RESUMEN TOTAL'!P135 -> 0 | L131: ='RESUMEN TOTAL'!Q135 -> 0 | M131: ='RESUMEN TOTAL'!R135 -> 0 | ... AI131: ='RESUMEN TOTAL'!AN135 -> 0
A132: ='RESUMEN TOTAL'!A136 -> LA ESMERALDA | B132: ='RESUMEN TOTAL'!B136 -> ESM 13 | C132: ='RESUMEN TOTAL'!D136 -> Barzi y Serrano | D132: ='RESUMEN TOTAL'!E136 -> fija | E132: ='RESUMEN TOTAL'!F136 -> Fibra Optica | F132: ='RESUMEN TOTAL'!K136 -> 0 | G132: ='RESUMEN TOTAL'!L136 -> 0 | H132: ='RESUMEN TOTAL'!M136 -> 0 | I132: ='RESUMEN TOTAL'!N136 -> 0 | J132: ='RESUMEN TOTAL'!O136 -> 0 | K132: ='RESUMEN TOTAL'!P136 -> 0 | L132: ='RESUMEN TOTAL'!Q136 -> 0 | M132: ='RESUMEN TOTAL'!R136 -> 0 | ... AI132: ='RESUMEN TOTAL'!AN136 -> 0
A133: ='RESUMEN TOTAL'!A137 -> LA ESMERALDA | B133: ='RESUMEN TOTAL'!B137 -> ESM 14 | C133: ='RESUMEN TOTAL'!D137 -> Barzi y Serrano | D133: ='RESUMEN TOTAL'!E137 -> fija | E133: ='RESUMEN TOTAL'!F137 -> Fibra Optica | F133: ='RESUMEN TOTAL'!K137 -> 0 | G133: ='RESUMEN TOTAL'!L137 -> 0 | H133: ='RESUMEN TOTAL'!M137 -> 0 | I133: ='RESUMEN TOTAL'!N137 -> 0 | J133: ='RESUMEN TOTAL'!O137 -> 0 | K133: ='RESUMEN TOTAL'!P137 -> 0 | L133: ='RESUMEN TOTAL'!Q137 -> 0 | M133: ='RESUMEN TOTAL'!R137 -> 0 | ... AI133: ='RESUMEN TOTAL'!AN137 -> 0
A134: ='RESUMEN TOTAL'!A138 -> LA ESMERALDA | B134: ='RESUMEN TOTAL'!B138 -> ESM 15 | C134: ='RESUMEN TOTAL'!D138 -> Basualdo y Lieja | D134: ='RESUMEN TOTAL'!E138 -> Fija | E134: ='RESUMEN TOTAL'!F138 -> Fibra Optica | F134: ='RESUMEN TOTAL'!K138 -> 0 | G134: ='RESUMEN TOTAL'!L138 -> 0 | H134: ='RESUMEN TOTAL'!M138 -> 0 | I134: ='RESUMEN TOTAL'!N138 -> 0 | J134: ='RESUMEN TOTAL'!O138 -> 0 | K134: ='RESUMEN TOTAL'!P138 -> 0 | L134: ='RESUMEN TOTAL'!Q138 -> 0 | M134: ='RESUMEN TOTAL'!R138 -> 0 | ... AI134: ='RESUMEN TOTAL'!AN138 -> 0
A135: ='RESUMEN TOTAL'!A139 -> LA ESMERALDA | B135: ='RESUMEN TOTAL'!B139 -> ESM 16 | C135: ='RESUMEN TOTAL'!D139 -> Basualdo y Lieja | D135: ='RESUMEN TOTAL'!E139 -> Fija | E135: ='RESUMEN TOTAL'!F139 -> Fibra Optica | F135: ='RESUMEN TOTAL'!K139 -> 0 | G135: ='RESUMEN TOTAL'!L139 -> 0 | H135: ='RESUMEN TOTAL'!M139 -> 0 | I135: ='RESUMEN TOTAL'!N139 -> 0 | J135: ='RESUMEN TOTAL'!O139 -> 0 | K135: ='RESUMEN TOTAL'!P139 -> 0 | L135: ='RESUMEN TOTAL'!Q139 -> 0 | M135: ='RESUMEN TOTAL'!R139 -> 0 | ... AI135: ='RESUMEN TOTAL'!AN139 -> 0
A136: ='RESUMEN TOTAL'!A140 -> INGENIERO ALLAN | B136: ='RESUMEN TOTAL'!B140 -> INA 01 | C136: ='RESUMEN TOTAL'!D140 -> 1138 Y 1155 | D136: ='RESUMEN TOTAL'!E140 -> DOMO | E136: ='RESUMEN TOTAL'!F140 -> Fibra Optica | F136: ='RESUMEN TOTAL'!K140 -> APAGADO | G136: ='RESUMEN TOTAL'!L140 -> 0 | H136: ='RESUMEN TOTAL'!M140 -> 0 | I136: ='RESUMEN TOTAL'!N140 -> 0 | J136: ='RESUMEN TOTAL'!O140 -> 0 | K136: ='RESUMEN TOTAL'!P140 -> 0 | L136: ='RESUMEN TOTAL'!Q140 -> 0 | M136: ='RESUMEN TOTAL'!R140 -> 0 | ... AI136: ='RESUMEN TOTAL'!AN140 -> 0
A137: ='RESUMEN TOTAL'!A141 -> INGENIERO ALLAN | B137: ='RESUMEN TOTAL'!B141 -> INA 02 | C137: ='RESUMEN TOTAL'!D141 -> 1144 Y 1155 | D137: ='RESUMEN TOTAL'!E141 -> DOMO | E137: ='RESUMEN TOTAL'!F141 -> Fibra Optica | F137: ='RESUMEN TOTAL'!K141 -> APAGADO | G137: ='RESUMEN TOTAL'!L141 -> 0 | H137: ='RESUMEN TOTAL'!M141 -> 0 | I137: ='RESUMEN TOTAL'!N141 -> 0 | J137: ='RESUMEN TOTAL'!O141 -> 0 | K137: ='RESUMEN TOTAL'!P141 -> 0 | L137: ='RESUMEN TOTAL'!Q141 -> 0 | M137: ='RESUMEN TOTAL'!R141 -> 0 | ... AI137: ='RESUMEN TOTAL'!AN141 -> 0
A138: ='RESUMEN TOTAL'!A142 -> INFICO | B138: ='RESUMEN TOTAL'!B142 -> INF 01 | C138: ='RESUMEN TOTAL'!D142 -> AV. HUDSON Y CARIBONI | D138: ='RESUMEN TOTAL'!E142 -> 0 | E138: ='RESUMEN TOTAL'!F142 -> Fibra Optica | F138: ='RESUMEN TOTAL'!K142 -> 0 | G138: ='RESUMEN TOTAL'!L142 -> 0 | H138: ='RESUMEN TOTAL'!M142 -> 0 | I138: ='RESUMEN TOTAL'!N142 -> 0 | J138: ='RESUMEN TOTAL'!O142 -> 0 | K138: ='RESUMEN TOTAL'!P142 -> 0 | L138: ='RESUMEN TOTAL'!Q142 -> 0 | M138: ='RESUMEN TOTAL'!R142 -> 0 | ... AI138: ='RESUMEN TOTAL'!AN142 -> 0
A139: ='RESUMEN TOTAL'!A149 -> KM 26700 (JULIO A. COSTA) | B139: ='RESUMEN TOTAL'!B149 -> KM 07 | C139: ='RESUMEN TOTAL'!D149 -> EL ALJIBE E/ EL ZONDA Y DON SEGUNDO SOMBRA | D139: ='RESUMEN TOTAL'!E149 -> DOMO | E139: ='RESUMEN TOTAL'!F149 -> Radio | F139: ='RESUMEN TOTAL'!K149 -> 0 | G139: ='RESUMEN TOTAL'!L149 -> 0 | H139: ='RESUMEN TOTAL'!M149 -> 0 | I139: ='RESUMEN TOTAL'!N149 -> 0 | J139: ='RESUMEN TOTAL'!O149 -> 0 | K139: ='RESUMEN TOTAL'!P149 -> 0 | L139: ='RESUMEN TOTAL'!Q149 -> 0 | M139: ='RESUMEN TOTAL'!R149 -> 0 | ... AI139: ='RESUMEN TOTAL'!AN149 -> 0
A140: ='RESUMEN TOTAL'!A152 -> KM 26700 (JULIO A. COSTA) | B140: ='RESUMEN TOTAL'!B152 -> KM 10 / UPA 2 | C140: ='RESUMEN TOTAL'!D152 -> PLAYA DE ESTACIONAMIENTO INTERNA E/ HOSP. MODULAR Y UPA 11. | D140: ='RESUMEN TOTAL'!E152 -> DOMO | E140: ='RESUMEN TOTAL'!F152 -> Radio | F140: ='RESUMEN TOTAL'!K152 -> 0 | G140: ='RESUMEN TOTAL'!L152 -> 0 | H140: ='RESUMEN TOTAL'!M152 -> 0 | I140: ='RESUMEN TOTAL'!N152 -> 0 | J140: ='RESUMEN TOTAL'!O152 -> 0 | K140: ='RESUMEN TOTAL'!P152 -> 0 | L140: ='RESUMEN TOTAL'!Q152 -> 0 | M140: ='RESUMEN TOTAL'!R152 -> 0 | ... AI140: ='RESUMEN TOTAL'!AN152 -> 0
A141: ='RESUMEN TOTAL'!A154 -> KM 26700 (JULIO A. COSTA) | B141: ='RESUMEN TOTAL'!B154 -> KM 12 FIJA 1 | C141: ='RESUMEN TOTAL'!D154 -> BLANDENGUES Y LA ZAMBA | D141: ='RESUMEN TOTAL'!E154 -> Fija | E141: ='RESUMEN TOTAL'!F154 -> PTO A FO | F141: ='RESUMEN TOTAL'!K154 -> 0 | G141: ='RESUMEN TOTAL'!L154 -> 0 | H141: ='RESUMEN TOTAL'!M154 -> 0 | I141: ='RESUMEN TOTAL'!N154 -> 0 | J141: ='RESUMEN TOTAL'!O154 -> 0 | K141: ='RESUMEN TOTAL'!P154 -> 0 | L141: ='RESUMEN TOTAL'!Q154 -> 0 | M141: ='RESUMEN TOTAL'!R154 -> 0 | ... AI141: ='RESUMEN TOTAL'!AN154 -> 0
A142: ='RESUMEN TOTAL'!A155 -> KM 26700 (JULIO A. COSTA) | B142: ='RESUMEN TOTAL'!B155 -> KM 13 FIJA 2 | C142: ='RESUMEN TOTAL'!D155 -> BLANDENGUES Y LA ZAMBA | D142: ='RESUMEN TOTAL'!E155 -> Fija | E142: ='RESUMEN TOTAL'!F155 -> PTO A FO | F142: ='RESUMEN TOTAL'!K155 -> 0 | G142: ='RESUMEN TOTAL'!L155 -> 0 | H142: ='RESUMEN TOTAL'!M155 -> 0 | I142: ='RESUMEN TOTAL'!N155 -> 0 | J142: ='RESUMEN TOTAL'!O155 -> 0 | K142: ='RESUMEN TOTAL'!P155 -> 0 | L142: ='RESUMEN TOTAL'!Q155 -> 0 | M142: ='RESUMEN TOTAL'!R155 -> 0 | ... AI142: ='RESUMEN TOTAL'!AN155 -> 0
A143: ='RESUMEN TOTAL'!A156 -> KM 26700 (JULIO A. COSTA) | B143: ='RESUMEN TOTAL'!B156 -> KM 14 (fija 1) | C143: ='RESUMEN TOTAL'!D156 -> EL GAUCHO Y EL ZONDA | D143: ='RESUMEN TOTAL'!E156 -> Fija | E143: ='RESUMEN TOTAL'!F156 -> PTO A FO | F143: ='RESUMEN TOTAL'!K156 -> 0 | G143: ='RESUMEN TOTAL'!L156 -> 0 | H143: ='RESUMEN TOTAL'!M156 -> 0 | I143: ='RESUMEN TOTAL'!N156 -> 0 | J143: ='RESUMEN TOTAL'!O156 -> 0 | K143: ='RESUMEN TOTAL'!P156 -> 0 | L143: ='RESUMEN TOTAL'!Q156 -> 0 | M143: ='RESUMEN TOTAL'!R156 -> 0 | ... AI143: ='RESUMEN TOTAL'!AN156 -> 0
A144: ='RESUMEN TOTAL'!A157 -> KM 26700 (JULIO A. COSTA) | B144: ='RESUMEN TOTAL'!B157 -> KM 15 (fija 2) | C144: ='RESUMEN TOTAL'!D157 -> EL GAUCHO Y EL ZONDA | D144: ='RESUMEN TOTAL'!E157 -> Fija | E144: ='RESUMEN TOTAL'!F157 -> PTO A FO | F144: ='RESUMEN TOTAL'!K157 -> 0 | G144: ='RESUMEN TOTAL'!L157 -> 0 | H144: ='RESUMEN TOTAL'!M157 -> 0 | I144: ='RESUMEN TOTAL'!N157 -> 0 | J144: ='RESUMEN TOTAL'!O157 -> 0 | K144: ='RESUMEN TOTAL'!P157 -> 0 | L144: ='RESUMEN TOTAL'!Q157 -> 0 | M144: ='RESUMEN TOTAL'!R157 -> 0 | ... AI144: ='RESUMEN TOTAL'!AN157 -> 0
A145: ='RESUMEN TOTAL'!A158 -> KM 26700 (JULIO A. COSTA) | B145: ='RESUMEN TOTAL'!B158 -> KM 16 (fija 1) | C145: ='RESUMEN TOTAL'!D158 -> EL GAUCHO Y MARTIN FIERRO | D145: ='RESUMEN TOTAL'!E158 -> Fija | E145: ='RESUMEN TOTAL'!F158 -> PTO A FO | F145: ='RESUMEN TOTAL'!K158 -> 0 | G145: ='RESUMEN TOTAL'!L158 -> 0 | H145: ='RESUMEN TOTAL'!M158 -> 0 | I145: ='RESUMEN TOTAL'!N158 -> 0 | J145: ='RESUMEN TOTAL'!O158 -> 0 | K145: ='RESUMEN TOTAL'!P158 -> 0 | L145: ='RESUMEN TOTAL'!Q158 -> 0 | M145: ='RESUMEN TOTAL'!R158 -> 0 | ... AI145: ='RESUMEN TOTAL'!AN158 -> 0
A146: ='RESUMEN TOTAL'!A159 -> KM 26700 (JULIO A. COSTA) | B146: ='RESUMEN TOTAL'!B159 -> KM 17 (fija 2) | C146: ='RESUMEN TOTAL'!D159 -> EL GAUCHO Y MARTIN FIERRO | D146: ='RESUMEN TOTAL'!E159 -> Fija | E146: ='RESUMEN TOTAL'!F159 -> PTO A FO | F146: ='RESUMEN TOTAL'!K159 -> 0 | G146: ='RESUMEN TOTAL'!L159 -> 0 | H146: ='RESUMEN TOTAL'!M159 -> 0 | I146: ='RESUMEN TOTAL'!N159 -> 0 | J146: ='RESUMEN TOTAL'!O159 -> 0 | K146: ='RESUMEN TOTAL'!P159 -> 0 | L146: ='RESUMEN TOTAL'!Q159 -> 0 | M146: ='RESUMEN TOTAL'!R159 -> 0 | ... AI146: ='RESUMEN TOTAL'!AN159 -> 0
A147: ='RESUMEN TOTAL'!A143 -> VILLA ARGENTINA | B147: ='RESUMEN TOTAL'!B143 -> KM01 | C147: ='RESUMEN TOTAL'!D143 -> Vias FFCC y La Pulperia | D147: ='RESUMEN TOTAL'!E143 -> DOMO | E147: ='RESUMEN TOTAL'!F143 -> Radio | F147: ='RESUMEN TOTAL'!K143 -> APAGADO | G147: ='RESUMEN TOTAL'!L143 -> APAGADO | H147: ='RESUMEN TOTAL'!M143 -> 0 | I147: ='RESUMEN TOTAL'!N143 -> 0 | J147: ='RESUMEN TOTAL'!O143 -> 0 | K147: ='RESUMEN TOTAL'!P143 -> 0 | L147: ='RESUMEN TOTAL'!Q143 -> 0 | M147: ='RESUMEN TOTAL'!R143 -> 0 | ... AI147: ='RESUMEN TOTAL'!AN143 -> 0
A148: ='RESUMEN TOTAL'!A144 -> CHACABUCO | B148: ='RESUMEN TOTAL'!B144 -> KM02 | C148: ='RESUMEN TOTAL'!D144 -> Novak e/El Overo y el Mangrullo | D148: ='RESUMEN TOTAL'!E144 -> Domo | E148: ='RESUMEN TOTAL'!F144 -> Radio | F148: ='RESUMEN TOTAL'!K144 -> 0 | G148: ='RESUMEN TOTAL'!L144 -> 0 | H148: ='RESUMEN TOTAL'!M144 -> 0 | I148: ='RESUMEN TOTAL'!N144 -> 0 | J148: ='RESUMEN TOTAL'!O144 -> 0 | K148: ='RESUMEN TOTAL'!P144 -> 0 | L148: ='RESUMEN TOTAL'!Q144 -> 0 | M148: ='RESUMEN TOTAL'!R144 -> 0 | ... AI148: ='RESUMEN TOTAL'!AN144 -> 0
A149: ='RESUMEN TOTAL'!A145 -> KM 26700 (JULIO A. COSTA) | B149: ='RESUMEN TOTAL'!B145 -> KM03 | C149: ='RESUMEN TOTAL'!D145 -> Novak y La Pulperia | D149: ='RESUMEN TOTAL'!E145 -> Domo | E149: ='RESUMEN TOTAL'!F145 -> Radio | F149: ='RESUMEN TOTAL'!K145 -> 0 | G149: ='RESUMEN TOTAL'!L145 -> 0 | H149: ='RESUMEN TOTAL'!M145 -> 0 | I149: ='RESUMEN TOTAL'!N145 -> 0 | J149: ='RESUMEN TOTAL'!O145 -> 0 | K149: ='RESUMEN TOTAL'!P145 -> 0 | L149: ='RESUMEN TOTAL'!Q145 -> 0 | M149: ='RESUMEN TOTAL'!R145 -> 0 | ... AI149: ='RESUMEN TOTAL'!AN145 -> 0
A150: ='RESUMEN TOTAL'!A146 -> KM 26700 (JULIO A. COSTA) | B150: ='RESUMEN TOTAL'!B146 -> KM04 | C150: ='RESUMEN TOTAL'!D146 -> El Ombu y El Zonda | D150: ='RESUMEN TOTAL'!E146 -> Domo | E150: ='RESUMEN TOTAL'!F146 -> Radio | F150: ='RESUMEN TOTAL'!K146 -> 0 | G150: ='RESUMEN TOTAL'!L146 -> 0 | H150: ='RESUMEN TOTAL'!M146 -> 0 | I150: ='RESUMEN TOTAL'!N146 -> 0 | J150: ='RESUMEN TOTAL'!O146 -> 0 | K150: ='RESUMEN TOTAL'!P146 -> 0 | L150: ='RESUMEN TOTAL'!Q146 -> 0 | M150: ='RESUMEN TOTAL'!R146 -> 0 | ... AI150: ='RESUMEN TOTAL'!AN146 -> 0
A151: ='RESUMEN TOTAL'!A147 -> KM 26700 (JULIO A. COSTA) | B151: ='RESUMEN TOTAL'!B147 -> KM05 | C151: ='RESUMEN TOTAL'!D147 -> El Ombu y Los Charruas | D151: ='RESUMEN TOTAL'!E147 -> Domo | E151: ='RESUMEN TOTAL'!F147 -> Radio | F151: ='RESUMEN TOTAL'!K147 -> 0 | G151: ='RESUMEN TOTAL'!L147 -> 0 | H151: ='RESUMEN TOTAL'!M147 -> 0 | I151: ='RESUMEN TOTAL'!N147 -> 0 | J151: ='RESUMEN TOTAL'!O147 -> 0 | K151: ='RESUMEN TOTAL'!P147 -> 0 | L151: ='RESUMEN TOTAL'!Q147 -> 0 | M151: ='RESUMEN TOTAL'!R147 -> 0 | ... AI151: ='RESUMEN TOTAL'!AN147 -> 0
A152: ='RESUMEN TOTAL'!A148 -> KM 26700 (JULIO A. COSTA) | B152: ='RESUMEN TOTAL'!B148 -> KM06 | C152: ='RESUMEN TOTAL'!D148 -> El Ombu y La Cautiva | D152: ='RESUMEN TOTAL'!E148 -> DOMO | E152: ='RESUMEN TOTAL'!F148 -> Radio | F152: ='RESUMEN TOTAL'!K148 -> 0 | G152: ='RESUMEN TOTAL'!L148 -> 0 | H152: ='RESUMEN TOTAL'!M148 -> 0 | I152: ='RESUMEN TOTAL'!N148 -> 0 | J152: ='RESUMEN TOTAL'!O148 -> 0 | K152: ='RESUMEN TOTAL'!P148 -> 0 | L152: ='RESUMEN TOTAL'!Q148 -> 0 | M152: ='RESUMEN TOTAL'!R148 -> 0 | ... AI152: ='RESUMEN TOTAL'!AN148 -> 0
A153: ='RESUMEN TOTAL'!A150 -> KM 26700 (JULIO A. COSTA) | B153: ='RESUMEN TOTAL'!B150 -> KM08 / UPA 03 | C153: ='RESUMEN TOTAL'!D150 -> LOS CHARRUAS Y BLANDENGUES | D153: ='RESUMEN TOTAL'!E150 -> DOMO | E153: ='RESUMEN TOTAL'!F150 -> Radio | F153: ='RESUMEN TOTAL'!K150 -> 0 | G153: ='RESUMEN TOTAL'!L150 -> 0 | H153: ='RESUMEN TOTAL'!M150 -> 0 | I153: ='RESUMEN TOTAL'!N150 -> 0 | J153: ='RESUMEN TOTAL'!O150 -> 0 | K153: ='RESUMEN TOTAL'!P150 -> 0 | L153: ='RESUMEN TOTAL'!Q150 -> 0 | M153: ='RESUMEN TOTAL'!R150 -> 0 | ... AI153: ='RESUMEN TOTAL'!AN150 -> 0
A154: ='RESUMEN TOTAL'!A151 -> KM 26700 (JULIO A. COSTA) | B154: ='RESUMEN TOTAL'!B151 -> KM09 / UPA 1 | C154: ='RESUMEN TOTAL'!D151 -> NOVAK Y LA POSTA | D154: ='RESUMEN TOTAL'!E151 -> DOMO | E154: ='RESUMEN TOTAL'!F151 -> Radio | F154: ='RESUMEN TOTAL'!K151 -> 0 | G154: ='RESUMEN TOTAL'!L151 -> 0 | H154: ='RESUMEN TOTAL'!M151 -> 0 | I154: ='RESUMEN TOTAL'!N151 -> 0 | J154: ='RESUMEN TOTAL'!O151 -> 0 | K154: ='RESUMEN TOTAL'!P151 -> 0 | L154: ='RESUMEN TOTAL'!Q151 -> 0 | M154: ='RESUMEN TOTAL'!R151 -> 0 | ... AI154: ='RESUMEN TOTAL'!AN151 -> 0
A155: ='RESUMEN TOTAL'!A153 -> KM 26700 (JULIO A. COSTA) | B155: ='RESUMEN TOTAL'!B153 -> KM11 | C155: ='RESUMEN TOTAL'!D153 -> NOVAK Y EL OVERO | D155: ='RESUMEN TOTAL'!E153 -> DOMO | E155: ='RESUMEN TOTAL'!F153 -> Fibra Optica | F155: ='RESUMEN TOTAL'!K153 -> 0 | G155: ='RESUMEN TOTAL'!L153 -> 0 | H155: ='RESUMEN TOTAL'!M153 -> 0 | I155: ='RESUMEN TOTAL'!N153 -> 0 | J155: ='RESUMEN TOTAL'!O153 -> 0 | K155: ='RESUMEN TOTAL'!P153 -> 0 | L155: ='RESUMEN TOTAL'!Q153 -> 0 | M155: ='RESUMEN TOTAL'!R153 -> 0 | ... AI155: ='RESUMEN TOTAL'!AN153 -> 0
A156: ='RESUMEN TOTAL'!A160 -> LOMAS DE MONTEVERDE | B156: ='RESUMEN TOTAL'!B160 -> LDM 01 | C156: ='RESUMEN TOTAL'!D160 -> ILLIA Y BOUREL | D156: ='RESUMEN TOTAL'!E160 -> DOMO | E156: ='RESUMEN TOTAL'!F160 -> PTO A FO | F156: ='RESUMEN TOTAL'!K160 -> 0 | G156: ='RESUMEN TOTAL'!L160 -> 0 | H156: ='RESUMEN TOTAL'!M160 -> 0 | I156: ='RESUMEN TOTAL'!N160 -> 0 | J156: ='RESUMEN TOTAL'!O160 -> 0 | K156: ='RESUMEN TOTAL'!P160 -> 0 | L156: ='RESUMEN TOTAL'!Q160 -> 0 | M156: ='RESUMEN TOTAL'!R160 -> 0 | ... AI156: ='RESUMEN TOTAL'!AN160 -> 0
A157: ='RESUMEN TOTAL'!A161 -> LOMAS DE MONTEVERDE | B157: ='RESUMEN TOTAL'!B161 -> LDM 02 | C157: ='RESUMEN TOTAL'!D161 -> LAS HERAS Y EDISON | D157: ='RESUMEN TOTAL'!E161 -> DOMO | E157: ='RESUMEN TOTAL'!F161 -> PTO A FO | F157: ='RESUMEN TOTAL'!K161 -> 0 | G157: ='RESUMEN TOTAL'!L161 -> APAGADO | H157: ='RESUMEN TOTAL'!M161 -> APAGADO | I157: ='RESUMEN TOTAL'!N161 -> APAGADO | J157: ='RESUMEN TOTAL'!O161 -> 0 | K157: ='RESUMEN TOTAL'!P161 -> 0 | L157: ='RESUMEN TOTAL'!Q161 -> 0 | M157: ='RESUMEN TOTAL'!R161 -> 0 | ... AI157: ='RESUMEN TOTAL'!AN161 -> 0
A158: ='RESUMEN TOTAL'!A162 -> LOMAS DE MONTEVERDE | B158: ='RESUMEN TOTAL'!B162 -> LDM 03 | C158: ='RESUMEN TOTAL'!D162 -> LAS HERAS Y FRANKLIN | D158: ='RESUMEN TOTAL'!E162 -> DOMO | E158: ='RESUMEN TOTAL'!F162 -> PTO A FO | F158: ='RESUMEN TOTAL'!K162 -> APAGADO | G158: ='RESUMEN TOTAL'!L162 -> 0 | H158: ='RESUMEN TOTAL'!M162 -> 0 | I158: ='RESUMEN TOTAL'!N162 -> 0 | J158: ='RESUMEN TOTAL'!O162 -> 0 | K158: ='RESUMEN TOTAL'!P162 -> 0 | L158: ='RESUMEN TOTAL'!Q162 -> 0 | M158: ='RESUMEN TOTAL'!R162 -> 0 | ... AI158: ='RESUMEN TOTAL'!AN162 -> 0
A159: ='RESUMEN TOTAL'!A163 -> LIBERTAD | B159: ='RESUMEN TOTAL'!B163 -> LIBER 01 | C159: ='RESUMEN TOTAL'!D163 -> 511 Y 574 FIJA 01 | D159: ='RESUMEN TOTAL'!E163 -> Fija | E159: ='RESUMEN TOTAL'!F163 -> RADIO | F159: ='RESUMEN TOTAL'!K163 -> 0 | G159: ='RESUMEN TOTAL'!L163 -> 0 | H159: ='RESUMEN TOTAL'!M163 -> 0 | I159: ='RESUMEN TOTAL'!N163 -> 0 | J159: ='RESUMEN TOTAL'!O163 -> 0 | K159: ='RESUMEN TOTAL'!P163 -> 0 | L159: ='RESUMEN TOTAL'!Q163 -> 0 | M159: ='RESUMEN TOTAL'!R163 -> 0 | ... AI159: ='RESUMEN TOTAL'!AN163 -> 0
A160: ='RESUMEN TOTAL'!A164 -> LIBERTAD | B160: ='RESUMEN TOTAL'!B164 -> LIBER 02 | C160: ='RESUMEN TOTAL'!D164 -> 511 Y 574 FIJA 02 | D160: ='RESUMEN TOTAL'!E164 -> Fija | E160: ='RESUMEN TOTAL'!F164 -> Radio | F160: ='RESUMEN TOTAL'!K164 -> 0 | G160: ='RESUMEN TOTAL'!L164 -> 0 | H160: ='RESUMEN TOTAL'!M164 -> 0 | I160: ='RESUMEN TOTAL'!N164 -> 0 | J160: ='RESUMEN TOTAL'!O164 -> 0 | K160: ='RESUMEN TOTAL'!P164 -> 0 | L160: ='RESUMEN TOTAL'!Q164 -> 0 | M160: ='RESUMEN TOTAL'!R164 -> 0 | ... AI160: ='RESUMEN TOTAL'!AN164 -> 0
A161: ='RESUMEN TOTAL'!A165 -> CHACABUCO | B161: ='RESUMEN TOTAL'!B165 -> LPI 01 | C161: ='RESUMEN TOTAL'!D165 -> Maipu y Posadas | D161: ='RESUMEN TOTAL'!E165 -> Domo | E161: ='RESUMEN TOTAL'!F165 -> Radio | F161: ='RESUMEN TOTAL'!K165 -> 0 | G161: ='RESUMEN TOTAL'!L165 -> 0 | H161: ='RESUMEN TOTAL'!M165 -> 0 | I161: ='RESUMEN TOTAL'!N165 -> 0 | J161: ='RESUMEN TOTAL'!O165 -> 0 | K161: ='RESUMEN TOTAL'!P165 -> 0 | L161: ='RESUMEN TOTAL'!Q165 -> 0 | M161: ='RESUMEN TOTAL'!R165 -> 0 | ... AI161: ='RESUMEN TOTAL'!AN165 -> 0
A162: ='RESUMEN TOTAL'!A166 -> CHACABUCO | B162: ='RESUMEN TOTAL'!B166 -> LPI02 | C162: ='RESUMEN TOTAL'!D166 -> EE.UU y Ayacucho | D162: ='RESUMEN TOTAL'!E166 -> Domo | E162: ='RESUMEN TOTAL'!F166 -> Radio | F162: ='RESUMEN TOTAL'!K166 -> 0 | G162: ='RESUMEN TOTAL'!L166 -> 0 | H162: ='RESUMEN TOTAL'!M166 -> 0 | I162: ='RESUMEN TOTAL'!N166 -> 0 | J162: ='RESUMEN TOTAL'!O166 -> 0 | K162: ='RESUMEN TOTAL'!P166 -> 0 | L162: ='RESUMEN TOTAL'!Q166 -> 0 | M162: ='RESUMEN TOTAL'!R166 -> 0 | ... AI162: ='RESUMEN TOTAL'!AN166 -> 0
A163: ='RESUMEN TOTAL'!A167 -> LA PILETA | B163: ='RESUMEN TOTAL'!B167 -> LPI03 (fija 2) | C163: ='RESUMEN TOTAL'!D167 -> MAIPU Y POSADAS | D163: ='RESUMEN TOTAL'!E167 -> Fija | E163: ='RESUMEN TOTAL'!F167 -> Fibra Optica | F163: ='RESUMEN TOTAL'!K167 -> 0 | G163: ='RESUMEN TOTAL'!L167 -> 0 | H163: ='RESUMEN TOTAL'!M167 -> 0 | I163: ='RESUMEN TOTAL'!N167 -> 0 | J163: ='RESUMEN TOTAL'!O167 -> 0 | K163: ='RESUMEN TOTAL'!P167 -> 0 | L163: ='RESUMEN TOTAL'!Q167 -> 0 | M163: ='RESUMEN TOTAL'!R167 -> 0 | ... AI163: ='RESUMEN TOTAL'!AN167 -> 0
A164: ='RESUMEN TOTAL'!A168 -> LA PILETA | B164: ='RESUMEN TOTAL'!B168 -> LPI04 (fija 1) | C164: ='RESUMEN TOTAL'!D168 -> MAIPU Y POSADAS | D164: ='RESUMEN TOTAL'!E168 -> FIJA | E164: ='RESUMEN TOTAL'!F168 -> Fibra Optica | F164: ='RESUMEN TOTAL'!K168 -> 0 | G164: ='RESUMEN TOTAL'!L168 -> 0 | H164: ='RESUMEN TOTAL'!M168 -> 0 | I164: ='RESUMEN TOTAL'!N168 -> 0 | J164: ='RESUMEN TOTAL'!O168 -> 0 | K164: ='RESUMEN TOTAL'!P168 -> 0 | L164: ='RESUMEN TOTAL'!Q168 -> 0 | M164: ='RESUMEN TOTAL'!R168 -> 0 | ... AI164: ='RESUMEN TOTAL'!AN168 -> 0
A165: ='RESUMEN TOTAL'!A169 -> LOS PILARES | B165: ='RESUMEN TOTAL'!B169 -> LPR 01 | C165: ='RESUMEN TOTAL'!D169 -> EVA PERON E/ CACHEUTA Y 1406 | D165: ='RESUMEN TOTAL'!E169 -> DOMO | E165: ='RESUMEN TOTAL'!F169 -> FIBRA OPTICA | F165: ='RESUMEN TOTAL'!K169 -> 0 | G165: ='RESUMEN TOTAL'!L169 -> 0 | H165: ='RESUMEN TOTAL'!M169 -> 0 | I165: ='RESUMEN TOTAL'!N169 -> 0 | J165: ='RESUMEN TOTAL'!O169 -> 0 | K165: ='RESUMEN TOTAL'!P169 -> 0 | L165: ='RESUMEN TOTAL'!Q169 -> 0 | M165: ='RESUMEN TOTAL'!R169 -> 0 | ... AI165: ='RESUMEN TOTAL'!AN169 -> 0
A166: ='RESUMEN TOTAL'!A170 -> LOS PILARES | B166: ='RESUMEN TOTAL'!B170 -> LPR02 (fija 1) | C166: ='RESUMEN TOTAL'!D170 -> EVA PERON Y CACHEUTA | D166: ='RESUMEN TOTAL'!E170 -> Fija | E166: ='RESUMEN TOTAL'!F170 -> Fibra Optica | F166: ='RESUMEN TOTAL'!K170 -> 0 | G166: ='RESUMEN TOTAL'!L170 -> 0 | H166: ='RESUMEN TOTAL'!M170 -> 0 | I166: ='RESUMEN TOTAL'!N170 -> 0 | J166: ='RESUMEN TOTAL'!O170 -> 0 | K166: ='RESUMEN TOTAL'!P170 -> 0 | L166: ='RESUMEN TOTAL'!Q170 -> 0 | M166: ='RESUMEN TOTAL'!R170 -> 0 | ... AI166: ='RESUMEN TOTAL'!AN170 -> 0
A167: ='RESUMEN TOTAL'!A171 -> LOS PILARES | B167: ='RESUMEN TOTAL'!B171 -> LPR03 (fija 2) | C167: ='RESUMEN TOTAL'!D171 -> EVA PERON Y CACHEUTA | D167: ='RESUMEN TOTAL'!E171 -> Fija | E167: ='RESUMEN TOTAL'!F171 -> Fibra Optica | F167: ='RESUMEN TOTAL'!K171 -> 0 | G167: ='RESUMEN TOTAL'!L171 -> 0 | H167: ='RESUMEN TOTAL'!M171 -> 0 | I167: ='RESUMEN TOTAL'!N171 -> 0 | J167: ='RESUMEN TOTAL'!O171 -> 0 | K167: ='RESUMEN TOTAL'!P171 -> 0 | L167: ='RESUMEN TOTAL'!Q171 -> 0 | M167: ='RESUMEN TOTAL'!R171 -> 0 | ... AI167: ='RESUMEN TOTAL'!AN171 -> 0
... A260: ='RESUMEN TOTAL'!A264 -> RICARDO ROJAS | B260: ='RESUMEN TOTAL'!B264 -> RRJ 11 | C260: ='RESUMEN TOTAL'!D264 -> LUGONES Y OBLIGADO | D260: ='RESUMEN TOTAL'!E264 -> Domo | E260: ='RESUMEN TOTAL'!F264 -> Fibra Optica | F260: ='RESUMEN TOTAL'!K264 -> APAGADO | G260: ='RESUMEN TOTAL'!L264 -> APAGADO | H260: ='RESUMEN TOTAL'!M264 -> APAGADO | I260: ='RESUMEN TOTAL'!N264 -> APAGADO | J260: ='RESUMEN TOTAL'!O264 -> 0 | K260: ='RESUMEN TOTAL'!P264 -> 0 | L260: ='RESUMEN TOTAL'!Q264 -> 0 | M260: ='RESUMEN TOTAL'!R264 -> 0 | ... AI260: ='RESUMEN TOTAL'!AN264 -> 0
A261: ='RESUMEN TOTAL'!A266 -> SANTA ANA | B261: ='RESUMEN TOTAL'!B266 -> SAN 02 | C261: ='RESUMEN TOTAL'!D266 -> HUDSON Y SUIPACHA | D261: ='RESUMEN TOTAL'!E266 -> Fija 2 | E261: ='RESUMEN TOTAL'!F266 -> Fibra Optica | F261: ='RESUMEN TOTAL'!K266 -> 0 | G261: ='RESUMEN TOTAL'!L266 -> 0 | H261: ='RESUMEN TOTAL'!M266 -> 0 | I261: ='RESUMEN TOTAL'!N266 -> 0 | J261: ='RESUMEN TOTAL'!O266 -> 0 | K261: ='RESUMEN TOTAL'!P266 -> 0 | L261: ='RESUMEN TOTAL'!Q266 -> 0 | M261: ='RESUMEN TOTAL'!R266 -> 0 | ... AI261: ='RESUMEN TOTAL'!AN266 -> 0
A262: ='RESUMEN TOTAL'!A267 -> SANTA ANA | B262: ='RESUMEN TOTAL'!B267 -> SAN01 | C262: ='RESUMEN TOTAL'!D267 -> HUDSON Y SUIPACHA | D262: ='RESUMEN TOTAL'!E267 -> Fija 1 | E262: ='RESUMEN TOTAL'!F267 -> Fibra Optica | F262: ='RESUMEN TOTAL'!K267 -> 0 | G262: ='RESUMEN TOTAL'!L267 -> 0 | H262: ='RESUMEN TOTAL'!M267 -> 0 | I262: ='RESUMEN TOTAL'!N267 -> 0 | J262: ='RESUMEN TOTAL'!O267 -> 0 | K262: ='RESUMEN TOTAL'!P267 -> 0 | L262: ='RESUMEN TOTAL'!Q267 -> 0 | M262: ='RESUMEN TOTAL'!R267 -> 0 | ... AI262: ='RESUMEN TOTAL'!AN267 -> 0
A263: ='RESUMEN TOTAL'!A268 -> PRESIDENTE SARMIENTO | B263: ='RESUMEN TOTAL'!B268 -> SAR01 | C263: ='RESUMEN TOTAL'!D268 -> Storni Y Sanchez de Loria | D263: ='RESUMEN TOTAL'!E268 -> Domo | E263: ='RESUMEN TOTAL'!F268 -> Fibra Optica | F263: ='RESUMEN TOTAL'!K268 -> APAGADO | G263: ='RESUMEN TOTAL'!L268 -> APAGADO | H263: ='RESUMEN TOTAL'!M268 -> APAGADO | I263: ='RESUMEN TOTAL'!N268 -> APAGADO | J263: ='RESUMEN TOTAL'!O268 -> 0 | K263: ='RESUMEN TOTAL'!P268 -> 0 | L263: ='RESUMEN TOTAL'!Q268 -> 0 | M263: ='RESUMEN TOTAL'!R268 -> 0 | ... AI263: ='RESUMEN TOTAL'!AN268 -> 0
A264: ='RESUMEN TOTAL'!A269 -> PRESIDENTE SARMIENTO | B264: ='RESUMEN TOTAL'!B269 -> SAR 02 (fija 1) | C264: ='RESUMEN TOTAL'!D269 -> DARDO ROCHA Y GABRIELA MISTRAL | D264: ='RESUMEN TOTAL'!E269 -> Fija | E264: ='RESUMEN TOTAL'!F269 -> Fibra Optica | F264: ='RESUMEN TOTAL'!K269 -> APAGADO | G264: ='RESUMEN TOTAL'!L269 -> APAGADO | H264: ='RESUMEN TOTAL'!M269 -> APAGADO | I264: ='RESUMEN TOTAL'!N269 -> APAGADO | J264: ='RESUMEN TOTAL'!O269 -> 0 | K264: ='RESUMEN TOTAL'!P269 -> 0 | L264: ='RESUMEN TOTAL'!Q269 -> 0 | M264: ='RESUMEN TOTAL'!R269 -> 0 | ... AI264: ='RESUMEN TOTAL'!AN269 -> 0
A265: ='RESUMEN TOTAL'!A270 -> PRESIDENTE SARMIENTO | B265: ='RESUMEN TOTAL'!B270 -> SAR 03 (fija 2) | C265: ='RESUMEN TOTAL'!D270 -> DARDO ROCHA Y GABRIELA MISTRAL | D265: ='RESUMEN TOTAL'!E270 -> Fija | E265: ='RESUMEN TOTAL'!F270 -> Fibra Optica | F265: ='RESUMEN TOTAL'!K270 -> APAGADO | G265: ='RESUMEN TOTAL'!L270 -> APAGADO | H265: ='RESUMEN TOTAL'!M270 -> APAGADO | I265: ='RESUMEN TOTAL'!N270 -> APAGADO | J265: ='RESUMEN TOTAL'!O270 -> 0 | K265: ='RESUMEN TOTAL'!P270 -> 0 | L265: ='RESUMEN TOTAL'!Q270 -> 0 | M265: ='RESUMEN TOTAL'!R270 -> 0 | ... AI265: ='RESUMEN TOTAL'!AN270 -> 0
A266: ='RESUMEN TOTAL'!A271 -> PRESIDENTE SARMIENTO | B266: ='RESUMEN TOTAL'!B271 -> SAR 04 | C266: ='RESUMEN TOTAL'!D271 -> MONTES DE OCA Y ALVARADO | D266: ='RESUMEN TOTAL'!E271 -> Domo | E266: ='RESUMEN TOTAL'!F271 -> Fibra Optica | F266: ='RESUMEN TOTAL'!K271 -> 0 | G266: ='RESUMEN TOTAL'!L271 -> 0 | H266: ='RESUMEN TOTAL'!M271 -> 0 | I266: ='RESUMEN TOTAL'!N271 -> 0 | J266: ='RESUMEN TOTAL'!O271 -> 0 | K266: ='RESUMEN TOTAL'!P271 -> 0 | L266: ='RESUMEN TOTAL'!Q271 -> 0 | M266: ='RESUMEN TOTAL'!R271 -> 0 | ... AI266: ='RESUMEN TOTAL'!AN271 -> 0
A267: ='RESUMEN TOTAL'!A272 -> PRESIDENTE SARMIENTO | B267: ='RESUMEN TOTAL'!B272 -> SAR 05 | C267: ='RESUMEN TOTAL'!D272 -> ALVARADO Y ROCHA | D267: ='RESUMEN TOTAL'!E272 -> Domo | E267: ='RESUMEN TOTAL'!F272 -> Fibra Optica | F267: ='RESUMEN TOTAL'!K272 -> 0 | G267: ='RESUMEN TOTAL'!L272 -> 0 | H267: ='RESUMEN TOTAL'!M272 -> 0 | I267: ='RESUMEN TOTAL'!N272 -> 0 | J267: ='RESUMEN TOTAL'!O272 -> 0 | K267: ='RESUMEN TOTAL'!P272 -> 0 | L267: ='RESUMEN TOTAL'!Q272 -> 0 | M267: ='RESUMEN TOTAL'!R272 -> 0 | ... AI267: ='RESUMEN TOTAL'!AN272 -> 0
A268: ='RESUMEN TOTAL'!A273 -> PRESIDENTE SARMIENTO | B268: ='RESUMEN TOTAL'!B273 -> SAR 06 | C268: ='RESUMEN TOTAL'!D273 -> Necochea y Lorenzini | D268: ='RESUMEN TOTAL'!E273 -> Fija | E268: ='RESUMEN TOTAL'!F273 -> Fibra Optica | F268: ='RESUMEN TOTAL'!K273 -> 0 | G268: ='RESUMEN TOTAL'!L273 -> 0 | H268: ='RESUMEN TOTAL'!M273 -> 0 | I268: ='RESUMEN TOTAL'!N273 -> 0 | J268: ='RESUMEN TOTAL'!O273 -> 0 | K268: ='RESUMEN TOTAL'!P273 -> 0 | L268: ='RESUMEN TOTAL'!Q273 -> 0 | M268: ='RESUMEN TOTAL'!R273 -> 0 | ... AI268: ='RESUMEN TOTAL'!AN273 -> 0
A269: ='RESUMEN TOTAL'!A274 -> PRESIDENTE SARMIENTO | B269: ='RESUMEN TOTAL'!B274 -> SAR 07 | C269: ='RESUMEN TOTAL'!D274 -> Necochea y Lorenzini | D269: ='RESUMEN TOTAL'!E274 -> Fija | E269: ='RESUMEN TOTAL'!F274 -> Fibra Optica | F269: ='RESUMEN TOTAL'!K274 -> 0 | G269: ='RESUMEN TOTAL'!L274 -> 0 | H269: ='RESUMEN TOTAL'!M274 -> 0 | I269: ='RESUMEN TOTAL'!N274 -> 0 | J269: ='RESUMEN TOTAL'!O274 -> 0 | K269: ='RESUMEN TOTAL'!P274 -> 0 | L269: ='RESUMEN TOTAL'!Q274 -> 0 | M269: ='RESUMEN TOTAL'!R274 -> 0 | ... AI269: ='RESUMEN TOTAL'!AN274 -> 0
A270: ='RESUMEN TOTAL'!A275 -> PRESIDENTE SARMIENTO | B270: ='RESUMEN TOTAL'!B275 -> SAR 08 | C270: ='RESUMEN TOTAL'!D275 -> Necochea y Montes de Oca | D270: ='RESUMEN TOTAL'!E275 -> Fija | E270: ='RESUMEN TOTAL'!F275 -> Fibra Optica | F270: ='RESUMEN TOTAL'!K275 -> 0 | G270: ='RESUMEN TOTAL'!L275 -> 0 | H270: ='RESUMEN TOTAL'!M275 -> 0 | I270: ='RESUMEN TOTAL'!N275 -> 0 | J270: ='RESUMEN TOTAL'!O275 -> 0 | K270: ='RESUMEN TOTAL'!P275 -> 0 | L270: ='RESUMEN TOTAL'!Q275 -> 0 | M270: ='RESUMEN TOTAL'!R275 -> 0 | ... AI270: ='RESUMEN TOTAL'!AN275 -> 0
A271: ='RESUMEN TOTAL'!A276 -> PRESIDENTE SARMIENTO | B271: ='RESUMEN TOTAL'!B276 -> SAR 09 | C271: ='RESUMEN TOTAL'!D276 -> Necochea y Montes de Oca | D271: ='RESUMEN TOTAL'!E276 -> Fija | E271: ='RESUMEN TOTAL'!F276 -> Fibra Optica | F271: ='RESUMEN TOTAL'!K276 -> 0 | G271: ='RESUMEN TOTAL'!L276 -> 0 | H271: ='RESUMEN TOTAL'!M276 -> 0 | I271: ='RESUMEN TOTAL'!N276 -> 0 | J271: ='RESUMEN TOTAL'!O276 -> 0 | K271: ='RESUMEN TOTAL'!P276 -> 0 | L271: ='RESUMEN TOTAL'!Q276 -> 0 | M271: ='RESUMEN TOTAL'!R276 -> 0 | ... AI271: ='RESUMEN TOTAL'!AN276 -> 0
...

Sheet APAGADOS
E1: APAGADOS | F1: =COUNTIF(F3:F400, "APAGADO") -> 133 | G1: =COUNTIF(G3:G400, "APAGADO") -> 111 | H1: =COUNTIF(H3:H500, "APAGADO") -> 97 | I1: =COUNTIF(I3:I400, "APAGADO") -> 93 | J1: =COUNTIF(J3:J400, "APAGADO") -> 0 | K1: =COUNTIF(K3:K400, "APAGADO") -> 0 | L1: =COUNTIF(L3:L400, "APAGADO") -> 0 | M1: =COUNTIF(M3:M400, "APAGADO") -> 0 | N1: =COUNTIF(N3:N400, "APAGADO") -> 0 | O1: =COUNTIF(O3:O400, "APAGADO") -> 0 | P1: =COUNTIF(P3:P400, "APAGADO") -> 0 | ... AI1: =COUNTIF(AI3:AI400, "APAGADO") -> 0
A2: =ESTADISTICA!A1 -> Barrio | B2: =ESTADISTICA!B1 -> [Denominacion] | C2: =ESTADISTICA!C1 -> [Ubicacion] | D2: =ESTADISTICA!D1 -> [Tipo de Camara] | E2: =ESTADISTICA!E1 -> [Tipo de Conexion] | F2: =ESTADISTICA!F1 -> 44896 | G2: =ESTADISTICA!G1 -> 44897 | H2: =ESTADISTICA!H1 -> 44898 | ... AI2: =ESTADISTICA!AI1 -> 44925
A3: =ESTADISTICA!A2 -> ALTAMIRA | B3: =ESTADISTICA!B2 -> ALT01 | C3: =ESTADISTICA!C2 -> Calchaqui y Sgto. Cabral | D3: =ESTADISTICA!D2 -> Domo | E3: =ESTADISTICA!E2 -> Fibra Optica | F3: =ESTADISTICA!F2 -> APAGADO | G3: =ESTADISTICA!G2 -> APAGADO | H3: =ESTADISTICA!H2 -> APAGADO | ... AI3: =ESTADISTICA!AI2 -> 0
A4: =ESTADISTICA!A3 -> ALTAMIRA | B4: =ESTADISTICA!B3 -> ALT02 | C4: =ESTADISTICA!C3 -> Calchaqui y Lope de Vega | D4: =ESTADISTICA!D3 -> Domo | E4: =ESTADISTICA!E3 -> PTO A FO | F4: =ESTADISTICA!F3 -> APAGADO | G4: =ESTADISTICA!G3 -> APAGADO | H4: =ESTADISTICA!H3 -> APAGADO | ... AI4: =ESTADISTICA!AI3 -> 0
A5: =ESTADISTICA!A4 -> ALTAMIRA | B5: =ESTADISTICA!B4 -> ALT 03 | C5: =ESTADISTICA!C4 -> Bombero Galarza y Necochea | D5: =ESTADISTICA!D4 -> Domo | E5: =ESTADISTICA!E4 -> FIBRA OPTICA | F5: =ESTADISTICA!F4 -> APAGADO | G5: =ESTADISTICA!G4 -> APAGADO | H5: =ESTADISTICA!H4 -> APAGADO | ... AI5: =ESTADISTICA!AI4 -> 0
A6: =ESTADISTICA!A5 -> ALTAMIRA | B6: =ESTADISTICA!B5 -> ALT 04 | C6: =ESTADISTICA!C5 -> Francia y Necochea | D6: =ESTADISTICA!D5 -> Domo | E6: =ESTADISTICA!E5 -> FIBRA OPTICA | F6: =ESTADISTICA!F5 -> APAGADO | G6: =ESTADISTICA!G5 -> APAGADO | H6: =ESTADISTICA!H5 -> APAGADO | ... AI6: =ESTADISTICA!AI5 -> 0
A7: =ESTADISTICA!A6 -> ALTAMIRA | B7: =ESTADISTICA!B6 -> ALT05 | C7: =ESTADISTICA!C6 -> Av. Calchaqui y Bombero Galarza | D7: =ESTADISTICA!D6 -> Domo | E7: =ESTADISTICA!E6 -> PTO A FO | F7: =ESTADISTICA!F6 -> APAGADO | G7: =ESTADISTICA!G6 -> APAGADO | H7: =ESTADISTICA!H6 -> APAGADO | ... AI7: =ESTADISTICA!AI6 -> 0
A8: =ESTADISTICA!A7 -> ALTAMIRA | B8: =ESTADISTICA!B7 -> ALT 06 | C8: =ESTADISTICA!C7 -> LOPE DE VEGA Y NECOCHEA | D8: =ESTADISTICA!D7 -> Domo | E8: =ESTADISTICA!E7 -> PTO A FO | F8: =ESTADISTICA!F7 -> APAGADO | G8: =ESTADISTICA!G7 -> APAGADO | H8: =ESTADISTICA!H7 -> APAGADO | ... AI8: =ESTADISTICA!AI7 -> 0
A9: =ESTADISTICA!A8 -> ALTAMIRA | B9: =ESTADISTICA!B8 -> ALT07 | C9: =ESTADISTICA!C8 -> AV. CALCHAQUI Y AV. DEL TRABAJO | D9: =ESTADISTICA!D8 -> DOMO | E9: =ESTADISTICA!E8 -> PTO A FO | F9: =ESTADISTICA!F8 -> APAGADO | G9: =ESTADISTICA!G8 -> APAGADO | H9: =ESTADISTICA!H8 -> APAGADO | ... AI9: =ESTADISTICA!AI8 -> 0
A10: =ESTADISTICA!A9 -> ALTAMIRA | B10: =ESTADISTICA!B9 -> ALT 08 | C10: =ESTADISTICA!C9 -> HUMAITA Y NECOCHEA | D10: =ESTADISTICA!D9 -> DOMO | E10: =ESTADISTICA!E9 -> Fibra Optica | F10: =ESTADISTICA!F9 -> APAGADO | G10: =ESTADISTICA!G9 -> APAGADO | H10: =ESTADISTICA!H9 -> APAGADO | ... AI10: =ESTADISTICA!AI9 -> 0
A11: =ESTADISTICA!A10 -> ALTAMIRA | B11: =ESTADISTICA!B10 -> ALT 09 | C11: =ESTADISTICA!C10 -> NECOCHEA Y CURUPAITY | D11: =ESTADISTICA!D10 -> DOMO | E11: =ESTADISTICA!E10 -> Fibra Optica | F11: =ESTADISTICA!F10 -> APAGADO | G11: =ESTADISTICA!G10 -> APAGADO | H11: =ESTADISTICA!H10 -> APAGADO | ... AI11: =ESTADISTICA!AI10 -> 0
A12: =ESTADISTICA!A11 -> ALTAMIRA | B12: =ESTADISTICA!B11 -> ALT 10 | C12: =ESTADISTICA!C11 -> Calchaqui y Francia | D12: =ESTADISTICA!D11 -> Domo | E12: =ESTADISTICA!E11 -> Radio | F12: =ESTADISTICA!F11 -> APAGADO | G12: =ESTADISTICA!G11 -> APAGADO | H12: =ESTADISTICA!H11 -> APAGADO | ... AI12: =ESTADISTICA!AI11 -> 0
A13: =ESTADISTICA!A12 -> AGUSTIN RAMIREZ | B13: =ESTADISTICA!B12 -> ARA 01 | C13: =ESTADISTICA!C12 -> Malambo y Tranquera | D13: =ESTADISTICA!D12 -> Domo | E13: =ESTADISTICA!E12 -> FIBRA OPTICA | F13: =ESTADISTICA!F12 -> 0 | G13: =ESTADISTICA!G12 -> 0 | H13: =ESTADISTICA!H12 -> 0 | ... AI13: =ESTADISTICA!AI12 -> 0
... A509: =ESTADISTICA!A508 -> 0 | B509: =ESTADISTICA!B508 -> 0 | C509: =ESTADISTICA!C508 -> 0 | D509: =ESTADISTICA!D508 -> 0 | E509: =ESTADISTICA!E508 -> 0 | F509: =ESTADISTICA!F508 -> 0 | G509: =ESTADISTICA!G508 -> 0 | H509: =ESTADISTICA!H508 -> 0 | ... AI509: =ESTADISTICA!AI508 -> 0

Sheet APAGADOS FIBRA
C1: TOTAL FIBRA | D1: =COUNTIFS(E4:E400,"=Fibra Optica") -> 268
E2: APAGADOS | F2: =COUNTIFS(F4:F500, "=APAGADO",E4:E500,"=Fibra Optica") -> 100 | G2: =COUNTIFS(G4:G500, "=APAGADO",E4:E500,"=Fibra Optica") -> 81 | H2: =COUNTIFS(H4:H500, "=APAGADO",E4:E500,"=Fibra Optica") -> 65 | I2: =COUNTIFS(I4:I500, "=APAGADO",E4:E500,"=Fibra Optica") -> 64 | J2: =COUNTIFS(J4:J500, "=APAGADO",E4:E500,"=Fibra Optica") -> 0 | K2: =COUNTIFS(K4:K500, "=APAGADO",E4:E500,"=Fibra Optica") -> 0 | L2: =COUNTIFS(L4:L500, "=APAGADO",E4:E500,"=Fibra Optica") -> 0 | M2: =COUNTIFS(M4:M500, "=APAGADO",E4:E500,"=Fibra Optica") -> 0 | N2: =COUNTIFS(N4:N500, "=APAGADO",E4:E500,"=Fibra Optica") -> 0 | O2: =COUNTIFS(O4:O500, "=APAGADO",E4:E500,"=Fibra Optica") -> 0 | P2: =COUNTIFS(P4:P500, "=APAGADO",E4:E500,"=Fibra Optica") -> 0 | Q2: =COUNTIFS(Q4:Q500, "=APAGADO",E4:E500,"=Fibra Optica") -> 0 | R2: =COUNTIFS(R4:R500, "=APAGADO",E4:E500,"=Fibra Optica") -> 0 | S2: =COUNTIFS(S4:S500, "=APAGADO",E4:E500,"=Fibra Optica") -> 0 | T2: =COUNTIFS(T4:T500, "=APAGADO",E4:E500,"=Fibra Optica") -> 0 | U2: =COUNTIFS(U4:U500, "=APAGADO",E4:E500,"=Fibra Optica") -> 0 | V2: =COUNTIFS(V4:V500, "=APAGADO",E4:E500,"=Fibra Optica") -> 0 | W2: =COUNTIFS(W4:W500, "=APAGADO",E4:E500,"=Fibra Optica") -> 0 | X2: =COUNTIFS(X4:X500, "=APAGADO",E4:E500,"=Fibra Optica") -> 0 | Y2: =COUNTIFS(Y4:Y500, "=APAGADO",E4:E500,"=Fibra Optica") -> 0 | Z2: =COUNTIFS(Z4:Z500, "=APAGADO",E4:E500,"=Fibra Optica") -> 0 | AA2: =COUNTIFS(AA4:AA500, "=APAGADO",E4:E500,"=Fibra Optica") -> 0 | AB2: =COUNTIFS(AB4:AB500, "=APAGADO",E4:E500,"=Fibra Optica") -> 0 | AC2: =COUNTIFS(AC4:AC500, "=APAGADO",E4:E500,"=Fibra Optica") -> 0 | AD2: =COUNTIFS(AD4:AD500, "=APAGADO",E4:E500,"=Fibra Optica") -> 0 | AE2: =COUNTIFS(AE4:AE500, "=APAGADO",E4:E500,"=Fibra Optica") -> 0 | AF2: =COUNTIFS(AF4:AF500, "=APAGADO",E4:E500,"=Fibra Optica") -> 0 | AG2: =COUNTIFS(AG4:AG500, "=APAGADO",E4:E500,"=Fibra Optica") -> 0 | AH2: =COUNTIFS(AH4:AH500, "=APAGADO",E4:E500,"=Fibra Optica") -> 0 | AI2: =COUNTIFS(AI4:AI400, "=APAGADO",E4:E400,"=Fibra Optica") -> 0
A3: =ESTADISTICA!A1 -> Barrio | B3: =ESTADISTICA!B1 -> [Denominacion] | C3: =ESTADISTICA!C1 -> [Ubicacion] | D3: =ESTADISTICA!D1 -> [Tipo de Camara] | E3: =ESTADISTICA!E1 -> [Tipo de Conexion] | F3: =ESTADISTICA!F1 -> 44896 | G3: =ESTADISTICA!G1 -> 44897 | H3: =ESTADISTICA!H1 -> 44898 | ... AI3: =ESTADISTICA!AI1 -> 44925
A4: =ESTADISTICA!A2 -> ALTAMIRA | B4: =ESTADISTICA!B2 -> ALT01 | C4: =ESTADISTICA!C2 -> Calchaqui y Sgto. Cabral | D4: =ESTADISTICA!D2 -> Domo | E4: =ESTADISTICA!E2 -> Fibra Optica | F4: =ESTADISTICA!F2 -> APAGADO | G4: =ESTADISTICA!G2 -> APAGADO | H4: =ESTADISTICA!H2 -> APAGADO | ... AI4: =ESTADISTICA!AI2 -> 0
A5: =ESTADISTICA!A3 -> ALTAMIRA | B5: =ESTADISTICA!B3 -> ALT02 | C5: =ESTADISTICA!C3 -> Calchaqui y Lope de Vega | D5: =ESTADISTICA!D3 -> Domo | E5: =ESTADISTICA!E3 -> PTO A FO | F5: =ESTADISTICA!F3 -> APAGADO | G5: =ESTADISTICA!G3 -> APAGADO | H5: =ESTADISTICA!H3 -> APAGADO | ... AI5: =ESTADISTICA!AI3 -> 0
A6: =ESTADISTICA!A4 -> ALTAMIRA | B6: =ESTADISTICA!B4 -> ALT 03 | C6: =ESTADISTICA!C4 -> Bombero Galarza y Necochea | D6: =ESTADISTICA!D4 -> Domo | E6: =ESTADISTICA!E4 -> FIBRA OPTICA | F6: =ESTADISTICA!F4 -> APAGADO | G6: =ESTADISTICA!G4 -> APAGADO | H6: =ESTADISTICA!H4 -> APAGADO | ... AI6: =ESTADISTICA!AI4 -> 0
A7: =ESTADISTICA!A5 -> ALTAMIRA | B7: =ESTADISTICA!B5 -> ALT 04 | C7: =ESTADISTICA!C5 -> Francia y Necochea | D7: =ESTADISTICA!D5 -> Domo | E7: =ESTADISTICA!E5 -> FIBRA OPTICA | F7: =ESTADISTICA!F5 -> APAGADO | G7: =ESTADISTICA!G5 -> APAGADO | H7: =ESTADISTICA!H5 -> APAGADO | ... AI7: =ESTADISTICA!AI5 -> 0
A8: =ESTADISTICA!A6 -> ALTAMIRA | B8: =ESTADISTICA!B6 -> ALT05 | C8: =ESTADISTICA!C6 -> Av. Calchaqui y Bombero Galarza | D8: =ESTADISTICA!D6 -> Domo | E8: =ESTADISTICA!E6 -> PTO A FO | F8: =ESTADISTICA!F6 -> APAGADO | G8: =ESTADISTICA!G6 -> APAGADO | H8: =ESTADISTICA!H6 -> APAGADO | ... AI8: =ESTADISTICA!AI6 -> 0
A9: =ESTADISTICA!A7 -> ALTAMIRA | B9: =ESTADISTICA!B7 -> ALT 06 | C9: =ESTADISTICA!C7 -> LOPE DE VEGA Y NECOCHEA | D9: =ESTADISTICA!D7 -> Domo | E9: =ESTADISTICA!E7 -> PTO A FO | F9: =ESTADISTICA!F7 -> APAGADO | G9: =ESTADISTICA!G7 -> APAGADO | H9: =ESTADISTICA!H7 -> APAGADO | ... AI9: =ESTADISTICA!AI7 -> 0
A10: =ESTADISTICA!A8 -> ALTAMIRA | B10: =ESTADISTICA!B8 -> ALT07 | C10: =ESTADISTICA!C8 -> AV. CALCHAQUI Y AV. DEL TRABAJO | D10: =ESTADISTICA!D8 -> DOMO | E10: =ESTADISTICA!E8 -> PTO A FO | F10: =ESTADISTICA!F8 -> APAGADO | G10: =ESTADISTICA!G8 -> APAGADO | H10: =ESTADISTICA!H8 -> APAGADO | ... AI10: =ESTADISTICA!AI8 -> 0
A11: =ESTADISTICA!A9 -> ALTAMIRA | B11: =ESTADISTICA!B9 -> ALT 08 | C11: =ESTADISTICA!C9 -> HUMAITA Y NECOCHEA | D11: =ESTADISTICA!D9 -> DOMO | E11: =ESTADISTICA!E9 -> Fibra Optica | F11: =ESTADISTICA!F9 -> APAGADO | G11: =ESTADISTICA!G9 -> APAGADO | H11: =ESTADISTICA!H9 -> APAGADO | ... AI11: =ESTADISTICA!AI9 -> 0
A12: =ESTADISTICA!A10 -> ALTAMIRA | B12: =ESTADISTICA!B10 -> ALT 09 | C12: =ESTADISTICA!C10 -> NECOCHEA Y CURUPAITY | D12: =ESTADISTICA!D10 -> DOMO | E12: =ESTADISTICA!E10 -> Fibra Optica | F12: =ESTADISTICA!F10 -> APAGADO | G12: =ESTADISTICA!G10 -> APAGADO | H12: =ESTADISTICA!H10 -> APAGADO | ... AI12: =ESTADISTICA!AI10 -> 0
A13: =ESTADISTICA!A11 -> ALTAMIRA | B13: =ESTADISTICA!B11 -> ALT 10 | C13: =ESTADISTICA!C11 -> Calchaqui y Francia | D13: =ESTADISTICA!D11 -> Domo | E13: =ESTADISTICA!E11 -> Radio | F13: =ESTADISTICA!F11 -> APAGADO | G13: =ESTADISTICA!G11 -> APAGADO | H13: =ESTADISTICA!H11 -> APAGADO | ... AI13: =ESTADISTICA!AI11 -> 0
A14: =ESTADISTICA!A12 -> AGUSTIN RAMIREZ | B14: =ESTADISTICA!B12 -> ARA 01 | C14: =ESTADISTICA!C12 -> Malambo y Tranquera | D14: =ESTADISTICA!D12 -> Domo | E14: =ESTADISTICA!E12 -> FIBRA OPTICA | F14: =ESTADISTICA!F12 -> 0 | G14: =ESTADISTICA!G12 -> 0 | H14: =ESTADISTICA!H12 -> 0 | ... AI14: =ESTADISTICA!AI12 -> 0
... A435: =ESTADISTICA!A433 -> 0 | B435: =ESTADISTICA!B433 -> X | C435: =ESTADISTICA!C433 -> BRAILE Y FINOCCHIETTO | D435: =ESTADISTICA!D433 -> DOMO | E435: =ESTADISTICA!E433 -> Fibra Optica | F435: =ESTADISTICA!F433 -> 0 | G435: =ESTADISTICA!G433 -> 0 | H435: =ESTADISTICA!H433 -> 0 | ... AI435: =ESTADISTICA!AI433 -> 0

Sheet APAGADOS ANTENA
C1: TOTAL PTO A FO
E2: APAGADOS | F2: =COUNTIFS(F4:F500, "=APAGADO",E4:E500,"=PTO A FO") -> 11 | G2: =COUNTIFS(G4:G500, "=APAGADO",E4:E500,"=PTO A FO") -> 11 | H2: =COUNTIFS(H4:H500, "=APAGADO",E4:E500,"=PTO A FO") -> 9 | I2: =COUNTIFS(I4:I500, "=APAGADO",E4:E500,"=PTO A FO") -> 11 | J2: =COUNTIFS(J4:J500, "=APAGADO",E4:E500,"=PTO A FO") -> 0 | K2: =COUNTIFS(K4:K500, "=APAGADO",E4:E500,"=PTO A FO") -> 0 | L2: =COUNTIFS(L4:L500, "=APAGADO",E4:E500,"=PTO A FO") -> 0 | M2: =COUNTIFS(M4:M500, "=APAGADO",E4:E500,"=PTO A FO") -> 0 | N2: =COUNTIFS(N4:N500, "=APAGADO",E4:E500,"=PTO A FO") -> 0 | O2: =COUNTIFS(O4:O500, "=APAGADO",E4:E500,"=PTO A FO") -> 0 | P2: =COUNTIFS(P4:P500, "=APAGADO",E4:E500,"=PTO A FO") -> 0 | Q2: =COUNTIFS(Q4:Q500, "=APAGADO",E4:E500,"=PTO A FO") -> 0 | R2: =COUNTIFS(R4:R500, "=APAGADO",E4:E500,"=PTO A FO") -> 0 | S2: =COUNTIFS(S4:S500, "=APAGADO",E4:E500,"=PTO A FO") -> 0 | T2: =COUNTIFS(T4:T500, "=APAGADO",E4:E500,"=PTO A FO") -> 0 | U2: =COUNTIFS(U4:U500, "=APAGADO",E4:E500,"=PTO A FO") -> 0 | V2: =COUNTIFS(V4:V500, "=APAGADO",E4:E500,"=PTO A FO") -> 0 | W2: =COUNTIFS(W4:W500, "=APAGADO",E4:E500,"=PTO A FO") -> 0 | X2: =COUNTIFS(X4:X500, "=APAGADO",E4:E500,"=PTO A FO") -> 0 | Y2: =COUNTIFS(Y4:Y500, "=APAGADO",E4:E500,"=PTO A FO") -> 0 | Z2: =COUNTIFS(Z4:Z500, "=APAGADO",E4:E500,"=PTO A FO") -> 0 | AA2: =COUNTIFS(AA4:AA500, "=APAGADO",E4:E500,"=PTO A FO") -> 0 | AB2: =COUNTIFS(AB4:AB500, "=APAGADO",E4:E500,"=PTO A FO") -> 0 | AC2: =COUNTIFS(AC4:AC500, "=APAGADO",E4:E500,"=PTO A FO") -> 0 | AD2: =COUNTIFS(AD4:AD500, "=APAGADO",E4:E500,"=PTO A FO") -> 0 | AE2: =COUNTIFS(AE4:AE500, "=APAGADO",E4:E500,"=PTO A FO") -> 0 | AF2: =COUNTIFS(AF4:AF500, "=APAGADO",E4:E500,"=PTO A FO") -> 0 | AG2: =COUNTIFS(AG4:AG500, "=APAGADO",E4:E500,"=PTO A FO") -> 0 | AH2: =COUNTIFS(AH4:AH500, "=APAGADO",E4:E500,"=PTO A FO") -> 0 | AI2: =COUNTIFS(AI4:AI500, "=APAGADO",E4:E500,"=PTO A FO") -> 0
A3: =ESTADISTICA!A1 -> Barrio | B3: =ESTADISTICA!B1 -> [Denominacion] | C3: =ESTADISTICA!C1 -> [Ubicacion] | D3: =ESTADISTICA!D1 -> [Tipo de Camara] | E3: =ESTADISTICA!E1 -> [Tipo de Conexion] | F3: =ESTADISTICA!F1 -> 44896 | G3: =ESTADISTICA!G1 -> 44897 | H3: =ESTADISTICA!H1 -> 44898 | ... AI3: =ESTADISTICA!AI1 -> 44925
A4: =ESTADISTICA!A2 -> ALTAMIRA | B4: =ESTADISTICA!B2 -> ALT01 | C4: =ESTADISTICA!C2 -> Calchaqui y Sgto. Cabral | D4: =ESTADISTICA!D2 -> Domo | E4: =ESTADISTICA!E2 -> Fibra Optica | F4: =ESTADISTICA!F2 -> APAGADO | G4: =ESTADISTICA!G2 -> APAGADO | H4: =ESTADISTICA!H2 -> APAGADO | ... AI4: =ESTADISTICA!AI2 -> 0
A5: =ESTADISTICA!A3 -> ALTAMIRA | B5: =ESTADISTICA!B3 -> ALT02 | C5: =ESTADISTICA!C3 -> Calchaqui y Lope de Vega | D5: =ESTADISTICA!D3 -> Domo | E5: =ESTADISTICA!E3 -> PTO A FO | F5: =ESTADISTICA!F3 -> APAGADO | G5: =ESTADISTICA!G3 -> APAGADO | H5: =ESTADISTICA!H3 -> APAGADO | ... AI5: =ESTADISTICA!AI3 -> 0
A6: =ESTADISTICA!A4 -> ALTAMIRA | B6: =ESTADISTICA!B4 -> ALT 03 | C6: =ESTADISTICA!C4 -> Bombero Galarza y Necochea | D6: =ESTADISTICA!D4 -> Domo | E6: =ESTADISTICA!E4 -> FIBRA OPTICA | F6: =ESTADISTICA!F4 -> APAGADO | G6: =ESTADISTICA!G4 -> APAGADO | H6: =ESTADISTICA!H4 -> APAGADO | ... AI6: =ESTADISTICA!AI4 -> 0
A7: =ESTADISTICA!A5 -> ALTAMIRA | B7: =ESTADISTICA!B5 -> ALT 04 | C7: =ESTADISTICA!C5 -> Francia y Necochea | D7: =ESTADISTICA!D5 -> Domo | E7: =ESTADISTICA!E5 -> FIBRA OPTICA | F7: =ESTADISTICA!F5 -> APAGADO | G7: =ESTADISTICA!G5 -> APAGADO | H7: =ESTADISTICA!H5 -> APAGADO | ... AI7: =ESTADISTICA!AI5 -> 0
A8: =ESTADISTICA!A6 -> ALTAMIRA | B8: =ESTADISTICA!B6 -> ALT05 | C8: =ESTADISTICA!C6 -> Av. Calchaqui y Bombero Galarza | D8: =ESTADISTICA!D6 -> Domo | E8: =ESTADISTICA!E6 -> PTO A FO | F8: =ESTADISTICA!F6 -> APAGADO | G8: =ESTADISTICA!G6 -> APAGADO | H8: =ESTADISTICA!H6 -> APAGADO | ... AI8: =ESTADISTICA!AI6 -> 0
A9: =ESTADISTICA!A7 -> ALTAMIRA | B9: =ESTADISTICA!B7 -> ALT 06 | C9: =ESTADISTICA!C7 -> LOPE DE VEGA Y NECOCHEA | D9: =ESTADISTICA!D7 -> Domo | E9: =ESTADISTICA!E7 -> PTO A FO | F9: =ESTADISTICA!F7 -> APAGADO | G9: =ESTADISTICA!G7 -> APAGADO | H9: =ESTADISTICA!H7 -> APAGADO | ... AI9: =ESTADISTICA!AI7 -> 0
A10: =ESTADISTICA!A8 -> ALTAMIRA | B10: =ESTADISTICA!B8 -> ALT07 | C10: =ESTADISTICA!C8 -> AV. CALCHAQUI Y AV. DEL TRABAJO | D10: =ESTADISTICA!D8 -> DOMO | E10: =ESTADISTICA!E8 -> PTO A FO | F10: =ESTADISTICA!F8 -> APAGADO | G10: =ESTADISTICA!G8 -> APAGADO | H10: =ESTADISTICA!H8 -> APAGADO | ... AI10: =ESTADISTICA!AI8 -> 0
A11: =ESTADISTICA!A9 -> ALTAMIRA | B11: =ESTADISTICA!B9 -> ALT 08 | C11: =ESTADISTICA!C9 -> HUMAITA Y NECOCHEA | D11: =ESTADISTICA!D9 -> DOMO | E11: =ESTADISTICA!E9 -> Fibra Optica | F11: =ESTADISTICA!F9 -> APAGADO | G11: =ESTADISTICA!G9 -> APAGADO | H11: =ESTADISTICA!H9 -> APAGADO | ... AI11: =ESTADISTICA!AI9 -> 0
A12: =ESTADISTICA!A10 -> ALTAMIRA | B12: =ESTADISTICA!B10 -> ALT 09 | C12: =ESTADISTICA!C10 -> NECOCHEA Y CURUPAITY | D12: =ESTADISTICA!D10 -> DOMO | E12: =ESTADISTICA!E10 -> Fibra Optica | F12: =ESTADISTICA!F10 -> APAGADO | G12: =ESTADISTICA!G10 -> APAGADO | H12: =ESTADISTICA!H10 -> APAGADO | ... AI12: =ESTADISTICA!AI10 -> 0
A13: =ESTADISTICA!A11 -> ALTAMIRA | B13: =ESTADISTICA!B11 -> ALT 10 | C13: =ESTADISTICA!C11 -> Calchaqui y Francia | D13: =ESTADISTICA!D11 -> Domo | E13: =ESTADISTICA!E11 -> Radio | F13: =ESTADISTICA!F11 -> APAGADO | G13: =ESTADISTICA!G11 -> APAGADO | H13: =ESTADISTICA!H11 -> APAGADO | ... AI13: =ESTADISTICA!AI11 -> 0
A14: =ESTADISTICA!A12 -> AGUSTIN RAMIREZ | B14: =ESTADISTICA!B12 -> ARA 01 | C14: =ESTADISTICA!C12 -> Malambo y Tranquera | D14: =ESTADISTICA!D12 -> Domo | E14: =ESTADISTICA!E12 -> FIBRA OPTICA | F14: =ESTADISTICA!F12 -> 0 | G14: =ESTADISTICA!G12 -> 0 | H14: =ESTADISTICA!H12 -> 0 | ... AI14: =ESTADISTICA!AI12 -> 0
... A278: =ESTADISTICA!A276 -> SAN EMILIO | B278: =ESTADISTICA!B276 -> SEMI 02 | C278: =ESTADISTICA!C276 -> Cno. Gral. Belgrano y Francia | D278: =ESTADISTICA!D276 -> Domo | E278: =ESTADISTICA!E276 -> FIBRA OPTICA | F278: =ESTADISTICA!F276 -> APAGADO | G278: =ESTADISTICA!G276 -> APAGADO | H278: =ESTADISTICA!H276 -> APAGADO | ... AI278: =ESTADISTICA!AI276 -> 0
B279: =ESTADISTICA!B277 -> SEMI03 (fija 1) | C279: =ESTADISTICA!C277 -> GORRITI E/ GALARZA Y LOPE DE VEGA | D279: =ESTADISTICA!D277 -> Fija | E279: =ESTADISTICA!E277 -> Fibra Optica | F279: =ESTADISTICA!F277 -> 0 | G279: =ESTADISTICA!G277 -> 0 | H279: =ESTADISTICA!H277 -> 0 | I279: =ESTADISTICA!I277 -> 0 | ... AI279: =ESTADISTICA!AI277 -> 0
A280: =ESTADISTICA!A278 -> SAN EMILIO | B280: =ESTADISTICA!B278 -> SEMI04 (fija 2) | C280: =ESTADISTICA!C278 -> GORRITI E/ GALARZA Y LOPE DE VEGA | D280: =ESTADISTICA!D278 -> Fija | E280: =ESTADISTICA!E278 -> Fibra Optica | F280: =ESTADISTICA!F278 -> 0 | G280: =ESTADISTICA!G278 -> 0 | H280: =ESTADISTICA!H278 -> 0 | ... AI280: =ESTADISTICA!AI278 -> 0
A281: =ESTADISTICA!A279 -> LA SIRENA | B281: =ESTADISTICA!B279 -> SIR01 | C281: =ESTADISTICA!C279 -> Moran y Calle 14 | D281: =ESTADISTICA!D279 -> DOMO | E281: =ESTADISTICA!E279 -> Radio | F281: =ESTADISTICA!F279 -> 0 | G281: =ESTADISTICA!G279 -> 0 | H281: =ESTADISTICA!H279 -> 0 | ... AI281: =ESTADISTICA!AI279 -> 0
A282: =ESTADISTICA!A280 -> SAN EDUARDO | B282: =ESTADISTICA!B280 -> SIR 02 | C282: =ESTADISTICA!C280 -> Victorino de la Plaza y Argentina | D282: =ESTADISTICA!D280 -> Domo | E282: =ESTADISTICA!E280 -> Radio | F282: =ESTADISTICA!F280 -> 0 | G282: =ESTADISTICA!G280 -> APAGADO | H282: =ESTADISTICA!H280 -> 0 | ... AI282: =ESTADISTICA!AI280 -> 0
A283: =ESTADISTICA!A281 -> SAN EDUARDO | B283: =ESTADISTICA!B281 -> SIR 03 | C283: =ESTADISTICA!C281 -> MONTES Y LONARDI | D283: =ESTADISTICA!D281 -> DOMO | E283: =ESTADISTICA!E281 -> Radio | F283: =ESTADISTICA!F281 -> 0 | G283: =ESTADISTICA!G281 -> 0 | H283: =ESTADISTICA!H281 -> 0 | ... AI283: =ESTADISTICA!AI281 -> 0
A284: =ESTADISTICA!A282 -> LA SIRENA | B284: =ESTADISTICA!B282 -> SIR 04 | C284: =ESTADISTICA!C282 -> AV. MONTEVERDE Y MORAN | D284: =ESTADISTICA!D282 -> Domo | E284: =ESTADISTICA!E282 -> Fibra Optica | F284: =ESTADISTICA!F282 -> 0 | G284: =ESTADISTICA!G282 -> 0 | H284: =ESTADISTICA!H282 -> 0 | ... AI284: =ESTADISTICA!AI282 -> 0
A285: =ESTADISTICA!A283 -> LA SIRENA | B285: =ESTADISTICA!B283 -> SIR 05 (FIJA 01) | C285: =ESTADISTICA!C283 -> AV. MONTEVERDE Y MORAN | D285: =ESTADISTICA!D283 -> Fija | E285: =ESTADISTICA!E283 -> Fibra Optica | F285: =ESTADISTICA!F283 -> 0 | G285: =ESTADISTICA!G283 -> 0 | H285: =ESTADISTICA!H283 -> 0 | ... AI285: =ESTADISTICA!AI283 -> 0
A286: =ESTADISTICA!A284 -> LA SIRENA | B286: =ESTADISTICA!B284 -> SIR 06 (FIJA 02) | C286: =ESTADISTICA!C284 -> AV. MONTEVERDE Y MORAN | D286: =ESTADISTICA!D284 -> Fija | E286: =ESTADISTICA!E284 -> Fibra Optica | F286: =ESTADISTICA!F284 -> 0 | G286: =ESTADISTICA!G284 -> 0 | H286: =ESTADISTICA!H284 -> 0 | ... AI286: =ESTADISTICA!AI284 -> 0
A287: =ESTADISTICA!A285 -> VILLA AURORA | B287: =ESTADISTICA!B285 -> SIR07 (fija 1) | C287: =ESTADISTICA!C285 -> MONTEVERDE Y URIBURU | D287: =ESTADISTICA!D285 -> Fija | E287: =ESTADISTICA!E285 -> Fibra Optica | F287: =ESTADISTICA!F285 -> 0 | G287: =ESTADISTICA!G285 -> 0 | H287: =ESTADISTICA!H285 -> 0 | ... AI287: =ESTADISTICA!AI285 -> 0
A288: =ESTADISTICA!A286 -> VILLA AURORA | B288: =ESTADISTICA!B286 -> SIR08 (fija 2) | C288: =ESTADISTICA!C286 -> MONTEVERDE Y URIBURU | D288: =ESTADISTICA!D286 -> Fija | E288: =ESTADISTICA!E286 -> Fibra Optica | F288: =ESTADISTICA!F286 -> 0 | G288: =ESTADISTICA!G286 -> 0 | H288: =ESTADISTICA!H286 -> 0 | ... AI288: =ESTADISTICA!AI286 -> 0
A289: =ESTADISTICA!A287 -> LA SIRENA | B289: =ESTADISTICA!B287 -> SIR09 (fija 1) | C289: =ESTADISTICA!C287 -> GUIDO SPANO Y MORAN | D289: =ESTADISTICA!D287 -> Fija | E289: =ESTADISTICA!E287 -> Fibra Optica | F289: =ESTADISTICA!F287 -> 0 | G289: =ESTADISTICA!G287 -> 0 | H289: =ESTADISTICA!H287 -> 0 | ... AI289: =ESTADISTICA!AI287 -> 0
A290: =ESTADISTICA!A288 -> LA SIRENA | B290: =ESTADISTICA!B288 -> SIR10 (fija 2) | C290: =ESTADISTICA!C288 -> GUIDO SPANO Y MORAN | D290: =ESTADISTICA!D288 -> Fija | E290: =ESTADISTICA!E288 -> Fibra Optica | F290: =ESTADISTICA!F288 -> 0 | G290: =ESTADISTICA!G288 -> 0 | H290: =ESTADISTICA!H288 -> 0 | ... AI290: =ESTADISTICA!AI288 -> 0
A291: =ESTADISTICA!A289 -> LA SIRENA | B291: =ESTADISTICA!B289 -> SIR11 (fija 1) | C291: =ESTADISTICA!C289 -> LARREA Y GUARDIA NACIONAL | D291: =ESTADISTICA!D289 -> Fija | E291: =ESTADISTICA!E289 -> Fibra Optica | F291: =ESTADISTICA!F289 -> 0 | G291: =ESTADISTICA!G289 -> 0 | H291: =ESTADISTICA!H289 -> 0 | ... AI291: =ESTADISTICA!AI289 -> 0
... A454: =ESTADISTICA!A452 -> 0 | B454: =ESTADISTICA!B452 -> 0 | C454: =ESTADISTICA!C452 -> 0 | D454: =ESTADISTICA!D452 -> 0 | E454: =ESTADISTICA!E452 -> 0 | F454: =ESTADISTICA!F452 -> 0 | G454: =ESTADISTICA!G452 -> 0 | H454: =ESTADISTICA!H452 -> 0 | ... AI454: =ESTADISTICA!AI452 -> 0

Sheet APAGADOS RADIO
C1: TOTAL RADIO | D1: =COUNTIFS(E4:E400,"=radio") -> 93
E2: APAGADOS | F2: =COUNTIFS(F4:F500, "=APAGADO",E4:E500,"=radio") -> 24 | G2: =COUNTIFS(G4:G500, "=APAGADO",E4:E500,"=radio") -> 21 | H2: =COUNTIFS(H4:H500, "=APAGADO",E4:E500,"=radio") -> 23 | I2: =COUNTIFS(I4:I500, "=APAGADO",E4:E500,"=radio") -> 20 | J2: =COUNTIFS(J4:J500, "=APAGADO",E4:E500,"=radio") -> 0 | K2: =COUNTIFS(K4:K500, "=APAGADO",E4:E500,"=radio") -> 0 | L2: =COUNTIFS(L4:L500, "=APAGADO",E4:E500,"=radio") -> 0 | M2: =COUNTIFS(M4:M500, "=APAGADO",E4:E500,"=radio") -> 0 | N2: =COUNTIFS(N4:N500, "=APAGADO",E4:E500,"=radio") -> 0 | O2: =COUNTIFS(O4:O500, "=APAGADO",E4:E500,"=radio") -> 0 | P2: =COUNTIFS(P4:P500, "=APAGADO",E4:E500,"=radio") -> 0 | Q2: =COUNTIFS(Q4:Q367, "=APAGADO",E4:E367,"=radio") -> 0 | R2: =COUNTIFS(R4:R367, "=APAGADO",E4:E367,"=radio") -> 0 | S2: =COUNTIFS(S4:S500, "=APAGADO",E4:E500,"=radio") -> 0 | T2: =COUNTIFS(T4:T500, "=APAGADO",E4:E500,"=radio") -> 0 | U2: =COUNTIFS(U4:U500, "=APAGADO",E4:E500,"=radio") -> 0 | V2: =COUNTIFS(V4:V500, "=APAGADO",E4:E500,"=radio") -> 0 | W2: =COUNTIFS(W4:W500, "=APAGADO",E4:E500,"=radio") -> 0 | X2: =COUNTIFS(X4:X500, "=APAGADO",E4:E500,"=radio") -> 0 | Y2: =COUNTIFS(Y4:Y500, "=APAGADO",E4:E500,"=radio") -> 0 | Z2: =COUNTIFS(Z4:Z500, "=APAGADO",E4:E500,"=radio") -> 0 | AA2: =COUNTIFS(AA4:AA500, "=APAGADO",E4:E500,"=radio") -> 0 | AB2: =COUNTIFS(AB4:AB500, "=APAGADO",E4:E500,"=radio") -> 0 | AC2: =COUNTIFS(AC4:AC500, "=APAGADO",E4:E500,"=radio") -> 0 | AD2: =COUNTIFS(AD4:AD500, "=APAGADO",E4:E500,"=radio") -> 0 | AE2: =COUNTIFS(AE4:AE500, "=APAGADO",E4:E500,"=radio") -> 0 | AF2: =COUNTIFS(AF4:AF500, "=APAGADO",E4:E500,"=radio") -> 0 | AG2: =COUNTIFS(AG4:AG500, "=APAGADO",E4:E500,"=radio") -> 0 | AH2: =COUNTIFS(AH4:AH500, "=APAGADO",E4:E500,"=radio") -> 0 | AI2: =COUNTIFS(AI4:AI500, "=APAGADO",E4:E500,"=radio") -> 0
A3: =ESTADISTICA!A1 -> Barrio | B3: =ESTADISTICA!B1 -> [Denominacion] | C3: =ESTADISTICA!C1 -> [Ubicacion] | D3: =ESTADISTICA!D1 -> [Tipo de Camara] | E3: =ESTADISTICA!E1 -> [Tipo de Conexion] | F3: =ESTADISTICA!F1 -> 44896 | G3: =ESTADISTICA!G1 -> 44897 | H3: =ESTADISTICA!H1 -> 44898 | ... AI3: =ESTADISTICA!AI1 -> 44925
A4: =ESTADISTICA!A2 -> ALTAMIRA | B4: =ESTADISTICA!B2 -> ALT01 | C4: =ESTADISTICA!C2 -> Calchaqui y Sgto. Cabral | D4: =ESTADISTICA!D2 -> Domo | E4: =ESTADISTICA!E2 -> Fibra Optica | F4: =ESTADISTICA!F2 -> APAGADO | G4: =ESTADISTICA!G2 -> APAGADO | H4: =ESTADISTICA!H2 -> APAGADO | ... AI4: =ESTADISTICA!AI2 -> 0
A5: =ESTADISTICA!A3 -> ALTAMIRA | B5: =ESTADISTICA!B3 -> ALT02 | C5: =ESTADISTICA!C3 -> Calchaqui y Lope de Vega | D5: =ESTADISTICA!D3 -> Domo | E5: =ESTADISTICA!E3 -> PTO A FO | F5: =ESTADISTICA!F3 -> APAGADO | G5: =ESTADISTICA!G3 -> APAGADO | H5: =ESTADISTICA!H3 -> APAGADO | ... AI5: =ESTADISTICA!AI3 -> 0
A6: =ESTADISTICA!A4 -> ALTAMIRA | B6: =ESTADISTICA!B4 -> ALT 03 | C6: =ESTADISTICA!C4 -> Bombero Galarza y Necochea | D6: =ESTADISTICA!D4 -> Domo | E6: =ESTADISTICA!E4 -> FIBRA OPTICA | F6: =ESTADISTICA!F4 -> APAGADO | G6: =ESTADISTICA!G4 -> APAGADO | H6: =ESTADISTICA!H4 -> APAGADO | ... AI6: =ESTADISTICA!AI4 -> 0
A7: =ESTADISTICA!A5 -> ALTAMIRA | B7: =ESTADISTICA!B5 -> ALT 04 | C7: =ESTADISTICA!C5 -> Francia y Necochea | D7: =ESTADISTICA!D5 -> Domo | E7: =ESTADISTICA!E5 -> FIBRA OPTICA | F7: =ESTADISTICA!F5 -> APAGADO | G7: =ESTADISTICA!G5 -> APAGADO | H7: =ESTADISTICA!H5 -> APAGADO | ... AI7: =ESTADISTICA!AI5 -> 0
A8: =ESTADISTICA!A6 -> ALTAMIRA | B8: =ESTADISTICA!B6 -> ALT05 | C8: =ESTADISTICA!C6 -> Av. Calchaqui y Bombero Galarza | D8: =ESTADISTICA!D6 -> Domo | E8: =ESTADISTICA!E6 -> PTO A FO | F8: =ESTADISTICA!F6 -> APAGADO | G8: =ESTADISTICA!G6 -> APAGADO | H8: =ESTADISTICA!H6 -> APAGADO | ... AI8: =ESTADISTICA!AI6 -> 0
A9: =ESTADISTICA!A7 -> ALTAMIRA | B9: =ESTADISTICA!B7 -> ALT 06 | C9: =ESTADISTICA!C7 -> LOPE DE VEGA Y NECOCHEA | D9: =ESTADISTICA!D7 -> Domo | E9: =ESTADISTICA!E7 -> PTO A FO | F9: =ESTADISTICA!F7 -> APAGADO | G9: =ESTADISTICA!G7 -> APAGADO | H9: =ESTADISTICA!H7 -> APAGADO | ... AI9: =ESTADISTICA!AI7 -> 0
A10: =ESTADISTICA!A8 -> ALTAMIRA | B10: =ESTADISTICA!B8 -> ALT07 | C10: =ESTADISTICA!C8 -> AV. CALCHAQUI Y AV. DEL TRABAJO | D10: =ESTADISTICA!D8 -> DOMO | E10: =ESTADISTICA!E8 -> PTO A FO | F10: =ESTADISTICA!F8 -> APAGADO | G10: =ESTADISTICA!G8 -> APAGADO | H10: =ESTADISTICA!H8 -> APAGADO | ... AI10: =ESTADISTICA!AI8 -> 0
A11: =ESTADISTICA!A9 -> ALTAMIRA | B11: =ESTADISTICA!B9 -> ALT 08 | C11: =ESTADISTICA!C9 -> HUMAITA Y NECOCHEA | D11: =ESTADISTICA!D9 -> DOMO | E11: =ESTADISTICA!E9 -> Fibra Optica | F11: =ESTADISTICA!F9 -> APAGADO | G11: =ESTADISTICA!G9 -> APAGADO | H11: =ESTADISTICA!H9 -> APAGADO | ... AI11: =ESTADISTICA!AI9 -> 0
A12: =ESTADISTICA!A10 -> ALTAMIRA | B12: =ESTADISTICA!B10 -> ALT 09 | C12: =ESTADISTICA!C10 -> NECOCHEA Y CURUPAITY | D12: =ESTADISTICA!D10 -> DOMO | E12: =ESTADISTICA!E10 -> Fibra Optica | F12: =ESTADISTICA!F10 -> APAGADO | G12: =ESTADISTICA!G10 -> APAGADO | H12: =ESTADISTICA!H10 -> APAGADO | ... AI12: =ESTADISTICA!AI10 -> 0
A13: =ESTADISTICA!A11 -> ALTAMIRA | B13: =ESTADISTICA!B11 -> ALT 10 | C13: =ESTADISTICA!C11 -> Calchaqui y Francia | D13: =ESTADISTICA!D11 -> Domo | E13: =ESTADISTICA!E11 -> Radio | F13: =ESTADISTICA!F11 -> APAGADO | G13: =ESTADISTICA!G11 -> APAGADO | H13: =ESTADISTICA!H11 -> APAGADO | ... AI13: =ESTADISTICA!AI11 -> 0
A14: =ESTADISTICA!A12 -> AGUSTIN RAMIREZ | B14: =ESTADISTICA!B12 -> ARA 01 | C14: =ESTADISTICA!C12 -> Malambo y Tranquera | D14: =ESTADISTICA!D12 -> Domo | E14: =ESTADISTICA!E12 -> FIBRA OPTICA | F14: =ESTADISTICA!F12 -> 0 | G14: =ESTADISTICA!G12 -> 0 | H14: =ESTADISTICA!H12 -> 0 | ... AI14: =ESTADISTICA!AI12 -> 0
... A278: =ESTADISTICA!A276 -> SAN EMILIO | B278: =ESTADISTICA!B276 -> SEMI 02 | C278: =ESTADISTICA!C276 -> Cno. Gral. Belgrano y Francia | D278: =ESTADISTICA!D276 -> Domo | E278: =ESTADISTICA!E276 -> FIBRA OPTICA | F278: =ESTADISTICA!F276 -> APAGADO | G278: =ESTADISTICA!G276 -> APAGADO | H278: =ESTADISTICA!H276 -> APAGADO | ... AI278: =ESTADISTICA!AI276 -> 0
B279: =ESTADISTICA!B277 -> SEMI03 (fija 1) | C279: =ESTADISTICA!C277 -> GORRITI E/ GALARZA Y LOPE DE VEGA | D279: =ESTADISTICA!D277 -> Fija | E279: =ESTADISTICA!E277 -> Fibra Optica | F279: =ESTADISTICA!F277 -> 0 | G279: =ESTADISTICA!G277 -> 0 | H279: =ESTADISTICA!H277 -> 0 | I279: =ESTADISTICA!I277 -> 0 | ... AI279: =ESTADISTICA!AI277 -> 0
A280: =ESTADISTICA!A278 -> SAN EMILIO | B280: =ESTADISTICA!B278 -> SEMI04 (fija 2) | C280: =ESTADISTICA!C278 -> GORRITI E/ GALARZA Y LOPE DE VEGA | D280: =ESTADISTICA!D278 -> Fija | E280: =ESTADISTICA!E278 -> Fibra Optica | F280: =ESTADISTICA!F278 -> 0 | G280: =ESTADISTICA!G278 -> 0 | H280: =ESTADISTICA!H278 -> 0 | ... AI280: =ESTADISTICA!AI278 -> 0
A281: =ESTADISTICA!A279 -> LA SIRENA | B281: =ESTADISTICA!B279 -> SIR01 | C281: =ESTADISTICA!C279 -> Moran y Calle 14 | D281: =ESTADISTICA!D279 -> DOMO | E281: =ESTADISTICA!E279 -> Radio | F281: =ESTADISTICA!F279 -> 0 | G281: =ESTADISTICA!G279 -> 0 | H281: =ESTADISTICA!H279 -> 0 | ... AI281: =ESTADISTICA!AI279 -> 0
A282: =ESTADISTICA!A280 -> SAN EDUARDO | B282: =ESTADISTICA!B280 -> SIR 02 | C282: =ESTADISTICA!C280 -> Victorino de la Plaza y Argentina | D282: =ESTADISTICA!D280 -> Domo | E282: =ESTADISTICA!E280 -> Radio | F282: =ESTADISTICA!F280 -> 0 | G282: =ESTADISTICA!G280 -> APAGADO | H282: =ESTADISTICA!H280 -> 0 | ... AI282: =ESTADISTICA!AI280 -> 0
A283: =ESTADISTICA!A281 -> SAN EDUARDO | B283: =ESTADISTICA!B281 -> SIR 03 | C283: =ESTADISTICA!C281 -> MONTES Y LONARDI | D283: =ESTADISTICA!D281 -> DOMO | E283: =ESTADISTICA!E281 -> Radio | F283: =ESTADISTICA!F281 -> 0 | G283: =ESTADISTICA!G281 -> 0 | H283: =ESTADISTICA!H281 -> 0 | ... AI283: =ESTADISTICA!AI281 -> 0
A284: =ESTADISTICA!A282 -> LA SIRENA | B284: =ESTADISTICA!B282 -> SIR 04 | C284: =ESTADISTICA!C282 -> AV. MONTEVERDE Y MORAN | D284: =ESTADISTICA!D282 -> Domo | E284: =ESTADISTICA!E282 -> Fibra Optica | F284: =ESTADISTICA!F282 -> 0 | G284: =ESTADISTICA!G282 -> 0 | H284: =ESTADISTICA!H282 -> 0 | ... AI284: =ESTADISTICA!AI282 -> 0
A285: =ESTADISTICA!A283 -> LA SIRENA | B285: =ESTADISTICA!B283 -> SIR 05 (FIJA 01) | C285: =ESTADISTICA!C283 -> AV. MONTEVERDE Y MORAN | D285: =ESTADISTICA!D283 -> Fija | E285: =ESTADISTICA!E283 -> Fibra Optica | F285: =ESTADISTICA!F283 -> 0 | G285: =ESTADISTICA!G283 -> 0 | H285: =ESTADISTICA!H283 -> 0 | ... AI285: =ESTADISTICA!AI283 -> 0
A286: =ESTADISTICA!A284 -> LA SIRENA | B286: =ESTADISTICA!B284 -> SIR 06 (FIJA 02) | C286: =ESTADISTICA!C284 -> AV. MONTEVERDE Y MORAN | D286: =ESTADISTICA!D284 -> Fija | E286: =ESTADISTICA!E284 -> Fibra Optica | F286: =ESTADISTICA!F284 -> 0 | G286: =ESTADISTICA!G284 -> 0 | H286: =ESTADISTICA!H284 -> 0 | ... AI286: =ESTADISTICA!AI284 -> 0
A287: =ESTADISTICA!A285 -> VILLA AURORA | B287: =ESTADISTICA!B285 -> SIR07 (fija 1) | C287: =ESTADISTICA!C285 -> MONTEVERDE Y URIBURU | D287: =ESTADISTICA!D285 -> Fija | E287: =ESTADISTICA!E285 -> Fibra Optica | F287: =ESTADISTICA!F285 -> 0 | G287: =ESTADISTICA!G285 -> 0 | H287: =ESTADISTICA!H285 -> 0 | ... AI287: =ESTADISTICA!AI285 -> 0
A288: =ESTADISTICA!A286 -> VILLA AURORA | B288: =ESTADISTICA!B286 -> SIR08 (fija 2) | C288: =ESTADISTICA!C286 -> MONTEVERDE Y URIBURU | D288: =ESTADISTICA!D286 -> Fija | E288: =ESTADISTICA!E286 -> Fibra Optica | F288: =ESTADISTICA!F286 -> 0 | G288: =ESTADISTICA!G286 -> 0 | H288: =ESTADISTICA!H286 -> 0 | ... AI288: =ESTADISTICA!AI286 -> 0
A289: =ESTADISTICA!A287 -> LA SIRENA | B289: =ESTADISTICA!B287 -> SIR09 (fija 1) | C289: =ESTADISTICA!C287 -> GUIDO SPANO Y MORAN | D289: =ESTADISTICA!D287 -> Fija | E289: =ESTADISTICA!E287 -> Fibra Optica | F289: =ESTADISTICA!F287 -> 0 | G289: =ESTADISTICA!G287 -> 0 | H289: =ESTADISTICA!H287 -> 0 | ... AI289: =ESTADISTICA!AI287 -> 0
A290: =ESTADISTICA!A288 -> LA SIRENA | B290: =ESTADISTICA!B288 -> SIR10 (fija 2) | C290: =ESTADISTICA!C288 -> GUIDO SPANO Y MORAN | D290: =ESTADISTICA!D288 -> Fija | E290: =ESTADISTICA!E288 -> Fibra Optica | F290: =ESTADISTICA!F288 -> 0 | G290: =ESTADISTICA!G288 -> 0 | H290: =ESTADISTICA!H288 -> 0 | ... AI290: =ESTADISTICA!AI288 -> 0
A291: =ESTADISTICA!A289 -> LA SIRENA | B291: =ESTADISTICA!B289 -> SIR11 (fija 1) | C291: =ESTADISTICA!C289 -> LARREA Y GUARDIA NACIONAL | D291: =ESTADISTICA!D289 -> Fija | E291: =ESTADISTICA!E289 -> Fibra Optica | F291: =ESTADISTICA!F289 -> 0 | G291: =ESTADISTICA!G289 -> 0 | H291: =ESTADISTICA!H289 -> 0 | ... AI291: =ESTADISTICA!AI289 -> 0
... A437: =ESTADISTICA!A435 -> 0 | B437: =ESTADISTICA!B435 -> 0 | C437: =ESTADISTICA!C435 -> 0 | D437: =ESTADISTICA!D435 -> 0 | E437: =ESTADISTICA!E435 -> 0 | F437: =ESTADISTICA!F435 -> 0 | G437: =ESTADISTICA!G435 -> 0 | H437: =ESTADISTICA!H435 -> 0 | ... AI437: =ESTADISTICA!AI435 -> 0

Sheet BARRAS

Sheet PORCENTAJE

Sheet informe
B1: CANTIDAD | D1: %
A2: TOTAL | B2: 435 | E2: 44896 | F2: tormenta con granizo el 30-11, hoy lluvioso
A3: CAIDAS | B3: 135 | C3: 135 | D3: =C3/B2 -> 0.31034483
A4: LLEGAMOS NOSOTROS | B4: 5 | C4: =C3-B4 -> 130 | D4: =C4/B2 -> 0.29885057
A5: NO ESTA LA CAMARA | B5: 3 | C5: =C4-B5 -> 127 | D5: =C5/B2 -> 0.29195402
A6: RADIO | B6: 24 | C6: =C5-B6 -> 103 | D6: =C6/B2 -> 0.23678161
A7: TOTAL | B7: 435 | E7: 44897
A8: CAIDAS | B8: 113 | C8: 113 | D8: =C8/B7 -> 0.25977011
A9: LLEGAMOS NOSOTROS | B9: 4 | C9: =C8-B9 -> 109 | D9: =C9/B7 -> 0.25057471
A10: NO ESTA LA CAMARA | B10: 3 | C10: =C9-B10 -> 106 | D10: =C10/B7 -> 0.24367816
A11: RADIO | B11: 21 | C11: =C10-B11 -> 85 | D11: =C11/B7 -> 0.1954023
A12: TOTAL
A13: CAIDAS
A14: LLEGAMOS NOSOTROS
A15: NO ESTA LA CAMARA
A16: RADIO
A17: TOTAL
A18: CAIDAS
A19: LLEGAMOS NOSOTROS
A20: NO ESTA LA CAMARA
A21: RADIO
A22: TOTAL
A23: CAIDAS
... A76: RADIO

Sheet Hoja2
C3: CAMARAS | D3: 44883
B4: BONOMO | C4: =COUNTIFS('RESUMEN TOTAL'!C5:C504,"=BONOMO") -> 228 | D4: 31
D5: 0.13777778
B6: COSEIDI | C6: =COUNTIFS('RESUMEN TOTAL'!C5:C504,"=COSEIDI") -> 207 | D6: 16
D7: 0.07804878

Sheet GRAFICO2

Sheet AUXILIAR
A1: FECHA | B1: RADIO | C1: FIBRA | D1: ANTENA | E1: TOTAL APAGADOS | F1: INSTALADAS | G1: % APAGADOS
A2: ='APAGADOS RADIO'!F3 -> 44896 | B2: ='APAGADOS RADIO'!F2+D2 -> 35 | C2: ='APAGADOS FIBRA'!F2 -> 100 | D2: ='APAGADOS ANTENA'!F2 -> 11 | E2: =B2+C2 -> 135 | F2: ='RESUMEN TOTAL'!B1 -> 435 | G2: =E2/F2 -> 0.31034483
A3: ='APAGADOS RADIO'!G3 -> 44897 | B3: ='APAGADOS RADIO'!G2+D3 -> 32 | C3: ='APAGADOS FIBRA'!G2 -> 81 | D3: ='APAGADOS ANTENA'!G2 -> 11 | E3: =B3+C3 -> 113 | F3: ='RESUMEN TOTAL'!B1 -> 435 | G3: =E3/F3 -> 0.25977011
A4: ='APAGADOS RADIO'!H3 -> 44898
A5: ='APAGADOS RADIO'!I3 -> 44899
A6: ='APAGADOS RADIO'!J3 -> 44900
A7: ='APAGADOS RADIO'!K3 -> 44901
A8: ='APAGADOS RADIO'!L3 -> 44902
A9: ='APAGADOS RADIO'!M3 -> 44903
A10: ='APAGADOS RADIO'!N3 -> 44904
A11: ='APAGADOS RADIO'!O3 -> 44905
A12: ='APAGADOS RADIO'!P3 -> 44906
A13: ='APAGADOS RADIO'!Q3 -> 44907
A14: ='APAGADOS RADIO'!R3 -> 44908
A15: ='APAGADOS RADIO'!S3 -> 44909
A16: ='APAGADOS RADIO'!T3 -> 44910
A17: ='APAGADOS RADIO'!U3 -> 44911
A18: ='APAGADOS RADIO'!V3 -> 44912
A19: ='APAGADOS RADIO'!W3 -> 44913
A20: ='APAGADOS RADIO'!X3 -> 44914
A21: ='APAGADOS RADIO'!Y3 -> 44915
A22: ='APAGADOS RADIO'!Z3 -> 44916
A23: ='APAGADOS RADIO'!AA3 -> 44917
A24: ='APAGADOS RADIO'!AB3 -> 44918
A25: ='APAGADOS RADIO'!AC3 -> 44919
A26: ='APAGADOS RADIO'!AD3 -> 44920
A27: ='APAGADOS RADIO'!AE3 -> 44921
A28: ='APAGADOS RADIO'!AF3 -> 44922
A29: ='APAGADOS RADIO'!AG3 -> 44923
A30: ='APAGADOS RADIO'!AH3 -> 44924
A31: ='APAGADOS RADIO'!AI3 -> 44925

Sheet Hoja1
B1: CAMARAS
A2: BONOMO | B2: =COUNTIFS('RESUMEN TOTAL'!C5:C503,"=BONOMO") -> 228 | F2: 44866 | G2: 44867 | H2: 44868 | I2: 44869 | J2: 44870 | K2: 44871 | L2: 44872 | M2: 44873 | N2: 44874 | O2: 44875 | P2: 44876 | Q2: 44877 | R2: 44878 | S2: 44879 | T2: 44880 | U2: 44881 | V2: 44882 | W2: 44883 | X2: 44884 | Y2: 44885 | Z2: 44886 | AA2: 44887 | AB2: 44888 | AC2: 44889 | AD2: 44890 | AE2: 44891 | AF2: 44892 | AG2: 44893 | AH2: 44894 | AI2: 44895
D3: BONOMO | E3: APAGADAS BONOMO | F3: =COUNTIFS('RESUMEN TOTAL'!C7:C504, "=BONOMO",'RESUMEN TOTAL'!K7:K504,"=APAGADO") -> 69 | G3: =COUNTIFS('RESUMEN TOTAL'!C7:C504, "=BONOMO",'RESUMEN TOTAL'!L7:L504,"=APAGADO") -> 72 | H3: =COUNTIFS('RESUMEN TOTAL'!C7:C504, "=BONOMO",'RESUMEN TOTAL'!M7:M504,"=APAGADO") -> 59 | I3: =COUNTIFS('RESUMEN TOTAL'!C7:C504, "=BONOMO",'RESUMEN TOTAL'!N7:N504,"=APAGADO") -> 56 | J3: =COUNTIFS('RESUMEN TOTAL'!C7:C504, "=BONOMO",'RESUMEN TOTAL'!O7:O504,"=APAGADO") -> 0 | K3: =COUNTIFS('RESUMEN TOTAL'!C7:C504, "=BONOMO",'RESUMEN TOTAL'!P7:P504,"=APAGADO") -> 0 | L3: =COUNTIFS('RESUMEN TOTAL'!C7:C504, "=BONOMO",'RESUMEN TOTAL'!Q7:Q504,"=APAGADO") -> 0 | M3: =COUNTIFS('RESUMEN TOTAL'!C7:C504, "=BONOMO",'RESUMEN TOTAL'!R7:R504,"=APAGADO") -> 0 | N3: =COUNTIFS('RESUMEN TOTAL'!C7:C504, "=BONOMO",'RESUMEN TOTAL'!S7:S504,"=APAGADO") -> 0 | O3: =COUNTIFS('RESUMEN TOTAL'!C7:C504, "=BONOMO",'RESUMEN TOTAL'!T7:T504,"=APAGADO") -> 0 | P3: =COUNTIFS('RESUMEN TOTAL'!C7:C504, "=BONOMO",'RESUMEN TOTAL'!U7:U504,"=APAGADO") -> 0 | Q3: =COUNTIFS('RESUMEN TOTAL'!C7:C504, "=BONOMO",'RESUMEN TOTAL'!V7:V504,"=APAGADO") -> 0 | R3: =COUNTIFS('RESUMEN TOTAL'!C7:C504, "=BONOMO",'RESUMEN TOTAL'!W7:W504,"=APAGADO") -> 0 | S3: =COUNTIFS('RESUMEN TOTAL'!C7:C504, "=BONOMO",'RESUMEN TOTAL'!X7:X504,"=APAGADO") -> 0 | T3: =COUNTIFS('RESUMEN TOTAL'!C7:C504, "=BONOMO",'RESUMEN TOTAL'!Y7:Y504,"=APAGADO") -> 0 | U3: =COUNTIFS('RESUMEN TOTAL'!C7:C504, "=BONOMO",'RESUMEN TOTAL'!Z7:Z504,"=APAGADO") -> 0 | V3: =COUNTIFS('RESUMEN TOTAL'!C7:C504, "=BONOMO",'RESUMEN TOTAL'!AA7:AA504,"=APAGADO") -> 0 | W3: =COUNTIFS('RESUMEN TOTAL'!C7:C504, "=BONOMO",'RESUMEN TOTAL'!AB7:AB504,"=APAGADO") -> 0 | X3: =COUNTIFS('RESUMEN TOTAL'!C7:C504, "=BONOMO",'RESUMEN TOTAL'!AC7:AC504,"=APAGADO") -> 0 | Y3: =COUNTIFS('RESUMEN TOTAL'!C7:C504, "=BONOMO",'RESUMEN TOTAL'!AD7:AD504,"=APAGADO") -> 0 | Z3: =COUNTIFS('RESUMEN TOTAL'!C7:C504, "=BONOMO",'RESUMEN TOTAL'!AE7:AE504,"=APAGADO") -> 0 | AA3: =COUNTIFS('RESUMEN TOTAL'!C7:C504, "=BONOMO",'RESUMEN TOTAL'!AF7:AF504,"=APAGADO") -> 0 | AB3: =COUNTIFS('RESUMEN TOTAL'!C7:C504, "=BONOMO",'RESUMEN TOTAL'!AG7:AG504,"=APAGADO") -> 0 | AC3: =COUNTIFS('RESUMEN TOTAL'!C7:C504, "=BONOMO",'RESUMEN TOTAL'!AH7:AH504,"=APAGADO") -> 0 | AD3: =COUNTIFS('RESUMEN TOTAL'!C7:C504, "=BONOMO",'RESUMEN TOTAL'!AI7:AI504,"=APAGADO") -> 0 | AE3: =COUNTIFS('RESUMEN TOTAL'!C7:C504, "=BONOMO",'RESUMEN TOTAL'!AJ7:AJ504,"=APAGADO") -> 0 | AF3: =COUNTIFS('RESUMEN TOTAL'!C7:C504, "=BONOMO",'RESUMEN TOTAL'!AK7:AK504,"=APAGADO") -> 0 | AG3: =COUNTIFS('RESUMEN TOTAL'!C7:C504, "=BONOMO",'RESUMEN TOTAL'!AL7:AL504,"=APAGADO") -> 0 | AH3: =COUNTIFS('RESUMEN TOTAL'!C7:C504, "=BONOMO",'RESUMEN TOTAL'!AM7:AM504,"=APAGADO") -> 0 | AI3: =COUNTIFS('RESUMEN TOTAL'!C7:C504, "=BONOMO",'RESUMEN TOTAL'!AN7:AN504,"=APAGADO") -> 0
A4: COSEIDI | B4: =COUNTIFS('RESUMEN TOTAL'!C5:C503,"=COSEIDI") -> 207 | E4: % BONOMO | F4: =F3/BONOMOcam -> 0.30263158 | G4: =G3/BONOMOcam -> 0.31578947 | H4: =H3/BONOMOcam -> 0.25877193 | I4: =I3/BONOMOcam -> 0.24561404 | J4: =J3/BONOMOcam -> 0 | K4: =K3/BONOMOcam -> 0 | L4: =L3/BONOMOcam -> 0 | M4: =M3/BONOMOcam -> 0 | ... AI4: =AI3/BONOMOcam -> 0
D5: COSEIDI | E5: APAGADAS COSEIDI | F5: =COUNTIFS('RESUMEN TOTAL'!C10:C424, "=COSEIDI",'RESUMEN TOTAL'!K10:K424,"=APAGADO") -> 64 | G5: =COUNTIFS('RESUMEN TOTAL'!C10:C424, "=COSEIDI",'RESUMEN TOTAL'!L10:L424,"=APAGADO") -> 39 | H5: =COUNTIFS('RESUMEN TOTAL'!C10:C424, "=COSEIDI",'RESUMEN TOTAL'!M10:M424,"=APAGADO") -> 35 | I5: =COUNTIFS('RESUMEN TOTAL'!C10:C424, "=COSEIDI",'RESUMEN TOTAL'!N10:N424,"=APAGADO") -> 36 | J5: =COUNTIFS('RESUMEN TOTAL'!C10:C424, "=COSEIDI",'RESUMEN TOTAL'!O10:O424,"=APAGADO") -> 0 | K5: =COUNTIFS('RESUMEN TOTAL'!C10:C424, "=COSEIDI",'RESUMEN TOTAL'!P10:P424,"=APAGADO") -> 0 | L5: =COUNTIFS('RESUMEN TOTAL'!C10:C424, "=COSEIDI",'RESUMEN TOTAL'!Q10:Q424,"=APAGADO") -> 0 | M5: =COUNTIFS('RESUMEN TOTAL'!C10:C424, "=COSEIDI",'RESUMEN TOTAL'!R10:R424,"=APAGADO") -> 0 | N5: =COUNTIFS('RESUMEN TOTAL'!C10:C424, "=COSEIDI",'RESUMEN TOTAL'!S10:S424,"=APAGADO") -> 0 | O5: =COUNTIFS('RESUMEN TOTAL'!C10:C424, "=COSEIDI",'RESUMEN TOTAL'!T10:T424,"=APAGADO") -> 0 | P5: =COUNTIFS('RESUMEN TOTAL'!C10:C424, "=COSEIDI",'RESUMEN TOTAL'!U10:U424,"=APAGADO") -> 0 | Q5: =COUNTIFS('RESUMEN TOTAL'!C10:C424, "=COSEIDI",'RESUMEN TOTAL'!V10:V424,"=APAGADO") -> 0 | R5: =COUNTIFS('RESUMEN TOTAL'!C10:C424, "=COSEIDI",'RESUMEN TOTAL'!W10:W424,"=APAGADO") -> 0 | S5: =COUNTIFS('RESUMEN TOTAL'!C10:C424, "=COSEIDI",'RESUMEN TOTAL'!X10:X424,"=APAGADO") -> 0 | T5: =COUNTIFS('RESUMEN TOTAL'!C10:C424, "=COSEIDI",'RESUMEN TOTAL'!Y10:Y424,"=APAGADO") -> 0 | U5: =COUNTIFS('RESUMEN TOTAL'!C10:C424, "=COSEIDI",'RESUMEN TOTAL'!Z10:Z424,"=APAGADO") -> 0 | V5: =COUNTIFS('RESUMEN TOTAL'!C10:C424, "=COSEIDI",'RESUMEN TOTAL'!AA10:AA424,"=APAGADO") -> 0 | W5: =COUNTIFS('RESUMEN TOTAL'!C10:C424, "=COSEIDI",'RESUMEN TOTAL'!AB10:AB424,"=APAGADO") -> 0 | X5: =COUNTIFS('RESUMEN TOTAL'!C10:C424, "=COSEIDI",'RESUMEN TOTAL'!AC10:AC424,"=APAGADO") -> 0 | Y5: =COUNTIFS('RESUMEN TOTAL'!C10:C424, "=COSEIDI",'RESUMEN TOTAL'!AD10:AD424,"=APAGADO") -> 0 | Z5: =COUNTIFS('RESUMEN TOTAL'!C10:C424, "=COSEIDI",'RESUMEN TOTAL'!AE10:AE424,"=APAGADO") -> 0 | AA5: =COUNTIFS('RESUMEN TOTAL'!C10:C424, "=COSEIDI",'RESUMEN TOTAL'!AF10:AF424,"=APAGADO") -> 0 | AB5: =COUNTIFS('RESUMEN TOTAL'!C10:C424, "=COSEIDI",'RESUMEN TOTAL'!AG10:AG424,"=APAGADO") -> 0 | AC5: =COUNTIFS('RESUMEN TOTAL'!C10:C424, "=COSEIDI",'RESUMEN TOTAL'!AH10:AH424,"=APAGADO") -> 0 | AD5: =COUNTIFS('RESUMEN TOTAL'!C10:C424, "=COSEIDI",'RESUMEN TOTAL'!AI10:AI424,"=APAGADO") -> 0 | AE5: =COUNTIFS('RESUMEN TOTAL'!C10:C424, "=COSEIDI",'RESUMEN TOTAL'!AJ10:AJ424,"=APAGADO") -> 0 | AF5: =COUNTIFS('RESUMEN TOTAL'!C10:C424, "=COSEIDI",'RESUMEN TOTAL'!AK10:AK424,"=APAGADO") -> 0 | AG5: =COUNTIFS('RESUMEN TOTAL'!C10:C424, "=COSEIDI",'RESUMEN TOTAL'!AL10:AL424,"=APAGADO") -> 0 | AH5: =COUNTIFS('RESUMEN TOTAL'!C10:C424, "=COSEIDI",'RESUMEN TOTAL'!AM10:AM424,"=APAGADO") -> 0 | AI5: =COUNTIFS('RESUMEN TOTAL'!C10:C424, "=COSEIDI",'RESUMEN TOTAL'!AN10:AN424,"=APAGADO") -> 0
E6: % COSEIDI | F6: =F5/COSEIDIcam -> 0.30917874 | G6: =G5/COSEIDIcam -> 0.1884058 | H6: =H5/COSEIDIcam -> 0.16908213 | I6: =I5/COSEIDIcam -> 0.17391304 | J6: =J5/COSEIDIcam -> 0 | K6: =K5/COSEIDIcam -> 0 | L6: =L5/COSEIDIcam -> 0 | M6: =M5/COSEIDIcam -> 0 | ... AI6: =AI5/COSEIDIcam -> 0
