Workbook
Name _25_de_agosto: 'RESUMEN TOTAL'!$A$4:$D$388
Name _25_de_agosto_3: 'RESUMEN TOTAL'!$A$4:$D$400
Name _30_mar: 'APAGADOS ANTENA'!$AI$3
Name BONOMOcam: Hoja1!$B$2
Name CANTIDAD_DE_CAMARAS: 'RESUMEN TOTAL'!$B$1
Name COSEIDIcam: Hoja1!$B$4

Sheet RESUMEN TOTAL
A1: CANTIDAD DE CAMARAS | B1: =COUNTA(B5:B624) -> 536 | D1: PORCIENTO DE CAIDAS | L1: =(L3)/(L2+L3) -> 0.22655123 | N1: =(N3)/(N2+N3) -> 0.22318841 | P1: =(P3)/(P2+P3) -> 0.22093023 | R1: =(R3)/(R2+R3) -> 0.21176471 | T1: =(T3)/(T2+T3) -> 0 | V1: =(V3)/(V2+V3) -> 0 | X1: =(X3)/(X2+X3) -> 0 | Z1: =(Z3)/(Z2+Z3) -> 0 | AB1: =(AB3)/(AB2+AB3) -> 0 | AD1: =(AD3)/(AD2+AD3) -> 0 | AF1: =(AF3)/(AF2+AF3) -> 0 | AH1: =(AH3)/(AH2+AH3) -> 0 | AJ1: =(AJ3)/(AJ2+AJ3) -> 0 | AN1: =(AN3)/(AN2+AN3) -> 0 | AP1: =(AP3)/(AP2+AP3) -> 0 | AR1: =(AR3)/(AR2+AR3) -> 0 | AT1: =(AT3)/(AT2+AT3) -> 0 | AV1: =(AV3)/(AV2+AV3) -> 0 | AX1: =(AX3)/(AX2+AX3) -> 0 | AZ1: =(AZ3)/(AZ2+AZ3) -> 0 | BB1: =(BB3)/(BB2+BB3) -> 0 | BD1: =(BD3)/(BD2+BD3) -> 0 | BF1: =(BF3)/(BF2+BF3) -> 0 | BH1: =(BH3)/(BH2+BH3) -> 0 | BJ1: =(BJ3)/(BJ2+BJ3) -> 0 | BL1: =(BL3)/(BL2+BL3) -> 0 | BN1: =(BN3)/(BN2+BN3) -> 0 | BP1: =(BP3)/(BP2+BP3) -> 0 | BR1: =(BR3)/(BR2+BR3) -> 0
D2: FUNCIONAN | L2: 536 | N2: 536 | P2: 536 | R2: 536 | T2: 536 | V2: 536 | X2: 536 | Z2: 536 | AB2: 536 | AD2: 536 | AF2: 536 | AH2: 536 | AJ2: 536 | AL2: 536 | AN2: 536 | AP2: 536 | AR2: 536 | AT2: 536 | AV2: 536 | AX2: 536 | AZ2: 536 | BB2: 536 | BD2: 536 | BF2: 536 | BH2: 536 | BJ2: 536 | BL2: 536 | BN2: 536 | BP2: 536 | BR2: 536
D3: CAIDAS | L3: =COUNTIF(L4:L624, "apagado") -> 157 | N3: =COUNTIF(N4:N624, "apagado") -> 154 | P3: =COUNTIF(P4:P624, "apagado") -> 152 | R3: =COUNTIF(R4:R624, "apagado") -> 144 | T3: =COUNTIF(T4:T624, "apagado") -> 0 | V3: =COUNTIF(V4:V624, "apagado") -> 0 | X3: =COUNTIF(X4:X624, "apagado") -> 0 | Z3: =COUNTIF(Z4:Z624, "apagado") -> 0 | AB3: =COUNTIF(AB4:AB624, "apagado") -> 0 | AD3: =COUNTIF(AD4:AD624, "apagado") -> 0 | AF3: =COUNTIF(AF4:AF624, "apagado") -> 0 | AH3: =COUNTIF(AH4:AH624, "apagado") -> 0 | AJ3: =COUNTIF(AJ4:AJ524, "apagado") -> 0 | AL3: =COUNTIF(AL4:AL524, "apagado") -> 0 | AN3: =COUNTIF(AN4:AN624, "apagado") -> 0 | AP3: =COUNTIF(AP4:AP624, "apagado") -> 0 | AR3: =COUNTIF(AR4:AR624, "apagado") -> 0 | AT3: =COUNTIF(AT4:AT624, "apagado") -> 0 | AV3: =COUNTIF(AV4:AV624, "apagado") -> 0 | AX3: =COUNTIF(AX4:AX624, "apagado") -> 0 | AZ3: =COUNTIF(AZ4:AZ624, "apagado") -> 0 | BB3: =COUNTIF(BB4:BB624, "apagado") -> 0 | BD3: =COUNTIF(BD4:BD624, "apagado") -> 0 | BF3: =COUNTIF(BF4:BF624, "apagado") -> 0 | BH3: =COUNTIF(BH4:BH624, "apagado") -> 0 | BJ3: =COUNTIF(BJ4:BJ624, "apagado") -> 0 | BL3: =COUNTIF(BL4:BL624, "apagado") -> 0 | BN3: =COUNTIF(BN4:BN624, "apagado") -> 0 | BP3: =COUNTIF(BP4:BP624, "apagado") -> 0 | BR3: =COUNTIF(BR4:BR624, "apagado") -> 0
A4: Barrio | B4: [Denominacion] | C4: [Empresa Mantenimiento] | D4: [Ubicacion] | E4: [Tipo de Camara] | F4: [Tipo de Conexion] | G4: Destino | I4: DIAS FUNCIONANDO | J4: DIAS CAIDA | K4: EFECTIVIDAD | L4: 45383 | M4: 45383 | N4: 45384 | O4: 45384 | P4: 45385 | Q4: 45385 | R4: 45386 | S4: 45386 | T4: 45387 | V4: 45388 | X4: 45389 | Z4: 45390 | AB4: 45391 | AD4: 45392 | AF4: 45393 | AH4: 45394 | AJ4: 45395 | AL4: 45396 | AN4: 45397 | AP4: 45398 | AR4: 45399 | AT4: 45400 | AV4: 45401 | AX4: 45402 | AZ4: 45403 | BB4: 45404 | BD4: 45405 | BF4: 45406 | BH4: 45407 | BJ4: 45408 | BL4: 45409 | BN4: 45410 | BP4: 45411 | BR4: 45412
A5: ALTAMIRA | B5: ALT01 | C5: BONOMO | D5: Calchaqui y Sgto. Cabral | E5: Domo | F5: Fibra Optica | H5: 172.20.10.6 | I5: =COUNTIF(L5:BN5,"") -> 55 | J5: =COUNTIF(L5:BN5,"APAGADO") -> 0 | K5: =(I5)/(J5+I5) -> 1
A6: ALTAMIRA | B6: ALT02 | C6: BONOMO | D6: Calchaqui y Lope de Vega | E6: Domo | F6: PTO A FO | G6: CABRAL Y CALCHAQUI | H6: 172.20.12.218 | I6: =COUNTIF(L6:BN6,"") -> 55 | J6: =COUNTIF(L6:BN6,"APAGADO") -> 0 | K6: =(I6)/(J6+I6) -> 1
A7: ALTAMIRA | B7: ALT 03 | C7: BONOMO | D7: Bombero Galarza y Necochea | E7: Domo | F7: Fibra Optica | H7: 172.20.12.54 | I7: =COUNTIF(L7:BN7,"") -> 55 | J7: =COUNTIF(L7:BN7,"APAGADO") -> 0 | K7: =(I7)/(J7+I7) -> 1
A8: ALTAMIRA | B8: ALT 04 | C8: BONOMO | D8: Francia y Necochea | E8: Domo | F8: Fibra Optica | H8: 172.20.12.55 | I8: =COUNTIF(L8:BN8,"") -> 55 | J8: =COUNTIF(L8:BN8,"APAGADO") -> 0 | K8: =(I8)/(J8+I8) -> 1
A9: ALTAMIRA | B9: ALT05 | C9: BONOMO | D9: Av. Calchaqui y Bombero Galarza | E9: Domo | F9: PTO A FO | G9: NECOCHEA Y GALARZA | H9: 172.20.12.216 | I9: =COUNTIF(L9:BN9,"") -> 55 | J9: =COUNTIF(L9:BN9,"APAGADO") -> 0 | K9: =(I9)/(J9+I9) -> 1
A10: ALTAMIRA | B10: ALT 06 | C10: BONOMO | D10: LOPE DE VEGA Y NECOCHEA | E10: Domo | F10: PTO A FO | G10: NECOCHEA Y GALARZA | H10: 172.20.12.12 | I10: =COUNTIF(L10:BN10,"") -> 55 | J10: =COUNTIF(L10:BN10,"APAGADO") -> 0 | K10: =(I10)/(J10+I10) -> 1
A11: ALTAMIRA | B11: ALT07 | C11: BONOMO | D11: AV. CALCHAQUI Y AV. DEL TRABAJO | E11: DOMO | F11: PTO A FO | G11: CABRAL Y CALCHAQUI | H11: 172.20.10.57 | I11: =COUNTIF(L11:BN11,"") -> 55 | J11: =COUNTIF(L11:BN11,"APAGADO") -> 0 | K11: =(I11)/(J11+I11) -> 1
A12: ALTAMIRA | B12: ALT 08 | C12: BONOMO | D12: HUMAITA Y NECOCHEA | E12: DOMO | F12: Fibra Optica | H12: 172.20.11.215 | I12: =COUNTIF(L12:BN12,"") -> 55 | J12: =COUNTIF(L12:BN12,"APAGADO") -> 0 | K12: =(I12)/(J12+I12) -> 1
A13: ALTAMIRA | B13: ALT 09 | C13: BONOMO | D13: NECOCHEA Y CURUPAITY | E13: DOMO | F13: Fibra Optica | H13: 172.20.11.216 | I13: =COUNTIF(L13:BN13,"") -> 51 | J13: =COUNTIF(L13:BN13,"APAGADO") -> 4 | K13: =(I13)/(J13+I13) -> 0.92727273 | L13: APAGADO | N13: APAGADO | P13: APAGADO | R13: APAGADO
A14: ALTAMIRA | B14: ALT 10 | C14: BONOMO | D14: Calchaqui y Francia | E14: Domo | F14: Radio | H14: 172.20.12.156 | I14: =COUNTIF(L14:BN14,"") -> 55 | J14: =COUNTIF(L14:BN14,"APAGADO") -> 0 | K14: =(I14)/(J14+I14) -> 1
A15: AGUSTIN RAMIREZ | B15: ARA 01 | C15: BONOMO | D15: Malambo y Tranquera | E15: Domo | F15: Fibra Optica | H15: 172.20.12.110 | I15: =COUNTIF(L15:BN15,"") -> 51 | J15: =COUNTIF(L15:BN15,"APAGADO") -> 4 | K15: =(I15)/(J15+I15) -> 0.92727273 | L15: APAGADO | N15: APAGADO | P15: APAGADO | R15: APAGADO
A16: BELGRANO | B16: BEL 01 | C16: BONOMO | D16: San Martin y Dardo Rocha | E16: DOMO | F16: Fibra Optica | H16: 172.20.12.64 | I16: =COUNTIF(L16:BN16,"") -> 55 | J16: =COUNTIF(L16:BN16,"APAGADO") -> 0 | K16: =(I16)/(J16+I16) -> 1
A17: BELGRANO | B17: BEL 02 | C17: BONOMO | D17: Guardia vieja y Fronteriz | E17: DOMO | F17: Fibra Optica | I17: =COUNTIF(L17:BN17,"") -> 55 | J17: =COUNTIF(L17:BN17,"APAGADO") -> 0 | K17: =(I17)/(J17+I17) -> 1
A18: BOSQUES CENTRO | B18: BOSQC 01 | C18: COSEIDI | D18: LUIS AGOTE E/DANUNCIO Y CAMPOAMOR | E18: Fija | F18: Radio | H18: 172.20.11.15 | I18: =COUNTIF(L18:BN18,"") -> 55 | J18: =COUNTIF(L18:BN18,"APAGADO") -> 0 | K18: =(I18)/(J18+I18) -> 1
A19: BOSQUES CENTRO | B19: BOSQC 02 | C19: COSEIDI | D19: LUIS AGOTE E/DANUNCIO Y CAMPOAMOR | E19: Fija | F19: Radio | H19: 172.20.11.16 | I19: =COUNTIF(L19:BN19,"") -> 55 | J19: =COUNTIF(L19:BN19,"APAGADO") -> 0 | K19: =(I19)/(J19+I19) -> 1
A20: BOSQUES CENTRO | B20: BOSQC 03 | C20: COSEIDI | D20: BENAVENTE Y LUIS AGOTE | E20: Fija | F20: Radio | H20: 172.20.11.13 | I20: =COUNTIF(L20:BN20,"") -> 55 | J20: =COUNTIF(L20:BN20,"APAGADO") -> 0 | K20: =(I20)/(J20+I20) -> 1
A21: BOSQUES CENTRO | B21: BOSQC 04 | C21: COSEIDI | D21: BENAVENTE Y LUIS AGOTE | E21: Fija | F21: Radio | H21: 172.20.11.113 | I21: =COUNTIF(L21:BN21,"") -> 55 | J21: =COUNTIF(L21:BN21,"APAGADO") -> 0 | K21: =(I21)/(J21+I21) -> 1
A22: BOSQUES CENTRO | B22: BOSQC 05 | C22: COSEIDI | D22: LUIS AGOTE Y RUTA 36 | E22: Fija | F22: Radio | H22: 172.20.11.17 | I22: =COUNTIF(L22:BN22,"") -> 55 | J22: =COUNTIF(L22:BN22,"APAGADO") -> 0 | K22: =(I22)/(J22+I22) -> 1
A23: BOSQUES CENTRO | B23: BOSQC 06 | C23: COSEIDI | D23: LUIS AGOTE Y RUTA 36 | E23: Fija | F23: Radio | H23: 172.20.11.18 | I23: =COUNTIF(L23:BN23,"") -> 55 | J23: =COUNTIF(L23:BN23,"APAGADO") -> 0 | K23: =(I23)/(J23+I23) -> 1
A24: CENTRO | B24: CEN01 | C24: BONOMO | D24: San Martin y 9 de Julio | E24: Fija | F24: Fibra Optica | H24: 172.20.11.10 | I24: =COUNTIF(L24:BN24,"") -> 51 | J24: =COUNTIF(L24:BN24,"APAGADO") -> 4 | K24: =(I24)/(J24+I24) -> 0.92727273 | L24: APAGADO | N24: APAGADO | P24: APAGADO | R24: APAGADO
A25: CENTRO | B25: CEN02 | C25: BONOMO | D25: San Martin y Almafuerte | E25: Fija | F25: Fibra Optica | H25: 172.20.11.11 | I25: =COUNTIF(L25:BN25,"") -> 51 | J25: =COUNTIF(L25:BN25,"APAGADO") -> 4 | K25: =(I25)/(J25+I25) -> 0.92727273 | L25: APAGADO | N25: APAGADO | P25: APAGADO | R25: APAGADO
A26: CENTRO | B26: CEN03 | C26: BONOMO | D26: San Martin y Sallares | E26: Domo | F26: Fibra Optica | H26: 172.20.12.30 | I26: =COUNTIF(L26:BN26,"") -> 55 | J26: =COUNTIF(L26:BN26,"APAGADO") -> 0 | K26: =(I26)/(J26+I26) -> 1
A27: CENTRO | B27: CEN04 | C27: BONOMO | D27: San Martin y Contreras | E27: Domo | F27: Fibra Optica | H27: 172.20.12.29 | I27: =COUNTIF(L27:BN27,"") -> 55 | J27: =COUNTIF(L27:BN27,"APAGADO") -> 0 | K27: =(I27)/(J27+I27) -> 1
A28: CENTRO | B28: CEN 05 | C28: BONOMO | D28: Bocuzzi e/España y San Martin | E28: DOMO | F28: Fibra Optica | H28: 172.20.10.200 | I28: =COUNTIF(L28:BN28,"") -> 47 | J28: =COUNTIF(L28:BN28,"APAGADO") -> 4 | K28: =(I28)/(J28+I28) -> 0.92156863 | L28: APAGADO | M28: problemas en el dispositivo - tiene vinculo de red | N28: APAGADO | O28: problemas en el dispositivo - tiene vinculo de red | P28: APAGADO | Q28: problemas en el dispositivo - tiene vinculo de red | R28: APAGADO | S28: problemas en el dispositivo - tiene vinculo de red
A29: CENTRO | B29: CEN06 | C29: BONOMO | D29: Monteagudo y A.del Valle | E29: Fija | F29: Fibra Optica | H29: 172.20.10.02 | I29: =COUNTIF(L29:BN29,"") -> 47 | J29: =COUNTIF(L29:BN29,"APAGADO") -> 4 | K29: =(I29)/(J29+I29) -> 0.92156863 | L29: APAGADO | M29: problemas en el dispositivo - tiene vinculo de red | N29: APAGADO | O29: problemas en el dispositivo - tiene vinculo de red | P29: APAGADO | Q29: problemas en el dispositivo - tiene vinculo de red | R29: APAGADO | S29: problemas en el dispositivo - tiene vinculo de red
A30: CENTRO | B30: CEN07 | C30: BONOMO | D30: San Martin y Guemes | E30: DOMO | F30: Fibra Optica | H30: 172.20.11.20 | I30: =COUNTIF(L30:BN30,"") -> 55 | J30: =COUNTIF(L30:BN30,"APAGADO") -> 0 | K30: =(I30)/(J30+I30) -> 1
A31: CENTRO | B31: CEN08 | C31: BONOMO | D31: San Martin y Pte.Peron | E31: Domo | F31: Fibra Optica | H31: 172.20.11.21 | I31: =COUNTIF(L31:BN31,"") -> 55 | J31: =COUNTIF(L31:BN31,"APAGADO") -> 0 | K31: =(I31)/(J31+I31) -> 1
A32: CENTRO | B32: CEN09 | C32: BONOMO | D32: Chacabuco y 25 de Mayo | E32: Domo | F32: Fibra Optica | H32: 172.20.11.22 | I32: =COUNTIF(L32:BN32,"") -> 55 | J32: =COUNTIF(L32:BN32,"APAGADO") -> 0 | K32: =(I32)/(J32+I32) -> 1
A33: CENTRO | B33: CEN10 | C33: BONOMO | D33: Monteagudo y Pte. Peron | E33: Domo | F33: Fibra Optica | H33: 172.20.11.23 | I33: =COUNTIF(L33:BN33,"") -> 55 | J33: =COUNTIF(L33:BN33,"APAGADO") -> 0 | K33: =(I33)/(J33+I33) -> 1
A34: CENTRO | B34: CEN11 | C34: BONOMO | D34: Monteagudo y Bocuzzi | E34: Domo | F34: Fibra Optica | H34: 172.20.10.24 | I34: =COUNTIF(L34:BN34,"") -> 55 | J34: =COUNTIF(L34:BN34,"APAGADO") -> 0 | K34: =(I34)/(J34+I34) -> 1
A35: CENTRO | B35: CEN 12 | C35: BONOMO | D35: Monteagudo y Mitre | E35: Domo | F35: Fibra Optica | H35: 172.20.10.23 | I35: =COUNTIF(L35:BN35,"") -> 55 | J35: =COUNTIF(L35:BN35,"APAGADO") -> 0 | K35: =(I35)/(J35+I35) -> 1
A36: CENTRO | B36: CEN 13 | C36: BONOMO | D36: 25 de Mayo y Maipu | E36: DOMO | F36: Fibra Optica | H36: 172.20.10.20 | I36: =COUNTIF(L36:BN36,"") -> 55 | J36: =COUNTIF(L36:BN36,"APAGADO") -> 0 | K36: =(I36)/(J36+I36) -> 1
A37: CENTRO | B37: CEN14 | C37: BONOMO | D37: Pte.Peron e/Pringles y Brown | E37: Domo | F37: Fibra Optica | H37: 172.20.10.94 | I37: =COUNTIF(L37:BN37,"") -> 55 | J37: =COUNTIF(L37:BN37,"APAGADO") -> 0 | K37: =(I37)/(J37+I37) -> 1
A38: CENTRO | B38: CEN15 | C38: BONOMO | D38: Alberdi y A.del Valle | E38: Domo | F38: Fibra Optica | H38: 172.20.10.35 | I38: =COUNTIF(L38:BN38,"") -> 55 | J38: =COUNTIF(L38:BN38,"APAGADO") -> 0 | K38: =(I38)/(J38+I38) -> 1
A39: CENTRO | B39: CEN16 | C39: BONOMO | D39: San Martin y Pte. Peron | E39: Fija | F39: Fibra Optica | H39: 172.20.12.36 | I39: =COUNTIF(L39:BN39,"") -> 55 | J39: =COUNTIF(L39:BN39,"APAGADO") -> 0 | K39: =(I39)/(J39+I39) -> 1
A40: CENTRO | B40: CEN17 | C40: BONOMO | D40: San Martin y Mitre | E40: Domo | F40: PTO A FO | G40: SAN MARTIN Y SALLARES | H40: 172.20.12.200 | I40: =COUNTIF(L40:BN40,"") -> 55 | J40: =COUNTIF(L40:BN40,"APAGADO") -> 0 | K40: =(I40)/(J40+I40) -> 1
A41: CENTRO | B41: CEN18 | C41: BONOMO | D41: Monteagudo e/Mitre y Sallares | E41: Fija | F41: Fibra Optica | H41: 172.20.10.26 | I41: =COUNTIF(L41:BN41,"") -> 55 | J41: =COUNTIF(L41:BN41,"APAGADO") -> 0 | K41: =(I41)/(J41+I41) -> 1
A42: CENTRO | B42: CEN19 | C42: BONOMO | D42: Chacabuco y 25 de Mayo | E42: Fija | F42: Fibra Optica | H42: 172.20.10.27 | I42: =COUNTIF(L42:BN42,"") -> 55 | J42: =COUNTIF(L42:BN42,"APAGADO") -> 0 | K42: =(I42)/(J42+I42) -> 1
A43: LOMAS DE MONTEVERDE | B43: CEN20 | C43: BONOMO | D43: Pte. Illia y Las Heras | E43: Domo | F43: Fibra Optica | H43: 172.20.10.33 | I43: =COUNTIF(L43:BN43,"") -> 55 | J43: =COUNTIF(L43:BN43,"APAGADO") -> 0 | K43: =(I43)/(J43+I43) -> 1
A44: CENTRO | B44: CEN21 | C44: BONOMO | D44: Misiones y Urquiza | E44: Fija | F44: Radio | H44: 172.20.200.132 | I44: =COUNTIF(L44:BN44,"") -> 55 | J44: =COUNTIF(L44:BN44,"APAGADO") -> 0 | K44: =(I44)/(J44+I44) -> 1
A45: CENTRO | B45: CEN22 | C45: BONOMO | D45: Las Heras y Chacabuco | E45: Domo | F45: Radio | H45: 172.20.200.125 | I45: =COUNTIF(L45:BN45,"") -> 55 | J45: =COUNTIF(L45:BN45,"APAGADO") -> 0 | K45: =(I45)/(J45+I45) -> 1
A46: CENTRO | B46: CEN23 | C46: BONOMO | D46: Sallares y Monteagudo | E46: Domo | F46: Fibra Optica | H46: 172.20.12.05 | I46: =COUNTIF(L46:BN46,"") -> 55 | J46: =COUNTIF(L46:BN46,"APAGADO") -> 0 | K46: =(I46)/(J46+I46) -> 1
A47: CENTRO | B47: CEN24 | C47: BONOMO | D47: Sallares y España | E47: Domo | F47: Fibra Optica | H47: 172.20.12.04 | I47: =COUNTIF(L47:BN47,"") -> 55 | J47: =COUNTIF(L47:BN47,"APAGADO") -> 0 | K47: =(I47)/(J47+I47) -> 1
A48: CENTRO | B48: CEN25 | C48: BONOMO | D48: SAN MARTIN Y 9 DE JULIO | E48: Domo | F48: Fibra Optica | H48: 172.20.12.02 | I48: =COUNTIF(L48:BN48,"") -> 55 | J48: =COUNTIF(L48:BN48,"APAGADO") -> 0 | K48: =(I48)/(J48+I48) -> 1
A49: CENTRO | B49: CEN26 | C49: BONOMO | D49: Mitre y España | E49: Domo | F49: Fibra Optica | H49: 172.20.12.06 | I49: =COUNTIF(L49:BN49,"") -> 55 | J49: =COUNTIF(L49:BN49,"APAGADO") -> 0 | K49: =(I49)/(J49+I49) -> 1
A50: CENTRO | B50: CEN27 | C50: BONOMO | D50: San Juan y España | E50: Domo | F50: Fibra Optica | H50: 172.20.12.37 | I50: =COUNTIF(L50:BN50,"") -> 55 | J50: =COUNTIF(L50:BN50,"APAGADO") -> 0 | K50: =(I50)/(J50+I50) -> 1
A51: CENTRO | B51: CEN28 | C51: BONOMO | D51: Mitre y Alberdi | E51: Domo | F51: Fibra Optica | H51: 172.20.12.38 | I51: =COUNTIF(L51:BN51,"") -> 55 | J51: =COUNTIF(L51:BN51,"APAGADO") -> 0 | K51: =(I51)/(J51+I51) -> 1
A52: CENTRO | B52: CEN29 | C52: BONOMO | D52: Alberdi y San Juan | E52: Domo | F52: Fibra Optica | H52: 172.20.12.40 | I52: =COUNTIF(L52:BN52,"") -> 55 | J52: =COUNTIF(L52:BN52,"APAGADO") -> 0 | K52: =(I52)/(J52+I52) -> 1
... A64: CENTRO | B64: CEN41 | C64: BONOMO | D64: Contreras y Alberdi | E64: Domo | F64: Fibra Optica | H64: 172.20.12.58 | I64: =COUNTIF(L64:BN64,"") -> 55 | J64: =COUNTIF(L64:BN64,"APAGADO") -> 0 | K64: =(I64)/(J64+I64) -> 1
A65: CENTRO | B65: CEN42 | C65: BONOMO | D65: Diagonal Constituyentes y Alem | E65: Domo | F65: Fibra Optica | H65: 172.20.12.59 | I65: =COUNTIF(L65:BN65,"") -> 51 | J65: =COUNTIF(L65:BN65,"APAGADO") -> 4 | K65: =(I65)/(J65+I65) -> 0.92727273 | L65: APAGADO | N65: APAGADO | P65: APAGADO | R65: APAGADO
A66: CENTRO | B66: CEN43 | C66: BONOMO | D66: Sallares y Alberdi | E66: Domo | F66: Fibra Optica | H66: 172.20.12.61 | I66: =COUNTIF(L66:BN66,"") -> 55 | J66: =COUNTIF(L66:BN66,"APAGADO") -> 0 | K66: =(I66)/(J66+I66) -> 1
A67: CENTRO | B67: CEN44 | C67: BONOMO | D67: Mitre y Brown | E67: Domo | F67: Fibra Optica | H67: 172.20.12.62 | I67: =COUNTIF(L67:BN67,"") -> 55 | J67: =COUNTIF(L67:BN67,"APAGADO") -> 0 | K67: =(I67)/(J67+I67) -> 1
A68: CENTRO | B68: CEN45 (fija 1) | C68: BONOMO | D68: EEUU Y MORENO | E68: Fija | F68: Fibra Optica | H68: 172.20.11.74 | I68: =COUNTIF(L68:BN68,"") -> 55 | J68: =COUNTIF(L68:BN68,"APAGADO") -> 0 | K68: =(I68)/(J68+I68) -> 1
A69: CENTRO | B69: CEN46 (fija 2) | C69: BONOMO | D69: EEUU Y MORENO | E69: Fija | F69: Fibra Optica | H69: 172.20.11.75 | I69: =COUNTIF(L69:BN69,"") -> 55 | J69: =COUNTIF(L69:BN69,"APAGADO") -> 0 | K69: =(I69)/(J69+I69) -> 1
A70: CENTRO | B70: CEN47 | C70: BONOMO | D70: Sallares y Brown | E70: Domo | F70: Fibra Optica | H70: 172.20.12.65 | I70: =COUNTIF(L70:BN70,"") -> 55 | J70: =COUNTIF(L70:BN70,"APAGADO") -> 0 | K70: =(I70)/(J70+I70) -> 1
A71: CENTRO | B71: CEN48 | C71: BONOMO | D71: Velez Sarsfield y Las Heras | E71: Domo | F71: Radio | H71: 172.20.200.181 | I71: =COUNTIF(L71:BN71,"") -> 55 | J71: =COUNTIF(L71:BN71,"APAGADO") -> 0 | K71: =(I71)/(J71+I71) -> 1
A72: CENTRO | B72: CEN49 | C72: BONOMO | D72: Av. San Martin y Florencio Sanchez | E72: Domo | F72: Radio | H72: 172.20.200.182 | I72: =COUNTIF(L72:BN72,"") -> 55 | J72: =COUNTIF(L72:BN72,"APAGADO") -> 0 | K72: =(I72)/(J72+I72) -> 1
A73: CENTRO | B73: CEN 50 | C73: BONOMO | D73: Av. San Martin y Newbery | E73: Domo | F73: Radio | H73: 172.20.200.184 | I73: =COUNTIF(L73:BN73,"") -> 55 | J73: =COUNTIF(L73:BN73,"APAGADO") -> 0 | K73: =(I73)/(J73+I73) -> 1
A74: CENTRO | B74: CEN 51 | C74: BONOMO | D74: ILLIA Y LAS HERAS | E74: FIJA | F74: Fibra Optica | H74: 172.20.11.29 | I74: =COUNTIF(L74:BN74,"") -> 55 | J74: =COUNTIF(L74:BN74,"APAGADO") -> 0 | K74: =(I74)/(J74+I74) -> 1
A75: CENTRO | B75: CEN52 | C75: BONOMO | D75: San Martin y Almafuerte (ex San Martin y Dorrego) | E75: DOMO | F75: Radio | H75: 172.20.200.191 | I75: =COUNTIF(L75:BN75,"") -> 55 | J75: =COUNTIF(L75:BN75,"APAGADO") -> 0 | K75: =(I75)/(J75+I75) -> 1
A76: CENTRO | B76: CEN 53 | C76: BONOMO | D76: GUTIERREZ Y BROWN | E76: Domo | F76: Radio | H76: 172.20.200.166 | I76: =COUNTIF(L76:BN76,"") -> 55 | J76: =COUNTIF(L76:BN76,"APAGADO") -> 0 | K76: =(I76)/(J76+I76) -> 1
A77: CENTRO | B77: CEN 54 | C77: BONOMO | D77: GUTIERREZ Y PRINGLES | E77: Domo | F77: Radio | H77: 172.20.200.165 | I77: =COUNTIF(L77:BN77,"") -> 55 | J77: =COUNTIF(L77:BN77,"APAGADO") -> 0 | K77: =(I77)/(J77+I77) -> 1
... A82: CENTRO | B82: CEN59 | C82: BONOMO | D82: CHACABUCO Y BOUREL | E82: DOMO | F82: Radio | H82: 172.20.200.188 | I82: =COUNTIF(L82:BN82,"") -> 55 | J82: =COUNTIF(L82:BN82,"APAGADO") -> 0 | K82: =(I82)/(J82+I82) -> 1
A83: CENTRO | B83: CEN 60 | C83: BONOMO | D83: RECONQUISTA Y ILLIA | E83: DOMO | F83: PTO A FO | G83: ILLIA Y LAS HERAS | H83: 172.20.12.67 | I83: =COUNTIF(L83:BN83,"") -> 55 | J83: =COUNTIF(L83:BN83,"APAGADO") -> 0 | K83: =(I83)/(J83+I83) -> 1
A84: CENTRO | B84: CEN 61 | C84: BONOMO | D84: BOUREL Y MAIPU | E84: DOMO | F84: Radio | H84: 172.20.200.159 | I84: =COUNTIF(L84:BN84,"") -> 55 | J84: =COUNTIF(L84:BN84,"APAGADO") -> 0 | K84: =(I84)/(J84+I84) -> 1
A85: CENTRO | B85: CEN62 | C85: BONOMO | D85: ESPAÑA Y ALEM | E85: DOMO | F85: PTO A FO | G85: SAN MARTIN Y ALEM | H85: 172.20.12.82 | I85: =COUNTIF(L85:BN85,"") -> 55 | J85: =COUNTIF(L85:BN85,"APAGADO") -> 0 | K85: =(I85)/(J85+I85) -> 1
A86: CENTRO | B86: CEN63 | C86: BONOMO | D86: SAN MARTIN Y URQUIZA | E86: DOMO | F86: Fibra Optica | H86: 172.20.11.112 | I86: =COUNTIF(L86:BN86,"") -> 55 | J86: =COUNTIF(L86:BN86,"APAGADO") -> 0 | K86: =(I86)/(J86+I86) -> 1
A87: CENTRO | B87: CEN64 | C87: BONOMO | D87: SAN MARTIN Y BOCCUZZI | E87: FIJA | F87: Fibra Optica | H87: 172.20.11.134 | I87: =COUNTIF(L87:BN87,"") -> 55 | J87: =COUNTIF(L87:BN87,"APAGADO") -> 0 | K87: =(I87)/(J87+I87) -> 1
A88: CENTRO | B88: CEN 65 | C88: BONOMO | D88: SAN MARTIN Y JUAN PERON | E88: FIJA | F88: Fibra Optica | H88: 172.20.11.135 | I88: =COUNTIF(L88:BN88,"") -> 55 | J88: =COUNTIF(L88:BN88,"APAGADO") -> 0 | K88: =(I88)/(J88+I88) -> 1
A89: CENTRO | B89: CEN66 | C89: BONOMO | D89: SAN MARTIN Y JUAN PERON | E89: FIJA | F89: Fibra Optica | H89: 172.20.11.136 | I89: =COUNTIF(L89:BN89,"") -> 55 | J89: =COUNTIF(L89:BN89,"APAGADO") -> 0 | K89: =(I89)/(J89+I89) -> 1
A90: CENTRO | B90: CEN67 (fija 1) | C90: BONOMO | D90: 9 DE JULIO Y BROWN | E90: Fija | F90: Fibra Optica | H90: 172.20.11.188 | I90: =COUNTIF(L90:BN90,"") -> 51 | J90: =COUNTIF(L90:BN90,"APAGADO") -> 4 | K90: =(I90)/(J90+I90) -> 0.92727273 | L90: APAGADO | N90: APAGADO | P90: APAGADO | R90: APAGADO
A91: CENTRO | B91: CEN68 (fija 2) | C91: BONOMO | D91: 9 DE JULIO Y BROWN | E91: Fija | F91: Fibra Optica | H91: 172.20.11.189 | I91: =COUNTIF(L91:BN91,"") -> 51 | J91: =COUNTIF(L91:BN91,"APAGADO") -> 4 | K91: =(I91)/(J91+I91) -> 0.92727273 | L91: APAGADO | N91: APAGADO | P91: APAGADO | R91: APAGADO
A92: CENTRO | B92: CEN69 | C92: BONOMO | D92: RIVADAVIA Y BOUREL | E92: DOMO | F92: Fibra Optica | H92: 172.20.11.222 | I92: =COUNTIF(L92:BN92,"") -> 55 | J92: =COUNTIF(L92:BN92,"APAGADO") -> 0 | K92: =(I92)/(J92+I92) -> 1
A93: CENTRO | B93: CEN 70 | C93: BONOMO | D93: RIVADAVIA Y 25 MAYO | E93: Domo | F93: Fibra Optica | H93: 172.20.11.221 | I93: =COUNTIF(L93:BN93,"") -> 55 | J93: =COUNTIF(L93:BN93,"APAGADO") -> 0 | K93: =(I93)/(J93+I93) -> 1
A94: CENTRO | B94: CEN 71 | C94: BONOMO | D94: MORENO Y BOUREL | E94: Domo | F94: Fibra Optica | H94: 172.20.11.220 | I94: =COUNTIF(L94:BN94,"") -> 55 | J94: =COUNTIF(L94:BN94,"APAGADO") -> 0 | K94: =(I94)/(J94+I94) -> 1
A95: CENTRO | B95: CEN 72 | C95: BONOMO | D95: MORENO Y 25 DE MAYO | E95: Domo | F95: Fibra Optica | H95: 172.20.11.219 | I95: =COUNTIF(L95:BN95,"") -> 55 | J95: =COUNTIF(L95:BN95,"APAGADO") -> 0 | K95: =(I95)/(J95+I95) -> 1
A96: CENTRO | B96: CEN73 | C96: BONOMO | D96: BOUREL Y DEFENSA | E96: DOMO | F96: Fibra Optica | H96: 172.20.11.223 | I96: =COUNTIF(L96:BN96,"") -> 55 | J96: =COUNTIF(L96:BN96,"APAGADO") -> 0 | K96: =(I96)/(J96+I96) -> 1
A97: CENTRO | B97: CEN74 | C97: BONOMO | D97: Las Heras y Maipu | E97: Domo | F97: Fibra Optica | H97: 172.20.11.53 | I97: =COUNTIF(L97:BN97,"") -> 55 | J97: =COUNTIF(L97:BN97,"APAGADO") -> 0 | K97: =(I97)/(J97+I97) -> 1
A98: CENTRO | B98: CEN 75 | C98: BONOMO | D98: 25 DE MAYO Y CASTELLI | E98: Domo | F98: Fibra Optica | H98: 172.20.11.114 | I98: =COUNTIF(L98:BN98,"") -> 55 | J98: =COUNTIF(L98:BN98,"APAGADO") -> 0 | K98: =(I98)/(J98+I98) -> 1
A99: CENTRO | B99: CEN 76 | C99: BONOMO | D99: ESPAÑA E/MITRE Y BOCUZZI | E99: Fija | F99: Fibra Optica | H99: 172-20.11.110 | I99: =COUNTIF(L99:BN99,"") -> 51 | J99: =COUNTIF(L99:BN99,"APAGADO") -> 4 | K99: =(I99)/(J99+I99) -> 0.92727273 | L99: APAGADO | N99: APAGADO | P99: APAGADO | R99: APAGADO
A100: CENTRO | B100: CEN 77 | C100: BONOMO | D100: Monteagudo e/ Mitre y Boccuzzi | E100: Fija | F100: Fibra Optica | H100: 172.20.11.241 | I100: =COUNTIF(L100:BN100,"") -> 55 | J100: =COUNTIF(L100:BN100,"APAGADO") -> 0 | K100: =(I100)/(J100+I100) -> 1
A101: CENTRO | B101: CEN 78 | C101: BONOMO | D101: Mitre e/Monteagudo y Alberdi | E101: Fija | F101: Fibra Optica | H101: 172.20.11.240 | I101: =COUNTIF(L101:BN101,"") -> 55 | J101: =COUNTIF(L101:BN101,"APAGADO") -> 0 | K101: =(I101)/(J101+I101) -> 1
A102: CENTRO | B102: CEN 79 | C102: BONOMO | D102: Diag. Constituyente y Brown | E102: Fija | F102: Fibra Optica | H102: 172.20.11.243 | I102: =COUNTIF(L102:BN102,"") -> 55 | J102: =COUNTIF(L102:BN102,"APAGADO") -> 0 | K102: =(I102)/(J102+I102) -> 1
A103: CENTRO | B103: CEN 80 | C103: BONOMO | D103: Diag. Constituyente y Brown | E103: Fija | F103: Fibra Optica | H103: 172.20.11.244 | I103: =COUNTIF(L103:BN103,"") -> 55 | J103: =COUNTIF(L103:BN103,"APAGADO") -> 0 | K103: =(I103)/(J103+I103) -> 1
A104: CENTRO | B104: CEN 81 | C104: BONOMO | D104: Alberdi y A.del Valle | E104: Fija | F104: Fibra Optica | H104: 172.20.11.242 | I104: =COUNTIF(L104:BN104,"") -> 55 | J104: =COUNTIF(L104:BN104,"APAGADO") -> 0 | K104: =(I104)/(J104+I104) -> 1
A105: CENTRO | B105: CEN 82 | C105: BONOMO | D105: DORREGO Y BOUREL | E105: Domo | F105: Fibra Optica | H105: 172.20.11.198 | I105: =COUNTIF(L105:BN105,"") -> 55 | J105: =COUNTIF(L105:BN105,"APAGADO") -> 0 | K105: =(I105)/(J105+I105) -> 1
A106: CENTRO | B106: CEN83 | C106: BONOMO | D106: RECONQUISTA Y 25 DE MAYO | E106: Domo | F106: Radio | H106: 172.20.11.123 | I106: =COUNTIF(L106:BN106,"") -> 51 | J106: =COUNTIF(L106:BN106,"APAGADO") -> 4 | K106: =(I106)/(J106+I106) -> 0.92727273 | L106: APAGADO | N106: APAGADO | P106: APAGADO | R106: APAGADO
A107: CENTRO | B107: CEN 84 | C107: BONOMO | D107: 25 DE MAYO Y MAIPU | E107: Fija | F107: Fibra Optica | H107: 172.20.10.95 | I107: =COUNTIF(L107:BN107,"") -> 55 | J107: =COUNTIF(L107:BN107,"APAGADO") -> 0 | K107: =(I107)/(J107+I107) -> 1
A108: CENTRO | B108: CEN 85 | C108: BONOMO | D108: PTE PERON E/ PRINGLES Y BROWN | E108: Fija | F108: Fibra Optica | H108: 172.20.10.21 | I108: =COUNTIF(L108:BN108,"") -> 55 | J108: =COUNTIF(L108:BN108,"APAGADO") -> 0 | K108: =(I108)/(J108+I108) -> 1
A109: CENTRO | B109: CEN 86 | C109: BONOMO | D109: Monteagudo y Bocuzzi | E109: Fija | F109: Fibra Optica | H109: 172.20.10.106 | I109: =COUNTIF(L109:BN109,"") -> 47 | J109: =COUNTIF(L109:BN109,"APAGADO") -> 4 | K109: =(I109)/(J109+I109) -> 0.92156863 | L109: APAGADO | M109: problemas en el dispositivo - tiene vinculo de red | N109: APAGADO | O109: problemas en el dispositivo - tiene vinculo de red | P109: APAGADO | Q109: problemas en el dispositivo - tiene vinculo de red | R109: APAGADO | S109: problemas en el dispositivo - tiene vinculo de red
A110: CENTRO | B110: CEN87 | C110: IPCOMS | D110: 25 DE MAYO Y NEWBERY | E110: Domo | F110: GPON | H110: 172.20.10.118 | I110: =COUNTIF(L110:BN110,"") -> 51 | J110: =COUNTIF(L110:BN110,"APAGADO") -> 4 | K110: =(I110)/(J110+I110) -> 0.92727273 | L110: APAGADO | N110: APAGADO | P110: APAGADO | R110: APAGADO
A111: SAN NICOLAS | B111: CHA01 | C111: BONOMO | D111: Novak y Pte Illia | E111: Domo | F111: Radio | H111: 172.20.200.126 | I111: =COUNTIF(L111:BN111,"") -> 55 | J111: =COUNTIF(L111:BN111,"APAGADO") -> 0 | K111: =(I111)/(J111+I111) -> 1
A112: CHACABUCO | B112: CHA02 | C112: BONOMO | D112: Pte. Illia y Posadas | E112: Domo | F112: Radio | H112: 172.20.200.186 | I112: =COUNTIF(L112:BN112,"") -> 51 | J112: =COUNTIF(L112:BN112,"APAGADO") -> 4 | K112: =(I112)/(J112+I112) -> 0.92727273 | L112: APAGADO | N112: APAGADO | P112: APAGADO | R112: APAGADO
A113: CHACABUCO | B113: CHA03 | C113: BONOMO | D113: MAIPU Y ALVAREZ THOMAS | E113: DOMO | F113: Fibra Optica | H113: 172.20.11.71 | I113: =COUNTIF(L113:BN113,"") -> 55 | J113: =COUNTIF(L113:BN113,"APAGADO") -> 0 | K113: =(I113)/(J113+I113) -> 1
A114: CHACABUCO | B114: CHA04 | C114: BONOMO | D114: ESTADOS UNIDOS DE A. E ILLIA | E114: DOMO | F114: Fibra Optica | H114: 172.20.11.191 | I114: =COUNTIF(L114:BN114,"") -> 51 | J114: =COUNTIF(L114:BN114,"APAGADO") -> 4 | K114: =(I114)/(J114+I114) -> 0.92727273 | L114: APAGADO | N114: APAGADO | P114: APAGADO | R114: APAGADO
A115: VILLA MONICA NUEVA | B115: COL01 | C115: COSEIDI | D115: Eva Peron y Cariboni | E115: Domo | F115: Radio | H115: 172.20.200.177 | I115: =COUNTIF(L115:BN115,"") -> 51 | J115: =COUNTIF(L115:BN115,"APAGADO") -> 4 | K115: =(I115)/(J115+I115) -> 0.92727273 | L115: APAGADO | N115: APAGADO | P115: APAGADO | R115: APAGADO
...

Sheet Hoja3

Sheet ESTADISTICA
A1: ='RESUMEN TOTAL'!A4 -> Barrio | B1: ='RESUMEN TOTAL'!B4 -> [Denominacion] | C1: ='RESUMEN TOTAL'!D4 -> [Ubicacion] | D1: ='RESUMEN TOTAL'!E4 -> [Tipo de Camara] | E1: ='RESUMEN TOTAL'!F4 -> [Tipo de Conexion] | F1: ='RESUMEN TOTAL'!L4 -> 45383 | G1: ='RESUMEN TOTAL'!N4 -> 45384 | H1: ='RESUMEN TOTAL'!P4 -> 45385 | I1: ='RESUMEN TOTAL'!R4 -> 45386 | J1: ='RESUMEN TOTAL'!T4 -> 45387 | K1: ='RESUMEN TOTAL'!V4 -> 45388 | L1: ='RESUMEN TOTAL'!X4 -> 45389 | M1: ='RESUMEN TOTAL'!Z4 -> 45390 | N1: ='RESUMEN TOTAL'!AB4 -> 45391 | O1: ='RESUMEN TOTAL'!AD4 -> 45392 | P1: ='RESUMEN TOTAL'!AF4 -> 45393 | Q1: ='RESUMEN TOTAL'!AH4 -> 45394 | R1: ='RESUMEN TOTAL'!AJ4 -> 45395 | S1: ='RESUMEN TOTAL'!AL4 -> 45396 | T1: ='RESUMEN TOTAL'!AN4 -> 45397 | U1: ='RESUMEN TOTAL'!AP4 -> 45398 | V1: ='RESUMEN TOTAL'!AR4 -> 45399 | W1: ='RESUMEN TOTAL'!AT4 -> 45400 | X1: ='RESUMEN TOTAL'!AV4 -> 45401 | Y1: ='RESUMEN TOTAL'!AX4 -> 45402 | Z1: ='RESUMEN TOTAL'!AZ4 -> 45403 | AA1: ='RESUMEN TOTAL'!BB4 -> 45404 | AB1: ='RESUMEN TOTAL'!BD4 -> 45405 | AC1: ='RESUMEN TOTAL'!BF4 -> 45406 | AD1: ='RESUMEN TOTAL'!BH4 -> 45407 | AE1: ='RESUMEN TOTAL'!BJ4 -> 45408 | AF1: ='RESUMEN TOTAL'!BL4 -> 45409 | AG1: ='RESUMEN TOTAL'!BN4 -> 45410 | AH1: ='RESUMEN TOTAL'!BP4 -> 45411
A2: ='RESUMEN TOTAL'!A5 -> ALTAMIRA | B2: ='RESUMEN TOTAL'!B5 -> ALT01 | C2: ='RESUMEN TOTAL'!D5 -> Calchaqui y Sgto. Cabral | D2: ='RESUMEN TOTAL'!E5 -> Domo | E2: ='RESUMEN TOTAL'!F5 -> Fibra Optica | F2: ='RESUMEN TOTAL'!L5 -> 0 | G2: ='RESUMEN TOTAL'!N5 -> 0 | H2: ='RESUMEN TOTAL'!P5 -> 0 | I2: ='RESUMEN TOTAL'!R5 -> 0 | J2: ='RESUMEN TOTAL'!T5 -> 0 | K2: ='RESUMEN TOTAL'!V5 -> 0 | L2: ='RESUMEN TOTAL'!X5 -> 0 | M2: ='RESUMEN TOTAL'!Z5 -> 0 | N2: ='RESUMEN TOTAL'!AB5 -> 0 | O2: ='RESUMEN TOTAL'!AD5 -> 0 | P2: ='RESUMEN TOTAL'!AF5 -> 0 | Q2: ='RESUMEN TOTAL'!AH5 -> 0 | R2: ='RESUMEN TOTAL'!AJ5 -> 0 | S2: ='RESUMEN TOTAL'!AL5 -> 0 | T2: ='RESUMEN TOTAL'!AN5 -> 0 | U2: ='RESUMEN TOTAL'!AP5 -> 0 | V2: ='RESUMEN TOTAL'!AR5 -> 0 | W2: ='RESUMEN TOTAL'!AT5 -> 0 | X2: ='RESUMEN TOTAL'!AV5 -> 0 | Y2: ='RESUMEN TOTAL'!AX5 -> 0 | Z2: ='RESUMEN TOTAL'!AZ5 -> 0 | AA2: ='RESUMEN TOTAL'!BB5 -> 0 | AB2: ='RESUMEN TOTAL'!BD5 -> 0 | AC2: ='RESUMEN TOTAL'!BF5 -> 0 | AD2: ='RESUMEN TOTAL'!BH5 -> 0 | AE2: ='RESUMEN TOTAL'!BJ5 -> 0 | AF2: ='RESUMEN TOTAL'!BL5 -> 0 | AG2: ='RESUMEN TOTAL'!BN5 -> 0 | AH2: ='RESUMEN TOTAL'!BP5 -> 0
A3: ='RESUMEN TOTAL'!A6 -> ALTAMIRA | B3: ='RESUMEN TOTAL'!B6 -> ALT02 | C3: ='RESUMEN TOTAL'!D6 -> Calchaqui y Lope de Vega | D3: ='RESUMEN TOTAL'!E6 -> Domo | E3: ='RESUMEN TOTAL'!F6 -> PTO A FO | F3: ='RESUMEN TOTAL'!L6 -> 0 | G3: ='RESUMEN TOTAL'!N6 -> 0 | H3: ='RESUMEN TOTAL'!P6 -> 0 | I3: ='RESUMEN TOTAL'!R6 -> 0 | J3: ='RESUMEN TOTAL'!T6 -> 0 | K3: ='RESUMEN TOTAL'!V6 -> 0 | L3: ='RESUMEN TOTAL'!X6 -> 0 | M3: ='RESUMEN TOTAL'!Z6 -> 0 | N3: ='RESUMEN TOTAL'!AB6 -> 0 | O3: ='RESUMEN TOTAL'!AD6 -> 0 | P3: ='RESUMEN TOTAL'!AF6 -> 0 | Q3: ='RESUMEN TOTAL'!AH6 -> 0 | R3: ='RESUMEN TOTAL'!AJ6 -> 0 | S3: ='RESUMEN TOTAL'!AL6 -> 0 | T3: ='RESUMEN TOTAL'!AN6 -> 0 | U3: ='RESUMEN TOTAL'!AP6 -> 0 | V3: ='RESUMEN TOTAL'!AR6 -> 0 | W3: ='RESUMEN TOTAL'!AT6 -> 0 | X3: ='RESUMEN TOTAL'!AV6 -> 0 | Y3: ='RESUMEN TOTAL'!AX6 -> 0 | Z3: ='RESUMEN TOTAL'!AZ6 -> 0 | AA3: ='RESUMEN TOTAL'!BB6 -> 0 | AB3: ='RESUMEN TOTAL'!BD6 -> 0 | AC3: ='RESUMEN TOTAL'!BF6 -> 0 | AD3: ='RESUMEN TOTAL'!BH6 -> 0 | AE3: ='RESUMEN TOTAL'!BJ6 -> 0 | AF3: ='RESUMEN TOTAL'!BL6 -> 0 | AG3: ='RESUMEN TOTAL'!BN6 -> 0 | AH3: ='RESUMEN TOTAL'!BP6 -> 0
A4: ='RESUMEN TOTAL'!A7 -> ALTAMIRA | B4: ='RESUMEN TOTAL'!B7 -> ALT 03 | C4: ='RESUMEN TOTAL'!D7 -> Bombero Galarza y Necochea | D4: ='RESUMEN TOTAL'!E7 -> Domo | E4: ='RESUMEN TOTAL'!F7 -> Fibra Optica | F4: ='RESUMEN TOTAL'!L7 -> 0 | G4: ='RESUMEN TOTAL'!N7 -> 0 | H4: ='RESUMEN TOTAL'!P7 -> 0 | I4: ='RESUMEN TOTAL'!R7 -> 0 | J4: ='RESUMEN TOTAL'!T7 -> 0 | K4: ='RESUMEN TOTAL'!V7 -> 0 | L4: ='RESUMEN TOTAL'!X7 -> 0 | M4: ='RESUMEN TOTAL'!Z7 -> 0 | N4: ='RESUMEN TOTAL'!AB7 -> 0 | O4: ='RESUMEN TOTAL'!AD7 -> 0 | P4: ='RESUMEN TOTAL'!AF7 -> 0 | Q4: ='RESUMEN TOTAL'!AH7 -> 0 | R4: ='RESUMEN TOTAL'!AJ7 -> 0 | S4: ='RESUMEN TOTAL'!AL7 -> 0 | T4: ='RESUMEN TOTAL'!AN7 -> 0 | U4: ='RESUMEN TOTAL'!AP7 -> 0 | V4: ='RESUMEN TOTAL'!AR7 -> 0 | W4: ='RESUMEN TOTAL'!AT7 -> 0 | X4: ='RESUMEN TOTAL'!AV7 -> 0 | Y4: ='RESUMEN TOTAL'!AX7 -> 0 | Z4: ='RESUMEN TOTAL'!AZ7 -> 0 | AA4: ='RESUMEN TOTAL'!BB7 -> 0 | AB4: ='RESUMEN TOTAL'!BD7 -> 0 | AC4: ='RESUMEN TOTAL'!BF7 -> 0 | AD4: ='RESUMEN TOTAL'!BH7 -> 0 | AE4: ='RESUMEN TOTAL'!BJ7 -> 0 | AF4: ='RESUMEN TOTAL'!BL7 -> 0 | AG4: ='RESUMEN TOTAL'!BN7 -> 0 | AH4: ='RESUMEN TOTAL'!BP7 -> 0
A5: ='RESUMEN TOTAL'!A8 -> ALTAMIRA | B5: ='RESUMEN TOTAL'!B8 -> ALT 04 | C5: ='RESUMEN TOTAL'!D8 -> Francia y Necochea | D5: ='RESUMEN TOTAL'!E8 -> Domo | E5: ='RESUMEN TOTAL'!F8 -> Fibra Optica | F5: ='RESUMEN TOTAL'!L8 -> 0 | G5: ='RESUMEN TOTAL'!N8 -> 0 | H5: ='RESUMEN TOTAL'!P8 -> 0 | I5: ='RESUMEN TOTAL'!R8 -> 0 | J5: ='RESUMEN TOTAL'!T8 -> 0 | K5: ='RESUMEN TOTAL'!V8 -> 0 | L5: ='RESUMEN TOTAL'!X8 -> 0 | M5: ='RESUMEN TOTAL'!Z8 -> 0 | N5: ='RESUMEN TOTAL'!AB8 -> 0 | O5: ='RESUMEN TOTAL'!AD8 -> 0 | P5: ='RESUMEN TOTAL'!AF8 -> 0 | Q5: ='RESUMEN TOTAL'!AH8 -> 0 | R5: ='RESUMEN TOTAL'!AJ8 -> 0 | S5: ='RESUMEN TOTAL'!AL8 -> 0 | T5: ='RESUMEN TOTAL'!AN8 -> 0 | U5: ='RESUMEN TOTAL'!AP8 -> 0 | V5: ='RESUMEN TOTAL'!AR8 -> 0 | W5: ='RESUMEN TOTAL'!AT8 -> 0 | X5: ='RESUMEN TOTAL'!AV8 -> 0 | Y5: ='RESUMEN TOTAL'!AX8 -> 0 | Z5: ='RESUMEN TOTAL'!AZ8 -> 0 | AA5: ='RESUMEN TOTAL'!BB8 -> 0 | AB5: ='RESUMEN TOTAL'!BD8 -> 0 | AC5: ='RESUMEN TOTAL'!BF8 -> 0 | AD5: ='RESUMEN TOTAL'!BH8 -> 0 | AE5: ='RESUMEN TOTAL'!BJ8 -> 0 | AF5: ='RESUMEN TOTAL'!BL8 -> 0 | AG5: ='RESUMEN TOTAL'!BN8 -> 0 | AH5: ='RESUMEN TOTAL'!BP8 -> 0
A6: ='RESUMEN TOTAL'!A9 -> ALTAMIRA | B6: ='RESUMEN TOTAL'!B9 -> ALT05 | C6: ='RESUMEN TOTAL'!D9 -> Av. Calchaqui y Bombero Galarza | D6: ='RESUMEN TOTAL'!E9 -> Domo | E6: ='RESUMEN TOTAL'!F9 -> PTO A FO | F6: ='RESUMEN TOTAL'!L9 -> 0 | G6: ='RESUMEN TOTAL'!N9 -> 0 | H6: ='RESUMEN TOTAL'!P9 -> 0 | I6: ='RESUMEN TOTAL'!R9 -> 0 | J6: ='RESUMEN TOTAL'!T9 -> 0 | K6: ='RESUMEN TOTAL'!V9 -> 0 | L6: ='RESUMEN TOTAL'!X9 -> 0 | M6: ='RESUMEN TOTAL'!Z9 -> 0 | N6: ='RESUMEN TOTAL'!AB9 -> 0 | O6: ='RESUMEN TOTAL'!AD9 -> 0 | P6: ='RESUMEN TOTAL'!AF9 -> 0 | Q6: ='RESUMEN TOTAL'!AH9 -> 0 | R6: ='RESUMEN TOTAL'!AJ9 -> 0 | S6: ='RESUMEN TOTAL'!AL9 -> 0 | T6: ='RESUMEN TOTAL'!AN9 -> 0 | U6: ='RESUMEN TOTAL'!AP9 -> 0 | V6: ='RESUMEN TOTAL'!AR9 -> 0 | W6: ='RESUMEN TOTAL'!AT9 -> 0 | X6: ='RESUMEN TOTAL'!AV9 -> 0 | Y6: ='RESUMEN TOTAL'!AX9 -> 0 | Z6: ='RESUMEN TOTAL'!AZ9 -> 0 | AA6: ='RESUMEN TOTAL'!BB9 -> 0 | AB6: ='RESUMEN TOTAL'!BD9 -> 0 | AC6: ='RESUMEN TOTAL'!BF9 -> 0 | AD6: ='RESUMEN TOTAL'!BH9 -> 0 | AE6: ='RESUMEN TOTAL'!BJ9 -> 0 | AF6: ='RESUMEN TOTAL'!BL9 -> 0 | AG6: ='RESUMEN TOTAL'!BN9 -> 0 | AH6: ='RESUMEN TOTAL'!BP9 -> 0
A7: ='RESUMEN TOTAL'!A10 -> ALTAMIRA | B7: ='RESUMEN TOTAL'!B10 -> ALT 06 | C7: ='RESUMEN TOTAL'!D10 -> LOPE DE VEGA Y NECOCHEA | D7: ='RESUMEN TOTAL'!E10 -> Domo | E7: ='RESUMEN TOTAL'!F10 -> PTO A FO | F7: ='RESUMEN TOTAL'!L10 -> 0 | G7: ='RESUMEN TOTAL'!N10 -> 0 | H7: ='RESUMEN TOTAL'!P10 -> 0 | I7: ='RESUMEN TOTAL'!R10 -> 0 | J7: ='RESUMEN TOTAL'!T10 -> 0 | K7: ='RESUMEN TOTAL'!V10 -> 0 | L7: ='RESUMEN TOTAL'!X10 -> 0 | M7: ='RESUMEN TOTAL'!Z10 -> 0 | N7: ='RESUMEN TOTAL'!AB10 -> 0 | O7: ='RESUMEN TOTAL'!AD10 -> 0 | P7: ='RESUMEN TOTAL'!AF10 -> 0 | Q7: ='RESUMEN TOTAL'!AH10 -> 0 | R7: ='RESUMEN TOTAL'!AJ10 -> 0 | S7: ='RESUMEN TOTAL'!AL10 -> 0 | T7: ='RESUMEN TOTAL'!AN10 -> 0 | U7: ='RESUMEN TOTAL'!AP10 -> 0 | V7: ='RESUMEN TOTAL'!AR10 -> 0 | W7: ='RESUMEN TOTAL'!AT10 -> 0 | X7: ='RESUMEN TOTAL'!AV10 -> 0 | Y7: ='RESUMEN TOTAL'!AX10 -> 0 | Z7: ='RESUMEN TOTAL'!AZ10 -> 0 | AA7: ='RESUMEN TOTAL'!BB10 -> 0 | AB7: ='RESUMEN TOTAL'!BD10 -> 0 | AC7: ='RESUMEN TOTAL'!BF10 -> 0 | AD7: ='RESUMEN TOTAL'!BH10 -> 0 | AE7: ='RESUMEN TOTAL'!BJ10 -> 0 | AF7: ='RESUMEN TOTAL'!BL10 -> 0 | AG7: ='RESUMEN TOTAL'!BN10 -> 0 | AH7: ='RESUMEN TOTAL'!BP10 -> 0
A8: ='RESUMEN TOTAL'!A11 -> ALTAMIRA | B8: ='RESUMEN TOTAL'!B11 -> ALT07 | C8: ='RESUMEN TOTAL'!D11 -> AV. CALCHAQUI Y AV. DEL TRABAJO | D8: ='RESUMEN TOTAL'!E11 -> DOMO | E8: ='RESUMEN TOTAL'!F11 -> PTO A FO | F8: ='RESUMEN TOTAL'!L11 -> 0 | G8: ='RESUMEN TOTAL'!N11 -> 0 | H8: ='RESUMEN TOTAL'!P11 -> 0 | I8: ='RESUMEN TOTAL'!R11 -> 0 | J8: ='RESUMEN TOTAL'!T11 -> 0 | K8: ='RESUMEN TOTAL'!V11 -> 0 | L8: ='RESUMEN TOTAL'!X11 -> 0 | M8: ='RESUMEN TOTAL'!Z11 -> 0 | N8: ='RESUMEN TOTAL'!AB11 -> 0 | O8: ='RESUMEN TOTAL'!AD11 -> 0 | P8: ='RESUMEN TOTAL'!AF11 -> 0 | Q8: ='RESUMEN TOTAL'!AH11 -> 0 | R8: ='RESUMEN TOTAL'!AJ11 -> 0 | S8: ='RESUMEN TOTAL'!AL11 -> 0 | T8: ='RESUMEN TOTAL'!AN11 -> 0 | U8: ='RESUMEN TOTAL'!AP11 -> 0 | V8: ='RESUMEN TOTAL'!AR11 -> 0 | W8: ='RESUMEN TOTAL'!AT11 -> 0 | X8: ='RESUMEN TOTAL'!AV11 -> 0 | Y8: ='RESUMEN TOTAL'!AX11 -> 0 | Z8: ='RESUMEN TOTAL'!AZ11 -> 0 | AA8: ='RESUMEN TOTAL'!BB11 -> 0 | AB8: ='RESUMEN TOTAL'!BD11 -> 0 | AC8: ='RESUMEN TOTAL'!BF11 -> 0 | AD8: ='RESUMEN TOTAL'!BH11 -> 0 | AE8: ='RESUMEN TOTAL'!BJ11 -> 0 | AF8: ='RESUMEN TOTAL'!BL11 -> 0 | AG8: ='RESUMEN TOTAL'!BN11 -> 0 | AH8: ='RESUMEN TOTAL'!BP11 -> 0
A9: ='RESUMEN TOTAL'!A12 -> ALTAMIRA | B9: ='RESUMEN TOTAL'!B12 -> ALT 08 | C9: ='RESUMEN TOTAL'!D12 -> HUMAITA Y NECOCHEA | D9: ='RESUMEN TOTAL'!E12 -> DOMO | E9: ='RESUMEN TOTAL'!F12 -> Fibra Optica | F9: ='RESUMEN TOTAL'!L12 -> 0 | G9: ='RESUMEN TOTAL'!N12 -> 0 | H9: ='RESUMEN TOTAL'!P12 -> 0 | I9: ='RESUMEN TOTAL'!R12 -> 0 | J9: ='RESUMEN TOTAL'!T12 -> 0 | K9: ='RESUMEN TOTAL'!V12 -> 0 | L9: ='RESUMEN TOTAL'!X12 -> 0 | M9: ='RESUMEN TOTAL'!Z12 -> 0 | N9: ='RESUMEN TOTAL'!AB12 -> 0 | O9: ='RESUMEN TOTAL'!AD12 -> 0 | P9: ='RESUMEN TOTAL'!AF12 -> 0 | Q9: ='RESUMEN TOTAL'!AH12 -> 0 | R9: ='RESUMEN TOTAL'!AJ12 -> 0 | S9: ='RESUMEN TOTAL'!AL12 -> 0 | T9: ='RESUMEN TOTAL'!AN12 -> 0 | U9: ='RESUMEN TOTAL'!AP12 -> 0 | V9: ='RESUMEN TOTAL'!AR12 -> 0 | W9: ='RESUMEN TOTAL'!AT12 -> 0 | X9: ='RESUMEN TOTAL'!AV12 -> 0 | Y9: ='RESUMEN TOTAL'!AX12 -> 0 | Z9: ='RESUMEN TOTAL'!AZ12 -> 0 | AA9: ='RESUMEN TOTAL'!BB12 -> 0 | AB9: ='RESUMEN TOTAL'!BD12 -> 0 | AC9: ='RESUMEN TOTAL'!BF12 -> 0 | AD9: ='RESUMEN TOTAL'!BH12 -> 0 | AE9: ='RESUMEN TOTAL'!BJ12 -> 0 | AF9: ='RESUMEN TOTAL'!BL12 -> 0 | AG9: ='RESUMEN TOTAL'!BN12 -> 0 | AH9: ='RESUMEN TOTAL'!BP12 -> 0
A10: ='RESUMEN TOTAL'!A13 -> ALTAMIRA | B10: ='RESUMEN TOTAL'!B13 -> ALT 09 | C10: ='RESUMEN TOTAL'!D13 -> NECOCHEA Y CURUPAITY | D10: ='RESUMEN TOTAL'!E13 -> DOMO | E10: ='RESUMEN TOTAL'!F13 -> Fibra Optica | F10: ='RESUMEN TOTAL'!L13 -> APAGADO | G10: ='RESUMEN TOTAL'!N13 -> APAGADO | H10: ='RESUMEN TOTAL'!P13 -> APAGADO | I10: ='RESUMEN TOTAL'!R13 -> APAGADO | J10: ='RESUMEN TOTAL'!T13 -> 0 | K10: ='RESUMEN TOTAL'!V13 -> 0 | L10: ='RESUMEN TOTAL'!X13 -> 0 | M10: ='RESUMEN TOTAL'!Z13 -> 0 | N10: ='RESUMEN TOTAL'!AB13 -> 0 | O10: ='RESUMEN TOTAL'!AD13 -> 0 | P10: ='RESUMEN TOTAL'!AF13 -> 0 | Q10: ='RESUMEN TOTAL'!AH13 -> 0 | R10: ='RESUMEN TOTAL'!AJ13 -> 0 | S10: ='RESUMEN TOTAL'!AL13 -> 0 | T10: ='RESUMEN TOTAL'!AN13 -> 0 | U10: ='RESUMEN TOTAL'!AP13 -> 0 | V10: ='RESUMEN TOTAL'!AR13 -> 0 | W10: ='RESUMEN TOTAL'!AT13 -> 0 | X10: ='RESUMEN TOTAL'!AV13 -> 0 | Y10: ='RESUMEN TOTAL'!AX13 -> 0 | Z10: ='RESUMEN TOTAL'!AZ13 -> 0 | AA10: ='RESUMEN TOTAL'!BB13 -> 0 | AB10: ='RESUMEN TOTAL'!BD13 -> 0 | AC10: ='RESUMEN TOTAL'!BF13 -> 0 | AD10: ='RESUMEN TOTAL'!BH13 -> 0 | AE10: ='RESUMEN TOTAL'!BJ13 -> 0 | AF10: ='RESUMEN TOTAL'!BL13 -> 0 | AG10: ='RESUMEN TOTAL'!BN13 -> 0 | AH10: ='RESUMEN TOTAL'!BP13 -> 0
A11: ='RESUMEN TOTAL'!A14 -> ALTAMIRA | B11: ='RESUMEN TOTAL'!B14 -> ALT 10 | C11: ='RESUMEN TOTAL'!D14 -> Calchaqui y Francia | D11: ='RESUMEN TOTAL'!E14 -> Domo | E11: ='RESUMEN TOTAL'!F14 -> Radio | F11: ='RESUMEN TOTAL'!L14 -> 0 | G11: ='RESUMEN TOTAL'!N14 -> 0 | H11: ='RESUMEN TOTAL'!P14 -> 0 | I11: ='RESUMEN TOTAL'!R14 -> 0 | J11: ='RESUMEN TOTAL'!T14 -> 0 | K11: ='RESUMEN TOTAL'!V14 -> 0 | L11: ='RESUMEN TOTAL'!X14 -> 0 | M11: ='RESUMEN TOTAL'!Z14 -> 0 | N11: ='RESUMEN TOTAL'!AB14 -> 0 | O11: ='RESUMEN TOTAL'!AD14 -> 0 | P11: ='RESUMEN TOTAL'!AF14 -> 0 | Q11: ='RESUMEN TOTAL'!AH14 -> 0 | R11: ='RESUMEN TOTAL'!AJ14 -> 0 | S11: ='RESUMEN TOTAL'!AL14 -> 0 | T11: ='RESUMEN TOTAL'!AN14 -> 0 | U11: ='RESUMEN TOTAL'!AP14 -> 0 | V11: ='RESUMEN TOTAL'!AR14 -> 0 | W11: ='RESUMEN TOTAL'!AT14 -> 0 | X11: ='RESUMEN TOTAL'!AV14 -> 0 | Y11: ='RESUMEN TOTAL'!AX14 -> 0 | Z11: ='RESUMEN TOTAL'!AZ14 -> 0 | AA11: ='RESUMEN TOTAL'!BB14 -> 0 | AB11: ='RESUMEN TOTAL'!BD14 -> 0 | AC11: ='RESUMEN TOTAL'!BF14 -> 0 | AD11: ='RESUMEN TOTAL'!BH14 -> 0 | AE11: ='RESUMEN TOTAL'!BJ14 -> 0 | AF11: ='RESUMEN TOTAL'!BL14 -> 0 | AG11: ='RESUMEN TOTAL'!BN14 -> 0 | AH11: ='RESUMEN TOTAL'!BP14 -> 0
A12: ='RESUMEN TOTAL'!A15 -> AGUSTIN RAMIREZ | B12: ='RESUMEN TOTAL'!B15 -> ARA 01 | C12: ='RESUMEN TOTAL'!D15 -> Malambo y Tranquera | D12: ='RESUMEN TOTAL'!E15 -> Domo | E12: ='RESUMEN TOTAL'!F15 -> Fibra Optica | F12: ='RESUMEN TOTAL'!L15 -> APAGADO | G12: ='RESUMEN TOTAL'!N15 -> APAGADO | H12: ='RESUMEN TOTAL'!P15 -> APAGADO | I12: ='RESUMEN TOTAL'!R15 -> APAGADO | J12: ='RESUMEN TOTAL'!T15 -> 0 | K12: ='RESUMEN TOTAL'!V15 -> 0 | L12: ='RESUMEN TOTAL'!X15 -> 0 | M12: ='RESUMEN TOTAL'!Z15 -> 0 | N12: ='RESUMEN TOTAL'!AB15 -> 0 | O12: ='RESUMEN TOTAL'!AD15 -> 0 | P12: ='RESUMEN TOTAL'!AF15 -> 0 | Q12: ='RESUMEN TOTAL'!AH15 -> 0 | R12: ='RESUMEN TOTAL'!AJ15 -> 0 | S12: ='RESUMEN TOTAL'!AL15 -> 0 | T12: ='RESUMEN TOTAL'!AN15 -> 0 | U12: ='RESUMEN TOTAL'!AP15 -> 0 | V12: ='RESUMEN TOTAL'!AR15 -> 0 | W12: ='RESUMEN TOTAL'!AT15 -> 0 | X12: ='RESUMEN TOTAL'!AV15 -> 0 | Y12: ='RESUMEN TOTAL'!AX15 -> 0 | Z12: ='RESUMEN TOTAL'!AZ15 -> 0 | AA12: ='RESUMEN TOTAL'!BB15 -> 0 | AB12: ='RESUMEN TOTAL'!BD15 -> 0 | AC12: ='RESUMEN TOTAL'!BF15 -> 0 | AD12: ='RESUMEN TOTAL'!BH15 -> 0 | AE12: ='RESUMEN TOTAL'!BJ15 -> 0 | AF12: ='RESUMEN TOTAL'!BL15 -> 0 | AG12: ='RESUMEN TOTAL'!BN15 -> 0 | AH12: ='RESUMEN TOTAL'!BP15 -> 0
... A315: ='RESUMEN TOTAL'!A318 -> SAN JORGE | B315: ='RESUMEN TOTAL'!B318 -> SJO 03 | C315: ='RESUMEN TOTAL'!D318 -> 517 Y 580 | D315: ='RESUMEN TOTAL'!E318 -> DOMO | E315: ='RESUMEN TOTAL'!F318 -> Radio | F315: ='RESUMEN TOTAL'!L318 -> 0 | G315: ='RESUMEN TOTAL'!N318 -> 0 | H315: ='RESUMEN TOTAL'!P318 -> 0 | I315: ='RESUMEN TOTAL'!R318 -> 0 | J315: ='RESUMEN TOTAL'!T318 -> 0 | K315: ='RESUMEN TOTAL'!V318 -> 0 | L315: ='RESUMEN TOTAL'!X318 -> 0 | M315: ='RESUMEN TOTAL'!Z318 -> 0 | N315: ='RESUMEN TOTAL'!AB318 -> 0 | O315: ='RESUMEN TOTAL'!AD318 -> 0 | P315: ='RESUMEN TOTAL'!AF318 -> 0 | Q315: ='RESUMEN TOTAL'!AH318 -> 0 | R315: ='RESUMEN TOTAL'!AJ318 -> 0 | S315: ='RESUMEN TOTAL'!AL318 -> 0 | T315: ='RESUMEN TOTAL'!AN318 -> 0 | U315: ='RESUMEN TOTAL'!AP318 -> 0 | V315: ='RESUMEN TOTAL'!AR318 -> 0 | W315: ='RESUMEN TOTAL'!AT318 -> 0 | X315: ='RESUMEN TOTAL'!AV318 -> 0 | Y315: ='RESUMEN TOTAL'!AX318 -> 0 | Z315: ='RESUMEN TOTAL'!AZ318 -> 0 | AA315: ='RESUMEN TOTAL'!BB318 -> 0 | AB315: ='RESUMEN TOTAL'!BD318 -> 0 | AC315: ='RESUMEN TOTAL'!BF318 -> 0 | AD315: ='RESUMEN TOTAL'!BH318 -> 0 | AE315: ='RESUMEN TOTAL'!BJ318 -> 0 | AF315: ='RESUMEN TOTAL'!BL318 -> 0 | AG315: ='RESUMEN TOTAL'!BN318 -> 0 | AH315: ='RESUMEN TOTAL'!BP318 -> 0
A316: ='RESUMEN TOTAL'!A319 -> SAN JORGE | B316: ='RESUMEN TOTAL'!B319 -> SJO 04 | C316: ='RESUMEN TOTAL'!D319 -> 552 Y 519 | D316: ='RESUMEN TOTAL'!E319 -> DOMO | E316: ='RESUMEN TOTAL'!F319 -> Radio | F316: ='RESUMEN TOTAL'!L319 -> 0 | G316: ='RESUMEN TOTAL'!N319 -> 0 | H316: ='RESUMEN TOTAL'!R319 -> 0 | I316: ='RESUMEN TOTAL'!#REF! -> #REF! | J316: ='RESUMEN TOTAL'!T319 -> 0 | K316: ='RESUMEN TOTAL'!V319 -> 0 | L316: ='RESUMEN TOTAL'!X319 -> 0 | M316: ='RESUMEN TOTAL'!Z319 -> 0 | N316: ='RESUMEN TOTAL'!AB319 -> 0 | O316: ='RESUMEN TOTAL'!AD319 -> 0 | P316: ='RESUMEN TOTAL'!AF319 -> 0 | Q316: ='RESUMEN TOTAL'!AH319 -> 0 | R316: ='RESUMEN TOTAL'!AJ319 -> 0 | S316: ='RESUMEN TOTAL'!AL319 -> 0 | T316: ='RESUMEN TOTAL'!AN319 -> 0 | U316: ='RESUMEN TOTAL'!AP319 -> 0 | V316: ='RESUMEN TOTAL'!AR319 -> 0 | W316: ='RESUMEN TOTAL'!AT319 -> 0 | X316: ='RESUMEN TOTAL'!AV319 -> 0 | Y316: ='RESUMEN TOTAL'!AX319 -> 0 | Z316: ='RESUMEN TOTAL'!AZ319 -> 0 | AA316: ='RESUMEN TOTAL'!BB319 -> 0 | AB316: ='RESUMEN TOTAL'!BD319 -> 0 | AC316: ='RESUMEN TOTAL'!BF319 -> 0 | AD316: ='RESUMEN TOTAL'!BH319 -> 0 | AE316: ='RESUMEN TOTAL'!BJ319 -> 0 | AF316: ='RESUMEN TOTAL'!BL319 -> 0 | AG316: ='RESUMEN TOTAL'!BN319 -> 0 | AH316: ='RESUMEN TOTAL'!BP319 -> 0
A317: ='RESUMEN TOTAL'!A320 -> SAN JORGE | B317: ='RESUMEN TOTAL'!B320 -> SJO 09 (FIJA 1) | C317: ='RESUMEN TOTAL'!D320 -> 515 Y 566 | D317: ='RESUMEN TOTAL'!E320 -> Fija | E317: ='RESUMEN TOTAL'!F320 -> Radio | F317: ='RESUMEN TOTAL'!L320 -> 0 | G317: ='RESUMEN TOTAL'!N320 -> 0 | H317: ='RESUMEN TOTAL'!P320 -> 0 | I317: ='RESUMEN TOTAL'!R320 -> 0 | J317: ='RESUMEN TOTAL'!T320 -> 0 | K317: ='RESUMEN TOTAL'!V320 -> 0 | L317: ='RESUMEN TOTAL'!X320 -> 0 | M317: ='RESUMEN TOTAL'!Z320 -> 0 | N317: ='RESUMEN TOTAL'!AB320 -> 0 | O317: ='RESUMEN TOTAL'!AD320 -> 0 | P317: ='RESUMEN TOTAL'!AF320 -> 0 | Q317: ='RESUMEN TOTAL'!AH320 -> 0 | R317: ='RESUMEN TOTAL'!AJ320 -> 0 | S317: ='RESUMEN TOTAL'!AL320 -> 0 | T317: ='RESUMEN TOTAL'!AN320 -> 0 | U317: ='RESUMEN TOTAL'!AP320 -> 0 | V317: ='RESUMEN TOTAL'!AR320 -> 0 | W317: ='RESUMEN TOTAL'!AT320 -> 0 | X317: ='RESUMEN TOTAL'!AV320 -> 0 | Y317: ='RESUMEN TOTAL'!AX320 -> 0 | Z317: ='RESUMEN TOTAL'!AZ320 -> 0 | AA317: ='RESUMEN TOTAL'!BB320 -> 0 | AB317: ='RESUMEN TOTAL'!BD320 -> 0 | AC317: ='RESUMEN TOTAL'!BF320 -> 0 | AD317: ='RESUMEN TOTAL'!BH320 -> 0 | AE317: ='RESUMEN TOTAL'!BJ320 -> 0 | AF317: ='RESUMEN TOTAL'!BL320 -> 0 | AG317: ='RESUMEN TOTAL'!BN320 -> 0 | AH317: ='RESUMEN TOTAL'!BP320 -> 0
A318: ='RESUMEN TOTAL'!A321 -> SAN JORGE | B318: ='RESUMEN TOTAL'!B321 -> SJO 10 (FIJA 2) | C318: ='RESUMEN TOTAL'!D321 -> 515 Y 566 | D318: ='RESUMEN TOTAL'!E321 -> Fija | E318: ='RESUMEN TOTAL'!F321 -> Radio | F318: ='RESUMEN TOTAL'!L321 -> 0 | G318: ='RESUMEN TOTAL'!N321 -> 0 | H318: ='RESUMEN TOTAL'!P321 -> 0 | I318: ='RESUMEN TOTAL'!R321 -> 0 | J318: ='RESUMEN TOTAL'!T321 -> 0 | K318: ='RESUMEN TOTAL'!V321 -> 0 | L318: ='RESUMEN TOTAL'!X321 -> 0 | M318: ='RESUMEN TOTAL'!Z321 -> 0 | N318: ='RESUMEN TOTAL'!AB321 -> 0 | O318: ='RESUMEN TOTAL'!AD321 -> 0 | P318: ='RESUMEN TOTAL'!AF321 -> 0 | Q318: ='RESUMEN TOTAL'!AH321 -> 0 | R318: ='RESUMEN TOTAL'!AJ321 -> 0 | S318: ='RESUMEN TOTAL'!AL321 -> 0 | T318: ='RESUMEN TOTAL'!AN321 -> 0 | U318: ='RESUMEN TOTAL'!AP321 -> 0 | V318: ='RESUMEN TOTAL'!AR321 -> 0 | W318: ='RESUMEN TOTAL'!AT321 -> 0 | X318: ='RESUMEN TOTAL'!AV321 -> 0 | Y318: ='RESUMEN TOTAL'!AX321 -> 0 | Z318: ='RESUMEN TOTAL'!AZ321 -> 0 | AA318: ='RESUMEN TOTAL'!BB321 -> 0 | AB318: ='RESUMEN TOTAL'!BD321 -> 0 | AC318: ='RESUMEN TOTAL'!BF321 -> 0 | AD318: ='RESUMEN TOTAL'!BH321 -> 0 | AE318: ='RESUMEN TOTAL'!BJ321 -> 0 | AF318: ='RESUMEN TOTAL'!BL321 -> 0 | AG318: ='RESUMEN TOTAL'!BN321 -> 0 | AH318: ='RESUMEN TOTAL'!BP321 -> 0
A319: ='RESUMEN TOTAL'!A322 -> SAN JORGE | B319: ='RESUMEN TOTAL'!B322 -> SJO01 | C319: ='RESUMEN TOTAL'!D322 -> Calle 554 y 527 | D319: ='RESUMEN TOTAL'!E322 -> Domo | E319: ='RESUMEN TOTAL'!F322 -> Radio | F319: ='RESUMEN TOTAL'!L322 -> 0 | G319: ='RESUMEN TOTAL'!N322 -> 0 | H319: ='RESUMEN TOTAL'!P322 -> 0 | I319: ='RESUMEN TOTAL'!R322 -> 0 | J319: ='RESUMEN TOTAL'!T322 -> 0 | K319: ='RESUMEN TOTAL'!V322 -> 0 | L319: ='RESUMEN TOTAL'!X322 -> 0 | M319: ='RESUMEN TOTAL'!Z322 -> 0 | N319: ='RESUMEN TOTAL'!AB322 -> 0 | O319: ='RESUMEN TOTAL'!AD322 -> 0 | P319: ='RESUMEN TOTAL'!AF322 -> 0 | Q319: ='RESUMEN TOTAL'!AH322 -> 0 | R319: ='RESUMEN TOTAL'!AJ322 -> 0 | S319: ='RESUMEN TOTAL'!AL322 -> 0 | T319: ='RESUMEN TOTAL'!AN322 -> 0 | U319: ='RESUMEN TOTAL'!AP322 -> 0 | V319: ='RESUMEN TOTAL'!AR322 -> 0 | W319: ='RESUMEN TOTAL'!AT322 -> 0 | X319: ='RESUMEN TOTAL'!AV322 -> 0 | Y319: ='RESUMEN TOTAL'!AX322 -> 0 | Z319: ='RESUMEN TOTAL'!AZ322 -> 0 | AA319: ='RESUMEN TOTAL'!BB322 -> 0 | AB319: ='RESUMEN TOTAL'!BD322 -> 0 | AC319: ='RESUMEN TOTAL'!BF322 -> 0 | AD319: ='RESUMEN TOTAL'!BH322 -> 0 | AE319: ='RESUMEN TOTAL'!BJ322 -> 0 | AF319: ='RESUMEN TOTAL'!BL322 -> 0 | AG319: ='RESUMEN TOTAL'!BN322 -> 0 | AH319: ='RESUMEN TOTAL'!BP322 -> 0
A320: ='RESUMEN TOTAL'!A323 -> SAN JORGE | B320: ='RESUMEN TOTAL'!B323 -> SJO02 | C320: ='RESUMEN TOTAL'!D323 -> Calle 554 y 511 | D320: ='RESUMEN TOTAL'!E323 -> Domo | E320: ='RESUMEN TOTAL'!F323 -> Radio | F320: ='RESUMEN TOTAL'!L323 -> 0 | G320: ='RESUMEN TOTAL'!N323 -> 0 | H320: ='RESUMEN TOTAL'!R323 -> 0 | I320: ='RESUMEN TOTAL'!#REF! -> #REF! | J320: ='RESUMEN TOTAL'!T323 -> 0 | K320: ='RESUMEN TOTAL'!V323 -> 0 | L320: ='RESUMEN TOTAL'!X323 -> 0 | M320: ='RESUMEN TOTAL'!Z323 -> 0 | N320: ='RESUMEN TOTAL'!AB323 -> 0 | O320: ='RESUMEN TOTAL'!AD323 -> 0 | P320: ='RESUMEN TOTAL'!AF323 -> 0 | Q320: ='RESUMEN TOTAL'!AH323 -> 0 | R320: ='RESUMEN TOTAL'!AJ323 -> 0 | S320: ='RESUMEN TOTAL'!AL323 -> 0 | T320: ='RESUMEN TOTAL'!AN323 -> 0 | U320: ='RESUMEN TOTAL'!AP323 -> 0 | V320: ='RESUMEN TOTAL'!AR323 -> 0 | W320: ='RESUMEN TOTAL'!AT323 -> 0 | X320: ='RESUMEN TOTAL'!AV323 -> 0 | Y320: ='RESUMEN TOTAL'!AX323 -> 0 | Z320: ='RESUMEN TOTAL'!AZ323 -> 0 | AA320: ='RESUMEN TOTAL'!BB323 -> 0 | AB320: ='RESUMEN TOTAL'!BD323 -> 0 | AC320: ='RESUMEN TOTAL'!BF323 -> 0 | AD320: ='RESUMEN TOTAL'!BH323 -> 0 | AE320: ='RESUMEN TOTAL'!BJ323 -> 0 | AF320: ='RESUMEN TOTAL'!BL323 -> 0 | AG320: ='RESUMEN TOTAL'!BN323 -> 0 | AH320: ='RESUMEN TOTAL'!BP323 -> 0
A321: ='RESUMEN TOTAL'!A324 -> SAN JORGE | B321: ='RESUMEN TOTAL'!B324 -> SJO05 (fija 1) | C321: ='RESUMEN TOTAL'!D324 -> 511 Y 560 | D321: ='RESUMEN TOTAL'!E324 -> Fija | E321: ='RESUMEN TOTAL'!F324 -> Fibra Optica | F321: ='RESUMEN TOTAL'!L324 -> APAGADO | G321: ='RESUMEN TOTAL'!N324 -> APAGADO | H321: ='RESUMEN TOTAL'!R324 -> APAGADO | I321: ='RESUMEN TOTAL'!#REF! -> #REF! | J321: ='RESUMEN TOTAL'!T324 -> 0 | K321: ='RESUMEN TOTAL'!V324 -> 0 | L321: ='RESUMEN TOTAL'!X324 -> 0 | M321: ='RESUMEN TOTAL'!Z324 -> 0 | N321: ='RESUMEN TOTAL'!AB324 -> 0 | O321: ='RESUMEN TOTAL'!AD324 -> 0 | P321: ='RESUMEN TOTAL'!AF324 -> 0 | Q321: ='RESUMEN TOTAL'!AH324 -> 0 | R321: ='RESUMEN TOTAL'!AJ324 -> 0 | S321: ='RESUMEN TOTAL'!AL324 -> 0 | T321: ='RESUMEN TOTAL'!AN324 -> 0 | U321: ='RESUMEN TOTAL'!AP324 -> 0 | V321: ='RESUMEN TOTAL'!AR324 -> 0 | W321: ='RESUMEN TOTAL'!AT324 -> 0 | X321: ='RESUMEN TOTAL'!AV324 -> 0 | Y321: ='RESUMEN TOTAL'!AX324 -> 0 | Z321: ='RESUMEN TOTAL'!AZ324 -> 0 | AA321: ='RESUMEN TOTAL'!BB324 -> 0 | AB321: ='RESUMEN TOTAL'!BD324 -> 0 | AC321: ='RESUMEN TOTAL'!BF324 -> 0 | AD321: ='RESUMEN TOTAL'!BH324 -> 0 | AE321: ='RESUMEN TOTAL'!BJ324 -> 0 | AF321: ='RESUMEN TOTAL'!BL324 -> 0 | AG321: ='RESUMEN TOTAL'!BN324 -> 0 | AH321: ='RESUMEN TOTAL'!BP324 -> 0
A322: ='RESUMEN TOTAL'!A325 -> SAN JORGE | B322: ='RESUMEN TOTAL'!B325 -> SJO06 (fija 2) | C322: ='RESUMEN TOTAL'!D325 -> 511 Y 560 | D322: ='RESUMEN TOTAL'!E325 -> Fija | E322: ='RESUMEN TOTAL'!F325 -> Fibra Optica | F322: ='RESUMEN TOTAL'!L325 -> APAGADO | G322: ='RESUMEN TOTAL'!N325 -> APAGADO | H322: ='RESUMEN TOTAL'!R325 -> APAGADO | I322: ='RESUMEN TOTAL'!#REF! -> #REF! | J322: ='RESUMEN TOTAL'!T325 -> 0 | K322: ='RESUMEN TOTAL'!V325 -> 0 | L322: ='RESUMEN TOTAL'!X325 -> 0 | M322: ='RESUMEN TOTAL'!Z325 -> 0 | N322: ='RESUMEN TOTAL'!AB325 -> 0 | O322: ='RESUMEN TOTAL'!AD325 -> 0 | P322: ='RESUMEN TOTAL'!AF325 -> 0 | Q322: ='RESUMEN TOTAL'!AH325 -> 0 | R322: ='RESUMEN TOTAL'!AJ325 -> 0 | S322: ='RESUMEN TOTAL'!AL325 -> 0 | T322: ='RESUMEN TOTAL'!AN325 -> 0 | U322: ='RESUMEN TOTAL'!AP325 -> 0 | V322: ='RESUMEN TOTAL'!AR325 -> 0 | W322: ='RESUMEN TOTAL'!AT325 -> 0 | X322: ='RESUMEN TOTAL'!AV325 -> 0 | Y322: ='RESUMEN TOTAL'!AX325 -> 0 | Z322: ='RESUMEN TOTAL'!AZ325 -> 0 | AA322: ='RESUMEN TOTAL'!BB325 -> 0 | AB322: ='RESUMEN TOTAL'!BD325 -> 0 | AC322: ='RESUMEN TOTAL'!BF325 -> 0 | AD322: ='RESUMEN TOTAL'!BH325 -> 0 | AE322: ='RESUMEN TOTAL'!BJ325 -> 0 | AF322: ='RESUMEN TOTAL'!BL325 -> 0 | AG322: ='RESUMEN TOTAL'!BN325 -> 0 | AH322: ='RESUMEN TOTAL'!BP325 -> 0
A323: ='RESUMEN TOTAL'!A326 -> SAN JORGE | B323: ='RESUMEN TOTAL'!B326 -> SJO07 (fija 1) | C323: ='RESUMEN TOTAL'!D326 -> 503 Y 556 | D323: ='RESUMEN TOTAL'!E326 -> Fija | E323: ='RESUMEN TOTAL'!F326 -> Fibra Optica | F323: ='RESUMEN TOTAL'!L326 -> APAGADO | G323: ='RESUMEN TOTAL'!N326 -> APAGADO | H323: ='RESUMEN TOTAL'!R326 -> APAGADO | I323: ='RESUMEN TOTAL'!#REF! -> #REF! | J323: ='RESUMEN TOTAL'!T326 -> 0 | K323: ='RESUMEN TOTAL'!V326 -> 0 | L323: ='RESUMEN TOTAL'!X326 -> 0 | M323: ='RESUMEN TOTAL'!Z326 -> 0 | N323: ='RESUMEN TOTAL'!AB326 -> 0 | O323: ='RESUMEN TOTAL'!AD326 -> 0 | P323: ='RESUMEN TOTAL'!AF326 -> 0 | Q323: ='RESUMEN TOTAL'!AH326 -> 0 | R323: ='RESUMEN TOTAL'!AJ326 -> 0 | S323: ='RESUMEN TOTAL'!AL326 -> 0 | T323: ='RESUMEN TOTAL'!AN326 -> 0 | U323: ='RESUMEN TOTAL'!AP326 -> 0 | V323: ='RESUMEN TOTAL'!AR326 -> 0 | W323: ='RESUMEN TOTAL'!AT326 -> 0 | X323: ='RESUMEN TOTAL'!AV326 -> 0 | Y323: ='RESUMEN TOTAL'!AX326 -> 0 | Z323: ='RESUMEN TOTAL'!AZ326 -> 0 | AA323: ='RESUMEN TOTAL'!BB326 -> 0 | AB323: ='RESUMEN TOTAL'!BD326 -> 0 | AC323: ='RESUMEN TOTAL'!BF326 -> 0 | AD323: ='RESUMEN TOTAL'!BH326 -> 0 | AE323: ='RESUMEN TOTAL'!BJ326 -> 0 | AF323: ='RESUMEN TOTAL'!BL326 -> 0 | AG323: ='RESUMEN TOTAL'!BN326 -> 0 | AH323: ='RESUMEN TOTAL'!BP326 -> 0
A324: ='RESUMEN TOTAL'!A327 -> SAN JORGE | B324: ='RESUMEN TOTAL'!B327 -> SJO08 (fija 2) | C324: ='RESUMEN TOTAL'!D327 -> 503 Y 556 | D324: ='RESUMEN TOTAL'!E327 -> Fija | E324: ='RESUMEN TOTAL'!F327 -> Fibra Optica | F324: ='RESUMEN TOTAL'!L327 -> APAGADO | G324: ='RESUMEN TOTAL'!N327 -> APAGADO | H324: ='RESUMEN TOTAL'!R327 -> APAGADO | I324: ='RESUMEN TOTAL'!#REF! -> #REF! | J324: ='RESUMEN TOTAL'!T327 -> 0 | K324: ='RESUMEN TOTAL'!V327 -> 0 | L324: ='RESUMEN TOTAL'!X327 -> 0 | M324: ='RESUMEN TOTAL'!Z327 -> 0 | N324: ='RESUMEN TOTAL'!AB327 -> 0 | O324: ='RESUMEN TOTAL'!AD327 -> 0 | P324: ='RESUMEN TOTAL'!AF327 -> 0 | Q324: ='RESUMEN TOTAL'!AH327 -> 0 | R324: ='RESUMEN TOTAL'!AJ327 -> 0 | S324: ='RESUMEN TOTAL'!AL327 -> 0 | T324: ='RESUMEN TOTAL'!AN327 -> 0 | U324: ='RESUMEN TOTAL'!AP327 -> 0 | V324: ='RESUMEN TOTAL'!AR327 -> 0 | W324: ='RESUMEN TOTAL'!AT327 -> 0 | X324: ='RESUMEN TOTAL'!AV327 -> 0 | Y324: ='RESUMEN TOTAL'!AX327 -> 0 | Z324: ='RESUMEN TOTAL'!AZ327 -> 0 | AA324: ='RESUMEN TOTAL'!BB327 -> 0 | AB324: ='RESUMEN TOTAL'!BD327 -> 0 | AC324: ='RESUMEN TOTAL'!BF327 -> 0 | AD324: ='RESUMEN TOTAL'!BH327 -> 0 | AE324: ='RESUMEN TOTAL'!BJ327 -> 0 | AF324: ='RESUMEN TOTAL'!BL327 -> 0 | AG324: ='RESUMEN TOTAL'!BN327 -> 0 | AH324: ='RESUMEN TOTAL'!BP327 -> 0
A325: ='RESUMEN TOTAL'!A328 -> SANTO TOMAS | B325: ='RESUMEN TOTAL'!B328 -> SJU01 | C325: ='RESUMEN TOTAL'!D328 -> Ruta 36 y Pte.Peron | D325: ='RESUMEN TOTAL'!E328 -> Domo | E325: ='RESUMEN TOTAL'!F328 -> Radio | F325: ='RESUMEN TOTAL'!L328 -> 0 | G325: ='RESUMEN TOTAL'!N328 -> 0 | H325: ='RESUMEN TOTAL'!P328 -> 0 | I325: ='RESUMEN TOTAL'!R328 -> 0 | J325: ='RESUMEN TOTAL'!T328 -> 0 | K325: ='RESUMEN TOTAL'!V328 -> 0 | L325: ='RESUMEN TOTAL'!X328 -> 0 | M325: ='RESUMEN TOTAL'!Z328 -> 0 | N325: ='RESUMEN TOTAL'!AB328 -> 0 | O325: ='RESUMEN TOTAL'!AD328 -> 0 | P325: ='RESUMEN TOTAL'!AF328 -> 0 | Q325: ='RESUMEN TOTAL'!AH328 -> 0 | R325: ='RESUMEN TOTAL'!AJ328 -> 0 | S325: ='RESUMEN TOTAL'!AL328 -> 0 | T325: ='RESUMEN TOTAL'!AN328 -> 0 | U325: ='RESUMEN TOTAL'!AP328 -> 0 | V325: ='RESUMEN TOTAL'!AR328 -> 0 | W325: ='RESUMEN TOTAL'!AT328 -> 0 | X325: ='RESUMEN TOTAL'!AV328 -> 0 | Y325: ='RESUMEN TOTAL'!AX328 -> 0 | Z325: ='RESUMEN TOTAL'!AZ328 -> 0 | AA325: ='RESUMEN TOTAL'!BB328 -> 0 | AB325: ='RESUMEN TOTAL'!BD328 -> 0 | AC325: ='RESUMEN TOTAL'!BF328 -> 0 | AD325: ='RESUMEN TOTAL'!BH328 -> 0 | AE325: ='RESUMEN TOTAL'!BJ328 -> 0 | AF325: ='RESUMEN TOTAL'!BL328 -> 0 | AG325: ='RESUMEN TOTAL'!BN328 -> 0 | AH325: ='RESUMEN TOTAL'!BP328 -> 0
A326: ='RESUMEN TOTAL'!A329 -> VILLA GENERAL SAN MARTIN | B326: ='RESUMEN TOTAL'!B329 -> SMA01 | C326: ='RESUMEN TOTAL'!D329 -> Hudson y Montevideo | D326: ='RESUMEN TOTAL'!E329 -> DOMO | E326: ='RESUMEN TOTAL'!F329 -> Radio | F326: ='RESUMEN TOTAL'!L329 -> 0 | G326: ='RESUMEN TOTAL'!N329 -> 0 | H326: ='RESUMEN TOTAL'!P329 -> 0 | I326: ='RESUMEN TOTAL'!R329 -> 0 | J326: ='RESUMEN TOTAL'!T329 -> 0 | K326: ='RESUMEN TOTAL'!V329 -> 0 | L326: ='RESUMEN TOTAL'!X329 -> 0 | M326: ='RESUMEN TOTAL'!Z329 -> 0 | N326: ='RESUMEN TOTAL'!AB329 -> 0 | O326: ='RESUMEN TOTAL'!AD329 -> 0 | P326: ='RESUMEN TOTAL'!AF329 -> 0 | Q326: ='RESUMEN TOTAL'!AH329 -> 0 | R326: ='RESUMEN TOTAL'!AJ329 -> 0 | S326: ='RESUMEN TOTAL'!AL329 -> 0 | T326: ='RESUMEN TOTAL'!AN329 -> 0 | U326: ='RESUMEN TOTAL'!AP329 -> 0 | V326: ='RESUMEN TOTAL'!AR329 -> 0 | W326: ='RESUMEN TOTAL'!AT329 -> 0 | X326: ='RESUMEN TOTAL'!AV329 -> 0 | Y326: ='RESUMEN TOTAL'!AX329 -> 0 | Z326: ='RESUMEN TOTAL'!AZ329 -> 0 | AA326: ='RESUMEN TOTAL'!BB329 -> 0 | AB326: ='RESUMEN TOTAL'!BD329 -> 0 | AC326: ='RESUMEN TOTAL'!BF329 -> 0 | AD326: ='RESUMEN TOTAL'!BH329 -> 0 | AE326: ='RESUMEN TOTAL'!BJ329 -> 0 | AF326: ='RESUMEN TOTAL'!BL329 -> 0 | AG326: ='RESUMEN TOTAL'!BN329 -> 0 | AH326: ='RESUMEN TOTAL'!BP329 -> 0
A327: ='RESUMEN TOTAL'!A330 -> VILLA GENERAL SAN MARTIN | B327: ='RESUMEN TOTAL'!B330 -> SMA02 | C327: ='RESUMEN TOTAL'!D330 -> Hudson y San Nicolas | D327: ='RESUMEN TOTAL'!E330 -> Domo | E327: ='RESUMEN TOTAL'!F330 -> Radio | F327: ='RESUMEN TOTAL'!L330 -> APAGADO | G327: ='RESUMEN TOTAL'!N330 -> APAGADO | H327: ='RESUMEN TOTAL'!P330 -> APAGADO | I327: ='RESUMEN TOTAL'!R330 -> APAGADO | J327: ='RESUMEN TOTAL'!T330 -> 0 | K327: ='RESUMEN TOTAL'!V330 -> 0 | L327: ='RESUMEN TOTAL'!X330 -> 0 | M327: ='RESUMEN TOTAL'!Z330 -> 0 | N327: ='RESUMEN TOTAL'!AB330 -> 0 | O327: ='RESUMEN TOTAL'!AD330 -> 0 | P327: ='RESUMEN TOTAL'!AF330 -> 0 | Q327: ='RESUMEN TOTAL'!AH330 -> 0 | R327: ='RESUMEN TOTAL'!AJ330 -> 0 | S327: ='RESUMEN TOTAL'!AL330 -> 0 | T327: ='RESUMEN TOTAL'!AN330 -> 0 | U327: ='RESUMEN TOTAL'!AP330 -> 0 | V327: ='RESUMEN TOTAL'!AR330 -> 0 | W327: ='RESUMEN TOTAL'!AT330 -> 0 | X327: ='RESUMEN TOTAL'!AV330 -> 0 | Y327: ='RESUMEN TOTAL'!AX330 -> 0 | Z327: ='RESUMEN TOTAL'!AZ330 -> 0 | AA327: ='RESUMEN TOTAL'!BB330 -> 0 | AB327: ='RESUMEN TOTAL'!BD330 -> 0 | AC327: ='RESUMEN TOTAL'!BF330 -> 0 | AD327: ='RESUMEN TOTAL'!BH330 -> 0 | AE327: ='RESUMEN TOTAL'!BJ330 -> 0 | AF327: ='RESUMEN TOTAL'!BL330 -> 0 | AG327: ='RESUMEN TOTAL'!BN330 -> 0 | AH327: ='RESUMEN TOTAL'!BP330 -> 0
A328: ='RESUMEN TOTAL'!A331 -> VILLA GENERAL SAN MARTIN | B328: ='RESUMEN TOTAL'!B331 -> SMA 03 | C328: ='RESUMEN TOTAL'!D331 -> ROSARIO Y SAN NICOLAS | D328: ='RESUMEN TOTAL'!E331 -> Domo | E328: ='RESUMEN TOTAL'!F331 -> Radio | F328: ='RESUMEN TOTAL'!L331 -> 0 | G328: ='RESUMEN TOTAL'!N331 -> 0 | H328: ='RESUMEN TOTAL'!P331 -> 0 | I328: ='RESUMEN TOTAL'!R331 -> 0 | J328: ='RESUMEN TOTAL'!T331 -> 0 | K328: ='RESUMEN TOTAL'!V331 -> 0 | L328: ='RESUMEN TOTAL'!X331 -> 0 | M328: ='RESUMEN TOTAL'!Z331 -> 0 | N328: ='RESUMEN TOTAL'!AB331 -> 0 | O328: ='RESUMEN TOTAL'!AD331 -> 0 | P328: ='RESUMEN TOTAL'!AF331 -> 0 | Q328: ='RESUMEN TOTAL'!AH331 -> 0 | R328: ='RESUMEN TOTAL'!AJ331 -> 0 | S328: ='RESUMEN TOTAL'!AL331 -> 0 | T328: ='RESUMEN TOTAL'!AN331 -> 0 | U328: ='RESUMEN TOTAL'!AP331 -> 0 | V328: ='RESUMEN TOTAL'!AR331 -> 0 | W328: ='RESUMEN TOTAL'!AT331 -> 0 | X328: ='RESUMEN TOTAL'!AV331 -> 0 | Y328: ='RESUMEN TOTAL'!AX331 -> 0 | Z328: ='RESUMEN TOTAL'!AZ331 -> 0 | AA328: ='RESUMEN TOTAL'!BB331 -> 0 | AB328: ='RESUMEN TOTAL'!BD331 -> 0 | AC328: ='RESUMEN TOTAL'!BF331 -> 0 | AD328: ='RESUMEN TOTAL'!BH331 -> 0 | AE328: ='RESUMEN TOTAL'!BJ331 -> 0 | AF328: ='RESUMEN TOTAL'!BL331 -> 0 | AG328: ='RESUMEN TOTAL'!BN331 -> 0 | AH328: ='RESUMEN TOTAL'!BP331 -> 0
A329: ='RESUMEN TOTAL'!A332 -> VILLA GENERAL SAN MARTIN | B329: ='RESUMEN TOTAL'!B332 -> SMA 04 | C329: ='RESUMEN TOTAL'!D332 -> HUDSON Y MONTEVIDEO | D329: ='RESUMEN TOTAL'!E332 -> FIJA | E329: ='RESUMEN TOTAL'!F332 -> Radio | F329: ='RESUMEN TOTAL'!L332 -> 0 | G329: ='RESUMEN TOTAL'!N332 -> 0 | H329: ='RESUMEN TOTAL'!P332 -> 0 | I329: ='RESUMEN TOTAL'!R332 -> 0 | J329: ='RESUMEN TOTAL'!T332 -> 0 | K329: ='RESUMEN TOTAL'!V332 -> 0 | L329: ='RESUMEN TOTAL'!X332 -> 0 | M329: ='RESUMEN TOTAL'!Z332 -> 0 | N329: ='RESUMEN TOTAL'!AB332 -> 0 | O329: ='RESUMEN TOTAL'!AD332 -> 0 | P329: ='RESUMEN TOTAL'!AF332 -> 0 | Q329: ='RESUMEN TOTAL'!AH332 -> 0 | R329: ='RESUMEN TOTAL'!AJ332 -> 0 | S329: ='RESUMEN TOTAL'!AL332 -> 0 | T329: ='RESUMEN TOTAL'!AN332 -> 0 | U329: ='RESUMEN TOTAL'!AP332 -> 0 | V329: ='RESUMEN TOTAL'!AR332 -> 0 | W329: ='RESUMEN TOTAL'!AT332 -> 0 | X329: ='RESUMEN TOTAL'!AV332 -> 0 | Y329: ='RESUMEN TOTAL'!AX332 -> 0 | Z329: ='RESUMEN TOTAL'!AZ332 -> 0 | AA329: ='RESUMEN TOTAL'!BB332 -> 0 | AB329: ='RESUMEN TOTAL'!BD332 -> 0 | AC329: ='RESUMEN TOTAL'!BF332 -> 0 | AD329: ='RESUMEN TOTAL'!BH332 -> 0 | AE329: ='RESUMEN TOTAL'!BJ332 -> 0 | AF329: ='RESUMEN TOTAL'!BL332 -> 0 | AG329: ='RESUMEN TOTAL'!BN332 -> 0 | AH329: ='RESUMEN TOTAL'!BP332 -> 0
A330: ='RESUMEN TOTAL'!A333 -> VILLA GENERAL SAN MARTIN | B330: ='RESUMEN TOTAL'!B333 -> SMA05 | C330: ='RESUMEN TOTAL'!D333 -> MONTEVIDEO Y VILLEGAS | D330: ='RESUMEN TOTAL'!E333 -> DOMO | E330: ='RESUMEN TOTAL'!F333 -> PTO A FO | F330: ='RESUMEN TOTAL'!L333 -> 0 | G330: ='RESUMEN TOTAL'!N333 -> 0 | H330: ='RESUMEN TOTAL'!P333 -> 0 | I330: ='RESUMEN TOTAL'!R333 -> 0 | J330: ='RESUMEN TOTAL'!T333 -> 0 | K330: ='RESUMEN TOTAL'!V333 -> 0 | L330: ='RESUMEN TOTAL'!X333 -> 0 | M330: ='RESUMEN TOTAL'!Z333 -> 0 | N330: ='RESUMEN TOTAL'!AB333 -> 0 | O330: ='RESUMEN TOTAL'!AD333 -> 0 | P330: ='RESUMEN TOTAL'!AF333 -> 0 | Q330: ='RESUMEN TOTAL'!AH333 -> 0 | R330: ='RESUMEN TOTAL'!AJ333 -> 0 | S330: ='RESUMEN TOTAL'!AL333 -> 0 | T330: ='RESUMEN TOTAL'!AN333 -> 0 | U330: ='RESUMEN TOTAL'!AP333 -> 0 | V330: ='RESUMEN TOTAL'!AR333 -> 0 | W330: ='RESUMEN TOTAL'!AT333 -> 0 | X330: ='RESUMEN TOTAL'!AV333 -> 0 | Y330: ='RESUMEN TOTAL'!AX333 -> 0 | Z330: ='RESUMEN TOTAL'!AZ333 -> 0 | AA330: ='RESUMEN TOTAL'!BB333 -> 0 | AB330: ='RESUMEN TOTAL'!BD333 -> 0 | AC330: ='RESUMEN TOTAL'!BF333 -> 0 | AD330: ='RESUMEN TOTAL'!BH333 -> 0 | AE330: ='RESUMEN TOTAL'!BJ333 -> 0 | AF330: ='RESUMEN TOTAL'!BL333 -> 0 | AG330: ='RESUMEN TOTAL'!BN333 -> 0 | AH330: ='RESUMEN TOTAL'!BP333 -> 0
A331: ='RESUMEN TOTAL'!A334 -> VILLA GENERAL SAN MARTIN | B331: ='RESUMEN TOTAL'!B334 -> SMA 06 | C331: ='RESUMEN TOTAL'!D334 -> AV. HUDSON Y RIO IGUAZU | D331: ='RESUMEN TOTAL'!E334 -> DOMO | E331: ='RESUMEN TOTAL'!F334 -> Fibra Optica | F331: ='RESUMEN TOTAL'!L334 -> 0 | G331: ='RESUMEN TOTAL'!N334 -> 0 | H331: ='RESUMEN TOTAL'!P334 -> 0 | I331: ='RESUMEN TOTAL'!R334 -> 0 | J331: ='RESUMEN TOTAL'!T334 -> 0 | K331: ='RESUMEN TOTAL'!V334 -> 0 | L331: ='RESUMEN TOTAL'!X334 -> 0 | M331: ='RESUMEN TOTAL'!Z334 -> 0 | N331: ='RESUMEN TOTAL'!AB334 -> 0 | O331: ='RESUMEN TOTAL'!AD334 -> 0 | P331: ='RESUMEN TOTAL'!AF334 -> 0 | Q331: ='RESUMEN TOTAL'!AH334 -> 0 | R331: ='RESUMEN TOTAL'!AJ334 -> 0 | S331: ='RESUMEN TOTAL'!AL334 -> 0 | T331: ='RESUMEN TOTAL'!AN334 -> 0 | U331: ='RESUMEN TOTAL'!AP334 -> 0 | V331: ='RESUMEN TOTAL'!AR334 -> 0 | W331: ='RESUMEN TOTAL'!AT334 -> 0 | X331: ='RESUMEN TOTAL'!AV334 -> 0 | Y331: ='RESUMEN TOTAL'!AX334 -> 0 | Z331: ='RESUMEN TOTAL'!AZ334 -> 0 | AA331: ='RESUMEN TOTAL'!BB334 -> 0 | AB331: ='RESUMEN TOTAL'!BD334 -> 0 | AC331: ='RESUMEN TOTAL'!BF334 -> 0 | AD331: ='RESUMEN TOTAL'!BH334 -> 0 | AE331: ='RESUMEN TOTAL'!BJ334 -> 0 | AF331: ='RESUMEN TOTAL'!BL334 -> 0 | AG331: ='RESUMEN TOTAL'!BN334 -> 0 | AH331: ='RESUMEN TOTAL'!BP334 -> 0
A332: ='RESUMEN TOTAL'!A335 -> VILLA GENERAL SAN MARTIN | B332: ='RESUMEN TOTAL'!B335 -> SMA 07 | C332: ='RESUMEN TOTAL'!D335 -> AV. HUDSON Y RIO TURBIO | D332: ='RESUMEN TOTAL'!E335 -> DOMO | E332: ='RESUMEN TOTAL'!F335 -> Fibra Optica | F332: ='RESUMEN TOTAL'!L335 -> 0 | G332: ='RESUMEN TOTAL'!N335 -> 0 | H332: ='RESUMEN TOTAL'!P335 -> 0 | I332: ='RESUMEN TOTAL'!R335 -> 0 | J332: ='RESUMEN TOTAL'!T335 -> 0 | K332: ='RESUMEN TOTAL'!V335 -> 0 | L332: ='RESUMEN TOTAL'!X335 -> 0 | M332: ='RESUMEN TOTAL'!Z335 -> 0 | N332: ='RESUMEN TOTAL'!AB335 -> 0 | O332: ='RESUMEN TOTAL'!AD335 -> 0 | P332: ='RESUMEN TOTAL'!AF335 -> 0 | Q332: ='RESUMEN TOTAL'!AH335 -> 0 | R332: ='RESUMEN TOTAL'!AJ335 -> 0 | S332: ='RESUMEN TOTAL'!AL335 -> 0 | T332: ='RESUMEN TOTAL'!AN335 -> 0 | U332: ='RESUMEN TOTAL'!AP335 -> 0 | V332: ='RESUMEN TOTAL'!AR335 -> 0 | W332: ='RESUMEN TOTAL'!AT335 -> 0 | X332: ='RESUMEN TOTAL'!AV335 -> 0 | Y332: ='RESUMEN TOTAL'!AX335 -> 0 | Z332: ='RESUMEN TOTAL'!AZ335 -> 0 | AA332: ='RESUMEN TOTAL'!BB335 -> 0 | AB332: ='RESUMEN TOTAL'!BD335 -> 0 | AC332: ='RESUMEN TOTAL'!BF335 -> 0 | AD332: ='RESUMEN TOTAL'!BH335 -> 0 | AE332: ='RESUMEN TOTAL'!BJ335 -> 0 | AF332: ='RESUMEN TOTAL'!BL335 -> 0 | AG332: ='RESUMEN TOTAL'!BN335 -> 0 | AH332: ='RESUMEN TOTAL'!BP335 -> 0
A333: ='RESUMEN TOTAL'!A336 -> SAN MARTIN | B333: ='RESUMEN TOTAL'!B336 -> SMA 08 | C333: ='RESUMEN TOTAL'!D336 -> 12 De Octubre y H. Lagos | D333: ='RESUMEN TOTAL'!E336 -> fija | E333: ='RESUMEN TOTAL'!F336 -> Fibra Optica | F333: ='RESUMEN TOTAL'!L336 -> APAGADO | G333: ='RESUMEN TOTAL'!N336 -> APAGADO | H333: ='RESUMEN TOTAL'!R336 -> APAGADO | I333: ='RESUMEN TOTAL'!#REF! -> #REF! | J333: ='RESUMEN TOTAL'!T336 -> 0 | K333: ='RESUMEN TOTAL'!V336 -> 0 | L333: ='RESUMEN TOTAL'!X336 -> 0 | M333: ='RESUMEN TOTAL'!Z336 -> 0 | N333: ='RESUMEN TOTAL'!AB336 -> 0 | O333: ='RESUMEN TOTAL'!AD336 -> 0 | P333: ='RESUMEN TOTAL'!AF336 -> 0 | Q333: ='RESUMEN TOTAL'!AH336 -> 0 | R333: ='RESUMEN TOTAL'!AJ336 -> 0 | S333: ='RESUMEN TOTAL'!AL336 -> 0 | T333: ='RESUMEN TOTAL'!AN336 -> 0 | U333: ='RESUMEN TOTAL'!AP336 -> 0 | V333: ='RESUMEN TOTAL'!AR336 -> 0 | W333: ='RESUMEN TOTAL'!AT336 -> 0 | X333: ='RESUMEN TOTAL'!AV336 -> 0 | Y333: ='RESUMEN TOTAL'!AX336 -> 0 | Z333: ='RESUMEN TOTAL'!AZ336 -> 0 | AA333: ='RESUMEN TOTAL'!BB336 -> 0 | AB333: ='RESUMEN TOTAL'!BD336 -> 0 | AC333: ='RESUMEN TOTAL'!BF336 -> 0 | AD333: ='RESUMEN TOTAL'!BH336 -> 0 | AE333: ='RESUMEN TOTAL'!BJ336 -> 0 | AF333: ='RESUMEN TOTAL'!BL336 -> 0 | AG333: ='RESUMEN TOTAL'!BN336 -> 0 | AH333: ='RESUMEN TOTAL'!BP336 -> 0
A334: ='RESUMEN TOTAL'!A337 -> SAN MARTIN | B334: ='RESUMEN TOTAL'!B337 -> SMA 09 | C334: ='RESUMEN TOTAL'!D337 -> 12 De Octubre y H. Lagos | D334: ='RESUMEN TOTAL'!E337 -> fija | E334: ='RESUMEN TOTAL'!F337 -> Fibra Optica | F334: ='RESUMEN TOTAL'!L337 -> APAGADO | G334: ='RESUMEN TOTAL'!N337 -> APAGADO | H334: ='RESUMEN TOTAL'!R337 -> APAGADO | I334: ='RESUMEN TOTAL'!#REF! -> #REF! | J334: ='RESUMEN TOTAL'!T337 -> 0 | K334: ='RESUMEN TOTAL'!V337 -> 0 | L334: ='RESUMEN TOTAL'!X337 -> 0 | M334: ='RESUMEN TOTAL'!Z337 -> 0 | N334: ='RESUMEN TOTAL'!AB337 -> 0 | O334: ='RESUMEN TOTAL'!AD337 -> 0 | P334: ='RESUMEN TOTAL'!AF337 -> 0 | Q334: ='RESUMEN TOTAL'!AH337 -> 0 | R334: ='RESUMEN TOTAL'!AJ337 -> 0 | S334: ='RESUMEN TOTAL'!AL337 -> 0 | T334: ='RESUMEN TOTAL'!AN337 -> 0 | U334: ='RESUMEN TOTAL'!AP337 -> 0 | V334: ='RESUMEN TOTAL'!AR337 -> 0 | W334: ='RESUMEN TOTAL'!AT337 -> 0 | X334: ='RESUMEN TOTAL'!AV337 -> 0 | Y334: ='RESUMEN TOTAL'!AX337 -> 0 | Z334: ='RESUMEN TOTAL'!AZ337 -> 0 | AA334: ='RESUMEN TOTAL'!BB337 -> 0 | AB334: ='RESUMEN TOTAL'!BD337 -> 0 | AC334: ='RESUMEN TOTAL'!BF337 -> 0 | AD334: ='RESUMEN TOTAL'!BH337 -> 0 | AE334: ='RESUMEN TOTAL'!BJ337 -> 0 | AF334: ='RESUMEN TOTAL'!BL337 -> 0 | AG334: ='RESUMEN TOTAL'!BN337 -> 0 | AH334: ='RESUMEN TOTAL'!BP337 -> 0
A335: ='RESUMEN TOTAL'!A338 -> SAN NICOLAS | B335: ='RESUMEN TOTAL'!B338 -> SNI01 (fija 1) | C335: ='RESUMEN TOTAL'!D338 -> SARRATEA E/ EEUU DE A. Y AGRELO | D335: ='RESUMEN TOTAL'!E338 -> Fija | E335: ='RESUMEN TOTAL'!F338 -> Fibra Optica | F335: ='RESUMEN TOTAL'!L338 -> APAGADO | G335: ='RESUMEN TOTAL'!N338 -> APAGADO | H335: ='RESUMEN TOTAL'!P338 -> APAGADO | I335: ='RESUMEN TOTAL'!R338 -> APAGADO | J335: ='RESUMEN TOTAL'!T338 -> 0 | K335: ='RESUMEN TOTAL'!V338 -> 0 | L335: ='RESUMEN TOTAL'!X338 -> 0 | M335: ='RESUMEN TOTAL'!Z338 -> 0 | N335: ='RESUMEN TOTAL'!AB338 -> 0 | O335: ='RESUMEN TOTAL'!AD338 -> 0 | P335: ='RESUMEN TOTAL'!AF338 -> 0 | Q335: ='RESUMEN TOTAL'!AH338 -> 0 | R335: ='RESUMEN TOTAL'!AJ338 -> 0 | S335: ='RESUMEN TOTAL'!AL338 -> 0 | T335: ='RESUMEN TOTAL'!AN338 -> 0 | U335: ='RESUMEN TOTAL'!AP338 -> 0 | V335: ='RESUMEN TOTAL'!AR338 -> 0 | W335: ='RESUMEN TOTAL'!AT338 -> 0 | X335: ='RESUMEN TOTAL'!AV338 -> 0 | Y335: ='RESUMEN TOTAL'!AX338 -> 0 | Z335: ='RESUMEN TOTAL'!AZ338 -> 0 | AA335: ='RESUMEN TOTAL'!BB338 -> 0 | AB335: ='RESUMEN TOTAL'!BD338 -> 0 | AC335: ='RESUMEN TOTAL'!BF338 -> 0 | AD335: ='RESUMEN TOTAL'!BH338 -> 0 | AE335: ='RESUMEN TOTAL'!BJ338 -> 0 | AF335: ='RESUMEN TOTAL'!BL338 -> 0 | AG335: ='RESUMEN TOTAL'!BN338 -> 0 | AH335: ='RESUMEN TOTAL'!BP338 -> 0
A336: ='RESUMEN TOTAL'!A339 -> SAN NICOLAS | B336: ='RESUMEN TOTAL'!B339 -> SNI02 (fija 2) | C336: ='RESUMEN TOTAL'!D339 -> SARRATEA E/ EEUU DE A. Y AGRELO | D336: ='RESUMEN TOTAL'!E339 -> Fija | E336: ='RESUMEN TOTAL'!F339 -> Fibra Optica | F336: ='RESUMEN TOTAL'!L339 -> APAGADO | G336: ='RESUMEN TOTAL'!N339 -> APAGADO | H336: ='RESUMEN TOTAL'!P339 -> APAGADO | I336: ='RESUMEN TOTAL'!R339 -> APAGADO | J336: ='RESUMEN TOTAL'!T339 -> 0 | K336: ='RESUMEN TOTAL'!V339 -> 0 | L336: ='RESUMEN TOTAL'!X339 -> 0 | M336: ='RESUMEN TOTAL'!Z339 -> 0 | N336: ='RESUMEN TOTAL'!AB339 -> 0 | O336: ='RESUMEN TOTAL'!AD339 -> 0 | P336: ='RESUMEN TOTAL'!AF339 -> 0 | Q336: ='RESUMEN TOTAL'!AH339 -> 0 | R336: ='RESUMEN TOTAL'!AJ339 -> 0 | S336: ='RESUMEN TOTAL'!AL339 -> 0 | T336: ='RESUMEN TOTAL'!AN339 -> 0 | U336: ='RESUMEN TOTAL'!AP339 -> 0 | V336: ='RESUMEN TOTAL'!AR339 -> 0 | W336: ='RESUMEN TOTAL'!AT339 -> 0 | X336: ='RESUMEN TOTAL'!AV339 -> 0 | Y336: ='RESUMEN TOTAL'!AX339 -> 0 | Z336: ='RESUMEN TOTAL'!AZ339 -> 0 | AA336: ='RESUMEN TOTAL'!BB339 -> 0 | AB336: ='RESUMEN TOTAL'!BD339 -> 0 | AC336: ='RESUMEN TOTAL'!BF339 -> 0 | AD336: ='RESUMEN TOTAL'!BH339 -> 0 | AE336: ='RESUMEN TOTAL'!BJ339 -> 0 | AF336: ='RESUMEN TOTAL'!BL339 -> 0 | AG336: ='RESUMEN TOTAL'!BN339 -> 0 | AH336: ='RESUMEN TOTAL'!BP339 -> 0
A337: ='RESUMEN TOTAL'!A340 -> SAN NICOLAS | B337: ='RESUMEN TOTAL'!B340 -> SNI 03 (fija 1) | C337: ='RESUMEN TOTAL'!D340 -> SARRATEA Y LOS TREBOLES | D337: ='RESUMEN TOTAL'!E340 -> Fija | E337: ='RESUMEN TOTAL'!F340 -> Fibra Optica | F337: ='RESUMEN TOTAL'!L340 -> APAGADO | G337: ='RESUMEN TOTAL'!N340 -> APAGADO | H337: ='RESUMEN TOTAL'!P340 -> APAGADO | I337: ='RESUMEN TOTAL'!R340 -> APAGADO | J337: ='RESUMEN TOTAL'!T340 -> 0 | K337: ='RESUMEN TOTAL'!V340 -> 0 | L337: ='RESUMEN TOTAL'!X340 -> 0 | M337: ='RESUMEN TOTAL'!Z340 -> 0 | N337: ='RESUMEN TOTAL'!AB340 -> 0 | O337: ='RESUMEN TOTAL'!AD340 -> 0 | P337: ='RESUMEN TOTAL'!AF340 -> 0 | Q337: ='RESUMEN TOTAL'!AH340 -> 0 | R337: ='RESUMEN TOTAL'!AJ340 -> 0 | S337: ='RESUMEN TOTAL'!AL340 -> 0 | T337: ='RESUMEN TOTAL'!AN340 -> 0 | U337: ='RESUMEN TOTAL'!AP340 -> 0 | V337: ='RESUMEN TOTAL'!AR340 -> 0 | W337: ='RESUMEN TOTAL'!AT340 -> 0 | X337: ='RESUMEN TOTAL'!AV340 -> 0 | Y337: ='RESUMEN TOTAL'!AX340 -> 0 | Z337: ='RESUMEN TOTAL'!AZ340 -> 0 | AA337: ='RESUMEN TOTAL'!BB340 -> 0 | AB337: ='RESUMEN TOTAL'!BD340 -> 0 | AC337: ='RESUMEN TOTAL'!BF340 -> 0 | AD337: ='RESUMEN TOTAL'!BH340 -> 0 | AE337: ='RESUMEN TOTAL'!BJ340 -> 0 | AF337: ='RESUMEN TOTAL'!BL340 -> 0 | AG337: ='RESUMEN TOTAL'!BN340 -> 0 | AH337: ='RESUMEN TOTAL'!BP340 -> 0
A338: ='RESUMEN TOTAL'!A341 -> SAN NICOLAS | B338: ='RESUMEN TOTAL'!B341 -> SNI 04 (fija 2) | C338: ='RESUMEN TOTAL'!D341 -> SARRATEA Y LOS TREBOLES | D338: ='RESUMEN TOTAL'!E341 -> Fija | E338: ='RESUMEN TOTAL'!F341 -> Fibra Optica | F338: ='RESUMEN TOTAL'!L341 -> APAGADO | G338: ='RESUMEN TOTAL'!N341 -> APAGADO | H338: ='RESUMEN TOTAL'!P341 -> APAGADO | I338: ='RESUMEN TOTAL'!R341 -> APAGADO | J338: ='RESUMEN TOTAL'!T341 -> 0 | K338: ='RESUMEN TOTAL'!V341 -> 0 | L338: ='RESUMEN TOTAL'!X341 -> 0 | M338: ='RESUMEN TOTAL'!Z341 -> 0 | N338: ='RESUMEN TOTAL'!AB341 -> 0 | O338: ='RESUMEN TOTAL'!AD341 -> 0 | P338: ='RESUMEN TOTAL'!AF341 -> 0 | Q338: ='RESUMEN TOTAL'!AH341 -> 0 | R338: ='RESUMEN TOTAL'!AJ341 -> 0 | S338: ='RESUMEN TOTAL'!AL341 -> 0 | T338: ='RESUMEN TOTAL'!AN341 -> 0 | U338: ='RESUMEN TOTAL'!AP341 -> 0 | V338: ='RESUMEN TOTAL'!AR341 -> 0 | W338: ='RESUMEN TOTAL'!AT341 -> 0 | X338: ='RESUMEN TOTAL'!AV341 -> 0 | Y338: ='RESUMEN TOTAL'!AX341 -> 0 | Z338: ='RESUMEN TOTAL'!AZ341 -> 0 | AA338: ='RESUMEN TOTAL'!BB341 -> 0 | AB338: ='RESUMEN TOTAL'!BD341 -> 0 | AC338: ='RESUMEN TOTAL'!BF341 -> 0 | AD338: ='RESUMEN TOTAL'!BH341 -> 0 | AE338: ='RESUMEN TOTAL'!BJ341 -> 0 | AF338: ='RESUMEN TOTAL'!BL341 -> 0 | AG338: ='RESUMEN TOTAL'!BN341 -> 0 | AH338: ='RESUMEN TOTAL'!BP341 -> 0
A339: ='RESUMEN TOTAL'!A342 -> SANTA ROSA | B339: ='RESUMEN TOTAL'!B342 -> SRO01 | C339: ='RESUMEN TOTAL'!D342 -> Yugoslavia y MilÃ¡n | D339: ='RESUMEN TOTAL'!E342 -> Domo | E339: ='RESUMEN TOTAL'!F342 -> Radio | F339: ='RESUMEN TOTAL'!L342 -> APAGADO | G339: ='RESUMEN TOTAL'!N342 -> APAGADO | H339: ='RESUMEN TOTAL'!P342 -> APAGADO | I339: ='RESUMEN TOTAL'!R342 -> APAGADO | J339: ='RESUMEN TOTAL'!T342 -> 0 | K339: ='RESUMEN TOTAL'!V342 -> 0 | L339: ='RESUMEN TOTAL'!X342 -> 0 | M339: ='RESUMEN TOTAL'!Z342 -> 0 | N339: ='RESUMEN TOTAL'!AB342 -> 0 | O339: ='RESUMEN TOTAL'!AD342 -> 0 | P339: ='RESUMEN TOTAL'!AF342 -> 0 | Q339: ='RESUMEN TOTAL'!AH342 -> 0 | R339: ='RESUMEN TOTAL'!AJ342 -> 0 | S339: ='RESUMEN TOTAL'!AL342 -> 0 | T339: ='RESUMEN TOTAL'!AN342 -> 0 | U339: ='RESUMEN TOTAL'!AP342 -> 0 | V339: ='RESUMEN TOTAL'!AR342 -> 0 | W339: ='RESUMEN TOTAL'!AT342 -> 0 | X339: ='RESUMEN TOTAL'!AV342 -> 0 | Y339: ='RESUMEN TOTAL'!AX342 -> 0 | Z339: ='RESUMEN TOTAL'!AZ342 -> 0 | AA339: ='RESUMEN TOTAL'!BB342 -> 0 | AB339: ='RESUMEN TOTAL'!BD342 -> 0 | AC339: ='RESUMEN TOTAL'!BF342 -> 0 | AD339: ='RESUMEN TOTAL'!BH342 -> 0 | AE339: ='RESUMEN TOTAL'!BJ342 -> 0 | AF339: ='RESUMEN TOTAL'!BL342 -> 0 | AG339: ='RESUMEN TOTAL'!BN342 -> 0 | AH339: ='RESUMEN TOTAL'!BP342 -> 0
A340: ='RESUMEN TOTAL'!A343 -> ZONA RURAL SANTA ROSA | B340: ='RESUMEN TOTAL'!B343 -> SRO02 | C340: ='RESUMEN TOTAL'!D343 -> Bruselas y Calle 647 | D340: ='RESUMEN TOTAL'!E343 -> Domo | E340: ='RESUMEN TOTAL'!F343 -> Radio | F340: ='RESUMEN TOTAL'!L343 -> APAGADO | G340: ='RESUMEN TOTAL'!N343 -> APAGADO | H340: ='RESUMEN TOTAL'!P343 -> APAGADO | I340: ='RESUMEN TOTAL'!R343 -> APAGADO | J340: ='RESUMEN TOTAL'!T343 -> 0 | K340: ='RESUMEN TOTAL'!V343 -> 0 | L340: ='RESUMEN TOTAL'!X343 -> 0 | M340: ='RESUMEN TOTAL'!Z343 -> 0 | N340: ='RESUMEN TOTAL'!AB343 -> 0 | O340: ='RESUMEN TOTAL'!AD343 -> 0 | P340: ='RESUMEN TOTAL'!AF343 -> 0 | Q340: ='RESUMEN TOTAL'!AH343 -> 0 | R340: ='RESUMEN TOTAL'!AJ343 -> 0 | S340: ='RESUMEN TOTAL'!AL343 -> 0 | T340: ='RESUMEN TOTAL'!AN343 -> 0 | U340: ='RESUMEN TOTAL'!AP343 -> 0 | V340: ='RESUMEN TOTAL'!AR343 -> 0 | W340: ='RESUMEN TOTAL'!AT343 -> 0 | X340: ='RESUMEN TOTAL'!AV343 -> 0 | Y340: ='RESUMEN TOTAL'!AX343 -> 0 | Z340: ='RESUMEN TOTAL'!AZ343 -> 0 | AA340: ='RESUMEN TOTAL'!BB343 -> 0 | AB340: ='RESUMEN TOTAL'!BD343 -> 0 | AC340: ='RESUMEN TOTAL'!BF343 -> 0 | AD340: ='RESUMEN TOTAL'!BH343 -> 0 | AE340: ='RESUMEN TOTAL'!BJ343 -> 0 | AF340: ='RESUMEN TOTAL'!BL343 -> 0 | AG340: ='RESUMEN TOTAL'!BN343 -> 0 | AH340: ='RESUMEN TOTAL'!BP343 -> 0
A341: ='RESUMEN TOTAL'!A344 -> SANTA ROSA | B341: ='RESUMEN TOTAL'!B344 -> SRO03 | C341: ='RESUMEN TOTAL'!D344 -> Eva Peron y Paysandu | D341: ='RESUMEN TOTAL'!E344 -> Domo | E341: ='RESUMEN TOTAL'!F344 -> Radio | F341: ='RESUMEN TOTAL'!L344 -> 0 | G341: ='RESUMEN TOTAL'!N344 -> 0 | H341: ='RESUMEN TOTAL'!P344 -> 0 | I341: ='RESUMEN TOTAL'!R344 -> 0 | J341: ='RESUMEN TOTAL'!T344 -> 0 | K341: ='RESUMEN TOTAL'!V344 -> 0 | L341: ='RESUMEN TOTAL'!X344 -> 0 | M341: ='RESUMEN TOTAL'!Z344 -> 0 | N341: ='RESUMEN TOTAL'!AB344 -> 0 | O341: ='RESUMEN TOTAL'!AD344 -> 0 | P341: ='RESUMEN TOTAL'!AF344 -> 0 | Q341: ='RESUMEN TOTAL'!AH344 -> 0 | R341: ='RESUMEN TOTAL'!AJ344 -> 0 | S341: ='RESUMEN TOTAL'!AL344 -> 0 | T341: ='RESUMEN TOTAL'!AN344 -> 0 | U341: ='RESUMEN TOTAL'!AP344 -> 0 | V341: ='RESUMEN TOTAL'!AR344 -> 0 | W341: ='RESUMEN TOTAL'!AT344 -> 0 | X341: ='RESUMEN TOTAL'!AV344 -> 0 | Y341: ='RESUMEN TOTAL'!AX344 -> 0 | Z341: ='RESUMEN TOTAL'!AZ344 -> 0 | AA341: ='RESUMEN TOTAL'!BB344 -> 0 | AB341: ='RESUMEN TOTAL'!BD344 -> 0 | AC341: ='RESUMEN TOTAL'!BF344 -> 0 | AD341: ='RESUMEN TOTAL'!BH344 -> 0 | AE341: ='RESUMEN TOTAL'!BJ344 -> 0 | AF341: ='RESUMEN TOTAL'!BL344 -> 0 | AG341: ='RESUMEN TOTAL'!BN344 -> 0 | AH341: ='RESUMEN TOTAL'!BP344 -> 0
A342: ='RESUMEN TOTAL'!A345 -> SANTA ROSA | B342: ='RESUMEN TOTAL'!B345 -> SRO 04 | C342: ='RESUMEN TOTAL'!D345 -> Belgica y Andorra | D342: ='RESUMEN TOTAL'!E345 -> Domo | E342: ='RESUMEN TOTAL'!F345 -> Radio | F342: ='RESUMEN TOTAL'!L345 -> 0 | G342: ='RESUMEN TOTAL'!N345 -> 0 | H342: ='RESUMEN TOTAL'!P345 -> 0 | I342: ='RESUMEN TOTAL'!R345 -> 0 | J342: ='RESUMEN TOTAL'!T345 -> 0 | K342: ='RESUMEN TOTAL'!V345 -> 0 | L342: ='RESUMEN TOTAL'!X345 -> 0 | M342: ='RESUMEN TOTAL'!Z345 -> 0 | N342: ='RESUMEN TOTAL'!AB345 -> 0 | O342: ='RESUMEN TOTAL'!AD345 -> 0 | P342: ='RESUMEN TOTAL'!AF345 -> 0 | Q342: ='RESUMEN TOTAL'!AH345 -> 0 | R342: ='RESUMEN TOTAL'!AJ345 -> 0 | S342: ='RESUMEN TOTAL'!AL345 -> 0 | T342: ='RESUMEN TOTAL'!AN345 -> 0 | U342: ='RESUMEN TOTAL'!AP345 -> 0 | V342: ='RESUMEN TOTAL'!AR345 -> 0 | W342: ='RESUMEN TOTAL'!AT345 -> 0 | X342: ='RESUMEN TOTAL'!AV345 -> 0 | Y342: ='RESUMEN TOTAL'!AX345 -> 0 | Z342: ='RESUMEN TOTAL'!AZ345 -> 0 | AA342: ='RESUMEN TOTAL'!BB345 -> 0 | AB342: ='RESUMEN TOTAL'!BD345 -> 0 | AC342: ='RESUMEN TOTAL'!BF345 -> 0 | AD342: ='RESUMEN TOTAL'!BH345 -> 0 | AE342: ='RESUMEN TOTAL'!BJ345 -> 0 | AF342: ='RESUMEN TOTAL'!BL345 -> 0 | AG342: ='RESUMEN TOTAL'!BN345 -> 0 | AH342: ='RESUMEN TOTAL'!BP345 -> 0
A343: ='RESUMEN TOTAL'!A346 -> SANTA ROSA | B343: ='RESUMEN TOTAL'!B346 -> SRO05 | C343: ='RESUMEN TOTAL'!D346 -> CAFFERATA Y BONN | D343: ='RESUMEN TOTAL'!E346 -> DOMO | E343: ='RESUMEN TOTAL'!F346 -> Radio | F343: ='RESUMEN TOTAL'!L346 -> 0 | G343: ='RESUMEN TOTAL'!N346 -> 0 | H343: ='RESUMEN TOTAL'!P346 -> 0 | I343: ='RESUMEN TOTAL'!R346 -> 0 | J343: ='RESUMEN TOTAL'!T346 -> 0 | K343: ='RESUMEN TOTAL'!V346 -> 0 | L343: ='RESUMEN TOTAL'!X346 -> 0 | M343: ='RESUMEN TOTAL'!Z346 -> 0 | N343: ='RESUMEN TOTAL'!AB346 -> 0 | O343: ='RESUMEN TOTAL'!AD346 -> 0 | P343: ='RESUMEN TOTAL'!AF346 -> 0 | Q343: ='RESUMEN TOTAL'!AH346 -> 0 | R343: ='RESUMEN TOTAL'!AJ346 -> 0 | S343: ='RESUMEN TOTAL'!AL346 -> 0 | T343: ='RESUMEN TOTAL'!AN346 -> 0 | U343: ='RESUMEN TOTAL'!AP346 -> 0 | V343: ='RESUMEN TOTAL'!AR346 -> 0 | W343: ='RESUMEN TOTAL'!AT346 -> 0 | X343: ='RESUMEN TOTAL'!AV346 -> 0 | Y343: ='RESUMEN TOTAL'!AX346 -> 0 | Z343: ='RESUMEN TOTAL'!AZ346 -> 0 | AA343: ='RESUMEN TOTAL'!BB346 -> 0 | AB343: ='RESUMEN TOTAL'!BD346 -> 0 | AC343: ='RESUMEN TOTAL'!BF346 -> 0 | AD343: ='RESUMEN TOTAL'!BH346 -> 0 | AE343: ='RESUMEN TOTAL'!BJ346 -> 0 | AF343: ='RESUMEN TOTAL'!BL346 -> 0 | AG343: ='RESUMEN TOTAL'!BN346 -> 0 | AH343: ='RESUMEN TOTAL'!BP346 -> 0
A344: ='RESUMEN TOTAL'!A347 -> SANTA ROSA | B344: ='RESUMEN TOTAL'!B347 -> SRO06 | C344: ='RESUMEN TOTAL'!D347 -> Novak y Bonn | D344: ='RESUMEN TOTAL'!E347 -> Domo | E344: ='RESUMEN TOTAL'!F347 -> Fibra Optica | F344: ='RESUMEN TOTAL'!L347 -> APAGADO | G344: ='RESUMEN TOTAL'!N347 -> 0 | H344: ='RESUMEN TOTAL'!P347 -> 0 | I344: ='RESUMEN TOTAL'!R347 -> 0 | J344: ='RESUMEN TOTAL'!T347 -> 0 | K344: ='RESUMEN TOTAL'!V347 -> 0 | L344: ='RESUMEN TOTAL'!X347 -> 0 | M344: ='RESUMEN TOTAL'!Z347 -> 0 | N344: ='RESUMEN TOTAL'!AB347 -> 0 | O344: ='RESUMEN TOTAL'!AD347 -> 0 | P344: ='RESUMEN TOTAL'!AF347 -> 0 | Q344: ='RESUMEN TOTAL'!AH347 -> 0 | R344: ='RESUMEN TOTAL'!AJ347 -> 0 | S344: ='RESUMEN TOTAL'!AL347 -> 0 | T344: ='RESUMEN TOTAL'!AN347 -> 0 | U344: ='RESUMEN TOTAL'!AP347 -> 0 | V344: ='RESUMEN TOTAL'!AR347 -> 0 | W344: ='RESUMEN TOTAL'!AT347 -> 0 | X344: ='RESUMEN TOTAL'!AV347 -> 0 | Y344: ='RESUMEN TOTAL'!AX347 -> 0 | Z344: ='RESUMEN TOTAL'!AZ347 -> 0 | AA344: ='RESUMEN TOTAL'!BB347 -> 0 | AB344: ='RESUMEN TOTAL'!BD347 -> 0 | AC344: ='RESUMEN TOTAL'!BF347 -> 0 | AD344: ='RESUMEN TOTAL'!BH347 -> 0 | AE344: ='RESUMEN TOTAL'!BJ347 -> 0 | AF344: ='RESUMEN TOTAL'!BL347 -> 0 | AG344: ='RESUMEN TOTAL'!BN347 -> 0 | AH344: ='RESUMEN TOTAL'!BP347 -> 0
A345: ='RESUMEN TOTAL'!A348 -> SANTA ROSA | B345: ='RESUMEN TOTAL'!B348 -> SRO07 | C345: ='RESUMEN TOTAL'!D348 -> NOVAK Y BELGICA | D345: ='RESUMEN TOTAL'!E348 -> Domo | E345: ='RESUMEN TOTAL'!F348 -> Fibra Optica | F345: ='RESUMEN TOTAL'!L348 -> 0 | G345: ='RESUMEN TOTAL'!N348 -> 0 | H345: ='RESUMEN TOTAL'!P348 -> 0 | I345: ='RESUMEN TOTAL'!R348 -> 0 | J345: ='RESUMEN TOTAL'!T348 -> 0 | K345: ='RESUMEN TOTAL'!V348 -> 0 | L345: ='RESUMEN TOTAL'!X348 -> 0 | M345: ='RESUMEN TOTAL'!Z348 -> 0 | N345: ='RESUMEN TOTAL'!AB348 -> 0 | O345: ='RESUMEN TOTAL'!AD348 -> 0 | P345: ='RESUMEN TOTAL'!AF348 -> 0 | Q345: ='RESUMEN TOTAL'!AH348 -> 0 | R345: ='RESUMEN TOTAL'!AJ348 -> 0 | S345: ='RESUMEN TOTAL'!AL348 -> 0 | T345: ='RESUMEN TOTAL'!AN348 -> 0 | U345: ='RESUMEN TOTAL'!AP348 -> 0 | V345: ='RESUMEN TOTAL'!AR348 -> 0 | W345: ='RESUMEN TOTAL'!AT348 -> 0 | X345: ='RESUMEN TOTAL'!AV348 -> 0 | Y345: ='RESUMEN TOTAL'!AX348 -> 0 | Z345: ='RESUMEN TOTAL'!AZ348 -> 0 | AA345: ='RESUMEN TOTAL'!BB348 -> 0 | AB345: ='RESUMEN TOTAL'!BD348 -> 0 | AC345: ='RESUMEN TOTAL'!BF348 -> 0 | AD345: ='RESUMEN TOTAL'!BH348 -> 0 | AE345: ='RESUMEN TOTAL'!BJ348 -> 0 | AF345: ='RESUMEN TOTAL'!BL348 -> 0 | AG345: ='RESUMEN TOTAL'!BN348 -> 0 | AH345: ='RESUMEN TOTAL'!BP348 -> 0
A346: ='RESUMEN TOTAL'!A349 -> SANTA ROSA | B346: ='RESUMEN TOTAL'!B349 -> SRO 08 | C346: ='RESUMEN TOTAL'!D349 -> NOVAK E/ DESSY Y BELGICA (POLIDEPORTIVO LA PATRIADA) | D346: ='RESUMEN TOTAL'!E349 -> Domo | E346: ='RESUMEN TOTAL'!F349 -> Fibra Optica | F346: ='RESUMEN TOTAL'!L349 -> APAGADO | G346: ='RESUMEN TOTAL'!N349 -> 0 | H346: ='RESUMEN TOTAL'!P349 -> 0 | I346: ='RESUMEN TOTAL'!R349 -> 0 | J346: ='RESUMEN TOTAL'!T349 -> 0 | K346: ='RESUMEN TOTAL'!V349 -> 0 | L346: ='RESUMEN TOTAL'!X349 -> 0 | M346: ='RESUMEN TOTAL'!Z349 -> 0 | N346: ='RESUMEN TOTAL'!AB349 -> 0 | O346: ='RESUMEN TOTAL'!AD349 -> 0 | P346: ='RESUMEN TOTAL'!AF349 -> 0 | Q346: ='RESUMEN TOTAL'!AH349 -> 0 | R346: ='RESUMEN TOTAL'!AJ349 -> 0 | S346: ='RESUMEN TOTAL'!AL349 -> 0 | T346: ='RESUMEN TOTAL'!AN349 -> 0 | U346: ='RESUMEN TOTAL'!AP349 -> 0 | V346: ='RESUMEN TOTAL'!AR349 -> 0 | W346: ='RESUMEN TOTAL'!AT349 -> 0 | X346: ='RESUMEN TOTAL'!AV349 -> 0 | Y346: ='RESUMEN TOTAL'!AX349 -> 0 | Z346: ='RESUMEN TOTAL'!AZ349 -> 0 | AA346: ='RESUMEN TOTAL'!BB349 -> 0 | AB346: ='RESUMEN TOTAL'!BD349 -> 0 | AC346: ='RESUMEN TOTAL'!BF349 -> 0 | AD346: ='RESUMEN TOTAL'!BH349 -> 0 | AE346: ='RESUMEN TOTAL'!BJ349 -> 0 | AF346: ='RESUMEN TOTAL'!BL349 -> 0 | AG346: ='RESUMEN TOTAL'!BN349 -> 0 | AH346: ='RESUMEN TOTAL'!BP349 -> 0
... A638: ='RESUMEN TOTAL'!A641 -> 0 | B638: ='RESUMEN TOTAL'!B641 -> 0 | C638: ='RESUMEN TOTAL'!D641 -> 0 | D638: ='RESUMEN TOTAL'!E641 -> 0 | E638: ='RESUMEN TOTAL'!F641 -> 0 | F638: ='RESUMEN TOTAL'!L641 -> 0 | G638: ='RESUMEN TOTAL'!N641 -> 0 | H638: ='RESUMEN TOTAL'!P641 -> 0 | I638: ='RESUMEN TOTAL'!R641 -> 0 | J638: ='RESUMEN TOTAL'!T641 -> 0 | K638: ='RESUMEN TOTAL'!V641 -> 0 | L638: ='RESUMEN TOTAL'!X641 -> 0 | M638: ='RESUMEN TOTAL'!Z641 -> 0 | N638: ='RESUMEN TOTAL'!AB641 -> 0 | O638: ='RESUMEN TOTAL'!AD641 -> 0 | P638: ='RESUMEN TOTAL'!AF641 -> 0 | Q638: ='RESUMEN TOTAL'!AH641 -> 0 | R638: ='RESUMEN TOTAL'!AJ641 -> 0 | S638: ='RESUMEN TOTAL'!AL641 -> 0 | T638: ='RESUMEN TOTAL'!AN641 -> 0 | U638: ='RESUMEN TOTAL'!AP641 -> 0 | V638: ='RESUMEN TOTAL'!AR641 -> 0 | W638: ='RESUMEN TOTAL'!AT641 -> 0 | X638: ='RESUMEN TOTAL'!AV641 -> 0 | Y638: ='RESUMEN TOTAL'!AX641 -> 0 | Z638: ='RESUMEN TOTAL'!AZ641 -> 0 | AA638: ='RESUMEN TOTAL'!BB641 -> 0 | AB638: ='RESUMEN TOTAL'!BD641 -> 0 | AC638: ='RESUMEN TOTAL'!BF641 -> 0 | AD638: ='RESUMEN TOTAL'!BH641 -> 0 | AE638: ='RESUMEN TOTAL'!BJ641 -> 0 | AF638: ='RESUMEN TOTAL'!BL641 -> 0 | AG638: ='RESUMEN TOTAL'!BN641 -> 0 | AH638: ='RESUMEN TOTAL'!BP641 -> 0

Sheet APAGADOS
E1: APAGADOS | F1: =COUNTIF(F3:F403, "APAGADO") -> 90 | G1: =COUNTIF(G3:G403, "APAGADO") -> 87 | H1: =COUNTIF(H3:H503, "APAGADO") -> 128 | I1: =COUNTIF(I3:I403, "APAGADO") -> 82 | J1: =COUNTIF(J3:J403, "APAGADO") -> 0 | K1: =COUNTIF(K3:K403, "APAGADO") -> 0 | L1: =COUNTIF(L3:L403, "APAGADO") -> 0 | M1: =COUNTIF(M3:M403, "APAGADO") -> 0 | N1: =COUNTIF(N3:N403, "APAGADO") -> 0 | O1: =COUNTIF(O3:O403, "APAGADO") -> 0 | P1: =COUNTIF(P3:P403, "APAGADO") -> 0 | ... AD1: =COUNTIF(AD3:AD403, "APAGADO") -> 0 | AE1: =COUNTIF(AE3:AE503, "APAGADO") -> 0 | AF1: =COUNTIF(AF3:AF403, "APAGADO") -> 0 | AG1: =COUNTIF(AG3:AG403, "APAGADO") -> 0 | AH1: =COUNTIF(AH3:AH403, "APAGADO") -> 0 | AI1: =COUNTIF(AI3:AI403, "APAGADO") -> 0
A2: =ESTADISTICA!A1 -> Barrio | B2: =ESTADISTICA!B1 -> [Denominacion] | C2: =ESTADISTICA!C1 -> [Ubicacion] | D2: =ESTADISTICA!D1 -> [Tipo de Camara] | E2: =ESTADISTICA!E1 -> [Tipo de Conexion] | F2: =ESTADISTICA!F1 -> 45383 | G2: =ESTADISTICA!G1 -> 45384 | H2: =ESTADISTICA!H1 -> 45385 | ... AH2: =ESTADISTICA!AH1 -> 45411 | AI2: 121
A3: =ESTADISTICA!A2 -> ALTAMIRA | B3: =ESTADISTICA!B2 -> ALT01 | C3: =ESTADISTICA!C2 -> Calchaqui y Sgto. Cabral | D3: =ESTADISTICA!D2 -> Domo | E3: =ESTADISTICA!E2 -> Fibra Optica | F3: =ESTADISTICA!F2 -> 0 | G3: =ESTADISTICA!G2 -> 0 | H3: =ESTADISTICA!H2 -> 0 | ... AI3: =ESTADISTICA!AI2 -> 0
A4: =ESTADISTICA!A3 -> ALTAMIRA | B4: =ESTADISTICA!B3 -> ALT02 | C4: =ESTADISTICA!C3 -> Calchaqui y Lope de Vega | D4: =ESTADISTICA!D3 -> Domo | E4: =ESTADISTICA!E3 -> PTO A FO | F4: =ESTADISTICA!F3 -> 0 | G4: =ESTADISTICA!G3 -> 0 | H4: =ESTADISTICA!H3 -> 0 | ... AI4: =ESTADISTICA!AI3 -> 0
A5: =ESTADISTICA!A4 -> ALTAMIRA | B5: =ESTADISTICA!B4 -> ALT 03 | C5: =ESTADISTICA!C4 -> Bombero Galarza y Necochea | D5: =ESTADISTICA!D4 -> Domo | E5: =ESTADISTICA!E4 -> Fibra Optica | F5: =ESTADISTICA!F4 -> 0 | G5: =ESTADISTICA!G4 -> 0 | H5: =ESTADISTICA!H4 -> 0 | ... AI5: =ESTADISTICA!AI4 -> 0
A6: =ESTADISTICA!A5 -> ALTAMIRA | B6: =ESTADISTICA!B5 -> ALT 04 | C6: =ESTADISTICA!C5 -> Francia y Necochea | D6: =ESTADISTICA!D5 -> Domo | E6: =ESTADISTICA!E5 -> Fibra Optica | F6: =ESTADISTICA!F5 -> 0 | G6: =ESTADISTICA!G5 -> 0 | H6: =ESTADISTICA!H5 -> 0 | ... AI6: =ESTADISTICA!AI5 -> 0
A7: =ESTADISTICA!A6 -> ALTAMIRA | B7: =ESTADISTICA!B6 -> ALT05 | C7: =ESTADISTICA!C6 -> Av. Calchaqui y Bombero Galarza | D7: =ESTADISTICA!D6 -> Domo | E7: =ESTADISTICA!E6 -> PTO A FO | F7: =ESTADISTICA!F6 -> 0 | G7: =ESTADISTICA!G6 -> 0 | H7: =ESTADISTICA!H6 -> 0 | ... AI7: =ESTADISTICA!AI6 -> 0
A8: =ESTADISTICA!A7 -> ALTAMIRA | B8: =ESTADISTICA!B7 -> ALT 06 | C8: =ESTADISTICA!C7 -> LOPE DE VEGA Y NECOCHEA | D8: =ESTADISTICA!D7 -> Domo | E8: =ESTADISTICA!E7 -> PTO A FO | F8: =ESTADISTICA!F7 -> 0 | G8: =ESTADISTICA!G7 -> 0 | H8: =ESTADISTICA!H7 -> 0 | ... AI8: =ESTADISTICA!AI7 -> 0
A9: =ESTADISTICA!A8 -> ALTAMIRA | B9: =ESTADISTICA!B8 -> ALT07 | C9: =ESTADISTICA!C8 -> AV. CALCHAQUI Y AV. DEL TRABAJO | D9: =ESTADISTICA!D8 -> DOMO | E9: =ESTADISTICA!E8 -> PTO A FO | F9: =ESTADISTICA!F8 -> 0 | G9: =ESTADISTICA!G8 -> 0 | H9: =ESTADISTICA!H8 -> 0 | ... AI9: =ESTADISTICA!AI8 -> 0
A10: =ESTADISTICA!A9 -> ALTAMIRA | B10: =ESTADISTICA!B9 -> ALT 08 | C10: =ESTADISTICA!C9 -> HUMAITA Y NECOCHEA | D10: =ESTADISTICA!D9 -> DOMO | E10: =ESTADISTICA!E9 -> Fibra Optica | F10: =ESTADISTICA!F9 -> 0 | G10: =ESTADISTICA!G9 -> 0 | H10: =ESTADISTICA!H9 -> 0 | ... AI10: =ESTADISTICA!AI9 -> 0
A11: =ESTADISTICA!A10 -> ALTAMIRA | B11: =ESTADISTICA!B10 -> ALT 09 | C11: =ESTADISTICA!C10 -> NECOCHEA Y CURUPAITY | D11: =ESTADISTICA!D10 -> DOMO | E11: =ESTADISTICA!E10 -> Fibra Optica | F11: =ESTADISTICA!F10 -> APAGADO | G11: =ESTADISTICA!G10 -> APAGADO | H11: =ESTADISTICA!H10 -> APAGADO | ... AI11: =ESTADISTICA!AI10 -> 0
A12: =ESTADISTICA!A11 -> ALTAMIRA | B12: =ESTADISTICA!B11 -> ALT 10 | C12: =ESTADISTICA!C11 -> Calchaqui y Francia | D12: =ESTADISTICA!D11 -> Domo | E12: =ESTADISTICA!E11 -> Radio | F12: =ESTADISTICA!F11 -> 0 | G12: =ESTADISTICA!G11 -> 0 | H12: =ESTADISTICA!H11 -> 0 | ... AI12: =ESTADISTICA!AI11 -> 0
A13: =ESTADISTICA!A12 -> AGUSTIN RAMIREZ | B13: =ESTADISTICA!B12 -> ARA 01 | C13: =ESTADISTICA!C12 -> Malambo y Tranquera | D13: =ESTADISTICA!D12 -> Domo | E13: =ESTADISTICA!E12 -> Fibra Optica | F13: =ESTADISTICA!F12 -> APAGADO | G13: =ESTADISTICA!G12 -> APAGADO | H13: =ESTADISTICA!H12 -> APAGADO | ... AI13: =ESTADISTICA!AI12 -> 0
A14: =ESTADISTICA!A13 -> BELGRANO | B14: =ESTADISTICA!B13 -> BEL 01 | C14: =ESTADISTICA!C13 -> San Martin y Dardo Rocha | D14: =ESTADISTICA!D13 -> DOMO | E14: =ESTADISTICA!E13 -> Fibra Optica | F14: =ESTADISTICA!F13 -> 0 | G14: =ESTADISTICA!G13 -> 0 | H14: =ESTADISTICA!H13 -> 0 | ... AI14: =ESTADISTICA!AI13 -> 0
... A207: =ESTADISTICA!A206 -> LOPEZ ROMERO | B207: =ESTADISTICA!B206 -> MFI02 | C207: =ESTADISTICA!C206 -> Calchaqui y Balcarce | D207: =ESTADISTICA!D206 -> Fija | E207: =ESTADISTICA!E206 -> Fibra Optica | F207: =ESTADISTICA!F206 -> 0 | G207: =ESTADISTICA!G206 -> 0 | H207: =ESTADISTICA!H206 -> 0 | ... AI207: =ESTADISTICA!AI206 -> 0
A208: =ESTADISTICA!A208 -> MARTIN FIERRO | B208: =ESTADISTICA!B208 -> MFI04 | C208: =ESTADISTICA!C208 -> Calchaqui y balcarce | D208: =ESTADISTICA!D208 -> Domo | E208: =ESTADISTICA!E208 -> Fibra Optica | F208: =ESTADISTICA!F208 -> 0 | G208: =ESTADISTICA!G208 -> 0 | H208: =ESTADISTICA!H208 -> 0 | ... AI208: =ESTADISTICA!AI208 -> 0
A209: =ESTADISTICA!A209 -> SAN EMILIO | B209: =ESTADISTICA!B209 -> MFI 05 | C209: =ESTADISTICA!C209 -> Cno. Gral. Belgrano y Guayaquil | D209: =ESTADISTICA!D209 -> Domo | E209: =ESTADISTICA!E209 -> Fibra Optica | F209: =ESTADISTICA!F209 -> 0 | G209: =ESTADISTICA!G209 -> 0 | H209: =ESTADISTICA!H209 -> 0 | ... AI209: =ESTADISTICA!AI209 -> 0
A210: =ESTADISTICA!A210 -> SAN EMILIO | B210: =ESTADISTICA!B210 -> MFI06 | C210: =ESTADISTICA!C210 -> Con. Gral. Belgrano y Bombero Galarza | D210: =ESTADISTICA!D210 -> DOMO | E210: =ESTADISTICA!E210 -> Radio | F210: =ESTADISTICA!F210 -> APAGADO | G210: =ESTADISTICA!G210 -> APAGADO | H210: =ESTADISTICA!H210 -> APAGADO | ... AI210: =ESTADISTICA!AI210 -> 0
A211: =ESTADISTICA!A211 -> MARTIN FIERRO | B211: =ESTADISTICA!B211 -> MFI 07 | C211: =ESTADISTICA!C211 -> Sargento Cabral y Carlos Gardel | D211: =ESTADISTICA!D211 -> Domo | E211: =ESTADISTICA!E211 -> PTO A FO | F211: =ESTADISTICA!F211 -> 0 | G211: =ESTADISTICA!G211 -> 0 | H211: =ESTADISTICA!H211 -> 0 | ... AI211: =ESTADISTICA!AI211 -> 0
A212: =ESTADISTICA!A212 -> MARTIN FIERRO | B212: =ESTADISTICA!B212 -> MFI 08 | C212: =ESTADISTICA!C212 -> Braile y Batalla de Callao | D212: =ESTADISTICA!D212 -> Domo | E212: =ESTADISTICA!E212 -> PTO A FO | F212: =ESTADISTICA!F212 -> 0 | G212: =ESTADISTICA!G212 -> 0 | H212: =ESTADISTICA!H212 -> 0 | ... AI212: =ESTADISTICA!AI212 -> 0
A213: =ESTADISTICA!A213 -> GOBERNADOR MONTEVERDE | B213: =ESTADISTICA!B213 -> MON01 | C213: =ESTADISTICA!C213 -> San Martin y Patricias Argentinas | D213: =ESTADISTICA!D213 -> Fija | E213: =ESTADISTICA!E213 -> Fibra Optica | F213: =ESTADISTICA!F213 -> 0 | G213: =ESTADISTICA!G213 -> 0 | H213: =ESTADISTICA!H213 -> 0 | ... AI213: =ESTADISTICA!AI213 -> 0
A214: =ESTADISTICA!A214 -> GOBERNADOR MONTEVERDE | B214: =ESTADISTICA!B214 -> MON02 | C214: =ESTADISTICA!C214 -> Senzabello y Famatina | D214: =ESTADISTICA!D214 -> Domo | E214: =ESTADISTICA!E214 -> Radio | F214: =ESTADISTICA!F214 -> 0 | G214: =ESTADISTICA!G214 -> 0 | H214: =ESTADISTICA!H214 -> 0 | ... AI214: =ESTADISTICA!AI214 -> 0
A215: =ESTADISTICA!A215 -> GOBERNADOR MONTEVERDE | B215: =ESTADISTICA!B215 -> MON03 | C215: =ESTADISTICA!C215 -> Senzabello y Guemes | D215: =ESTADISTICA!D215 -> Domo | E215: =ESTADISTICA!E215 -> Radio | F215: =ESTADISTICA!F215 -> 0 | G215: =ESTADISTICA!G215 -> 0 | H215: =ESTADISTICA!H215 -> 0 | ... AI215: =ESTADISTICA!AI215 -> 0
A216: =ESTADISTICA!A216 -> GOBERNADOR MONTEVERDE | B216: =ESTADISTICA!B216 -> MON04 | C216: =ESTADISTICA!C216 -> Av. Yrigoyen y San Lorenzo | D216: =ESTADISTICA!D216 -> Domo | E216: =ESTADISTICA!E216 -> Radio | F216: =ESTADISTICA!F216 -> 0 | G216: =ESTADISTICA!G216 -> 0 | H216: =ESTADISTICA!H216 -> 0 | ... AI216: =ESTADISTICA!AI216 -> 0
A217: =ESTADISTICA!A217 -> 9 DE JULIO | B217: =ESTADISTICA!B217 -> NJU 01 | C217: =ESTADISTICA!C217 -> Sallares y Parrillo | D217: =ESTADISTICA!D217 -> Domo | E217: =ESTADISTICA!E217 -> Fibra Optica | F217: =ESTADISTICA!F217 -> 0 | G217: =ESTADISTICA!G217 -> 0 | H217: =ESTADISTICA!H217 -> 0 | ... AI217: =ESTADISTICA!AI217 -> 0
A218: =ESTADISTICA!A218 -> 9 DE JULIO | B218: =ESTADISTICA!B218 -> NJU02 | C218: =ESTADISTICA!C218 -> Ituzaingo y Boccuzzi | D218: =ESTADISTICA!D218 -> Domo | E218: =ESTADISTICA!E218 -> Radio | F218: =ESTADISTICA!F218 -> 0 | G218: =ESTADISTICA!G218 -> 0 | H218: =ESTADISTICA!H218 -> 0 | ... AI218: =ESTADISTICA!AI218 -> 0
A219: =ESTADISTICA!A219 -> 9 DE JULIO | B219: =ESTADISTICA!B219 -> NJU03 | C219: =ESTADISTICA!C219 -> San Juan y Parrillo | D219: =ESTADISTICA!D219 -> Domo | E219: =ESTADISTICA!E219 -> PTO A FO | F219: =ESTADISTICA!F219 -> 0 | G219: =ESTADISTICA!G219 -> 0 | H219: =ESTADISTICA!H219 -> 0 | ... AI219: =ESTADISTICA!AI219 -> 0
... A516: =ESTADISTICA!A516 -> PARADAS SEGURAS | B516: =ESTADISTICA!B516 -> 39 C | C516: =ESTADISTICA!C516 -> Hudson y Groussac Este | D516: =ESTADISTICA!D516 -> GFIJA | E516: =ESTADISTICA!E516 -> GPON | F516: =ESTADISTICA!F516 -> APAGADO | G516: =ESTADISTICA!G516 -> APAGADO | H516: =ESTADISTICA!H516 -> APAGADO | ... AI516: =ESTADISTICA!AI516 -> 0

Sheet APAGADOS FIBRA
C1: TOTAL FIBRA | D1: =COUNTIFS(E4:E401,"=Fibra Optica") -> 270
E2: APAGADOS | F2: =COUNTIFS(F4:F501, "=APAGADO",E4:E501,"=Fibra Optica") -> 86 | G2: =COUNTIFS(G4:G501, "=APAGADO",E4:E501,"=Fibra Optica") -> 82 | H2: =COUNTIFS(H4:H501, "=APAGADO",E4:E501,"=Fibra Optica") -> 81 | I2: =COUNTIFS(I4:I501, "=APAGADO",E4:E501,"=Fibra Optica") -> 76 | J2: =COUNTIFS(J4:J501, "=APAGADO",E4:E501,"=Fibra Optica") -> 0 | K2: =COUNTIFS(K4:K501, "=APAGADO",E4:E501,"=Fibra Optica") -> 0 | L2: =COUNTIFS(L4:L501, "=APAGADO",E4:E501,"=Fibra Optica") -> 0 | M2: =COUNTIFS(M4:M501, "=APAGADO",E4:E501,"=Fibra Optica") -> 0 | N2: =COUNTIFS(N4:N501, "=APAGADO",E4:E501,"=Fibra Optica") -> 0 | O2: =COUNTIFS(O4:O501, "=APAGADO",E4:E501,"=Fibra Optica") -> 0 | P2: =COUNTIFS(P4:P601, "=APAGADO",E4:E601,"=Fibra Optica") -> 0 | Q2: =COUNTIFS(Q4:Q501, "=APAGADO",E4:E501,"=Fibra Optica") -> 0 | R2: =COUNTIFS(R4:R501, "=APAGADO",E4:E501,"=Fibra Optica") -> 0 | S2: =COUNTIFS(S4:S501, "=APAGADO",E4:E501,"=Fibra Optica") -> 0 | T2: =COUNTIFS(T4:T501, "=APAGADO",E4:E501,"=Fibra Optica") -> 0 | U2: =COUNTIFS(U4:U501, "=APAGADO",E4:E501,"=Fibra Optica") -> 0 | V2: =COUNTIFS(V4:V501, "=APAGADO",E4:E501,"=Fibra Optica") -> 0 | W2: =COUNTIFS(W4:W501, "=APAGADO",E4:E501,"=Fibra Optica") -> 0 | X2: =COUNTIFS(X4:X501, "=APAGADO",E4:E501,"=Fibra Optica") -> 0 | Y2: =COUNTIFS(Y4:Y501, "=APAGADO",E4:E501,"=Fibra Optica") -> 0 | Z2: =COUNTIFS(Z4:Z501, "=APAGADO",E4:E501,"=Fibra Optica") -> 0 | AA2: =COUNTIFS(AA4:AA501, "=APAGADO",E4:E501,"=Fibra Optica") -> 0 | AB2: =COUNTIFS(AB4:AB501, "=APAGADO",E4:E501,"=Fibra Optica") -> 0 | AC2: =COUNTIFS(AC4:AC601, "=APAGADO",E4:E601,"=Fibra Optica") -> 0 | AD2: =COUNTIFS(AD4:AD501, "=APAGADO",E4:E501,"=Fibra Optica") -> 0 | AE2: =COUNTIFS(AE4:AE501, "=APAGADO",E4:E501,"=Fibra Optica") -> 0 | AF2: =COUNTIFS(AF4:AF501, "=APAGADO",E4:E501,"=Fibra Optica") -> 0 | AG2: =COUNTIFS(AG4:AG501, "=APAGADO",E4:E501,"=Fibra Optica") -> 0 | AH2: =COUNTIFS(AH4:AH501, "=APAGADO",E4:E501,"=Fibra Optica") -> 0 | AI2: =COUNTIFS(AI4:AI501, "=APAGADO",F4:F501,"=Fibra Optica") -> 0
A3: =ESTADISTICA!A1 -> Barrio | B3: =ESTADISTICA!B1 -> [Denominacion] | C3: =ESTADISTICA!C1 -> [Ubicacion] | D3: =ESTADISTICA!D1 -> [Tipo de Camara] | E3: =ESTADISTICA!E1 -> [Tipo de Conexion] | F3: =ESTADISTICA!F1 -> 45383 | G3: =ESTADISTICA!G1 -> 45384 | H3: =ESTADISTICA!H1 -> 45385 | ... AH3: =ESTADISTICA!AH1 -> 45411 | AI3: 30
A4: ='RESUMEN TOTAL'!A7 -> ALTAMIRA | B4: ='RESUMEN TOTAL'!B7 -> ALT 03 | C4: ='RESUMEN TOTAL'!D7 -> Bombero Galarza y Necochea | D4: ='RESUMEN TOTAL'!E7 -> Domo | E4: ='RESUMEN TOTAL'!F7 -> Fibra Optica | F4: ='RESUMEN TOTAL'!L7 -> 0 | G4: ='RESUMEN TOTAL'!N7 -> 0 | H4: ='RESUMEN TOTAL'!P7 -> 0 | I4: ='RESUMEN TOTAL'!R7 -> 0 | J4: ='RESUMEN TOTAL'!T7 -> 0 | K4: ='RESUMEN TOTAL'!V7 -> 0 | L4: ='RESUMEN TOTAL'!X7 -> 0 | M4: ='RESUMEN TOTAL'!Z7 -> 0 | N4: ='RESUMEN TOTAL'!AB7 -> 0 | O4: ='RESUMEN TOTAL'!AD7 -> 0 | P4: ='RESUMEN TOTAL'!AF7 -> 0 | Q4: ='RESUMEN TOTAL'!AH7 -> 0 | R4: ='RESUMEN TOTAL'!AJ7 -> 0 | S4: ='RESUMEN TOTAL'!AL7 -> 0 | T4: ='RESUMEN TOTAL'!AN7 -> 0 | U4: ='RESUMEN TOTAL'!AP7 -> 0 | V4: ='RESUMEN TOTAL'!AR7 -> 0 | W4: ='RESUMEN TOTAL'!AT7 -> 0 | X4: ='RESUMEN TOTAL'!AV7 -> 0 | Y4: ='RESUMEN TOTAL'!AX7 -> 0 | Z4: ='RESUMEN TOTAL'!AZ7 -> 0 | AA4: ='RESUMEN TOTAL'!BB7 -> 0 | AB4: ='RESUMEN TOTAL'!BD7 -> 0 | AC4: ='RESUMEN TOTAL'!BF7 -> 0 | AD4: ='RESUMEN TOTAL'!BH7 -> 0 | AE4: ='RESUMEN TOTAL'!BJ7 -> 0 | AF4: ='RESUMEN TOTAL'!BL7 -> 0 | AG4: ='RESUMEN TOTAL'!BN7 -> 0 | AH4: ='RESUMEN TOTAL'!BP7 -> 0 | AI4: ='RESUMEN TOTAL'!BR7 -> 0
A5: ='RESUMEN TOTAL'!A8 -> ALTAMIRA | B5: ='RESUMEN TOTAL'!B8 -> ALT 04 | C5: ='RESUMEN TOTAL'!D8 -> Francia y Necochea | D5: ='RESUMEN TOTAL'!E8 -> Domo | E5: ='RESUMEN TOTAL'!F8 -> Fibra Optica | F5: ='RESUMEN TOTAL'!L8 -> 0 | G5: ='RESUMEN TOTAL'!N8 -> 0 | H5: ='RESUMEN TOTAL'!P8 -> 0 | I5: ='RESUMEN TOTAL'!R8 -> 0 | J5: ='RESUMEN TOTAL'!T8 -> 0 | K5: ='RESUMEN TOTAL'!V8 -> 0 | L5: ='RESUMEN TOTAL'!X8 -> 0 | M5: ='RESUMEN TOTAL'!Z8 -> 0 | N5: ='RESUMEN TOTAL'!AB8 -> 0 | O5: ='RESUMEN TOTAL'!AD8 -> 0 | P5: ='RESUMEN TOTAL'!AF8 -> 0 | Q5: ='RESUMEN TOTAL'!AH8 -> 0 | R5: ='RESUMEN TOTAL'!AJ8 -> 0 | S5: ='RESUMEN TOTAL'!AL8 -> 0 | T5: ='RESUMEN TOTAL'!AN8 -> 0 | U5: ='RESUMEN TOTAL'!AP8 -> 0 | V5: ='RESUMEN TOTAL'!AR8 -> 0 | W5: ='RESUMEN TOTAL'!AT8 -> 0 | X5: ='RESUMEN TOTAL'!AV8 -> 0 | Y5: ='RESUMEN TOTAL'!AX8 -> 0 | Z5: ='RESUMEN TOTAL'!AZ8 -> 0 | AA5: ='RESUMEN TOTAL'!BB8 -> 0 | AB5: ='RESUMEN TOTAL'!BD8 -> 0 | AC5: ='RESUMEN TOTAL'!BF8 -> 0 | AD5: ='RESUMEN TOTAL'!BH8 -> 0 | AE5: ='RESUMEN TOTAL'!BJ8 -> 0 | AF5: ='RESUMEN TOTAL'!BL8 -> 0 | AG5: ='RESUMEN TOTAL'!BN8 -> 0 | AH5: ='RESUMEN TOTAL'!BP8 -> 0 | AI5: ='RESUMEN TOTAL'!BR8 -> 0
A6: ='RESUMEN TOTAL'!A9 -> ALTAMIRA | B6: ='RESUMEN TOTAL'!B9 -> ALT05 | C6: ='RESUMEN TOTAL'!D9 -> Av. Calchaqui y Bombero Galarza | D6: ='RESUMEN TOTAL'!E9 -> Domo | E6: ='RESUMEN TOTAL'!F9 -> PTO A FO | F6: ='RESUMEN TOTAL'!L9 -> 0 | G6: ='RESUMEN TOTAL'!N9 -> 0 | H6: ='RESUMEN TOTAL'!P9 -> 0 | I6: ='RESUMEN TOTAL'!R9 -> 0 | J6: ='RESUMEN TOTAL'!T9 -> 0 | K6: ='RESUMEN TOTAL'!V9 -> 0 | L6: ='RESUMEN TOTAL'!X9 -> 0 | M6: ='RESUMEN TOTAL'!Z9 -> 0 | N6: ='RESUMEN TOTAL'!AB9 -> 0 | O6: ='RESUMEN TOTAL'!AD9 -> 0 | P6: ='RESUMEN TOTAL'!AF9 -> 0 | Q6: ='RESUMEN TOTAL'!AH9 -> 0 | R6: ='RESUMEN TOTAL'!AJ9 -> 0 | S6: ='RESUMEN TOTAL'!AL9 -> 0 | T6: ='RESUMEN TOTAL'!AN9 -> 0 | U6: ='RESUMEN TOTAL'!AP9 -> 0 | V6: ='RESUMEN TOTAL'!AR9 -> 0 | W6: ='RESUMEN TOTAL'!AT9 -> 0 | X6: ='RESUMEN TOTAL'!AV9 -> 0 | Y6: ='RESUMEN TOTAL'!AX9 -> 0 | Z6: ='RESUMEN TOTAL'!AZ9 -> 0 | AA6: ='RESUMEN TOTAL'!BB9 -> 0 | AB6: ='RESUMEN TOTAL'!BD9 -> 0 | AC6: ='RESUMEN TOTAL'!BF9 -> 0 | AD6: ='RESUMEN TOTAL'!BH9 -> 0 | AE6: ='RESUMEN TOTAL'!BJ9 -> 0 | AF6: ='RESUMEN TOTAL'!BL9 -> 0 | AG6: ='RESUMEN TOTAL'!BN9 -> 0 | AH6: ='RESUMEN TOTAL'!BP9 -> 0 | AI6: ='RESUMEN TOTAL'!BR9 -> 0
A7: ='RESUMEN TOTAL'!A10 -> ALTAMIRA | B7: ='RESUMEN TOTAL'!B10 -> ALT 06 | C7: ='RESUMEN TOTAL'!D10 -> LOPE DE VEGA Y NECOCHEA | D7: ='RESUMEN TOTAL'!E10 -> Domo | E7: ='RESUMEN TOTAL'!F10 -> PTO A FO | F7: ='RESUMEN TOTAL'!L10 -> 0 | G7: ='RESUMEN TOTAL'!N10 -> 0 | H7: ='RESUMEN TOTAL'!P10 -> 0 | I7: ='RESUMEN TOTAL'!R10 -> 0 | J7: ='RESUMEN TOTAL'!T10 -> 0 | K7: ='RESUMEN TOTAL'!V10 -> 0 | L7: ='RESUMEN TOTAL'!X10 -> 0 | M7: ='RESUMEN TOTAL'!Z10 -> 0 | N7: ='RESUMEN TOTAL'!AB10 -> 0 | O7: ='RESUMEN TOTAL'!AD10 -> 0 | P7: ='RESUMEN TOTAL'!AF10 -> 0 | Q7: ='RESUMEN TOTAL'!AH10 -> 0 | R7: ='RESUMEN TOTAL'!AJ10 -> 0 | S7: ='RESUMEN TOTAL'!AL10 -> 0 | T7: ='RESUMEN TOTAL'!AN10 -> 0 | U7: ='RESUMEN TOTAL'!AP10 -> 0 | V7: ='RESUMEN TOTAL'!AR10 -> 0 | W7: ='RESUMEN TOTAL'!AT10 -> 0 | X7: ='RESUMEN TOTAL'!AV10 -> 0 | Y7: ='RESUMEN TOTAL'!AX10 -> 0 | Z7: ='RESUMEN TOTAL'!AZ10 -> 0 | AA7: ='RESUMEN TOTAL'!BB10 -> 0 | AB7: ='RESUMEN TOTAL'!BD10 -> 0 | AC7: ='RESUMEN TOTAL'!BF10 -> 0 | AD7: ='RESUMEN TOTAL'!BH10 -> 0 | AE7: ='RESUMEN TOTAL'!BJ10 -> 0 | AF7: ='RESUMEN TOTAL'!BL10 -> 0 | AG7: ='RESUMEN TOTAL'!BN10 -> 0 | AH7: ='RESUMEN TOTAL'!BP10 -> 0 | AI7: ='RESUMEN TOTAL'!BR10 -> 0
A8: ='RESUMEN TOTAL'!A11 -> ALTAMIRA | B8: ='RESUMEN TOTAL'!B11 -> ALT07 | C8: ='RESUMEN TOTAL'!D11 -> AV. CALCHAQUI Y AV. DEL TRABAJO | D8: ='RESUMEN TOTAL'!E11 -> DOMO | E8: ='RESUMEN TOTAL'!F11 -> PTO A FO | F8: ='RESUMEN TOTAL'!L11 -> 0 | G8: ='RESUMEN TOTAL'!N11 -> 0 | H8: ='RESUMEN TOTAL'!P11 -> 0 | I8: ='RESUMEN TOTAL'!R11 -> 0 | J8: ='RESUMEN TOTAL'!T11 -> 0 | K8: ='RESUMEN TOTAL'!V11 -> 0 | L8: ='RESUMEN TOTAL'!X11 -> 0 | M8: ='RESUMEN TOTAL'!Z11 -> 0 | N8: ='RESUMEN TOTAL'!AB11 -> 0 | O8: ='RESUMEN TOTAL'!AD11 -> 0 | P8: ='RESUMEN TOTAL'!AF11 -> 0 | Q8: ='RESUMEN TOTAL'!AH11 -> 0 | R8: ='RESUMEN TOTAL'!AJ11 -> 0 | S8: ='RESUMEN TOTAL'!AL11 -> 0 | T8: ='RESUMEN TOTAL'!AN11 -> 0 | U8: ='RESUMEN TOTAL'!AP11 -> 0 | V8: ='RESUMEN TOTAL'!AR11 -> 0 | W8: ='RESUMEN TOTAL'!AT11 -> 0 | X8: ='RESUMEN TOTAL'!AV11 -> 0 | Y8: ='RESUMEN TOTAL'!AX11 -> 0 | Z8: ='RESUMEN TOTAL'!AZ11 -> 0 | AA8: ='RESUMEN TOTAL'!BB11 -> 0 | AB8: ='RESUMEN TOTAL'!BD11 -> 0 | AC8: ='RESUMEN TOTAL'!BF11 -> 0 | AD8: ='RESUMEN TOTAL'!BH11 -> 0 | AE8: ='RESUMEN TOTAL'!BJ11 -> 0 | AF8: ='RESUMEN TOTAL'!BL11 -> 0 | AG8: ='RESUMEN TOTAL'!BN11 -> 0 | AH8: ='RESUMEN TOTAL'!BP11 -> 0 | AI8: ='RESUMEN TOTAL'!BR11 -> 0
A9: ='RESUMEN TOTAL'!A12 -> ALTAMIRA | B9: ='RESUMEN TOTAL'!B12 -> ALT 08 | C9: ='RESUMEN TOTAL'!D12 -> HUMAITA Y NECOCHEA | D9: ='RESUMEN TOTAL'!E12 -> DOMO | E9: ='RESUMEN TOTAL'!F12 -> Fibra Optica | F9: ='RESUMEN TOTAL'!L12 -> 0 | G9: ='RESUMEN TOTAL'!N12 -> 0 | H9: ='RESUMEN TOTAL'!P12 -> 0 | I9: ='RESUMEN TOTAL'!R12 -> 0 | J9: ='RESUMEN TOTAL'!T12 -> 0 | K9: ='RESUMEN TOTAL'!V12 -> 0 | L9: ='RESUMEN TOTAL'!X12 -> 0 | M9: ='RESUMEN TOTAL'!Z12 -> 0 | N9: ='RESUMEN TOTAL'!AB12 -> 0 | O9: ='RESUMEN TOTAL'!AD12 -> 0 | P9: ='RESUMEN TOTAL'!AF12 -> 0 | Q9: ='RESUMEN TOTAL'!AH12 -> 0 | R9: ='RESUMEN TOTAL'!AJ12 -> 0 | S9: ='RESUMEN TOTAL'!AL12 -> 0 | T9: ='RESUMEN TOTAL'!AN12 -> 0 | U9: ='RESUMEN TOTAL'!AP12 -> 0 | V9: ='RESUMEN TOTAL'!AR12 -> 0 | W9: ='RESUMEN TOTAL'!AT12 -> 0 | X9: ='RESUMEN TOTAL'!AV12 -> 0 | Y9: ='RESUMEN TOTAL'!AX12 -> 0 | Z9: ='RESUMEN TOTAL'!AZ12 -> 0 | AA9: ='RESUMEN TOTAL'!BB12 -> 0 | AB9: ='RESUMEN TOTAL'!BD12 -> 0 | AC9: ='RESUMEN TOTAL'!BF12 -> 0 | AD9: ='RESUMEN TOTAL'!BH12 -> 0 | AE9: ='RESUMEN TOTAL'!BJ12 -> 0 | AF9: ='RESUMEN TOTAL'!BL12 -> 0 | AG9: ='RESUMEN TOTAL'!BN12 -> 0 | AH9: ='RESUMEN TOTAL'!BP12 -> 0 | AI9: ='RESUMEN TOTAL'!BR12 -> 0
A10: ='RESUMEN TOTAL'!A13 -> ALTAMIRA | B10: ='RESUMEN TOTAL'!B13 -> ALT 09 | C10: ='RESUMEN TOTAL'!D13 -> NECOCHEA Y CURUPAITY | D10: ='RESUMEN TOTAL'!E13 -> DOMO | E10: ='RESUMEN TOTAL'!F13 -> Fibra Optica | F10: ='RESUMEN TOTAL'!L13 -> APAGADO | G10: ='RESUMEN TOTAL'!N13 -> APAGADO | H10: ='RESUMEN TOTAL'!P13 -> APAGADO | I10: ='RESUMEN TOTAL'!R13 -> APAGADO | J10: ='RESUMEN TOTAL'!T13 -> 0 | K10: ='RESUMEN TOTAL'!V13 -> 0 | L10: ='RESUMEN TOTAL'!X13 -> 0 | M10: ='RESUMEN TOTAL'!Z13 -> 0 | N10: ='RESUMEN TOTAL'!AB13 -> 0 | O10: ='RESUMEN TOTAL'!AD13 -> 0 | P10: ='RESUMEN TOTAL'!AF13 -> 0 | Q10: ='RESUMEN TOTAL'!AH13 -> 0 | R10: ='RESUMEN TOTAL'!AJ13 -> 0 | S10: ='RESUMEN TOTAL'!AL13 -> 0 | T10: ='RESUMEN TOTAL'!AN13 -> 0 | U10: ='RESUMEN TOTAL'!AP13 -> 0 | V10: ='RESUMEN TOTAL'!AR13 -> 0 | W10: ='RESUMEN TOTAL'!AT13 -> 0 | X10: ='RESUMEN TOTAL'!AV13 -> 0 | Y10: ='RESUMEN TOTAL'!AX13 -> 0 | Z10: ='RESUMEN TOTAL'!AZ13 -> 0 | AA10: ='RESUMEN TOTAL'!BB13 -> 0 | AB10: ='RESUMEN TOTAL'!BD13 -> 0 | AC10: ='RESUMEN TOTAL'!BF13 -> 0 | AD10: ='RESUMEN TOTAL'!BH13 -> 0 | AE10: ='RESUMEN TOTAL'!BJ13 -> 0 | AF10: ='RESUMEN TOTAL'!BL13 -> 0 | AG10: ='RESUMEN TOTAL'!BN13 -> 0 | AH10: ='RESUMEN TOTAL'!BP13 -> 0 | AI10: ='RESUMEN TOTAL'!BR13 -> 0
A11: ='RESUMEN TOTAL'!A14 -> ALTAMIRA | B11: ='RESUMEN TOTAL'!B14 -> ALT 10 | C11: ='RESUMEN TOTAL'!D14 -> Calchaqui y Francia | D11: ='RESUMEN TOTAL'!E14 -> Domo | E11: ='RESUMEN TOTAL'!F14 -> Radio | F11: ='RESUMEN TOTAL'!L14 -> 0 | G11: ='RESUMEN TOTAL'!N14 -> 0 | H11: ='RESUMEN TOTAL'!P14 -> 0 | I11: ='RESUMEN TOTAL'!R14 -> 0 | J11: ='RESUMEN TOTAL'!T14 -> 0 | K11: ='RESUMEN TOTAL'!V14 -> 0 | L11: ='RESUMEN TOTAL'!X14 -> 0 | M11: ='RESUMEN TOTAL'!Z14 -> 0 | N11: ='RESUMEN TOTAL'!AB14 -> 0 | O11: ='RESUMEN TOTAL'!AD14 -> 0 | P11: ='RESUMEN TOTAL'!AF14 -> 0 | Q11: ='RESUMEN TOTAL'!AH14 -> 0 | R11: ='RESUMEN TOTAL'!AJ14 -> 0 | S11: ='RESUMEN TOTAL'!AL14 -> 0 | T11: ='RESUMEN TOTAL'!AN14 -> 0 | U11: ='RESUMEN TOTAL'!AP14 -> 0 | V11: ='RESUMEN TOTAL'!AR14 -> 0 | W11: ='RESUMEN TOTAL'!AT14 -> 0 | X11: ='RESUMEN TOTAL'!AV14 -> 0 | Y11: ='RESUMEN TOTAL'!AX14 -> 0 | Z11: ='RESUMEN TOTAL'!AZ14 -> 0 | AA11: ='RESUMEN TOTAL'!BB14 -> 0 | AB11: ='RESUMEN TOTAL'!BD14 -> 0 | AC11: ='RESUMEN TOTAL'!BF14 -> 0 | AD11: ='RESUMEN TOTAL'!BH14 -> 0 | AE11: ='RESUMEN TOTAL'!BJ14 -> 0 | AF11: ='RESUMEN TOTAL'!BL14 -> 0 | AG11: ='RESUMEN TOTAL'!BN14 -> 0 | AH11: ='RESUMEN TOTAL'!BP14 -> 0 | AI11: ='RESUMEN TOTAL'!BR14 -> 0
A12: ='RESUMEN TOTAL'!A15 -> AGUSTIN RAMIREZ | B12: ='RESUMEN TOTAL'!B15 -> ARA 01 | C12: ='RESUMEN TOTAL'!D15 -> Malambo y Tranquera | D12: ='RESUMEN TOTAL'!E15 -> Domo | E12: ='RESUMEN TOTAL'!F15 -> Fibra Optica | F12: ='RESUMEN TOTAL'!L15 -> APAGADO | G12: ='RESUMEN TOTAL'!N15 -> APAGADO | H12: ='RESUMEN TOTAL'!P15 -> APAGADO | I12: ='RESUMEN TOTAL'!R15 -> APAGADO | J12: ='RESUMEN TOTAL'!T15 -> 0 | K12: ='RESUMEN TOTAL'!V15 -> 0 | L12: ='RESUMEN TOTAL'!X15 -> 0 | M12: ='RESUMEN TOTAL'!Z15 -> 0 | N12: ='RESUMEN TOTAL'!AB15 -> 0 | O12: ='RESUMEN TOTAL'!AD15 -> 0 | P12: ='RESUMEN TOTAL'!AF15 -> 0 | Q12: ='RESUMEN TOTAL'!AH15 -> 0 | R12: ='RESUMEN TOTAL'!AJ15 -> 0 | S12: ='RESUMEN TOTAL'!AL15 -> 0 | T12: ='RESUMEN TOTAL'!AN15 -> 0 | U12: ='RESUMEN TOTAL'!AP15 -> 0 | V12: ='RESUMEN TOTAL'!AR15 -> 0 | W12: ='RESUMEN TOTAL'!AT15 -> 0 | X12: ='RESUMEN TOTAL'!AV15 -> 0 | Y12: ='RESUMEN TOTAL'!AX15 -> 0 | Z12: ='RESUMEN TOTAL'!AZ15 -> 0 | AA12: ='RESUMEN TOTAL'!BB15 -> 0 | AB12: ='RESUMEN TOTAL'!BD15 -> 0 | AC12: ='RESUMEN TOTAL'!BF15 -> 0 | AD12: ='RESUMEN TOTAL'!BH15 -> 0 | AE12: ='RESUMEN TOTAL'!BJ15 -> 0 | AF12: ='RESUMEN TOTAL'!BL15 -> 0 | AG12: ='RESUMEN TOTAL'!BN15 -> 0 | AH12: ='RESUMEN TOTAL'!BP15 -> 0 | AI12: ='RESUMEN TOTAL'!BR15 -> 0
A13: ='RESUMEN TOTAL'!A16 -> BELGRANO | B13: ='RESUMEN TOTAL'!B16 -> BEL 01 | C13: ='RESUMEN TOTAL'!D16 -> San Martin y Dardo Rocha | D13: ='RESUMEN TOTAL'!E16 -> DOMO | E13: ='RESUMEN TOTAL'!F16 -> Fibra Optica | F13: ='RESUMEN TOTAL'!L16 -> 0 | G13: ='RESUMEN TOTAL'!N16 -> 0 | H13: ='RESUMEN TOTAL'!P16 -> 0 | I13: ='RESUMEN TOTAL'!R16 -> 0 | J13: ='RESUMEN TOTAL'!T16 -> 0 | K13: ='RESUMEN TOTAL'!V16 -> 0 | L13: ='RESUMEN TOTAL'!X16 -> 0 | M13: ='RESUMEN TOTAL'!Z16 -> 0 | N13: ='RESUMEN TOTAL'!AB16 -> 0 | O13: ='RESUMEN TOTAL'!AD16 -> 0 | P13: ='RESUMEN TOTAL'!AF16 -> 0 | Q13: ='RESUMEN TOTAL'!AH16 -> 0 | R13: ='RESUMEN TOTAL'!AJ16 -> 0 | S13: ='RESUMEN TOTAL'!AL16 -> 0 | T13: ='RESUMEN TOTAL'!AN16 -> 0 | U13: ='RESUMEN TOTAL'!AP16 -> 0 | V13: ='RESUMEN TOTAL'!AR16 -> 0 | W13: ='RESUMEN TOTAL'!AT16 -> 0 | X13: ='RESUMEN TOTAL'!AV16 -> 0 | Y13: ='RESUMEN TOTAL'!AX16 -> 0 | Z13: ='RESUMEN TOTAL'!AZ16 -> 0 | AA13: ='RESUMEN TOTAL'!BB16 -> 0 | AB13: ='RESUMEN TOTAL'!BD16 -> 0 | AC13: ='RESUMEN TOTAL'!BF16 -> 0 | AD13: ='RESUMEN TOTAL'!BH16 -> 0 | AE13: ='RESUMEN TOTAL'!BJ16 -> 0 | AF13: ='RESUMEN TOTAL'!BL16 -> 0 | AG13: ='RESUMEN TOTAL'!BN16 -> 0 | AH13: ='RESUMEN TOTAL'!BP16 -> 0 | AI13: ='RESUMEN TOTAL'!BR16 -> 0
A14: ='RESUMEN TOTAL'!A17 -> BELGRANO | B14: ='RESUMEN TOTAL'!B17 -> BEL 02 | C14: ='RESUMEN TOTAL'!D17 -> Guardia vieja y Fronteriz | D14: ='RESUMEN TOTAL'!E17 -> DOMO | E14: ='RESUMEN TOTAL'!F17 -> Fibra Optica | F14: ='RESUMEN TOTAL'!L17 -> 0 | G14: ='RESUMEN TOTAL'!N17 -> 0 | H14: ='RESUMEN TOTAL'!P17 -> 0 | I14: ='RESUMEN TOTAL'!R17 -> 0 | J14: ='RESUMEN TOTAL'!T17 -> 0 | K14: ='RESUMEN TOTAL'!V17 -> 0 | L14: ='RESUMEN TOTAL'!X17 -> 0 | M14: ='RESUMEN TOTAL'!Z17 -> 0 | N14: ='RESUMEN TOTAL'!AB17 -> 0 | O14: ='RESUMEN TOTAL'!AD17 -> 0 | P14: ='RESUMEN TOTAL'!AF17 -> 0 | Q14: ='RESUMEN TOTAL'!AH17 -> 0 | R14: ='RESUMEN TOTAL'!AJ17 -> 0 | S14: ='RESUMEN TOTAL'!AL17 -> 0 | T14: ='RESUMEN TOTAL'!AN17 -> 0 | U14: ='RESUMEN TOTAL'!AP17 -> 0 | V14: ='RESUMEN TOTAL'!AR17 -> 0 | W14: ='RESUMEN TOTAL'!AT17 -> 0 | X14: ='RESUMEN TOTAL'!AV17 -> 0 | Y14: ='RESUMEN TOTAL'!AX17 -> 0 | Z14: ='RESUMEN TOTAL'!AZ17 -> 0 | AA14: ='RESUMEN TOTAL'!BB17 -> 0 | AB14: ='RESUMEN TOTAL'!BD17 -> 0 | AC14: ='RESUMEN TOTAL'!BF17 -> 0 | AD14: ='RESUMEN TOTAL'!BH17 -> 0 | AE14: ='RESUMEN TOTAL'!BJ17 -> 0 | AF14: ='RESUMEN TOTAL'!BL17 -> 0 | AG14: ='RESUMEN TOTAL'!BN17 -> 0 | AH14: ='RESUMEN TOTAL'!BP17 -> 0 | AI14: ='RESUMEN TOTAL'!BR17 -> 0
A15: ='RESUMEN TOTAL'!A18 -> BOSQUES CENTRO | B15: ='RESUMEN TOTAL'!B18 -> BOSQC 01 | C15: ='RESUMEN TOTAL'!D18 -> LUIS AGOTE E/DANUNCIO Y CAMPOAMOR | D15: ='RESUMEN TOTAL'!E18 -> Fija | E15: ='RESUMEN TOTAL'!F18 -> Radio | F15: ='RESUMEN TOTAL'!L18 -> 0 | G15: ='RESUMEN TOTAL'!N18 -> 0 | H15: ='RESUMEN TOTAL'!P18 -> 0 | I15: ='RESUMEN TOTAL'!R18 -> 0 | J15: ='RESUMEN TOTAL'!T18 -> 0 | K15: ='RESUMEN TOTAL'!V18 -> 0 | L15: ='RESUMEN TOTAL'!X18 -> 0 | M15: ='RESUMEN TOTAL'!Z18 -> 0 | N15: ='RESUMEN TOTAL'!AB18 -> 0 | O15: ='RESUMEN TOTAL'!AD18 -> 0 | P15: ='RESUMEN TOTAL'!AF18 -> 0 | Q15: ='RESUMEN TOTAL'!AH18 -> 0 | R15: ='RESUMEN TOTAL'!AJ18 -> 0 | S15: ='RESUMEN TOTAL'!AL18 -> 0 | T15: ='RESUMEN TOTAL'!AN18 -> 0 | U15: ='RESUMEN TOTAL'!AP18 -> 0 | V15: ='RESUMEN TOTAL'!AR18 -> 0 | W15: ='RESUMEN TOTAL'!AT18 -> 0 | X15: ='RESUMEN TOTAL'!AV18 -> 0 | Y15: ='RESUMEN TOTAL'!AX18 -> 0 | Z15: ='RESUMEN TOTAL'!AZ18 -> 0 | AA15: ='RESUMEN TOTAL'!BB18 -> 0 | AB15: ='RESUMEN TOTAL'!BD18 -> 0 | AC15: ='RESUMEN TOTAL'!BF18 -> 0 | AD15: ='RESUMEN TOTAL'!BH18 -> 0 | AE15: ='RESUMEN TOTAL'!BJ18 -> 0 | AF15: ='RESUMEN TOTAL'!BL18 -> 0 | AG15: ='RESUMEN TOTAL'!BN18 -> 0 | AH15: ='RESUMEN TOTAL'!BP18 -> 0 | AI15: ='RESUMEN TOTAL'!BR18 -> 0
... A67: ='RESUMEN TOTAL'!A70 -> CENTRO | B67: ='RESUMEN TOTAL'!B70 -> CEN47 | C67: ='RESUMEN TOTAL'!D70 -> Sallares y Brown | D67: ='RESUMEN TOTAL'!E70 -> Domo | E67: ='RESUMEN TOTAL'!F70 -> Fibra Optica | F67: ='RESUMEN TOTAL'!L70 -> 0 | G67: ='RESUMEN TOTAL'!N70 -> 0 | H67: ='RESUMEN TOTAL'!P70 -> 0 | I67: ='RESUMEN TOTAL'!R70 -> 0 | J67: ='RESUMEN TOTAL'!T70 -> 0 | K67: ='RESUMEN TOTAL'!V70 -> 0 | L67: ='RESUMEN TOTAL'!X70 -> 0 | M67: ='RESUMEN TOTAL'!Z70 -> 0 | N67: ='RESUMEN TOTAL'!AB70 -> 0 | O67: ='RESUMEN TOTAL'!AD70 -> 0 | P67: ='RESUMEN TOTAL'!AF70 -> 0 | Q67: ='RESUMEN TOTAL'!AH70 -> 0 | R67: ='RESUMEN TOTAL'!AJ70 -> 0 | S67: ='RESUMEN TOTAL'!AL70 -> 0 | T67: ='RESUMEN TOTAL'!AN70 -> 0 | U67: ='RESUMEN TOTAL'!AP70 -> 0 | V67: ='RESUMEN TOTAL'!AR70 -> 0 | W67: ='RESUMEN TOTAL'!AT70 -> 0 | X67: ='RESUMEN TOTAL'!AV70 -> 0 | Y67: ='RESUMEN TOTAL'!AX70 -> 0 | Z67: ='RESUMEN TOTAL'!AZ70 -> 0 | AA67: ='RESUMEN TOTAL'!BB70 -> 0 | AB67: ='RESUMEN TOTAL'!BD70 -> 0 | AC67: ='RESUMEN TOTAL'!BF70 -> 0 | AD67: ='RESUMEN TOTAL'!BH70 -> 0 | AE67: ='RESUMEN TOTAL'!BJ70 -> 0 | AF67: ='RESUMEN TOTAL'!BL70 -> 0 | AG67: ='RESUMEN TOTAL'!BN70 -> 0 | AH67: ='RESUMEN TOTAL'!BP70 -> 0 | AI67: ='RESUMEN TOTAL'!BR70 -> 0
A68: ='RESUMEN TOTAL'!A71 -> CENTRO | B68: ='RESUMEN TOTAL'!B71 -> CEN48 | C68: ='RESUMEN TOTAL'!D71 -> Velez Sarsfield y Las Heras | D68: ='RESUMEN TOTAL'!E71 -> Domo | E68: ='RESUMEN TOTAL'!F71 -> Radio | F68: ='RESUMEN TOTAL'!L71 -> 0 | G68: ='RESUMEN TOTAL'!N71 -> 0 | H68: ='RESUMEN TOTAL'!P71 -> 0 | I68: ='RESUMEN TOTAL'!R71 -> 0 | J68: ='RESUMEN TOTAL'!T71 -> 0 | K68: ='RESUMEN TOTAL'!V71 -> 0 | L68: ='RESUMEN TOTAL'!X71 -> 0 | M68: ='RESUMEN TOTAL'!Z71 -> 0 | N68: ='RESUMEN TOTAL'!AB71 -> 0 | O68: ='RESUMEN TOTAL'!AD71 -> 0 | P68: ='RESUMEN TOTAL'!AF71 -> 0 | Q68: ='RESUMEN TOTAL'!AH71 -> 0 | R68: ='RESUMEN TOTAL'!AJ71 -> 0 | S68: ='RESUMEN TOTAL'!AL71 -> 0 | T68: ='RESUMEN TOTAL'!AN71 -> 0 | U68: ='RESUMEN TOTAL'!AP71 -> 0 | V68: ='RESUMEN TOTAL'!AR71 -> 0 | W68: ='RESUMEN TOTAL'!AT71 -> 0 | X68: ='RESUMEN TOTAL'!AV71 -> 0 | Y68: ='RESUMEN TOTAL'!AX71 -> 0 | Z68: ='RESUMEN TOTAL'!AZ71 -> 0 | AA68: ='RESUMEN TOTAL'!BB548 -> 0 | AB68: ='RESUMEN TOTAL'!BD71 -> 0 | AC68: ='RESUMEN TOTAL'!BF71 -> 0 | AD68: ='RESUMEN TOTAL'!BH71 -> 0 | AE68: ='RESUMEN TOTAL'!BJ71 -> 0 | AF68: ='RESUMEN TOTAL'!BL71 -> 0 | AG68: ='RESUMEN TOTAL'!BN71 -> 0 | AH68: ='RESUMEN TOTAL'!BP71 -> 0 | AI68: ='RESUMEN TOTAL'!BR71 -> 0
A69: ='RESUMEN TOTAL'!A72 -> CENTRO | B69: ='RESUMEN TOTAL'!B72 -> CEN49 | C69: ='RESUMEN TOTAL'!D72 -> Av. San Martin y Florencio Sanchez | D69: ='RESUMEN TOTAL'!E72 -> Domo | E69: ='RESUMEN TOTAL'!F72 -> Radio | F69: ='RESUMEN TOTAL'!L72 -> 0 | G69: ='RESUMEN TOTAL'!N72 -> 0 | H69: ='RESUMEN TOTAL'!P72 -> 0 | I69: ='RESUMEN TOTAL'!R72 -> 0 | J69: ='RESUMEN TOTAL'!T72 -> 0 | K69: ='RESUMEN TOTAL'!V72 -> 0 | L69: ='RESUMEN TOTAL'!X72 -> 0 | M69: ='RESUMEN TOTAL'!Z72 -> 0 | N69: ='RESUMEN TOTAL'!AB72 -> 0 | O69: ='RESUMEN TOTAL'!AD72 -> 0 | P69: ='RESUMEN TOTAL'!AF72 -> 0 | Q69: ='RESUMEN TOTAL'!AH72 -> 0 | R69: ='RESUMEN TOTAL'!AJ72 -> 0 | S69: ='RESUMEN TOTAL'!AL72 -> 0 | T69: ='RESUMEN TOTAL'!AN72 -> 0 | U69: ='RESUMEN TOTAL'!AP72 -> 0 | V69: ='RESUMEN TOTAL'!AR72 -> 0 | W69: ='RESUMEN TOTAL'!AT72 -> 0 | X69: ='RESUMEN TOTAL'!AV72 -> 0 | Y69: ='RESUMEN TOTAL'!AX72 -> 0 | Z69: ='RESUMEN TOTAL'!AZ72 -> 0 | AA69: ='RESUMEN TOTAL'!BB72 -> 0 | AB69: ='RESUMEN TOTAL'!BD72 -> 0 | AC69: ='RESUMEN TOTAL'!BF72 -> 0 | AD69: ='RESUMEN TOTAL'!BH72 -> 0 | AE69: ='RESUMEN TOTAL'!BJ72 -> 0 | AF69: ='RESUMEN TOTAL'!BL72 -> 0 | AG69: ='RESUMEN TOTAL'!BN72 -> 0 | AH69: ='RESUMEN TOTAL'!BP72 -> 0 | AI69: ='RESUMEN TOTAL'!BR72 -> 0
A70: ='RESUMEN TOTAL'!A73 -> CENTRO | B70: ='RESUMEN TOTAL'!B73 -> CEN 50 | C70: ='RESUMEN TOTAL'!D73 -> Av. San Martin y Newbery | D70: ='RESUMEN TOTAL'!E73 -> Domo | E70: ='RESUMEN TOTAL'!F73 -> Radio | F70: ='RESUMEN TOTAL'!L73 -> 0 | G70: ='RESUMEN TOTAL'!N73 -> 0 | H70: ='RESUMEN TOTAL'!P73 -> 0 | I70: ='RESUMEN TOTAL'!R73 -> 0 | J70: ='RESUMEN TOTAL'!T73 -> 0 | K70: ='RESUMEN TOTAL'!V73 -> 0 | L70: ='RESUMEN TOTAL'!X73 -> 0 | M70: ='RESUMEN TOTAL'!Z73 -> 0 | N70: ='RESUMEN TOTAL'!AB73 -> 0 | O70: ='RESUMEN TOTAL'!AD73 -> 0 | P70: ='RESUMEN TOTAL'!AF73 -> 0 | Q70: ='RESUMEN TOTAL'!AH73 -> 0 | R70: ='RESUMEN TOTAL'!AJ73 -> 0 | S70: ='RESUMEN TOTAL'!AL73 -> 0 | T70: ='RESUMEN TOTAL'!AN73 -> 0 | U70: ='RESUMEN TOTAL'!AP73 -> 0 | V70: ='RESUMEN TOTAL'!AR73 -> 0 | W70: ='RESUMEN TOTAL'!AT73 -> 0 | X70: ='RESUMEN TOTAL'!AV73 -> 0 | Y70: ='RESUMEN TOTAL'!AX73 -> 0 | Z70: ='RESUMEN TOTAL'!AZ73 -> 0 | AA70: ='RESUMEN TOTAL'!BB73 -> 0 | AB70: ='RESUMEN TOTAL'!BD73 -> 0 | AC70: ='RESUMEN TOTAL'!BF73 -> 0 | AD70: ='RESUMEN TOTAL'!BH73 -> 0 | AE70: ='RESUMEN TOTAL'!BJ73 -> 0 | AF70: ='RESUMEN TOTAL'!BL73 -> 0 | AG70: ='RESUMEN TOTAL'!BN73 -> 0 | AH70: ='RESUMEN TOTAL'!BP73 -> 0 | AI70: ='RESUMEN TOTAL'!BR73 -> 0
A71: ='RESUMEN TOTAL'!A74 -> CENTRO | B71: ='RESUMEN TOTAL'!B74 -> CEN 51 | C71: ='RESUMEN TOTAL'!D74 -> ILLIA Y LAS HERAS | D71: ='RESUMEN TOTAL'!E74 -> FIJA | E71: ='RESUMEN TOTAL'!F74 -> Fibra Optica | F71: ='RESUMEN TOTAL'!L74 -> 0 | G71: ='RESUMEN TOTAL'!N74 -> 0 | H71: ='RESUMEN TOTAL'!P74 -> 0 | I71: ='RESUMEN TOTAL'!R74 -> 0 | J71: ='RESUMEN TOTAL'!T74 -> 0 | K71: ='RESUMEN TOTAL'!V74 -> 0 | L71: ='RESUMEN TOTAL'!X74 -> 0 | M71: ='RESUMEN TOTAL'!Z74 -> 0 | N71: ='RESUMEN TOTAL'!AB74 -> 0 | O71: ='RESUMEN TOTAL'!AD74 -> 0 | P71: ='RESUMEN TOTAL'!AF74 -> 0 | Q71: ='RESUMEN TOTAL'!AH74 -> 0 | R71: ='RESUMEN TOTAL'!AJ74 -> 0 | S71: ='RESUMEN TOTAL'!AL74 -> 0 | T71: ='RESUMEN TOTAL'!AN74 -> 0 | U71: ='RESUMEN TOTAL'!AP74 -> 0 | V71: ='RESUMEN TOTAL'!AR74 -> 0 | W71: ='RESUMEN TOTAL'!AT74 -> 0 | X71: ='RESUMEN TOTAL'!AV74 -> 0 | Y71: ='RESUMEN TOTAL'!AX74 -> 0 | Z71: ='RESUMEN TOTAL'!AZ74 -> 0 | AA71: ='RESUMEN TOTAL'!BB74 -> 0 | AB71: ='RESUMEN TOTAL'!BD74 -> 0 | AC71: ='RESUMEN TOTAL'!BF74 -> 0 | AD71: ='RESUMEN TOTAL'!BH74 -> 0 | AE71: ='RESUMEN TOTAL'!BJ74 -> 0 | AF71: ='RESUMEN TOTAL'!BL74 -> 0 | AG71: ='RESUMEN TOTAL'!BN74 -> 0 | AH71: ='RESUMEN TOTAL'!BP74 -> 0 | AI71: ='RESUMEN TOTAL'!BR74 -> 0
A72: ='RESUMEN TOTAL'!A75 -> CENTRO | B72: ='RESUMEN TOTAL'!B75 -> CEN52 | C72: ='RESUMEN TOTAL'!D75 -> San Martin y Almafuerte (ex San Martin y Dorrego) | D72: ='RESUMEN TOTAL'!E75 -> DOMO | E72: ='RESUMEN TOTAL'!F75 -> Radio | F72: ='RESUMEN TOTAL'!L75 -> 0 | G72: ='RESUMEN TOTAL'!N75 -> 0 | H72: ='RESUMEN TOTAL'!P75 -> 0 | I72: ='RESUMEN TOTAL'!R75 -> 0 | J72: ='RESUMEN TOTAL'!T75 -> 0 | K72: ='RESUMEN TOTAL'!V75 -> 0 | L72: ='RESUMEN TOTAL'!X75 -> 0 | M72: ='RESUMEN TOTAL'!Z75 -> 0 | N72: ='RESUMEN TOTAL'!AB75 -> 0 | O72: ='RESUMEN TOTAL'!AD75 -> 0 | P72: ='RESUMEN TOTAL'!AF75 -> 0 | Q72: ='RESUMEN TOTAL'!AH75 -> 0 | R72: ='RESUMEN TOTAL'!AJ75 -> 0 | S72: ='RESUMEN TOTAL'!AL75 -> 0 | T72: ='RESUMEN TOTAL'!AN75 -> 0 | U72: ='RESUMEN TOTAL'!AP75 -> 0 | V72: ='RESUMEN TOTAL'!AR75 -> 0 | W72: ='RESUMEN TOTAL'!AT75 -> 0 | X72: ='RESUMEN TOTAL'!AV75 -> 0 | Y72: ='RESUMEN TOTAL'!AX75 -> 0 | Z72: ='RESUMEN TOTAL'!AZ75 -> 0 | AA72: ='RESUMEN TOTAL'!BB75 -> 0 | AB72: ='RESUMEN TOTAL'!BD75 -> 0 | AC72: ='RESUMEN TOTAL'!BF75 -> 0 | AD72: ='RESUMEN TOTAL'!BH75 -> 0 | AE72: ='RESUMEN TOTAL'!BJ75 -> 0 | AF72: ='RESUMEN TOTAL'!BL75 -> 0 | AG72: ='RESUMEN TOTAL'!BN75 -> 0 | AH72: ='RESUMEN TOTAL'!BP75 -> 0 | AI72: ='RESUMEN TOTAL'!BR75 -> 0
A73: ='RESUMEN TOTAL'!A76 -> CENTRO | B73: ='RESUMEN TOTAL'!B76 -> CEN 53 | C73: ='RESUMEN TOTAL'!D76 -> GUTIERREZ Y BROWN | D73: ='RESUMEN TOTAL'!E76 -> Domo | E73: ='RESUMEN TOTAL'!F76 -> Radio | F73: ='RESUMEN TOTAL'!L76 -> 0 | G73: ='RESUMEN TOTAL'!N76 -> 0 | H73: ='RESUMEN TOTAL'!P76 -> 0 | I73: ='RESUMEN TOTAL'!R76 -> 0 | J73: ='RESUMEN TOTAL'!T76 -> 0 | K73: ='RESUMEN TOTAL'!V76 -> 0 | L73: ='RESUMEN TOTAL'!X76 -> 0 | M73: ='RESUMEN TOTAL'!Z76 -> 0 | N73: ='RESUMEN TOTAL'!AB76 -> 0 | O73: ='RESUMEN TOTAL'!AD76 -> 0 | P73: ='RESUMEN TOTAL'!AF76 -> 0 | Q73: ='RESUMEN TOTAL'!AH76 -> 0 | R73: ='RESUMEN TOTAL'!AJ76 -> 0 | S73: ='RESUMEN TOTAL'!AL76 -> 0 | T73: ='RESUMEN TOTAL'!AN76 -> 0 | U73: ='RESUMEN TOTAL'!AP76 -> 0 | V73: ='RESUMEN TOTAL'!AR76 -> 0 | W73: ='RESUMEN TOTAL'!AT76 -> 0 | X73: ='RESUMEN TOTAL'!AV76 -> 0 | Y73: ='RESUMEN TOTAL'!AX76 -> 0 | Z73: ='RESUMEN TOTAL'!AZ76 -> 0 | AA73: ='RESUMEN TOTAL'!BB76 -> 0 | AB73: ='RESUMEN TOTAL'!BD76 -> 0 | AC73: ='RESUMEN TOTAL'!BF76 -> 0 | AD73: ='RESUMEN TOTAL'!BH76 -> 0 | AE73: ='RESUMEN TOTAL'!BJ76 -> 0 | AF73: ='RESUMEN TOTAL'!BL76 -> 0 | AG73: ='RESUMEN TOTAL'!BN76 -> 0 | AH73: ='RESUMEN TOTAL'!BP76 -> 0 | AI73: ='RESUMEN TOTAL'!BR76 -> 0
A74: ='RESUMEN TOTAL'!A77 -> CENTRO | B74: ='RESUMEN TOTAL'!B77 -> CEN 54 | C74: ='RESUMEN TOTAL'!D77 -> GUTIERREZ Y PRINGLES | D74: ='RESUMEN TOTAL'!E77 -> Domo | E74: ='RESUMEN TOTAL'!F77 -> Radio | F74: ='RESUMEN TOTAL'!L77 -> 0 | G74: ='RESUMEN TOTAL'!N77 -> 0 | H74: ='RESUMEN TOTAL'!P77 -> 0 | I74: ='RESUMEN TOTAL'!R77 -> 0 | J74: ='RESUMEN TOTAL'!T77 -> 0 | K74: ='RESUMEN TOTAL'!V77 -> 0 | L74: ='RESUMEN TOTAL'!X77 -> 0 | M74: ='RESUMEN TOTAL'!Z77 -> 0 | N74: ='RESUMEN TOTAL'!AB77 -> 0 | O74: ='RESUMEN TOTAL'!AD77 -> 0 | P74: ='RESUMEN TOTAL'!AF77 -> 0 | Q74: ='RESUMEN TOTAL'!AH77 -> 0 | R74: ='RESUMEN TOTAL'!AJ77 -> 0 | S74: ='RESUMEN TOTAL'!AL77 -> 0 | T74: ='RESUMEN TOTAL'!AN77 -> 0 | U74: ='RESUMEN TOTAL'!AP77 -> 0 | V74: ='RESUMEN TOTAL'!AR77 -> 0 | W74: ='RESUMEN TOTAL'!AT77 -> 0 | X74: ='RESUMEN TOTAL'!AV77 -> 0 | Y74: ='RESUMEN TOTAL'!AX77 -> 0 | Z74: ='RESUMEN TOTAL'!AZ77 -> 0 | AA74: ='RESUMEN TOTAL'!BB77 -> 0 | AB74: ='RESUMEN TOTAL'!BD77 -> 0 | AC74: ='RESUMEN TOTAL'!BF77 -> 0 | AD74: ='RESUMEN TOTAL'!BH77 -> 0 | AE74: ='RESUMEN TOTAL'!BJ77 -> 0 | AF74: ='RESUMEN TOTAL'!BL77 -> 0 | AG74: ='RESUMEN TOTAL'!BN77 -> 0 | AH74: ='RESUMEN TOTAL'!BP77 -> 0 | AI74: ='RESUMEN TOTAL'!BR77 -> 0
A75: ='RESUMEN TOTAL'!A78 -> CENTRO | B75: ='RESUMEN TOTAL'!B78 -> CEN 55 | C75: ='RESUMEN TOTAL'!D78 -> BOUREL Y URQUIZA | D75: ='RESUMEN TOTAL'!E78 -> Domo | E75: ='RESUMEN TOTAL'!F78 -> Radio | F75: ='RESUMEN TOTAL'!L78 -> 0 | G75: ='RESUMEN TOTAL'!N78 -> 0 | H75: ='RESUMEN TOTAL'!P78 -> 0 | I75: ='RESUMEN TOTAL'!R78 -> 0 | J75: ='RESUMEN TOTAL'!T78 -> 0 | K75: ='RESUMEN TOTAL'!V78 -> 0 | L75: ='RESUMEN TOTAL'!X78 -> 0 | M75: ='RESUMEN TOTAL'!Z78 -> 0 | N75: ='RESUMEN TOTAL'!AB78 -> 0 | O75: ='RESUMEN TOTAL'!AD78 -> 0 | P75: ='RESUMEN TOTAL'!AF78 -> 0 | Q75: ='RESUMEN TOTAL'!AH78 -> 0 | R75: ='RESUMEN TOTAL'!AJ78 -> 0 | S75: ='RESUMEN TOTAL'!AL78 -> 0 | T75: ='RESUMEN TOTAL'!AN78 -> 0 | U75: ='RESUMEN TOTAL'!AP78 -> 0 | V75: ='RESUMEN TOTAL'!AR78 -> 0 | W75: ='RESUMEN TOTAL'!AT78 -> 0 | X75: ='RESUMEN TOTAL'!AV78 -> 0 | Y75: ='RESUMEN TOTAL'!AX78 -> 0 | Z75: ='RESUMEN TOTAL'!AZ78 -> 0 | AA75: ='RESUMEN TOTAL'!BB78 -> 0 | AB75: ='RESUMEN TOTAL'!BD78 -> 0 | AC75: ='RESUMEN TOTAL'!BF78 -> 0 | AD75: ='RESUMEN TOTAL'!BH78 -> 0 | AE75: ='RESUMEN TOTAL'!BJ78 -> 0 | AF75: ='RESUMEN TOTAL'!BL78 -> 0 | AG75: ='RESUMEN TOTAL'!BN78 -> 0 | AH75: ='RESUMEN TOTAL'!BP78 -> 0 | AI75: ='RESUMEN TOTAL'!BR78 -> 0
A76: ='RESUMEN TOTAL'!A79 -> CENTRO | B76: ='RESUMEN TOTAL'!B79 -> CEN 56 | C76: ='RESUMEN TOTAL'!D79 -> Newbery y Falucho | D76: ='RESUMEN TOTAL'!E79 -> DOMO | E76: ='RESUMEN TOTAL'!F79 -> Radio | F76: ='RESUMEN TOTAL'!L79 -> 0 | G76: ='RESUMEN TOTAL'!N79 -> 0 | H76: ='RESUMEN TOTAL'!P79 -> 0 | I76: ='RESUMEN TOTAL'!R79 -> 0 | J76: ='RESUMEN TOTAL'!T79 -> 0 | K76: ='RESUMEN TOTAL'!V79 -> 0 | L76: ='RESUMEN TOTAL'!X79 -> 0 | M76: ='RESUMEN TOTAL'!Z79 -> 0 | N76: ='RESUMEN TOTAL'!AB79 -> 0 | O76: ='RESUMEN TOTAL'!AD79 -> 0 | P76: ='RESUMEN TOTAL'!AF79 -> 0 | Q76: ='RESUMEN TOTAL'!AH79 -> 0 | R76: ='RESUMEN TOTAL'!AJ79 -> 0 | S76: ='RESUMEN TOTAL'!AL79 -> 0 | T76: ='RESUMEN TOTAL'!AN79 -> 0 | U76: ='RESUMEN TOTAL'!AP79 -> 0 | V76: ='RESUMEN TOTAL'!AR79 -> 0 | W76: ='RESUMEN TOTAL'!AT79 -> 0 | X76: ='RESUMEN TOTAL'!AV79 -> 0 | Y76: ='RESUMEN TOTAL'!AX79 -> 0 | Z76: ='RESUMEN TOTAL'!AZ79 -> 0 | AA76: ='RESUMEN TOTAL'!BB79 -> 0 | AB76: ='RESUMEN TOTAL'!BD79 -> 0 | AC76: ='RESUMEN TOTAL'!BF79 -> 0 | AD76: ='RESUMEN TOTAL'!BH79 -> 0 | AE76: ='RESUMEN TOTAL'!BJ79 -> 0 | AF76: ='RESUMEN TOTAL'!BL79 -> 0 | AG76: ='RESUMEN TOTAL'!BN79 -> 0 | AH76: ='RESUMEN TOTAL'!BP79 -> 0 | AI76: ='RESUMEN TOTAL'!BR79 -> 0
A77: ='RESUMEN TOTAL'!A80 -> CENTRO | B77: ='RESUMEN TOTAL'!B80 -> CEN 57 | C77: ='RESUMEN TOTAL'!D80 -> 25 DE MAYO Y DORREGO | D77: ='RESUMEN TOTAL'!E80 -> DOMO | E77: ='RESUMEN TOTAL'!F80 -> Radio | F77: ='RESUMEN TOTAL'!L80 -> 0 | G77: ='RESUMEN TOTAL'!N80 -> 0 | H77: ='RESUMEN TOTAL'!P80 -> 0 | I77: ='RESUMEN TOTAL'!R80 -> 0 | J77: ='RESUMEN TOTAL'!T80 -> 0 | K77: ='RESUMEN TOTAL'!V80 -> 0 | L77: ='RESUMEN TOTAL'!X80 -> 0 | M77: ='RESUMEN TOTAL'!Z80 -> 0 | N77: ='RESUMEN TOTAL'!AB80 -> 0 | O77: ='RESUMEN TOTAL'!AD80 -> 0 | P77: ='RESUMEN TOTAL'!AF80 -> 0 | Q77: ='RESUMEN TOTAL'!AH80 -> 0 | R77: ='RESUMEN TOTAL'!AJ80 -> 0 | S77: ='RESUMEN TOTAL'!AL80 -> 0 | T77: ='RESUMEN TOTAL'!AN80 -> 0 | U77: ='RESUMEN TOTAL'!AP80 -> 0 | V77: ='RESUMEN TOTAL'!AR80 -> 0 | W77: ='RESUMEN TOTAL'!AT80 -> 0 | X77: ='RESUMEN TOTAL'!AV80 -> 0 | Y77: ='RESUMEN TOTAL'!AX80 -> 0 | Z77: ='RESUMEN TOTAL'!AZ80 -> 0 | AA77: ='RESUMEN TOTAL'!BB80 -> 0 | AB77: ='RESUMEN TOTAL'!BD80 -> 0 | AC77: ='RESUMEN TOTAL'!BF80 -> 0 | AD77: ='RESUMEN TOTAL'!BH80 -> 0 | AE77: ='RESUMEN TOTAL'!BJ80 -> 0 | AF77: ='RESUMEN TOTAL'!BL80 -> 0 | AG77: ='RESUMEN TOTAL'!BN80 -> 0 | AH77: ='RESUMEN TOTAL'!BP80 -> 0 | AI77: ='RESUMEN TOTAL'!BR80 -> 0
A78: ='RESUMEN TOTAL'!A81 -> CENTRO | B78: ='RESUMEN TOTAL'!B81 -> CEN 58 | C78: ='RESUMEN TOTAL'!D81 -> EEUU Y MORENO | D78: ='RESUMEN TOTAL'!E81 -> DOMO | E78: ='RESUMEN TOTAL'!F81 -> Fibra Optica | F78: ='RESUMEN TOTAL'!L81 -> 0 | G78: ='RESUMEN TOTAL'!N81 -> 0 | H78: ='RESUMEN TOTAL'!P81 -> 0 | I78: ='RESUMEN TOTAL'!R81 -> 0 | J78: ='RESUMEN TOTAL'!T81 -> 0 | K78: ='RESUMEN TOTAL'!V81 -> 0 | L78: ='RESUMEN TOTAL'!X81 -> 0 | M78: ='RESUMEN TOTAL'!Z81 -> 0 | N78: ='RESUMEN TOTAL'!AB81 -> 0 | O78: ='RESUMEN TOTAL'!AD81 -> 0 | P78: ='RESUMEN TOTAL'!AF81 -> 0 | Q78: ='RESUMEN TOTAL'!AH81 -> 0 | R78: ='RESUMEN TOTAL'!AJ81 -> 0 | S78: ='RESUMEN TOTAL'!AL81 -> 0 | T78: ='RESUMEN TOTAL'!AN81 -> 0 | U78: ='RESUMEN TOTAL'!AP81 -> 0 | V78: ='RESUMEN TOTAL'!AR81 -> 0 | W78: ='RESUMEN TOTAL'!AT81 -> 0 | X78: ='RESUMEN TOTAL'!AV81 -> 0 | Y78: ='RESUMEN TOTAL'!AX81 -> 0 | Z78: ='RESUMEN TOTAL'!AZ81 -> 0 | AA78: ='RESUMEN TOTAL'!BB81 -> 0 | AB78: ='RESUMEN TOTAL'!BD81 -> 0 | AC78: ='RESUMEN TOTAL'!BF81 -> 0 | AD78: ='RESUMEN TOTAL'!BH81 -> 0 | AE78: ='RESUMEN TOTAL'!BJ81 -> 0 | AF78: ='RESUMEN TOTAL'!BL81 -> 0 | AG78: ='RESUMEN TOTAL'!BN81 -> 0 | AH78: ='RESUMEN TOTAL'!BP81 -> 0 | AI78: ='RESUMEN TOTAL'!BR81 -> 0
A79: ='RESUMEN TOTAL'!A82 -> CENTRO | B79: ='RESUMEN TOTAL'!B82 -> CEN59 | C79: ='RESUMEN TOTAL'!D82 -> CHACABUCO Y BOUREL | D79: ='RESUMEN TOTAL'!E82 -> DOMO | E79: ='RESUMEN TOTAL'!F82 -> Radio | F79: ='RESUMEN TOTAL'!L82 -> 0 | G79: ='RESUMEN TOTAL'!N82 -> 0 | H79: ='RESUMEN TOTAL'!P82 -> 0 | I79: ='RESUMEN TOTAL'!R82 -> 0 | J79: ='RESUMEN TOTAL'!T82 -> 0 | K79: ='RESUMEN TOTAL'!V82 -> 0 | L79: ='RESUMEN TOTAL'!X82 -> 0 | M79: ='RESUMEN TOTAL'!Z82 -> 0 | N79: ='RESUMEN TOTAL'!AB82 -> 0 | O79: ='RESUMEN TOTAL'!AD82 -> 0 | P79: ='RESUMEN TOTAL'!AF82 -> 0 | Q79: ='RESUMEN TOTAL'!AH82 -> 0 | R79: ='RESUMEN TOTAL'!AJ82 -> 0 | S79: ='RESUMEN TOTAL'!AL82 -> 0 | T79: ='RESUMEN TOTAL'!AN82 -> 0 | U79: ='RESUMEN TOTAL'!AP82 -> 0 | V79: ='RESUMEN TOTAL'!AR82 -> 0 | W79: ='RESUMEN TOTAL'!AT82 -> 0 | X79: ='RESUMEN TOTAL'!AV82 -> 0 | Y79: ='RESUMEN TOTAL'!AX82 -> 0 | Z79: ='RESUMEN TOTAL'!AZ82 -> 0 | AA79: ='RESUMEN TOTAL'!BB82 -> 0 | AB79: ='RESUMEN TOTAL'!BD82 -> 0 | AC79: ='RESUMEN TOTAL'!BF82 -> 0 | AD79: ='RESUMEN TOTAL'!BH82 -> 0 | AE79: ='RESUMEN TOTAL'!BJ82 -> 0 | AF79: ='RESUMEN TOTAL'!BL82 -> 0 | AG79: ='RESUMEN TOTAL'!BN82 -> 0 | AH79: ='RESUMEN TOTAL'!BP82 -> 0 | AI79: ='RESUMEN TOTAL'!BR82 -> 0
A80: ='RESUMEN TOTAL'!A83 -> CENTRO | B80: ='RESUMEN TOTAL'!B83 -> CEN 60 | C80: ='RESUMEN TOTAL'!D83 -> RECONQUISTA Y ILLIA | D80: ='RESUMEN TOTAL'!E83 -> DOMO | E80: ='RESUMEN TOTAL'!F83 -> PTO A FO | F80: ='RESUMEN TOTAL'!L83 -> 0 | G80: ='RESUMEN TOTAL'!N83 -> 0 | H80: ='RESUMEN TOTAL'!P83 -> 0 | I80: ='RESUMEN TOTAL'!R83 -> 0 | J80: ='RESUMEN TOTAL'!T83 -> 0 | K80: ='RESUMEN TOTAL'!V83 -> 0 | L80: ='RESUMEN TOTAL'!X83 -> 0 | M80: ='RESUMEN TOTAL'!Z83 -> 0 | N80: ='RESUMEN TOTAL'!AB83 -> 0 | O80: ='RESUMEN TOTAL'!AD83 -> 0 | P80: ='RESUMEN TOTAL'!AF83 -> 0 | Q80: ='RESUMEN TOTAL'!AH83 -> 0 | R80: ='RESUMEN TOTAL'!AJ83 -> 0 | S80: ='RESUMEN TOTAL'!AL83 -> 0 | T80: ='RESUMEN TOTAL'!AN83 -> 0 | U80: ='RESUMEN TOTAL'!AP83 -> 0 | V80: ='RESUMEN TOTAL'!AR83 -> 0 | W80: ='RESUMEN TOTAL'!AT83 -> 0 | X80: ='RESUMEN TOTAL'!AV83 -> 0 | Y80: ='RESUMEN TOTAL'!AX83 -> 0 | Z80: ='RESUMEN TOTAL'!AZ83 -> 0 | AA80: ='RESUMEN TOTAL'!BB83 -> 0 | AB80: ='RESUMEN TOTAL'!BD83 -> 0 | AC80: ='RESUMEN TOTAL'!BF83 -> 0 | AD80: ='RESUMEN TOTAL'!BH83 -> 0 | AE80: ='RESUMEN TOTAL'!BJ83 -> 0 | AF80: ='RESUMEN TOTAL'!BL83 -> 0 | AG80: ='RESUMEN TOTAL'!BN83 -> 0 | AH80: ='RESUMEN TOTAL'!BP83 -> 0 | AI80: ='RESUMEN TOTAL'!BR83 -> 0
... A106: ='RESUMEN TOTAL'!A109 -> CENTRO | B106: ='RESUMEN TOTAL'!B109 -> CEN 86 | C106: ='RESUMEN TOTAL'!D109 -> Monteagudo y Bocuzzi | D106: ='RESUMEN TOTAL'!E109 -> Fija | E106: ='RESUMEN TOTAL'!F109 -> Fibra Optica | F106: ='RESUMEN TOTAL'!L109 -> APAGADO | G106: ='RESUMEN TOTAL'!N109 -> APAGADO | H106: ='RESUMEN TOTAL'!P109 -> APAGADO | I106: ='RESUMEN TOTAL'!R109 -> APAGADO | J106: ='RESUMEN TOTAL'!T109 -> 0 | K106: ='RESUMEN TOTAL'!V109 -> 0 | L106: ='RESUMEN TOTAL'!X109 -> 0 | M106: ='RESUMEN TOTAL'!Z109 -> 0 | N106: ='RESUMEN TOTAL'!AB109 -> 0 | O106: ='RESUMEN TOTAL'!AD109 -> 0 | P106: ='RESUMEN TOTAL'!AF109 -> 0 | Q106: ='RESUMEN TOTAL'!AH109 -> 0 | R106: ='RESUMEN TOTAL'!AJ109 -> 0 | S106: ='RESUMEN TOTAL'!AL109 -> 0 | T106: ='RESUMEN TOTAL'!AN109 -> 0 | U106: ='RESUMEN TOTAL'!AP109 -> 0 | V106: ='RESUMEN TOTAL'!AR109 -> 0 | W106: ='RESUMEN TOTAL'!AT109 -> 0 | X106: ='RESUMEN TOTAL'!AV109 -> 0 | Y106: ='RESUMEN TOTAL'!AX109 -> 0 | Z106: ='RESUMEN TOTAL'!AZ109 -> 0 | AA106: ='RESUMEN TOTAL'!BB109 -> 0 | AB106: ='RESUMEN TOTAL'!BD109 -> 0 | AC106: ='RESUMEN TOTAL'!BF109 -> 0 | AD106: ='RESUMEN TOTAL'!BH109 -> 0 | AE106: ='RESUMEN TOTAL'!BJ109 -> 0 | AF106: ='RESUMEN TOTAL'!BL109 -> 0 | AG106: ='RESUMEN TOTAL'!BN109 -> 0 | AH106: ='RESUMEN TOTAL'!BP109 -> 0 | AI106: ='RESUMEN TOTAL'!BR109 -> 0
A107: ='RESUMEN TOTAL'!A111 -> SAN NICOLAS | B107: ='RESUMEN TOTAL'!B111 -> CHA01 | C107: ='RESUMEN TOTAL'!D111 -> Novak y Pte Illia | D107: ='RESUMEN TOTAL'!E111 -> Domo | E107: ='RESUMEN TOTAL'!F111 -> Radio | F107: ='RESUMEN TOTAL'!L111 -> 0 | G107: ='RESUMEN TOTAL'!N111 -> 0 | H107: ='RESUMEN TOTAL'!P111 -> 0 | I107: ='RESUMEN TOTAL'!R111 -> 0 | J107: ='RESUMEN TOTAL'!T111 -> 0 | K107: ='RESUMEN TOTAL'!V111 -> 0 | L107: ='RESUMEN TOTAL'!X111 -> 0 | M107: ='RESUMEN TOTAL'!Z111 -> 0 | N107: ='RESUMEN TOTAL'!AB111 -> 0 | O107: ='RESUMEN TOTAL'!AD111 -> 0 | P107: ='RESUMEN TOTAL'!AF111 -> 0 | Q107: ='RESUMEN TOTAL'!AH111 -> 0 | R107: ='RESUMEN TOTAL'!AJ111 -> 0 | S107: ='RESUMEN TOTAL'!AL111 -> 0 | T107: ='RESUMEN TOTAL'!AN111 -> 0 | U107: ='RESUMEN TOTAL'!AP111 -> 0 | V107: ='RESUMEN TOTAL'!AR111 -> 0 | W107: ='RESUMEN TOTAL'!AT111 -> 0 | X107: ='RESUMEN TOTAL'!AV111 -> 0 | Y107: ='RESUMEN TOTAL'!AX111 -> 0 | Z107: ='RESUMEN TOTAL'!AZ111 -> 0 | AA107: ='RESUMEN TOTAL'!BB111 -> 0 | AB107: ='RESUMEN TOTAL'!BD111 -> 0 | AC107: ='RESUMEN TOTAL'!BF111 -> 0 | AD107: ='RESUMEN TOTAL'!BH111 -> 0 | AE107: ='RESUMEN TOTAL'!BJ111 -> 0 | AF107: ='RESUMEN TOTAL'!BL111 -> 0 | AG107: ='RESUMEN TOTAL'!BN111 -> 0 | AH107: ='RESUMEN TOTAL'!BP111 -> 0 | AI107: ='RESUMEN TOTAL'!BR111 -> 0
A108: ='RESUMEN TOTAL'!A112 -> CHACABUCO | B108: ='RESUMEN TOTAL'!B112 -> CHA02 | C108: ='RESUMEN TOTAL'!D112 -> Pte. Illia y Posadas | D108: ='RESUMEN TOTAL'!E112 -> Domo | E108: ='RESUMEN TOTAL'!F112 -> Radio | F108: ='RESUMEN TOTAL'!L112 -> APAGADO | G108: ='RESUMEN TOTAL'!N112 -> APAGADO | H108: ='RESUMEN TOTAL'!P112 -> APAGADO | I108: ='RESUMEN TOTAL'!R112 -> APAGADO | J108: ='RESUMEN TOTAL'!T112 -> 0 | K108: ='RESUMEN TOTAL'!V112 -> 0 | L108: ='RESUMEN TOTAL'!X112 -> 0 | M108: ='RESUMEN TOTAL'!Z112 -> 0 | N108: ='RESUMEN TOTAL'!AB112 -> 0 | O108: ='RESUMEN TOTAL'!AD112 -> 0 | P108: ='RESUMEN TOTAL'!AF112 -> 0 | Q108: ='RESUMEN TOTAL'!AH112 -> 0 | R108: ='RESUMEN TOTAL'!AJ112 -> 0 | S108: ='RESUMEN TOTAL'!AL112 -> 0 | T108: ='RESUMEN TOTAL'!AN112 -> 0 | U108: ='RESUMEN TOTAL'!AP112 -> 0 | V108: ='RESUMEN TOTAL'!AR112 -> 0 | W108: ='RESUMEN TOTAL'!AT112 -> 0 | X108: ='RESUMEN TOTAL'!AV112 -> 0 | Y108: ='RESUMEN TOTAL'!AX112 -> 0 | Z108: ='RESUMEN TOTAL'!AZ112 -> 0 | AA108: ='RESUMEN TOTAL'!BB112 -> 0 | AB108: ='RESUMEN TOTAL'!BD112 -> 0 | AC108: ='RESUMEN TOTAL'!BF112 -> 0 | AD108: ='RESUMEN TOTAL'!BH112 -> 0 | AE108: ='RESUMEN TOTAL'!BJ112 -> 0 | AF108: ='RESUMEN TOTAL'!BL112 -> 0 | AG108: ='RESUMEN TOTAL'!BN112 -> 0 | AH108: ='RESUMEN TOTAL'!BP112 -> 0 | AI108: ='RESUMEN TOTAL'!BR112 -> 0
A109: ='RESUMEN TOTAL'!A113 -> CHACABUCO | B109: ='RESUMEN TOTAL'!B113 -> CHA03 | C109: ='RESUMEN TOTAL'!D113 -> MAIPU Y ALVAREZ THOMAS | D109: ='RESUMEN TOTAL'!E113 -> DOMO | E109: ='RESUMEN TOTAL'!F113 -> Fibra Optica | F109: ='RESUMEN TOTAL'!L113 -> 0 | G109: ='RESUMEN TOTAL'!N113 -> 0 | H109: ='RESUMEN TOTAL'!P113 -> 0 | I109: ='RESUMEN TOTAL'!R113 -> 0 | J109: ='RESUMEN TOTAL'!T113 -> 0 | K109: ='RESUMEN TOTAL'!V113 -> 0 | L109: ='RESUMEN TOTAL'!X113 -> 0 | M109: ='RESUMEN TOTAL'!Z113 -> 0 | N109: ='RESUMEN TOTAL'!AB113 -> 0 | O109: ='RESUMEN TOTAL'!AD113 -> 0 | P109: ='RESUMEN TOTAL'!AF113 -> 0 | Q109: ='RESUMEN TOTAL'!AH113 -> 0 | R109: ='RESUMEN TOTAL'!AJ113 -> 0 | S109: ='RESUMEN TOTAL'!AL113 -> 0 | T109: ='RESUMEN TOTAL'!AN113 -> 0 | U109: ='RESUMEN TOTAL'!AP113 -> 0 | V109: ='RESUMEN TOTAL'!AR113 -> 0 | W109: ='RESUMEN TOTAL'!AT113 -> 0 | X109: ='RESUMEN TOTAL'!AV113 -> 0 | Y109: ='RESUMEN TOTAL'!AX113 -> 0 | Z109: ='RESUMEN TOTAL'!AZ113 -> 0 | AA109: ='RESUMEN TOTAL'!BB113 -> 0 | AB109: ='RESUMEN TOTAL'!BD113 -> 0 | AC109: ='RESUMEN TOTAL'!BF113 -> 0 | AD109: ='RESUMEN TOTAL'!BH113 -> 0 | AE109: ='RESUMEN TOTAL'!BJ113 -> 0 | AF109: ='RESUMEN TOTAL'!BL113 -> 0 | AG109: ='RESUMEN TOTAL'!BN113 -> 0 | AH109: ='RESUMEN TOTAL'!BP113 -> 0 | AI109: ='RESUMEN TOTAL'!BR113 -> 0
A110: ='RESUMEN TOTAL'!A114 -> CHACABUCO | B110: ='RESUMEN TOTAL'!B114 -> CHA04 | C110: ='RESUMEN TOTAL'!D114 -> ESTADOS UNIDOS DE A. E ILLIA | D110: ='RESUMEN TOTAL'!E114 -> DOMO | E110: ='RESUMEN TOTAL'!F114 -> Fibra Optica | F110: ='RESUMEN TOTAL'!L114 -> APAGADO | G110: ='RESUMEN TOTAL'!N114 -> APAGADO | H110: ='RESUMEN TOTAL'!P114 -> APAGADO | I110: ='RESUMEN TOTAL'!R114 -> APAGADO | J110: ='RESUMEN TOTAL'!T114 -> 0 | K110: ='RESUMEN TOTAL'!V114 -> 0 | L110: ='RESUMEN TOTAL'!X114 -> 0 | M110: ='RESUMEN TOTAL'!Z114 -> 0 | N110: ='RESUMEN TOTAL'!AB114 -> 0 | O110: ='RESUMEN TOTAL'!AD114 -> 0 | P110: ='RESUMEN TOTAL'!AF114 -> 0 | Q110: ='RESUMEN TOTAL'!AH114 -> 0 | R110: ='RESUMEN TOTAL'!AJ114 -> 0 | S110: ='RESUMEN TOTAL'!AL114 -> 0 | T110: ='RESUMEN TOTAL'!AN114 -> 0 | U110: ='RESUMEN TOTAL'!AP114 -> 0 | V110: ='RESUMEN TOTAL'!AR114 -> 0 | W110: ='RESUMEN TOTAL'!AT114 -> 0 | X110: ='RESUMEN TOTAL'!AV114 -> 0 | Y110: ='RESUMEN TOTAL'!AX114 -> 0 | Z110: ='RESUMEN TOTAL'!AZ114 -> 0 | AA110: ='RESUMEN TOTAL'!BB114 -> 0 | AB110: ='RESUMEN TOTAL'!BD114 -> 0 | AC110: ='RESUMEN TOTAL'!BF114 -> 0 | AD110: ='RESUMEN TOTAL'!BH114 -> 0 | AE110: ='RESUMEN TOTAL'!BJ114 -> 0 | AF110: ='RESUMEN TOTAL'!BL114 -> 0 | AG110: ='RESUMEN TOTAL'!BN114 -> 0 | AH110: ='RESUMEN TOTAL'!BP114 -> 0 | AI110: ='RESUMEN TOTAL'!BR114 -> 0
A111: ='RESUMEN TOTAL'!A115 -> VILLA MONICA NUEVA | B111: ='RESUMEN TOTAL'!B115 -> COL01 | C111: ='RESUMEN TOTAL'!D115 -> Eva Peron y Cariboni | D111: ='RESUMEN TOTAL'!E115 -> Domo | E111: ='RESUMEN TOTAL'!F115 -> Radio | F111: ='RESUMEN TOTAL'!L115 -> APAGADO | G111: ='RESUMEN TOTAL'!N115 -> APAGADO | H111: ='RESUMEN TOTAL'!P115 -> APAGADO | I111: ='RESUMEN TOTAL'!R115 -> APAGADO | J111: ='RESUMEN TOTAL'!T115 -> 0 | K111: ='RESUMEN TOTAL'!V115 -> 0 | L111: ='RESUMEN TOTAL'!X115 -> 0 | M111: ='RESUMEN TOTAL'!Z115 -> 0 | N111: ='RESUMEN TOTAL'!AB115 -> 0 | O111: ='RESUMEN TOTAL'!AD115 -> 0 | P111: ='RESUMEN TOTAL'!AF115 -> 0 | Q111: ='RESUMEN TOTAL'!AH115 -> 0 | R111: ='RESUMEN TOTAL'!AJ115 -> 0 | S111: ='RESUMEN TOTAL'!AL115 -> 0 | T111: ='RESUMEN TOTAL'!AN115 -> 0 | U111: ='RESUMEN TOTAL'!AP115 -> 0 | V111: ='RESUMEN TOTAL'!AR115 -> 0 | W111: ='RESUMEN TOTAL'!AT115 -> 0 | X111: ='RESUMEN TOTAL'!AV115 -> 0 | Y111: ='RESUMEN TOTAL'!AX115 -> 0 | Z111: ='RESUMEN TOTAL'!AZ115 -> 0 | AA111: ='RESUMEN TOTAL'!BB115 -> 0 | AB111: ='RESUMEN TOTAL'!BD115 -> 0 | AC111: ='RESUMEN TOTAL'!BF115 -> 0 | AD111: ='RESUMEN TOTAL'!BH115 -> 0 | AE111: ='RESUMEN TOTAL'!BJ115 -> 0 | AF111: ='RESUMEN TOTAL'!BL115 -> 0 | AG111: ='RESUMEN TOTAL'!BN115 -> 0 | AH111: ='RESUMEN TOTAL'!BP115 -> 0 | AI111: ='RESUMEN TOTAL'!BR115 -> 0
A112: ='RESUMEN TOTAL'!A116 -> LA COLORADA ESTE | B112: ='RESUMEN TOTAL'!B116 -> COL02 | C112: ='RESUMEN TOTAL'!D116 -> Av. Eva Peron y Pompeya | D112: ='RESUMEN TOTAL'!E116 -> Domo | E112: ='RESUMEN TOTAL'!F116 -> Radio | F112: ='RESUMEN TOTAL'!L116 -> APAGADO | G112: ='RESUMEN TOTAL'!N116 -> APAGADO | H112: ='RESUMEN TOTAL'!P116 -> APAGADO | I112: ='RESUMEN TOTAL'!R116 -> APAGADO | J112: ='RESUMEN TOTAL'!T116 -> 0 | K112: ='RESUMEN TOTAL'!V116 -> 0 | L112: ='RESUMEN TOTAL'!X116 -> 0 | M112: ='RESUMEN TOTAL'!Z116 -> 0 | N112: ='RESUMEN TOTAL'!AB116 -> 0 | O112: ='RESUMEN TOTAL'!AD116 -> 0 | P112: ='RESUMEN TOTAL'!AF116 -> 0 | Q112: ='RESUMEN TOTAL'!AH116 -> 0 | R112: ='RESUMEN TOTAL'!AJ116 -> 0 | S112: ='RESUMEN TOTAL'!AL116 -> 0 | T112: ='RESUMEN TOTAL'!AN116 -> 0 | U112: ='RESUMEN TOTAL'!AP116 -> 0 | V112: ='RESUMEN TOTAL'!AR116 -> 0 | W112: ='RESUMEN TOTAL'!AT116 -> 0 | X112: ='RESUMEN TOTAL'!AV116 -> 0 | Y112: ='RESUMEN TOTAL'!AX116 -> 0 | Z112: ='RESUMEN TOTAL'!AZ116 -> 0 | AA112: ='RESUMEN TOTAL'!BB116 -> 0 | AB112: ='RESUMEN TOTAL'!BD116 -> 0 | AC112: ='RESUMEN TOTAL'!BF116 -> 0 | AD112: ='RESUMEN TOTAL'!BH116 -> 0 | AE112: ='RESUMEN TOTAL'!BJ116 -> 0 | AF112: ='RESUMEN TOTAL'!BL116 -> 0 | AG112: ='RESUMEN TOTAL'!BN116 -> 0 | AH112: ='RESUMEN TOTAL'!BP116 -> 0 | AI112: ='RESUMEN TOTAL'!BR116 -> 0
A113: ='RESUMEN TOTAL'!A117 -> LA COLORADA ESTE | B113: ='RESUMEN TOTAL'!B117 -> COL 03 | C113: ='RESUMEN TOTAL'!D117 -> CARIBONI Y LA ANCIANIDAD | D113: ='RESUMEN TOTAL'!E117 -> DOMO | E113: ='RESUMEN TOTAL'!F117 -> Radio | F113: ='RESUMEN TOTAL'!L117 -> 0 | G113: ='RESUMEN TOTAL'!N117 -> 0 | H113: ='RESUMEN TOTAL'!P117 -> 0 | I113: ='RESUMEN TOTAL'!R117 -> 0 | J113: ='RESUMEN TOTAL'!T117 -> 0 | K113: ='RESUMEN TOTAL'!V117 -> 0 | L113: ='RESUMEN TOTAL'!X117 -> 0 | M113: ='RESUMEN TOTAL'!Z117 -> 0 | N113: ='RESUMEN TOTAL'!AB117 -> 0 | O113: ='RESUMEN TOTAL'!AD117 -> 0 | P113: ='RESUMEN TOTAL'!AF117 -> 0 | Q113: ='RESUMEN TOTAL'!AH117 -> 0 | R113: ='RESUMEN TOTAL'!AJ117 -> 0 | S113: ='RESUMEN TOTAL'!AL117 -> 0 | T113: ='RESUMEN TOTAL'!AN117 -> 0 | U113: ='RESUMEN TOTAL'!AP117 -> 0 | V113: ='RESUMEN TOTAL'!AR117 -> 0 | W113: ='RESUMEN TOTAL'!AT117 -> 0 | X113: ='RESUMEN TOTAL'!AV117 -> 0 | Y113: ='RESUMEN TOTAL'!AX117 -> 0 | Z113: ='RESUMEN TOTAL'!AZ117 -> 0 | AA113: ='RESUMEN TOTAL'!BB117 -> 0 | AB113: ='RESUMEN TOTAL'!BD117 -> 0 | AC113: ='RESUMEN TOTAL'!BF117 -> 0 | AD113: ='RESUMEN TOTAL'!BH117 -> 0 | AE113: ='RESUMEN TOTAL'!BJ117 -> 0 | AF113: ='RESUMEN TOTAL'!BL117 -> 0 | AG113: ='RESUMEN TOTAL'!BN117 -> 0 | AH113: ='RESUMEN TOTAL'!BP117 -> 0 | AI113: ='RESUMEN TOTAL'!BR117 -> 0
A114: ='RESUMEN TOTAL'!A118 -> LA COLORADA ESTE | B114: ='RESUMEN TOTAL'!B118 -> COL 04 | C114: ='RESUMEN TOTAL'!D118 -> EVA PERON Y SAVIO | D114: ='RESUMEN TOTAL'!E118 -> Domo | E114: ='RESUMEN TOTAL'!F118 -> Fibra Optica | F114: ='RESUMEN TOTAL'!L118 -> 0 | G114: ='RESUMEN TOTAL'!N118 -> APAGADO | H114: ='RESUMEN TOTAL'!P118 -> APAGADO | I114: ='RESUMEN TOTAL'!R118 -> APAGADO | J114: ='RESUMEN TOTAL'!T118 -> 0 | K114: ='RESUMEN TOTAL'!V118 -> 0 | L114: ='RESUMEN TOTAL'!X118 -> 0 | M114: ='RESUMEN TOTAL'!Z118 -> 0 | N114: ='RESUMEN TOTAL'!AB118 -> 0 | O114: ='RESUMEN TOTAL'!AD118 -> 0 | P114: ='RESUMEN TOTAL'!AF118 -> 0 | Q114: ='RESUMEN TOTAL'!AH118 -> 0 | R114: ='RESUMEN TOTAL'!AJ118 -> 0 | S114: ='RESUMEN TOTAL'!AL118 -> 0 | T114: ='RESUMEN TOTAL'!AN118 -> 0 | U114: ='RESUMEN TOTAL'!AP118 -> 0 | V114: ='RESUMEN TOTAL'!AR118 -> 0 | W114: ='RESUMEN TOTAL'!AT118 -> 0 | X114: ='RESUMEN TOTAL'!AV118 -> 0 | Y114: ='RESUMEN TOTAL'!AX118 -> 0 | Z114: ='RESUMEN TOTAL'!AZ118 -> 0 | AA114: ='RESUMEN TOTAL'!BB118 -> 0 | AB114: ='RESUMEN TOTAL'!BD118 -> 0 | AC114: ='RESUMEN TOTAL'!BF118 -> 0 | AD114: ='RESUMEN TOTAL'!BH118 -> 0 | AE114: ='RESUMEN TOTAL'!BJ118 -> 0 | AF114: ='RESUMEN TOTAL'!BL118 -> 0 | AG114: ='RESUMEN TOTAL'!BN118 -> 0 | AH114: ='RESUMEN TOTAL'!BP118 -> 0 | AI114: ='RESUMEN TOTAL'!BR118 -> 0
A115: ='RESUMEN TOTAL'!A119 -> DON JOSE | B115: ='RESUMEN TOTAL'!B119 -> DJO01 | C115: ='RESUMEN TOTAL'!D119 -> Monteverde y Donato Alvarez | D115: ='RESUMEN TOTAL'!E119 -> Domo | E115: ='RESUMEN TOTAL'!F119 -> Radio | F115: ='RESUMEN TOTAL'!L119 -> 0 | G115: ='RESUMEN TOTAL'!N119 -> 0 | H115: ='RESUMEN TOTAL'!P119 -> 0 | I115: ='RESUMEN TOTAL'!R119 -> 0 | J115: ='RESUMEN TOTAL'!T119 -> 0 | K115: ='RESUMEN TOTAL'!V119 -> 0 | L115: ='RESUMEN TOTAL'!X119 -> 0 | M115: ='RESUMEN TOTAL'!Z119 -> 0 | N115: ='RESUMEN TOTAL'!AB119 -> 0 | O115: ='RESUMEN TOTAL'!AD119 -> 0 | P115: ='RESUMEN TOTAL'!AF119 -> 0 | Q115: ='RESUMEN TOTAL'!AH119 -> 0 | R115: ='RESUMEN TOTAL'!AJ119 -> 0 | S115: ='RESUMEN TOTAL'!AL119 -> 0 | T115: ='RESUMEN TOTAL'!AN119 -> 0 | U115: ='RESUMEN TOTAL'!AP119 -> 0 | V115: ='RESUMEN TOTAL'!AR119 -> 0 | W115: ='RESUMEN TOTAL'!AT119 -> 0 | X115: ='RESUMEN TOTAL'!AV119 -> 0 | Y115: ='RESUMEN TOTAL'!AX119 -> 0 | Z115: ='RESUMEN TOTAL'!AZ119 -> 0 | AA115: ='RESUMEN TOTAL'!BB119 -> 0 | AB115: ='RESUMEN TOTAL'!BD119 -> 0 | AC115: ='RESUMEN TOTAL'!BF119 -> 0 | AD115: ='RESUMEN TOTAL'!BH119 -> 0 | AE115: ='RESUMEN TOTAL'!BJ119 -> 0 | AF115: ='RESUMEN TOTAL'!BL119 -> 0 | AG115: ='RESUMEN TOTAL'!BN119 -> 0 | AH115: ='RESUMEN TOTAL'!BP119 -> 0 | AI115: ='RESUMEN TOTAL'!BR119 -> 0
A116: ='RESUMEN TOTAL'!A120 -> DON JOSE | B116: ='RESUMEN TOTAL'!B120 -> DJO 02 (fija 1) | C116: ='RESUMEN TOTAL'!D120 -> DONATO ALVAREZ Y EL APERO | D116: ='RESUMEN TOTAL'!E120 -> Fija | E116: ='RESUMEN TOTAL'!F120 -> PTO A FO | F116: ='RESUMEN TOTAL'!L120 -> 0 | G116: ='RESUMEN TOTAL'!N120 -> 0 | H116: ='RESUMEN TOTAL'!P120 -> 0 | I116: ='RESUMEN TOTAL'!R120 -> 0 | J116: ='RESUMEN TOTAL'!T120 -> 0 | K116: ='RESUMEN TOTAL'!V120 -> 0 | L116: ='RESUMEN TOTAL'!X120 -> 0 | M116: ='RESUMEN TOTAL'!Z120 -> 0 | N116: ='RESUMEN TOTAL'!AB120 -> 0 | O116: ='RESUMEN TOTAL'!AD120 -> 0 | P116: ='RESUMEN TOTAL'!AF120 -> 0 | Q116: ='RESUMEN TOTAL'!AH120 -> 0 | R116: ='RESUMEN TOTAL'!AJ120 -> 0 | S116: ='RESUMEN TOTAL'!AL120 -> 0 | T116: ='RESUMEN TOTAL'!AN120 -> 0 | U116: ='RESUMEN TOTAL'!AP120 -> 0 | V116: ='RESUMEN TOTAL'!AR120 -> 0 | W116: ='RESUMEN TOTAL'!AT120 -> 0 | X116: ='RESUMEN TOTAL'!AV120 -> 0 | Y116: ='RESUMEN TOTAL'!AX120 -> 0 | Z116: ='RESUMEN TOTAL'!AZ120 -> 0 | AA116: ='RESUMEN TOTAL'!BB120 -> 0 | AB116: ='RESUMEN TOTAL'!BD120 -> 0 | AC116: ='RESUMEN TOTAL'!BF120 -> 0 | AD116: ='RESUMEN TOTAL'!BH120 -> 0 | AE116: ='RESUMEN TOTAL'!BJ120 -> 0 | AF116: ='RESUMEN TOTAL'!BL120 -> 0 | AG116: ='RESUMEN TOTAL'!BN120 -> 0 | AH116: ='RESUMEN TOTAL'!BP120 -> 0 | AI116: ='RESUMEN TOTAL'!BR120 -> 0
A117: ='RESUMEN TOTAL'!A121 -> DON JOSE | B117: ='RESUMEN TOTAL'!B121 -> DJO 03 (fija 2) | C117: ='RESUMEN TOTAL'!D121 -> DONATO ALVAREZ Y EL APERO | D117: ='RESUMEN TOTAL'!E121 -> Fija | E117: ='RESUMEN TOTAL'!F121 -> PTO A FO | F117: ='RESUMEN TOTAL'!L121 -> 0 | G117: ='RESUMEN TOTAL'!N121 -> 0 | H117: ='RESUMEN TOTAL'!P121 -> 0 | I117: ='RESUMEN TOTAL'!R121 -> 0 | J117: ='RESUMEN TOTAL'!T121 -> 0 | K117: ='RESUMEN TOTAL'!V121 -> 0 | L117: ='RESUMEN TOTAL'!X121 -> 0 | M117: ='RESUMEN TOTAL'!Z121 -> 0 | N117: ='RESUMEN TOTAL'!AB121 -> 0 | O117: ='RESUMEN TOTAL'!AD121 -> 0 | P117: ='RESUMEN TOTAL'!AF121 -> 0 | Q117: ='RESUMEN TOTAL'!AH121 -> 0 | R117: ='RESUMEN TOTAL'!AJ121 -> 0 | S117: ='RESUMEN TOTAL'!AL121 -> 0 | T117: ='RESUMEN TOTAL'!AN121 -> 0 | U117: ='RESUMEN TOTAL'!AP121 -> 0 | V117: ='RESUMEN TOTAL'!AR121 -> 0 | W117: ='RESUMEN TOTAL'!AT121 -> 0 | X117: ='RESUMEN TOTAL'!AV121 -> 0 | Y117: ='RESUMEN TOTAL'!AX121 -> 0 | Z117: ='RESUMEN TOTAL'!AZ121 -> 0 | AA117: ='RESUMEN TOTAL'!BB121 -> 0 | AB117: ='RESUMEN TOTAL'!BD121 -> 0 | AC117: ='RESUMEN TOTAL'!BF121 -> 0 | AD117: ='RESUMEN TOTAL'!BH121 -> 0 | AE117: ='RESUMEN TOTAL'!BJ121 -> 0 | AF117: ='RESUMEN TOTAL'!BL121 -> 0 | AG117: ='RESUMEN TOTAL'!BN121 -> 0 | AH117: ='RESUMEN TOTAL'!BP121 -> 0 | AI117: ='RESUMEN TOTAL'!BR121 -> 0
A118: ='RESUMEN TOTAL'!A122 -> DON JOSE | B118: ='RESUMEN TOTAL'!B122 -> DJO 04 (Fija 1) | C118: ='RESUMEN TOTAL'!D122 -> MONTEVERDE Y EL INDIO | D118: ='RESUMEN TOTAL'!E122 -> Fija | E118: ='RESUMEN TOTAL'!F122 -> PTO A FO | F118: ='RESUMEN TOTAL'!L122 -> 0 | G118: ='RESUMEN TOTAL'!N122 -> 0 | H118: ='RESUMEN TOTAL'!P122 -> 0 | I118: ='RESUMEN TOTAL'!R122 -> 0 | J118: ='RESUMEN TOTAL'!T122 -> 0 | K118: ='RESUMEN TOTAL'!V122 -> 0 | L118: ='RESUMEN TOTAL'!X122 -> 0 | M118: ='RESUMEN TOTAL'!Z122 -> 0 | N118: ='RESUMEN TOTAL'!AB122 -> 0 | O118: ='RESUMEN TOTAL'!AD122 -> 0 | P118: ='RESUMEN TOTAL'!AF122 -> 0 | Q118: ='RESUMEN TOTAL'!AH122 -> 0 | R118: ='RESUMEN TOTAL'!AJ122 -> 0 | S118: ='RESUMEN TOTAL'!AL122 -> 0 | T118: ='RESUMEN TOTAL'!AN122 -> 0 | U118: ='RESUMEN TOTAL'!AP122 -> 0 | V118: ='RESUMEN TOTAL'!AR122 -> 0 | W118: ='RESUMEN TOTAL'!AT122 -> 0 | X118: ='RESUMEN TOTAL'!AV122 -> 0 | Y118: ='RESUMEN TOTAL'!AX122 -> 0 | Z118: ='RESUMEN TOTAL'!AZ122 -> 0 | AA118: ='RESUMEN TOTAL'!BB122 -> 0 | AB118: ='RESUMEN TOTAL'!BD122 -> 0 | AC118: ='RESUMEN TOTAL'!BF122 -> 0 | AD118: ='RESUMEN TOTAL'!BH122 -> 0 | AE118: ='RESUMEN TOTAL'!BJ122 -> 0 | AF118: ='RESUMEN TOTAL'!BL122 -> 0 | AG118: ='RESUMEN TOTAL'!BN122 -> 0 | AH118: ='RESUMEN TOTAL'!BP122 -> 0 | AI118: ='RESUMEN TOTAL'!BR122 -> 0
... A121: ='RESUMEN TOTAL'!A125 -> DON JOSE | B121: ='RESUMEN TOTAL'!B125 -> DJ 07 | C121: ='RESUMEN TOTAL'!D125 -> Calle 414 y El Indio | D121: ='RESUMEN TOTAL'!E125 -> Fija | E121: ='RESUMEN TOTAL'!F125 -> PTO A FO | F121: ='RESUMEN TOTAL'!L125 -> 0 | G121: ='RESUMEN TOTAL'!N125 -> 0 | H121: ='RESUMEN TOTAL'!P125 -> 0 | I121: ='RESUMEN TOTAL'!R125 -> 0 | J121: ='RESUMEN TOTAL'!T125 -> 0 | K121: ='RESUMEN TOTAL'!V125 -> 0 | L121: ='RESUMEN TOTAL'!X125 -> 0 | M121: ='RESUMEN TOTAL'!Z125 -> 0 | N121: ='RESUMEN TOTAL'!AB125 -> 0 | O121: ='RESUMEN TOTAL'!AD125 -> 0 | P121: ='RESUMEN TOTAL'!AF125 -> 0 | Q121: ='RESUMEN TOTAL'!AH125 -> 0 | R121: ='RESUMEN TOTAL'!AJ125 -> 0 | S121: ='RESUMEN TOTAL'!AL125 -> 0 | T121: ='RESUMEN TOTAL'!AN125 -> 0 | U121: ='RESUMEN TOTAL'!AP125 -> 0 | V121: ='RESUMEN TOTAL'!AR125 -> 0 | W121: ='RESUMEN TOTAL'!AT125 -> 0 | X121: ='RESUMEN TOTAL'!AV125 -> 0 | Y121: ='RESUMEN TOTAL'!AX125 -> 0 | Z121: ='RESUMEN TOTAL'!AZ125 -> 0 | AA121: ='RESUMEN TOTAL'!BB125 -> 0 | AB121: ='RESUMEN TOTAL'!BD125 -> 0 | AC121: ='RESUMEN TOTAL'!BF125 -> 0 | AD121: ='RESUMEN TOTAL'!BH125 -> 0 | AE121: ='RESUMEN TOTAL'!BJ125 -> 0 | AF121: ='RESUMEN TOTAL'!BL125 -> 0 | AG121: ='RESUMEN TOTAL'!BN125 -> 0 | AH121: ='RESUMEN TOTAL'!BP125 -> 0 | AI121: ='RESUMEN TOTAL'!BR125 -> 0
A122: ='RESUMEN TOTAL'!A127 -> EL PARQUE | B122: ='RESUMEN TOTAL'!B127 -> EPQ 01 | C122: ='RESUMEN TOTAL'!D127 -> 1282 Y GRIERSON | D122: ='RESUMEN TOTAL'!E127 -> DOMO | E122: ='RESUMEN TOTAL'!F127 -> Fibra Optica | F122: ='RESUMEN TOTAL'!L127 -> APAGADO | G122: ='RESUMEN TOTAL'!N127 -> APAGADO | H122: ='RESUMEN TOTAL'!P127 -> APAGADO | I122: ='RESUMEN TOTAL'!R127 -> APAGADO | J122: ='RESUMEN TOTAL'!T127 -> 0 | K122: ='RESUMEN TOTAL'!V127 -> 0 | L122: ='RESUMEN TOTAL'!X127 -> 0 | M122: ='RESUMEN TOTAL'!Z127 -> 0 | N122: ='RESUMEN TOTAL'!AB127 -> 0 | O122: ='RESUMEN TOTAL'!AD127 -> 0 | P122: ='RESUMEN TOTAL'!AF127 -> 0 | Q122: ='RESUMEN TOTAL'!AH127 -> 0 | R122: ='RESUMEN TOTAL'!AJ127 -> 0 | S122: ='RESUMEN TOTAL'!AL127 -> 0 | T122: ='RESUMEN TOTAL'!AN127 -> 0 | U122: ='RESUMEN TOTAL'!AP127 -> 0 | V122: ='RESUMEN TOTAL'!AR127 -> 0 | W122: ='RESUMEN TOTAL'!AT127 -> 0 | X122: ='RESUMEN TOTAL'!AV127 -> 0 | Y122: ='RESUMEN TOTAL'!AX127 -> 0 | Z122: ='RESUMEN TOTAL'!AZ127 -> 0 | AA122: ='RESUMEN TOTAL'!BB127 -> 0 | AB122: ='RESUMEN TOTAL'!BD127 -> 0 | AC122: ='RESUMEN TOTAL'!BF127 -> 0 | AD122: ='RESUMEN TOTAL'!BH127 -> 0 | AE122: ='RESUMEN TOTAL'!BJ127 -> 0 | AF122: ='RESUMEN TOTAL'!BL127 -> 0 | AG122: ='RESUMEN TOTAL'!BN127 -> 0 | AH122: ='RESUMEN TOTAL'!BP127 -> 0 | AI122: ='RESUMEN TOTAL'!BR127 -> 0
A123: ='RESUMEN TOTAL'!A128 -> EL PARQUE | B123: ='RESUMEN TOTAL'!B128 -> EPQ 02 | C123: ='RESUMEN TOTAL'!D128 -> 1282 Y MASSE | D123: ='RESUMEN TOTAL'!E128 -> DOMO | E123: ='RESUMEN TOTAL'!F128 -> Fibra Optica | F123: ='RESUMEN TOTAL'!L128 -> 0 | G123: ='RESUMEN TOTAL'!N128 -> 0 | H123: ='RESUMEN TOTAL'!P128 -> 0 | I123: ='RESUMEN TOTAL'!R128 -> 0 | J123: ='RESUMEN TOTAL'!T128 -> 0 | K123: ='RESUMEN TOTAL'!V128 -> 0 | L123: ='RESUMEN TOTAL'!X128 -> 0 | M123: ='RESUMEN TOTAL'!Z128 -> 0 | N123: ='RESUMEN TOTAL'!AB128 -> 0 | O123: ='RESUMEN TOTAL'!AD128 -> 0 | P123: ='RESUMEN TOTAL'!AF128 -> 0 | Q123: ='RESUMEN TOTAL'!AH128 -> 0 | R123: ='RESUMEN TOTAL'!AJ128 -> 0 | S123: ='RESUMEN TOTAL'!AL128 -> 0 | T123: ='RESUMEN TOTAL'!AN128 -> 0 | U123: ='RESUMEN TOTAL'!AP128 -> 0 | V123: ='RESUMEN TOTAL'!AR128 -> 0 | W123: ='RESUMEN TOTAL'!AT128 -> 0 | X123: ='RESUMEN TOTAL'!AV128 -> 0 | Y123: ='RESUMEN TOTAL'!AX128 -> 0 | Z123: ='RESUMEN TOTAL'!AZ128 -> 0 | AA123: ='RESUMEN TOTAL'!BB128 -> 0 | AB123: ='RESUMEN TOTAL'!BD128 -> 0 | AC123: ='RESUMEN TOTAL'!BF128 -> 0 | AD123: ='RESUMEN TOTAL'!BH128 -> 0 | AE123: ='RESUMEN TOTAL'!BJ128 -> 0 | AF123: ='RESUMEN TOTAL'!BL128 -> 0 | AG123: ='RESUMEN TOTAL'!BN128 -> 0 | AH123: ='RESUMEN TOTAL'!BP128 -> 0 | AI123: ='RESUMEN TOTAL'!BR128 -> 0
A124: ='RESUMEN TOTAL'!A129 -> EL PARQUE | B124: ='RESUMEN TOTAL'!B129 -> EPQ 03 | C124: ='RESUMEN TOTAL'!D129 -> 1282 Y RP 36 | D124: ='RESUMEN TOTAL'!E129 -> Domo | E124: ='RESUMEN TOTAL'!F129 -> Fibra Optica | F124: ='RESUMEN TOTAL'!L129 -> APAGADO | G124: ='RESUMEN TOTAL'!N129 -> APAGADO | H124: ='RESUMEN TOTAL'!P129 -> APAGADO | I124: ='RESUMEN TOTAL'!R129 -> APAGADO | J124: ='RESUMEN TOTAL'!T129 -> 0 | K124: ='RESUMEN TOTAL'!V129 -> 0 | L124: ='RESUMEN TOTAL'!X129 -> 0 | M124: ='RESUMEN TOTAL'!Z129 -> 0 | N124: ='RESUMEN TOTAL'!AB129 -> 0 | O124: ='RESUMEN TOTAL'!AD129 -> 0 | P124: ='RESUMEN TOTAL'!AF129 -> 0 | Q124: ='RESUMEN TOTAL'!AH129 -> 0 | R124: ='RESUMEN TOTAL'!AJ129 -> 0 | S124: ='RESUMEN TOTAL'!AL129 -> 0 | T124: ='RESUMEN TOTAL'!AN129 -> 0 | U124: ='RESUMEN TOTAL'!AP129 -> 0 | V124: ='RESUMEN TOTAL'!AR129 -> 0 | W124: ='RESUMEN TOTAL'!AT129 -> 0 | X124: ='RESUMEN TOTAL'!AV129 -> 0 | Y124: ='RESUMEN TOTAL'!AX129 -> 0 | Z124: ='RESUMEN TOTAL'!AZ129 -> 0 | AA124: ='RESUMEN TOTAL'!BB129 -> 0 | AB124: ='RESUMEN TOTAL'!BD129 -> 0 | AC124: ='RESUMEN TOTAL'!BF129 -> 0 | AD124: ='RESUMEN TOTAL'!BH129 -> 0 | AE124: ='RESUMEN TOTAL'!BJ129 -> 0 | AF124: ='RESUMEN TOTAL'!BL129 -> 0 | AG124: ='RESUMEN TOTAL'!BN129 -> 0 | AH124: ='RESUMEN TOTAL'!BP129 -> 0 | AI124: ='RESUMEN TOTAL'!BR129 -> 0
A125: ='RESUMEN TOTAL'!A130 -> EL PARQUE | B125: ='RESUMEN TOTAL'!B130 -> EPQ 04 | C125: ='RESUMEN TOTAL'!D130 -> 1282 Y MORENO | D125: ='RESUMEN TOTAL'!E130 -> DOMO | E125: ='RESUMEN TOTAL'!F130 -> Fibra Optica | F125: ='RESUMEN TOTAL'!L130 -> 0 | G125: ='RESUMEN TOTAL'!N130 -> 0 | H125: ='RESUMEN TOTAL'!P130 -> 0 | I125: ='RESUMEN TOTAL'!R130 -> 0 | J125: ='RESUMEN TOTAL'!T130 -> 0 | K125: ='RESUMEN TOTAL'!V130 -> 0 | L125: ='RESUMEN TOTAL'!X130 -> 0 | M125: ='RESUMEN TOTAL'!Z130 -> 0 | N125: ='RESUMEN TOTAL'!AB130 -> 0 | O125: ='RESUMEN TOTAL'!AD130 -> 0 | P125: ='RESUMEN TOTAL'!AF130 -> 0 | Q125: ='RESUMEN TOTAL'!AH130 -> 0 | R125: ='RESUMEN TOTAL'!AJ130 -> 0 | S125: ='RESUMEN TOTAL'!AL130 -> 0 | T125: ='RESUMEN TOTAL'!AN130 -> 0 | U125: ='RESUMEN TOTAL'!AP130 -> 0 | V125: ='RESUMEN TOTAL'!AR130 -> 0 | W125: ='RESUMEN TOTAL'!AT130 -> 0 | X125: ='RESUMEN TOTAL'!AV130 -> 0 | Y125: ='RESUMEN TOTAL'!AX130 -> 0 | Z125: ='RESUMEN TOTAL'!AZ130 -> 0 | AA125: ='RESUMEN TOTAL'!BB130 -> 0 | AB125: ='RESUMEN TOTAL'!BD130 -> 0 | AC125: ='RESUMEN TOTAL'!BF130 -> 0 | AD125: ='RESUMEN TOTAL'!BH130 -> 0 | AE125: ='RESUMEN TOTAL'!BJ130 -> 0 | AF125: ='RESUMEN TOTAL'!BL130 -> 0 | AG125: ='RESUMEN TOTAL'!BN130 -> 0 | AH125: ='RESUMEN TOTAL'!BP130 -> 0 | AI125: ='RESUMEN TOTAL'!BR130 -> 0
A126: ='RESUMEN TOTAL'!A131 -> LA ESMERALDA | B126: ='RESUMEN TOTAL'!B131 -> ESM01 | C126: ='RESUMEN TOTAL'!D131 -> Cabello y Brasil | D126: ='RESUMEN TOTAL'!E131 -> Domo | E126: ='RESUMEN TOTAL'!F131 -> Radio | F126: ='RESUMEN TOTAL'!L131 -> 0 | G126: ='RESUMEN TOTAL'!N131 -> 0 | H126: ='RESUMEN TOTAL'!P131 -> 0 | I126: ='RESUMEN TOTAL'!R131 -> 0 | J126: ='RESUMEN TOTAL'!T131 -> 0 | K126: ='RESUMEN TOTAL'!V131 -> 0 | L126: ='RESUMEN TOTAL'!X131 -> 0 | M126: ='RESUMEN TOTAL'!Z131 -> 0 | N126: ='RESUMEN TOTAL'!AB131 -> 0 | O126: ='RESUMEN TOTAL'!AD131 -> 0 | P126: ='RESUMEN TOTAL'!AF131 -> 0 | Q126: ='RESUMEN TOTAL'!AH131 -> 0 | R126: ='RESUMEN TOTAL'!AJ131 -> 0 | S126: ='RESUMEN TOTAL'!AL131 -> 0 | T126: ='RESUMEN TOTAL'!AN131 -> 0 | U126: ='RESUMEN TOTAL'!AP131 -> 0 | V126: ='RESUMEN TOTAL'!AR131 -> 0 | W126: ='RESUMEN TOTAL'!AT131 -> 0 | X126: ='RESUMEN TOTAL'!AV131 -> 0 | Y126: ='RESUMEN TOTAL'!AX131 -> 0 | Z126: ='RESUMEN TOTAL'!AZ131 -> 0 | AA126: ='RESUMEN TOTAL'!BB131 -> 0 | AB126: ='RESUMEN TOTAL'!BD131 -> 0 | AC126: ='RESUMEN TOTAL'!BF131 -> 0 | AD126: ='RESUMEN TOTAL'!BH131 -> 0 | AE126: ='RESUMEN TOTAL'!BJ131 -> 0 | AF126: ='RESUMEN TOTAL'!BL131 -> 0 | AG126: ='RESUMEN TOTAL'!BN131 -> 0 | AH126: ='RESUMEN TOTAL'!BP131 -> 0 | AI126: ='RESUMEN TOTAL'!BR131 -> 0
A127: ='RESUMEN TOTAL'!A132 -> SAN JORGE | B127: ='RESUMEN TOTAL'!B132 -> ESM02 | C127: ='RESUMEN TOTAL'!D132 -> Novak y Cabello | D127: ='RESUMEN TOTAL'!E132 -> Domo | E127: ='RESUMEN TOTAL'!F132 -> PTO A FO | F127: ='RESUMEN TOTAL'!L132 -> 0 | G127: ='RESUMEN TOTAL'!N132 -> 0 | H127: ='RESUMEN TOTAL'!P132 -> 0 | I127: ='RESUMEN TOTAL'!R132 -> 0 | J127: ='RESUMEN TOTAL'!T132 -> 0 | K127: ='RESUMEN TOTAL'!V132 -> 0 | L127: ='RESUMEN TOTAL'!X132 -> 0 | M127: ='RESUMEN TOTAL'!Z132 -> 0 | N127: ='RESUMEN TOTAL'!AB132 -> 0 | O127: ='RESUMEN TOTAL'!AD132 -> 0 | P127: ='RESUMEN TOTAL'!AF132 -> 0 | Q127: ='RESUMEN TOTAL'!AH132 -> 0 | R127: ='RESUMEN TOTAL'!AJ132 -> 0 | S127: ='RESUMEN TOTAL'!AL132 -> 0 | T127: ='RESUMEN TOTAL'!AN132 -> 0 | U127: ='RESUMEN TOTAL'!AP132 -> 0 | V127: ='RESUMEN TOTAL'!AR132 -> 0 | W127: ='RESUMEN TOTAL'!AT132 -> 0 | X127: ='RESUMEN TOTAL'!AV132 -> 0 | Y127: ='RESUMEN TOTAL'!AX132 -> 0 | Z127: ='RESUMEN TOTAL'!AZ132 -> 0 | AA127: ='RESUMEN TOTAL'!BB132 -> 0 | AB127: ='RESUMEN TOTAL'!BD132 -> 0 | AC127: ='RESUMEN TOTAL'!BF132 -> 0 | AD127: ='RESUMEN TOTAL'!BH132 -> 0 | AE127: ='RESUMEN TOTAL'!BJ132 -> 0 | AF127: ='RESUMEN TOTAL'!BL132 -> 0 | AG127: ='RESUMEN TOTAL'!BN132 -> 0 | AH127: ='RESUMEN TOTAL'!BP132 -> 0 | AI127: ='RESUMEN TOTAL'!BR132 -> 0
A128: ='RESUMEN TOTAL'!A133 -> 0 | B128: ='RESUMEN TOTAL'!B133 -> ESM03 | C128: ='RESUMEN TOTAL'!D133 -> Novak y Humahuaca | D128: ='RESUMEN TOTAL'!E133 -> DOMO | E128: ='RESUMEN TOTAL'!F133 -> PTO A FO | F128: ='RESUMEN TOTAL'!L133 -> 0 | G128: ='RESUMEN TOTAL'!N133 -> 0 | H128: ='RESUMEN TOTAL'!P133 -> 0 | I128: ='RESUMEN TOTAL'!R133 -> 0 | J128: ='RESUMEN TOTAL'!T133 -> 0 | K128: ='RESUMEN TOTAL'!V133 -> 0 | L128: ='RESUMEN TOTAL'!X133 -> 0 | M128: ='RESUMEN TOTAL'!Z133 -> 0 | N128: ='RESUMEN TOTAL'!AB133 -> 0 | O128: ='RESUMEN TOTAL'!AD133 -> 0 | P128: ='RESUMEN TOTAL'!AF133 -> 0 | Q128: ='RESUMEN TOTAL'!AH133 -> 0 | R128: ='RESUMEN TOTAL'!AJ133 -> 0 | S128: ='RESUMEN TOTAL'!AL133 -> 0 | T128: ='RESUMEN TOTAL'!AN133 -> 0 | U128: ='RESUMEN TOTAL'!AP133 -> 0 | V128: ='RESUMEN TOTAL'!AR133 -> 0 | W128: ='RESUMEN TOTAL'!AT133 -> 0 | X128: ='RESUMEN TOTAL'!AV133 -> 0 | Y128: ='RESUMEN TOTAL'!AX133 -> 0 | Z128: ='RESUMEN TOTAL'!AZ133 -> 0 | AA128: ='RESUMEN TOTAL'!BB133 -> 0 | AB128: ='RESUMEN TOTAL'!BD133 -> 0 | AC128: ='RESUMEN TOTAL'!BF133 -> 0 | AD128: ='RESUMEN TOTAL'!BH133 -> 0 | AE128: ='RESUMEN TOTAL'!BJ133 -> 0 | AF128: ='RESUMEN TOTAL'!BL133 -> 0 | AG128: ='RESUMEN TOTAL'!BN133 -> 0 | AH128: ='RESUMEN TOTAL'!BP133 -> 0 | AI128: ='RESUMEN TOTAL'!BR133 -> 0
A129: ='RESUMEN TOTAL'!A134 -> LA ESMERALDA | B129: ='RESUMEN TOTAL'!B134 -> ESM04 | C129: ='RESUMEN TOTAL'!D134 -> Basualdo y Bengochea | D129: ='RESUMEN TOTAL'!E134 -> Domo | E129: ='RESUMEN TOTAL'!F134 -> Fibra Optica | F129: ='RESUMEN TOTAL'!L134 -> APAGADO | G129: ='RESUMEN TOTAL'!N134 -> APAGADO | H129: ='RESUMEN TOTAL'!P134 -> APAGADO | I129: ='RESUMEN TOTAL'!R134 -> APAGADO | J129: ='RESUMEN TOTAL'!T134 -> 0 | K129: ='RESUMEN TOTAL'!V134 -> 0 | L129: ='RESUMEN TOTAL'!X134 -> 0 | M129: ='RESUMEN TOTAL'!Z134 -> 0 | N129: ='RESUMEN TOTAL'!AB134 -> 0 | O129: ='RESUMEN TOTAL'!AD134 -> 0 | P129: ='RESUMEN TOTAL'!AF134 -> 0 | Q129: ='RESUMEN TOTAL'!AH134 -> 0 | R129: ='RESUMEN TOTAL'!AJ134 -> 0 | S129: ='RESUMEN TOTAL'!AL134 -> 0 | T129: ='RESUMEN TOTAL'!AN134 -> 0 | U129: ='RESUMEN TOTAL'!AP134 -> 0 | V129: ='RESUMEN TOTAL'!AR134 -> 0 | W129: ='RESUMEN TOTAL'!AT134 -> 0 | X129: ='RESUMEN TOTAL'!AV134 -> 0 | Y129: ='RESUMEN TOTAL'!AX134 -> 0 | Z129: ='RESUMEN TOTAL'!AZ134 -> 0 | AA129: ='RESUMEN TOTAL'!BB134 -> 0 | AB129: ='RESUMEN TOTAL'!BD134 -> 0 | AC129: ='RESUMEN TOTAL'!BF134 -> 0 | AD129: ='RESUMEN TOTAL'!BH134 -> 0 | AE129: ='RESUMEN TOTAL'!BJ134 -> 0 | AF129: ='RESUMEN TOTAL'!BL134 -> 0 | AG129: ='RESUMEN TOTAL'!BN134 -> 0 | AH129: ='RESUMEN TOTAL'!BP134 -> 0 | AI129: ='RESUMEN TOTAL'!BR134 -> 0
A130: ='RESUMEN TOTAL'!A135 -> LA ESMERALDA | B130: ='RESUMEN TOTAL'!B135 -> ESM05 | C130: ='RESUMEN TOTAL'!D135 -> Aniceto Diaz y Villar | D130: ='RESUMEN TOTAL'!E135 -> Domo | E130: ='RESUMEN TOTAL'!F135 -> Fibra Optica | F130: ='RESUMEN TOTAL'!L135 -> APAGADO | G130: ='RESUMEN TOTAL'!N135 -> APAGADO | H130: ='RESUMEN TOTAL'!P135 -> APAGADO | I130: ='RESUMEN TOTAL'!R135 -> APAGADO | J130: ='RESUMEN TOTAL'!T135 -> 0 | K130: ='RESUMEN TOTAL'!V135 -> 0 | L130: ='RESUMEN TOTAL'!X135 -> 0 | M130: ='RESUMEN TOTAL'!Z135 -> 0 | N130: ='RESUMEN TOTAL'!AB135 -> 0 | O130: ='RESUMEN TOTAL'!AD135 -> 0 | P130: ='RESUMEN TOTAL'!AF135 -> 0 | Q130: ='RESUMEN TOTAL'!AH135 -> 0 | R130: ='RESUMEN TOTAL'!AJ135 -> 0 | S130: ='RESUMEN TOTAL'!AL135 -> 0 | T130: ='RESUMEN TOTAL'!AN135 -> 0 | U130: ='RESUMEN TOTAL'!AP135 -> 0 | V130: ='RESUMEN TOTAL'!AR135 -> 0 | W130: ='RESUMEN TOTAL'!AT135 -> 0 | X130: ='RESUMEN TOTAL'!AV135 -> 0 | Y130: ='RESUMEN TOTAL'!AX135 -> 0 | Z130: ='RESUMEN TOTAL'!AZ135 -> 0 | AA130: ='RESUMEN TOTAL'!BB135 -> 0 | AB130: ='RESUMEN TOTAL'!BD135 -> 0 | AC130: ='RESUMEN TOTAL'!BF135 -> 0 | AD130: ='RESUMEN TOTAL'!BH135 -> 0 | AE130: ='RESUMEN TOTAL'!BJ135 -> 0 | AF130: ='RESUMEN TOTAL'!BL135 -> 0 | AG130: ='RESUMEN TOTAL'!BN135 -> 0 | AH130: ='RESUMEN TOTAL'!BP135 -> 0 | AI130: ='RESUMEN TOTAL'!BR135 -> 0
A131: ='RESUMEN TOTAL'!A136 -> LA ESMERALDA | B131: ='RESUMEN TOTAL'!B136 -> ESM06 | C131: ='RESUMEN TOTAL'!D136 -> Roselli y Cabello | D131: ='RESUMEN TOTAL'!E136 -> Domo | E131: ='RESUMEN TOTAL'!F136 -> Radio | F131: ='RESUMEN TOTAL'!L136 -> 0 | G131: ='RESUMEN TOTAL'!N136 -> 0 | H131: ='RESUMEN TOTAL'!P136 -> 0 | I131: ='RESUMEN TOTAL'!R136 -> 0 | J131: ='RESUMEN TOTAL'!T136 -> 0 | K131: ='RESUMEN TOTAL'!V136 -> 0 | L131: ='RESUMEN TOTAL'!X136 -> 0 | M131: ='RESUMEN TOTAL'!Z136 -> 0 | N131: ='RESUMEN TOTAL'!AB136 -> 0 | O131: ='RESUMEN TOTAL'!AD136 -> 0 | P131: ='RESUMEN TOTAL'!AF136 -> 0 | Q131: ='RESUMEN TOTAL'!AH136 -> 0 | R131: ='RESUMEN TOTAL'!AJ136 -> 0 | S131: ='RESUMEN TOTAL'!AL136 -> 0 | T131: ='RESUMEN TOTAL'!AN136 -> 0 | U131: ='RESUMEN TOTAL'!AP136 -> 0 | V131: ='RESUMEN TOTAL'!AR136 -> 0 | W131: ='RESUMEN TOTAL'!AT136 -> 0 | X131: ='RESUMEN TOTAL'!AV136 -> 0 | Y131: ='RESUMEN TOTAL'!AX136 -> 0 | Z131: ='RESUMEN TOTAL'!AZ136 -> 0 | AA131: ='RESUMEN TOTAL'!BB136 -> 0 | AB131: ='RESUMEN TOTAL'!BD136 -> 0 | AC131: ='RESUMEN TOTAL'!BF136 -> 0 | AD131: ='RESUMEN TOTAL'!BH136 -> 0 | AE131: ='RESUMEN TOTAL'!BJ136 -> 0 | AF131: ='RESUMEN TOTAL'!BL136 -> 0 | AG131: ='RESUMEN TOTAL'!BN136 -> 0 | AH131: ='RESUMEN TOTAL'!BP136 -> 0 | AI131: ='RESUMEN TOTAL'!BR136 -> 0
A132: ='RESUMEN TOTAL'!A137 -> LA ESMERALDA | B132: ='RESUMEN TOTAL'!B137 -> ESM07 | C132: ='RESUMEN TOTAL'!D137 -> AV. NOVAK Y SERRANO | D132: ='RESUMEN TOTAL'!E137 -> DOMO | E132: ='RESUMEN TOTAL'!F137 -> PTO A FO | F132: ='RESUMEN TOTAL'!L137 -> 0 | G132: ='RESUMEN TOTAL'!N137 -> 0 | H132: ='RESUMEN TOTAL'!P137 -> 0 | I132: ='RESUMEN TOTAL'!R137 -> 0 | J132: ='RESUMEN TOTAL'!T137 -> 0 | K132: ='RESUMEN TOTAL'!V137 -> 0 | L132: ='RESUMEN TOTAL'!X137 -> 0 | M132: ='RESUMEN TOTAL'!Z137 -> 0 | N132: ='RESUMEN TOTAL'!AB137 -> 0 | O132: ='RESUMEN TOTAL'!AD137 -> 0 | P132: ='RESUMEN TOTAL'!AF137 -> 0 | Q132: ='RESUMEN TOTAL'!AH137 -> 0 | R132: ='RESUMEN TOTAL'!AJ137 -> 0 | S132: ='RESUMEN TOTAL'!AL137 -> 0 | T132: ='RESUMEN TOTAL'!AN137 -> 0 | U132: ='RESUMEN TOTAL'!AP137 -> 0 | V132: ='RESUMEN TOTAL'!AR137 -> 0 | W132: ='RESUMEN TOTAL'!AT137 -> 0 | X132: ='RESUMEN TOTAL'!AV137 -> 0 | Y132: ='RESUMEN TOTAL'!AX137 -> 0 | Z132: ='RESUMEN TOTAL'!AZ137 -> 0 | AA132: ='RESUMEN TOTAL'!BB137 -> 0 | AB132: ='RESUMEN TOTAL'!BD137 -> 0 | AC132: ='RESUMEN TOTAL'!BF137 -> 0 | AD132: ='RESUMEN TOTAL'!BH137 -> 0 | AE132: ='RESUMEN TOTAL'!BJ137 -> 0 | AF132: ='RESUMEN TOTAL'!BL137 -> 0 | AG132: ='RESUMEN TOTAL'!BN137 -> 0 | AH132: ='RESUMEN TOTAL'!BP137 -> 0 | AI132: ='RESUMEN TOTAL'!BR137 -> 0
A133: ='RESUMEN TOTAL'!A138 -> LA ESMERALDA | B133: ='RESUMEN TOTAL'!B138 -> ESM 08 | C133: ='RESUMEN TOTAL'!D138 -> DAVINSON Y MORANCHEL | D133: ='RESUMEN TOTAL'!E138 -> FIJA | E133: ='RESUMEN TOTAL'!F138 -> Radio | F133: ='RESUMEN TOTAL'!L138 -> 0 | G133: ='RESUMEN TOTAL'!N138 -> 0 | H133: ='RESUMEN TOTAL'!P138 -> 0 | I133: ='RESUMEN TOTAL'!R138 -> 0 | J133: ='RESUMEN TOTAL'!T138 -> 0 | K133: ='RESUMEN TOTAL'!V138 -> 0 | L133: ='RESUMEN TOTAL'!X138 -> 0 | M133: ='RESUMEN TOTAL'!Z138 -> 0 | N133: ='RESUMEN TOTAL'!AB138 -> 0 | O133: ='RESUMEN TOTAL'!AD138 -> 0 | P133: ='RESUMEN TOTAL'!AF138 -> 0 | Q133: ='RESUMEN TOTAL'!AH138 -> 0 | R133: ='RESUMEN TOTAL'!AJ138 -> 0 | S133: ='RESUMEN TOTAL'!AL138 -> 0 | T133: ='RESUMEN TOTAL'!AN138 -> 0 | U133: ='RESUMEN TOTAL'!AP138 -> 0 | V133: ='RESUMEN TOTAL'!AR138 -> 0 | W133: ='RESUMEN TOTAL'!AT138 -> 0 | X133: ='RESUMEN TOTAL'!AV138 -> 0 | Y133: ='RESUMEN TOTAL'!AX138 -> 0 | Z133: ='RESUMEN TOTAL'!AZ138 -> 0 | AA133: ='RESUMEN TOTAL'!BB138 -> 0 | AB133: ='RESUMEN TOTAL'!BD138 -> 0 | AC133: ='RESUMEN TOTAL'!BF138 -> 0 | AD133: ='RESUMEN TOTAL'!BH138 -> 0 | AE133: ='RESUMEN TOTAL'!BJ138 -> 0 | AF133: ='RESUMEN TOTAL'!BL138 -> 0 | AG133: ='RESUMEN TOTAL'!BN138 -> 0 | AH133: ='RESUMEN TOTAL'!BP138 -> 0 | AI133: ='RESUMEN TOTAL'!BR138 -> 0
... A171: ='RESUMEN TOTAL'!A176 -> LA PILETA | B171: ='RESUMEN TOTAL'!B176 -> LPI04 (fija 1) | C171: ='RESUMEN TOTAL'!D176 -> MAIPU Y POSADAS | D171: ='RESUMEN TOTAL'!E176 -> FIJA | E171: ='RESUMEN TOTAL'!F176 -> Fibra Optica | F171: ='RESUMEN TOTAL'!L176 -> 0 | G171: ='RESUMEN TOTAL'!N176 -> 0 | H171: ='RESUMEN TOTAL'!P176 -> 0 | I171: ='RESUMEN TOTAL'!R176 -> 0 | J171: ='RESUMEN TOTAL'!T176 -> 0 | K171: ='RESUMEN TOTAL'!V176 -> 0 | L171: ='RESUMEN TOTAL'!X176 -> 0 | M171: ='RESUMEN TOTAL'!Z176 -> 0 | N171: ='RESUMEN TOTAL'!AB176 -> 0 | O171: ='RESUMEN TOTAL'!AD176 -> 0 | P171: ='RESUMEN TOTAL'!AF176 -> 0 | Q171: ='RESUMEN TOTAL'!AH176 -> 0 | R171: ='RESUMEN TOTAL'!AJ176 -> 0 | S171: ='RESUMEN TOTAL'!AL176 -> 0 | T171: ='RESUMEN TOTAL'!AN176 -> 0 | U171: ='RESUMEN TOTAL'!AP176 -> 0 | V171: ='RESUMEN TOTAL'!AR176 -> 0 | W171: ='RESUMEN TOTAL'!AT176 -> 0 | X171: ='RESUMEN TOTAL'!AV176 -> 0 | Y171: ='RESUMEN TOTAL'!AX176 -> 0 | Z171: ='RESUMEN TOTAL'!AZ176 -> 0 | AA171: ='RESUMEN TOTAL'!BB176 -> 0 | AB171: ='RESUMEN TOTAL'!BD176 -> 0 | AC171: ='RESUMEN TOTAL'!BF176 -> 0 | AD171: ='RESUMEN TOTAL'!BH176 -> 0 | AE171: ='RESUMEN TOTAL'!BJ176 -> 0 | AF171: ='RESUMEN TOTAL'!BL176 -> 0 | AG171: ='RESUMEN TOTAL'!BN176 -> 0 | AH171: ='RESUMEN TOTAL'!BP176 -> 0 | AI171: ='RESUMEN TOTAL'!BR176 -> 0
A172: ='RESUMEN TOTAL'!A178 -> LOS PILARES | B172: ='RESUMEN TOTAL'!B178 -> LPR 01 | C172: ='RESUMEN TOTAL'!D178 -> EVA PERON E/ CACHEUTA Y 1406 | D172: ='RESUMEN TOTAL'!E178 -> DOMO | E172: ='RESUMEN TOTAL'!F178 -> Fibra Optica | F172: ='RESUMEN TOTAL'!L178 -> APAGADO | G172: ='RESUMEN TOTAL'!N178 -> APAGADO | H172: ='RESUMEN TOTAL'!P178 -> APAGADO | I172: ='RESUMEN TOTAL'!R178 -> APAGADO | J172: ='RESUMEN TOTAL'!T178 -> 0 | K172: ='RESUMEN TOTAL'!V178 -> 0 | L172: ='RESUMEN TOTAL'!X178 -> 0 | M172: ='RESUMEN TOTAL'!Z178 -> 0 | N172: ='RESUMEN TOTAL'!AB178 -> 0 | O172: ='RESUMEN TOTAL'!AD178 -> 0 | P172: ='RESUMEN TOTAL'!AF178 -> 0 | Q172: ='RESUMEN TOTAL'!AH178 -> 0 | R172: ='RESUMEN TOTAL'!AJ178 -> 0 | S172: ='RESUMEN TOTAL'!AL178 -> 0 | T172: ='RESUMEN TOTAL'!AN178 -> 0 | U172: ='RESUMEN TOTAL'!AP178 -> 0 | V172: ='RESUMEN TOTAL'!AR178 -> 0 | W172: ='RESUMEN TOTAL'!AT178 -> 0 | X172: ='RESUMEN TOTAL'!AV178 -> 0 | Y172: ='RESUMEN TOTAL'!AX178 -> 0 | Z172: ='RESUMEN TOTAL'!AZ178 -> 0 | AA172: ='RESUMEN TOTAL'!BB178 -> 0 | AB172: ='RESUMEN TOTAL'!BD178 -> 0 | AC172: ='RESUMEN TOTAL'!BF178 -> 0 | AD172: ='RESUMEN TOTAL'!BH178 -> 0 | AE172: ='RESUMEN TOTAL'!BJ178 -> 0 | AF172: ='RESUMEN TOTAL'!BL178 -> 0 | AG172: ='RESUMEN TOTAL'!BN178 -> 0 | AH172: ='RESUMEN TOTAL'!BP178 -> 0 | AI172: ='RESUMEN TOTAL'!BR178 -> 0
A173: ='RESUMEN TOTAL'!A179 -> LOS PILARES | B173: ='RESUMEN TOTAL'!B179 -> LPR02 (fija 1) | C173: ='RESUMEN TOTAL'!D179 -> EVA PERON Y CACHEUTA | D173: ='RESUMEN TOTAL'!E179 -> Fija | E173: ='RESUMEN TOTAL'!F179 -> Fibra Optica | F173: ='RESUMEN TOTAL'!L179 -> APAGADO | G173: ='RESUMEN TOTAL'!N179 -> APAGADO | H173: ='RESUMEN TOTAL'!P179 -> APAGADO | I173: ='RESUMEN TOTAL'!R179 -> APAGADO | J173: ='RESUMEN TOTAL'!T179 -> 0 | K173: ='RESUMEN TOTAL'!V179 -> 0 | L173: ='RESUMEN TOTAL'!X179 -> 0 | M173: ='RESUMEN TOTAL'!Z179 -> 0 | N173: ='RESUMEN TOTAL'!AB179 -> 0 | O173: ='RESUMEN TOTAL'!AD179 -> 0 | P173: ='RESUMEN TOTAL'!AF179 -> 0 | Q173: ='RESUMEN TOTAL'!AH179 -> 0 | R173: ='RESUMEN TOTAL'!AJ179 -> 0 | S173: ='RESUMEN TOTAL'!AL179 -> 0 | T173: ='RESUMEN TOTAL'!AN179 -> 0 | U173: ='RESUMEN TOTAL'!AP179 -> 0 | V173: ='RESUMEN TOTAL'!AR179 -> 0 | W173: ='RESUMEN TOTAL'!AT179 -> 0 | X173: ='RESUMEN TOTAL'!AV179 -> 0 | Y173: ='RESUMEN TOTAL'!AX179 -> 0 | Z173: ='RESUMEN TOTAL'!AZ179 -> 0 | AA173: ='RESUMEN TOTAL'!BB179 -> 0 | AB173: ='RESUMEN TOTAL'!BD179 -> 0 | AC173: ='RESUMEN TOTAL'!BF179 -> 0 | AD173: ='RESUMEN TOTAL'!BH179 -> 0 | AE173: ='RESUMEN TOTAL'!BJ179 -> 0 | AF173: ='RESUMEN TOTAL'!BL179 -> 0 | AG173: ='RESUMEN TOTAL'!BN179 -> 0 | AH173: ='RESUMEN TOTAL'!BP179 -> 0 | AI173: ='RESUMEN TOTAL'!BR179 -> 0
A174: ='RESUMEN TOTAL'!A180 -> LOS PILARES | B174: ='RESUMEN TOTAL'!B180 -> LPR03 (fija 2) | C174: ='RESUMEN TOTAL'!D180 -> EVA PERON Y CACHEUTA | D174: ='RESUMEN TOTAL'!E180 -> Fija | E174: ='RESUMEN TOTAL'!F180 -> Fibra Optica | F174: ='RESUMEN TOTAL'!L180 -> APAGADO | G174: ='RESUMEN TOTAL'!N180 -> APAGADO | H174: ='RESUMEN TOTAL'!P180 -> APAGADO | I174: ='RESUMEN TOTAL'!R180 -> APAGADO | J174: ='RESUMEN TOTAL'!T180 -> 0 | K174: ='RESUMEN TOTAL'!V180 -> 0 | L174: ='RESUMEN TOTAL'!X180 -> 0 | M174: ='RESUMEN TOTAL'!Z180 -> 0 | N174: ='RESUMEN TOTAL'!AB180 -> 0 | O174: ='RESUMEN TOTAL'!AD180 -> 0 | P174: ='RESUMEN TOTAL'!AF180 -> 0 | Q174: ='RESUMEN TOTAL'!AH180 -> 0 | R174: ='RESUMEN TOTAL'!AJ180 -> 0 | S174: ='RESUMEN TOTAL'!AL180 -> 0 | T174: ='RESUMEN TOTAL'!AN180 -> 0 | U174: ='RESUMEN TOTAL'!AP180 -> 0 | V174: ='RESUMEN TOTAL'!AR180 -> 0 | W174: ='RESUMEN TOTAL'!AT180 -> 0 | X174: ='RESUMEN TOTAL'!AV180 -> 0 | Y174: ='RESUMEN TOTAL'!AX180 -> 0 | Z174: ='RESUMEN TOTAL'!AZ180 -> 0 | AA174: ='RESUMEN TOTAL'!BB180 -> 0 | AB174: ='RESUMEN TOTAL'!BD180 -> 0 | AC174: ='RESUMEN TOTAL'!BF180 -> 0 | AD174: ='RESUMEN TOTAL'!BH180 -> 0 | AE174: ='RESUMEN TOTAL'!BJ180 -> 0 | AF174: ='RESUMEN TOTAL'!BL180 -> 0 | AG174: ='RESUMEN TOTAL'!BN180 -> 0 | AH174: ='RESUMEN TOTAL'!BP180 -> 0 | AI174: ='RESUMEN TOTAL'!BR180 -> 0
A175: ='RESUMEN TOTAL'!A181 -> LOPEZ ROMERO | B175: ='RESUMEN TOTAL'!B181 -> LRO 05 | C175: ='RESUMEN TOTAL'!D181 -> Calchaqui y Las Americas | D175: ='RESUMEN TOTAL'!E181 -> Fija | E175: ='RESUMEN TOTAL'!F181 -> Fibra Optica | F175: ='RESUMEN TOTAL'!L181 -> 0 | G175: ='RESUMEN TOTAL'!N181 -> 0 | H175: ='RESUMEN TOTAL'!P181 -> 0 | I175: ='RESUMEN TOTAL'!R181 -> 0 | J175: ='RESUMEN TOTAL'!T181 -> 0 | K175: ='RESUMEN TOTAL'!V181 -> 0 | L175: ='RESUMEN TOTAL'!X181 -> 0 | M175: ='RESUMEN TOTAL'!Z181 -> 0 | N175: ='RESUMEN TOTAL'!AB181 -> 0 | O175: ='RESUMEN TOTAL'!AD181 -> 0 | P175: ='RESUMEN TOTAL'!AF181 -> 0 | Q175: ='RESUMEN TOTAL'!AH181 -> 0 | R175: ='RESUMEN TOTAL'!AJ181 -> 0 | S175: ='RESUMEN TOTAL'!AL181 -> 0 | T175: ='RESUMEN TOTAL'!AN181 -> 0 | U175: ='RESUMEN TOTAL'!AP181 -> 0 | V175: ='RESUMEN TOTAL'!AR181 -> 0 | W175: ='RESUMEN TOTAL'!AT181 -> 0 | X175: ='RESUMEN TOTAL'!AV181 -> 0 | Y175: ='RESUMEN TOTAL'!AX181 -> 0 | Z175: ='RESUMEN TOTAL'!AZ181 -> 0 | AA175: ='RESUMEN TOTAL'!BB181 -> 0 | AB175: ='RESUMEN TOTAL'!BD181 -> 0 | AC175: ='RESUMEN TOTAL'!BF181 -> 0 | AD175: ='RESUMEN TOTAL'!BH181 -> 0 | AE175: ='RESUMEN TOTAL'!BJ181 -> 0 | AF175: ='RESUMEN TOTAL'!BL181 -> 0 | AG175: ='RESUMEN TOTAL'!BN181 -> 0 | AH175: ='RESUMEN TOTAL'!BP181 -> 0 | AI175: ='RESUMEN TOTAL'!BR181 -> 0
A176: ='RESUMEN TOTAL'!A182 -> LOPEZ ROMERO | B176: ='RESUMEN TOTAL'!B182 -> LRO 09 | C176: ='RESUMEN TOTAL'!D182 -> Las Americas y Braile | D176: ='RESUMEN TOTAL'!E182 -> Domo | E176: ='RESUMEN TOTAL'!F182 -> Fibra Optica | F176: ='RESUMEN TOTAL'!L182 -> 0 | G176: ='RESUMEN TOTAL'!N182 -> 0 | H176: ='RESUMEN TOTAL'!P182 -> 0 | I176: ='RESUMEN TOTAL'!R182 -> 0 | J176: ='RESUMEN TOTAL'!T182 -> 0 | K176: ='RESUMEN TOTAL'!V182 -> 0 | L176: ='RESUMEN TOTAL'!X182 -> 0 | M176: ='RESUMEN TOTAL'!Z182 -> 0 | N176: ='RESUMEN TOTAL'!AB182 -> 0 | O176: ='RESUMEN TOTAL'!AD182 -> 0 | P176: ='RESUMEN TOTAL'!AF182 -> 0 | Q176: ='RESUMEN TOTAL'!AH182 -> 0 | R176: ='RESUMEN TOTAL'!AJ182 -> 0 | S176: ='RESUMEN TOTAL'!AL182 -> 0 | T176: ='RESUMEN TOTAL'!AN182 -> 0 | U176: ='RESUMEN TOTAL'!AP182 -> 0 | V176: ='RESUMEN TOTAL'!AR182 -> 0 | W176: ='RESUMEN TOTAL'!AT182 -> 0 | X176: ='RESUMEN TOTAL'!AV182 -> 0 | Y176: ='RESUMEN TOTAL'!AX182 -> 0 | Z176: ='RESUMEN TOTAL'!AZ182 -> 0 | AA176: ='RESUMEN TOTAL'!BB182 -> 0 | AB176: ='RESUMEN TOTAL'!BD182 -> 0 | AC176: ='RESUMEN TOTAL'!BF182 -> 0 | AD176: ='RESUMEN TOTAL'!BH182 -> 0 | AE176: ='RESUMEN TOTAL'!BJ182 -> 0 | AF176: ='RESUMEN TOTAL'!BL182 -> 0 | AG176: ='RESUMEN TOTAL'!BN182 -> 0 | AH176: ='RESUMEN TOTAL'!BP182 -> 0 | AI176: ='RESUMEN TOTAL'!BR182 -> 0
A177: ='RESUMEN TOTAL'!A183 -> LOPEZ ROMERO | B177: ='RESUMEN TOTAL'!B183 -> LRO 10 | C177: ='RESUMEN TOTAL'!D183 -> Con. Gral. Belgrano y Balcarce | D177: ='RESUMEN TOTAL'!E183 -> Domo | E177: ='RESUMEN TOTAL'!F183 -> Fibra Optica | F177: ='RESUMEN TOTAL'!L183 -> 0 | G177: ='RESUMEN TOTAL'!N183 -> 0 | H177: ='RESUMEN TOTAL'!P183 -> 0 | I177: ='RESUMEN TOTAL'!R183 -> 0 | J177: ='RESUMEN TOTAL'!T183 -> 0 | K177: ='RESUMEN TOTAL'!V183 -> 0 | L177: ='RESUMEN TOTAL'!X183 -> 0 | M177: ='RESUMEN TOTAL'!Z183 -> 0 | N177: ='RESUMEN TOTAL'!AB183 -> 0 | O177: ='RESUMEN TOTAL'!AD183 -> 0 | P177: ='RESUMEN TOTAL'!AF183 -> 0 | Q177: ='RESUMEN TOTAL'!AH183 -> 0 | R177: ='RESUMEN TOTAL'!AJ183 -> 0 | S177: ='RESUMEN TOTAL'!AL183 -> 0 | T177: ='RESUMEN TOTAL'!AN183 -> 0 | U177: ='RESUMEN TOTAL'!AP183 -> 0 | V177: ='RESUMEN TOTAL'!AR183 -> 0 | W177: ='RESUMEN TOTAL'!AT183 -> 0 | X177: ='RESUMEN TOTAL'!AV183 -> 0 | Y177: ='RESUMEN TOTAL'!AX183 -> 0 | Z177: ='RESUMEN TOTAL'!AZ183 -> 0 | AA177: ='RESUMEN TOTAL'!BB183 -> 0 | AB177: ='RESUMEN TOTAL'!BD183 -> 0 | AC177: ='RESUMEN TOTAL'!BF183 -> 0 | AD177: ='RESUMEN TOTAL'!BH183 -> 0 | AE177: ='RESUMEN TOTAL'!BJ183 -> 0 | AF177: ='RESUMEN TOTAL'!BL183 -> 0 | AG177: ='RESUMEN TOTAL'!BN183 -> 0 | AH177: ='RESUMEN TOTAL'!BP183 -> 0 | AI177: ='RESUMEN TOTAL'!BR183 -> 0
A178: ='RESUMEN TOTAL'!A184 -> LOPEZ ROMERO | B178: ='RESUMEN TOTAL'!B184 -> LRO 12 (fija 1) | C178: ='RESUMEN TOTAL'!D184 -> LAS AMERICAS E/ BRAILLE Y ALVARADO | D178: ='RESUMEN TOTAL'!E184 -> Fija | E178: ='RESUMEN TOTAL'!F184 -> Fibra Optica | F178: ='RESUMEN TOTAL'!L184 -> 0 | G178: ='RESUMEN TOTAL'!N184 -> 0 | H178: ='RESUMEN TOTAL'!P184 -> 0 | I178: ='RESUMEN TOTAL'!R184 -> 0 | J178: ='RESUMEN TOTAL'!T184 -> 0 | K178: ='RESUMEN TOTAL'!V184 -> 0 | L178: ='RESUMEN TOTAL'!X184 -> 0 | M178: ='RESUMEN TOTAL'!Z184 -> 0 | N178: ='RESUMEN TOTAL'!AB184 -> 0 | O178: ='RESUMEN TOTAL'!AD184 -> 0 | P178: ='RESUMEN TOTAL'!AF184 -> 0 | Q178: ='RESUMEN TOTAL'!AH184 -> 0 | R178: ='RESUMEN TOTAL'!AJ184 -> 0 | S178: ='RESUMEN TOTAL'!AL184 -> 0 | T178: ='RESUMEN TOTAL'!AN184 -> 0 | U178: ='RESUMEN TOTAL'!AP184 -> 0 | V178: ='RESUMEN TOTAL'!AR184 -> 0 | W178: ='RESUMEN TOTAL'!AT184 -> 0 | X178: ='RESUMEN TOTAL'!AV184 -> 0 | Y178: ='RESUMEN TOTAL'!AX184 -> 0 | Z178: ='RESUMEN TOTAL'!AZ184 -> 0 | AA178: ='RESUMEN TOTAL'!BB184 -> 0 | AB178: ='RESUMEN TOTAL'!BD184 -> 0 | AC178: ='RESUMEN TOTAL'!BF184 -> 0 | AD178: ='RESUMEN TOTAL'!BH184 -> 0 | AE178: ='RESUMEN TOTAL'!BJ184 -> 0 | AF178: ='RESUMEN TOTAL'!BL184 -> 0 | AG178: ='RESUMEN TOTAL'!BN184 -> 0 | AH178: ='RESUMEN TOTAL'!BP184 -> 0 | AI178: ='RESUMEN TOTAL'!BR184 -> 0
A179: ='RESUMEN TOTAL'!A185 -> LOPEZ ROMERO | B179: ='RESUMEN TOTAL'!B185 -> LRO 13 (fija 2) | C179: ='RESUMEN TOTAL'!D185 -> LAS AMERICAS E/ BRAILLE Y ALVARADO | D179: ='RESUMEN TOTAL'!E185 -> Fija | E179: ='RESUMEN TOTAL'!F185 -> Fibra Optica | F179: ='RESUMEN TOTAL'!L185 -> 0 | G179: ='RESUMEN TOTAL'!N185 -> 0 | H179: ='RESUMEN TOTAL'!P185 -> 0 | I179: ='RESUMEN TOTAL'!R185 -> 0 | J179: ='RESUMEN TOTAL'!T185 -> 0 | K179: ='RESUMEN TOTAL'!V185 -> 0 | L179: ='RESUMEN TOTAL'!X185 -> 0 | M179: ='RESUMEN TOTAL'!Z185 -> 0 | N179: ='RESUMEN TOTAL'!AB185 -> 0 | O179: ='RESUMEN TOTAL'!AD185 -> 0 | P179: ='RESUMEN TOTAL'!AF185 -> 0 | Q179: ='RESUMEN TOTAL'!AH185 -> 0 | R179: ='RESUMEN TOTAL'!AJ185 -> 0 | S179: ='RESUMEN TOTAL'!AL185 -> 0 | T179: ='RESUMEN TOTAL'!AN185 -> 0 | U179: ='RESUMEN TOTAL'!AP185 -> 0 | V179: ='RESUMEN TOTAL'!AR185 -> 0 | W179: ='RESUMEN TOTAL'!AT185 -> 0 | X179: ='RESUMEN TOTAL'!AV185 -> 0 | Y179: ='RESUMEN TOTAL'!AX185 -> 0 | Z179: ='RESUMEN TOTAL'!AZ185 -> 0 | AA179: ='RESUMEN TOTAL'!BB185 -> 0 | AB179: ='RESUMEN TOTAL'!BD185 -> 0 | AC179: ='RESUMEN TOTAL'!BF185 -> 0 | AD179: ='RESUMEN TOTAL'!BH185 -> 0 | AE179: ='RESUMEN TOTAL'!BJ185 -> 0 | AF179: ='RESUMEN TOTAL'!BL185 -> 0 | AG179: ='RESUMEN TOTAL'!BN185 -> 0 | AH179: ='RESUMEN TOTAL'!BP185 -> 0 | AI179: ='RESUMEN TOTAL'!BR185 -> 0
A180: ='RESUMEN TOTAL'!A186 -> LOPEZ ROMERO | B180: ='RESUMEN TOTAL'!B186 -> LRO01 | C180: ='RESUMEN TOTAL'!D186 -> H. IRIGOYEN Y BRAILE | D180: ='RESUMEN TOTAL'!E186 -> FIJA | E180: ='RESUMEN TOTAL'!F186 -> Fibra Optica | F180: ='RESUMEN TOTAL'!L186 -> 0 | G180: ='RESUMEN TOTAL'!N186 -> 0 | H180: ='RESUMEN TOTAL'!P186 -> 0 | I180: ='RESUMEN TOTAL'!R186 -> 0 | J180: ='RESUMEN TOTAL'!T186 -> 0 | K180: ='RESUMEN TOTAL'!V186 -> 0 | L180: ='RESUMEN TOTAL'!X186 -> 0 | M180: ='RESUMEN TOTAL'!Z186 -> 0 | N180: ='RESUMEN TOTAL'!AB186 -> 0 | O180: ='RESUMEN TOTAL'!AD186 -> 0 | P180: ='RESUMEN TOTAL'!AF186 -> 0 | Q180: ='RESUMEN TOTAL'!AH186 -> 0 | R180: ='RESUMEN TOTAL'!AJ186 -> 0 | S180: ='RESUMEN TOTAL'!AL186 -> 0 | T180: ='RESUMEN TOTAL'!AN186 -> 0 | U180: ='RESUMEN TOTAL'!AP186 -> 0 | V180: ='RESUMEN TOTAL'!AR186 -> 0 | W180: ='RESUMEN TOTAL'!AT186 -> 0 | X180: ='RESUMEN TOTAL'!AV186 -> 0 | Y180: ='RESUMEN TOTAL'!AX186 -> 0 | Z180: ='RESUMEN TOTAL'!AZ186 -> 0 | AA180: ='RESUMEN TOTAL'!BB186 -> 0 | AB180: ='RESUMEN TOTAL'!BD186 -> 0 | AC180: ='RESUMEN TOTAL'!BF186 -> 0 | AD180: ='RESUMEN TOTAL'!BH186 -> 0 | AE180: ='RESUMEN TOTAL'!BJ186 -> 0 | AF180: ='RESUMEN TOTAL'!BL186 -> 0 | AG180: ='RESUMEN TOTAL'!BN186 -> 0 | AH180: ='RESUMEN TOTAL'!BP186 -> 0 | AI180: ='RESUMEN TOTAL'!BR186 -> 0
A181: ='RESUMEN TOTAL'!A187 -> PRESIDENTE SARMIENTO | B181: ='RESUMEN TOTAL'!B187 -> LRO02 | C181: ='RESUMEN TOTAL'!D187 -> H. Irigoyen e Islas Orcadas | D181: ='RESUMEN TOTAL'!E187 -> Domo | E181: ='RESUMEN TOTAL'!F187 -> Fibra Optica | F181: ='RESUMEN TOTAL'!L187 -> 0 | G181: ='RESUMEN TOTAL'!N187 -> 0 | H181: ='RESUMEN TOTAL'!P187 -> 0 | I181: ='RESUMEN TOTAL'!R187 -> 0 | J181: ='RESUMEN TOTAL'!T187 -> 0 | K181: ='RESUMEN TOTAL'!V187 -> 0 | L181: ='RESUMEN TOTAL'!X187 -> 0 | M181: ='RESUMEN TOTAL'!Z187 -> 0 | N181: ='RESUMEN TOTAL'!AB187 -> 0 | O181: ='RESUMEN TOTAL'!AD187 -> 0 | P181: ='RESUMEN TOTAL'!AF187 -> 0 | Q181: ='RESUMEN TOTAL'!AH187 -> 0 | R181: ='RESUMEN TOTAL'!AJ187 -> 0 | S181: ='RESUMEN TOTAL'!AL187 -> 0 | T181: ='RESUMEN TOTAL'!AN187 -> 0 | U181: ='RESUMEN TOTAL'!AP187 -> 0 | V181: ='RESUMEN TOTAL'!AR187 -> 0 | W181: ='RESUMEN TOTAL'!AT187 -> 0 | X181: ='RESUMEN TOTAL'!AV187 -> 0 | Y181: ='RESUMEN TOTAL'!AX187 -> 0 | Z181: ='RESUMEN TOTAL'!AZ187 -> 0 | AA181: ='RESUMEN TOTAL'!BB187 -> 0 | AB181: ='RESUMEN TOTAL'!BD187 -> 0 | AC181: ='RESUMEN TOTAL'!BF187 -> 0 | AD181: ='RESUMEN TOTAL'!BH187 -> 0 | AE181: ='RESUMEN TOTAL'!BJ187 -> 0 | AF181: ='RESUMEN TOTAL'!BL187 -> 0 | AG181: ='RESUMEN TOTAL'!BN187 -> 0 | AH181: ='RESUMEN TOTAL'!BP187 -> 0 | AI181: ='RESUMEN TOTAL'!BR187 -> 0
A182: ='RESUMEN TOTAL'!A188 -> LOPEZ ROMERO | B182: ='RESUMEN TOTAL'!B188 -> LRO03 | C182: ='RESUMEN TOTAL'!D188 -> H. Irigoyen y Parravicini | D182: ='RESUMEN TOTAL'!E188 -> Fija | E182: ='RESUMEN TOTAL'!F188 -> Fibra Optica | F182: ='RESUMEN TOTAL'!L188 -> 0 | G182: ='RESUMEN TOTAL'!N188 -> 0 | H182: ='RESUMEN TOTAL'!P188 -> 0 | I182: ='RESUMEN TOTAL'!R188 -> 0 | J182: ='RESUMEN TOTAL'!T188 -> 0 | K182: ='RESUMEN TOTAL'!V188 -> 0 | L182: ='RESUMEN TOTAL'!X188 -> 0 | M182: ='RESUMEN TOTAL'!Z188 -> 0 | N182: ='RESUMEN TOTAL'!AB188 -> 0 | O182: ='RESUMEN TOTAL'!AD188 -> 0 | P182: ='RESUMEN TOTAL'!AF188 -> 0 | Q182: ='RESUMEN TOTAL'!AH188 -> 0 | R182: ='RESUMEN TOTAL'!AJ188 -> 0 | S182: ='RESUMEN TOTAL'!AL188 -> 0 | T182: ='RESUMEN TOTAL'!AN188 -> 0 | U182: ='RESUMEN TOTAL'!AP188 -> 0 | V182: ='RESUMEN TOTAL'!AR188 -> 0 | W182: ='RESUMEN TOTAL'!AT188 -> 0 | X182: ='RESUMEN TOTAL'!AV188 -> 0 | Y182: ='RESUMEN TOTAL'!AX188 -> 0 | Z182: ='RESUMEN TOTAL'!AZ188 -> 0 | AA182: ='RESUMEN TOTAL'!BB188 -> 0 | AB182: ='RESUMEN TOTAL'!BD188 -> 0 | AC182: ='RESUMEN TOTAL'!BF188 -> 0 | AD182: ='RESUMEN TOTAL'!BH188 -> 0 | AE182: ='RESUMEN TOTAL'!BJ188 -> 0 | AF182: ='RESUMEN TOTAL'!BL188 -> 0 | AG182: ='RESUMEN TOTAL'!BN188 -> 0 | AH182: ='RESUMEN TOTAL'!BP188 -> 0 | AI182: ='RESUMEN TOTAL'!BR188 -> 0
A183: ='RESUMEN TOTAL'!A189 -> LOPEZ ROMERO | B183: ='RESUMEN TOTAL'!B189 -> LRO04 | C183: ='RESUMEN TOTAL'!D189 -> H. Irigoyen y Alvarado | D183: ='RESUMEN TOTAL'!E189 -> FIJA | E183: ='RESUMEN TOTAL'!F189 -> Fibra Optica | F183: ='RESUMEN TOTAL'!L189 -> 0 | G183: ='RESUMEN TOTAL'!N189 -> 0 | H183: ='RESUMEN TOTAL'!P189 -> 0 | I183: ='RESUMEN TOTAL'!R189 -> APAGADO | J183: ='RESUMEN TOTAL'!T189 -> 0 | K183: ='RESUMEN TOTAL'!V189 -> 0 | L183: ='RESUMEN TOTAL'!X189 -> 0 | M183: ='RESUMEN TOTAL'!Z189 -> 0 | N183: ='RESUMEN TOTAL'!AB189 -> 0 | O183: ='RESUMEN TOTAL'!AD189 -> 0 | P183: ='RESUMEN TOTAL'!AF189 -> 0 | Q183: ='RESUMEN TOTAL'!AH189 -> 0 | R183: ='RESUMEN TOTAL'!AJ189 -> 0 | S183: ='RESUMEN TOTAL'!AL189 -> 0 | T183: ='RESUMEN TOTAL'!AN189 -> 0 | U183: ='RESUMEN TOTAL'!AP189 -> 0 | V183: ='RESUMEN TOTAL'!AR189 -> 0 | W183: ='RESUMEN TOTAL'!AT189 -> 0 | X183: ='RESUMEN TOTAL'!AV189 -> 0 | Y183: ='RESUMEN TOTAL'!AX189 -> 0 | Z183: ='RESUMEN TOTAL'!AZ189 -> 0 | AA183: ='RESUMEN TOTAL'!BB189 -> 0 | AB183: ='RESUMEN TOTAL'!BD189 -> 0 | AC183: ='RESUMEN TOTAL'!BF189 -> 0 | AD183: ='RESUMEN TOTAL'!BH189 -> 0 | AE183: ='RESUMEN TOTAL'!BJ189 -> 0 | AF183: ='RESUMEN TOTAL'!BL189 -> 0 | AG183: ='RESUMEN TOTAL'!BN189 -> 0 | AH183: ='RESUMEN TOTAL'!BP189 -> 0 | AI183: ='RESUMEN TOTAL'!BR189 -> 0
... A200: ='RESUMEN TOTAL'!A206 -> 0 | B200: ='RESUMEN TOTAL'!B206 -> MCUD 01 | C200: ='RESUMEN TOTAL'!D206 -> TINOGASTA Y SAN LORENZO | D200: ='RESUMEN TOTAL'!E206 -> Domo | E200: ='RESUMEN TOTAL'!F206 -> Fibra Optica | F200: ='RESUMEN TOTAL'!L206 -> 0 | G200: ='RESUMEN TOTAL'!N206 -> 0 | H200: ='RESUMEN TOTAL'!P206 -> 0 | I200: ='RESUMEN TOTAL'!R206 -> 0 | J200: ='RESUMEN TOTAL'!T206 -> 0 | K200: ='RESUMEN TOTAL'!V206 -> 0 | L200: ='RESUMEN TOTAL'!X206 -> 0 | M200: ='RESUMEN TOTAL'!Z206 -> 0 | N200: ='RESUMEN TOTAL'!AB206 -> 0 | O200: ='RESUMEN TOTAL'!AD206 -> 0 | P200: ='RESUMEN TOTAL'!AF206 -> 0 | Q200: ='RESUMEN TOTAL'!AH206 -> 0 | R200: ='RESUMEN TOTAL'!AJ206 -> 0 | S200: ='RESUMEN TOTAL'!AL206 -> 0 | T200: ='RESUMEN TOTAL'!AN206 -> 0 | U200: ='RESUMEN TOTAL'!AP206 -> 0 | V200: ='RESUMEN TOTAL'!AR206 -> 0 | W200: ='RESUMEN TOTAL'!AT206 -> 0 | X200: ='RESUMEN TOTAL'!AV206 -> 0 | Y200: ='RESUMEN TOTAL'!AX206 -> 0 | Z200: ='RESUMEN TOTAL'!AZ206 -> 0 | AA200: ='RESUMEN TOTAL'!BB206 -> 0 | AB200: ='RESUMEN TOTAL'!BD206 -> 0 | AC200: ='RESUMEN TOTAL'!BF206 -> 0 | AD200: ='RESUMEN TOTAL'!BH206 -> 0 | AE200: ='RESUMEN TOTAL'!BJ206 -> 0 | AF200: ='RESUMEN TOTAL'!BL206 -> 0 | AG200: ='RESUMEN TOTAL'!BN206 -> 0 | AH200: ='RESUMEN TOTAL'!BP206 -> 0 | AI200: ='RESUMEN TOTAL'!BR206 -> 0
A201: ='RESUMEN TOTAL'!A208 -> MARTIN FIERRO | B201: ='RESUMEN TOTAL'!B208 -> MFI 01 | C201: ='RESUMEN TOTAL'!D208 -> Belgrano y Sgto. Cabral | D201: ='RESUMEN TOTAL'!E208 -> Fija | E201: ='RESUMEN TOTAL'!F208 -> Fibra Optica | F201: ='RESUMEN TOTAL'!L208 -> 0 | G201: ='RESUMEN TOTAL'!N208 -> 0 | H201: ='RESUMEN TOTAL'!P208 -> 0 | I201: ='RESUMEN TOTAL'!R208 -> 0 | J201: ='RESUMEN TOTAL'!T208 -> 0 | K201: ='RESUMEN TOTAL'!V208 -> 0 | L201: ='RESUMEN TOTAL'!X208 -> 0 | M201: ='RESUMEN TOTAL'!Z208 -> 0 | N201: ='RESUMEN TOTAL'!AB208 -> 0 | O201: ='RESUMEN TOTAL'!AD208 -> 0 | P201: ='RESUMEN TOTAL'!AF208 -> 0 | Q201: ='RESUMEN TOTAL'!AH208 -> 0 | R201: ='RESUMEN TOTAL'!AJ208 -> 0 | S201: ='RESUMEN TOTAL'!AL208 -> 0 | T201: ='RESUMEN TOTAL'!AN208 -> 0 | U201: ='RESUMEN TOTAL'!AP208 -> 0 | V201: ='RESUMEN TOTAL'!AR208 -> 0 | W201: ='RESUMEN TOTAL'!AT208 -> 0 | X201: ='RESUMEN TOTAL'!AV208 -> 0 | Y201: ='RESUMEN TOTAL'!AX208 -> 0 | Z201: ='RESUMEN TOTAL'!AZ208 -> 0 | AA201: ='RESUMEN TOTAL'!BB208 -> 0 | AB201: ='RESUMEN TOTAL'!BD208 -> 0 | AC201: ='RESUMEN TOTAL'!BF208 -> 0 | AD201: ='RESUMEN TOTAL'!BH208 -> 0 | AE201: ='RESUMEN TOTAL'!BJ208 -> 0 | AF201: ='RESUMEN TOTAL'!BL208 -> 0 | AG201: ='RESUMEN TOTAL'!BN208 -> 0 | AH201: ='RESUMEN TOTAL'!BP208 -> 0 | AI201: ='RESUMEN TOTAL'!BR208 -> 0
A202: ='RESUMEN TOTAL'!A209 -> LOPEZ ROMERO | B202: ='RESUMEN TOTAL'!B209 -> MFI02 | C202: ='RESUMEN TOTAL'!D209 -> Calchaqui y Balcarce | D202: ='RESUMEN TOTAL'!E209 -> Fija | E202: ='RESUMEN TOTAL'!F209 -> Fibra Optica | F202: ='RESUMEN TOTAL'!L209 -> 0 | G202: ='RESUMEN TOTAL'!N209 -> 0 | H202: ='RESUMEN TOTAL'!P209 -> 0 | I202: ='RESUMEN TOTAL'!R209 -> 0 | J202: ='RESUMEN TOTAL'!T209 -> 0 | K202: ='RESUMEN TOTAL'!V209 -> 0 | L202: ='RESUMEN TOTAL'!X209 -> 0 | M202: ='RESUMEN TOTAL'!Z209 -> 0 | N202: ='RESUMEN TOTAL'!AB209 -> 0 | O202: ='RESUMEN TOTAL'!AD209 -> 0 | P202: ='RESUMEN TOTAL'!AF209 -> 0 | Q202: ='RESUMEN TOTAL'!AH209 -> 0 | R202: ='RESUMEN TOTAL'!AJ209 -> 0 | S202: ='RESUMEN TOTAL'!AL209 -> 0 | T202: ='RESUMEN TOTAL'!AN209 -> 0 | U202: ='RESUMEN TOTAL'!AP209 -> 0 | V202: ='RESUMEN TOTAL'!AR209 -> 0 | W202: ='RESUMEN TOTAL'!AT209 -> 0 | X202: ='RESUMEN TOTAL'!AV209 -> 0 | Y202: ='RESUMEN TOTAL'!AX209 -> 0 | Z202: ='RESUMEN TOTAL'!AZ209 -> 0 | AA202: ='RESUMEN TOTAL'!BB209 -> 0 | AB202: ='RESUMEN TOTAL'!BD209 -> 0 | AC202: ='RESUMEN TOTAL'!BF209 -> 0 | AD202: ='RESUMEN TOTAL'!BH209 -> 0 | AE202: ='RESUMEN TOTAL'!BJ209 -> 0 | AF202: ='RESUMEN TOTAL'!BL209 -> 0 | AG202: ='RESUMEN TOTAL'!BN209 -> 0 | AH202: ='RESUMEN TOTAL'!BP209 -> 0 | AI202: ='RESUMEN TOTAL'!BR209 -> 0
A203: ='RESUMEN TOTAL'!A210 -> SAN EMILIO | B203: ='RESUMEN TOTAL'!B210 -> MFI 03 | C203: ='RESUMEN TOTAL'!D210 -> Cno. Gral. Belgrano y Av. del Trabajo | D203: ='RESUMEN TOTAL'!E210 -> Domo | E203: ='RESUMEN TOTAL'!F210 -> Fibra Optica | F203: ='RESUMEN TOTAL'!L210 -> 0 | G203: ='RESUMEN TOTAL'!N210 -> 0 | H203: ='RESUMEN TOTAL'!P210 -> 0 | I203: ='RESUMEN TOTAL'!R210 -> 0 | J203: ='RESUMEN TOTAL'!T210 -> 0 | K203: ='RESUMEN TOTAL'!V210 -> 0 | L203: ='RESUMEN TOTAL'!X210 -> 0 | M203: ='RESUMEN TOTAL'!Z210 -> 0 | N203: ='RESUMEN TOTAL'!AB210 -> 0 | O203: ='RESUMEN TOTAL'!AD210 -> 0 | P203: ='RESUMEN TOTAL'!AF210 -> 0 | Q203: ='RESUMEN TOTAL'!AH210 -> 0 | R203: ='RESUMEN TOTAL'!AJ210 -> 0 | S203: ='RESUMEN TOTAL'!AL210 -> 0 | T203: ='RESUMEN TOTAL'!AN210 -> 0 | U203: ='RESUMEN TOTAL'!AP210 -> 0 | V203: ='RESUMEN TOTAL'!AR210 -> 0 | W203: ='RESUMEN TOTAL'!AT210 -> 0 | X203: ='RESUMEN TOTAL'!AV210 -> 0 | Y203: ='RESUMEN TOTAL'!AX210 -> 0 | Z203: ='RESUMEN TOTAL'!AZ210 -> 0 | AA203: ='RESUMEN TOTAL'!BB210 -> 0 | AB203: ='RESUMEN TOTAL'!BD210 -> 0 | AC203: ='RESUMEN TOTAL'!BF210 -> 0 | AD203: ='RESUMEN TOTAL'!BH210 -> 0 | AE203: ='RESUMEN TOTAL'!BJ210 -> 0 | AF203: ='RESUMEN TOTAL'!BL210 -> 0 | AG203: ='RESUMEN TOTAL'!BN210 -> 0 | AH203: ='RESUMEN TOTAL'!BP210 -> 0 | AI203: ='RESUMEN TOTAL'!BR210 -> 0
A204: ='RESUMEN TOTAL'!A211 -> MARTIN FIERRO | B204: ='RESUMEN TOTAL'!B211 -> MFI04 | C204: ='RESUMEN TOTAL'!D211 -> Calchaqui y balcarce | D204: ='RESUMEN TOTAL'!E211 -> Domo | E204: ='RESUMEN TOTAL'!F211 -> Fibra Optica | F204: ='RESUMEN TOTAL'!L211 -> 0 | G204: ='RESUMEN TOTAL'!N211 -> 0 | H204: ='RESUMEN TOTAL'!P211 -> 0 | I204: ='RESUMEN TOTAL'!R211 -> 0 | J204: ='RESUMEN TOTAL'!T211 -> 0 | K204: ='RESUMEN TOTAL'!V211 -> 0 | L204: ='RESUMEN TOTAL'!X211 -> 0 | M204: ='RESUMEN TOTAL'!Z211 -> 0 | N204: ='RESUMEN TOTAL'!AB211 -> 0 | O204: ='RESUMEN TOTAL'!AD211 -> 0 | P204: ='RESUMEN TOTAL'!AF211 -> 0 | Q204: ='RESUMEN TOTAL'!AH211 -> 0 | R204: ='RESUMEN TOTAL'!AJ211 -> 0 | S204: ='RESUMEN TOTAL'!AL211 -> 0 | T204: ='RESUMEN TOTAL'!AN211 -> 0 | U204: ='RESUMEN TOTAL'!AP211 -> 0 | V204: ='RESUMEN TOTAL'!AR211 -> 0 | W204: ='RESUMEN TOTAL'!AT211 -> 0 | X204: ='RESUMEN TOTAL'!AV211 -> 0 | Y204: ='RESUMEN TOTAL'!AX211 -> 0 | Z204: ='RESUMEN TOTAL'!AZ211 -> 0 | AA204: ='RESUMEN TOTAL'!BB211 -> 0 | AB204: ='RESUMEN TOTAL'!BD211 -> 0 | AC204: ='RESUMEN TOTAL'!BF211 -> 0 | AD204: ='RESUMEN TOTAL'!BH211 -> 0 | AE204: ='RESUMEN TOTAL'!BJ211 -> 0 | AF204: ='RESUMEN TOTAL'!BL211 -> 0 | AG204: ='RESUMEN TOTAL'!BN211 -> 0 | AH204: ='RESUMEN TOTAL'!BP211 -> 0 | AI204: ='RESUMEN TOTAL'!BR211 -> 0
A205: ='RESUMEN TOTAL'!A212 -> SAN EMILIO | B205: ='RESUMEN TOTAL'!B212 -> MFI 05 | C205: ='RESUMEN TOTAL'!D212 -> Cno. Gral. Belgrano y Guayaquil | D205: ='RESUMEN TOTAL'!E212 -> Domo | E205: ='RESUMEN TOTAL'!F212 -> Fibra Optica | F205: ='RESUMEN TOTAL'!L212 -> 0 | G205: ='RESUMEN TOTAL'!N212 -> 0 | H205: ='RESUMEN TOTAL'!P212 -> 0 | I205: ='RESUMEN TOTAL'!R212 -> 0 | J205: ='RESUMEN TOTAL'!T212 -> 0 | K205: ='RESUMEN TOTAL'!V212 -> 0 | L205: ='RESUMEN TOTAL'!X212 -> 0 | M205: ='RESUMEN TOTAL'!Z212 -> 0 | N205: ='RESUMEN TOTAL'!AB212 -> 0 | O205: ='RESUMEN TOTAL'!AD212 -> 0 | P205: ='RESUMEN TOTAL'!AF212 -> 0 | Q205: ='RESUMEN TOTAL'!AH212 -> 0 | R205: ='RESUMEN TOTAL'!AJ212 -> 0 | S205: ='RESUMEN TOTAL'!AL212 -> 0 | T205: ='RESUMEN TOTAL'!AN212 -> 0 | U205: ='RESUMEN TOTAL'!AP212 -> 0 | V205: ='RESUMEN TOTAL'!AR212 -> 0 | W205: ='RESUMEN TOTAL'!AT212 -> 0 | X205: ='RESUMEN TOTAL'!AV212 -> 0 | Y205: ='RESUMEN TOTAL'!AX212 -> 0 | Z205: ='RESUMEN TOTAL'!AZ212 -> 0 | AA205: ='RESUMEN TOTAL'!BB212 -> 0 | AB205: ='RESUMEN TOTAL'!BD212 -> 0 | AC205: ='RESUMEN TOTAL'!BF212 -> 0 | AD205: ='RESUMEN TOTAL'!BH212 -> 0 | AE205: ='RESUMEN TOTAL'!BJ212 -> 0 | AF205: ='RESUMEN TOTAL'!BL212 -> 0 | AG205: ='RESUMEN TOTAL'!BN212 -> 0 | AH205: ='RESUMEN TOTAL'!BP212 -> 0 | AI205: ='RESUMEN TOTAL'!BR212 -> 0
A206: ='RESUMEN TOTAL'!A213 -> SAN EMILIO | B206: ='RESUMEN TOTAL'!B213 -> MFI06 | C206: ='RESUMEN TOTAL'!D213 -> Con. Gral. Belgrano y Bombero Galarza | D206: ='RESUMEN TOTAL'!E213 -> DOMO | E206: ='RESUMEN TOTAL'!F213 -> Radio | F206: ='RESUMEN TOTAL'!L213 -> APAGADO | G206: ='RESUMEN TOTAL'!N213 -> APAGADO | H206: ='RESUMEN TOTAL'!P213 -> APAGADO | I206: ='RESUMEN TOTAL'!R213 -> APAGADO | J206: ='RESUMEN TOTAL'!T213 -> 0 | K206: ='RESUMEN TOTAL'!V213 -> 0 | L206: ='RESUMEN TOTAL'!X213 -> 0 | M206: ='RESUMEN TOTAL'!Z213 -> 0 | N206: ='RESUMEN TOTAL'!AB213 -> 0 | O206: ='RESUMEN TOTAL'!AD213 -> 0 | P206: ='RESUMEN TOTAL'!AF213 -> 0 | Q206: ='RESUMEN TOTAL'!AH213 -> 0 | R206: ='RESUMEN TOTAL'!AJ213 -> 0 | S206: ='RESUMEN TOTAL'!AL213 -> 0 | T206: ='RESUMEN TOTAL'!AN213 -> 0 | U206: ='RESUMEN TOTAL'!AP213 -> 0 | V206: ='RESUMEN TOTAL'!AR213 -> 0 | W206: ='RESUMEN TOTAL'!AT213 -> 0 | X206: ='RESUMEN TOTAL'!AV213 -> 0 | Y206: ='RESUMEN TOTAL'!AX213 -> 0 | Z206: ='RESUMEN TOTAL'!AZ213 -> 0 | AA206: ='RESUMEN TOTAL'!BB213 -> 0 | AB206: ='RESUMEN TOTAL'!BD213 -> 0 | AC206: ='RESUMEN TOTAL'!BF213 -> 0 | AD206: ='RESUMEN TOTAL'!BH213 -> 0 | AE206: ='RESUMEN TOTAL'!BJ213 -> 0 | AF206: ='RESUMEN TOTAL'!BL213 -> 0 | AG206: ='RESUMEN TOTAL'!BN213 -> 0 | AH206: ='RESUMEN TOTAL'!BP213 -> 0 | AI206: ='RESUMEN TOTAL'!BR213 -> 0
A207: ='RESUMEN TOTAL'!A214 -> MARTIN FIERRO | B207: ='RESUMEN TOTAL'!B214 -> MFI 07 | C207: ='RESUMEN TOTAL'!D214 -> Sargento Cabral y Carlos Gardel | D207: ='RESUMEN TOTAL'!E214 -> Domo | E207: ='RESUMEN TOTAL'!F214 -> PTO A FO | F207: ='RESUMEN TOTAL'!L214 -> 0 | G207: ='RESUMEN TOTAL'!N214 -> 0 | H207: ='RESUMEN TOTAL'!P214 -> 0 | I207: ='RESUMEN TOTAL'!R214 -> 0 | J207: ='RESUMEN TOTAL'!T214 -> 0 | K207: ='RESUMEN TOTAL'!V214 -> 0 | L207: ='RESUMEN TOTAL'!X214 -> 0 | M207: ='RESUMEN TOTAL'!Z214 -> 0 | N207: ='RESUMEN TOTAL'!AB214 -> 0 | O207: ='RESUMEN TOTAL'!AD214 -> 0 | P207: ='RESUMEN TOTAL'!AF214 -> 0 | Q207: ='RESUMEN TOTAL'!AH214 -> 0 | R207: ='RESUMEN TOTAL'!AJ214 -> 0 | S207: ='RESUMEN TOTAL'!AL214 -> 0 | T207: ='RESUMEN TOTAL'!AN214 -> 0 | U207: ='RESUMEN TOTAL'!AP214 -> 0 | V207: ='RESUMEN TOTAL'!AR214 -> 0 | W207: ='RESUMEN TOTAL'!AT214 -> 0 | X207: ='RESUMEN TOTAL'!AV214 -> 0 | Y207: ='RESUMEN TOTAL'!AX214 -> 0 | Z207: ='RESUMEN TOTAL'!AZ214 -> 0 | AA207: ='RESUMEN TOTAL'!BB214 -> 0 | AB207: ='RESUMEN TOTAL'!BD214 -> 0 | AC207: ='RESUMEN TOTAL'!BF214 -> 0 | AD207: ='RESUMEN TOTAL'!BH214 -> 0 | AE207: ='RESUMEN TOTAL'!BJ214 -> 0 | AF207: ='RESUMEN TOTAL'!BL214 -> 0 | AG207: ='RESUMEN TOTAL'!BN214 -> 0 | AH207: ='RESUMEN TOTAL'!BP214 -> 0 | AI207: ='RESUMEN TOTAL'!BR214 -> 0
A208: ='RESUMEN TOTAL'!A215 -> MARTIN FIERRO | B208: ='RESUMEN TOTAL'!B215 -> MFI 08 | C208: ='RESUMEN TOTAL'!D215 -> Braile y Batalla de Callao | D208: ='RESUMEN TOTAL'!E215 -> Domo | E208: ='RESUMEN TOTAL'!F215 -> PTO A FO | F208: ='RESUMEN TOTAL'!L215 -> 0 | G208: ='RESUMEN TOTAL'!N215 -> 0 | H208: ='RESUMEN TOTAL'!P215 -> 0 | I208: ='RESUMEN TOTAL'!R215 -> 0 | J208: ='RESUMEN TOTAL'!T215 -> 0 | K208: ='RESUMEN TOTAL'!V215 -> 0 | L208: ='RESUMEN TOTAL'!X215 -> 0 | M208: ='RESUMEN TOTAL'!Z215 -> 0 | N208: ='RESUMEN TOTAL'!AB215 -> 0 | O208: ='RESUMEN TOTAL'!AD215 -> 0 | P208: ='RESUMEN TOTAL'!AF215 -> 0 | Q208: ='RESUMEN TOTAL'!AH215 -> 0 | R208: ='RESUMEN TOTAL'!AJ215 -> 0 | S208: ='RESUMEN TOTAL'!AL215 -> 0 | T208: ='RESUMEN TOTAL'!AN215 -> 0 | U208: ='RESUMEN TOTAL'!AP215 -> 0 | V208: ='RESUMEN TOTAL'!AR215 -> 0 | W208: ='RESUMEN TOTAL'!AT215 -> 0 | X208: ='RESUMEN TOTAL'!AV215 -> 0 | Y208: ='RESUMEN TOTAL'!AX215 -> 0 | Z208: ='RESUMEN TOTAL'!AZ215 -> 0 | AA208: ='RESUMEN TOTAL'!BB215 -> 0 | AB208: ='RESUMEN TOTAL'!BD215 -> 0 | AC208: ='RESUMEN TOTAL'!BF215 -> 0 | AD208: ='RESUMEN TOTAL'!BH215 -> 0 | AE208: ='RESUMEN TOTAL'!BJ215 -> 0 | AF208: ='RESUMEN TOTAL'!BL215 -> 0 | AG208: ='RESUMEN TOTAL'!BN215 -> 0 | AH208: ='RESUMEN TOTAL'!BP215 -> 0 | AI208: ='RESUMEN TOTAL'!BR215 -> 0
A209: ='RESUMEN TOTAL'!A216 -> GOBERNADOR MONTEVERDE | B209: ='RESUMEN TOTAL'!B216 -> MON01 | C209: ='RESUMEN TOTAL'!D216 -> San Martin y Patricias Argentinas | D209: ='RESUMEN TOTAL'!E216 -> Fija | E209: ='RESUMEN TOTAL'!F216 -> Fibra Optica | F209: ='RESUMEN TOTAL'!L216 -> 0 | G209: ='RESUMEN TOTAL'!N216 -> 0 | H209: ='RESUMEN TOTAL'!P216 -> 0 | I209: ='RESUMEN TOTAL'!R216 -> 0 | J209: ='RESUMEN TOTAL'!T216 -> 0 | K209: ='RESUMEN TOTAL'!V216 -> 0 | L209: ='RESUMEN TOTAL'!X216 -> 0 | M209: ='RESUMEN TOTAL'!Z216 -> 0 | N209: ='RESUMEN TOTAL'!AB216 -> 0 | O209: ='RESUMEN TOTAL'!AD216 -> 0 | P209: ='RESUMEN TOTAL'!AF216 -> 0 | Q209: ='RESUMEN TOTAL'!AH216 -> 0 | R209: ='RESUMEN TOTAL'!AJ216 -> 0 | S209: ='RESUMEN TOTAL'!AL216 -> 0 | T209: ='RESUMEN TOTAL'!AN216 -> 0 | U209: ='RESUMEN TOTAL'!AP216 -> 0 | V209: ='RESUMEN TOTAL'!AR216 -> 0 | W209: ='RESUMEN TOTAL'!AT216 -> 0 | X209: ='RESUMEN TOTAL'!AV216 -> 0 | Y209: ='RESUMEN TOTAL'!AX216 -> 0 | Z209: ='RESUMEN TOTAL'!AZ216 -> 0 | AA209: ='RESUMEN TOTAL'!BB216 -> 0 | AB209: ='RESUMEN TOTAL'!BD216 -> 0 | AC209: ='RESUMEN TOTAL'!BF216 -> 0 | AD209: ='RESUMEN TOTAL'!BH216 -> 0 | AE209: ='RESUMEN TOTAL'!BJ216 -> 0 | AF209: ='RESUMEN TOTAL'!BL216 -> 0 | AG209: ='RESUMEN TOTAL'!BN216 -> 0 | AH209: ='RESUMEN TOTAL'!BP216 -> 0 | AI209: ='RESUMEN TOTAL'!BR216 -> 0
A210: ='RESUMEN TOTAL'!A217 -> GOBERNADOR MONTEVERDE | B210: ='RESUMEN TOTAL'!B217 -> MON02 | C210: ='RESUMEN TOTAL'!D217 -> Senzabello y Famatina | D210: ='RESUMEN TOTAL'!E217 -> Domo | E210: ='RESUMEN TOTAL'!F217 -> Radio | F210: ='RESUMEN TOTAL'!L217 -> 0 | G210: ='RESUMEN TOTAL'!N217 -> 0 | H210: ='RESUMEN TOTAL'!P217 -> 0 | I210: ='RESUMEN TOTAL'!R217 -> 0 | J210: ='RESUMEN TOTAL'!T217 -> 0 | K210: ='RESUMEN TOTAL'!V217 -> 0 | L210: ='RESUMEN TOTAL'!X217 -> 0 | M210: ='RESUMEN TOTAL'!Z217 -> 0 | N210: ='RESUMEN TOTAL'!AB217 -> 0 | O210: ='RESUMEN TOTAL'!AD217 -> 0 | P210: ='RESUMEN TOTAL'!AF217 -> 0 | Q210: ='RESUMEN TOTAL'!AH217 -> 0 | R210: ='RESUMEN TOTAL'!AJ217 -> 0 | S210: ='RESUMEN TOTAL'!AL217 -> 0 | T210: ='RESUMEN TOTAL'!AN217 -> 0 | U210: ='RESUMEN TOTAL'!AP217 -> 0 | V210: ='RESUMEN TOTAL'!AR217 -> 0 | W210: ='RESUMEN TOTAL'!AT217 -> 0 | X210: ='RESUMEN TOTAL'!AV217 -> 0 | Y210: ='RESUMEN TOTAL'!AX217 -> 0 | Z210: ='RESUMEN TOTAL'!AZ217 -> 0 | AA210: ='RESUMEN TOTAL'!BB217 -> 0 | AB210: ='RESUMEN TOTAL'!BD217 -> 0 | AC210: ='RESUMEN TOTAL'!BF217 -> 0 | AD210: ='RESUMEN TOTAL'!BH217 -> 0 | AE210: ='RESUMEN TOTAL'!BJ217 -> 0 | AF210: ='RESUMEN TOTAL'!BL217 -> 0 | AG210: ='RESUMEN TOTAL'!BN217 -> 0 | AH210: ='RESUMEN TOTAL'!BP217 -> 0 | AI210: ='RESUMEN TOTAL'!BR217 -> 0
A211: ='RESUMEN TOTAL'!A218 -> GOBERNADOR MONTEVERDE | B211: ='RESUMEN TOTAL'!B218 -> MON03 | C211: ='RESUMEN TOTAL'!D218 -> Senzabello y Guemes | D211: ='RESUMEN TOTAL'!E218 -> Domo | E211: ='RESUMEN TOTAL'!F218 -> Radio | F211: ='RESUMEN TOTAL'!L218 -> 0 | G211: ='RESUMEN TOTAL'!N218 -> 0 | H211: ='RESUMEN TOTAL'!P218 -> 0 | I211: ='RESUMEN TOTAL'!R218 -> 0 | J211: ='RESUMEN TOTAL'!T218 -> 0 | K211: ='RESUMEN TOTAL'!V218 -> 0 | L211: ='RESUMEN TOTAL'!X218 -> 0 | M211: ='RESUMEN TOTAL'!Z218 -> 0 | N211: ='RESUMEN TOTAL'!AB218 -> 0 | O211: ='RESUMEN TOTAL'!AD218 -> 0 | P211: ='RESUMEN TOTAL'!AF218 -> 0 | Q211: ='RESUMEN TOTAL'!AH218 -> 0 | R211: ='RESUMEN TOTAL'!AJ218 -> 0 | S211: ='RESUMEN TOTAL'!AL218 -> 0 | T211: ='RESUMEN TOTAL'!AN218 -> 0 | U211: ='RESUMEN TOTAL'!AP218 -> 0 | V211: ='RESUMEN TOTAL'!AR218 -> 0 | W211: ='RESUMEN TOTAL'!AT218 -> 0 | X211: ='RESUMEN TOTAL'!AV218 -> 0 | Y211: ='RESUMEN TOTAL'!AX218 -> 0 | Z211: ='RESUMEN TOTAL'!AZ218 -> 0 | AA211: ='RESUMEN TOTAL'!BB218 -> 0 | AB211: ='RESUMEN TOTAL'!BD218 -> 0 | AC211: ='RESUMEN TOTAL'!BF218 -> 0 | AD211: ='RESUMEN TOTAL'!BH218 -> 0 | AE211: ='RESUMEN TOTAL'!BJ218 -> 0 | AF211: ='RESUMEN TOTAL'!BL218 -> 0 | AG211: ='RESUMEN TOTAL'!BN218 -> 0 | AH211: ='RESUMEN TOTAL'!BP218 -> 0 | AI211: ='RESUMEN TOTAL'!BR218 -> 0
A212: ='RESUMEN TOTAL'!A219 -> GOBERNADOR MONTEVERDE | B212: ='RESUMEN TOTAL'!B219 -> MON04 | C212: ='RESUMEN TOTAL'!D219 -> Av. Yrigoyen y San Lorenzo | D212: ='RESUMEN TOTAL'!E219 -> Domo | E212: ='RESUMEN TOTAL'!F219 -> Radio | F212: ='RESUMEN TOTAL'!L219 -> 0 | G212: ='RESUMEN TOTAL'!N219 -> 0 | H212: ='RESUMEN TOTAL'!P219 -> 0 | I212: ='RESUMEN TOTAL'!R219 -> 0 | J212: ='RESUMEN TOTAL'!T219 -> 0 | K212: ='RESUMEN TOTAL'!V219 -> 0 | L212: ='RESUMEN TOTAL'!X219 -> 0 | M212: ='RESUMEN TOTAL'!Z219 -> 0 | N212: ='RESUMEN TOTAL'!AB219 -> 0 | O212: ='RESUMEN TOTAL'!AD219 -> 0 | P212: ='RESUMEN TOTAL'!AF219 -> 0 | Q212: ='RESUMEN TOTAL'!AH219 -> 0 | R212: ='RESUMEN TOTAL'!AJ219 -> 0 | S212: ='RESUMEN TOTAL'!AL219 -> 0 | T212: ='RESUMEN TOTAL'!AN219 -> 0 | U212: ='RESUMEN TOTAL'!AP219 -> 0 | V212: ='RESUMEN TOTAL'!AR219 -> 0 | W212: ='RESUMEN TOTAL'!AT219 -> 0 | X212: ='RESUMEN TOTAL'!AV219 -> 0 | Y212: ='RESUMEN TOTAL'!AX219 -> 0 | Z212: ='RESUMEN TOTAL'!AZ219 -> 0 | AA212: ='RESUMEN TOTAL'!BB219 -> 0 | AB212: ='RESUMEN TOTAL'!BD219 -> 0 | AC212: ='RESUMEN TOTAL'!BF219 -> 0 | AD212: ='RESUMEN TOTAL'!BH219 -> 0 | AE212: ='RESUMEN TOTAL'!BJ219 -> 0 | AF212: ='RESUMEN TOTAL'!BL219 -> 0 | AG212: ='RESUMEN TOTAL'!BN219 -> 0 | AH212: ='RESUMEN TOTAL'!BP219 -> 0 | AI212: ='RESUMEN TOTAL'!BR219 -> 0
... A267: ='RESUMEN TOTAL'!A274 -> RICARDO ROJAS | B267: ='RESUMEN TOTAL'!B274 -> RRJ 07 | C267: ='RESUMEN TOTAL'!D274 -> Constancio Vigil y Estanislao del Campo | D267: ='RESUMEN TOTAL'!E274 -> Domo | E267: ='RESUMEN TOTAL'!F274 -> Fibra Optica | F267: ='RESUMEN TOTAL'!L274 -> 0 | G267: ='RESUMEN TOTAL'!N274 -> 0 | H267: ='RESUMEN TOTAL'!P274 -> 0 | I267: ='RESUMEN TOTAL'!R274 -> 0 | J267: ='RESUMEN TOTAL'!T274 -> 0 | K267: ='RESUMEN TOTAL'!V274 -> 0 | L267: ='RESUMEN TOTAL'!X274 -> 0 | M267: ='RESUMEN TOTAL'!Z274 -> 0 | N267: ='RESUMEN TOTAL'!AB274 -> 0 | O267: ='RESUMEN TOTAL'!AD274 -> 0 | P267: ='RESUMEN TOTAL'!AF274 -> 0 | Q267: ='RESUMEN TOTAL'!AH274 -> 0 | R267: ='RESUMEN TOTAL'!AJ274 -> 0 | S267: ='RESUMEN TOTAL'!AL274 -> 0 | T267: ='RESUMEN TOTAL'!AN274 -> 0 | U267: ='RESUMEN TOTAL'!AP274 -> 0 | V267: ='RESUMEN TOTAL'!AR274 -> 0 | W267: ='RESUMEN TOTAL'!AT274 -> 0 | X267: ='RESUMEN TOTAL'!AV274 -> 0 | Y267: ='RESUMEN TOTAL'!AX274 -> 0 | Z267: ='RESUMEN TOTAL'!AZ274 -> 0 | AA267: ='RESUMEN TOTAL'!BB274 -> 0 | AB267: ='RESUMEN TOTAL'!BD274 -> 0 | AC267: ='RESUMEN TOTAL'!BF274 -> 0 | AD267: ='RESUMEN TOTAL'!BH274 -> 0 | AE267: ='RESUMEN TOTAL'!BJ274 -> 0 | AF267: ='RESUMEN TOTAL'!BL274 -> 0 | AG267: ='RESUMEN TOTAL'!BN274 -> 0 | AH267: ='RESUMEN TOTAL'!BP274 -> 0 | AI267: ='RESUMEN TOTAL'!BR274 -> 0
A268: ='RESUMEN TOTAL'!A275 -> RICARDO ROJAS | B268: ='RESUMEN TOTAL'!B275 -> RRJ 08 | C268: ='RESUMEN TOTAL'!D275 -> Constancio Vigil y Pablo Podesta | D268: ='RESUMEN TOTAL'!E275 -> Domo | E268: ='RESUMEN TOTAL'!F275 -> Fibra Optica | F268: ='RESUMEN TOTAL'!L275 -> 0 | G268: ='RESUMEN TOTAL'!N275 -> 0 | H268: ='RESUMEN TOTAL'!P275 -> 0 | I268: ='RESUMEN TOTAL'!R275 -> 0 | J268: ='RESUMEN TOTAL'!T275 -> 0 | K268: ='RESUMEN TOTAL'!V275 -> 0 | L268: ='RESUMEN TOTAL'!X275 -> 0 | M268: ='RESUMEN TOTAL'!Z275 -> 0 | N268: ='RESUMEN TOTAL'!AB275 -> 0 | O268: ='RESUMEN TOTAL'!AD275 -> 0 | P268: ='RESUMEN TOTAL'!AF275 -> 0 | Q268: ='RESUMEN TOTAL'!AH275 -> 0 | R268: ='RESUMEN TOTAL'!AJ275 -> 0 | S268: ='RESUMEN TOTAL'!AL275 -> 0 | T268: ='RESUMEN TOTAL'!AN275 -> 0 | U268: ='RESUMEN TOTAL'!AP275 -> 0 | V268: ='RESUMEN TOTAL'!AR276 -> 0 | W268: ='RESUMEN TOTAL'!AT275 -> 0 | X268: ='RESUMEN TOTAL'!AV275 -> 0 | Y268: ='RESUMEN TOTAL'!AX275 -> 0 | Z268: ='RESUMEN TOTAL'!AZ275 -> 0 | AA268: ='RESUMEN TOTAL'!BB275 -> 0 | AB268: ='RESUMEN TOTAL'!BD275 -> 0 | AC268: ='RESUMEN TOTAL'!BF275 -> 0 | AD268: ='RESUMEN TOTAL'!BH275 -> 0 | AE268: ='RESUMEN TOTAL'!BJ275 -> 0 | AF268: ='RESUMEN TOTAL'!BL275 -> 0 | AG268: ='RESUMEN TOTAL'!BN275 -> 0 | AH268: ='RESUMEN TOTAL'!BP275 -> 0 | AI268: ='RESUMEN TOTAL'!BR275 -> 0
A269: ='RESUMEN TOTAL'!A276 -> RICARDO ROJAS | B269: ='RESUMEN TOTAL'!B276 -> RRJ 09 | C269: ='RESUMEN TOTAL'!D276 -> Constancio Vigil y Jose Ingeniero | D269: ='RESUMEN TOTAL'!E276 -> Domo | E269: ='RESUMEN TOTAL'!F276 -> Fibra Optica | F269: ='RESUMEN TOTAL'!L276 -> APAGADO | G269: ='RESUMEN TOTAL'!N276 -> APAGADO | H269: ='RESUMEN TOTAL'!P276 -> APAGADO | I269: ='RESUMEN TOTAL'!R276 -> APAGADO | J269: ='RESUMEN TOTAL'!T276 -> 0 | K269: ='RESUMEN TOTAL'!V276 -> 0 | L269: ='RESUMEN TOTAL'!X276 -> 0 | M269: ='RESUMEN TOTAL'!Z276 -> 0 | N269: ='RESUMEN TOTAL'!AB276 -> 0 | O269: ='RESUMEN TOTAL'!AD276 -> 0 | P269: ='RESUMEN TOTAL'!AF276 -> 0 | Q269: ='RESUMEN TOTAL'!AH276 -> 0 | R269: ='RESUMEN TOTAL'!AJ276 -> 0 | S269: ='RESUMEN TOTAL'!AL276 -> 0 | T269: ='RESUMEN TOTAL'!AN276 -> 0 | U269: ='RESUMEN TOTAL'!AP276 -> 0 | V269: ='RESUMEN TOTAL'!#REF! -> #REF! | W269: ='RESUMEN TOTAL'!AT276 -> 0 | X269: ='RESUMEN TOTAL'!AV276 -> 0 | Y269: ='RESUMEN TOTAL'!AX276 -> 0 | Z269: ='RESUMEN TOTAL'!AZ276 -> 0 | AA269: ='RESUMEN TOTAL'!BB276 -> 0 | AB269: ='RESUMEN TOTAL'!BD276 -> 0 | AC269: ='RESUMEN TOTAL'!BF276 -> 0 | AD269: ='RESUMEN TOTAL'!BH276 -> 0 | AE269: ='RESUMEN TOTAL'!BJ276 -> 0 | AF269: ='RESUMEN TOTAL'!BL276 -> 0 | AG269: ='RESUMEN TOTAL'!BN276 -> 0 | AH269: ='RESUMEN TOTAL'!BP276 -> 0 | AI269: ='RESUMEN TOTAL'!BR276 -> 0
