Workbook
Name _25_de_agosto: 'RESUMEN TOTAL'!$A$4:$D$376
Name _25_de_agosto_3: 'RESUMEN TOTAL'!$A$4:$D$388
Name BONOMOcam: Hoja1!$B$2
Name CANTIDAD_DE_CAMARAS: 'RESUMEN TOTAL'!$B$1
Name COSEIDIcam: Hoja1!$B$4

Sheet RESUMEN TOTAL
A1: CANTIDAD DE CAMARAS | B1: =COUNTA(B5:B543) -> 445 | D1: PORCIENTO DE CAIDAS | L1: =(L3)/(L2+L3) -> 0.1258427 | M1: =(M3)/(M2+M3) -> 0.098876404 | N1: =(N3)/(N2+N3) -> 0.12359551 | O1: =(O3)/(O2+O3) -> 0.10337079 | P1: =(P3)/(P2+P3) -> 0.1011236 | Q1: =(Q3)/(Q2+Q3) -> 0 | R1: =(R3)/(R2+R3) -> 0 | S1: =(S3)/(S2+S3) -> 0 | ... AO1: =(AO3)/(AO2+AO3) -> 0
D2: FUNCIONAN | L2: =B1-L3 -> 389 | M2: =CANTIDAD_DE_CAMARAS-M3 -> 401 | N2: =CANTIDAD_DE_CAMARAS-N3 -> 390 | O2: =CANTIDAD_DE_CAMARAS-O3 -> 399 | P2: =CANTIDAD_DE_CAMARAS-P3 -> 400 | Q2: =CANTIDAD_DE_CAMARAS-Q3 -> 445 | R2: =CANTIDAD_DE_CAMARAS-R3 -> 445 | S2: =CANTIDAD_DE_CAMARAS-S3 -> 445 | T2: =CANTIDAD_DE_CAMARAS-T3 -> 445 | ... AO2: =CANTIDAD_DE_CAMARAS-AO3 -> 445
D3: CAIDAS | L3: =COUNTIF(L4:L463, "apagado") -> 56 | M3: =COUNTIF(M4:M463, "apagado") -> 44 | N3: =COUNTIF(N4:N463, "apagado") -> 55 | O3: =COUNTIF(O4:O463, "apagado") -> 46 | P3: =COUNTIF(P4:P463, "apagado") -> 45 | Q3: =COUNTIF(Q4:Q463, "apagado") -> 0 | R3: =COUNTIF(R4:R463, "apagado") -> 0 | S3: =COUNTIF(S4:S463, "apagado") -> 0 | ... AO3: =COUNTIF(AO4:AO463, "apagado") -> 0
A4: Barrio | B4: [Denominacion] | C4: [Empresa Mantenimiento] | D4: [Ubicacion] | E4: [Tipo de Camara] | F4: [Tipo de Conexion] | G4: Destino | I4: DIAS FUNCIONANDO | J4: DIAS CAIDA | K4: EFECTIVIDAD | L4: 45078 | M4: 45079 | N4: 45080 | O4: 45081 | P4: 45082 | Q4: 45083 | R4: 45084 | S4: 45085 | T4: 45086 | U4: 45087 | V4: 45088 | W4: 45089 | X4: 45090 | Y4: 45091 | Z4: 45092 | AA4: 45093 | AB4: 45094 | AC4: 45095 | AD4: 45096 | AE4: 45097 | AF4: 45098 | AG4: 45099 | AH4: 45100 | AI4: 45101 | AJ4: 45102 | AK4: 45103 | AL4: 45104 | AM4: 45105 | AN4: 45106 | AO4: 45107
A5: ALTAMIRA | B5: ALT01 | C5: BONOMO | D5: Calchaqui y Sgto. Cabral | E5: Domo | F5: Fibra Optica | H5: 172.20.10.6 | I5: =COUNTIF(L5:AM5,"") -> 28 | J5: =COUNTIF(L5:AM5,"APAGADO") -> 0 | K5: =(I5)/(J5+I5) -> 1
A6: ALTAMIRA | B6: ALT02 | C6: BONOMO | D6: Calchaqui y Lope de Vega | E6: Domo | F6: PTO A FO | H6: 172.20.12.218 | I6: =COUNTIF(L6:AM6,"") -> 28 | J6: =COUNTIF(L6:AM6,"APAGADO") -> 0 | K6: =(I6)/(J6+I6) -> 1
A7: ALTAMIRA | B7: ALT 03 | C7: BONOMO | D7: Bombero Galarza y Necochea | E7: Domo | F7: FIBRA OPTICA | H7: 172.20.12.54 | I7: =COUNTIF(L7:AM7,"") -> 28 | J7: =COUNTIF(L7:AM7,"APAGADO") -> 0 | K7: =(I7)/(J7+I7) -> 1
A8: ALTAMIRA | B8: ALT 04 | C8: BONOMO | D8: Francia y Necochea | E8: Domo | F8: FIBRA OPTICA | H8: 172.20.12.55 | I8: =COUNTIF(L8:AM8,"") -> 28 | J8: =COUNTIF(L8:AM8,"APAGADO") -> 0 | K8: =(I8)/(J8+I8) -> 1
A9: ALTAMIRA | B9: ALT05 | C9: BONOMO | D9: Av. Calchaqui y Bombero Galarza | E9: Domo | F9: PTO A FO | H9: 172.20.12.216 | I9: =COUNTIF(L9:AM9,"") -> 28 | J9: =COUNTIF(L9:AM9,"APAGADO") -> 0 | K9: =(I9)/(J9+I9) -> 1
A10: ALTAMIRA | B10: ALT 06 | C10: BONOMO | D10: LOPE DE VEGA Y NECOCHEA | E10: Domo | F10: PTO A FO | H10: 172.20.12.12 | I10: =COUNTIF(L10:AM10,"") -> 28 | J10: =COUNTIF(L10:AM10,"APAGADO") -> 0 | K10: =(I10)/(J10+I10) -> 1
A11: ALTAMIRA | B11: ALT07 | C11: BONOMO | D11: AV. CALCHAQUI Y AV. DEL TRABAJO | E11: DOMO | F11: PTO A FO | H11: 172.20.10.57 | I11: =COUNTIF(L11:AM11,"") -> 28 | J11: =COUNTIF(L11:AM11,"APAGADO") -> 0 | K11: =(I11)/(J11+I11) -> 1
A12: ALTAMIRA | B12: ALT 08 | C12: BONOMO | D12: HUMAITA Y NECOCHEA | E12: DOMO | F12: Fibra Optica | H12: 172.20.11.215 | I12: =COUNTIF(L12:AM12,"") -> 28 | J12: =COUNTIF(L12:AM12,"APAGADO") -> 0 | K12: =(I12)/(J12+I12) -> 1
A13: ALTAMIRA | B13: ALT 09 | C13: BONOMO | D13: NECOCHEA Y CURUPAITY | E13: DOMO | F13: Fibra Optica | H13: 172.20.11.216 | I13: =COUNTIF(L13:AM13,"") -> 28 | J13: =COUNTIF(L13:AM13,"APAGADO") -> 0 | K13: =(I13)/(J13+I13) -> 1
A14: ALTAMIRA | B14: ALT 10 | C14: BONOMO | D14: Calchaqui y Francia | E14: Domo | F14: Radio | H14: 172.20.12.156 | I14: =COUNTIF(L14:AM14,"") -> 28 | J14: =COUNTIF(L14:AM14,"APAGADO") -> 0 | K14: =(I14)/(J14+I14) -> 1
A15: AGUSTIN RAMIREZ | B15: ARA 01 | C15: COSEIDI | D15: Malambo y Tranquera | E15: Domo | F15: FIBRA OPTICA | H15: 172.20.12.110 | I15: =COUNTIF(L15:AM15,"") -> 28 | J15: =COUNTIF(L15:AM15,"APAGADO") -> 0 | K15: =(I15)/(J15+I15) -> 1
A16: BELGRANO | B16: BEL 01 | C16: BONOMO | D16: San Martin y Dardo Rocha | E16: DOMO | F16: FIBRA OPTICA | H16: 172.20.12.64 | I16: =COUNTIF(L16:AM16,"") -> 28 | J16: =COUNTIF(L16:AM16,"APAGADO") -> 0 | K16: =(I16)/(J16+I16) -> 1
... A86: CENTRO | B86: CEN64 | C86: BONOMO | D86: SAN MARTIN Y BOCCUZZI | E86: FIJA | F86: Fibra Optica | H86: 172.20.11.134 | I86: =COUNTIF(L86:AM86,"") -> 28 | J86: =COUNTIF(L86:AM86,"APAGADO") -> 0 | K86: =(I86)/(J86+I86) -> 1
A87: º | B87: CEN 65 | C87: BONOMO | D87: SAN MARTIN Y JUAN PERON | E87: FIJA | F87: Fibra Optica | H87: 172.20.11.135 | I87: =COUNTIF(L87:AM87,"") -> 26 | J87: =COUNTIF(L87:AM87,"APAGADO") -> 2 | K87: =(I87)/(J87+I87) -> 0.92857143 | L87: APAGADO | N87: APAGADO
A88: CENTRO | B88: CEN66 | C88: BONOMO | D88: SAN MARTIN Y JUAN PERON | E88: FIJA | F88: Fibra Optica | H88: 172.20.11.136 | I88: =COUNTIF(L88:AM88,"") -> 26 | J88: =COUNTIF(L88:AM88,"APAGADO") -> 2 | K88: =(I88)/(J88+I88) -> 0.92857143 | L88: APAGADO | N88: APAGADO
A89: CENTRO | B89: CEN67 (fija 1) | C89: BONOMO | D89: 9 DE JULIO Y BROWN | E89: Fija | F89: Fibra Optica | H89: 172.20.11.188 | I89: =COUNTIF(L89:AM89,"") -> 28 | J89: =COUNTIF(L89:AM89,"APAGADO") -> 0 | K89: =(I89)/(J89+I89) -> 1
A90: CENTRO | B90: CEN68 (fija 2) | C90: BONOMO | D90: 9 DE JULIO Y BROWN | E90: Fija | F90: Fibra Optica | H90: 172.20.11.189 | I90: =COUNTIF(L90:AM90,"") -> 28 | J90: =COUNTIF(L90:AM90,"APAGADO") -> 0 | K90: =(I90)/(J90+I90) -> 1
A91: CENTRO | B91: CEN69 | C91: BONOMO | D91: RIVADAVIA Y BOUREL | E91: DOMO | F91: Fibra Optica | H91: 172.20.11.222 | I91: =COUNTIF(L91:AM91,"") -> 28 | J91: =COUNTIF(L91:AM91,"APAGADO") -> 0 | K91: =(I91)/(J91+I91) -> 1
A92: CENTRO | B92: CEN 70 | C92: BONOMO | D92: RIVADAVIA Y 25 MAYO | E92: Domo | F92: Fibra Optica | H92: 172.20.11.221 | I92: =COUNTIF(L92:AM92,"") -> 28 | J92: =COUNTIF(L92:AM92,"APAGADO") -> 0 | K92: =(I92)/(J92+I92) -> 1
A93: CENTRO | B93: CEN 71 | C93: BONOMO | D93: MORENO Y BOUREL | E93: Domo | F93: Fibra Optica | H93: 172.20.11.220 | I93: =COUNTIF(L93:AM93,"") -> 28 | J93: =COUNTIF(L93:AM93,"APAGADO") -> 0 | K93: =(I93)/(J93+I93) -> 1
A94: CENTRO | B94: CEN 72 | C94: BONOMO | D94: MORENO Y 25 DE MAYO | E94: Domo | F94: Fibra Optica | H94: 172.20.11.219 | I94: =COUNTIF(L94:AM94,"") -> 23 | J94: =COUNTIF(L94:AM94,"APAGADO") -> 5 | K94: =(I94)/(J94+I94) -> 0.82142857 | L94: APAGADO | M94: APAGADO | N94: APAGADO | O94: APAGADO | P94: APAGADO
A95: CENTRO | B95: CEN73 | C95: BONOMO | D95: BOUREL Y DEFENSA | E95: DOMO | F95: Fibra Optica | H95: 172.20.11.223 | I95: =COUNTIF(L95:AM95,"") -> 28 | J95: =COUNTIF(L95:AM95,"APAGADO") -> 0 | K95: =(I95)/(J95+I95) -> 1
A96: CENTRO | B96: CEN74 | C96: BONOMO | D96: Las Heras y Maipu | E96: Domo | F96: FIBRA OPTICA | H96: 172.20.11.53 | I96: =COUNTIF(L96:AM96,"") -> 28 | J96: =COUNTIF(L96:AM96,"APAGADO") -> 0 | K96: =(I96)/(J96+I96) -> 1
A97: CENTRO | B97: CEN 75 | C97: BONOMO | D97: 25 DE MAYO Y CASTELLI | E97: Domo | F97: Fibra Optica | H97: 172.20.11.114 | I97: =COUNTIF(L97:AM97,"") -> 28 | J97: =COUNTIF(L97:AM97,"APAGADO") -> 0 | K97: =(I97)/(J97+I97) -> 1
A98: CENTRO | B98: CEN 76 | C98: BONOMO | D98: ESPAÑA E/MITRE Y BOCUZZI | E98: Fija | F98: Fibra Optica | H98: 172-20.11.110 | I98: =COUNTIF(L98:AM98,"") -> 28 | J98: =COUNTIF(L98:AM98,"APAGADO") -> 0 | K98: =(I98)/(J98+I98) -> 1
A99: CENTRO | B99: CEN 77 | C99: BONOMO | D99: Monteagudo e/ Mitre y Boccuzzi | E99: Fija | F99: Fibra Optica | H99: 172.20.11.241 | I99: =COUNTIF(L99:AM99,"") -> 28 | J99: =COUNTIF(L99:AM99,"APAGADO") -> 0 | K99: =(I99)/(J99+I99) -> 1
A100: CENTRO | B100: CEN 78 | C100: BONOMO | D100: Mitre e/Monteagudo y Alberdi | E100: Fija | F100: Fibra Optica | H100: 172.20.11.240 | I100: =COUNTIF(L100:AM100,"") -> 28 | J100: =COUNTIF(L100:AM100,"APAGADO") -> 0 | K100: =(I100)/(J100+I100) -> 1
A101: CENTRO | B101: CEN 79 | C101: BONOMO | D101: Diag. Constituyente y Brown | E101: Fija | F101: Fibra Optica | H101: 172.20.11.243 | I101: =COUNTIF(L101:AM101,"") -> 28 | J101: =COUNTIF(L101:AM101,"APAGADO") -> 0 | K101: =(I101)/(J101+I101) -> 1
A102: CENTRO | B102: CEN 80 | C102: BONOMO | D102: Diag. Constituyente y Brown | E102: Fija | F102: Fibra Optica | H102: 172.20.11.244 | I102: =COUNTIF(L102:AM102,"") -> 28 | J102: =COUNTIF(L102:AM102,"APAGADO") -> 0 | K102: =(I102)/(J102+I102) -> 1
A103: CENTRO | B103: CEN 81 | C103: BONOMO | D103: Alberdi y A.del Valle | E103: Fija | F103: Fibra Optica | H103: 172.20.11.242 | I103: =COUNTIF(L103:AM103,"") -> 28 | J103: =COUNTIF(L103:AM103,"APAGADO") -> 0 | K103: =(I103)/(J103+I103) -> 1
A104: CENTRO | B104: CEN 82 | C104: BONOMO | D104: DORREGO Y BOUREL | E104: Domo | F104: Fibra Optica | H104: 172.20.11.198 | I104: =COUNTIF(L104:AM104,"") -> 28 | J104: =COUNTIF(L104:AM104,"APAGADO") -> 0 | K104: =(I104)/(J104+I104) -> 1
A105: CENTRO | B105: CEN83 | C105: BONOMO | D105: RECONQUISTA Y 25 DE MAYO | E105: Domo | F105: Radio | H105: 172.20.11.123 | I105: =COUNTIF(L105:AM105,"") -> 28 | J105: =COUNTIF(L105:AM105,"APAGADO") -> 0 | K105: =(I105)/(J105+I105) -> 1
A106: CENTRO | B106: CEN 84 | C106: BONOMO | D106: 25 DE MAYO Y MAIPU | E106: Fija | F106: Fibra Optica | I106: =COUNTIF(L106:AM106,"") -> 28 | J106: =COUNTIF(L106:AM106,"APAGADO") -> 0 | K106: =(I106)/(J106+I106) -> 1
A107: CENTRO | B107: CEN 85 | C107: BONOMO | D107: PTE PERON E/ PRINGLES Y BROWN | E107: Fija | F107: Fibra Optica | H107: 172.20.10.21 | I107: =COUNTIF(L107:AM107,"") -> 28 | J107: =COUNTIF(L107:AM107,"APAGADO") -> 0 | K107: =(I107)/(J107+I107) -> 1
A108: SAN NICOLAS | B108: CHA01 | C108: BONOMO | D108: Novak y Pte Illia | E108: Domo | F108: Radio | H108: 172.20.200.126 | I108: =COUNTIF(L108:AM108,"") -> 28 | J108: =COUNTIF(L108:AM108,"APAGADO") -> 0 | K108: =(I108)/(J108+I108) -> 1
A109: CHACABUCO | B109: CHA02 | C109: BONOMO | D109: Pte. Illia y Posadas | E109: Domo | F109: Radio | H109: 172.20.200.186 | I109: =COUNTIF(L109:AM109,"") -> 28 | J109: =COUNTIF(L109:AM109,"APAGADO") -> 0 | K109: =(I109)/(J109+I109) -> 1
A110: CHACABUCO | B110: CHA03 | C110: BONOMO | D110: MAIPU Y ALVAREZ THOMAS | E110: DOMO | F110: Fibra Optica | H110: 172.20.11.71 | I110: =COUNTIF(L110:AM110,"") -> 28 | J110: =COUNTIF(L110:AM110,"APAGADO") -> 0 | K110: =(I110)/(J110+I110) -> 1
A111: CHACABUCO | B111: CHA04 | C111: BONOMO | D111: ESTADOS UNIDOS DE A. E ILLIA | E111: DOMO | F111: Fibra Optica | H111: 172.20.11.191 | I111: =COUNTIF(L111:AM111,"") -> 28 | J111: =COUNTIF(L111:AM111,"APAGADO") -> 0 | K111: =(I111)/(J111+I111) -> 1
A112: VILLA MONICA NUEVA | B112: COL01 | C112: COSEIDI | D112: Eva Peron y Cariboni | E112: Domo | F112: Radio | H112: 172.20.200.177 | I112: =COUNTIF(L112:AM112,"") -> 28 | J112: =COUNTIF(L112:AM112,"APAGADO") -> 0 | K112: =(I112)/(J112+I112) -> 1
A113: LA COLORADA ESTE | B113: COL02 | C113: COSEIDI | D113: Av. Eva Peron y Pompeya | E113: Domo | F113: Radio | H113: 172.20.200.192 | I113: =COUNTIF(L113:AM113,"") -> 28 | J113: =COUNTIF(L113:AM113,"APAGADO") -> 0 | K113: =(I113)/(J113+I113) -> 1
A114: LA COLORADA ESTE | B114: COL 03 | C114: COSEIDI | D114: CARIBONI Y LA ANCIANIDAD | E114: DOMO | F114: Radio | H114: 10.20.30.37 | I114: =COUNTIF(L114:AM114,"") -> 27 | J114: =COUNTIF(L114:AM114,"APAGADO") -> 1 | K114: =(I114)/(J114+I114) -> 0.96428571 | L114: APAGADO
A115: LA COLORADA ESTE | B115: COL 04 | C115: COSEIDI | D115: EVA PERON Y SAVIO | E115: Domo | F115: Fibra Optica | H115: 172.20.10.75 | I115: =COUNTIF(L115:AM115,"") -> 28 | J115: =COUNTIF(L115:AM115,"APAGADO") -> 0 | K115: =(I115)/(J115+I115) -> 1
A116: DON JOSE | B116: DJO01 | C116: BONOMO | D116: Monteverde y Donato Alvarez | E116: Domo | F116: RADIO | H116: 172.20.200.120 | I116: =COUNTIF(L116:AM116,"") -> 28 | J116: =COUNTIF(L116:AM116,"APAGADO") -> 0 | K116: =(I116)/(J116+I116) -> 1
A117: DON JOSE | B117: DJO 02 (fija 1) | C117: BONOMO | D117: DONATO ALVAREZ Y EL APERO | E117: Fija | F117: PTO A FO | G117: TORRE VILLA ARGENTINA | H117: 172.20.12.97 | I117: =COUNTIF(L117:AM117,"") -> 23 | J117: =COUNTIF(L117:AM117,"APAGADO") -> 5 | K117: =(I117)/(J117+I117) -> 0.82142857 | L117: APAGADO | M117: APAGADO | N117: APAGADO | O117: APAGADO | P117: APAGADO
A118: DON JOSE | B118: DJO 03 (fija 2) | C118: BONOMO | D118: DONATO ALVAREZ Y EL APERO | E118: Fija | F118: PTO A FO | G118: TORRE VILLA ARGENTINA | H118: 172.20.12.98 | I118: =COUNTIF(L118:AM118,"") -> 23 | J118: =COUNTIF(L118:AM118,"APAGADO") -> 5 | K118: =(I118)/(J118+I118) -> 0.82142857 | L118: APAGADO | M118: APAGADO | N118: APAGADO | O118: APAGADO | P118: APAGADO
A119: DON JOSE | B119: DJO 04 (Fija 1) | C119: BONOMO | D119: MONTEVERDE Y EL INDIO | E119: Fija | F119: PTO A FO | G119: TORRE VILLA ARGENTINA | H119: 172.20.12.91 | I119: =COUNTIF(L119:AM119,"") -> 23 | J119: =COUNTIF(L119:AM119,"APAGADO") -> 5 | K119: =(I119)/(J119+I119) -> 0.82142857 | L119: APAGADO | M119: APAGADO | N119: APAGADO | O119: APAGADO | P119: APAGADO
A120: DON JOSE | B120: DJO 05 (Fija 2) | C120: BONOMO | D120: MONTEVERDE Y EL INDIO | E120: Fija | F120: PTO A FO | G120: TORRE VILLA ARGENTINA | H120: 172.20.12.92 | I120: =COUNTIF(L120:AM120,"") -> 23 | J120: =COUNTIF(L120:AM120,"APAGADO") -> 5 | K120: =(I120)/(J120+I120) -> 0.82142857 | L120: APAGADO | M120: APAGADO | N120: APAGADO | O120: APAGADO | P120: APAGADO
A121: DON JOSE | B121: DJ O6 | C121: BONOMO | D121: Calle 414 y El Indio | E121: Fija | F121: PTO A FO | G121: TORRE VILLA ARGENTINA | H121: 172.20.12.121 | I121: =COUNTIF(L121:AM121,"") -> 23 | J121: =COUNTIF(L121:AM121,"APAGADO") -> 5 | K121: =(I121)/(J121+I121) -> 0.82142857 | L121: APAGADO | M121: APAGADO | N121: APAGADO | O121: APAGADO | P121: APAGADO
A122: DON JOSE | B122: DJ 07 | C122: BONOMO | D122: Calle 414 y El Indio | E122: Fija | F122: PTO A FO | G122: TORRE VILLA ARGENTINA | H122: 172.20.12.122 | I122: =COUNTIF(L122:AM122,"") -> 23 | J122: =COUNTIF(L122:AM122,"APAGADO") -> 5 | K122: =(I122)/(J122+I122) -> 0.82142857 | L122: APAGADO | M122: APAGADO | N122: APAGADO | O122: APAGADO | P122: APAGADO
A123: EL PARQUE | B123: EPQ 01 | C123: COSEIDI | D123: 1282 Y GRIERSON | E123: DOMO | F123: Fibra Optica | H123: 172.20.11.170 | I123: =COUNTIF(L123:AM123,"") -> 28 | J123: =COUNTIF(L123:AM123,"APAGADO") -> 0 | K123: =(I123)/(J123+I123) -> 1
A124: EL PARQUE | B124: EPQ 02 | C124: COSEIDI | D124: 1282 Y MASSE | E124: DOMO | F124: Fibra Optica | H124: 172.20.11.172 | I124: =COUNTIF(L124:AM124,"") -> 28 | J124: =COUNTIF(L124:AM124,"APAGADO") -> 0 | K124: =(I124)/(J124+I124) -> 1
A125: EL PARQUE | B125: EPQ 03 | C125: COSEIDI | D125: 1282 Y RP 36 | E125: Domo | F125: Fibra Optica | H125: 172.20.11.139 | I125: =COUNTIF(L125:AM125,"") -> 28 | J125: =COUNTIF(L125:AM125,"APAGADO") -> 0 | K125: =(I125)/(J125+I125) -> 1
A126: EL PARQUE | B126: EPQ 04 | C126: COSEIDI | D126: 1282 Y MORENO | E126: DOMO | F126: Fibra Optica | H126: 172.20.11.171 | I126: =COUNTIF(L126:AM126,"") -> 28 | J126: =COUNTIF(L126:AM126,"APAGADO") -> 0 | K126: =(I126)/(J126+I126) -> 1
A127: LA ESMERALDA | B127: ESM01 | C127: COSEIDI | D127: Cabello y Brasil | E127: Domo | F127: Radio | H127: 172.20.200.179 | I127: =COUNTIF(L127:AM127,"") -> 28 | J127: =COUNTIF(L127:AM127,"APAGADO") -> 0 | K127: =(I127)/(J127+I127) -> 1
A128: SAN JORGE | B128: ESM02 | C128: COSEIDI | D128: Novak y Cabello | E128: Domo | F128: PTO A FO | H128: 172.20.11.46 | I128: =COUNTIF(L128:AM128,"") -> 26 | J128: =COUNTIF(L128:AM128,"APAGADO") -> 2 | K128: =(I128)/(J128+I128) -> 0.92857143 | N128: APAGADO | O128: APAGADO
A129: LIBERTAD | B129: ESM03 | C129: COSEIDI | D129: Novak y Humahuaca | E129: DOMO | F129: PTO A FO | H129: 172.20.11.42 | I129: =COUNTIF(L129:AM129,"") -> 24 | J129: =COUNTIF(L129:AM129,"APAGADO") -> 4 | K129: =(I129)/(J129+I129) -> 0.85714286 | L129: APAGADO | M129: APAGADO | N129: APAGADO | P129: APAGADO
A130: LA ESMERALDA | B130: ESM04 | C130: COSEIDI | D130: Basualdo y Bengochea | E130: Domo | F130: FIBRA OPTICA | H130: 172.20.12.46 | I130: =COUNTIF(L130:AM130,"") -> 28 | J130: =COUNTIF(L130:AM130,"APAGADO") -> 0 | K130: =(I130)/(J130+I130) -> 1
A131: LA ESMERALDA | B131: ESM05 | C131: COSEIDI | D131: Aniceto Diaz y Villar | E131: Domo | F131: FIBRA OPTICA | H131: 172.20.12.48 | I131: =COUNTIF(L131:AM131,"") -> 28 | J131: =COUNTIF(L131:AM131,"APAGADO") -> 0 | K131: =(I131)/(J131+I131) -> 1
A132: LA ESMERALDA | B132: ESM06 | C132: COSEIDI | D132: Roselli y Cabello | E132: Domo | F132: Radio | H132: 172.20.200.168 | I132: =COUNTIF(L132:AM132,"") -> 28 | J132: =COUNTIF(L132:AM132,"APAGADO") -> 0 | K132: =(I132)/(J132+I132) -> 1
A133: LA ESMERALDA | B133: ESM07 | C133: COSEIDI | D133: AV. NOVAK Y SERRANO | E133: DOMO | F133: PTO A FO | H133: 172.20.11.44 | I133: =COUNTIF(L133:AM133,"") -> 28 | J133: =COUNTIF(L133:AM133,"APAGADO") -> 0 | K133: =(I133)/(J133+I133) -> 1
A134: LA ESMERALDA | B134: ESM 08 | C134: COSEIDI | D134: DAVINSON Y MORANCHEL | E134: FIJA | F134: Radio | H134: 10.20.30.38 | I134: =COUNTIF(L134:AM134,"") -> 28 | J134: =COUNTIF(L134:AM134,"APAGADO") -> 0 | K134: =(I134)/(J134+I134) -> 1
A135: LA ESMERALDA | B135: ESM09 (fija 1) | C135: COSEIDI | D135: EEUU Y CABELLO | E135: Fija | F135: Fibra Optica | H135: 172.20.11.76 | I135: =COUNTIF(L135:AM135,"") -> 28 | J135: =COUNTIF(L135:AM135,"APAGADO") -> 0 | K135: =(I135)/(J135+I135) -> 1
A136: LA ESMERALDA | B136: ESM10 (fija 2) | C136: COSEIDI | D136: EEUU Y CABELLO | E136: Fija | F136: Fibra Optica | H136: 172.20.11.77 | I136: =COUNTIF(L136:AM136,"") -> 28 | J136: =COUNTIF(L136:AM136,"APAGADO") -> 0 | K136: =(I136)/(J136+I136) -> 1
A137: LA ESMERALDA | B137: ESM11 (fija 1) | C137: COSEIDI | D137: NOVAK Y LAMBARDI | E137: Fija | F137: Fibra Optica | H137: 172.20.11.131 | I137: =COUNTIF(L137:AM137,"") -> 28 | J137: =COUNTIF(L137:AM137,"APAGADO") -> 0 | K137: =(I137)/(J137+I137) -> 1
A138: LA ESMERALDA | B138: ESM12 (fija 2) | C138: COSEIDI | D138: NOVAK Y LAMBARDI | E138: Fija | F138: Fibra Optica | H138: 172.20.11.132 | I138: =COUNTIF(L138:AM138,"") -> 28 | J138: =COUNTIF(L138:AM138,"APAGADO") -> 0 | K138: =(I138)/(J138+I138) -> 1
A139: LA ESMERALDA | B139: ESM 13 | C139: COSEIDI | D139: Barzi y Serrano | E139: fija | F139: Fibra Optica | H139: 172.20.11.56 | I139: =COUNTIF(L139:AM139,"") -> 28 | J139: =COUNTIF(L139:AM139,"APAGADO") -> 0 | K139: =(I139)/(J139+I139) -> 1
A140: LA ESMERALDA | B140: ESM 14 | C140: COSEIDI | D140: Barzi y Serrano | E140: fija | F140: Fibra Optica | H140: 172.20.11.57 | I140: =COUNTIF(L140:AM140,"") -> 28 | J140: =COUNTIF(L140:AM140,"APAGADO") -> 0 | K140: =(I140)/(J140+I140) -> 1
A141: LA ESMERALDA | B141: ESM 15 | C141: COSEIDI | D141: Basualdo y Lieja | E141: Fija | F141: Fibra Optica | H141: 172.20.11.51 | I141: =COUNTIF(L141:AM141,"") -> 28 | J141: =COUNTIF(L141:AM141,"APAGADO") -> 0 | K141: =(I141)/(J141+I141) -> 1
... A144: INGENIERO ALLAN | B144: INA 02 | C144: COSEIDI | D144: 1144 Y 1155 | E144: DOMO | F144: Fibra Optica | H144: 172.20.11.174 | I144: =COUNTIF(L144:AM144,"") -> 28 | J144: =COUNTIF(L144:AM144,"APAGADO") -> 0 | K144: =(I144)/(J144+I144) -> 1
A145: INFICO | B145: INF 01 | C145: COSEIDI | D145: AV. HUDSON Y CARIBONI | F145: Fibra Optica | H145: 172.20.11.62 | I145: =COUNTIF(L145:AM145,"") -> 28 | J145: =COUNTIF(L145:AM145,"APAGADO") -> 0 | K145: =(I145)/(J145+I145) -> 1
A146: VILLA ARGENTINA | B146: KM01 | C146: BONOMO | D146: Vias FFCC y La Pulperia | E146: DOMO | F146: Radio | H146: 172.20.200.145 | I146: =COUNTIF(L146:AM146,"") -> 28 | J146: =COUNTIF(L146:AM146,"APAGADO") -> 0 | K146: =(I146)/(J146+I146) -> 1
A147: CHACABUCO | B147: KM02 | C147: BONOMO | D147: Novak e/El Overo y el Mangrullo | E147: Domo | F147: Radio | H147: 172.20.200.144 | I147: =COUNTIF(L147:AM147,"") -> 28 | J147: =COUNTIF(L147:AM147,"APAGADO") -> 0 | K147: =(I147)/(J147+I147) -> 1
A148: KM 26700 (JULIO A. COSTA) | B148: KM03 | C148: BONOMO | D148: Novak y La Pulperia | E148: Domo | F148: Radio | H148: 172.20.200.185 | I148: =COUNTIF(L148:AM148,"") -> 28 | J148: =COUNTIF(L148:AM148,"APAGADO") -> 0 | K148: =(I148)/(J148+I148) -> 1
A149: KM 26700 (JULIO A. COSTA) | B149: KM04 | C149: BONOMO | D149: El Ombu y El Zonda | E149: Domo | F149: Radio | H149: 172.20.200.131 | I149: =COUNTIF(L149:AM149,"") -> 27 | J149: =COUNTIF(L149:AM149,"APAGADO") -> 1 | K149: =(I149)/(J149+I149) -> 0.96428571 | N149: APAGADO
A150: KM 26700 (JULIO A. COSTA) | B150: KM05 | C150: BONOMO | D150: El Ombu y Los Charruas | E150: Domo | F150: Radio | H150: 172.20.200.174 | I150: =COUNTIF(L150:AM150,"") -> 28 | J150: =COUNTIF(L150:AM150,"APAGADO") -> 0 | K150: =(I150)/(J150+I150) -> 1
A151: KM 26700 (JULIO A. COSTA) | B151: KM06 | C151: BONOMO | D151: El Ombu y La Cautiva | E151: DOMO | F151: Radio | H151: 172.20.200.127 | I151: =COUNTIF(L151:AM151,"") -> 28 | J151: =COUNTIF(L151:AM151,"APAGADO") -> 0 | K151: =(I151)/(J151+I151) -> 1
A152: KM 26700 (JULIO A. COSTA) | B152: KM 07 | C152: BONOMO | D152: EL ALJIBE E/ EL ZONDA Y DON SEGUNDO SOMBRA | E152: DOMO | F152: Radio | H152: 10.20.30.20 | I152: =COUNTIF(L152:AM152,"") -> 28 | J152: =COUNTIF(L152:AM152,"APAGADO") -> 0 | K152: =(I152)/(J152+I152) -> 1
A153: KM 26700 (JULIO A. COSTA) | B153: KM08 / UPA 03 | C153: BONOMO | D153: LOS CHARRUAS Y BLANDENGUES | E153: DOMO | F153: Radio | H153: 172.20.200.149 | I153: =COUNTIF(L153:AM153,"") -> 28 | J153: =COUNTIF(L153:AM153,"APAGADO") -> 0 | K153: =(I153)/(J153+I153) -> 1
A154: KM 26700 (JULIO A. COSTA) | B154: KM09 / UPA 1 | C154: BONOMO | D154: NOVAK Y LA POSTA | E154: DOMO | F154: Radio | H154: 172.20.10.63 | I154: =COUNTIF(L154:AM154,"") -> 28 | J154: =COUNTIF(L154:AM154,"APAGADO") -> 0 | K154: =(I154)/(J154+I154) -> 1
A155: KM 26700 (JULIO A. COSTA) | B155: KM 10 / UPA 2 | C155: BONOMO | D155: PLAYA DE ESTACIONAMIENTO INTERNA E/ HOSP. MODULAR Y UPA 11. | E155: DOMO | F155: Radio | H155: 10.20.30.26 | I155: =COUNTIF(L155:AM155,"") -> 28 | J155: =COUNTIF(L155:AM155,"APAGADO") -> 0 | K155: =(I155)/(J155+I155) -> 1
A156: KM 26700 (JULIO A. COSTA) | B156: KM11 | C156: BONOMO | D156: NOVAK Y EL OVERO | E156: DOMO | F156: Fibra Optica | H156: 172.20.11.70 | I156: =COUNTIF(L156:AM156,"") -> 28 | J156: =COUNTIF(L156:AM156,"APAGADO") -> 0 | K156: =(I156)/(J156+I156) -> 1
A157: KM 26700 (JULIO A. COSTA) | B157: KM 12 FIJA 1 | C157: BONOMO | D157: BLANDENGUES Y LA ZAMBA | E157: Fija | F157: PTO A FO | G157: TORRE VILLA ARGENTINA | H157: 172.20.12.85 | I157: =COUNTIF(L157:AM157,"") -> 27 | J157: =COUNTIF(L157:AM157,"APAGADO") -> 1 | K157: =(I157)/(J157+I157) -> 0.96428571 | L157: APAGADO
A158: KM 26700 (JULIO A. COSTA) | B158: KM 13 FIJA 2 | C158: BONOMO | D158: BLANDENGUES Y LA ZAMBA | E158: Fija | F158: PTO A FO | G158: TORRE VILLA ARGENTINA | H158: 172.20.12.86 | I158: =COUNTIF(L158:AM158,"") -> 27 | J158: =COUNTIF(L158:AM158,"APAGADO") -> 1 | K158: =(I158)/(J158+I158) -> 0.96428571 | L158: APAGADO
A159: KM 26700 (JULIO A. COSTA) | B159: KM 14 (fija 1) | C159: BONOMO | D159: EL GAUCHO Y EL ZONDA | E159: Fija | F159: PTO A FO | G159: TORRE VILLA ARGENTINA | H159: 172.20.12.94 | I159: =COUNTIF(L159:AM159,"") -> 23 | J159: =COUNTIF(L159:AM159,"APAGADO") -> 5 | K159: =(I159)/(J159+I159) -> 0.82142857 | L159: APAGADO | M159: APAGADO | N159: APAGADO | O159: APAGADO | P159: APAGADO
A160: KM 26700 (JULIO A. COSTA) | B160: KM 15 (fija 2) | C160: BONOMO | D160: EL GAUCHO Y EL ZONDA | E160: Fija | F160: PTO A FO | G160: TORRE VILLA ARGENTINA | H160: 172.20.12.95 | I160: =COUNTIF(L160:AM160,"") -> 23 | J160: =COUNTIF(L160:AM160,"APAGADO") -> 5 | K160: =(I160)/(J160+I160) -> 0.82142857 | L160: APAGADO | M160: APAGADO | N160: APAGADO | O160: APAGADO | P160: APAGADO
A161: KM 26700 (JULIO A. COSTA) | B161: KM 16 (fija 1) | C161: BONOMO | D161: EL GAUCHO Y MARTIN FIERRO | E161: Fija | F161: PTO A FO | G161: TORRE VILLA ARGENTINA | H161: 172.20.12.88 | I161: =COUNTIF(L161:AM161,"") -> 23 | J161: =COUNTIF(L161:AM161,"APAGADO") -> 5 | K161: =(I161)/(J161+I161) -> 0.82142857 | L161: APAGADO | M161: APAGADO | N161: APAGADO | O161: APAGADO | P161: APAGADO
A162: KM 26700 (JULIO A. COSTA) | B162: KM 17 (fija 2) | C162: BONOMO | D162: EL GAUCHO Y MARTIN FIERRO | E162: Fija | F162: PTO A FO | G162: TORRE VILLA ARGENTINA | H162: 172.20.12.89 | I162: =COUNTIF(L162:AM162,"") -> 23 | J162: =COUNTIF(L162:AM162,"APAGADO") -> 5 | K162: =(I162)/(J162+I162) -> 0.82142857 | L162: APAGADO | M162: APAGADO | N162: APAGADO | O162: APAGADO | P162: APAGADO
A163: KM 26700 (JULIO A. COSTA) | B163: KM 18 | C163: BONOMO | D163: PULPERIA Y EL ALJIBE | E163: Domo | F163: Fibra Optica | H163: 172.20.10.74 | I163: =COUNTIF(L163:AM163,"") -> 28 | J163: =COUNTIF(L163:AM163,"APAGADO") -> 0 | K163: =(I163)/(J163+I163) -> 1
A164: LOMAS DE MONTEVERDE | B164: LDM 01 | C164: BONOMO | D164: ILLIA Y BOUREL | E164: DOMO | F164: PTO A FO | H164: 172.20.11.36 | I164: =COUNTIF(L164:AM164,"") -> 28 | J164: =COUNTIF(L164:AM164,"APAGADO") -> 0 | K164: =(I164)/(J164+I164) -> 1
A165: LOMAS DE MONTEVERDE | B165: LDM 02 | C165: BONOMO | D165: LAS HERAS Y EDISON | E165: DOMO | F165: PTO A FO | H165: 172.20.11.32 | I165: =COUNTIF(L165:AM165,"") -> 28 | J165: =COUNTIF(L165:AM165,"APAGADO") -> 0 | K165: =(I165)/(J165+I165) -> 1
A166: LOMAS DE MONTEVERDE | B166: LDM 03 | C166: BONOMO | D166: LAS HERAS Y FRANKLIN | E166: DOMO | F166: PTO A FO | H166: 172.20.11.34 | I166: =COUNTIF(L166:AM166,"") -> 28 | J166: =COUNTIF(L166:AM166,"APAGADO") -> 0 | K166: =(I166)/(J166+I166) -> 1
A167: LIBERTAD | B167: LIBER 01 | C167: COSEIDI | D167: 511 Y 574 FIJA 01 | E167: Fija | F167: RADIO | I167: =COUNTIF(L167:AM167,"") -> 28 | J167: =COUNTIF(L167:AM167,"APAGADO") -> 0 | K167: =(I167)/(J167+I167) -> 1
A168: LIBERTAD | B168: LIBER 02 | C168: COSEIDI | D168: 511 Y 574 FIJA 02 | E168: Fija | F168: Radio | I168: =COUNTIF(L168:AM168,"") -> 28 | J168: =COUNTIF(L168:AM168,"APAGADO") -> 0 | K168: =(I168)/(J168+I168) -> 1
A169: CHACABUCO | B169: LPI 01 | C169: BONOMO | D169: Maipu y Posadas | E169: Domo | F169: Radio | H169: 172.20.200.128 | I169: =COUNTIF(L169:AM169,"") -> 28 | J169: =COUNTIF(L169:AM169,"APAGADO") -> 0 | K169: =(I169)/(J169+I169) -> 1
A170: CHACABUCO | B170: LPI02 | C170: BONOMO | D170: EE.UU y Ayacucho | E170: Domo | F170: Radio | H170: 172.20.200.190 | I170: =COUNTIF(L170:AM170,"") -> 28 | J170: =COUNTIF(L170:AM170,"APAGADO") -> 0 | K170: =(I170)/(J170+I170) -> 1
A171: LA PILETA | B171: LPI03 (fija 2) | C171: BONOMO | D171: MAIPU Y POSADAS | E171: Fija | F171: Fibra Optica | H171: 172.20.11.72 | I171: =COUNTIF(L171:AM171,"") -> 28 | J171: =COUNTIF(L171:AM171,"APAGADO") -> 0 | K171: =(I171)/(J171+I171) -> 1
...

Sheet Hoja4
A10: Barrio | B10: [Denominacion] | C10: [Empresa Mantenimiento] | D10: [Ubicacion] | E10: [Tipo de Camara] | F10: [Tipo de Conexion]
A11: CENTRO | B11: CEN 72 | C11: BONOMO | D11: MORENO Y 25 DE MAYO | E11: Domo | F11: Fibra Optica | G11: 172.20.11.219
A12: DON JOSE | B12: DJO 02 (fija 1) | C12: BONOMO | D12: DONATO ALVAREZ Y EL APERO | E12: Fija | F12: PTO A FO | G12: 172.20.12.97
A13: DON JOSE | B13: DJO 03 (fija 2) | C13: BONOMO | D13: DONATO ALVAREZ Y EL APERO | E13: Fija | F13: PTO A FO | G13: 172.20.12.98
A14: DON JOSE | B14: DJO 04 (Fija 1) | C14: BONOMO | D14: MONTEVERDE Y EL INDIO | E14: Fija | F14: PTO A FO | G14: 172.20.12.91
A15: DON JOSE | B15: DJO 05 (Fija 2) | C15: BONOMO | D15: MONTEVERDE Y EL INDIO | E15: Fija | F15: PTO A FO | G15: 172.20.12.92
A16: DON JOSE | B16: DJ O6 | C16: BONOMO | D16: Calle 414 y El Indio | E16: Fija | F16: PTO A FO | G16: 172.20.12.121
A17: DON JOSE | B17: DJ 07 | C17: BONOMO | D17: Calle 414 y El Indio | E17: Fija | F17: PTO A FO | G17: 172.20.12.122
A18: KM 26700 (JULIO A. COSTA) | B18: KM 14 (fija 1) | C18: BONOMO | D18: EL GAUCHO Y EL ZONDA | E18: Fija | F18: PTO A FO | G18: 172.20.12.94
A19: KM 26700 (JULIO A. COSTA) | B19: KM 15 (fija 2) | C19: BONOMO | D19: EL GAUCHO Y EL ZONDA | E19: Fija | F19: PTO A FO | G19: 172.20.12.95
A20: KM 26700 (JULIO A. COSTA) | B20: KM 16 (fija 1) | C20: BONOMO | D20: EL GAUCHO Y MARTIN FIERRO | E20: Fija | F20: PTO A FO | G20: 172.20.12.88
A21: KM 26700 (JULIO A. COSTA) | B21: KM 17 (fija 2) | C21: BONOMO | D21: EL GAUCHO Y MARTIN FIERRO | E21: Fija | F21: PTO A FO | G21: 172.20.12.89
A22: MARTIN FIERRO | B22: MFI 07 | C22: BONOMO | D22: Sargento Cabral y Carlos Gardel | E22: Domo | F22: PTO A FO | G22: 172.20.10.104
... A24: 9 DE JULIO | B24: NJU09 | C24: BONOMO | D24: PARRILLO Y CONTRERAS | E24: DOMO | F24: Fibra Optica | G24: 172.20.11.190
A25: DON JOSE | B25: PUNTO SEGURO AGUSTIN RAMIREZ INTERCOMUNICADOR | C25: BONOMO | D25: MALAMBO Y LA TRANQUERA | E25: Fija | F25: Fibra Optica
A26: SAN EDUARDO | B26: SEDU01 | C26: BONOMO | D26: San Martin y Sperandio | E26: Domo | F26: Fibra Optica | G26: 172.20.10.10
A27: VILLA CIRIO | B27: SEDU03 | C27: BONOMO | D27: Av. San Martin y Las Americas | E27: Domo | F27: Radio | G27: 172.20.200.183
A28: LA SIRENA | B28: SIR09 (fija 1) | C28: BONOMO | D28: GUIDO SPANO Y MORAN | E28: Fija | F28: Fibra Optica | G28: 172.20.11.96
A29: LA SIRENA | B29: SIR10 (fija 2) | C29: BONOMO | D29: GUIDO SPANO Y MORAN | E29: Fija | F29: Fibra Optica | G29: 172.20.11.97
A30: LA SIRENA | B30: SIR 14 | C30: BONOMO | D30: MANUEL IGLESIAS Y PEDRAZA | E30: Domo | F30: Fibra Optica | G30: 172.20.11.100
A31: VILLA DEL PLATA | B31: VDPL05 | C31: BONOMO | D31: Ruta 36 y Abraham | E31: Domo | F31: PTO A FO | G31: 172.20.12.219
A32: VILLA ANGELICA | B32: VDPL06 | C32: BONOMO | D32: Thevenet e/ Islas Orcadas y Gardel | E32: Domo | F32: Radio | G32: 172.20.200.196
A35: CAMARAS SIN FUNCIONAMIENTO DEL DIA 05 DE JUNIO DE 2023
A38: RECIBIDO: | D38: FIRMA:
A41: EMPRESA: BONOMO SISTEMAS
D43: ACALARCION:

Sheet ESTADISTICA
A1: ='RESUMEN TOTAL'!A4 -> Barrio | B1: ='RESUMEN TOTAL'!B4 -> [Denominacion] | C1: ='RESUMEN TOTAL'!D4 -> [Ubicacion] | D1: ='RESUMEN TOTAL'!E4 -> [Tipo de Camara] | E1: ='RESUMEN TOTAL'!F4 -> [Tipo de Conexion] | F1: ='RESUMEN TOTAL'!L4 -> 45078 | G1: ='RESUMEN TOTAL'!M4 -> 45079 | H1: ='RESUMEN TOTAL'!N4 -> 45080 | I1: ='RESUMEN TOTAL'!O4 -> 45081 | J1: ='RESUMEN TOTAL'!P4 -> 45082 | K1: ='RESUMEN TOTAL'!Q4 -> 45083 | L1: ='RESUMEN TOTAL'!R4 -> 45084 | M1: ='RESUMEN TOTAL'!S4 -> 45085 | ... AI1: ='RESUMEN TOTAL'!AO4 -> 45107 | AJ1: ='RESUMEN TOTAL'!#REF! -> #REF!
A2: ='RESUMEN TOTAL'!A5 -> ALTAMIRA | B2: ='RESUMEN TOTAL'!B5 -> ALT01 | C2: ='RESUMEN TOTAL'!D5 -> Calchaqui y Sgto. Cabral | D2: ='RESUMEN TOTAL'!E5 -> Domo | E2: ='RESUMEN TOTAL'!F5 -> Fibra Optica | F2: ='RESUMEN TOTAL'!L5 -> 0 | G2: ='RESUMEN TOTAL'!M5 -> 0 | H2: ='RESUMEN TOTAL'!N5 -> 0 | I2: ='RESUMEN TOTAL'!O5 -> 0 | J2: ='RESUMEN TOTAL'!P5 -> 0 | K2: ='RESUMEN TOTAL'!Q5 -> 0 | L2: ='RESUMEN TOTAL'!R5 -> 0 | M2: ='RESUMEN TOTAL'!S5 -> 0 | ... AI2: ='RESUMEN TOTAL'!AO5 -> 0 | AJ2: ='RESUMEN TOTAL'!#REF! -> #REF!
A3: ='RESUMEN TOTAL'!A6 -> ALTAMIRA | B3: ='RESUMEN TOTAL'!B6 -> ALT02 | C3: ='RESUMEN TOTAL'!D6 -> Calchaqui y Lope de Vega | D3: ='RESUMEN TOTAL'!E6 -> Domo | E3: ='RESUMEN TOTAL'!F6 -> PTO A FO | F3: ='RESUMEN TOTAL'!L6 -> 0 | G3: ='RESUMEN TOTAL'!M6 -> 0 | H3: ='RESUMEN TOTAL'!N6 -> 0 | I3: ='RESUMEN TOTAL'!O6 -> 0 | J3: ='RESUMEN TOTAL'!P6 -> 0 | K3: ='RESUMEN TOTAL'!Q6 -> 0 | L3: ='RESUMEN TOTAL'!R6 -> 0 | M3: ='RESUMEN TOTAL'!S6 -> 0 | ... AI3: ='RESUMEN TOTAL'!AO6 -> 0 | AJ3: ='RESUMEN TOTAL'!#REF! -> #REF!
A4: ='RESUMEN TOTAL'!A7 -> ALTAMIRA | B4: ='RESUMEN TOTAL'!B7 -> ALT 03 | C4: ='RESUMEN TOTAL'!D7 -> Bombero Galarza y Necochea | D4: ='RESUMEN TOTAL'!E7 -> Domo | E4: ='RESUMEN TOTAL'!F7 -> FIBRA OPTICA | F4: ='RESUMEN TOTAL'!L7 -> 0 | G4: ='RESUMEN TOTAL'!M7 -> 0 | H4: ='RESUMEN TOTAL'!N7 -> 0 | I4: ='RESUMEN TOTAL'!O7 -> 0 | J4: ='RESUMEN TOTAL'!P7 -> 0 | K4: ='RESUMEN TOTAL'!Q7 -> 0 | L4: ='RESUMEN TOTAL'!R7 -> 0 | M4: ='RESUMEN TOTAL'!S7 -> 0 | ... AI4: ='RESUMEN TOTAL'!AO7 -> 0 | AJ4: ='RESUMEN TOTAL'!#REF! -> #REF!
A5: ='RESUMEN TOTAL'!A8 -> ALTAMIRA | B5: ='RESUMEN TOTAL'!B8 -> ALT 04 | C5: ='RESUMEN TOTAL'!D8 -> Francia y Necochea | D5: ='RESUMEN TOTAL'!E8 -> Domo | E5: ='RESUMEN TOTAL'!F8 -> FIBRA OPTICA | F5: ='RESUMEN TOTAL'!L8 -> 0 | G5: ='RESUMEN TOTAL'!M8 -> 0 | H5: ='RESUMEN TOTAL'!N8 -> 0 | I5: ='RESUMEN TOTAL'!O8 -> 0 | J5: ='RESUMEN TOTAL'!P8 -> 0 | K5: ='RESUMEN TOTAL'!Q8 -> 0 | L5: ='RESUMEN TOTAL'!R8 -> 0 | M5: ='RESUMEN TOTAL'!S8 -> 0 | ... AI5: ='RESUMEN TOTAL'!AO8 -> 0 | AJ5: ='RESUMEN TOTAL'!#REF! -> #REF!
A6: ='RESUMEN TOTAL'!A9 -> ALTAMIRA | B6: ='RESUMEN TOTAL'!B9 -> ALT05 | C6: ='RESUMEN TOTAL'!D9 -> Av. Calchaqui y Bombero Galarza | D6: ='RESUMEN TOTAL'!E9 -> Domo | E6: ='RESUMEN TOTAL'!F9 -> PTO A FO | F6: ='RESUMEN TOTAL'!L9 -> 0 | G6: ='RESUMEN TOTAL'!M9 -> 0 | H6: ='RESUMEN TOTAL'!N9 -> 0 | I6: ='RESUMEN TOTAL'!O9 -> 0 | J6: ='RESUMEN TOTAL'!P9 -> 0 | K6: ='RESUMEN TOTAL'!Q9 -> 0 | L6: ='RESUMEN TOTAL'!R9 -> 0 | M6: ='RESUMEN TOTAL'!S9 -> 0 | ... AI6: ='RESUMEN TOTAL'!AO9 -> 0 | AJ6: ='RESUMEN TOTAL'!#REF! -> #REF!
A7: ='RESUMEN TOTAL'!A10 -> ALTAMIRA | B7: ='RESUMEN TOTAL'!B10 -> ALT 06 | C7: ='RESUMEN TOTAL'!D10 -> LOPE DE VEGA Y NECOCHEA | D7: ='RESUMEN TOTAL'!E10 -> Domo | E7: ='RESUMEN TOTAL'!F10 -> PTO A FO | F7: ='RESUMEN TOTAL'!L10 -> 0 | G7: ='RESUMEN TOTAL'!M10 -> 0 | H7: ='RESUMEN TOTAL'!N10 -> 0 | I7: ='RESUMEN TOTAL'!O10 -> 0 | J7: ='RESUMEN TOTAL'!P10 -> 0 | K7: ='RESUMEN TOTAL'!Q10 -> 0 | L7: ='RESUMEN TOTAL'!R10 -> 0 | M7: ='RESUMEN TOTAL'!S10 -> 0 | ... AI7: ='RESUMEN TOTAL'!AO10 -> 0 | AJ7: ='RESUMEN TOTAL'!#REF! -> #REF!
A8: ='RESUMEN TOTAL'!A11 -> ALTAMIRA | B8: ='RESUMEN TOTAL'!B11 -> ALT07 | C8: ='RESUMEN TOTAL'!D11 -> AV. CALCHAQUI Y AV. DEL TRABAJO | D8: ='RESUMEN TOTAL'!E11 -> DOMO | E8: ='RESUMEN TOTAL'!F11 -> PTO A FO | F8: ='RESUMEN TOTAL'!L11 -> 0 | G8: ='RESUMEN TOTAL'!M11 -> 0 | H8: ='RESUMEN TOTAL'!N11 -> 0 | I8: ='RESUMEN TOTAL'!O11 -> 0 | J8: ='RESUMEN TOTAL'!P11 -> 0 | K8: ='RESUMEN TOTAL'!Q11 -> 0 | L8: ='RESUMEN TOTAL'!R11 -> 0 | M8: ='RESUMEN TOTAL'!S11 -> 0 | ... AI8: ='RESUMEN TOTAL'!AO11 -> 0 | AJ8: ='RESUMEN TOTAL'!#REF! -> #REF!
A9: ='RESUMEN TOTAL'!A12 -> ALTAMIRA | B9: ='RESUMEN TOTAL'!B12 -> ALT 08 | C9: ='RESUMEN TOTAL'!D12 -> HUMAITA Y NECOCHEA | D9: ='RESUMEN TOTAL'!E12 -> DOMO | E9: ='RESUMEN TOTAL'!F12 -> Fibra Optica | F9: ='RESUMEN TOTAL'!L12 -> 0 | G9: ='RESUMEN TOTAL'!M12 -> 0 | H9: ='RESUMEN TOTAL'!N12 -> 0 | I9: ='RESUMEN TOTAL'!O12 -> 0 | J9: ='RESUMEN TOTAL'!P12 -> 0 | K9: ='RESUMEN TOTAL'!Q12 -> 0 | L9: ='RESUMEN TOTAL'!R12 -> 0 | M9: ='RESUMEN TOTAL'!S12 -> 0 | ... AI9: ='RESUMEN TOTAL'!AO12 -> 0 | AJ9: ='RESUMEN TOTAL'!#REF! -> #REF!
A10: ='RESUMEN TOTAL'!A13 -> ALTAMIRA | B10: ='RESUMEN TOTAL'!B13 -> ALT 09 | C10: ='RESUMEN TOTAL'!D13 -> NECOCHEA Y CURUPAITY | D10: ='RESUMEN TOTAL'!E13 -> DOMO | E10: ='RESUMEN TOTAL'!F13 -> Fibra Optica | F10: ='RESUMEN TOTAL'!L13 -> 0 | G10: ='RESUMEN TOTAL'!M13 -> 0 | H10: ='RESUMEN TOTAL'!N13 -> 0 | I10: ='RESUMEN TOTAL'!O13 -> 0 | J10: ='RESUMEN TOTAL'!P13 -> 0 | K10: ='RESUMEN TOTAL'!Q13 -> 0 | L10: ='RESUMEN TOTAL'!R13 -> 0 | M10: ='RESUMEN TOTAL'!S13 -> 0 | ... AI10: ='RESUMEN TOTAL'!AO13 -> 0 | AJ10: ='RESUMEN TOTAL'!#REF! -> #REF!
A11: ='RESUMEN TOTAL'!A14 -> ALTAMIRA | B11: ='RESUMEN TOTAL'!B14 -> ALT 10 | C11: ='RESUMEN TOTAL'!D14 -> Calchaqui y Francia | D11: ='RESUMEN TOTAL'!E14 -> Domo | E11: ='RESUMEN TOTAL'!F14 -> Radio | F11: ='RESUMEN TOTAL'!L14 -> 0 | G11: ='RESUMEN TOTAL'!M14 -> 0 | H11: ='RESUMEN TOTAL'!N14 -> 0 | I11: ='RESUMEN TOTAL'!O14 -> 0 | J11: ='RESUMEN TOTAL'!P14 -> 0 | K11: ='RESUMEN TOTAL'!Q14 -> 0 | L11: ='RESUMEN TOTAL'!R14 -> 0 | M11: ='RESUMEN TOTAL'!S14 -> 0 | ... AI11: ='RESUMEN TOTAL'!AO14 -> 0 | AJ11: ='RESUMEN TOTAL'!#REF! -> #REF!
A12: ='RESUMEN TOTAL'!A15 -> AGUSTIN RAMIREZ | B12: ='RESUMEN TOTAL'!B15 -> ARA 01 | C12: ='RESUMEN TOTAL'!D15 -> Malambo y Tranquera | D12: ='RESUMEN TOTAL'!E15 -> Domo | E12: ='RESUMEN TOTAL'!F15 -> FIBRA OPTICA | F12: ='RESUMEN TOTAL'!L15 -> 0 | G12: ='RESUMEN TOTAL'!M15 -> 0 | H12: ='RESUMEN TOTAL'!N15 -> 0 | I12: ='RESUMEN TOTAL'!O15 -> 0 | J12: ='RESUMEN TOTAL'!P15 -> 0 | K12: ='RESUMEN TOTAL'!Q15 -> 0 | L12: ='RESUMEN TOTAL'!R15 -> 0 | M12: ='RESUMEN TOTAL'!S15 -> 0 | ... AI12: ='RESUMEN TOTAL'!AO15 -> 0 | AJ12: ='RESUMEN TOTAL'!#REF! -> #REF!
... A635: ='RESUMEN TOTAL'!A638 -> 0 | B635: ='RESUMEN TOTAL'!B638 -> 0 | C635: ='RESUMEN TOTAL'!D638 -> 0 | D635: ='RESUMEN TOTAL'!E638 -> 0 | E635: ='RESUMEN TOTAL'!F638 -> 0 | F635: ='RESUMEN TOTAL'!L638 -> 0 | G635: ='RESUMEN TOTAL'!M638 -> 0 | H635: ='RESUMEN TOTAL'!N638 -> 0 | I635: ='RESUMEN TOTAL'!O638 -> 0 | J635: ='RESUMEN TOTAL'!P638 -> 0 | K635: ='RESUMEN TOTAL'!Q638 -> 0 | L635: ='RESUMEN TOTAL'!R638 -> 0 | M635: ='RESUMEN TOTAL'!S638 -> 0 | ... AI635: ='RESUMEN TOTAL'!AO638 -> 0 | AJ635: ='RESUMEN TOTAL'!#REF! -> #REF!

Sheet APAGADOS
E1: APAGADOS | F1: =COUNTIF(F3:F401, "APAGADO") -> 47 | G1: =COUNTIF(G3:G401, "APAGADO") -> 38 | H1: =COUNTIF(H3:H501, "APAGADO") -> 55 | I1: =COUNTIF(I3:I401, "APAGADO") -> 40 | J1: =COUNTIF(J3:J401, "APAGADO") -> 39 | K1: =COUNTIF(K3:K401, "APAGADO") -> 0 | L1: =COUNTIF(L3:L401, "APAGADO") -> 0 | M1: =COUNTIF(M3:M401, "APAGADO") -> 0 | N1: =COUNTIF(N3:N401, "APAGADO") -> 0 | O1: =COUNTIF(O3:O401, "APAGADO") -> 0 | P1: =COUNTIF(P3:P401, "APAGADO") -> 0 | ... AD1: =COUNTIF(AD3:AD401, "APAGADO") -> 0 | AE1: =COUNTIF(AE3:AE501, "APAGADO") -> 0 | AF1: =COUNTIF(AF3:AF401, "APAGADO") -> 0 | AG1: =COUNTIF(AG3:AG401, "APAGADO") -> 0 | AH1: =COUNTIF(AH3:AH401, "APAGADO") -> 0 | AI1: =COUNTIF(AI3:AI401, "APAGADO") -> 0 | AJ1: =COUNTIF(AJ3:AJ401, "APAGADO") -> 0
A2: =ESTADISTICA!A1 -> Barrio | B2: =ESTADISTICA!B1 -> [Denominacion] | C2: =ESTADISTICA!C1 -> [Ubicacion] | D2: =ESTADISTICA!D1 -> [Tipo de Camara] | E2: =ESTADISTICA!E1 -> [Tipo de Conexion] | F2: =ESTADISTICA!F1 -> 45078 | G2: =ESTADISTICA!G1 -> 45079 | H2: =ESTADISTICA!H1 -> 45080 | ... AJ2: =ESTADISTICA!AJ1 -> #REF!
A3: =ESTADISTICA!A2 -> ALTAMIRA | B3: =ESTADISTICA!B2 -> ALT01 | C3: =ESTADISTICA!C2 -> Calchaqui y Sgto. Cabral | D3: =ESTADISTICA!D2 -> Domo | E3: =ESTADISTICA!E2 -> Fibra Optica | F3: =ESTADISTICA!F2 -> 0 | G3: =ESTADISTICA!G2 -> 0 | H3: =ESTADISTICA!H2 -> 0 | ... AJ3: =ESTADISTICA!AJ2 -> #REF!
A4: =ESTADISTICA!A3 -> ALTAMIRA | B4: =ESTADISTICA!B3 -> ALT02 | C4: =ESTADISTICA!C3 -> Calchaqui y Lope de Vega | D4: =ESTADISTICA!D3 -> Domo | E4: =ESTADISTICA!E3 -> PTO A FO | F4: =ESTADISTICA!F3 -> 0 | G4: =ESTADISTICA!G3 -> 0 | H4: =ESTADISTICA!H3 -> 0 | ... AJ4: =ESTADISTICA!AJ3 -> #REF!
A5: =ESTADISTICA!A4 -> ALTAMIRA | B5: =ESTADISTICA!B4 -> ALT 03 | C5: =ESTADISTICA!C4 -> Bombero Galarza y Necochea | D5: =ESTADISTICA!D4 -> Domo | E5: =ESTADISTICA!E4 -> FIBRA OPTICA | F5: =ESTADISTICA!F4 -> 0 | G5: =ESTADISTICA!G4 -> 0 | H5: =ESTADISTICA!H4 -> 0 | ... AJ5: =ESTADISTICA!AJ4 -> #REF!
A6: =ESTADISTICA!A5 -> ALTAMIRA | B6: =ESTADISTICA!B5 -> ALT 04 | C6: =ESTADISTICA!C5 -> Francia y Necochea | D6: =ESTADISTICA!D5 -> Domo | E6: =ESTADISTICA!E5 -> FIBRA OPTICA | F6: =ESTADISTICA!F5 -> 0 | G6: =ESTADISTICA!G5 -> 0 | H6: =ESTADISTICA!H5 -> 0 | ... AJ6: =ESTADISTICA!AJ5 -> #REF!
A7: =ESTADISTICA!A6 -> ALTAMIRA | B7: =ESTADISTICA!B6 -> ALT05 | C7: =ESTADISTICA!C6 -> Av. Calchaqui y Bombero Galarza | D7: =ESTADISTICA!D6 -> Domo | E7: =ESTADISTICA!E6 -> PTO A FO | F7: =ESTADISTICA!F6 -> 0 | G7: =ESTADISTICA!G6 -> 0 | H7: =ESTADISTICA!H6 -> 0 | ... AJ7: =ESTADISTICA!AJ6 -> #REF!
A8: =ESTADISTICA!A7 -> ALTAMIRA | B8: =ESTADISTICA!B7 -> ALT 06 | C8: =ESTADISTICA!C7 -> LOPE DE VEGA Y NECOCHEA | D8: =ESTADISTICA!D7 -> Domo | E8: =ESTADISTICA!E7 -> PTO A FO | F8: =ESTADISTICA!F7 -> 0 | G8: =ESTADISTICA!G7 -> 0 | H8: =ESTADISTICA!H7 -> 0 | ... AJ8: =ESTADISTICA!AJ7 -> #REF!
A9: =ESTADISTICA!A8 -> ALTAMIRA | B9: =ESTADISTICA!B8 -> ALT07 | C9: =ESTADISTICA!C8 -> AV. CALCHAQUI Y AV. DEL TRABAJO | D9: =ESTADISTICA!D8 -> DOMO | E9: =ESTADISTICA!E8 -> PTO A FO | F9: =ESTADISTICA!F8 -> 0 | G9: =ESTADISTICA!G8 -> 0 | H9: =ESTADISTICA!H8 -> 0 | ... AJ9: =ESTADISTICA!AJ8 -> #REF!
A10: =ESTADISTICA!A9 -> ALTAMIRA | B10: =ESTADISTICA!B9 -> ALT 08 | C10: =ESTADISTICA!C9 -> HUMAITA Y NECOCHEA | D10: =ESTADISTICA!D9 -> DOMO | E10: =ESTADISTICA!E9 -> Fibra Optica | F10: =ESTADISTICA!F9 -> 0 | G10: =ESTADISTICA!G9 -> 0 | H10: =ESTADISTICA!H9 -> 0 | ... AJ10: =ESTADISTICA!AJ9 -> #REF!
A11: =ESTADISTICA!A10 -> ALTAMIRA | B11: =ESTADISTICA!B10 -> ALT 09 | C11: =ESTADISTICA!C10 -> NECOCHEA Y CURUPAITY | D11: =ESTADISTICA!D10 -> DOMO | E11: =ESTADISTICA!E10 -> Fibra Optica | F11: =ESTADISTICA!F10 -> 0 | G11: =ESTADISTICA!G10 -> 0 | H11: =ESTADISTICA!H10 -> 0 | ... AJ11: =ESTADISTICA!AJ10 -> #REF!
A12: =ESTADISTICA!A11 -> ALTAMIRA | B12: =ESTADISTICA!B11 -> ALT 10 | C12: =ESTADISTICA!C11 -> Calchaqui y Francia | D12: =ESTADISTICA!D11 -> Domo | E12: =ESTADISTICA!E11 -> Radio | F12: =ESTADISTICA!F11 -> 0 | G12: =ESTADISTICA!G11 -> 0 | H12: =ESTADISTICA!H11 -> 0 | ... AJ12: =ESTADISTICA!AJ11 -> #REF!
A13: =ESTADISTICA!A12 -> AGUSTIN RAMIREZ | B13: =ESTADISTICA!B12 -> ARA 01 | C13: =ESTADISTICA!C12 -> Malambo y Tranquera | D13: =ESTADISTICA!D12 -> Domo | E13: =ESTADISTICA!E12 -> FIBRA OPTICA | F13: =ESTADISTICA!F12 -> 0 | G13: =ESTADISTICA!G12 -> 0 | H13: =ESTADISTICA!H12 -> 0 | ... AJ13: =ESTADISTICA!AJ12 -> #REF!
... A514: =ESTADISTICA!A513 -> 0 | B514: =ESTADISTICA!B513 -> 0 | C514: =ESTADISTICA!C513 -> 0 | D514: =ESTADISTICA!D513 -> 0 | E514: =ESTADISTICA!E513 -> 0 | F514: =ESTADISTICA!F513 -> 0 | G514: =ESTADISTICA!G513 -> 0 | H514: =ESTADISTICA!H513 -> 0 | ... AJ514: =ESTADISTICA!AJ513 -> #REF!

Sheet APAGADOS FIBRA
C1: TOTAL FIBRA | D1: =COUNTIFS(E4:E400,"=Fibra Optica") -> 266
E2: APAGADOS | F2: =COUNTIFS(F4:F500, "=APAGADO",E4:E500,"=Fibra Optica") -> 35 | G2: =COUNTIFS(G4:G500, "=APAGADO",E4:E500,"=Fibra Optica") -> 27 | H2: =COUNTIFS(H4:H500, "=APAGADO",E4:E500,"=Fibra Optica") -> 34 | I2: =COUNTIFS(I4:I500, "=APAGADO",E4:E500,"=Fibra Optica") -> 29 | J2: =COUNTIFS(J4:J500, "=APAGADO",E4:E500,"=Fibra Optica") -> 29 | K2: =COUNTIFS(K4:K500, "=APAGADO",E4:E500,"=Fibra Optica") -> 0 | L2: =COUNTIFS(L4:L500, "=APAGADO",E4:E500,"=Fibra Optica") -> 0 | M2: =COUNTIFS(M4:M500, "=APAGADO",E4:E500,"=Fibra Optica") -> 0 | N2: =COUNTIFS(N4:N500, "=APAGADO",E4:E500,"=Fibra Optica") -> 0 | O2: =COUNTIFS(O4:O500, "=APAGADO",E4:E500,"=Fibra Optica") -> 0 | P2: =COUNTIFS(P4:P500, "=APAGADO",E4:E500,"=Fibra Optica") -> 0 | Q2: =COUNTIFS(Q4:Q500, "=APAGADO",E4:E500,"=Fibra Optica") -> 0 | R2: =COUNTIFS(R4:R500, "=APAGADO",E4:E500,"=Fibra Optica") -> 0 | S2: =COUNTIFS(S4:S500, "=APAGADO",E4:E500,"=Fibra Optica") -> 0 | T2: =COUNTIFS(T4:T500, "=APAGADO",E4:E500,"=Fibra Optica") -> 0 | U2: =COUNTIFS(U4:U500, "=APAGADO",E4:E500,"=Fibra Optica") -> 0 | V2: =COUNTIFS(V4:V500, "=APAGADO",E4:E500,"=Fibra Optica") -> 0 | W2: =COUNTIFS(W4:W500, "=APAGADO",E4:E500,"=Fibra Optica") -> 0 | X2: =COUNTIFS(X4:X500, "=APAGADO",E4:E500,"=Fibra Optica") -> 0 | Y2: =COUNTIFS(Y4:Y500, "=APAGADO",E4:E500,"=Fibra Optica") -> 0 | Z2: =COUNTIFS(Z4:Z500, "=APAGADO",E4:E500,"=Fibra Optica") -> 0 | AA2: =COUNTIFS(AA4:AA500, "=APAGADO",E4:E500,"=Fibra Optica") -> 0 | AB2: =COUNTIFS(AB4:AB500, "=APAGADO",E4:E500,"=Fibra Optica") -> 0 | AC2: =COUNTIFS(AC4:AC500, "=APAGADO",E4:E500,"=Fibra Optica") -> 0 | AD2: =COUNTIFS(AD4:AD500, "=APAGADO",E4:E500,"=Fibra Optica") -> 0 | AE2: =COUNTIFS(AE4:AE500, "=APAGADO",E4:E500,"=Fibra Optica") -> 0 | AF2: =COUNTIFS(AF4:AF500, "=APAGADO",E4:E500,"=Fibra Optica") -> 0 | AG2: =COUNTIFS(AG4:AG500, "=APAGADO",E4:E500,"=Fibra Optica") -> 0 | AH2: =COUNTIFS(AH4:AH500, "=APAGADO",E4:E500,"=Fibra Optica") -> 0 | AI2: =COUNTIFS(AI4:AI400, "=APAGADO",E4:E400,"=Fibra Optica") -> 0 | AJ2: =COUNTIFS(AJ4:AJ400, "=APAGADO",F4:F400,"=Fibra Optica") -> 0
A3: =ESTADISTICA!A1 -> Barrio | B3: =ESTADISTICA!B1 -> [Denominacion] | C3: =ESTADISTICA!C1 -> [Ubicacion] | D3: =ESTADISTICA!D1 -> [Tipo de Camara] | E3: =ESTADISTICA!E1 -> [Tipo de Conexion] | F3: =ESTADISTICA!F1 -> 45078 | G3: =ESTADISTICA!G1 -> 45079 | H3: =ESTADISTICA!H1 -> 45080 | ... AJ3: =ESTADISTICA!AJ1 -> #REF!
A4: =ESTADISTICA!A2 -> ALTAMIRA | B4: =ESTADISTICA!B2 -> ALT01 | C4: =ESTADISTICA!C2 -> Calchaqui y Sgto. Cabral | D4: =ESTADISTICA!D2 -> Domo | E4: =ESTADISTICA!E2 -> Fibra Optica | F4: =ESTADISTICA!F2 -> 0 | G4: =ESTADISTICA!G2 -> 0 | H4: =ESTADISTICA!H2 -> 0 | ... AJ4: =ESTADISTICA!AJ2 -> #REF!
A5: =ESTADISTICA!A3 -> ALTAMIRA | B5: =ESTADISTICA!B3 -> ALT02 | C5: =ESTADISTICA!C3 -> Calchaqui y Lope de Vega | D5: =ESTADISTICA!D3 -> Domo | E5: =ESTADISTICA!E3 -> PTO A FO | F5: =ESTADISTICA!F3 -> 0 | G5: =ESTADISTICA!G3 -> 0 | H5: =ESTADISTICA!H3 -> 0 | ... AJ5: =ESTADISTICA!AJ3 -> #REF!
A6: =ESTADISTICA!A4 -> ALTAMIRA | B6: =ESTADISTICA!B4 -> ALT 03 | C6: =ESTADISTICA!C4 -> Bombero Galarza y Necochea | D6: =ESTADISTICA!D4 -> Domo | E6: =ESTADISTICA!E4 -> FIBRA OPTICA | F6: =ESTADISTICA!F4 -> 0 | G6: =ESTADISTICA!G4 -> 0 | H6: =ESTADISTICA!H4 -> 0 | ... AJ6: =ESTADISTICA!AJ4 -> #REF!
A7: =ESTADISTICA!A5 -> ALTAMIRA | B7: =ESTADISTICA!B5 -> ALT 04 | C7: =ESTADISTICA!C5 -> Francia y Necochea | D7: =ESTADISTICA!D5 -> Domo | E7: =ESTADISTICA!E5 -> FIBRA OPTICA | F7: =ESTADISTICA!F5 -> 0 | G7: =ESTADISTICA!G5 -> 0 | H7: =ESTADISTICA!H5 -> 0 | ... AJ7: =ESTADISTICA!AJ5 -> #REF!
A8: =ESTADISTICA!A6 -> ALTAMIRA | B8: =ESTADISTICA!B6 -> ALT05 | C8: =ESTADISTICA!C6 -> Av. Calchaqui y Bombero Galarza | D8: =ESTADISTICA!D6 -> Domo | E8: =ESTADISTICA!E6 -> PTO A FO | F8: =ESTADISTICA!F6 -> 0 | G8: =ESTADISTICA!G6 -> 0 | H8: =ESTADISTICA!H6 -> 0 | ... AJ8: =ESTADISTICA!AJ6 -> #REF!
A9: =ESTADISTICA!A7 -> ALTAMIRA | B9: =ESTADISTICA!B7 -> ALT 06 | C9: =ESTADISTICA!C7 -> LOPE DE VEGA Y NECOCHEA | D9: =ESTADISTICA!D7 -> Domo | E9: =ESTADISTICA!E7 -> PTO A FO | F9: =ESTADISTICA!F7 -> 0 | G9: =ESTADISTICA!G7 -> 0 | H9: =ESTADISTICA!H7 -> 0 | ... AJ9: =ESTADISTICA!AJ7 -> #REF!
A10: =ESTADISTICA!A8 -> ALTAMIRA | B10: =ESTADISTICA!B8 -> ALT07 | C10: =ESTADISTICA!C8 -> AV. CALCHAQUI Y AV. DEL TRABAJO | D10: =ESTADISTICA!D8 -> DOMO | E10: =ESTADISTICA!E8 -> PTO A FO | F10: =ESTADISTICA!F8 -> 0 | G10: =ESTADISTICA!G8 -> 0 | H10: =ESTADISTICA!H8 -> 0 | ... AJ10: =ESTADISTICA!AJ8 -> #REF!
A11: =ESTADISTICA!A9 -> ALTAMIRA | B11: =ESTADISTICA!B9 -> ALT 08 | C11: =ESTADISTICA!C9 -> HUMAITA Y NECOCHEA | D11: =ESTADISTICA!D9 -> DOMO | E11: =ESTADISTICA!E9 -> Fibra Optica | F11: =ESTADISTICA!F9 -> 0 | G11: =ESTADISTICA!G9 -> 0 | H11: =ESTADISTICA!H9 -> 0 | ... AJ11: =ESTADISTICA!AJ9 -> #REF!
A12: =ESTADISTICA!A10 -> ALTAMIRA | B12: =ESTADISTICA!B10 -> ALT 09 | C12: =ESTADISTICA!C10 -> NECOCHEA Y CURUPAITY | D12: =ESTADISTICA!D10 -> DOMO | E12: =ESTADISTICA!E10 -> Fibra Optica | F12: =ESTADISTICA!F10 -> 0 | G12: =ESTADISTICA!G10 -> 0 | H12: =ESTADISTICA!H10 -> 0 | ... AJ12: =ESTADISTICA!AJ10 -> #REF!
A13: =ESTADISTICA!A11 -> ALTAMIRA | B13: =ESTADISTICA!B11 -> ALT 10 | C13: =ESTADISTICA!C11 -> Calchaqui y Francia | D13: =ESTADISTICA!D11 -> Domo | E13: =ESTADISTICA!E11 -> Radio | F13: =ESTADISTICA!F11 -> 0 | G13: =ESTADISTICA!G11 -> 0 | H13: =ESTADISTICA!H11 -> 0 | ... AJ13: =ESTADISTICA!AJ11 -> #REF!
A14: =ESTADISTICA!A12 -> AGUSTIN RAMIREZ | B14: =ESTADISTICA!B12 -> ARA 01 | C14: =ESTADISTICA!C12 -> Malambo y Tranquera | D14: =ESTADISTICA!D12 -> Domo | E14: =ESTADISTICA!E12 -> FIBRA OPTICA | F14: =ESTADISTICA!F12 -> 0 | G14: =ESTADISTICA!G12 -> 0 | H14: =ESTADISTICA!H12 -> 0 | ... AJ14: =ESTADISTICA!AJ12 -> #REF!
... A206: =ESTADISTICA!A204 -> SAN EMILIO | B206: =ESTADISTICA!B204 -> MFI06 | C206: =ESTADISTICA!C204 -> Con. Gral. Belgrano y Bombero Galarza | D206: =ESTADISTICA!D204 -> DOMO | E206: =ESTADISTICA!E204 -> Radio | F206: =ESTADISTICA!F204 -> 0 | G206: =ESTADISTICA!G204 -> 0 | H206: =ESTADISTICA!H204 -> 0 | ... AJ206: =ESTADISTICA!AJ204 -> #REF!
A207: =ESTADISTICA!A206 -> GOBERNADOR MONTEVERDE | B207: =ESTADISTICA!B206 -> MON01 | C207: =ESTADISTICA!C206 -> San Martin y Patricias Argentinas | D207: =ESTADISTICA!D206 -> Fija | E207: =ESTADISTICA!E206 -> Fibra Optica | F207: =ESTADISTICA!F206 -> 0 | G207: =ESTADISTICA!G206 -> 0 | H207: =ESTADISTICA!H206 -> 0 | ... AJ207: =ESTADISTICA!AJ206 -> #REF!
A208: =ESTADISTICA!A207 -> GOBERNADOR MONTEVERDE | B208: =ESTADISTICA!B207 -> MON02 | C208: =ESTADISTICA!C207 -> Senzabello y Famatina | D208: =ESTADISTICA!D207 -> Domo | E208: =ESTADISTICA!E207 -> Radio | F208: =ESTADISTICA!F207 -> 0 | G208: =ESTADISTICA!G207 -> 0 | H208: =ESTADISTICA!H207 -> 0 | ... AJ208: =ESTADISTICA!AJ207 -> #REF!
A209: =ESTADISTICA!A208 -> GOBERNADOR MONTEVERDE | B209: =ESTADISTICA!B208 -> MON03 | C209: =ESTADISTICA!C208 -> Senzabello y Guemes | D209: =ESTADISTICA!D208 -> Domo | E209: =ESTADISTICA!E208 -> Radio | F209: =ESTADISTICA!F208 -> 0 | G209: =ESTADISTICA!G208 -> 0 | H209: =ESTADISTICA!H208 -> 0 | ... AJ209: =ESTADISTICA!AJ208 -> #REF!
A210: =ESTADISTICA!A209 -> GOBERNADOR MONTEVERDE | B210: =ESTADISTICA!B209 -> MON04 | C210: =ESTADISTICA!C209 -> Av. Yrigoyen y San Lorenzo | D210: =ESTADISTICA!D209 -> Domo | E210: =ESTADISTICA!E209 -> Radio | F210: =ESTADISTICA!F209 -> 0 | G210: =ESTADISTICA!G209 -> 0 | H210: =ESTADISTICA!H209 -> 0 | ... AJ210: =ESTADISTICA!AJ209 -> #REF!
A211: =ESTADISTICA!A210 -> 9 DE JULIO | B211: =ESTADISTICA!B210 -> NJU 01 | C211: =ESTADISTICA!C210 -> Sallares y Parrillo | D211: =ESTADISTICA!D210 -> Domo | E211: =ESTADISTICA!E210 -> Fibra Optica | F211: =ESTADISTICA!F210 -> APAGADO | G211: =ESTADISTICA!G210 -> APAGADO | H211: =ESTADISTICA!H210 -> APAGADO | ... AJ211: =ESTADISTICA!AJ210 -> #REF!
A212: =ESTADISTICA!A211 -> 9 DE JULIO | B212: =ESTADISTICA!B211 -> NJU02 | C212: =ESTADISTICA!C211 -> Ituzaingo y Boccuzzi | D212: =ESTADISTICA!D211 -> Domo | E212: =ESTADISTICA!E211 -> Radio | F212: =ESTADISTICA!F211 -> 0 | G212: =ESTADISTICA!G211 -> 0 | H212: =ESTADISTICA!H211 -> 0 | ... AJ212: =ESTADISTICA!AJ211 -> #REF!
A213: =ESTADISTICA!A212 -> 9 DE JULIO | B213: =ESTADISTICA!B212 -> NJU03 | C213: =ESTADISTICA!C212 -> San Juan y Parrillo | D213: =ESTADISTICA!D212 -> Domo | E213: =ESTADISTICA!E212 -> PTO A FO | F213: =ESTADISTICA!F212 -> 0 | G213: =ESTADISTICA!G212 -> 0 | H213: =ESTADISTICA!H212 -> 0 | ... AJ213: =ESTADISTICA!AJ212 -> #REF!
A214: =ESTADISTICA!A213 -> 9 DE JULIO | B214: =ESTADISTICA!B213 -> NJU04 | C214: =ESTADISTICA!C213 -> Ituzaingo y 214 A | D214: =ESTADISTICA!D213 -> Domo | E214: =ESTADISTICA!E213 -> Radio | F214: =ESTADISTICA!F213 -> 0 | G214: =ESTADISTICA!G213 -> 0 | H214: =ESTADISTICA!H213 -> 0 | ... AJ214: =ESTADISTICA!AJ213 -> #REF!
A215: =ESTADISTICA!A214 -> ZEBALLOS CENTRO | B215: =ESTADISTICA!B214 -> NJU05 | C215: =ESTADISTICA!C214 -> Ituzaingo y Alem | D215: =ESTADISTICA!D214 -> Domo | E215: =ESTADISTICA!E214 -> Radio | F215: =ESTADISTICA!F214 -> 0 | G215: =ESTADISTICA!G214 -> 0 | H215: =ESTADISTICA!H214 -> APAGADO | ... AJ215: =ESTADISTICA!AJ214 -> #REF!
A216: =ESTADISTICA!A215 -> CENTRO | B216: =ESTADISTICA!B215 -> NJU06 | C216: =ESTADISTICA!C215 -> Sallares y Rodo | D216: =ESTADISTICA!D215 -> Domo | E216: =ESTADISTICA!E215 -> FIBRA OPTICA | F216: =ESTADISTICA!F215 -> 0 | G216: =ESTADISTICA!G215 -> 0 | H216: =ESTADISTICA!H215 -> 0 | ... AJ216: =ESTADISTICA!AJ215 -> #REF!
A217: =ESTADISTICA!A216 -> 9 DE JULIO | B217: =ESTADISTICA!B216 -> NJU07 | C217: =ESTADISTICA!C216 -> Gral. Juan Domingo Peron y Parrillo | D217: =ESTADISTICA!D216 -> Domo | E217: =ESTADISTICA!E216 -> FIBRA OPTICA | F217: =ESTADISTICA!F216 -> 0 | G217: =ESTADISTICA!G216 -> 0 | H217: =ESTADISTICA!H216 -> 0 | ... AJ217: =ESTADISTICA!AJ216 -> #REF!
A218: =ESTADISTICA!A217 -> 9 DE JULIO | B218: =ESTADISTICA!B217 -> NJU 08 | C218: =ESTADISTICA!C217 -> BOCCUZZI Y O HIGGINS | D218: =ESTADISTICA!D217 -> DOMO | E218: =ESTADISTICA!E217 -> Radio | F218: =ESTADISTICA!F217 -> 0 | G218: =ESTADISTICA!G217 -> 0 | H218: =ESTADISTICA!H217 -> 0 | ... AJ218: =ESTADISTICA!AJ217 -> #REF!
... A571: =ESTADISTICA!A570 -> 0 | B571: =ESTADISTICA!B570 -> 0 | C571: =ESTADISTICA!C570 -> 0 | D571: =ESTADISTICA!D570 -> 0 | E571: =ESTADISTICA!E570 -> 0 | F571: =ESTADISTICA!F570 -> 0 | G571: =ESTADISTICA!G570 -> 0 | H571: =ESTADISTICA!H570 -> 0 | ... AJ571: =ESTADISTICA!AJ570 -> #REF!
A572: =ESTADISTICA!A571 -> 0 | B572: =ESTADISTICA!B571 -> 0 | C572: =ESTADISTICA!C571 -> 0 | D572: =ESTADISTICA!D571 -> 0 | E572: =ESTADISTICA!E571 -> 0 | F572: =ESTADISTICA!F571 -> 0 | G572: =ESTADISTICA!G571 -> 0 | H572: =ESTADISTICA!H571 -> 0 | ... AI572: =ESTADISTICA!AI571 -> 0
A573: =ESTADISTICA!A572 -> 0 | B573: =ESTADISTICA!B572 -> 0 | C573: =ESTADISTICA!C572 -> 0 | D573: =ESTADISTICA!D572 -> 0 | E573: =ESTADISTICA!E572 -> 0 | F573: =ESTADISTICA!F572 -> 0 | G573: =ESTADISTICA!G572 -> 0 | H573: =ESTADISTICA!H572 -> 0 | ... AI573: =ESTADISTICA!AI572 -> 0
A574: =ESTADISTICA!A573 -> 0 | B574: =ESTADISTICA!B573 -> 0 | C574: =ESTADISTICA!C573 -> 0 | D574: =ESTADISTICA!D573 -> 0 | E574: =ESTADISTICA!E573 -> 0 | F574: =ESTADISTICA!F573 -> 0 | G574: =ESTADISTICA!G573 -> 0 | H574: =ESTADISTICA!H573 -> 0 | ... AI574: =ESTADISTICA!AI573 -> 0
A575: =ESTADISTICA!A574 -> 0 | B575: =ESTADISTICA!B574 -> 0 | C575: =ESTADISTICA!C574 -> 0 | D575: =ESTADISTICA!D574 -> 0 | E575: =ESTADISTICA!E574 -> 0 | F575: =ESTADISTICA!F574 -> 0 | G575: =ESTADISTICA!G574 -> 0 | H575: =ESTADISTICA!H574 -> 0 | ... AI575: =ESTADISTICA!AI574 -> 0
A576: =ESTADISTICA!A575 -> 0 | B576: =ESTADISTICA!B575 -> 0 | C576: =ESTADISTICA!C575 -> 0 | D576: =ESTADISTICA!D575 -> 0 | E576: =ESTADISTICA!E575 -> 0 | F576: =ESTADISTICA!F575 -> 0 | G576: =ESTADISTICA!G575 -> 0 | H576: =ESTADISTICA!H575 -> 0 | ... AI576: =ESTADISTICA!AI575 -> 0
A577: =ESTADISTICA!A576 -> 0 | B577: =ESTADISTICA!B576 -> 0 | C577: =ESTADISTICA!C576 -> 0 | D577: =ESTADISTICA!D576 -> 0 | E577: =ESTADISTICA!E576 -> 0 | F577: =ESTADISTICA!F576 -> 0 | G577: =ESTADISTICA!G576 -> 0 | H577: =ESTADISTICA!H576 -> 0 | ... AI577: =ESTADISTICA!AI576 -> 0
A578: =ESTADISTICA!A577 -> 0 | B578: =ESTADISTICA!B577 -> 0 | C578: =ESTADISTICA!C577 -> 0 | D578: =ESTADISTICA!D577 -> 0 | E578: =ESTADISTICA!E577 -> 0 | F578: =ESTADISTICA!F577 -> 0 | G578: =ESTADISTICA!G577 -> 0 | H578: =ESTADISTICA!H577 -> 0 | ... AI578: =ESTADISTICA!AI577 -> 0
A579: =ESTADISTICA!A578 -> 0 | B579: =ESTADISTICA!B578 -> 0 | C579: =ESTADISTICA!C578 -> 0 | D579: =ESTADISTICA!D578 -> 0 | E579: =ESTADISTICA!E578 -> 0 | F579: =ESTADISTICA!F578 -> 0 | G579: =ESTADISTICA!G578 -> 0 | H579: =ESTADISTICA!H578 -> 0 | ... AI579: =ESTADISTICA!AI578 -> 0
A580: =ESTADISTICA!A579 -> 0 | B580: =ESTADISTICA!B579 -> 0 | C580: =ESTADISTICA!C579 -> 0 | D580: =ESTADISTICA!D579 -> 0 | E580: =ESTADISTICA!E579 -> 0 | F580: =ESTADISTICA!F579 -> 0 | G580: =ESTADISTICA!G579 -> 0 | H580: =ESTADISTICA!H579 -> 0 | ... AI580: =ESTADISTICA!AI579 -> 0
A581: =ESTADISTICA!A580 -> 0 | B581: =ESTADISTICA!B580 -> 0 | C581: =ESTADISTICA!C580 -> 0 | D581: =ESTADISTICA!D580 -> 0 | E581: =ESTADISTICA!E580 -> 0 | F581: =ESTADISTICA!F580 -> 0 | G581: =ESTADISTICA!G580 -> 0 | H581: =ESTADISTICA!H580 -> 0 | ... AI581: =ESTADISTICA!AI580 -> 0
A582: =ESTADISTICA!A581 -> 0 | B582: =ESTADISTICA!B581 -> 0 | C582: =ESTADISTICA!C581 -> 0 | D582: =ESTADISTICA!D581 -> 0 | E582: =ESTADISTICA!E581 -> 0 | F582: =ESTADISTICA!F581 -> 0 | G582: =ESTADISTICA!G581 -> 0 | H582: =ESTADISTICA!H581 -> 0 | ... AI582: =ESTADISTICA!AI581 -> 0
A583: =ESTADISTICA!A582 -> 0 | B583: =ESTADISTICA!B582 -> 0 | C583: =ESTADISTICA!C582 -> 0 | D583: =ESTADISTICA!D582 -> 0 | E583: =ESTADISTICA!E582 -> 0 | F583: =ESTADISTICA!F582 -> 0 | G583: =ESTADISTICA!G582 -> 0 | H583: =ESTADISTICA!H582 -> 0 | ... AI583: =ESTADISTICA!AI582 -> 0
... A601: =ESTADISTICA!A600 -> 0 | B601: =ESTADISTICA!B600 -> 0 | C601: =ESTADISTICA!C600 -> 0 | D601: =ESTADISTICA!D600 -> 0 | E601: =ESTADISTICA!E600 -> 0 | F601: =ESTADISTICA!F600 -> 0 | G601: =ESTADISTICA!G600 -> 0 | H601: =ESTADISTICA!H600 -> 0 | ... AI601: =ESTADISTICA!AI600 -> 0

Sheet APAGADOS ANTENA
C1: TOTAL PTO A FO
E2: APAGADOS | F2: =COUNTIFS(F4:F500, "=APAGADO",E4:E500,"=PTO A FO") -> 14 | G2: =COUNTIFS(G4:G500, "=APAGADO",E4:E500,"=PTO A FO") -> 12 | H2: =COUNTIFS(H4:H500, "=APAGADO",E4:E500,"=PTO A FO") -> 14 | I2: =COUNTIFS(I4:I500, "=APAGADO",E4:E500,"=PTO A FO") -> 12 | J2: =COUNTIFS(J4:J500, "=APAGADO",E4:E500,"=PTO A FO") -> 12 | K2: =COUNTIFS(K4:K500, "=APAGADO",E4:E500,"=PTO A FO") -> 0 | L2: =COUNTIFS(L4:L500, "=APAGADO",E4:E500,"=PTO A FO") -> 0 | M2: =COUNTIFS(M4:M500, "=APAGADO",E4:E500,"=PTO A FO") -> 0 | N2: =COUNTIFS(N4:N500, "=APAGADO",E4:E500,"=PTO A FO") -> 0 | O2: =COUNTIFS(O4:O500, "=APAGADO",E4:E500,"=PTO A FO") -> 0 | P2: =COUNTIFS(P4:P500, "=APAGADO",E4:E500,"=PTO A FO") -> 0 | Q2: =COUNTIFS(Q4:Q500, "=APAGADO",E4:E500,"=PTO A FO") -> 0 | R2: =COUNTIFS(R4:R500, "=APAGADO",E4:E500,"=PTO A FO") -> 0 | S2: =COUNTIFS(S4:S500, "=APAGADO",E4:E500,"=PTO A FO") -> 0 | T2: =COUNTIFS(T4:T500, "=APAGADO",E4:E500,"=PTO A FO") -> 0 | U2: =COUNTIFS(U4:U500, "=APAGADO",E4:E500,"=PTO A FO") -> 0 | V2: =COUNTIFS(V4:V500, "=APAGADO",E4:E500,"=PTO A FO") -> 0 | W2: =COUNTIFS(W4:W500, "=APAGADO",E4:E500,"=PTO A FO") -> 0 | X2: =COUNTIFS(X4:X500, "=APAGADO",E4:E500,"=PTO A FO") -> 0 | Y2: =COUNTIFS(Y4:Y500, "=APAGADO",E4:E500,"=PTO A FO") -> 0 | Z2: =COUNTIFS(Z4:Z500, "=APAGADO",E4:E500,"=PTO A FO") -> 0 | AA2: =COUNTIFS(AA4:AA500, "=APAGADO",E4:E500,"=PTO A FO") -> 0 | AB2: =COUNTIFS(AB4:AB500, "=APAGADO",E4:E500,"=PTO A FO") -> 0 | AC2: =COUNTIFS(AC4:AC500, "=APAGADO",E4:E500,"=PTO A FO") -> 0 | AD2: =COUNTIFS(AD4:AD500, "=APAGADO",E4:E500,"=PTO A FO") -> 0 | AE2: =COUNTIFS(AE4:AE500, "=APAGADO",E4:E500,"=PTO A FO") -> 0 | AF2: =COUNTIFS(AF4:AF500, "=APAGADO",E4:E500,"=PTO A FO") -> 0 | AG2: =COUNTIFS(AG4:AG500, "=APAGADO",E4:E500,"=PTO A FO") -> 0 | AH2: =COUNTIFS(AH4:AH500, "=APAGADO",E4:E500,"=PTO A FO") -> 0 | AI2: =COUNTIFS(AI4:AI500, "=APAGADO",E4:E500,"=PTO A FO") -> 0
A3: =ESTADISTICA!A1 -> Barrio | B3: =ESTADISTICA!B1 -> [Denominacion] | C3: =ESTADISTICA!C1 -> [Ubicacion] | D3: =ESTADISTICA!D1 -> [Tipo de Camara] | E3: =ESTADISTICA!E1 -> [Tipo de Conexion] | F3: =ESTADISTICA!F1 -> 45078 | G3: =ESTADISTICA!G1 -> 45079 | H3: =ESTADISTICA!H1 -> 45080 | ... AI3: =ESTADISTICA!AI1 -> 45107
A4: =ESTADISTICA!A2 -> ALTAMIRA | B4: =ESTADISTICA!B2 -> ALT01 | C4: =ESTADISTICA!C2 -> Calchaqui y Sgto. Cabral | D4: =ESTADISTICA!D2 -> Domo | E4: =ESTADISTICA!E2 -> Fibra Optica | F4: =ESTADISTICA!F2 -> 0 | G4: =ESTADISTICA!G2 -> 0 | H4: =ESTADISTICA!H2 -> 0 | ... AI4: =ESTADISTICA!AI2 -> 0
A5: =ESTADISTICA!A3 -> ALTAMIRA | B5: =ESTADISTICA!B3 -> ALT02 | C5: =ESTADISTICA!C3 -> Calchaqui y Lope de Vega | D5: =ESTADISTICA!D3 -> Domo | E5: =ESTADISTICA!E3 -> PTO A FO | F5: =ESTADISTICA!F3 -> 0 | G5: =ESTADISTICA!G3 -> 0 | H5: =ESTADISTICA!H3 -> 0 | ... AI5: =ESTADISTICA!AI3 -> 0
A6: =ESTADISTICA!A4 -> ALTAMIRA | B6: =ESTADISTICA!B4 -> ALT 03 | C6: =ESTADISTICA!C4 -> Bombero Galarza y Necochea | D6: =ESTADISTICA!D4 -> Domo | E6: =ESTADISTICA!E4 -> FIBRA OPTICA | F6: =ESTADISTICA!F4 -> 0 | G6: =ESTADISTICA!G4 -> 0 | H6: =ESTADISTICA!H4 -> 0 | ... AI6: =ESTADISTICA!AI4 -> 0
A7: =ESTADISTICA!A5 -> ALTAMIRA | B7: =ESTADISTICA!B5 -> ALT 04 | C7: =ESTADISTICA!C5 -> Francia y Necochea | D7: =ESTADISTICA!D5 -> Domo | E7: =ESTADISTICA!E5 -> FIBRA OPTICA | F7: =ESTADISTICA!F5 -> 0 | G7: =ESTADISTICA!G5 -> 0 | H7: =ESTADISTICA!H5 -> 0 | ... AI7: =ESTADISTICA!AI5 -> 0
A8: =ESTADISTICA!A6 -> ALTAMIRA | B8: =ESTADISTICA!B6 -> ALT05 | C8: =ESTADISTICA!C6 -> Av. Calchaqui y Bombero Galarza | D8: =ESTADISTICA!D6 -> Domo | E8: =ESTADISTICA!E6 -> PTO A FO | F8: =ESTADISTICA!F6 -> 0 | G8: =ESTADISTICA!G6 -> 0 | H8: =ESTADISTICA!H6 -> 0 | ... AI8: =ESTADISTICA!AI6 -> 0
A9: =ESTADISTICA!A7 -> ALTAMIRA | B9: =ESTADISTICA!B7 -> ALT 06 | C9: =ESTADISTICA!C7 -> LOPE DE VEGA Y NECOCHEA | D9: =ESTADISTICA!D7 -> Domo | E9: =ESTADISTICA!E7 -> PTO A FO | F9: =ESTADISTICA!F7 -> 0 | G9: =ESTADISTICA!G7 -> 0 | H9: =ESTADISTICA!H7 -> 0 | ... AI9: =ESTADISTICA!AI7 -> 0
A10: =ESTADISTICA!A8 -> ALTAMIRA | B10: =ESTADISTICA!B8 -> ALT07 | C10: =ESTADISTICA!C8 -> AV. CALCHAQUI Y AV. DEL TRABAJO | D10: =ESTADISTICA!D8 -> DOMO | E10: =ESTADISTICA!E8 -> PTO A FO | F10: =ESTADISTICA!F8 -> 0 | G10: =ESTADISTICA!G8 -> 0 | H10: =ESTADISTICA!H8 -> 0 | ... AI10: =ESTADISTICA!AI8 -> 0
A11: =ESTADISTICA!A9 -> ALTAMIRA | B11: =ESTADISTICA!B9 -> ALT 08 | C11: =ESTADISTICA!C9 -> HUMAITA Y NECOCHEA | D11: =ESTADISTICA!D9 -> DOMO | E11: =ESTADISTICA!E9 -> Fibra Optica | F11: =ESTADISTICA!F9 -> 0 | G11: =ESTADISTICA!G9 -> 0 | H11: =ESTADISTICA!H9 -> 0 | ... AI11: =ESTADISTICA!AI9 -> 0
A12: =ESTADISTICA!A10 -> ALTAMIRA | B12: =ESTADISTICA!B10 -> ALT 09 | C12: =ESTADISTICA!C10 -> NECOCHEA Y CURUPAITY | D12: =ESTADISTICA!D10 -> DOMO | E12: =ESTADISTICA!E10 -> Fibra Optica | F12: =ESTADISTICA!F10 -> 0 | G12: =ESTADISTICA!G10 -> 0 | H12: =ESTADISTICA!H10 -> 0 | ... AI12: =ESTADISTICA!AI10 -> 0
A13: =ESTADISTICA!A11 -> ALTAMIRA | B13: =ESTADISTICA!B11 -> ALT 10 | C13: =ESTADISTICA!C11 -> Calchaqui y Francia | D13: =ESTADISTICA!D11 -> Domo | E13: =ESTADISTICA!E11 -> Radio | F13: =ESTADISTICA!F11 -> 0 | G13: =ESTADISTICA!G11 -> 0 | H13: =ESTADISTICA!H11 -> 0 | ... AI13: =ESTADISTICA!AI11 -> 0
A14: =ESTADISTICA!A12 -> AGUSTIN RAMIREZ | B14: =ESTADISTICA!B12 -> ARA 01 | C14: =ESTADISTICA!C12 -> Malambo y Tranquera | D14: =ESTADISTICA!D12 -> Domo | E14: =ESTADISTICA!E12 -> FIBRA OPTICA | F14: =ESTADISTICA!F12 -> 0 | G14: =ESTADISTICA!G12 -> 0 | H14: =ESTADISTICA!H12 -> 0 | ... AI14: =ESTADISTICA!AI12 -> 0
... A206: =ESTADISTICA!A204 -> SAN EMILIO | B206: =ESTADISTICA!B204 -> MFI06 | C206: =ESTADISTICA!C204 -> Con. Gral. Belgrano y Bombero Galarza | D206: =ESTADISTICA!D204 -> DOMO | E206: =ESTADISTICA!E204 -> Radio | F206: =ESTADISTICA!F204 -> 0 | G206: =ESTADISTICA!G204 -> 0 | H206: =ESTADISTICA!H204 -> 0 | ... AI206: =ESTADISTICA!AI204 -> 0
A207: =ESTADISTICA!A206 -> GOBERNADOR MONTEVERDE | B207: =ESTADISTICA!B206 -> MON01 | C207: =ESTADISTICA!C206 -> San Martin y Patricias Argentinas | D207: =ESTADISTICA!D206 -> Fija | E207: =ESTADISTICA!E206 -> Fibra Optica | F207: =ESTADISTICA!F206 -> 0 | G207: =ESTADISTICA!G206 -> 0 | H207: =ESTADISTICA!H206 -> 0 | ... AI207: =ESTADISTICA!AI206 -> 0
A208: =ESTADISTICA!A207 -> GOBERNADOR MONTEVERDE | B208: =ESTADISTICA!B207 -> MON02 | C208: =ESTADISTICA!C207 -> Senzabello y Famatina | D208: =ESTADISTICA!D207 -> Domo | E208: =ESTADISTICA!E207 -> Radio | F208: =ESTADISTICA!F207 -> 0 | G208: =ESTADISTICA!G207 -> 0 | H208: =ESTADISTICA!H207 -> 0 | ... AI208: =ESTADISTICA!AI207 -> 0
A209: =ESTADISTICA!A208 -> GOBERNADOR MONTEVERDE | B209: =ESTADISTICA!B208 -> MON03 | C209: =ESTADISTICA!C208 -> Senzabello y Guemes | D209: =ESTADISTICA!D208 -> Domo | E209: =ESTADISTICA!E208 -> Radio | F209: =ESTADISTICA!F208 -> 0 | G209: =ESTADISTICA!G208 -> 0 | H209: =ESTADISTICA!H208 -> 0 | ... AI209: =ESTADISTICA!AI208 -> 0
A210: =ESTADISTICA!A209 -> GOBERNADOR MONTEVERDE | B210: =ESTADISTICA!B209 -> MON04 | C210: =ESTADISTICA!C209 -> Av. Yrigoyen y San Lorenzo | D210: =ESTADISTICA!D209 -> Domo | E210: =ESTADISTICA!E209 -> Radio | F210: =ESTADISTICA!F209 -> 0 | G210: =ESTADISTICA!G209 -> 0 | H210: =ESTADISTICA!H209 -> 0 | ... AI210: =ESTADISTICA!AI209 -> 0
A211: =ESTADISTICA!A210 -> 9 DE JULIO | B211: =ESTADISTICA!B210 -> NJU 01 | C211: =ESTADISTICA!C210 -> Sallares y Parrillo | D211: =ESTADISTICA!D210 -> Domo | E211: =ESTADISTICA!E210 -> Fibra Optica | F211: =ESTADISTICA!F210 -> APAGADO | G211: =ESTADISTICA!G210 -> APAGADO | H211: =ESTADISTICA!H210 -> APAGADO | ... AI211: =ESTADISTICA!AI210 -> 0
A212: =ESTADISTICA!A211 -> 9 DE JULIO | B212: =ESTADISTICA!B211 -> NJU02 | C212: =ESTADISTICA!C211 -> Ituzaingo y Boccuzzi | D212: =ESTADISTICA!D211 -> Domo | E212: =ESTADISTICA!E211 -> Radio | F212: =ESTADISTICA!F211 -> 0 | G212: =ESTADISTICA!G211 -> 0 | H212: =ESTADISTICA!H211 -> 0 | ... AI212: =ESTADISTICA!AI211 -> 0
A213: =ESTADISTICA!A212 -> 9 DE JULIO | B213: =ESTADISTICA!B212 -> NJU03 | C213: =ESTADISTICA!C212 -> San Juan y Parrillo | D213: =ESTADISTICA!D212 -> Domo | E213: =ESTADISTICA!E212 -> PTO A FO | F213: =ESTADISTICA!F212 -> 0 | G213: =ESTADISTICA!G212 -> 0 | H213: =ESTADISTICA!H212 -> 0 | ... AI213: =ESTADISTICA!AI212 -> 0
A214: =ESTADISTICA!A213 -> 9 DE JULIO | B214: =ESTADISTICA!B213 -> NJU04 | C214: =ESTADISTICA!C213 -> Ituzaingo y 214 A | D214: =ESTADISTICA!D213 -> Domo | E214: =ESTADISTICA!E213 -> Radio | F214: =ESTADISTICA!F213 -> 0 | G214: =ESTADISTICA!G213 -> 0 | H214: =ESTADISTICA!H213 -> 0 | ... AI214: =ESTADISTICA!AI213 -> 0
A215: =ESTADISTICA!A214 -> ZEBALLOS CENTRO | B215: =ESTADISTICA!B214 -> NJU05 | C215: =ESTADISTICA!C214 -> Ituzaingo y Alem | D215: =ESTADISTICA!D214 -> Domo | E215: =ESTADISTICA!E214 -> Radio | F215: =ESTADISTICA!F214 -> 0 | G215: =ESTADISTICA!G214 -> 0 | H215: =ESTADISTICA!H214 -> APAGADO | ... AI215: =ESTADISTICA!AI214 -> 0
A216: =ESTADISTICA!A215 -> CENTRO | B216: =ESTADISTICA!B215 -> NJU06 | C216: =ESTADISTICA!C215 -> Sallares y Rodo | D216: =ESTADISTICA!D215 -> Domo | E216: =ESTADISTICA!E215 -> FIBRA OPTICA | F216: =ESTADISTICA!F215 -> 0 | G216: =ESTADISTICA!G215 -> 0 | H216: =ESTADISTICA!H215 -> 0 | ... AI216: =ESTADISTICA!AI215 -> 0
A217: =ESTADISTICA!A216 -> 9 DE JULIO | B217: =ESTADISTICA!B216 -> NJU07 | C217: =ESTADISTICA!C216 -> Gral. Juan Domingo Peron y Parrillo | D217: =ESTADISTICA!D216 -> Domo | E217: =ESTADISTICA!E216 -> FIBRA OPTICA | F217: =ESTADISTICA!F216 -> 0 | G217: =ESTADISTICA!G216 -> 0 | H217: =ESTADISTICA!H216 -> 0 | ... AI217: =ESTADISTICA!AI216 -> 0
A218: =ESTADISTICA!A217 -> 9 DE JULIO | B218: =ESTADISTICA!B217 -> NJU 08 | C218: =ESTADISTICA!C217 -> BOCCUZZI Y O HIGGINS | D218: =ESTADISTICA!D217 -> DOMO | E218: =ESTADISTICA!E217 -> Radio | F218: =ESTADISTICA!F217 -> 0 | G218: =ESTADISTICA!G217 -> 0 | H218: =ESTADISTICA!H217 -> 0 | ... AI218: =ESTADISTICA!AI217 -> 0
... A539: =ESTADISTICA!A538 -> 0 | B539: =ESTADISTICA!B538 -> 0 | C539: =ESTADISTICA!C538 -> 0 | D539: =ESTADISTICA!D538 -> 0 | E539: =ESTADISTICA!E538 -> 0 | F539: =ESTADISTICA!F538 -> 0 | G539: =ESTADISTICA!G538 -> 0 | H539: =ESTADISTICA!H538 -> 0 | ... AI539: =ESTADISTICA!AI538 -> 0

Sheet APAGADOS RADIO
C1: TOTAL RADIO | D1: =COUNTIFS(E4:E400,"=radio") -> 91
E2: APAGADOS | F2: =COUNTIFS(F4:F500, "=APAGADO",E4:E500,"=radio") -> 7 | G2: =COUNTIFS(G4:G500, "=APAGADO",E4:E500,"=radio") -> 4 | H2: =COUNTIFS(H4:H500, "=APAGADO",E4:E500,"=radio") -> 6 | I2: =COUNTIFS(I4:I500, "=APAGADO",E4:E500,"=radio") -> 4 | J2: =COUNTIFS(J4:J500, "=APAGADO",E4:E500,"=radio") -> 3 | K2: =COUNTIFS(K4:K500, "=APAGADO",E4:E500,"=radio") -> 0 | L2: =COUNTIFS(L4:L500, "=APAGADO",E4:E500,"=radio") -> 0 | M2: =COUNTIFS(M4:M500, "=APAGADO",E4:E500,"=radio") -> 0 | N2: =COUNTIFS(N4:N500, "=APAGADO",E4:E500,"=radio") -> 0 | O2: =COUNTIFS(O4:O500, "=APAGADO",E4:E500,"=radio") -> 0 | P2: =COUNTIFS(P4:P500, "=APAGADO",E4:E500,"=radio") -> 0 | Q2: =COUNTIFS(Q4:Q367, "=APAGADO",E4:E367,"=radio") -> 0 | R2: =COUNTIFS(R4:R500, "=APAGADO",E4:E500,"=radio") -> 0 | S2: =COUNTIFS(S4:S500, "=APAGADO",E4:E500,"=radio") -> 0 | T2: =COUNTIFS(T4:T500, "=APAGADO",E4:E500,"=radio") -> 0 | U2: =COUNTIFS(U4:U500, "=APAGADO",E4:E500,"=radio") -> 0 | V2: =COUNTIFS(V4:V500, "=APAGADO",E4:E500,"=radio") -> 0 | W2: =COUNTIFS(W4:W500, "=APAGADO",E4:E500,"=radio") -> 0 | X2: =COUNTIFS(X4:X500, "=APAGADO",E4:E500,"=radio") -> 0 | Y2: =COUNTIFS(Y4:Y500, "=APAGADO",E4:E500,"=radio") -> 0 | Z2: =COUNTIFS(Z4:Z500, "=APAGADO",E4:E500,"=radio") -> 0 | AA2: =COUNTIFS(AA4:AA500, "=APAGADO",E4:E500,"=radio") -> 0 | AB2: =COUNTIFS(AB4:AB500, "=APAGADO",E4:E500,"=radio") -> 0 | AC2: =COUNTIFS(AC4:AC500, "=APAGADO",E4:E500,"=radio") -> 0 | AD2: =COUNTIFS(AD4:AD500, "=APAGADO",E4:E500,"=radio") -> 0 | AE2: =COUNTIFS(AE4:AE500, "=APAGADO",E4:E500,"=radio") -> 0 | AF2: =COUNTIFS(AF4:AF500, "=APAGADO",E4:E500,"=radio") -> 0 | AG2: =COUNTIFS(AG4:AG500, "=APAGADO",E4:E500,"=radio") -> 0 | AH2: =COUNTIFS(AH4:AH500, "=APAGADO",F4:F500,"=radio") -> 0 | AI2: =COUNTIFS(AI4:AI500, "=APAGADO",G4:G500,"=radio") -> 0 | AJ2: =COUNTIFS(AJ4:AJ500, "=APAGADO",H4:H500,"=radio") -> 0
A3: =ESTADISTICA!A1 -> Barrio | B3: =ESTADISTICA!B1 -> [Denominacion] | C3: =ESTADISTICA!C1 -> [Ubicacion] | D3: =ESTADISTICA!D1 -> [Tipo de Camara] | E3: =ESTADISTICA!E1 -> [Tipo de Conexion] | F3: =ESTADISTICA!F1 -> 45078 | G3: =ESTADISTICA!G1 -> 45079 | H3: =ESTADISTICA!H1 -> 45080 | ... AJ3: =ESTADISTICA!AJ1 -> #REF!
A4: =ESTADISTICA!A2 -> ALTAMIRA | B4: =ESTADISTICA!B2 -> ALT01 | C4: =ESTADISTICA!C2 -> Calchaqui y Sgto. Cabral | D4: =ESTADISTICA!D2 -> Domo | E4: =ESTADISTICA!E2 -> Fibra Optica | F4: =ESTADISTICA!F2 -> 0 | G4: =ESTADISTICA!G2 -> 0 | H4: =ESTADISTICA!H2 -> 0 | ... AI4: =ESTADISTICA!AI2 -> 0
A5: =ESTADISTICA!A3 -> ALTAMIRA | B5: =ESTADISTICA!B3 -> ALT02 | C5: =ESTADISTICA!C3 -> Calchaqui y Lope de Vega | D5: =ESTADISTICA!D3 -> Domo | E5: =ESTADISTICA!E3 -> PTO A FO | F5: =ESTADISTICA!F3 -> 0 | G5: =ESTADISTICA!G3 -> 0 | H5: =ESTADISTICA!H3 -> 0 | ... AI5: =ESTADISTICA!AI3 -> 0
A6: =ESTADISTICA!A4 -> ALTAMIRA | B6: =ESTADISTICA!B4 -> ALT 03 | C6: =ESTADISTICA!C4 -> Bombero Galarza y Necochea | D6: =ESTADISTICA!D4 -> Domo | E6: =ESTADISTICA!E4 -> FIBRA OPTICA | F6: =ESTADISTICA!F4 -> 0 | G6: =ESTADISTICA!G4 -> 0 | H6: =ESTADISTICA!H4 -> 0 | ... AI6: =ESTADISTICA!AI4 -> 0
A7: =ESTADISTICA!A5 -> ALTAMIRA | B7: =ESTADISTICA!B5 -> ALT 04 | C7: =ESTADISTICA!C5 -> Francia y Necochea | D7: =ESTADISTICA!D5 -> Domo | E7: =ESTADISTICA!E5 -> FIBRA OPTICA | F7: =ESTADISTICA!F5 -> 0 | G7: =ESTADISTICA!G5 -> 0 | H7: =ESTADISTICA!H5 -> 0 | ... AI7: =ESTADISTICA!AI5 -> 0
A8: =ESTADISTICA!A6 -> ALTAMIRA | B8: =ESTADISTICA!B6 -> ALT05 | C8: =ESTADISTICA!C6 -> Av. Calchaqui y Bombero Galarza | D8: =ESTADISTICA!D6 -> Domo | E8: =ESTADISTICA!E6 -> PTO A FO | F8: =ESTADISTICA!F6 -> 0 | G8: =ESTADISTICA!G6 -> 0 | H8: =ESTADISTICA!H6 -> 0 | ... AI8: =ESTADISTICA!AI6 -> 0
A9: =ESTADISTICA!A7 -> ALTAMIRA | B9: =ESTADISTICA!B7 -> ALT 06 | C9: =ESTADISTICA!C7 -> LOPE DE VEGA Y NECOCHEA | D9: =ESTADISTICA!D7 -> Domo | E9: =ESTADISTICA!E7 -> PTO A FO | F9: =ESTADISTICA!F7 -> 0 | G9: =ESTADISTICA!G7 -> 0 | H9: =ESTADISTICA!H7 -> 0 | ... AI9: =ESTADISTICA!AI7 -> 0
A10: =ESTADISTICA!A8 -> ALTAMIRA | B10: =ESTADISTICA!B8 -> ALT07 | C10: =ESTADISTICA!C8 -> AV. CALCHAQUI Y AV. DEL TRABAJO | D10: =ESTADISTICA!D8 -> DOMO | E10: =ESTADISTICA!E8 -> PTO A FO | F10: =ESTADISTICA!F8 -> 0 | G10: =ESTADISTICA!G8 -> 0 | H10: =ESTADISTICA!H8 -> 0 | ... AI10: =ESTADISTICA!AI8 -> 0
A11: =ESTADISTICA!A9 -> ALTAMIRA | B11: =ESTADISTICA!B9 -> ALT 08 | C11: =ESTADISTICA!C9 -> HUMAITA Y NECOCHEA | D11: =ESTADISTICA!D9 -> DOMO | E11: =ESTADISTICA!E9 -> Fibra Optica | F11: =ESTADISTICA!F9 -> 0 | G11: =ESTADISTICA!G9 -> 0 | H11: =ESTADISTICA!H9 -> 0 | ... AI11: =ESTADISTICA!AI9 -> 0
A12: =ESTADISTICA!A10 -> ALTAMIRA | B12: =ESTADISTICA!B10 -> ALT 09 | C12: =ESTADISTICA!C10 -> NECOCHEA Y CURUPAITY | D12: =ESTADISTICA!D10 -> DOMO | E12: =ESTADISTICA!E10 -> Fibra Optica | F12: =ESTADISTICA!F10 -> 0 | G12: =ESTADISTICA!G10 -> 0 | H12: =ESTADISTICA!H10 -> 0 | ... AI12: =ESTADISTICA!AI10 -> 0
A13: =ESTADISTICA!A11 -> ALTAMIRA | B13: =ESTADISTICA!B11 -> ALT 10 | C13: =ESTADISTICA!C11 -> Calchaqui y Francia | D13: =ESTADISTICA!D11 -> Domo | E13: =ESTADISTICA!E11 -> Radio | F13: =ESTADISTICA!F11 -> 0 | G13: =ESTADISTICA!G11 -> 0 | H13: =ESTADISTICA!H11 -> 0 | ... AI13: =ESTADISTICA!AI11 -> 0
A14: =ESTADISTICA!A12 -> AGUSTIN RAMIREZ | B14: =ESTADISTICA!B12 -> ARA 01 | C14: =ESTADISTICA!C12 -> Malambo y Tranquera | D14: =ESTADISTICA!D12 -> Domo | E14: =ESTADISTICA!E12 -> FIBRA OPTICA | F14: =ESTADISTICA!F12 -> 0 | G14: =ESTADISTICA!G12 -> 0 | H14: =ESTADISTICA!H12 -> 0 | ... AI14: =ESTADISTICA!AI12 -> 0
A15: =ESTADISTICA!A13 -> BELGRANO | B15: =ESTADISTICA!B13 -> BEL 01 | C15: =ESTADISTICA!C13 -> San Martin y Dardo Rocha | D15: =ESTADISTICA!D13 -> DOMO | E15: =ESTADISTICA!E13 -> FIBRA OPTICA | F15: =ESTADISTICA!F13 -> 0 | G15: =ESTADISTICA!G13 -> 0 | H15: =ESTADISTICA!H13 -> 0 | ... AJ15: =ESTADISTICA!AJ13 -> #REF!
A16: =ESTADISTICA!A14 -> BOSQUES CENTRO | B16: =ESTADISTICA!B14 -> BOSQC 01 | C16: =ESTADISTICA!C14 -> LUIS AGOTE E/DANUNCIO Y CAMPOAMOR | D16: =ESTADISTICA!D14 -> Fija | E16: =ESTADISTICA!E14 -> Radio | F16: =ESTADISTICA!F14 -> 0 | G16: =ESTADISTICA!G14 -> 0 | H16: =ESTADISTICA!H14 -> 0 | ... AI16: =ESTADISTICA!AI14 -> 0
A17: =ESTADISTICA!A15 -> BOSQUES CENTRO | B17: =ESTADISTICA!B15 -> BOSQC 02 | C17: =ESTADISTICA!C15 -> LUIS AGOTE E/DANUNCIO Y CAMPOAMOR | D17: =ESTADISTICA!D15 -> Fija | E17: =ESTADISTICA!E15 -> Radio | F17: =ESTADISTICA!F15 -> 0 | G17: =ESTADISTICA!G15 -> 0 | H17: =ESTADISTICA!H15 -> 0 | ... AI17: =ESTADISTICA!AI15 -> 0
A18: =ESTADISTICA!A16 -> BOSQUES CENTRO | B18: =ESTADISTICA!B16 -> BOSQC 03 | C18: =ESTADISTICA!C16 -> BENAVENTE Y LUIS AGOTE | D18: =ESTADISTICA!D16 -> Fija | E18: =ESTADISTICA!E16 -> Radio | F18: =ESTADISTICA!F16 -> 0 | G18: =ESTADISTICA!G16 -> 0 | H18: =ESTADISTICA!H16 -> 0 | ... AI18: =ESTADISTICA!AI16 -> 0
A19: =ESTADISTICA!A17 -> BOSQUES CENTRO | B19: =ESTADISTICA!B17 -> BOSQC 04 | C19: =ESTADISTICA!C17 -> BENAVENTE Y LUIS AGOTE | D19: =ESTADISTICA!D17 -> Fija | E19: =ESTADISTICA!E17 -> Radio | F19: =ESTADISTICA!F17 -> 0 | G19: =ESTADISTICA!G17 -> 0 | H19: =ESTADISTICA!H17 -> 0 | ... AI19: =ESTADISTICA!AI17 -> 0
A20: =ESTADISTICA!A18 -> BOSQUES CENTRO | B20: =ESTADISTICA!B18 -> BOSQC 05 | C20: =ESTADISTICA!C18 -> LUIS AGOTE Y RUTA 36 | D20: =ESTADISTICA!D18 -> Fija | E20: =ESTADISTICA!E18 -> Radio | F20: =ESTADISTICA!F18 -> 0 | G20: =ESTADISTICA!G18 -> 0 | H20: =ESTADISTICA!H18 -> 0 | ... AI20: =ESTADISTICA!AI18 -> 0
A21: =ESTADISTICA!A19 -> BOSQUES CENTRO | B21: =ESTADISTICA!B19 -> BOSQC 06 | C21: =ESTADISTICA!C19 -> LUIS AGOTE Y RUTA 36 | D21: =ESTADISTICA!D19 -> Fija | E21: =ESTADISTICA!E19 -> Radio | F21: =ESTADISTICA!F19 -> 0 | G21: =ESTADISTICA!G19 -> 0 | H21: =ESTADISTICA!H19 -> 0 | ... AI21: =ESTADISTICA!AI19 -> 0
A22: =ESTADISTICA!A20 -> CENTRO | B22: =ESTADISTICA!B20 -> CEN01 | C22: =ESTADISTICA!C20 -> San Martin y 9 de Julio | D22: =ESTADISTICA!D20 -> Fija | E22: =ESTADISTICA!E20 -> Fibra Optica | F22: =ESTADISTICA!F20 -> 0 | G22: =ESTADISTICA!G20 -> 0 | H22: =ESTADISTICA!H20 -> 0 | ... AI22: =ESTADISTICA!AI20 -> 0
A23: =ESTADISTICA!A21 -> CENTRO | B23: =ESTADISTICA!B21 -> CEN02 | C23: =ESTADISTICA!C21 -> San Martin y Almafuerte | D23: =ESTADISTICA!D21 -> Fija | E23: =ESTADISTICA!E21 -> Fibra Optica | F23: =ESTADISTICA!F21 -> 0 | G23: =ESTADISTICA!G21 -> 0 | H23: =ESTADISTICA!H21 -> 0 | ... AI23: =ESTADISTICA!AI21 -> 0
A24: =ESTADISTICA!A22 -> CENTRO | B24: =ESTADISTICA!B22 -> CEN03 | C24: =ESTADISTICA!C22 -> San Martin y Sallares | D24: =ESTADISTICA!D22 -> Domo | E24: =ESTADISTICA!E22 -> Fibra Optica | F24: =ESTADISTICA!F22 -> 0 | G24: =ESTADISTICA!G22 -> 0 | H24: =ESTADISTICA!H22 -> 0 | ... AI24: =ESTADISTICA!AI22 -> 0
A25: =ESTADISTICA!A23 -> CENTRO | B25: =ESTADISTICA!B23 -> CEN04 | C25: =ESTADISTICA!C23 -> San Martin y Contreras | D25: =ESTADISTICA!D23 -> Domo | E25: =ESTADISTICA!E23 -> Fibra Optica | F25: =ESTADISTICA!F23 -> 0 | G25: =ESTADISTICA!G23 -> 0 | H25: =ESTADISTICA!H23 -> 0 | ... AI25: =ESTADISTICA!AI23 -> 0
A26: =ESTADISTICA!A24 -> CENTRO | B26: =ESTADISTICA!B24 -> CEN 05 | C26: =ESTADISTICA!C24 -> Bocuzzi e/España y San Martin | D26: =ESTADISTICA!D24 -> DOMO | E26: =ESTADISTICA!E24 -> Fibra Optica | F26: =ESTADISTICA!F24 -> 0 | G26: =ESTADISTICA!G24 -> 0 | H26: =ESTADISTICA!H24 -> 0 | ... AI26: =ESTADISTICA!AI24 -> 0
A27: =ESTADISTICA!A25 -> CENTRO | B27: =ESTADISTICA!B25 -> CEN06 | C27: =ESTADISTICA!C25 -> Monteagudo y A.del Valle | D27: =ESTADISTICA!D25 -> Fija | E27: =ESTADISTICA!E25 -> Fibra Optica | F27: =ESTADISTICA!F25 -> 0 | G27: =ESTADISTICA!G25 -> 0 | H27: =ESTADISTICA!H25 -> 0 | ... AI27: =ESTADISTICA!AI25 -> 0
... A39: =ESTADISTICA!A37 -> CENTRO | B39: =ESTADISTICA!B37 -> CEN18 | C39: =ESTADISTICA!C37 -> Monteagudo e/Mitre y Sallares | D39: =ESTADISTICA!D37 -> Fija | E39: =ESTADISTICA!E37 -> Fibra Optica | F39: =ESTADISTICA!F37 -> 0 | G39: =ESTADISTICA!G37 -> 0 | H39: =ESTADISTICA!H37 -> 0 | ... AI39: =ESTADISTICA!AI37 -> 0
A40: =ESTADISTICA!A38 -> CENTRO | B40: =ESTADISTICA!B38 -> CEN19 | C40: =ESTADISTICA!C38 -> Chacabuco y 25 de Mayo | D40: =ESTADISTICA!D38 -> Fija | E40: =ESTADISTICA!E38 -> Fibra Optica | F40: =ESTADISTICA!F38 -> 0 | G40: =ESTADISTICA!G38 -> 0 | H40: =ESTADISTICA!H38 -> 0 | ... AJ40: =ESTADISTICA!AJ38 -> #REF!
A41: =ESTADISTICA!A39 -> LOMAS DE MONTEVERDE | B41: =ESTADISTICA!B39 -> CEN20 | C41: =ESTADISTICA!C39 -> Pte. Illia y Las Heras | D41: =ESTADISTICA!D39 -> Domo | E41: =ESTADISTICA!E39 -> Fibra Optica | F41: =ESTADISTICA!F39 -> 0 | G41: =ESTADISTICA!G39 -> 0 | H41: =ESTADISTICA!H39 -> 0 | ... AI41: =ESTADISTICA!AI39 -> 0
A42: =ESTADISTICA!A40 -> CENTRO | B42: =ESTADISTICA!B40 -> CEN21 | C42: =ESTADISTICA!C40 -> Misiones y Urquiza | D42: =ESTADISTICA!D40 -> Fija | E42: =ESTADISTICA!E40 -> Radio | F42: =ESTADISTICA!F40 -> 0 | G42: =ESTADISTICA!G40 -> 0 | H42: =ESTADISTICA!H40 -> 0 | ... AI42: =ESTADISTICA!AI40 -> 0
A43: =ESTADISTICA!A41 -> CENTRO | B43: =ESTADISTICA!B41 -> CEN22 | C43: =ESTADISTICA!C41 -> Las Heras y Chacabuco | D43: =ESTADISTICA!D41 -> Domo | E43: =ESTADISTICA!E41 -> Radio | F43: =ESTADISTICA!F41 -> 0 | G43: =ESTADISTICA!G41 -> 0 | H43: =ESTADISTICA!H41 -> 0 | ... AI43: =ESTADISTICA!AI41 -> 0
A44: =ESTADISTICA!A42 -> CENTRO | B44: =ESTADISTICA!B42 -> CEN23 | C44: =ESTADISTICA!C42 -> Sallares y Monteagudo | D44: =ESTADISTICA!D42 -> Domo | E44: =ESTADISTICA!E42 -> Fibra Optica | F44: =ESTADISTICA!F42 -> 0 | G44: =ESTADISTICA!G42 -> 0 | H44: =ESTADISTICA!H42 -> 0 | ... AI44: =ESTADISTICA!AI42 -> 0
A45: =ESTADISTICA!A43 -> CENTRO | B45: =ESTADISTICA!B43 -> CEN24 | C45: =ESTADISTICA!C43 -> Sallares y España | D45: =ESTADISTICA!D43 -> Domo | E45: =ESTADISTICA!E43 -> Fibra Optica | F45: =ESTADISTICA!F43 -> 0 | G45: =ESTADISTICA!G43 -> 0 | H45: =ESTADISTICA!H43 -> 0 | ... AI45: =ESTADISTICA!AI43 -> 0
A46: =ESTADISTICA!A44 -> CENTRO | B46: =ESTADISTICA!B44 -> CEN25 | C46: =ESTADISTICA!C44 -> SAN MARTIN Y 9 DE JULIO | D46: =ESTADISTICA!D44 -> Domo | E46: =ESTADISTICA!E44 -> Fibra Optica | F46: =ESTADISTICA!F44 -> 0 | G46: =ESTADISTICA!G44 -> 0 | H46: =ESTADISTICA!H44 -> 0 | ... AI46: =ESTADISTICA!AI44 -> 0
A47: =ESTADISTICA!A45 -> CENTRO | B47: =ESTADISTICA!B45 -> CEN26 | C47: =ESTADISTICA!C45 -> Mitre y España | D47: =ESTADISTICA!D45 -> Domo | E47: =ESTADISTICA!E45 -> Fibra Optica | F47: =ESTADISTICA!F45 -> 0 | G47: =ESTADISTICA!G45 -> 0 | H47: =ESTADISTICA!H45 -> 0 | ... AI47: =ESTADISTICA!AI45 -> 0
A48: =ESTADISTICA!A46 -> CENTRO | B48: =ESTADISTICA!B46 -> CEN27 | C48: =ESTADISTICA!C46 -> San Juan y España | D48: =ESTADISTICA!D46 -> Domo | E48: =ESTADISTICA!E46 -> Fibra Optica | F48: =ESTADISTICA!F46 -> 0 | G48: =ESTADISTICA!G46 -> 0 | H48: =ESTADISTICA!H46 -> 0 | ... AJ48: =ESTADISTICA!AJ46 -> #REF!
A49: =ESTADISTICA!A47 -> CENTRO | B49: =ESTADISTICA!B47 -> CEN28 | C49: =ESTADISTICA!C47 -> Mitre y Alberdi | D49: =ESTADISTICA!D47 -> Domo | E49: =ESTADISTICA!E47 -> Fibra Optica | F49: =ESTADISTICA!F47 -> 0 | G49: =ESTADISTICA!G47 -> 0 | H49: =ESTADISTICA!H47 -> 0 | ... AI49: =ESTADISTICA!AI47 -> 0
A50: =ESTADISTICA!A48 -> CENTRO | B50: =ESTADISTICA!B48 -> CEN29 | C50: =ESTADISTICA!C48 -> Alberdi y San Juan | D50: =ESTADISTICA!D48 -> Domo | E50: =ESTADISTICA!E48 -> Fibra Optica | F50: =ESTADISTICA!F48 -> 0 | G50: =ESTADISTICA!G48 -> 0 | H50: =ESTADISTICA!H48 -> 0 | ... AI50: =ESTADISTICA!AI48 -> 0
A51: =ESTADISTICA!A49 -> CENTRO | B51: =ESTADISTICA!B49 -> CEN30 | C51: =ESTADISTICA!C49 -> Mitre y Pringles | D51: =ESTADISTICA!D49 -> Domo | E51: =ESTADISTICA!E49 -> Fibra Optica | F51: =ESTADISTICA!F49 -> 0 | G51: =ESTADISTICA!G49 -> 0 | H51: =ESTADISTICA!H49 -> 0 | ... AI51: =ESTADISTICA!AI49 -> 0
A52: =ESTADISTICA!A50 -> CENTRO | B52: =ESTADISTICA!B50 -> CEN31 | C52: =ESTADISTICA!C50 -> Mitre e/Monteagudo y Alberdi | D52: =ESTADISTICA!D50 -> Domo | E52: =ESTADISTICA!E50 -> Fibra Optica | F52: =ESTADISTICA!F50 -> 0 | G52: =ESTADISTICA!G50 -> 0 | H52: =ESTADISTICA!H50 -> 0 | ... AI52: =ESTADISTICA!AI50 -> 0
A53: =ESTADISTICA!A51 -> CENTRO | B53: =ESTADISTICA!B51 -> CEN32 | C53: =ESTADISTICA!C51 -> Aristobulo del Valle y España | D53: =ESTADISTICA!D51 -> Domo | E53: =ESTADISTICA!E51 -> Fibra Optica | F53: =ESTADISTICA!F51 -> 0 | G53: =ESTADISTICA!G51 -> 0 | H53: =ESTADISTICA!H51 -> 0 | ... AI53: =ESTADISTICA!AI51 -> 0
A54: =ESTADISTICA!A52 -> CENTRO | B54: =ESTADISTICA!B52 -> CEN33 | C54: =ESTADISTICA!C52 -> Peron y Alberdi | D54: =ESTADISTICA!D52 -> Domo | E54: =ESTADISTICA!E52 -> Fibra Optica | F54: =ESTADISTICA!F52 -> 0 | G54: =ESTADISTICA!G52 -> 0 | H54: =ESTADISTICA!H52 -> 0 | ... AI54: =ESTADISTICA!AI52 -> 0
A55: =ESTADISTICA!A53 -> CENTRO | B55: =ESTADISTICA!B53 -> CEN34 | C55: =ESTADISTICA!C53 -> Peron y España | D55: =ESTADISTICA!D53 -> Domo | E55: =ESTADISTICA!E53 -> Fibra Optica | F55: =ESTADISTICA!F53 -> 0 | G55: =ESTADISTICA!G53 -> 0 | H55: =ESTADISTICA!H53 -> 0 | ... AI55: =ESTADISTICA!AI53 -> 0
A56: =ESTADISTICA!A54 -> CENTRO | B56: =ESTADISTICA!B54 -> CEN35 | C56: =ESTADISTICA!C54 -> España y Marmol | D56: =ESTADISTICA!D54 -> Domo | E56: =ESTADISTICA!E54 -> Fibra Optica | F56: =ESTADISTICA!F54 -> 0 | G56: =ESTADISTICA!G54 -> 0 | H56: =ESTADISTICA!H54 -> 0 | ... AI56: =ESTADISTICA!AI54 -> 0
A57: =ESTADISTICA!A55 -> CENTRO | B57: =ESTADISTICA!B55 -> CEN36 | C57: =ESTADISTICA!C55 -> España y 9 de Julio | D57: =ESTADISTICA!D55 -> Domo | E57: =ESTADISTICA!E55 -> Fibra Optica | F57: =ESTADISTICA!F55 -> 0 | G57: =ESTADISTICA!G55 -> 0 | H57: =ESTADISTICA!H55 -> 0 | ... AI57: =ESTADISTICA!AI55 -> 0
A58: =ESTADISTICA!A56 -> CENTRO | B58: =ESTADISTICA!B56 -> CEN 37 | C58: =ESTADISTICA!C56 -> Diagonal Granaderos y Monteagudo | D58: =ESTADISTICA!D56 -> Domo | E58: =ESTADISTICA!E56 -> Fibra Optica | F58: =ESTADISTICA!F56 -> 0 | G58: =ESTADISTICA!G56 -> 0 | H58: =ESTADISTICA!H56 -> 0 | ... AI58: =ESTADISTICA!AI56 -> 0
A59: =ESTADISTICA!A57 -> CENTRO | B59: =ESTADISTICA!B57 -> CEN38 | C59: =ESTADISTICA!C57 -> Diagonal Constituyentes y Almafuerte | D59: =ESTADISTICA!D57 -> Domo | E59: =ESTADISTICA!E57 -> Fibra Optica | F59: =ESTADISTICA!F57 -> 0 | G59: =ESTADISTICA!G57 -> 0 | H59: =ESTADISTICA!H57 -> 0 | ... AI59: =ESTADISTICA!AI57 -> 0
A60: =ESTADISTICA!A58 -> CENTRO | B60: =ESTADISTICA!B58 -> CEN39 | C60: =ESTADISTICA!C58 -> San Martin y Alem | D60: =ESTADISTICA!D58 -> Domo | E60: =ESTADISTICA!E58 -> Fibra Optica | F60: =ESTADISTICA!F58 -> 0 | G60: =ESTADISTICA!G58 -> 0 | H60: =ESTADISTICA!H58 -> 0 | ... AI60: =ESTADISTICA!AI58 -> 0
... A74: =ESTADISTICA!A72 -> CENTRO | B74: =ESTADISTICA!B72 -> CEN 53 | C74: =ESTADISTICA!C72 -> GUTIERREZ Y BROWN | D74: =ESTADISTICA!D72 -> Domo | E74: =ESTADISTICA!E72 -> Radio | F74: =ESTADISTICA!F72 -> 0 | G74: =ESTADISTICA!G72 -> 0 | H74: =ESTADISTICA!H72 -> 0 | ... AI74: =ESTADISTICA!AI72 -> 0
A75: =ESTADISTICA!A73 -> CENTRO | B75: =ESTADISTICA!B73 -> CEN 54 | C75: =ESTADISTICA!C73 -> GUTIERREZ Y PRINGLES | D75: =ESTADISTICA!D73 -> Domo | E75: =ESTADISTICA!E73 -> Radio | F75: =ESTADISTICA!F73 -> 0 | G75: =ESTADISTICA!G73 -> 0 | H75: =ESTADISTICA!H73 -> 0 | ... AJ75: =ESTADISTICA!AJ73 -> #REF!
A76: =ESTADISTICA!A74 -> CENTRO | B76: =ESTADISTICA!B74 -> CEN 55 | C76: =ESTADISTICA!C74 -> BOUREL Y URQUIZA | D76: =ESTADISTICA!D74 -> Domo | E76: =ESTADISTICA!E74 -> Radio | F76: =ESTADISTICA!F74 -> 0 | G76: =ESTADISTICA!G74 -> 0 | H76: =ESTADISTICA!H74 -> 0 | ... AI76: =ESTADISTICA!AI74 -> 0
A77: =ESTADISTICA!A75 -> CENTRO | B77: =ESTADISTICA!B75 -> CEN 56 | C77: =ESTADISTICA!C75 -> Newbery y Falucho | D77: =ESTADISTICA!D75 -> DOMO | E77: =ESTADISTICA!E75 -> Radio | F77: =ESTADISTICA!F75 -> 0 | G77: =ESTADISTICA!G75 -> 0 | H77: =ESTADISTICA!H75 -> 0 | ... AI77: =ESTADISTICA!AI75 -> 0
A78: =ESTADISTICA!A76 -> CENTRO | B78: =ESTADISTICA!B76 -> CEN 57 | C78: =ESTADISTICA!C76 -> 25 DE MAYO Y DORREGO | D78: =ESTADISTICA!D76 -> DOMO | E78: =ESTADISTICA!E76 -> Radio | F78: =ESTADISTICA!F76 -> 0 | G78: =ESTADISTICA!G76 -> 0 | H78: =ESTADISTICA!H76 -> 0 | ... AI78: =ESTADISTICA!AI76 -> 0
A79: =ESTADISTICA!A77 -> CENTRO | B79: =ESTADISTICA!B77 -> CEN 58 | C79: =ESTADISTICA!C77 -> EEUU Y MORENO | D79: =ESTADISTICA!D77 -> DOMO | E79: =ESTADISTICA!E77 -> FIBRA OPTICA | F79: =ESTADISTICA!F77 -> 0 | G79: =ESTADISTICA!G77 -> 0 | H79: =ESTADISTICA!H77 -> 0 | ... AJ79: =ESTADISTICA!AJ77 -> #REF!
A80: =ESTADISTICA!A78 -> CENTRO | B80: =ESTADISTICA!B78 -> CEN59 | C80: =ESTADISTICA!C78 -> CHACABUCO Y BOUREL | D80: =ESTADISTICA!D78 -> DOMO | E80: =ESTADISTICA!E78 -> Radio | F80: =ESTADISTICA!F78 -> 0 | G80: =ESTADISTICA!G78 -> 0 | H80: =ESTADISTICA!H78 -> 0 | ... AI80: =ESTADISTICA!AI78 -> 0
A81: =ESTADISTICA!A79 -> CENTRO | B81: =ESTADISTICA!B79 -> CEN 60 | C81: =ESTADISTICA!C79 -> RECONQUISTA Y ILLIA | D81: =ESTADISTICA!D79 -> DOMO | E81: =ESTADISTICA!E79 -> PTO A FO | F81: =ESTADISTICA!F79 -> 0 | G81: =ESTADISTICA!G79 -> 0 | H81: =ESTADISTICA!H79 -> 0 | ... AI81: =ESTADISTICA!AI79 -> 0
A82: =ESTADISTICA!A80 -> CENTRO | B82: =ESTADISTICA!B80 -> CEN 61 | C82: =ESTADISTICA!C80 -> BOUREL Y MAIPU | D82: =ESTADISTICA!D80 -> DOMO | E82: =ESTADISTICA!E80 -> Radio | F82: =ESTADISTICA!F80 -> 0 | G82: =ESTADISTICA!G80 -> 0 | H82: =ESTADISTICA!H80 -> 0 | ... AI82: =ESTADISTICA!AI80 -> 0
A83: =ESTADISTICA!A81 -> CENTRO | B83: =ESTADISTICA!B81 -> CEN62 | C83: =ESTADISTICA!C81 -> ESPAÑA Y ALEM | D83: =ESTADISTICA!D81 -> DOMO | E83: =ESTADISTICA!E81 -> PTO A FO | F83: =ESTADISTICA!F81 -> 0 | G83: =ESTADISTICA!G81 -> 0 | H83: =ESTADISTICA!H81 -> 0 | ... AI83: =ESTADISTICA!AI81 -> 0
A84: =ESTADISTICA!A82 -> CENTRO | B84: =ESTADISTICA!B82 -> CEN63 | C84: =ESTADISTICA!C82 -> SAN MARTIN Y URQUIZA | D84: =ESTADISTICA!D82 -> DOMO | E84: =ESTADISTICA!E82 -> Fibra Optica | F84: =ESTADISTICA!F82 -> 0 | G84: =ESTADISTICA!G82 -> 0 | H84: =ESTADISTICA!H82 -> 0 | ... AI84: =ESTADISTICA!AI82 -> 0
A85: =ESTADISTICA!A83 -> CENTRO | B85: =ESTADISTICA!B83 -> CEN64 | C85: =ESTADISTICA!C83 -> SAN MARTIN Y BOCCUZZI | D85: =ESTADISTICA!D83 -> FIJA | E85: =ESTADISTICA!E83 -> Fibra Optica | F85: =ESTADISTICA!F83 -> 0 | G85: =ESTADISTICA!G83 -> 0 | H85: =ESTADISTICA!H83 -> 0 | ... AI85: =ESTADISTICA!AI83 -> 0
A86: =ESTADISTICA!A84 -> º | B86: =ESTADISTICA!B84 -> CEN 65 | C86: =ESTADISTICA!C84 -> SAN MARTIN Y JUAN PERON | D86: =ESTADISTICA!D84 -> FIJA | E86: =ESTADISTICA!E84 -> Fibra Optica | F86: =ESTADISTICA!F84 -> APAGADO | G86: =ESTADISTICA!G84 -> 0 | H86: =ESTADISTICA!H84 -> APAGADO | ... AI86: =ESTADISTICA!AI84 -> 0
A87: =ESTADISTICA!A85 -> CENTRO | B87: =ESTADISTICA!B85 -> CEN66 | C87: =ESTADISTICA!C85 -> SAN MARTIN Y JUAN PERON | D87: =ESTADISTICA!D85 -> FIJA | E87: =ESTADISTICA!E85 -> Fibra Optica | F87: =ESTADISTICA!F85 -> APAGADO | G87: =ESTADISTICA!G85 -> 0 | H87: =ESTADISTICA!H85 -> APAGADO | ... AI87: =ESTADISTICA!AI85 -> 0
A88: =ESTADISTICA!A86 -> CENTRO | B88: =ESTADISTICA!B86 -> CEN67 (fija 1) | C88: =ESTADISTICA!C86 -> 9 DE JULIO Y BROWN | D88: =ESTADISTICA!D86 -> Fija | E88: =ESTADISTICA!E86 -> Fibra Optica | F88: =ESTADISTICA!F86 -> 0 | G88: =ESTADISTICA!G86 -> 0 | H88: =ESTADISTICA!H86 -> 0 | ... AI88: =ESTADISTICA!AI86 -> 0
A89: =ESTADISTICA!A87 -> CENTRO | B89: =ESTADISTICA!B87 -> CEN68 (fija 2) | C89: =ESTADISTICA!C87 -> 9 DE JULIO Y BROWN | D89: =ESTADISTICA!D87 -> Fija | E89: =ESTADISTICA!E87 -> Fibra Optica | F89: =ESTADISTICA!F87 -> 0 | G89: =ESTADISTICA!G87 -> 0 | H89: =ESTADISTICA!H87 -> 0 | ... AI89: =ESTADISTICA!AI87 -> 0
A90: =ESTADISTICA!A88 -> CENTRO | B90: =ESTADISTICA!B88 -> CEN69 | C90: =ESTADISTICA!C88 -> RIVADAVIA Y BOUREL | D90: =ESTADISTICA!D88 -> DOMO | E90: =ESTADISTICA!E88 -> Fibra Optica | F90: =ESTADISTICA!F88 -> 0 | G90: =ESTADISTICA!G88 -> 0 | H90: =ESTADISTICA!H88 -> 0 | ... AI90: =ESTADISTICA!AI88 -> 0
A91: =ESTADISTICA!A89 -> CENTRO | B91: =ESTADISTICA!B89 -> CEN 70 | C91: =ESTADISTICA!C89 -> RIVADAVIA Y 25 MAYO | D91: =ESTADISTICA!D89 -> Domo | E91: =ESTADISTICA!E89 -> Fibra Optica | F91: =ESTADISTICA!F89 -> 0 | G91: =ESTADISTICA!G89 -> 0 | H91: =ESTADISTICA!H89 -> 0 | ... AI91: =ESTADISTICA!AI89 -> 0
... A106: =ESTADISTICA!A104 -> CENTRO | B106: =ESTADISTICA!B104 -> CEN 85 | C106: =ESTADISTICA!C104 -> PTE PERON E/ PRINGLES Y BROWN | D106: =ESTADISTICA!D104 -> Fija | E106: =ESTADISTICA!E104 -> Fibra Optica | F106: =ESTADISTICA!F104 -> 0 | G106: =ESTADISTICA!G104 -> 0 | H106: =ESTADISTICA!H104 -> 0 | ... AI106: =ESTADISTICA!AI104 -> 0
A107: =ESTADISTICA!A105 -> SAN NICOLAS | B107: =ESTADISTICA!B105 -> CHA01 | C107: =ESTADISTICA!C105 -> Novak y Pte Illia | D107: =ESTADISTICA!D105 -> Domo | E107: =ESTADISTICA!E105 -> Radio | F107: =ESTADISTICA!F105 -> 0 | G107: =ESTADISTICA!G105 -> 0 | H107: =ESTADISTICA!H105 -> 0 | ... AJ107: =ESTADISTICA!AJ105 -> #REF!
A108: =ESTADISTICA!A106 -> CHACABUCO | B108: =ESTADISTICA!B106 -> CHA02 | C108: =ESTADISTICA!C106 -> Pte. Illia y Posadas | D108: =ESTADISTICA!D106 -> Domo | E108: =ESTADISTICA!E106 -> Radio | F108: =ESTADISTICA!F106 -> 0 | G108: =ESTADISTICA!G106 -> 0 | H108: =ESTADISTICA!H106 -> 0 | ... AI108: =ESTADISTICA!AI106 -> 0
A109: =ESTADISTICA!A107 -> CHACABUCO | B109: =ESTADISTICA!B107 -> CHA03 | C109: =ESTADISTICA!C107 -> MAIPU Y ALVAREZ THOMAS | D109: =ESTADISTICA!D107 -> DOMO | E109: =ESTADISTICA!E107 -> Fibra Optica | F109: =ESTADISTICA!F107 -> 0 | G109: =ESTADISTICA!G107 -> 0 | H109: =ESTADISTICA!H107 -> 0 | ... AI109: =ESTADISTICA!AI107 -> 0
A110: =ESTADISTICA!A108 -> CHACABUCO | B110: =ESTADISTICA!B108 -> CHA04 | C110: =ESTADISTICA!C108 -> ESTADOS UNIDOS DE A. E ILLIA | D110: =ESTADISTICA!D108 -> DOMO | E110: =ESTADISTICA!E108 -> Fibra Optica | F110: =ESTADISTICA!F108 -> 0 | G110: =ESTADISTICA!G108 -> 0 | H110: =ESTADISTICA!H108 -> 0 | ... AI110: =ESTADISTICA!AI108 -> 0
A111: =ESTADISTICA!A109 -> VILLA MONICA NUEVA | B111: =ESTADISTICA!B109 -> COL01 | C111: =ESTADISTICA!C109 -> Eva Peron y Cariboni | D111: =ESTADISTICA!D109 -> Domo | E111: =ESTADISTICA!E109 -> Radio | F111: =ESTADISTICA!F109 -> 0 | G111: =ESTADISTICA!G109 -> 0 | H111: =ESTADISTICA!H109 -> 0 | ... AI111: =ESTADISTICA!AI109 -> 0
A112: =ESTADISTICA!A110 -> LA COLORADA ESTE | B112: =ESTADISTICA!B110 -> COL02 | C112: =ESTADISTICA!C110 -> Av. Eva Peron y Pompeya | D112: =ESTADISTICA!D110 -> Domo | E112: =ESTADISTICA!E110 -> Radio | F112: =ESTADISTICA!F110 -> 0 | G112: =ESTADISTICA!G110 -> 0 | H112: =ESTADISTICA!H110 -> 0 | ... AI112: =ESTADISTICA!AI110 -> 0
A113: =ESTADISTICA!A111 -> LA COLORADA ESTE | B113: =ESTADISTICA!B111 -> COL 03 | C113: =ESTADISTICA!C111 -> CARIBONI Y LA ANCIANIDAD | D113: =ESTADISTICA!D111 -> DOMO | E113: =ESTADISTICA!E111 -> Radio | F113: =ESTADISTICA!F111 -> APAGADO | G113: =ESTADISTICA!G111 -> 0 | H113: =ESTADISTICA!H111 -> 0 | ... AI113: =ESTADISTICA!AI111 -> 0
A114: =ESTADISTICA!A112 -> LA COLORADA ESTE | B114: =ESTADISTICA!B112 -> COL 04 | C114: =ESTADISTICA!C112 -> EVA PERON Y SAVIO | D114: =ESTADISTICA!D112 -> Domo | E114: =ESTADISTICA!E112 -> Fibra Optica | F114: =ESTADISTICA!F112 -> 0 | G114: =ESTADISTICA!G112 -> 0 | H114: =ESTADISTICA!H112 -> 0 | ... AI114: =ESTADISTICA!AI112 -> 0
A115: =ESTADISTICA!A113 -> DON JOSE | B115: =ESTADISTICA!B113 -> DJO01 | C115: =ESTADISTICA!C113 -> Monteverde y Donato Alvarez | D115: =ESTADISTICA!D113 -> Domo | E115: =ESTADISTICA!E113 -> RADIO | F115: =ESTADISTICA!F113 -> 0 | G115: =ESTADISTICA!G113 -> 0 | H115: =ESTADISTICA!H113 -> 0 | ... AI115: =ESTADISTICA!AI113 -> 0
A116: =ESTADISTICA!A114 -> DON JOSE | B116: =ESTADISTICA!B114 -> DJO 02 (fija 1) | C116: =ESTADISTICA!C114 -> DONATO ALVAREZ Y EL APERO | D116: =ESTADISTICA!D114 -> Fija | E116: =ESTADISTICA!E114 -> PTO A FO | F116: =ESTADISTICA!F114 -> APAGADO | G116: =ESTADISTICA!G114 -> APAGADO | H116: =ESTADISTICA!H114 -> APAGADO | ... AI116: =ESTADISTICA!AI114 -> 0
A117: =ESTADISTICA!A115 -> DON JOSE | B117: =ESTADISTICA!B115 -> DJO 03 (fija 2) | C117: =ESTADISTICA!C115 -> DONATO ALVAREZ Y EL APERO | D117: =ESTADISTICA!D115 -> Fija | E117: =ESTADISTICA!E115 -> PTO A FO | F117: =ESTADISTICA!F115 -> APAGADO | G117: =ESTADISTICA!G115 -> APAGADO | H117: =ESTADISTICA!H115 -> APAGADO | ... AI117: =ESTADISTICA!AI115 -> 0
A118: =ESTADISTICA!A116 -> DON JOSE | B118: =ESTADISTICA!B116 -> DJO 04 (Fija 1) | C118: =ESTADISTICA!C116 -> MONTEVERDE Y EL INDIO | D118: =ESTADISTICA!D116 -> Fija | E118: =ESTADISTICA!E116 -> PTO A FO | F118: =ESTADISTICA!F116 -> APAGADO | G118: =ESTADISTICA!G116 -> APAGADO | H118: =ESTADISTICA!H116 -> APAGADO | ... AI118: =ESTADISTICA!AI116 -> 0
A119: =ESTADISTICA!A117 -> DON JOSE | B119: =ESTADISTICA!B117 -> DJO 05 (Fija 2) | C119: =ESTADISTICA!C117 -> MONTEVERDE Y EL INDIO | D119: =ESTADISTICA!D117 -> Fija | E119: =ESTADISTICA!E117 -> PTO A FO | F119: =ESTADISTICA!F117 -> APAGADO | G119: =ESTADISTICA!G117 -> APAGADO | H119: =ESTADISTICA!H117 -> APAGADO | ... AI119: =ESTADISTICA!AI117 -> 0
... A121: =ESTADISTICA!A119 -> DON JOSE | B121: =ESTADISTICA!B119 -> DJ 07 | C121: =ESTADISTICA!C119 -> Calle 414 y El Indio | D121: =ESTADISTICA!D119 -> Fija | E121: =ESTADISTICA!E119 -> PTO A FO | F121: =ESTADISTICA!F119 -> APAGADO | G121: =ESTADISTICA!G119 -> APAGADO | H121: =ESTADISTICA!H119 -> APAGADO | ... AI121: =ESTADISTICA!AI119 -> 0
A122: =ESTADISTICA!A120 -> EL PARQUE | B122: =ESTADISTICA!B120 -> EPQ 01 | C122: =ESTADISTICA!C120 -> 1282 Y GRIERSON | D122: =ESTADISTICA!D120 -> DOMO | E122: =ESTADISTICA!E120 -> Fibra Optica | F122: =ESTADISTICA!F120 -> 0 | G122: =ESTADISTICA!G120 -> 0 | H122: =ESTADISTICA!H120 -> 0 | ... AJ122: =ESTADISTICA!AJ120 -> #REF!
A123: =ESTADISTICA!A121 -> EL PARQUE | B123: =ESTADISTICA!B121 -> EPQ 02 | C123: =ESTADISTICA!C121 -> 1282 Y MASSE | D123: =ESTADISTICA!D121 -> DOMO | E123: =ESTADISTICA!E121 -> Fibra Optica | F123: =ESTADISTICA!F121 -> 0 | G123: =ESTADISTICA!G121 -> 0 | H123: =ESTADISTICA!H121 -> 0 | ... AI123: =ESTADISTICA!AI121 -> 0
A124: =ESTADISTICA!A122 -> EL PARQUE | B124: =ESTADISTICA!B122 -> EPQ 03 | C124: =ESTADISTICA!C122 -> 1282 Y RP 36 | D124: =ESTADISTICA!D122 -> Domo | E124: =ESTADISTICA!E122 -> Fibra Optica | F124: =ESTADISTICA!F122 -> 0 | G124: =ESTADISTICA!G122 -> 0 | H124: =ESTADISTICA!H122 -> 0 | ... AI124: =ESTADISTICA!AI122 -> 0
A125: =ESTADISTICA!A123 -> EL PARQUE | B125: =ESTADISTICA!B123 -> EPQ 04 | C125: =ESTADISTICA!C123 -> 1282 Y MORENO | D125: =ESTADISTICA!D123 -> DOMO | E125: =ESTADISTICA!E123 -> Fibra Optica | F125: =ESTADISTICA!F123 -> 0 | G125: =ESTADISTICA!G123 -> 0 | H125: =ESTADISTICA!H123 -> 0 | ... AI125: =ESTADISTICA!AI123 -> 0
A126: =ESTADISTICA!A124 -> LA ESMERALDA | B126: =ESTADISTICA!B124 -> ESM01 | C126: =ESTADISTICA!C124 -> Cabello y Brasil | D126: =ESTADISTICA!D124 -> Domo | E126: =ESTADISTICA!E124 -> Radio | F126: =ESTADISTICA!F124 -> 0 | G126: =ESTADISTICA!G124 -> 0 | H126: =ESTADISTICA!H124 -> 0 | ... AI126: =ESTADISTICA!AI124 -> 0
A127: =ESTADISTICA!A125 -> SAN JORGE | B127: =ESTADISTICA!B125 -> ESM02 | C127: =ESTADISTICA!C125 -> Novak y Cabello | D127: =ESTADISTICA!D125 -> Domo | E127: =ESTADISTICA!E125 -> PTO A FO | F127: =ESTADISTICA!F125 -> 0 | G127: =ESTADISTICA!G125 -> 0 | H127: =ESTADISTICA!H125 -> APAGADO | ... AI127: =ESTADISTICA!AI125 -> 0
A128: =ESTADISTICA!A126 -> LIBERTAD | B128: =ESTADISTICA!B126 -> ESM03 | C128: =ESTADISTICA!C126 -> Novak y Humahuaca | D128: =ESTADISTICA!D126 -> DOMO | E128: =ESTADISTICA!E126 -> PTO A FO | F128: =ESTADISTICA!F126 -> APAGADO | G128: =ESTADISTICA!G126 -> APAGADO | H128: =ESTADISTICA!H126 -> APAGADO | ... AI128: =ESTADISTICA!AI126 -> 0
A129: =ESTADISTICA!A127 -> LA ESMERALDA | B129: =ESTADISTICA!B127 -> ESM04 | C129: =ESTADISTICA!C127 -> Basualdo y Bengochea | D129: =ESTADISTICA!D127 -> Domo | E129: =ESTADISTICA!E127 -> FIBRA OPTICA | F129: =ESTADISTICA!F127 -> 0 | G129: =ESTADISTICA!G127 -> 0 | H129: =ESTADISTICA!H127 -> 0 | ... AI129: =ESTADISTICA!AI127 -> 0
A130: =ESTADISTICA!A128 -> LA ESMERALDA | B130: =ESTADISTICA!B128 -> ESM05 | C130: =ESTADISTICA!C128 -> Aniceto Diaz y Villar | D130: =ESTADISTICA!D128 -> Domo | E130: =ESTADISTICA!E128 -> FIBRA OPTICA | F130: =ESTADISTICA!F128 -> 0 | G130: =ESTADISTICA!G128 -> 0 | H130: =ESTADISTICA!H128 -> 0 | ... AI130: =ESTADISTICA!AI128 -> 0
A131: =ESTADISTICA!A129 -> LA ESMERALDA | B131: =ESTADISTICA!B129 -> ESM06 | C131: =ESTADISTICA!C129 -> Roselli y Cabello | D131: =ESTADISTICA!D129 -> Domo | E131: =ESTADISTICA!E129 -> Radio | F131: =ESTADISTICA!F129 -> 0 | G131: =ESTADISTICA!G129 -> 0 | H131: =ESTADISTICA!H129 -> 0 | ... AI131: =ESTADISTICA!AI129 -> 0
A132: =ESTADISTICA!A130 -> LA ESMERALDA | B132: =ESTADISTICA!B130 -> ESM07 | C132: =ESTADISTICA!C130 -> AV. NOVAK Y SERRANO | D132: =ESTADISTICA!D130 -> DOMO | E132: =ESTADISTICA!E130 -> PTO A FO | F132: =ESTADISTICA!F130 -> 0 | G132: =ESTADISTICA!G130 -> 0 | H132: =ESTADISTICA!H130 -> 0 | ... AI132: =ESTADISTICA!AI130 -> 0
A133: =ESTADISTICA!A131 -> LA ESMERALDA | B133: =ESTADISTICA!B131 -> ESM 08 | C133: =ESTADISTICA!C131 -> DAVINSON Y MORANCHEL | D133: =ESTADISTICA!D131 -> FIJA | E133: =ESTADISTICA!E131 -> Radio | F133: =ESTADISTICA!F131 -> 0 | G133: =ESTADISTICA!G131 -> 0 | H133: =ESTADISTICA!H131 -> 0 | ... AI133: =ESTADISTICA!AI131 -> 0
A134: =ESTADISTICA!A132 -> LA ESMERALDA | B134: =ESTADISTICA!B132 -> ESM09 (fija 1) | C134: =ESTADISTICA!C132 -> EEUU Y CABELLO | D134: =ESTADISTICA!D132 -> Fija | E134: =ESTADISTICA!E132 -> Fibra Optica | F134: =ESTADISTICA!F132 -> 0 | G134: =ESTADISTICA!G132 -> 0 | H134: =ESTADISTICA!H132 -> 0 | ... AJ134: =ESTADISTICA!AJ132 -> #REF!
A135: =ESTADISTICA!A133 -> LA ESMERALDA | B135: =ESTADISTICA!B133 -> ESM10 (fija 2) | C135: =ESTADISTICA!C133 -> EEUU Y CABELLO | D135: =ESTADISTICA!D133 -> Fija | E135: =ESTADISTICA!E133 -> Fibra Optica | F135: =ESTADISTICA!F133 -> 0 | G135: =ESTADISTICA!G133 -> 0 | H135: =ESTADISTICA!H133 -> 0 | ... AJ135: =ESTADISTICA!AJ133 -> #REF!
A136: =ESTADISTICA!A134 -> LA ESMERALDA | B136: =ESTADISTICA!B134 -> ESM11 (fija 1) | C136: =ESTADISTICA!C134 -> NOVAK Y LAMBARDI | D136: =ESTADISTICA!D134 -> Fija | E136: =ESTADISTICA!E134 -> Fibra Optica | F136: =ESTADISTICA!F134 -> 0 | G136: =ESTADISTICA!G134 -> 0 | H136: =ESTADISTICA!H134 -> 0 | ... AJ136: =ESTADISTICA!AJ134 -> #REF!
A137: =ESTADISTICA!A135 -> LA ESMERALDA | B137: =ESTADISTICA!B135 -> ESM12 (fija 2) | C137: =ESTADISTICA!C135 -> NOVAK Y LAMBARDI | D137: =ESTADISTICA!D135 -> Fija | E137: =ESTADISTICA!E135 -> Fibra Optica | F137: =ESTADISTICA!F135 -> 0 | G137: =ESTADISTICA!G135 -> 0 | H137: =ESTADISTICA!H135 -> 0 | ... AJ137: =ESTADISTICA!AJ135 -> #REF!
A138: =ESTADISTICA!A136 -> LA ESMERALDA | B138: =ESTADISTICA!B136 -> ESM 13 | C138: =ESTADISTICA!C136 -> Barzi y Serrano | D138: =ESTADISTICA!D136 -> fija | E138: =ESTADISTICA!E136 -> Fibra Optica | F138: =ESTADISTICA!F136 -> 0 | G138: =ESTADISTICA!G136 -> 0 | H138: =ESTADISTICA!H136 -> 0 | ... AI138: =ESTADISTICA!AI136 -> 0
A139: =ESTADISTICA!A137 -> LA ESMERALDA | B139: =ESTADISTICA!B137 -> ESM 14 | C139: =ESTADISTICA!C137 -> Barzi y Serrano | D139: =ESTADISTICA!D137 -> fija | E139: =ESTADISTICA!E137 -> Fibra Optica | F139: =ESTADISTICA!F137 -> 0 | G139: =ESTADISTICA!G137 -> 0 | H139: =ESTADISTICA!H137 -> 0 | ... AI139: =ESTADISTICA!AI137 -> 0
...

Sheet BARRAS

Sheet PORCENTAJE

Sheet informe
B1: CANTIDAD | D1: %
A2: TOTAL | B2: 444 | E2: 45078
A3: CAIDAS | B3: 57 | C3: =B3 -> 57 | D3: =C3/B2 -> 0.12837838
A4: LLEGAMOS NOSOTROS | B4: 12 | C4: =C3-B4 -> 45 | D4: =C4/B2 -> 0.10135135
A5: NO ESTA LA CAMARA | B5: 1 | C5: =C4-B5 -> 44 | D5: =C5/B2 -> 0.099099099
A6: RADIO | B6: 11 | C6: =C5-B6 -> 33 | D6: =C6/B2 -> 0.074324324
A7: TOTAL | B7: 444 | E7: 45079
A8: CAIDAS | B8: 44 | C8: =B8 -> 44 | D8: =C8/B7 -> 0.099099099
A9: LLEGAMOS NOSOTROS | B9: 9 | C9: =C8-B9 -> 35 | D9: =C9/B7 -> 0.078828829
A10: NO ESTA LA CAMARA | B10: 1 | C10: =C9-B10 -> 34 | D10: =C10/B7 -> 0.076576577
A11: RADIO | B11: 8 | C11: =C10-B11 -> 26 | D11: =C11/B7 -> 0.058558559
A12: TOTAL | B12: 444 | E12: 45082
A13: CAIDAS | B13: 45 | C13: =B13 -> 45 | D13: =C13/B12 -> 0.10135135
A14: LLEGAMOS NOSOTROS | B14: 7 | C14: =C13-B14 -> 38 | D14: =C14/B12 -> 0.085585586
A15: NO ESTA LA CAMARA | B15: 1 | C15: =C14-B15 -> 37 | D15: =C15/B12 -> 0.083333333
A16: RADIO | B16: 3 | C16: =C15-B16 -> 34 | D16: =C16/B12 -> 0.076576577

Sheet Hoja2
C3: CAMARAS | D3: 153 | H3: CAMARAS | I3: 154
B4: BONOMO | C4: 236 | D4: 29 | G4: BONOMO | H4: 236 | I4: 23
D5: =D4/BONOMOcam -> 0.12236287 | I5: =I4/BONOMOcam -> 0.097046414
B6: COSEIDI | C6: 208 | D6: 28 | G6: COSEIDI | H6: 208 | I6: 21
D7: =D6/COSEIDIcam -> 0.13461538 | I7: =I6/COSEIDIcam -> 0.10096154
C10: CAMARAS | D10: 157
B11: BONOMO | C11: 236 | D11: 22
D12: =D11/BONOMOcam -> 0.092827004
B13: COSEIDI | C13: 208 | D13: 23
D14: =D13/COSEIDIcam -> 0.11057692

Sheet AUXILIAR
A1: FECHA | B1: RADIO | C1: FIBRA | D1: ANTENA | E1: TOTAL APAGADOS | F1: INSTALADAS | G1: % APAGADOS
A2: ='APAGADOS RADIO'!F3 -> 45078 | B2: ='APAGADOS RADIO'!F2+D2 -> 21 | C2: ='APAGADOS FIBRA'!F2 -> 35 | D2: ='APAGADOS ANTENA'!F2 -> 14 | E2: =B2+C2 -> 56 | F2: ='RESUMEN TOTAL'!B1 -> 445 | G2: =E2/F2 -> 0.1258427
A3: ='APAGADOS RADIO'!G3 -> 45079 | B3: ='APAGADOS RADIO'!G2+D3 -> 16 | C3: ='APAGADOS FIBRA'!G2 -> 27 | D3: ='APAGADOS ANTENA'!G2 -> 12 | E3: =B3+C3 -> 43 | F3: ='RESUMEN TOTAL'!B1 -> 445 | G3: =E3/F3 -> 0.096629213
A4: ='APAGADOS RADIO'!H3 -> 45080 | B4: ='APAGADOS RADIO'!H2+D4 -> 20 | C4: ='APAGADOS FIBRA'!H2 -> 34 | D4: ='APAGADOS ANTENA'!H2 -> 14 | E4: =B4+C4 -> 54 | F4: ='RESUMEN TOTAL'!B1 -> 445 | G4: =E4/F4 -> 0.12134831
A5: ='APAGADOS RADIO'!I3 -> 45081 | B5: ='APAGADOS RADIO'!I2+D5 -> 16 | C5: ='APAGADOS FIBRA'!I2 -> 29 | D5: ='APAGADOS ANTENA'!I2 -> 12 | E5: =B5+C5 -> 45 | F5: ='RESUMEN TOTAL'!B1 -> 445 | G5: =E5/F5 -> 0.1011236
A6: ='APAGADOS RADIO'!J3 -> 45082 | B6: ='APAGADOS RADIO'!J2+D6 -> 15 | C6: ='APAGADOS FIBRA'!J2 -> 29 | D6: ='APAGADOS ANTENA'!J2 -> 12 | E6: =B6+C6 -> 44 | F6: ='RESUMEN TOTAL'!B1 -> 445 | G6: =E6/F6 -> 0.098876404
A7: ='APAGADOS RADIO'!K3 -> 45083 | B7: ='APAGADOS RADIO'!K2+D7 -> 0 | C7: ='APAGADOS FIBRA'!K2 -> 0 | D7: ='APAGADOS ANTENA'!K2 -> 0 | E7: =B7+C7 -> 0 | F7: ='RESUMEN TOTAL'!B1 -> 445 | G7: =E7/F7 -> 0
A8: ='APAGADOS RADIO'!L3 -> 45084 | B8: ='APAGADOS RADIO'!L2+D8 -> 0 | C8: ='APAGADOS FIBRA'!L2 -> 0 | D8: ='APAGADOS ANTENA'!L2 -> 0 | E8: =B8+C8 -> 0 | F8: ='RESUMEN TOTAL'!B1 -> 445 | G8: =E8/F8 -> 0
A9: ='APAGADOS RADIO'!M3 -> 45085 | B9: ='APAGADOS RADIO'!M2+D9 -> 0 | C9: ='APAGADOS FIBRA'!M2 -> 0 | D9: ='APAGADOS ANTENA'!M2 -> 0 | E9: =B9+C9 -> 0 | F9: ='RESUMEN TOTAL'!B1 -> 445 | G9: =E9/F9 -> 0
A10: ='APAGADOS RADIO'!N3 -> 45086 | B10: ='APAGADOS RADIO'!N2+D10 -> 0 | C10: ='APAGADOS FIBRA'!N2 -> 0 | D10: ='APAGADOS ANTENA'!N2 -> 0 | E10: =B10+C10 -> 0 | F10: ='RESUMEN TOTAL'!B1 -> 445 | G10: =E10/F10 -> 0
A11: ='APAGADOS RADIO'!O3 -> 45087 | B11: ='APAGADOS RADIO'!O2+D11 -> 0 | C11: ='APAGADOS FIBRA'!O2 -> 0 | D11: ='APAGADOS ANTENA'!O2 -> 0 | E11: =B11+C11 -> 0 | F11: ='RESUMEN TOTAL'!B1 -> 445 | G11: =E11/F11 -> 0
A12: ='APAGADOS RADIO'!P3 -> 45088 | B12: ='APAGADOS RADIO'!P2+D12 -> 0 | C12: ='APAGADOS FIBRA'!P2 -> 0 | D12: ='APAGADOS ANTENA'!P2 -> 0 | E12: =B12+C12 -> 0 | F12: ='RESUMEN TOTAL'!B1 -> 445 | G12: =E12/F12 -> 0
A13: ='APAGADOS RADIO'!Q3 -> 45089 | B13: ='APAGADOS RADIO'!Q2+D13 -> 0 | C13: ='APAGADOS FIBRA'!Q2 -> 0 | D13: ='APAGADOS ANTENA'!Q2 -> 0 | E13: =B13+C13 -> 0 | F13: ='RESUMEN TOTAL'!B1 -> 445 | G13: =E13/F13 -> 0
A14: ='APAGADOS RADIO'!R3 -> 45090 | B14: ='APAGADOS RADIO'!R2+D14 -> 0 | C14: ='APAGADOS FIBRA'!R2 -> 0 | D14: ='APAGADOS ANTENA'!R2 -> 0 | E14: =B14+C14 -> 0 | F14: ='RESUMEN TOTAL'!B1 -> 445 | G14: =E14/F14 -> 0
A15: ='APAGADOS RADIO'!S3 -> 45091 | B15: ='APAGADOS RADIO'!S2+D15 -> 0 | C15: ='APAGADOS FIBRA'!S2 -> 0 | D15: ='APAGADOS ANTENA'!S2 -> 0 | E15: =B15+C15 -> 0 | F15: ='RESUMEN TOTAL'!B1 -> 445 | G15: =E15/F15 -> 0
A16: ='APAGADOS RADIO'!T3 -> 45092 | B16: ='APAGADOS RADIO'!T2+D16 -> 0 | C16: ='APAGADOS FIBRA'!T2 -> 0 | D16: ='APAGADOS ANTENA'!T2 -> 0 | E16: =B16+C16 -> 0 | F16: ='RESUMEN TOTAL'!B1 -> 445 | G16: =E16/F16 -> 0
A17: ='APAGADOS RADIO'!U3 -> 45093 | B17: ='APAGADOS RADIO'!U2+D17 -> 0 | C17: ='APAGADOS FIBRA'!U2 -> 0 | D17: ='APAGADOS ANTENA'!U2 -> 0 | E17: =B17+C17 -> 0 | F17: ='RESUMEN TOTAL'!B1 -> 445 | G17: =E17/F17 -> 0
A18: ='APAGADOS RADIO'!V3 -> 45094 | B18: ='APAGADOS RADIO'!V2+D18 -> 0 | C18: ='APAGADOS FIBRA'!V2 -> 0 | D18: ='APAGADOS ANTENA'!V2 -> 0 | E18: =B18+C18 -> 0 | F18: ='RESUMEN TOTAL'!B1 -> 445 | G18: =E18/F18 -> 0
A19: ='APAGADOS RADIO'!W3 -> 45095
A20: ='APAGADOS RADIO'!X3 -> 45096
A21: ='APAGADOS RADIO'!Y3 -> 45097
A22: ='APAGADOS RADIO'!Z3 -> 45098
A23: ='APAGADOS RADIO'!AA3 -> 45099
A24: ='APAGADOS RADIO'!AB3 -> 45100
A25: ='APAGADOS RADIO'!AC3 -> 45101
A26: ='APAGADOS RADIO'!AD3 -> 45102
A27: ='APAGADOS RADIO'!AE3 -> 45103
A28: ='APAGADOS RADIO'!AF3 -> 45104
A29: ='APAGADOS RADIO'!AG3 -> 45105
A30: ='APAGADOS RADIO'!AH3 -> 45106
A31: ='APAGADOS RADIO'!AI3 -> 45107
A32: ='APAGADOS RADIO'!AJ3 -> #REF!

Sheet GRAFICO2

Sheet Hoja1
B1: CAMARAS
A2: BONOMO | B2: =COUNTIFS('RESUMEN TOTAL'!C5:C513,"=BONOMO") -> 237 | F2: 45078 | G2: 45079 | H2: 45080 | I2: 45081 | J2: 45082 | K2: 45083 | L2: 45084 | M2: 45085 | N2: 45086 | O2: 45087 | P2: 45088 | Q2: 45089 | R2: 45090 | S2: 45091 | T2: 45092 | U2: 45093 | V2: 45094 | W2: 45095 | X2: 45096 | Y2: 45097 | Z2: 45098 | AA2: 45099 | AB2: 45100 | AC2: 45101 | AD2: 45102 | AE2: 45103 | AF2: 45104 | AG2: 45105 | AH2: 45106 | AI2: 45107
D3: BONOMO | E3: APAGADAS BONOMO | F3: 29 | G3: =COUNTIFS('RESUMEN TOTAL'!C3:C514, "=BONOMO",'RESUMEN TOTAL'!M3:M514,"=APAGADO") -> 23 | H3: =COUNTIFS('RESUMEN TOTAL'!C7:C514, "=BONOMO",'RESUMEN TOTAL'!N7:N514,"=APAGADO") -> 30 | I3: =COUNTIFS('RESUMEN TOTAL'!C7:C514, "=BONOMO",'RESUMEN TOTAL'!O7:O514,"=APAGADO") -> 23 | J3: =COUNTIFS('RESUMEN TOTAL'!C7:C514, "=BONOMO",'RESUMEN TOTAL'!P7:P514,"=APAGADO") -> 22 | K3: =COUNTIFS('RESUMEN TOTAL'!C7:C514, "=BONOMO",'RESUMEN TOTAL'!Q7:Q514,"=APAGADO") -> 0 | L3: =COUNTIFS('RESUMEN TOTAL'!C7:C514, "=BONOMO",'RESUMEN TOTAL'!R7:R514,"=APAGADO") -> 0 | M3: =COUNTIFS('RESUMEN TOTAL'!C7:C514, "=BONOMO",'RESUMEN TOTAL'!S7:S514,"=APAGADO") -> 0 | N3: =COUNTIFS('RESUMEN TOTAL'!C7:C514, "=BONOMO",'RESUMEN TOTAL'!T7:T514,"=APAGADO") -> 0 | O3: =COUNTIFS('RESUMEN TOTAL'!C7:C514, "=BONOMO",'RESUMEN TOTAL'!U7:U514,"=APAGADO") -> 0 | P3: =COUNTIFS('RESUMEN TOTAL'!C7:C514, "=BONOMO",'RESUMEN TOTAL'!V7:V514,"=APAGADO") -> 0 | Q3: =COUNTIFS('RESUMEN TOTAL'!C7:C514, "=BONOMO",'RESUMEN TOTAL'!W7:W514,"=APAGADO") -> 0 | R3: =COUNTIFS('RESUMEN TOTAL'!C7:C514, "=BONOMO",'RESUMEN TOTAL'!X7:X514,"=APAGADO") -> 0 | S3: =COUNTIFS('RESUMEN TOTAL'!C7:C514, "=BONOMO",'RESUMEN TOTAL'!Y7:Y514,"=APAGADO") -> 0 | T3: =COUNTIFS('RESUMEN TOTAL'!C7:C514, "=BONOMO",'RESUMEN TOTAL'!Z7:Z514,"=APAGADO") -> 0 | U3: =COUNTIFS('RESUMEN TOTAL'!C7:C514, "=BONOMO",'RESUMEN TOTAL'!AA7:AA514,"=APAGADO") -> 0 | V3: =COUNTIFS('RESUMEN TOTAL'!C7:C514, "=BONOMO",'RESUMEN TOTAL'!AB7:AB514,"=APAGADO") -> 0 | W3: =COUNTIFS('RESUMEN TOTAL'!C7:C514, "=BONOMO",'RESUMEN TOTAL'!AC7:AC514,"=APAGADO") -> 0 | X3: =COUNTIFS('RESUMEN TOTAL'!C7:C514, "=BONOMO",'RESUMEN TOTAL'!AD7:AD514,"=APAGADO") -> 0 | Y3: =COUNTIFS('RESUMEN TOTAL'!C7:C514, "=BONOMO",'RESUMEN TOTAL'!AE7:AE514,"=APAGADO") -> 0 | Z3: =COUNTIFS('RESUMEN TOTAL'!C7:C514, "=BONOMO",'RESUMEN TOTAL'!AF7:AF514,"=APAGADO") -> 0 | AA3: =COUNTIFS('RESUMEN TOTAL'!C7:C514, "=BONOMO",'RESUMEN TOTAL'!AG7:AG514,"=APAGADO") -> 0 | AB3: =COUNTIFS('RESUMEN TOTAL'!C7:C514, "=BONOMO",'RESUMEN TOTAL'!AH7:AH514,"=APAGADO") -> 0 | AC3: =COUNTIFS('RESUMEN TOTAL'!C7:C514, "=BONOMO",'RESUMEN TOTAL'!AI7:AI514,"=APAGADO") -> 0 | AD3: =COUNTIFS('RESUMEN TOTAL'!C7:C514, "=BONOMO",'RESUMEN TOTAL'!AJ7:AJ514,"=APAGADO") -> 0 | AE3: =COUNTIFS('RESUMEN TOTAL'!C7:C514, "=BONOMO",'RESUMEN TOTAL'!AK7:AK514,"=APAGADO") -> 0 | AF3: =COUNTIFS('RESUMEN TOTAL'!C7:C514, "=BONOMO",'RESUMEN TOTAL'!AL7:AL514,"=APAGADO") -> 0 | AG3: =COUNTIFS('RESUMEN TOTAL'!C7:C514, "=BONOMO",'RESUMEN TOTAL'!AM7:AM514,"=APAGADO") -> 0 | AH3: 0 | AI3: 0
A4: COSEIDI | B4: =COUNTIFS('RESUMEN TOTAL'!C5:C513,"=COSEIDI") -> 208 | E4: % BONOMO | F4: =F3/BONOMOcam -> 0.12236287 | G4: =G3/BONOMOcam -> 0.097046414 | H4: =H3/BONOMOcam -> 0.12658228 | I4: =I3/BONOMOcam -> 0.097046414 | J4: =J3/BONOMOcam -> 0.092827004 | K4: =K3/BONOMOcam -> 0 | L4: =L3/BONOMOcam -> 0 | M4: =M3/BONOMOcam -> 0 | ... AI4: =AI3/BONOMOcam -> 0
D5: COSEIDI | E5: APAGADAS COSEIDI | F5: 28 | G5: =COUNTIFS('RESUMEN TOTAL'!C3:C510, "=COSEIDI",'RESUMEN TOTAL'!M3:M510,"=APAGADO") -> 21 | H5: =COUNTIFS('RESUMEN TOTAL'!C10:C435, "=COSEIDI",'RESUMEN TOTAL'!N10:N435,"=APAGADO") -> 22 | I5: =COUNTIFS('RESUMEN TOTAL'!C10:C435, "=COSEIDI",'RESUMEN TOTAL'!O10:O435,"=APAGADO") -> 20 | J5: 23 | K5: =COUNTIFS('RESUMEN TOTAL'!C10:C435, "=COSEIDI",'RESUMEN TOTAL'!Q10:Q435,"=APAGADO") -> 0 | L5: =COUNTIFS('RESUMEN TOTAL'!C10:C435, "=COSEIDI",'RESUMEN TOTAL'!R10:R435,"=APAGADO") -> 0 | M5: =COUNTIFS('RESUMEN TOTAL'!C10:C435, "=COSEIDI",'RESUMEN TOTAL'!S10:S435,"=APAGADO") -> 0 | N5: =COUNTIFS('RESUMEN TOTAL'!C10:C435, "=COSEIDI",'RESUMEN TOTAL'!T10:T435,"=APAGADO") -> 0 | O5: =COUNTIFS('RESUMEN TOTAL'!C10:C435, "=COSEIDI",'RESUMEN TOTAL'!U10:U435,"=APAGADO") -> 0 | P5: =COUNTIFS('RESUMEN TOTAL'!C10:C435, "=COSEIDI",'RESUMEN TOTAL'!V10:V435,"=APAGADO") -> 0 | Q5: =COUNTIFS('RESUMEN TOTAL'!C10:C435, "=COSEIDI",'RESUMEN TOTAL'!W10:W435,"=APAGADO") -> 0 | R5: =COUNTIFS('RESUMEN TOTAL'!C10:C435, "=COSEIDI",'RESUMEN TOTAL'!X10:X435,"=APAGADO") -> 0 | S5: =COUNTIFS('RESUMEN TOTAL'!C10:C435, "=COSEIDI",'RESUMEN TOTAL'!Y10:Y435,"=APAGADO") -> 0 | T5: =COUNTIFS('RESUMEN TOTAL'!C10:C435, "=COSEIDI",'RESUMEN TOTAL'!Z10:Z435,"=APAGADO") -> 0 | U5: =COUNTIFS('RESUMEN TOTAL'!C10:C435, "=COSEIDI",'RESUMEN TOTAL'!AA10:AA435,"=APAGADO") -> 0 | V5: =COUNTIFS('RESUMEN TOTAL'!C10:C435, "=COSEIDI",'RESUMEN TOTAL'!AB10:AB435,"=APAGADO") -> 0 | W5: =COUNTIFS('RESUMEN TOTAL'!C10:C435, "=COSEIDI",'RESUMEN TOTAL'!AC10:AC435,"=APAGADO") -> 0 | X5: =COUNTIFS('RESUMEN TOTAL'!C10:C510, "=COSEIDI",'RESUMEN TOTAL'!AD10:AD510,"=APAGADO") -> 0 | Y5: =COUNTIFS('RESUMEN TOTAL'!C10:C510, "=COSEIDI",'RESUMEN TOTAL'!AE10:AE510,"=APAGADO") -> 0 | Z5: =COUNTIFS('RESUMEN TOTAL'!C10:C435, "=COSEIDI",'RESUMEN TOTAL'!AF10:AF435,"=APAGADO") -> 0 | AA5: =COUNTIFS('RESUMEN TOTAL'!C10:C435, "=COSEIDI",'RESUMEN TOTAL'!AG10:AG435,"=APAGADO") -> 0 | AB5: =COUNTIFS('RESUMEN TOTAL'!C10:C435, "=COSEIDI",'RESUMEN TOTAL'!AH10:AH435,"=APAGADO") -> 0 | AC5: =COUNTIFS('RESUMEN TOTAL'!C10:C435, "=COSEIDI",'RESUMEN TOTAL'!AI10:AI435,"=APAGADO") -> 0 | AD5: =COUNTIFS('RESUMEN TOTAL'!C10:C435, "=COSEIDI",'RESUMEN TOTAL'!AJ10:AJ435,"=APAGADO") -> 0 | AE5: =COUNTIFS('RESUMEN TOTAL'!C10:C435, "=COSEIDI",'RESUMEN TOTAL'!AK10:AK435,"=APAGADO") -> 0 | AF5: =COUNTIFS('RESUMEN TOTAL'!C10:C435, "=COSEIDI",'RESUMEN TOTAL'!AL10:AL435,"=APAGADO") -> 0 | AG5: =COUNTIFS('RESUMEN TOTAL'!C10:C435, "=COSEIDI",'RESUMEN TOTAL'!AM10:AM435,"=APAGADO") -> 0 | AH5: 0 | AI5: 0
E6: % COSEIDI | F6: =F5/COSEIDIcam -> 0.13461538 | G6: =G5/COSEIDIcam -> 0.10096154 | H6: =H5/COSEIDIcam -> 0.10576923 | I6: =I5/COSEIDIcam -> 0.096153846 | J6: =J5/COSEIDIcam -> 0.11057692 | K6: =K5/COSEIDIcam -> 0 | L6: =L5/COSEIDIcam -> 0 | M6: =M5/COSEIDIcam -> 0 | ... AG6: =AG5/COSEIDIcam -> 0
