Workbook
Name _25_de_agosto: 'RESUMEN TOTAL'!$A$4:$D$383
Name _25_de_agosto_3: 'RESUMEN TOTAL'!$A$4:$D$395
Name BONOMOcam: Hoja1!$B$2
Name CANTIDAD_DE_CAMARAS: 'RESUMEN TOTAL'!$B$1
Name COSEIDIcam: Hoja1!$B$4

Sheet RESUMEN TOTAL
A1: CANTIDAD DE CAMARAS | B1: =COUNTA(B5:B617) -> 523 | D1: PORCIENTO DE CAIDAS | L1: =(L3)/(L2+L3) -> 0.070745698 | M1: =(M3)/(M2+M3) -> 0.07456979 | N1: =(N3)/(N2+N3) -> 0.066921606 | O1: =(O3)/(O2+O3) -> 0.055449331 | P1: =(P3)/(P2+P3) -> 0.063097514 | Q1: =(Q3)/(Q2+Q3) -> 0 | R1: =(R3)/(R2+R3) -> 0 | S1: =(S3)/(S2+S3) -> 0 | ... X1: =(X3)/(X2+X3) -> 0 | Z1: =(Z3)/(Z2+Z3) -> 0 | AA1: =(AA3)/(AA2+AA3) -> 0 | AB1: =(AB3)/(AB2+AB3) -> 0 | AC1: =(AC3)/(AC2+AC3) -> 0 | AD1: =(AD3)/(AD2+AD3) -> 0 | AE1: =(AE3)/(AE2+AE3) -> 0 | AF1: =(AF3)/(AF2+AF3) -> 0 | AG1: =(AG3)/(AG2+AG3) -> 0 | ... AP1: =(AP3)/(AP2+AP3) -> 0
D2: FUNCIONAN | L2: =B1-L3 -> 486 | M2: =CANTIDAD_DE_CAMARAS-M3 -> 484 | N2: =CANTIDAD_DE_CAMARAS-N3 -> 488 | O2: =CANTIDAD_DE_CAMARAS-O3 -> 494 | P2: =CANTIDAD_DE_CAMARAS-P3 -> 490 | Q2: =CANTIDAD_DE_CAMARAS-Q3 -> 523 | R2: =CANTIDAD_DE_CAMARAS-R3 -> 523 | S2: =CANTIDAD_DE_CAMARAS-S3 -> 523 | T2: =CANTIDAD_DE_CAMARAS-T3 -> 523 | ... AP2: =CANTIDAD_DE_CAMARAS-AP3 -> 523
D3: CAIDAS | L3: =COUNTIF(L4:L617, "apagado") -> 37 | M3: =COUNTIF(M4:M617, "apagado") -> 39 | N3: =COUNTIF(N4:N617, "apagado") -> 35 | O3: =COUNTIF(O4:O617, "apagado") -> 29 | P3: =COUNTIF(P4:P617, "apagado") -> 33 | Q3: =COUNTIF(Q4:Q617, "apagado") -> 0 | R3: =COUNTIF(R4:R617, "apagado") -> 0 | S3: =COUNTIF(S4:S617, "apagado") -> 0 | ... W3: =COUNTIF(W4:W617, "apagado") -> 0 | X3: =COUNTIF(X4:X517, "apagado") -> 0 | Y3: =COUNTIF(Y4:Y517, "apagado") -> 0 | Z3: =COUNTIF(Z4:Z617, "apagado") -> 0 | AA3: =COUNTIF(AA4:AA617, "apagado") -> 0 | AB3: =COUNTIF(AB4:AB617, "apagado") -> 0 | AC3: =COUNTIF(AC4:AC617, "apagado") -> 0 | AD3: =COUNTIF(AD4:AD617, "apagado") -> 0 | AE3: =COUNTIF(AE4:AE617, "apagado") -> 0 | AF3: =COUNTIF(AF4:AF617, "apagado") -> 0 | AG3: =COUNTIF(AG4:AG617, "apagado") -> 0 | ... AP3: =COUNTIF(AP4:AP617, "apagado") -> 0
A4: Barrio | B4: [Denominacion] | C4: [Empresa Mantenimiento] | D4: [Ubicacion] | E4: [Tipo de Camara] | F4: [Tipo de Conexion] | G4: Destino | I4: DIAS FUNCIONANDO | J4: DIAS CAIDA | K4: EFECTIVIDAD | L4: 45200 | M4: 45201 | N4: 45202 | O4: 45203 | P4: 45204 | Q4: 45205 | R4: 45206 | S4: 45207 | T4: 45208 | U4: 45209 | V4: 45210 | W4: 45211 | X4: 45212 | Y4: 45213 | Z4: 45214 | AA4: 45215 | AB4: 45216 | AC4: 45217 | AD4: 45218 | AE4: 45219 | AF4: 45220 | AG4: 45221 | AH4: 45222 | AI4: 45223 | AJ4: 45224 | AK4: 45225 | AL4: 45226 | AM4: 45227 | AN4: 45228 | AO4: 45229 | AP4: 45230
A5: ALTAMIRA | B5: ALT01 | C5: BONOMO | D5: Calchaqui y Sgto. Cabral | E5: Domo | F5: Fibra Optica | H5: 172.20.10.6 | I5: =COUNTIF(L5:AM5,"") -> 28 | J5: =COUNTIF(L5:AM5,"APAGADO") -> 0 | K5: =(I5)/(J5+I5) -> 1
A6: ALTAMIRA | B6: ALT02 | C6: BONOMO | D6: Calchaqui y Lope de Vega | E6: Domo | F6: PTO A FO | G6: CABRAL Y CALCHAQUI | H6: 172.20.12.218 | I6: =COUNTIF(L6:AM6,"") -> 28 | J6: =COUNTIF(L6:AM6,"APAGADO") -> 0 | K6: =(I6)/(J6+I6) -> 1
A7: ALTAMIRA | B7: ALT 03 | C7: BONOMO | D7: Bombero Galarza y Necochea | E7: Domo | F7: Fibra Optica | H7: 172.20.12.54 | I7: =COUNTIF(L7:AM7,"") -> 28 | J7: =COUNTIF(L7:AM7,"APAGADO") -> 0 | K7: =(I7)/(J7+I7) -> 1
A8: ALTAMIRA | B8: ALT 04 | C8: BONOMO | D8: Francia y Necochea | E8: Domo | F8: Fibra Optica | H8: 172.20.12.55 | I8: =COUNTIF(L8:AM8,"") -> 28 | J8: =COUNTIF(L8:AM8,"APAGADO") -> 0 | K8: =(I8)/(J8+I8) -> 1
A9: ALTAMIRA | B9: ALT05 | C9: BONOMO | D9: Av. Calchaqui y Bombero Galarza | E9: Domo | F9: PTO A FO | G9: NECOCHEA Y GALARZA | H9: 172.20.12.216 | I9: =COUNTIF(L9:AM9,"") -> 28 | J9: =COUNTIF(L9:AM9,"APAGADO") -> 0 | K9: =(I9)/(J9+I9) -> 1
A10: ALTAMIRA | B10: ALT 06 | C10: BONOMO | D10: LOPE DE VEGA Y NECOCHEA | E10: Domo | F10: PTO A FO | G10: NECOCHEA Y GALARZA | H10: 172.20.12.12 | I10: =COUNTIF(L10:AM10,"") -> 28 | J10: =COUNTIF(L10:AM10,"APAGADO") -> 0 | K10: =(I10)/(J10+I10) -> 1
A11: ALTAMIRA | B11: ALT07 | C11: BONOMO | D11: AV. CALCHAQUI Y AV. DEL TRABAJO | E11: DOMO | F11: PTO A FO | G11: CABRAL Y CALCHAQUI | H11: 172.20.10.57 | I11: =COUNTIF(L11:AM11,"") -> 28 | J11: =COUNTIF(L11:AM11,"APAGADO") -> 0 | K11: =(I11)/(J11+I11) -> 1
A12: ALTAMIRA | B12: ALT 08 | C12: BONOMO | D12: HUMAITA Y NECOCHEA | E12: DOMO | F12: Fibra Optica | H12: 172.20.11.215 | I12: =COUNTIF(L12:AM12,"") -> 28 | J12: =COUNTIF(L12:AM12,"APAGADO") -> 0 | K12: =(I12)/(J12+I12) -> 1
A13: ALTAMIRA | B13: ALT 09 | C13: BONOMO | D13: NECOCHEA Y CURUPAITY | E13: DOMO | F13: Fibra Optica | H13: 172.20.11.216 | I13: =COUNTIF(L13:AM13,"") -> 28 | J13: =COUNTIF(L13:AM13,"APAGADO") -> 0 | K13: =(I13)/(J13+I13) -> 1
A14: ALTAMIRA | B14: ALT 10 | C14: BONOMO | D14: Calchaqui y Francia | E14: Domo | F14: Radio | H14: 172.20.12.156 | I14: =COUNTIF(L14:AM14,"") -> 28 | J14: =COUNTIF(L14:AM14,"APAGADO") -> 0 | K14: =(I14)/(J14+I14) -> 1
A15: AGUSTIN RAMIREZ | B15: ARA 01 | C15: COSEIDI | D15: Malambo y Tranquera | E15: Domo | F15: Fibra Optica | H15: 172.20.12.110 | I15: =COUNTIF(L15:AM15,"") -> 23 | J15: =COUNTIF(L15:AM15,"APAGADO") -> 5 | K15: =(I15)/(J15+I15) -> 0.82142857 | L15: APAGADO | M15: APAGADO | N15: APAGADO | O15: APAGADO | P15: APAGADO
A16: BELGRANO | B16: BEL 01 | C16: BONOMO | D16: San Martin y Dardo Rocha | E16: DOMO | F16: Fibra Optica | H16: 172.20.12.64 | I16: =COUNTIF(L16:AM16,"") -> 28 | J16: =COUNTIF(L16:AM16,"APAGADO") -> 0 | K16: =(I16)/(J16+I16) -> 1
A17: BELGRANO | B17: BEL 02 | C17: BONOMO | D17: Guardia vieja y Fronteriz | E17: DOMO | F17: Fibra Optica | I17: =COUNTIF(L17:AM17,"") -> 28 | J17: =COUNTIF(L17:AM17,"APAGADO") -> 0 | K17: =(I17)/(J17+I17) -> 1
A18: BOSQUES CENTRO | B18: BOSQC 01 | C18: COSEIDI | D18: LUIS AGOTE E/DANUNCIO Y CAMPOAMOR | E18: Fija | F18: Radio | H18: 172.20.11.15 | I18: =COUNTIF(L18:AM18,"") -> 25 | J18: =COUNTIF(L18:AM18,"APAGADO") -> 3 | K18: =(I18)/(J18+I18) -> 0.89285714 | L18: APAGADO | M18: APAGADO | P18: APAGADO
A19: BOSQUES CENTRO | B19: BOSQC 02 | C19: COSEIDI | D19: LUIS AGOTE E/DANUNCIO Y CAMPOAMOR | E19: Fija | F19: Radio | H19: 172.20.11.16 | I19: =COUNTIF(L19:AM19,"") -> 25 | J19: =COUNTIF(L19:AM19,"APAGADO") -> 3 | K19: =(I19)/(J19+I19) -> 0.89285714 | L19: APAGADO | M19: APAGADO | P19: APAGADO
A20: BOSQUES CENTRO | B20: BOSQC 03 | C20: COSEIDI | D20: BENAVENTE Y LUIS AGOTE | E20: Fija | F20: Radio | H20: 172.20.11.13 | I20: =COUNTIF(L20:AM20,"") -> 25 | J20: =COUNTIF(L20:AM20,"APAGADO") -> 3 | K20: =(I20)/(J20+I20) -> 0.89285714 | L20: APAGADO | M20: APAGADO | P20: APAGADO
A21: BOSQUES CENTRO | B21: BOSQC 04 | C21: COSEIDI | D21: BENAVENTE Y LUIS AGOTE | E21: Fija | F21: Radio | H21: 172.20.11.113 | I21: =COUNTIF(L21:AM21,"") -> 25 | J21: =COUNTIF(L21:AM21,"APAGADO") -> 3 | K21: =(I21)/(J21+I21) -> 0.89285714 | L21: APAGADO | M21: APAGADO | P21: APAGADO
A22: BOSQUES CENTRO | B22: BOSQC 05 | C22: COSEIDI | D22: LUIS AGOTE Y RUTA 36 | E22: Fija | F22: Radio | H22: 172.20.11.17 | I22: =COUNTIF(L22:AM22,"") -> 28 | J22: =COUNTIF(L22:AM22,"APAGADO") -> 0 | K22: =(I22)/(J22+I22) -> 1
A23: BOSQUES CENTRO | B23: BOSQC 06 | C23: COSEIDI | D23: LUIS AGOTE Y RUTA 36 | E23: Fija | F23: Radio | H23: 172.20.11.18 | I23: =COUNTIF(L23:AM23,"") -> 28 | J23: =COUNTIF(L23:AM23,"APAGADO") -> 0 | K23: =(I23)/(J23+I23) -> 1
A24: CENTRO | B24: CEN01 | C24: BONOMO | D24: San Martin y 9 de Julio | E24: Fija | F24: Fibra Optica | H24: 172.20.11.10 | I24: =COUNTIF(L24:AM24,"") -> 28 | J24: =COUNTIF(L24:AM24,"APAGADO") -> 0 | K24: =(I24)/(J24+I24) -> 1
A25: CENTRO | B25: CEN02 | C25: BONOMO | D25: San Martin y Almafuerte | E25: Fija | F25: Fibra Optica | H25: 172.20.11.11 | I25: =COUNTIF(L25:AM25,"") -> 23 | J25: =COUNTIF(L25:AM25,"APAGADO") -> 5 | K25: =(I25)/(J25+I25) -> 0.82142857 | L25: APAGADO | M25: APAGADO | N25: APAGADO | O25: APAGADO | P25: APAGADO
A26: CENTRO | B26: CEN03 | C26: BONOMO | D26: San Martin y Sallares | E26: Domo | F26: Fibra Optica | H26: 172.20.12.30 | I26: =COUNTIF(L26:AM26,"") -> 28 | J26: =COUNTIF(L26:AM26,"APAGADO") -> 0 | K26: =(I26)/(J26+I26) -> 1
A27: CENTRO | B27: CEN04 | C27: BONOMO | D27: San Martin y Contreras | E27: Domo | F27: Fibra Optica | H27: 172.20.12.29 | I27: =COUNTIF(L27:AM27,"") -> 28 | J27: =COUNTIF(L27:AM27,"APAGADO") -> 0 | K27: =(I27)/(J27+I27) -> 1
A28: CENTRO | B28: CEN 05 | C28: BONOMO | D28: Bocuzzi e/España y San Martin | E28: DOMO | F28: Fibra Optica | H28: 172.20.10.200 | I28: =COUNTIF(L28:AM28,"") -> 28 | J28: =COUNTIF(L28:AM28,"APAGADO") -> 0 | K28: =(I28)/(J28+I28) -> 1
A29: CENTRO | B29: CEN06 | C29: BONOMO | D29: Monteagudo y A.del Valle | E29: Fija | F29: Fibra Optica | H29: 172.20.10.02 | I29: =COUNTIF(L29:AM29,"") -> 28 | J29: =COUNTIF(L29:AM29,"APAGADO") -> 0 | K29: =(I29)/(J29+I29) -> 1
A30: CENTRO | B30: CEN07 | C30: BONOMO | D30: San Martin y Guemes | E30: DOMO | F30: Fibra Optica | H30: 172.20.11.20 | I30: =COUNTIF(L30:AM30,"") -> 28 | J30: =COUNTIF(L30:AM30,"APAGADO") -> 0 | K30: =(I30)/(J30+I30) -> 1
A31: CENTRO | B31: CEN08 | C31: BONOMO | D31: San Martin y Pte.Peron | E31: Domo | F31: Fibra Optica | H31: 172.20.11.21 | I31: =COUNTIF(L31:AM31,"") -> 28 | J31: =COUNTIF(L31:AM31,"APAGADO") -> 0 | K31: =(I31)/(J31+I31) -> 1
A32: CENTRO | B32: CEN09 | C32: BONOMO | D32: Chacabuco y 25 de Mayo | E32: Domo | F32: Fibra Optica | H32: 172.20.11.22 | I32: =COUNTIF(L32:AM32,"") -> 28 | J32: =COUNTIF(L32:AM32,"APAGADO") -> 0 | K32: =(I32)/(J32+I32) -> 1
A33: CENTRO | B33: CEN10 | C33: BONOMO | D33: Monteagudo y Pte. Peron | E33: Domo | F33: Fibra Optica | H33: 172.20.11.23 | I33: =COUNTIF(L33:AM33,"") -> 28 | J33: =COUNTIF(L33:AM33,"APAGADO") -> 0 | K33: =(I33)/(J33+I33) -> 1
A34: CENTRO | B34: CEN11 | C34: BONOMO | D34: Monteagudo y Bocuzzi | E34: Domo | F34: Fibra Optica | H34: 172.20.10.24 | I34: =COUNTIF(L34:AM34,"") -> 28 | J34: =COUNTIF(L34:AM34,"APAGADO") -> 0 | K34: =(I34)/(J34+I34) -> 1
A35: CENTRO | B35: CEN 12 | C35: BONOMO | D35: Monteagudo y Mitre | E35: Domo | F35: Fibra Optica | H35: 172.20.10.23 | I35: =COUNTIF(L35:AM35,"") -> 28 | J35: =COUNTIF(L35:AM35,"APAGADO") -> 0 | K35: =(I35)/(J35+I35) -> 1
A36: CENTRO | B36: CEN 13 | C36: BONOMO | D36: 25 de Mayo y Maipu | E36: DOMO | F36: Fibra Optica | H36: 172.20.10.20 | I36: =COUNTIF(L36:AM36,"") -> 28 | J36: =COUNTIF(L36:AM36,"APAGADO") -> 0 | K36: =(I36)/(J36+I36) -> 1
A37: CENTRO | B37: CEN14 | C37: BONOMO | D37: Pte.Peron e/Pringles y Brown | E37: Domo | F37: Fibra Optica | H37: 172.20.10.21 | I37: =COUNTIF(L37:AM37,"") -> 28 | J37: =COUNTIF(L37:AM37,"APAGADO") -> 0 | K37: =(I37)/(J37+I37) -> 1
... A39: CENTRO | B39: CEN16 | C39: BONOMO | D39: San Martin y Pte. Peron | E39: Fija | F39: Fibra Optica | H39: 172.20.12.36 | I39: =COUNTIF(L39:AM39,"") -> 28 | J39: =COUNTIF(L39:AM39,"APAGADO") -> 0 | K39: =(I39)/(J39+I39) -> 1
A40: CENTRO | B40: CEN17 | C40: BONOMO | D40: San Martin y Mitre | E40: Domo | F40: PTO A FO | G40: SAN MARTIN Y SALLARES | H40: 172.20.12.200 | I40: =COUNTIF(L40:AM40,"") -> 28 | J40: =COUNTIF(L40:AM40,"APAGADO") -> 0 | K40: =(I40)/(J40+I40) -> 1
A41: CENTRO | B41: CEN18 | C41: BONOMO | D41: Monteagudo e/Mitre y Sallares | E41: Fija | F41: Fibra Optica | H41: 172.20.10.26 | I41: =COUNTIF(L41:AM41,"") -> 28 | J41: =COUNTIF(L41:AM41,"APAGADO") -> 0 | K41: =(I41)/(J41+I41) -> 1
A42: CENTRO | B42: CEN19 | C42: BONOMO | D42: Chacabuco y 25 de Mayo | E42: Fija | F42: Fibra Optica | H42: 172.20.10.27 | I42: =COUNTIF(L42:AM42,"") -> 28 | J42: =COUNTIF(L42:AM42,"APAGADO") -> 0 | K42: =(I42)/(J42+I42) -> 1
A43: LOMAS DE MONTEVERDE | B43: CEN20 | C43: BONOMO | D43: Pte. Illia y Las Heras | E43: Domo | F43: Fibra Optica | H43: 172.20.10.33 | I43: =COUNTIF(L43:AM43,"") -> 28 | J43: =COUNTIF(L43:AM43,"APAGADO") -> 0 | K43: =(I43)/(J43+I43) -> 1
A44: CENTRO | B44: CEN21 | C44: BONOMO | D44: Misiones y Urquiza | E44: Fija | F44: Radio | H44: 172.20.200.132 | I44: =COUNTIF(L44:AM44,"") -> 28 | J44: =COUNTIF(L44:AM44,"APAGADO") -> 0 | K44: =(I44)/(J44+I44) -> 1
A45: CENTRO | B45: CEN22 | C45: BONOMO | D45: Las Heras y Chacabuco | E45: Domo | F45: Radio | H45: 172.20.200.125 | I45: =COUNTIF(L45:AM45,"") -> 26 | J45: =COUNTIF(L45:AM45,"APAGADO") -> 2 | K45: =(I45)/(J45+I45) -> 0.92857143 | M45: APAGADO | N45: APAGADO
A46: CENTRO | B46: CEN23 | C46: BONOMO | D46: Sallares y Monteagudo | E46: Domo | F46: Fibra Optica | H46: 172.20.12.05 | I46: =COUNTIF(L46:AM46,"") -> 28 | J46: =COUNTIF(L46:AM46,"APAGADO") -> 0 | K46: =(I46)/(J46+I46) -> 1
A47: CENTRO | B47: CEN24 | C47: BONOMO | D47: Sallares y España | E47: Domo | F47: Fibra Optica | H47: 172.20.12.04 | I47: =COUNTIF(L47:AM47,"") -> 28 | J47: =COUNTIF(L47:AM47,"APAGADO") -> 0 | K47: =(I47)/(J47+I47) -> 1
A48: CENTRO | B48: CEN25 | C48: BONOMO | D48: SAN MARTIN Y 9 DE JULIO | E48: Domo | F48: Fibra Optica | H48: 172.20.12.02 | I48: =COUNTIF(L48:AM48,"") -> 28 | J48: =COUNTIF(L48:AM48,"APAGADO") -> 0 | K48: =(I48)/(J48+I48) -> 1
A49: CENTRO | B49: CEN26 | C49: BONOMO | D49: Mitre y España | E49: Domo | F49: Fibra Optica | H49: 172.20.12.06 | I49: =COUNTIF(L49:AM49,"") -> 28 | J49: =COUNTIF(L49:AM49,"APAGADO") -> 0 | K49: =(I49)/(J49+I49) -> 1
A50: CENTRO | B50: CEN27 | C50: BONOMO | D50: San Juan y España | E50: Domo | F50: Fibra Optica | H50: 172.20.12.37 | I50: =COUNTIF(L50:AM50,"") -> 28 | J50: =COUNTIF(L50:AM50,"APAGADO") -> 0 | K50: =(I50)/(J50+I50) -> 1
A51: CENTRO | B51: CEN28 | C51: BONOMO | D51: Mitre y Alberdi | E51: Domo | F51: Fibra Optica | H51: 172.20.12.38 | I51: =COUNTIF(L51:AM51,"") -> 28 | J51: =COUNTIF(L51:AM51,"APAGADO") -> 0 | K51: =(I51)/(J51+I51) -> 1
A52: CENTRO | B52: CEN29 | C52: BONOMO | D52: Alberdi y San Juan | E52: Domo | F52: Fibra Optica | H52: 172.20.12.40 | I52: =COUNTIF(L52:AM52,"") -> 28 | J52: =COUNTIF(L52:AM52,"APAGADO") -> 0 | K52: =(I52)/(J52+I52) -> 1
A53: CENTRO | B53: CEN30 | C53: BONOMO | D53: Mitre y Pringles | E53: Domo | F53: Fibra Optica | H53: 172.20.12.39 | I53: =COUNTIF(L53:AM53,"") -> 28 | J53: =COUNTIF(L53:AM53,"APAGADO") -> 0 | K53: =(I53)/(J53+I53) -> 1
A54: CENTRO | B54: CEN31 | C54: BONOMO | D54: Mitre e/Monteagudo y Alberdi | E54: Domo | F54: Fibra Optica | H54: 172.20.12.41 | I54: =COUNTIF(L54:AM54,"") -> 28 | J54: =COUNTIF(L54:AM54,"APAGADO") -> 0 | K54: =(I54)/(J54+I54) -> 1
A55: CENTRO | B55: CEN32 | C55: BONOMO | D55: Aristobulo del Valle y España | E55: Domo | F55: Fibra Optica | H55: 172.20.12.42 | I55: =COUNTIF(L55:AM55,"") -> 28 | J55: =COUNTIF(L55:AM55,"APAGADO") -> 0 | K55: =(I55)/(J55+I55) -> 1
A56: CENTRO | B56: CEN33 | C56: BONOMO | D56: Peron y Alberdi | E56: Domo | F56: Fibra Optica | H56: 172.20.12.47 | I56: =COUNTIF(L56:AM56,"") -> 28 | J56: =COUNTIF(L56:AM56,"APAGADO") -> 0 | K56: =(I56)/(J56+I56) -> 1
A57: CENTRO | B57: CEN34 | C57: BONOMO | D57: Peron y España | E57: Domo | F57: Fibra Optica | H57: 172.20.12.49 | I57: =COUNTIF(L57:AM57,"") -> 28 | J57: =COUNTIF(L57:AM57,"APAGADO") -> 0 | K57: =(I57)/(J57+I57) -> 1
... A82: CENTRO | B82: CEN59 | C82: BONOMO | D82: CHACABUCO Y BOUREL | E82: DOMO | F82: Radio | H82: 172.20.200.188 | I82: =COUNTIF(L82:AM82,"") -> 28 | J82: =COUNTIF(L82:AM82,"APAGADO") -> 0 | K82: =(I82)/(J82+I82) -> 1
A83: CENTRO | B83: CEN 60 | C83: BONOMO | D83: RECONQUISTA Y ILLIA | E83: DOMO | F83: PTO A FO | G83: ILLIA Y LAS HERAS | H83: 172.20.12.67 | I83: =COUNTIF(L83:AM83,"") -> 25 | J83: =COUNTIF(L83:AM83,"APAGADO") -> 3 | K83: =(I83)/(J83+I83) -> 0.89285714 | L83: APAGADO | M83: APAGADO | N83: APAGADO
A84: CENTRO | B84: CEN 61 | C84: BONOMO | D84: BOUREL Y MAIPU | E84: DOMO | F84: Radio | H84: 172.20.200.159 | I84: =COUNTIF(L84:AM84,"") -> 28 | J84: =COUNTIF(L84:AM84,"APAGADO") -> 0 | K84: =(I84)/(J84+I84) -> 1
A85: CENTRO | B85: CEN62 | C85: BONOMO | D85: ESPAÑA Y ALEM | E85: DOMO | F85: PTO A FO | G85: SAN MARTIN Y ALEM | H85: 172.20.12.82 | I85: =COUNTIF(L85:AM85,"") -> 28 | J85: =COUNTIF(L85:AM85,"APAGADO") -> 0 | K85: =(I85)/(J85+I85) -> 1
A86: CENTRO | B86: CEN63 | C86: BONOMO | D86: SAN MARTIN Y URQUIZA | E86: DOMO | F86: Fibra Optica | H86: 172.20.11.112 | I86: =COUNTIF(L86:AM86,"") -> 28 | J86: =COUNTIF(L86:AM86,"APAGADO") -> 0 | K86: =(I86)/(J86+I86) -> 1
A87: CENTRO | B87: CEN64 | C87: BONOMO | D87: SAN MARTIN Y BOCCUZZI | E87: FIJA | F87: Fibra Optica | H87: 172.20.11.134 | I87: =COUNTIF(L87:AM87,"") -> 28 | J87: =COUNTIF(L87:AM87,"APAGADO") -> 0 | K87: =(I87)/(J87+I87) -> 1
A88: CENTRO | B88: CEN 65 | C88: BONOMO | D88: SAN MARTIN Y JUAN PERON | E88: FIJA | F88: Fibra Optica | H88: 172.20.11.135 | I88: =COUNTIF(L88:AM88,"") -> 28 | J88: =COUNTIF(L88:AM88,"APAGADO") -> 0 | K88: =(I88)/(J88+I88) -> 1
A89: CENTRO | B89: CEN66 | C89: BONOMO | D89: SAN MARTIN Y JUAN PERON | E89: FIJA | F89: Fibra Optica | H89: 172.20.11.136 | I89: =COUNTIF(L89:AM89,"") -> 28 | J89: =COUNTIF(L89:AM89,"APAGADO") -> 0 | K89: =(I89)/(J89+I89) -> 1
A90: CENTRO | B90: CEN67 (fija 1) | C90: BONOMO | D90: 9 DE JULIO Y BROWN | E90: Fija | F90: Fibra Optica | H90: 172.20.11.188 | I90: =COUNTIF(L90:AM90,"") -> 28 | J90: =COUNTIF(L90:AM90,"APAGADO") -> 0 | K90: =(I90)/(J90+I90) -> 1
A91: CENTRO | B91: CEN68 (fija 2) | C91: BONOMO | D91: 9 DE JULIO Y BROWN | E91: Fija | F91: Fibra Optica | H91: 172.20.11.189 | I91: =COUNTIF(L91:AM91,"") -> 28 | J91: =COUNTIF(L91:AM91,"APAGADO") -> 0 | K91: =(I91)/(J91+I91) -> 1
A92: CENTRO | B92: CEN69 | C92: BONOMO | D92: RIVADAVIA Y BOUREL | E92: DOMO | F92: Fibra Optica | H92: 172.20.11.222 | I92: =COUNTIF(L92:AM92,"") -> 28 | J92: =COUNTIF(L92:AM92,"APAGADO") -> 0 | K92: =(I92)/(J92+I92) -> 1
A93: CENTRO | B93: CEN 70 | C93: BONOMO | D93: RIVADAVIA Y 25 MAYO | E93: Domo | F93: Fibra Optica | H93: 172.20.11.221 | I93: =COUNTIF(L93:AM93,"") -> 28 | J93: =COUNTIF(L93:AM93,"APAGADO") -> 0 | K93: =(I93)/(J93+I93) -> 1
A94: CENTRO | B94: CEN 71 | C94: BONOMO | D94: MORENO Y BOUREL | E94: Domo | F94: Fibra Optica | H94: 172.20.11.220 | I94: =COUNTIF(L94:AM94,"") -> 28 | J94: =COUNTIF(L94:AM94,"APAGADO") -> 0 | K94: =(I94)/(J94+I94) -> 1
A95: CENTRO | B95: CEN 72 | C95: BONOMO | D95: MORENO Y 25 DE MAYO | E95: Domo | F95: Fibra Optica | H95: 172.20.11.219 | I95: =COUNTIF(L95:AM95,"") -> 28 | J95: =COUNTIF(L95:AM95,"APAGADO") -> 0 | K95: =(I95)/(J95+I95) -> 1
A96: CENTRO | B96: CEN73 | C96: BONOMO | D96: BOUREL Y DEFENSA | E96: DOMO | F96: Fibra Optica | H96: 172.20.11.223 | I96: =COUNTIF(L96:AM96,"") -> 28 | J96: =COUNTIF(L96:AM96,"APAGADO") -> 0 | K96: =(I96)/(J96+I96) -> 1
A97: CENTRO | B97: CEN74 | C97: BONOMO | D97: Las Heras y Maipu | E97: Domo | F97: Fibra Optica | H97: 172.20.11.53 | I97: =COUNTIF(L97:AM97,"") -> 28 | J97: =COUNTIF(L97:AM97,"APAGADO") -> 0 | K97: =(I97)/(J97+I97) -> 1
... A105: CENTRO | B105: CEN 82 | C105: BONOMO | D105: DORREGO Y BOUREL | E105: Domo | F105: Fibra Optica | H105: 172.20.11.198 | I105: =COUNTIF(L105:AM105,"") -> 28 | J105: =COUNTIF(L105:AM105,"APAGADO") -> 0 | K105: =(I105)/(J105+I105) -> 1
A106: CENTRO | B106: CEN83 | C106: BONOMO | D106: RECONQUISTA Y 25 DE MAYO | E106: Domo | F106: Radio | H106: 172.20.11.123 | I106: =COUNTIF(L106:AM106,"") -> 23 | J106: =COUNTIF(L106:AM106,"APAGADO") -> 5 | K106: =(I106)/(J106+I106) -> 0.82142857 | L106: APAGADO | M106: APAGADO | N106: APAGADO | O106: APAGADO | P106: APAGADO
A107: CENTRO | B107: CEN 84 | C107: BONOMO | D107: 25 DE MAYO Y MAIPU | E107: Fija | F107: Fibra Optica | H107: 172.20.10.95 | I107: =COUNTIF(L107:AM107,"") -> 23 | J107: =COUNTIF(L107:AM107,"APAGADO") -> 5 | K107: =(I107)/(J107+I107) -> 0.82142857 | L107: APAGADO | M107: APAGADO | N107: APAGADO | O107: APAGADO | P107: APAGADO
A108: CENTRO | B108: CEN 85 | C108: BONOMO | D108: PTE PERON E/ PRINGLES Y BROWN | E108: Fija | F108: Fibra Optica | H108: 172.20.10.21 | I108: =COUNTIF(L108:AM108,"") -> 28 | J108: =COUNTIF(L108:AM108,"APAGADO") -> 0 | K108: =(I108)/(J108+I108) -> 1
A109: CENTRO | B109: CEN 86 | C109: BONOMO | D109: Monteagudo y Bocuzzi | E109: Fija | F109: Fibra Optica | H109: 172.20.10.106 | I109: =COUNTIF(L109:AM109,"") -> 28 | J109: =COUNTIF(L109:AM109,"APAGADO") -> 0 | K109: =(I109)/(J109+I109) -> 1
A110: SAN NICOLAS | B110: CHA01 | C110: BONOMO | D110: Novak y Pte Illia | E110: Domo | F110: Radio | H110: 172.20.200.126 | I110: =COUNTIF(L110:AM110,"") -> 28 | J110: =COUNTIF(L110:AM110,"APAGADO") -> 0 | K110: =(I110)/(J110+I110) -> 1
A111: CHACABUCO | B111: CHA02 | C111: BONOMO | D111: Pte. Illia y Posadas | E111: Domo | F111: Radio | H111: 172.20.200.186 | I111: =COUNTIF(L111:AM111,"") -> 28 | J111: =COUNTIF(L111:AM111,"APAGADO") -> 0 | K111: =(I111)/(J111+I111) -> 1
A112: CHACABUCO | B112: CHA03 | C112: BONOMO | D112: MAIPU Y ALVAREZ THOMAS | E112: DOMO | F112: Fibra Optica | H112: 172.20.11.71 | I112: =COUNTIF(L112:AM112,"") -> 28 | J112: =COUNTIF(L112:AM112,"APAGADO") -> 0 | K112: =(I112)/(J112+I112) -> 1
A113: CHACABUCO | B113: CHA04 | C113: BONOMO | D113: ESTADOS UNIDOS DE A. E ILLIA | E113: DOMO | F113: Fibra Optica | H113: 172.20.11.191 | I113: =COUNTIF(L113:AM113,"") -> 28 | J113: =COUNTIF(L113:AM113,"APAGADO") -> 0 | K113: =(I113)/(J113+I113) -> 1
A114: VILLA MONICA NUEVA | B114: COL01 | C114: COSEIDI | D114: Eva Peron y Cariboni | E114: Domo | F114: Radio | H114: 172.20.200.177 | I114: =COUNTIF(L114:AM114,"") -> 28 | J114: =COUNTIF(L114:AM114,"APAGADO") -> 0 | K114: =(I114)/(J114+I114) -> 1
A115: LA COLORADA ESTE | B115: COL02 | C115: COSEIDI | D115: Av. Eva Peron y Pompeya | E115: Domo | F115: Radio | H115: 172.20.10.98 | I115: =COUNTIF(L115:AM115,"") -> 28 | J115: =COUNTIF(L115:AM115,"APAGADO") -> 0 | K115: =(I115)/(J115+I115) -> 1
A116: LA COLORADA ESTE | B116: COL 03 | C116: COSEIDI | D116: CARIBONI Y LA ANCIANIDAD | E116: DOMO | F116: Radio | H116: 10.20.30.37 | I116: =COUNTIF(L116:AM116,"") -> 28 | J116: =COUNTIF(L116:AM116,"APAGADO") -> 0 | K116: =(I116)/(J116+I116) -> 1
A117: LA COLORADA ESTE | B117: COL 04 | C117: COSEIDI | D117: EVA PERON Y SAVIO | E117: Domo | F117: Fibra Optica | H117: 172.20.10.75 | I117: =COUNTIF(L117:AM117,"") -> 28 | J117: =COUNTIF(L117:AM117,"APAGADO") -> 0 | K117: =(I117)/(J117+I117) -> 1
A118: DON JOSE | B118: DJO01 | C118: BONOMO | D118: Monteverde y Donato Alvarez | E118: Domo | F118: Radio | H118: 172.20.200.120 | I118: =COUNTIF(L118:AM118,"") -> 28 | J118: =COUNTIF(L118:AM118,"APAGADO") -> 0 | K118: =(I118)/(J118+I118) -> 1
A119: DON JOSE | B119: DJO 02 (fija 1) | C119: BONOMO | D119: DONATO ALVAREZ Y EL APERO | E119: Fija | F119: PTO A FO | G119: TORRE VILLA ARGENTINA | H119: 172.20.12.97 | I119: =COUNTIF(L119:AM119,"") -> 28 | J119: =COUNTIF(L119:AM119,"APAGADO") -> 0 | K119: =(I119)/(J119+I119) -> 1
A120: DON JOSE | B120: DJO 03 (fija 2) | C120: BONOMO | D120: DONATO ALVAREZ Y EL APERO | E120: Fija | F120: PTO A FO | G120: TORRE VILLA ARGENTINA | H120: 172.20.12.98 | I120: =COUNTIF(L120:AM120,"") -> 28 | J120: =COUNTIF(L120:AM120,"APAGADO") -> 0 | K120: =(I120)/(J120+I120) -> 1
A121: DON JOSE | B121: DJO 04 (Fija 1) | C121: BONOMO | D121: MONTEVERDE Y EL INDIO | E121: Fija | F121: PTO A FO | G121: TORRE VILLA ARGENTINA | H121: 172.20.12.91 | I121: =COUNTIF(L121:AM121,"") -> 28 | J121: =COUNTIF(L121:AM121,"APAGADO") -> 0 | K121: =(I121)/(J121+I121) -> 1
A122: DON JOSE | B122: DJO 05 (Fija 2) | C122: BONOMO | D122: MONTEVERDE Y EL INDIO | E122: Fija | F122: PTO A FO | G122: TORRE VILLA ARGENTINA | H122: 172.20.12.92 | I122: =COUNTIF(L122:AM122,"") -> 28 | J122: =COUNTIF(L122:AM122,"APAGADO") -> 0 | K122: =(I122)/(J122+I122) -> 1
A123: DON JOSE | B123: DJ O6 | C123: BONOMO | D123: Calle 414 y El Indio | E123: Fija | F123: PTO A FO | G123: TORRE VILLA ARGENTINA | H123: 172.20.12.121 | I123: =COUNTIF(L123:AM123,"") -> 28 | J123: =COUNTIF(L123:AM123,"APAGADO") -> 0 | K123: =(I123)/(J123+I123) -> 1
A124: DON JOSE | B124: DJ 07 | C124: BONOMO | D124: Calle 414 y El Indio | E124: Fija | F124: PTO A FO | G124: TORRE VILLA ARGENTINA | H124: 172.20.12.122 | I124: =COUNTIF(L124:AM124,"") -> 28 | J124: =COUNTIF(L124:AM124,"APAGADO") -> 0 | K124: =(I124)/(J124+I124) -> 1
A125: EL PARQUE | B125: EPQ 01 | C125: COSEIDI | D125: 1282 Y GRIERSON | E125: DOMO | F125: Fibra Optica | H125: 172.20.11.170 | I125: =COUNTIF(L125:AM125,"") -> 28 | J125: =COUNTIF(L125:AM125,"APAGADO") -> 0 | K125: =(I125)/(J125+I125) -> 1
A126: EL PARQUE | B126: EPQ 02 | C126: COSEIDI | D126: 1282 Y MASSE | E126: DOMO | F126: Fibra Optica | H126: 172.20.11.172 | I126: =COUNTIF(L126:AM126,"") -> 28 | J126: =COUNTIF(L126:AM126,"APAGADO") -> 0 | K126: =(I126)/(J126+I126) -> 1
A127: EL PARQUE | B127: EPQ 03 | C127: COSEIDI | D127: 1282 Y RP 36 | E127: Domo | F127: Fibra Optica | H127: 172.20.11.169 | I127: =COUNTIF(L127:AM127,"") -> 28 | J127: =COUNTIF(L127:AM127,"APAGADO") -> 0 | K127: =(I127)/(J127+I127) -> 1
A128: EL PARQUE | B128: EPQ 04 | C128: COSEIDI | D128: 1282 Y MORENO | E128: DOMO | F128: Fibra Optica | H128: 172.20.11.171 | I128: =COUNTIF(L128:AM128,"") -> 28 | J128: =COUNTIF(L128:AM128,"APAGADO") -> 0 | K128: =(I128)/(J128+I128) -> 1
A129: LA ESMERALDA | B129: ESM01 | C129: COSEIDI | D129: Cabello y Brasil | E129: Domo | F129: Radio | H129: 172.20.200.179 | I129: =COUNTIF(L129:AM129,"") -> 28 | J129: =COUNTIF(L129:AM129,"APAGADO") -> 0 | K129: =(I129)/(J129+I129) -> 1
A130: SAN JORGE | B130: ESM02 | C130: COSEIDI | D130: Novak y Cabello | E130: Domo | F130: PTO A FO | G130: NOVAK Y BELGICA | H130: 172.20.11.46 | I130: =COUNTIF(L130:AM130,"") -> 28 | J130: =COUNTIF(L130:AM130,"APAGADO") -> 0 | K130: =(I130)/(J130+I130) -> 1
B131: ESM03 | C131: COSEIDI | D131: Novak y Humahuaca | E131: DOMO | F131: PTO A FO | G131: NOVAK Y BELGICA | H131: 172.20.11.42 | I131: =COUNTIF(L131:AM131,"") -> 28 | J131: =COUNTIF(L131:AM131,"APAGADO") -> 0 | K131: =(I131)/(J131+I131) -> 1
A132: LA ESMERALDA | B132: ESM04 | C132: COSEIDI | D132: Basualdo y Bengochea | E132: Domo | F132: Fibra Optica | H132: 172.20.12.46 | I132: =COUNTIF(L132:AM132,"") -> 23 | J132: =COUNTIF(L132:AM132,"APAGADO") -> 5 | K132: =(I132)/(J132+I132) -> 0.82142857 | L132: APAGADO | M132: APAGADO | N132: APAGADO | O132: APAGADO | P132: APAGADO
...

Sheet ESTADISTICA
A1: ='RESUMEN TOTAL'!A4 -> Barrio | B1: ='RESUMEN TOTAL'!B4 -> [Denominacion] | C1: ='RESUMEN TOTAL'!D4 -> [Ubicacion] | D1: ='RESUMEN TOTAL'!E4 -> [Tipo de Camara] | E1: ='RESUMEN TOTAL'!F4 -> [Tipo de Conexion] | F1: ='RESUMEN TOTAL'!L4 -> 45200 | G1: ='RESUMEN TOTAL'!M4 -> 45201 | H1: ='RESUMEN TOTAL'!N4 -> 45202 | I1: ='RESUMEN TOTAL'!O4 -> 45203 | J1: ='RESUMEN TOTAL'!P4 -> 45204 | K1: ='RESUMEN TOTAL'!Q4 -> 45205 | L1: ='RESUMEN TOTAL'!R4 -> 45206 | M1: ='RESUMEN TOTAL'!S4 -> 45207 | ... AI1: ='RESUMEN TOTAL'!AO4 -> 45229 | AJ1: ='RESUMEN TOTAL'!#REF! -> #REF!
A2: ='RESUMEN TOTAL'!A5 -> ALTAMIRA | B2: ='RESUMEN TOTAL'!B5 -> ALT01 | C2: ='RESUMEN TOTAL'!D5 -> Calchaqui y Sgto. Cabral | D2: ='RESUMEN TOTAL'!E5 -> Domo | E2: ='RESUMEN TOTAL'!F5 -> Fibra Optica | F2: ='RESUMEN TOTAL'!L5 -> 0 | G2: ='RESUMEN TOTAL'!M5 -> 0 | H2: ='RESUMEN TOTAL'!N5 -> 0 | I2: ='RESUMEN TOTAL'!O5 -> 0 | J2: ='RESUMEN TOTAL'!P5 -> 0 | K2: ='RESUMEN TOTAL'!Q5 -> 0 | L2: ='RESUMEN TOTAL'!R5 -> 0 | M2: ='RESUMEN TOTAL'!S5 -> 0 | ... AI2: ='RESUMEN TOTAL'!AO5 -> 0 | AJ2: ='RESUMEN TOTAL'!#REF! -> #REF!
A3: ='RESUMEN TOTAL'!A6 -> ALTAMIRA | B3: ='RESUMEN TOTAL'!B6 -> ALT02 | C3: ='RESUMEN TOTAL'!D6 -> Calchaqui y Lope de Vega | D3: ='RESUMEN TOTAL'!E6 -> Domo | E3: ='RESUMEN TOTAL'!F6 -> PTO A FO | F3: ='RESUMEN TOTAL'!L6 -> 0 | G3: ='RESUMEN TOTAL'!M6 -> 0 | H3: ='RESUMEN TOTAL'!N6 -> 0 | I3: ='RESUMEN TOTAL'!O6 -> 0 | J3: ='RESUMEN TOTAL'!P6 -> 0 | K3: ='RESUMEN TOTAL'!Q6 -> 0 | L3: ='RESUMEN TOTAL'!R6 -> 0 | M3: ='RESUMEN TOTAL'!S6 -> 0 | ... AI3: ='RESUMEN TOTAL'!AO6 -> 0 | AJ3: ='RESUMEN TOTAL'!#REF! -> #REF!
A4: ='RESUMEN TOTAL'!A7 -> ALTAMIRA | B4: ='RESUMEN TOTAL'!B7 -> ALT 03 | C4: ='RESUMEN TOTAL'!D7 -> Bombero Galarza y Necochea | D4: ='RESUMEN TOTAL'!E7 -> Domo | E4: ='RESUMEN TOTAL'!F7 -> Fibra Optica | F4: ='RESUMEN TOTAL'!L7 -> 0 | G4: ='RESUMEN TOTAL'!M7 -> 0 | H4: ='RESUMEN TOTAL'!N7 -> 0 | I4: ='RESUMEN TOTAL'!O7 -> 0 | J4: ='RESUMEN TOTAL'!P7 -> 0 | K4: ='RESUMEN TOTAL'!Q7 -> 0 | L4: ='RESUMEN TOTAL'!R7 -> 0 | M4: ='RESUMEN TOTAL'!S7 -> 0 | ... AI4: ='RESUMEN TOTAL'!AO7 -> 0 | AJ4: ='RESUMEN TOTAL'!#REF! -> #REF!
A5: ='RESUMEN TOTAL'!A8 -> ALTAMIRA | B5: ='RESUMEN TOTAL'!B8 -> ALT 04 | C5: ='RESUMEN TOTAL'!D8 -> Francia y Necochea | D5: ='RESUMEN TOTAL'!E8 -> Domo | E5: ='RESUMEN TOTAL'!F8 -> Fibra Optica | F5: ='RESUMEN TOTAL'!L8 -> 0 | G5: ='RESUMEN TOTAL'!M8 -> 0 | H5: ='RESUMEN TOTAL'!N8 -> 0 | I5: ='RESUMEN TOTAL'!O8 -> 0 | J5: ='RESUMEN TOTAL'!P8 -> 0 | K5: ='RESUMEN TOTAL'!Q8 -> 0 | L5: ='RESUMEN TOTAL'!R8 -> 0 | M5: ='RESUMEN TOTAL'!S8 -> 0 | ... AI5: ='RESUMEN TOTAL'!AO8 -> 0 | AJ5: ='RESUMEN TOTAL'!#REF! -> #REF!
A6: ='RESUMEN TOTAL'!A9 -> ALTAMIRA | B6: ='RESUMEN TOTAL'!B9 -> ALT05 | C6: ='RESUMEN TOTAL'!D9 -> Av. Calchaqui y Bombero Galarza | D6: ='RESUMEN TOTAL'!E9 -> Domo | E6: ='RESUMEN TOTAL'!F9 -> PTO A FO | F6: ='RESUMEN TOTAL'!L9 -> 0 | G6: ='RESUMEN TOTAL'!M9 -> 0 | H6: ='RESUMEN TOTAL'!N9 -> 0 | I6: ='RESUMEN TOTAL'!O9 -> 0 | J6: ='RESUMEN TOTAL'!P9 -> 0 | K6: ='RESUMEN TOTAL'!Q9 -> 0 | L6: ='RESUMEN TOTAL'!R9 -> 0 | M6: ='RESUMEN TOTAL'!S9 -> 0 | ... AI6: ='RESUMEN TOTAL'!AO9 -> 0 | AJ6: ='RESUMEN TOTAL'!#REF! -> #REF!
A7: ='RESUMEN TOTAL'!A10 -> ALTAMIRA | B7: ='RESUMEN TOTAL'!B10 -> ALT 06 | C7: ='RESUMEN TOTAL'!D10 -> LOPE DE VEGA Y NECOCHEA | D7: ='RESUMEN TOTAL'!E10 -> Domo | E7: ='RESUMEN TOTAL'!F10 -> PTO A FO | F7: ='RESUMEN TOTAL'!L10 -> 0 | G7: ='RESUMEN TOTAL'!M10 -> 0 | H7: ='RESUMEN TOTAL'!N10 -> 0 | I7: ='RESUMEN TOTAL'!O10 -> 0 | J7: ='RESUMEN TOTAL'!P10 -> 0 | K7: ='RESUMEN TOTAL'!Q10 -> 0 | L7: ='RESUMEN TOTAL'!R10 -> 0 | M7: ='RESUMEN TOTAL'!S10 -> 0 | ... AI7: ='RESUMEN TOTAL'!AO10 -> 0 | AJ7: ='RESUMEN TOTAL'!#REF! -> #REF!
A8: ='RESUMEN TOTAL'!A11 -> ALTAMIRA | B8: ='RESUMEN TOTAL'!B11 -> ALT07 | C8: ='RESUMEN TOTAL'!D11 -> AV. CALCHAQUI Y AV. DEL TRABAJO | D8: ='RESUMEN TOTAL'!E11 -> DOMO | E8: ='RESUMEN TOTAL'!F11 -> PTO A FO | F8: ='RESUMEN TOTAL'!L11 -> 0 | G8: ='RESUMEN TOTAL'!M11 -> 0 | H8: ='RESUMEN TOTAL'!N11 -> 0 | I8: ='RESUMEN TOTAL'!O11 -> 0 | J8: ='RESUMEN TOTAL'!P11 -> 0 | K8: ='RESUMEN TOTAL'!Q11 -> 0 | L8: ='RESUMEN TOTAL'!R11 -> 0 | M8: ='RESUMEN TOTAL'!S11 -> 0 | ... AI8: ='RESUMEN TOTAL'!AO11 -> 0 | AJ8: ='RESUMEN TOTAL'!#REF! -> #REF!
A9: ='RESUMEN TOTAL'!A12 -> ALTAMIRA | B9: ='RESUMEN TOTAL'!B12 -> ALT 08 | C9: ='RESUMEN TOTAL'!D12 -> HUMAITA Y NECOCHEA | D9: ='RESUMEN TOTAL'!E12 -> DOMO | E9: ='RESUMEN TOTAL'!F12 -> Fibra Optica | F9: ='RESUMEN TOTAL'!L12 -> 0 | G9: ='RESUMEN TOTAL'!M12 -> 0 | H9: ='RESUMEN TOTAL'!N12 -> 0 | I9: ='RESUMEN TOTAL'!O12 -> 0 | J9: ='RESUMEN TOTAL'!P12 -> 0 | K9: ='RESUMEN TOTAL'!Q12 -> 0 | L9: ='RESUMEN TOTAL'!R12 -> 0 | M9: ='RESUMEN TOTAL'!S12 -> 0 | ... AI9: ='RESUMEN TOTAL'!AO12 -> 0 | AJ9: ='RESUMEN TOTAL'!#REF! -> #REF!
A10: ='RESUMEN TOTAL'!A13 -> ALTAMIRA | B10: ='RESUMEN TOTAL'!B13 -> ALT 09 | C10: ='RESUMEN TOTAL'!D13 -> NECOCHEA Y CURUPAITY | D10: ='RESUMEN TOTAL'!E13 -> DOMO | E10: ='RESUMEN TOTAL'!F13 -> Fibra Optica | F10: ='RESUMEN TOTAL'!L13 -> 0 | G10: ='RESUMEN TOTAL'!M13 -> 0 | H10: ='RESUMEN TOTAL'!N13 -> 0 | I10: ='RESUMEN TOTAL'!O13 -> 0 | J10: ='RESUMEN TOTAL'!P13 -> 0 | K10: ='RESUMEN TOTAL'!Q13 -> 0 | L10: ='RESUMEN TOTAL'!R13 -> 0 | M10: ='RESUMEN TOTAL'!S13 -> 0 | ... AI10: ='RESUMEN TOTAL'!AO13 -> 0 | AJ10: ='RESUMEN TOTAL'!#REF! -> #REF!
A11: ='RESUMEN TOTAL'!A14 -> ALTAMIRA | B11: ='RESUMEN TOTAL'!B14 -> ALT 10 | C11: ='RESUMEN TOTAL'!D14 -> Calchaqui y Francia | D11: ='RESUMEN TOTAL'!E14 -> Domo | E11: ='RESUMEN TOTAL'!F14 -> Radio | F11: ='RESUMEN TOTAL'!L14 -> 0 | G11: ='RESUMEN TOTAL'!M14 -> 0 | H11: ='RESUMEN TOTAL'!N14 -> 0 | I11: ='RESUMEN TOTAL'!O14 -> 0 | J11: ='RESUMEN TOTAL'!P14 -> 0 | K11: ='RESUMEN TOTAL'!Q14 -> 0 | L11: ='RESUMEN TOTAL'!R14 -> 0 | M11: ='RESUMEN TOTAL'!S14 -> 0 | ... AI11: ='RESUMEN TOTAL'!AO14 -> 0 | AJ11: ='RESUMEN TOTAL'!#REF! -> #REF!
A12: ='RESUMEN TOTAL'!A15 -> AGUSTIN RAMIREZ | B12: ='RESUMEN TOTAL'!B15 -> ARA 01 | C12: ='RESUMEN TOTAL'!D15 -> Malambo y Tranquera | D12: ='RESUMEN TOTAL'!E15 -> Domo | E12: ='RESUMEN TOTAL'!F15 -> Fibra Optica | F12: ='RESUMEN TOTAL'!L15 -> APAGADO | G12: ='RESUMEN TOTAL'!M15 -> APAGADO | H12: ='RESUMEN TOTAL'!N15 -> APAGADO | I12: ='RESUMEN TOTAL'!O15 -> APAGADO | J12: ='RESUMEN TOTAL'!P15 -> APAGADO | K12: ='RESUMEN TOTAL'!Q15 -> 0 | L12: ='RESUMEN TOTAL'!R15 -> 0 | M12: ='RESUMEN TOTAL'!S15 -> 0 | ... AI12: ='RESUMEN TOTAL'!AO15 -> 0 | AJ12: ='RESUMEN TOTAL'!#REF! -> #REF!
... A424: ='RESUMEN TOTAL'!A427 -> VILLA ANGELICA | B424: ='RESUMEN TOTAL'!B427 -> VDPL06 | C424: ='RESUMEN TOTAL'!D427 -> Thevenet e/ Islas Orcadas y Gardel | D424: ='RESUMEN TOTAL'!E427 -> Domo | E424: ='RESUMEN TOTAL'!F427 -> Radio | F424: ='RESUMEN TOTAL'!L427 -> 0 | G424: ='RESUMEN TOTAL'!M427 -> 0 | H424: ='RESUMEN TOTAL'!N427 -> 0 | I424: ='RESUMEN TOTAL'!O427 -> 0 | J424: ='RESUMEN TOTAL'!P427 -> 0 | K424: ='RESUMEN TOTAL'!Q427 -> 0 | L424: ='RESUMEN TOTAL'!R427 -> 0 | M424: ='RESUMEN TOTAL'!S427 -> 0 | ... AI424: ='RESUMEN TOTAL'!AO427 -> 0 | AJ424: ='RESUMEN TOTAL'!#REF! -> #REF!
A425: ='RESUMEN TOTAL'!A429 -> VILLA HUDSON | B425: ='RESUMEN TOTAL'!B429 -> VHS 01 | C425: ='RESUMEN TOTAL'!D429 -> AV. HUDSON Y AV. LUJAN | D425: ='RESUMEN TOTAL'!E429 -> DOMO | E425: ='RESUMEN TOTAL'!F429 -> Fibra Optica | F425: ='RESUMEN TOTAL'!L429 -> 0 | G425: ='RESUMEN TOTAL'!M429 -> 0 | H425: ='RESUMEN TOTAL'!N429 -> 0 | I425: ='RESUMEN TOTAL'!O429 -> 0 | J425: ='RESUMEN TOTAL'!P429 -> 0 | K425: ='RESUMEN TOTAL'!Q429 -> 0 | L425: ='RESUMEN TOTAL'!R429 -> 0 | M425: ='RESUMEN TOTAL'!S429 -> 0 | ... AI425: ='RESUMEN TOTAL'!AO429 -> 0 | AJ425: ='RESUMEN TOTAL'!#REF! -> #REF!
A426: ='RESUMEN TOTAL'!A430 -> VILLA HUDSON | B426: ='RESUMEN TOTAL'!B430 -> VHS 02 | C426: ='RESUMEN TOTAL'!D430 -> AV. LUJAN Y CALLE 909 A | D426: ='RESUMEN TOTAL'!E430 -> DOMO | E426: ='RESUMEN TOTAL'!F430 -> Fibra Optica | F426: ='RESUMEN TOTAL'!L430 -> 0 | G426: ='RESUMEN TOTAL'!M430 -> 0 | H426: ='RESUMEN TOTAL'!N430 -> 0 | I426: ='RESUMEN TOTAL'!O430 -> 0 | J426: ='RESUMEN TOTAL'!P430 -> 0 | K426: ='RESUMEN TOTAL'!Q430 -> 0 | L426: ='RESUMEN TOTAL'!R430 -> 0 | M426: ='RESUMEN TOTAL'!S430 -> 0 | ... AI426: ='RESUMEN TOTAL'!AO430 -> 0 | AJ426: ='RESUMEN TOTAL'!#REF! -> #REF!
A427: ='RESUMEN TOTAL'!A431 -> VILLA HUDSON | B427: ='RESUMEN TOTAL'!B431 -> VHS 03 (fija 1) | C427: ='RESUMEN TOTAL'!D431 -> AV. HUDSON Y LOS INMIGRANTES | D427: ='RESUMEN TOTAL'!E431 -> Fija | E427: ='RESUMEN TOTAL'!F431 -> Fibra Optica | F427: ='RESUMEN TOTAL'!L431 -> 0 | G427: ='RESUMEN TOTAL'!M431 -> 0 | H427: ='RESUMEN TOTAL'!N431 -> 0 | I427: ='RESUMEN TOTAL'!O431 -> 0 | J427: ='RESUMEN TOTAL'!P431 -> 0 | K427: ='RESUMEN TOTAL'!Q431 -> 0 | L427: ='RESUMEN TOTAL'!R431 -> 0 | M427: ='RESUMEN TOTAL'!S431 -> 0 | ... AI427: ='RESUMEN TOTAL'!AO431 -> 0 | AJ427: ='RESUMEN TOTAL'!#REF! -> #REF!
A428: ='RESUMEN TOTAL'!A432 -> VILLA HUDSON | B428: ='RESUMEN TOTAL'!B432 -> VHS 04 (fija 2) | C428: ='RESUMEN TOTAL'!D432 -> AV. HUDSON Y LOS INMIGRANTES | D428: ='RESUMEN TOTAL'!E432 -> Fija | E428: ='RESUMEN TOTAL'!F432 -> Fibra Optica | F428: ='RESUMEN TOTAL'!L432 -> 0 | G428: ='RESUMEN TOTAL'!M432 -> 0 | H428: ='RESUMEN TOTAL'!N432 -> 0 | I428: ='RESUMEN TOTAL'!O432 -> 0 | J428: ='RESUMEN TOTAL'!P432 -> 0 | K428: ='RESUMEN TOTAL'!Q432 -> 0 | L428: ='RESUMEN TOTAL'!R432 -> 0 | M428: ='RESUMEN TOTAL'!S432 -> 0 | ... AI428: ='RESUMEN TOTAL'!AO432 -> 0 | AJ428: ='RESUMEN TOTAL'!#REF! -> #REF!
A429: ='RESUMEN TOTAL'!A433 -> VILLA ARIAS | B429: ='RESUMEN TOTAL'!B433 -> VLA 01 (fija 1) | C429: ='RESUMEN TOTAL'!D433 -> 820 Y SOLER | D429: ='RESUMEN TOTAL'!E433 -> Fija | E429: ='RESUMEN TOTAL'!F433 -> Fibra Optica | F429: ='RESUMEN TOTAL'!L433 -> 0 | G429: ='RESUMEN TOTAL'!M433 -> 0 | H429: ='RESUMEN TOTAL'!N433 -> 0 | I429: ='RESUMEN TOTAL'!O433 -> 0 | J429: ='RESUMEN TOTAL'!P433 -> 0 | K429: ='RESUMEN TOTAL'!Q433 -> 0 | L429: ='RESUMEN TOTAL'!R433 -> 0 | M429: ='RESUMEN TOTAL'!S433 -> 0 | ... AI429: ='RESUMEN TOTAL'!AO433 -> 0 | AJ429: ='RESUMEN TOTAL'!#REF! -> #REF!
A430: ='RESUMEN TOTAL'!A434 -> VILLA ARIAS | B430: ='RESUMEN TOTAL'!B434 -> VLA 02 | C430: ='RESUMEN TOTAL'!D434 -> ESPORA Y HUDSON | D430: ='RESUMEN TOTAL'!E434 -> DOMO | E430: ='RESUMEN TOTAL'!F434 -> Fibra Optica | F430: ='RESUMEN TOTAL'!L434 -> 0 | G430: ='RESUMEN TOTAL'!M434 -> 0 | H430: ='RESUMEN TOTAL'!N434 -> 0 | I430: ='RESUMEN TOTAL'!O434 -> 0 | J430: ='RESUMEN TOTAL'!P434 -> 0 | K430: ='RESUMEN TOTAL'!Q434 -> 0 | L430: ='RESUMEN TOTAL'!R434 -> 0 | M430: ='RESUMEN TOTAL'!S434 -> 0 | ... AI430: ='RESUMEN TOTAL'!AO434 -> 0 | AJ430: ='RESUMEN TOTAL'!#REF! -> #REF!
A431: ='RESUMEN TOTAL'!A435 -> VILLA ARIAS | B431: ='RESUMEN TOTAL'!B435 -> VLA03 (fija 2) | C431: ='RESUMEN TOTAL'!D435 -> 820 y SOLER | D431: ='RESUMEN TOTAL'!E435 -> Fija | E431: ='RESUMEN TOTAL'!F435 -> Fibra Optica | F431: ='RESUMEN TOTAL'!L435 -> 0 | G431: ='RESUMEN TOTAL'!M435 -> 0 | H431: ='RESUMEN TOTAL'!N435 -> 0 | I431: ='RESUMEN TOTAL'!O435 -> 0 | J431: ='RESUMEN TOTAL'!P435 -> 0 | K431: ='RESUMEN TOTAL'!Q435 -> 0 | L431: ='RESUMEN TOTAL'!R435 -> 0 | M431: ='RESUMEN TOTAL'!S435 -> 0 | ... AI431: ='RESUMEN TOTAL'!AO435 -> 0 | AJ431: ='RESUMEN TOTAL'!#REF! -> #REF!
A432: ='RESUMEN TOTAL'!A436 -> VILLA ARIAS | B432: ='RESUMEN TOTAL'!B436 -> VLA04 | C432: ='RESUMEN TOTAL'!D436 -> ESPORA Y MARTIN GRASS | D432: ='RESUMEN TOTAL'!E436 -> DOMO | E432: ='RESUMEN TOTAL'!F436 -> Fibra Optica | F432: ='RESUMEN TOTAL'!L436 -> 0 | G432: ='RESUMEN TOTAL'!M436 -> 0 | H432: ='RESUMEN TOTAL'!N436 -> 0 | I432: ='RESUMEN TOTAL'!O436 -> 0 | J432: ='RESUMEN TOTAL'!P436 -> 0 | K432: ='RESUMEN TOTAL'!Q436 -> 0 | L432: ='RESUMEN TOTAL'!R436 -> 0 | M432: ='RESUMEN TOTAL'!S436 -> 0 | ... AI432: ='RESUMEN TOTAL'!AO436 -> 0 | AJ432: ='RESUMEN TOTAL'!#REF! -> #REF!
A433: ='RESUMEN TOTAL'!A437 -> VILLA ARIAS | B433: ='RESUMEN TOTAL'!B437 -> VLA05 | C433: ='RESUMEN TOTAL'!D437 -> ESPORA Y 802 | D433: ='RESUMEN TOTAL'!E437 -> DOMO | E433: ='RESUMEN TOTAL'!F437 -> Fibra Optica | F433: ='RESUMEN TOTAL'!L437 -> 0 | G433: ='RESUMEN TOTAL'!M437 -> 0 | H433: ='RESUMEN TOTAL'!N437 -> 0 | I433: ='RESUMEN TOTAL'!O437 -> 0 | J433: ='RESUMEN TOTAL'!P437 -> 0 | K433: ='RESUMEN TOTAL'!Q437 -> 0 | L433: ='RESUMEN TOTAL'!R437 -> 0 | M433: ='RESUMEN TOTAL'!S437 -> 0 | ... AI433: ='RESUMEN TOTAL'!AO437 -> 0 | AJ433: ='RESUMEN TOTAL'!#REF! -> #REF!
A434: ='RESUMEN TOTAL'!A438 -> VILLA MONICA NUEVA | B434: ='RESUMEN TOTAL'!B438 -> VMO 02 | C434: ='RESUMEN TOTAL'!D438 -> Rio Carapachay y Oroño | D434: ='RESUMEN TOTAL'!E438 -> Domo | E434: ='RESUMEN TOTAL'!F438 -> Radio | F434: ='RESUMEN TOTAL'!L438 -> 0 | G434: ='RESUMEN TOTAL'!M438 -> 0 | H434: ='RESUMEN TOTAL'!N438 -> 0 | I434: ='RESUMEN TOTAL'!O438 -> 0 | J434: ='RESUMEN TOTAL'!P438 -> 0 | K434: ='RESUMEN TOTAL'!Q438 -> 0 | L434: ='RESUMEN TOTAL'!R438 -> 0 | M434: ='RESUMEN TOTAL'!S438 -> 0 | ... AI434: ='RESUMEN TOTAL'!AO438 -> 0 | AJ434: ='RESUMEN TOTAL'!#REF! -> #REF!
A435: ='RESUMEN TOTAL'!A439 -> VILLA MONICA NUEVA | B435: ='RESUMEN TOTAL'!B439 -> VMO 03 (fija 1) | C435: ='RESUMEN TOTAL'!D439 -> EVA PERON E/ OROÑO Y 734 A | D435: ='RESUMEN TOTAL'!E439 -> Fija | E435: ='RESUMEN TOTAL'!F439 -> Fibra Optica | F435: ='RESUMEN TOTAL'!L439 -> 0 | G435: ='RESUMEN TOTAL'!M439 -> 0 | H435: ='RESUMEN TOTAL'!N439 -> 0 | I435: ='RESUMEN TOTAL'!O439 -> 0 | J435: ='RESUMEN TOTAL'!P439 -> 0 | K435: ='RESUMEN TOTAL'!Q439 -> 0 | L435: ='RESUMEN TOTAL'!R439 -> 0 | M435: ='RESUMEN TOTAL'!S439 -> 0 | ... AI435: ='RESUMEN TOTAL'!AO439 -> 0 | AJ435: ='RESUMEN TOTAL'!#REF! -> #REF!
A436: ='RESUMEN TOTAL'!A440 -> VILLA MONICA NUEVA | B436: ='RESUMEN TOTAL'!B440 -> VMO 04 (fija 2) | C436: ='RESUMEN TOTAL'!D440 -> EVA PERON E/ OROÑO Y 734 A | D436: ='RESUMEN TOTAL'!E440 -> Fija | E436: ='RESUMEN TOTAL'!F440 -> Fibra Optica | F436: ='RESUMEN TOTAL'!L440 -> 0 | G436: ='RESUMEN TOTAL'!M440 -> 0 | H436: ='RESUMEN TOTAL'!N440 -> 0 | I436: ='RESUMEN TOTAL'!O440 -> 0 | J436: ='RESUMEN TOTAL'!P440 -> 0 | K436: ='RESUMEN TOTAL'!Q440 -> 0 | L436: ='RESUMEN TOTAL'!R440 -> 0 | M436: ='RESUMEN TOTAL'!S440 -> 0 | ... AI436: ='RESUMEN TOTAL'!AO440 -> 0 | AJ436: ='RESUMEN TOTAL'!#REF! -> #REF!
... A453: ='RESUMEN TOTAL'!A457 -> ZEBALLOS | B453: ='RESUMEN TOTAL'!B457 -> ZEB 05 | C453: ='RESUMEN TOTAL'!D457 -> DIAG. GRANADEROS Y 214 BIS | D453: ='RESUMEN TOTAL'!E457 -> Domo | E453: ='RESUMEN TOTAL'!F457 -> Radio | F453: ='RESUMEN TOTAL'!L457 -> 0 | G453: ='RESUMEN TOTAL'!M457 -> 0 | H453: ='RESUMEN TOTAL'!N457 -> 0 | I453: ='RESUMEN TOTAL'!O457 -> 0 | J453: ='RESUMEN TOTAL'!P457 -> 0 | K453: ='RESUMEN TOTAL'!Q457 -> 0 | L453: ='RESUMEN TOTAL'!R457 -> 0 | M453: ='RESUMEN TOTAL'!S457 -> 0 | ... AI453: ='RESUMEN TOTAL'!AO457 -> 0 | AJ453: ='RESUMEN TOTAL'!#REF! -> #REF!
A454: ='RESUMEN TOTAL'!A478 -> PARADAS SEGURAS | B454: ='RESUMEN TOTAL'!B478 -> 21 | C454: ='RESUMEN TOTAL'!D478 -> HUDSON Y CABILDO OESTE | D454: ='RESUMEN TOTAL'!E478 -> GFIJA | E454: ='RESUMEN TOTAL'!F478 -> GPON | F454: ='RESUMEN TOTAL'!L478 -> 0 | G454: ='RESUMEN TOTAL'!M478 -> 0 | H454: ='RESUMEN TOTAL'!N478 -> 0 | I454: ='RESUMEN TOTAL'!O478 -> 0 | J454: ='RESUMEN TOTAL'!P478 -> 0 | K454: ='RESUMEN TOTAL'!Q478 -> 0 | L454: ='RESUMEN TOTAL'!R478 -> 0 | M454: ='RESUMEN TOTAL'!S478 -> 0 | ... AI454: ='RESUMEN TOTAL'!AO478 -> 0 | AJ454: ='RESUMEN TOTAL'!#REF! -> #REF!
A455: ='RESUMEN TOTAL'!A479 -> PARADAS SEGURAS | B455: ='RESUMEN TOTAL'!B479 -> 21 I | C455: ='RESUMEN TOTAL'!D479 -> HUDSON Y CABILDO OESTE | D455: ='RESUMEN TOTAL'!E479 -> INTERCOMUNICADOR | E455: ='RESUMEN TOTAL'!F479 -> GPON | F455: ='RESUMEN TOTAL'!L479 -> 0 | G455: ='RESUMEN TOTAL'!M479 -> 0 | H455: ='RESUMEN TOTAL'!N479 -> 0 | I455: ='RESUMEN TOTAL'!O479 -> 0 | J455: ='RESUMEN TOTAL'!P479 -> 0 | K455: ='RESUMEN TOTAL'!Q479 -> 0 | L455: ='RESUMEN TOTAL'!R479 -> 0 | M455: ='RESUMEN TOTAL'!S479 -> 0 | ... AI455: ='RESUMEN TOTAL'!AO479 -> 0 | AJ455: ='RESUMEN TOTAL'!#REF! -> #REF!
A456: ='RESUMEN TOTAL'!A480 -> PARADAS SEGURAS | B456: ='RESUMEN TOTAL'!B480 -> 22 | C456: ='RESUMEN TOTAL'!D480 -> HUDSON Y CABILDO ESTE | D456: ='RESUMEN TOTAL'!E480 -> GFIJA | E456: ='RESUMEN TOTAL'!F480 -> GPON | F456: ='RESUMEN TOTAL'!L480 -> 0 | G456: ='RESUMEN TOTAL'!M480 -> 0 | H456: ='RESUMEN TOTAL'!N480 -> 0 | I456: ='RESUMEN TOTAL'!O480 -> 0 | J456: ='RESUMEN TOTAL'!P480 -> 0 | K456: ='RESUMEN TOTAL'!Q480 -> 0 | L456: ='RESUMEN TOTAL'!R480 -> 0 | M456: ='RESUMEN TOTAL'!S480 -> 0 | ... AI456: ='RESUMEN TOTAL'!AO480 -> 0 | AJ456: ='RESUMEN TOTAL'!#REF! -> #REF!
A457: ='RESUMEN TOTAL'!A481 -> PARADAS SEGURAS | B457: ='RESUMEN TOTAL'!B481 -> 22 I | C457: ='RESUMEN TOTAL'!D481 -> HUDSON Y CABILDO ESTE | D457: ='RESUMEN TOTAL'!E481 -> INTERCOMUNICADOR | E457: ='RESUMEN TOTAL'!F481 -> GPON | F457: ='RESUMEN TOTAL'!L481 -> 0 | G457: ='RESUMEN TOTAL'!M481 -> 0 | H457: ='RESUMEN TOTAL'!N481 -> 0 | I457: ='RESUMEN TOTAL'!O481 -> 0 | J457: ='RESUMEN TOTAL'!P481 -> 0 | K457: ='RESUMEN TOTAL'!Q481 -> 0 | L457: ='RESUMEN TOTAL'!R481 -> 0 | M457: ='RESUMEN TOTAL'!S481 -> 0 | ... AI457: ='RESUMEN TOTAL'!AO481 -> 0 | AJ457: ='RESUMEN TOTAL'!#REF! -> #REF!
A458: ='RESUMEN TOTAL'!A482 -> PARADAS SEGURAS | B458: ='RESUMEN TOTAL'!B482 -> 23 | C458: ='RESUMEN TOTAL'!D482 -> HUDSON Y SAN NICOLAS OESTE | D458: ='RESUMEN TOTAL'!E482 -> GFIJA | E458: ='RESUMEN TOTAL'!F482 -> GPON | F458: ='RESUMEN TOTAL'!L482 -> 0 | G458: ='RESUMEN TOTAL'!M482 -> 0 | H458: ='RESUMEN TOTAL'!N482 -> 0 | I458: ='RESUMEN TOTAL'!O482 -> 0 | J458: ='RESUMEN TOTAL'!P482 -> 0 | K458: ='RESUMEN TOTAL'!Q482 -> 0 | L458: ='RESUMEN TOTAL'!R482 -> 0 | M458: ='RESUMEN TOTAL'!S482 -> 0 | ... AI458: ='RESUMEN TOTAL'!AO482 -> 0 | AJ458: ='RESUMEN TOTAL'!#REF! -> #REF!
A459: ='RESUMEN TOTAL'!A483 -> PARADAS SEGURAS | B459: ='RESUMEN TOTAL'!B483 -> 23 I | C459: ='RESUMEN TOTAL'!D483 -> HUDSON Y SAN NICOLAS OESTE | D459: ='RESUMEN TOTAL'!E483 -> INTERCOMUNICADOR | E459: ='RESUMEN TOTAL'!F483 -> GPON | F459: ='RESUMEN TOTAL'!L483 -> 0 | G459: ='RESUMEN TOTAL'!M483 -> 0 | H459: ='RESUMEN TOTAL'!N483 -> 0 | I459: ='RESUMEN TOTAL'!O483 -> 0 | J459: ='RESUMEN TOTAL'!P483 -> 0 | K459: ='RESUMEN TOTAL'!Q483 -> 0 | L459: ='RESUMEN TOTAL'!R483 -> 0 | M459: ='RESUMEN TOTAL'!S483 -> 0 | ... AI459: ='RESUMEN TOTAL'!AO483 -> 0 | AJ459: ='RESUMEN TOTAL'!#REF! -> #REF!
A460: ='RESUMEN TOTAL'!A484 -> PARADAS SEGURAS | B460: ='RESUMEN TOTAL'!B484 -> 24 | C460: ='RESUMEN TOTAL'!D484 -> HUDSON Y ALDAO ESTE | D460: ='RESUMEN TOTAL'!E484 -> GFIJA | E460: ='RESUMEN TOTAL'!F484 -> GPON | F460: ='RESUMEN TOTAL'!L484 -> 0 | G460: ='RESUMEN TOTAL'!M484 -> 0 | H460: ='RESUMEN TOTAL'!N484 -> 0 | I460: ='RESUMEN TOTAL'!O484 -> 0 | J460: ='RESUMEN TOTAL'!P484 -> 0 | K460: ='RESUMEN TOTAL'!Q484 -> 0 | L460: ='RESUMEN TOTAL'!R484 -> 0 | M460: ='RESUMEN TOTAL'!S484 -> 0 | ... AI460: ='RESUMEN TOTAL'!AO484 -> 0 | AJ460: ='RESUMEN TOTAL'!#REF! -> #REF!
A461: ='RESUMEN TOTAL'!A485 -> PARADAS SEGURAS | B461: ='RESUMEN TOTAL'!B485 -> 24 I | C461: ='RESUMEN TOTAL'!D485 -> HUDSON Y ALDAO ESTE | D461: ='RESUMEN TOTAL'!E485 -> INTERCOMUNICADOR | E461: ='RESUMEN TOTAL'!F485 -> GPON | F461: ='RESUMEN TOTAL'!L485 -> 0 | G461: ='RESUMEN TOTAL'!M485 -> 0 | H461: ='RESUMEN TOTAL'!N485 -> 0 | I461: ='RESUMEN TOTAL'!O485 -> 0 | J461: ='RESUMEN TOTAL'!P485 -> 0 | K461: ='RESUMEN TOTAL'!Q485 -> 0 | L461: ='RESUMEN TOTAL'!R485 -> 0 | M461: ='RESUMEN TOTAL'!S485 -> 0 | ... AI461: ='RESUMEN TOTAL'!AO485 -> 0 | AJ461: ='RESUMEN TOTAL'!#REF! -> #REF!
A462: ='RESUMEN TOTAL'!A486 -> PARADAS SEGURAS | B462: ='RESUMEN TOTAL'!B486 -> 25 | C462: ='RESUMEN TOTAL'!D486 -> HUDSON Y RIO JACHAL | D462: ='RESUMEN TOTAL'!E486 -> GFIJA | E462: ='RESUMEN TOTAL'!F486 -> GPON | F462: ='RESUMEN TOTAL'!L486 -> 0 | G462: ='RESUMEN TOTAL'!M486 -> 0 | H462: ='RESUMEN TOTAL'!N486 -> 0 | I462: ='RESUMEN TOTAL'!O486 -> 0 | J462: ='RESUMEN TOTAL'!P486 -> 0 | K462: ='RESUMEN TOTAL'!Q486 -> 0 | L462: ='RESUMEN TOTAL'!R486 -> 0 | M462: ='RESUMEN TOTAL'!S486 -> 0 | ... AI462: ='RESUMEN TOTAL'!AO486 -> 0 | AJ462: ='RESUMEN TOTAL'!#REF! -> #REF!
A463: ='RESUMEN TOTAL'!A487 -> PARADAS SEGURAS | B463: ='RESUMEN TOTAL'!B487 -> 25 I | C463: ='RESUMEN TOTAL'!D487 -> HUDSON Y RIO JACHAL | D463: ='RESUMEN TOTAL'!E487 -> INTERCOMUNICADOR | E463: ='RESUMEN TOTAL'!F487 -> GPON | F463: ='RESUMEN TOTAL'!L487 -> 0 | G463: ='RESUMEN TOTAL'!M487 -> 0 | H463: ='RESUMEN TOTAL'!N487 -> 0 | I463: ='RESUMEN TOTAL'!O487 -> 0 | J463: ='RESUMEN TOTAL'!P487 -> 0 | K463: ='RESUMEN TOTAL'!Q487 -> 0 | L463: ='RESUMEN TOTAL'!R487 -> 0 | M463: ='RESUMEN TOTAL'!S487 -> 0 | ... AI463: ='RESUMEN TOTAL'!AO487 -> 0 | AJ463: ='RESUMEN TOTAL'!#REF! -> #REF!
A464: ='RESUMEN TOTAL'!A488 -> PARADAS SEGURAS | B464: ='RESUMEN TOTAL'!B488 -> 26 | C464: ='RESUMEN TOTAL'!D488 -> HUDSON Y RIO COLORADO OESTE | D464: ='RESUMEN TOTAL'!E488 -> GFIJA | E464: ='RESUMEN TOTAL'!F488 -> GPON | F464: ='RESUMEN TOTAL'!L488 -> 0 | G464: ='RESUMEN TOTAL'!M488 -> 0 | H464: ='RESUMEN TOTAL'!N488 -> 0 | I464: ='RESUMEN TOTAL'!O488 -> 0 | J464: ='RESUMEN TOTAL'!P488 -> 0 | K464: ='RESUMEN TOTAL'!Q488 -> 0 | L464: ='RESUMEN TOTAL'!R488 -> 0 | M464: ='RESUMEN TOTAL'!S488 -> 0 | ... AI464: ='RESUMEN TOTAL'!AO488 -> 0 | AJ464: ='RESUMEN TOTAL'!#REF! -> #REF!
A465: ='RESUMEN TOTAL'!A489 -> PARADAS SEGURAS | B465: ='RESUMEN TOTAL'!B489 -> 26 I | C465: ='RESUMEN TOTAL'!D490 -> HUDON Y 818 ESTE | D465: ='RESUMEN TOTAL'!E489 -> INTERCOMUNICADOR | E465: ='RESUMEN TOTAL'!F489 -> GPON | F465: ='RESUMEN TOTAL'!L489 -> 0 | G465: ='RESUMEN TOTAL'!M489 -> 0 | H465: ='RESUMEN TOTAL'!N489 -> 0 | I465: ='RESUMEN TOTAL'!O489 -> 0 | J465: ='RESUMEN TOTAL'!P489 -> 0 | K465: ='RESUMEN TOTAL'!Q489 -> 0 | L465: ='RESUMEN TOTAL'!R489 -> 0 | M465: ='RESUMEN TOTAL'!S489 -> 0 | ... AI465: ='RESUMEN TOTAL'!AO489 -> 0 | AJ465: ='RESUMEN TOTAL'!#REF! -> #REF!
A466: ='RESUMEN TOTAL'!A490 -> PARADAS SEGURAS | B466: ='RESUMEN TOTAL'!B490 -> 27 | C466: ='RESUMEN TOTAL'!D492 -> HUDSON Y RIO TRAFUL OESTE | D466: ='RESUMEN TOTAL'!E490 -> GFIJA | E466: ='RESUMEN TOTAL'!F490 -> GPON | F466: ='RESUMEN TOTAL'!L490 -> 0 | G466: ='RESUMEN TOTAL'!M490 -> 0 | H466: ='RESUMEN TOTAL'!N490 -> 0 | I466: ='RESUMEN TOTAL'!O490 -> 0 | J466: ='RESUMEN TOTAL'!P490 -> 0 | K466: ='RESUMEN TOTAL'!Q490 -> 0 | L466: ='RESUMEN TOTAL'!R490 -> 0 | M466: ='RESUMEN TOTAL'!S490 -> 0 | ... AI466: ='RESUMEN TOTAL'!AO490 -> 0 | AJ466: ='RESUMEN TOTAL'!#REF! -> #REF!
A467: ='RESUMEN TOTAL'!A491 -> PARADAS SEGURAS | B467: ='RESUMEN TOTAL'!B491 -> 27 I | C467: ='RESUMEN TOTAL'!D494 -> HUDSON Y ESTOMBA ESTE | D467: ='RESUMEN TOTAL'!E491 -> INTERCOMUNICADOR | E467: ='RESUMEN TOTAL'!F491 -> GPON | F467: ='RESUMEN TOTAL'!L491 -> 0 | G467: ='RESUMEN TOTAL'!M491 -> 0 | H467: ='RESUMEN TOTAL'!N491 -> 0 | I467: ='RESUMEN TOTAL'!O491 -> 0 | J467: ='RESUMEN TOTAL'!P491 -> 0 | K467: ='RESUMEN TOTAL'!Q491 -> 0 | L467: ='RESUMEN TOTAL'!R491 -> 0 | M467: ='RESUMEN TOTAL'!S491 -> 0 | ... AI467: ='RESUMEN TOTAL'!AO491 -> 0 | AJ467: ='RESUMEN TOTAL'!#REF! -> #REF!
A468: ='RESUMEN TOTAL'!A492 -> PARADAS SEGURAS | B468: ='RESUMEN TOTAL'!B492 -> 28 | C468: ='RESUMEN TOTAL'!D496 -> HUDSON Y PICHEUTA OESTE | D468: ='RESUMEN TOTAL'!E492 -> GFIJA | E468: ='RESUMEN TOTAL'!F492 -> GPON | F468: ='RESUMEN TOTAL'!L492 -> 0 | G468: ='RESUMEN TOTAL'!M492 -> 0 | H468: ='RESUMEN TOTAL'!N492 -> 0 | I468: ='RESUMEN TOTAL'!O492 -> 0 | J468: ='RESUMEN TOTAL'!P492 -> 0 | K468: ='RESUMEN TOTAL'!Q492 -> 0 | L468: ='RESUMEN TOTAL'!R492 -> 0 | M468: ='RESUMEN TOTAL'!S492 -> 0 | ... AI468: ='RESUMEN TOTAL'!AO492 -> 0 | AJ468: ='RESUMEN TOTAL'!#REF! -> #REF!
A469: ='RESUMEN TOTAL'!A493 -> PARADAS SEGURAS | B469: ='RESUMEN TOTAL'!B493 -> 28 I | C469: ='RESUMEN TOTAL'!D498 -> HUDSON Y 830 ESTE | D469: ='RESUMEN TOTAL'!E493 -> INTERCOMUNICADOR | E469: ='RESUMEN TOTAL'!F493 -> GPON | F469: ='RESUMEN TOTAL'!L493 -> 0 | G469: ='RESUMEN TOTAL'!M493 -> 0 | H469: ='RESUMEN TOTAL'!N493 -> 0 | I469: ='RESUMEN TOTAL'!O493 -> 0 | J469: ='RESUMEN TOTAL'!P493 -> 0 | K469: ='RESUMEN TOTAL'!Q493 -> 0 | L469: ='RESUMEN TOTAL'!R493 -> 0 | M469: ='RESUMEN TOTAL'!S493 -> 0 | ... AI469: ='RESUMEN TOTAL'!AO493 -> 0 | AJ469: ='RESUMEN TOTAL'!#REF! -> #REF!
A470: ='RESUMEN TOTAL'!A494 -> PARADAS SEGURAS | B470: ='RESUMEN TOTAL'!B494 -> 29 | C470: ='RESUMEN TOTAL'!#REF! -> #REF! | D470: ='RESUMEN TOTAL'!E494 -> GFIJA | E470: ='RESUMEN TOTAL'!F494 -> GPON | F470: ='RESUMEN TOTAL'!L494 -> 0 | G470: ='RESUMEN TOTAL'!M494 -> 0 | H470: ='RESUMEN TOTAL'!N494 -> 0 | I470: ='RESUMEN TOTAL'!O494 -> 0 | J470: ='RESUMEN TOTAL'!P494 -> 0 | K470: ='RESUMEN TOTAL'!Q494 -> 0 | L470: ='RESUMEN TOTAL'!R494 -> 0 | M470: ='RESUMEN TOTAL'!S494 -> 0 | ... AI470: ='RESUMEN TOTAL'!AO494 -> 0 | AJ470: ='RESUMEN TOTAL'!#REF! -> #REF!
A471: ='RESUMEN TOTAL'!A495 -> PARADAS SEGURAS | B471: ='RESUMEN TOTAL'!B495 -> 29 I | C471: ='RESUMEN TOTAL'!#REF! -> #REF! | D471: ='RESUMEN TOTAL'!E495 -> INTERCOMUNICADOR | E471: ='RESUMEN TOTAL'!F495 -> GPON | F471: ='RESUMEN TOTAL'!L495 -> 0 | G471: ='RESUMEN TOTAL'!M495 -> 0 | H471: ='RESUMEN TOTAL'!N495 -> 0 | I471: ='RESUMEN TOTAL'!O495 -> 0 | J471: ='RESUMEN TOTAL'!P495 -> 0 | K471: ='RESUMEN TOTAL'!Q495 -> 0 | L471: ='RESUMEN TOTAL'!R495 -> 0 | M471: ='RESUMEN TOTAL'!S495 -> 0 | ... AI471: ='RESUMEN TOTAL'!AO495 -> 0 | AJ471: ='RESUMEN TOTAL'!#REF! -> #REF!
A472: ='RESUMEN TOTAL'!A496 -> PARADAS SEGURAS | B472: ='RESUMEN TOTAL'!B496 -> 30 | C472: ='RESUMEN TOTAL'!#REF! -> #REF! | D472: ='RESUMEN TOTAL'!E496 -> GFIJA | E472: ='RESUMEN TOTAL'!F496 -> GPON | F472: ='RESUMEN TOTAL'!L496 -> APAGADO | G472: ='RESUMEN TOTAL'!M496 -> APAGADO | H472: ='RESUMEN TOTAL'!N496 -> APAGADO | I472: ='RESUMEN TOTAL'!O496 -> APAGADO | J472: ='RESUMEN TOTAL'!P496 -> APAGADO | K472: ='RESUMEN TOTAL'!Q496 -> 0 | L472: ='RESUMEN TOTAL'!R496 -> 0 | M472: ='RESUMEN TOTAL'!S496 -> 0 | ... AI472: ='RESUMEN TOTAL'!AO496 -> 0 | AJ472: ='RESUMEN TOTAL'!#REF! -> #REF!
A473: ='RESUMEN TOTAL'!A497 -> PARADAS SEGURAS | B473: ='RESUMEN TOTAL'!B497 -> 30 I | C473: ='RESUMEN TOTAL'!D497 -> HUDSON Y PICHEUTA OESTE | D473: ='RESUMEN TOTAL'!E497 -> INTERCOMUNICADOR | E473: ='RESUMEN TOTAL'!F497 -> GPON | F473: ='RESUMEN TOTAL'!L497 -> APAGADO | G473: ='RESUMEN TOTAL'!M497 -> APAGADO | H473: ='RESUMEN TOTAL'!N497 -> APAGADO | I473: ='RESUMEN TOTAL'!O497 -> APAGADO | J473: ='RESUMEN TOTAL'!P497 -> APAGADO | K473: ='RESUMEN TOTAL'!Q497 -> 0 | L473: ='RESUMEN TOTAL'!R497 -> 0 | M473: ='RESUMEN TOTAL'!S497 -> 0 | ... AI473: ='RESUMEN TOTAL'!AO497 -> 0 | AJ473: ='RESUMEN TOTAL'!#REF! -> #REF!
A474: ='RESUMEN TOTAL'!A498 -> PARADAS SEGURAS | B474: ='RESUMEN TOTAL'!B498 -> 31 | C474: ='RESUMEN TOTAL'!#REF! -> #REF! | D474: ='RESUMEN TOTAL'!E498 -> GFIJA | E474: ='RESUMEN TOTAL'!F498 -> GPON | F474: ='RESUMEN TOTAL'!L498 -> 0 | G474: ='RESUMEN TOTAL'!M498 -> 0 | H474: ='RESUMEN TOTAL'!N498 -> 0 | I474: ='RESUMEN TOTAL'!O498 -> 0 | J474: ='RESUMEN TOTAL'!P498 -> 0 | K474: ='RESUMEN TOTAL'!Q498 -> 0 | L474: ='RESUMEN TOTAL'!R498 -> 0 | M474: ='RESUMEN TOTAL'!S498 -> 0 | ... AI474: ='RESUMEN TOTAL'!AO498 -> 0 | AJ474: ='RESUMEN TOTAL'!#REF! -> #REF!
A475: ='RESUMEN TOTAL'!A499 -> PARADAS SEGURAS | B475: ='RESUMEN TOTAL'!B499 -> 31 I | C475: ='RESUMEN TOTAL'!#REF! -> #REF! | D475: ='RESUMEN TOTAL'!E499 -> INTERCOMUNICADOR | E475: ='RESUMEN TOTAL'!F499 -> GPON | F475: ='RESUMEN TOTAL'!L499 -> 0 | G475: ='RESUMEN TOTAL'!M499 -> 0 | H475: ='RESUMEN TOTAL'!N499 -> 0 | I475: ='RESUMEN TOTAL'!O499 -> 0 | J475: ='RESUMEN TOTAL'!P499 -> 0 | K475: ='RESUMEN TOTAL'!Q499 -> 0 | L475: ='RESUMEN TOTAL'!R499 -> 0 | M475: ='RESUMEN TOTAL'!S499 -> 0 | ... AI475: ='RESUMEN TOTAL'!AO499 -> 0 | AJ475: ='RESUMEN TOTAL'!#REF! -> #REF!
A476: ='RESUMEN TOTAL'!A500 -> PARADAS SEGURAS | B476: 32 C | C476: ='RESUMEN TOTAL'!D500 -> Hudson y 834 oeste | D476: ='RESUMEN TOTAL'!E500 -> GFIJA | E476: ='RESUMEN TOTAL'!F500 -> GPON | F476: ='RESUMEN TOTAL'!L500 -> 0 | G476: ='RESUMEN TOTAL'!M500 -> 0 | H476: ='RESUMEN TOTAL'!N500 -> 0 | I476: ='RESUMEN TOTAL'!O500 -> 0 | J476: ='RESUMEN TOTAL'!P500 -> 0 | K476: ='RESUMEN TOTAL'!Q500 -> 0 | L476: ='RESUMEN TOTAL'!R500 -> 0 | M476: ='RESUMEN TOTAL'!S500 -> 0 | ... AI476: ='RESUMEN TOTAL'!AO500 -> 0 | AJ476: ='RESUMEN TOTAL'!#REF! -> #REF!
A477: ='RESUMEN TOTAL'!A501 -> PARADAS SEGURAS | B477: ='RESUMEN TOTAL'!B501 -> 32 I | C477: ='RESUMEN TOTAL'!D501 -> Hudson y 834 oeste | D477: ='RESUMEN TOTAL'!E501 -> INTERCOMUNICADOR | E477: ='RESUMEN TOTAL'!F501 -> GPON | F477: ='RESUMEN TOTAL'!L501 -> 0 | G477: ='RESUMEN TOTAL'!M501 -> 0 | H477: ='RESUMEN TOTAL'!N501 -> 0 | I477: ='RESUMEN TOTAL'!O501 -> 0 | J477: ='RESUMEN TOTAL'!P501 -> 0 | K477: ='RESUMEN TOTAL'!Q501 -> 0 | L477: ='RESUMEN TOTAL'!R501 -> 0 | M477: ='RESUMEN TOTAL'!S501 -> 0 | ... AI477: ='RESUMEN TOTAL'!AO501 -> 0 | AJ477: ='RESUMEN TOTAL'!#REF! -> #REF!
A478: ='RESUMEN TOTAL'!A502 -> PARADAS SEGURAS | B478: ='RESUMEN TOTAL'!B502 -> 33 C | C478: ='RESUMEN TOTAL'!D502 -> Hudson y 834 este | D478: ='RESUMEN TOTAL'!E502 -> GFIJA | E478: ='RESUMEN TOTAL'!F502 -> GPON | F478: ='RESUMEN TOTAL'!L502 -> 0 | G478: ='RESUMEN TOTAL'!M502 -> 0 | H478: ='RESUMEN TOTAL'!N502 -> 0 | I478: ='RESUMEN TOTAL'!O502 -> APAGADO | J478: ='RESUMEN TOTAL'!P502 -> APAGADO | K478: ='RESUMEN TOTAL'!Q502 -> 0 | L478: ='RESUMEN TOTAL'!R502 -> 0 | M478: ='RESUMEN TOTAL'!S502 -> 0 | ... AI478: ='RESUMEN TOTAL'!AO502 -> 0 | AJ478: ='RESUMEN TOTAL'!#REF! -> #REF!
A479: ='RESUMEN TOTAL'!A503 -> PARADAS SEGURAS | B479: ='RESUMEN TOTAL'!B503 -> 33 I | C479: ='RESUMEN TOTAL'!D503 -> Hudson y 834 este | D479: ='RESUMEN TOTAL'!E503 -> INTERCOMUNICADOR | E479: ='RESUMEN TOTAL'!F503 -> GPON | F479: ='RESUMEN TOTAL'!L503 -> 0 | G479: ='RESUMEN TOTAL'!M503 -> 0 | H479: ='RESUMEN TOTAL'!N503 -> 0 | I479: ='RESUMEN TOTAL'!O503 -> 0 | J479: ='RESUMEN TOTAL'!P503 -> 0 | K479: ='RESUMEN TOTAL'!Q503 -> 0 | L479: ='RESUMEN TOTAL'!R503 -> 0 | M479: ='RESUMEN TOTAL'!S503 -> 0 | ... AI479: ='RESUMEN TOTAL'!AO503 -> 0 | AJ479: ='RESUMEN TOTAL'!#REF! -> #REF!
A480: ='RESUMEN TOTAL'!A504 -> PARADAS SEGURAS | B480: ='RESUMEN TOTAL'!B504 -> 34 C | C480: ='RESUMEN TOTAL'!D504 -> Hudson y Suipacha oeste | D480: ='RESUMEN TOTAL'!E504 -> GFIJA | E480: ='RESUMEN TOTAL'!F504 -> GPON | F480: ='RESUMEN TOTAL'!L504 -> 0 | G480: ='RESUMEN TOTAL'!M504 -> 0 | H480: ='RESUMEN TOTAL'!N504 -> 0 | I480: ='RESUMEN TOTAL'!O504 -> 0 | J480: ='RESUMEN TOTAL'!P504 -> 0 | K480: ='RESUMEN TOTAL'!Q504 -> 0 | L480: ='RESUMEN TOTAL'!R504 -> 0 | M480: ='RESUMEN TOTAL'!S504 -> 0 | ... AI480: ='RESUMEN TOTAL'!AO504 -> 0 | AJ480: ='RESUMEN TOTAL'!#REF! -> #REF!
A481: ='RESUMEN TOTAL'!A505 -> PARADAS SEGURAS | B481: ='RESUMEN TOTAL'!B505 -> 34 I | C481: ='RESUMEN TOTAL'!D505 -> Hudson y Suipacha oeste | D481: ='RESUMEN TOTAL'!E505 -> INTERCOMUNICADOR | E481: ='RESUMEN TOTAL'!F505 -> GPON | F481: ='RESUMEN TOTAL'!L505 -> 0 | G481: ='RESUMEN TOTAL'!M505 -> 0 | H481: ='RESUMEN TOTAL'!N505 -> 0 | I481: ='RESUMEN TOTAL'!O505 -> APAGADO | J481: ='RESUMEN TOTAL'!P505 -> APAGADO | K481: ='RESUMEN TOTAL'!Q505 -> 0 | L481: ='RESUMEN TOTAL'!R505 -> 0 | M481: ='RESUMEN TOTAL'!S505 -> 0 | ... AI481: ='RESUMEN TOTAL'!AO505 -> 0 | AJ481: ='RESUMEN TOTAL'!#REF! -> #REF!
A482: ='RESUMEN TOTAL'!A506 -> PARADAS SEGURAS | B482: ='RESUMEN TOTAL'!B506 -> 35 C | C482: ='RESUMEN TOTAL'!D506 -> Hudson y Suipacha este | D482: ='RESUMEN TOTAL'!E506 -> GFIJA | E482: ='RESUMEN TOTAL'!F506 -> GPON | F482: ='RESUMEN TOTAL'!L506 -> APAGADO | G482: ='RESUMEN TOTAL'!M506 -> APAGADO | H482: ='RESUMEN TOTAL'!N506 -> 0 | I482: ='RESUMEN TOTAL'!O506 -> APAGADO | J482: ='RESUMEN TOTAL'!P506 -> APAGADO | K482: ='RESUMEN TOTAL'!Q506 -> 0 | L482: ='RESUMEN TOTAL'!R506 -> 0 | M482: ='RESUMEN TOTAL'!S506 -> 0 | ... AI482: ='RESUMEN TOTAL'!AO506 -> 0 | AJ482: ='RESUMEN TOTAL'!#REF! -> #REF!
A483: ='RESUMEN TOTAL'!A507 -> PARADAS SEGURAS | B483: ='RESUMEN TOTAL'!B507 -> 35 I | C483: ='RESUMEN TOTAL'!D507 -> Hudson y Suipacha este | D483: ='RESUMEN TOTAL'!E507 -> INTERCOMUNICADOR | E483: ='RESUMEN TOTAL'!F507 -> GPON | F483: ='RESUMEN TOTAL'!L507 -> 0 | G483: ='RESUMEN TOTAL'!M507 -> 0 | H483: ='RESUMEN TOTAL'!N507 -> APAGADO | I483: ='RESUMEN TOTAL'!O507 -> 0 | J483: ='RESUMEN TOTAL'!P507 -> 0 | K483: ='RESUMEN TOTAL'!Q507 -> 0 | L483: ='RESUMEN TOTAL'!R507 -> 0 | M483: ='RESUMEN TOTAL'!S507 -> 0 | ... AI483: ='RESUMEN TOTAL'!AO507 -> 0 | AJ483: ='RESUMEN TOTAL'!#REF! -> #REF!
A484: ='RESUMEN TOTAL'!#REF! -> #REF! | B484: ='RESUMEN TOTAL'!#REF! -> #REF! | C484: ='RESUMEN TOTAL'!#REF! -> #REF! | D484: ='RESUMEN TOTAL'!#REF! -> #REF! | E484: ='RESUMEN TOTAL'!#REF! -> #REF! | F484: ='RESUMEN TOTAL'!#REF! -> #REF! | G484: ='RESUMEN TOTAL'!#REF! -> #REF! | H484: ='RESUMEN TOTAL'!#REF! -> #REF! | ... AJ484: ='RESUMEN TOTAL'!#REF! -> #REF!
A485: ='RESUMEN TOTAL'!#REF! -> #REF! | B485: ='RESUMEN TOTAL'!#REF! -> #REF! | C485: ='RESUMEN TOTAL'!#REF! -> #REF! | D485: ='RESUMEN TOTAL'!#REF! -> #REF! | E485: ='RESUMEN TOTAL'!#REF! -> #REF! | F485: ='RESUMEN TOTAL'!#REF! -> #REF! | G485: ='RESUMEN TOTAL'!#REF! -> #REF! | H485: ='RESUMEN TOTAL'!#REF! -> #REF! | ... AJ485: ='RESUMEN TOTAL'!#REF! -> #REF!
A486: ='RESUMEN TOTAL'!A508 -> PARADAS SEGURAS | B486: ='RESUMEN TOTAL'!B508 -> 37 C | C486: ='RESUMEN TOTAL'!D508 -> Hudson y Jose Ingeniero Este | D486: ='RESUMEN TOTAL'!E508 -> GFIJA | E486: ='RESUMEN TOTAL'!F508 -> GPON | F486: ='RESUMEN TOTAL'!L508 -> 0 | G486: ='RESUMEN TOTAL'!M508 -> 0 | H486: ='RESUMEN TOTAL'!N508 -> } | I486: ='RESUMEN TOTAL'!O508 -> 0 | J486: ='RESUMEN TOTAL'!P508 -> 0 | K486: ='RESUMEN TOTAL'!Q508 -> 0 | L486: ='RESUMEN TOTAL'!R508 -> 0 | M486: ='RESUMEN TOTAL'!S508 -> 0 | ... AI486: ='RESUMEN TOTAL'!AO508 -> 0 | AJ486: ='RESUMEN TOTAL'!#REF! -> #REF!
A487: ='RESUMEN TOTAL'!A509 -> PARADAS SEGURAS | B487: ='RESUMEN TOTAL'!B509 -> 37 I | C487: ='RESUMEN TOTAL'!D509 -> Hudson y Jose Ingeniero Este | D487: ='RESUMEN TOTAL'!E509 -> INTERCOMUNICADOR | E487: ='RESUMEN TOTAL'!F509 -> GPON | F487: ='RESUMEN TOTAL'!L509 -> 0 | G487: ='RESUMEN TOTAL'!M509 -> 0 | H487: ='RESUMEN TOTAL'!N509 -> 0 | I487: ='RESUMEN TOTAL'!O509 -> 0 | J487: ='RESUMEN TOTAL'!P509 -> 0 | K487: ='RESUMEN TOTAL'!Q509 -> 0 | L487: ='RESUMEN TOTAL'!R509 -> 0 | M487: ='RESUMEN TOTAL'!S509 -> 0 | ... AI487: ='RESUMEN TOTAL'!AO509 -> 0 | AJ487: ='RESUMEN TOTAL'!#REF! -> #REF!
A488: ='RESUMEN TOTAL'!A510 -> PARADAS SEGURAS | B488: ='RESUMEN TOTAL'!B510 -> 38 C | C488: ='RESUMEN TOTAL'!D510 -> Hudson y Cacheuta Oeste | D488: ='RESUMEN TOTAL'!E510 -> GFIJA | E488: ='RESUMEN TOTAL'!F510 -> GPON | F488: ='RESUMEN TOTAL'!L510 -> 0 | G488: ='RESUMEN TOTAL'!M510 -> 0 | H488: ='RESUMEN TOTAL'!N510 -> 0 | I488: ='RESUMEN TOTAL'!O510 -> 0 | J488: ='RESUMEN TOTAL'!P510 -> 0 | K488: ='RESUMEN TOTAL'!Q510 -> 0 | L488: ='RESUMEN TOTAL'!R510 -> 0 | M488: ='RESUMEN TOTAL'!S510 -> 0 | ... AI488: ='RESUMEN TOTAL'!AO510 -> 0 | AJ488: ='RESUMEN TOTAL'!#REF! -> #REF!
A489: ='RESUMEN TOTAL'!A511 -> PARADAS SEGURAS | B489: ='RESUMEN TOTAL'!B511 -> 38 I | C489: ='RESUMEN TOTAL'!D511 -> Hudson y Cacheuta Oeste | D489: ='RESUMEN TOTAL'!E511 -> INTERCOMUNICADOR | E489: ='RESUMEN TOTAL'!F511 -> GPON | F489: ='RESUMEN TOTAL'!L511 -> 0 | G489: ='RESUMEN TOTAL'!M511 -> 0 | H489: ='RESUMEN TOTAL'!N511 -> 0 | I489: ='RESUMEN TOTAL'!O511 -> 0 | J489: ='RESUMEN TOTAL'!P511 -> 0 | K489: ='RESUMEN TOTAL'!Q511 -> 0 | L489: ='RESUMEN TOTAL'!R511 -> 0 | M489: ='RESUMEN TOTAL'!S511 -> 0 | ... AI489: ='RESUMEN TOTAL'!AO511 -> 0 | AJ489: ='RESUMEN TOTAL'!#REF! -> #REF!
A490: ='RESUMEN TOTAL'!A512 -> PARADAS SEGURAS | B490: ='RESUMEN TOTAL'!B512 -> 39 C | C490: ='RESUMEN TOTAL'!D512 -> Hudson y Groussac Este | D490: ='RESUMEN TOTAL'!E512 -> GFIJA | E490: ='RESUMEN TOTAL'!F512 -> GPON | F490: ='RESUMEN TOTAL'!L512 -> 0 | G490: ='RESUMEN TOTAL'!M512 -> 0 | H490: ='RESUMEN TOTAL'!N512 -> 0 | I490: ='RESUMEN TOTAL'!O512 -> APAGADO | J490: ='RESUMEN TOTAL'!P512 -> APAGADO | K490: ='RESUMEN TOTAL'!Q512 -> 0 | L490: ='RESUMEN TOTAL'!R512 -> 0 | M490: ='RESUMEN TOTAL'!S512 -> 0 | ... AI490: ='RESUMEN TOTAL'!AO512 -> 0 | AJ490: ='RESUMEN TOTAL'!#REF! -> #REF!
A491: ='RESUMEN TOTAL'!A513 -> PARADAS SEGURAS | B491: ='RESUMEN TOTAL'!B513 -> 39 I | C491: ='RESUMEN TOTAL'!D513 -> Hudson y Groussac Este | D491: ='RESUMEN TOTAL'!E513 -> INTERCOMUNICADOR | E491: ='RESUMEN TOTAL'!F513 -> GPON | F491: ='RESUMEN TOTAL'!L513 -> 0 | G491: ='RESUMEN TOTAL'!M513 -> 0 | H491: ='RESUMEN TOTAL'!N513 -> 0 | I491: ='RESUMEN TOTAL'!O513 -> APAGADO | J491: ='RESUMEN TOTAL'!P513 -> APAGADO | K491: ='RESUMEN TOTAL'!Q513 -> 0 | L491: ='RESUMEN TOTAL'!R513 -> 0 | M491: ='RESUMEN TOTAL'!S513 -> 0 | ... AI491: ='RESUMEN TOTAL'!AO513 -> 0 | AJ491: ='RESUMEN TOTAL'!#REF! -> #REF!
A492: ='RESUMEN TOTAL'!A514 -> PARADAS SEGURAS | B492: ='RESUMEN TOTAL'!B514 -> 40 C | C492: ='RESUMEN TOTAL'!D514 -> Hudson y Groussac Oeste | D492: ='RESUMEN TOTAL'!E514 -> GFIJA | E492: ='RESUMEN TOTAL'!F514 -> GPON | F492: ='RESUMEN TOTAL'!L514 -> APAGADO | G492: ='RESUMEN TOTAL'!M514 -> APAGADO | H492: ='RESUMEN TOTAL'!N514 -> APAGADO | I492: ='RESUMEN TOTAL'!O514 -> 0 | J492: ='RESUMEN TOTAL'!P514 -> 0 | K492: ='RESUMEN TOTAL'!Q514 -> 0 | L492: ='RESUMEN TOTAL'!R514 -> 0 | M492: ='RESUMEN TOTAL'!S514 -> 0 | ... AI492: ='RESUMEN TOTAL'!AO514 -> 0 | AJ492: ='RESUMEN TOTAL'!#REF! -> #REF!
A493: ='RESUMEN TOTAL'!A515 -> PARADAS SEGURAS | B493: ='RESUMEN TOTAL'!B515 -> 40 I | C493: ='RESUMEN TOTAL'!D515 -> Hudson y Groussac Oeste | D493: ='RESUMEN TOTAL'!E515 -> INTERCOMUNICADOR | E493: ='RESUMEN TOTAL'!F515 -> GPON | F493: ='RESUMEN TOTAL'!L515 -> APAGADO | G493: ='RESUMEN TOTAL'!M515 -> APAGADO | H493: ='RESUMEN TOTAL'!N515 -> APAGADO | I493: ='RESUMEN TOTAL'!O515 -> 0 | J493: ='RESUMEN TOTAL'!P515 -> 0 | K493: ='RESUMEN TOTAL'!Q515 -> 0 | L493: ='RESUMEN TOTAL'!R515 -> 0 | M493: ='RESUMEN TOTAL'!S515 -> 0 | ... AI493: ='RESUMEN TOTAL'!AO515 -> 0 | AJ493: ='RESUMEN TOTAL'!#REF! -> #REF!
A494: ='RESUMEN TOTAL'!A516 -> PARADAS SEGURAS | B494: ='RESUMEN TOTAL'!B516 -> 41 C | C494: ='RESUMEN TOTAL'!D516 -> Hudson y Dumas Este | D494: ='RESUMEN TOTAL'!E516 -> GFIJA | E494: ='RESUMEN TOTAL'!F516 -> GPON | F494: ='RESUMEN TOTAL'!L516 -> APAGADO | G494: ='RESUMEN TOTAL'!M516 -> APAGADO | H494: ='RESUMEN TOTAL'!N516 -> APAGADO | I494: ='RESUMEN TOTAL'!O516 -> APAGADO | J494: ='RESUMEN TOTAL'!P516 -> APAGADO | K494: ='RESUMEN TOTAL'!Q516 -> 0 | L494: ='RESUMEN TOTAL'!R516 -> 0 | M494: ='RESUMEN TOTAL'!S516 -> 0 | ... AI494: ='RESUMEN TOTAL'!AO516 -> 0 | AJ494: ='RESUMEN TOTAL'!#REF! -> #REF!
A495: ='RESUMEN TOTAL'!A517 -> PARADAS SEGURAS | B495: ='RESUMEN TOTAL'!B517 -> 41 I | C495: ='RESUMEN TOTAL'!D517 -> Hudson y Dumas Este | D495: ='RESUMEN TOTAL'!E517 -> INTERCOMUNICADOR | E495: ='RESUMEN TOTAL'!F517 -> GPON | F495: ='RESUMEN TOTAL'!L517 -> APAGADO | G495: ='RESUMEN TOTAL'!M517 -> APAGADO | H495: ='RESUMEN TOTAL'!N517 -> APAGADO | I495: ='RESUMEN TOTAL'!O517 -> APAGADO | J495: ='RESUMEN TOTAL'!P517 -> APAGADO | K495: ='RESUMEN TOTAL'!Q517 -> 0 | L495: ='RESUMEN TOTAL'!R517 -> 0 | M495: ='RESUMEN TOTAL'!S517 -> 0 | ... AI495: ='RESUMEN TOTAL'!AO517 -> 0 | AJ495: ='RESUMEN TOTAL'!#REF! -> #REF!
A496: ='RESUMEN TOTAL'!A518 -> PARADAS SEGURAS | B496: ='RESUMEN TOTAL'!B518 -> 42 C | C496: ='RESUMEN TOTAL'!D518 -> Hudson y Dumas Oeste | D496: ='RESUMEN TOTAL'!E518 -> GFIJA | E496: ='RESUMEN TOTAL'!F518 -> GPON | F496: ='RESUMEN TOTAL'!L518 -> 0 | G496: ='RESUMEN TOTAL'!M518 -> 0 | H496: ='RESUMEN TOTAL'!N518 -> 0 | I496: ='RESUMEN TOTAL'!O518 -> 0 | J496: ='RESUMEN TOTAL'!P518 -> 0 | K496: ='RESUMEN TOTAL'!Q518 -> 0 | L496: ='RESUMEN TOTAL'!R518 -> 0 | M496: ='RESUMEN TOTAL'!S518 -> 0 | ... AI496: ='RESUMEN TOTAL'!AO518 -> 0 | AJ496: ='RESUMEN TOTAL'!#REF! -> #REF!
A497: ='RESUMEN TOTAL'!A519 -> PARADAS SEGURAS | B497: ='RESUMEN TOTAL'!B519 -> 42 I | C497: ='RESUMEN TOTAL'!D519 -> Hudson y Dumas Oeste | D497: ='RESUMEN TOTAL'!E519 -> INTERCOMUNICADOR | E497: ='RESUMEN TOTAL'!F519 -> GPON | F497: ='RESUMEN TOTAL'!L519 -> 0 | G497: ='RESUMEN TOTAL'!M519 -> 0 | H497: ='RESUMEN TOTAL'!N519 -> 0 | I497: ='RESUMEN TOTAL'!O519 -> 0 | J497: ='RESUMEN TOTAL'!P519 -> 0 | K497: ='RESUMEN TOTAL'!Q519 -> 0 | L497: ='RESUMEN TOTAL'!R519 -> 0 | M497: ='RESUMEN TOTAL'!S519 -> 0 | ... AI497: ='RESUMEN TOTAL'!AO519 -> 0 | AJ497: ='RESUMEN TOTAL'!#REF! -> #REF!
... A499: ='RESUMEN TOTAL'!A521 -> PARADAS SEGURAS | B499: ='RESUMEN TOTAL'!B521 -> 43 I | C499: ='RESUMEN TOTAL'!D521 -> Hudson y Manuel de Falla Este | D499: ='RESUMEN TOTAL'!E521 -> INTERCOMUNICADOR | E499: ='RESUMEN TOTAL'!F521 -> GPON | F499: ='RESUMEN TOTAL'!L521 -> APAGADO | G499: ='RESUMEN TOTAL'!M521 -> APAGADO | H499: ='RESUMEN TOTAL'!N521 -> APAGADO | I499: ='RESUMEN TOTAL'!O521 -> APAGADO | J499: ='RESUMEN TOTAL'!P521 -> APAGADO | K499: ='RESUMEN TOTAL'!Q521 -> 0 | L499: ='RESUMEN TOTAL'!R521 -> 0 | M499: ='RESUMEN TOTAL'!S521 -> 0 | ... AI499: ='RESUMEN TOTAL'!AO521 -> 0 | AJ499: ='RESUMEN TOTAL'!#REF! -> #REF!
A500: ='RESUMEN TOTAL'!#REF! -> #REF! | B500: ='RESUMEN TOTAL'!#REF! -> #REF! | C500: ='RESUMEN TOTAL'!#REF! -> #REF! | D500: ='RESUMEN TOTAL'!#REF! -> #REF! | E500: ='RESUMEN TOTAL'!#REF! -> #REF! | F500: ='RESUMEN TOTAL'!#REF! -> #REF! | G500: ='RESUMEN TOTAL'!#REF! -> #REF! | H500: ='RESUMEN TOTAL'!#REF! -> #REF! | ... AJ500: ='RESUMEN TOTAL'!#REF! -> #REF!
A501: ='RESUMEN TOTAL'!#REF! -> #REF! | B501: ='RESUMEN TOTAL'!#REF! -> #REF! | C501: ='RESUMEN TOTAL'!#REF! -> #REF! | D501: ='RESUMEN TOTAL'!#REF! -> #REF! | E501: ='RESUMEN TOTAL'!#REF! -> #REF! | F501: ='RESUMEN TOTAL'!#REF! -> #REF! | G501: ='RESUMEN TOTAL'!#REF! -> #REF! | H501: ='RESUMEN TOTAL'!#REF! -> #REF! | ... AJ501: ='RESUMEN TOTAL'!#REF! -> #REF!
A502: ='RESUMEN TOTAL'!A522 -> PARADAS SEGURAS | B502: ='RESUMEN TOTAL'!B522 -> 45 C | C502: ='RESUMEN TOTAL'!D522 -> Hudson y Benito Perez Galdos Este | D502: ='RESUMEN TOTAL'!E522 -> GFIJA | E502: ='RESUMEN TOTAL'!F522 -> GPON | F502: ='RESUMEN TOTAL'!L522 -> 0 | G502: ='RESUMEN TOTAL'!M522 -> 0 | H502: ='RESUMEN TOTAL'!N522 -> 0 | I502: ='RESUMEN TOTAL'!O522 -> 0 | J502: ='RESUMEN TOTAL'!P522 -> 0 | K502: ='RESUMEN TOTAL'!Q522 -> 0 | L502: ='RESUMEN TOTAL'!R522 -> 0 | M502: ='RESUMEN TOTAL'!S522 -> 0 | ... AI502: ='RESUMEN TOTAL'!AO522 -> 0 | AJ502: ='RESUMEN TOTAL'!#REF! -> #REF!
A503: ='RESUMEN TOTAL'!A523 -> PARADAS SEGURAS | B503: ='RESUMEN TOTAL'!B523 -> 45 I | C503: ='RESUMEN TOTAL'!D523 -> Hudson y Benito Perez Galdos Este | D503: ='RESUMEN TOTAL'!E523 -> INTERCOMUNICADOR | E503: ='RESUMEN TOTAL'!F523 -> GPON | F503: ='RESUMEN TOTAL'!L523 -> 0 | G503: ='RESUMEN TOTAL'!M523 -> 0 | H503: ='RESUMEN TOTAL'!N523 -> 0 | I503: ='RESUMEN TOTAL'!O523 -> 0 | J503: ='RESUMEN TOTAL'!P523 -> 0 | K503: ='RESUMEN TOTAL'!Q523 -> 0 | L503: ='RESUMEN TOTAL'!R523 -> 0 | M503: ='RESUMEN TOTAL'!S523 -> 0 | ... AI503: ='RESUMEN TOTAL'!AO523 -> 0 | AJ503: ='RESUMEN TOTAL'!#REF! -> #REF!
A504: ='RESUMEN TOTAL'!A524 -> PARADAS SEGURAS | B504: ='RESUMEN TOTAL'!B524 -> 46 C | C504: ='RESUMEN TOTAL'!D524 -> Hudson y Avenida Bosques Este | D504: ='RESUMEN TOTAL'!E524 -> GFIJA | E504: ='RESUMEN TOTAL'!F524 -> GPON | F504: ='RESUMEN TOTAL'!L524 -> 0 | G504: ='RESUMEN TOTAL'!M524 -> 0 | H504: ='RESUMEN TOTAL'!N524 -> 0 | I504: ='RESUMEN TOTAL'!O524 -> 0 | J504: ='RESUMEN TOTAL'!P524 -> 0 | K504: ='RESUMEN TOTAL'!Q524 -> 0 | L504: ='RESUMEN TOTAL'!R524 -> 0 | M504: ='RESUMEN TOTAL'!S524 -> 0 | ... AI504: ='RESUMEN TOTAL'!AO524 -> 0 | AJ504: ='RESUMEN TOTAL'!#REF! -> #REF!
A505: ='RESUMEN TOTAL'!A525 -> PARADAS SEGURAS | B505: ='RESUMEN TOTAL'!B525 -> 46 I | C505: ='RESUMEN TOTAL'!D525 -> Hudson y Avenida Bosques Este | D505: ='RESUMEN TOTAL'!E525 -> INTERCOMUNICADOR | E505: ='RESUMEN TOTAL'!F525 -> GPON | F505: ='RESUMEN TOTAL'!L525 -> 0 | G505: ='RESUMEN TOTAL'!M525 -> 0 | H505: ='RESUMEN TOTAL'!N525 -> 0 | I505: ='RESUMEN TOTAL'!O525 -> 0 | J505: ='RESUMEN TOTAL'!P525 -> 0 | K505: ='RESUMEN TOTAL'!Q525 -> 0 | L505: ='RESUMEN TOTAL'!R525 -> 0 | M505: ='RESUMEN TOTAL'!S525 -> 0 | ... AI505: ='RESUMEN TOTAL'!AO525 -> 0 | AJ505: ='RESUMEN TOTAL'!#REF! -> #REF!
A506: ='RESUMEN TOTAL'!A526 -> PARADAS SEGURAS | B506: ='RESUMEN TOTAL'!B526 -> 47 C | C506: ='RESUMEN TOTAL'!D526 -> Hudson y Avenida Bosques Oeste | D506: ='RESUMEN TOTAL'!E526 -> GFIJA | E506: ='RESUMEN TOTAL'!F526 -> GPON | F506: ='RESUMEN TOTAL'!L526 -> 0 | G506: ='RESUMEN TOTAL'!M526 -> 0 | H506: ='RESUMEN TOTAL'!N526 -> 0 | I506: ='RESUMEN TOTAL'!O526 -> 0 | J506: ='RESUMEN TOTAL'!P526 -> 0 | K506: ='RESUMEN TOTAL'!Q526 -> 0 | L506: ='RESUMEN TOTAL'!R526 -> 0 | M506: ='RESUMEN TOTAL'!S526 -> 0 | ... AI506: ='RESUMEN TOTAL'!AO526 -> 0 | AJ506: ='RESUMEN TOTAL'!#REF! -> #REF!
A507: ='RESUMEN TOTAL'!A527 -> PARADAS SEGURAS | B507: ='RESUMEN TOTAL'!B527 -> 47 I | C507: ='RESUMEN TOTAL'!D527 -> Hudson y Avenida Bosques Oeste | D507: ='RESUMEN TOTAL'!E527 -> INTERCOMUNICADOR | E507: ='RESUMEN TOTAL'!F527 -> GPON | F507: ='RESUMEN TOTAL'!L527 -> 0 | G507: ='RESUMEN TOTAL'!M527 -> 0 | H507: ='RESUMEN TOTAL'!N527 -> 0 | I507: ='RESUMEN TOTAL'!O527 -> 0 | J507: ='RESUMEN TOTAL'!P527 -> 0 | K507: ='RESUMEN TOTAL'!Q527 -> 0 | L507: ='RESUMEN TOTAL'!R527 -> 0 | M507: ='RESUMEN TOTAL'!S527 -> 0 | ... AI507: ='RESUMEN TOTAL'!AO527 -> 0 | AJ507: ='RESUMEN TOTAL'!#REF! -> #REF!
A508: ='RESUMEN TOTAL'!A528 -> 0 | B508: ='RESUMEN TOTAL'!B528 -> 0 | C508: ='RESUMEN TOTAL'!D528 -> 0 | D508: ='RESUMEN TOTAL'!E528 -> 0 | E508: ='RESUMEN TOTAL'!F528 -> 0 | F508: ='RESUMEN TOTAL'!L528 -> 0 | G508: ='RESUMEN TOTAL'!M528 -> 0 | H508: ='RESUMEN TOTAL'!N528 -> 0 | I508: ='RESUMEN TOTAL'!O528 -> 0 | J508: ='RESUMEN TOTAL'!P528 -> 0 | K508: ='RESUMEN TOTAL'!Q528 -> 0 | L508: ='RESUMEN TOTAL'!R528 -> 0 | M508: ='RESUMEN TOTAL'!S528 -> 0 | ... AI508: ='RESUMEN TOTAL'!AO528 -> 0 | AJ508: ='RESUMEN TOTAL'!#REF! -> #REF!
A509: ='RESUMEN TOTAL'!A529 -> 0 | B509: ='RESUMEN TOTAL'!B529 -> 0 | C509: ='RESUMEN TOTAL'!D529 -> 0 | D509: ='RESUMEN TOTAL'!E529 -> 0 | E509: ='RESUMEN TOTAL'!F529 -> 0 | F509: ='RESUMEN TOTAL'!L529 -> 0 | G509: ='RESUMEN TOTAL'!M529 -> 0 | H509: ='RESUMEN TOTAL'!N529 -> 0 | I509: ='RESUMEN TOTAL'!O529 -> 0 | J509: ='RESUMEN TOTAL'!P529 -> 0 | K509: ='RESUMEN TOTAL'!Q529 -> 0 | L509: ='RESUMEN TOTAL'!R529 -> 0 | M509: ='RESUMEN TOTAL'!S529 -> 0 | ... AI509: ='RESUMEN TOTAL'!AO529 -> 0 | AJ509: ='RESUMEN TOTAL'!#REF! -> #REF!
A510: ='RESUMEN TOTAL'!A530 -> 0 | B510: ='RESUMEN TOTAL'!B530 -> 0 | C510: ='RESUMEN TOTAL'!D530 -> 0 | D510: ='RESUMEN TOTAL'!E530 -> 0 | E510: ='RESUMEN TOTAL'!F530 -> 0 | F510: ='RESUMEN TOTAL'!L530 -> 0 | G510: ='RESUMEN TOTAL'!M530 -> 0 | H510: ='RESUMEN TOTAL'!N530 -> 0 | I510: ='RESUMEN TOTAL'!O530 -> 0 | J510: ='RESUMEN TOTAL'!P530 -> 0 | K510: ='RESUMEN TOTAL'!Q530 -> 0 | L510: ='RESUMEN TOTAL'!R530 -> 0 | M510: ='RESUMEN TOTAL'!S530 -> 0 | ... AI510: ='RESUMEN TOTAL'!AO530 -> 0 | AJ510: ='RESUMEN TOTAL'!#REF! -> #REF!
A511: ='RESUMEN TOTAL'!A531 -> 0 | B511: ='RESUMEN TOTAL'!B531 -> 0 | C511: ='RESUMEN TOTAL'!D531 -> 0 | D511: ='RESUMEN TOTAL'!E531 -> 0 | E511: ='RESUMEN TOTAL'!F531 -> 0 | F511: ='RESUMEN TOTAL'!L531 -> 0 | G511: ='RESUMEN TOTAL'!M531 -> 0 | H511: ='RESUMEN TOTAL'!N531 -> 0 | I511: ='RESUMEN TOTAL'!O531 -> 0 | J511: ='RESUMEN TOTAL'!P531 -> 0 | K511: ='RESUMEN TOTAL'!Q531 -> 0 | L511: ='RESUMEN TOTAL'!R531 -> 0 | M511: ='RESUMEN TOTAL'!S531 -> 0 | ... AI511: ='RESUMEN TOTAL'!AO531 -> 0 | AJ511: ='RESUMEN TOTAL'!#REF! -> #REF!
A512: ='RESUMEN TOTAL'!A532 -> 0 | B512: ='RESUMEN TOTAL'!B532 -> 0 | C512: ='RESUMEN TOTAL'!D532 -> 0 | D512: ='RESUMEN TOTAL'!E532 -> 0 | E512: ='RESUMEN TOTAL'!F532 -> 0 | F512: ='RESUMEN TOTAL'!L532 -> 0 | G512: ='RESUMEN TOTAL'!M532 -> 0 | H512: ='RESUMEN TOTAL'!N532 -> 0 | I512: ='RESUMEN TOTAL'!O532 -> 0 | J512: ='RESUMEN TOTAL'!P532 -> 0 | K512: ='RESUMEN TOTAL'!Q532 -> 0 | L512: ='RESUMEN TOTAL'!R532 -> 0 | M512: ='RESUMEN TOTAL'!S532 -> 0 | ... AI512: ='RESUMEN TOTAL'!AO532 -> 0 | AJ512: ='RESUMEN TOTAL'!#REF! -> #REF!
A513: ='RESUMEN TOTAL'!A533 -> 0 | B513: ='RESUMEN TOTAL'!B533 -> 0 | C513: ='RESUMEN TOTAL'!D533 -> 0 | D513: ='RESUMEN TOTAL'!E533 -> 0 | E513: ='RESUMEN TOTAL'!F533 -> 0 | F513: ='RESUMEN TOTAL'!L533 -> 0 | G513: ='RESUMEN TOTAL'!M533 -> 0 | H513: ='RESUMEN TOTAL'!N533 -> 0 | I513: ='RESUMEN TOTAL'!O533 -> 0 | J513: ='RESUMEN TOTAL'!P533 -> 0 | K513: ='RESUMEN TOTAL'!Q533 -> 0 | L513: ='RESUMEN TOTAL'!R533 -> 0 | M513: ='RESUMEN TOTAL'!S533 -> 0 | ... AI513: ='RESUMEN TOTAL'!AO533 -> 0 | AJ513: ='RESUMEN TOTAL'!#REF! -> #REF!
... A638: ='RESUMEN TOTAL'!A658 -> 0 | B638: ='RESUMEN TOTAL'!B658 -> 0 | C638: ='RESUMEN TOTAL'!D658 -> 0 | D638: ='RESUMEN TOTAL'!E658 -> 0 | E638: ='RESUMEN TOTAL'!F658 -> 0 | F638: ='RESUMEN TOTAL'!L658 -> 0 | G638: ='RESUMEN TOTAL'!M658 -> 0 | H638: ='RESUMEN TOTAL'!N658 -> 0 | I638: ='RESUMEN TOTAL'!O658 -> 0 | J638: ='RESUMEN TOTAL'!P658 -> 0 | K638: ='RESUMEN TOTAL'!Q658 -> 0 | L638: ='RESUMEN TOTAL'!R658 -> 0 | M638: ='RESUMEN TOTAL'!S658 -> 0 | ... AI638: ='RESUMEN TOTAL'!AO658 -> 0 | AJ638: ='RESUMEN TOTAL'!#REF! -> #REF!

Sheet APAGADOS
E1: APAGADOS | F1: =COUNTIF(F3:F403, "APAGADO") -> 28 | G1: =COUNTIF(G3:G403, "APAGADO") -> 30 | H1: =COUNTIF(H3:H503, "APAGADO") -> 35 | I1: =COUNTIF(I3:I403, "APAGADO") -> 17 | J1: =COUNTIF(J3:J403, "APAGADO") -> 21 | K1: =COUNTIF(K3:K403, "APAGADO") -> 0 | L1: =COUNTIF(L3:L403, "APAGADO") -> 0 | M1: =COUNTIF(M3:M403, "APAGADO") -> 0 | N1: =COUNTIF(N3:N403, "APAGADO") -> 0 | O1: =COUNTIF(O3:O403, "APAGADO") -> 0 | P1: =COUNTIF(P3:P403, "APAGADO") -> 0 | ... AD1: =COUNTIF(AD3:AD403, "APAGADO") -> 0 | AE1: =COUNTIF(AE3:AE503, "APAGADO") -> 0 | AF1: =COUNTIF(AF3:AF403, "APAGADO") -> 0 | AG1: =COUNTIF(AG3:AG403, "APAGADO") -> 0 | AH1: =COUNTIF(AH3:AH403, "APAGADO") -> 0 | AI1: =COUNTIF(AI3:AI403, "APAGADO") -> 0 | AJ1: =COUNTIF(AJ3:AJ403, "APAGADO") -> 0
A2: =ESTADISTICA!A1 -> Barrio | B2: =ESTADISTICA!B1 -> [Denominacion] | C2: =ESTADISTICA!C1 -> [Ubicacion] | D2: =ESTADISTICA!D1 -> [Tipo de Camara] | E2: =ESTADISTICA!E1 -> [Tipo de Conexion] | F2: =ESTADISTICA!F1 -> 45200 | G2: =ESTADISTICA!G1 -> 45201 | H2: =ESTADISTICA!H1 -> 45202 | ... AJ2: =ESTADISTICA!AJ1 -> #REF!
A3: =ESTADISTICA!A2 -> ALTAMIRA | B3: =ESTADISTICA!B2 -> ALT01 | C3: =ESTADISTICA!C2 -> Calchaqui y Sgto. Cabral | D3: =ESTADISTICA!D2 -> Domo | E3: =ESTADISTICA!E2 -> Fibra Optica | F3: =ESTADISTICA!F2 -> 0 | G3: =ESTADISTICA!G2 -> 0 | H3: =ESTADISTICA!H2 -> 0 | ... AJ3: =ESTADISTICA!AJ2 -> #REF!
A4: =ESTADISTICA!A3 -> ALTAMIRA | B4: =ESTADISTICA!B3 -> ALT02 | C4: =ESTADISTICA!C3 -> Calchaqui y Lope de Vega | D4: =ESTADISTICA!D3 -> Domo | E4: =ESTADISTICA!E3 -> PTO A FO | F4: =ESTADISTICA!F3 -> 0 | G4: =ESTADISTICA!G3 -> 0 | H4: =ESTADISTICA!H3 -> 0 | ... AJ4: =ESTADISTICA!AJ3 -> #REF!
A5: =ESTADISTICA!A4 -> ALTAMIRA | B5: =ESTADISTICA!B4 -> ALT 03 | C5: =ESTADISTICA!C4 -> Bombero Galarza y Necochea | D5: =ESTADISTICA!D4 -> Domo | E5: =ESTADISTICA!E4 -> Fibra Optica | F5: =ESTADISTICA!F4 -> 0 | G5: =ESTADISTICA!G4 -> 0 | H5: =ESTADISTICA!H4 -> 0 | ... AJ5: =ESTADISTICA!AJ4 -> #REF!
A6: =ESTADISTICA!A5 -> ALTAMIRA | B6: =ESTADISTICA!B5 -> ALT 04 | C6: =ESTADISTICA!C5 -> Francia y Necochea | D6: =ESTADISTICA!D5 -> Domo | E6: =ESTADISTICA!E5 -> Fibra Optica | F6: =ESTADISTICA!F5 -> 0 | G6: =ESTADISTICA!G5 -> 0 | H6: =ESTADISTICA!H5 -> 0 | ... AJ6: =ESTADISTICA!AJ5 -> #REF!
A7: =ESTADISTICA!A6 -> ALTAMIRA | B7: =ESTADISTICA!B6 -> ALT05 | C7: =ESTADISTICA!C6 -> Av. Calchaqui y Bombero Galarza | D7: =ESTADISTICA!D6 -> Domo | E7: =ESTADISTICA!E6 -> PTO A FO | F7: =ESTADISTICA!F6 -> 0 | G7: =ESTADISTICA!G6 -> 0 | H7: =ESTADISTICA!H6 -> 0 | ... AJ7: =ESTADISTICA!AJ6 -> #REF!
A8: =ESTADISTICA!A7 -> ALTAMIRA | B8: =ESTADISTICA!B7 -> ALT 06 | C8: =ESTADISTICA!C7 -> LOPE DE VEGA Y NECOCHEA | D8: =ESTADISTICA!D7 -> Domo | E8: =ESTADISTICA!E7 -> PTO A FO | F8: =ESTADISTICA!F7 -> 0 | G8: =ESTADISTICA!G7 -> 0 | H8: =ESTADISTICA!H7 -> 0 | ... AJ8: =ESTADISTICA!AJ7 -> #REF!
A9: =ESTADISTICA!A8 -> ALTAMIRA | B9: =ESTADISTICA!B8 -> ALT07 | C9: =ESTADISTICA!C8 -> AV. CALCHAQUI Y AV. DEL TRABAJO | D9: =ESTADISTICA!D8 -> DOMO | E9: =ESTADISTICA!E8 -> PTO A FO | F9: =ESTADISTICA!F8 -> 0 | G9: =ESTADISTICA!G8 -> 0 | H9: =ESTADISTICA!H8 -> 0 | ... AJ9: =ESTADISTICA!AJ8 -> #REF!
A10: =ESTADISTICA!A9 -> ALTAMIRA | B10: =ESTADISTICA!B9 -> ALT 08 | C10: =ESTADISTICA!C9 -> HUMAITA Y NECOCHEA | D10: =ESTADISTICA!D9 -> DOMO | E10: =ESTADISTICA!E9 -> Fibra Optica | F10: =ESTADISTICA!F9 -> 0 | G10: =ESTADISTICA!G9 -> 0 | H10: =ESTADISTICA!H9 -> 0 | ... AJ10: =ESTADISTICA!AJ9 -> #REF!
A11: =ESTADISTICA!A10 -> ALTAMIRA | B11: =ESTADISTICA!B10 -> ALT 09 | C11: =ESTADISTICA!C10 -> NECOCHEA Y CURUPAITY | D11: =ESTADISTICA!D10 -> DOMO | E11: =ESTADISTICA!E10 -> Fibra Optica | F11: =ESTADISTICA!F10 -> 0 | G11: =ESTADISTICA!G10 -> 0 | H11: =ESTADISTICA!H10 -> 0 | ... AJ11: =ESTADISTICA!AJ10 -> #REF!
A12: =ESTADISTICA!A11 -> ALTAMIRA | B12: =ESTADISTICA!B11 -> ALT 10 | C12: =ESTADISTICA!C11 -> Calchaqui y Francia | D12: =ESTADISTICA!D11 -> Domo | E12: =ESTADISTICA!E11 -> Radio | F12: =ESTADISTICA!F11 -> 0 | G12: =ESTADISTICA!G11 -> 0 | H12: =ESTADISTICA!H11 -> 0 | ... AJ12: =ESTADISTICA!AJ11 -> #REF!
A13: =ESTADISTICA!A12 -> AGUSTIN RAMIREZ | B13: =ESTADISTICA!B12 -> ARA 01 | C13: =ESTADISTICA!C12 -> Malambo y Tranquera | D13: =ESTADISTICA!D12 -> Domo | E13: =ESTADISTICA!E12 -> Fibra Optica | F13: =ESTADISTICA!F12 -> APAGADO | G13: =ESTADISTICA!G12 -> APAGADO | H13: =ESTADISTICA!H12 -> APAGADO | ... AJ13: =ESTADISTICA!AJ12 -> #REF!
... A207: =ESTADISTICA!A206 -> SAN EMILIO | B207: =ESTADISTICA!B206 -> MFI06 | C207: =ESTADISTICA!C206 -> Con. Gral. Belgrano y Bombero Galarza | D207: =ESTADISTICA!D206 -> DOMO | E207: =ESTADISTICA!E206 -> Radio | F207: =ESTADISTICA!F206 -> 0 | G207: =ESTADISTICA!G206 -> 0 | H207: =ESTADISTICA!H206 -> 0 | ... AJ207: =ESTADISTICA!AJ206 -> #REF!
A208: =ESTADISTICA!A208 -> MARTIN FIERRO | B208: =ESTADISTICA!B208 -> MFI 08 | C208: =ESTADISTICA!C208 -> Braile y Batalla de Callao | D208: =ESTADISTICA!D208 -> Domo | E208: =ESTADISTICA!E208 -> PTO A FO | F208: =ESTADISTICA!F208 -> 0 | G208: =ESTADISTICA!G208 -> 0 | H208: =ESTADISTICA!H208 -> 0 | ... AJ208: =ESTADISTICA!AJ208 -> #REF!
A209: =ESTADISTICA!A209 -> GOBERNADOR MONTEVERDE | B209: =ESTADISTICA!B209 -> MON01 | C209: =ESTADISTICA!C209 -> San Martin y Patricias Argentinas | D209: =ESTADISTICA!D209 -> Fija | E209: =ESTADISTICA!E209 -> Fibra Optica | F209: =ESTADISTICA!F209 -> 0 | G209: =ESTADISTICA!G209 -> 0 | H209: =ESTADISTICA!H209 -> 0 | ... AJ209: =ESTADISTICA!AJ209 -> #REF!
A210: =ESTADISTICA!A210 -> GOBERNADOR MONTEVERDE | B210: =ESTADISTICA!B210 -> MON02 | C210: =ESTADISTICA!C210 -> Senzabello y Famatina | D210: =ESTADISTICA!D210 -> Domo | E210: =ESTADISTICA!E210 -> Radio | F210: =ESTADISTICA!F210 -> 0 | G210: =ESTADISTICA!G210 -> 0 | H210: =ESTADISTICA!H210 -> 0 | ... AJ210: =ESTADISTICA!AJ210 -> #REF!
A211: =ESTADISTICA!A211 -> GOBERNADOR MONTEVERDE | B211: =ESTADISTICA!B211 -> MON03 | C211: =ESTADISTICA!C211 -> Senzabello y Guemes | D211: =ESTADISTICA!D211 -> Domo | E211: =ESTADISTICA!E211 -> Radio | F211: =ESTADISTICA!F211 -> 0 | G211: =ESTADISTICA!G211 -> 0 | H211: =ESTADISTICA!H211 -> 0 | ... AJ211: =ESTADISTICA!AJ211 -> #REF!
A212: =ESTADISTICA!A212 -> GOBERNADOR MONTEVERDE | B212: =ESTADISTICA!B212 -> MON04 | C212: =ESTADISTICA!C212 -> Av. Yrigoyen y San Lorenzo | D212: =ESTADISTICA!D212 -> Domo | E212: =ESTADISTICA!E212 -> Radio | F212: =ESTADISTICA!F212 -> 0 | G212: =ESTADISTICA!G212 -> 0 | H212: =ESTADISTICA!H212 -> 0 | ... AJ212: =ESTADISTICA!AJ212 -> #REF!
A213: =ESTADISTICA!A213 -> 9 DE JULIO | B213: =ESTADISTICA!B213 -> NJU 01 | C213: =ESTADISTICA!C213 -> Sallares y Parrillo | D213: =ESTADISTICA!D213 -> Domo | E213: =ESTADISTICA!E213 -> Fibra Optica | F213: =ESTADISTICA!F213 -> 0 | G213: =ESTADISTICA!G213 -> 0 | H213: =ESTADISTICA!H213 -> 0 | ... AJ213: =ESTADISTICA!AJ213 -> #REF!
A214: =ESTADISTICA!A214 -> 9 DE JULIO | B214: =ESTADISTICA!B214 -> NJU02 | C214: =ESTADISTICA!C214 -> Ituzaingo y Boccuzzi | D214: =ESTADISTICA!D214 -> Domo | E214: =ESTADISTICA!E214 -> Radio | F214: =ESTADISTICA!F214 -> 0 | G214: =ESTADISTICA!G214 -> 0 | H214: =ESTADISTICA!H214 -> 0 | ... AJ214: =ESTADISTICA!AJ214 -> #REF!
A215: =ESTADISTICA!A215 -> 9 DE JULIO | B215: =ESTADISTICA!B215 -> NJU03 | C215: =ESTADISTICA!C215 -> San Juan y Parrillo | D215: =ESTADISTICA!D215 -> Domo | E215: =ESTADISTICA!E215 -> PTO A FO | F215: =ESTADISTICA!F215 -> 0 | G215: =ESTADISTICA!G215 -> 0 | H215: =ESTADISTICA!H215 -> 0 | ... AJ215: =ESTADISTICA!AJ215 -> #REF!
A216: =ESTADISTICA!A216 -> 9 DE JULIO | B216: =ESTADISTICA!B216 -> NJU04 | C216: =ESTADISTICA!C216 -> Ituzaingo y 214 A | D216: =ESTADISTICA!D216 -> Domo | E216: =ESTADISTICA!E216 -> Radio | F216: =ESTADISTICA!F216 -> 0 | G216: =ESTADISTICA!G216 -> 0 | H216: =ESTADISTICA!H216 -> 0 | ... AJ216: =ESTADISTICA!AJ216 -> #REF!
A217: =ESTADISTICA!A217 -> ZEBALLOS CENTRO | B217: =ESTADISTICA!B217 -> NJU05 | C217: =ESTADISTICA!C217 -> Ituzaingo y Alem | D217: =ESTADISTICA!D217 -> Domo | E217: =ESTADISTICA!E217 -> Radio | F217: =ESTADISTICA!F217 -> 0 | G217: =ESTADISTICA!G217 -> 0 | H217: =ESTADISTICA!H217 -> 0 | ... AJ217: =ESTADISTICA!AJ217 -> #REF!
A218: =ESTADISTICA!A218 -> CENTRO | B218: =ESTADISTICA!B218 -> NJU06 | C218: =ESTADISTICA!C218 -> Sallares y Rodo | D218: =ESTADISTICA!D218 -> Domo | E218: =ESTADISTICA!E218 -> Fibra Optica | F218: =ESTADISTICA!F218 -> 0 | G218: =ESTADISTICA!G218 -> 0 | H218: =ESTADISTICA!H218 -> 0 | ... AJ218: =ESTADISTICA!AJ218 -> #REF!
A219: =ESTADISTICA!A219 -> 9 DE JULIO | B219: =ESTADISTICA!B219 -> NJU07 | C219: =ESTADISTICA!C219 -> Gral. Juan Domingo Peron y Parrillo | D219: =ESTADISTICA!D219 -> Domo | E219: =ESTADISTICA!E219 -> Fibra Optica | F219: =ESTADISTICA!F219 -> 0 | G219: =ESTADISTICA!G219 -> 0 | H219: =ESTADISTICA!H219 -> 0 | ... AJ219: =ESTADISTICA!AJ219 -> #REF!
... A516: =ESTADISTICA!A516 -> 0 | B516: =ESTADISTICA!B516 -> 0 | C516: =ESTADISTICA!C516 -> 0 | D516: =ESTADISTICA!D516 -> 0 | E516: =ESTADISTICA!E516 -> 0 | F516: =ESTADISTICA!F516 -> 0 | G516: =ESTADISTICA!G516 -> 0 | H516: =ESTADISTICA!H516 -> 0 | ... AJ516: =ESTADISTICA!AJ516 -> #REF!

Sheet APAGADOS FIBRA
C1: TOTAL FIBRA | D1: =COUNTIFS(E4:E401,"=Fibra Optica") -> 270
E2: APAGADOS | F2: =COUNTIFS(F4:F501, "=APAGADO",E4:E501,"=Fibra Optica") -> 15 | G2: =COUNTIFS(G4:G501, "=APAGADO",E4:E501,"=Fibra Optica") -> 16 | H2: =COUNTIFS(H4:H501, "=APAGADO",E4:E501,"=Fibra Optica") -> 15 | I2: =COUNTIFS(I4:I501, "=APAGADO",E4:E501,"=Fibra Optica") -> 12 | J2: =COUNTIFS(J4:J501, "=APAGADO",E4:E501,"=Fibra Optica") -> 13 | K2: =COUNTIFS(K4:K501, "=APAGADO",E4:E501,"=Fibra Optica") -> 0 | L2: =COUNTIFS(L4:L501, "=APAGADO",E4:E501,"=Fibra Optica") -> 0 | M2: =COUNTIFS(M4:M501, "=APAGADO",E4:E501,"=Fibra Optica") -> 0 | N2: =COUNTIFS(N4:N501, "=APAGADO",E4:E501,"=Fibra Optica") -> 0 | O2: =COUNTIFS(O4:O501, "=APAGADO",E4:E501,"=Fibra Optica") -> 0 | P2: =COUNTIFS(P4:P601, "=APAGADO",E4:E601,"=Fibra Optica") -> 0 | Q2: =COUNTIFS(Q4:Q501, "=APAGADO",E4:E501,"=Fibra Optica") -> 0 | R2: =COUNTIFS(R4:R501, "=APAGADO",E4:E501,"=Fibra Optica") -> 0 | S2: =COUNTIFS(S4:S501, "=APAGADO",E4:E501,"=Fibra Optica") -> 0 | T2: =COUNTIFS(T4:T501, "=APAGADO",E4:E501,"=Fibra Optica") -> 0 | U2: =COUNTIFS(U4:U501, "=APAGADO",E4:E501,"=Fibra Optica") -> 0 | V2: =COUNTIFS(V4:V501, "=APAGADO",E4:E501,"=Fibra Optica") -> 0 | W2: =COUNTIFS(W4:W501, "=APAGADO",E4:E501,"=Fibra Optica") -> 0 | X2: =COUNTIFS(X4:X501, "=APAGADO",E4:E501,"=Fibra Optica") -> 0 | Y2: =COUNTIFS(Y4:Y501, "=APAGADO",E4:E501,"=Fibra Optica") -> 0 | Z2: =COUNTIFS(Z4:Z501, "=APAGADO",E4:E501,"=Fibra Optica") -> 0 | AA2: =COUNTIFS(AA4:AA501, "=APAGADO",E4:E501,"=Fibra Optica") -> 0 | AB2: =COUNTIFS(AB4:AB501, "=APAGADO",E4:E501,"=Fibra Optica") -> 0 | AC2: =COUNTIFS(AC4:AC601, "=APAGADO",E4:E601,"=Fibra Optica") -> 0 | AD2: =COUNTIFS(AD4:AD501, "=APAGADO",E4:E501,"=Fibra Optica") -> 0 | AE2: =COUNTIFS(AE4:AE501, "=APAGADO",E4:E501,"=Fibra Optica") -> 0 | AF2: =COUNTIFS(AF4:AF501, "=APAGADO",E4:E501,"=Fibra Optica") -> 0 | AG2: =COUNTIFS(AG4:AG501, "=APAGADO",E4:E501,"=Fibra Optica") -> 0 | AH2: =COUNTIFS(AH4:AH501, "=APAGADO",E4:E501,"=Fibra Optica") -> 0 | AI2: =COUNTIFS(AI4:AI401, "=APAGADO",E4:E401,"=Fibra Optica") -> 0 | AJ2: =COUNTIFS(AJ4:AJ401, "=APAGADO",F4:F401,"=Fibra Optica") -> 0
A3: =ESTADISTICA!A1 -> Barrio | B3: =ESTADISTICA!B1 -> [Denominacion] | C3: =ESTADISTICA!C1 -> [Ubicacion] | D3: =ESTADISTICA!D1 -> [Tipo de Camara] | E3: =ESTADISTICA!E1 -> [Tipo de Conexion] | F3: =ESTADISTICA!F1 -> 45200 | G3: =ESTADISTICA!G1 -> 45201 | H3: =ESTADISTICA!H1 -> 45202 | ... AJ3: =ESTADISTICA!AJ1 -> #REF!
A4: ='RESUMEN TOTAL'!A7 -> ALTAMIRA | B4: ='RESUMEN TOTAL'!B7 -> ALT 03 | C4: ='RESUMEN TOTAL'!D7 -> Bombero Galarza y Necochea | D4: ='RESUMEN TOTAL'!E7 -> Domo | E4: ='RESUMEN TOTAL'!F7 -> Fibra Optica | F4: ='RESUMEN TOTAL'!L7 -> 0 | G4: ='RESUMEN TOTAL'!M7 -> 0 | H4: ='RESUMEN TOTAL'!N7 -> 0 | I4: ='RESUMEN TOTAL'!O7 -> 0 | J4: ='RESUMEN TOTAL'!P7 -> 0 | K4: ='RESUMEN TOTAL'!Q7 -> 0 | L4: ='RESUMEN TOTAL'!R7 -> 0 | M4: ='RESUMEN TOTAL'!S7 -> 0 | ... AI4: ='RESUMEN TOTAL'!AO7 -> 0 | AJ4: ='RESUMEN TOTAL'!#REF! -> #REF!
A5: ='RESUMEN TOTAL'!A8 -> ALTAMIRA | B5: ='RESUMEN TOTAL'!B8 -> ALT 04 | C5: ='RESUMEN TOTAL'!D8 -> Francia y Necochea | D5: ='RESUMEN TOTAL'!E8 -> Domo | E5: ='RESUMEN TOTAL'!F8 -> Fibra Optica | F5: ='RESUMEN TOTAL'!L8 -> 0 | G5: ='RESUMEN TOTAL'!M8 -> 0 | H5: ='RESUMEN TOTAL'!N8 -> 0 | I5: ='RESUMEN TOTAL'!O8 -> 0 | J5: ='RESUMEN TOTAL'!P8 -> 0 | K5: ='RESUMEN TOTAL'!Q8 -> 0 | L5: ='RESUMEN TOTAL'!R8 -> 0 | M5: ='RESUMEN TOTAL'!S8 -> 0 | ... AI5: ='RESUMEN TOTAL'!AO8 -> 0 | AJ5: ='RESUMEN TOTAL'!#REF! -> #REF!
A6: ='RESUMEN TOTAL'!A9 -> ALTAMIRA | B6: ='RESUMEN TOTAL'!B9 -> ALT05 | C6: ='RESUMEN TOTAL'!D9 -> Av. Calchaqui y Bombero Galarza | D6: ='RESUMEN TOTAL'!E9 -> Domo | E6: ='RESUMEN TOTAL'!F9 -> PTO A FO | F6: ='RESUMEN TOTAL'!L9 -> 0 | G6: ='RESUMEN TOTAL'!M9 -> 0 | H6: ='RESUMEN TOTAL'!N9 -> 0 | I6: ='RESUMEN TOTAL'!O9 -> 0 | J6: ='RESUMEN TOTAL'!P9 -> 0 | K6: ='RESUMEN TOTAL'!Q9 -> 0 | L6: ='RESUMEN TOTAL'!R9 -> 0 | M6: ='RESUMEN TOTAL'!S9 -> 0 | ... AI6: ='RESUMEN TOTAL'!AO9 -> 0 | AJ6: ='RESUMEN TOTAL'!#REF! -> #REF!
A7: ='RESUMEN TOTAL'!A10 -> ALTAMIRA | B7: ='RESUMEN TOTAL'!B10 -> ALT 06 | C7: ='RESUMEN TOTAL'!D10 -> LOPE DE VEGA Y NECOCHEA | D7: ='RESUMEN TOTAL'!E10 -> Domo | E7: ='RESUMEN TOTAL'!F10 -> PTO A FO | F7: ='RESUMEN TOTAL'!L10 -> 0 | G7: ='RESUMEN TOTAL'!M10 -> 0 | H7: ='RESUMEN TOTAL'!N10 -> 0 | I7: ='RESUMEN TOTAL'!O10 -> 0 | J7: ='RESUMEN TOTAL'!P10 -> 0 | K7: ='RESUMEN TOTAL'!Q10 -> 0 | L7: ='RESUMEN TOTAL'!R10 -> 0 | M7: ='RESUMEN TOTAL'!S10 -> 0 | ... AI7: ='RESUMEN TOTAL'!AO10 -> 0 | AJ7: ='RESUMEN TOTAL'!#REF! -> #REF!
A8: ='RESUMEN TOTAL'!A11 -> ALTAMIRA | B8: ='RESUMEN TOTAL'!B11 -> ALT07 | C8: ='RESUMEN TOTAL'!D11 -> AV. CALCHAQUI Y AV. DEL TRABAJO | D8: ='RESUMEN TOTAL'!E11 -> DOMO | E8: ='RESUMEN TOTAL'!F11 -> PTO A FO | F8: ='RESUMEN TOTAL'!L11 -> 0 | G8: ='RESUMEN TOTAL'!M11 -> 0 | H8: ='RESUMEN TOTAL'!N11 -> 0 | I8: ='RESUMEN TOTAL'!O11 -> 0 | J8: ='RESUMEN TOTAL'!P11 -> 0 | K8: ='RESUMEN TOTAL'!Q11 -> 0 | L8: ='RESUMEN TOTAL'!R11 -> 0 | M8: ='RESUMEN TOTAL'!S11 -> 0 | ... AI8: ='RESUMEN TOTAL'!AO11 -> 0 | AJ8: ='RESUMEN TOTAL'!#REF! -> #REF!
A9: ='RESUMEN TOTAL'!A12 -> ALTAMIRA | B9: ='RESUMEN TOTAL'!B12 -> ALT 08 | C9: ='RESUMEN TOTAL'!D12 -> HUMAITA Y NECOCHEA | D9: ='RESUMEN TOTAL'!E12 -> DOMO | E9: ='RESUMEN TOTAL'!F12 -> Fibra Optica | F9: ='RESUMEN TOTAL'!L12 -> 0 | G9: ='RESUMEN TOTAL'!M12 -> 0 | H9: ='RESUMEN TOTAL'!N12 -> 0 | I9: ='RESUMEN TOTAL'!O12 -> 0 | J9: ='RESUMEN TOTAL'!P12 -> 0 | K9: ='RESUMEN TOTAL'!Q12 -> 0 | L9: ='RESUMEN TOTAL'!R12 -> 0 | M9: ='RESUMEN TOTAL'!S12 -> 0 | ... AI9: ='RESUMEN TOTAL'!AO12 -> 0 | AJ9: ='RESUMEN TOTAL'!#REF! -> #REF!
A10: ='RESUMEN TOTAL'!A13 -> ALTAMIRA | B10: ='RESUMEN TOTAL'!B13 -> ALT 09 | C10: ='RESUMEN TOTAL'!D13 -> NECOCHEA Y CURUPAITY | D10: ='RESUMEN TOTAL'!E13 -> DOMO | E10: ='RESUMEN TOTAL'!F13 -> Fibra Optica | F10: ='RESUMEN TOTAL'!L13 -> 0 | G10: ='RESUMEN TOTAL'!M13 -> 0 | H10: ='RESUMEN TOTAL'!N13 -> 0 | I10: ='RESUMEN TOTAL'!O13 -> 0 | J10: ='RESUMEN TOTAL'!P13 -> 0 | K10: ='RESUMEN TOTAL'!Q13 -> 0 | L10: ='RESUMEN TOTAL'!R13 -> 0 | M10: ='RESUMEN TOTAL'!S13 -> 0 | ... AI10: ='RESUMEN TOTAL'!AO13 -> 0 | AJ10: ='RESUMEN TOTAL'!#REF! -> #REF!
A11: ='RESUMEN TOTAL'!A14 -> ALTAMIRA | B11: ='RESUMEN TOTAL'!B14 -> ALT 10 | C11: ='RESUMEN TOTAL'!D14 -> Calchaqui y Francia | D11: ='RESUMEN TOTAL'!E14 -> Domo | E11: ='RESUMEN TOTAL'!F14 -> Radio | F11: ='RESUMEN TOTAL'!L14 -> 0 | G11: ='RESUMEN TOTAL'!M14 -> 0 | H11: ='RESUMEN TOTAL'!N14 -> 0 | I11: ='RESUMEN TOTAL'!O14 -> 0 | J11: ='RESUMEN TOTAL'!P14 -> 0 | K11: ='RESUMEN TOTAL'!Q14 -> 0 | L11: ='RESUMEN TOTAL'!R14 -> 0 | M11: ='RESUMEN TOTAL'!S14 -> 0 | ... AI11: ='RESUMEN TOTAL'!AO14 -> 0 | AJ11: ='RESUMEN TOTAL'!#REF! -> #REF!
A12: ='RESUMEN TOTAL'!A15 -> AGUSTIN RAMIREZ | B12: ='RESUMEN TOTAL'!B15 -> ARA 01 | C12: ='RESUMEN TOTAL'!D15 -> Malambo y Tranquera | D12: ='RESUMEN TOTAL'!E15 -> Domo | E12: ='RESUMEN TOTAL'!F15 -> Fibra Optica | F12: ='RESUMEN TOTAL'!L15 -> APAGADO | G12: ='RESUMEN TOTAL'!M15 -> APAGADO | H12: ='RESUMEN TOTAL'!N15 -> APAGADO | I12: ='RESUMEN TOTAL'!O15 -> APAGADO | J12: ='RESUMEN TOTAL'!P15 -> APAGADO | K12: ='RESUMEN TOTAL'!Q15 -> 0 | L12: ='RESUMEN TOTAL'!R15 -> 0 | M12: ='RESUMEN TOTAL'!S15 -> 0 | ... AI12: ='RESUMEN TOTAL'!AO15 -> 0 | AJ12: ='RESUMEN TOTAL'!#REF! -> #REF!
A13: ='RESUMEN TOTAL'!A16 -> BELGRANO | B13: ='RESUMEN TOTAL'!B16 -> BEL 01 | C13: ='RESUMEN TOTAL'!D16 -> San Martin y Dardo Rocha | D13: ='RESUMEN TOTAL'!E16 -> DOMO | E13: ='RESUMEN TOTAL'!F16 -> Fibra Optica | F13: ='RESUMEN TOTAL'!L16 -> 0 | G13: ='RESUMEN TOTAL'!M16 -> 0 | H13: ='RESUMEN TOTAL'!N16 -> 0 | I13: ='RESUMEN TOTAL'!O16 -> 0 | J13: ='RESUMEN TOTAL'!P16 -> 0 | K13: ='RESUMEN TOTAL'!Q16 -> 0 | L13: ='RESUMEN TOTAL'!R16 -> 0 | M13: ='RESUMEN TOTAL'!S16 -> 0 | ... AI13: ='RESUMEN TOTAL'!AO16 -> 0 | AJ13: ='RESUMEN TOTAL'!#REF! -> #REF!
A14: ='RESUMEN TOTAL'!A17 -> BELGRANO | B14: ='RESUMEN TOTAL'!B17 -> BEL 02 | C14: ='RESUMEN TOTAL'!D17 -> Guardia vieja y Fronteriz | D14: ='RESUMEN TOTAL'!E17 -> DOMO | E14: ='RESUMEN TOTAL'!F17 -> Fibra Optica | F14: ='RESUMEN TOTAL'!L17 -> 0 | G14: ='RESUMEN TOTAL'!M17 -> 0 | H14: ='RESUMEN TOTAL'!N17 -> 0 | I14: ='RESUMEN TOTAL'!O17 -> 0 | J14: ='RESUMEN TOTAL'!P17 -> 0 | K14: ='RESUMEN TOTAL'!Q17 -> 0 | L14: ='RESUMEN TOTAL'!R17 -> 0 | M14: ='RESUMEN TOTAL'!S17 -> 0 | ... AI14: ='RESUMEN TOTAL'!AO17 -> 0 | AJ14: ='RESUMEN TOTAL'!#REF! -> #REF!
A15: ='RESUMEN TOTAL'!A18 -> BOSQUES CENTRO | B15: ='RESUMEN TOTAL'!B18 -> BOSQC 01 | C15: ='RESUMEN TOTAL'!D18 -> LUIS AGOTE E/DANUNCIO Y CAMPOAMOR | D15: ='RESUMEN TOTAL'!E18 -> Fija | E15: ='RESUMEN TOTAL'!F18 -> Radio | F15: ='RESUMEN TOTAL'!L18 -> APAGADO | G15: ='RESUMEN TOTAL'!M18 -> APAGADO | H15: ='RESUMEN TOTAL'!N18 -> 0 | I15: ='RESUMEN TOTAL'!O18 -> 0 | J15: ='RESUMEN TOTAL'!P18 -> APAGADO | K15: ='RESUMEN TOTAL'!Q18 -> 0 | L15: ='RESUMEN TOTAL'!R18 -> 0 | M15: ='RESUMEN TOTAL'!S18 -> 0 | ... AI15: ='RESUMEN TOTAL'!AO18 -> 0 | AJ15: ='RESUMEN TOTAL'!#REF! -> #REF!
... A424: ='RESUMEN TOTAL'!A427 -> VILLA ANGELICA | B424: ='RESUMEN TOTAL'!B427 -> VDPL06 | C424: ='RESUMEN TOTAL'!D427 -> Thevenet e/ Islas Orcadas y Gardel | D424: ='RESUMEN TOTAL'!E427 -> Domo | E424: ='RESUMEN TOTAL'!F427 -> Radio | F424: ='RESUMEN TOTAL'!L427 -> 0 | G424: ='RESUMEN TOTAL'!M427 -> 0 | H424: ='RESUMEN TOTAL'!N427 -> 0 | I424: ='RESUMEN TOTAL'!O427 -> 0 | J424: ='RESUMEN TOTAL'!P427 -> 0 | K424: ='RESUMEN TOTAL'!Q427 -> 0 | L424: ='RESUMEN TOTAL'!R427 -> 0 | M424: ='RESUMEN TOTAL'!S427 -> 0 | ... AI424: ='RESUMEN TOTAL'!AO427 -> 0 | AJ424: ='RESUMEN TOTAL'!#REF! -> #REF!
A425: ='RESUMEN TOTAL'!A429 -> VILLA HUDSON | B425: ='RESUMEN TOTAL'!B429 -> VHS 01 | C425: ='RESUMEN TOTAL'!D429 -> AV. HUDSON Y AV. LUJAN | D425: ='RESUMEN TOTAL'!E429 -> DOMO | E425: ='RESUMEN TOTAL'!F429 -> Fibra Optica | F425: ='RESUMEN TOTAL'!L429 -> 0 | G425: ='RESUMEN TOTAL'!M429 -> 0 | H425: ='RESUMEN TOTAL'!N429 -> 0 | I425: ='RESUMEN TOTAL'!O429 -> 0 | J425: ='RESUMEN TOTAL'!P429 -> 0 | K425: ='RESUMEN TOTAL'!Q429 -> 0 | L425: ='RESUMEN TOTAL'!R429 -> 0 | M425: ='RESUMEN TOTAL'!S429 -> 0 | ... AI425: ='RESUMEN TOTAL'!AO429 -> 0 | AJ425: ='RESUMEN TOTAL'!#REF! -> #REF!
A426: ='RESUMEN TOTAL'!A430 -> VILLA HUDSON | B426: ='RESUMEN TOTAL'!B430 -> VHS 02 | C426: ='RESUMEN TOTAL'!D430 -> AV. LUJAN Y CALLE 909 A | D426: ='RESUMEN TOTAL'!E430 -> DOMO | E426: ='RESUMEN TOTAL'!F430 -> Fibra Optica | F426: ='RESUMEN TOTAL'!L430 -> 0 | G426: ='RESUMEN TOTAL'!M430 -> 0 | H426: ='RESUMEN TOTAL'!N430 -> 0 | I426: ='RESUMEN TOTAL'!O430 -> 0 | J426: ='RESUMEN TOTAL'!P430 -> 0 | K426: ='RESUMEN TOTAL'!Q430 -> 0 | L426: ='RESUMEN TOTAL'!R430 -> 0 | M426: ='RESUMEN TOTAL'!S430 -> 0 | ... AI426: ='RESUMEN TOTAL'!AO430 -> 0 | AJ426: ='RESUMEN TOTAL'!#REF! -> #REF!
A427: ='RESUMEN TOTAL'!A431 -> VILLA HUDSON | B427: ='RESUMEN TOTAL'!B431 -> VHS 03 (fija 1) | C427: ='RESUMEN TOTAL'!D431 -> AV. HUDSON Y LOS INMIGRANTES | D427: ='RESUMEN TOTAL'!E431 -> Fija | E427: ='RESUMEN TOTAL'!F431 -> Fibra Optica | F427: ='RESUMEN TOTAL'!L431 -> 0 | G427: ='RESUMEN TOTAL'!M431 -> 0 | H427: ='RESUMEN TOTAL'!N431 -> 0 | I427: ='RESUMEN TOTAL'!O431 -> 0 | J427: ='RESUMEN TOTAL'!P431 -> 0 | K427: ='RESUMEN TOTAL'!Q431 -> 0 | L427: ='RESUMEN TOTAL'!R431 -> 0 | M427: ='RESUMEN TOTAL'!S431 -> 0 | ... AI427: ='RESUMEN TOTAL'!AO431 -> 0 | AJ427: ='RESUMEN TOTAL'!#REF! -> #REF!
A428: ='RESUMEN TOTAL'!A432 -> VILLA HUDSON | B428: ='RESUMEN TOTAL'!B432 -> VHS 04 (fija 2) | C428: ='RESUMEN TOTAL'!D432 -> AV. HUDSON Y LOS INMIGRANTES | D428: ='RESUMEN TOTAL'!E432 -> Fija | E428: ='RESUMEN TOTAL'!F432 -> Fibra Optica | F428: ='RESUMEN TOTAL'!L432 -> 0 | G428: ='RESUMEN TOTAL'!M432 -> 0 | H428: ='RESUMEN TOTAL'!N432 -> 0 | I428: ='RESUMEN TOTAL'!O432 -> 0 | J428: ='RESUMEN TOTAL'!P432 -> 0 | K428: ='RESUMEN TOTAL'!Q432 -> 0 | L428: ='RESUMEN TOTAL'!R432 -> 0 | M428: ='RESUMEN TOTAL'!S432 -> 0 | ... AI428: ='RESUMEN TOTAL'!AO432 -> 0 | AJ428: ='RESUMEN TOTAL'!#REF! -> #REF!
A429: ='RESUMEN TOTAL'!A433 -> VILLA ARIAS | B429: ='RESUMEN TOTAL'!B433 -> VLA 01 (fija 1) | C429: ='RESUMEN TOTAL'!D433 -> 820 Y SOLER | D429: ='RESUMEN TOTAL'!E433 -> Fija | E429: ='RESUMEN TOTAL'!F433 -> Fibra Optica | F429: ='RESUMEN TOTAL'!L433 -> 0 | G429: ='RESUMEN TOTAL'!M433 -> 0 | H429: ='RESUMEN TOTAL'!N433 -> 0 | I429: ='RESUMEN TOTAL'!O433 -> 0 | J429: ='RESUMEN TOTAL'!P433 -> 0 | K429: ='RESUMEN TOTAL'!Q433 -> 0 | L429: ='RESUMEN TOTAL'!R433 -> 0 | M429: ='RESUMEN TOTAL'!S433 -> 0 | ... AI429: ='RESUMEN TOTAL'!AO433 -> 0 | AJ429: ='RESUMEN TOTAL'!#REF! -> #REF!
A430: ='RESUMEN TOTAL'!A434 -> VILLA ARIAS | B430: ='RESUMEN TOTAL'!B434 -> VLA 02 | C430: ='RESUMEN TOTAL'!D434 -> ESPORA Y HUDSON | D430: ='RESUMEN TOTAL'!E434 -> DOMO | E430: ='RESUMEN TOTAL'!F434 -> Fibra Optica | F430: ='RESUMEN TOTAL'!L434 -> 0 | G430: ='RESUMEN TOTAL'!M434 -> 0 | H430: ='RESUMEN TOTAL'!N434 -> 0 | I430: ='RESUMEN TOTAL'!O434 -> 0 | J430: ='RESUMEN TOTAL'!P434 -> 0 | K430: ='RESUMEN TOTAL'!Q434 -> 0 | L430: ='RESUMEN TOTAL'!R434 -> 0 | M430: ='RESUMEN TOTAL'!S434 -> 0 | ... AI430: ='RESUMEN TOTAL'!AO434 -> 0 | AJ430: ='RESUMEN TOTAL'!#REF! -> #REF!
A431: ='RESUMEN TOTAL'!A435 -> VILLA ARIAS | B431: ='RESUMEN TOTAL'!B435 -> VLA03 (fija 2) | C431: ='RESUMEN TOTAL'!D435 -> 820 y SOLER | D431: ='RESUMEN TOTAL'!E435 -> Fija | E431: ='RESUMEN TOTAL'!F435 -> Fibra Optica | F431: ='RESUMEN TOTAL'!L435 -> 0 | G431: ='RESUMEN TOTAL'!M435 -> 0 | H431: ='RESUMEN TOTAL'!N435 -> 0 | I431: ='RESUMEN TOTAL'!O435 -> 0 | J431: ='RESUMEN TOTAL'!P435 -> 0 | K431: ='RESUMEN TOTAL'!Q435 -> 0 | L431: ='RESUMEN TOTAL'!R435 -> 0 | M431: ='RESUMEN TOTAL'!S435 -> 0 | ... AI431: ='RESUMEN TOTAL'!AO435 -> 0 | AJ431: ='RESUMEN TOTAL'!#REF! -> #REF!
A432: ='RESUMEN TOTAL'!A436 -> VILLA ARIAS | B432: ='RESUMEN TOTAL'!B436 -> VLA04 | C432: ='RESUMEN TOTAL'!D436 -> ESPORA Y MARTIN GRASS | D432: ='RESUMEN TOTAL'!E436 -> DOMO | E432: ='RESUMEN TOTAL'!F436 -> Fibra Optica | F432: ='RESUMEN TOTAL'!L436 -> 0 | G432: ='RESUMEN TOTAL'!M436 -> 0 | H432: ='RESUMEN TOTAL'!N436 -> 0 | I432: ='RESUMEN TOTAL'!O436 -> 0 | J432: ='RESUMEN TOTAL'!P436 -> 0 | K432: ='RESUMEN TOTAL'!Q436 -> 0 | L432: ='RESUMEN TOTAL'!R436 -> 0 | M432: ='RESUMEN TOTAL'!S436 -> 0 | ... AI432: ='RESUMEN TOTAL'!AO436 -> 0 | AJ432: ='RESUMEN TOTAL'!#REF! -> #REF!
A433: ='RESUMEN TOTAL'!A437 -> VILLA ARIAS | B433: ='RESUMEN TOTAL'!B437 -> VLA05 | C433: ='RESUMEN TOTAL'!D437 -> ESPORA Y 802 | D433: ='RESUMEN TOTAL'!E437 -> DOMO | E433: ='RESUMEN TOTAL'!F437 -> Fibra Optica | F433: ='RESUMEN TOTAL'!L437 -> 0 | G433: ='RESUMEN TOTAL'!M437 -> 0 | H433: ='RESUMEN TOTAL'!N437 -> 0 | I433: ='RESUMEN TOTAL'!O437 -> 0 | J433: ='RESUMEN TOTAL'!P437 -> 0 | K433: ='RESUMEN TOTAL'!Q437 -> 0 | L433: ='RESUMEN TOTAL'!R437 -> 0 | M433: ='RESUMEN TOTAL'!S437 -> 0 | ... AI433: ='RESUMEN TOTAL'!AO437 -> 0 | AJ433: ='RESUMEN TOTAL'!#REF! -> #REF!
A434: ='RESUMEN TOTAL'!A438 -> VILLA MONICA NUEVA | B434: ='RESUMEN TOTAL'!B438 -> VMO 02 | C434: ='RESUMEN TOTAL'!D438 -> Rio Carapachay y Oroño | D434: ='RESUMEN TOTAL'!E438 -> Domo | E434: ='RESUMEN TOTAL'!F438 -> Radio | F434: ='RESUMEN TOTAL'!L438 -> 0 | G434: ='RESUMEN TOTAL'!M438 -> 0 | H434: ='RESUMEN TOTAL'!N438 -> 0 | I434: ='RESUMEN TOTAL'!O438 -> 0 | J434: ='RESUMEN TOTAL'!P438 -> 0 | K434: ='RESUMEN TOTAL'!Q438 -> 0 | L434: ='RESUMEN TOTAL'!R438 -> 0 | M434: ='RESUMEN TOTAL'!S438 -> 0 | ... AI434: ='RESUMEN TOTAL'!AO438 -> 0 | AJ434: ='RESUMEN TOTAL'!#REF! -> #REF!
A435: ='RESUMEN TOTAL'!A439 -> VILLA MONICA NUEVA | B435: ='RESUMEN TOTAL'!B439 -> VMO 03 (fija 1) | C435: ='RESUMEN TOTAL'!D439 -> EVA PERON E/ OROÑO Y 734 A | D435: ='RESUMEN TOTAL'!E439 -> Fija | E435: ='RESUMEN TOTAL'!F439 -> Fibra Optica | F435: ='RESUMEN TOTAL'!L439 -> 0 | G435: ='RESUMEN TOTAL'!M439 -> 0 | H435: ='RESUMEN TOTAL'!N439 -> 0 | I435: ='RESUMEN TOTAL'!O439 -> 0 | J435: ='RESUMEN TOTAL'!P439 -> 0 | K435: ='RESUMEN TOTAL'!Q439 -> 0 | L435: ='RESUMEN TOTAL'!R439 -> 0 | M435: ='RESUMEN TOTAL'!S439 -> 0 | ... AI435: ='RESUMEN TOTAL'!AO439 -> 0 | AJ435: ='RESUMEN TOTAL'!#REF! -> #REF!
A436: ='RESUMEN TOTAL'!A440 -> VILLA MONICA NUEVA | B436: ='RESUMEN TOTAL'!B440 -> VMO 04 (fija 2) | C436: ='RESUMEN TOTAL'!D440 -> EVA PERON E/ OROÑO Y 734 A | D436: ='RESUMEN TOTAL'!E440 -> Fija | E436: ='RESUMEN TOTAL'!F440 -> Fibra Optica | F436: ='RESUMEN TOTAL'!L440 -> 0 | G436: ='RESUMEN TOTAL'!M440 -> 0 | H436: ='RESUMEN TOTAL'!N440 -> 0 | I436: ='RESUMEN TOTAL'!O440 -> 0 | J436: ='RESUMEN TOTAL'!P440 -> 0 | K436: ='RESUMEN TOTAL'!Q440 -> 0 | L436: ='RESUMEN TOTAL'!R440 -> 0 | M436: ='RESUMEN TOTAL'!S440 -> 0 | ... AI436: ='RESUMEN TOTAL'!AO440 -> 0 | AJ436: ='RESUMEN TOTAL'!#REF! -> #REF!
... A453: ='RESUMEN TOTAL'!A457 -> ZEBALLOS | B453: ='RESUMEN TOTAL'!B457 -> ZEB 05 | C453: ='RESUMEN TOTAL'!D457 -> DIAG. GRANADEROS Y 214 BIS | D453: ='RESUMEN TOTAL'!E457 -> Domo | E453: ='RESUMEN TOTAL'!F457 -> Radio | F453: ='RESUMEN TOTAL'!L457 -> 0 | G453: ='RESUMEN TOTAL'!M457 -> 0 | H453: ='RESUMEN TOTAL'!N457 -> 0 | I453: ='RESUMEN TOTAL'!O457 -> 0 | J453: ='RESUMEN TOTAL'!P457 -> 0 | K453: ='RESUMEN TOTAL'!Q457 -> 0 | L453: ='RESUMEN TOTAL'!R457 -> 0 | M453: ='RESUMEN TOTAL'!S457 -> 0 | ... AI453: ='RESUMEN TOTAL'!AO457 -> 0 | AJ453: ='RESUMEN TOTAL'!#REF! -> #REF!
A454: ='RESUMEN TOTAL'!A478 -> PARADAS SEGURAS | B454: ='RESUMEN TOTAL'!B478 -> 21 | C454: ='RESUMEN TOTAL'!D478 -> HUDSON Y CABILDO OESTE | D454: ='RESUMEN TOTAL'!E478 -> GFIJA | E454: ='RESUMEN TOTAL'!F478 -> GPON | F454: ='RESUMEN TOTAL'!L478 -> 0 | G454: ='RESUMEN TOTAL'!M478 -> 0 | H454: ='RESUMEN TOTAL'!N478 -> 0 | I454: ='RESUMEN TOTAL'!O478 -> 0 | J454: ='RESUMEN TOTAL'!P478 -> 0 | K454: ='RESUMEN TOTAL'!Q478 -> 0 | L454: ='RESUMEN TOTAL'!R478 -> 0 | M454: ='RESUMEN TOTAL'!S478 -> 0 | ... AI454: ='RESUMEN TOTAL'!AO478 -> 0 | AJ454: ='RESUMEN TOTAL'!#REF! -> #REF!
A455: ='RESUMEN TOTAL'!A479 -> PARADAS SEGURAS | B455: ='RESUMEN TOTAL'!B479 -> 21 I | C455: ='RESUMEN TOTAL'!D479 -> HUDSON Y CABILDO OESTE | D455: ='RESUMEN TOTAL'!E479 -> INTERCOMUNICADOR | E455: ='RESUMEN TOTAL'!F479 -> GPON | F455: ='RESUMEN TOTAL'!L479 -> 0 | G455: ='RESUMEN TOTAL'!M479 -> 0 | H455: ='RESUMEN TOTAL'!N479 -> 0 | I455: ='RESUMEN TOTAL'!O479 -> 0 | J455: ='RESUMEN TOTAL'!P479 -> 0 | K455: ='RESUMEN TOTAL'!Q479 -> 0 | L455: ='RESUMEN TOTAL'!R479 -> 0 | M455: ='RESUMEN TOTAL'!S479 -> 0 | ... AI455: ='RESUMEN TOTAL'!AO479 -> 0 | AJ455: ='RESUMEN TOTAL'!#REF! -> #REF!
A456: ='RESUMEN TOTAL'!A480 -> PARADAS SEGURAS | B456: ='RESUMEN TOTAL'!B480 -> 22 | C456: ='RESUMEN TOTAL'!D480 -> HUDSON Y CABILDO ESTE | D456: ='RESUMEN TOTAL'!E480 -> GFIJA | E456: ='RESUMEN TOTAL'!F480 -> GPON | F456: ='RESUMEN TOTAL'!L480 -> 0 | G456: ='RESUMEN TOTAL'!M480 -> 0 | H456: ='RESUMEN TOTAL'!N480 -> 0 | I456: ='RESUMEN TOTAL'!O480 -> 0 | J456: ='RESUMEN TOTAL'!P480 -> 0 | K456: ='RESUMEN TOTAL'!Q480 -> 0 | L456: ='RESUMEN TOTAL'!R480 -> 0 | M456: ='RESUMEN TOTAL'!S480 -> 0 | ... AI456: ='RESUMEN TOTAL'!AO480 -> 0 | AJ456: ='RESUMEN TOTAL'!#REF! -> #REF!
A457: ='RESUMEN TOTAL'!A481 -> PARADAS SEGURAS | B457: ='RESUMEN TOTAL'!B481 -> 22 I | C457: ='RESUMEN TOTAL'!D481 -> HUDSON Y CABILDO ESTE | D457: ='RESUMEN TOTAL'!E481 -> INTERCOMUNICADOR | E457: ='RESUMEN TOTAL'!F481 -> GPON | F457: ='RESUMEN TOTAL'!L481 -> 0 | G457: ='RESUMEN TOTAL'!M481 -> 0 | H457: ='RESUMEN TOTAL'!N481 -> 0 | I457: ='RESUMEN TOTAL'!O481 -> 0 | J457: ='RESUMEN TOTAL'!P481 -> 0 | K457: ='RESUMEN TOTAL'!Q481 -> 0 | L457: ='RESUMEN TOTAL'!R481 -> 0 | M457: ='RESUMEN TOTAL'!S481 -> 0 | ... AI457: ='RESUMEN TOTAL'!AO481 -> 0 | AJ457: ='RESUMEN TOTAL'!#REF! -> #REF!
A458: ='RESUMEN TOTAL'!A482 -> PARADAS SEGURAS | B458: ='RESUMEN TOTAL'!B482 -> 23 | C458: ='RESUMEN TOTAL'!D482 -> HUDSON Y SAN NICOLAS OESTE | D458: ='RESUMEN TOTAL'!E482 -> GFIJA | E458: ='RESUMEN TOTAL'!F482 -> GPON | F458: ='RESUMEN TOTAL'!L482 -> 0 | G458: ='RESUMEN TOTAL'!M482 -> 0 | H458: ='RESUMEN TOTAL'!N482 -> 0 | I458: ='RESUMEN TOTAL'!O482 -> 0 | J458: ='RESUMEN TOTAL'!P482 -> 0 | K458: ='RESUMEN TOTAL'!Q482 -> 0 | L458: ='RESUMEN TOTAL'!R482 -> 0 | M458: ='RESUMEN TOTAL'!S482 -> 0 | ... AI458: ='RESUMEN TOTAL'!AO482 -> 0 | AJ458: ='RESUMEN TOTAL'!#REF! -> #REF!
A459: ='RESUMEN TOTAL'!A483 -> PARADAS SEGURAS | B459: ='RESUMEN TOTAL'!B483 -> 23 I | C459: ='RESUMEN TOTAL'!D483 -> HUDSON Y SAN NICOLAS OESTE | D459: ='RESUMEN TOTAL'!E483 -> INTERCOMUNICADOR | E459: ='RESUMEN TOTAL'!F483 -> GPON | F459: ='RESUMEN TOTAL'!L483 -> 0 | G459: ='RESUMEN TOTAL'!M483 -> 0 | H459: ='RESUMEN TOTAL'!N483 -> 0 | I459: ='RESUMEN TOTAL'!O483 -> 0 | J459: ='RESUMEN TOTAL'!P483 -> 0 | K459: ='RESUMEN TOTAL'!Q483 -> 0 | L459: ='RESUMEN TOTAL'!R483 -> 0 | M459: ='RESUMEN TOTAL'!S483 -> 0 | ... AI459: ='RESUMEN TOTAL'!AO483 -> 0 | AJ459: ='RESUMEN TOTAL'!#REF! -> #REF!
A460: ='RESUMEN TOTAL'!A484 -> PARADAS SEGURAS | B460: ='RESUMEN TOTAL'!B484 -> 24 | C460: ='RESUMEN TOTAL'!D484 -> HUDSON Y ALDAO ESTE | D460: ='RESUMEN TOTAL'!E484 -> GFIJA | E460: ='RESUMEN TOTAL'!F484 -> GPON | F460: ='RESUMEN TOTAL'!L484 -> 0 | G460: ='RESUMEN TOTAL'!M484 -> 0 | H460: ='RESUMEN TOTAL'!N484 -> 0 | I460: ='RESUMEN TOTAL'!O484 -> 0 | J460: ='RESUMEN TOTAL'!P484 -> 0 | K460: ='RESUMEN TOTAL'!Q484 -> 0 | L460: ='RESUMEN TOTAL'!R484 -> 0 | M460: ='RESUMEN TOTAL'!S484 -> 0 | ... AI460: ='RESUMEN TOTAL'!AO484 -> 0 | AJ460: ='RESUMEN TOTAL'!#REF! -> #REF!
A461: ='RESUMEN TOTAL'!A485 -> PARADAS SEGURAS | B461: ='RESUMEN TOTAL'!B485 -> 24 I | C461: ='RESUMEN TOTAL'!D485 -> HUDSON Y ALDAO ESTE | D461: ='RESUMEN TOTAL'!E485 -> INTERCOMUNICADOR | E461: ='RESUMEN TOTAL'!F485 -> GPON | F461: ='RESUMEN TOTAL'!L485 -> 0 | G461: ='RESUMEN TOTAL'!M485 -> 0 | H461: ='RESUMEN TOTAL'!N485 -> 0 | I461: ='RESUMEN TOTAL'!O485 -> 0 | J461: ='RESUMEN TOTAL'!P485 -> 0 | K461: ='RESUMEN TOTAL'!Q485 -> 0 | L461: ='RESUMEN TOTAL'!R485 -> 0 | M461: ='RESUMEN TOTAL'!S485 -> 0 | ... AI461: ='RESUMEN TOTAL'!AO485 -> 0 | AJ461: ='RESUMEN TOTAL'!#REF! -> #REF!
A462: ='RESUMEN TOTAL'!A486 -> PARADAS SEGURAS | B462: ='RESUMEN TOTAL'!B486 -> 25 | C462: ='RESUMEN TOTAL'!D486 -> HUDSON Y RIO JACHAL | D462: ='RESUMEN TOTAL'!E486 -> GFIJA | E462: ='RESUMEN TOTAL'!F486 -> GPON | F462: ='RESUMEN TOTAL'!L486 -> 0 | G462: ='RESUMEN TOTAL'!M486 -> 0 | H462: ='RESUMEN TOTAL'!N486 -> 0 | I462: ='RESUMEN TOTAL'!O486 -> 0 | J462: ='RESUMEN TOTAL'!P486 -> 0 | K462: ='RESUMEN TOTAL'!Q486 -> 0 | L462: ='RESUMEN TOTAL'!R486 -> 0 | M462: ='RESUMEN TOTAL'!S486 -> 0 | ... AI462: ='RESUMEN TOTAL'!AO486 -> 0 | AJ462: ='RESUMEN TOTAL'!#REF! -> #REF!
A463: ='RESUMEN TOTAL'!A487 -> PARADAS SEGURAS | B463: ='RESUMEN TOTAL'!B487 -> 25 I | C463: ='RESUMEN TOTAL'!D487 -> HUDSON Y RIO JACHAL | D463: ='RESUMEN TOTAL'!E487 -> INTERCOMUNICADOR | E463: ='RESUMEN TOTAL'!F487 -> GPON | F463: ='RESUMEN TOTAL'!L487 -> 0 | G463: ='RESUMEN TOTAL'!M487 -> 0 | H463: ='RESUMEN TOTAL'!N487 -> 0 | I463: ='RESUMEN TOTAL'!O487 -> 0 | J463: ='RESUMEN TOTAL'!P487 -> 0 | K463: ='RESUMEN TOTAL'!Q487 -> 0 | L463: ='RESUMEN TOTAL'!R487 -> 0 | M463: ='RESUMEN TOTAL'!S487 -> 0 | ... AI463: ='RESUMEN TOTAL'!AO487 -> 0 | AJ463: ='RESUMEN TOTAL'!#REF! -> #REF!
A464: ='RESUMEN TOTAL'!A488 -> PARADAS SEGURAS | B464: ='RESUMEN TOTAL'!B488 -> 26 | C464: ='RESUMEN TOTAL'!D488 -> HUDSON Y RIO COLORADO OESTE | D464: ='RESUMEN TOTAL'!E488 -> GFIJA | E464: ='RESUMEN TOTAL'!F488 -> GPON | F464: ='RESUMEN TOTAL'!L488 -> 0 | G464: ='RESUMEN TOTAL'!M488 -> 0 | H464: ='RESUMEN TOTAL'!N488 -> 0 | I464: ='RESUMEN TOTAL'!O488 -> 0 | J464: ='RESUMEN TOTAL'!P488 -> 0 | K464: ='RESUMEN TOTAL'!Q488 -> 0 | L464: ='RESUMEN TOTAL'!R488 -> 0 | M464: ='RESUMEN TOTAL'!S488 -> 0 | ... AI464: ='RESUMEN TOTAL'!AO488 -> 0 | AJ464: ='RESUMEN TOTAL'!#REF! -> #REF!
A465: ='RESUMEN TOTAL'!A489 -> PARADAS SEGURAS | B465: ='RESUMEN TOTAL'!B489 -> 26 I | C465: ='RESUMEN TOTAL'!D490 -> HUDON Y 818 ESTE | D465: ='RESUMEN TOTAL'!E489 -> INTERCOMUNICADOR | E465: ='RESUMEN TOTAL'!F489 -> GPON | F465: ='RESUMEN TOTAL'!L489 -> 0 | G465: ='RESUMEN TOTAL'!M489 -> 0 | H465: ='RESUMEN TOTAL'!N489 -> 0 | I465: ='RESUMEN TOTAL'!O489 -> 0 | J465: ='RESUMEN TOTAL'!P489 -> 0 | K465: ='RESUMEN TOTAL'!Q489 -> 0 | L465: ='RESUMEN TOTAL'!R489 -> 0 | M465: ='RESUMEN TOTAL'!S489 -> 0 | ... AI465: ='RESUMEN TOTAL'!AO489 -> 0 | AJ465: ='RESUMEN TOTAL'!#REF! -> #REF!
A466: ='RESUMEN TOTAL'!A490 -> PARADAS SEGURAS | B466: ='RESUMEN TOTAL'!B490 -> 27 | C466: ='RESUMEN TOTAL'!D492 -> HUDSON Y RIO TRAFUL OESTE | D466: ='RESUMEN TOTAL'!E490 -> GFIJA | E466: ='RESUMEN TOTAL'!F490 -> GPON | F466: ='RESUMEN TOTAL'!L490 -> 0 | G466: ='RESUMEN TOTAL'!M490 -> 0 | H466: ='RESUMEN TOTAL'!N490 -> 0 | I466: ='RESUMEN TOTAL'!O490 -> 0 | J466: ='RESUMEN TOTAL'!P490 -> 0 | K466: ='RESUMEN TOTAL'!Q490 -> 0 | L466: ='RESUMEN TOTAL'!R490 -> 0 | M466: ='RESUMEN TOTAL'!S490 -> 0 | ... AI466: ='RESUMEN TOTAL'!AO490 -> 0 | AJ466: ='RESUMEN TOTAL'!#REF! -> #REF!
A467: ='RESUMEN TOTAL'!A491 -> PARADAS SEGURAS | B467: ='RESUMEN TOTAL'!B491 -> 27 I | C467: ='RESUMEN TOTAL'!D494 -> HUDSON Y ESTOMBA ESTE | D467: ='RESUMEN TOTAL'!E491 -> INTERCOMUNICADOR | E467: ='RESUMEN TOTAL'!F491 -> GPON | F467: ='RESUMEN TOTAL'!L491 -> 0 | G467: ='RESUMEN TOTAL'!M491 -> 0 | H467: ='RESUMEN TOTAL'!N491 -> 0 | I467: ='RESUMEN TOTAL'!O491 -> 0 | J467: ='RESUMEN TOTAL'!P491 -> 0 | K467: ='RESUMEN TOTAL'!Q491 -> 0 | L467: ='RESUMEN TOTAL'!R491 -> 0 | M467: ='RESUMEN TOTAL'!S491 -> 0 | ... AI467: ='RESUMEN TOTAL'!AO491 -> 0 | AJ467: ='RESUMEN TOTAL'!#REF! -> #REF!
A468: ='RESUMEN TOTAL'!A492 -> PARADAS SEGURAS | B468: ='RESUMEN TOTAL'!B492 -> 28 | C468: ='RESUMEN TOTAL'!D496 -> HUDSON Y PICHEUTA OESTE | D468: ='RESUMEN TOTAL'!E492 -> GFIJA | E468: ='RESUMEN TOTAL'!F492 -> GPON | F468: ='RESUMEN TOTAL'!L492 -> 0 | G468: ='RESUMEN TOTAL'!M492 -> 0 | H468: ='RESUMEN TOTAL'!N492 -> 0 | I468: ='RESUMEN TOTAL'!O492 -> 0 | J468: ='RESUMEN TOTAL'!P492 -> 0 | K468: ='RESUMEN TOTAL'!Q492 -> 0 | L468: ='RESUMEN TOTAL'!R492 -> 0 | M468: ='RESUMEN TOTAL'!S492 -> 0 | ... AI468: ='RESUMEN TOTAL'!AO492 -> 0 | AJ468: ='RESUMEN TOTAL'!#REF! -> #REF!
A469: ='RESUMEN TOTAL'!A493 -> PARADAS SEGURAS | B469: ='RESUMEN TOTAL'!B493 -> 28 I | C469: ='RESUMEN TOTAL'!D498 -> HUDSON Y 830 ESTE | D469: ='RESUMEN TOTAL'!E493 -> INTERCOMUNICADOR | E469: ='RESUMEN TOTAL'!F493 -> GPON | F469: ='RESUMEN TOTAL'!L493 -> 0 | G469: ='RESUMEN TOTAL'!M493 -> 0 | H469: ='RESUMEN TOTAL'!N493 -> 0 | I469: ='RESUMEN TOTAL'!O493 -> 0 | J469: ='RESUMEN TOTAL'!P493 -> 0 | K469: ='RESUMEN TOTAL'!Q493 -> 0 | L469: ='RESUMEN TOTAL'!R493 -> 0 | M469: ='RESUMEN TOTAL'!S493 -> 0 | ... AI469: ='RESUMEN TOTAL'!AO493 -> 0 | AJ469: ='RESUMEN TOTAL'!#REF! -> #REF!
A470: ='RESUMEN TOTAL'!A494 -> PARADAS SEGURAS | B470: ='RESUMEN TOTAL'!B494 -> 29 | C470: ='RESUMEN TOTAL'!#REF! -> #REF! | D470: ='RESUMEN TOTAL'!E494 -> GFIJA | E470: ='RESUMEN TOTAL'!F494 -> GPON | F470: ='RESUMEN TOTAL'!L494 -> 0 | G470: ='RESUMEN TOTAL'!M494 -> 0 | H470: ='RESUMEN TOTAL'!N494 -> 0 | I470: ='RESUMEN TOTAL'!O494 -> 0 | J470: ='RESUMEN TOTAL'!P494 -> 0 | K470: ='RESUMEN TOTAL'!Q494 -> 0 | L470: ='RESUMEN TOTAL'!R494 -> 0 | M470: ='RESUMEN TOTAL'!S494 -> 0 | ... AI470: ='RESUMEN TOTAL'!AO494 -> 0 | AJ470: ='RESUMEN TOTAL'!#REF! -> #REF!
A471: ='RESUMEN TOTAL'!A495 -> PARADAS SEGURAS | B471: ='RESUMEN TOTAL'!B495 -> 29 I | C471: ='RESUMEN TOTAL'!#REF! -> #REF! | D471: ='RESUMEN TOTAL'!E495 -> INTERCOMUNICADOR | E471: ='RESUMEN TOTAL'!F495 -> GPON | F471: ='RESUMEN TOTAL'!L495 -> 0 | G471: ='RESUMEN TOTAL'!M495 -> 0 | H471: ='RESUMEN TOTAL'!N495 -> 0 | I471: ='RESUMEN TOTAL'!O495 -> 0 | J471: ='RESUMEN TOTAL'!P495 -> 0 | K471: ='RESUMEN TOTAL'!Q495 -> 0 | L471: ='RESUMEN TOTAL'!R495 -> 0 | M471: ='RESUMEN TOTAL'!S495 -> 0 | ... AI471: ='RESUMEN TOTAL'!AO495 -> 0 | AJ471: ='RESUMEN TOTAL'!#REF! -> #REF!
A472: ='RESUMEN TOTAL'!A496 -> PARADAS SEGURAS | B472: ='RESUMEN TOTAL'!B496 -> 30 | C472: ='RESUMEN TOTAL'!#REF! -> #REF! | D472: ='RESUMEN TOTAL'!E496 -> GFIJA | E472: ='RESUMEN TOTAL'!F496 -> GPON | F472: ='RESUMEN TOTAL'!L496 -> APAGADO | G472: ='RESUMEN TOTAL'!M496 -> APAGADO | H472: ='RESUMEN TOTAL'!N496 -> APAGADO | I472: ='RESUMEN TOTAL'!O496 -> APAGADO | J472: ='RESUMEN TOTAL'!P496 -> APAGADO | K472: ='RESUMEN TOTAL'!Q496 -> 0 | L472: ='RESUMEN TOTAL'!R496 -> 0 | M472: ='RESUMEN TOTAL'!S496 -> 0 | ... AI472: ='RESUMEN TOTAL'!AO496 -> 0 | AJ472: ='RESUMEN TOTAL'!#REF! -> #REF!
A473: ='RESUMEN TOTAL'!A497 -> PARADAS SEGURAS | B473: ='RESUMEN TOTAL'!B497 -> 30 I | C473: ='RESUMEN TOTAL'!D497 -> HUDSON Y PICHEUTA OESTE | D473: ='RESUMEN TOTAL'!E497 -> INTERCOMUNICADOR | E473: ='RESUMEN TOTAL'!F497 -> GPON | F473: ='RESUMEN TOTAL'!L497 -> APAGADO | G473: ='RESUMEN TOTAL'!M497 -> APAGADO | H473: ='RESUMEN TOTAL'!N497 -> APAGADO | I473: ='RESUMEN TOTAL'!O497 -> APAGADO | J473: ='RESUMEN TOTAL'!P497 -> APAGADO | K473: ='RESUMEN TOTAL'!Q497 -> 0 | L473: ='RESUMEN TOTAL'!R497 -> 0 | M473: ='RESUMEN TOTAL'!S497 -> 0 | ... AI473: ='RESUMEN TOTAL'!AO497 -> 0 | AJ473: ='RESUMEN TOTAL'!#REF! -> #REF!
A474: ='RESUMEN TOTAL'!A498 -> PARADAS SEGURAS | B474: ='RESUMEN TOTAL'!B498 -> 31 | C474: ='RESUMEN TOTAL'!#REF! -> #REF! | D474: ='RESUMEN TOTAL'!E498 -> GFIJA | E474: ='RESUMEN TOTAL'!F498 -> GPON | F474: ='RESUMEN TOTAL'!L498 -> 0 | G474: ='RESUMEN TOTAL'!M498 -> 0 | H474: ='RESUMEN TOTAL'!N498 -> 0 | I474: ='RESUMEN TOTAL'!O498 -> 0 | J474: ='RESUMEN TOTAL'!P498 -> 0 | K474: ='RESUMEN TOTAL'!Q498 -> 0 | L474: ='RESUMEN TOTAL'!R498 -> 0 | M474: ='RESUMEN TOTAL'!S498 -> 0 | ... AI474: ='RESUMEN TOTAL'!AO498 -> 0 | AJ474: ='RESUMEN TOTAL'!#REF! -> #REF!
A475: ='RESUMEN TOTAL'!A499 -> PARADAS SEGURAS | B475: ='RESUMEN TOTAL'!B499 -> 31 I | C475: ='RESUMEN TOTAL'!#REF! -> #REF! | D475: ='RESUMEN TOTAL'!E499 -> INTERCOMUNICADOR | E475: ='RESUMEN TOTAL'!F499 -> GPON | F475: ='RESUMEN TOTAL'!L499 -> 0 | G475: ='RESUMEN TOTAL'!M499 -> 0 | H475: ='RESUMEN TOTAL'!N499 -> 0 | I475: ='RESUMEN TOTAL'!O499 -> 0 | J475: ='RESUMEN TOTAL'!P499 -> 0 | K475: ='RESUMEN TOTAL'!Q499 -> 0 | L475: ='RESUMEN TOTAL'!R499 -> 0 | M475: ='RESUMEN TOTAL'!S499 -> 0 | ... AI475: ='RESUMEN TOTAL'!AO499 -> 0 | AJ475: ='RESUMEN TOTAL'!#REF! -> #REF!
A476: ='RESUMEN TOTAL'!A500 -> PARADAS SEGURAS | B476: ='RESUMEN TOTAL'!B500 -> 32 C | C476: ='RESUMEN TOTAL'!D500 -> Hudson y 834 oeste | D476: ='RESUMEN TOTAL'!E500 -> GFIJA | E476: ='RESUMEN TOTAL'!F500 -> GPON | F476: ='RESUMEN TOTAL'!L500 -> 0 | G476: ='RESUMEN TOTAL'!M500 -> 0 | H476: ='RESUMEN TOTAL'!N500 -> 0 | I476: ='RESUMEN TOTAL'!O500 -> 0 | J476: ='RESUMEN TOTAL'!P500 -> 0 | K476: ='RESUMEN TOTAL'!Q500 -> 0 | L476: ='RESUMEN TOTAL'!R500 -> 0 | M476: ='RESUMEN TOTAL'!S500 -> 0 | ... AI476: ='RESUMEN TOTAL'!AO500 -> 0 | AJ476: ='RESUMEN TOTAL'!#REF! -> #REF!
A477: ='RESUMEN TOTAL'!A501 -> PARADAS SEGURAS | B477: ='RESUMEN TOTAL'!B501 -> 32 I | C477: ='RESUMEN TOTAL'!D501 -> Hudson y 834 oeste | D477: ='RESUMEN TOTAL'!E501 -> INTERCOMUNICADOR | E477: ='RESUMEN TOTAL'!F501 -> GPON | F477: ='RESUMEN TOTAL'!L501 -> 0 | G477: ='RESUMEN TOTAL'!M501 -> 0 | H477: ='RESUMEN TOTAL'!N501 -> 0 | I477: ='RESUMEN TOTAL'!O501 -> 0 | J477: ='RESUMEN TOTAL'!P501 -> 0 | K477: ='RESUMEN TOTAL'!Q501 -> 0 | L477: ='RESUMEN TOTAL'!R501 -> 0 | M477: ='RESUMEN TOTAL'!S501 -> 0 | ... AI477: ='RESUMEN TOTAL'!AO501 -> 0 | AJ477: ='RESUMEN TOTAL'!#REF! -> #REF!
A478: ='RESUMEN TOTAL'!A502 -> PARADAS SEGURAS | B478: ='RESUMEN TOTAL'!B502 -> 33 C | C478: ='RESUMEN TOTAL'!D502 -> Hudson y 834 este | D478: ='RESUMEN TOTAL'!E502 -> GFIJA | E478: ='RESUMEN TOTAL'!F502 -> GPON | F478: ='RESUMEN TOTAL'!L502 -> 0 | G478: ='RESUMEN TOTAL'!M502 -> 0 | H478: ='RESUMEN TOTAL'!N502 -> 0 | I478: ='RESUMEN TOTAL'!O502 -> APAGADO | J478: ='RESUMEN TOTAL'!P502 -> APAGADO | K478: ='RESUMEN TOTAL'!Q502 -> 0 | L478: ='RESUMEN TOTAL'!R502 -> 0 | M478: ='RESUMEN TOTAL'!S502 -> 0 | ... AI478: ='RESUMEN TOTAL'!AO502 -> 0 | AJ478: ='RESUMEN TOTAL'!#REF! -> #REF!
A479: ='RESUMEN TOTAL'!A503 -> PARADAS SEGURAS | B479: ='RESUMEN TOTAL'!B503 -> 33 I | C479: ='RESUMEN TOTAL'!D503 -> Hudson y 834 este | D479: ='RESUMEN TOTAL'!E503 -> INTERCOMUNICADOR | E479: ='RESUMEN TOTAL'!F503 -> GPON | F479: ='RESUMEN TOTAL'!L503 -> 0 | G479: ='RESUMEN TOTAL'!M503 -> 0 | H479: ='RESUMEN TOTAL'!N503 -> 0 | I479: ='RESUMEN TOTAL'!O503 -> 0 | J479: ='RESUMEN TOTAL'!P503 -> 0 | K479: ='RESUMEN TOTAL'!Q503 -> 0 | L479: ='RESUMEN TOTAL'!R503 -> 0 | M479: ='RESUMEN TOTAL'!S503 -> 0 | ... AI479: ='RESUMEN TOTAL'!AO503 -> 0 | AJ479: ='RESUMEN TOTAL'!#REF! -> #REF!
A480: ='RESUMEN TOTAL'!A504 -> PARADAS SEGURAS | B480: ='RESUMEN TOTAL'!B504 -> 34 C | C480: ='RESUMEN TOTAL'!D504 -> Hudson y Suipacha oeste | D480: ='RESUMEN TOTAL'!E504 -> GFIJA | E480: ='RESUMEN TOTAL'!F504 -> GPON | F480: ='RESUMEN TOTAL'!L504 -> 0 | G480: ='RESUMEN TOTAL'!M504 -> 0 | H480: ='RESUMEN TOTAL'!N504 -> 0 | I480: ='RESUMEN TOTAL'!O504 -> 0 | J480: ='RESUMEN TOTAL'!P504 -> 0 | K480: ='RESUMEN TOTAL'!Q504 -> 0 | L480: ='RESUMEN TOTAL'!R504 -> 0 | M480: ='RESUMEN TOTAL'!S504 -> 0 | ... AI480: ='RESUMEN TOTAL'!AO504 -> 0 | AJ480: ='RESUMEN TOTAL'!#REF! -> #REF!
A481: ='RESUMEN TOTAL'!A505 -> PARADAS SEGURAS | B481: ='RESUMEN TOTAL'!B505 -> 34 I | C481: ='RESUMEN TOTAL'!D505 -> Hudson y Suipacha oeste | D481: ='RESUMEN TOTAL'!E505 -> INTERCOMUNICADOR | E481: ='RESUMEN TOTAL'!F505 -> GPON | F481: ='RESUMEN TOTAL'!L505 -> 0 | G481: ='RESUMEN TOTAL'!M505 -> 0 | H481: ='RESUMEN TOTAL'!N505 -> 0 | I481: ='RESUMEN TOTAL'!O505 -> APAGADO | J481: ='RESUMEN TOTAL'!P505 -> APAGADO | K481: ='RESUMEN TOTAL'!Q505 -> 0 | L481: ='RESUMEN TOTAL'!R505 -> 0 | M481: ='RESUMEN TOTAL'!S505 -> 0 | ... AI481: ='RESUMEN TOTAL'!AO505 -> 0 | AJ481: ='RESUMEN TOTAL'!#REF! -> #REF!
A482: ='RESUMEN TOTAL'!A506 -> PARADAS SEGURAS | B482: ='RESUMEN TOTAL'!B506 -> 35 C | C482: ='RESUMEN TOTAL'!D506 -> Hudson y Suipacha este | D482: ='RESUMEN TOTAL'!E506 -> GFIJA | E482: ='RESUMEN TOTAL'!F506 -> GPON | F482: ='RESUMEN TOTAL'!L506 -> APAGADO | G482: ='RESUMEN TOTAL'!M506 -> APAGADO | H482: ='RESUMEN TOTAL'!N506 -> 0 | I482: ='RESUMEN TOTAL'!O506 -> APAGADO | J482: ='RESUMEN TOTAL'!P506 -> APAGADO | K482: ='RESUMEN TOTAL'!Q506 -> 0 | L482: ='RESUMEN TOTAL'!R506 -> 0 | M482: ='RESUMEN TOTAL'!S506 -> 0 | ... AI482: ='RESUMEN TOTAL'!AO506 -> 0 | AJ482: ='RESUMEN TOTAL'!#REF! -> #REF!
A483: ='RESUMEN TOTAL'!A507 -> PARADAS SEGURAS | B483: ='RESUMEN TOTAL'!B507 -> 35 I | C483: ='RESUMEN TOTAL'!D507 -> Hudson y Suipacha este | D483: ='RESUMEN TOTAL'!E507 -> INTERCOMUNICADOR | E483: ='RESUMEN TOTAL'!F507 -> GPON | F483: ='RESUMEN TOTAL'!L507 -> 0 | G483: ='RESUMEN TOTAL'!M507 -> 0 | H483: ='RESUMEN TOTAL'!N507 -> APAGADO | I483: ='RESUMEN TOTAL'!O507 -> 0 | J483: ='RESUMEN TOTAL'!P507 -> 0 | K483: ='RESUMEN TOTAL'!Q507 -> 0 | L483: ='RESUMEN TOTAL'!R507 -> 0 | M483: ='RESUMEN TOTAL'!S507 -> 0 | ... AI483: ='RESUMEN TOTAL'!AO507 -> 0 | AJ483: ='RESUMEN TOTAL'!#REF! -> #REF!
A484: ='RESUMEN TOTAL'!#REF! -> #REF! | B484: ='RESUMEN TOTAL'!#REF! -> #REF! | C484: ='RESUMEN TOTAL'!#REF! -> #REF! | D484: ='RESUMEN TOTAL'!#REF! -> #REF! | E484: ='RESUMEN TOTAL'!#REF! -> #REF! | F484: ='RESUMEN TOTAL'!#REF! -> #REF! | G484: ='RESUMEN TOTAL'!#REF! -> #REF! | H484: ='RESUMEN TOTAL'!#REF! -> #REF! | ... AJ484: ='RESUMEN TOTAL'!#REF! -> #REF!
A485: ='RESUMEN TOTAL'!#REF! -> #REF! | B485: ='RESUMEN TOTAL'!#REF! -> #REF! | C485: ='RESUMEN TOTAL'!#REF! -> #REF! | D485: ='RESUMEN TOTAL'!#REF! -> #REF! | E485: ='RESUMEN TOTAL'!#REF! -> #REF! | F485: ='RESUMEN TOTAL'!#REF! -> #REF! | G485: ='RESUMEN TOTAL'!#REF! -> #REF! | H485: ='RESUMEN TOTAL'!#REF! -> #REF! | ... AJ485: ='RESUMEN TOTAL'!#REF! -> #REF!
A486: ='RESUMEN TOTAL'!A508 -> PARADAS SEGURAS | B486: ='RESUMEN TOTAL'!B508 -> 37 C | C486: ='RESUMEN TOTAL'!D508 -> Hudson y Jose Ingeniero Este | D486: ='RESUMEN TOTAL'!E508 -> GFIJA | E486: ='RESUMEN TOTAL'!F508 -> GPON | F486: ='RESUMEN TOTAL'!L508 -> 0 | G486: ='RESUMEN TOTAL'!M508 -> 0 | H486: ='RESUMEN TOTAL'!N508 -> } | I486: ='RESUMEN TOTAL'!O508 -> 0 | J486: ='RESUMEN TOTAL'!P508 -> 0 | K486: ='RESUMEN TOTAL'!Q508 -> 0 | L486: ='RESUMEN TOTAL'!R508 -> 0 | M486: ='RESUMEN TOTAL'!S508 -> 0 | ... AI486: ='RESUMEN TOTAL'!AO508 -> 0 | AJ486: ='RESUMEN TOTAL'!#REF! -> #REF!
A487: ='RESUMEN TOTAL'!A509 -> PARADAS SEGURAS | B487: ='RESUMEN TOTAL'!B509 -> 37 I | C487: ='RESUMEN TOTAL'!D509 -> Hudson y Jose Ingeniero Este | D487: ='RESUMEN TOTAL'!E509 -> INTERCOMUNICADOR | E487: ='RESUMEN TOTAL'!F509 -> GPON | F487: ='RESUMEN TOTAL'!L509 -> 0 | G487: ='RESUMEN TOTAL'!M509 -> 0 | H487: ='RESUMEN TOTAL'!N509 -> 0 | I487: ='RESUMEN TOTAL'!O509 -> 0 | J487: ='RESUMEN TOTAL'!P509 -> 0 | K487: ='RESUMEN TOTAL'!Q509 -> 0 | L487: ='RESUMEN TOTAL'!R509 -> 0 | M487: ='RESUMEN TOTAL'!S509 -> 0 | ... AI487: ='RESUMEN TOTAL'!AO509 -> 0 | AJ487: ='RESUMEN TOTAL'!#REF! -> #REF!
A488: ='RESUMEN TOTAL'!A510 -> PARADAS SEGURAS | B488: ='RESUMEN TOTAL'!B510 -> 38 C | C488: ='RESUMEN TOTAL'!D510 -> Hudson y Cacheuta Oeste | D488: ='RESUMEN TOTAL'!E510 -> GFIJA | E488: ='RESUMEN TOTAL'!F510 -> GPON | F488: ='RESUMEN TOTAL'!L510 -> 0 | G488: ='RESUMEN TOTAL'!M510 -> 0 | H488: ='RESUMEN TOTAL'!N510 -> 0 | I488: ='RESUMEN TOTAL'!O510 -> 0 | J488: ='RESUMEN TOTAL'!P510 -> 0 | K488: ='RESUMEN TOTAL'!Q510 -> 0 | L488: ='RESUMEN TOTAL'!R510 -> 0 | M488: ='RESUMEN TOTAL'!S510 -> 0 | ... AI488: ='RESUMEN TOTAL'!AO510 -> 0 | AJ488: ='RESUMEN TOTAL'!#REF! -> #REF!
A489: ='RESUMEN TOTAL'!A511 -> PARADAS SEGURAS | B489: ='RESUMEN TOTAL'!B511 -> 38 I | C489: ='RESUMEN TOTAL'!D511 -> Hudson y Cacheuta Oeste | D489: ='RESUMEN TOTAL'!E511 -> INTERCOMUNICADOR | E489: ='RESUMEN TOTAL'!F511 -> GPON | F489: ='RESUMEN TOTAL'!L511 -> 0 | G489: ='RESUMEN TOTAL'!M511 -> 0 | H489: ='RESUMEN TOTAL'!N511 -> 0 | I489: ='RESUMEN TOTAL'!O511 -> 0 | J489: ='RESUMEN TOTAL'!P511 -> 0 | K489: ='RESUMEN TOTAL'!Q511 -> 0 | L489: ='RESUMEN TOTAL'!R511 -> 0 | M489: ='RESUMEN TOTAL'!S511 -> 0 | ... AI489: ='RESUMEN TOTAL'!AO511 -> 0 | AJ489: ='RESUMEN TOTAL'!#REF! -> #REF!
A490: ='RESUMEN TOTAL'!A512 -> PARADAS SEGURAS | B490: ='RESUMEN TOTAL'!B512 -> 39 C | C490: ='RESUMEN TOTAL'!D512 -> Hudson y Groussac Este | D490: ='RESUMEN TOTAL'!E512 -> GFIJA | E490: ='RESUMEN TOTAL'!F512 -> GPON | F490: ='RESUMEN TOTAL'!L512 -> 0 | G490: ='RESUMEN TOTAL'!M512 -> 0 | H490: ='RESUMEN TOTAL'!N512 -> 0 | I490: ='RESUMEN TOTAL'!O512 -> APAGADO | J490: ='RESUMEN TOTAL'!P512 -> APAGADO | K490: ='RESUMEN TOTAL'!Q512 -> 0 | L490: ='RESUMEN TOTAL'!R512 -> 0 | M490: ='RESUMEN TOTAL'!S512 -> 0 | ... AI490: ='RESUMEN TOTAL'!AO512 -> 0 | AJ490: ='RESUMEN TOTAL'!#REF! -> #REF!
A491: ='RESUMEN TOTAL'!A513 -> PARADAS SEGURAS | B491: ='RESUMEN TOTAL'!B513 -> 39 I | C491: ='RESUMEN TOTAL'!D513 -> Hudson y Groussac Este | D491: ='RESUMEN TOTAL'!E513 -> INTERCOMUNICADOR | E491: ='RESUMEN TOTAL'!F513 -> GPON | F491: ='RESUMEN TOTAL'!L513 -> 0 | G491: ='RESUMEN TOTAL'!M513 -> 0 | H491: ='RESUMEN TOTAL'!N513 -> 0 | I491: ='RESUMEN TOTAL'!O513 -> APAGADO | J491: ='RESUMEN TOTAL'!P513 -> APAGADO | K491: ='RESUMEN TOTAL'!Q513 -> 0 | L491: ='RESUMEN TOTAL'!R513 -> 0 | M491: ='RESUMEN TOTAL'!S513 -> 0 | ... AI491: ='RESUMEN TOTAL'!AO513 -> 0 | AJ491: ='RESUMEN TOTAL'!#REF! -> #REF!
A492: ='RESUMEN TOTAL'!A514 -> PARADAS SEGURAS | B492: ='RESUMEN TOTAL'!B514 -> 40 C | C492: ='RESUMEN TOTAL'!D514 -> Hudson y Groussac Oeste | D492: ='RESUMEN TOTAL'!E514 -> GFIJA | E492: ='RESUMEN TOTAL'!F514 -> GPON | F492: ='RESUMEN TOTAL'!L514 -> APAGADO | G492: ='RESUMEN TOTAL'!M514 -> APAGADO | H492: ='RESUMEN TOTAL'!N514 -> APAGADO | I492: ='RESUMEN TOTAL'!O514 -> 0 | J492: ='RESUMEN TOTAL'!P514 -> 0 | K492: ='RESUMEN TOTAL'!Q514 -> 0 | L492: ='RESUMEN TOTAL'!R514 -> 0 | M492: ='RESUMEN TOTAL'!S514 -> 0 | ... AI492: ='RESUMEN TOTAL'!AO514 -> 0 | AJ492: ='RESUMEN TOTAL'!#REF! -> #REF!
A493: ='RESUMEN TOTAL'!A515 -> PARADAS SEGURAS | B493: ='RESUMEN TOTAL'!B515 -> 40 I | C493: ='RESUMEN TOTAL'!D515 -> Hudson y Groussac Oeste | D493: ='RESUMEN TOTAL'!E515 -> INTERCOMUNICADOR | E493: ='RESUMEN TOTAL'!F515 -> GPON | F493: ='RESUMEN TOTAL'!L515 -> APAGADO | G493: ='RESUMEN TOTAL'!M515 -> APAGADO | H493: ='RESUMEN TOTAL'!N515 -> APAGADO | I493: ='RESUMEN TOTAL'!O515 -> 0 | J493: ='RESUMEN TOTAL'!P515 -> 0 | K493: ='RESUMEN TOTAL'!Q515 -> 0 | L493: ='RESUMEN TOTAL'!R515 -> 0 | M493: ='RESUMEN TOTAL'!S515 -> 0 | ... AI493: ='RESUMEN TOTAL'!AO515 -> 0 | AJ493: ='RESUMEN TOTAL'!#REF! -> #REF!
A494: ='RESUMEN TOTAL'!A516 -> PARADAS SEGURAS | B494: ='RESUMEN TOTAL'!B516 -> 41 C | C494: ='RESUMEN TOTAL'!D516 -> Hudson y Dumas Este | D494: ='RESUMEN TOTAL'!E516 -> GFIJA | E494: ='RESUMEN TOTAL'!F516 -> GPON | F494: ='RESUMEN TOTAL'!L516 -> APAGADO | G494: ='RESUMEN TOTAL'!M516 -> APAGADO | H494: ='RESUMEN TOTAL'!N516 -> APAGADO | I494: ='RESUMEN TOTAL'!O516 -> APAGADO | J494: ='RESUMEN TOTAL'!P516 -> APAGADO | K494: ='RESUMEN TOTAL'!Q516 -> 0 | L494: ='RESUMEN TOTAL'!R516 -> 0 | M494: ='RESUMEN TOTAL'!S516 -> 0 | ... AI494: ='RESUMEN TOTAL'!AO516 -> 0 | AJ494: ='RESUMEN TOTAL'!#REF! -> #REF!
A495: ='RESUMEN TOTAL'!A517 -> PARADAS SEGURAS | B495: ='RESUMEN TOTAL'!B517 -> 41 I | C495: ='RESUMEN TOTAL'!D517 -> Hudson y Dumas Este | D495: ='RESUMEN TOTAL'!E517 -> INTERCOMUNICADOR | E495: ='RESUMEN TOTAL'!F517 -> GPON | F495: ='RESUMEN TOTAL'!L517 -> APAGADO | G495: ='RESUMEN TOTAL'!M517 -> APAGADO | H495: ='RESUMEN TOTAL'!N517 -> APAGADO | I495: ='RESUMEN TOTAL'!O517 -> APAGADO | J495: ='RESUMEN TOTAL'!P517 -> APAGADO | K495: ='RESUMEN TOTAL'!Q517 -> 0 | L495: ='RESUMEN TOTAL'!R517 -> 0 | M495: ='RESUMEN TOTAL'!S517 -> 0 | ... AI495: ='RESUMEN TOTAL'!AO517 -> 0 | AJ495: ='RESUMEN TOTAL'!#REF! -> #REF!
A496: ='RESUMEN TOTAL'!A518 -> PARADAS SEGURAS | B496: ='RESUMEN TOTAL'!B518 -> 42 C | C496: ='RESUMEN TOTAL'!D518 -> Hudson y Dumas Oeste | D496: ='RESUMEN TOTAL'!E518 -> GFIJA | E496: ='RESUMEN TOTAL'!F518 -> GPON | F496: ='RESUMEN TOTAL'!L518 -> 0 | G496: ='RESUMEN TOTAL'!M518 -> 0 | H496: ='RESUMEN TOTAL'!N518 -> 0 | I496: ='RESUMEN TOTAL'!O518 -> 0 | J496: ='RESUMEN TOTAL'!P518 -> 0 | K496: ='RESUMEN TOTAL'!Q518 -> 0 | L496: ='RESUMEN TOTAL'!R518 -> 0 | M496: ='RESUMEN TOTAL'!S518 -> 0 | ... AI496: ='RESUMEN TOTAL'!AO518 -> 0 | AJ496: ='RESUMEN TOTAL'!#REF! -> #REF!
A497: ='RESUMEN TOTAL'!A519 -> PARADAS SEGURAS | B497: ='RESUMEN TOTAL'!B519 -> 42 I | C497: ='RESUMEN TOTAL'!D519 -> Hudson y Dumas Oeste | D497: ='RESUMEN TOTAL'!E519 -> INTERCOMUNICADOR | E497: ='RESUMEN TOTAL'!F519 -> GPON | F497: ='RESUMEN TOTAL'!L519 -> 0 | G497: ='RESUMEN TOTAL'!M519 -> 0 | H497: ='RESUMEN TOTAL'!N519 -> 0 | I497: ='RESUMEN TOTAL'!O519 -> 0 | J497: ='RESUMEN TOTAL'!P519 -> 0 | K497: ='RESUMEN TOTAL'!Q519 -> 0 | L497: ='RESUMEN TOTAL'!R519 -> 0 | M497: ='RESUMEN TOTAL'!S519 -> 0 | ... AI497: ='RESUMEN TOTAL'!AO519 -> 0 | AJ497: ='RESUMEN TOTAL'!#REF! -> #REF!
... A499: ='RESUMEN TOTAL'!A521 -> PARADAS SEGURAS | B499: ='RESUMEN TOTAL'!B521 -> 43 I | C499: ='RESUMEN TOTAL'!D521 -> Hudson y Manuel de Falla Este | D499: ='RESUMEN TOTAL'!E521 -> INTERCOMUNICADOR | E499: ='RESUMEN TOTAL'!F521 -> GPON | F499: ='RESUMEN TOTAL'!L521 -> APAGADO | G499: ='RESUMEN TOTAL'!M521 -> APAGADO | H499: ='RESUMEN TOTAL'!N521 -> APAGADO | I499: ='RESUMEN TOTAL'!O521 -> APAGADO | J499: ='RESUMEN TOTAL'!P521 -> APAGADO | K499: ='RESUMEN TOTAL'!Q521 -> 0 | L499: ='RESUMEN TOTAL'!R521 -> 0 | M499: ='RESUMEN TOTAL'!S521 -> 0 | ... AI499: ='RESUMEN TOTAL'!AO521 -> 0 | AJ499: ='RESUMEN TOTAL'!#REF! -> #REF!
A500: ='RESUMEN TOTAL'!#REF! -> #REF! | B500: ='RESUMEN TOTAL'!#REF! -> #REF! | C500: ='RESUMEN TOTAL'!#REF! -> #REF! | D500: ='RESUMEN TOTAL'!#REF! -> #REF! | E500: ='RESUMEN TOTAL'!#REF! -> #REF! | F500: ='RESUMEN TOTAL'!#REF! -> #REF! | G500: ='RESUMEN TOTAL'!#REF! -> #REF! | H500: ='RESUMEN TOTAL'!#REF! -> #REF! | ... AJ500: ='RESUMEN TOTAL'!#REF! -> #REF!
A501: ='RESUMEN TOTAL'!#REF! -> #REF! | B501: ='RESUMEN TOTAL'!#REF! -> #REF! | C501: ='RESUMEN TOTAL'!#REF! -> #REF! | D501: ='RESUMEN TOTAL'!#REF! -> #REF! | E501: ='RESUMEN TOTAL'!#REF! -> #REF! | F501: ='RESUMEN TOTAL'!#REF! -> #REF! | G501: ='RESUMEN TOTAL'!#REF! -> #REF! | H501: ='RESUMEN TOTAL'!#REF! -> #REF! | ... AJ501: ='RESUMEN TOTAL'!#REF! -> #REF!
A502: ='RESUMEN TOTAL'!A522 -> PARADAS SEGURAS | B502: ='RESUMEN TOTAL'!B522 -> 45 C | C502: ='RESUMEN TOTAL'!D522 -> Hudson y Benito Perez Galdos Este | D502: ='RESUMEN TOTAL'!E522 -> GFIJA | E502: ='RESUMEN TOTAL'!F522 -> GPON | F502: ='RESUMEN TOTAL'!L522 -> 0 | G502: ='RESUMEN TOTAL'!M522 -> 0 | H502: ='RESUMEN TOTAL'!N522 -> 0 | I502: ='RESUMEN TOTAL'!O522 -> 0 | J502: ='RESUMEN TOTAL'!P522 -> 0 | K502: ='RESUMEN TOTAL'!Q522 -> 0 | L502: ='RESUMEN TOTAL'!R522 -> 0 | M502: ='RESUMEN TOTAL'!S522 -> 0 | ... AI502: ='RESUMEN TOTAL'!AO522 -> 0 | AJ502: ='RESUMEN TOTAL'!#REF! -> #REF!
A503: ='RESUMEN TOTAL'!A523 -> PARADAS SEGURAS | B503: ='RESUMEN TOTAL'!B523 -> 45 I | C503: ='RESUMEN TOTAL'!D523 -> Hudson y Benito Perez Galdos Este | D503: ='RESUMEN TOTAL'!E523 -> INTERCOMUNICADOR | E503: ='RESUMEN TOTAL'!F523 -> GPON | F503: ='RESUMEN TOTAL'!L523 -> 0 | G503: ='RESUMEN TOTAL'!M523 -> 0 | H503: ='RESUMEN TOTAL'!N523 -> 0 | I503: ='RESUMEN TOTAL'!O523 -> 0 | J503: ='RESUMEN TOTAL'!P523 -> 0 | K503: ='RESUMEN TOTAL'!Q523 -> 0 | L503: ='RESUMEN TOTAL'!R523 -> 0 | M503: ='RESUMEN TOTAL'!S523 -> 0 | ... AI503: ='RESUMEN TOTAL'!AO523 -> 0 | AJ503: ='RESUMEN TOTAL'!#REF! -> #REF!
A504: ='RESUMEN TOTAL'!A524 -> PARADAS SEGURAS | B504: ='RESUMEN TOTAL'!B524 -> 46 C | C504: ='RESUMEN TOTAL'!D524 -> Hudson y Avenida Bosques Este | D504: ='RESUMEN TOTAL'!E524 -> GFIJA | E504: ='RESUMEN TOTAL'!F524 -> GPON | F504: ='RESUMEN TOTAL'!L524 -> 0 | G504: ='RESUMEN TOTAL'!M524 -> 0 | H504: ='RESUMEN TOTAL'!N524 -> 0 | I504: ='RESUMEN TOTAL'!O524 -> 0 | J504: ='RESUMEN TOTAL'!P524 -> 0 | K504: ='RESUMEN TOTAL'!Q524 -> 0 | L504: ='RESUMEN TOTAL'!R524 -> 0 | M504: ='RESUMEN TOTAL'!S524 -> 0 | ... AI504: ='RESUMEN TOTAL'!AO524 -> 0 | AJ504: ='RESUMEN TOTAL'!#REF! -> #REF!
A505: ='RESUMEN TOTAL'!A525 -> PARADAS SEGURAS | B505: ='RESUMEN TOTAL'!B525 -> 46 I | C505: ='RESUMEN TOTAL'!D525 -> Hudson y Avenida Bosques Este | D505: ='RESUMEN TOTAL'!E525 -> INTERCOMUNICADOR | E505: ='RESUMEN TOTAL'!F525 -> GPON | F505: ='RESUMEN TOTAL'!L525 -> 0 | G505: ='RESUMEN TOTAL'!M525 -> 0 | H505: ='RESUMEN TOTAL'!N525 -> 0 | I505: ='RESUMEN TOTAL'!O525 -> 0 | J505: ='RESUMEN TOTAL'!P525 -> 0 | K505: ='RESUMEN TOTAL'!Q525 -> 0 | L505: ='RESUMEN TOTAL'!R525 -> 0 | M505: ='RESUMEN TOTAL'!S525 -> 0 | ... AI505: ='RESUMEN TOTAL'!AO525 -> 0 | AJ505: ='RESUMEN TOTAL'!#REF! -> #REF!
A506: ='RESUMEN TOTAL'!A526 -> PARADAS SEGURAS | B506: ='RESUMEN TOTAL'!B526 -> 47 C | C506: ='RESUMEN TOTAL'!D526 -> Hudson y Avenida Bosques Oeste | D506: ='RESUMEN TOTAL'!E526 -> GFIJA | E506: ='RESUMEN TOTAL'!F526 -> GPON | F506: ='RESUMEN TOTAL'!L526 -> 0 | G506: ='RESUMEN TOTAL'!M526 -> 0 | H506: ='RESUMEN TOTAL'!N526 -> 0 | I506: ='RESUMEN TOTAL'!O526 -> 0 | J506: ='RESUMEN TOTAL'!P526 -> 0 | K506: ='RESUMEN TOTAL'!Q526 -> 0 | L506: ='RESUMEN TOTAL'!R526 -> 0 | M506: ='RESUMEN TOTAL'!S526 -> 0 | ... AI506: ='RESUMEN TOTAL'!AO526 -> 0 | AJ506: ='RESUMEN TOTAL'!#REF! -> #REF!
A507: ='RESUMEN TOTAL'!A527 -> PARADAS SEGURAS | B507: ='RESUMEN TOTAL'!B527 -> 47 I | C507: ='RESUMEN TOTAL'!D527 -> Hudson y Avenida Bosques Oeste | D507: ='RESUMEN TOTAL'!E527 -> INTERCOMUNICADOR | E507: ='RESUMEN TOTAL'!F527 -> GPON | F507: ='RESUMEN TOTAL'!L527 -> 0 | G507: ='RESUMEN TOTAL'!M527 -> 0 | H507: ='RESUMEN TOTAL'!N527 -> 0 | I507: ='RESUMEN TOTAL'!O527 -> 0 | J507: ='RESUMEN TOTAL'!P527 -> 0 | K507: ='RESUMEN TOTAL'!Q527 -> 0 | L507: ='RESUMEN TOTAL'!R527 -> 0 | M507: ='RESUMEN TOTAL'!S527 -> 0 | ... AI507: ='RESUMEN TOTAL'!AO527 -> 0 | AJ507: ='RESUMEN TOTAL'!#REF! -> #REF!
A508: ='RESUMEN TOTAL'!A528 -> 0 | B508: ='RESUMEN TOTAL'!B528 -> 0 | C508: ='RESUMEN TOTAL'!D528 -> 0 | D508: ='RESUMEN TOTAL'!E528 -> 0 | E508: ='RESUMEN TOTAL'!F528 -> 0 | F508: ='RESUMEN TOTAL'!L528 -> 0 | G508: ='RESUMEN TOTAL'!M528 -> 0 | H508: ='RESUMEN TOTAL'!N528 -> 0 | I508: ='RESUMEN TOTAL'!O528 -> 0 | J508: ='RESUMEN TOTAL'!P528 -> 0 | K508: ='RESUMEN TOTAL'!Q528 -> 0 | L508: ='RESUMEN TOTAL'!R528 -> 0 | M508: ='RESUMEN TOTAL'!S528 -> 0 | ... AI508: ='RESUMEN TOTAL'!AO528 -> 0 | AJ508: ='RESUMEN TOTAL'!#REF! -> #REF!
A509: ='RESUMEN TOTAL'!A529 -> 0 | B509: ='RESUMEN TOTAL'!B529 -> 0 | C509: ='RESUMEN TOTAL'!D529 -> 0 | D509: ='RESUMEN TOTAL'!E529 -> 0 | E509: ='RESUMEN TOTAL'!F529 -> 0 | F509: ='RESUMEN TOTAL'!L529 -> 0 | G509: ='RESUMEN TOTAL'!M529 -> 0 | H509: ='RESUMEN TOTAL'!N529 -> 0 | I509: ='RESUMEN TOTAL'!O529 -> 0 | J509: ='RESUMEN TOTAL'!P529 -> 0 | K509: ='RESUMEN TOTAL'!Q529 -> 0 | L509: ='RESUMEN TOTAL'!R529 -> 0 | M509: ='RESUMEN TOTAL'!S529 -> 0 | ... AI509: ='RESUMEN TOTAL'!AO529 -> 0 | AJ509: ='RESUMEN TOTAL'!#REF! -> #REF!
A510: ='RESUMEN TOTAL'!A530 -> 0 | B510: ='RESUMEN TOTAL'!B530 -> 0 | C510: ='RESUMEN TOTAL'!D530 -> 0 | D510: ='RESUMEN TOTAL'!E530 -> 0 | E510: ='RESUMEN TOTAL'!F530 -> 0 | F510: ='RESUMEN TOTAL'!L530 -> 0 | G510: ='RESUMEN TOTAL'!M530 -> 0 | H510: ='RESUMEN TOTAL'!N530 -> 0 | I510: ='RESUMEN TOTAL'!O530 -> 0 | J510: ='RESUMEN TOTAL'!P530 -> 0 | K510: ='RESUMEN TOTAL'!Q530 -> 0 | L510: ='RESUMEN TOTAL'!R530 -> 0 | M510: ='RESUMEN TOTAL'!S530 -> 0 | ... AI510: ='RESUMEN TOTAL'!AO530 -> 0 | AJ510: ='RESUMEN TOTAL'!#REF! -> #REF!
A511: ='RESUMEN TOTAL'!A531 -> 0 | B511: ='RESUMEN TOTAL'!B531 -> 0 | C511: ='RESUMEN TOTAL'!D531 -> 0 | D511: ='RESUMEN TOTAL'!E531 -> 0 | E511: ='RESUMEN TOTAL'!F531 -> 0 | F511: ='RESUMEN TOTAL'!L531 -> 0 | G511: ='RESUMEN TOTAL'!M531 -> 0 | H511: ='RESUMEN TOTAL'!N531 -> 0 | I511: ='RESUMEN TOTAL'!O531 -> 0 | J511: ='RESUMEN TOTAL'!P531 -> 0 | K511: ='RESUMEN TOTAL'!Q531 -> 0 | L511: ='RESUMEN TOTAL'!R531 -> 0 | M511: ='RESUMEN TOTAL'!S531 -> 0 | ... AI511: ='RESUMEN TOTAL'!AO531 -> 0 | AJ511: ='RESUMEN TOTAL'!#REF! -> #REF!
A512: ='RESUMEN TOTAL'!A532 -> 0 | B512: ='RESUMEN TOTAL'!B532 -> 0 | C512: ='RESUMEN TOTAL'!D532 -> 0 | D512: ='RESUMEN TOTAL'!E532 -> 0 | E512: ='RESUMEN TOTAL'!F532 -> 0 | F512: ='RESUMEN TOTAL'!L532 -> 0 | G512: ='RESUMEN TOTAL'!M532 -> 0 | H512: ='RESUMEN TOTAL'!N532 -> 0 | I512: ='RESUMEN TOTAL'!O532 -> 0 | J512: ='RESUMEN TOTAL'!P532 -> 0 | K512: ='RESUMEN TOTAL'!Q532 -> 0 | L512: ='RESUMEN TOTAL'!R532 -> 0 | M512: ='RESUMEN TOTAL'!S532 -> 0 | ... AI512: ='RESUMEN TOTAL'!AO532 -> 0 | AJ512: ='RESUMEN TOTAL'!#REF! -> #REF!
A513: ='RESUMEN TOTAL'!A533 -> 0 | B513: ='RESUMEN TOTAL'!B533 -> 0 | C513: ='RESUMEN TOTAL'!D533 -> 0 | D513: ='RESUMEN TOTAL'!E533 -> 0 | E513: ='RESUMEN TOTAL'!F533 -> 0 | F513: ='RESUMEN TOTAL'!L533 -> 0 | G513: ='RESUMEN TOTAL'!M533 -> 0 | H513: ='RESUMEN TOTAL'!N533 -> 0 | I513: ='RESUMEN TOTAL'!O533 -> 0 | J513: ='RESUMEN TOTAL'!P533 -> 0 | K513: ='RESUMEN TOTAL'!Q533 -> 0 | L513: ='RESUMEN TOTAL'!R533 -> 0 | M513: ='RESUMEN TOTAL'!S533 -> 0 | ... AI513: ='RESUMEN TOTAL'!AO533 -> 0 | AJ513: ='RESUMEN TOTAL'!#REF! -> #REF!
... A603: ='RESUMEN TOTAL'!A623 -> 0 | B603: ='RESUMEN TOTAL'!B623 -> 0 | C603: ='RESUMEN TOTAL'!D623 -> 0 | D603: ='RESUMEN TOTAL'!E623 -> 0 | E603: ='RESUMEN TOTAL'!F623 -> 0 | F603: ='RESUMEN TOTAL'!L623 -> 0 | G603: ='RESUMEN TOTAL'!M623 -> 0 | H603: ='RESUMEN TOTAL'!N623 -> 0 | I603: ='RESUMEN TOTAL'!O623 -> 0 | J603: ='RESUMEN TOTAL'!P623 -> 0 | K603: ='RESUMEN TOTAL'!Q623 -> 0 | L603: ='RESUMEN TOTAL'!R623 -> 0 | M603: ='RESUMEN TOTAL'!S623 -> 0 | ... AI603: ='RESUMEN TOTAL'!AO623 -> 0 | AJ603: ='RESUMEN TOTAL'!#REF! -> #REF!

Sheet APAGADOS ANTENA
C1: TOTAL PTO A FO
E2: APAGADOS | F2: =COUNTIFS(F5:F502, "=APAGADO",E5:E502,"=PTO A FO") -> 6 | G2: =COUNTIFS(G5:G502, "=APAGADO",E5:E502,"=PTO A FO") -> 6 | H2: =COUNTIFS(H5:H502, "=APAGADO",E5:E502,"=PTO A FO") -> 6 | I2: =COUNTIFS(I5:I502, "=APAGADO",E5:E502,"=PTO A FO") -> 2 | J2: =COUNTIFS(J5:J502, "=APAGADO",E5:E502,"=PTO A FO") -> 2 | K2: =COUNTIFS(K5:K502, "=APAGADO",E5:E502,"=PTO A FO") -> 0 | L2: =COUNTIFS(L5:L502, "=APAGADO",E5:E502,"=PTO A FO") -> 0 | M2: =COUNTIFS(M5:M502, "=APAGADO",E5:E502,"=PTO A FO") -> 0 | N2: =COUNTIFS(N5:N502, "=APAGADO",E5:E502,"=PTO A FO") -> 0 | O2: =COUNTIFS(O5:O502, "=APAGADO",E5:E502,"=PTO A FO") -> 0 | P2: =COUNTIFS(P5:P502, "=APAGADO",E5:E502,"=PTO A FO") -> 0 | Q2: =COUNTIFS(Q5:Q502, "=APAGADO",E5:E502,"=PTO A FO") -> 0 | R2: =COUNTIFS(R5:R502, "=APAGADO",E5:E502,"=PTO A FO") -> 0 | S2: =COUNTIFS(S5:S502, "=APAGADO",E5:E502,"=PTO A FO") -> 0 | T2: =COUNTIFS(T5:T502, "=APAGADO",E5:E502,"=PTO A FO") -> 0 | U2: =COUNTIFS(U5:U502, "=APAGADO",E5:E502,"=PTO A FO") -> 0 | V2: =COUNTIFS(V5:V502, "=APAGADO",E5:E502,"=PTO A FO") -> 0 | W2: =COUNTIFS(W5:W502, "=APAGADO",E5:E502,"=PTO A FO") -> 0 | X2: =COUNTIFS(X4:X502, "=APAGADO",E4:E502,"=PTO A FO") -> 0 | Y2: =COUNTIFS(Y5:Y502, "=APAGADO",E5:E502,"=PTO A FO") -> 0 | Z2: =COUNTIFS(Z5:Z502, "=APAGADO",E5:E502,"=PTO A FO") -> 0 | AA2: =COUNTIFS(AA5:AA502, "=APAGADO",E5:E502,"=PTO A FO") -> 0 | AB2: =COUNTIFS(AB5:AB502, "=APAGADO",E5:E502,"=PTO A FO") -> 0 | AC2: =COUNTIFS(AC4:AC602, "=APAGADO",E4:E602,"=PTO A FO") -> 0 | AD2: =COUNTIFS(AD5:AD502, "=APAGADO",E5:E502,"=PTO A FO") -> 0 | AE2: =COUNTIFS(AE5:AE502, "=APAGADO",E5:E502,"=PTO A FO") -> 0 | AF2: =COUNTIFS(AF5:AF502, "=APAGADO",E5:E502,"=PTO A FO") -> 0 | AG2: =COUNTIFS(AG5:AG502, "=APAGADO",E5:E502,"=PTO A FO") -> 0 | AH2: =COUNTIFS(AH5:AH502, "=APAGADO",E5:E502,"=PTO A FO") -> 0 | AI2: =COUNTIFS(AI5:AI502, "=APAGADO",E5:E502,"=PTO A FO") -> 0
A3: =ESTADISTICA!A1 -> Barrio | B3: =ESTADISTICA!B1 -> [Denominacion] | C3: =ESTADISTICA!C1 -> [Ubicacion] | D3: =ESTADISTICA!D1 -> [Tipo de Camara] | E3: =ESTADISTICA!E1 -> [Tipo de Conexion] | F3: =ESTADISTICA!F1 -> 45200 | G3: =ESTADISTICA!G1 -> 45201 | H3: =ESTADISTICA!H1 -> 45202 | ... AI3: =ESTADISTICA!AI1 -> 45229
A4: ='RESUMEN TOTAL'!A6 -> ALTAMIRA | B4: ='RESUMEN TOTAL'!B6 -> ALT02 | C4: ='RESUMEN TOTAL'!D6 -> Calchaqui y Lope de Vega | D4: ='RESUMEN TOTAL'!E6 -> Domo | E4: ='RESUMEN TOTAL'!F6 -> PTO A FO | F4: ='RESUMEN TOTAL'!L6 -> 0 | G4: ='RESUMEN TOTAL'!M6 -> 0 | H4: ='RESUMEN TOTAL'!N6 -> 0 | I4: ='RESUMEN TOTAL'!O6 -> 0 | J4: ='RESUMEN TOTAL'!P6 -> 0 | K4: ='RESUMEN TOTAL'!Q6 -> 0 | L4: ='RESUMEN TOTAL'!R6 -> 0 | M4: ='RESUMEN TOTAL'!S6 -> 0 | ... AI4: ='RESUMEN TOTAL'!AO6 -> 0 | AJ4: ='RESUMEN TOTAL'!#REF! -> #REF!
A5: ='RESUMEN TOTAL'!A7 -> ALTAMIRA | B5: ='RESUMEN TOTAL'!B7 -> ALT 03 | C5: ='RESUMEN TOTAL'!D7 -> Bombero Galarza y Necochea | D5: ='RESUMEN TOTAL'!E7 -> Domo | E5: ='RESUMEN TOTAL'!F7 -> Fibra Optica | F5: ='RESUMEN TOTAL'!L7 -> 0 | G5: ='RESUMEN TOTAL'!M7 -> 0 | H5: ='RESUMEN TOTAL'!N7 -> 0 | I5: ='RESUMEN TOTAL'!O7 -> 0 | J5: ='RESUMEN TOTAL'!P7 -> 0 | K5: ='RESUMEN TOTAL'!Q7 -> 0 | L5: ='RESUMEN TOTAL'!R7 -> 0 | M5: ='RESUMEN TOTAL'!S7 -> 0 | ... AI5: ='RESUMEN TOTAL'!AO7 -> 0 | AJ5: ='RESUMEN TOTAL'!#REF! -> #REF!
A6: ='RESUMEN TOTAL'!A8 -> ALTAMIRA | B6: ='RESUMEN TOTAL'!B8 -> ALT 04 | C6: ='RESUMEN TOTAL'!D8 -> Francia y Necochea | D6: ='RESUMEN TOTAL'!E8 -> Domo | E6: ='RESUMEN TOTAL'!F8 -> Fibra Optica | F6: ='RESUMEN TOTAL'!L8 -> 0 | G6: ='RESUMEN TOTAL'!M8 -> 0 | H6: ='RESUMEN TOTAL'!N8 -> 0 | I6: ='RESUMEN TOTAL'!O8 -> 0 | J6: ='RESUMEN TOTAL'!P8 -> 0 | K6: ='RESUMEN TOTAL'!Q8 -> 0 | L6: ='RESUMEN TOTAL'!R8 -> 0 | M6: ='RESUMEN TOTAL'!S8 -> 0 | ... AI6: ='RESUMEN TOTAL'!AO8 -> 0 | AJ6: ='RESUMEN TOTAL'!#REF! -> #REF!
A7: ='RESUMEN TOTAL'!A9 -> ALTAMIRA | B7: ='RESUMEN TOTAL'!B9 -> ALT05 | C7: ='RESUMEN TOTAL'!D9 -> Av. Calchaqui y Bombero Galarza | D7: ='RESUMEN TOTAL'!E9 -> Domo | E7: ='RESUMEN TOTAL'!F9 -> PTO A FO | F7: ='RESUMEN TOTAL'!L9 -> 0 | G7: ='RESUMEN TOTAL'!M9 -> 0 | H7: ='RESUMEN TOTAL'!N9 -> 0 | I7: ='RESUMEN TOTAL'!O9 -> 0 | J7: ='RESUMEN TOTAL'!P9 -> 0 | K7: ='RESUMEN TOTAL'!Q9 -> 0 | L7: ='RESUMEN TOTAL'!R9 -> 0 | M7: ='RESUMEN TOTAL'!S9 -> 0 | ... AI7: ='RESUMEN TOTAL'!AO9 -> 0 | AJ7: ='RESUMEN TOTAL'!#REF! -> #REF!
A8: ='RESUMEN TOTAL'!A10 -> ALTAMIRA | B8: ='RESUMEN TOTAL'!B10 -> ALT 06 | C8: ='RESUMEN TOTAL'!D10 -> LOPE DE VEGA Y NECOCHEA | D8: ='RESUMEN TOTAL'!E10 -> Domo | E8: ='RESUMEN TOTAL'!F10 -> PTO A FO | F8: ='RESUMEN TOTAL'!L10 -> 0 | G8: ='RESUMEN TOTAL'!M10 -> 0 | H8: ='RESUMEN TOTAL'!N10 -> 0 | I8: ='RESUMEN TOTAL'!O10 -> 0 | J8: ='RESUMEN TOTAL'!P10 -> 0 | K8: ='RESUMEN TOTAL'!Q10 -> 0 | L8: ='RESUMEN TOTAL'!R10 -> 0 | M8: ='RESUMEN TOTAL'!S10 -> 0 | ... AI8: ='RESUMEN TOTAL'!AO10 -> 0 | AJ8: ='RESUMEN TOTAL'!#REF! -> #REF!
A9: ='RESUMEN TOTAL'!A11 -> ALTAMIRA | B9: ='RESUMEN TOTAL'!B11 -> ALT07 | C9: ='RESUMEN TOTAL'!D11 -> AV. CALCHAQUI Y AV. DEL TRABAJO | D9: ='RESUMEN TOTAL'!E11 -> DOMO | E9: ='RESUMEN TOTAL'!F11 -> PTO A FO | F9: ='RESUMEN TOTAL'!L11 -> 0 | G9: ='RESUMEN TOTAL'!M11 -> 0 | H9: ='RESUMEN TOTAL'!N11 -> 0 | I9: ='RESUMEN TOTAL'!O11 -> 0 | J9: ='RESUMEN TOTAL'!P11 -> 0 | K9: ='RESUMEN TOTAL'!Q11 -> 0 | L9: ='RESUMEN TOTAL'!R11 -> 0 | M9: ='RESUMEN TOTAL'!S11 -> 0 | ... AI9: ='RESUMEN TOTAL'!AO11 -> 0 | AJ9: ='RESUMEN TOTAL'!#REF! -> #REF!
A10: ='RESUMEN TOTAL'!A12 -> ALTAMIRA | B10: ='RESUMEN TOTAL'!B12 -> ALT 08 | C10: ='RESUMEN TOTAL'!D12 -> HUMAITA Y NECOCHEA | D10: ='RESUMEN TOTAL'!E12 -> DOMO | E10: ='RESUMEN TOTAL'!F12 -> Fibra Optica | F10: ='RESUMEN TOTAL'!L12 -> 0 | G10: ='RESUMEN TOTAL'!M12 -> 0 | H10: ='RESUMEN TOTAL'!N12 -> 0 | I10: ='RESUMEN TOTAL'!O12 -> 0 | J10: ='RESUMEN TOTAL'!P12 -> 0 | K10: ='RESUMEN TOTAL'!Q12 -> 0 | L10: ='RESUMEN TOTAL'!R12 -> 0 | M10: ='RESUMEN TOTAL'!S12 -> 0 | ... AI10: ='RESUMEN TOTAL'!AO12 -> 0 | AJ10: ='RESUMEN TOTAL'!#REF! -> #REF!
A11: ='RESUMEN TOTAL'!A13 -> ALTAMIRA | B11: ='RESUMEN TOTAL'!B13 -> ALT 09 | C11: ='RESUMEN TOTAL'!D13 -> NECOCHEA Y CURUPAITY | D11: ='RESUMEN TOTAL'!E13 -> DOMO | E11: ='RESUMEN TOTAL'!F13 -> Fibra Optica | F11: ='RESUMEN TOTAL'!L13 -> 0 | G11: ='RESUMEN TOTAL'!M13 -> 0 | H11: ='RESUMEN TOTAL'!N13 -> 0 | I11: ='RESUMEN TOTAL'!O13 -> 0 | J11: ='RESUMEN TOTAL'!P13 -> 0 | K11: ='RESUMEN TOTAL'!Q13 -> 0 | L11: ='RESUMEN TOTAL'!R13 -> 0 | M11: ='RESUMEN TOTAL'!S13 -> 0 | ... AI11: ='RESUMEN TOTAL'!AO13 -> 0 | AJ11: ='RESUMEN TOTAL'!#REF! -> #REF!
A12: ='RESUMEN TOTAL'!A14 -> ALTAMIRA | B12: ='RESUMEN TOTAL'!B14 -> ALT 10 | C12: ='RESUMEN TOTAL'!D14 -> Calchaqui y Francia | D12: ='RESUMEN TOTAL'!E14 -> Domo | E12: ='RESUMEN TOTAL'!F14 -> Radio | F12: ='RESUMEN TOTAL'!L14 -> 0 | G12: ='RESUMEN TOTAL'!M14 -> 0 | H12: ='RESUMEN TOTAL'!N14 -> 0 | I12: ='RESUMEN TOTAL'!O14 -> 0 | J12: ='RESUMEN TOTAL'!P14 -> 0 | K12: ='RESUMEN TOTAL'!Q14 -> 0 | L12: ='RESUMEN TOTAL'!R14 -> 0 | M12: ='RESUMEN TOTAL'!S14 -> 0 | ... AI12: ='RESUMEN TOTAL'!AO14 -> 0 | AJ12: ='RESUMEN TOTAL'!#REF! -> #REF!
A13: ='RESUMEN TOTAL'!A15 -> AGUSTIN RAMIREZ | B13: ='RESUMEN TOTAL'!B15 -> ARA 01 | C13: ='RESUMEN TOTAL'!D15 -> Malambo y Tranquera | D13: ='RESUMEN TOTAL'!E15 -> Domo | E13: ='RESUMEN TOTAL'!F15 -> Fibra Optica | F13: ='RESUMEN TOTAL'!L15 -> APAGADO | G13: ='RESUMEN TOTAL'!M15 -> APAGADO | H13: ='RESUMEN TOTAL'!N15 -> APAGADO | I13: ='RESUMEN TOTAL'!O15 -> APAGADO | J13: ='RESUMEN TOTAL'!P15 -> APAGADO | K13: ='RESUMEN TOTAL'!Q15 -> 0 | L13: ='RESUMEN TOTAL'!R15 -> 0 | M13: ='RESUMEN TOTAL'!S15 -> 0 | ... AI13: ='RESUMEN TOTAL'!AO15 -> 0 | AJ13: ='RESUMEN TOTAL'!#REF! -> #REF!
A14: ='RESUMEN TOTAL'!A16 -> BELGRANO | B14: ='RESUMEN TOTAL'!B16 -> BEL 01 | C14: ='RESUMEN TOTAL'!D16 -> San Martin y Dardo Rocha | D14: ='RESUMEN TOTAL'!E16 -> DOMO | E14: ='RESUMEN TOTAL'!F16 -> Fibra Optica | F14: ='RESUMEN TOTAL'!L16 -> 0 | G14: ='RESUMEN TOTAL'!M16 -> 0 | H14: ='RESUMEN TOTAL'!N16 -> 0 | I14: ='RESUMEN TOTAL'!O16 -> 0 | J14: ='RESUMEN TOTAL'!P16 -> 0 | K14: ='RESUMEN TOTAL'!Q16 -> 0 | L14: ='RESUMEN TOTAL'!R16 -> 0 | M14: ='RESUMEN TOTAL'!S16 -> 0 | ... AI14: ='RESUMEN TOTAL'!AO16 -> 0 | AJ14: ='RESUMEN TOTAL'!#REF! -> #REF!
A15: ='RESUMEN TOTAL'!A17 -> BELGRANO | B15: ='RESUMEN TOTAL'!B17 -> BEL 02 | C15: ='RESUMEN TOTAL'!D17 -> Guardia vieja y Fronteriz | D15: ='RESUMEN TOTAL'!E17 -> DOMO | E15: ='RESUMEN TOTAL'!F17 -> Fibra Optica | F15: ='RESUMEN TOTAL'!L17 -> 0 | G15: ='RESUMEN TOTAL'!M17 -> 0 | H15: ='RESUMEN TOTAL'!N17 -> 0 | I15: ='RESUMEN TOTAL'!O17 -> 0 | J15: ='RESUMEN TOTAL'!P17 -> 0 | K15: ='RESUMEN TOTAL'!Q17 -> 0 | L15: ='RESUMEN TOTAL'!R17 -> 0 | M15: ='RESUMEN TOTAL'!S17 -> 0 | ... AI15: ='RESUMEN TOTAL'!AO17 -> 0 | AJ15: ='RESUMEN TOTAL'!#REF! -> #REF!
... A425: ='RESUMEN TOTAL'!A427 -> VILLA ANGELICA | B425: ='RESUMEN TOTAL'!B427 -> VDPL06 | C425: ='RESUMEN TOTAL'!D427 -> Thevenet e/ Islas Orcadas y Gardel | D425: ='RESUMEN TOTAL'!E427 -> Domo | E425: ='RESUMEN TOTAL'!F427 -> Radio | F425: ='RESUMEN TOTAL'!L427 -> 0 | G425: ='RESUMEN TOTAL'!M427 -> 0 | H425: ='RESUMEN TOTAL'!N427 -> 0 | I425: ='RESUMEN TOTAL'!O427 -> 0 | J425: ='RESUMEN TOTAL'!P427 -> 0 | K425: ='RESUMEN TOTAL'!Q427 -> 0 | L425: ='RESUMEN TOTAL'!R427 -> 0 | M425: ='RESUMEN TOTAL'!S427 -> 0 | ... AI425: ='RESUMEN TOTAL'!AO427 -> 0 | AJ425: ='RESUMEN TOTAL'!#REF! -> #REF!
A426: ='RESUMEN TOTAL'!A429 -> VILLA HUDSON | B426: ='RESUMEN TOTAL'!B429 -> VHS 01 | C426: ='RESUMEN TOTAL'!D429 -> AV. HUDSON Y AV. LUJAN | D426: ='RESUMEN TOTAL'!E429 -> DOMO | E426: ='RESUMEN TOTAL'!F429 -> Fibra Optica | F426: ='RESUMEN TOTAL'!L429 -> 0 | G426: ='RESUMEN TOTAL'!M429 -> 0 | H426: ='RESUMEN TOTAL'!N429 -> 0 | I426: ='RESUMEN TOTAL'!O429 -> 0 | J426: ='RESUMEN TOTAL'!P429 -> 0 | K426: ='RESUMEN TOTAL'!Q429 -> 0 | L426: ='RESUMEN TOTAL'!R429 -> 0 | M426: ='RESUMEN TOTAL'!S429 -> 0 | ... AI426: ='RESUMEN TOTAL'!AO429 -> 0 | AJ426: ='RESUMEN TOTAL'!#REF! -> #REF!
A427: ='RESUMEN TOTAL'!A430 -> VILLA HUDSON | B427: ='RESUMEN TOTAL'!B430 -> VHS 02 | C427: ='RESUMEN TOTAL'!D430 -> AV. LUJAN Y CALLE 909 A | D427: ='RESUMEN TOTAL'!E430 -> DOMO | E427: ='RESUMEN TOTAL'!F430 -> Fibra Optica | F427: ='RESUMEN TOTAL'!L430 -> 0 | G427: ='RESUMEN TOTAL'!M430 -> 0 | H427: ='RESUMEN TOTAL'!N430 -> 0 | I427: ='RESUMEN TOTAL'!O430 -> 0 | J427: ='RESUMEN TOTAL'!P430 -> 0 | K427: ='RESUMEN TOTAL'!Q430 -> 0 | L427: ='RESUMEN TOTAL'!R430 -> 0 | M427: ='RESUMEN TOTAL'!S430 -> 0 | ... AI427: ='RESUMEN TOTAL'!AO430 -> 0 | AJ427: ='RESUMEN TOTAL'!#REF! -> #REF!
A428: ='RESUMEN TOTAL'!A431 -> VILLA HUDSON | B428: ='RESUMEN TOTAL'!B431 -> VHS 03 (fija 1) | C428: ='RESUMEN TOTAL'!D431 -> AV. HUDSON Y LOS INMIGRANTES | D428: ='RESUMEN TOTAL'!E431 -> Fija | E428: ='RESUMEN TOTAL'!F431 -> Fibra Optica | F428: ='RESUMEN TOTAL'!L431 -> 0 | G428: ='RESUMEN TOTAL'!M431 -> 0 | H428: ='RESUMEN TOTAL'!N431 -> 0 | I428: ='RESUMEN TOTAL'!O431 -> 0 | J428: ='RESUMEN TOTAL'!P431 -> 0 | K428: ='RESUMEN TOTAL'!Q431 -> 0 | L428: ='RESUMEN TOTAL'!R431 -> 0 | M428: ='RESUMEN TOTAL'!S431 -> 0 | ... AI428: ='RESUMEN TOTAL'!AO431 -> 0 | AJ428: ='RESUMEN TOTAL'!#REF! -> #REF!
A429: ='RESUMEN TOTAL'!A432 -> VILLA HUDSON | B429: ='RESUMEN TOTAL'!B432 -> VHS 04 (fija 2) | C429: ='RESUMEN TOTAL'!D432 -> AV. HUDSON Y LOS INMIGRANTES | D429: ='RESUMEN TOTAL'!E432 -> Fija | E429: ='RESUMEN TOTAL'!F432 -> Fibra Optica | F429: ='RESUMEN TOTAL'!L432 -> 0 | G429: ='RESUMEN TOTAL'!M432 -> 0 | H429: ='RESUMEN TOTAL'!N432 -> 0 | I429: ='RESUMEN TOTAL'!O432 -> 0 | J429: ='RESUMEN TOTAL'!P432 -> 0 | K429: ='RESUMEN TOTAL'!Q432 -> 0 | L429: ='RESUMEN TOTAL'!R432 -> 0 | M429: ='RESUMEN TOTAL'!S432 -> 0 | ... AI429: ='RESUMEN TOTAL'!AO432 -> 0 | AJ429: ='RESUMEN TOTAL'!#REF! -> #REF!
A430: ='RESUMEN TOTAL'!A433 -> VILLA ARIAS | B430: ='RESUMEN TOTAL'!B433 -> VLA 01 (fija 1) | C430: ='RESUMEN TOTAL'!D433 -> 820 Y SOLER | D430: ='RESUMEN TOTAL'!E433 -> Fija | E430: ='RESUMEN TOTAL'!F433 -> Fibra Optica | F430: ='RESUMEN TOTAL'!L433 -> 0 | G430: ='RESUMEN TOTAL'!M433 -> 0 | H430: ='RESUMEN TOTAL'!N433 -> 0 | I430: ='RESUMEN TOTAL'!O433 -> 0 | J430: ='RESUMEN TOTAL'!P433 -> 0 | K430: ='RESUMEN TOTAL'!Q433 -> 0 | L430: ='RESUMEN TOTAL'!R433 -> 0 | M430: ='RESUMEN TOTAL'!S433 -> 0 | ... AI430: ='RESUMEN TOTAL'!AO433 -> 0 | AJ430: ='RESUMEN TOTAL'!#REF! -> #REF!
A431: ='RESUMEN TOTAL'!A434 -> VILLA ARIAS | B431: ='RESUMEN TOTAL'!B434 -> VLA 02 | C431: ='RESUMEN TOTAL'!D434 -> ESPORA Y HUDSON | D431: ='RESUMEN TOTAL'!E434 -> DOMO | E431: ='RESUMEN TOTAL'!F434 -> Fibra Optica | F431: ='RESUMEN TOTAL'!L434 -> 0 | G431: ='RESUMEN TOTAL'!M434 -> 0 | H431: ='RESUMEN TOTAL'!N434 -> 0 | I431: ='RESUMEN TOTAL'!O434 -> 0 | J431: ='RESUMEN TOTAL'!P434 -> 0 | K431: ='RESUMEN TOTAL'!Q434 -> 0 | L431: ='RESUMEN TOTAL'!R434 -> 0 | M431: ='RESUMEN TOTAL'!S434 -> 0 | ... AI431: ='RESUMEN TOTAL'!AO434 -> 0 | AJ431: ='RESUMEN TOTAL'!#REF! -> #REF!
A432: ='RESUMEN TOTAL'!A435 -> VILLA ARIAS | B432: ='RESUMEN TOTAL'!B435 -> VLA03 (fija 2) | C432: ='RESUMEN TOTAL'!D435 -> 820 y SOLER | D432: ='RESUMEN TOTAL'!E435 -> Fija | E432: ='RESUMEN TOTAL'!F435 -> Fibra Optica | F432: ='RESUMEN TOTAL'!L435 -> 0 | G432: ='RESUMEN TOTAL'!M435 -> 0 | H432: ='RESUMEN TOTAL'!N435 -> 0 | I432: ='RESUMEN TOTAL'!O435 -> 0 | J432: ='RESUMEN TOTAL'!P435 -> 0 | K432: ='RESUMEN TOTAL'!Q435 -> 0 | L432: ='RESUMEN TOTAL'!R435 -> 0 | M432: ='RESUMEN TOTAL'!S435 -> 0 | ... AI432: ='RESUMEN TOTAL'!AO435 -> 0 | AJ432: ='RESUMEN TOTAL'!#REF! -> #REF!
A433: ='RESUMEN TOTAL'!A436 -> VILLA ARIAS | B433: ='RESUMEN TOTAL'!B436 -> VLA04 | C433: ='RESUMEN TOTAL'!D436 -> ESPORA Y MARTIN GRASS | D433: ='RESUMEN TOTAL'!E436 -> DOMO | E433: ='RESUMEN TOTAL'!F436 -> Fibra Optica | F433: ='RESUMEN TOTAL'!L436 -> 0 | G433: ='RESUMEN TOTAL'!M436 -> 0 | H433: ='RESUMEN TOTAL'!N436 -> 0 | I433: ='RESUMEN TOTAL'!O436 -> 0 | J433: ='RESUMEN TOTAL'!P436 -> 0 | K433: ='RESUMEN TOTAL'!Q436 -> 0 | L433: ='RESUMEN TOTAL'!R436 -> 0 | M433: ='RESUMEN TOTAL'!S436 -> 0 | ... AI433: ='RESUMEN TOTAL'!AO436 -> 0 | AJ433: ='RESUMEN TOTAL'!#REF! -> #REF!
A434: ='RESUMEN TOTAL'!A437 -> VILLA ARIAS | B434: ='RESUMEN TOTAL'!B437 -> VLA05 | C434: ='RESUMEN TOTAL'!D437 -> ESPORA Y 802 | D434: ='RESUMEN TOTAL'!E437 -> DOMO | E434: ='RESUMEN TOTAL'!F437 -> Fibra Optica | F434: ='RESUMEN TOTAL'!L437 -> 0 | G434: ='RESUMEN TOTAL'!M437 -> 0 | H434: ='RESUMEN TOTAL'!N437 -> 0 | I434: ='RESUMEN TOTAL'!O437 -> 0 | J434: ='RESUMEN TOTAL'!P437 -> 0 | K434: ='RESUMEN TOTAL'!Q437 -> 0 | L434: ='RESUMEN TOTAL'!R437 -> 0 | M434: ='RESUMEN TOTAL'!S437 -> 0 | ... AI434: ='RESUMEN TOTAL'!AO437 -> 0 | AJ434: ='RESUMEN TOTAL'!#REF! -> #REF!
A435: ='RESUMEN TOTAL'!A438 -> VILLA MONICA NUEVA | B435: ='RESUMEN TOTAL'!B438 -> VMO 02 | C435: ='RESUMEN TOTAL'!D438 -> Rio Carapachay y Oroño | D435: ='RESUMEN TOTAL'!E438 -> Domo | E435: ='RESUMEN TOTAL'!F438 -> Radio | F435: ='RESUMEN TOTAL'!L438 -> 0 | G435: ='RESUMEN TOTAL'!M438 -> 0 | H435: ='RESUMEN TOTAL'!N438 -> 0 | I435: ='RESUMEN TOTAL'!O438 -> 0 | J435: ='RESUMEN TOTAL'!P438 -> 0 | K435: ='RESUMEN TOTAL'!Q438 -> 0 | L435: ='RESUMEN TOTAL'!R438 -> 0 | M435: ='RESUMEN TOTAL'!S438 -> 0 | ... AI435: ='RESUMEN TOTAL'!AO438 -> 0 | AJ435: ='RESUMEN TOTAL'!#REF! -> #REF!
A436: ='RESUMEN TOTAL'!A439 -> VILLA MONICA NUEVA | B436: ='RESUMEN TOTAL'!B439 -> VMO 03 (fija 1) | C436: ='RESUMEN TOTAL'!D439 -> EVA PERON E/ OROÑO Y 734 A | D436: ='RESUMEN TOTAL'!E439 -> Fija | E436: ='RESUMEN TOTAL'!F439 -> Fibra Optica | F436: ='RESUMEN TOTAL'!L439 -> 0 | G436: ='RESUMEN TOTAL'!M439 -> 0 | H436: ='RESUMEN TOTAL'!N439 -> 0 | I436: ='RESUMEN TOTAL'!O439 -> 0 | J436: ='RESUMEN TOTAL'!P439 -> 0 | K436: ='RESUMEN TOTAL'!Q439 -> 0 | L436: ='RESUMEN TOTAL'!R439 -> 0 | M436: ='RESUMEN TOTAL'!S439 -> 0 | ... AI436: ='RESUMEN TOTAL'!AO439 -> 0 | AJ436: ='RESUMEN TOTAL'!#REF! -> #REF!
A437: ='RESUMEN TOTAL'!A440 -> VILLA MONICA NUEVA | B437: ='RESUMEN TOTAL'!B440 -> VMO 04 (fija 2) | C437: ='RESUMEN TOTAL'!D440 -> EVA PERON E/ OROÑO Y 734 A | D437: ='RESUMEN TOTAL'!E440 -> Fija | E437: ='RESUMEN TOTAL'!F440 -> Fibra Optica | F437: ='RESUMEN TOTAL'!L440 -> 0 | G437: ='RESUMEN TOTAL'!M440 -> 0 | H437: ='RESUMEN TOTAL'!N440 -> 0 | I437: ='RESUMEN TOTAL'!O440 -> 0 | J437: ='RESUMEN TOTAL'!P440 -> 0 | K437: ='RESUMEN TOTAL'!Q440 -> 0 | L437: ='RESUMEN TOTAL'!R440 -> 0 | M437: ='RESUMEN TOTAL'!S440 -> 0 | ... AI437: ='RESUMEN TOTAL'!AO440 -> 0 | AJ437: ='RESUMEN TOTAL'!#REF! -> #REF!
... A454: ='RESUMEN TOTAL'!A457 -> ZEBALLOS | B454: ='RESUMEN TOTAL'!B457 -> ZEB 05 | C454: ='RESUMEN TOTAL'!D457 -> DIAG. GRANADEROS Y 214 BIS | D454: ='RESUMEN TOTAL'!E457 -> Domo | E454: ='RESUMEN TOTAL'!F457 -> Radio | F454: ='RESUMEN TOTAL'!L457 -> 0 | G454: ='RESUMEN TOTAL'!M457 -> 0 | H454: ='RESUMEN TOTAL'!N457 -> 0 | I454: ='RESUMEN TOTAL'!O457 -> 0 | J454: ='RESUMEN TOTAL'!P457 -> 0 | K454: ='RESUMEN TOTAL'!Q457 -> 0 | L454: ='RESUMEN TOTAL'!R457 -> 0 | M454: ='RESUMEN TOTAL'!S457 -> 0 | ... AI454: ='RESUMEN TOTAL'!AO457 -> 0 | AJ454: ='RESUMEN TOTAL'!#REF! -> #REF!
A455: ='RESUMEN TOTAL'!A478 -> PARADAS SEGURAS | B455: ='RESUMEN TOTAL'!B478 -> 21 | C455: ='RESUMEN TOTAL'!D478 -> HUDSON Y CABILDO OESTE | D455: ='RESUMEN TOTAL'!E478 -> GFIJA | E455: ='RESUMEN TOTAL'!F478 -> GPON | F455: ='RESUMEN TOTAL'!L478 -> 0 | G455: ='RESUMEN TOTAL'!M478 -> 0 | H455: ='RESUMEN TOTAL'!N478 -> 0 | I455: ='RESUMEN TOTAL'!O478 -> 0 | J455: ='RESUMEN TOTAL'!P478 -> 0 | K455: ='RESUMEN TOTAL'!Q478 -> 0 | L455: ='RESUMEN TOTAL'!R478 -> 0 | M455: ='RESUMEN TOTAL'!S478 -> 0 | ... AI455: ='RESUMEN TOTAL'!AO478 -> 0 | AJ455: ='RESUMEN TOTAL'!#REF! -> #REF!
A456: ='RESUMEN TOTAL'!A479 -> PARADAS SEGURAS | B456: ='RESUMEN TOTAL'!B479 -> 21 I | C456: ='RESUMEN TOTAL'!D479 -> HUDSON Y CABILDO OESTE | D456: ='RESUMEN TOTAL'!E479 -> INTERCOMUNICADOR | E456: ='RESUMEN TOTAL'!F479 -> GPON | F456: ='RESUMEN TOTAL'!L479 -> 0 | G456: ='RESUMEN TOTAL'!M479 -> 0 | H456: ='RESUMEN TOTAL'!N479 -> 0 | I456: ='RESUMEN TOTAL'!O479 -> 0 | J456: ='RESUMEN TOTAL'!P479 -> 0 | K456: ='RESUMEN TOTAL'!Q479 -> 0 | L456: ='RESUMEN TOTAL'!R479 -> 0 | M456: ='RESUMEN TOTAL'!S479 -> 0 | ... AI456: ='RESUMEN TOTAL'!AO479 -> 0 | AJ456: ='RESUMEN TOTAL'!#REF! -> #REF!
A457: ='RESUMEN TOTAL'!A480 -> PARADAS SEGURAS | B457: ='RESUMEN TOTAL'!B480 -> 22 | C457: ='RESUMEN TOTAL'!D480 -> HUDSON Y CABILDO ESTE | D457: ='RESUMEN TOTAL'!E480 -> GFIJA | E457: ='RESUMEN TOTAL'!F480 -> GPON | F457: ='RESUMEN TOTAL'!L480 -> 0 | G457: ='RESUMEN TOTAL'!M480 -> 0 | H457: ='RESUMEN TOTAL'!N480 -> 0 | I457: ='RESUMEN TOTAL'!O480 -> 0 | J457: ='RESUMEN TOTAL'!P480 -> 0 | K457: ='RESUMEN TOTAL'!Q480 -> 0 | L457: ='RESUMEN TOTAL'!R480 -> 0 | M457: ='RESUMEN TOTAL'!S480 -> 0 | ... AI457: ='RESUMEN TOTAL'!AO480 -> 0 | AJ457: ='RESUMEN TOTAL'!#REF! -> #REF!
A458: ='RESUMEN TOTAL'!A481 -> PARADAS SEGURAS | B458: ='RESUMEN TOTAL'!B481 -> 22 I | C458: ='RESUMEN TOTAL'!D481 -> HUDSON Y CABILDO ESTE | D458: ='RESUMEN TOTAL'!E481 -> INTERCOMUNICADOR | E458: ='RESUMEN TOTAL'!F481 -> GPON | F458: ='RESUMEN TOTAL'!L481 -> 0 | G458: ='RESUMEN TOTAL'!M481 -> 0 | H458: ='RESUMEN TOTAL'!N481 -> 0 | I458: ='RESUMEN TOTAL'!O481 -> 0 | J458: ='RESUMEN TOTAL'!P481 -> 0 | K458: ='RESUMEN TOTAL'!Q481 -> 0 | L458: ='RESUMEN TOTAL'!R481 -> 0 | M458: ='RESUMEN TOTAL'!S481 -> 0 | ... AI458: ='RESUMEN TOTAL'!AO481 -> 0 | AJ458: ='RESUMEN TOTAL'!#REF! -> #REF!
A459: ='RESUMEN TOTAL'!A482 -> PARADAS SEGURAS | B459: ='RESUMEN TOTAL'!B482 -> 23 | C459: ='RESUMEN TOTAL'!D482 -> HUDSON Y SAN NICOLAS OESTE | D459: ='RESUMEN TOTAL'!E482 -> GFIJA | E459: ='RESUMEN TOTAL'!F482 -> GPON | F459: ='RESUMEN TOTAL'!L482 -> 0 | G459: ='RESUMEN TOTAL'!M482 -> 0 | H459: ='RESUMEN TOTAL'!N482 -> 0 | I459: ='RESUMEN TOTAL'!O482 -> 0 | J459: ='RESUMEN TOTAL'!P482 -> 0 | K459: ='RESUMEN TOTAL'!Q482 -> 0 | L459: ='RESUMEN TOTAL'!R482 -> 0 | M459: ='RESUMEN TOTAL'!S482 -> 0 | ... AI459: ='RESUMEN TOTAL'!AO482 -> 0 | AJ459: ='RESUMEN TOTAL'!#REF! -> #REF!
A460: ='RESUMEN TOTAL'!A483 -> PARADAS SEGURAS | B460: ='RESUMEN TOTAL'!B483 -> 23 I | C460: ='RESUMEN TOTAL'!D483 -> HUDSON Y SAN NICOLAS OESTE | D460: ='RESUMEN TOTAL'!E483 -> INTERCOMUNICADOR | E460: ='RESUMEN TOTAL'!F483 -> GPON | F460: ='RESUMEN TOTAL'!L483 -> 0 | G460: ='RESUMEN TOTAL'!M483 -> 0 | H460: ='RESUMEN TOTAL'!N483 -> 0 | I460: ='RESUMEN TOTAL'!O483 -> 0 | J460: ='RESUMEN TOTAL'!P483 -> 0 | K460: ='RESUMEN TOTAL'!Q483 -> 0 | L460: ='RESUMEN TOTAL'!R483 -> 0 | M460: ='RESUMEN TOTAL'!S483 -> 0 | ... AI460: ='RESUMEN TOTAL'!AO483 -> 0 | AJ460: ='RESUMEN TOTAL'!#REF! -> #REF!
A461: ='RESUMEN TOTAL'!A484 -> PARADAS SEGURAS | B461: ='RESUMEN TOTAL'!B484 -> 24 | C461: ='RESUMEN TOTAL'!D484 -> HUDSON Y ALDAO ESTE | D461: ='RESUMEN TOTAL'!E484 -> GFIJA | E461: ='RESUMEN TOTAL'!F484 -> GPON | F461: ='RESUMEN TOTAL'!L484 -> 0 | G461: ='RESUMEN TOTAL'!M484 -> 0 | H461: ='RESUMEN TOTAL'!N484 -> 0 | I461: ='RESUMEN TOTAL'!O484 -> 0 | J461: ='RESUMEN TOTAL'!P484 -> 0 | K461: ='RESUMEN TOTAL'!Q484 -> 0 | L461: ='RESUMEN TOTAL'!R484 -> 0 | M461: ='RESUMEN TOTAL'!S484 -> 0 | ... AI461: ='RESUMEN TOTAL'!AO484 -> 0 | AJ461: ='RESUMEN TOTAL'!#REF! -> #REF!
A462: ='RESUMEN TOTAL'!A485 -> PARADAS SEGURAS | B462: ='RESUMEN TOTAL'!B485 -> 24 I | C462: ='RESUMEN TOTAL'!D485 -> HUDSON Y ALDAO ESTE | D462: ='RESUMEN TOTAL'!E485 -> INTERCOMUNICADOR | E462: ='RESUMEN TOTAL'!F485 -> GPON | F462: ='RESUMEN TOTAL'!L485 -> 0 | G462: ='RESUMEN TOTAL'!M485 -> 0 | H462: ='RESUMEN TOTAL'!N485 -> 0 | I462: ='RESUMEN TOTAL'!O485 -> 0 | J462: ='RESUMEN TOTAL'!P485 -> 0 | K462: ='RESUMEN TOTAL'!Q485 -> 0 | L462: ='RESUMEN TOTAL'!R485 -> 0 | M462: ='RESUMEN TOTAL'!S485 -> 0 | ... AI462: ='RESUMEN TOTAL'!AO485 -> 0 | AJ462: ='RESUMEN TOTAL'!#REF! -> #REF!
A463: ='RESUMEN TOTAL'!A486 -> PARADAS SEGURAS | B463: ='RESUMEN TOTAL'!B486 -> 25 | C463: ='RESUMEN TOTAL'!D486 -> HUDSON Y RIO JACHAL | D463: ='RESUMEN TOTAL'!E486 -> GFIJA | E463: ='RESUMEN TOTAL'!F486 -> GPON | F463: ='RESUMEN TOTAL'!L486 -> 0 | G463: ='RESUMEN TOTAL'!M486 -> 0 | H463: ='RESUMEN TOTAL'!N486 -> 0 | I463: ='RESUMEN TOTAL'!O486 -> 0 | J463: ='RESUMEN TOTAL'!P486 -> 0 | K463: ='RESUMEN TOTAL'!Q486 -> 0 | L463: ='RESUMEN TOTAL'!R486 -> 0 | M463: ='RESUMEN TOTAL'!S486 -> 0 | ... AI463: ='RESUMEN TOTAL'!AO486 -> 0 | AJ463: ='RESUMEN TOTAL'!#REF! -> #REF!
A464: ='RESUMEN TOTAL'!A487 -> PARADAS SEGURAS | B464: ='RESUMEN TOTAL'!B487 -> 25 I | C464: ='RESUMEN TOTAL'!D487 -> HUDSON Y RIO JACHAL | D464: ='RESUMEN TOTAL'!E487 -> INTERCOMUNICADOR | E464: ='RESUMEN TOTAL'!F487 -> GPON | F464: ='RESUMEN TOTAL'!L487 -> 0 | G464: ='RESUMEN TOTAL'!M487 -> 0 | H464: ='RESUMEN TOTAL'!N487 -> 0 | I464: ='RESUMEN TOTAL'!O487 -> 0 | J464: ='RESUMEN TOTAL'!P487 -> 0 | K464: ='RESUMEN TOTAL'!Q487 -> 0 | L464: ='RESUMEN TOTAL'!R487 -> 0 | M464: ='RESUMEN TOTAL'!S487 -> 0 | ... AI464: ='RESUMEN TOTAL'!AO487 -> 0 | AJ464: ='RESUMEN TOTAL'!#REF! -> #REF!
A465: ='RESUMEN TOTAL'!A488 -> PARADAS SEGURAS | B465: ='RESUMEN TOTAL'!B488 -> 26 | C465: ='RESUMEN TOTAL'!D488 -> HUDSON Y RIO COLORADO OESTE | D465: ='RESUMEN TOTAL'!E488 -> GFIJA | E465: ='RESUMEN TOTAL'!F488 -> GPON | F465: ='RESUMEN TOTAL'!L488 -> 0 | G465: ='RESUMEN TOTAL'!M488 -> 0 | H465: ='RESUMEN TOTAL'!N488 -> 0 | I465: ='RESUMEN TOTAL'!O488 -> 0 | J465: ='RESUMEN TOTAL'!P488 -> 0 | K465: ='RESUMEN TOTAL'!Q488 -> 0 | L465: ='RESUMEN TOTAL'!R488 -> 0 | M465: ='RESUMEN TOTAL'!S488 -> 0 | ... AI465: ='RESUMEN TOTAL'!AO488 -> 0 | AJ465: ='RESUMEN TOTAL'!#REF! -> #REF!
A466: ='RESUMEN TOTAL'!A489 -> PARADAS SEGURAS | B466: ='RESUMEN TOTAL'!B489 -> 26 I | C466: ='RESUMEN TOTAL'!D490 -> HUDON Y 818 ESTE | D466: ='RESUMEN TOTAL'!E489 -> INTERCOMUNICADOR | E466: ='RESUMEN TOTAL'!F489 -> GPON | F466: ='RESUMEN TOTAL'!L489 -> 0 | G466: ='RESUMEN TOTAL'!M489 -> 0 | H466: ='RESUMEN TOTAL'!N489 -> 0 | I466: ='RESUMEN TOTAL'!O489 -> 0 | J466: ='RESUMEN TOTAL'!P489 -> 0 | K466: ='RESUMEN TOTAL'!Q489 -> 0 | L466: ='RESUMEN TOTAL'!R489 -> 0 | M466: ='RESUMEN TOTAL'!S489 -> 0 | ... AI466: ='RESUMEN TOTAL'!AO489 -> 0 | AJ466: ='RESUMEN TOTAL'!#REF! -> #REF!
A467: ='RESUMEN TOTAL'!A490 -> PARADAS SEGURAS | B467: ='RESUMEN TOTAL'!B490 -> 27 | C467: ='RESUMEN TOTAL'!D492 -> HUDSON Y RIO TRAFUL OESTE | D467: ='RESUMEN TOTAL'!E490 -> GFIJA | E467: ='RESUMEN TOTAL'!F490 -> GPON | F467: ='RESUMEN TOTAL'!L490 -> 0 | G467: ='RESUMEN TOTAL'!M490 -> 0 | H467: ='RESUMEN TOTAL'!N490 -> 0 | I467: ='RESUMEN TOTAL'!O490 -> 0 | J467: ='RESUMEN TOTAL'!P490 -> 0 | K467: ='RESUMEN TOTAL'!Q490 -> 0 | L467: ='RESUMEN TOTAL'!R490 -> 0 | M467: ='RESUMEN TOTAL'!S490 -> 0 | ... AI467: ='RESUMEN TOTAL'!AO490 -> 0 | AJ467: ='RESUMEN TOTAL'!#REF! -> #REF!
A468: ='RESUMEN TOTAL'!A491 -> PARADAS SEGURAS | B468: ='RESUMEN TOTAL'!B491 -> 27 I | C468: ='RESUMEN TOTAL'!D494 -> HUDSON Y ESTOMBA ESTE | D468: ='RESUMEN TOTAL'!E491 -> INTERCOMUNICADOR | E468: ='RESUMEN TOTAL'!F491 -> GPON | F468: ='RESUMEN TOTAL'!L491 -> 0 | G468: ='RESUMEN TOTAL'!M491 -> 0 | H468: ='RESUMEN TOTAL'!N491 -> 0 | I468: ='RESUMEN TOTAL'!O491 -> 0 | J468: ='RESUMEN TOTAL'!P491 -> 0 | K468: ='RESUMEN TOTAL'!Q491 -> 0 | L468: ='RESUMEN TOTAL'!R491 -> 0 | M468: ='RESUMEN TOTAL'!S491 -> 0 | ... AI468: ='RESUMEN TOTAL'!AO491 -> 0 | AJ468: ='RESUMEN TOTAL'!#REF! -> #REF!
A469: ='RESUMEN TOTAL'!A492 -> PARADAS SEGURAS | B469: ='RESUMEN TOTAL'!B492 -> 28 | C469: ='RESUMEN TOTAL'!D496 -> HUDSON Y PICHEUTA OESTE | D469: ='RESUMEN TOTAL'!E492 -> GFIJA | E469: ='RESUMEN TOTAL'!F492 -> GPON | F469: ='RESUMEN TOTAL'!L492 -> 0 | G469: ='RESUMEN TOTAL'!M492 -> 0 | H469: ='RESUMEN TOTAL'!N492 -> 0 | I469: ='RESUMEN TOTAL'!O492 -> 0 | J469: ='RESUMEN TOTAL'!P492 -> 0 | K469: ='RESUMEN TOTAL'!Q492 -> 0 | L469: ='RESUMEN TOTAL'!R492 -> 0 | M469: ='RESUMEN TOTAL'!S492 -> 0 | ... AI469: ='RESUMEN TOTAL'!AO492 -> 0 | AJ469: ='RESUMEN TOTAL'!#REF! -> #REF!
A470: ='RESUMEN TOTAL'!A493 -> PARADAS SEGURAS | B470: ='RESUMEN TOTAL'!B493 -> 28 I | C470: ='RESUMEN TOTAL'!D498 -> HUDSON Y 830 ESTE | D470: ='RESUMEN TOTAL'!E493 -> INTERCOMUNICADOR | E470: ='RESUMEN TOTAL'!F493 -> GPON | F470: ='RESUMEN TOTAL'!L493 -> 0 | G470: ='RESUMEN TOTAL'!M493 -> 0 | H470: ='RESUMEN TOTAL'!N493 -> 0 | I470: ='RESUMEN TOTAL'!O493 -> 0 | J470: ='RESUMEN TOTAL'!P493 -> 0 | K470: ='RESUMEN TOTAL'!Q493 -> 0 | L470: ='RESUMEN TOTAL'!R493 -> 0 | M470: ='RESUMEN TOTAL'!S493 -> 0 | ... AI470: ='RESUMEN TOTAL'!AO493 -> 0 | AJ470: ='RESUMEN TOTAL'!#REF! -> #REF!
A471: ='RESUMEN TOTAL'!A494 -> PARADAS SEGURAS | B471: ='RESUMEN TOTAL'!B494 -> 29 | C471: ='RESUMEN TOTAL'!#REF! -> #REF! | D471: ='RESUMEN TOTAL'!E494 -> GFIJA | E471: ='RESUMEN TOTAL'!F494 -> GPON | F471: ='RESUMEN TOTAL'!L494 -> 0 | G471: ='RESUMEN TOTAL'!M494 -> 0 | H471: ='RESUMEN TOTAL'!N494 -> 0 | I471: ='RESUMEN TOTAL'!O494 -> 0 | J471: ='RESUMEN TOTAL'!P494 -> 0 | K471: ='RESUMEN TOTAL'!Q494 -> 0 | L471: ='RESUMEN TOTAL'!R494 -> 0 | M471: ='RESUMEN TOTAL'!S494 -> 0 | ... AI471: ='RESUMEN TOTAL'!AO494 -> 0 | AJ471: ='RESUMEN TOTAL'!#REF! -> #REF!
A472: ='RESUMEN TOTAL'!A495 -> PARADAS SEGURAS | B472: ='RESUMEN TOTAL'!B495 -> 29 I | C472: ='RESUMEN TOTAL'!#REF! -> #REF! | D472: ='RESUMEN TOTAL'!E495 -> INTERCOMUNICADOR | E472: ='RESUMEN TOTAL'!F495 -> GPON | F472: ='RESUMEN TOTAL'!L495 -> 0 | G472: ='RESUMEN TOTAL'!M495 -> 0 | H472: ='RESUMEN TOTAL'!N495 -> 0 | I472: ='RESUMEN TOTAL'!O495 -> 0 | J472: ='RESUMEN TOTAL'!P495 -> 0 | K472: ='RESUMEN TOTAL'!Q495 -> 0 | L472: ='RESUMEN TOTAL'!R495 -> 0 | M472: ='RESUMEN TOTAL'!S495 -> 0 | ... AI472: ='RESUMEN TOTAL'!AO495 -> 0 | AJ472: ='RESUMEN TOTAL'!#REF! -> #REF!
A473: ='RESUMEN TOTAL'!A496 -> PARADAS SEGURAS | B473: ='RESUMEN TOTAL'!B496 -> 30 | C473: ='RESUMEN TOTAL'!#REF! -> #REF! | D473: ='RESUMEN TOTAL'!E496 -> GFIJA | E473: ='RESUMEN TOTAL'!F496 -> GPON | F473: ='RESUMEN TOTAL'!L496 -> APAGADO | G473: ='RESUMEN TOTAL'!M496 -> APAGADO | H473: ='RESUMEN TOTAL'!N496 -> APAGADO | I473: ='RESUMEN TOTAL'!O496 -> APAGADO | J473: ='RESUMEN TOTAL'!P496 -> APAGADO | K473: ='RESUMEN TOTAL'!Q496 -> 0 | L473: ='RESUMEN TOTAL'!R496 -> 0 | M473: ='RESUMEN TOTAL'!S496 -> 0 | ... AI473: ='RESUMEN TOTAL'!AO496 -> 0 | AJ473: ='RESUMEN TOTAL'!#REF! -> #REF!
A474: ='RESUMEN TOTAL'!A497 -> PARADAS SEGURAS | B474: ='RESUMEN TOTAL'!B497 -> 30 I | C474: ='RESUMEN TOTAL'!D497 -> HUDSON Y PICHEUTA OESTE | D474: ='RESUMEN TOTAL'!E497 -> INTERCOMUNICADOR | E474: ='RESUMEN TOTAL'!F497 -> GPON | F474: ='RESUMEN TOTAL'!L497 -> APAGADO | G474: ='RESUMEN TOTAL'!M497 -> APAGADO | H474: ='RESUMEN TOTAL'!N497 -> APAGADO | I474: ='RESUMEN TOTAL'!O497 -> APAGADO | J474: ='RESUMEN TOTAL'!P497 -> APAGADO | K474: ='RESUMEN TOTAL'!Q497 -> 0 | L474: ='RESUMEN TOTAL'!R497 -> 0 | M474: ='RESUMEN TOTAL'!S497 -> 0 | ... AI474: ='RESUMEN TOTAL'!AO497 -> 0 | AJ474: ='RESUMEN TOTAL'!#REF! -> #REF!
A475: ='RESUMEN TOTAL'!A498 -> PARADAS SEGURAS | B475: ='RESUMEN TOTAL'!B498 -> 31 | C475: ='RESUMEN TOTAL'!#REF! -> #REF! | D475: ='RESUMEN TOTAL'!E498 -> GFIJA | E475: ='RESUMEN TOTAL'!F498 -> GPON | F475: ='RESUMEN TOTAL'!L498 -> 0 | G475: ='RESUMEN TOTAL'!M498 -> 0 | H475: ='RESUMEN TOTAL'!N498 -> 0 | I475: ='RESUMEN TOTAL'!O498 -> 0 | J475: ='RESUMEN TOTAL'!P498 -> 0 | K475: ='RESUMEN TOTAL'!Q498 -> 0 | L475: ='RESUMEN TOTAL'!R498 -> 0 | M475: ='RESUMEN TOTAL'!S498 -> 0 | ... AI475: ='RESUMEN TOTAL'!AO498 -> 0 | AJ475: ='RESUMEN TOTAL'!#REF! -> #REF!
A476: ='RESUMEN TOTAL'!A499 -> PARADAS SEGURAS | B476: ='RESUMEN TOTAL'!B499 -> 31 I | C476: ='RESUMEN TOTAL'!#REF! -> #REF! | D476: ='RESUMEN TOTAL'!E499 -> INTERCOMUNICADOR | E476: ='RESUMEN TOTAL'!F499 -> GPON | F476: ='RESUMEN TOTAL'!L499 -> 0 | G476: ='RESUMEN TOTAL'!M499 -> 0 | H476: ='RESUMEN TOTAL'!N499 -> 0 | I476: ='RESUMEN TOTAL'!O499 -> 0 | J476: ='RESUMEN TOTAL'!P499 -> 0 | K476: ='RESUMEN TOTAL'!Q499 -> 0 | L476: ='RESUMEN TOTAL'!R499 -> 0 | M476: ='RESUMEN TOTAL'!S499 -> 0 | ... AI476: ='RESUMEN TOTAL'!AO499 -> 0 | AJ476: ='RESUMEN TOTAL'!#REF! -> #REF!
A477: ='RESUMEN TOTAL'!A500 -> PARADAS SEGURAS | B477: ='RESUMEN TOTAL'!B500 -> 32 C | C477: ='RESUMEN TOTAL'!D500 -> Hudson y 834 oeste | D477: ='RESUMEN TOTAL'!E500 -> GFIJA | E477: ='RESUMEN TOTAL'!F500 -> GPON | F477: ='RESUMEN TOTAL'!L500 -> 0 | G477: ='RESUMEN TOTAL'!M500 -> 0 | H477: ='RESUMEN TOTAL'!N500 -> 0 | I477: ='RESUMEN TOTAL'!O500 -> 0 | J477: ='RESUMEN TOTAL'!P500 -> 0 | K477: ='RESUMEN TOTAL'!Q500 -> 0 | L477: ='RESUMEN TOTAL'!R500 -> 0 | M477: ='RESUMEN TOTAL'!S500 -> 0 | ... AI477: ='RESUMEN TOTAL'!AO500 -> 0 | AJ477: ='RESUMEN TOTAL'!#REF! -> #REF!
A478: ='RESUMEN TOTAL'!A501 -> PARADAS SEGURAS | B478: ='RESUMEN TOTAL'!B501 -> 32 I | C478: ='RESUMEN TOTAL'!D501 -> Hudson y 834 oeste | D478: ='RESUMEN TOTAL'!E501 -> INTERCOMUNICADOR | E478: ='RESUMEN TOTAL'!F501 -> GPON | F478: ='RESUMEN TOTAL'!L501 -> 0 | G478: ='RESUMEN TOTAL'!M501 -> 0 | H478: ='RESUMEN TOTAL'!N501 -> 0 | I478: ='RESUMEN TOTAL'!O501 -> 0 | J478: ='RESUMEN TOTAL'!P501 -> 0 | K478: ='RESUMEN TOTAL'!Q501 -> 0 | L478: ='RESUMEN TOTAL'!R501 -> 0 | M478: ='RESUMEN TOTAL'!S501 -> 0 | ... AI478: ='RESUMEN TOTAL'!AO501 -> 0 | AJ478: ='RESUMEN TOTAL'!#REF! -> #REF!
A479: ='RESUMEN TOTAL'!A502 -> PARADAS SEGURAS | B479: ='RESUMEN TOTAL'!B502 -> 33 C | C479: ='RESUMEN TOTAL'!D502 -> Hudson y 834 este | D479: ='RESUMEN TOTAL'!E502 -> GFIJA | E479: ='RESUMEN TOTAL'!F502 -> GPON | F479: ='RESUMEN TOTAL'!L502 -> 0 | G479: ='RESUMEN TOTAL'!M502 -> 0 | H479: ='RESUMEN TOTAL'!N502 -> 0 | I479: ='RESUMEN TOTAL'!O502 -> APAGADO | J479: ='RESUMEN TOTAL'!P502 -> APAGADO | K479: ='RESUMEN TOTAL'!Q502 -> 0 | L479: ='RESUMEN TOTAL'!R502 -> 0 | M479: ='RESUMEN TOTAL'!S502 -> 0 | ... AI479: ='RESUMEN TOTAL'!AO502 -> 0 | AJ479: ='RESUMEN TOTAL'!#REF! -> #REF!
A480: ='RESUMEN TOTAL'!A503 -> PARADAS SEGURAS | B480: ='RESUMEN TOTAL'!B503 -> 33 I | C480: ='RESUMEN TOTAL'!D503 -> Hudson y 834 este | D480: ='RESUMEN TOTAL'!E503 -> INTERCOMUNICADOR | E480: ='RESUMEN TOTAL'!F503 -> GPON | F480: ='RESUMEN TOTAL'!L503 -> 0 | G480: ='RESUMEN TOTAL'!M503 -> 0 | H480: ='RESUMEN TOTAL'!N503 -> 0 | I480: ='RESUMEN TOTAL'!O503 -> 0 | J480: ='RESUMEN TOTAL'!P503 -> 0 | K480: ='RESUMEN TOTAL'!Q503 -> 0 | L480: ='RESUMEN TOTAL'!R503 -> 0 | M480: ='RESUMEN TOTAL'!S503 -> 0 | ... AI480: ='RESUMEN TOTAL'!AO503 -> 0 | AJ480: ='RESUMEN TOTAL'!#REF! -> #REF!
A481: ='RESUMEN TOTAL'!A504 -> PARADAS SEGURAS | B481: ='RESUMEN TOTAL'!B504 -> 34 C | C481: ='RESUMEN TOTAL'!D504 -> Hudson y Suipacha oeste | D481: ='RESUMEN TOTAL'!E504 -> GFIJA | E481: ='RESUMEN TOTAL'!F504 -> GPON | F481: ='RESUMEN TOTAL'!L504 -> 0 | G481: ='RESUMEN TOTAL'!M504 -> 0 | H481: ='RESUMEN TOTAL'!N504 -> 0 | I481: ='RESUMEN TOTAL'!O504 -> 0 | J481: ='RESUMEN TOTAL'!P504 -> 0 | K481: ='RESUMEN TOTAL'!Q504 -> 0 | L481: ='RESUMEN TOTAL'!R504 -> 0 | M481: ='RESUMEN TOTAL'!S504 -> 0 | ... AI481: ='RESUMEN TOTAL'!AO504 -> 0 | AJ481: ='RESUMEN TOTAL'!#REF! -> #REF!
A482: ='RESUMEN TOTAL'!A505 -> PARADAS SEGURAS | B482: ='RESUMEN TOTAL'!B505 -> 34 I | C482: ='RESUMEN TOTAL'!D505 -> Hudson y Suipacha oeste | D482: ='RESUMEN TOTAL'!E505 -> INTERCOMUNICADOR | E482: ='RESUMEN TOTAL'!F505 -> GPON | F482: ='RESUMEN TOTAL'!L505 -> 0 | G482: ='RESUMEN TOTAL'!M505 -> 0 | H482: ='RESUMEN TOTAL'!N505 -> 0 | I482: ='RESUMEN TOTAL'!O505 -> APAGADO | J482: ='RESUMEN TOTAL'!P505 -> APAGADO | K482: ='RESUMEN TOTAL'!Q505 -> 0 | L482: ='RESUMEN TOTAL'!R505 -> 0 | M482: ='RESUMEN TOTAL'!S505 -> 0 | ... AI482: ='RESUMEN TOTAL'!AO505 -> 0 | AJ482: ='RESUMEN TOTAL'!#REF! -> #REF!
A483: ='RESUMEN TOTAL'!A506 -> PARADAS SEGURAS | B483: ='RESUMEN TOTAL'!B506 -> 35 C | C483: ='RESUMEN TOTAL'!D506 -> Hudson y Suipacha este | D483: ='RESUMEN TOTAL'!E506 -> GFIJA | E483: ='RESUMEN TOTAL'!F506 -> GPON | F483: ='RESUMEN TOTAL'!L506 -> APAGADO | G483: ='RESUMEN TOTAL'!M506 -> APAGADO | H483: ='RESUMEN TOTAL'!N506 -> 0 | I483: ='RESUMEN TOTAL'!O506 -> APAGADO | J483: ='RESUMEN TOTAL'!P506 -> APAGADO | K483: ='RESUMEN TOTAL'!Q506 -> 0 | L483: ='RESUMEN TOTAL'!R506 -> 0 | M483: ='RESUMEN TOTAL'!S506 -> 0 | ... AI483: ='RESUMEN TOTAL'!AO506 -> 0 | AJ483: ='RESUMEN TOTAL'!#REF! -> #REF!
A484: ='RESUMEN TOTAL'!A507 -> PARADAS SEGURAS | B484: ='RESUMEN TOTAL'!B507 -> 35 I | C484: ='RESUMEN TOTAL'!D507 -> Hudson y Suipacha este | D484: ='RESUMEN TOTAL'!E507 -> INTERCOMUNICADOR | E484: ='RESUMEN TOTAL'!F507 -> GPON | F484: ='RESUMEN TOTAL'!L507 -> 0 | G484: ='RESUMEN TOTAL'!M507 -> 0 | H484: ='RESUMEN TOTAL'!N507 -> APAGADO | I484: ='RESUMEN TOTAL'!O507 -> 0 | J484: ='RESUMEN TOTAL'!P507 -> 0 | K484: ='RESUMEN TOTAL'!Q507 -> 0 | L484: ='RESUMEN TOTAL'!R507 -> 0 | M484: ='RESUMEN TOTAL'!S507 -> 0 | ... AI484: ='RESUMEN TOTAL'!AO507 -> 0 | AJ484: ='RESUMEN TOTAL'!#REF! -> #REF!
A485: ='RESUMEN TOTAL'!#REF! -> #REF! | B485: ='RESUMEN TOTAL'!#REF! -> #REF! | C485: ='RESUMEN TOTAL'!#REF! -> #REF! | D485: ='RESUMEN TOTAL'!#REF! -> #REF! | E485: ='RESUMEN TOTAL'!#REF! -> #REF! | F485: ='RESUMEN TOTAL'!#REF! -> #REF! | G485: ='RESUMEN TOTAL'!#REF! -> #REF! | H485: ='RESUMEN TOTAL'!#REF! -> #REF! | ... AJ485: ='RESUMEN TOTAL'!#REF! -> #REF!
A486: ='RESUMEN TOTAL'!#REF! -> #REF! | B486: ='RESUMEN TOTAL'!#REF! -> #REF! | C486: ='RESUMEN TOTAL'!#REF! -> #REF! | D486: ='RESUMEN TOTAL'!#REF! -> #REF! | E486: ='RESUMEN TOTAL'!#REF! -> #REF! | F486: ='RESUMEN TOTAL'!#REF! -> #REF! | G486: ='RESUMEN TOTAL'!#REF! -> #REF! | H486: ='RESUMEN TOTAL'!#REF! -> #REF! | ... AJ486: ='RESUMEN TOTAL'!#REF! -> #REF!
A487: ='RESUMEN TOTAL'!A508 -> PARADAS SEGURAS | B487: ='RESUMEN TOTAL'!B508 -> 37 C | C487: ='RESUMEN TOTAL'!D508 -> Hudson y Jose Ingeniero Este | D487: ='RESUMEN TOTAL'!E508 -> GFIJA | E487: ='RESUMEN TOTAL'!F508 -> GPON | F487: ='RESUMEN TOTAL'!L508 -> 0 | G487: ='RESUMEN TOTAL'!M508 -> 0 | H487: ='RESUMEN TOTAL'!N508 -> } | I487: ='RESUMEN TOTAL'!O508 -> 0 | J487: ='RESUMEN TOTAL'!P508 -> 0 | K487: ='RESUMEN TOTAL'!Q508 -> 0 | L487: ='RESUMEN TOTAL'!R508 -> 0 | M487: ='RESUMEN TOTAL'!S508 -> 0 | ... AI487: ='RESUMEN TOTAL'!AO508 -> 0 | AJ487: ='RESUMEN TOTAL'!#REF! -> #REF!
A488: ='RESUMEN TOTAL'!A509 -> PARADAS SEGURAS | B488: ='RESUMEN TOTAL'!B509 -> 37 I | C488: ='RESUMEN TOTAL'!D509 -> Hudson y Jose Ingeniero Este | D488: ='RESUMEN TOTAL'!E509 -> INTERCOMUNICADOR | E488: ='RESUMEN TOTAL'!F509 -> GPON | F488: ='RESUMEN TOTAL'!L509 -> 0 | G488: ='RESUMEN TOTAL'!M509 -> 0 | H488: ='RESUMEN TOTAL'!N509 -> 0 | I488: ='RESUMEN TOTAL'!O509 -> 0 | J488: ='RESUMEN TOTAL'!P509 -> 0 | K488: ='RESUMEN TOTAL'!Q509 -> 0 | L488: ='RESUMEN TOTAL'!R509 -> 0 | M488: ='RESUMEN TOTAL'!S509 -> 0 | ... AI488: ='RESUMEN TOTAL'!AO509 -> 0 | AJ488: ='RESUMEN TOTAL'!#REF! -> #REF!
A489: ='RESUMEN TOTAL'!A510 -> PARADAS SEGURAS | B489: ='RESUMEN TOTAL'!B510 -> 38 C | C489: ='RESUMEN TOTAL'!D510 -> Hudson y Cacheuta Oeste | D489: ='RESUMEN TOTAL'!E510 -> GFIJA | E489: ='RESUMEN TOTAL'!F510 -> GPON | F489: ='RESUMEN TOTAL'!L510 -> 0 | G489: ='RESUMEN TOTAL'!M510 -> 0 | H489: ='RESUMEN TOTAL'!N510 -> 0 | I489: ='RESUMEN TOTAL'!O510 -> 0 | J489: ='RESUMEN TOTAL'!P510 -> 0 | K489: ='RESUMEN TOTAL'!Q510 -> 0 | L489: ='RESUMEN TOTAL'!R510 -> 0 | M489: ='RESUMEN TOTAL'!S510 -> 0 | ... AI489: ='RESUMEN TOTAL'!AO510 -> 0 | AJ489: ='RESUMEN TOTAL'!#REF! -> #REF!
A490: ='RESUMEN TOTAL'!A511 -> PARADAS SEGURAS | B490: ='RESUMEN TOTAL'!B511 -> 38 I | C490: ='RESUMEN TOTAL'!D511 -> Hudson y Cacheuta Oeste | D490: ='RESUMEN TOTAL'!E511 -> INTERCOMUNICADOR | E490: ='RESUMEN TOTAL'!F511 -> GPON | F490: ='RESUMEN TOTAL'!L511 -> 0 | G490: ='RESUMEN TOTAL'!M511 -> 0 | H490: ='RESUMEN TOTAL'!N511 -> 0 | I490: ='RESUMEN TOTAL'!O511 -> 0 | J490: ='RESUMEN TOTAL'!P511 -> 0 | K490: ='RESUMEN TOTAL'!Q511 -> 0 | L490: ='RESUMEN TOTAL'!R511 -> 0 | M490: ='RESUMEN TOTAL'!S511 -> 0 | ... AI490: ='RESUMEN TOTAL'!AO511 -> 0 | AJ490: ='RESUMEN TOTAL'!#REF! -> #REF!
A491: ='RESUMEN TOTAL'!A512 -> PARADAS SEGURAS | B491: ='RESUMEN TOTAL'!B512 -> 39 C | C491: ='RESUMEN TOTAL'!D512 -> Hudson y Groussac Este | D491: ='RESUMEN TOTAL'!E512 -> GFIJA | E491: ='RESUMEN TOTAL'!F512 -> GPON | F491: ='RESUMEN TOTAL'!L512 -> 0 | G491: ='RESUMEN TOTAL'!M512 -> 0 | H491: ='RESUMEN TOTAL'!N512 -> 0 | I491: ='RESUMEN TOTAL'!O512 -> APAGADO | J491: ='RESUMEN TOTAL'!P512 -> APAGADO | K491: ='RESUMEN TOTAL'!Q512 -> 0 | L491: ='RESUMEN TOTAL'!R512 -> 0 | M491: ='RESUMEN TOTAL'!S512 -> 0 | ... AI491: ='RESUMEN TOTAL'!AO512 -> 0 | AJ491: ='RESUMEN TOTAL'!#REF! -> #REF!
A492: ='RESUMEN TOTAL'!A513 -> PARADAS SEGURAS | B492: ='RESUMEN TOTAL'!B513 -> 39 I | C492: ='RESUMEN TOTAL'!D513 -> Hudson y Groussac Este | D492: ='RESUMEN TOTAL'!E513 -> INTERCOMUNICADOR | E492: ='RESUMEN TOTAL'!F513 -> GPON | F492: ='RESUMEN TOTAL'!L513 -> 0 | G492: ='RESUMEN TOTAL'!M513 -> 0 | H492: ='RESUMEN TOTAL'!N513 -> 0 | I492: ='RESUMEN TOTAL'!O513 -> APAGADO | J492: ='RESUMEN TOTAL'!P513 -> APAGADO | K492: ='RESUMEN TOTAL'!Q513 -> 0 | L492: ='RESUMEN TOTAL'!R513 -> 0 | M492: ='RESUMEN TOTAL'!S513 -> 0 | ... AI492: ='RESUMEN TOTAL'!AO513 -> 0 | AJ492: ='RESUMEN TOTAL'!#REF! -> #REF!
A493: ='RESUMEN TOTAL'!A514 -> PARADAS SEGURAS | B493: ='RESUMEN TOTAL'!B514 -> 40 C | C493: ='RESUMEN TOTAL'!D514 -> Hudson y Groussac Oeste | D493: ='RESUMEN TOTAL'!E514 -> GFIJA | E493: ='RESUMEN TOTAL'!F514 -> GPON | F493: ='RESUMEN TOTAL'!L514 -> APAGADO | G493: ='RESUMEN TOTAL'!M514 -> APAGADO | H493: ='RESUMEN TOTAL'!N514 -> APAGADO | I493: ='RESUMEN TOTAL'!O514 -> 0 | J493: ='RESUMEN TOTAL'!P514 -> 0 | K493: ='RESUMEN TOTAL'!Q514 -> 0 | L493: ='RESUMEN TOTAL'!R514 -> 0 | M493: ='RESUMEN TOTAL'!S514 -> 0 | ... AI493: ='RESUMEN TOTAL'!AO514 -> 0 | AJ493: ='RESUMEN TOTAL'!#REF! -> #REF!
A494: ='RESUMEN TOTAL'!A515 -> PARADAS SEGURAS | B494: ='RESUMEN TOTAL'!B515 -> 40 I | C494: ='RESUMEN TOTAL'!D515 -> Hudson y Groussac Oeste | D494: ='RESUMEN TOTAL'!E515 -> INTERCOMUNICADOR | E494: ='RESUMEN TOTAL'!F515 -> GPON | F494: ='RESUMEN TOTAL'!L515 -> APAGADO | G494: ='RESUMEN TOTAL'!M515 -> APAGADO | H494: ='RESUMEN TOTAL'!N515 -> APAGADO | I494: ='RESUMEN TOTAL'!O515 -> 0 | J494: ='RESUMEN TOTAL'!P515 -> 0 | K494: ='RESUMEN TOTAL'!Q515 -> 0 | L494: ='RESUMEN TOTAL'!R515 -> 0 | M494: ='RESUMEN TOTAL'!S515 -> 0 | ... AI494: ='RESUMEN TOTAL'!AO515 -> 0 | AJ494: ='RESUMEN TOTAL'!#REF! -> #REF!
A495: ='RESUMEN TOTAL'!A516 -> PARADAS SEGURAS | B495: ='RESUMEN TOTAL'!B516 -> 41 C | C495: ='RESUMEN TOTAL'!D516 -> Hudson y Dumas Este | D495: ='RESUMEN TOTAL'!E516 -> GFIJA | E495: ='RESUMEN TOTAL'!F516 -> GPON | F495: ='RESUMEN TOTAL'!L516 -> APAGADO | G495: ='RESUMEN TOTAL'!M516 -> APAGADO | H495: ='RESUMEN TOTAL'!N516 -> APAGADO | I495: ='RESUMEN TOTAL'!O516 -> APAGADO | J495: ='RESUMEN TOTAL'!P516 -> APAGADO | K495: ='RESUMEN TOTAL'!Q516 -> 0 | L495: ='RESUMEN TOTAL'!R516 -> 0 | M495: ='RESUMEN TOTAL'!S516 -> 0 | ... AI495: ='RESUMEN TOTAL'!AO516 -> 0 | AJ495: ='RESUMEN TOTAL'!#REF! -> #REF!
A496: ='RESUMEN TOTAL'!A517 -> PARADAS SEGURAS | B496: ='RESUMEN TOTAL'!B517 -> 41 I | C496: ='RESUMEN TOTAL'!D517 -> Hudson y Dumas Este | D496: ='RESUMEN TOTAL'!E517 -> INTERCOMUNICADOR | E496: ='RESUMEN TOTAL'!F517 -> GPON | F496: ='RESUMEN TOTAL'!L517 -> APAGADO | G496: ='RESUMEN TOTAL'!M517 -> APAGADO | H496: ='RESUMEN TOTAL'!N517 -> APAGADO | I496: ='RESUMEN TOTAL'!O517 -> APAGADO | J496: ='RESUMEN TOTAL'!P517 -> APAGADO | K496: ='RESUMEN TOTAL'!Q517 -> 0 | L496: ='RESUMEN TOTAL'!R517 -> 0 | M496: ='RESUMEN TOTAL'!S517 -> 0 | ... AI496: ='RESUMEN TOTAL'!AO517 -> 0 | AJ496: ='RESUMEN TOTAL'!#REF! -> #REF!
A497: ='RESUMEN TOTAL'!A518 -> PARADAS SEGURAS | B497: ='RESUMEN TOTAL'!B518 -> 42 C | C497: ='RESUMEN TOTAL'!D518 -> Hudson y Dumas Oeste | D497: ='RESUMEN TOTAL'!E518 -> GFIJA | E497: ='RESUMEN TOTAL'!F518 -> GPON | F497: ='RESUMEN TOTAL'!L518 -> 0 | G497: ='RESUMEN TOTAL'!M518 -> 0 | H497: ='RESUMEN TOTAL'!N518 -> 0 | I497: ='RESUMEN TOTAL'!O518 -> 0 | J497: ='RESUMEN TOTAL'!P518 -> 0 | K497: ='RESUMEN TOTAL'!Q518 -> 0 | L497: ='RESUMEN TOTAL'!R518 -> 0 | M497: ='RESUMEN TOTAL'!S518 -> 0 | ... AI497: ='RESUMEN TOTAL'!AO518 -> 0 | AJ497: ='RESUMEN TOTAL'!#REF! -> #REF!
A498: ='RESUMEN TOTAL'!A519 -> PARADAS SEGURAS | B498: ='RESUMEN TOTAL'!B519 -> 42 I | C498: ='RESUMEN TOTAL'!D519 -> Hudson y Dumas Oeste | D498: ='RESUMEN TOTAL'!E519 -> INTERCOMUNICADOR | E498: ='RESUMEN TOTAL'!F519 -> GPON | F498: ='RESUMEN TOTAL'!L519 -> 0 | G498: ='RESUMEN TOTAL'!M519 -> 0 | H498: ='RESUMEN TOTAL'!N519 -> 0 | I498: ='RESUMEN TOTAL'!O519 -> 0 | J498: ='RESUMEN TOTAL'!P519 -> 0 | K498: ='RESUMEN TOTAL'!Q519 -> 0 | L498: ='RESUMEN TOTAL'!R519 -> 0 | M498: ='RESUMEN TOTAL'!S519 -> 0 | ... AI498: ='RESUMEN TOTAL'!AO519 -> 0 | AJ498: ='RESUMEN TOTAL'!#REF! -> #REF!
... A500: ='RESUMEN TOTAL'!A521 -> PARADAS SEGURAS | B500: ='RESUMEN TOTAL'!B521 -> 43 I | C500: ='RESUMEN TOTAL'!D521 -> Hudson y Manuel de Falla Este | D500: ='RESUMEN TOTAL'!E521 -> INTERCOMUNICADOR | E500: ='RESUMEN TOTAL'!F521 -> GPON | F500: ='RESUMEN TOTAL'!L521 -> APAGADO | G500: ='RESUMEN TOTAL'!M521 -> APAGADO | H500: ='RESUMEN TOTAL'!N521 -> APAGADO | I500: ='RESUMEN TOTAL'!O521 -> APAGADO | J500: ='RESUMEN TOTAL'!P521 -> APAGADO | K500: ='RESUMEN TOTAL'!Q521 -> 0 | L500: ='RESUMEN TOTAL'!R521 -> 0 | M500: ='RESUMEN TOTAL'!S521 -> 0 | ... AI500: ='RESUMEN TOTAL'!AO521 -> 0 | AJ500: ='RESUMEN TOTAL'!#REF! -> #REF!
A501: ='RESUMEN TOTAL'!#REF! -> #REF! | B501: ='RESUMEN TOTAL'!#REF! -> #REF! | C501: ='RESUMEN TOTAL'!#REF! -> #REF! | D501: ='RESUMEN TOTAL'!#REF! -> #REF! | E501: ='RESUMEN TOTAL'!#REF! -> #REF! | F501: ='RESUMEN TOTAL'!#REF! -> #REF! | G501: ='RESUMEN TOTAL'!#REF! -> #REF! | H501: ='RESUMEN TOTAL'!#REF! -> #REF! | ... AJ501: ='RESUMEN TOTAL'!#REF! -> #REF!
A502: ='RESUMEN TOTAL'!#REF! -> #REF! | B502: ='RESUMEN TOTAL'!#REF! -> #REF! | C502: ='RESUMEN TOTAL'!#REF! -> #REF! | D502: ='RESUMEN TOTAL'!#REF! -> #REF! | E502: ='RESUMEN TOTAL'!#REF! -> #REF! | F502: ='RESUMEN TOTAL'!#REF! -> #REF! | G502: ='RESUMEN TOTAL'!#REF! -> #REF! | H502: ='RESUMEN TOTAL'!#REF! -> #REF! | ... AJ502: ='RESUMEN TOTAL'!#REF! -> #REF!
A503: ='RESUMEN TOTAL'!A522 -> PARADAS SEGURAS | B503: ='RESUMEN TOTAL'!B522 -> 45 C | C503: ='RESUMEN TOTAL'!D522 -> Hudson y Benito Perez Galdos Este | D503: ='RESUMEN TOTAL'!E522 -> GFIJA | E503: ='RESUMEN TOTAL'!F522 -> GPON | F503: ='RESUMEN TOTAL'!L522 -> 0 | G503: ='RESUMEN TOTAL'!M522 -> 0 | H503: ='RESUMEN TOTAL'!N522 -> 0 | I503: ='RESUMEN TOTAL'!O522 -> 0 | J503: ='RESUMEN TOTAL'!P522 -> 0 | K503: ='RESUMEN TOTAL'!Q522 -> 0 | L503: ='RESUMEN TOTAL'!R522 -> 0 | M503: ='RESUMEN TOTAL'!S522 -> 0 | ... AI503: ='RESUMEN TOTAL'!AO522 -> 0 | AJ503: ='RESUMEN TOTAL'!#REF! -> #REF!
A504: ='RESUMEN TOTAL'!A523 -> PARADAS SEGURAS | B504: ='RESUMEN TOTAL'!B523 -> 45 I | C504: ='RESUMEN TOTAL'!D523 -> Hudson y Benito Perez Galdos Este | D504: ='RESUMEN TOTAL'!E523 -> INTERCOMUNICADOR | E504: ='RESUMEN TOTAL'!F523 -> GPON | F504: ='RESUMEN TOTAL'!L523 -> 0 | G504: ='RESUMEN TOTAL'!M523 -> 0 | H504: ='RESUMEN TOTAL'!N523 -> 0 | I504: ='RESUMEN TOTAL'!O523 -> 0 | J504: ='RESUMEN TOTAL'!P523 -> 0 | K504: ='RESUMEN TOTAL'!Q523 -> 0 | L504: ='RESUMEN TOTAL'!R523 -> 0 | M504: ='RESUMEN TOTAL'!S523 -> 0 | ... AI504: ='RESUMEN TOTAL'!AO523 -> 0 | AJ504: ='RESUMEN TOTAL'!#REF! -> #REF!
A505: ='RESUMEN TOTAL'!A524 -> PARADAS SEGURAS | B505: ='RESUMEN TOTAL'!B524 -> 46 C | C505: ='RESUMEN TOTAL'!D524 -> Hudson y Avenida Bosques Este | D505: ='RESUMEN TOTAL'!E524 -> GFIJA | E505: ='RESUMEN TOTAL'!F524 -> GPON | F505: ='RESUMEN TOTAL'!L524 -> 0 | G505: ='RESUMEN TOTAL'!M524 -> 0 | H505: ='RESUMEN TOTAL'!N524 -> 0 | I505: ='RESUMEN TOTAL'!O524 -> 0 | J505: ='RESUMEN TOTAL'!P524 -> 0 | K505: ='RESUMEN TOTAL'!Q524 -> 0 | L505: ='RESUMEN TOTAL'!R524 -> 0 | M505: ='RESUMEN TOTAL'!S524 -> 0 | ... AI505: ='RESUMEN TOTAL'!AO524 -> 0 | AJ505: ='RESUMEN TOTAL'!#REF! -> #REF!
A506: ='RESUMEN TOTAL'!A525 -> PARADAS SEGURAS | B506: ='RESUMEN TOTAL'!B525 -> 46 I | C506: ='RESUMEN TOTAL'!D525 -> Hudson y Avenida Bosques Este | D506: ='RESUMEN TOTAL'!E525 -> INTERCOMUNICADOR | E506: ='RESUMEN TOTAL'!F525 -> GPON | F506: ='RESUMEN TOTAL'!L525 -> 0 | G506: ='RESUMEN TOTAL'!M525 -> 0 | H506: ='RESUMEN TOTAL'!N525 -> 0 | I506: ='RESUMEN TOTAL'!O525 -> 0 | J506: ='RESUMEN TOTAL'!P525 -> 0 | K506: ='RESUMEN TOTAL'!Q525 -> 0 | L506: ='RESUMEN TOTAL'!R525 -> 0 | M506: ='RESUMEN TOTAL'!S525 -> 0 | ... AI506: ='RESUMEN TOTAL'!AO525 -> 0 | AJ506: ='RESUMEN TOTAL'!#REF! -> #REF!
A507: ='RESUMEN TOTAL'!A526 -> PARADAS SEGURAS | B507: ='RESUMEN TOTAL'!B526 -> 47 C | C507: ='RESUMEN TOTAL'!D526 -> Hudson y Avenida Bosques Oeste | D507: ='RESUMEN TOTAL'!E526 -> GFIJA | E507: ='RESUMEN TOTAL'!F526 -> GPON | F507: ='RESUMEN TOTAL'!L526 -> 0 | G507: ='RESUMEN TOTAL'!M526 -> 0 | H507: ='RESUMEN TOTAL'!N526 -> 0 | I507: ='RESUMEN TOTAL'!O526 -> 0 | J507: ='RESUMEN TOTAL'!P526 -> 0 | K507: ='RESUMEN TOTAL'!Q526 -> 0 | L507: ='RESUMEN TOTAL'!R526 -> 0 | M507: ='RESUMEN TOTAL'!S526 -> 0 | ... AI507: ='RESUMEN TOTAL'!AO526 -> 0 | AJ507: ='RESUMEN TOTAL'!#REF! -> #REF!
A508: ='RESUMEN TOTAL'!A527 -> PARADAS SEGURAS | B508: ='RESUMEN TOTAL'!B527 -> 47 I | C508: ='RESUMEN TOTAL'!D527 -> Hudson y Avenida Bosques Oeste | D508: ='RESUMEN TOTAL'!E527 -> INTERCOMUNICADOR | E508: ='RESUMEN TOTAL'!F527 -> GPON | F508: ='RESUMEN TOTAL'!L527 -> 0 | G508: ='RESUMEN TOTAL'!M527 -> 0 | H508: ='RESUMEN TOTAL'!N527 -> 0 | I508: ='RESUMEN TOTAL'!O527 -> 0 | J508: ='RESUMEN TOTAL'!P527 -> 0 | K508: ='RESUMEN TOTAL'!Q527 -> 0 | L508: ='RESUMEN TOTAL'!R527 -> 0 | M508: ='RESUMEN TOTAL'!S527 -> 0 | ... AI508: ='RESUMEN TOTAL'!AO527 -> 0 | AJ508: ='RESUMEN TOTAL'!#REF! -> #REF!
A509: ='RESUMEN TOTAL'!A528 -> 0 | B509: ='RESUMEN TOTAL'!B528 -> 0 | C509: ='RESUMEN TOTAL'!D528 -> 0 | D509: ='RESUMEN TOTAL'!E528 -> 0 | E509: ='RESUMEN TOTAL'!F528 -> 0 | F509: ='RESUMEN TOTAL'!L528 -> 0 | G509: ='RESUMEN TOTAL'!M528 -> 0 | H509: ='RESUMEN TOTAL'!N528 -> 0 | I509: ='RESUMEN TOTAL'!O528 -> 0 | J509: ='RESUMEN TOTAL'!P528 -> 0 | K509: ='RESUMEN TOTAL'!Q528 -> 0 | L509: ='RESUMEN TOTAL'!R528 -> 0 | M509: ='RESUMEN TOTAL'!S528 -> 0 | ... AI509: ='RESUMEN TOTAL'!AO528 -> 0 | AJ509: ='RESUMEN TOTAL'!#REF! -> #REF!
A510: ='RESUMEN TOTAL'!A529 -> 0 | B510: ='RESUMEN TOTAL'!B529 -> 0 | C510: ='RESUMEN TOTAL'!D529 -> 0 | D510: ='RESUMEN TOTAL'!E529 -> 0 | E510: ='RESUMEN TOTAL'!F529 -> 0 | F510: ='RESUMEN TOTAL'!L529 -> 0 | G510: ='RESUMEN TOTAL'!M529 -> 0 | H510: ='RESUMEN TOTAL'!N529 -> 0 | I510: ='RESUMEN TOTAL'!O529 -> 0 | J510: ='RESUMEN TOTAL'!P529 -> 0 | K510: ='RESUMEN TOTAL'!Q529 -> 0 | L510: ='RESUMEN TOTAL'!R529 -> 0 | M510: ='RESUMEN TOTAL'!S529 -> 0 | ... AI510: ='RESUMEN TOTAL'!AO529 -> 0 | AJ510: ='RESUMEN TOTAL'!#REF! -> #REF!
A511: ='RESUMEN TOTAL'!A530 -> 0 | B511: ='RESUMEN TOTAL'!B530 -> 0 | C511: ='RESUMEN TOTAL'!D530 -> 0 | D511: ='RESUMEN TOTAL'!E530 -> 0 | E511: ='RESUMEN TOTAL'!F530 -> 0 | F511: ='RESUMEN TOTAL'!L530 -> 0 | G511: ='RESUMEN TOTAL'!M530 -> 0 | H511: ='RESUMEN TOTAL'!N530 -> 0 | I511: ='RESUMEN TOTAL'!O530 -> 0 | J511: ='RESUMEN TOTAL'!P530 -> 0 | K511: ='RESUMEN TOTAL'!Q530 -> 0 | L511: ='RESUMEN TOTAL'!R530 -> 0 | M511: ='RESUMEN TOTAL'!S530 -> 0 | ... AI511: ='RESUMEN TOTAL'!AO530 -> 0 | AJ511: ='RESUMEN TOTAL'!#REF! -> #REF!
A512: ='RESUMEN TOTAL'!A531 -> 0 | B512: ='RESUMEN TOTAL'!B531 -> 0 | C512: ='RESUMEN TOTAL'!D531 -> 0 | D512: ='RESUMEN TOTAL'!E531 -> 0 | E512: ='RESUMEN TOTAL'!F531 -> 0 | F512: ='RESUMEN TOTAL'!L531 -> 0 | G512: ='RESUMEN TOTAL'!M531 -> 0 | H512: ='RESUMEN TOTAL'!N531 -> 0 | I512: ='RESUMEN TOTAL'!O531 -> 0 | J512: ='RESUMEN TOTAL'!P531 -> 0 | K512: ='RESUMEN TOTAL'!Q531 -> 0 | L512: ='RESUMEN TOTAL'!R531 -> 0 | M512: ='RESUMEN TOTAL'!S531 -> 0 | ... AI512: ='RESUMEN TOTAL'!AO531 -> 0 | AJ512: ='RESUMEN TOTAL'!#REF! -> #REF!
A513: ='RESUMEN TOTAL'!A532 -> 0 | B513: ='RESUMEN TOTAL'!B532 -> 0 | C513: ='RESUMEN TOTAL'!D532 -> 0 | D513: ='RESUMEN TOTAL'!E532 -> 0 | E513: ='RESUMEN TOTAL'!F532 -> 0 | F513: ='RESUMEN TOTAL'!L532 -> 0 | G513: ='RESUMEN TOTAL'!M532 -> 0 | H513: ='RESUMEN TOTAL'!N532 -> 0 | I513: ='RESUMEN TOTAL'!O532 -> 0 | J513: ='RESUMEN TOTAL'!P532 -> 0 | K513: ='RESUMEN TOTAL'!Q532 -> 0 | L513: ='RESUMEN TOTAL'!R532 -> 0 | M513: ='RESUMEN TOTAL'!S532 -> 0 | ... AI513: ='RESUMEN TOTAL'!AO532 -> 0 | AJ513: ='RESUMEN TOTAL'!#REF! -> #REF!
A514: ='RESUMEN TOTAL'!A533 -> 0 | B514: ='RESUMEN TOTAL'!B533 -> 0 | C514: ='RESUMEN TOTAL'!D533 -> 0 | D514: ='RESUMEN TOTAL'!E533 -> 0 | E514: ='RESUMEN TOTAL'!F533 -> 0 | F514: ='RESUMEN TOTAL'!L533 -> 0 | G514: ='RESUMEN TOTAL'!M533 -> 0 | H514: ='RESUMEN TOTAL'!N533 -> 0 | I514: ='RESUMEN TOTAL'!O533 -> 0 | J514: ='RESUMEN TOTAL'!P533 -> 0 | K514: ='RESUMEN TOTAL'!Q533 -> 0 | L514: ='RESUMEN TOTAL'!R533 -> 0 | M514: ='RESUMEN TOTAL'!S533 -> 0 | ... AI514: ='RESUMEN TOTAL'!AO533 -> 0 | AJ514: ='RESUMEN TOTAL'!#REF! -> #REF!
... A604: ='RESUMEN TOTAL'!A623 -> 0 | B604: ='RESUMEN TOTAL'!B623 -> 0 | C604: ='RESUMEN TOTAL'!D623 -> 0 | D604: ='RESUMEN TOTAL'!E623 -> 0 | E604: ='RESUMEN TOTAL'!F623 -> 0 | F604: ='RESUMEN TOTAL'!L623 -> 0 | G604: ='RESUMEN TOTAL'!M623 -> 0 | H604: ='RESUMEN TOTAL'!N623 -> 0 | I604: ='RESUMEN TOTAL'!O623 -> 0 | J604: ='RESUMEN TOTAL'!P623 -> 0 | K604: ='RESUMEN TOTAL'!Q623 -> 0 | L604: ='RESUMEN TOTAL'!R623 -> 0 | M604: ='RESUMEN TOTAL'!S623 -> 0 | ... AI604: ='RESUMEN TOTAL'!AO623 -> 0 | AJ604: ='RESUMEN TOTAL'!#REF! -> #REF!

Sheet APAGADOS RADIO
C1: TOTAL RADIO | D1: =COUNTIFS(E4:E400,"=radio") -> 89
E2: APAGADOS | F2: =COUNTIFS(F4:F500, "=APAGADO",E4:E500,"=radio") -> 7 | G2: =COUNTIFS(G4:G500, "=APAGADO",E4:E500,"=radio") -> 8 | H2: =COUNTIFS(H4:H500, "=APAGADO",E4:E500,"=radio") -> 5 | I2: =COUNTIFS(I4:I500, "=APAGADO",E4:E500,"=radio") -> 3 | J2: =COUNTIFS(J4:J500, "=APAGADO",E4:E500,"=radio") -> 6 | K2: =COUNTIFS(K4:K500, "=APAGADO",E4:E500,"=radio") -> 0 | L2: =COUNTIFS(L4:L500, "=APAGADO",E4:E500,"=radio") -> 0 | M2: =COUNTIFS(M4:M500, "=APAGADO",E4:E500,"=radio") -> 0 | N2: =COUNTIFS(N4:N500, "=APAGADO",E4:E500,"=radio") -> 0 | O2: =COUNTIFS(O4:O500, "=APAGADO",E4:E500,"=radio") -> 0 | P2: =COUNTIFS(P4:P500, "=APAGADO",E4:E500,"=radio") -> 0 | Q2: =COUNTIFS(Q4:Q367, "=APAGADO",E4:E367,"=radio") -> 0 | R2: =COUNTIFS(R4:R500, "=APAGADO",E4:E500,"=radio") -> 0 | S2: =COUNTIFS(S4:S500, "=APAGADO",E4:E500,"=radio") -> 0 | T2: =COUNTIFS(T4:T500, "=APAGADO",E4:E500,"=radio") -> 0 | U2: =COUNTIFS(U4:U500, "=APAGADO",E4:E500,"=radio") -> 0 | V2: =COUNTIFS(V4:V500, "=APAGADO",E4:E500,"=radio") -> 0 | W2: =COUNTIFS(W4:W500, "=APAGADO",E4:E500,"=radio") -> 0 | X2: =COUNTIFS(X4:X500, "=APAGADO",E4:E500,"=radio") -> 0 | Y2: =COUNTIFS(Y4:Y500, "=APAGADO",E4:E500,"=radio") -> 0 | Z2: =COUNTIFS(Z4:Z500, "=APAGADO",E4:E500,"=radio") -> 0 | AA2: =COUNTIFS(AA4:AA500, "=APAGADO",E4:E500,"=radio") -> 0 | AB2: =COUNTIFS(AB4:AB500, "=APAGADO",E4:E500,"=radio") -> 0 | AC2: =COUNTIFS(AC4:AC600, "=APAGADO",E4:E600,"=radio") -> 0 | AD2: =COUNTIFS(AD4:AD500, "=APAGADO",E4:E500,"=radio") -> 0 | AE2: =COUNTIFS(AE4:AE500, "=APAGADO",E4:E500,"=radio") -> 0 | AF2: =COUNTIFS(AF4:AF600, "=APAGADO",E4:E600,"=radio") -> 0 | AG2: =COUNTIFS(AG4:AG500, "=APAGADO",E4:E500,"=radio") -> 0 | AH2: =COUNTIFS(AH4:AH500, "=APAGADO",F4:F500,"=radio") -> 0 | AI2: =COUNTIFS(AI4:AI500, "=APAGADO",G4:G500,"=radio") -> 0
A3: =ESTADISTICA!A1 -> Barrio | B3: =ESTADISTICA!B1 -> [Denominacion] | C3: =ESTADISTICA!C1 -> [Ubicacion] | D3: =ESTADISTICA!D1 -> [Tipo de Camara] | E3: =ESTADISTICA!E1 -> [Tipo de Conexion] | F3: =ESTADISTICA!F1 -> 45200 | G3: =ESTADISTICA!G1 -> 45201 | H3: =ESTADISTICA!H1 -> 45202 | ... AI3: =ESTADISTICA!AI1 -> 45229
A4: ='RESUMEN TOTAL'!A7 -> ALTAMIRA | B4: ='RESUMEN TOTAL'!B7 -> ALT 03 | C4: ='RESUMEN TOTAL'!D7 -> Bombero Galarza y Necochea | D4: ='RESUMEN TOTAL'!E7 -> Domo | E4: ='RESUMEN TOTAL'!F7 -> Fibra Optica | F4: ='RESUMEN TOTAL'!L7 -> 0 | G4: ='RESUMEN TOTAL'!M7 -> 0 | H4: ='RESUMEN TOTAL'!N7 -> 0 | I4: ='RESUMEN TOTAL'!O7 -> 0 | J4: ='RESUMEN TOTAL'!P7 -> 0 | K4: ='RESUMEN TOTAL'!Q7 -> 0 | L4: ='RESUMEN TOTAL'!R7 -> 0 | M4: ='RESUMEN TOTAL'!S7 -> 0 | ... AI4: ='RESUMEN TOTAL'!AO7 -> 0
A5: ='RESUMEN TOTAL'!A8 -> ALTAMIRA | B5: ='RESUMEN TOTAL'!B8 -> ALT 04 | C5: ='RESUMEN TOTAL'!D8 -> Francia y Necochea | D5: ='RESUMEN TOTAL'!E8 -> Domo | E5: ='RESUMEN TOTAL'!F8 -> Fibra Optica | F5: ='RESUMEN TOTAL'!L8 -> 0 | G5: ='RESUMEN TOTAL'!M8 -> 0 | H5: ='RESUMEN TOTAL'!N8 -> 0 | I5: ='RESUMEN TOTAL'!O8 -> 0 | J5: ='RESUMEN TOTAL'!P8 -> 0 | K5: ='RESUMEN TOTAL'!Q8 -> 0 | L5: ='RESUMEN TOTAL'!R8 -> 0 | M5: ='RESUMEN TOTAL'!S8 -> 0 | ... AI5: ='RESUMEN TOTAL'!AO8 -> 0
A6: ='RESUMEN TOTAL'!A9 -> ALTAMIRA | B6: ='RESUMEN TOTAL'!B9 -> ALT05 | C6: ='RESUMEN TOTAL'!D9 -> Av. Calchaqui y Bombero Galarza | D6: ='RESUMEN TOTAL'!E9 -> Domo | E6: ='RESUMEN TOTAL'!F9 -> PTO A FO | F6: ='RESUMEN TOTAL'!L9 -> 0 | G6: ='RESUMEN TOTAL'!M9 -> 0 | H6: ='RESUMEN TOTAL'!N9 -> 0 | I6: ='RESUMEN TOTAL'!O9 -> 0 | J6: ='RESUMEN TOTAL'!P9 -> 0 | K6: ='RESUMEN TOTAL'!Q9 -> 0 | L6: ='RESUMEN TOTAL'!R9 -> 0 | M6: ='RESUMEN TOTAL'!S9 -> 0 | ... AI6: ='RESUMEN TOTAL'!AO9 -> 0
A7: ='RESUMEN TOTAL'!A10 -> ALTAMIRA | B7: ='RESUMEN TOTAL'!B10 -> ALT 06 | C7: ='RESUMEN TOTAL'!D10 -> LOPE DE VEGA Y NECOCHEA | D7: ='RESUMEN TOTAL'!E10 -> Domo | E7: ='RESUMEN TOTAL'!F10 -> PTO A FO | F7: ='RESUMEN TOTAL'!L10 -> 0 | G7: ='RESUMEN TOTAL'!M10 -> 0 | H7: ='RESUMEN TOTAL'!N10 -> 0 | I7: ='RESUMEN TOTAL'!O10 -> 0 | J7: ='RESUMEN TOTAL'!P10 -> 0 | K7: ='RESUMEN TOTAL'!Q10 -> 0 | L7: ='RESUMEN TOTAL'!R10 -> 0 | M7: ='RESUMEN TOTAL'!S10 -> 0 | ... AI7: ='RESUMEN TOTAL'!AO10 -> 0
A8: ='RESUMEN TOTAL'!A11 -> ALTAMIRA | B8: ='RESUMEN TOTAL'!B11 -> ALT07 | C8: ='RESUMEN TOTAL'!D11 -> AV. CALCHAQUI Y AV. DEL TRABAJO | D8: ='RESUMEN TOTAL'!E11 -> DOMO | E8: ='RESUMEN TOTAL'!F11 -> PTO A FO | F8: ='RESUMEN TOTAL'!L11 -> 0 | G8: ='RESUMEN TOTAL'!M11 -> 0 | H8: ='RESUMEN TOTAL'!N11 -> 0 | I8: ='RESUMEN TOTAL'!O11 -> 0 | J8: ='RESUMEN TOTAL'!P11 -> 0 | K8: ='RESUMEN TOTAL'!Q11 -> 0 | L8: ='RESUMEN TOTAL'!R11 -> 0 | M8: ='RESUMEN TOTAL'!S11 -> 0 | ... AI8: ='RESUMEN TOTAL'!AO11 -> 0
A9: ='RESUMEN TOTAL'!A12 -> ALTAMIRA | B9: ='RESUMEN TOTAL'!B12 -> ALT 08 | C9: ='RESUMEN TOTAL'!D12 -> HUMAITA Y NECOCHEA | D9: ='RESUMEN TOTAL'!E12 -> DOMO | E9: ='RESUMEN TOTAL'!F12 -> Fibra Optica | F9: ='RESUMEN TOTAL'!L12 -> 0 | G9: ='RESUMEN TOTAL'!M12 -> 0 | H9: ='RESUMEN TOTAL'!N12 -> 0 | I9: ='RESUMEN TOTAL'!O12 -> 0 | J9: ='RESUMEN TOTAL'!P12 -> 0 | K9: ='RESUMEN TOTAL'!Q12 -> 0 | L9: ='RESUMEN TOTAL'!R12 -> 0 | M9: ='RESUMEN TOTAL'!S12 -> 0 | ... AI9: ='RESUMEN TOTAL'!AO12 -> 0
A10: ='RESUMEN TOTAL'!A13 -> ALTAMIRA | B10: ='RESUMEN TOTAL'!B13 -> ALT 09 | C10: ='RESUMEN TOTAL'!D13 -> NECOCHEA Y CURUPAITY | D10: ='RESUMEN TOTAL'!E13 -> DOMO | E10: ='RESUMEN TOTAL'!F13 -> Fibra Optica | F10: ='RESUMEN TOTAL'!L13 -> 0 | G10: ='RESUMEN TOTAL'!M13 -> 0 | H10: ='RESUMEN TOTAL'!N13 -> 0 | I10: ='RESUMEN TOTAL'!O13 -> 0 | J10: ='RESUMEN TOTAL'!P13 -> 0 | K10: ='RESUMEN TOTAL'!Q13 -> 0 | L10: ='RESUMEN TOTAL'!R13 -> 0 | M10: ='RESUMEN TOTAL'!S13 -> 0 | ... AI10: ='RESUMEN TOTAL'!AO13 -> 0
A11: ='RESUMEN TOTAL'!A14 -> ALTAMIRA | B11: ='RESUMEN TOTAL'!B14 -> ALT 10 | C11: ='RESUMEN TOTAL'!D14 -> Calchaqui y Francia | D11: ='RESUMEN TOTAL'!E14 -> Domo | E11: ='RESUMEN TOTAL'!F14 -> Radio | F11: ='RESUMEN TOTAL'!L14 -> 0 | G11: ='RESUMEN TOTAL'!M14 -> 0 | H11: ='RESUMEN TOTAL'!N14 -> 0 | I11: ='RESUMEN TOTAL'!O14 -> 0 | J11: ='RESUMEN TOTAL'!P14 -> 0 | K11: ='RESUMEN TOTAL'!Q14 -> 0 | L11: ='RESUMEN TOTAL'!R14 -> 0 | M11: ='RESUMEN TOTAL'!S14 -> 0 | ... AI11: ='RESUMEN TOTAL'!AO14 -> 0
A12: ='RESUMEN TOTAL'!A15 -> AGUSTIN RAMIREZ | B12: ='RESUMEN TOTAL'!B15 -> ARA 01 | C12: ='RESUMEN TOTAL'!D15 -> Malambo y Tranquera | D12: ='RESUMEN TOTAL'!E15 -> Domo | E12: ='RESUMEN TOTAL'!F15 -> Fibra Optica | F12: ='RESUMEN TOTAL'!L15 -> APAGADO | G12: ='RESUMEN TOTAL'!M15 -> APAGADO | H12: ='RESUMEN TOTAL'!N15 -> APAGADO | I12: ='RESUMEN TOTAL'!O15 -> APAGADO | J12: ='RESUMEN TOTAL'!P15 -> APAGADO | K12: ='RESUMEN TOTAL'!Q15 -> 0 | L12: ='RESUMEN TOTAL'!R15 -> 0 | M12: ='RESUMEN TOTAL'!S15 -> 0 | ... AI12: ='RESUMEN TOTAL'!AO15 -> 0
A13: ='RESUMEN TOTAL'!A16 -> BELGRANO | B13: ='RESUMEN TOTAL'!B16 -> BEL 01 | C13: ='RESUMEN TOTAL'!D16 -> San Martin y Dardo Rocha | D13: ='RESUMEN TOTAL'!E16 -> DOMO | E13: ='RESUMEN TOTAL'!F16 -> Fibra Optica | F13: ='RESUMEN TOTAL'!L16 -> 0 | G13: ='RESUMEN TOTAL'!M16 -> 0 | H13: ='RESUMEN TOTAL'!N16 -> 0 | I13: ='RESUMEN TOTAL'!O16 -> 0 | J13: ='RESUMEN TOTAL'!P16 -> 0 | K13: ='RESUMEN TOTAL'!Q16 -> 0 | L13: ='RESUMEN TOTAL'!R16 -> 0 | M13: ='RESUMEN TOTAL'!S16 -> 0 | ... AI13: ='RESUMEN TOTAL'!AO16 -> 0
A14: ='RESUMEN TOTAL'!A17 -> BELGRANO | B14: ='RESUMEN TOTAL'!B17 -> BEL 02 | C14: ='RESUMEN TOTAL'!D17 -> Guardia vieja y Fronteriz | D14: ='RESUMEN TOTAL'!E17 -> DOMO | E14: ='RESUMEN TOTAL'!F17 -> Fibra Optica | F14: ='RESUMEN TOTAL'!L17 -> 0 | G14: ='RESUMEN TOTAL'!M17 -> 0 | H14: ='RESUMEN TOTAL'!N17 -> 0 | I14: ='RESUMEN TOTAL'!O17 -> 0 | J14: ='RESUMEN TOTAL'!P17 -> 0 | K14: ='RESUMEN TOTAL'!Q17 -> 0 | L14: ='RESUMEN TOTAL'!R17 -> 0 | M14: ='RESUMEN TOTAL'!S17 -> 0 | ... AI14: ='RESUMEN TOTAL'!AO17 -> 0
A15: ='RESUMEN TOTAL'!A18 -> BOSQUES CENTRO | B15: ='RESUMEN TOTAL'!B18 -> BOSQC 01 | C15: ='RESUMEN TOTAL'!D18 -> LUIS AGOTE E/DANUNCIO Y CAMPOAMOR | D15: ='RESUMEN TOTAL'!E18 -> Fija | E15: ='RESUMEN TOTAL'!F18 -> Radio | F15: ='RESUMEN TOTAL'!L18 -> APAGADO | G15: ='RESUMEN TOTAL'!M18 -> APAGADO | H15: ='RESUMEN TOTAL'!N18 -> 0 | I15: ='RESUMEN TOTAL'!O18 -> 0 | J15: ='RESUMEN TOTAL'!P18 -> APAGADO | K15: ='RESUMEN TOTAL'!Q18 -> 0 | L15: ='RESUMEN TOTAL'!R18 -> 0 | M15: ='RESUMEN TOTAL'!S18 -> 0 | ... AI15: ='RESUMEN TOTAL'!AO18 -> 0
... A424: ='RESUMEN TOTAL'!A427 -> VILLA ANGELICA | B424: ='RESUMEN TOTAL'!B427 -> VDPL06 | C424: ='RESUMEN TOTAL'!D427 -> Thevenet e/ Islas Orcadas y Gardel | D424: ='RESUMEN TOTAL'!E427 -> Domo | E424: ='RESUMEN TOTAL'!F427 -> Radio | F424: ='RESUMEN TOTAL'!L427 -> 0 | G424: ='RESUMEN TOTAL'!M427 -> 0 | H424: ='RESUMEN TOTAL'!N427 -> 0 | I424: ='RESUMEN TOTAL'!O427 -> 0 | J424: ='RESUMEN TOTAL'!P427 -> 0 | K424: ='RESUMEN TOTAL'!Q427 -> 0 | L424: ='RESUMEN TOTAL'!R427 -> 0 | M424: ='RESUMEN TOTAL'!S427 -> 0 | ... AI424: ='RESUMEN TOTAL'!AO427 -> 0
A425: ='RESUMEN TOTAL'!A429 -> VILLA HUDSON | B425: ='RESUMEN TOTAL'!B429 -> VHS 01 | C425: ='RESUMEN TOTAL'!D429 -> AV. HUDSON Y AV. LUJAN | D425: ='RESUMEN TOTAL'!E429 -> DOMO | E425: ='RESUMEN TOTAL'!F429 -> Fibra Optica | F425: ='RESUMEN TOTAL'!L429 -> 0 | G425: ='RESUMEN TOTAL'!M429 -> 0 | H425: ='RESUMEN TOTAL'!N429 -> 0 | I425: ='RESUMEN TOTAL'!O429 -> 0 | J425: ='RESUMEN TOTAL'!P429 -> 0 | K425: ='RESUMEN TOTAL'!Q429 -> 0 | L425: ='RESUMEN TOTAL'!R429 -> 0 | M425: ='RESUMEN TOTAL'!S429 -> 0 | ... AI425: ='RESUMEN TOTAL'!AO429 -> 0
A426: ='RESUMEN TOTAL'!A430 -> VILLA HUDSON | B426: ='RESUMEN TOTAL'!B430 -> VHS 02 | C426: ='RESUMEN TOTAL'!D430 -> AV. LUJAN Y CALLE 909 A | D426: ='RESUMEN TOTAL'!E430 -> DOMO | E426: ='RESUMEN TOTAL'!F430 -> Fibra Optica | F426: ='RESUMEN TOTAL'!L430 -> 0 | G426: ='RESUMEN TOTAL'!M430 -> 0 | H426: ='RESUMEN TOTAL'!N430 -> 0 | I426: ='RESUMEN TOTAL'!O430 -> 0 | J426: ='RESUMEN TOTAL'!P430 -> 0 | K426: ='RESUMEN TOTAL'!Q430 -> 0 | L426: ='RESUMEN TOTAL'!R430 -> 0 | M426: ='RESUMEN TOTAL'!S430 -> 0 | ... AI426: ='RESUMEN TOTAL'!AO430 -> 0
A427: ='RESUMEN TOTAL'!A431 -> VILLA HUDSON | B427: ='RESUMEN TOTAL'!B431 -> VHS 03 (fija 1) | C427: ='RESUMEN TOTAL'!D431 -> AV. HUDSON Y LOS INMIGRANTES | D427: ='RESUMEN TOTAL'!E431 -> Fija | E427: ='RESUMEN TOTAL'!F431 -> Fibra Optica | F427: ='RESUMEN TOTAL'!L431 -> 0 | G427: ='RESUMEN TOTAL'!M431 -> 0 | H427: ='RESUMEN TOTAL'!N431 -> 0 | I427: ='RESUMEN TOTAL'!O431 -> 0 | J427: ='RESUMEN TOTAL'!P431 -> 0 | K427: ='RESUMEN TOTAL'!Q431 -> 0 | L427: ='RESUMEN TOTAL'!R431 -> 0 | M427: ='RESUMEN TOTAL'!S431 -> 0 | ... AI427: ='RESUMEN TOTAL'!AO431 -> 0
A428: ='RESUMEN TOTAL'!A432 -> VILLA HUDSON | B428: ='RESUMEN TOTAL'!B432 -> VHS 04 (fija 2) | C428: ='RESUMEN TOTAL'!D432 -> AV. HUDSON Y LOS INMIGRANTES | D428: ='RESUMEN TOTAL'!E432 -> Fija | E428: ='RESUMEN TOTAL'!F432 -> Fibra Optica | F428: ='RESUMEN TOTAL'!L432 -> 0 | G428: ='RESUMEN TOTAL'!M432 -> 0 | H428: ='RESUMEN TOTAL'!N432 -> 0 | I428: ='RESUMEN TOTAL'!O432 -> 0 | J428: ='RESUMEN TOTAL'!P432 -> 0 | K428: ='RESUMEN TOTAL'!Q432 -> 0 | L428: ='RESUMEN TOTAL'!R432 -> 0 | M428: ='RESUMEN TOTAL'!S432 -> 0 | ... AI428: ='RESUMEN TOTAL'!AO432 -> 0
A429: ='RESUMEN TOTAL'!A433 -> VILLA ARIAS | B429: ='RESUMEN TOTAL'!B433 -> VLA 01 (fija 1) | C429: ='RESUMEN TOTAL'!D433 -> 820 Y SOLER | D429: ='RESUMEN TOTAL'!E433 -> Fija | E429: ='RESUMEN TOTAL'!F433 -> Fibra Optica | F429: ='RESUMEN TOTAL'!L433 -> 0 | G429: ='RESUMEN TOTAL'!M433 -> 0 | H429: ='RESUMEN TOTAL'!N433 -> 0 | I429: ='RESUMEN TOTAL'!O433 -> 0 | J429: ='RESUMEN TOTAL'!P433 -> 0 | K429: ='RESUMEN TOTAL'!Q433 -> 0 | L429: ='RESUMEN TOTAL'!R433 -> 0 | M429: ='RESUMEN TOTAL'!S433 -> 0 | ... AI429: ='RESUMEN TOTAL'!AO433 -> 0
A430: ='RESUMEN TOTAL'!A434 -> VILLA ARIAS | B430: ='RESUMEN TOTAL'!B434 -> VLA 02 | C430: ='RESUMEN TOTAL'!D434 -> ESPORA Y HUDSON | D430: ='RESUMEN TOTAL'!E434 -> DOMO | E430: ='RESUMEN TOTAL'!F434 -> Fibra Optica | F430: ='RESUMEN TOTAL'!L434 -> 0 | G430: ='RESUMEN TOTAL'!M434 -> 0 | H430: ='RESUMEN TOTAL'!N434 -> 0 | I430: ='RESUMEN TOTAL'!O434 -> 0 | J430: ='RESUMEN TOTAL'!P434 -> 0 | K430: ='RESUMEN TOTAL'!Q434 -> 0 | L430: ='RESUMEN TOTAL'!R434 -> 0 | M430: ='RESUMEN TOTAL'!S434 -> 0 | ... AI430: ='RESUMEN TOTAL'!AO434 -> 0
A431: ='RESUMEN TOTAL'!A435 -> VILLA ARIAS | B431: ='RESUMEN TOTAL'!B435 -> VLA03 (fija 2) | C431: ='RESUMEN TOTAL'!D435 -> 820 y SOLER | D431: ='RESUMEN TOTAL'!E435 -> Fija | E431: ='RESUMEN TOTAL'!F435 -> Fibra Optica | F431: ='RESUMEN TOTAL'!L435 -> 0 | G431: ='RESUMEN TOTAL'!M435 -> 0 | H431: ='RESUMEN TOTAL'!N435 -> 0 | I431: ='RESUMEN TOTAL'!O435 -> 0 | J431: ='RESUMEN TOTAL'!P435 -> 0 | K431: ='RESUMEN TOTAL'!Q435 -> 0 | L431: ='RESUMEN TOTAL'!R435 -> 0 | M431: ='RESUMEN TOTAL'!S435 -> 0 | ... AI431: ='RESUMEN TOTAL'!AO435 -> 0
A432: ='RESUMEN TOTAL'!A436 -> VILLA ARIAS | B432: ='RESUMEN TOTAL'!B436 -> VLA04 | C432: ='RESUMEN TOTAL'!D436 -> ESPORA Y MARTIN GRASS | D432: ='RESUMEN TOTAL'!E436 -> DOMO | E432: ='RESUMEN TOTAL'!F436 -> Fibra Optica | F432: ='RESUMEN TOTAL'!L436 -> 0 | G432: ='RESUMEN TOTAL'!M436 -> 0 | H432: ='RESUMEN TOTAL'!N436 -> 0 | I432: ='RESUMEN TOTAL'!O436 -> 0 | J432: ='RESUMEN TOTAL'!P436 -> 0 | K432: ='RESUMEN TOTAL'!Q436 -> 0 | L432: ='RESUMEN TOTAL'!R436 -> 0 | M432: ='RESUMEN TOTAL'!S436 -> 0 | ... AI432: ='RESUMEN TOTAL'!AO436 -> 0
