Workbook
Name _25_de_agosto: 'RESUMEN TOTAL'!$A$4:$D$349

Sheet RESUMEN TOTAL
A1: CANTIDAD DE CAMARAS | C1: =COUNTA(C5:C527) -> 373 | D1: PORCIENTO DE CAIDAS | O1: =(O3)/(O2+O3) -> 0.125 | P1: =(P3)/(P2+P3) -> 0.092391304 | Q1: =(Q3)/(Q2+Q3) -> 0.086956522 | R1: =(R3)/(R2+R3) -> 0.43206522 | S1: =(S3)/(S2+S3) -> 0.1576087 | T1: =(T3)/(T2+T3) -> 0.16129032 | U1: =(U3)/(U2+U3) -> 0 | V1: =(V3)/(V2+V3) -> 0 | ... AR1: =(AR3)/(AR2+AR3) -> 0
D2: FUNCIONAN | O2: =COUNTIF(O5:O372, "") -> 322 | P2: =COUNTIF(P5:P372, "") -> 334 | Q2: =COUNTIF(Q5:Q372, "") -> 336 | R2: =COUNTIF(R5:R372, "") -> 209 | S2: =COUNTIF(S5:S372, "") -> 310 | T2: =COUNTIF(T5:T372, "") -> 312 | U2: =COUNTIF(U5:U372, "") -> 368 | V2: =COUNTIF(V5:V372, "") -> 368 | ... AR2: =COUNTIF(AR5:AR372, "") -> 368
D3: CAIDAS | O3: =COUNTIF(O4:O447, "apagado") -> 46 | P3: =COUNTIF(P4:P447, "apagado") -> 34 | Q3: =COUNTIF(Q4:Q447, "apagado") -> 32 | R3: =COUNTIF(R4:R447, "apagado") -> 159 | S3: =COUNTIF(S4:S447, "apagado") -> 58 | T3: =COUNTIF(T4:T447, "apagado") -> 60 | U3: =COUNTIF(U4:U447, "apagado") -> 0 | V3: =COUNTIF(V4:V447, "apagado") -> 0 | ... AR3: =COUNTIF(AR4:AR447, "apagado") -> 0
A4: Barrio | B4: a coseidi | C4: [Denominacion] | D4: [Ubicacion] | E4: [Tipo de Camara] | F4: [Tipo de Conexion] | G4: [Fundamento] | H4: [Detalle] | I4: Latitud | J4: Longitud | L4: DIAS FUNCIONANDO | M4: DIAS CAIDA | N4: EFECTIVIDAD | O4: 44682 | P4: 44683 | Q4: 44684 | R4: 44685 | S4: 44686 | T4: 44687 | U4: 44688 | V4: 44689 | W4: 44690 | X4: 44691 | Y4: 44692 | Z4: 44693 | AA4: 44694 | AB4: 44695 | AC4: 44696 | AD4: 44697 | AE4: 44698 | AF4: 44699 | AG4: 44700 | AH4: 44701 | AI4: 44702 | AJ4: 44703 | AK4: 44704 | AL4: 44705 | AM4: 44706 | AN4: 44707 | AO4: 44708 | AP4: 44709 | AQ4: 44710 | AR4: 44711 | AS4: 44712
A5: PRESIDENTE PERON (PEPSI) | B5: 44629 | C5: MAR 01 | D5: RP36 Y LA ESMERALDA | E5: DOMO | F5: Fibra Optica | G5: POSIBLE VIA DE ESCAPE. FLUJO VEHICULAR | I5: -348296270000 | J5: -582165860000 | K5: 172.20.11.101 | L5: =COUNTIF(O5:AP5,"") -> 27 | M5: =COUNTIF(O5:AP5,"APAGADO") -> 1 | N5: =(L5)/(M5+L5) -> 0.96428571 | T5: APAGADO
A6: MAYOL | C6: MAY 01 | D6: Eva Peron y Cabildo | E6: Domo | F6: Radio | G6: Flujo Vehicular, Futuro corredor escolar, Zona Comercial | I6: -348239900000 | J6: -582772350000 | K6: 172.20.200.194 | L6: =COUNTIF(O6:AP6,"") -> 27 | M6: =COUNTIF(O6:AP6,"APAGADO") -> 1 | N6: =(L6)/(M6+L6) -> 0.96428571 | R6: APAGADO
C7: MAY 02 | D7: EVA PERON Y MONTEVIDEO | E7: Domo | F7: Radio | I7: -348218190000 | J7: -582771380000 | K7: 172.20.200.168 | L7: =COUNTIF(O7:AP7,"") -> 22 | M7: =COUNTIF(O7:AP7,"APAGADO") -> 6 | N7: =(L7)/(M7+L7) -> 0.78571429 | O7: APAGADO | P7: APAGADO | Q7: APAGADO | R7: APAGADO | S7: APAGADO | T7: APAGADO
A8: MAYOL | C8: MAY 03 | D8: CHAÑAR Y SAN NICOLAS | E8: DOMO | F8: PTP A FO | H8: ALTA 29/10/2019 | I8: -348230700000 | J8: -582702540000 | K8: 172.20.10.18 | L8: =COUNTIF(O8:AP8,"") -> 27 | M8: =COUNTIF(O8:AP8,"APAGADO") -> 1 | N8: =(L8)/(M8+L8) -> 0.96428571 | R8: APAGADO
C9: MAY 04 | D9: MAR CHIQUITA Y RIO JACHAL | E9: DOMO | F9: Radio | H9: 08/07/2020 COMIENZA A REPORTAR IMAGEN | I9: -348252070000 | J9: -582711820000 | K9: 10.20.30.34 | L9: =COUNTIF(O9:AP9,"") -> 28 | M9: =COUNTIF(O9:AP9,"APAGADO") -> 0 | N9: =(L9)/(M9+L9) -> 1
A10: ALTAMIRA | C10: ALT06 | D10: LOPE DE VEGA Y NECOCHEA | E10: Domo | F10: PTP A FO | H10: Instalada sin alta en sistema. ALTA en sistema y en funcionamiento 04/05/2020 | I10: -347738090000 | J10: -582721410000 | K10: 172.20.12.12 | L10: =COUNTIF(O10:AP10,"") -> 25 | M10: =COUNTIF(O10:AP10,"APAGADO") -> 3 | N10: =(L10)/(M10+L10) -> 0.89285714 | R10: APAGADO | S10: APAGADO | T10: APAGADO
A11: ALTAMIRA | C11: ALT01 | D11: Calchaqui y Sgto. Cabral | E11: Domo | F11: Fibra Optica | G11: Universidad, Zona Bancaria, Flujo Vehicular, Posible Via de Escape | I11: -347769580000 | J11: -582650900000 | K11: 172.20.10.6 | L11: =COUNTIF(O11:AP11,"") -> 23 | M11: =COUNTIF(O11:AP11,"APAGADO") -> 5 | N11: =(L11)/(M11+L11) -> 0.82142857 | O11: APAGADO | P11: APAGADO | Q11: APAGADO | R11: APAGADO | S11: APAGADO
A12: ALTAMIRA | C12: ALT02 | D12: Calchaqui y Lope de Vega | E12: Domo | F12: PTP A FO | G12: Hospital, Flujo Vehicular, Peatonal | I12: -347718470000 | J12: -582688560000 | K12: 172.20.12.218 | L12: =COUNTIF(O12:AP12,"") -> 26 | M12: =COUNTIF(O12:AP12,"APAGADO") -> 2 | N12: =(L12)/(M12+L12) -> 0.92857143 | R12: APAGADO | S12: APAGADO
A13: ALTAMIRA | B13: 44642 | C13: ALT03 | D13: Bombero Galarza y Necochea | E13: Domo | F13: Fibra Optica | G13: Hospital, Limite del Partido | I13: -347726570000 | J13: -582730620000 | K13: 172.20.12.54 | L13: =COUNTIF(O13:AP13,"") -> 28 | M13: =COUNTIF(O13:AP13,"APAGADO") -> 0 | N13: =(L13)/(M13+L13) -> 1
B14: 44642 | C14: ALT04 | D14: Francia y Necochea | E14: Domo | F14: Fibra Optica | G14: Zona RecreaciÃ³n | I14: -347705420000 | J14: -582748000000 | K14: 172.20.12.55 | L14: =COUNTIF(O14:AP14,"") -> 28 | M14: =COUNTIF(O14:AP14,"APAGADO") -> 0 | N14: =(L14)/(M14+L14) -> 1
A15: ALTAMIRA | C15: ALT05 | D15: Av. Calchaqui y Bombero Galarza | E15: Domo | F15: PTP A FO | G15: Zona Bancaria, Flujo Vehicular, Posible via de escape, Limite del partido | I15: -347708370000 | J15: -582698000000 | K15: 172.20.12.216 | L15: =COUNTIF(O15:AP15,"") -> 28 | M15: =COUNTIF(O15:AP15,"APAGADO") -> 0 | N15: =(L15)/(M15+L15) -> 1
A16: ALTAMIRA | C16: ALT07 | D16: AV. CALCHAQUI Y AV. DEL TRABAJO | E16: DOMO | F16: PTP A FO | H16: SE DA DE ALTA EL 17/09/2020 18:51HS | I16: -347737570000 | J16: -582676650000 | K16: 172.20.10.57 | L16: =COUNTIF(O16:AP16,"") -> 27 | M16: =COUNTIF(O16:AP16,"APAGADO") -> 1 | N16: =(L16)/(M16+L16) -> 0.96428571 | R16: APAGADO
A17: ALTAMIRA | B17: 44642 | C17: ALT08 | D17: HUMAITA Y NECOCHEA | E17: DOMO | F17: Fibra Optica | H17: REPORTA IMAGENES 20/08/2021 | I17: -347749440000 | J17: -582711610000 | K17: 172.20.11.215 | L17: =COUNTIF(O17:AP17,"") -> 28 | M17: =COUNTIF(O17:AP17,"APAGADO") -> 0 | N17: =(L17)/(M17+L17) -> 1
A18: ALTAMIRA | B18: 44642 | C18: ALT09 | D18: NECOCHEA Y CURUPAITY | E18: DOMO | F18: Fibra Optica | H18: SE DA DE ALTA 25/08/2021 | I18: -347743740000 | J18: -582715650000 | K18: 172.20.11.216 | L18: =COUNTIF(O18:AP18,"") -> 28 | M18: =COUNTIF(O18:AP18,"APAGADO") -> 0 | N18: =(L18)/(M18+L18) -> 1
A19: AGUSTIN RAMIREZ | C19: ARA01 | D19: Malambo y Tranquera | E19: Domo | F19: Fibra Optica | G19: Zona Escolar, Flujo Vehicular | I19: -347979380000 | J19: -583160950000 | K19: 172.20.12.110 | L19: =COUNTIF(O19:AP19,"") -> 27 | M19: =COUNTIF(O19:AP19,"APAGADO") -> 1 | N19: =(L19)/(M19+L19) -> 0.96428571 | R19: APAGADO
A20: ALTAMIRA | C20: ALT10 | D20: REP. FRANCIA Y CALCHAQUI (RP 36) | E20: DOMO | F20: PTP A FO | H20: SE DA DE ALTA 10/11/2021 | I20: -347689160000 | J20: -582717100000 | K20: 172.20.12.156 | L20: =COUNTIF(O20:AP20,"") -> 28 | M20: =COUNTIF(O20:AP20,"APAGADO") -> 0 | N20: =(L20)/(M20+L20) -> 1
A21: BELGRANO | C21: BEL01 | D21: San Martin y Dardo Rocha | E21: DOMO | F21: Fibra Optica | G21: Zona Escolar, Flujo Vehicular | H21: 19/03/2020 SE RETIRO DISPOSITIVO POR RIESGO DE CAIDA. 19/08/2020 comenzo a funcionar. | I21: -347918370000 | J21: -582786080000 | K21: 172.20.12.64 | L21: =COUNTIF(O21:AP21,"") -> 28 | M21: =COUNTIF(O21:AP21,"APAGADO") -> 0 | N21: =(L21)/(M21+L21) -> 1
C22: CEN51 | D22: ILLIA Y LAS HERAS | E22: FIJA | F22: Fibra Optica | G22: POSIBLE VIA DE ESCAPE, Y FLUJO VEHICULAR | I22: -347987830000 | J22: -582840920000 | K22: 172.20.11.29 | L22: =COUNTIF(O22:AP22,"") -> 27 | M22: =COUNTIF(O22:AP22,"APAGADO") -> 1 | N22: =(L22)/(M22+L22) -> 0.96428571 | O22: APAGADO
C23: CEN53 | D23: GUTIERREZ Y BROWN | E23: Domo | F23: Radio | I23: -348013650000 | J23: -582715700000 | K23: 172.20.200.166 | L23: =COUNTIF(O23:AP23,"") -> 28 | M23: =COUNTIF(O23:AP23,"APAGADO") -> 0 | N23: =(L23)/(M23+L23) -> 1
C24: CEN 54 | D24: GUTIERREZ Y PRINGLES | E24: Domo | F24: Radio | I24: -348013470000 | J24: -582698540000 | K24: 172.20.200.165 | L24: =COUNTIF(O24:AP24,"") -> 28 | M24: =COUNTIF(O24:AP24,"APAGADO") -> 0 | N24: =(L24)/(M24+L24) -> 1
C25: CEN 55 | D25: BOUREL Y URQUIZA | E25: Domo | F25: Radio | I25: -348019110000 | J25: -582819990000 | K25: 172.20.200.163 | L25: =COUNTIF(O25:AP25,"") -> 28 | M25: =COUNTIF(O25:AP25,"APAGADO") -> 0 | N25: =(L25)/(M25+L25) -> 1
A26: CENTRO | C26: CEN 56 | D26: Newbery y Falucho | E26: DOMO | F26: Radio | G26: Posible via de escape, Cruce Peligroso | I26: -348073990000 | J26: -582850080000 | K26: 172.20.200.161 | L26: =COUNTIF(O26:AP26,"") -> 28 | M26: =COUNTIF(O26:AP26,"APAGADO") -> 0 | N26: =(L26)/(M26+L26) -> 1
C27: CEN 57 | D27: 25 DE MAYO Y DORREGO | E27: DOMO | F27: Radio | I27: -348007360000 | J27: -582804240000 | K27: 172.20.200.199 | L27: =COUNTIF(O27:AP27,"") -> 28 | M27: =COUNTIF(O27:AP27,"APAGADO") -> 0 | N27: =(L27)/(M27+L27) -> 1
C28: CEN 58 | D28: EEUU Y MORENO | E28: DOMO | F28: Fibra Optica | H28: INSTALADA: 11/06/18. EN FUNCIONAMIENTO: 27/06/18. | I28: -348103030000 | J28: -582835720000 | K28: 172.20.11.84 | L28: =COUNTIF(O28:AP28,"") -> 23 | M28: =COUNTIF(O28:AP28,"APAGADO") -> 5 | N28: =(L28)/(M28+L28) -> 0.82142857 | O28: APAGADO | P28: APAGADO | Q28: APAGADO | R28: APAGADO | S28: APAGADO
C29: CEN 59 | D29: CHACABUCO Y BOUREL | E29: DOMO | F29: Radio | H29: INSTALADA:11/06/18EN FUNCIONAMIENTO: 27/06/18 | I29: -348039300000 | J29: -582819780000 | K29: 172.20.200.188 | L29: =COUNTIF(O29:AP29,"") -> 27 | M29: =COUNTIF(O29:AP29,"APAGADO") -> 1 | N29: =(L29)/(M29+L29) -> 0.96428571 | R29: APAGADO
A30: CENTRO | C30: CEN 60 | D30: RECONQUISTA Y ILLIA | E30: DOMO | F30: PTP A FO | H30: ALTA 26/10/2019 | I30: -347999170000 | J30: -582863530000 | K30: 172.20.12.67 | L30: =COUNTIF(O30:AP30,"") -> 28 | M30: =COUNTIF(O30:AP30,"APAGADO") -> 0 | N30: =(L30)/(M30+L30) -> 1
A31: CENTRO | C31: CEN 61 | D31: BOUREL Y MAIPU | E31: DOMO | F31: Radio | H31: ALTA EN FUNCIONAMIENTO 12/04/2019 | I31: -348040550000 | J31: -582819380000 | K31: 172.20.200.159 | L31: =COUNTIF(O31:AP31,"") -> 28 | M31: =COUNTIF(O31:AP31,"APAGADO") -> 0 | N31: =(L31)/(M31+L31) -> 1
A32: CENTRO | C32: CEN 62 | D32: ESPAÑA Y ALEM | E32: DOMO | F32: PTP A FO | H32: ALTA: 16/06/2020 | I32: -348038200000 | J32: -582766160000 | K32: 172.20.12.82 | L32: =COUNTIF(O32:AP32,"") -> 26 | M32: =COUNTIF(O32:AP32,"APAGADO") -> 2 | N32: =(L32)/(M32+L32) -> 0.92857143 | O32: APAGADO | R32: APAGADO
A33: CENTRO | C33: CEN 63 | D33: SAN MARTIN Y URQUIZA | E33: DOMO | F33: Fibra Optica | H33: DADA DE ALTA ABRIL 2021 | I33: -348017700000 | J33: -582785020000 | K33: 172.20.11.112 | L33: =COUNTIF(O33:AP33,"") -> 27 | M33: =COUNTIF(O33:AP33,"APAGADO") -> 1 | N33: =(L33)/(M33+L33) -> 0.96428571 | R33: APAGADO
A34: CENTRO | C34: CEN 70 | D34: RIVADAVIA Y 25 MAYO | E34: Domo | F34: Fibra Optica | H34: alta en sistema 25/11/2021 | I34: -348091950000 | J34: -582800930000 | K34: 172.20.11.221 | L34: =COUNTIF(O34:AP34,"") -> 28 | M34: =COUNTIF(O34:AP34,"APAGADO") -> 0 | N34: =(L34)/(M34+L34) -> 1
A35: CENTRO | C35: CEN 71 | D35: MORENO Y BOUREL | E35: Domo | F35: Fibra Optica | H35: alta en sistema 25/11/2021 | I35: -348103130000 | J35: -582818230000 | K35: 172.20.11.220 | L35: =COUNTIF(O35:AP35,"") -> 28 | M35: =COUNTIF(O35:AP35,"APAGADO") -> 0 | N35: =(L35)/(M35+L35) -> 1
A36: CENTRO | C36: CEN 72 | D36: MORENO Y 25 DE MAYO | E36: Domo | F36: Fibra Optica | H36: ALTA EN SISTEMA 25/11/2021 | I36: -348102250000 | J36: -582800780000 | K36: 172.20.11.219 | L36: =COUNTIF(O36:AP36,"") -> 28 | M36: =COUNTIF(O36:AP36,"APAGADO") -> 0 | N36: =(L36)/(M36+L36) -> 1
A37: CENTRO | C37: CEN01 | D37: San Martin y 9 de Julio | E37: Fija | F37: Fibra Optica | G37: Zona Comercial, Flujo Vehicular | I37: -348028100000 | J37: -582782860000 | K37: 172.20.11.10 | L37: =COUNTIF(O37:AP37,"") -> 28 | M37: =COUNTIF(O37:AP37,"APAGADO") -> 0 | N37: =(L37)/(M37+L37) -> 1
A38: CENTRO | C38: CEN02 | D38: San Martin y Almafuerte | E38: Fija | F38: Fibra Optica | G38: Bomberos, Flujo Vehicular, Zona Comercial | I38: -348006070000 | J38: -582784580000 | K38: 172.20.11.11 | L38: =COUNTIF(O38:AP38,"") -> 28 | M38: =COUNTIF(O38:AP38,"APAGADO") -> 0 | N38: =(L38)/(M38+L38) -> 1
A39: CENTRO | C39: CEN03 | D39: San Martin y Sallares | E39: Domo | F39: Fibra Optica | G39: Zona Comercial, Flujo Vehicular | H39: 29/03/19 FUNCIONA EN COD 1 | I39: -348080340000 | J39: -582780930000 | K39: 172.20.12.30 | L39: =COUNTIF(O39:AP39,"") -> 28 | M39: =COUNTIF(O39:AP39,"APAGADO") -> 0 | N39: =(L39)/(M39+L39) -> 1
A40: CENTRO | C40: CEN04 | D40: San Martin y Contreras | E40: Domo | F40: Fibra Optica | G40: Zona de recreaciÃ³n, Flujo vehicular | I40: -348049240000 | J40: -582781680000 | K40: 172.20.12.29 | L40: =COUNTIF(O40:AP40,"") -> 27 | M40: =COUNTIF(O40:AP40,"APAGADO") -> 1 | N40: =(L40)/(M40+L40) -> 0.96428571 | R40: APAGADO
A41: CENTRO | C41: CEN05 | D41: Bocuzzi e/España y San Martin | E41: DOMO | F41: Fibra Optica | G41: Zona Bancaria, Flujo Vehicular | H41: 03/01/19 se realizo cambio de dispositivo de fija a DOMO. | I41: -348100680000 | J41: -582769560000 | K41: 172.20.10.200 | L41: =COUNTIF(O41:AP41,"") -> 28 | M41: =COUNTIF(O41:AP41,"APAGADO") -> 0 | N41: =(L41)/(M41+L41) -> 1
A42: CENTRO | C42: CEN06 | D42: Monteagudo y A.del Valle | E42: Fija | F42: Fibra Optica | G42: Zona Bancaria | I42: -348057170000 | J42: -582748750000 | K42: 172.20.10.02 | L42: =COUNTIF(O42:AP42,"") -> 28 | M42: =COUNTIF(O42:AP42,"APAGADO") -> 0 | N42: =(L42)/(M42+L42) -> 1
A43: CENTRO | C43: CEN07 | D43: San Martin y Guemes | E43: DOMO | F43: Fibra Optica | G43: Zona de Recreacion | H43: FIBRA OPTICA CORTADA. 28/06/19 SE RETIRO EL DISPOSITIVO POR RIESGO DE CAIDA. 15/05/2020 en funcionamiento. | I43: -347959820000 | J43: -582787950000 | K43: 172.20.11.20 | L43: =COUNTIF(O43:AP43,"") -> 28 | M43: =COUNTIF(O43:AP43,"APAGADO") -> 0 | N43: =(L43)/(M43+L43) -> 1
A44: CENTRO | C44: CEN08 | D44: San Martin y Pte.Peron | E44: Domo | F44: Fibra Optica | G44: Paso Nivel, Paso Peatonal, Zona Bancaria, Flujo Vehicular | I44: -348108520000 | J44: -582778140000 | K44: 172.20.11.21 | L44: =COUNTIF(O44:AP44,"") -> 28 | M44: =COUNTIF(O44:AP44,"APAGADO") -> 0 | N44: =(L44)/(M44+L44) -> 1
A45: CENTRO | C45: CEN09 | D45: Chacabuco y 25 de Mayo | E45: Domo | F45: Fibra Optica | G45: Zona Escolar, Zona de RecreaciÃ³n | I45: -348039640000 | J45: -582803250000 | K45: 172.20.11.22 | L45: =COUNTIF(O45:AP45,"") -> 27 | M45: =COUNTIF(O45:AP45,"APAGADO") -> 1 | N45: =(L45)/(M45+L45) -> 0.96428571 | R45: APAGADO
A46: CENTRO | C46: CEN10 | D46: Monteagudo y Pte. PerÃ³n | E46: Domo | F46: Fibra Optica | G46: Peatonal, Zona Comercial, Flujo Vehicular | I46: -348107030000 | J46: -582745850000 | K46: 172.20.11.23 | L46: =COUNTIF(O46:AP46,"") -> 28 | M46: =COUNTIF(O46:AP46,"APAGADO") -> 0 | N46: =(L46)/(M46+L46) -> 1
A47: CENTRO | C47: CEN11 | D47: Monteagudo y Bocuzzi | E47: Domo | F47: Fibra Optica | G47: Zona Bancaria, Zona Comercial, Peatonal, | H47: SIN ENERGIA EN EL POSTE. | I47: -348099320000 | J47: -582745900000 | K47: 172.20.10.24 | L47: =COUNTIF(O47:AP47,"") -> 27 | M47: =COUNTIF(O47:AP47,"APAGADO") -> 1 | N47: =(L47)/(M47+L47) -> 0.96428571 | R47: APAGADO
A48: CENTRO | C48: CEN12 | D48: Monteagudo y Mitre | E48: Domo | F48: Fibra Optica | G48: Zona Comercial, Zona Bancaria, Peatonal | I48: -348088700000 | J48: -582747030000 | K48: 172.20.10.23 | L48: =COUNTIF(O48:AP48,"") -> 27 | M48: =COUNTIF(O48:AP48,"APAGADO") -> 1 | N48: =(L48)/(M48+L48) -> 0.96428571 | R48: APAGADO
A49: CENTRO | C49: CEN13 | D49: 25 de Mayo y Maipu | E49: DOMO | F49: Fibra Optica | G49: Zona Escolar, Zona de RecreaciÃ³n | I49: -348050030000 | J49: -582802180000 | K49: 172.20.10.20 | L49: =COUNTIF(O49:AP49,"") -> 28 | M49: =COUNTIF(O49:AP49,"APAGADO") -> 0 | N49: =(L49)/(M49+L49) -> 1
A50: CENTRO | C50: CEN14 | D50: Pte.Peron/Pringles y Brown | E50: Domo | F50: Fibra Optica | G50: Cruce de Vias, Flujo Vehicular, Posible VÃ­a de Escape | I50: -348105840000 | J50: -582705460000 | K50: 172.20.10.21 | L50: =COUNTIF(O50:AP50,"") -> 28 | M50: =COUNTIF(O50:AP50,"APAGADO") -> 0 | N50: =(L50)/(M50+L50) -> 1
A51: CENTRO | C51: CEN15 | D51: Alberdi y A.del Valle | E51: Domo | F51: Fibra Optica | G51: Desarrollo Social, Flujo vehicular | I51: -348056730000 | J51: -582731900000 | K51: 172.20.10.35 | L51: =COUNTIF(O51:AP51,"") -> 28 | M51: =COUNTIF(O51:AP51,"APAGADO") -> 0 | N51: =(L51)/(M51+L51) -> 1
A52: CENTRO | C52: CEN16 | D52: San Martin y Pte. Peron | E52: Fija | F52: Fibra Optica | G52: Zona Escolar, Zona de RecreaciÃ³n Club, Zona Bancaria, Flujo Vehicular, Paso Bajo Nivel | H52: se cambio el nombre de San Martin y Moreno al que correspondia por su ubicacion. | I52: -348100860000 | J52: -582782440000 | K52: 172.20.12.36 | L52: =COUNTIF(O52:AP52,"") -> 28 | M52: =COUNTIF(O52:AP52,"APAGADO") -> 0 | N52: =(L52)/(M52+L52) -> 1
C53: CEN17 | D53: San Martin y Mitre | E53: Domo | F53: PTP A FO | G53: Flujo Vehicular | H53: CON CAIDAS FRECUENTES | I53: -348090820000 | J53: -582779860000 | K53: 172.20.12.200 | L53: =COUNTIF(O53:AP53,"") -> 28 | M53: =COUNTIF(O53:AP53,"APAGADO") -> 0 | N53: =(L53)/(M53+L53) -> 1
A54: CENTRO | C54: CEN18 | D54: Monteagudo e/Mitre y Sallares | E54: Fija | F54: Fibra Optica | G54: Paso Peatonal | H54: CON CAIDAS FRECUENTES | I54: -348083950000 | J54: -582747030000 | K54: 172.20.10.26 | L54: =COUNTIF(O54:AP54,"") -> 27 | M54: =COUNTIF(O54:AP54,"APAGADO") -> 1 | N54: =(L54)/(M54+L54) -> 0.96428571 | R54: APAGADO
A55: CENTRO | C55: CEN19 | D55: Chacabuco y 25 de Mayo | E55: Fija | F55: Fibra Optica | G55: Zona Bancaria | I55: -348039460000 | J55: -582803360000 | K55: 172.20.10.27 | L55: =COUNTIF(O55:AP55,"") -> 27 | M55: =COUNTIF(O55:AP55,"APAGADO") -> 1 | N55: =(L55)/(M55+L55) -> 0.96428571 | R55: APAGADO
A56: LOMAS DE MONTEVERDE | C56: CEN20 | D56: Pte. Illia y Las Heras | E56: Domo | F56: Fibra Optica | G56: Posible VÃ­a de Escape | I56: -347986060000 | J56: -582839810000 | K56: 172.20.10.33 | L56: =COUNTIF(O56:AP56,"") -> 27 | M56: =COUNTIF(O56:AP56,"APAGADO") -> 1 | N56: =(L56)/(M56+L56) -> 0.96428571 | R56: APAGADO
A57: CENTRO | C57: CEN21 | D57: Misiones y Urquiza | E57: Fija | F57: Radio | G57: Zona de Recreacion | I57: -348021710000 | J57: -582868960000 | K57: 172.20.200.132 | L57: =COUNTIF(O57:AP57,"") -> 28 | M57: =COUNTIF(O57:AP57,"APAGADO") -> 0 | N57: =(L57)/(M57+L57) -> 1
A58: CENTRO | C58: CEN22 | D58: Las Heras y Chacabuco | E58: Domo | F58: Radio | G58: Zona Escolar, Paso Peatonal | I58: -348040780000 | J58: -582835220000 | K58: 172.20.200.125 | L58: =COUNTIF(O58:AP58,"") -> 25 | M58: =COUNTIF(O58:AP58,"APAGADO") -> 3 | N58: =(L58)/(M58+L58) -> 0.89285714 | O58: APAGADO | P58: APAGADO | R58: APAGADO
A59: CENTRO | C59: CEN23 | D59: Sallares y Monteagudo | E59: Domo | F59: Fibra Optica | G59: Paso Peatonal, Zona Comercial, Zona Bancaria | I59: -348078180000 | J59: -582747270000 | K59: 172.20.12.05 | L59: =COUNTIF(O59:AP59,"") -> 28 | M59: =COUNTIF(O59:AP59,"APAGADO") -> 0 | N59: =(L59)/(M59+L59) -> 1
A60: CENTRO | C60: CEN24 | D60: Sallares y España | E60: Domo | F60: Fibra Optica | G60: Zona Comercial, Flujo Vehicular, Paso Peatonal | I60: -348079190000 | J60: -582764410000 | K60: 172.20.12.04 | L60: =COUNTIF(O60:AP60,"") -> 27 | M60: =COUNTIF(O60:AP60,"APAGADO") -> 1 | N60: =(L60)/(M60+L60) -> 0.96428571 | R60: APAGADO
A61: CENTRO | C61: CEN25 | D61: SAN MARTIN Y 9 DE JULIO | E61: Domo | F61: Fibra Optica | G61: Zona Escolar, Flujo Vehicular | H61: EX SAN MARTIN Y CASTELLI, SE COLOCO EL NOMBRE QUE REALMENTE CORRESPONDIA. | I61: -348027470000 | J61: -582782920000 | K61: 172.20.12.02 | L61: =COUNTIF(O61:AP61,"") -> 28 | M61: =COUNTIF(O61:AP61,"APAGADO") -> 0 | N61: =(L61)/(M61+L61) -> 1
A62: CENTRO | C62: CEN26 | D62: Mitre y España | E62: Domo | F62: Fibra Optica | G62: Flujo Vehicular, Zona Comercial | I62: -348089580000 | J62: -582763340000 | K62: 172.20.12.06 | L62: =COUNTIF(O62:AP62,"") -> 27 | M62: =COUNTIF(O62:AP62,"APAGADO") -> 1 | N62: =(L62)/(M62+L62) -> 0.96428571 | R62: APAGADO
A63: CENTRO | C63: CEN27 | D63: San Juan y España | E63: Domo | F63: Fibra Optica | G63: Zona Escolar, Flujo Vehicular | I63: -348068620000 | J63: -582765270000 | K63: 172.20.12.37 | L63: =COUNTIF(O63:AP63,"") -> 28 | M63: =COUNTIF(O63:AP63,"APAGADO") -> 0 | N63: =(L63)/(M63+L63) -> 1
A64: CENTRO | C64: CEN28 | D64: Mitre y Alberdi | E64: Domo | F64: Fibra Optica | G64: Flujo Vehicular, Zona Comercial | I64: -348087820000 | J64: -582729860000 | K64: 172.20.12.38 | L64: =COUNTIF(O64:AP64,"") -> 28 | M64: =COUNTIF(O64:AP64,"APAGADO") -> 0 | N64: =(L64)/(M64+L64) -> 1
A65: CENTRO | C65: CEN29 | D65: Alberdi y San Juan | E65: Domo | F65: Fibra Optica | G65: Flujo Vehicular, Zona Comercial | I65: -348066860000 | J65: -582731470000 | K65: 172.20.12.40 | L65: =COUNTIF(O65:AP65,"") -> 28 | M65: =COUNTIF(O65:AP65,"APAGADO") -> 0 | N65: =(L65)/(M65+L65) -> 1
A66: CENTRO | C66: CEN30 | D66: Mitre y Pringles | E66: Domo | F66: Fibra Optica | G66: Corredor Escolar, Fiscalias, Flujo vehicular, Paso Peatonal | I66: -348086060000 | J66: -582700470000 | K66: 172.20.12.39 | L66: =COUNTIF(O66:AP66,"") -> 22 | M66: =COUNTIF(O66:AP66,"APAGADO") -> 6 | N66: =(L66)/(M66+L66) -> 0.78571429 | O66: APAGADO | P66: APAGADO | Q66: APAGADO | R66: APAGADO | S66: APAGADO | T66: APAGADO
A67: CENTRO | C67: CEN31 | D67: Mitre e/Monteagudo y Alberdi | E67: Domo | F67: Fibra Optica | G67: Zona Bancaria, Flujo Vehicular, Paso Peatonal | I67: -348088130000 | J67: -582738390000 | K67: 172.20.12.41 | L67: =COUNTIF(O67:AP67,"") -> 28 | M67: =COUNTIF(O67:AP67,"APAGADO") -> 0 | N67: =(L67)/(M67+L67) -> 1
A68: CENTRO | C68: CEN32 | D68: Aristobulo del Valle y España | E68: Domo | F68: Fibra Optica | G68: Zona Escolar, Flujo Vehicular | I68: -348058930000 | J68: -582764630000 | K68: 172.20.12.42 | L68: =COUNTIF(O68:AP68,"") -> 28 | M68: =COUNTIF(O68:AP68,"APAGADO") -> 0 | N68: =(L68)/(M68+L68) -> 1
A69: CENTRO | C69: CEN33 | D69: Peron y Alberdi | E69: Domo | F69: Fibra Optica | G69: Zona Comercial, Flujo Vehicular | I69: -348107110000 | J69: -582728250000 | K69: 172.20.12.47 | L69: =COUNTIF(O69:AP69,"") -> 28 | M69: =COUNTIF(O69:AP69,"APAGADO") -> 0 | N69: =(L69)/(M69+L69) -> 1
A70: CENTRO | C70: CEN34 | D70: Peron y España | E70: Domo | F70: Fibra Optica | G70: Zona Comercial, Flujo Vehicular | I70: -348108080000 | J70: -582762270000 | K70: 172.20.12.49 | L70: =COUNTIF(O70:AP70,"") -> 28 | M70: =COUNTIF(O70:AP70,"APAGADO") -> 0 | N70: =(L70)/(M70+L70) -> 1
A71: CENTRO | C71: CEN35 | D71: España y Marmol | E71: Domo | F71: Fibra Optica | G71: Flujo Vehicular | I71: -347995320000 | J71: -582767420000 | K71: 172.20.12.50 | L71: =COUNTIF(O71:AP71,"") -> 28 | M71: =COUNTIF(O71:AP71,"APAGADO") -> 0 | N71: =(L71)/(M71+L71) -> 1
A72: CENTRO | C72: CEN36 | D72: España y 9 de Julio | E72: Domo | F72: Fibra Optica | G72: Flujo Vehicular | I72: -348027390000 | J72: -582766340000 | K72: 172.20.12.51 | L72: =COUNTIF(O72:AP72,"") -> 27 | M72: =COUNTIF(O72:AP72,"APAGADO") -> 1 | N72: =(L72)/(M72+L72) -> 0.96428571 | R72: APAGADO
A73: CENTRO | C73: CEN37 | D73: Diagonal Granaderos y Monteagudo | E73: Domo | F73: Fibra Optica | G73: Zona de Recreacion | I73: -347974350000 | J73: -582751320000 | K73: 172.20.12.52 | L73: =COUNTIF(O73:AP73,"") -> 28 | M73: =COUNTIF(O73:AP73,"APAGADO") -> 0 | N73: =(L73)/(M73+L73) -> 1
A74: CENTRO | C74: CEN38 | D74: Diagonal Constituyentes y Almafuerte | E74: Domo | F74: Fibra Optica | G74: Flujo Vehicular | I74: -348004490000 | J74: -582742520000 | K74: 172.20.12.53 | L74: =COUNTIF(O74:AP74,"") -> 28 | M74: =COUNTIF(O74:AP74,"APAGADO") -> 0 | N74: =(L74)/(M74+L74) -> 1
A75: CENTRO | C75: CEN39 | D75: San Martin y Alem | E75: Domo | F75: Fibra Optica | G75: Flujo Vehicular,Zona Escolar, Zona Comercial, Zona RecreaciÃ³n, | I75: -348038310000 | J75: -582781900000 | K75: 172.20.12.56 | L75: =COUNTIF(O75:AP75,"") -> 27 | M75: =COUNTIF(O75:AP75,"APAGADO") -> 1 | N75: =(L75)/(M75+L75) -> 0.96428571 | R75: APAGADO
A76: CENTRO | C76: CEN40 | D76: Contreras y Monteagudo | E76: Domo | F76: Fibra Optica | G76: Zona Comercial, Flujo Vehicular | I76: -348046950000 | J76: -582749390000 | K76: 172.20.12.57 | L76: =COUNTIF(O76:AP76,"") -> 27 | M76: =COUNTIF(O76:AP76,"APAGADO") -> 1 | N76: =(L76)/(M76+L76) -> 0.96428571 | R76: APAGADO
A77: CENTRO | C77: CEN41 | D77: Contreras y Alberdi | E77: Domo | F77: Fibra Optica | G77: Zona de RecreaciÃ³n, Flujo vehicular | I77: -348045710000 | J77: -582732760000 | K77: 172.20.12.58 | L77: =COUNTIF(O77:AP77,"") -> 27 | M77: =COUNTIF(O77:AP77,"APAGADO") -> 1 | N77: =(L77)/(M77+L77) -> 0.96428571 | R77: APAGADO
A78: CENTRO | C78: CEN42 | D78: Diagonal Constituyentes y Alem | E78: Domo | F78: Fibra Optica | G78: Flujo Vehicular | I78: -348034610000 | J78: -582706900000 | K78: 172.20.12.59 | L78: =COUNTIF(O78:AP78,"") -> 27 | M78: =COUNTIF(O78:AP78,"APAGADO") -> 1 | N78: =(L78)/(M78+L78) -> 0.96428571 | R78: APAGADO
A79: CENTRO | C79: CEN43 | D79: Sallares y Alberdi | E79: Domo | F79: Fibra Optica | G79: Flujo Vehicular, Zona Comercial | H79: CAIDAS FRECUENTES | I79: -348076770000 | J79: -582730080000 | K79: 172.20.12.61 | L79: =COUNTIF(O79:AP79,"") -> 28 | M79: =COUNTIF(O79:AP79,"APAGADO") -> 0 | N79: =(L79)/(M79+L79) -> 1
A80: CENTRO | C80: CEN44 | D80: Mitre y Brown | E80: Domo | F80: Fibra Optica | G80: Flujo Vehicular, Zona Comercial | I80: -348087290000 | J80: -582714950000 | K80: 172.20.12.62 | L80: =COUNTIF(O80:AP80,"") -> 22 | M80: =COUNTIF(O80:AP80,"APAGADO") -> 6 | N80: =(L80)/(M80+L80) -> 0.78571429 | O80: APAGADO | P80: APAGADO | Q80: APAGADO | R80: APAGADO | S80: APAGADO | T80: APAGADO
A81: CENTRO | C81: CEN45 (fija 1) | D81: EEUU Y MORENO | E81: Fija | F81: Fibra Optica | H81: EN FUNCIONAMIENTO 14/07/2021 | I81: -348102990000 | J81: -582835440000 | K81: 172.20.11.74 | L81: =COUNTIF(O81:AP81,"") -> 23 | M81: =COUNTIF(O81:AP81,"APAGADO") -> 5 | N81: =(L81)/(M81+L81) -> 0.82142857 | O81: APAGADO | P81: APAGADO | Q81: APAGADO | R81: APAGADO | S81: APAGADO
A82: CENTRO | C82: CEN46 (fija 2) | D82: EEUU Y MORENO | E82: Fija | F82: Fibra Optica | H82: EN FUNCIONAMIENTO 14/07/2021 | I82: -348102840000 | J82: -582835020000 | K82: 172.20.11.75 | L82: =COUNTIF(O82:AP82,"") -> 23 | M82: =COUNTIF(O82:AP82,"APAGADO") -> 5 | N82: =(L82)/(M82+L82) -> 0.82142857 | O82: APAGADO | P82: APAGADO | Q82: APAGADO | R82: APAGADO | S82: APAGADO
A83: CENTRO | C83: CEN47 | D83: Sallares y Brown | E83: Domo | F83: Fibra Optica | G83: Flujo Vehicular | I83: -348076280000 | J83: -582715700000 | K83: 172.20.12.65 | L83: =COUNTIF(O83:AP83,"") -> 26 | M83: =COUNTIF(O83:AP83,"APAGADO") -> 2 | N83: =(L83)/(M83+L83) -> 0.92857143 | R83: APAGADO | T83: APAGADO
A84: CENTRO | C84: CEN48 | D84: Velez Sarsfield y Las Heras | E84: Domo | F84: Radio | G84: Cruce Peligroso, Flujo Vehicular, Zona Comercial | H84: SE ENCUENTRA INVERTIDA. 25/06/18 | I84: -348082910000 | J84: -582832080000 | K84: 172.20.200.181 | L84: =COUNTIF(O84:AP84,"") -> 27 | M84: =COUNTIF(O84:AP84,"APAGADO") -> 1 | N84: =(L84)/(M84+L84) -> 0.96428571 | O84: APAGADO
A85: CENTRO | C85: CEN49 | D85: Av. San Martin y Florencio Sanchez | E85: Domo | F85: Radio | G85: Cruce peligroso por gran flujo Vehicular, Zona Comercial, Futuro corredor escolar | I85: -347975480000 | J85: -582789940000 | K85: 172.20.200.182 | L85: =COUNTIF(O85:AP85,"") -> 28 | M85: =COUNTIF(O85:AP85,"APAGADO") -> 0 | N85: =(L85)/(M85+L85) -> 1
A86: CENTRO | C86: CEN50 | D86: Av. San Martin y Newbery | E86: Domo | F86: Radio | G86: Flujo Vehicular, Zona Comercial,Vecindad con establecimiento educativo, Futuro corredor escolar | H86: PIXELADA Y CAIDA FRECUENTE | I86: -348070120000 | J86: -582783830000 | K86: 172.20.200.184 | L86: =COUNTIF(O86:AP86,"") -> 28 | M86: =COUNTIF(O86:AP86,"APAGADO") -> 0 | N86: =(L86)/(M86+L86) -> 1
C87: CEN52 | D87: San Martin y Almafuerte (ex San Martin y Dorrego) | E87: DOMO | F87: Radio | H87: ex San Martin y Dorrego, reubicada por obra (carril exclusivo para trasporte publico) en Av. San Martin y Almafuerte. 30/08/2018. ) | I87: -348006380000 | J87: -582785240000 | K87: 172.20.200.191 | L87: =COUNTIF(O87:AP87,"") -> 28 | M87: =COUNTIF(O87:AP87,"APAGADO") -> 0 | N87: =(L87)/(M87+L87) -> 1
A88: CENTRO | C88: CEN64 | D88: SAN MARTIN Y BOCCUZZI | E88: FIJA | F88: Fibra Optica | H88: EN FUNCIONAMIENTO 14/07/2021 | I88: -348100370000 | J88: -582778830000 | K88: 172.20.11.134 | L88: =COUNTIF(O88:AP88,"") -> 28 | M88: =COUNTIF(O88:AP88,"APAGADO") -> 0 | N88: =(L88)/(M88+L88) -> 1
A89: CENTRO | C89: CEN65 | D89: SAN MARTIN Y JUAN PERON | E89: FIJA | F89: Fibra Optica | H89: EN FUNCIONAMIENTO 14/07/2021 | I89: -348107920000 | J89: -582777490000 | K89: 172.20.11.87 | L89: =COUNTIF(O89:AP89,"") -> 28 | M89: =COUNTIF(O89:AP89,"APAGADO") -> 0 | N89: =(L89)/(M89+L89) -> 1
A90: CENTRO | C90: CEN66 | D90: SAN MARTIN Y JUAN PERON | E90: FIJA | F90: Fibra Optica | H90: EN FUNCIONAMIENTO 14/07/2021 | I90: -348109620000 | J90: -582777260000 | K90: 172.20.11.136 | L90: =COUNTIF(O90:AP90,"") -> 28 | M90: =COUNTIF(O90:AP90,"APAGADO") -> 0 | N90: =(L90)/(M90+L90) -> 1
A91: CENTRO | C91: CEN67 (fija 1) | D91: 9 DE JULIO Y BROWN | E91: Fija | F91: Fibra Optica | H91: REPORTA IMAGENES 30/07/2021 | I91: -348024610000 | J91: -582715570000 | K91: 172.20.11.188 | L91: =COUNTIF(O91:AP91,"") -> 27 | M91: =COUNTIF(O91:AP91,"APAGADO") -> 1 | N91: =(L91)/(M91+L91) -> 0.96428571 | R91: APAGADO
A92: CENTRO | C92: CEN68 (fija 2) | D92: 9 DE JULIO Y BROWN | E92: Fija | F92: Fibra Optica | H92: REPORTA IMAGENES 30/07/2021 | I92: -348024610000 | J92: -582715570000 | K92: 172.20.11.189 | L92: =COUNTIF(O92:AP92,"") -> 27 | M92: =COUNTIF(O92:AP92,"APAGADO") -> 1 | N92: =(L92)/(M92+L92) -> 0.96428571 | R92: APAGADO
A93: CENTRO | C93: CEN69 | D93: RIVADAVIA Y BOUREL | E93: DOMO | F93: Fibra Optica | H93: REPORTA IMAGENES 17/11/2021 | I93: -348093230000 | J93: -582817790000 | K93: 172.20.11.222 | L93: =COUNTIF(O93:AP93,"") -> 28 | M93: =COUNTIF(O93:AP93,"APAGADO") -> 0 | N93: =(L93)/(M93+L93) -> 1
A94: CENTRO | C94: CEN73 | D94: BOUREL Y DEFENSA | E94: DOMO | F94: Fibra Optica | H94: SE DA DE ALTA 10/12/2021 | I94: -347987330000 | J94: -582822490000 | K94: 172.20.11.223 | L94: =COUNTIF(O94:AP94,"") -> 28 | M94: =COUNTIF(O94:AP94,"APAGADO") -> 0 | N94: =(L94)/(M94+L94) -> 1
A95: CENTRO | C95: CEN74 | D95: Las Heras y Maipu | E95: Domo | F95: Fibra Optica | I95: -348051750000 | J95: -582833410000 | K95: 172.20.11.53 | L95: =COUNTIF(O95:AP95,"") -> 28 | M95: =COUNTIF(O95:AP95,"APAGADO") -> 0 | N95: =(L95)/(M95+L95) -> 1
A96: SAN NICOLAS | C96: CHA01 | D96: Novak y Pte Illia | E96: Domo | F96: Radio | G96: Flujo Vehicular | I96: -348055400000 | J96: -582972760000 | K96: 172.20.200.126 | L96: =COUNTIF(O96:AP96,"") -> 28 | M96: =COUNTIF(O96:AP96,"APAGADO") -> 0 | N96: =(L96)/(M96+L96) -> 1
A97: CHACABUCO | C97: CHA02 | D97: Pte. Illia y Posadas | E97: Domo | F97: Radio | G97: Flujo Vehicular, Zona Comercial | H97: 11/05/18 A LA ESPERA DE INFORME. | I97: -348032560000 | J97: -582926760000 | K97: 172.20.200.186 | L97: =COUNTIF(O97:AP97,"") -> 28 | M97: =COUNTIF(O97:AP97,"APAGADO") -> 0 | N97: =(L97)/(M97+L97) -> 1
A98: CHACABUCO | C98: CHA03 | D98: MAIPU Y ALVAREZ THOMAS | E98: DOMO | F98: Fibra Optica | H98: EN FUNCIONAMIENTO 13/07/2021 | I98: -348083930000 | J98: -582918310000 | K98: 172.20.11.71 | L98: =COUNTIF(O98:AP98,"") -> 28 | M98: =COUNTIF(O98:AP98,"APAGADO") -> 0 | N98: =(L98)/(M98+L98) -> 1
A99: CHACABUCO | C99: CHA04 | D99: ESTADOS UNIDOS DE A. E ILLIA | E99: DOMO | F99: Fibra Optica | H99: REPORTA IMAGENES 28/07/2021 | I99: -348019100000 | J99: -582901420000 | K99: 172.20.11.191 | L99: =COUNTIF(O99:AP99,"") -> 28 | M99: =COUNTIF(O99:AP99,"APAGADO") -> 0 | N99: =(L99)/(M99+L99) -> 1
A100: VILLA MONICA NUEVA | C100: COL01 | D100: Eva Peron y Cariboni | E100: Domo | F100: Radio | G100: Flujo Vehicular | I100: -348419680000 | J100: -582787590000 | K100: 172.20.200.177 | L100: =COUNTIF(O100:AP100,"") -> 27 | M100: =COUNTIF(O100:AP100,"APAGADO") -> 1 | N100: =(L100)/(M100+L100) -> 0.96428571 | R100: APAGADO
...

Sheet coseidi

Sheet REPARACIONES DIARIAS
A1: REPARADOS POR DIA
A3: 44682
A4: 44683
A5: 44684
A6: 44685
A7: 44686
A8: 44687
A9: 44688
A10: 44689
A11: 44690
A12: 44691
A13: 44692
A14: 44693
... A32: 44711

Sheet ESTADISTICA
A1: ='RESUMEN TOTAL'!A4 -> Barrio | B1: ='RESUMEN TOTAL'!C4 -> [Denominacion] | C1: ='RESUMEN TOTAL'!D4 -> [Ubicacion] | D1: ='RESUMEN TOTAL'!E4 -> [Tipo de Camara] | E1: ='RESUMEN TOTAL'!F4 -> [Tipo de Conexion] | F1: ='RESUMEN TOTAL'!O4 -> 44682 | G1: ='RESUMEN TOTAL'!P4 -> 44683 | H1: ='RESUMEN TOTAL'!Q4 -> 44684 | I1: ='RESUMEN TOTAL'!R4 -> 44685 | J1: ='RESUMEN TOTAL'!S4 -> 44686 | K1: ='RESUMEN TOTAL'!T4 -> 44687 | L1: ='RESUMEN TOTAL'!U4 -> 44688 | M1: ='RESUMEN TOTAL'!V4 -> 44689 | ... AJ1: ='RESUMEN TOTAL'!AS4 -> 44712
A2: ='RESUMEN TOTAL'!A5 -> PRESIDENTE PERON (PEPSI) | B2: ='RESUMEN TOTAL'!C5 -> MAR 01 | C2: ='RESUMEN TOTAL'!D5 -> RP36 Y LA ESMERALDA | D2: ='RESUMEN TOTAL'!E5 -> DOMO | E2: ='RESUMEN TOTAL'!F5 -> Fibra Optica | F2: ='RESUMEN TOTAL'!O5 -> 0 | G2: ='RESUMEN TOTAL'!P5 -> 0 | H2: ='RESUMEN TOTAL'!Q5 -> 0 | I2: ='RESUMEN TOTAL'!R5 -> 0 | J2: ='RESUMEN TOTAL'!S5 -> 0 | K2: ='RESUMEN TOTAL'!T5 -> APAGADO | L2: ='RESUMEN TOTAL'!U5 -> 0 | M2: ='RESUMEN TOTAL'!V5 -> 0 | ... AJ2: ='RESUMEN TOTAL'!AS5 -> 0
A3: ='RESUMEN TOTAL'!A6 -> MAYOL | B3: ='RESUMEN TOTAL'!C6 -> MAY 01 | C3: ='RESUMEN TOTAL'!D6 -> Eva Peron y Cabildo | D3: ='RESUMEN TOTAL'!E6 -> Domo | E3: ='RESUMEN TOTAL'!F6 -> Radio | F3: ='RESUMEN TOTAL'!O6 -> 0 | G3: ='RESUMEN TOTAL'!P6 -> 0 | H3: ='RESUMEN TOTAL'!Q6 -> 0 | I3: ='RESUMEN TOTAL'!R6 -> APAGADO | J3: ='RESUMEN TOTAL'!S6 -> 0 | K3: ='RESUMEN TOTAL'!T6 -> 0 | L3: ='RESUMEN TOTAL'!U6 -> 0 | M3: ='RESUMEN TOTAL'!V6 -> 0 | ... AJ3: ='RESUMEN TOTAL'!AS6 -> 0
A4: ='RESUMEN TOTAL'!A7 -> 0 | B4: ='RESUMEN TOTAL'!C7 -> MAY 02 | C4: ='RESUMEN TOTAL'!D7 -> EVA PERON Y MONTEVIDEO | D4: ='RESUMEN TOTAL'!E7 -> Domo | E4: ='RESUMEN TOTAL'!F7 -> Radio | F4: ='RESUMEN TOTAL'!O7 -> APAGADO | G4: ='RESUMEN TOTAL'!P7 -> APAGADO | H4: ='RESUMEN TOTAL'!Q7 -> APAGADO | I4: ='RESUMEN TOTAL'!R7 -> APAGADO | J4: ='RESUMEN TOTAL'!S7 -> APAGADO | K4: ='RESUMEN TOTAL'!T7 -> APAGADO | L4: ='RESUMEN TOTAL'!U7 -> 0 | M4: ='RESUMEN TOTAL'!V7 -> 0 | ... AJ4: ='RESUMEN TOTAL'!AS7 -> 0
A5: ='RESUMEN TOTAL'!A8 -> MAYOL | B5: ='RESUMEN TOTAL'!C8 -> MAY 03 | C5: ='RESUMEN TOTAL'!D8 -> CHAÑAR Y SAN NICOLAS | D5: ='RESUMEN TOTAL'!E8 -> DOMO | E5: ='RESUMEN TOTAL'!F8 -> PTP A FO | F5: ='RESUMEN TOTAL'!O8 -> 0 | G5: ='RESUMEN TOTAL'!P8 -> 0 | H5: ='RESUMEN TOTAL'!Q8 -> 0 | I5: ='RESUMEN TOTAL'!R8 -> APAGADO | J5: ='RESUMEN TOTAL'!S8 -> 0 | K5: ='RESUMEN TOTAL'!T8 -> 0 | L5: ='RESUMEN TOTAL'!U8 -> 0 | M5: ='RESUMEN TOTAL'!V8 -> 0 | ... AJ5: ='RESUMEN TOTAL'!AS8 -> 0
A6: ='RESUMEN TOTAL'!A9 -> 0 | B6: ='RESUMEN TOTAL'!C9 -> MAY 04 | C6: ='RESUMEN TOTAL'!D9 -> MAR CHIQUITA Y RIO JACHAL | D6: ='RESUMEN TOTAL'!E9 -> DOMO | E6: ='RESUMEN TOTAL'!F9 -> Radio | F6: ='RESUMEN TOTAL'!O9 -> 0 | G6: ='RESUMEN TOTAL'!P9 -> 0 | H6: ='RESUMEN TOTAL'!Q9 -> 0 | I6: ='RESUMEN TOTAL'!R9 -> 0 | J6: ='RESUMEN TOTAL'!S9 -> 0 | K6: ='RESUMEN TOTAL'!T9 -> 0 | L6: ='RESUMEN TOTAL'!U9 -> 0 | M6: ='RESUMEN TOTAL'!V9 -> 0 | ... AJ6: ='RESUMEN TOTAL'!AS9 -> 0
A7: ='RESUMEN TOTAL'!A10 -> ALTAMIRA | B7: ='RESUMEN TOTAL'!C10 -> ALT06 | C7: ='RESUMEN TOTAL'!D10 -> LOPE DE VEGA Y NECOCHEA | D7: ='RESUMEN TOTAL'!E10 -> Domo | E7: ='RESUMEN TOTAL'!F10 -> PTP A FO | F7: ='RESUMEN TOTAL'!O10 -> 0 | G7: ='RESUMEN TOTAL'!P10 -> 0 | H7: ='RESUMEN TOTAL'!Q10 -> 0 | I7: ='RESUMEN TOTAL'!R10 -> APAGADO | J7: ='RESUMEN TOTAL'!S10 -> APAGADO | K7: ='RESUMEN TOTAL'!T10 -> APAGADO | L7: ='RESUMEN TOTAL'!U10 -> 0 | M7: ='RESUMEN TOTAL'!V10 -> 0 | ... AJ7: ='RESUMEN TOTAL'!AS10 -> 0
A8: ='RESUMEN TOTAL'!A11 -> ALTAMIRA | B8: ='RESUMEN TOTAL'!C11 -> ALT01 | C8: ='RESUMEN TOTAL'!D11 -> Calchaqui y Sgto. Cabral | D8: ='RESUMEN TOTAL'!E11 -> Domo | E8: ='RESUMEN TOTAL'!F11 -> Fibra Optica | F8: ='RESUMEN TOTAL'!O11 -> APAGADO | G8: ='RESUMEN TOTAL'!P11 -> APAGADO | H8: ='RESUMEN TOTAL'!Q11 -> APAGADO | I8: ='RESUMEN TOTAL'!R11 -> APAGADO | J8: ='RESUMEN TOTAL'!S11 -> APAGADO | K8: ='RESUMEN TOTAL'!T11 -> 0 | L8: ='RESUMEN TOTAL'!U11 -> 0 | M8: ='RESUMEN TOTAL'!V11 -> 0 | ... AJ8: ='RESUMEN TOTAL'!AS11 -> 0
A9: ='RESUMEN TOTAL'!A12 -> ALTAMIRA | B9: ='RESUMEN TOTAL'!C12 -> ALT02 | C9: ='RESUMEN TOTAL'!D12 -> Calchaqui y Lope de Vega | D9: ='RESUMEN TOTAL'!E12 -> Domo | E9: ='RESUMEN TOTAL'!F12 -> PTP A FO | F9: ='RESUMEN TOTAL'!O12 -> 0 | G9: ='RESUMEN TOTAL'!P12 -> 0 | H9: ='RESUMEN TOTAL'!Q12 -> 0 | I9: ='RESUMEN TOTAL'!R12 -> APAGADO | J9: ='RESUMEN TOTAL'!S12 -> APAGADO | K9: ='RESUMEN TOTAL'!T12 -> 0 | L9: ='RESUMEN TOTAL'!U12 -> 0 | M9: ='RESUMEN TOTAL'!V12 -> 0 | ... AJ9: ='RESUMEN TOTAL'!AS12 -> 0
A10: ='RESUMEN TOTAL'!A13 -> ALTAMIRA | B10: ='RESUMEN TOTAL'!C13 -> ALT03 | C10: ='RESUMEN TOTAL'!D13 -> Bombero Galarza y Necochea | D10: ='RESUMEN TOTAL'!E13 -> Domo | E10: ='RESUMEN TOTAL'!F13 -> Fibra Optica | F10: ='RESUMEN TOTAL'!O13 -> 0 | G10: ='RESUMEN TOTAL'!P13 -> 0 | H10: ='RESUMEN TOTAL'!Q13 -> 0 | I10: ='RESUMEN TOTAL'!R13 -> 0 | J10: ='RESUMEN TOTAL'!S13 -> 0 | K10: ='RESUMEN TOTAL'!T13 -> 0 | L10: ='RESUMEN TOTAL'!U13 -> 0 | M10: ='RESUMEN TOTAL'!V13 -> 0 | ... AJ10: ='RESUMEN TOTAL'!AS13 -> 0
A11: ='RESUMEN TOTAL'!A14 -> 0 | B11: ='RESUMEN TOTAL'!C14 -> ALT04 | C11: ='RESUMEN TOTAL'!D14 -> Francia y Necochea | D11: ='RESUMEN TOTAL'!E14 -> Domo | E11: ='RESUMEN TOTAL'!F14 -> Fibra Optica | F11: ='RESUMEN TOTAL'!O14 -> 0 | G11: ='RESUMEN TOTAL'!P14 -> 0 | H11: ='RESUMEN TOTAL'!Q14 -> 0 | I11: ='RESUMEN TOTAL'!R14 -> 0 | J11: ='RESUMEN TOTAL'!S14 -> 0 | K11: ='RESUMEN TOTAL'!T14 -> 0 | L11: ='RESUMEN TOTAL'!U14 -> 0 | M11: ='RESUMEN TOTAL'!V14 -> 0 | ... AJ11: ='RESUMEN TOTAL'!AS14 -> 0
A12: ='RESUMEN TOTAL'!A15 -> ALTAMIRA | B12: ='RESUMEN TOTAL'!C15 -> ALT05 | C12: ='RESUMEN TOTAL'!D15 -> Av. Calchaqui y Bombero Galarza | D12: ='RESUMEN TOTAL'!E15 -> Domo | E12: ='RESUMEN TOTAL'!F15 -> PTP A FO | F12: ='RESUMEN TOTAL'!O15 -> 0 | G12: ='RESUMEN TOTAL'!P15 -> 0 | H12: ='RESUMEN TOTAL'!Q15 -> 0 | I12: ='RESUMEN TOTAL'!R15 -> 0 | J12: ='RESUMEN TOTAL'!S15 -> 0 | K12: ='RESUMEN TOTAL'!T15 -> 0 | L12: ='RESUMEN TOTAL'!U15 -> 0 | M12: ='RESUMEN TOTAL'!V15 -> 0 | ... AJ12: ='RESUMEN TOTAL'!AS15 -> 0
... A374: ='RESUMEN TOTAL'!A377 -> CENTRO | B374: ='RESUMEN TOTAL'!C377 -> CEN75 | C374: ='RESUMEN TOTAL'!D377 -> CASTELLI Y 25 DE MAYO | D374: ='RESUMEN TOTAL'!E377 -> DOMO | E374: ='RESUMEN TOTAL'!F377 -> Fibra Optica | F374: ='RESUMEN TOTAL'!O377 -> 0 | G374: ='RESUMEN TOTAL'!P377 -> 0 | H374: ='RESUMEN TOTAL'!Q377 -> 0 | I374: ='RESUMEN TOTAL'!R377 -> 0 | J374: ='RESUMEN TOTAL'!S377 -> 0 | K374: ='RESUMEN TOTAL'!T377 -> 0 | L374: ='RESUMEN TOTAL'!U377 -> 0 | M374: ='RESUMEN TOTAL'!V377 -> 0 | ... AJ374: ='RESUMEN TOTAL'!AS377 -> 0

Sheet APAGADOS
E1: APAGADOS | F1: =COUNTIF(F3:F366, "APAGADO") -> 46 | G1: =COUNTIF(G3:G366, "APAGADO") -> 34 | H1: =COUNTIF(H3:H366, "APAGADO") -> 32 | I1: =COUNTIF(I3:I366, "APAGADO") -> 159 | J1: =COUNTIF(J3:J366, "APAGADO") -> 58 | K1: =COUNTIF(K3:K366, "APAGADO") -> 56 | L1: =COUNTIF(L3:L366, "APAGADO") -> 0 | M1: =COUNTIF(M3:M366, "APAGADO") -> 0 | ... V1: =COUNTIF(V3:V366, "APAGADO") -> 0 | W1: =COUNTIF(W3:W447, "APAGADO") -> 0 | X1: =COUNTIF(X3:X366, "APAGADO") -> 0 | Y1: =COUNTIF(Y3:Y366, "APAGADO") -> 0 | Z1: =COUNTIF(Z3:Z366, "APAGADO") -> 0 | AA1: =COUNTIF(AA3:AA366, "APAGADO") -> 0 | AB1: =COUNTIF(AB3:AB366, "APAGADO") -> 0 | AC1: =COUNTIF(AC3:AC366, "APAGADO") -> 0 | AD1: =COUNTIF(AD3:AD366, "APAGADO") -> 0 | AE1: =COUNTIF(AE3:AE366, "APAGADO") -> 0 | ... AG1: =COUNTIF(AG3:AG366, "APAGADO") -> 0
A2: =ESTADISTICA!A1 -> Barrio | B2: =ESTADISTICA!B1 -> [Denominacion] | C2: =ESTADISTICA!C1 -> [Ubicacion] | D2: =ESTADISTICA!D1 -> [Tipo de Camara] | E2: =ESTADISTICA!E1 -> [Tipo de Conexion] | F2: =ESTADISTICA!F1 -> 44682 | G2: =ESTADISTICA!G1 -> 44683 | H2: =ESTADISTICA!H1 -> 44684 | ... AG2: =ESTADISTICA!AG1 -> 44709
A3: =ESTADISTICA!A2 -> PRESIDENTE PERON (PEPSI) | B3: =ESTADISTICA!B2 -> MAR 01 | C3: =ESTADISTICA!C2 -> RP36 Y LA ESMERALDA | D3: =ESTADISTICA!D2 -> DOMO | E3: =ESTADISTICA!E2 -> Fibra Optica | F3: =ESTADISTICA!F2 -> 0 | G3: =ESTADISTICA!G2 -> 0 | H3: =ESTADISTICA!H2 -> 0 | ... AG3: =ESTADISTICA!AG2 -> 0
A4: =ESTADISTICA!A3 -> MAYOL | B4: =ESTADISTICA!B3 -> MAY 01 | C4: =ESTADISTICA!C3 -> Eva Peron y Cabildo | D4: =ESTADISTICA!D3 -> Domo | E4: =ESTADISTICA!E3 -> Radio | F4: =ESTADISTICA!F3 -> 0 | G4: =ESTADISTICA!G3 -> 0 | H4: =ESTADISTICA!H3 -> 0 | ... AG4: =ESTADISTICA!AG3 -> 0
A5: =ESTADISTICA!A4 -> 0 | B5: =ESTADISTICA!B4 -> MAY 02 | C5: =ESTADISTICA!C4 -> EVA PERON Y MONTEVIDEO | D5: =ESTADISTICA!D4 -> Domo | E5: =ESTADISTICA!E4 -> Radio | F5: =ESTADISTICA!F4 -> APAGADO | G5: =ESTADISTICA!G4 -> APAGADO | H5: =ESTADISTICA!H4 -> APAGADO | ... AG5: =ESTADISTICA!AG4 -> 0
A6: =ESTADISTICA!A5 -> MAYOL | B6: =ESTADISTICA!B5 -> MAY 03 | C6: =ESTADISTICA!C5 -> CHAÑAR Y SAN NICOLAS | D6: =ESTADISTICA!D5 -> DOMO | E6: =ESTADISTICA!E5 -> PTP A FO | F6: =ESTADISTICA!F5 -> 0 | G6: =ESTADISTICA!G5 -> 0 | H6: =ESTADISTICA!H5 -> 0 | ... AG6: =ESTADISTICA!AG5 -> 0
A7: =ESTADISTICA!A6 -> 0 | B7: =ESTADISTICA!B6 -> MAY 04 | C7: =ESTADISTICA!C6 -> MAR CHIQUITA Y RIO JACHAL | D7: =ESTADISTICA!D6 -> DOMO | E7: =ESTADISTICA!E6 -> Radio | F7: =ESTADISTICA!F6 -> 0 | G7: =ESTADISTICA!G6 -> 0 | H7: =ESTADISTICA!H6 -> 0 | ... AG7: =ESTADISTICA!AG6 -> 0
A8: =ESTADISTICA!A7 -> ALTAMIRA | B8: =ESTADISTICA!B7 -> ALT06 | C8: =ESTADISTICA!C7 -> LOPE DE VEGA Y NECOCHEA | D8: =ESTADISTICA!D7 -> Domo | E8: =ESTADISTICA!E7 -> PTP A FO | F8: =ESTADISTICA!F7 -> 0 | G8: =ESTADISTICA!G7 -> 0 | H8: =ESTADISTICA!H7 -> 0 | ... AG8: =ESTADISTICA!AG7 -> 0
A9: =ESTADISTICA!A8 -> ALTAMIRA | B9: =ESTADISTICA!B8 -> ALT01 | C9: =ESTADISTICA!C8 -> Calchaqui y Sgto. Cabral | D9: =ESTADISTICA!D8 -> Domo | E9: =ESTADISTICA!E8 -> Fibra Optica | F9: =ESTADISTICA!F8 -> APAGADO | G9: =ESTADISTICA!G8 -> APAGADO | H9: =ESTADISTICA!H8 -> APAGADO | ... AG9: =ESTADISTICA!AG8 -> 0
A10: =ESTADISTICA!A9 -> ALTAMIRA | B10: =ESTADISTICA!B9 -> ALT02 | C10: =ESTADISTICA!C9 -> Calchaqui y Lope de Vega | D10: =ESTADISTICA!D9 -> Domo | E10: =ESTADISTICA!E9 -> PTP A FO | F10: =ESTADISTICA!F9 -> 0 | G10: =ESTADISTICA!G9 -> 0 | H10: =ESTADISTICA!H9 -> 0 | ... AG10: =ESTADISTICA!AG9 -> 0
A11: =ESTADISTICA!A10 -> ALTAMIRA | B11: =ESTADISTICA!B10 -> ALT03 | C11: =ESTADISTICA!C10 -> Bombero Galarza y Necochea | D11: =ESTADISTICA!D10 -> Domo | E11: =ESTADISTICA!E10 -> Fibra Optica | F11: =ESTADISTICA!F10 -> 0 | G11: =ESTADISTICA!G10 -> 0 | H11: =ESTADISTICA!H10 -> 0 | ... AG11: =ESTADISTICA!AG10 -> 0
A12: =ESTADISTICA!A11 -> 0 | B12: =ESTADISTICA!B11 -> ALT04 | C12: =ESTADISTICA!C11 -> Francia y Necochea | D12: =ESTADISTICA!D11 -> Domo | E12: =ESTADISTICA!E11 -> Fibra Optica | F12: =ESTADISTICA!F11 -> 0 | G12: =ESTADISTICA!G11 -> 0 | H12: =ESTADISTICA!H11 -> 0 | ... AG12: =ESTADISTICA!AG11 -> 0
A13: =ESTADISTICA!A12 -> ALTAMIRA | B13: =ESTADISTICA!B12 -> ALT05 | C13: =ESTADISTICA!C12 -> Av. Calchaqui y Bombero Galarza | D13: =ESTADISTICA!D12 -> Domo | E13: =ESTADISTICA!E12 -> PTP A FO | F13: =ESTADISTICA!F12 -> 0 | G13: =ESTADISTICA!G12 -> 0 | H13: =ESTADISTICA!H12 -> 0 | ... AG13: =ESTADISTICA!AG12 -> 0
... A379: =ESTADISTICA!A378 -> 0 | B379: =ESTADISTICA!B378 -> 0 | C379: =ESTADISTICA!C378 -> 0 | D379: =ESTADISTICA!D378 -> 0 | E379: =ESTADISTICA!E378 -> 0 | F379: =ESTADISTICA!F378 -> 0 | G379: =ESTADISTICA!G378 -> 0 | H379: =ESTADISTICA!H378 -> 0 | ... AG379: =ESTADISTICA!AG378 -> 0

Sheet APAGADOS FIBRA
C1: TOTAL FIBRA | D1: =COUNTIFS(E4:E369,"=Fibra Optica") -> 237
E2: APAGADOS | F2: =COUNTIFS(F4:F367, "=APAGADO",E4:E367,"=Fibra Optica") -> 33 | G2: =COUNTIFS(G4:G367, "=APAGADO",E4:E367,"=Fibra Optica") -> 24 | H2: =COUNTIFS(H4:H367, "=APAGADO",E4:E367,"=Fibra Optica") -> 24 | I2: =COUNTIFS(I4:I367, "=APAGADO",E4:E367,"=Fibra Optica") -> 107 | J2: =COUNTIFS(J4:J367, "=APAGADO",E4:E367,"=Fibra Optica") -> 36 | K2: =COUNTIFS(K4:K367, "=APAGADO",E4:E367,"=Fibra Optica") -> 40 | L2: =COUNTIFS(L4:L367, "=APAGADO",E4:E367,"=Fibra Optica") -> 0 | M2: =COUNTIFS(M4:M367, "=APAGADO",E4:E367,"=Fibra Optica") -> 0 | N2: =COUNTIFS(N4:N367, "=APAGADO",E4:E367,"=Fibra Optica") -> 0 | O2: =COUNTIFS(O4:O367, "=APAGADO",E4:E367,"=Fibra Optica") -> 0 | P2: =COUNTIFS(P4:P367, "=APAGADO",E4:E367,"=Fibra Optica") -> 0 | Q2: =COUNTIFS(Q4:Q367, "=APAGADO",E4:E367,"=Fibra Optica") -> 0 | R2: =COUNTIFS(R4:R367, "=APAGADO",E4:E367,"=Fibra Optica") -> 0 | S2: =COUNTIFS(S4:S367, "=APAGADO",E4:E367,"=Fibra Optica") -> 0 | T2: =COUNTIFS(T4:T367, "=APAGADO",E4:E367,"=Fibra Optica") -> 0 | U2: =COUNTIFS(U4:U367, "=APAGADO",E4:E367,"=Fibra Optica") -> 0 | V2: =COUNTIFS(V4:V367, "=APAGADO",E4:E367,"=Fibra Optica") -> 0 | W2: =COUNTIFS(W4:W367, "=APAGADO",E4:E367,"=Fibra Optica") -> 0 | X2: =COUNTIFS(X4:X367, "=APAGADO",E4:E367,"=Fibra Optica") -> 0 | Y2: =COUNTIFS(Y4:Y367, "=APAGADO",E4:E367,"=Fibra Optica") -> 0 | Z2: =COUNTIFS(Z4:Z367, "=APAGADO",E4:E367,"=Fibra Optica") -> 0 | AA2: =COUNTIFS(AA4:AA367, "=APAGADO",E4:E367,"=Fibra Optica") -> 0 | AB2: =COUNTIFS(AB4:AB367, "=APAGADO",E4:E367,"=Fibra Optica") -> 0 | AC2: =COUNTIFS(AC4:AC367, "=APAGADO",E4:E367,"=Fibra Optica") -> 0 | AD2: =COUNTIFS(AD4:AD367, "=APAGADO",E4:E367,"=Fibra Optica") -> 0 | AE2: =COUNTIFS(AE4:AE367, "=APAGADO",E4:E367,"=Fibra Optica") -> 0 | AF2: =COUNTIFS(AF4:AF367, "=APAGADO",E4:E367,"=Fibra Optica") -> 0 | AG2: =COUNTIFS(AG4:AG367, "=APAGADO",E4:E367,"=Fibra Optica") -> 0 | AH2: =COUNTIFS(AH4:AH367, "=APAGADO",E4:E367,"=Fibra Optica") -> 0 | AI2: =COUNTIFS(AI4:AI367, "=APAGADO",AE4:AE367,"=Fibra Optica") -> 0 | AJ2: =COUNTIFS(AJ4:AJ367, "=APAGADO",AF4:AF367,"=Fibra Optica") -> 0
A3: =ESTADISTICA!A1 -> Barrio | B3: =ESTADISTICA!B1 -> [Denominacion] | C3: =ESTADISTICA!C1 -> [Ubicacion] | D3: =ESTADISTICA!D1 -> [Tipo de Camara] | E3: =ESTADISTICA!E1 -> [Tipo de Conexion] | F3: =ESTADISTICA!F1 -> 44682 | G3: =ESTADISTICA!G1 -> 44683 | H3: =ESTADISTICA!H1 -> 44684 | ... AJ3: =ESTADISTICA!AJ1 -> 44712
A4: =ESTADISTICA!A2 -> PRESIDENTE PERON (PEPSI) | B4: =ESTADISTICA!B2 -> MAR 01 | C4: =ESTADISTICA!C2 -> RP36 Y LA ESMERALDA | D4: =ESTADISTICA!D2 -> DOMO | E4: =ESTADISTICA!E2 -> Fibra Optica | F4: =ESTADISTICA!F2 -> 0 | G4: =ESTADISTICA!G2 -> 0 | H4: =ESTADISTICA!H2 -> 0 | ... AJ4: =ESTADISTICA!AJ2 -> 0
A5: =ESTADISTICA!A3 -> MAYOL | B5: =ESTADISTICA!B3 -> MAY 01 | C5: =ESTADISTICA!C3 -> Eva Peron y Cabildo | D5: =ESTADISTICA!D3 -> Domo | E5: =ESTADISTICA!E3 -> Radio | F5: =ESTADISTICA!F3 -> 0 | G5: =ESTADISTICA!G3 -> 0 | H5: =ESTADISTICA!H3 -> 0 | ... AG5: =ESTADISTICA!AG3 -> 0
A6: =ESTADISTICA!A4 -> 0 | B6: =ESTADISTICA!B4 -> MAY 02 | C6: =ESTADISTICA!C4 -> EVA PERON Y MONTEVIDEO | D6: =ESTADISTICA!D4 -> Domo | E6: =ESTADISTICA!E4 -> Radio | F6: =ESTADISTICA!F4 -> APAGADO | G6: =ESTADISTICA!G4 -> APAGADO | H6: =ESTADISTICA!H4 -> APAGADO | ... AG6: =ESTADISTICA!AG4 -> 0
A7: =ESTADISTICA!A5 -> MAYOL | B7: =ESTADISTICA!B5 -> MAY 03 | C7: =ESTADISTICA!C5 -> CHAÑAR Y SAN NICOLAS | D7: =ESTADISTICA!D5 -> DOMO | E7: =ESTADISTICA!E5 -> PTP A FO | F7: =ESTADISTICA!F5 -> 0 | G7: =ESTADISTICA!G5 -> 0 | H7: =ESTADISTICA!H5 -> 0 | ... AG7: =ESTADISTICA!AG5 -> 0
A8: =ESTADISTICA!A6 -> 0 | B8: =ESTADISTICA!B6 -> MAY 04 | C8: =ESTADISTICA!C6 -> MAR CHIQUITA Y RIO JACHAL | D8: =ESTADISTICA!D6 -> DOMO | E8: =ESTADISTICA!E6 -> Radio | F8: =ESTADISTICA!F6 -> 0 | G8: =ESTADISTICA!G6 -> 0 | H8: =ESTADISTICA!H6 -> 0 | ... AG8: =ESTADISTICA!AG6 -> 0
A9: =ESTADISTICA!A7 -> ALTAMIRA | B9: =ESTADISTICA!B7 -> ALT06 | C9: =ESTADISTICA!C7 -> LOPE DE VEGA Y NECOCHEA | D9: =ESTADISTICA!D7 -> Domo | E9: =ESTADISTICA!E7 -> PTP A FO | F9: =ESTADISTICA!F7 -> 0 | G9: =ESTADISTICA!G7 -> 0 | H9: =ESTADISTICA!H7 -> 0 | ... AG9: =ESTADISTICA!AG7 -> 0
A10: =ESTADISTICA!A8 -> ALTAMIRA | B10: =ESTADISTICA!B8 -> ALT01 | C10: =ESTADISTICA!C8 -> Calchaqui y Sgto. Cabral | D10: =ESTADISTICA!D8 -> Domo | E10: =ESTADISTICA!E8 -> Fibra Optica | F10: =ESTADISTICA!F8 -> APAGADO | G10: =ESTADISTICA!G8 -> APAGADO | H10: =ESTADISTICA!H8 -> APAGADO | ... AJ10: =ESTADISTICA!AJ8 -> 0
A11: =ESTADISTICA!A9 -> ALTAMIRA | B11: =ESTADISTICA!B9 -> ALT02 | C11: =ESTADISTICA!C9 -> Calchaqui y Lope de Vega | D11: =ESTADISTICA!D9 -> Domo | E11: =ESTADISTICA!E9 -> PTP A FO | F11: =ESTADISTICA!F9 -> 0 | G11: =ESTADISTICA!G9 -> 0 | H11: =ESTADISTICA!H9 -> 0 | ... AG11: =ESTADISTICA!AG9 -> 0
A12: =ESTADISTICA!A10 -> ALTAMIRA | B12: =ESTADISTICA!B10 -> ALT03 | C12: =ESTADISTICA!C10 -> Bombero Galarza y Necochea | D12: =ESTADISTICA!D10 -> Domo | E12: =ESTADISTICA!E10 -> Fibra Optica | F12: =ESTADISTICA!F10 -> 0 | G12: =ESTADISTICA!G10 -> 0 | H12: =ESTADISTICA!H10 -> 0 | ... AJ12: =ESTADISTICA!AJ10 -> 0
A13: =ESTADISTICA!A11 -> 0 | B13: =ESTADISTICA!B11 -> ALT04 | C13: =ESTADISTICA!C11 -> Francia y Necochea | D13: =ESTADISTICA!D11 -> Domo | E13: =ESTADISTICA!E11 -> Fibra Optica | F13: =ESTADISTICA!F11 -> 0 | G13: =ESTADISTICA!G11 -> 0 | H13: =ESTADISTICA!H11 -> 0 | ... AJ13: =ESTADISTICA!AJ11 -> 0
A14: =ESTADISTICA!A12 -> ALTAMIRA | B14: =ESTADISTICA!B12 -> ALT05 | C14: =ESTADISTICA!C12 -> Av. Calchaqui y Bombero Galarza | D14: =ESTADISTICA!D12 -> Domo | E14: =ESTADISTICA!E12 -> PTP A FO | F14: =ESTADISTICA!F12 -> 0 | G14: =ESTADISTICA!G12 -> 0 | H14: =ESTADISTICA!H12 -> 0 | ... AG14: =ESTADISTICA!AG12 -> 0
A15: =ESTADISTICA!A13 -> ALTAMIRA | B15: =ESTADISTICA!B13 -> ALT07 | C15: =ESTADISTICA!C13 -> AV. CALCHAQUI Y AV. DEL TRABAJO | D15: =ESTADISTICA!D13 -> DOMO | E15: =ESTADISTICA!E13 -> PTP A FO | F15: =ESTADISTICA!F13 -> 0 | G15: =ESTADISTICA!G13 -> 0 | H15: =ESTADISTICA!H13 -> 0 | ... AG15: =ESTADISTICA!AG13 -> 0
A16: =ESTADISTICA!A14 -> ALTAMIRA | B16: =ESTADISTICA!B14 -> ALT08 | C16: =ESTADISTICA!C14 -> HUMAITA Y NECOCHEA | D16: =ESTADISTICA!D14 -> DOMO | E16: =ESTADISTICA!E14 -> Fibra Optica | F16: =ESTADISTICA!F14 -> 0 | G16: =ESTADISTICA!G14 -> 0 | H16: =ESTADISTICA!H14 -> 0 | ... AJ16: =ESTADISTICA!AJ14 -> 0
A17: =ESTADISTICA!A15 -> ALTAMIRA | B17: =ESTADISTICA!B15 -> ALT09 | C17: =ESTADISTICA!C15 -> NECOCHEA Y CURUPAITY | D17: =ESTADISTICA!D15 -> DOMO | E17: =ESTADISTICA!E15 -> Fibra Optica | F17: =ESTADISTICA!F15 -> 0 | G17: =ESTADISTICA!G15 -> 0 | H17: =ESTADISTICA!H15 -> 0 | ... AJ17: =ESTADISTICA!AJ15 -> 0
A18: =ESTADISTICA!A16 -> AGUSTIN RAMIREZ | B18: =ESTADISTICA!B16 -> ARA01 | C18: =ESTADISTICA!C16 -> Malambo y Tranquera | D18: =ESTADISTICA!D16 -> Domo | E18: =ESTADISTICA!E16 -> Fibra Optica | F18: =ESTADISTICA!F16 -> 0 | G18: =ESTADISTICA!G16 -> 0 | H18: =ESTADISTICA!H16 -> 0 | ... AJ18: =ESTADISTICA!AJ16 -> 0
A19: =ESTADISTICA!A17 -> ALTAMIRA | B19: =ESTADISTICA!B17 -> ALT10 | C19: =ESTADISTICA!C17 -> REP. FRANCIA Y CALCHAQUI (RP 36) | D19: =ESTADISTICA!D17 -> DOMO | E19: =ESTADISTICA!E17 -> PTP A FO | F19: =ESTADISTICA!F17 -> 0 | G19: =ESTADISTICA!G17 -> 0 | H19: =ESTADISTICA!H17 -> 0 | ... AG19: =ESTADISTICA!AG17 -> 0
A20: =ESTADISTICA!A18 -> BELGRANO | B20: =ESTADISTICA!B18 -> BEL01 | C20: =ESTADISTICA!C18 -> San Martin y Dardo Rocha | D20: =ESTADISTICA!D18 -> DOMO | E20: =ESTADISTICA!E18 -> Fibra Optica | F20: =ESTADISTICA!F18 -> 0 | G20: =ESTADISTICA!G18 -> 0 | H20: =ESTADISTICA!H18 -> 0 | ... AJ20: =ESTADISTICA!AJ18 -> 0
A21: =ESTADISTICA!A19 -> 0 | B21: =ESTADISTICA!B19 -> CEN51 | C21: =ESTADISTICA!C19 -> ILLIA Y LAS HERAS | D21: =ESTADISTICA!D19 -> FIJA | E21: =ESTADISTICA!E19 -> Fibra Optica | F21: =ESTADISTICA!F19 -> APAGADO | G21: =ESTADISTICA!G19 -> 0 | H21: =ESTADISTICA!H19 -> 0 | ... AJ21: =ESTADISTICA!AJ19 -> 0
A22: =ESTADISTICA!A20 -> 0 | B22: =ESTADISTICA!B20 -> CEN53 | C22: =ESTADISTICA!C20 -> GUTIERREZ Y BROWN | D22: =ESTADISTICA!D20 -> Domo | E22: =ESTADISTICA!E20 -> Radio | F22: =ESTADISTICA!F20 -> 0 | G22: =ESTADISTICA!G20 -> 0 | H22: =ESTADISTICA!H20 -> 0 | ... AG22: =ESTADISTICA!AG20 -> 0
A23: =ESTADISTICA!A21 -> 0 | B23: =ESTADISTICA!B21 -> CEN 54 | C23: =ESTADISTICA!C21 -> GUTIERREZ Y PRINGLES | D23: =ESTADISTICA!D21 -> Domo | E23: =ESTADISTICA!E21 -> Radio | F23: =ESTADISTICA!F21 -> 0 | G23: =ESTADISTICA!G21 -> 0 | H23: =ESTADISTICA!H21 -> 0 | ... AG23: =ESTADISTICA!AG21 -> 0
A24: =ESTADISTICA!A22 -> 0 | B24: =ESTADISTICA!B22 -> CEN 55 | C24: =ESTADISTICA!C22 -> BOUREL Y URQUIZA | D24: =ESTADISTICA!D22 -> Domo | E24: =ESTADISTICA!E22 -> Radio | F24: =ESTADISTICA!F22 -> 0 | G24: =ESTADISTICA!G22 -> 0 | H24: =ESTADISTICA!H22 -> 0 | ... AG24: =ESTADISTICA!AG22 -> 0
A25: =ESTADISTICA!A23 -> CENTRO | B25: =ESTADISTICA!B23 -> CEN 56 | C25: =ESTADISTICA!C23 -> Newbery y Falucho | D25: =ESTADISTICA!D23 -> DOMO | E25: =ESTADISTICA!E23 -> Radio | F25: =ESTADISTICA!F23 -> 0 | G25: =ESTADISTICA!G23 -> 0 | H25: =ESTADISTICA!H23 -> 0 | ... AG25: =ESTADISTICA!AG23 -> 0
A26: =ESTADISTICA!A24 -> 0 | B26: =ESTADISTICA!B24 -> CEN 57 | C26: =ESTADISTICA!C24 -> 25 DE MAYO Y DORREGO | D26: =ESTADISTICA!D24 -> DOMO | E26: =ESTADISTICA!E24 -> Radio | F26: =ESTADISTICA!F24 -> 0 | G26: =ESTADISTICA!G24 -> 0 | H26: =ESTADISTICA!H24 -> 0 | ... AG26: =ESTADISTICA!AG24 -> 0
A27: =ESTADISTICA!A25 -> 0 | B27: =ESTADISTICA!B25 -> CEN 58 | C27: =ESTADISTICA!C25 -> EEUU Y MORENO | D27: =ESTADISTICA!D25 -> DOMO | E27: =ESTADISTICA!E25 -> Fibra Optica | F27: =ESTADISTICA!F25 -> APAGADO | G27: =ESTADISTICA!G25 -> APAGADO | H27: =ESTADISTICA!H25 -> APAGADO | ... AJ27: =ESTADISTICA!AJ25 -> 0
A28: =ESTADISTICA!A26 -> 0 | B28: =ESTADISTICA!B26 -> CEN 59 | C28: =ESTADISTICA!C26 -> CHACABUCO Y BOUREL | D28: =ESTADISTICA!D26 -> DOMO | E28: =ESTADISTICA!E26 -> Radio | F28: =ESTADISTICA!F26 -> 0 | G28: =ESTADISTICA!G26 -> 0 | H28: =ESTADISTICA!H26 -> 0 | ... AG28: =ESTADISTICA!AG26 -> 0
A29: =ESTADISTICA!A27 -> CENTRO | B29: =ESTADISTICA!B27 -> CEN 60 | C29: =ESTADISTICA!C27 -> RECONQUISTA Y ILLIA | D29: =ESTADISTICA!D27 -> DOMO | E29: =ESTADISTICA!E27 -> PTP A FO | F29: =ESTADISTICA!F27 -> 0 | G29: =ESTADISTICA!G27 -> 0 | H29: =ESTADISTICA!H27 -> 0 | ... AG29: =ESTADISTICA!AG27 -> 0
A30: =ESTADISTICA!A28 -> CENTRO | B30: =ESTADISTICA!B28 -> CEN 61 | C30: =ESTADISTICA!C28 -> BOUREL Y MAIPU | D30: =ESTADISTICA!D28 -> DOMO | E30: =ESTADISTICA!E28 -> Radio | F30: =ESTADISTICA!F28 -> 0 | G30: =ESTADISTICA!G28 -> 0 | H30: =ESTADISTICA!H28 -> 0 | ... AG30: =ESTADISTICA!AG28 -> 0
A31: =ESTADISTICA!A29 -> CENTRO | B31: =ESTADISTICA!B29 -> CEN 62 | C31: =ESTADISTICA!C29 -> ESPAÑA Y ALEM | D31: =ESTADISTICA!D29 -> DOMO | E31: =ESTADISTICA!E29 -> PTP A FO | F31: =ESTADISTICA!F29 -> APAGADO | G31: =ESTADISTICA!G29 -> 0 | H31: =ESTADISTICA!H29 -> 0 | ... AG31: =ESTADISTICA!AG29 -> 0
A32: =ESTADISTICA!A30 -> CENTRO | B32: =ESTADISTICA!B30 -> CEN 63 | C32: =ESTADISTICA!C30 -> SAN MARTIN Y URQUIZA | D32: =ESTADISTICA!D30 -> DOMO | E32: =ESTADISTICA!E30 -> Fibra Optica | F32: =ESTADISTICA!F30 -> 0 | G32: =ESTADISTICA!G30 -> 0 | H32: =ESTADISTICA!H30 -> 0 | ... AJ32: =ESTADISTICA!AJ30 -> 0
A33: =ESTADISTICA!A31 -> CENTRO | B33: =ESTADISTICA!B31 -> CEN 70 | C33: =ESTADISTICA!C31 -> RIVADAVIA Y 25 MAYO | D33: =ESTADISTICA!D31 -> Domo | E33: =ESTADISTICA!E31 -> Fibra Optica | F33: =ESTADISTICA!F31 -> 0 | G33: =ESTADISTICA!G31 -> 0 | H33: =ESTADISTICA!H31 -> 0 | ... AJ33: =ESTADISTICA!AJ31 -> 0
A34: =ESTADISTICA!A32 -> CENTRO | B34: =ESTADISTICA!B32 -> CEN 71 | C34: =ESTADISTICA!C32 -> MORENO Y BOUREL | D34: =ESTADISTICA!D32 -> Domo | E34: =ESTADISTICA!E32 -> Fibra Optica | F34: =ESTADISTICA!F32 -> 0 | G34: =ESTADISTICA!G32 -> 0 | H34: =ESTADISTICA!H32 -> 0 | ... AJ34: =ESTADISTICA!AJ32 -> 0
A35: =ESTADISTICA!A33 -> CENTRO | B35: =ESTADISTICA!B33 -> CEN 72 | C35: =ESTADISTICA!C33 -> MORENO Y 25 DE MAYO | D35: =ESTADISTICA!D33 -> Domo | E35: =ESTADISTICA!E33 -> Fibra Optica | F35: =ESTADISTICA!F33 -> 0 | G35: =ESTADISTICA!G33 -> 0 | H35: =ESTADISTICA!H33 -> 0 | ... AJ35: =ESTADISTICA!AJ33 -> 0
A36: =ESTADISTICA!A34 -> CENTRO | B36: =ESTADISTICA!B34 -> CEN01 | C36: =ESTADISTICA!C34 -> San Martin y 9 de Julio | D36: =ESTADISTICA!D34 -> Fija | E36: =ESTADISTICA!E34 -> Fibra Optica | F36: =ESTADISTICA!F34 -> 0 | G36: =ESTADISTICA!G34 -> 0 | H36: =ESTADISTICA!H34 -> 0 | ... AJ36: =ESTADISTICA!AJ34 -> 0
A37: =ESTADISTICA!A35 -> CENTRO | B37: =ESTADISTICA!B35 -> CEN02 | C37: =ESTADISTICA!C35 -> San Martin y Almafuerte | D37: =ESTADISTICA!D35 -> Fija | E37: =ESTADISTICA!E35 -> Fibra Optica | F37: =ESTADISTICA!F35 -> 0 | G37: =ESTADISTICA!G35 -> 0 | H37: =ESTADISTICA!H35 -> 0 | ... AJ37: =ESTADISTICA!AJ35 -> 0
A38: =ESTADISTICA!A36 -> CENTRO | B38: =ESTADISTICA!B36 -> CEN03 | C38: =ESTADISTICA!C36 -> San Martin y Sallares | D38: =ESTADISTICA!D36 -> Domo | E38: =ESTADISTICA!E36 -> Fibra Optica | F38: =ESTADISTICA!F36 -> 0 | G38: =ESTADISTICA!G36 -> 0 | H38: =ESTADISTICA!H36 -> 0 | ... AJ38: =ESTADISTICA!AJ36 -> 0
A39: =ESTADISTICA!A37 -> CENTRO | B39: =ESTADISTICA!B37 -> CEN04 | C39: =ESTADISTICA!C37 -> San Martin y Contreras | D39: =ESTADISTICA!D37 -> Domo | E39: =ESTADISTICA!E37 -> Fibra Optica | F39: =ESTADISTICA!F37 -> 0 | G39: =ESTADISTICA!G37 -> 0 | H39: =ESTADISTICA!H37 -> 0 | ... AJ39: =ESTADISTICA!AJ37 -> 0
A40: =ESTADISTICA!A38 -> CENTRO | B40: =ESTADISTICA!B38 -> CEN05 | C40: =ESTADISTICA!C38 -> Bocuzzi e/España y San Martin | D40: =ESTADISTICA!D38 -> DOMO | E40: =ESTADISTICA!E38 -> Fibra Optica | F40: =ESTADISTICA!F38 -> 0 | G40: =ESTADISTICA!G38 -> 0 | H40: =ESTADISTICA!H38 -> 0 | ... AJ40: =ESTADISTICA!AJ38 -> 0
A41: =ESTADISTICA!A39 -> CENTRO | B41: =ESTADISTICA!B39 -> CEN06 | C41: =ESTADISTICA!C39 -> Monteagudo y A.del Valle | D41: =ESTADISTICA!D39 -> Fija | E41: =ESTADISTICA!E39 -> Fibra Optica | F41: =ESTADISTICA!F39 -> 0 | G41: =ESTADISTICA!G39 -> 0 | H41: =ESTADISTICA!H39 -> 0 | ... AJ41: =ESTADISTICA!AJ39 -> 0
A42: =ESTADISTICA!A40 -> CENTRO | B42: =ESTADISTICA!B40 -> CEN07 | C42: =ESTADISTICA!C40 -> San Martin y Guemes | D42: =ESTADISTICA!D40 -> DOMO | E42: =ESTADISTICA!E40 -> Fibra Optica | F42: =ESTADISTICA!F40 -> 0 | G42: =ESTADISTICA!G40 -> 0 | H42: =ESTADISTICA!H40 -> 0 | ... AJ42: =ESTADISTICA!AJ40 -> 0
A43: =ESTADISTICA!A41 -> CENTRO | B43: =ESTADISTICA!B41 -> CEN08 | C43: =ESTADISTICA!C41 -> San Martin y Pte.Peron | D43: =ESTADISTICA!D41 -> Domo | E43: =ESTADISTICA!E41 -> Fibra Optica | F43: =ESTADISTICA!F41 -> 0 | G43: =ESTADISTICA!G41 -> 0 | H43: =ESTADISTICA!H41 -> 0 | ... AJ43: =ESTADISTICA!AJ41 -> 0
... A51: =ESTADISTICA!A49 -> CENTRO | B51: =ESTADISTICA!B49 -> CEN16 | C51: =ESTADISTICA!C49 -> San Martin y Pte. Peron | D51: =ESTADISTICA!D49 -> Fija | E51: =ESTADISTICA!E49 -> Fibra Optica | F51: =ESTADISTICA!F49 -> 0 | G51: =ESTADISTICA!G49 -> 0 | H51: =ESTADISTICA!H49 -> 0 | ... AJ51: =ESTADISTICA!AJ49 -> 0
A52: =ESTADISTICA!A50 -> 0 | B52: =ESTADISTICA!B50 -> CEN17 | C52: =ESTADISTICA!C50 -> San Martin y Mitre | D52: =ESTADISTICA!D50 -> Domo | E52: =ESTADISTICA!E50 -> PTP A FO | F52: =ESTADISTICA!F50 -> 0 | G52: =ESTADISTICA!G50 -> 0 | H52: =ESTADISTICA!H50 -> 0 | ... AG52: =ESTADISTICA!AG50 -> 0
A53: =ESTADISTICA!A51 -> CENTRO | B53: =ESTADISTICA!B51 -> CEN18 | C53: =ESTADISTICA!C51 -> Monteagudo e/Mitre y Sallares | D53: =ESTADISTICA!D51 -> Fija | E53: =ESTADISTICA!E51 -> Fibra Optica | F53: =ESTADISTICA!F51 -> 0 | G53: =ESTADISTICA!G51 -> 0 | H53: =ESTADISTICA!H51 -> 0 | ... AJ53: =ESTADISTICA!AJ51 -> 0
A54: =ESTADISTICA!A52 -> CENTRO | B54: =ESTADISTICA!B52 -> CEN19 | C54: =ESTADISTICA!C52 -> Chacabuco y 25 de Mayo | D54: =ESTADISTICA!D52 -> Fija | E54: =ESTADISTICA!E52 -> Fibra Optica | F54: =ESTADISTICA!F52 -> 0 | G54: =ESTADISTICA!G52 -> 0 | H54: =ESTADISTICA!H52 -> 0 | ... AJ54: =ESTADISTICA!AJ52 -> 0
A55: =ESTADISTICA!A53 -> LOMAS DE MONTEVERDE | B55: =ESTADISTICA!B53 -> CEN20 | C55: =ESTADISTICA!C53 -> Pte. Illia y Las Heras | D55: =ESTADISTICA!D53 -> Domo | E55: =ESTADISTICA!E53 -> Fibra Optica | F55: =ESTADISTICA!F53 -> 0 | G55: =ESTADISTICA!G53 -> 0 | H55: =ESTADISTICA!H53 -> 0 | ... AJ55: =ESTADISTICA!AJ53 -> 0
A56: =ESTADISTICA!A54 -> CENTRO | B56: =ESTADISTICA!B54 -> CEN21 | C56: =ESTADISTICA!C54 -> Misiones y Urquiza | D56: =ESTADISTICA!D54 -> Fija | E56: =ESTADISTICA!E54 -> Radio | F56: =ESTADISTICA!F54 -> 0 | G56: =ESTADISTICA!G54 -> 0 | H56: =ESTADISTICA!H54 -> 0 | ... AG56: =ESTADISTICA!AG54 -> 0
A57: =ESTADISTICA!A55 -> CENTRO | B57: =ESTADISTICA!B55 -> CEN22 | C57: =ESTADISTICA!C55 -> Las Heras y Chacabuco | D57: =ESTADISTICA!D55 -> Domo | E57: =ESTADISTICA!E55 -> Radio | F57: =ESTADISTICA!F55 -> APAGADO | G57: =ESTADISTICA!G55 -> APAGADO | H57: =ESTADISTICA!H55 -> 0 | ... AG57: =ESTADISTICA!AG55 -> 0
A58: =ESTADISTICA!A56 -> CENTRO | B58: =ESTADISTICA!B56 -> CEN23 | C58: =ESTADISTICA!C56 -> Sallares y Monteagudo | D58: =ESTADISTICA!D56 -> Domo | E58: =ESTADISTICA!E56 -> Fibra Optica | F58: =ESTADISTICA!F56 -> 0 | G58: =ESTADISTICA!G56 -> 0 | H58: =ESTADISTICA!H56 -> 0 | ... AJ58: =ESTADISTICA!AJ56 -> 0
A59: =ESTADISTICA!A57 -> CENTRO | B59: =ESTADISTICA!B57 -> CEN24 | C59: =ESTADISTICA!C57 -> Sallares y España | D59: =ESTADISTICA!D57 -> Domo | E59: =ESTADISTICA!E57 -> Fibra Optica | F59: =ESTADISTICA!F57 -> 0 | G59: =ESTADISTICA!G57 -> 0 | H59: =ESTADISTICA!H57 -> 0 | ... AJ59: =ESTADISTICA!AJ57 -> 0
A60: =ESTADISTICA!A58 -> CENTRO | B60: =ESTADISTICA!B58 -> CEN25 | C60: =ESTADISTICA!C58 -> SAN MARTIN Y 9 DE JULIO | D60: =ESTADISTICA!D58 -> Domo | E60: =ESTADISTICA!E58 -> Fibra Optica | F60: =ESTADISTICA!F58 -> 0 | G60: =ESTADISTICA!G58 -> 0 | H60: =ESTADISTICA!H58 -> 0 | ... AJ60: =ESTADISTICA!AJ58 -> 0
A61: =ESTADISTICA!A59 -> CENTRO | B61: =ESTADISTICA!B59 -> CEN26 | C61: =ESTADISTICA!C59 -> Mitre y España | D61: =ESTADISTICA!D59 -> Domo | E61: =ESTADISTICA!E59 -> Fibra Optica | F61: =ESTADISTICA!F59 -> 0 | G61: =ESTADISTICA!G59 -> 0 | H61: =ESTADISTICA!H59 -> 0 | ... AJ61: =ESTADISTICA!AJ59 -> 0
A62: =ESTADISTICA!A60 -> CENTRO | B62: =ESTADISTICA!B60 -> CEN27 | C62: =ESTADISTICA!C60 -> San Juan y España | D62: =ESTADISTICA!D60 -> Domo | E62: =ESTADISTICA!E60 -> Fibra Optica | F62: =ESTADISTICA!F60 -> 0 | G62: =ESTADISTICA!G60 -> 0 | H62: =ESTADISTICA!H60 -> 0 | ... AJ62: =ESTADISTICA!AJ60 -> 0
A63: =ESTADISTICA!A61 -> CENTRO | B63: =ESTADISTICA!B61 -> CEN28 | C63: =ESTADISTICA!C61 -> Mitre y Alberdi | D63: =ESTADISTICA!D61 -> Domo | E63: =ESTADISTICA!E61 -> Fibra Optica | F63: =ESTADISTICA!F61 -> 0 | G63: =ESTADISTICA!G61 -> 0 | H63: =ESTADISTICA!H61 -> 0 | ... AJ63: =ESTADISTICA!AJ61 -> 0
A64: =ESTADISTICA!A62 -> CENTRO | B64: =ESTADISTICA!B62 -> CEN29 | C64: =ESTADISTICA!C62 -> Alberdi y San Juan | D64: =ESTADISTICA!D62 -> Domo | E64: =ESTADISTICA!E62 -> Fibra Optica | F64: =ESTADISTICA!F62 -> 0 | G64: =ESTADISTICA!G62 -> 0 | H64: =ESTADISTICA!H62 -> 0 | ... AJ64: =ESTADISTICA!AJ62 -> 0
A65: =ESTADISTICA!A63 -> CENTRO | B65: =ESTADISTICA!B63 -> CEN30 | C65: =ESTADISTICA!C63 -> Mitre y Pringles | D65: =ESTADISTICA!D63 -> Domo | E65: =ESTADISTICA!E63 -> Fibra Optica | F65: =ESTADISTICA!F63 -> APAGADO | G65: =ESTADISTICA!G63 -> APAGADO | H65: =ESTADISTICA!H63 -> APAGADO | ... AJ65: =ESTADISTICA!AJ63 -> 0
A66: =ESTADISTICA!A64 -> CENTRO | B66: =ESTADISTICA!B64 -> CEN31 | C66: =ESTADISTICA!C64 -> Mitre e/Monteagudo y Alberdi | D66: =ESTADISTICA!D64 -> Domo | E66: =ESTADISTICA!E64 -> Fibra Optica | F66: =ESTADISTICA!F64 -> 0 | G66: =ESTADISTICA!G64 -> 0 | H66: =ESTADISTICA!H64 -> 0 | ... AJ66: =ESTADISTICA!AJ64 -> 0
A67: =ESTADISTICA!A65 -> CENTRO | B67: =ESTADISTICA!B65 -> CEN32 | C67: =ESTADISTICA!C65 -> Aristobulo del Valle y España | D67: =ESTADISTICA!D65 -> Domo | E67: =ESTADISTICA!E65 -> Fibra Optica | F67: =ESTADISTICA!F65 -> 0 | G67: =ESTADISTICA!G65 -> 0 | H67: =ESTADISTICA!H65 -> 0 | ... AJ67: =ESTADISTICA!AJ65 -> 0
A68: =ESTADISTICA!A66 -> CENTRO | B68: =ESTADISTICA!B66 -> CEN33 | C68: =ESTADISTICA!C66 -> Peron y Alberdi | D68: =ESTADISTICA!D66 -> Domo | E68: =ESTADISTICA!E66 -> Fibra Optica | F68: =ESTADISTICA!F66 -> 0 | G68: =ESTADISTICA!G66 -> 0 | H68: =ESTADISTICA!H66 -> 0 | ... AJ68: =ESTADISTICA!AJ66 -> 0
A69: =ESTADISTICA!A67 -> CENTRO | B69: =ESTADISTICA!B67 -> CEN34 | C69: =ESTADISTICA!C67 -> Peron y España | D69: =ESTADISTICA!D67 -> Domo | E69: =ESTADISTICA!E67 -> Fibra Optica | F69: =ESTADISTICA!F67 -> 0 | G69: =ESTADISTICA!G67 -> 0 | H69: =ESTADISTICA!H67 -> 0 | ... AJ69: =ESTADISTICA!AJ67 -> 0
... A82: =ESTADISTICA!A80 -> CENTRO | B82: =ESTADISTICA!B80 -> CEN47 | C82: =ESTADISTICA!C80 -> Sallares y Brown | D82: =ESTADISTICA!D80 -> Domo | E82: =ESTADISTICA!E80 -> Fibra Optica | F82: =ESTADISTICA!F80 -> 0 | G82: =ESTADISTICA!G80 -> 0 | H82: =ESTADISTICA!H80 -> 0 | ... AJ82: =ESTADISTICA!AJ80 -> 0
A83: =ESTADISTICA!A81 -> CENTRO | B83: =ESTADISTICA!B81 -> CEN48 | C83: =ESTADISTICA!C81 -> Velez Sarsfield y Las Heras | D83: =ESTADISTICA!D81 -> Domo | E83: =ESTADISTICA!E81 -> Radio | F83: =ESTADISTICA!F81 -> APAGADO | G83: =ESTADISTICA!G81 -> 0 | H83: =ESTADISTICA!H81 -> 0 | ... AG83: =ESTADISTICA!AG81 -> 0
A84: =ESTADISTICA!A82 -> CENTRO | B84: =ESTADISTICA!B82 -> CEN49 | C84: =ESTADISTICA!C82 -> Av. San Martin y Florencio Sanchez | D84: =ESTADISTICA!D82 -> Domo | E84: =ESTADISTICA!E82 -> Radio | F84: =ESTADISTICA!F82 -> 0 | G84: =ESTADISTICA!G82 -> 0 | H84: =ESTADISTICA!H82 -> 0 | ... AG84: =ESTADISTICA!AG82 -> 0
A85: =ESTADISTICA!A83 -> CENTRO | B85: =ESTADISTICA!B83 -> CEN50 | C85: =ESTADISTICA!C83 -> Av. San Martin y Newbery | D85: =ESTADISTICA!D83 -> Domo | E85: =ESTADISTICA!E83 -> Radio | F85: =ESTADISTICA!F83 -> 0 | G85: =ESTADISTICA!G83 -> 0 | H85: =ESTADISTICA!H83 -> 0 | ... AG85: =ESTADISTICA!AG83 -> 0
A86: =ESTADISTICA!A84 -> 0 | B86: =ESTADISTICA!B84 -> CEN52 | C86: =ESTADISTICA!C84 -> San Martin y Almafuerte (ex San Martin y Dorrego) | D86: =ESTADISTICA!D84 -> DOMO | E86: =ESTADISTICA!E84 -> Radio | F86: =ESTADISTICA!F84 -> 0 | G86: =ESTADISTICA!G84 -> 0 | H86: =ESTADISTICA!H84 -> 0 | ... AG86: =ESTADISTICA!AG84 -> 0
A87: =ESTADISTICA!A85 -> CENTRO | B87: =ESTADISTICA!B85 -> CEN64 | C87: =ESTADISTICA!C85 -> SAN MARTIN Y BOCCUZZI | D87: =ESTADISTICA!D85 -> FIJA | E87: =ESTADISTICA!E85 -> Fibra Optica | F87: =ESTADISTICA!F85 -> 0 | G87: =ESTADISTICA!G85 -> 0 | H87: =ESTADISTICA!H85 -> 0 | ... AJ87: =ESTADISTICA!AJ85 -> 0
A88: =ESTADISTICA!A86 -> CENTRO | B88: =ESTADISTICA!B86 -> CEN65 | C88: =ESTADISTICA!C86 -> SAN MARTIN Y JUAN PERON | D88: =ESTADISTICA!D86 -> FIJA | E88: =ESTADISTICA!E86 -> Fibra Optica | F88: =ESTADISTICA!F86 -> 0 | G88: =ESTADISTICA!G86 -> 0 | H88: =ESTADISTICA!H86 -> 0 | ... AJ88: =ESTADISTICA!AJ86 -> 0
A89: =ESTADISTICA!A87 -> CENTRO | B89: =ESTADISTICA!B87 -> CEN66 | C89: =ESTADISTICA!C87 -> SAN MARTIN Y JUAN PERON | D89: =ESTADISTICA!D87 -> FIJA | E89: =ESTADISTICA!E87 -> Fibra Optica | F89: =ESTADISTICA!F87 -> 0 | G89: =ESTADISTICA!G87 -> 0 | H89: =ESTADISTICA!H87 -> 0 | ... AJ89: =ESTADISTICA!AJ87 -> 0
A90: =ESTADISTICA!A88 -> CENTRO | B90: =ESTADISTICA!B88 -> CEN67 (fija 1) | C90: =ESTADISTICA!C88 -> 9 DE JULIO Y BROWN | D90: =ESTADISTICA!D88 -> Fija | E90: =ESTADISTICA!E88 -> Fibra Optica | F90: =ESTADISTICA!F88 -> 0 | G90: =ESTADISTICA!G88 -> 0 | H90: =ESTADISTICA!H88 -> 0 | ... AJ90: =ESTADISTICA!AJ88 -> 0
A91: =ESTADISTICA!A89 -> CENTRO | B91: =ESTADISTICA!B89 -> CEN68 (fija 2) | C91: =ESTADISTICA!C89 -> 9 DE JULIO Y BROWN | D91: =ESTADISTICA!D89 -> Fija | E91: =ESTADISTICA!E89 -> Fibra Optica | F91: =ESTADISTICA!F89 -> 0 | G91: =ESTADISTICA!G89 -> 0 | H91: =ESTADISTICA!H89 -> 0 | ... AJ91: =ESTADISTICA!AJ89 -> 0
A92: =ESTADISTICA!A90 -> CENTRO | B92: =ESTADISTICA!B90 -> CEN69 | C92: =ESTADISTICA!C90 -> RIVADAVIA Y BOUREL | D92: =ESTADISTICA!D90 -> DOMO | E92: =ESTADISTICA!E90 -> Fibra Optica | F92: =ESTADISTICA!F90 -> 0 | G92: =ESTADISTICA!G90 -> 0 | H92: =ESTADISTICA!H90 -> 0 | ... AJ92: =ESTADISTICA!AJ90 -> 0
A93: =ESTADISTICA!A91 -> CENTRO | B93: =ESTADISTICA!B91 -> CEN73 | C93: =ESTADISTICA!C91 -> BOUREL Y DEFENSA | D93: =ESTADISTICA!D91 -> DOMO | E93: =ESTADISTICA!E91 -> Fibra Optica | F93: =ESTADISTICA!F91 -> 0 | G93: =ESTADISTICA!G91 -> 0 | H93: =ESTADISTICA!H91 -> 0 | ... AJ93: =ESTADISTICA!AJ91 -> 0
A94: =ESTADISTICA!A92 -> CENTRO | B94: =ESTADISTICA!B92 -> CEN74 | C94: =ESTADISTICA!C92 -> Las Heras y Maipu | D94: =ESTADISTICA!D92 -> Domo | E94: =ESTADISTICA!E92 -> Fibra Optica | F94: =ESTADISTICA!F92 -> 0 | G94: =ESTADISTICA!G92 -> 0 | H94: =ESTADISTICA!H92 -> 0 | ... AJ94: =ESTADISTICA!AJ92 -> 0
A95: =ESTADISTICA!A93 -> SAN NICOLAS | B95: =ESTADISTICA!B93 -> CHA01 | C95: =ESTADISTICA!C93 -> Novak y Pte Illia | D95: =ESTADISTICA!D93 -> Domo | E95: =ESTADISTICA!E93 -> Radio | F95: =ESTADISTICA!F93 -> 0 | G95: =ESTADISTICA!G93 -> 0 | H95: =ESTADISTICA!H93 -> 0 | ... AG95: =ESTADISTICA!AG93 -> 0
A96: =ESTADISTICA!A94 -> CHACABUCO | B96: =ESTADISTICA!B94 -> CHA02 | C96: =ESTADISTICA!C94 -> Pte. Illia y Posadas | D96: =ESTADISTICA!D94 -> Domo | E96: =ESTADISTICA!E94 -> Radio | F96: =ESTADISTICA!F94 -> 0 | G96: =ESTADISTICA!G94 -> 0 | H96: =ESTADISTICA!H94 -> 0 | ... AG96: =ESTADISTICA!AG94 -> 0
A97: =ESTADISTICA!A95 -> CHACABUCO | B97: =ESTADISTICA!B95 -> CHA03 | C97: =ESTADISTICA!C95 -> MAIPU Y ALVAREZ THOMAS | D97: =ESTADISTICA!D95 -> DOMO | E97: =ESTADISTICA!E95 -> Fibra Optica | F97: =ESTADISTICA!F95 -> 0 | G97: =ESTADISTICA!G95 -> 0 | H97: =ESTADISTICA!H95 -> 0 | ... AJ97: =ESTADISTICA!AJ95 -> 0
A98: =ESTADISTICA!A96 -> CHACABUCO | B98: =ESTADISTICA!B96 -> CHA04 | C98: =ESTADISTICA!C96 -> ESTADOS UNIDOS DE A. E ILLIA | D98: =ESTADISTICA!D96 -> DOMO | E98: =ESTADISTICA!E96 -> Fibra Optica | F98: =ESTADISTICA!F96 -> 0 | G98: =ESTADISTICA!G96 -> 0 | H98: =ESTADISTICA!H96 -> 0 | ... AJ98: =ESTADISTICA!AJ96 -> 0
A99: =ESTADISTICA!A97 -> VILLA MONICA NUEVA | B99: =ESTADISTICA!B97 -> COL01 | C99: =ESTADISTICA!C97 -> Eva Peron y Cariboni | D99: =ESTADISTICA!D97 -> Domo | E99: =ESTADISTICA!E97 -> Radio | F99: =ESTADISTICA!F97 -> 0 | G99: =ESTADISTICA!G97 -> 0 | H99: =ESTADISTICA!H97 -> 0 | ... AG99: =ESTADISTICA!AG97 -> 0
A100: =ESTADISTICA!A98 -> LA COLORADA ESTE | B100: =ESTADISTICA!B98 -> COL02 | C100: =ESTADISTICA!C98 -> Av. Eva Peron y Pompeya | D100: =ESTADISTICA!D98 -> Domo | E100: =ESTADISTICA!E98 -> Radio | F100: =ESTADISTICA!F98 -> 0 | G100: =ESTADISTICA!G98 -> 0 | H100: =ESTADISTICA!H98 -> 0 | ... AG100: =ESTADISTICA!AG98 -> 0
A101: =ESTADISTICA!A99 -> LA COLORADA ESTE | B101: =ESTADISTICA!B99 -> COL03 | C101: =ESTADISTICA!C99 -> CARIBONI Y LA ANCIANIDAD | D101: =ESTADISTICA!D99 -> DOMO | E101: =ESTADISTICA!E99 -> Radio | F101: =ESTADISTICA!F99 -> 0 | G101: =ESTADISTICA!G99 -> 0 | H101: =ESTADISTICA!H99 -> 0 | ... AG101: =ESTADISTICA!AG99 -> 0
A102: =ESTADISTICA!A100 -> 0 | B102: =ESTADISTICA!B100 -> DJO01 | C102: =ESTADISTICA!C100 -> Monteverde y Donato Alvarez | D102: =ESTADISTICA!D100 -> Domo | E102: =ESTADISTICA!E100 -> Radio | F102: =ESTADISTICA!F100 -> 0 | G102: =ESTADISTICA!G100 -> 0 | H102: =ESTADISTICA!H100 -> 0 | ... AG102: =ESTADISTICA!AG100 -> 0
A103: =ESTADISTICA!A101 -> DON JOSE | B103: =ESTADISTICA!B101 -> DJO02 (fija 1) | C103: =ESTADISTICA!C101 -> DONATO ALVAREZ Y EL APERO | D103: =ESTADISTICA!D101 -> Fija | E103: =ESTADISTICA!E101 -> PTP A FO | F103: =ESTADISTICA!F101 -> 0 | G103: =ESTADISTICA!G101 -> 0 | H103: =ESTADISTICA!H101 -> 0 | ... AG103: =ESTADISTICA!AG101 -> 0
A104: =ESTADISTICA!A102 -> DON JOSE | B104: =ESTADISTICA!B102 -> DJO03 (fija 2) | C104: =ESTADISTICA!C102 -> DONATO ALVAREZ Y EL APERO | D104: =ESTADISTICA!D102 -> Fija | E104: =ESTADISTICA!E102 -> PTP A FO | F104: =ESTADISTICA!F102 -> 0 | G104: =ESTADISTICA!G102 -> 0 | H104: =ESTADISTICA!H102 -> 0 | ... AG104: =ESTADISTICA!AG102 -> 0
A105: =ESTADISTICA!A103 -> EL PARQUE | B105: =ESTADISTICA!B103 -> EPQ01 | C105: =ESTADISTICA!C103 -> 1282 Y GRIERSON | D105: =ESTADISTICA!D103 -> DOMO | E105: =ESTADISTICA!E103 -> Fibra Optica | F105: =ESTADISTICA!F103 -> 0 | G105: =ESTADISTICA!G103 -> 0 | H105: =ESTADISTICA!H103 -> 0 | ... AJ105: =ESTADISTICA!AJ103 -> 0
A106: =ESTADISTICA!A104 -> EL PARQUE | B106: =ESTADISTICA!B104 -> EPQ02 | C106: =ESTADISTICA!C104 -> 1282 Y MASSE | D106: =ESTADISTICA!D104 -> DOMO | E106: =ESTADISTICA!E104 -> Fibra Optica | F106: =ESTADISTICA!F104 -> 0 | G106: =ESTADISTICA!G104 -> 0 | H106: =ESTADISTICA!H104 -> 0 | ... AJ106: =ESTADISTICA!AJ104 -> 0
A107: =ESTADISTICA!A105 -> EL PARQUE | B107: =ESTADISTICA!B105 -> EPQ03 | C107: =ESTADISTICA!C105 -> 1282 Y RP 36 | D107: =ESTADISTICA!D105 -> Domo | E107: =ESTADISTICA!E105 -> Fibra Optica | F107: =ESTADISTICA!F105 -> 0 | G107: =ESTADISTICA!G105 -> 0 | H107: =ESTADISTICA!H105 -> 0 | ... AJ107: =ESTADISTICA!AJ105 -> 0
A108: =ESTADISTICA!A106 -> EL PARQUE | B108: =ESTADISTICA!B106 -> EPQ04 | C108: =ESTADISTICA!C106 -> 1282 Y MORENO | D108: =ESTADISTICA!D106 -> DOMO | E108: =ESTADISTICA!E106 -> Fibra Optica | F108: =ESTADISTICA!F106 -> 0 | G108: =ESTADISTICA!G106 -> 0 | H108: =ESTADISTICA!H106 -> 0 | ... AJ108: =ESTADISTICA!AJ106 -> 0
A109: =ESTADISTICA!A107 -> LA ESMERALDA | B109: =ESTADISTICA!B107 -> ESM 07 | C109: =ESTADISTICA!C107 -> AV. NOVAK Y SERRANO | D109: =ESTADISTICA!D107 -> DOMO | E109: =ESTADISTICA!E107 -> PTP A FO | F109: =ESTADISTICA!F107 -> 0 | G109: =ESTADISTICA!G107 -> 0 | H109: =ESTADISTICA!H107 -> 0 | ... AG109: =ESTADISTICA!AG107 -> 0
A110: =ESTADISTICA!A108 -> LA ESMERALDA | B110: =ESTADISTICA!B108 -> ESM 08 | C110: =ESTADISTICA!C108 -> DAVINSON Y MORANCHEL | D110: =ESTADISTICA!D108 -> FIJA | E110: =ESTADISTICA!E108 -> Radio | F110: =ESTADISTICA!F108 -> 0 | G110: =ESTADISTICA!G108 -> 0 | H110: =ESTADISTICA!H108 -> 0 | ... AG110: =ESTADISTICA!AG108 -> 0
A111: =ESTADISTICA!A109 -> LA ESMERALDA | B111: =ESTADISTICA!B109 -> ESM01 | C111: =ESTADISTICA!C109 -> Cabello y Brasil | D111: =ESTADISTICA!D109 -> Domo | E111: =ESTADISTICA!E109 -> Radio | F111: =ESTADISTICA!F109 -> 0 | G111: =ESTADISTICA!G109 -> 0 | H111: =ESTADISTICA!H109 -> 0 | ... AG111: =ESTADISTICA!AG109 -> 0
A112: =ESTADISTICA!A110 -> SAN JORGE | B112: =ESTADISTICA!B110 -> ESM02 | C112: =ESTADISTICA!C110 -> Novak y Cabello | D112: =ESTADISTICA!D110 -> Domo | E112: =ESTADISTICA!E110 -> PTP A FO | F112: =ESTADISTICA!F110 -> 0 | G112: =ESTADISTICA!G110 -> 0 | H112: =ESTADISTICA!H110 -> 0 | ... AG112: =ESTADISTICA!AG110 -> 0
A113: =ESTADISTICA!A111 -> LIBERTAD | B113: =ESTADISTICA!B111 -> ESM03 | C113: =ESTADISTICA!C111 -> Novak y Humahuaca | D113: =ESTADISTICA!D111 -> DOMO | E113: =ESTADISTICA!E111 -> PTP A FO | F113: =ESTADISTICA!F111 -> 0 | G113: =ESTADISTICA!G111 -> 0 | H113: =ESTADISTICA!H111 -> 0 | ... AG113: =ESTADISTICA!AG111 -> 0
A114: =ESTADISTICA!A112 -> LA ESMERALDA | B114: =ESTADISTICA!B112 -> ESM04 | C114: =ESTADISTICA!C112 -> Basualdo y Bengochea | D114: =ESTADISTICA!D112 -> Domo | E114: =ESTADISTICA!E112 -> Fibra Optica | F114: =ESTADISTICA!F112 -> 0 | G114: =ESTADISTICA!G112 -> 0 | H114: =ESTADISTICA!H112 -> 0 | ... AJ114: =ESTADISTICA!AJ112 -> 0
A115: =ESTADISTICA!A113 -> LA ESMERALDA | B115: =ESTADISTICA!B113 -> ESM05 | C115: =ESTADISTICA!C113 -> Aniceto Diaz y Villar | D115: =ESTADISTICA!D113 -> Domo | E115: =ESTADISTICA!E113 -> Fibra Optica | F115: =ESTADISTICA!F113 -> 0 | G115: =ESTADISTICA!G113 -> 0 | H115: =ESTADISTICA!H113 -> 0 | ... AJ115: =ESTADISTICA!AJ113 -> 0
A116: =ESTADISTICA!A114 -> LA ESMERALDA | B116: =ESTADISTICA!B114 -> ESM06 | C116: =ESTADISTICA!C114 -> Roselli y Cabello | D116: =ESTADISTICA!D114 -> Domo | E116: =ESTADISTICA!E114 -> Radio | F116: =ESTADISTICA!F114 -> 0 | G116: =ESTADISTICA!G114 -> 0 | H116: =ESTADISTICA!H114 -> 0 | ... AG116: =ESTADISTICA!AG114 -> 0
A117: =ESTADISTICA!A115 -> LA ESMERALDA | B117: =ESTADISTICA!B115 -> ESM09 (fija 1) | C117: =ESTADISTICA!C115 -> EEUU Y CABELLO | D117: =ESTADISTICA!D115 -> Fija | E117: =ESTADISTICA!E115 -> Fibra Optica | F117: =ESTADISTICA!F115 -> APAGADO | G117: =ESTADISTICA!G115 -> APAGADO | H117: =ESTADISTICA!H115 -> APAGADO | ... AJ117: =ESTADISTICA!AJ115 -> 0
A118: =ESTADISTICA!A116 -> LA ESMERALDA | B118: =ESTADISTICA!B116 -> ESM10 (fija 2) | C118: =ESTADISTICA!C116 -> EEUU Y CABELLO | D118: =ESTADISTICA!D116 -> Fija | E118: =ESTADISTICA!E116 -> Fibra Optica | F118: =ESTADISTICA!F116 -> APAGADO | G118: =ESTADISTICA!G116 -> APAGADO | H118: =ESTADISTICA!H116 -> APAGADO | ... AJ118: =ESTADISTICA!AJ116 -> 0
A119: =ESTADISTICA!A117 -> LA ESMERALDA | B119: =ESTADISTICA!B117 -> ESM11 (fija 1) | C119: =ESTADISTICA!C117 -> NOVAK Y LAMBARDI | D119: =ESTADISTICA!D117 -> Fija | E119: =ESTADISTICA!E117 -> Fibra Optica | F119: =ESTADISTICA!F117 -> 0 | G119: =ESTADISTICA!G117 -> 0 | H119: =ESTADISTICA!H117 -> 0 | ... AJ119: =ESTADISTICA!AJ117 -> 0
...

Sheet APAGADOS ANTENA
C1: TOTAL PTP A FO | D1: =COUNTIFS(E4:E367,"=PTP A FO") -> 38
E2: APAGADOS | F2: =COUNTIFS(F4:F367, "=APAGADO",E4:E367,"=PTP A FO") -> 4 | G2: =COUNTIFS(G4:G367, "=APAGADO",E4:E367,"=PTP A FO") -> 3 | H2: =COUNTIFS(H4:H367, "=APAGADO",E4:E367,"=PTP A FO") -> 3 | I2: =COUNTIFS(I4:I367, "=APAGADO",E4:E367,"=PTP A FO") -> 26 | J2: =COUNTIFS(J4:J367, "=APAGADO",E4:E367,"=PTP A FO") -> 15 | K2: =COUNTIFS(K4:K367, "=APAGADO",E4:E367,"=PTP A FO") -> 11 | L2: =COUNTIFS(L4:L367, "=APAGADO",E4:E367,"=PTP A FO") -> 0 | M2: =COUNTIFS(M4:M367, "=APAGADO",E4:E367,"=PTP A FO") -> 0 | N2: =COUNTIFS(N4:N367, "=APAGADO",E4:E367,"=PTP A FO") -> 0 | O2: =COUNTIFS(O4:O367,"APAGADO", E4:E367,"=PTP A FO" ) -> 0 | P2: =COUNTIFS(P4:P367, "=APAGADO",E4:E367,"=PTP A FO") -> 0 | Q2: =COUNTIFS(Q4:Q367, "=APAGADO",E4:E367,"=PTP A FO") -> 0 | R2: =COUNTIFS(R4:R367, "=APAGADO",E4:E367,"=PTP A FO") -> 0 | S2: =COUNTIFS(S4:S367, "=APAGADO",E4:E367,"=PTP A FO") -> 0 | T2: =COUNTIFS(T4:T367, "=APAGADO",E4:E367,"=PTP A FO") -> 0 | U2: =COUNTIFS(U4:U367, "=APAGADO",E4:E367,"=PTP A FO") -> 0 | V2: =COUNTIFS(V4:V367, "=APAGADO",E4:E367,"=PTP A FO") -> 0 | W2: =COUNTIFS(W4:W367, "=APAGADO",E4:E367,"=PTP A FO") -> 0 | X2: =COUNTIFS(X4:X367, "=APAGADO",E4:E367,"=PTP A FO") -> 0 | Y2: =COUNTIFS(Y4:Y367, "=APAGADO",E4:E367,"=PTP A FO") -> 0 | Z2: =COUNTIFS(Z4:Z367, "=APAGADO",E4:E367,"=PTP A FO") -> 0 | AA2: =COUNTIFS(AA4:AA367, "=APAGADO",E4:E367,"=PTP A FO") -> 0 | AB2: =COUNTIFS(AB4:AB367, "=APAGADO",E4:E367,"=PTP A FO") -> 0 | AC2: =COUNTIFS(AC4:AC367, "=APAGADO",E4:E367,"=PTP A FO") -> 0 | AD2: =COUNTIFS(AD4:AD367, "=APAGADO",E4:E367,"=PTP A FO") -> 0 | AE2: =COUNTIFS(AE4:AE367, "=APAGADO",E4:E367,"=PTP A FO") -> 0 | AF2: =COUNTIFS(AF4:AF367, "=APAGADO",E4:E367,"=PTP A FO") -> 0 | AG2: =COUNTIFS(AG4:AG367, "=APAGADO",E4:E367,"=PTP A FO") -> 0 | AH2: =COUNTIFS(AH4:AH367, "=APAGADO",E4:E367,"=PTP A FO") -> 0 | AI2: =COUNTIFS(AI4:AI367, "=APAGADO",G4:G367,"=PTP A FO") -> 0 | AJ2: =COUNTIFS(AJ4:AJ367, "=APAGADO",H4:H367,"=PTP A FO") -> 0
A3: =ESTADISTICA!A1 -> Barrio | B3: =ESTADISTICA!B1 -> [Denominacion] | C3: =ESTADISTICA!C1 -> [Ubicacion] | D3: =ESTADISTICA!D1 -> [Tipo de Camara] | E3: =ESTADISTICA!E1 -> [Tipo de Conexion] | F3: =ESTADISTICA!F1 -> 44682 | G3: =ESTADISTICA!G1 -> 44683 | H3: =ESTADISTICA!H1 -> 44684 | ... AJ3: =ESTADISTICA!AJ1 -> 44712
A4: =ESTADISTICA!A2 -> PRESIDENTE PERON (PEPSI) | B4: =ESTADISTICA!B2 -> MAR 01 | C4: =ESTADISTICA!C2 -> RP36 Y LA ESMERALDA | D4: =ESTADISTICA!D2 -> DOMO | E4: =ESTADISTICA!E2 -> Fibra Optica | F4: =ESTADISTICA!F2 -> 0 | G4: =ESTADISTICA!G2 -> 0 | H4: =ESTADISTICA!H2 -> 0 | ... AJ4: =ESTADISTICA!AJ2 -> 0
A5: =ESTADISTICA!A3 -> MAYOL | B5: =ESTADISTICA!B3 -> MAY 01 | C5: =ESTADISTICA!C3 -> Eva Peron y Cabildo | D5: =ESTADISTICA!D3 -> Domo | E5: =ESTADISTICA!E3 -> Radio | F5: =ESTADISTICA!F3 -> 0 | G5: =ESTADISTICA!G3 -> 0 | H5: =ESTADISTICA!H3 -> 0 | ... AJ5: =ESTADISTICA!AJ3 -> 0
A6: =ESTADISTICA!A4 -> 0 | B6: =ESTADISTICA!B4 -> MAY 02 | C6: =ESTADISTICA!C4 -> EVA PERON Y MONTEVIDEO | D6: =ESTADISTICA!D4 -> Domo | E6: =ESTADISTICA!E4 -> Radio | F6: =ESTADISTICA!F4 -> APAGADO | G6: =ESTADISTICA!G4 -> APAGADO | H6: =ESTADISTICA!H4 -> APAGADO | ... AJ6: =ESTADISTICA!AJ4 -> 0
A7: =ESTADISTICA!A5 -> MAYOL | B7: =ESTADISTICA!B5 -> MAY 03 | C7: =ESTADISTICA!C5 -> CHAÑAR Y SAN NICOLAS | D7: =ESTADISTICA!D5 -> DOMO | E7: =ESTADISTICA!E5 -> PTP A FO | F7: =ESTADISTICA!F5 -> 0 | G7: =ESTADISTICA!G5 -> 0 | H7: =ESTADISTICA!H5 -> 0 | ... AJ7: =ESTADISTICA!AJ5 -> 0
A8: =ESTADISTICA!A6 -> 0 | B8: =ESTADISTICA!B6 -> MAY 04 | C8: =ESTADISTICA!C6 -> MAR CHIQUITA Y RIO JACHAL | D8: =ESTADISTICA!D6 -> DOMO | E8: =ESTADISTICA!E6 -> Radio | F8: =ESTADISTICA!F6 -> 0 | G8: =ESTADISTICA!G6 -> 0 | H8: =ESTADISTICA!H6 -> 0 | ... AJ8: =ESTADISTICA!AJ6 -> 0
A9: =ESTADISTICA!A7 -> ALTAMIRA | B9: =ESTADISTICA!B7 -> ALT06 | C9: =ESTADISTICA!C7 -> LOPE DE VEGA Y NECOCHEA | D9: =ESTADISTICA!D7 -> Domo | E9: =ESTADISTICA!E7 -> PTP A FO | F9: =ESTADISTICA!F7 -> 0 | G9: =ESTADISTICA!G7 -> 0 | H9: =ESTADISTICA!H7 -> 0 | ... AJ9: =ESTADISTICA!AJ7 -> 0
A10: =ESTADISTICA!A8 -> ALTAMIRA | B10: =ESTADISTICA!B8 -> ALT01 | C10: =ESTADISTICA!C8 -> Calchaqui y Sgto. Cabral | D10: =ESTADISTICA!D8 -> Domo | E10: =ESTADISTICA!E8 -> Fibra Optica | F10: =ESTADISTICA!F8 -> APAGADO | G10: =ESTADISTICA!G8 -> APAGADO | H10: =ESTADISTICA!H8 -> APAGADO | ... AJ10: =ESTADISTICA!AJ8 -> 0
A11: =ESTADISTICA!A9 -> ALTAMIRA | B11: =ESTADISTICA!B9 -> ALT02 | C11: =ESTADISTICA!C9 -> Calchaqui y Lope de Vega | D11: =ESTADISTICA!D9 -> Domo | E11: =ESTADISTICA!E9 -> PTP A FO | F11: =ESTADISTICA!F9 -> 0 | G11: =ESTADISTICA!G9 -> 0 | H11: =ESTADISTICA!H9 -> 0 | ... AJ11: =ESTADISTICA!AJ9 -> 0
A12: =ESTADISTICA!A10 -> ALTAMIRA | B12: =ESTADISTICA!B10 -> ALT03 | C12: =ESTADISTICA!C10 -> Bombero Galarza y Necochea | D12: =ESTADISTICA!D10 -> Domo | E12: =ESTADISTICA!E10 -> Fibra Optica | F12: =ESTADISTICA!F10 -> 0 | G12: =ESTADISTICA!G10 -> 0 | H12: =ESTADISTICA!H10 -> 0 | ... AJ12: =ESTADISTICA!AJ10 -> 0
A13: =ESTADISTICA!A11 -> 0 | B13: =ESTADISTICA!B11 -> ALT04 | C13: =ESTADISTICA!C11 -> Francia y Necochea | D13: =ESTADISTICA!D11 -> Domo | E13: =ESTADISTICA!E11 -> Fibra Optica | F13: =ESTADISTICA!F11 -> 0 | G13: =ESTADISTICA!G11 -> 0 | H13: =ESTADISTICA!H11 -> 0 | ... AJ13: =ESTADISTICA!AJ11 -> 0
A14: =ESTADISTICA!A12 -> ALTAMIRA | B14: =ESTADISTICA!B12 -> ALT05 | C14: =ESTADISTICA!C12 -> Av. Calchaqui y Bombero Galarza | D14: =ESTADISTICA!D12 -> Domo | E14: =ESTADISTICA!E12 -> PTP A FO | F14: =ESTADISTICA!F12 -> 0 | G14: =ESTADISTICA!G12 -> 0 | H14: =ESTADISTICA!H12 -> 0 | ... AJ14: =ESTADISTICA!AJ12 -> 0
... A278: =ESTADISTICA!A276 -> SANTA ROSA | B278: =ESTADISTICA!B276 -> SRO11 | C278: =ESTADISTICA!C276 -> MILAN Y MALLORCA | D278: =ESTADISTICA!D276 -> DOMO | E278: =ESTADISTICA!E276 -> Radio | F278: =ESTADISTICA!F276 -> 0 | G278: =ESTADISTICA!G276 -> 0 | H278: =ESTADISTICA!H276 -> 0 | ... AJ278: =ESTADISTICA!AJ276 -> 0
B279: =ESTADISTICA!B277 -> SRO12 | C279: =ESTADISTICA!C277 -> YUGOSLAVIA Y PAYSANDU | D279: =ESTADISTICA!D277 -> DOMO | E279: =ESTADISTICA!E277 -> Radio | F279: =ESTADISTICA!F277 -> 0 | G279: =ESTADISTICA!G277 -> 0 | H279: =ESTADISTICA!H277 -> 0 | I279: =ESTADISTICA!I277 -> APAGADO | ... AJ279: =ESTADISTICA!AJ277 -> 0
A280: =ESTADISTICA!A278 -> ZONA RURAL SANTA ROSA | B280: =ESTADISTICA!B278 -> SRO13 (fija 1) | C280: =ESTADISTICA!C278 -> BRUSELAS E/ GRECIA Y CHECOSLOVAQUIA | D280: =ESTADISTICA!D278 -> Fija | E280: =ESTADISTICA!E278 -> RADIO | F280: =ESTADISTICA!F278 -> 0 | G280: =ESTADISTICA!G278 -> 0 | H280: =ESTADISTICA!H278 -> 0 | ... AJ280: =ESTADISTICA!AJ278 -> 0
A281: =ESTADISTICA!A279 -> ZONA RURAL SANTA ROSA | B281: =ESTADISTICA!B279 -> SRO14 (fija 2) | C281: =ESTADISTICA!C279 -> BRUSELAS E/ GRECIA Y CHECOSLOVAQUIA | D281: =ESTADISTICA!D279 -> Fija | E281: =ESTADISTICA!E279 -> RADIO | F281: =ESTADISTICA!F279 -> 0 | G281: =ESTADISTICA!G279 -> 0 | H281: =ESTADISTICA!H279 -> 0 | ... AJ281: =ESTADISTICA!AJ279 -> 0
A282: =ESTADISTICA!A280 -> SANTA ROSA | B282: =ESTADISTICA!B280 -> SRO15 | C282: =ESTADISTICA!C280 -> NOVAK Y TIRANA (614) | D282: =ESTADISTICA!D280 -> DOMO | E282: =ESTADISTICA!E280 -> Fibra Optica | F282: =ESTADISTICA!F280 -> 0 | G282: =ESTADISTICA!G280 -> 0 | H282: =ESTADISTICA!H280 -> 0 | ... AJ282: =ESTADISTICA!AJ280 -> 0
A283: =ESTADISTICA!A281 -> SANTA ROSA | B283: =ESTADISTICA!B281 -> SRO18 (fija 1) | C283: =ESTADISTICA!C281 -> GRAN CANARIA Y BUDAPEST | D283: =ESTADISTICA!D281 -> Fija | E283: =ESTADISTICA!E281 -> Fibra Optica | F283: =ESTADISTICA!F281 -> 0 | G283: =ESTADISTICA!G281 -> 0 | H283: =ESTADISTICA!H281 -> 0 | ... AJ283: =ESTADISTICA!AJ281 -> 0
A284: =ESTADISTICA!A282 -> SANTA ROSA | B284: =ESTADISTICA!B282 -> SRO19 (fija 2) | C284: =ESTADISTICA!C282 -> GRAN CANARIA Y BUDAPEST | D284: =ESTADISTICA!D282 -> Fija | E284: =ESTADISTICA!E282 -> Fibra Optica | F284: =ESTADISTICA!F282 -> 0 | G284: =ESTADISTICA!G282 -> 0 | H284: =ESTADISTICA!H282 -> 0 | ... AJ284: =ESTADISTICA!AJ282 -> 0
A285: =ESTADISTICA!A283 -> SAN RUDECINDO | B285: =ESTADISTICA!B283 -> SRU01 (fija 1) | C285: =ESTADISTICA!C283 -> HERNANDARIAS Y AMBATO | D285: =ESTADISTICA!D283 -> Fija | E285: =ESTADISTICA!E283 -> Fibra Optica | F285: =ESTADISTICA!F283 -> 0 | G285: =ESTADISTICA!G283 -> 0 | H285: =ESTADISTICA!H283 -> 0 | ... AJ285: =ESTADISTICA!AJ283 -> 0
A286: =ESTADISTICA!A284 -> SAN RUDECINDO | B286: =ESTADISTICA!B284 -> SRU02 (fija 2) | C286: =ESTADISTICA!C284 -> HERNANDARIAS Y AMBATO | D286: =ESTADISTICA!D284 -> Fija | E286: =ESTADISTICA!E284 -> Fibra Optica | F286: =ESTADISTICA!F284 -> 0 | G286: =ESTADISTICA!G284 -> 0 | H286: =ESTADISTICA!H284 -> 0 | ... AJ286: =ESTADISTICA!AJ284 -> 0
A287: =ESTADISTICA!A285 -> VILLA ANGELICA | B287: =ESTADISTICA!B285 -> VANG01 | C287: =ESTADISTICA!C285 -> Senzabello y Necochea | D287: =ESTADISTICA!D285 -> Domo | E287: =ESTADISTICA!E285 -> PTP A FO | F287: =ESTADISTICA!F285 -> 0 | G287: =ESTADISTICA!G285 -> 0 | H287: =ESTADISTICA!H285 -> 0 | ... AJ287: =ESTADISTICA!AJ285 -> 0
A288: =ESTADISTICA!A286 -> VILLA ANGELICA | B288: =ESTADISTICA!B286 -> VANG02 | C288: =ESTADISTICA!C286 -> Thevenet y Ruta 36 | D288: =ESTADISTICA!D286 -> Domo | E288: =ESTADISTICA!E286 -> Fibra Optica | F288: =ESTADISTICA!F286 -> APAGADO | G288: =ESTADISTICA!G286 -> APAGADO | H288: =ESTADISTICA!H286 -> APAGADO | ... AJ288: =ESTADISTICA!AJ286 -> 0
A289: =ESTADISTICA!A287 -> VILLA DEL PLATA | B289: =ESTADISTICA!B287 -> VANG03 | C289: =ESTADISTICA!C287 -> Thevenet 1950 | D289: =ESTADISTICA!D287 -> Domo | E289: =ESTADISTICA!E287 -> Fibra Optica | F289: =ESTADISTICA!F287 -> 0 | G289: =ESTADISTICA!G287 -> 0 | H289: =ESTADISTICA!H287 -> 0 | ... AJ289: =ESTADISTICA!AJ287 -> 0
A290: =ESTADISTICA!A288 -> VILLA ANGELICA | B290: =ESTADISTICA!B288 -> VANG04 | C290: =ESTADISTICA!C288 -> Storni e/Thevenet y Calle 158 | D290: =ESTADISTICA!D288 -> DOMO | E290: =ESTADISTICA!E288 -> Fibra Optica | F290: =ESTADISTICA!F288 -> 0 | G290: =ESTADISTICA!G288 -> 0 | H290: =ESTADISTICA!H288 -> 0 | ... AJ290: =ESTADISTICA!AJ288 -> 0
A291: =ESTADISTICA!A289 -> VILLA ANGELICA | B291: =ESTADISTICA!B289 -> VANG05 | C291: =ESTADISTICA!C289 -> Storni y Thevenet | D291: =ESTADISTICA!D289 -> Domo | E291: =ESTADISTICA!E289 -> Fibra Optica | F291: =ESTADISTICA!F289 -> 0 | G291: =ESTADISTICA!G289 -> 0 | H291: =ESTADISTICA!H289 -> 0 | ... AJ291: =ESTADISTICA!AJ289 -> 0
... A369: =ESTADISTICA!A367 -> 0 | B369: =ESTADISTICA!B367 -> ZEB04 | C369: =ESTADISTICA!C367 -> THEVENET Y DIAGONAL GRANADEROS | D369: =ESTADISTICA!D367 -> DOMO | E369: =ESTADISTICA!E367 -> Radio | F369: =ESTADISTICA!F367 -> 0 | G369: =ESTADISTICA!G367 -> 0 | H369: =ESTADISTICA!H367 -> 0 | ... AJ369: =ESTADISTICA!AJ367 -> 0

Sheet APAGADOS RADIO
C1: TOTAL RADIO | D1: =COUNTIFS(E4:E367,"=radio") -> 88
E2: APAGADOS | F2: =COUNTIFS(F4:F367, "=APAGADO",E4:E367,"=radio") -> 8 | G2: =COUNTIFS(G4:G367, "=APAGADO",E4:E367,"=radio") -> 7 | H2: =COUNTIFS(H4:H367, "=APAGADO",E4:E367,"=radio") -> 5 | I2: =COUNTIFS(I4:I367, "=APAGADO",E4:E367,"=radio") -> 26 | J2: =COUNTIFS(J4:J367, "=APAGADO",E4:E367,"=radio") -> 7 | K2: =COUNTIFS(K4:K367, "=APAGADO",E4:E367,"=radio") -> 5 | L2: =COUNTIFS(L4:L367, "=APAGADO",E4:E367,"=radio") -> 0 | M2: =COUNTIFS(M4:M367, "=APAGADO",E4:E367,"=radio") -> 0 | N2: =COUNTIFS(N4:N367, "=APAGADO",E4:E367,"=radio") -> 0 | O2: =COUNTIFS(O4:O367, "=APAGADO",E4:E367,"=radio") -> 0 | P2: =COUNTIFS(P4:P367, "=APAGADO",E4:E367,"=radio") -> 0 | Q2: =COUNTIFS(Q4:Q367, "=APAGADO",E4:E367,"=radio") -> 0 | R2: =COUNTIFS(R4:R367, "=APAGADO",E4:E367,"=radio") -> 0 | S2: =COUNTIFS(S4:S367, "=APAGADO",E4:E367,"=radio") -> 0 | T2: =COUNTIFS(T4:T367, "=APAGADO",E4:E367,"=radio") -> 0 | U2: =COUNTIFS(U4:U367, "=APAGADO",E4:E367,"=radio") -> 0 | V2: =COUNTIFS(V4:V367, "=APAGADO",E4:E367,"=radio") -> 0 | W2: =COUNTIFS(W4:W367, "=APAGADO",E4:E367,"=radio") -> 0 | X2: =COUNTIFS(X4:X367, "=APAGADO",E4:E367,"=radio") -> 0 | Y2: =COUNTIFS(Y4:Y367, "=APAGADO",E4:E367,"=radio") -> 0 | Z2: =COUNTIFS(Z4:Z367, "=APAGADO",E4:E367,"=radio") -> 0 | AA2: =COUNTIFS(AA4:AA367, "=APAGADO",E4:E367,"=radio") -> 0 | AB2: =COUNTIFS(AB4:AB367, "=APAGADO",E4:E367,"=radio") -> 0 | AC2: =COUNTIFS(AC4:AC367, "=APAGADO",E4:E367,"=radio") -> 0 | AD2: =COUNTIFS(AD4:AD367, "=APAGADO",E4:E367,"=radio") -> 0 | AE2: =COUNTIFS(AE4:AE367, "=APAGADO",E4:E367,"=radio") -> 0 | AF2: =COUNTIFS(AF4:AF367, "=APAGADO",E4:E367,"=radio") -> 0 | AG2: =COUNTIFS(AG4:AG367, "=APAGADO",E4:E367,"=radio") -> 0 | AH2: =COUNTIFS(AH4:AH367, "=APAGADO",E4:E367,"=radio") -> 0 | AI2: =COUNTIFS(AI4:AI367, "=APAGADO",G4:G367,"=radio") -> 0 | AJ2: =COUNTIFS(AJ4:AJ367, "=APAGADO",H4:H367,"=radio") -> 0
A3: =ESTADISTICA!A1 -> Barrio | B3: =ESTADISTICA!B1 -> [Denominacion] | C3: =ESTADISTICA!C1 -> [Ubicacion] | D3: =ESTADISTICA!D1 -> [Tipo de Camara] | E3: =ESTADISTICA!E1 -> [Tipo de Conexion] | F3: =ESTADISTICA!F1 -> 44682 | G3: =ESTADISTICA!G1 -> 44683 | H3: =ESTADISTICA!H1 -> 44684 | ... AJ3: =ESTADISTICA!AJ1 -> 44712
A4: =ESTADISTICA!A2 -> PRESIDENTE PERON (PEPSI) | B4: =ESTADISTICA!B2 -> MAR 01 | C4: =ESTADISTICA!C2 -> RP36 Y LA ESMERALDA | D4: =ESTADISTICA!D2 -> DOMO | E4: =ESTADISTICA!E2 -> Fibra Optica | F4: =ESTADISTICA!F2 -> 0 | G4: =ESTADISTICA!G2 -> 0 | H4: =ESTADISTICA!H2 -> 0 | ... AJ4: =ESTADISTICA!AJ2 -> 0
A5: =ESTADISTICA!A3 -> MAYOL | B5: =ESTADISTICA!B3 -> MAY 01 | C5: =ESTADISTICA!C3 -> Eva Peron y Cabildo | D5: =ESTADISTICA!D3 -> Domo | E5: =ESTADISTICA!E3 -> Radio | F5: =ESTADISTICA!F3 -> 0 | G5: =ESTADISTICA!G3 -> 0 | H5: =ESTADISTICA!H3 -> 0 | ... AJ5: =ESTADISTICA!AJ3 -> 0
A6: =ESTADISTICA!A4 -> 0 | B6: =ESTADISTICA!B4 -> MAY 02 | C6: =ESTADISTICA!C4 -> EVA PERON Y MONTEVIDEO | D6: =ESTADISTICA!D4 -> Domo | E6: =ESTADISTICA!E4 -> Radio | F6: =ESTADISTICA!F4 -> APAGADO | G6: =ESTADISTICA!G4 -> APAGADO | H6: =ESTADISTICA!H4 -> APAGADO | ... AJ6: =ESTADISTICA!AJ4 -> 0
A7: =ESTADISTICA!A5 -> MAYOL | B7: =ESTADISTICA!B5 -> MAY 03 | C7: =ESTADISTICA!C5 -> CHAÑAR Y SAN NICOLAS | D7: =ESTADISTICA!D5 -> DOMO | E7: =ESTADISTICA!E5 -> PTP A FO | F7: =ESTADISTICA!F5 -> 0 | G7: =ESTADISTICA!G5 -> 0 | H7: =ESTADISTICA!H5 -> 0 | ... AJ7: =ESTADISTICA!AJ5 -> 0
A8: =ESTADISTICA!A6 -> 0 | B8: =ESTADISTICA!B6 -> MAY 04 | C8: =ESTADISTICA!C6 -> MAR CHIQUITA Y RIO JACHAL | D8: =ESTADISTICA!D6 -> DOMO | E8: =ESTADISTICA!E6 -> Radio | F8: =ESTADISTICA!F6 -> 0 | G8: =ESTADISTICA!G6 -> 0 | H8: =ESTADISTICA!H6 -> 0 | ... AJ8: =ESTADISTICA!AJ6 -> 0
A9: =ESTADISTICA!A7 -> ALTAMIRA | B9: =ESTADISTICA!B7 -> ALT06 | C9: =ESTADISTICA!C7 -> LOPE DE VEGA Y NECOCHEA | D9: =ESTADISTICA!D7 -> Domo | E9: =ESTADISTICA!E7 -> PTP A FO | F9: =ESTADISTICA!F7 -> 0 | G9: =ESTADISTICA!G7 -> 0 | H9: =ESTADISTICA!H7 -> 0 | ... AJ9: =ESTADISTICA!AJ7 -> 0
A10: =ESTADISTICA!A8 -> ALTAMIRA | B10: =ESTADISTICA!B8 -> ALT01 | C10: =ESTADISTICA!C8 -> Calchaqui y Sgto. Cabral | D10: =ESTADISTICA!D8 -> Domo | E10: =ESTADISTICA!E8 -> Fibra Optica | F10: =ESTADISTICA!F8 -> APAGADO | G10: =ESTADISTICA!G8 -> APAGADO | H10: =ESTADISTICA!H8 -> APAGADO | ... AJ10: =ESTADISTICA!AJ8 -> 0
A11: =ESTADISTICA!A9 -> ALTAMIRA | B11: =ESTADISTICA!B9 -> ALT02 | C11: =ESTADISTICA!C9 -> Calchaqui y Lope de Vega | D11: =ESTADISTICA!D9 -> Domo | E11: =ESTADISTICA!E9 -> PTP A FO | F11: =ESTADISTICA!F9 -> 0 | G11: =ESTADISTICA!G9 -> 0 | H11: =ESTADISTICA!H9 -> 0 | ... AJ11: =ESTADISTICA!AJ9 -> 0
A12: =ESTADISTICA!A10 -> ALTAMIRA | B12: =ESTADISTICA!B10 -> ALT03 | C12: =ESTADISTICA!C10 -> Bombero Galarza y Necochea | D12: =ESTADISTICA!D10 -> Domo | E12: =ESTADISTICA!E10 -> Fibra Optica | F12: =ESTADISTICA!F10 -> 0 | G12: =ESTADISTICA!G10 -> 0 | H12: =ESTADISTICA!H10 -> 0 | ... AJ12: =ESTADISTICA!AJ10 -> 0
A13: =ESTADISTICA!A11 -> 0 | B13: =ESTADISTICA!B11 -> ALT04 | C13: =ESTADISTICA!C11 -> Francia y Necochea | D13: =ESTADISTICA!D11 -> Domo | E13: =ESTADISTICA!E11 -> Fibra Optica | F13: =ESTADISTICA!F11 -> 0 | G13: =ESTADISTICA!G11 -> 0 | H13: =ESTADISTICA!H11 -> 0 | ... AJ13: =ESTADISTICA!AJ11 -> 0
A14: =ESTADISTICA!A12 -> ALTAMIRA | B14: =ESTADISTICA!B12 -> ALT05 | C14: =ESTADISTICA!C12 -> Av. Calchaqui y Bombero Galarza | D14: =ESTADISTICA!D12 -> Domo | E14: =ESTADISTICA!E12 -> PTP A FO | F14: =ESTADISTICA!F12 -> 0 | G14: =ESTADISTICA!G12 -> 0 | H14: =ESTADISTICA!H12 -> 0 | ... AJ14: =ESTADISTICA!AJ12 -> 0
... A278: =ESTADISTICA!A276 -> SANTA ROSA | B278: =ESTADISTICA!B276 -> SRO11 | C278: =ESTADISTICA!C276 -> MILAN Y MALLORCA | D278: =ESTADISTICA!D276 -> DOMO | E278: =ESTADISTICA!E276 -> Radio | F278: =ESTADISTICA!F276 -> 0 | G278: =ESTADISTICA!G276 -> 0 | H278: =ESTADISTICA!H276 -> 0 | ... AJ278: =ESTADISTICA!AJ276 -> 0
B279: =ESTADISTICA!B277 -> SRO12 | C279: =ESTADISTICA!C277 -> YUGOSLAVIA Y PAYSANDU | D279: =ESTADISTICA!D277 -> DOMO | E279: =ESTADISTICA!E277 -> Radio | F279: =ESTADISTICA!F277 -> 0 | G279: =ESTADISTICA!G277 -> 0 | H279: =ESTADISTICA!H277 -> 0 | I279: =ESTADISTICA!I277 -> APAGADO | ... AJ279: =ESTADISTICA!AJ277 -> 0
A280: =ESTADISTICA!A278 -> ZONA RURAL SANTA ROSA | B280: =ESTADISTICA!B278 -> SRO13 (fija 1) | C280: =ESTADISTICA!C278 -> BRUSELAS E/ GRECIA Y CHECOSLOVAQUIA | D280: =ESTADISTICA!D278 -> Fija | E280: =ESTADISTICA!E278 -> RADIO | F280: =ESTADISTICA!F278 -> 0 | G280: =ESTADISTICA!G278 -> 0 | H280: =ESTADISTICA!H278 -> 0 | ... AJ280: =ESTADISTICA!AJ278 -> 0
A281: =ESTADISTICA!A279 -> ZONA RURAL SANTA ROSA | B281: =ESTADISTICA!B279 -> SRO14 (fija 2) | C281: =ESTADISTICA!C279 -> BRUSELAS E/ GRECIA Y CHECOSLOVAQUIA | D281: =ESTADISTICA!D279 -> Fija | E281: =ESTADISTICA!E279 -> RADIO | F281: =ESTADISTICA!F279 -> 0 | G281: =ESTADISTICA!G279 -> 0 | H281: =ESTADISTICA!H279 -> 0 | ... AJ281: =ESTADISTICA!AJ279 -> 0
A282: =ESTADISTICA!A280 -> SANTA ROSA | B282: =ESTADISTICA!B280 -> SRO15 | C282: =ESTADISTICA!C280 -> NOVAK Y TIRANA (614) | D282: =ESTADISTICA!D280 -> DOMO | E282: =ESTADISTICA!E280 -> Fibra Optica | F282: =ESTADISTICA!F280 -> 0 | G282: =ESTADISTICA!G280 -> 0 | H282: =ESTADISTICA!H280 -> 0 | ... AJ282: =ESTADISTICA!AJ280 -> 0
A283: =ESTADISTICA!A281 -> SANTA ROSA | B283: =ESTADISTICA!B281 -> SRO18 (fija 1) | C283: =ESTADISTICA!C281 -> GRAN CANARIA Y BUDAPEST | D283: =ESTADISTICA!D281 -> Fija | E283: =ESTADISTICA!E281 -> Fibra Optica | F283: =ESTADISTICA!F281 -> 0 | G283: =ESTADISTICA!G281 -> 0 | H283: =ESTADISTICA!H281 -> 0 | ... AJ283: =ESTADISTICA!AJ281 -> 0
A284: =ESTADISTICA!A282 -> SANTA ROSA | B284: =ESTADISTICA!B282 -> SRO19 (fija 2) | C284: =ESTADISTICA!C282 -> GRAN CANARIA Y BUDAPEST | D284: =ESTADISTICA!D282 -> Fija | E284: =ESTADISTICA!E282 -> Fibra Optica | F284: =ESTADISTICA!F282 -> 0 | G284: =ESTADISTICA!G282 -> 0 | H284: =ESTADISTICA!H282 -> 0 | ... AJ284: =ESTADISTICA!AJ282 -> 0
A285: =ESTADISTICA!A283 -> SAN RUDECINDO | B285: =ESTADISTICA!B283 -> SRU01 (fija 1) | C285: =ESTADISTICA!C283 -> HERNANDARIAS Y AMBATO | D285: =ESTADISTICA!D283 -> Fija | E285: =ESTADISTICA!E283 -> Fibra Optica | F285: =ESTADISTICA!F283 -> 0 | G285: =ESTADISTICA!G283 -> 0 | H285: =ESTADISTICA!H283 -> 0 | ... AJ285: =ESTADISTICA!AJ283 -> 0
A286: =ESTADISTICA!A284 -> SAN RUDECINDO | B286: =ESTADISTICA!B284 -> SRU02 (fija 2) | C286: =ESTADISTICA!C284 -> HERNANDARIAS Y AMBATO | D286: =ESTADISTICA!D284 -> Fija | E286: =ESTADISTICA!E284 -> Fibra Optica | F286: =ESTADISTICA!F284 -> 0 | G286: =ESTADISTICA!G284 -> 0 | H286: =ESTADISTICA!H284 -> 0 | ... AJ286: =ESTADISTICA!AJ284 -> 0
A287: =ESTADISTICA!A285 -> VILLA ANGELICA | B287: =ESTADISTICA!B285 -> VANG01 | C287: =ESTADISTICA!C285 -> Senzabello y Necochea | D287: =ESTADISTICA!D285 -> Domo | E287: =ESTADISTICA!E285 -> PTP A FO | F287: =ESTADISTICA!F285 -> 0 | G287: =ESTADISTICA!G285 -> 0 | H287: =ESTADISTICA!H285 -> 0 | ... AJ287: =ESTADISTICA!AJ285 -> 0
A288: =ESTADISTICA!A286 -> VILLA ANGELICA | B288: =ESTADISTICA!B286 -> VANG02 | C288: =ESTADISTICA!C286 -> Thevenet y Ruta 36 | D288: =ESTADISTICA!D286 -> Domo | E288: =ESTADISTICA!E286 -> Fibra Optica | F288: =ESTADISTICA!F286 -> APAGADO | G288: =ESTADISTICA!G286 -> APAGADO | H288: =ESTADISTICA!H286 -> APAGADO | ... AJ288: =ESTADISTICA!AJ286 -> 0
A289: =ESTADISTICA!A287 -> VILLA DEL PLATA | B289: =ESTADISTICA!B287 -> VANG03 | C289: =ESTADISTICA!C287 -> Thevenet 1950 | D289: =ESTADISTICA!D287 -> Domo | E289: =ESTADISTICA!E287 -> Fibra Optica | F289: =ESTADISTICA!F287 -> 0 | G289: =ESTADISTICA!G287 -> 0 | H289: =ESTADISTICA!H287 -> 0 | ... AJ289: =ESTADISTICA!AJ287 -> 0
A290: =ESTADISTICA!A288 -> VILLA ANGELICA | B290: =ESTADISTICA!B288 -> VANG04 | C290: =ESTADISTICA!C288 -> Storni e/Thevenet y Calle 158 | D290: =ESTADISTICA!D288 -> DOMO | E290: =ESTADISTICA!E288 -> Fibra Optica | F290: =ESTADISTICA!F288 -> 0 | G290: =ESTADISTICA!G288 -> 0 | H290: =ESTADISTICA!H288 -> 0 | ... AJ290: =ESTADISTICA!AJ288 -> 0
A291: =ESTADISTICA!A289 -> VILLA ANGELICA | B291: =ESTADISTICA!B289 -> VANG05 | C291: =ESTADISTICA!C289 -> Storni y Thevenet | D291: =ESTADISTICA!D289 -> Domo | E291: =ESTADISTICA!E289 -> Fibra Optica | F291: =ESTADISTICA!F289 -> 0 | G291: =ESTADISTICA!G289 -> 0 | H291: =ESTADISTICA!H289 -> 0 | ... AJ291: =ESTADISTICA!AJ289 -> 0
... A369: =ESTADISTICA!A367 -> 0 | B369: =ESTADISTICA!B367 -> ZEB04 | C369: =ESTADISTICA!C367 -> THEVENET Y DIAGONAL GRANADEROS | D369: =ESTADISTICA!D367 -> DOMO | E369: =ESTADISTICA!E367 -> Radio | F369: =ESTADISTICA!F367 -> 0 | G369: =ESTADISTICA!G367 -> 0 | H369: =ESTADISTICA!H367 -> 0 | ... AJ369: =ESTADISTICA!AJ367 -> 0

Sheet PORCENTAJE

Sheet GRAFICO2

Sheet BARRAS

Sheet AUXILIAR
A1: FECHA | B1: RADIO | C1: FIBRA | D1: ANTENA | E1: TOTAL APAGADOS | F1: INSTALADAS | G1: % APAGADOS
A2: ='APAGADOS RADIO'!F3 -> 44682 | B2: ='APAGADOS RADIO'!F2+D2 -> 12 | C2: ='APAGADOS FIBRA'!F2 -> 33 | D2: ='APAGADOS ANTENA'!F2 -> 4 | E2: =B2+C2 -> 45 | F2: ='RESUMEN TOTAL'!C1 -> 373 | G2: =E2/F2 -> 0.12064343
A3: ='APAGADOS RADIO'!G3 -> 44683 | B3: ='APAGADOS RADIO'!G2+D3 -> 10 | C3: ='APAGADOS FIBRA'!G2 -> 24 | D3: ='APAGADOS ANTENA'!G2 -> 3 | E3: =B3+C3 -> 34 | F3: ='RESUMEN TOTAL'!C1 -> 373 | G3: =E3/F3 -> 0.091152815
A4: ='APAGADOS RADIO'!H3 -> 44684 | B4: ='APAGADOS RADIO'!H2+D4 -> 8 | C4: ='APAGADOS FIBRA'!H2 -> 24 | D4: ='APAGADOS ANTENA'!H2 -> 3 | E4: =B4+C4 -> 32 | F4: ='RESUMEN TOTAL'!C1 -> 373 | G4: =E4/F4 -> 0.085790885
A5: ='APAGADOS RADIO'!I3 -> 44685 | B5: ='APAGADOS RADIO'!I2+D5 -> 52 | C5: ='APAGADOS FIBRA'!I2 -> 107 | D5: ='APAGADOS ANTENA'!I2 -> 26 | E5: =B5+C5 -> 159 | F5: ='RESUMEN TOTAL'!C1 -> 373 | G5: =E5/F5 -> 0.42627346
A6: ='APAGADOS RADIO'!J3 -> 44686 | B6: ='APAGADOS RADIO'!J2+D6 -> 22 | C6: ='APAGADOS FIBRA'!J2 -> 36 | D6: ='APAGADOS ANTENA'!J2 -> 15 | E6: =B6+C6 -> 58 | F6: ='RESUMEN TOTAL'!C1 -> 373 | G6: =E6/F6 -> 0.15549598
A7: ='APAGADOS RADIO'!K3 -> 44687 | B7: ='APAGADOS RADIO'!K2+D7 -> 16 | C7: ='APAGADOS FIBRA'!K2 -> 40 | D7: ='APAGADOS ANTENA'!K2 -> 11 | E7: =B7+C7 -> 56 | F7: ='RESUMEN TOTAL'!C1 -> 373 | G7: =E7/F7 -> 0.15013405
A8: ='APAGADOS RADIO'!L3 -> 44688 | F8: ='RESUMEN TOTAL'!C1 -> 373
A9: ='APAGADOS RADIO'!M3 -> 44689 | F9: ='RESUMEN TOTAL'!C1 -> 373
A10: ='APAGADOS RADIO'!N3 -> 44690 | F10: ='RESUMEN TOTAL'!C1 -> 373
A11: ='APAGADOS RADIO'!O3 -> 44691 | F11: ='RESUMEN TOTAL'!C1 -> 373
A12: ='APAGADOS RADIO'!P3 -> 44692 | F12: ='RESUMEN TOTAL'!C1 -> 373
A13: ='APAGADOS RADIO'!Q3 -> 44693 | F13: ='RESUMEN TOTAL'!C1 -> 373
A14: ='APAGADOS RADIO'!R3 -> 44694 | F14: ='RESUMEN TOTAL'!C1 -> 373
A15: ='APAGADOS RADIO'!S3 -> 44695 | F15: ='RESUMEN TOTAL'!C1 -> 373
A16: ='APAGADOS RADIO'!T3 -> 44696 | F16: ='RESUMEN TOTAL'!C1 -> 373
A17: ='APAGADOS RADIO'!U3 -> 44697 | F17: ='RESUMEN TOTAL'!C1 -> 373
A18: ='APAGADOS RADIO'!V3 -> 44698 | F18: ='RESUMEN TOTAL'!C1 -> 373
A19: ='APAGADOS RADIO'!W3 -> 44699 | F19: ='RESUMEN TOTAL'!C1 -> 373
A20: ='APAGADOS RADIO'!X3 -> 44700 | F20: ='RESUMEN TOTAL'!C1 -> 373
A21: ='APAGADOS RADIO'!Y3 -> 44701 | F21: ='RESUMEN TOTAL'!C1 -> 373
A22: ='APAGADOS RADIO'!Z3 -> 44702 | F22: ='RESUMEN TOTAL'!C1 -> 373
A23: ='APAGADOS RADIO'!AA3 -> 44703 | F23: ='RESUMEN TOTAL'!C1 -> 373
A24: ='APAGADOS RADIO'!AB3 -> 44704 | F24: ='RESUMEN TOTAL'!C1 -> 373
A25: ='APAGADOS RADIO'!AC3 -> 44705 | F25: ='RESUMEN TOTAL'!C1 -> 373
A26: ='APAGADOS RADIO'!AD3 -> 44706 | F26: ='RESUMEN TOTAL'!C1 -> 373
A27: ='APAGADOS RADIO'!AE3 -> 44707 | F27: ='RESUMEN TOTAL'!C1 -> 373
A28: ='APAGADOS RADIO'!AF3 -> 44708 | F28: ='RESUMEN TOTAL'!C1 -> 373
A29: ='APAGADOS RADIO'!AG3 -> 44709 | F29: ='RESUMEN TOTAL'!C1 -> 373
A30: ='APAGADOS RADIO'!AH3 -> 44710 | F30: ='RESUMEN TOTAL'!C1 -> 373
A31: ='APAGADOS RADIO'!AI3 -> 44711 | F31: ='RESUMEN TOTAL'!C1 -> 373
