Workbook
Name _25_de_agosto: 'RESUMEN TOTAL'!$A$4:$D$352
Name BONOMOcam: Hoja1!$B$2
Name COSEIDIcam: Hoja1!$B$4

Sheet RESUMEN TOTAL
A1: CANTIDAD DE CAMARAS | B1: =COUNTA(B5:B527) -> 395 | D1: PORCIENTO DE CAIDAS | K1: =(K3)/(K2+K3) -> 0.070886076 | L1: =(L3)/(L2+L3) -> 0.13417722 | M1: =(M3)/(M2+M3) -> 0.21772152 | N1: =(N3)/(N2+N3) -> 0.22278481 | O1: =(O3)/(O2+O3) -> 0.096202532 | P1: =(P3)/(P2+P3) -> 0.081012658 | Q1: =(Q3)/(Q2+Q3) -> 0.053164557 | R1: =(R3)/(R2+R3) -> 0 | ... AN1: =(AN3)/(AN2+AN3) -> 0
D2: FUNCIONAN | K2: =COUNTIF(K5:K399, "") -> 367 | L2: =COUNTIF(L5:L399, "") -> 342 | M2: =COUNTIF(M5:M399, "") -> 309 | N2: =COUNTIF(N5:N399, "") -> 307 | O2: =COUNTIF(O5:O399, "") -> 357 | P2: =COUNTIF(P5:P399, "") -> 363 | Q2: =COUNTIF(Q5:Q399, "") -> 374 | R2: =COUNTIF(R5:R399, "") -> 395 | ... AN2: =COUNTIF(AN5:AN399, "") -> 395
D3: CAIDAS | K3: =COUNTIF(K4:K447, "apagado") -> 28 | L3: =COUNTIF(L4:L447, "apagado") -> 53 | M3: =COUNTIF(M4:M447, "apagado") -> 86 | N3: =COUNTIF(N4:N447, "apagado") -> 88 | O3: =COUNTIF(O4:O447, "apagado") -> 38 | P3: =COUNTIF(P4:P447, "apagado") -> 32 | Q3: =COUNTIF(Q4:Q447, "apagado") -> 21 | R3: =COUNTIF(R4:R447, "apagado") -> 0 | ... AN3: =COUNTIF(AN4:AN447, "apagado") -> 0
A4: Barrio | B4: [Denominacion] | C4: [Empresa Mantenimiento] | D4: [Ubicacion] | E4: [Tipo de Camara] | F4: [Tipo de Conexion] | H4: DIAS FUNCIONANDO | I4: DIAS CAIDA | J4: EFECTIVIDAD | K4: 44805 | L4: 44806 | M4: 44807 | N4: 44808 | O4: 44809 | P4: 44810 | Q4: 44811 | R4: 44812 | S4: 44813 | T4: 44814 | U4: 44815 | V4: 44816 | W4: 44817 | X4: 44818 | Y4: 44819 | Z4: 44820 | AA4: 44821 | AB4: 44822 | AC4: 44823 | AD4: 44824 | AE4: 44825 | AF4: 44826 | AG4: 44827 | AH4: 44828 | AI4: 44829 | AJ4: 44830 | AK4: 44831 | AL4: 44832 | AM4: 44833 | AN4: 44834
A5: ALTAMIRA | B5: ALT 03 | C5: BONOMO | D5: Bombero Galarza y Necochea | E5: Domo | F5: FIBRA OPTICA | G5: 172.20.12.54 | H5: =COUNTIF(K5:AN5,"") -> 30 | I5: =COUNTIF(K5:AL5,"APAGADO") -> 0 | J5: =(H5)/(I5+H5) -> 1
A6: ALTAMIRA | B6: ALT 04 | C6: BONOMO | D6: Francia y Necochea | E6: Domo | F6: FIBRA OPTICA | G6: 172.20.12.55 | H6: =COUNTIF(K6:AN6,"") -> 30 | I6: =COUNTIF(K6:AL6,"APAGADO") -> 0 | J6: =(H6)/(I6+H6) -> 1
A7: ALTAMIRA | B7: ALT 06 | C7: BONOMO | D7: LOPE DE VEGA Y NECOCHEA | E7: Domo | F7: PTO A FO | G7: 172.20.12.12 | H7: =COUNTIF(K7:AN7,"") -> 30 | I7: =COUNTIF(K7:AL7,"APAGADO") -> 0 | J7: =(H7)/(I7+H7) -> 1
A8: ALTAMIRA | B8: ALT 08 | C8: BONOMO | D8: HUMAITA Y NECOCHEA | E8: DOMO | F8: Fibra Optica | G8: 172.20.11.215 | H8: =COUNTIF(K8:AN8,"") -> 30 | I8: =COUNTIF(K8:AL8,"APAGADO") -> 0 | J8: =(H8)/(I8+H8) -> 1
A9: ALTAMIRA | B9: ALT 09 | C9: BONOMO | D9: NECOCHEA Y CURUPAITY | E9: DOMO | F9: Fibra Optica | G9: 172.20.11.216 | H9: =COUNTIF(K9:AN9,"") -> 30 | I9: =COUNTIF(K9:AL9,"APAGADO") -> 0 | J9: =(H9)/(I9+H9) -> 1
A10: ALTAMIRA | B10: ALT 10 | C10: BONOMO | D10: Calchaqui y Francia | E10: Domo | F10: Radio | H10: =COUNTIF(K10:AN10,"") -> 23 | I10: =COUNTIF(K10:AL10,"APAGADO") -> 7 | J10: =(H10)/(I10+H10) -> 0.76666667 | K10: APAGADO | L10: APAGADO | M10: APAGADO | N10: APAGADO | O10: APAGADO | P10: APAGADO | Q10: APAGADO
A11: ALTAMIRA | B11: ALT01 | C11: BONOMO | D11: Calchaqui y Sgto. Cabral | E11: Domo | F11: Fibra Optica | G11: 172.20.10.6 | H11: =COUNTIF(K11:AN11,"") -> 30 | I11: =COUNTIF(K11:AL11,"APAGADO") -> 0 | J11: =(H11)/(I11+H11) -> 1
A12: ALTAMIRA | B12: ALT02 | C12: BONOMO | D12: Calchaqui y Lope de Vega | E12: Domo | F12: PTO A FO | G12: 172.20.12.218 | H12: =COUNTIF(K12:AN12,"") -> 30 | I12: =COUNTIF(K12:AL12,"APAGADO") -> 0 | J12: =(H12)/(I12+H12) -> 1
A13: ALTAMIRA | B13: ALT05 | C13: BONOMO | D13: Av. Calchaqui y Bombero Galarza | E13: Domo | F13: PTO A FO | G13: 172.20.12.216 | H13: =COUNTIF(K13:AN13,"") -> 23 | I13: =COUNTIF(K13:AL13,"APAGADO") -> 7 | J13: =(H13)/(I13+H13) -> 0.76666667 | K13: APAGADO | L13: APAGADO | M13: APAGADO | N13: APAGADO | O13: APAGADO | P13: APAGADO | Q13: APAGADO
A14: ALTAMIRA | B14: ALT07 | C14: BONOMO | D14: AV. CALCHAQUI Y AV. DEL TRABAJO | E14: DOMO | F14: PTO A FO | G14: 172.20.10.57 | H14: =COUNTIF(K14:AN14,"") -> 30 | I14: =COUNTIF(K14:AL14,"APAGADO") -> 0 | J14: =(H14)/(I14+H14) -> 1
A15: AGUSTIN RAMIREZ | B15: ARA 01 | C15: COSEIDI | D15: Malambo y Tranquera | E15: Domo | F15: FIBRA OPTICA | G15: 172.20.12.110 | H15: =COUNTIF(K15:AN15,"") -> 30 | I15: =COUNTIF(K15:AL15,"APAGADO") -> 0 | J15: =(H15)/(I15+H15) -> 1
A16: BELGRANO | B16: BEL 01 | C16: BONOMO | D16: San Martin y Dardo Rocha | E16: DOMO | F16: FIBRA OPTICA | G16: 172.20.12.64 | H16: =COUNTIF(K16:AN16,"") -> 25 | I16: =COUNTIF(K16:AL16,"APAGADO") -> 5 | J16: =(H16)/(I16+H16) -> 0.83333333 | K16: APAGADO | L16: APAGADO | O16: APAGADO | P16: APAGADO | Q16: APAGADO
A17: CENTRO | B17: CEN 05 | C17: BONOMO | D17: Bocuzzi e/España y San Martin | E17: DOMO | F17: Fibra Optica | G17: 172.20.10.200 | H17: =COUNTIF(K17:AN17,"") -> 30 | I17: =COUNTIF(K17:AL17,"APAGADO") -> 0 | J17: =(H17)/(I17+H17) -> 1
A18: CENTRO | B18: CEN 12 | C18: BONOMO | D18: Monteagudo y Mitre | E18: Domo | F18: Fibra Optica | G18: 172.20.10.23 | H18: =COUNTIF(K18:AN18,"") -> 30 | I18: =COUNTIF(K18:AL18,"APAGADO") -> 0 | J18: =(H18)/(I18+H18) -> 1
A19: CENTRO | B19: CEN 13 | C19: BONOMO | D19: 25 de Mayo y Maipu | E19: DOMO | F19: Fibra Optica | G19: 172.20.10.20 | H19: =COUNTIF(K19:AN19,"") -> 30 | I19: =COUNTIF(K19:AL19,"APAGADO") -> 0 | J19: =(H19)/(I19+H19) -> 1
A20: CENTRO | B20: CEN 37 | C20: BONOMO | D20: Diagonal Granaderos y Monteagudo | E20: Domo | F20: Fibra Optica | G20: 172.20.12.52 | H20: =COUNTIF(K20:AN20,"") -> 30 | I20: =COUNTIF(K20:AL20,"APAGADO") -> 0 | J20: =(H20)/(I20+H20) -> 1
A21: CENTRO | B21: CEN 50 | C21: BONOMO | D21: Av. San Martin y Newbery | E21: Domo | F21: Radio | G21: 172.20.200.184 | H21: =COUNTIF(K21:AN21,"") -> 28 | I21: =COUNTIF(K21:AL21,"APAGADO") -> 2 | J21: =(H21)/(I21+H21) -> 0.93333333 | M21: APAGADO | N21: APAGADO
A22: CENTRO | B22: CEN 51 | C22: BONOMO | D22: ILLIA Y LAS HERAS | E22: FIJA | F22: Fibra Optica | G22: 172.20.11.29 | H22: =COUNTIF(K22:AN22,"") -> 30 | I22: =COUNTIF(K22:AL22,"APAGADO") -> 0 | J22: =(H22)/(I22+H22) -> 1
A23: CENTRO | B23: CEN 53 | C23: BONOMO | D23: GUTIERREZ Y BROWN | E23: Domo | F23: Radio | G23: 172.20.200.166 | H23: =COUNTIF(K23:AN23,"") -> 30 | I23: =COUNTIF(K23:AL23,"APAGADO") -> 0 | J23: =(H23)/(I23+H23) -> 1
A24: CENTRO | B24: CEN 54 | C24: BONOMO | D24: GUTIERREZ Y PRINGLES | E24: Domo | F24: Radio | G24: 172.20.200.165 | H24: =COUNTIF(K24:AN24,"") -> 30 | I24: =COUNTIF(K24:AL24,"APAGADO") -> 0 | J24: =(H24)/(I24+H24) -> 1
A25: CENTRO | B25: CEN 55 | C25: BONOMO | D25: BOUREL Y URQUIZA | E25: Domo | F25: Radio | G25: 172.20.200.163 | H25: =COUNTIF(K25:AN25,"") -> 29 | I25: =COUNTIF(K25:AL25,"APAGADO") -> 1 | J25: =(H25)/(I25+H25) -> 0.96666667 | M25: APAGADO
A26: CENTRO | B26: CEN 56 | C26: BONOMO | D26: Newbery y Falucho | E26: DOMO | F26: Radio | G26: 172.20.200.161 | H26: =COUNTIF(K26:AN26,"") -> 30 | I26: =COUNTIF(K26:AL26,"APAGADO") -> 0 | J26: =(H26)/(I26+H26) -> 1
A27: CENTRO | B27: CEN 57 | C27: BONOMO | D27: 25 DE MAYO Y DORREGO | E27: DOMO | F27: Radio | G27: 172.20.200.199 | H27: =COUNTIF(K27:AN27,"") -> 30 | I27: =COUNTIF(K27:AL27,"APAGADO") -> 0 | J27: =(H27)/(I27+H27) -> 1
A28: CENTRO | B28: CEN 58 | C28: BONOMO | D28: EEUU Y MORENO | E28: DOMO | F28: FIBRA OPTICA | G28: 172.20.11.84 | H28: =COUNTIF(K28:AN28,"") -> 30 | I28: =COUNTIF(K28:AL28,"APAGADO") -> 0 | J28: =(H28)/(I28+H28) -> 1
A29: CENTRO | B29: CEN 60 | C29: BONOMO | D29: RECONQUISTA Y ILLIA | E29: DOMO | F29: PTO A FO | G29: 172.20.12.67 | H29: =COUNTIF(K29:AN29,"") -> 30 | I29: =COUNTIF(K29:AL29,"APAGADO") -> 0 | J29: =(H29)/(I29+H29) -> 1
A30: CENTRO | B30: CEN 61 | C30: BONOMO | D30: BOUREL Y MAIPU | E30: DOMO | F30: Radio | G30: 172.20.200.159 | H30: =COUNTIF(K30:AN30,"") -> 30 | I30: =COUNTIF(K30:AL30,"APAGADO") -> 0 | J30: =(H30)/(I30+H30) -> 1
A31: CENTRO | B31: CEN 65 | C31: BONOMO | D31: SAN MARTIN Y JUAN PERON | E31: FIJA | F31: Fibra Optica | G31: 172.20.11.135 | H31: =COUNTIF(K31:AN31,"") -> 28 | I31: =COUNTIF(K31:AL31,"APAGADO") -> 2 | J31: =(H31)/(I31+H31) -> 0.93333333 | L31: APAGADO | M31: APAGADO
A32: CENTRO | B32: CEN 70 | C32: BONOMO | D32: RIVADAVIA Y 25 MAYO | E32: Domo | F32: Fibra Optica | G32: 172.20.11.221 | H32: =COUNTIF(K32:AN32,"") -> 30 | I32: =COUNTIF(K32:AL32,"APAGADO") -> 0 | J32: =(H32)/(I32+H32) -> 1
A33: CENTRO | B33: CEN 71 | C33: BONOMO | D33: MORENO Y BOUREL | E33: Domo | F33: Fibra Optica | G33: 172.20.11.220 | H33: =COUNTIF(K33:AN33,"") -> 30 | I33: =COUNTIF(K33:AL33,"APAGADO") -> 0 | J33: =(H33)/(I33+H33) -> 1
A34: CENTRO | B34: CEN 72 | C34: BONOMO | D34: MORENO Y 25 DE MAYO | E34: Domo | F34: Fibra Optica | G34: 172.20.11.219 | H34: =COUNTIF(K34:AN34,"") -> 23 | I34: =COUNTIF(K34:AL34,"APAGADO") -> 7 | J34: =(H34)/(I34+H34) -> 0.76666667 | K34: APAGADO | L34: APAGADO | M34: APAGADO | N34: APAGADO | O34: APAGADO | P34: APAGADO | Q34: APAGADO
A35: CENTRO | B35: CEN 75 | C35: BONOMO | D35: 25 DE MAYO Y CASTELLI | E35: Domo | F35: Fibra Optica | H35: =COUNTIF(K35:AN35,"") -> 30 | I35: =COUNTIF(K35:AL35,"APAGADO") -> 0 | J35: =(H35)/(I35+H35) -> 1
A36: CENTRO | B36: CEN 76 | C36: BONOMO | D36: ESPAÑA E/MITRE Y BOCUZZI | E36: Fija | F36: Fibra Optica | H36: =COUNTIF(K36:AN36,"") -> 30 | I36: =COUNTIF(K36:AL36,"APAGADO") -> 0 | J36: =(H36)/(I36+H36) -> 1
A37: CENTRO | B37: CEN01 | C37: BONOMO | D37: San Martin y 9 de Julio | E37: Fija | F37: Fibra Optica | G37: 172.20.11.10 | H37: =COUNTIF(K37:AN37,"") -> 28 | I37: =COUNTIF(K37:AL37,"APAGADO") -> 2 | J37: =(H37)/(I37+H37) -> 0.93333333 | M37: APAGADO | N37: APAGADO
A38: CENTRO | B38: CEN02 | C38: BONOMO | D38: San Martin y Almafuerte | E38: Fija | F38: Fibra Optica | G38: 172.20.11.11 | H38: =COUNTIF(K38:AN38,"") -> 28 | I38: =COUNTIF(K38:AL38,"APAGADO") -> 2 | J38: =(H38)/(I38+H38) -> 0.93333333 | M38: APAGADO | N38: APAGADO
A39: CENTRO | B39: CEN03 | C39: BONOMO | D39: San Martin y Sallares | E39: Domo | F39: Fibra Optica | G39: 172.20.12.30 | H39: =COUNTIF(K39:AN39,"") -> 30 | I39: =COUNTIF(K39:AL39,"APAGADO") -> 0 | J39: =(H39)/(I39+H39) -> 1
A40: CENTRO | B40: CEN04 | C40: BONOMO | D40: San Martin y Contreras | E40: Domo | F40: Fibra Optica | G40: 172.20.12.29 | H40: =COUNTIF(K40:AN40,"") -> 30 | I40: =COUNTIF(K40:AL40,"APAGADO") -> 0 | J40: =(H40)/(I40+H40) -> 1
A41: CENTRO | B41: CEN06 | C41: BONOMO | D41: Monteagudo y A.del Valle | E41: Fija | F41: Fibra Optica | G41: 172.20.10.02 | H41: =COUNTIF(K41:AN41,"") -> 30 | I41: =COUNTIF(K41:AL41,"APAGADO") -> 0 | J41: =(H41)/(I41+H41) -> 1
A42: CENTRO | B42: CEN07 | C42: BONOMO | D42: San Martin y Guemes | E42: DOMO | F42: Fibra Optica | G42: 172.20.11.20 | H42: =COUNTIF(K42:AN42,"") -> 28 | I42: =COUNTIF(K42:AL42,"APAGADO") -> 2 | J42: =(H42)/(I42+H42) -> 0.93333333 | M42: APAGADO | N42: APAGADO
A43: CENTRO | B43: CEN08 | C43: BONOMO | D43: San Martin y Pte.Peron | E43: Domo | F43: Fibra Optica | G43: 172.20.11.21 | H43: =COUNTIF(K43:AN43,"") -> 30 | I43: =COUNTIF(K43:AL43,"APAGADO") -> 0 | J43: =(H43)/(I43+H43) -> 1
A44: CENTRO | B44: CEN09 | C44: BONOMO | D44: Chacabuco y 25 de Mayo | E44: Domo | F44: Fibra Optica | G44: 172.20.11.22 | H44: =COUNTIF(K44:AN44,"") -> 30 | I44: =COUNTIF(K44:AL44,"APAGADO") -> 0 | J44: =(H44)/(I44+H44) -> 1
A45: CENTRO | B45: CEN10 | C45: BONOMO | D45: Monteagudo y Pte. Peron | E45: Domo | F45: Fibra Optica | G45: 172.20.11.23 | H45: =COUNTIF(K45:AN45,"") -> 30 | I45: =COUNTIF(K45:AL45,"APAGADO") -> 0 | J45: =(H45)/(I45+H45) -> 1
A46: CENTRO | B46: CEN11 | C46: BONOMO | D46: Monteagudo y Bocuzzi | E46: Domo | F46: Fibra Optica | G46: 172.20.10.24 | H46: =COUNTIF(K46:AN46,"") -> 30 | I46: =COUNTIF(K46:AL46,"APAGADO") -> 0 | J46: =(H46)/(I46+H46) -> 1
A47: CENTRO | B47: CEN14 | C47: BONOMO | D47: Pte.Peron e/Pringles y Brown | E47: Domo | F47: Fibra Optica | G47: 172.20.10.21 | H47: =COUNTIF(K47:AN47,"") -> 30 | I47: =COUNTIF(K47:AL47,"APAGADO") -> 0 | J47: =(H47)/(I47+H47) -> 1
A48: CENTRO | B48: CEN15 | C48: BONOMO | D48: Alberdi y A.del Valle | E48: Domo | F48: Fibra Optica | G48: 172.20.10.35 | H48: =COUNTIF(K48:AN48,"") -> 30 | I48: =COUNTIF(K48:AL48,"APAGADO") -> 0 | J48: =(H48)/(I48+H48) -> 1
A49: CENTRO | B49: CEN16 | C49: BONOMO | D49: San Martin y Pte. Peron | E49: Fija | F49: Fibra Optica | G49: 172.20.12.36 | H49: =COUNTIF(K49:AN49,"") -> 30 | I49: =COUNTIF(K49:AL49,"APAGADO") -> 0 | J49: =(H49)/(I49+H49) -> 1
B50: CEN17 | C50: BONOMO | D50: San Martin y Mitre | E50: Domo | F50: PTO A FO | G50: 172.20.12.200 | H50: =COUNTIF(K50:AN50,"") -> 28 | I50: =COUNTIF(K50:AL50,"APAGADO") -> 2 | J50: =(H50)/(I50+H50) -> 0.93333333 | M50: APAGADO | N50: APAGADO
A51: CENTRO | B51: CEN18 | C51: BONOMO | D51: Monteagudo e/Mitre y Sallares | E51: Fija | F51: Fibra Optica | G51: 172.20.10.26 | H51: =COUNTIF(K51:AN51,"") -> 30 | I51: =COUNTIF(K51:AL51,"APAGADO") -> 0 | J51: =(H51)/(I51+H51) -> 1
A52: CENTRO | B52: CEN19 | C52: BONOMO | D52: Chacabuco y 25 de Mayo | E52: Fija | F52: Fibra Optica | G52: 172.20.10.27 | H52: =COUNTIF(K52:AN52,"") -> 30 | I52: =COUNTIF(K52:AL52,"APAGADO") -> 0 | J52: =(H52)/(I52+H52) -> 1
A53: LOMAS DE MONTEVERDE | B53: CEN20 | C53: BONOMO | D53: Pte. Illia y Las Heras | E53: Domo | F53: Fibra Optica | G53: 172.20.10.33 | H53: =COUNTIF(K53:AN53,"") -> 30 | I53: =COUNTIF(K53:AL53,"APAGADO") -> 0 | J53: =(H53)/(I53+H53) -> 1
A54: CENTRO | B54: CEN21 | C54: BONOMO | D54: Misiones y Urquiza | E54: Fija | F54: Radio | G54: 172.20.200.132 | H54: =COUNTIF(K54:AN54,"") -> 29 | I54: =COUNTIF(K54:AL54,"APAGADO") -> 1 | J54: =(H54)/(I54+H54) -> 0.96666667 | N54: APAGADO
A55: CENTRO | B55: CEN22 | C55: BONOMO | D55: Las Heras y Chacabuco | E55: Domo | F55: Radio | G55: 172.20.200.125 | H55: =COUNTIF(K55:AN55,"") -> 30 | I55: =COUNTIF(K55:AL55,"APAGADO") -> 0 | J55: =(H55)/(I55+H55) -> 1
A56: CENTRO | B56: CEN23 | C56: BONOMO | D56: Sallares y Monteagudo | E56: Domo | F56: Fibra Optica | G56: 172.20.12.05 | H56: =COUNTIF(K56:AN56,"") -> 30 | I56: =COUNTIF(K56:AL56,"APAGADO") -> 0 | J56: =(H56)/(I56+H56) -> 1
A57: CENTRO | B57: CEN24 | C57: BONOMO | D57: Sallares y España | E57: Domo | F57: Fibra Optica | G57: 172.20.12.04 | H57: =COUNTIF(K57:AN57,"") -> 30 | I57: =COUNTIF(K57:AL57,"APAGADO") -> 0 | J57: =(H57)/(I57+H57) -> 1
A58: CENTRO | B58: CEN25 | C58: BONOMO | D58: SAN MARTIN Y 9 DE JULIO | E58: Domo | F58: Fibra Optica | G58: 172.20.12.02 | H58: =COUNTIF(K58:AN58,"") -> 28 | I58: =COUNTIF(K58:AL58,"APAGADO") -> 2 | J58: =(H58)/(I58+H58) -> 0.93333333 | L58: APAGADO | N58: APAGADO
A59: CENTRO | B59: CEN26 | C59: BONOMO | D59: Mitre y España | E59: Domo | F59: Fibra Optica | G59: 172.20.12.06 | H59: =COUNTIF(K59:AN59,"") -> 25 | I59: =COUNTIF(K59:AL59,"APAGADO") -> 5 | J59: =(H59)/(I59+H59) -> 0.83333333 | K59: APAGADO | N59: APAGADO | O59: APAGADO | P59: APAGADO | Q59: APAGADO
A60: CENTRO | B60: CEN27 | C60: BONOMO | D60: San Juan y España | E60: Domo | F60: Fibra Optica | G60: 172.20.12.37 | H60: =COUNTIF(K60:AN60,"") -> 30 | I60: =COUNTIF(K60:AL60,"APAGADO") -> 0 | J60: =(H60)/(I60+H60) -> 1
A61: CENTRO | B61: CEN28 | C61: BONOMO | D61: Mitre y Alberdi | E61: Domo | F61: Fibra Optica | G61: 172.20.12.38 | H61: =COUNTIF(K61:AN61,"") -> 30 | I61: =COUNTIF(K61:AL61,"APAGADO") -> 0 | J61: =(H61)/(I61+H61) -> 1
A62: CENTRO | B62: CEN29 | C62: BONOMO | D62: Alberdi y San Juan | E62: Domo | F62: Fibra Optica | G62: 172.20.12.40 | H62: =COUNTIF(K62:AN62,"") -> 28 | I62: =COUNTIF(K62:AL62,"APAGADO") -> 2 | J62: =(H62)/(I62+H62) -> 0.93333333 | M62: APAGADO | N62: APAGADO
A63: CENTRO | B63: CEN30 | C63: BONOMO | D63: Mitre y Pringles | E63: Domo | F63: Fibra Optica | G63: 172.20.12.39 | H63: =COUNTIF(K63:AN63,"") -> 28 | I63: =COUNTIF(K63:AL63,"APAGADO") -> 2 | J63: =(H63)/(I63+H63) -> 0.93333333 | M63: APAGADO | N63: APAGADO
A64: CENTRO | B64: CEN31 | C64: BONOMO | D64: Mitre e/Monteagudo y Alberdi | E64: Domo | F64: Fibra Optica | G64: 172.20.12.41 | H64: =COUNTIF(K64:AN64,"") -> 30 | I64: =COUNTIF(K64:AL64,"APAGADO") -> 0 | J64: =(H64)/(I64+H64) -> 1
A65: CENTRO | B65: CEN32 | C65: BONOMO | D65: Aristobulo del Valle y España | E65: Domo | F65: Fibra Optica | G65: 172.20.12.42 | H65: =COUNTIF(K65:AN65,"") -> 28 | I65: =COUNTIF(K65:AL65,"APAGADO") -> 2 | J65: =(H65)/(I65+H65) -> 0.93333333 | M65: APAGADO | N65: APAGADO
A66: CENTRO | B66: CEN33 | C66: BONOMO | D66: Peron y Alberdi | E66: Domo | F66: Fibra Optica | G66: 172.20.12.47 | H66: =COUNTIF(K66:AN66,"") -> 30 | I66: =COUNTIF(K66:AL66,"APAGADO") -> 0 | J66: =(H66)/(I66+H66) -> 1
A67: CENTRO | B67: CEN34 | C67: BONOMO | D67: Peron y España | E67: Domo | F67: Fibra Optica | G67: 172.20.12.49 | H67: =COUNTIF(K67:AN67,"") -> 23 | I67: =COUNTIF(K67:AL67,"APAGADO") -> 7 | J67: =(H67)/(I67+H67) -> 0.76666667 | K67: APAGADO | L67: APAGADO | M67: APAGADO | N67: APAGADO | O67: APAGADO | P67: APAGADO | Q67: APAGADO
A68: CENTRO | B68: CEN35 | C68: BONOMO | D68: España y Marmol | E68: Domo | F68: Fibra Optica | G68: 172.20.12.50 | H68: =COUNTIF(K68:AN68,"") -> 30 | I68: =COUNTIF(K68:AL68,"APAGADO") -> 0 | J68: =(H68)/(I68+H68) -> 1
A69: CENTRO | B69: CEN36 | C69: BONOMO | D69: España y 9 de Julio | E69: Domo | F69: Fibra Optica | G69: 172.20.12.51 | H69: =COUNTIF(K69:AN69,"") -> 30 | I69: =COUNTIF(K69:AL69,"APAGADO") -> 0 | J69: =(H69)/(I69+H69) -> 1
A70: CENTRO | B70: CEN38 | C70: BONOMO | D70: Diagonal Constituyentes y Almafuerte | E70: Domo | F70: Fibra Optica | G70: 172.20.12.53 | H70: =COUNTIF(K70:AN70,"") -> 30 | I70: =COUNTIF(K70:AL70,"APAGADO") -> 0 | J70: =(H70)/(I70+H70) -> 1
A71: CENTRO | B71: CEN39 | C71: BONOMO | D71: San Martin y Alem | E71: Domo | F71: Fibra Optica | G71: 172.20.12.56 | H71: =COUNTIF(K71:AN71,"") -> 30 | I71: =COUNTIF(K71:AL71,"APAGADO") -> 0 | J71: =(H71)/(I71+H71) -> 1
A72: CENTRO | B72: CEN40 | C72: BONOMO | D72: Contreras y Monteagudo | E72: Domo | F72: Fibra Optica | G72: 172.20.12.57 | H72: =COUNTIF(K72:AN72,"") -> 30 | I72: =COUNTIF(K72:AL72,"APAGADO") -> 0 | J72: =(H72)/(I72+H72) -> 1
A73: CENTRO | B73: CEN41 | C73: BONOMO | D73: Contreras y Alberdi | E73: Domo | F73: Fibra Optica | G73: 172.20.12.58 | H73: =COUNTIF(K73:AN73,"") -> 29 | I73: =COUNTIF(K73:AL73,"APAGADO") -> 1 | J73: =(H73)/(I73+H73) -> 0.96666667 | P73: APAGADO
A74: CENTRO | B74: CEN42 | C74: BONOMO | D74: Diagonal Constituyentes y Alem | E74: Domo | F74: Fibra Optica | G74: 172.20.12.59 | H74: =COUNTIF(K74:AN74,"") -> 30 | I74: =COUNTIF(K74:AL74,"APAGADO") -> 0 | J74: =(H74)/(I74+H74) -> 1
A75: CENTRO | B75: CEN43 | C75: BONOMO | D75: Sallares y Alberdi | E75: Domo | F75: Fibra Optica | G75: 172.20.12.61 | H75: =COUNTIF(K75:AN75,"") -> 30 | I75: =COUNTIF(K75:AL75,"APAGADO") -> 0 | J75: =(H75)/(I75+H75) -> 1
A76: CENTRO | B76: CEN44 | C76: BONOMO | D76: Mitre y Brown | E76: Domo | F76: Fibra Optica | G76: 172.20.12.62 | H76: =COUNTIF(K76:AN76,"") -> 29 | I76: =COUNTIF(K76:AL76,"APAGADO") -> 1 | J76: =(H76)/(I76+H76) -> 0.96666667 | M76: APAGADO
A77: CENTRO | B77: CEN45 (fija 1) | C77: BONOMO | D77: EEUU Y MORENO | E77: Fija | F77: Fibra Optica | G77: 172.20.11.74 | H77: =COUNTIF(K77:AN77,"") -> 30 | I77: =COUNTIF(K77:AL77,"APAGADO") -> 0 | J77: =(H77)/(I77+H77) -> 1
A78: CENTRO | B78: CEN46 (fija 2) | C78: BONOMO | D78: EEUU Y MORENO | E78: Fija | F78: Fibra Optica | G78: 172.20.11.75 | H78: =COUNTIF(K78:AN78,"") -> 30 | I78: =COUNTIF(K78:AL78,"APAGADO") -> 0 | J78: =(H78)/(I78+H78) -> 1
A79: CENTRO | B79: CEN47 | C79: BONOMO | D79: Sallares y Brown | E79: Domo | F79: Fibra Optica | G79: 172.20.12.65 | H79: =COUNTIF(K79:AN79,"") -> 23 | I79: =COUNTIF(K79:AL79,"APAGADO") -> 7 | J79: =(H79)/(I79+H79) -> 0.76666667 | K79: APAGADO | L79: APAGADO | M79: APAGADO | N79: APAGADO | O79: APAGADO | P79: APAGADO | Q79: APAGADO
A80: CENTRO | B80: CEN48 | C80: BONOMO | D80: Velez Sarsfield y Las Heras | E80: Domo | F80: Radio | G80: 172.20.200.181 | H80: =COUNTIF(K80:AN80,"") -> 30 | I80: =COUNTIF(K80:AL80,"APAGADO") -> 0 | J80: =(H80)/(I80+H80) -> 1
A81: CENTRO | B81: CEN49 | C81: BONOMO | D81: Av. San Martin y Florencio Sanchez | E81: Domo | F81: Radio | G81: 172.20.200.182 | H81: =COUNTIF(K81:AN81,"") -> 30 | I81: =COUNTIF(K81:AL81,"APAGADO") -> 0 | J81: =(H81)/(I81+H81) -> 1
A82: CENTRO | B82: CEN52 | C82: BONOMO | D82: San Martin y Almafuerte (ex San Martin y Dorrego) | E82: DOMO | F82: Radio | G82: 172.20.200.191 | H82: =COUNTIF(K82:AN82,"") -> 30 | I82: =COUNTIF(K82:AL82,"APAGADO") -> 0 | J82: =(H82)/(I82+H82) -> 1
A83: CENTRO | B83: CEN59 | C83: BONOMO | D83: CHACABUCO Y BOUREL | E83: DOMO | F83: Radio | G83: 172.20.200.188 | H83: =COUNTIF(K83:AN83,"") -> 30 | I83: =COUNTIF(K83:AL83,"APAGADO") -> 0 | J83: =(H83)/(I83+H83) -> 1
A84: CENTRO | B84: CEN62 | C84: BONOMO | D84: ESPAÑA Y ALEM | E84: DOMO | F84: PTO A FO | G84: 172.20.12.82 | H84: =COUNTIF(K84:AN84,"") -> 30 | I84: =COUNTIF(K84:AL84,"APAGADO") -> 0 | J84: =(H84)/(I84+H84) -> 1
A85: CENTRO | B85: CEN63 | C85: BONOMO | D85: SAN MARTIN Y URQUIZA | E85: DOMO | F85: Fibra Optica | G85: 172.20.11.112 | H85: =COUNTIF(K85:AN85,"") -> 30 | I85: =COUNTIF(K85:AL85,"APAGADO") -> 0 | J85: =(H85)/(I85+H85) -> 1
A86: CENTRO | B86: CEN64 | C86: BONOMO | D86: SAN MARTIN Y BOCCUZZI | E86: FIJA | F86: Fibra Optica | G86: 172.20.11.134 | H86: =COUNTIF(K86:AN86,"") -> 30 | I86: =COUNTIF(K86:AL86,"APAGADO") -> 0 | J86: =(H86)/(I86+H86) -> 1
A87: CENTRO | B87: CEN66 | C87: BONOMO | D87: SAN MARTIN Y JUAN PERON | E87: FIJA | F87: Fibra Optica | G87: 172.20.11.136 | H87: =COUNTIF(K87:AN87,"") -> 28 | I87: =COUNTIF(K87:AL87,"APAGADO") -> 2 | J87: =(H87)/(I87+H87) -> 0.93333333 | L87: APAGADO | M87: APAGADO
A88: CENTRO | B88: CEN67 (fija 1) | C88: BONOMO | D88: 9 DE JULIO Y BROWN | E88: Fija | F88: Fibra Optica | G88: 172.20.11.188 | H88: =COUNTIF(K88:AN88,"") -> 30 | I88: =COUNTIF(K88:AL88,"APAGADO") -> 0 | J88: =(H88)/(I88+H88) -> 1
A89: CENTRO | B89: CEN68 (fija 2) | C89: BONOMO | D89: 9 DE JULIO Y BROWN | E89: Fija | F89: Fibra Optica | G89: 172.20.11.189 | H89: =COUNTIF(K89:AN89,"") -> 30 | I89: =COUNTIF(K89:AL89,"APAGADO") -> 0 | J89: =(H89)/(I89+H89) -> 1
A90: CENTRO | B90: CEN69 | C90: BONOMO | D90: RIVADAVIA Y BOUREL | E90: DOMO | F90: Fibra Optica | G90: 172.20.11.222 | H90: =COUNTIF(K90:AN90,"") -> 30 | I90: =COUNTIF(K90:AL90,"APAGADO") -> 0 | J90: =(H90)/(I90+H90) -> 1
A91: CENTRO | B91: CEN73 | C91: BONOMO | D91: BOUREL Y DEFENSA | E91: DOMO | F91: Fibra Optica | G91: 172.20.11.223 | H91: =COUNTIF(K91:AN91,"") -> 28 | I91: =COUNTIF(K91:AL91,"APAGADO") -> 2 | J91: =(H91)/(I91+H91) -> 0.93333333 | M91: APAGADO | N91: APAGADO
A92: CENTRO | B92: CEN74 | C92: BONOMO | D92: Las Heras y Maipu | E92: Domo | F92: FIBRA OPTICA | G92: 172.20.11.53 | H92: =COUNTIF(K92:AN92,"") -> 30 | I92: =COUNTIF(K92:AL92,"APAGADO") -> 0 | J92: =(H92)/(I92+H92) -> 1
A93: SAN NICOLAS | B93: CHA01 | C93: BONOMO | D93: Novak y Pte Illia | E93: Domo | F93: Radio | G93: 172.20.200.126 | H93: =COUNTIF(K93:AN93,"") -> 30 | I93: =COUNTIF(K93:AL93,"APAGADO") -> 0 | J93: =(H93)/(I93+H93) -> 1
A94: CHACABUCO | B94: CHA02 | C94: BONOMO | D94: Pte. Illia y Posadas | E94: Domo | F94: Radio | G94: 172.20.200.186 | H94: =COUNTIF(K94:AN94,"") -> 30 | I94: =COUNTIF(K94:AL94,"APAGADO") -> 0 | J94: =(H94)/(I94+H94) -> 1
A95: CHACABUCO | B95: CHA03 | C95: BONOMO | D95: MAIPU Y ALVAREZ THOMAS | E95: DOMO | F95: Fibra Optica | G95: 172.20.11.71 | H95: =COUNTIF(K95:AN95,"") -> 30 | I95: =COUNTIF(K95:AL95,"APAGADO") -> 0 | J95: =(H95)/(I95+H95) -> 1
A96: CHACABUCO | B96: CHA04 | C96: BONOMO | D96: ESTADOS UNIDOS DE A. E ILLIA | E96: DOMO | F96: Fibra Optica | G96: 172.20.11.191 | H96: =COUNTIF(K96:AN96,"") -> 24 | I96: =COUNTIF(K96:AL96,"APAGADO") -> 6 | J96: =(H96)/(I96+H96) -> 0.8 | K96: APAGADO | L96: APAGADO | M96: APAGADO | N96: APAGADO | O96: APAGADO | P96: APAGADO
A97: LA COLORADA ESTE | B97: COL 03 | C97: COSEIDI | D97: CARIBONI Y LA ANCIANIDAD | E97: DOMO | F97: Radio | G97: 10.20.30.37 | H97: =COUNTIF(K97:AN97,"") -> 30 | I97: =COUNTIF(K97:AL97,"APAGADO") -> 0 | J97: =(H97)/(I97+H97) -> 1
A98: VILLA MONICA NUEVA | B98: COL01 | C98: COSEIDI | D98: Eva Peron y Cariboni | E98: Domo | F98: Radio | G98: 172.20.200.177 | H98: =COUNTIF(K98:AN98,"") -> 30 | I98: =COUNTIF(K98:AL98,"APAGADO") -> 0 | J98: =(H98)/(I98+H98) -> 1
A99: LA COLORADA ESTE | B99: COL02 | C99: COSEIDI | D99: Av. Eva Peron y Pompeya | E99: Domo | F99: Radio | G99: 172.20.200.192 | H99: =COUNTIF(K99:AN99,"") -> 30 | I99: =COUNTIF(K99:AL99,"APAGADO") -> 0 | J99: =(H99)/(I99+H99) -> 1
A100: DON JOSE | B100: DJO 02 (fija 1) | C100: BONOMO | D100: DONATO ALVAREZ Y EL APERO | E100: Fija | F100: PTO A FO | G100: 172.20.12.97 | H100: =COUNTIF(K100:AN100,"") -> 30 | I100: =COUNTIF(K100:AL100,"APAGADO") -> 0 | J100: =(H100)/(I100+H100) -> 1
...

Sheet ESTADISTICA
A1: ='RESUMEN TOTAL'!A4 -> Barrio | B1: ='RESUMEN TOTAL'!B4 -> [Denominacion] | C1: ='RESUMEN TOTAL'!D4 -> [Ubicacion] | D1: ='RESUMEN TOTAL'!E4 -> [Tipo de Camara] | E1: ='RESUMEN TOTAL'!F4 -> [Tipo de Conexion] | F1: ='RESUMEN TOTAL'!K4 -> 44805 | G1: ='RESUMEN TOTAL'!L4 -> 44806 | H1: ='RESUMEN TOTAL'!M4 -> 44807 | I1: ='RESUMEN TOTAL'!N4 -> 44808 | J1: ='RESUMEN TOTAL'!O4 -> 44809 | K1: ='RESUMEN TOTAL'!P4 -> 44810 | L1: ='RESUMEN TOTAL'!Q4 -> 44811 | M1: ='RESUMEN TOTAL'!R4 -> 44812 | ... AI1: ='RESUMEN TOTAL'!AN4 -> 44834
A2: ='RESUMEN TOTAL'!A5 -> ALTAMIRA | B2: ='RESUMEN TOTAL'!B5 -> ALT 03 | C2: ='RESUMEN TOTAL'!D5 -> Bombero Galarza y Necochea | D2: ='RESUMEN TOTAL'!E5 -> Domo | E2: ='RESUMEN TOTAL'!F5 -> FIBRA OPTICA | F2: ='RESUMEN TOTAL'!K5 -> 0 | G2: ='RESUMEN TOTAL'!L5 -> 0 | H2: ='RESUMEN TOTAL'!M5 -> 0 | I2: ='RESUMEN TOTAL'!N5 -> 0 | J2: ='RESUMEN TOTAL'!O5 -> 0 | K2: ='RESUMEN TOTAL'!P5 -> 0 | L2: ='RESUMEN TOTAL'!Q5 -> 0 | M2: ='RESUMEN TOTAL'!R5 -> 0 | ... AI2: ='RESUMEN TOTAL'!AN5 -> 0
A3: ='RESUMEN TOTAL'!A6 -> ALTAMIRA | B3: ='RESUMEN TOTAL'!B6 -> ALT 04 | C3: ='RESUMEN TOTAL'!D6 -> Francia y Necochea | D3: ='RESUMEN TOTAL'!E6 -> Domo | E3: ='RESUMEN TOTAL'!F6 -> FIBRA OPTICA | F3: ='RESUMEN TOTAL'!K6 -> 0 | G3: ='RESUMEN TOTAL'!L6 -> 0 | H3: ='RESUMEN TOTAL'!M6 -> 0 | I3: ='RESUMEN TOTAL'!N6 -> 0 | J3: ='RESUMEN TOTAL'!O6 -> 0 | K3: ='RESUMEN TOTAL'!P6 -> 0 | L3: ='RESUMEN TOTAL'!Q6 -> 0 | M3: ='RESUMEN TOTAL'!R6 -> 0 | ... AI3: ='RESUMEN TOTAL'!AN6 -> 0
A4: ='RESUMEN TOTAL'!A7 -> ALTAMIRA | B4: ='RESUMEN TOTAL'!B7 -> ALT 06 | C4: ='RESUMEN TOTAL'!D7 -> LOPE DE VEGA Y NECOCHEA | D4: ='RESUMEN TOTAL'!E7 -> Domo | E4: ='RESUMEN TOTAL'!F7 -> PTO A FO | F4: ='RESUMEN TOTAL'!K7 -> 0 | G4: ='RESUMEN TOTAL'!L7 -> 0 | H4: ='RESUMEN TOTAL'!M7 -> 0 | I4: ='RESUMEN TOTAL'!N7 -> 0 | J4: ='RESUMEN TOTAL'!O7 -> 0 | K4: ='RESUMEN TOTAL'!P7 -> 0 | L4: ='RESUMEN TOTAL'!Q7 -> 0 | M4: ='RESUMEN TOTAL'!R7 -> 0 | ... AI4: ='RESUMEN TOTAL'!AN7 -> 0
A5: ='RESUMEN TOTAL'!A8 -> ALTAMIRA | B5: ='RESUMEN TOTAL'!B8 -> ALT 08 | C5: ='RESUMEN TOTAL'!D8 -> HUMAITA Y NECOCHEA | D5: ='RESUMEN TOTAL'!E8 -> DOMO | E5: ='RESUMEN TOTAL'!F8 -> Fibra Optica | F5: ='RESUMEN TOTAL'!K8 -> 0 | G5: ='RESUMEN TOTAL'!L8 -> 0 | H5: ='RESUMEN TOTAL'!M8 -> 0 | I5: ='RESUMEN TOTAL'!N8 -> 0 | J5: ='RESUMEN TOTAL'!O8 -> 0 | K5: ='RESUMEN TOTAL'!P8 -> 0 | L5: ='RESUMEN TOTAL'!Q8 -> 0 | M5: ='RESUMEN TOTAL'!R8 -> 0 | ... AI5: ='RESUMEN TOTAL'!AN8 -> 0
A6: ='RESUMEN TOTAL'!A9 -> ALTAMIRA | B6: ='RESUMEN TOTAL'!B9 -> ALT 09 | C6: ='RESUMEN TOTAL'!D9 -> NECOCHEA Y CURUPAITY | D6: ='RESUMEN TOTAL'!E9 -> DOMO | E6: ='RESUMEN TOTAL'!F9 -> Fibra Optica | F6: ='RESUMEN TOTAL'!K9 -> 0 | G6: ='RESUMEN TOTAL'!L9 -> 0 | H6: ='RESUMEN TOTAL'!M9 -> 0 | I6: ='RESUMEN TOTAL'!N9 -> 0 | J6: ='RESUMEN TOTAL'!O9 -> 0 | K6: ='RESUMEN TOTAL'!P9 -> 0 | L6: ='RESUMEN TOTAL'!Q9 -> 0 | M6: ='RESUMEN TOTAL'!R9 -> 0 | ... AI6: ='RESUMEN TOTAL'!AN9 -> 0
A7: ='RESUMEN TOTAL'!A10 -> ALTAMIRA | B7: ='RESUMEN TOTAL'!B10 -> ALT 10 | C7: ='RESUMEN TOTAL'!D10 -> Calchaqui y Francia | D7: ='RESUMEN TOTAL'!E10 -> Domo | E7: ='RESUMEN TOTAL'!F10 -> Radio | F7: ='RESUMEN TOTAL'!K10 -> APAGADO | G7: ='RESUMEN TOTAL'!L10 -> APAGADO | H7: ='RESUMEN TOTAL'!M10 -> APAGADO | I7: ='RESUMEN TOTAL'!N10 -> APAGADO | J7: ='RESUMEN TOTAL'!O10 -> APAGADO | K7: ='RESUMEN TOTAL'!P10 -> APAGADO | L7: ='RESUMEN TOTAL'!Q10 -> APAGADO | M7: ='RESUMEN TOTAL'!R10 -> 0 | ... AI7: ='RESUMEN TOTAL'!AN10 -> 0
A8: ='RESUMEN TOTAL'!A11 -> ALTAMIRA | B8: ='RESUMEN TOTAL'!B11 -> ALT01 | C8: ='RESUMEN TOTAL'!D11 -> Calchaqui y Sgto. Cabral | D8: ='RESUMEN TOTAL'!E11 -> Domo | E8: ='RESUMEN TOTAL'!F11 -> Fibra Optica | F8: ='RESUMEN TOTAL'!K11 -> 0 | G8: ='RESUMEN TOTAL'!L11 -> 0 | H8: ='RESUMEN TOTAL'!M11 -> 0 | I8: ='RESUMEN TOTAL'!N11 -> 0 | J8: ='RESUMEN TOTAL'!O11 -> 0 | K8: ='RESUMEN TOTAL'!P11 -> 0 | L8: ='RESUMEN TOTAL'!Q11 -> 0 | M8: ='RESUMEN TOTAL'!R11 -> 0 | ... AI8: ='RESUMEN TOTAL'!AN11 -> 0
A9: ='RESUMEN TOTAL'!A12 -> ALTAMIRA | B9: ='RESUMEN TOTAL'!B12 -> ALT02 | C9: ='RESUMEN TOTAL'!D12 -> Calchaqui y Lope de Vega | D9: ='RESUMEN TOTAL'!E12 -> Domo | E9: ='RESUMEN TOTAL'!F12 -> PTO A FO | F9: ='RESUMEN TOTAL'!K12 -> 0 | G9: ='RESUMEN TOTAL'!L12 -> 0 | H9: ='RESUMEN TOTAL'!M12 -> 0 | I9: ='RESUMEN TOTAL'!N12 -> 0 | J9: ='RESUMEN TOTAL'!O12 -> 0 | K9: ='RESUMEN TOTAL'!P12 -> 0 | L9: ='RESUMEN TOTAL'!Q12 -> 0 | M9: ='RESUMEN TOTAL'!R12 -> 0 | ... AI9: ='RESUMEN TOTAL'!AN12 -> 0
A10: ='RESUMEN TOTAL'!A13 -> ALTAMIRA | B10: ='RESUMEN TOTAL'!B13 -> ALT05 | C10: ='RESUMEN TOTAL'!D13 -> Av. Calchaqui y Bombero Galarza | D10: ='RESUMEN TOTAL'!E13 -> Domo | E10: ='RESUMEN TOTAL'!F13 -> PTO A FO | F10: ='RESUMEN TOTAL'!K13 -> APAGADO | G10: ='RESUMEN TOTAL'!L13 -> APAGADO | H10: ='RESUMEN TOTAL'!M13 -> APAGADO | I10: ='RESUMEN TOTAL'!N13 -> APAGADO | J10: ='RESUMEN TOTAL'!O13 -> APAGADO | K10: ='RESUMEN TOTAL'!P13 -> APAGADO | L10: ='RESUMEN TOTAL'!Q13 -> APAGADO | M10: ='RESUMEN TOTAL'!R13 -> 0 | ... AI10: ='RESUMEN TOTAL'!AN13 -> 0
A11: ='RESUMEN TOTAL'!A14 -> ALTAMIRA | B11: ='RESUMEN TOTAL'!B14 -> ALT07 | C11: ='RESUMEN TOTAL'!D14 -> AV. CALCHAQUI Y AV. DEL TRABAJO | D11: ='RESUMEN TOTAL'!E14 -> DOMO | E11: ='RESUMEN TOTAL'!F14 -> PTO A FO | F11: ='RESUMEN TOTAL'!K14 -> 0 | G11: ='RESUMEN TOTAL'!L14 -> 0 | H11: ='RESUMEN TOTAL'!M14 -> 0 | I11: ='RESUMEN TOTAL'!N14 -> 0 | J11: ='RESUMEN TOTAL'!O14 -> 0 | K11: ='RESUMEN TOTAL'!P14 -> 0 | L11: ='RESUMEN TOTAL'!Q14 -> 0 | M11: ='RESUMEN TOTAL'!R14 -> 0 | ... AI11: ='RESUMEN TOTAL'!AN14 -> 0
A12: ='RESUMEN TOTAL'!A15 -> AGUSTIN RAMIREZ | B12: ='RESUMEN TOTAL'!B15 -> ARA 01 | C12: ='RESUMEN TOTAL'!D15 -> Malambo y Tranquera | D12: ='RESUMEN TOTAL'!E15 -> Domo | E12: ='RESUMEN TOTAL'!F15 -> FIBRA OPTICA | F12: ='RESUMEN TOTAL'!K15 -> 0 | G12: ='RESUMEN TOTAL'!L15 -> 0 | H12: ='RESUMEN TOTAL'!M15 -> 0 | I12: ='RESUMEN TOTAL'!N15 -> 0 | J12: ='RESUMEN TOTAL'!O15 -> 0 | K12: ='RESUMEN TOTAL'!P15 -> 0 | L12: ='RESUMEN TOTAL'!Q15 -> 0 | M12: ='RESUMEN TOTAL'!R15 -> 0 | ... AI12: ='RESUMEN TOTAL'!AN15 -> 0
... A330: ='RESUMEN TOTAL'!A333 -> VILLA ARGENTINA | B330: ='RESUMEN TOTAL'!B333 -> VAR11 (fija 2) | C330: ='RESUMEN TOTAL'!D333 -> 532 A Y 523 | D330: ='RESUMEN TOTAL'!E333 -> Fija | E330: ='RESUMEN TOTAL'!F333 -> FIBRA OPTICA | F330: ='RESUMEN TOTAL'!K333 -> 0 | G330: ='RESUMEN TOTAL'!L333 -> 0 | H330: ='RESUMEN TOTAL'!M333 -> 0 | I330: ='RESUMEN TOTAL'!N333 -> 0 | J330: ='RESUMEN TOTAL'!O333 -> 0 | K330: ='RESUMEN TOTAL'!P333 -> 0 | L330: ='RESUMEN TOTAL'!Q333 -> 0 | M330: ='RESUMEN TOTAL'!R333 -> 0 | ... AI330: ='RESUMEN TOTAL'!AN333 -> 0
A331: ='RESUMEN TOTAL'!A337 -> VILLA VATTEONE CENTRO | B331: ='RESUMEN TOTAL'!B337 -> VAT 10 | C331: ='RESUMEN TOTAL'!D337 -> Belgrano y Quintana | D331: ='RESUMEN TOTAL'!E337 -> Domo | E331: ='RESUMEN TOTAL'!F337 -> Fibra Optica | F331: ='RESUMEN TOTAL'!K337 -> 0 | G331: ='RESUMEN TOTAL'!L337 -> 0 | H331: ='RESUMEN TOTAL'!M337 -> 0 | I331: ='RESUMEN TOTAL'!N337 -> APAGADO | J331: ='RESUMEN TOTAL'!O337 -> APAGADO | K331: ='RESUMEN TOTAL'!P337 -> 0 | L331: ='RESUMEN TOTAL'!Q337 -> 0 | M331: ='RESUMEN TOTAL'!R337 -> 0 | ... AI331: ='RESUMEN TOTAL'!AN337 -> 0
A332: ='RESUMEN TOTAL'!A338 -> VILLA VATTEONE | B332: ='RESUMEN TOTAL'!B338 -> VAT 14 | C332: ='RESUMEN TOTAL'!D338 -> FLORIDA Y MONTEVIDEO | D332: ='RESUMEN TOTAL'!E338 -> DOMO | E332: ='RESUMEN TOTAL'!F338 -> FIBRA OPTICA | F332: ='RESUMEN TOTAL'!K338 -> 0 | G332: ='RESUMEN TOTAL'!L338 -> 0 | H332: ='RESUMEN TOTAL'!M338 -> 0 | I332: ='RESUMEN TOTAL'!N338 -> 0 | J332: ='RESUMEN TOTAL'!O338 -> 0 | K332: ='RESUMEN TOTAL'!P338 -> 0 | L332: ='RESUMEN TOTAL'!Q338 -> 0 | M332: ='RESUMEN TOTAL'!R338 -> 0 | ... AI332: ='RESUMEN TOTAL'!AN338 -> 0
A333: ='RESUMEN TOTAL'!A339 -> VILLA VATTEONE | B333: ='RESUMEN TOTAL'!B339 -> VAT 15 | C333: ='RESUMEN TOTAL'!D339 -> CORRIENTES Y VICENTE LOPEZ | D333: ='RESUMEN TOTAL'!E339 -> DOMO | E333: ='RESUMEN TOTAL'!F339 -> PTO A FO | F333: ='RESUMEN TOTAL'!K339 -> 0 | G333: ='RESUMEN TOTAL'!L339 -> 0 | H333: ='RESUMEN TOTAL'!M339 -> APAGADO | I333: ='RESUMEN TOTAL'!N339 -> APAGADO | J333: ='RESUMEN TOTAL'!O339 -> APAGADO | K333: ='RESUMEN TOTAL'!P339 -> 0 | L333: ='RESUMEN TOTAL'!Q339 -> 0 | M333: ='RESUMEN TOTAL'!R339 -> 0 | ... AI333: ='RESUMEN TOTAL'!AN339 -> 0
A334: ='RESUMEN TOTAL'!A340 -> VILLA VATTEONE | B334: ='RESUMEN TOTAL'!B340 -> VAT 16 | C334: ='RESUMEN TOTAL'!D340 -> MONTEVIDEO Y CHACO | D334: ='RESUMEN TOTAL'!E340 -> DOMO | E334: ='RESUMEN TOTAL'!F340 -> PTO A FO | F334: ='RESUMEN TOTAL'!K340 -> 0 | G334: ='RESUMEN TOTAL'!L340 -> 0 | H334: ='RESUMEN TOTAL'!M340 -> APAGADO | I334: ='RESUMEN TOTAL'!N340 -> APAGADO | J334: ='RESUMEN TOTAL'!O340 -> 0 | K334: ='RESUMEN TOTAL'!P340 -> 0 | L334: ='RESUMEN TOTAL'!Q340 -> 0 | M334: ='RESUMEN TOTAL'!R340 -> 0 | ... AI334: ='RESUMEN TOTAL'!AN340 -> 0
A335: ='RESUMEN TOTAL'!A341 -> VILLA VATTEONE | B335: ='RESUMEN TOTAL'!B341 -> VAT 17 | C335: ='RESUMEN TOTAL'!D341 -> CHAÑAR Y URUGUAY | D335: ='RESUMEN TOTAL'!E341 -> DOMO | E335: ='RESUMEN TOTAL'!F341 -> PTO A FO | F335: ='RESUMEN TOTAL'!K341 -> 0 | G335: ='RESUMEN TOTAL'!L341 -> 0 | H335: ='RESUMEN TOTAL'!M341 -> 0 | I335: ='RESUMEN TOTAL'!N341 -> 0 | J335: ='RESUMEN TOTAL'!O341 -> 0 | K335: ='RESUMEN TOTAL'!P341 -> 0 | L335: ='RESUMEN TOTAL'!Q341 -> 0 | M335: ='RESUMEN TOTAL'!R341 -> 0 | ... AI335: ='RESUMEN TOTAL'!AN341 -> 0
A336: ='RESUMEN TOTAL'!A342 -> VILLA VATTEONE | B336: ='RESUMEN TOTAL'!B342 -> VAT 20 | C336: ='RESUMEN TOTAL'!D342 -> URUGUAY Y PILCOMAYO | D336: ='RESUMEN TOTAL'!E342 -> FIJA | E336: ='RESUMEN TOTAL'!F342 -> Radio | F336: ='RESUMEN TOTAL'!K342 -> 0 | G336: ='RESUMEN TOTAL'!L342 -> 0 | H336: ='RESUMEN TOTAL'!M342 -> APAGADO | I336: ='RESUMEN TOTAL'!N342 -> APAGADO | J336: ='RESUMEN TOTAL'!O342 -> 0 | K336: ='RESUMEN TOTAL'!P342 -> 0 | L336: ='RESUMEN TOTAL'!Q342 -> 0 | M336: ='RESUMEN TOTAL'!R342 -> 0 | ... AI336: ='RESUMEN TOTAL'!AN342 -> 0
A337: ='RESUMEN TOTAL'!A343 -> VILLA VATTEONE CENTRO | B337: ='RESUMEN TOTAL'!B343 -> VAT 21 (fija 1) | C337: ='RESUMEN TOTAL'!D343 -> QUINTANA E/ BELGRANO Y FONROUGE | D337: ='RESUMEN TOTAL'!E343 -> Fija | E337: ='RESUMEN TOTAL'!F343 -> Fibra Optica | F337: ='RESUMEN TOTAL'!K343 -> 0 | G337: ='RESUMEN TOTAL'!L343 -> 0 | H337: ='RESUMEN TOTAL'!M343 -> 0 | I337: ='RESUMEN TOTAL'!N343 -> APAGADO | J337: ='RESUMEN TOTAL'!O343 -> APAGADO | K337: ='RESUMEN TOTAL'!P343 -> 0 | L337: ='RESUMEN TOTAL'!Q343 -> 0 | M337: ='RESUMEN TOTAL'!R343 -> 0 | ... AI337: ='RESUMEN TOTAL'!AN343 -> 0
A338: ='RESUMEN TOTAL'!A344 -> VILLA VATTEONE CENTRO | B338: ='RESUMEN TOTAL'!B344 -> VAT 22 (fija 2) | C338: ='RESUMEN TOTAL'!D344 -> QUINTANA E/ BELGRANO Y FONROUGE | D338: ='RESUMEN TOTAL'!E344 -> Fija | E338: ='RESUMEN TOTAL'!F344 -> Fibra Optica | F338: ='RESUMEN TOTAL'!K344 -> 0 | G338: ='RESUMEN TOTAL'!L344 -> 0 | H338: ='RESUMEN TOTAL'!M344 -> 0 | I338: ='RESUMEN TOTAL'!N344 -> APAGADO | J338: ='RESUMEN TOTAL'!O344 -> APAGADO | K338: ='RESUMEN TOTAL'!P344 -> 0 | L338: ='RESUMEN TOTAL'!Q344 -> 0 | M338: ='RESUMEN TOTAL'!R344 -> 0 | ... AI338: ='RESUMEN TOTAL'!AN344 -> 0
A339: ='RESUMEN TOTAL'!A345 -> VILLA VATTEONE | B339: ='RESUMEN TOTAL'!B345 -> VAT01 | C339: ='RESUMEN TOTAL'!D345 -> Montevideo y El ChaÃ±ar | D339: ='RESUMEN TOTAL'!E345 -> Domo | E339: ='RESUMEN TOTAL'!F345 -> Fibra Optica | F339: ='RESUMEN TOTAL'!K345 -> 0 | G339: ='RESUMEN TOTAL'!L345 -> 0 | H339: ='RESUMEN TOTAL'!M345 -> 0 | I339: ='RESUMEN TOTAL'!N345 -> 0 | J339: ='RESUMEN TOTAL'!O345 -> 0 | K339: ='RESUMEN TOTAL'!P345 -> 0 | L339: ='RESUMEN TOTAL'!Q345 -> 0 | M339: ='RESUMEN TOTAL'!R345 -> 0 | ... AI339: ='RESUMEN TOTAL'!AN345 -> 0
A340: ='RESUMEN TOTAL'!A346 -> VILLA VATTEONE CENTRO | B340: ='RESUMEN TOTAL'!B346 -> VAT02 | C340: ='RESUMEN TOTAL'!D346 -> Eva Peron y 12 de Octubre | D340: ='RESUMEN TOTAL'!E346 -> Domo | E340: ='RESUMEN TOTAL'!F346 -> Fibra Optica | F340: ='RESUMEN TOTAL'!K346 -> 0 | G340: ='RESUMEN TOTAL'!L346 -> 0 | H340: ='RESUMEN TOTAL'!M346 -> APAGADO | I340: ='RESUMEN TOTAL'!N346 -> APAGADO | J340: ='RESUMEN TOTAL'!O346 -> 0 | K340: ='RESUMEN TOTAL'!P346 -> 0 | L340: ='RESUMEN TOTAL'!Q346 -> 0 | M340: ='RESUMEN TOTAL'!R346 -> 0 | ... AI340: ='RESUMEN TOTAL'!AN346 -> 0
A341: ='RESUMEN TOTAL'!A347 -> VILLA VATTEONE CENTRO | B341: ='RESUMEN TOTAL'!B347 -> VAT03 | C341: ='RESUMEN TOTAL'!D347 -> Lavalle y Belgrano | D341: ='RESUMEN TOTAL'!E347 -> Domo | E341: ='RESUMEN TOTAL'!F347 -> Fibra Optica | F341: ='RESUMEN TOTAL'!K347 -> 0 | G341: ='RESUMEN TOTAL'!L347 -> 0 | H341: ='RESUMEN TOTAL'!M347 -> 0 | I341: ='RESUMEN TOTAL'!N347 -> APAGADO | J341: ='RESUMEN TOTAL'!O347 -> APAGADO | K341: ='RESUMEN TOTAL'!P347 -> 0 | L341: ='RESUMEN TOTAL'!Q347 -> 0 | M341: ='RESUMEN TOTAL'!R347 -> 0 | ... AI341: ='RESUMEN TOTAL'!AN347 -> 0
A342: ='RESUMEN TOTAL'!A348 -> VILLA VATTEONE CENTRO | B342: ='RESUMEN TOTAL'!B348 -> VAT04 | C342: ='RESUMEN TOTAL'!D348 -> Lavalle y Entre Rios | D342: ='RESUMEN TOTAL'!E348 -> Domo | E342: ='RESUMEN TOTAL'!F348 -> Fibra Optica | F342: ='RESUMEN TOTAL'!K348 -> 0 | G342: ='RESUMEN TOTAL'!L348 -> 0 | H342: ='RESUMEN TOTAL'!M348 -> 0 | I342: ='RESUMEN TOTAL'!N348 -> APAGADO | J342: ='RESUMEN TOTAL'!O348 -> APAGADO | K342: ='RESUMEN TOTAL'!P348 -> 0 | L342: ='RESUMEN TOTAL'!Q348 -> 0 | M342: ='RESUMEN TOTAL'!R348 -> 0 | ... AI342: ='RESUMEN TOTAL'!AN348 -> 0
... A393: ='RESUMEN TOTAL'!A399 -> ZEBALLOS | B393: ='RESUMEN TOTAL'!B399 -> ZEB04 | C393: ='RESUMEN TOTAL'!D399 -> THEVENET Y DIAGONAL GRANADEROS | D393: ='RESUMEN TOTAL'!E399 -> DOMO | E393: ='RESUMEN TOTAL'!F399 -> Radio | F393: ='RESUMEN TOTAL'!K399 -> 0 | G393: ='RESUMEN TOTAL'!L399 -> 0 | H393: ='RESUMEN TOTAL'!M399 -> 0 | I393: ='RESUMEN TOTAL'!N399 -> 0 | J393: ='RESUMEN TOTAL'!O399 -> 0 | K393: ='RESUMEN TOTAL'!P399 -> 0 | L393: ='RESUMEN TOTAL'!Q399 -> 0 | M393: ='RESUMEN TOTAL'!R399 -> 0 | ... AI393: ='RESUMEN TOTAL'!AN399 -> 0
A394: ='RESUMEN TOTAL'!A334 -> VILLA ARGENTINA | B394: ='RESUMEN TOTAL'!B334 -> VAR12 | C394: ='RESUMEN TOTAL'!D334 -> Calle 527 y Portela | D394: ='RESUMEN TOTAL'!E334 -> Domo | E394: ='RESUMEN TOTAL'!F334 -> Fibra Optica | F394: ='RESUMEN TOTAL'!K334 -> 0 | G394: ='RESUMEN TOTAL'!L334 -> 0 | H394: ='RESUMEN TOTAL'!M334 -> 0 | I394: ='RESUMEN TOTAL'!N334 -> 0 | J394: ='RESUMEN TOTAL'!O334 -> 0 | K394: ='RESUMEN TOTAL'!P334 -> 0 | L394: ='RESUMEN TOTAL'!Q334 -> 0 | M394: ='RESUMEN TOTAL'!R334 -> 0 | ... AI394: ='RESUMEN TOTAL'!AN334 -> 0
A395: ='RESUMEN TOTAL'!A335 -> VILLA ARGENTINA | B395: ='RESUMEN TOTAL'!B335 -> VAR13 | C395: ='RESUMEN TOTAL'!D335 -> Calle 527 y 532 | D395: ='RESUMEN TOTAL'!E335 -> Domo | E395: ='RESUMEN TOTAL'!F335 -> Fibra Optica | F395: ='RESUMEN TOTAL'!K335 -> 0 | G395: ='RESUMEN TOTAL'!L335 -> 0 | H395: ='RESUMEN TOTAL'!M335 -> 0 | I395: ='RESUMEN TOTAL'!N335 -> 0 | J395: ='RESUMEN TOTAL'!O335 -> 0 | K395: ='RESUMEN TOTAL'!P335 -> 0 | L395: ='RESUMEN TOTAL'!Q335 -> 0 | M395: ='RESUMEN TOTAL'!R335 -> 0 | ... AI395: ='RESUMEN TOTAL'!AN335 -> 0
A396: ='RESUMEN TOTAL'!A336 -> VILLA ARGENTINA | B396: ='RESUMEN TOTAL'!B336 -> VAR14 | C396: ='RESUMEN TOTAL'!D336 -> Pportela y 517 | D396: ='RESUMEN TOTAL'!E336 -> Domo | E396: ='RESUMEN TOTAL'!F336 -> Fibra Optica | F396: ='RESUMEN TOTAL'!K336 -> 0 | G396: ='RESUMEN TOTAL'!L336 -> 0 | H396: ='RESUMEN TOTAL'!M336 -> 0 | I396: ='RESUMEN TOTAL'!N336 -> 0 | J396: ='RESUMEN TOTAL'!O336 -> 0 | K396: ='RESUMEN TOTAL'!P336 -> 0 | L396: ='RESUMEN TOTAL'!Q336 -> 0 | M396: ='RESUMEN TOTAL'!R336 -> 0 | ... AI396: ='RESUMEN TOTAL'!AN336 -> 0
A397: ='RESUMEN TOTAL'!A400 -> 0 | B397: ='RESUMEN TOTAL'!B400 -> 0 | C397: ='RESUMEN TOTAL'!D400 -> 0 | D397: ='RESUMEN TOTAL'!E400 -> 0 | E397: ='RESUMEN TOTAL'!F400 -> 0 | F397: ='RESUMEN TOTAL'!K400 -> 0 | G397: ='RESUMEN TOTAL'!L400 -> 0 | H397: ='RESUMEN TOTAL'!M400 -> 0 | I397: ='RESUMEN TOTAL'!N400 -> 0 | J397: ='RESUMEN TOTAL'!O400 -> 0 | K397: ='RESUMEN TOTAL'!P400 -> 0 | L397: ='RESUMEN TOTAL'!Q400 -> 0 | M397: ='RESUMEN TOTAL'!R400 -> 0 | ... AI397: ='RESUMEN TOTAL'!AN400 -> 0
A398: ='RESUMEN TOTAL'!A401 -> 0 | B398: ='RESUMEN TOTAL'!B401 -> 0 | C398: ='RESUMEN TOTAL'!D401 -> 0 | D398: ='RESUMEN TOTAL'!E401 -> 0 | E398: ='RESUMEN TOTAL'!F401 -> 0 | F398: ='RESUMEN TOTAL'!K401 -> 0 | G398: ='RESUMEN TOTAL'!L401 -> 0 | H398: ='RESUMEN TOTAL'!M401 -> 0 | I398: ='RESUMEN TOTAL'!N401 -> 0 | J398: ='RESUMEN TOTAL'!O401 -> 0 | K398: ='RESUMEN TOTAL'!P401 -> 0 | L398: ='RESUMEN TOTAL'!Q401 -> 0 | M398: ='RESUMEN TOTAL'!R401 -> 0 | ... AI398: ='RESUMEN TOTAL'!AN401 -> 0
A399: ='RESUMEN TOTAL'!A402 -> 0 | B399: ='RESUMEN TOTAL'!B402 -> 0 | C399: ='RESUMEN TOTAL'!D402 -> 0 | D399: ='RESUMEN TOTAL'!E402 -> 0 | E399: ='RESUMEN TOTAL'!F402 -> 0 | F399: ='RESUMEN TOTAL'!K402 -> 0 | G399: ='RESUMEN TOTAL'!L402 -> 0 | H399: ='RESUMEN TOTAL'!M402 -> 0 | I399: ='RESUMEN TOTAL'!N402 -> 0 | J399: ='RESUMEN TOTAL'!O402 -> 0 | K399: ='RESUMEN TOTAL'!P402 -> 0 | L399: ='RESUMEN TOTAL'!Q402 -> 0 | M399: ='RESUMEN TOTAL'!R402 -> 0 | ... AI399: ='RESUMEN TOTAL'!AN402 -> 0

Sheet APAGADOS
E1: APAGADOS | F1: =COUNTIF(F3:F400, "APAGADO") -> 28 | G1: =COUNTIF(G3:G400, "APAGADO") -> 53 | H1: =COUNTIF(H3:H400, "APAGADO") -> 86 | I1: =COUNTIF(I3:I400, "APAGADO") -> 88 | J1: =COUNTIF(J3:J400, "APAGADO") -> 38 | K1: =COUNTIF(K3:K400, "APAGADO") -> 32 | L1: =COUNTIF(L3:L400, "APAGADO") -> 21 | M1: =COUNTIF(M3:M400, "APAGADO") -> 0 | ... AI1: =COUNTIF(AI3:AI400, "APAGADO") -> 0
A2: =ESTADISTICA!A1 -> Barrio | B2: =ESTADISTICA!B1 -> [Denominacion] | C2: =ESTADISTICA!C1 -> [Ubicacion] | D2: =ESTADISTICA!D1 -> [Tipo de Camara] | E2: =ESTADISTICA!E1 -> [Tipo de Conexion] | F2: =ESTADISTICA!F1 -> 44805 | G2: =ESTADISTICA!G1 -> 44806 | H2: =ESTADISTICA!H1 -> 44807 | ... AI2: =ESTADISTICA!AI1 -> 44834
A3: =ESTADISTICA!A2 -> ALTAMIRA | B3: =ESTADISTICA!B2 -> ALT 03 | C3: =ESTADISTICA!C2 -> Bombero Galarza y Necochea | D3: =ESTADISTICA!D2 -> Domo | E3: =ESTADISTICA!E2 -> FIBRA OPTICA | F3: =ESTADISTICA!F2 -> 0 | G3: =ESTADISTICA!G2 -> 0 | H3: =ESTADISTICA!H2 -> 0 | ... AI3: =ESTADISTICA!AI2 -> 0
A4: =ESTADISTICA!A3 -> ALTAMIRA | B4: =ESTADISTICA!B3 -> ALT 04 | C4: =ESTADISTICA!C3 -> Francia y Necochea | D4: =ESTADISTICA!D3 -> Domo | E4: =ESTADISTICA!E3 -> FIBRA OPTICA | F4: =ESTADISTICA!F3 -> 0 | G4: =ESTADISTICA!G3 -> 0 | H4: =ESTADISTICA!H3 -> 0 | ... AI4: =ESTADISTICA!AI3 -> 0
A5: =ESTADISTICA!A4 -> ALTAMIRA | B5: =ESTADISTICA!B4 -> ALT 06 | C5: =ESTADISTICA!C4 -> LOPE DE VEGA Y NECOCHEA | D5: =ESTADISTICA!D4 -> Domo | E5: =ESTADISTICA!E4 -> PTO A FO | F5: =ESTADISTICA!F4 -> 0 | G5: =ESTADISTICA!G4 -> 0 | H5: =ESTADISTICA!H4 -> 0 | ... AI5: =ESTADISTICA!AI4 -> 0
A6: =ESTADISTICA!A5 -> ALTAMIRA | B6: =ESTADISTICA!B5 -> ALT 08 | C6: =ESTADISTICA!C5 -> HUMAITA Y NECOCHEA | D6: =ESTADISTICA!D5 -> DOMO | E6: =ESTADISTICA!E5 -> Fibra Optica | F6: =ESTADISTICA!F5 -> 0 | G6: =ESTADISTICA!G5 -> 0 | H6: =ESTADISTICA!H5 -> 0 | ... AI6: =ESTADISTICA!AI5 -> 0
A7: =ESTADISTICA!A6 -> ALTAMIRA | B7: =ESTADISTICA!B6 -> ALT 09 | C7: =ESTADISTICA!C6 -> NECOCHEA Y CURUPAITY | D7: =ESTADISTICA!D6 -> DOMO | E7: =ESTADISTICA!E6 -> Fibra Optica | F7: =ESTADISTICA!F6 -> 0 | G7: =ESTADISTICA!G6 -> 0 | H7: =ESTADISTICA!H6 -> 0 | ... AI7: =ESTADISTICA!AI6 -> 0
A8: =ESTADISTICA!A7 -> ALTAMIRA | B8: =ESTADISTICA!B7 -> ALT 10 | C8: =ESTADISTICA!C7 -> Calchaqui y Francia | D8: =ESTADISTICA!D7 -> Domo | E8: =ESTADISTICA!E7 -> Radio | F8: =ESTADISTICA!F7 -> APAGADO | G8: =ESTADISTICA!G7 -> APAGADO | H8: =ESTADISTICA!H7 -> APAGADO | ... AI8: =ESTADISTICA!AI7 -> 0
A9: =ESTADISTICA!A8 -> ALTAMIRA | B9: =ESTADISTICA!B8 -> ALT01 | C9: =ESTADISTICA!C8 -> Calchaqui y Sgto. Cabral | D9: =ESTADISTICA!D8 -> Domo | E9: =ESTADISTICA!E8 -> Fibra Optica | F9: =ESTADISTICA!F8 -> 0 | G9: =ESTADISTICA!G8 -> 0 | H9: =ESTADISTICA!H8 -> 0 | ... AI9: =ESTADISTICA!AI8 -> 0
A10: =ESTADISTICA!A9 -> ALTAMIRA | B10: =ESTADISTICA!B9 -> ALT02 | C10: =ESTADISTICA!C9 -> Calchaqui y Lope de Vega | D10: =ESTADISTICA!D9 -> Domo | E10: =ESTADISTICA!E9 -> PTO A FO | F10: =ESTADISTICA!F9 -> 0 | G10: =ESTADISTICA!G9 -> 0 | H10: =ESTADISTICA!H9 -> 0 | ... AI10: =ESTADISTICA!AI9 -> 0
A11: =ESTADISTICA!A10 -> ALTAMIRA | B11: =ESTADISTICA!B10 -> ALT05 | C11: =ESTADISTICA!C10 -> Av. Calchaqui y Bombero Galarza | D11: =ESTADISTICA!D10 -> Domo | E11: =ESTADISTICA!E10 -> PTO A FO | F11: =ESTADISTICA!F10 -> APAGADO | G11: =ESTADISTICA!G10 -> APAGADO | H11: =ESTADISTICA!H10 -> APAGADO | ... AI11: =ESTADISTICA!AI10 -> 0
A12: =ESTADISTICA!A11 -> ALTAMIRA | B12: =ESTADISTICA!B11 -> ALT07 | C12: =ESTADISTICA!C11 -> AV. CALCHAQUI Y AV. DEL TRABAJO | D12: =ESTADISTICA!D11 -> DOMO | E12: =ESTADISTICA!E11 -> PTO A FO | F12: =ESTADISTICA!F11 -> 0 | G12: =ESTADISTICA!G11 -> 0 | H12: =ESTADISTICA!H11 -> 0 | ... AI12: =ESTADISTICA!AI11 -> 0
A13: =ESTADISTICA!A12 -> AGUSTIN RAMIREZ | B13: =ESTADISTICA!B12 -> ARA 01 | C13: =ESTADISTICA!C12 -> Malambo y Tranquera | D13: =ESTADISTICA!D12 -> Domo | E13: =ESTADISTICA!E12 -> FIBRA OPTICA | F13: =ESTADISTICA!F12 -> 0 | G13: =ESTADISTICA!G12 -> 0 | H13: =ESTADISTICA!H12 -> 0 | ... AI13: =ESTADISTICA!AI12 -> 0
... A401: =ESTADISTICA!A400 -> 0 | B401: =ESTADISTICA!B400 -> 0 | C401: =ESTADISTICA!C400 -> 0 | D401: =ESTADISTICA!D400 -> 0 | E401: =ESTADISTICA!E400 -> 0 | F401: =ESTADISTICA!F400 -> 0 | G401: =ESTADISTICA!G400 -> 0 | H401: =ESTADISTICA!H400 -> 0 | ... AI401: =ESTADISTICA!AI400 -> 0

Sheet APAGADOS FIBRA
C1: TOTAL FIBRA | D1: =COUNTIFS(E4:E400,"=Fibra Optica") -> 264
E2: APAGADOS | F2: =COUNTIFS(F4:F400, "=APAGADO",E4:E400,"=Fibra Optica") -> 22 | G2: =COUNTIFS(G4:G400, "=APAGADO",E4:E400,"=Fibra Optica") -> 49 | H2: =COUNTIFS(H4:H400, "=APAGADO",E4:E400,"=Fibra Optica") -> 55 | I2: =COUNTIFS(I4:I400, "=APAGADO",E4:E400,"=Fibra Optica") -> 54 | J2: =COUNTIFS(J4:J400, "=APAGADO",E4:E400,"=Fibra Optica") -> 32 | K2: =COUNTIFS(K4:K400, "=APAGADO",E4:E400,"=Fibra Optica") -> 29 | L2: =COUNTIFS(L4:L400, "=APAGADO",E4:E400,"=Fibra Optica") -> 17 | M2: =COUNTIFS(M4:M400, "=APAGADO",E4:E400,"=Fibra Optica") -> 0 | N2: =COUNTIFS(N4:N400, "=APAGADO",E4:E400,"=Fibra Optica") -> 0 | O2: =COUNTIFS(O4:O400, "=APAGADO",E4:E400,"=Fibra Optica") -> 0 | P2: =COUNTIFS(P4:P400, "=APAGADO",E4:E400,"=Fibra Optica") -> 0 | Q2: =COUNTIFS(Q4:Q400, "=APAGADO",E4:E400,"=Fibra Optica") -> 0 | R2: =COUNTIFS(R4:R400, "=APAGADO",E4:E400,"=Fibra Optica") -> 0 | S2: =COUNTIFS(S4:S400, "=APAGADO",E4:E400,"=Fibra Optica") -> 0 | T2: =COUNTIFS(T4:T400, "=APAGADO",E4:E400,"=Fibra Optica") -> 0 | U2: =COUNTIFS(U4:U400, "=APAGADO",E4:E400,"=Fibra Optica") -> 0 | V2: =COUNTIFS(V4:V400, "=APAGADO",E4:E400,"=Fibra Optica") -> 0 | W2: =COUNTIFS(W4:W400, "=APAGADO",E4:E400,"=Fibra Optica") -> 0 | X2: =COUNTIFS(X4:X400, "=APAGADO",E4:E400,"=Fibra Optica") -> 0 | Y2: =COUNTIFS(Y4:Y400, "=APAGADO",E4:E400,"=Fibra Optica") -> 0 | Z2: =COUNTIFS(Z4:Z400, "=APAGADO",E4:E400,"=Fibra Optica") -> 0 | AA2: =COUNTIFS(AA4:AA400, "=APAGADO",E4:E400,"=Fibra Optica") -> 0 | AB2: =COUNTIFS(AB4:AB400, "=APAGADO",E4:E400,"=Fibra Optica") -> 0 | AC2: =COUNTIFS(AC4:AC400, "=APAGADO",E4:E400,"=Fibra Optica") -> 0 | AD2: =COUNTIFS(AD4:AD400, "=APAGADO",E4:E400,"=Fibra Optica") -> 0 | AE2: =COUNTIFS(AE4:AE400, "=APAGADO",E4:E400,"=Fibra Optica") -> 0 | AF2: =COUNTIFS(AF4:AF400, "=APAGADO",E4:E400,"=Fibra Optica") -> 0 | AG2: =COUNTIFS(AG4:AG400, "=APAGADO",E4:E400,"=Fibra Optica") -> 0 | AH2: =COUNTIFS(AH4:AH400, "=APAGADO",E4:E400,"=Fibra Optica") -> 0 | AI2: =COUNTIFS(AI4:AI400, "=APAGADO",E4:E400,"=Fibra Optica") -> 0
A3: =ESTADISTICA!A1 -> Barrio | B3: =ESTADISTICA!B1 -> [Denominacion] | C3: =ESTADISTICA!C1 -> [Ubicacion] | D3: =ESTADISTICA!D1 -> [Tipo de Camara] | E3: =ESTADISTICA!E1 -> [Tipo de Conexion] | F3: =ESTADISTICA!F1 -> 44805 | G3: =ESTADISTICA!G1 -> 44806 | H3: =ESTADISTICA!H1 -> 44807 | ... AI3: =ESTADISTICA!AI1 -> 44834
A4: =ESTADISTICA!A2 -> ALTAMIRA | B4: =ESTADISTICA!B2 -> ALT 03 | C4: =ESTADISTICA!C2 -> Bombero Galarza y Necochea | D4: =ESTADISTICA!D2 -> Domo | E4: =ESTADISTICA!E2 -> FIBRA OPTICA | F4: =ESTADISTICA!F2 -> 0 | G4: =ESTADISTICA!G2 -> 0 | H4: =ESTADISTICA!H2 -> 0 | ... AI4: =ESTADISTICA!AI2 -> 0
A5: =ESTADISTICA!A3 -> ALTAMIRA | B5: =ESTADISTICA!B3 -> ALT 04 | C5: =ESTADISTICA!C3 -> Francia y Necochea | D5: =ESTADISTICA!D3 -> Domo | E5: =ESTADISTICA!E3 -> FIBRA OPTICA | F5: =ESTADISTICA!F3 -> 0 | G5: =ESTADISTICA!G3 -> 0 | H5: =ESTADISTICA!H3 -> 0 | ... AI5: =ESTADISTICA!AI3 -> 0
A6: =ESTADISTICA!A4 -> ALTAMIRA | B6: =ESTADISTICA!B4 -> ALT 06 | C6: =ESTADISTICA!C4 -> LOPE DE VEGA Y NECOCHEA | D6: =ESTADISTICA!D4 -> Domo | E6: =ESTADISTICA!E4 -> PTO A FO | F6: =ESTADISTICA!F4 -> 0 | G6: =ESTADISTICA!G4 -> 0 | H6: =ESTADISTICA!H4 -> 0 | ... AI6: =ESTADISTICA!AI4 -> 0
A7: =ESTADISTICA!A5 -> ALTAMIRA | B7: =ESTADISTICA!B5 -> ALT 08 | C7: =ESTADISTICA!C5 -> HUMAITA Y NECOCHEA | D7: =ESTADISTICA!D5 -> DOMO | E7: =ESTADISTICA!E5 -> Fibra Optica | F7: =ESTADISTICA!F5 -> 0 | G7: =ESTADISTICA!G5 -> 0 | H7: =ESTADISTICA!H5 -> 0 | ... AI7: =ESTADISTICA!AI5 -> 0
A8: =ESTADISTICA!A6 -> ALTAMIRA | B8: =ESTADISTICA!B6 -> ALT 09 | C8: =ESTADISTICA!C6 -> NECOCHEA Y CURUPAITY | D8: =ESTADISTICA!D6 -> DOMO | E8: =ESTADISTICA!E6 -> Fibra Optica | F8: =ESTADISTICA!F6 -> 0 | G8: =ESTADISTICA!G6 -> 0 | H8: =ESTADISTICA!H6 -> 0 | ... AI8: =ESTADISTICA!AI6 -> 0
A9: =ESTADISTICA!A7 -> ALTAMIRA | B9: =ESTADISTICA!B7 -> ALT 10 | C9: =ESTADISTICA!C7 -> Calchaqui y Francia | D9: =ESTADISTICA!D7 -> Domo | E9: =ESTADISTICA!E7 -> Radio | F9: =ESTADISTICA!F7 -> APAGADO | G9: =ESTADISTICA!G7 -> APAGADO | H9: =ESTADISTICA!H7 -> APAGADO | ... AI9: =ESTADISTICA!AI7 -> 0
A10: =ESTADISTICA!A8 -> ALTAMIRA | B10: =ESTADISTICA!B8 -> ALT01 | C10: =ESTADISTICA!C8 -> Calchaqui y Sgto. Cabral | D10: =ESTADISTICA!D8 -> Domo | E10: =ESTADISTICA!E8 -> Fibra Optica | F10: =ESTADISTICA!F8 -> 0 | G10: =ESTADISTICA!G8 -> 0 | H10: =ESTADISTICA!H8 -> 0 | ... AI10: =ESTADISTICA!AI8 -> 0
A11: =ESTADISTICA!A9 -> ALTAMIRA | B11: =ESTADISTICA!B9 -> ALT02 | C11: =ESTADISTICA!C9 -> Calchaqui y Lope de Vega | D11: =ESTADISTICA!D9 -> Domo | E11: =ESTADISTICA!E9 -> PTO A FO | F11: =ESTADISTICA!F9 -> 0 | G11: =ESTADISTICA!G9 -> 0 | H11: =ESTADISTICA!H9 -> 0 | ... AI11: =ESTADISTICA!AI9 -> 0
A12: =ESTADISTICA!A10 -> ALTAMIRA | B12: =ESTADISTICA!B10 -> ALT05 | C12: =ESTADISTICA!C10 -> Av. Calchaqui y Bombero Galarza | D12: =ESTADISTICA!D10 -> Domo | E12: =ESTADISTICA!E10 -> PTO A FO | F12: =ESTADISTICA!F10 -> APAGADO | G12: =ESTADISTICA!G10 -> APAGADO | H12: =ESTADISTICA!H10 -> APAGADO | ... AI12: =ESTADISTICA!AI10 -> 0
A13: =ESTADISTICA!A11 -> ALTAMIRA | B13: =ESTADISTICA!B11 -> ALT07 | C13: =ESTADISTICA!C11 -> AV. CALCHAQUI Y AV. DEL TRABAJO | D13: =ESTADISTICA!D11 -> DOMO | E13: =ESTADISTICA!E11 -> PTO A FO | F13: =ESTADISTICA!F11 -> 0 | G13: =ESTADISTICA!G11 -> 0 | H13: =ESTADISTICA!H11 -> 0 | ... AI13: =ESTADISTICA!AI11 -> 0
A14: =ESTADISTICA!A12 -> AGUSTIN RAMIREZ | B14: =ESTADISTICA!B12 -> ARA 01 | C14: =ESTADISTICA!C12 -> Malambo y Tranquera | D14: =ESTADISTICA!D12 -> Domo | E14: =ESTADISTICA!E12 -> FIBRA OPTICA | F14: =ESTADISTICA!F12 -> 0 | G14: =ESTADISTICA!G12 -> 0 | H14: =ESTADISTICA!H12 -> 0 | ... AI14: =ESTADISTICA!AI12 -> 0
... A400: =ESTADISTICA!A398 -> 0 | B400: =ESTADISTICA!B398 -> 0 | C400: =ESTADISTICA!C398 -> 0 | D400: =ESTADISTICA!D398 -> 0 | E400: =ESTADISTICA!E398 -> 0 | F400: =ESTADISTICA!F398 -> 0 | G400: =ESTADISTICA!G398 -> 0 | H400: =ESTADISTICA!H398 -> 0 | ... AI400: =ESTADISTICA!AI398 -> 0

Sheet APAGADOS ANTENA
C1: TOTAL PTO A FO
E2: APAGADOS | F2: =COUNTIFS(F4:F400, "=APAGADO",E4:E400,"=PTO A FO") -> 1 | G2: =COUNTIFS(G4:G400, "=APAGADO",E4:E400,"=PTO A FO") -> 2 | H2: =COUNTIFS(H4:H400, "=APAGADO",E4:E400,"=PTO A FO") -> 10 | I2: =COUNTIFS(I4:I400, "=APAGADO",E4:E400,"=PTO A FO") -> 11 | J2: =COUNTIFS(J4:J400, "=APAGADO",E4:E400,"=PTO A FO") -> 3 | K2: =COUNTIFS(K4:K400, "=APAGADO",E4:E400,"=PTO A FO") -> 1 | L2: =COUNTIFS(L4:L400, "=APAGADO",E4:E400,"=PTO A FO") -> 1 | M2: =COUNTIFS(M4:M400, "=APAGADO",E4:E400,"=PTO A FO") -> 0 | N2: =COUNTIFS(N4:N400, "=APAGADO",E4:E400,"=PTO A FO") -> 0 | O2: =COUNTIFS(O4:O500, "=APAGADO",E4:E500,"=PTO A FO") -> 0 | P2: =COUNTIFS(P4:P400, "=APAGADO",E4:E400,"=PTO A FO") -> 0 | Q2: =COUNTIFS(Q4:Q400, "=APAGADO",E4:E400,"=PTO A FO") -> 0 | R2: =COUNTIFS(R4:R400, "=APAGADO",E4:E400,"=PTO A FO") -> 0 | S2: =COUNTIFS(S4:S400, "=APAGADO",E4:E400,"=PTO A FO") -> 0 | T2: =COUNTIFS(T4:T400, "=APAGADO",E4:E400,"=PTO A FO") -> 0 | U2: =COUNTIFS(U4:U400, "=APAGADO",E4:E400,"=PTO A FO") -> 0 | V2: =COUNTIFS(V4:V400, "=APAGADO",E4:E400,"=PTO A FO") -> 0 | W2: =COUNTIFS(W4:W400, "=APAGADO",E4:E400,"=PTO A FO") -> 0 | X2: =COUNTIFS(X4:X400, "=APAGADO",E4:E400,"=PTO A FO") -> 0 | Y2: =COUNTIFS(Y4:Y400, "=APAGADO",E4:E400,"=PTO A FO") -> 0 | Z2: =COUNTIFS(Z4:Z400, "=APAGADO",E4:E400,"=PTO A FO") -> 0 | AA2: =COUNTIFS(AA4:AA400, "=APAGADO",E4:E400,"=PTO A FO") -> 0 | AB2: =COUNTIFS(AB4:AB400, "=APAGADO",E4:E400,"=PTO A FO") -> 0 | AC2: =COUNTIFS(AC4:AC400, "=APAGADO",E4:E400,"=PTO A FO") -> 0 | AD2: =COUNTIFS(AD4:AD400, "=APAGADO",E4:E400,"=PTO A FO") -> 0 | AE2: =COUNTIFS(AE4:AE400, "=APAGADO",E4:E400,"=PTO A FO") -> 0 | AF2: =COUNTIFS(AF4:AF400, "=APAGADO",E4:E400,"=PTO A FO") -> 0 | AG2: =COUNTIFS(AG4:AG400, "=APAGADO",E4:E400,"=PTO A FO") -> 0 | AH2: =COUNTIFS(AH4:AH400, "=APAGADO",E4:E400,"=PTO A FO") -> 0 | AI2: =COUNTIFS(AI4:AI400, "=APAGADO",E4:E400,"=PTO A FO") -> 0
A3: =ESTADISTICA!A1 -> Barrio | B3: =ESTADISTICA!B1 -> [Denominacion] | C3: =ESTADISTICA!C1 -> [Ubicacion] | D3: =ESTADISTICA!D1 -> [Tipo de Camara] | E3: =ESTADISTICA!E1 -> [Tipo de Conexion] | F3: =ESTADISTICA!F1 -> 44805 | G3: =ESTADISTICA!G1 -> 44806 | H3: =ESTADISTICA!H1 -> 44807 | ... AI3: =ESTADISTICA!AI1 -> 44834
A4: =ESTADISTICA!A2 -> ALTAMIRA | B4: =ESTADISTICA!B2 -> ALT 03 | C4: =ESTADISTICA!C2 -> Bombero Galarza y Necochea | D4: =ESTADISTICA!D2 -> Domo | E4: =ESTADISTICA!E2 -> FIBRA OPTICA | F4: =ESTADISTICA!F2 -> 0 | G4: =ESTADISTICA!G2 -> 0 | H4: =ESTADISTICA!H2 -> 0 | ... AI4: =ESTADISTICA!AI2 -> 0
A5: =ESTADISTICA!A3 -> ALTAMIRA | B5: =ESTADISTICA!B3 -> ALT 04 | C5: =ESTADISTICA!C3 -> Francia y Necochea | D5: =ESTADISTICA!D3 -> Domo | E5: =ESTADISTICA!E3 -> FIBRA OPTICA | F5: =ESTADISTICA!F3 -> 0 | G5: =ESTADISTICA!G3 -> 0 | H5: =ESTADISTICA!H3 -> 0 | ... AI5: =ESTADISTICA!AI3 -> 0
A6: =ESTADISTICA!A4 -> ALTAMIRA | B6: =ESTADISTICA!B4 -> ALT 06 | C6: =ESTADISTICA!C4 -> LOPE DE VEGA Y NECOCHEA | D6: =ESTADISTICA!D4 -> Domo | E6: =ESTADISTICA!E4 -> PTO A FO | F6: =ESTADISTICA!F4 -> 0 | G6: =ESTADISTICA!G4 -> 0 | H6: =ESTADISTICA!H4 -> 0 | ... AI6: =ESTADISTICA!AI4 -> 0
A7: =ESTADISTICA!A5 -> ALTAMIRA | B7: =ESTADISTICA!B5 -> ALT 08 | C7: =ESTADISTICA!C5 -> HUMAITA Y NECOCHEA | D7: =ESTADISTICA!D5 -> DOMO | E7: =ESTADISTICA!E5 -> Fibra Optica | F7: =ESTADISTICA!F5 -> 0 | G7: =ESTADISTICA!G5 -> 0 | H7: =ESTADISTICA!H5 -> 0 | ... AI7: =ESTADISTICA!AI5 -> 0
A8: =ESTADISTICA!A6 -> ALTAMIRA | B8: =ESTADISTICA!B6 -> ALT 09 | C8: =ESTADISTICA!C6 -> NECOCHEA Y CURUPAITY | D8: =ESTADISTICA!D6 -> DOMO | E8: =ESTADISTICA!E6 -> Fibra Optica | F8: =ESTADISTICA!F6 -> 0 | G8: =ESTADISTICA!G6 -> 0 | H8: =ESTADISTICA!H6 -> 0 | ... AI8: =ESTADISTICA!AI6 -> 0
A9: =ESTADISTICA!A7 -> ALTAMIRA | B9: =ESTADISTICA!B7 -> ALT 10 | C9: =ESTADISTICA!C7 -> Calchaqui y Francia | D9: =ESTADISTICA!D7 -> Domo | E9: =ESTADISTICA!E7 -> Radio | F9: =ESTADISTICA!F7 -> APAGADO | G9: =ESTADISTICA!G7 -> APAGADO | H9: =ESTADISTICA!H7 -> APAGADO | ... AI9: =ESTADISTICA!AI7 -> 0
A10: =ESTADISTICA!A8 -> ALTAMIRA | B10: =ESTADISTICA!B8 -> ALT01 | C10: =ESTADISTICA!C8 -> Calchaqui y Sgto. Cabral | D10: =ESTADISTICA!D8 -> Domo | E10: =ESTADISTICA!E8 -> Fibra Optica | F10: =ESTADISTICA!F8 -> 0 | G10: =ESTADISTICA!G8 -> 0 | H10: =ESTADISTICA!H8 -> 0 | ... AI10: =ESTADISTICA!AI8 -> 0
A11: =ESTADISTICA!A9 -> ALTAMIRA | B11: =ESTADISTICA!B9 -> ALT02 | C11: =ESTADISTICA!C9 -> Calchaqui y Lope de Vega | D11: =ESTADISTICA!D9 -> Domo | E11: =ESTADISTICA!E9 -> PTO A FO | F11: =ESTADISTICA!F9 -> 0 | G11: =ESTADISTICA!G9 -> 0 | H11: =ESTADISTICA!H9 -> 0 | ... AI11: =ESTADISTICA!AI9 -> 0
A12: =ESTADISTICA!A10 -> ALTAMIRA | B12: =ESTADISTICA!B10 -> ALT05 | C12: =ESTADISTICA!C10 -> Av. Calchaqui y Bombero Galarza | D12: =ESTADISTICA!D10 -> Domo | E12: =ESTADISTICA!E10 -> PTO A FO | F12: =ESTADISTICA!F10 -> APAGADO | G12: =ESTADISTICA!G10 -> APAGADO | H12: =ESTADISTICA!H10 -> APAGADO | ... AI12: =ESTADISTICA!AI10 -> 0
A13: =ESTADISTICA!A11 -> ALTAMIRA | B13: =ESTADISTICA!B11 -> ALT07 | C13: =ESTADISTICA!C11 -> AV. CALCHAQUI Y AV. DEL TRABAJO | D13: =ESTADISTICA!D11 -> DOMO | E13: =ESTADISTICA!E11 -> PTO A FO | F13: =ESTADISTICA!F11 -> 0 | G13: =ESTADISTICA!G11 -> 0 | H13: =ESTADISTICA!H11 -> 0 | ... AI13: =ESTADISTICA!AI11 -> 0
A14: =ESTADISTICA!A12 -> AGUSTIN RAMIREZ | B14: =ESTADISTICA!B12 -> ARA 01 | C14: =ESTADISTICA!C12 -> Malambo y Tranquera | D14: =ESTADISTICA!D12 -> Domo | E14: =ESTADISTICA!E12 -> FIBRA OPTICA | F14: =ESTADISTICA!F12 -> 0 | G14: =ESTADISTICA!G12 -> 0 | H14: =ESTADISTICA!H12 -> 0 | ... AI14: =ESTADISTICA!AI12 -> 0
... A278: =ESTADISTICA!A276 -> SAN JORGE | B278: =ESTADISTICA!B276 -> SJO07 (fija 1) | C278: =ESTADISTICA!C276 -> 503 Y 556 | D278: =ESTADISTICA!D276 -> Fija | E278: =ESTADISTICA!E276 -> Fibra Optica | F278: =ESTADISTICA!F276 -> 0 | G278: =ESTADISTICA!G276 -> 0 | H278: =ESTADISTICA!H276 -> 0 | ... AI278: =ESTADISTICA!AI276 -> 0
B279: =ESTADISTICA!B277 -> SJO08 (fija 2) | C279: =ESTADISTICA!C277 -> 503 Y 556 | D279: =ESTADISTICA!D277 -> Fija | E279: =ESTADISTICA!E277 -> Fibra Optica | F279: =ESTADISTICA!F277 -> 0 | G279: =ESTADISTICA!G277 -> 0 | H279: =ESTADISTICA!H277 -> 0 | I279: =ESTADISTICA!I277 -> 0 | ... AI279: =ESTADISTICA!AI277 -> 0
A280: =ESTADISTICA!A278 -> SANTO TOMAS | B280: =ESTADISTICA!B278 -> SJU01 | C280: =ESTADISTICA!C278 -> Ruta 36 y Pte.Peron | D280: =ESTADISTICA!D278 -> Domo | E280: =ESTADISTICA!E278 -> Radio | F280: =ESTADISTICA!F278 -> 0 | G280: =ESTADISTICA!G278 -> 0 | H280: =ESTADISTICA!H278 -> APAGADO | ... AI280: =ESTADISTICA!AI278 -> 0
A281: =ESTADISTICA!A279 -> VILLA GENERAL SAN MARTIN | B281: =ESTADISTICA!B279 -> SMA 03 | C281: =ESTADISTICA!C279 -> ROSARIO Y SAN NICOLAS | D281: =ESTADISTICA!D279 -> Domo | E281: =ESTADISTICA!E279 -> Radio | F281: =ESTADISTICA!F279 -> 0 | G281: =ESTADISTICA!G279 -> 0 | H281: =ESTADISTICA!H279 -> 0 | ... AI281: =ESTADISTICA!AI279 -> 0
A282: =ESTADISTICA!A280 -> VILLA GENERAL SAN MARTIN | B282: =ESTADISTICA!B280 -> SMA 04 | C282: =ESTADISTICA!C280 -> HUDSON Y MONTEVIDEO | D282: =ESTADISTICA!D280 -> FIJA | E282: =ESTADISTICA!E280 -> Radio | F282: =ESTADISTICA!F280 -> 0 | G282: =ESTADISTICA!G280 -> 0 | H282: =ESTADISTICA!H280 -> 0 | ... AI282: =ESTADISTICA!AI280 -> 0
A283: =ESTADISTICA!A281 -> VILLA GENERAL SAN MARTIN | B283: =ESTADISTICA!B281 -> SMA 06 | C283: =ESTADISTICA!C281 -> AV. HUDSON Y RIO IGUAZU | D283: =ESTADISTICA!D281 -> DOMO | E283: =ESTADISTICA!E281 -> Fibra Optica | F283: =ESTADISTICA!F281 -> 0 | G283: =ESTADISTICA!G281 -> 0 | H283: =ESTADISTICA!H281 -> 0 | ... AI283: =ESTADISTICA!AI281 -> 0
A284: =ESTADISTICA!A282 -> VILLA GENERAL SAN MARTIN | B284: =ESTADISTICA!B282 -> SMA 07 | C284: =ESTADISTICA!C282 -> AV. HUDSON Y RIO TURBIO | D284: =ESTADISTICA!D282 -> DOMO | E284: =ESTADISTICA!E282 -> Fibra Optica | F284: =ESTADISTICA!F282 -> 0 | G284: =ESTADISTICA!G282 -> 0 | H284: =ESTADISTICA!H282 -> 0 | ... AI284: =ESTADISTICA!AI282 -> 0
A285: =ESTADISTICA!A283 -> VILLA GENERAL SAN MARTIN | B285: =ESTADISTICA!B283 -> SMA01 | C285: =ESTADISTICA!C283 -> Hudson y Montevideo | D285: =ESTADISTICA!D283 -> DOMO | E285: =ESTADISTICA!E283 -> Radio | F285: =ESTADISTICA!F283 -> 0 | G285: =ESTADISTICA!G283 -> 0 | H285: =ESTADISTICA!H283 -> 0 | ... AI285: =ESTADISTICA!AI283 -> 0
A286: =ESTADISTICA!A284 -> VILLA GENERAL SAN MARTIN | B286: =ESTADISTICA!B284 -> SMA02 | C286: =ESTADISTICA!C284 -> Hudson y San Nicolas | D286: =ESTADISTICA!D284 -> Domo | E286: =ESTADISTICA!E284 -> Radio | F286: =ESTADISTICA!F284 -> 0 | G286: =ESTADISTICA!G284 -> 0 | H286: =ESTADISTICA!H284 -> 0 | ... AI286: =ESTADISTICA!AI284 -> 0
A287: =ESTADISTICA!A285 -> VILLA GENERAL SAN MARTIN | B287: =ESTADISTICA!B285 -> SMA05 | C287: =ESTADISTICA!C285 -> MONTEVIDEO Y VILLEGAS | D287: =ESTADISTICA!D285 -> DOMO | E287: =ESTADISTICA!E285 -> PTO A FO | F287: =ESTADISTICA!F285 -> 0 | G287: =ESTADISTICA!G285 -> 0 | H287: =ESTADISTICA!H285 -> 0 | ... AI287: =ESTADISTICA!AI285 -> 0
A288: =ESTADISTICA!A286 -> SAN NICOLAS | B288: =ESTADISTICA!B286 -> SNI 03 (fija 1) | C288: =ESTADISTICA!C286 -> SARRATEA Y LOS TREBOLES | D288: =ESTADISTICA!D286 -> Fija | E288: =ESTADISTICA!E286 -> Fibra Optica | F288: =ESTADISTICA!F286 -> APAGADO | G288: =ESTADISTICA!G286 -> APAGADO | H288: =ESTADISTICA!H286 -> APAGADO | ... AI288: =ESTADISTICA!AI286 -> 0
A289: =ESTADISTICA!A287 -> SAN NICOLAS | B289: =ESTADISTICA!B287 -> SNI 04 (fija 2) | C289: =ESTADISTICA!C287 -> SARRATEA Y LOS TREBOLES | D289: =ESTADISTICA!D287 -> Fija | E289: =ESTADISTICA!E287 -> Fibra Optica | F289: =ESTADISTICA!F287 -> APAGADO | G289: =ESTADISTICA!G287 -> APAGADO | H289: =ESTADISTICA!H287 -> APAGADO | ... AI289: =ESTADISTICA!AI287 -> 0
A290: =ESTADISTICA!A288 -> SAN NICOLAS | B290: =ESTADISTICA!B288 -> SNI01 (fija 1) | C290: =ESTADISTICA!C288 -> SARRATEA E/ EEUU DE A. Y AGRELO | D290: =ESTADISTICA!D288 -> Fija | E290: =ESTADISTICA!E288 -> Fibra Optica | F290: =ESTADISTICA!F288 -> APAGADO | G290: =ESTADISTICA!G288 -> APAGADO | H290: =ESTADISTICA!H288 -> APAGADO | ... AI290: =ESTADISTICA!AI288 -> 0
A291: =ESTADISTICA!A289 -> SAN NICOLAS | B291: =ESTADISTICA!B289 -> SNI02 (fija 2) | C291: =ESTADISTICA!C289 -> SARRATEA E/ EEUU DE A. Y AGRELO | D291: =ESTADISTICA!D289 -> Fija | E291: =ESTADISTICA!E289 -> Fibra Optica | F291: =ESTADISTICA!F289 -> APAGADO | G291: =ESTADISTICA!G289 -> APAGADO | H291: =ESTADISTICA!H289 -> APAGADO | ... AI291: =ESTADISTICA!AI289 -> 0
... A454: =ESTADISTICA!A452 -> 0 | B454: =ESTADISTICA!B452 -> 0 | C454: =ESTADISTICA!C452 -> 0 | D454: =ESTADISTICA!D452 -> 0 | E454: =ESTADISTICA!E452 -> 0 | F454: =ESTADISTICA!F452 -> 0 | G454: =ESTADISTICA!G452 -> 0 | H454: =ESTADISTICA!H452 -> 0 | ... AI454: =ESTADISTICA!AI452 -> 0

Sheet APAGADOS RADIO
C1: TOTAL RADIO | D1: =COUNTIFS(E4:E400,"=radio") -> 94
E2: APAGADOS | F2: =COUNTIFS(F4:F500, "=APAGADO",E4:E500,"=radio") -> 5 | G2: =COUNTIFS(G4:G500, "=APAGADO",E4:E500,"=radio") -> 2 | H2: =COUNTIFS(H4:H500, "=APAGADO",E4:E500,"=radio") -> 21 | I2: =COUNTIFS(I4:I500, "=APAGADO",E4:E500,"=radio") -> 23 | J2: =COUNTIFS(J4:J500, "=APAGADO",E4:E500,"=radio") -> 3 | K2: =COUNTIFS(K4:K500, "=APAGADO",E4:E500,"=radio") -> 2 | L2: =COUNTIFS(L4:L500, "=APAGADO",E4:E500,"=radio") -> 3 | M2: =COUNTIFS(M4:M500, "=APAGADO",E4:E500,"=radio") -> 0 | N2: =COUNTIFS(N4:N500, "=APAGADO",E4:E500,"=radio") -> 0 | O2: =COUNTIFS(O4:O500, "=APAGADO",E4:E500,"=radio") -> 0 | P2: =COUNTIFS(P4:P500, "=APAGADO",E4:E500,"=radio") -> 0 | Q2: =COUNTIFS(Q4:Q367, "=APAGADO",E4:E367,"=radio") -> 0 | R2: =COUNTIFS(R4:R367, "=APAGADO",E4:E367,"=radio") -> 0 | S2: =COUNTIFS(S4:S367, "=APAGADO",E4:E367,"=radio") -> 0 | T2: =COUNTIFS(T4:T367, "=APAGADO",E4:E367,"=radio") -> 0 | U2: =COUNTIFS(U4:U367, "=APAGADO",E4:E367,"=radio") -> 0 | V2: =COUNTIFS(V4:V367, "=APAGADO",E4:E367,"=radio") -> 0 | W2: =COUNTIFS(W4:W367, "=APAGADO",E4:E367,"=radio") -> 0 | X2: =COUNTIFS(X4:X367, "=APAGADO",E4:E367,"=radio") -> 0 | Y2: =COUNTIFS(Y4:Y367, "=APAGADO",E4:E367,"=radio") -> 0 | Z2: =COUNTIFS(Z4:Z367, "=APAGADO",E4:E367,"=radio") -> 0 | AA2: =COUNTIFS(AA4:AA367, "=APAGADO",E4:E367,"=radio") -> 0 | AB2: =COUNTIFS(AB4:AB367, "=APAGADO",E4:E367,"=radio") -> 0 | AC2: =COUNTIFS(AC4:AC367, "=APAGADO",E4:E367,"=radio") -> 0 | AD2: =COUNTIFS(AD4:AD367, "=APAGADO",E4:E367,"=radio") -> 0 | AE2: =COUNTIFS(AE4:AE367, "=APAGADO",E4:E367,"=radio") -> 0 | AF2: =COUNTIFS(AF4:AF367, "=APAGADO",E4:E367,"=radio") -> 0 | AG2: =COUNTIFS(AG4:AG367, "=APAGADO",E4:E367,"=radio") -> 0 | AH2: =COUNTIFS(AH4:AH400, "=APAGADO",E4:E400,"=radio") -> 0 | AI2: =COUNTIFS(AI4:AI367, "=APAGADO",E4:E367,"=radio") -> 0
A3: =ESTADISTICA!A1 -> Barrio | B3: =ESTADISTICA!B1 -> [Denominacion] | C3: =ESTADISTICA!C1 -> [Ubicacion] | D3: =ESTADISTICA!D1 -> [Tipo de Camara] | E3: =ESTADISTICA!E1 -> [Tipo de Conexion] | F3: =ESTADISTICA!F1 -> 44805 | G3: =ESTADISTICA!G1 -> 44806 | H3: =ESTADISTICA!H1 -> 44807 | ... AI3: =ESTADISTICA!AI1 -> 44834
A4: =ESTADISTICA!A2 -> ALTAMIRA | B4: =ESTADISTICA!B2 -> ALT 03 | C4: =ESTADISTICA!C2 -> Bombero Galarza y Necochea | D4: =ESTADISTICA!D2 -> Domo | E4: =ESTADISTICA!E2 -> FIBRA OPTICA | F4: =ESTADISTICA!F2 -> 0 | G4: =ESTADISTICA!G2 -> 0 | H4: =ESTADISTICA!H2 -> 0 | ... AI4: =ESTADISTICA!AI2 -> 0
A5: =ESTADISTICA!A3 -> ALTAMIRA | B5: =ESTADISTICA!B3 -> ALT 04 | C5: =ESTADISTICA!C3 -> Francia y Necochea | D5: =ESTADISTICA!D3 -> Domo | E5: =ESTADISTICA!E3 -> FIBRA OPTICA | F5: =ESTADISTICA!F3 -> 0 | G5: =ESTADISTICA!G3 -> 0 | H5: =ESTADISTICA!H3 -> 0 | ... AI5: =ESTADISTICA!AI3 -> 0
A6: =ESTADISTICA!A4 -> ALTAMIRA | B6: =ESTADISTICA!B4 -> ALT 06 | C6: =ESTADISTICA!C4 -> LOPE DE VEGA Y NECOCHEA | D6: =ESTADISTICA!D4 -> Domo | E6: =ESTADISTICA!E4 -> PTO A FO | F6: =ESTADISTICA!F4 -> 0 | G6: =ESTADISTICA!G4 -> 0 | H6: =ESTADISTICA!H4 -> 0 | ... AI6: =ESTADISTICA!AI4 -> 0
A7: =ESTADISTICA!A5 -> ALTAMIRA | B7: =ESTADISTICA!B5 -> ALT 08 | C7: =ESTADISTICA!C5 -> HUMAITA Y NECOCHEA | D7: =ESTADISTICA!D5 -> DOMO | E7: =ESTADISTICA!E5 -> Fibra Optica | F7: =ESTADISTICA!F5 -> 0 | G7: =ESTADISTICA!G5 -> 0 | H7: =ESTADISTICA!H5 -> 0 | ... AI7: =ESTADISTICA!AI5 -> 0
A8: =ESTADISTICA!A6 -> ALTAMIRA | B8: =ESTADISTICA!B6 -> ALT 09 | C8: =ESTADISTICA!C6 -> NECOCHEA Y CURUPAITY | D8: =ESTADISTICA!D6 -> DOMO | E8: =ESTADISTICA!E6 -> Fibra Optica | F8: =ESTADISTICA!F6 -> 0 | G8: =ESTADISTICA!G6 -> 0 | H8: =ESTADISTICA!H6 -> 0 | ... AI8: =ESTADISTICA!AI6 -> 0
A9: =ESTADISTICA!A7 -> ALTAMIRA | B9: =ESTADISTICA!B7 -> ALT 10 | C9: =ESTADISTICA!C7 -> Calchaqui y Francia | D9: =ESTADISTICA!D7 -> Domo | E9: =ESTADISTICA!E7 -> Radio | F9: =ESTADISTICA!F7 -> APAGADO | G9: =ESTADISTICA!G7 -> APAGADO | H9: =ESTADISTICA!H7 -> APAGADO | ... AI9: =ESTADISTICA!AI7 -> 0
A10: =ESTADISTICA!A8 -> ALTAMIRA | B10: =ESTADISTICA!B8 -> ALT01 | C10: =ESTADISTICA!C8 -> Calchaqui y Sgto. Cabral | D10: =ESTADISTICA!D8 -> Domo | E10: =ESTADISTICA!E8 -> Fibra Optica | F10: =ESTADISTICA!F8 -> 0 | G10: =ESTADISTICA!G8 -> 0 | H10: =ESTADISTICA!H8 -> 0 | ... AI10: =ESTADISTICA!AI8 -> 0
A11: =ESTADISTICA!A9 -> ALTAMIRA | B11: =ESTADISTICA!B9 -> ALT02 | C11: =ESTADISTICA!C9 -> Calchaqui y Lope de Vega | D11: =ESTADISTICA!D9 -> Domo | E11: =ESTADISTICA!E9 -> PTO A FO | F11: =ESTADISTICA!F9 -> 0 | G11: =ESTADISTICA!G9 -> 0 | H11: =ESTADISTICA!H9 -> 0 | ... AI11: =ESTADISTICA!AI9 -> 0
A12: =ESTADISTICA!A10 -> ALTAMIRA | B12: =ESTADISTICA!B10 -> ALT05 | C12: =ESTADISTICA!C10 -> Av. Calchaqui y Bombero Galarza | D12: =ESTADISTICA!D10 -> Domo | E12: =ESTADISTICA!E10 -> PTO A FO | F12: =ESTADISTICA!F10 -> APAGADO | G12: =ESTADISTICA!G10 -> APAGADO | H12: =ESTADISTICA!H10 -> APAGADO | ... AI12: =ESTADISTICA!AI10 -> 0
A13: =ESTADISTICA!A11 -> ALTAMIRA | B13: =ESTADISTICA!B11 -> ALT07 | C13: =ESTADISTICA!C11 -> AV. CALCHAQUI Y AV. DEL TRABAJO | D13: =ESTADISTICA!D11 -> DOMO | E13: =ESTADISTICA!E11 -> PTO A FO | F13: =ESTADISTICA!F11 -> 0 | G13: =ESTADISTICA!G11 -> 0 | H13: =ESTADISTICA!H11 -> 0 | ... AI13: =ESTADISTICA!AI11 -> 0
A14: =ESTADISTICA!A12 -> AGUSTIN RAMIREZ | B14: =ESTADISTICA!B12 -> ARA 01 | C14: =ESTADISTICA!C12 -> Malambo y Tranquera | D14: =ESTADISTICA!D12 -> Domo | E14: =ESTADISTICA!E12 -> FIBRA OPTICA | F14: =ESTADISTICA!F12 -> 0 | G14: =ESTADISTICA!G12 -> 0 | H14: =ESTADISTICA!H12 -> 0 | ... AI14: =ESTADISTICA!AI12 -> 0
... A278: =ESTADISTICA!A276 -> SAN JORGE | B278: =ESTADISTICA!B276 -> SJO07 (fija 1) | C278: =ESTADISTICA!C276 -> 503 Y 556 | D278: =ESTADISTICA!D276 -> Fija | E278: =ESTADISTICA!E276 -> Fibra Optica | F278: =ESTADISTICA!F276 -> 0 | G278: =ESTADISTICA!G276 -> 0 | H278: =ESTADISTICA!H276 -> 0 | ... AI278: =ESTADISTICA!AI276 -> 0
B279: =ESTADISTICA!B277 -> SJO08 (fija 2) | C279: =ESTADISTICA!C277 -> 503 Y 556 | D279: =ESTADISTICA!D277 -> Fija | E279: =ESTADISTICA!E277 -> Fibra Optica | F279: =ESTADISTICA!F277 -> 0 | G279: =ESTADISTICA!G277 -> 0 | H279: =ESTADISTICA!H277 -> 0 | I279: =ESTADISTICA!I277 -> 0 | ... AI279: =ESTADISTICA!AI277 -> 0
A280: =ESTADISTICA!A278 -> SANTO TOMAS | B280: =ESTADISTICA!B278 -> SJU01 | C280: =ESTADISTICA!C278 -> Ruta 36 y Pte.Peron | D280: =ESTADISTICA!D278 -> Domo | E280: =ESTADISTICA!E278 -> Radio | F280: =ESTADISTICA!F278 -> 0 | G280: =ESTADISTICA!G278 -> 0 | H280: =ESTADISTICA!H278 -> APAGADO | ... AI280: =ESTADISTICA!AI278 -> 0
A281: =ESTADISTICA!A279 -> VILLA GENERAL SAN MARTIN | B281: =ESTADISTICA!B279 -> SMA 03 | C281: =ESTADISTICA!C279 -> ROSARIO Y SAN NICOLAS | D281: =ESTADISTICA!D279 -> Domo | E281: =ESTADISTICA!E279 -> Radio | F281: =ESTADISTICA!F279 -> 0 | G281: =ESTADISTICA!G279 -> 0 | H281: =ESTADISTICA!H279 -> 0 | ... AI281: =ESTADISTICA!AI279 -> 0
A282: =ESTADISTICA!A280 -> VILLA GENERAL SAN MARTIN | B282: =ESTADISTICA!B280 -> SMA 04 | C282: =ESTADISTICA!C280 -> HUDSON Y MONTEVIDEO | D282: =ESTADISTICA!D280 -> FIJA | E282: =ESTADISTICA!E280 -> Radio | F282: =ESTADISTICA!F280 -> 0 | G282: =ESTADISTICA!G280 -> 0 | H282: =ESTADISTICA!H280 -> 0 | ... AI282: =ESTADISTICA!AI280 -> 0
A283: =ESTADISTICA!A281 -> VILLA GENERAL SAN MARTIN | B283: =ESTADISTICA!B281 -> SMA 06 | C283: =ESTADISTICA!C281 -> AV. HUDSON Y RIO IGUAZU | D283: =ESTADISTICA!D281 -> DOMO | E283: =ESTADISTICA!E281 -> Fibra Optica | F283: =ESTADISTICA!F281 -> 0 | G283: =ESTADISTICA!G281 -> 0 | H283: =ESTADISTICA!H281 -> 0 | ... AI283: =ESTADISTICA!AI281 -> 0
A284: =ESTADISTICA!A282 -> VILLA GENERAL SAN MARTIN | B284: =ESTADISTICA!B282 -> SMA 07 | C284: =ESTADISTICA!C282 -> AV. HUDSON Y RIO TURBIO | D284: =ESTADISTICA!D282 -> DOMO | E284: =ESTADISTICA!E282 -> Fibra Optica | F284: =ESTADISTICA!F282 -> 0 | G284: =ESTADISTICA!G282 -> 0 | H284: =ESTADISTICA!H282 -> 0 | ... AI284: =ESTADISTICA!AI282 -> 0
A285: =ESTADISTICA!A283 -> VILLA GENERAL SAN MARTIN | B285: =ESTADISTICA!B283 -> SMA01 | C285: =ESTADISTICA!C283 -> Hudson y Montevideo | D285: =ESTADISTICA!D283 -> DOMO | E285: =ESTADISTICA!E283 -> Radio | F285: =ESTADISTICA!F283 -> 0 | G285: =ESTADISTICA!G283 -> 0 | H285: =ESTADISTICA!H283 -> 0 | ... AI285: =ESTADISTICA!AI283 -> 0
A286: =ESTADISTICA!A284 -> VILLA GENERAL SAN MARTIN | B286: =ESTADISTICA!B284 -> SMA02 | C286: =ESTADISTICA!C284 -> Hudson y San Nicolas | D286: =ESTADISTICA!D284 -> Domo | E286: =ESTADISTICA!E284 -> Radio | F286: =ESTADISTICA!F284 -> 0 | G286: =ESTADISTICA!G284 -> 0 | H286: =ESTADISTICA!H284 -> 0 | ... AI286: =ESTADISTICA!AI284 -> 0
A287: =ESTADISTICA!A285 -> VILLA GENERAL SAN MARTIN | B287: =ESTADISTICA!B285 -> SMA05 | C287: =ESTADISTICA!C285 -> MONTEVIDEO Y VILLEGAS | D287: =ESTADISTICA!D285 -> DOMO | E287: =ESTADISTICA!E285 -> PTO A FO | F287: =ESTADISTICA!F285 -> 0 | G287: =ESTADISTICA!G285 -> 0 | H287: =ESTADISTICA!H285 -> 0 | ... AI287: =ESTADISTICA!AI285 -> 0
A288: =ESTADISTICA!A286 -> SAN NICOLAS | B288: =ESTADISTICA!B286 -> SNI 03 (fija 1) | C288: =ESTADISTICA!C286 -> SARRATEA Y LOS TREBOLES | D288: =ESTADISTICA!D286 -> Fija | E288: =ESTADISTICA!E286 -> Fibra Optica | F288: =ESTADISTICA!F286 -> APAGADO | G288: =ESTADISTICA!G286 -> APAGADO | H288: =ESTADISTICA!H286 -> APAGADO | ... AI288: =ESTADISTICA!AI286 -> 0
A289: =ESTADISTICA!A287 -> SAN NICOLAS | B289: =ESTADISTICA!B287 -> SNI 04 (fija 2) | C289: =ESTADISTICA!C287 -> SARRATEA Y LOS TREBOLES | D289: =ESTADISTICA!D287 -> Fija | E289: =ESTADISTICA!E287 -> Fibra Optica | F289: =ESTADISTICA!F287 -> APAGADO | G289: =ESTADISTICA!G287 -> APAGADO | H289: =ESTADISTICA!H287 -> APAGADO | ... AI289: =ESTADISTICA!AI287 -> 0
A290: =ESTADISTICA!A288 -> SAN NICOLAS | B290: =ESTADISTICA!B288 -> SNI01 (fija 1) | C290: =ESTADISTICA!C288 -> SARRATEA E/ EEUU DE A. Y AGRELO | D290: =ESTADISTICA!D288 -> Fija | E290: =ESTADISTICA!E288 -> Fibra Optica | F290: =ESTADISTICA!F288 -> APAGADO | G290: =ESTADISTICA!G288 -> APAGADO | H290: =ESTADISTICA!H288 -> APAGADO | ... AI290: =ESTADISTICA!AI288 -> 0
A291: =ESTADISTICA!A289 -> SAN NICOLAS | B291: =ESTADISTICA!B289 -> SNI02 (fija 2) | C291: =ESTADISTICA!C289 -> SARRATEA E/ EEUU DE A. Y AGRELO | D291: =ESTADISTICA!D289 -> Fija | E291: =ESTADISTICA!E289 -> Fibra Optica | F291: =ESTADISTICA!F289 -> APAGADO | G291: =ESTADISTICA!G289 -> APAGADO | H291: =ESTADISTICA!H289 -> APAGADO | ... AI291: =ESTADISTICA!AI289 -> 0
... A400: =ESTADISTICA!A398 -> 0 | B400: =ESTADISTICA!B398 -> 0 | C400: =ESTADISTICA!C398 -> 0 | D400: =ESTADISTICA!D398 -> 0 | E400: =ESTADISTICA!E398 -> 0 | F400: =ESTADISTICA!F398 -> 0 | G400: =ESTADISTICA!G398 -> 0 | H400: =ESTADISTICA!H398 -> 0 | ... AI400: =ESTADISTICA!AI398 -> 0

Sheet BARRAS

Sheet GRAFICO2

Sheet informe
B1: CANTIDAD | D1: %
A2: TOTAL | B2: 395 | E2: 44805
A3: CAIDAS | B3: 28 | C3: 28 | D3: =C3/B2 -> 0.070886076
A4: LLEGAMOS NOSOTROS | B4: 1 | C4: =B3-B4 -> 27 | D4: =C4/B2 -> 0.06835443
A5: NO ESTA LA CAMARA | B5: 2 | C5: =C4-B5 -> 25 | D5: =C5/B2 -> 0.063291139
A6: RADIO | B6: 5 | C6: =C5-B6 -> 20 | D6: =C6/B2 -> 0.050632911
A7: TOTAL | B7: 395 | E7: 44809
A8: CAIDAS | B8: 38 | C8: 38 | D8: =C8/B7 -> 0.096202532
A9: LLEGAMOS NOSOTROS | B9: 4 | C9: =B8-B9 -> 34 | D9: =C9/B7 -> 0.086075949
A10: NO ESTA LA CAMARA | B10: 2 | C10: =C9-B10 -> 32 | D10: =C10/B7 -> 0.081012658
A11: RADIO | B11: 3 | C11: =C10-B11 -> 29 | D11: =C11/B7 -> 0.073417722
A12: TOTAL | B12: 395 | E12: 44810
A13: CAIDAS | B13: 21 | C13: 21 | D13: =C13/B12 -> 0.053164557
A14: LLEGAMOS NOSOTROS | B14: 2 | C14: =B13-B14 -> 19 | D14: =C14/B12 -> 0.048101266
A15: NO ESTA LA CAMARA | B15: 2 | C15: =C14-B15 -> 17 | D15: =C15/B12 -> 0.043037975
A16: RADIO | B16: 3 | C16: =C15-B16 -> 14 | D16: =C16/B12 -> 0.035443038

Sheet PORCENTAJE

Sheet AUXILIAR
A1: FECHA | B1: RADIO | C1: FIBRA | D1: ANTENA | E1: TOTAL APAGADOS | F1: INSTALADAS | G1: % APAGADOS
A2: ='APAGADOS RADIO'!F3 -> 44805 | B2: ='APAGADOS RADIO'!F2+D2 -> 6 | C2: ='APAGADOS FIBRA'!F2 -> 22 | D2: ='APAGADOS ANTENA'!F2 -> 1 | E2: =B2+C2 -> 28 | F2: ='RESUMEN TOTAL'!B1 -> 395 | G2: =E2/F2 -> 0.070886076
A3: ='APAGADOS RADIO'!G3 -> 44806 | B3: ='APAGADOS RADIO'!G2+D3 -> 4 | C3: ='APAGADOS FIBRA'!G2 -> 49 | D3: ='APAGADOS ANTENA'!G2 -> 2 | E3: =B3+C3 -> 53 | F3: ='RESUMEN TOTAL'!B1 -> 395 | G3: =E3/F3 -> 0.13417722
A4: ='APAGADOS RADIO'!H3 -> 44807 | B4: ='APAGADOS RADIO'!H2+D4 -> 31 | C4: ='APAGADOS FIBRA'!H2 -> 55 | D4: ='APAGADOS ANTENA'!H2 -> 10 | E4: =B4+C4 -> 86 | F4: ='RESUMEN TOTAL'!B1 -> 395 | G4: =E4/F4 -> 0.21772152
A5: ='APAGADOS RADIO'!I3 -> 44808 | B5: ='APAGADOS RADIO'!H2+D5 -> 32 | C5: ='APAGADOS FIBRA'!I2 -> 54 | D5: ='APAGADOS ANTENA'!I2 -> 11 | E5: =B5+C5 -> 86 | F5: ='RESUMEN TOTAL'!B1 -> 395 | G5: =E5/F5 -> 0.21772152
A6: ='APAGADOS RADIO'!J3 -> 44809 | B6: ='APAGADOS RADIO'!J2+D6 -> 6 | C6: ='APAGADOS FIBRA'!J2 -> 32 | D6: ='APAGADOS ANTENA'!J2 -> 3 | E6: =B6+C6 -> 38 | F6: ='RESUMEN TOTAL'!B1 -> 395 | G6: =E6/F6 -> 0.096202532
A7: ='APAGADOS RADIO'!K3 -> 44810 | B7: ='APAGADOS RADIO'!K2+D7 -> 3 | C7: ='APAGADOS FIBRA'!K2 -> 29 | D7: ='APAGADOS ANTENA'!K2 -> 1 | E7: =B7+C7 -> 32 | F7: ='RESUMEN TOTAL'!B1 -> 395 | G7: =E7/F7 -> 0.081012658
A8: ='APAGADOS RADIO'!L3 -> 44811 | B8: ='APAGADOS RADIO'!L2+D8 -> 4 | C8: ='APAGADOS FIBRA'!L2 -> 17 | D8: ='APAGADOS ANTENA'!L2 -> 1 | E8: =B8+C8 -> 21 | F8: ='RESUMEN TOTAL'!B1 -> 395 | G8: =E8/F8 -> 0.053164557
A9: ='APAGADOS RADIO'!M3 -> 44812
A10: ='APAGADOS RADIO'!N3 -> 44813
A11: ='APAGADOS RADIO'!O3 -> 44814
A12: ='APAGADOS RADIO'!P3 -> 44815
A13: ='APAGADOS RADIO'!Q3 -> 44816
A14: ='APAGADOS RADIO'!R3 -> 44817
A15: ='APAGADOS RADIO'!S3 -> 44818
A16: ='APAGADOS RADIO'!T3 -> 44819
A17: ='APAGADOS RADIO'!U3 -> 44820
A18: ='APAGADOS RADIO'!V3 -> 44821
A19: ='APAGADOS RADIO'!W3 -> 44822
A20: ='APAGADOS RADIO'!X3 -> 44823
A21: ='APAGADOS RADIO'!Y3 -> 44824
A22: ='APAGADOS RADIO'!Z3 -> 44825
A23: ='APAGADOS RADIO'!AA3 -> 44826
A24: ='APAGADOS RADIO'!AB3 -> 44827
A25: ='APAGADOS RADIO'!AC3 -> 44828
A26: ='APAGADOS RADIO'!AD3 -> 44829
A27: ='APAGADOS RADIO'!AE3 -> 44830
A28: ='APAGADOS RADIO'!AF3 -> 44831
A29: ='APAGADOS RADIO'!AG3 -> 44832
A30: ='APAGADOS RADIO'!AH3 -> 44833
A31: 44803
A32: 44804

Sheet Hoja1
B1: CAMARAS
A2: BONOMO | B2: =COUNTIFS('RESUMEN TOTAL'!C5:C399,"=BONOMO") -> 212 | F2: 44774 | G2: 44775 | H2: 44776 | I2: 44777 | J2: 44778 | K2: 44779 | L2: 44780 | M2: 44781 | N2: 44782 | O2: 44783 | P2: 44784 | Q2: 44785 | R2: 44786 | S2: 44787 | T2: 44788 | U2: 44789 | V2: 44790 | W2: 44791 | X2: 44792 | Y2: 44793 | Z2: 44794 | AA2: 44795 | AB2: 44796 | AC2: 44797 | AD2: 44798 | AE2: 44799 | AF2: 44800 | AG2: 44801 | AH2: 44802 | AI2: 44803 | AJ2: 44804
D3: BONOMO | E3: APAGADAS BONOMO | F3: =COUNTIFS('RESUMEN TOTAL'!C5:C399, "=BONOMO",'RESUMEN TOTAL'!K5:K399,"=APAGADO") -> 22 | G3: =COUNTIFS('RESUMEN TOTAL'!C5:C399, "=BONOMO",'RESUMEN TOTAL'!L5:L399,"=APAGADO") -> 50 | H3: =COUNTIFS('RESUMEN TOTAL'!C5:C399, "=BONOMO",'RESUMEN TOTAL'!M5:M399,"=APAGADO") -> 60 | I3: =COUNTIFS('RESUMEN TOTAL'!C5:C399, "=BONOMO",'RESUMEN TOTAL'!N5:N399,"=APAGADO") -> 55 | J3: =COUNTIFS('RESUMEN TOTAL'!C5:C399, "=BONOMO",'RESUMEN TOTAL'!O5:O399,"=APAGADO") -> 27 | K3: =COUNTIFS('RESUMEN TOTAL'!C5:C399, "=BONOMO",'RESUMEN TOTAL'!P5:P399,"=APAGADO") -> 29 | L3: =COUNTIFS('RESUMEN TOTAL'!C5:C399, "=BONOMO",'RESUMEN TOTAL'!Q5:Q399,"=APAGADO") -> 17 | M3: =COUNTIFS('RESUMEN TOTAL'!C5:C399, "=BONOMO",'RESUMEN TOTAL'!R5:R399,"=APAGADO") -> 0 | N3: =COUNTIFS('RESUMEN TOTAL'!C5:C399, "=BONOMO",'RESUMEN TOTAL'!S5:S399,"=APAGADO") -> 0 | O3: =COUNTIFS('RESUMEN TOTAL'!C5:C399, "=BONOMO",'RESUMEN TOTAL'!T5:T399,"=APAGADO") -> 0 | P3: =COUNTIFS('RESUMEN TOTAL'!C5:C399, "=BONOMO",'RESUMEN TOTAL'!U5:U399,"=APAGADO") -> 0 | Q3: =COUNTIFS('RESUMEN TOTAL'!C5:C399, "=BONOMO",'RESUMEN TOTAL'!V5:V399,"=APAGADO") -> 0 | R3: =COUNTIFS('RESUMEN TOTAL'!C5:C399, "=BONOMO",'RESUMEN TOTAL'!W5:W399,"=APAGADO") -> 0 | S3: =COUNTIFS('RESUMEN TOTAL'!C5:C399, "=BONOMO",'RESUMEN TOTAL'!X5:X399,"=APAGADO") -> 0 | T3: =COUNTIFS('RESUMEN TOTAL'!C5:C399, "=BONOMO",'RESUMEN TOTAL'!Y5:Y399,"=APAGADO") -> 0 | U3: =COUNTIFS('RESUMEN TOTAL'!C5:C399, "=BONOMO",'RESUMEN TOTAL'!Z5:Z399,"=APAGADO") -> 0 | V3: =COUNTIFS('RESUMEN TOTAL'!C5:C399, "=BONOMO",'RESUMEN TOTAL'!AA5:AA399,"=APAGADO") -> 0 | W3: =COUNTIFS('RESUMEN TOTAL'!C5:C399, "=BONOMO",'RESUMEN TOTAL'!AB5:AB399,"=APAGADO") -> 0 | X3: =COUNTIFS('RESUMEN TOTAL'!C5:C399, "=BONOMO",'RESUMEN TOTAL'!AC5:AC399,"=APAGADO") -> 0 | Y3: =COUNTIFS('RESUMEN TOTAL'!C5:C399, "=BONOMO",'RESUMEN TOTAL'!AD5:AD399,"=APAGADO") -> 0 | Z3: =COUNTIFS('RESUMEN TOTAL'!C5:C399, "=BONOMO",'RESUMEN TOTAL'!AE5:AE399,"=APAGADO") -> 0 | AA3: =COUNTIFS('RESUMEN TOTAL'!C5:C399, "=BONOMO",'RESUMEN TOTAL'!AF5:AF399,"=APAGADO") -> 0 | AB3: =COUNTIFS('RESUMEN TOTAL'!C5:C399, "=BONOMO",'RESUMEN TOTAL'!AG5:AG399,"=APAGADO") -> 0 | AC3: =COUNTIFS('RESUMEN TOTAL'!C5:C399, "=BONOMO",'RESUMEN TOTAL'!AH5:AH399,"=APAGADO") -> 0 | AD3: =COUNTIFS('RESUMEN TOTAL'!C5:C399, "=BONOMO",'RESUMEN TOTAL'!AI5:AI399,"=APAGADO") -> 0 | AE3: =COUNTIFS('RESUMEN TOTAL'!C5:C399, "=BONOMO",'RESUMEN TOTAL'!AJ5:AJ399,"=APAGADO") -> 0 | AF3: =COUNTIFS('RESUMEN TOTAL'!C5:C399, "=BONOMO",'RESUMEN TOTAL'!AK5:AK399,"=APAGADO") -> 0 | AG3: =COUNTIFS('RESUMEN TOTAL'!C5:C399, "=BONOMO",'RESUMEN TOTAL'!AL5:AL399,"=APAGADO") -> 0 | AH3: =COUNTIFS('RESUMEN TOTAL'!C5:C399, "=BONOMO",'RESUMEN TOTAL'!AM5:AM399,"=APAGADO") -> 0 | AI3: =COUNTIFS('RESUMEN TOTAL'!C5:C399, "=BONOMO",'RESUMEN TOTAL'!AN5:AN399,"=APAGADO") -> 0 | AJ3: =COUNTIFS('RESUMEN TOTAL'!C5:C399, "=BONOMO",'RESUMEN TOTAL'!#REF!,"=APAGADO") -> #REF!
A4: COSEIDI | B4: =COUNTIFS('RESUMEN TOTAL'!C5:C399,"=COSEIDI") -> 183 | E4: % BONOMO | F4: =F3/BONOMOcam -> 0.10377358 | G4: =G3/BONOMOcam -> 0.23584906 | H4: =H3/BONOMOcam -> 0.28301887 | I4: =I3/BONOMOcam -> 0.25943396 | J4: =J3/BONOMOcam -> 0.12735849 | K4: =K3/BONOMOcam -> 0.13679245 | L4: =L3/BONOMOcam -> 0.080188679 | M4: =M3/BONOMOcam -> 0 | ... AJ4: =AJ3/BONOMOcam -> #REF!
D5: COSEIDI | E5: APAGADAS COSEIDI | F5: =COUNTIFS('RESUMEN TOTAL'!C7:C399, "=COSEIDI",'RESUMEN TOTAL'!K7:K399,"=APAGADO") -> 6 | G5: =COUNTIFS('RESUMEN TOTAL'!C7:C399, "=COSEIDI",'RESUMEN TOTAL'!L7:L399,"=APAGADO") -> 3 | H5: =COUNTIFS('RESUMEN TOTAL'!C7:C399, "=COSEIDI",'RESUMEN TOTAL'!M7:M399,"=APAGADO") -> 26 | I5: =COUNTIFS('RESUMEN TOTAL'!C7:C399, "=COSEIDI",'RESUMEN TOTAL'!N7:N399,"=APAGADO") -> 33 | J5: =COUNTIFS('RESUMEN TOTAL'!C7:C399, "=COSEIDI",'RESUMEN TOTAL'!O7:O399,"=APAGADO") -> 11 | K5: =COUNTIFS('RESUMEN TOTAL'!C7:C399, "=COSEIDI",'RESUMEN TOTAL'!P7:P399,"=APAGADO") -> 3 | L5: =COUNTIFS('RESUMEN TOTAL'!C7:C399, "=COSEIDI",'RESUMEN TOTAL'!Q7:Q399,"=APAGADO") -> 4 | M5: =COUNTIFS('RESUMEN TOTAL'!C7:C399, "=COSEIDI",'RESUMEN TOTAL'!R7:R399,"=APAGADO") -> 0 | N5: =COUNTIFS('RESUMEN TOTAL'!C7:C399, "=COSEIDI",'RESUMEN TOTAL'!S7:S399,"=APAGADO") -> 0 | O5: =COUNTIFS('RESUMEN TOTAL'!C7:C399, "=COSEIDI",'RESUMEN TOTAL'!T7:T399,"=APAGADO") -> 0 | P5: =COUNTIFS('RESUMEN TOTAL'!C7:C399, "=COSEIDI",'RESUMEN TOTAL'!U7:U399,"=APAGADO") -> 0 | Q5: =COUNTIFS('RESUMEN TOTAL'!C7:C399, "=COSEIDI",'RESUMEN TOTAL'!V7:V399,"=APAGADO") -> 0 | R5: =COUNTIFS('RESUMEN TOTAL'!C7:C399, "=COSEIDI",'RESUMEN TOTAL'!W7:W399,"=APAGADO") -> 0 | S5: =COUNTIFS('RESUMEN TOTAL'!C7:C399, "=COSEIDI",'RESUMEN TOTAL'!X7:X399,"=APAGADO") -> 0 | T5: =COUNTIFS('RESUMEN TOTAL'!C7:C399, "=COSEIDI",'RESUMEN TOTAL'!Y7:Y399,"=APAGADO") -> 0 | U5: =COUNTIFS('RESUMEN TOTAL'!C7:C399, "=COSEIDI",'RESUMEN TOTAL'!Z7:Z399,"=APAGADO") -> 0 | V5: =COUNTIFS('RESUMEN TOTAL'!C7:C399, "=COSEIDI",'RESUMEN TOTAL'!AA7:AA399,"=APAGADO") -> 0 | W5: =COUNTIFS('RESUMEN TOTAL'!C7:C399, "=COSEIDI",'RESUMEN TOTAL'!AB7:AB399,"=APAGADO") -> 0 | X5: =COUNTIFS('RESUMEN TOTAL'!C7:C399, "=COSEIDI",'RESUMEN TOTAL'!AC7:AC399,"=APAGADO") -> 0 | Y5: =COUNTIFS('RESUMEN TOTAL'!C7:C399, "=COSEIDI",'RESUMEN TOTAL'!AD7:AD399,"=APAGADO") -> 0 | Z5: =COUNTIFS('RESUMEN TOTAL'!C7:C399, "=COSEIDI",'RESUMEN TOTAL'!AE7:AE399,"=APAGADO") -> 0 | AA5: =COUNTIFS('RESUMEN TOTAL'!C7:C399, "=COSEIDI",'RESUMEN TOTAL'!AF7:AF399,"=APAGADO") -> 0 | AB5: =COUNTIFS('RESUMEN TOTAL'!C7:C399, "=COSEIDI",'RESUMEN TOTAL'!AG7:AG399,"=APAGADO") -> 0 | AC5: =COUNTIFS('RESUMEN TOTAL'!C7:C399, "=COSEIDI",'RESUMEN TOTAL'!AH7:AH399,"=APAGADO") -> 0 | AD5: =COUNTIFS('RESUMEN TOTAL'!C7:C399, "=COSEIDI",'RESUMEN TOTAL'!AI7:AI399,"=APAGADO") -> 0 | AE5: =COUNTIFS('RESUMEN TOTAL'!C7:C399, "=COSEIDI",'RESUMEN TOTAL'!AJ7:AJ399,"=APAGADO") -> 0 | AF5: =COUNTIFS('RESUMEN TOTAL'!C7:C399, "=COSEIDI",'RESUMEN TOTAL'!AK7:AK399,"=APAGADO") -> 0 | AG5: =COUNTIFS('RESUMEN TOTAL'!C7:C399, "=COSEIDI",'RESUMEN TOTAL'!AL7:AL399,"=APAGADO") -> 0 | AH5: =COUNTIFS('RESUMEN TOTAL'!C7:C399, "=COSEIDI",'RESUMEN TOTAL'!AM7:AM399,"=APAGADO") -> 0 | AI5: =COUNTIFS('RESUMEN TOTAL'!C7:C399, "=COSEIDI",'RESUMEN TOTAL'!AN7:AN399,"=APAGADO") -> 0 | AJ5: =COUNTIFS('RESUMEN TOTAL'!C7:C399, "=COSEIDI",'RESUMEN TOTAL'!#REF!,"=APAGADO") -> #REF!
E6: % COSEIDI | F6: =F5/COSEIDIcam -> 0.032786885 | G6: =G5/COSEIDIcam -> 0.016393443 | H6: =H5/COSEIDIcam -> 0.1420765 | I6: =I5/COSEIDIcam -> 0.18032787 | J6: =J5/COSEIDIcam -> 0.06010929 | K6: =K5/COSEIDIcam -> 0.016393443 | L6: =L5/COSEIDIcam -> 0.021857923 | M6: =M5/COSEIDIcam -> 0 | ... AJ6: =AJ5/COSEIDIcam -> #REF!
