Workbook
Name _25_de_agosto: 'RESUMEN TOTAL'!$A$4:$D$349

Sheet RESUMEN TOTAL
A1: CANTIDAD DE CAMARAS | C1: =COUNTA(C5:C527) -> 368 | D1: PORCIENTO DE CAIDAS | O1: =(O3)/(O2+O3) -> 0.16847826 | P1: =(P3)/(P2+P3) -> 0.2173913 | Q1: =(Q3)/(Q2+Q3) -> 0.20923913 | R1: =(R3)/(R2+R3) -> 0.19021739 | S1: =(S3)/(S2+S3) -> 0.19021739 | T1: =(T3)/(T2+T3) -> 0.1875 | U1: =(U3)/(U2+U3) -> 0.19346049 | V1: =(V3)/(V2+V3) -> 0.18206522 | ... AS1: =(AS3)/(AS2+AS3) -> 0
D2: FUNCIONAN | O2: =COUNTIF(O5:O372, "") -> 306 | P2: =COUNTIF(P5:P372, "") -> 288 | Q2: =COUNTIF(Q5:Q372, "") -> 291 | R2: =COUNTIF(R5:R372, "") -> 298 | S2: =COUNTIF(S5:S372, "") -> 298 | T2: =COUNTIF(T5:T372, "") -> 299 | U2: =COUNTIF(U5:U372, "") -> 296 | V2: =COUNTIF(V5:V372, "") -> 301 | ... AS2: =COUNTIF(AS5:AS372, "") -> 368
D3: CAIDAS | O3: =COUNTIF(O4:O447, "apagado") -> 62 | P3: =COUNTIF(P4:P447, "apagado") -> 80 | Q3: =COUNTIF(Q4:Q447, "apagado") -> 77 | R3: =COUNTIF(R4:R447, "apagado") -> 70 | S3: =COUNTIF(S4:S447, "apagado") -> 70 | T3: =COUNTIF(T4:T447, "apagado") -> 69 | U3: =COUNTIF(U4:U447, "apagado") -> 71 | V3: =COUNTIF(V4:V447, "apagado") -> 67 | ... AS3: =COUNTIF(AS4:AS447, "apagado") -> 0
A4: Barrio | B4: a coseidi | C4: [Denominacion] | D4: [Ubicacion] | E4: [Tipo de Camara] | F4: [Tipo de Conexion] | G4: [Fundamento] | H4: [Detalle] | I4: Latitud | J4: Longitud | L4: DIAS FUNCIONANDO | M4: DIAS CAIDA | N4: EFECTIVIDAD | O4: 44621 | P4: 44622 | Q4: 44623 | R4: 44624 | S4: 44625 | T4: 44626 | U4: 44627 | V4: 44628 | W4: 44629 | X4: 44630 | Y4: 44631 | Z4: 44632 | AA4: 44633 | AB4: 44634 | AC4: 44635 | AD4: 44636 | AE4: 44637 | AF4: 44638 | AG4: 44639 | AH4: 44640 | AI4: 44641 | AJ4: 44642 | AK4: 44643 | AL4: 44644 | AM4: 44645 | AN4: 44646 | AO4: 44647 | AP4: 44648 | AQ4: 44649 | AR4: 44650 | AS4: 44651
A5: PRESIDENTE PERON (PEPSI) | B5: 44629 | C5: MAR 01 | D5: RP36 Y LA ESMERALDA | E5: DOMO | F5: Fibra Optica | G5: POSIBLE VIA DE ESCAPE. FLUJO VEHICULAR | I5: -348296270000 | J5: -582165860000 | K5: 172.20.11.101 | L5: =COUNTIF(O5:AP5,"") -> 17 | M5: =COUNTIF(O5:AP5,"APAGADO") -> 11 | N5: =(L5)/(M5+L5) -> 0.60714286 | O5: APAGADO | P5: APAGADO | Q5: APAGADO | R5: APAGADO | S5: APAGADO | T5: APAGADO | U5: APAGADO | V5: APAGADO | W5: APAGADO | X5: APAGADO | Y5: APAGADO
A6: MAYOL | C6: MAY 01 | D6: Eva Peron y Cabildo | E6: Domo | F6: Radio | G6: Flujo Vehicular, Futuro corredor escolar, Zona Comercial | I6: -348239900000 | J6: -582772350000 | K6: 172.20.200.194 | L6: =COUNTIF(O6:AP6,"") -> 28 | M6: =COUNTIF(O6:AP6,"APAGADO") -> 0 | N6: =(L6)/(M6+L6) -> 1
C7: MAY 02 | D7: EVA PERON Y MONTEVIDEO | E7: Domo | F7: Radio | I7: -348218190000 | J7: -582771380000 | K7: 172.20.200.168 | L7: =COUNTIF(O7:AP7,"") -> 28 | M7: =COUNTIF(O7:AP7,"APAGADO") -> 0 | N7: =(L7)/(M7+L7) -> 1
A8: MAYOL | C8: MAY 03 | D8: CHAÑAR Y SAN NICOLAS | E8: DOMO | F8: PTP A FO | H8: ALTA 29/10/2019 | I8: -348230700000 | J8: -582702540000 | K8: 172.20.10.18 | L8: =COUNTIF(O8:AP8,"") -> 28 | M8: =COUNTIF(O8:AP8,"APAGADO") -> 0 | N8: =(L8)/(M8+L8) -> 1
C9: MAY 04 | D9: MAR CHIQUITA Y RIO JACHAL | E9: DOMO | F9: Radio | H9: 08/07/2020 COMIENZA A REPORTAR IMAGEN | I9: -348252070000 | J9: -582711820000 | K9: 10.20.30.34 | L9: =COUNTIF(O9:AP9,"") -> 28 | M9: =COUNTIF(O9:AP9,"APAGADO") -> 0 | N9: =(L9)/(M9+L9) -> 1
A10: ALTAMIRA | C10: ALT06 | D10: LOPE DE VEGA Y NECOCHEA | E10: Domo | F10: PTP A FO | H10: Instalada sin alta en sistema. ALTA en sistema y en funcionamiento 04/05/2020 | I10: -347738090000 | J10: -582721410000 | K10: 172.20.12.12 | L10: =COUNTIF(O10:AP10,"") -> 28 | M10: =COUNTIF(O10:AP10,"APAGADO") -> 0 | N10: =(L10)/(M10+L10) -> 1
A11: ALTAMIRA | C11: ALT01 | D11: Calchaqui y Sgto. Cabral | E11: Domo | F11: Fibra Optica | G11: Universidad, Zona Bancaria, Flujo Vehicular, Posible Via de Escape | I11: -347769580000 | J11: -582650900000 | K11: 172.20.10.6 | L11: =COUNTIF(O11:AP11,"") -> 28 | M11: =COUNTIF(O11:AP11,"APAGADO") -> 0 | N11: =(L11)/(M11+L11) -> 1
A12: ALTAMIRA | C12: ALT02 | D12: Calchaqui y Lope de Vega | E12: Domo | F12: PTP A FO | G12: Hospital, Flujo Vehicular, Peatonal | I12: -347718470000 | J12: -582688560000 | K12: 172.20.12.218 | L12: =COUNTIF(O12:AP12,"") -> 28 | M12: =COUNTIF(O12:AP12,"APAGADO") -> 0 | N12: =(L12)/(M12+L12) -> 1
A13: ALTAMIRA | C13: ALT03 | D13: Bombero Galarza y Necochea | E13: Domo | F13: Fibra Optica | G13: Hospital, Limite del Partido | I13: -347726570000 | J13: -582730620000 | K13: 172.20.12.54 | L13: =COUNTIF(O13:AP13,"") -> 28 | M13: =COUNTIF(O13:AP13,"APAGADO") -> 0 | N13: =(L13)/(M13+L13) -> 1
C14: ALT04 | D14: Francia y Necochea | E14: Domo | F14: Fibra Optica | G14: Zona RecreaciÃ³n | I14: -347705420000 | J14: -582748000000 | K14: 172.20.12.55 | L14: =COUNTIF(O14:AP14,"") -> 27 | M14: =COUNTIF(O14:AP14,"APAGADO") -> 1 | N14: =(L14)/(M14+L14) -> 0.96428571 | O14: APAGADO
A15: ALTAMIRA | C15: ALT05 | D15: Av. Calchaqui y Bombero Galarza | E15: Domo | F15: PTP A FO | G15: Zona Bancaria, Flujo Vehicular, Posible via de escape, Limite del partido | I15: -347708370000 | J15: -582698000000 | K15: 172.20.12.216 | L15: =COUNTIF(O15:AP15,"") -> 28 | M15: =COUNTIF(O15:AP15,"APAGADO") -> 0 | N15: =(L15)/(M15+L15) -> 1
A16: ALTAMIRA | C16: ALT07 | D16: AV. CALCHAQUI Y AV. DEL TRABAJO | E16: DOMO | F16: PTP A FO | H16: SE DA DE ALTA EL 17/09/2020 18:51HS | I16: -347737570000 | J16: -582676650000 | K16: 172.20.10.57 | L16: =COUNTIF(O16:AP16,"") -> 28 | M16: =COUNTIF(O16:AP16,"APAGADO") -> 0 | N16: =(L16)/(M16+L16) -> 1
A17: ALTAMIRA | C17: ALT08 | D17: HUMAITA Y NECOCHEA | E17: DOMO | F17: Fibra Optica | H17: REPORTA IMAGENES 20/08/2021 | I17: -347749440000 | J17: -582711610000 | K17: 172.20.11.215 | L17: =COUNTIF(O17:AP17,"") -> 28 | M17: =COUNTIF(O17:AP17,"APAGADO") -> 0 | N17: =(L17)/(M17+L17) -> 1
A18: ALTAMIRA | C18: ALT09 | D18: NECOCHEA Y CURUPAITY | E18: DOMO | F18: Fibra Optica | H18: SE DA DE ALTA 25/08/2021 | I18: -347743740000 | J18: -582715650000 | K18: 172.20.11.216 | L18: =COUNTIF(O18:AP18,"") -> 28 | M18: =COUNTIF(O18:AP18,"APAGADO") -> 0 | N18: =(L18)/(M18+L18) -> 1
A19: AGUSTIN RAMIREZ | C19: ARA01 | D19: Malambo y Tranquera | E19: Domo | F19: Fibra Optica | G19: Zona Escolar, Flujo Vehicular | I19: -347979380000 | J19: -583160950000 | K19: 172.20.12.110 | L19: =COUNTIF(O19:AP19,"") -> 19 | M19: =COUNTIF(O19:AP19,"APAGADO") -> 9 | N19: =(L19)/(M19+L19) -> 0.67857143 | P19: APAGADO | Q19: APAGADO | R19: APAGADO | S19: APAGADO | T19: APAGADO | U19: APAGADO | V19: APAGADO | W19: APAGADO | X19: APAGADO
A20: ALTAMIRA | C20: ALT10 | D20: REP. FRANCIA Y CALCHAQUI (RP 36) | E20: DOMO | F20: PTP A FO | H20: SE DA DE ALTA 10/11/2021 | I20: -347689160000 | J20: -582717100000 | K20: 172.20.12.156 | L20: =COUNTIF(O20:AP20,"") -> 28 | M20: =COUNTIF(O20:AP20,"APAGADO") -> 0 | N20: =(L20)/(M20+L20) -> 1
A21: BELGRANO | C21: BEL01 | D21: San Martin y Dardo Rocha | E21: DOMO | F21: Fibra Optica | G21: Zona Escolar, Flujo Vehicular | H21: 19/03/2020 SE RETIRO DISPOSITIVO POR RIESGO DE CAIDA. 19/08/2020 comenzo a funcionar. | I21: -347918370000 | J21: -582786080000 | K21: 172.20.12.64 | L21: =COUNTIF(O21:AP21,"") -> 28 | M21: =COUNTIF(O21:AP21,"APAGADO") -> 0 | N21: =(L21)/(M21+L21) -> 1
C22: CEN51 | D22: ILLIA Y LAS HERAS | E22: FIJA | F22: Fibra Optica | G22: POSIBLE VIA DE ESCAPE, Y FLUJO VEHICULAR | I22: -347987830000 | J22: -582840920000 | K22: 172.20.11.29 | L22: =COUNTIF(O22:AP22,"") -> 27 | M22: =COUNTIF(O22:AP22,"APAGADO") -> 1 | N22: =(L22)/(M22+L22) -> 0.96428571 | W22: APAGADO
C23: CEN53 | D23: GUTIERREZ Y BROWN | E23: Domo | F23: Radio | I23: -348013650000 | J23: -582715700000 | K23: 172.20.200.166 | L23: =COUNTIF(O23:AP23,"") -> 28 | M23: =COUNTIF(O23:AP23,"APAGADO") -> 0 | N23: =(L23)/(M23+L23) -> 1
C24: CEN 54 | D24: GUTIERREZ Y PRINGLES | E24: Domo | F24: Radio | I24: -348013470000 | J24: -582698540000 | K24: 172.20.200.165 | L24: =COUNTIF(O24:AP24,"") -> 23 | M24: =COUNTIF(O24:AP24,"APAGADO") -> 5 | N24: =(L24)/(M24+L24) -> 0.82142857 | R24: APAGADO | S24: APAGADO | T24: APAGADO | U24: APAGADO | W24: APAGADO
C25: CEN 55 | D25: BOUREL Y URQUIZA | E25: Domo | F25: Radio | I25: -348019110000 | J25: -582819990000 | K25: 172.20.200.163 | L25: =COUNTIF(O25:AP25,"") -> 28 | M25: =COUNTIF(O25:AP25,"APAGADO") -> 0 | N25: =(L25)/(M25+L25) -> 1
A26: CENTRO | C26: CEN 56 | D26: Newbery y Falucho | E26: DOMO | F26: Radio | G26: Posible via de escape, Cruce Peligroso | I26: -348073990000 | J26: -582850080000 | K26: 172.20.200.161 | L26: =COUNTIF(O26:AP26,"") -> 28 | M26: =COUNTIF(O26:AP26,"APAGADO") -> 0 | N26: =(L26)/(M26+L26) -> 1
C27: CEN 57 | D27: 25 DE MAYO Y DORREGO | E27: DOMO | F27: Radio | I27: -348007360000 | J27: -582804240000 | K27: 172.20.200.199 | L27: =COUNTIF(O27:AP27,"") -> 28 | M27: =COUNTIF(O27:AP27,"APAGADO") -> 0 | N27: =(L27)/(M27+L27) -> 1
C28: CEN 58 | D28: EEUU Y MORENO | E28: DOMO | F28: Fibra Optica | H28: INSTALADA: 11/06/18. EN FUNCIONAMIENTO: 27/06/18. | I28: -348103030000 | J28: -582835720000 | K28: 172.20.11.84 | L28: =COUNTIF(O28:AP28,"") -> 28 | M28: =COUNTIF(O28:AP28,"APAGADO") -> 0 | N28: =(L28)/(M28+L28) -> 1
C29: CEN 59 | D29: CHACABUCO Y BOUREL | E29: DOMO | F29: Radio | H29: INSTALADA:11/06/18EN FUNCIONAMIENTO: 27/06/18 | I29: -348039300000 | J29: -582819780000 | K29: 172.20.200.188 | L29: =COUNTIF(O29:AP29,"") -> 28 | M29: =COUNTIF(O29:AP29,"APAGADO") -> 0 | N29: =(L29)/(M29+L29) -> 1
A30: CENTRO | C30: CEN 60 | D30: RECONQUISTA Y ILLIA | E30: DOMO | F30: PTP A FO | H30: ALTA 26/10/2019 | I30: -347999170000 | J30: -582863530000 | K30: 172.20.12.67 | L30: =COUNTIF(O30:AP30,"") -> 27 | M30: =COUNTIF(O30:AP30,"APAGADO") -> 1 | N30: =(L30)/(M30+L30) -> 0.96428571 | W30: APAGADO
A31: CENTRO | C31: CEN 61 | D31: BOUREL Y MAIPU | E31: DOMO | F31: Radio | H31: ALTA EN FUNCIONAMIENTO 12/04/2019 | I31: -348040550000 | J31: -582819380000 | K31: 172.20.200.159 | L31: =COUNTIF(O31:AP31,"") -> 28 | M31: =COUNTIF(O31:AP31,"APAGADO") -> 0 | N31: =(L31)/(M31+L31) -> 1
A32: CENTRO | C32: CEN 62 | D32: ESPAÑA Y ALEM | E32: DOMO | F32: PTP A FO | H32: ALTA: 16/06/2020 | I32: -348038200000 | J32: -582766160000 | K32: 172.20.12.82 | L32: =COUNTIF(O32:AP32,"") -> 28 | M32: =COUNTIF(O32:AP32,"APAGADO") -> 0 | N32: =(L32)/(M32+L32) -> 1
A33: CENTRO | C33: CEN 63 | D33: SAN MARTIN Y URQUIZA | E33: DOMO | F33: Fibra Optica | H33: DADA DE ALTA ABRIL 2021 | I33: -348017700000 | J33: -582785020000 | K33: 172.20.11.112 | L33: =COUNTIF(O33:AP33,"") -> 28 | M33: =COUNTIF(O33:AP33,"APAGADO") -> 0 | N33: =(L33)/(M33+L33) -> 1
A34: CENTRO | C34: CEN 70 | D34: RIVADAVIA Y 25 MAYO | E34: Domo | F34: Fibra Optica | H34: alta en sistema 25/11/2021 | I34: -348091950000 | J34: -582800930000 | K34: 172.20.11.221 | L34: =COUNTIF(O34:AP34,"") -> 28 | M34: =COUNTIF(O34:AP34,"APAGADO") -> 0 | N34: =(L34)/(M34+L34) -> 1
A35: CENTRO | C35: CEN 71 | D35: MORENO Y BOUREL | E35: Domo | F35: Fibra Optica | H35: alta en sistema 25/11/2021 | I35: -348103130000 | J35: -582818230000 | K35: 172.20.11.220 | L35: =COUNTIF(O35:AP35,"") -> 28 | M35: =COUNTIF(O35:AP35,"APAGADO") -> 0 | N35: =(L35)/(M35+L35) -> 1
A36: CENTRO | C36: CEN 72 | D36: MORENO Y 25 DE MAYO | E36: Domo | F36: Fibra Optica | H36: ALTA EN SISTEMA 25/11/2021 | I36: -348102250000 | J36: -582800780000 | K36: 172.20.11.219 | L36: =COUNTIF(O36:AP36,"") -> 28 | M36: =COUNTIF(O36:AP36,"APAGADO") -> 0 | N36: =(L36)/(M36+L36) -> 1
A37: CENTRO | C37: CEN01 | D37: San Martin y 9 de Julio | E37: Fija | F37: Fibra Optica | G37: Zona Comercial, Flujo Vehicular | I37: -348028100000 | J37: -582782860000 | K37: 172.20.11.10 | L37: =COUNTIF(O37:AP37,"") -> 21 | M37: =COUNTIF(O37:AP37,"APAGADO") -> 7 | N37: =(L37)/(M37+L37) -> 0.75 | O37: APAGADO | P37: APAGADO | Q37: APAGADO | R37: APAGADO | S37: APAGADO | T37: APAGADO | U37: APAGADO
A38: CENTRO | C38: CEN02 | D38: San Martin y Almafuerte | E38: Fija | F38: Fibra Optica | G38: Bomberos, Flujo Vehicular, Zona Comercial | I38: -348006070000 | J38: -582784580000 | K38: 172.20.11.11 | L38: =COUNTIF(O38:AP38,"") -> 27 | M38: =COUNTIF(O38:AP38,"APAGADO") -> 0 | N38: =(L38)/(M38+L38) -> 1
A39: CENTRO | C39: CEN03 | D39: San Martin y Sallares | E39: Domo | F39: Fibra Optica | G39: Zona Comercial, Flujo Vehicular | H39: 29/03/19 FUNCIONA EN COD 1 | I39: -348080340000 | J39: -582780930000 | K39: 172.20.12.30 | L39: =COUNTIF(O39:AP39,"") -> 28 | M39: =COUNTIF(O39:AP39,"APAGADO") -> 0 | N39: =(L39)/(M39+L39) -> 1
A40: CENTRO | C40: CEN04 | D40: San Martin y Contreras | E40: Domo | F40: Fibra Optica | G40: Zona de recreaciÃ³n, Flujo vehicular | I40: -348049240000 | J40: -582781680000 | K40: 172.20.12.29 | L40: =COUNTIF(O40:AP40,"") -> 28 | M40: =COUNTIF(O40:AP40,"APAGADO") -> 0 | N40: =(L40)/(M40+L40) -> 1
A41: CENTRO | C41: CEN05 | D41: Bocuzzi e/España y San Martin | E41: DOMO | F41: Fibra Optica | G41: Zona Bancaria, Flujo Vehicular | H41: 03/01/19 se realizo cambio de dispositivo de fija a DOMO. | I41: -348100680000 | J41: -582769560000 | K41: 172.20.10.200 | L41: =COUNTIF(O41:AP41,"") -> 20 | M41: =COUNTIF(O41:AP41,"APAGADO") -> 8 | N41: =(L41)/(M41+L41) -> 0.71428571 | P41: APAGADO | Q41: APAGADO | R41: APAGADO | S41: APAGADO | T41: APAGADO | U41: APAGADO | W41: APAGADO | X41: APAGADO
A42: CENTRO | C42: CEN06 | D42: Monteagudo y A.del Valle | E42: Fija | F42: Fibra Optica | G42: Zona Bancaria | I42: -348057170000 | J42: -582748750000 | K42: 172.20.10.02 | L42: =COUNTIF(O42:AP42,"") -> 28 | M42: =COUNTIF(O42:AP42,"APAGADO") -> 0 | N42: =(L42)/(M42+L42) -> 1
A43: CENTRO | C43: CEN07 | D43: San Martin y Guemes | E43: DOMO | F43: Fibra Optica | G43: Zona de Recreacion | H43: FIBRA OPTICA CORTADA. 28/06/19 SE RETIRO EL DISPOSITIVO POR RIESGO DE CAIDA. 15/05/2020 en funcionamiento. | I43: -347959820000 | J43: -582787950000 | K43: 172.20.11.20 | L43: =COUNTIF(O43:AP43,"") -> 25 | M43: =COUNTIF(O43:AP43,"APAGADO") -> 3 | N43: =(L43)/(M43+L43) -> 0.89285714 | W43: APAGADO | X43: APAGADO | Y43: APAGADO
A44: CENTRO | C44: CEN08 | D44: San Martin y Pte.Peron | E44: Domo | F44: Fibra Optica | G44: Paso Nivel, Paso Peatonal, Zona Bancaria, Flujo Vehicular | I44: -348108520000 | J44: -582778140000 | K44: 172.20.11.21 | L44: =COUNTIF(O44:AP44,"") -> 17 | M44: =COUNTIF(O44:AP44,"APAGADO") -> 11 | N44: =(L44)/(M44+L44) -> 0.60714286 | O44: APAGADO | P44: APAGADO | Q44: APAGADO | R44: APAGADO | S44: APAGADO | T44: APAGADO | U44: APAGADO | V44: APAGADO | W44: APAGADO | X44: APAGADO | Y44: APAGADO
A45: CENTRO | C45: CEN09 | D45: Chacabuco y 25 de Mayo | E45: Domo | F45: Fibra Optica | G45: Zona Escolar, Zona de RecreaciÃ³n | I45: -348039640000 | J45: -582803250000 | K45: 172.20.11.22 | L45: =COUNTIF(O45:AP45,"") -> 28 | M45: =COUNTIF(O45:AP45,"APAGADO") -> 0 | N45: =(L45)/(M45+L45) -> 1
A46: CENTRO | C46: CEN10 | D46: Monteagudo y Pte. PerÃ³n | E46: Domo | F46: Fibra Optica | G46: Peatonal, Zona Comercial, Flujo Vehicular | I46: -348107030000 | J46: -582745850000 | K46: 172.20.11.23 | L46: =COUNTIF(O46:AP46,"") -> 28 | M46: =COUNTIF(O46:AP46,"APAGADO") -> 0 | N46: =(L46)/(M46+L46) -> 1
A47: CENTRO | C47: CEN11 | D47: Monteagudo y Bocuzzi | E47: Domo | F47: Fibra Optica | G47: Zona Bancaria, Zona Comercial, Peatonal, | H47: SIN ENERGIA EN EL POSTE. | I47: -348099320000 | J47: -582745900000 | K47: 172.20.10.24 | L47: =COUNTIF(O47:AP47,"") -> 28 | M47: =COUNTIF(O47:AP47,"APAGADO") -> 0 | N47: =(L47)/(M47+L47) -> 1
A48: CENTRO | C48: CEN12 | D48: Monteagudo y Mitre | E48: Domo | F48: Fibra Optica | G48: Zona Comercial, Zona Bancaria, Peatonal | I48: -348088700000 | J48: -582747030000 | K48: 172.20.10.23 | L48: =COUNTIF(O48:AP48,"") -> 25 | M48: =COUNTIF(O48:AP48,"APAGADO") -> 3 | N48: =(L48)/(M48+L48) -> 0.89285714 | W48: APAGADO | X48: APAGADO | Y48: APAGADO
A49: CENTRO | C49: CEN13 | D49: 25 de Mayo y Maipu | E49: DOMO | F49: Fibra Optica | G49: Zona Escolar, Zona de RecreaciÃ³n | I49: -348050030000 | J49: -582802180000 | K49: 172.20.10.20 | L49: =COUNTIF(O49:AP49,"") -> 28 | M49: =COUNTIF(O49:AP49,"APAGADO") -> 0 | N49: =(L49)/(M49+L49) -> 1
A50: CENTRO | C50: CEN14 | D50: Pte.Peron/Pringles y Brown | E50: Domo | F50: Fibra Optica | G50: Cruce de Vias, Flujo Vehicular, Posible VÃ­a de Escape | I50: -348105840000 | J50: -582705460000 | K50: 172.20.10.21 | L50: =COUNTIF(O50:AP50,"") -> 28 | M50: =COUNTIF(O50:AP50,"APAGADO") -> 0 | N50: =(L50)/(M50+L50) -> 1
A51: CENTRO | C51: CEN15 | D51: Alberdi y A.del Valle | E51: Domo | F51: Fibra Optica | G51: Desarrollo Social, Flujo vehicular | I51: -348056730000 | J51: -582731900000 | K51: 172.20.10.35 | L51: =COUNTIF(O51:AP51,"") -> 28 | M51: =COUNTIF(O51:AP51,"APAGADO") -> 0 | N51: =(L51)/(M51+L51) -> 1
A52: CENTRO | C52: CEN16 | D52: San Martin y Pte. Peron | E52: Fija | F52: Fibra Optica | G52: Zona Escolar, Zona de RecreaciÃ³n Club, Zona Bancaria, Flujo Vehicular, Paso Bajo Nivel | H52: se cambio el nombre de San Martin y Moreno al que correspondia por su ubicacion. | I52: -348100860000 | J52: -582782440000 | K52: 172.20.12.36 | L52: =COUNTIF(O52:AP52,"") -> 17 | M52: =COUNTIF(O52:AP52,"APAGADO") -> 11 | N52: =(L52)/(M52+L52) -> 0.60714286 | O52: APAGADO | P52: APAGADO | Q52: APAGADO | R52: APAGADO | S52: APAGADO | T52: APAGADO | U52: APAGADO | V52: APAGADO | W52: APAGADO | X52: APAGADO | Y52: APAGADO
C53: CEN17 | D53: San Martin y Mitre | E53: Domo | F53: PTP A FO | G53: Flujo Vehicular | H53: CON CAIDAS FRECUENTES | I53: -348090820000 | J53: -582779860000 | K53: 172.20.12.200 | L53: =COUNTIF(O53:AP53,"") -> 28 | M53: =COUNTIF(O53:AP53,"APAGADO") -> 0 | N53: =(L53)/(M53+L53) -> 1
A54: CENTRO | C54: CEN18 | D54: Monteagudo e/Mitre y Sallares | E54: Fija | F54: Fibra Optica | G54: Paso Peatonal | H54: CON CAIDAS FRECUENTES | I54: -348083950000 | J54: -582747030000 | K54: 172.20.10.26 | L54: =COUNTIF(O54:AP54,"") -> 21 | M54: =COUNTIF(O54:AP54,"APAGADO") -> 7 | N54: =(L54)/(M54+L54) -> 0.75 | O54: APAGADO | P54: APAGADO | Q54: APAGADO | R54: APAGADO | S54: APAGADO | T54: APAGADO | U54: APAGADO
A55: CENTRO | C55: CEN19 | D55: Chacabuco y 25 de Mayo | E55: Fija | F55: Fibra Optica | G55: Zona Bancaria | I55: -348039460000 | J55: -582803360000 | K55: 172.20.10.27 | L55: =COUNTIF(O55:AP55,"") -> 28 | M55: =COUNTIF(O55:AP55,"APAGADO") -> 0 | N55: =(L55)/(M55+L55) -> 1
A56: LOMAS DE MONTEVERDE | C56: CEN20 | D56: Pte. Illia y Las Heras | E56: Domo | F56: Fibra Optica | G56: Posible VÃ­a de Escape | I56: -347986060000 | J56: -582839810000 | K56: 172.20.10.33 | L56: =COUNTIF(O56:AP56,"") -> 27 | M56: =COUNTIF(O56:AP56,"APAGADO") -> 1 | N56: =(L56)/(M56+L56) -> 0.96428571 | W56: APAGADO
A57: CENTRO | C57: CEN21 | D57: Misiones y Urquiza | E57: Fija | F57: Radio | G57: Zona de Recreacion | I57: -348021710000 | J57: -582868960000 | K57: 172.20.200.132 | L57: =COUNTIF(O57:AP57,"") -> 28 | M57: =COUNTIF(O57:AP57,"APAGADO") -> 0 | N57: =(L57)/(M57+L57) -> 1
A58: CENTRO | C58: CEN22 | D58: Las Heras y Chacabuco | E58: Domo | F58: Radio | G58: Zona Escolar, Paso Peatonal | I58: -348040780000 | J58: -582835220000 | K58: 172.20.200.125 | L58: =COUNTIF(O58:AP58,"") -> 28 | M58: =COUNTIF(O58:AP58,"APAGADO") -> 0 | N58: =(L58)/(M58+L58) -> 1
A59: CENTRO | C59: CEN23 | D59: Sallares y Monteagudo | E59: Domo | F59: Fibra Optica | G59: Paso Peatonal, Zona Comercial, Zona Bancaria | I59: -348078180000 | J59: -582747270000 | K59: 172.20.12.05 | L59: =COUNTIF(O59:AP59,"") -> 25 | M59: =COUNTIF(O59:AP59,"APAGADO") -> 3 | N59: =(L59)/(M59+L59) -> 0.89285714 | W59: APAGADO | X59: APAGADO | Y59: APAGADO
A60: CENTRO | C60: CEN24 | D60: Sallares y España | E60: Domo | F60: Fibra Optica | G60: Zona Comercial, Flujo Vehicular, Paso Peatonal | I60: -348079190000 | J60: -582764410000 | K60: 172.20.12.04 | L60: =COUNTIF(O60:AP60,"") -> 18 | M60: =COUNTIF(O60:AP60,"APAGADO") -> 10 | N60: =(L60)/(M60+L60) -> 0.64285714 | O60: APAGADO | P60: APAGADO | Q60: APAGADO | R60: APAGADO | S60: APAGADO | T60: APAGADO | U60: APAGADO | W60: APAGADO | X60: APAGADO | Y60: APAGADO
A61: CENTRO | C61: CEN25 | D61: SAN MARTIN Y 9 DE JULIO | E61: Domo | F61: Fibra Optica | G61: Zona Escolar, Flujo Vehicular | H61: EX SAN MARTIN Y CASTELLI, SE COLOCO EL NOMBRE QUE REALMENTE CORRESPONDIA. | I61: -348027470000 | J61: -582782920000 | K61: 172.20.12.02 | L61: =COUNTIF(O61:AP61,"") -> 28 | M61: =COUNTIF(O61:AP61,"APAGADO") -> 0 | N61: =(L61)/(M61+L61) -> 1
A62: CENTRO | C62: CEN26 | D62: Mitre y España | E62: Domo | F62: Fibra Optica | G62: Flujo Vehicular, Zona Comercial | I62: -348089580000 | J62: -582763340000 | K62: 172.20.12.06 | L62: =COUNTIF(O62:AP62,"") -> 27 | M62: =COUNTIF(O62:AP62,"APAGADO") -> 1 | N62: =(L62)/(M62+L62) -> 0.96428571 | V62: APAGADO
A63: CENTRO | C63: CEN27 | D63: San Juan y España | E63: Domo | F63: Fibra Optica | G63: Zona Escolar, Flujo Vehicular | I63: -348068620000 | J63: -582765270000 | K63: 172.20.12.37 | L63: =COUNTIF(O63:AP63,"") -> 19 | M63: =COUNTIF(O63:AP63,"APAGADO") -> 9 | N63: =(L63)/(M63+L63) -> 0.67857143 | O63: APAGADO | P63: APAGADO | Q63: APAGADO | R63: APAGADO | S63: APAGADO | T63: APAGADO | U63: APAGADO | V63: APAGADO | W63: APAGADO
A64: CENTRO | C64: CEN28 | D64: Mitre y Alberdi | E64: Domo | F64: Fibra Optica | G64: Flujo Vehicular, Zona Comercial | I64: -348087820000 | J64: -582729860000 | K64: 172.20.12.38 | L64: =COUNTIF(O64:AP64,"") -> 28 | M64: =COUNTIF(O64:AP64,"APAGADO") -> 0 | N64: =(L64)/(M64+L64) -> 1
A65: CENTRO | C65: CEN29 | D65: Alberdi y San Juan | E65: Domo | F65: Fibra Optica | G65: Flujo Vehicular, Zona Comercial | I65: -348066860000 | J65: -582731470000 | K65: 172.20.12.40 | L65: =COUNTIF(O65:AP65,"") -> 17 | M65: =COUNTIF(O65:AP65,"APAGADO") -> 11 | N65: =(L65)/(M65+L65) -> 0.60714286 | O65: APAGADO | P65: APAGADO | Q65: APAGADO | R65: APAGADO | S65: APAGADO | T65: APAGADO | U65: APAGADO | V65: APAGADO | W65: APAGADO | X65: APAGADO | Y65: APAGADO
A66: CENTRO | C66: CEN30 | D66: Mitre y Pringles | E66: Domo | F66: Fibra Optica | G66: Corredor Escolar, Fiscalias, Flujo vehicular, Paso Peatonal | I66: -348086060000 | J66: -582700470000 | K66: 172.20.12.39 | L66: =COUNTIF(O66:AP66,"") -> 28 | M66: =COUNTIF(O66:AP66,"APAGADO") -> 0 | N66: =(L66)/(M66+L66) -> 1
A67: CENTRO | C67: CEN31 | D67: Mitre e/Monteagudo y Alberdi | E67: Domo | F67: Fibra Optica | G67: Zona Bancaria, Flujo Vehicular, Paso Peatonal | I67: -348088130000 | J67: -582738390000 | K67: 172.20.12.41 | L67: =COUNTIF(O67:AP67,"") -> 28 | M67: =COUNTIF(O67:AP67,"APAGADO") -> 0 | N67: =(L67)/(M67+L67) -> 1
A68: CENTRO | C68: CEN32 | D68: Aristobulo del Valle y España | E68: Domo | F68: Fibra Optica | G68: Zona Escolar, Flujo Vehicular | I68: -348058930000 | J68: -582764630000 | K68: 172.20.12.42 | L68: =COUNTIF(O68:AP68,"") -> 19 | M68: =COUNTIF(O68:AP68,"APAGADO") -> 9 | N68: =(L68)/(M68+L68) -> 0.67857143 | O68: APAGADO | P68: APAGADO | Q68: APAGADO | R68: APAGADO | S68: APAGADO | T68: APAGADO | U68: APAGADO | V68: APAGADO | W68: APAGADO
A69: CENTRO | C69: CEN33 | D69: Peron y Alberdi | E69: Domo | F69: Fibra Optica | G69: Zona Comercial, Flujo Vehicular | I69: -348107110000 | J69: -582728250000 | K69: 172.20.12.47 | L69: =COUNTIF(O69:AP69,"") -> 28 | M69: =COUNTIF(O69:AP69,"APAGADO") -> 0 | N69: =(L69)/(M69+L69) -> 1
A70: CENTRO | C70: CEN34 | D70: Peron y España | E70: Domo | F70: Fibra Optica | G70: Zona Comercial, Flujo Vehicular | I70: -348108080000 | J70: -582762270000 | K70: 172.20.12.49 | L70: =COUNTIF(O70:AP70,"") -> 18 | M70: =COUNTIF(O70:AP70,"APAGADO") -> 10 | N70: =(L70)/(M70+L70) -> 0.64285714 | O70: APAGADO | P70: APAGADO | Q70: APAGADO | R70: APAGADO | S70: APAGADO | T70: APAGADO | U70: APAGADO | V70: APAGADO | W70: APAGADO | X70: APAGADO
A71: CENTRO | C71: CEN35 | D71: España y Marmol | E71: Domo | F71: Fibra Optica | G71: Flujo Vehicular | I71: -347995320000 | J71: -582767420000 | K71: 172.20.12.50 | L71: =COUNTIF(O71:AP71,"") -> 28 | M71: =COUNTIF(O71:AP71,"APAGADO") -> 0 | N71: =(L71)/(M71+L71) -> 1
A72: CENTRO | C72: CEN36 | D72: España y 9 de Julio | E72: Domo | F72: Fibra Optica | G72: Flujo Vehicular | I72: -348027390000 | J72: -582766340000 | K72: 172.20.12.51 | L72: =COUNTIF(O72:AP72,"") -> 28 | M72: =COUNTIF(O72:AP72,"APAGADO") -> 0 | N72: =(L72)/(M72+L72) -> 1
A73: CENTRO | C73: CEN37 | D73: Diagonal Granaderos y Monteagudo | E73: Domo | F73: Fibra Optica | G73: Zona de Recreacion | I73: -347974350000 | J73: -582751320000 | K73: 172.20.12.52 | L73: =COUNTIF(O73:AP73,"") -> 28 | M73: =COUNTIF(O73:AP73,"APAGADO") -> 0 | N73: =(L73)/(M73+L73) -> 1
A74: CENTRO | C74: CEN38 | D74: Diagonal Constituyentes y Almafuerte | E74: Domo | F74: Fibra Optica | G74: Flujo Vehicular | I74: -348004490000 | J74: -582742520000 | K74: 172.20.12.53 | L74: =COUNTIF(O74:AP74,"") -> 28 | M74: =COUNTIF(O74:AP74,"APAGADO") -> 0 | N74: =(L74)/(M74+L74) -> 1
A75: CENTRO | C75: CEN39 | D75: San Martin y Alem | E75: Domo | F75: Fibra Optica | G75: Flujo Vehicular,Zona Escolar, Zona Comercial, Zona RecreaciÃ³n, | I75: -348038310000 | J75: -582781900000 | K75: 172.20.12.56 | L75: =COUNTIF(O75:AP75,"") -> 28 | M75: =COUNTIF(O75:AP75,"APAGADO") -> 0 | N75: =(L75)/(M75+L75) -> 1
A76: CENTRO | C76: CEN40 | D76: Contreras y Monteagudo | E76: Domo | F76: Fibra Optica | G76: Zona Comercial, Flujo Vehicular | I76: -348046950000 | J76: -582749390000 | K76: 172.20.12.57 | L76: =COUNTIF(O76:AP76,"") -> 28 | M76: =COUNTIF(O76:AP76,"APAGADO") -> 0 | N76: =(L76)/(M76+L76) -> 1
A77: CENTRO | C77: CEN41 | D77: Contreras y Alberdi | E77: Domo | F77: Fibra Optica | G77: Zona de RecreaciÃ³n, Flujo vehicular | I77: -348045710000 | J77: -582732760000 | K77: 172.20.12.58 | L77: =COUNTIF(O77:AP77,"") -> 28 | M77: =COUNTIF(O77:AP77,"APAGADO") -> 0 | N77: =(L77)/(M77+L77) -> 1
A78: CENTRO | C78: CEN42 | D78: Diagonal Constituyentes y Alem | E78: Domo | F78: Fibra Optica | G78: Flujo Vehicular | I78: -348034610000 | J78: -582706900000 | K78: 172.20.12.59 | L78: =COUNTIF(O78:AP78,"") -> 28 | M78: =COUNTIF(O78:AP78,"APAGADO") -> 0 | N78: =(L78)/(M78+L78) -> 1
A79: CENTRO | C79: CEN43 | D79: Sallares y Alberdi | E79: Domo | F79: Fibra Optica | G79: Flujo Vehicular, Zona Comercial | H79: CAIDAS FRECUENTES | I79: -348076770000 | J79: -582730080000 | K79: 172.20.12.61 | L79: =COUNTIF(O79:AP79,"") -> 28 | M79: =COUNTIF(O79:AP79,"APAGADO") -> 0 | N79: =(L79)/(M79+L79) -> 1
A80: CENTRO | C80: CEN44 | D80: Mitre y Brown | E80: Domo | F80: Fibra Optica | G80: Flujo Vehicular, Zona Comercial | I80: -348087290000 | J80: -582714950000 | K80: 172.20.12.62 | L80: =COUNTIF(O80:AP80,"") -> 14 | M80: =COUNTIF(O80:AP80,"APAGADO") -> 14 | N80: =(L80)/(M80+L80) -> 0.5 | O80: APAGADO | P80: APAGADO | Q80: APAGADO | R80: APAGADO | S80: APAGADO | T80: APAGADO | U80: APAGADO | V80: APAGADO | W80: APAGADO | X80: APAGADO | Y80: APAGADO | Z80: APAGADO | AA80: APAGADO | AB80: APAGADO
A81: CENTRO | C81: CEN45 (fija 1) | D81: EEUU Y MORENO | E81: Fija | F81: Fibra Optica | H81: EN FUNCIONAMIENTO 14/07/2021 | I81: -348102990000 | J81: -582835440000 | K81: 172.20.11.74 | L81: =COUNTIF(O81:AP81,"") -> 28 | M81: =COUNTIF(O81:AP81,"APAGADO") -> 0 | N81: =(L81)/(M81+L81) -> 1
A82: CENTRO | C82: CEN46 (fija 2) | D82: EEUU Y MORENO | E82: Fija | F82: Fibra Optica | H82: EN FUNCIONAMIENTO 14/07/2021 | I82: -348102840000 | J82: -582835020000 | K82: 172.20.11.75 | L82: =COUNTIF(O82:AP82,"") -> 28 | M82: =COUNTIF(O82:AP82,"APAGADO") -> 0 | N82: =(L82)/(M82+L82) -> 1
A83: CENTRO | C83: CEN47 | D83: Sallares y Brown | E83: Domo | F83: Fibra Optica | G83: Flujo Vehicular | I83: -348076280000 | J83: -582715700000 | K83: 172.20.12.65 | L83: =COUNTIF(O83:AP83,"") -> 28 | M83: =COUNTIF(O83:AP83,"APAGADO") -> 0 | N83: =(L83)/(M83+L83) -> 1
A84: CENTRO | C84: CEN48 | D84: Velez Sarsfield y Las Heras | E84: Domo | F84: Radio | G84: Cruce Peligroso, Flujo Vehicular, Zona Comercial | H84: SE ENCUENTRA INVERTIDA. 25/06/18 | I84: -348082910000 | J84: -582832080000 | K84: 172.20.200.181 | L84: =COUNTIF(O84:AP84,"") -> 27 | M84: =COUNTIF(O84:AP84,"APAGADO") -> 1 | N84: =(L84)/(M84+L84) -> 0.96428571 | Y84: APAGADO
A85: CENTRO | C85: CEN49 | D85: Av. San Martin y Florencio Sanchez | E85: Domo | F85: Radio | G85: Cruce peligroso por gran flujo Vehicular, Zona Comercial, Futuro corredor escolar | I85: -347975480000 | J85: -582789940000 | K85: 172.20.200.182 | L85: =COUNTIF(O85:AP85,"") -> 28 | M85: =COUNTIF(O85:AP85,"APAGADO") -> 0 | N85: =(L85)/(M85+L85) -> 1
A86: CENTRO | C86: CEN50 | D86: Av. San Martin y Newbery | E86: Domo | F86: Radio | G86: Flujo Vehicular, Zona Comercial,Vecindad con establecimiento educativo, Futuro corredor escolar | H86: PIXELADA Y CAIDA FRECUENTE | I86: -348070120000 | J86: -582783830000 | K86: 172.20.200.184 | L86: =COUNTIF(O86:AP86,"") -> 27 | M86: =COUNTIF(O86:AP86,"APAGADO") -> 1 | N86: =(L86)/(M86+L86) -> 0.96428571 | O86: APAGADO
C87: CEN52 | D87: San Martin y Almafuerte (ex San Martin y Dorrego) | E87: DOMO | F87: Radio | H87: ex San Martin y Dorrego, reubicada por obra (carril exclusivo para trasporte publico) en Av. San Martin y Almafuerte. 30/08/2018. ) | I87: -348006380000 | J87: -582785240000 | K87: 172.20.200.191 | L87: =COUNTIF(O87:AP87,"") -> 28 | M87: =COUNTIF(O87:AP87,"APAGADO") -> 0 | N87: =(L87)/(M87+L87) -> 1
A88: CENTRO | C88: CEN64 | D88: SAN MARTIN Y BOCCUZZI | E88: FIJA | F88: Fibra Optica | H88: EN FUNCIONAMIENTO 14/07/2021 | I88: -348100370000 | J88: -582778830000 | K88: 172.20.11.134 | L88: =COUNTIF(O88:AP88,"") -> 18 | M88: =COUNTIF(O88:AP88,"APAGADO") -> 10 | N88: =(L88)/(M88+L88) -> 0.64285714 | O88: APAGADO | P88: APAGADO | Q88: APAGADO | R88: APAGADO | S88: APAGADO | T88: APAGADO | U88: APAGADO | V88: APAGADO | W88: APAGADO | X88: APAGADO
A89: CENTRO | C89: CEN65 | D89: SAN MARTIN Y JUAN PERON | E89: FIJA | F89: Fibra Optica | H89: EN FUNCIONAMIENTO 14/07/2021 | I89: -348107920000 | J89: -582777490000 | K89: 172.20.11.135 | L89: =COUNTIF(O89:AP89,"") -> 19 | M89: =COUNTIF(O89:AP89,"APAGADO") -> 9 | N89: =(L89)/(M89+L89) -> 0.67857143 | P89: APAGADO | Q89: APAGADO | R89: APAGADO | S89: APAGADO | T89: APAGADO | U89: APAGADO | V89: APAGADO | W89: APAGADO | X89: APAGADO
A90: CENTRO | C90: CEN66 | D90: SAN MARTIN Y JUAN PERON | E90: FIJA | F90: Fibra Optica | H90: EN FUNCIONAMIENTO 14/07/2021 | I90: -348109620000 | J90: -582777260000 | K90: 172.20.11.136 | L90: =COUNTIF(O90:AP90,"") -> 18 | M90: =COUNTIF(O90:AP90,"APAGADO") -> 10 | N90: =(L90)/(M90+L90) -> 0.64285714 | O90: APAGADO | P90: APAGADO | Q90: APAGADO | R90: APAGADO | S90: APAGADO | T90: APAGADO | U90: APAGADO | V90: APAGADO | W90: APAGADO | X90: APAGADO
A91: CENTRO | C91: CEN67 (fija 1) | D91: 9 DE JULIO Y BROWN | E91: Fija | F91: Fibra Optica | H91: REPORTA IMAGENES 30/07/2021 | I91: -348024610000 | J91: -582715570000 | K91: 172.20.11.188 | L91: =COUNTIF(O91:AP91,"") -> 14 | M91: =COUNTIF(O91:AP91,"APAGADO") -> 14 | N91: =(L91)/(M91+L91) -> 0.5 | O91: APAGADO | P91: APAGADO | Q91: APAGADO | R91: APAGADO | S91: APAGADO | T91: APAGADO | U91: APAGADO | V91: APAGADO | W91: APAGADO | X91: APAGADO | Y91: APAGADO | Z91: APAGADO | AA91: APAGADO | AB91: APAGADO
A92: CENTRO | C92: CEN68 (fija 2) | D92: 9 DE JULIO Y BROWN | E92: Fija | F92: Fibra Optica | H92: REPORTA IMAGENES 30/07/2021 | I92: -348024610000 | J92: -582715570000 | K92: 172.20.11.189 | L92: =COUNTIF(O92:AP92,"") -> 14 | M92: =COUNTIF(O92:AP92,"APAGADO") -> 14 | N92: =(L92)/(M92+L92) -> 0.5 | O92: APAGADO | P92: APAGADO | Q92: APAGADO | R92: APAGADO | S92: APAGADO | T92: APAGADO | U92: APAGADO | V92: APAGADO | W92: APAGADO | X92: APAGADO | Y92: APAGADO | Z92: APAGADO | AA92: APAGADO | AB92: APAGADO
A93: CENTRO | C93: CEN69 | D93: RIVADAVIA Y BOUREL | E93: DOMO | F93: Fibra Optica | H93: REPORTA IMAGENES 17/11/2021 | I93: -348093230000 | J93: -582817790000 | K93: 172.20.11.222 | L93: =COUNTIF(O93:AP93,"") -> 28 | M93: =COUNTIF(O93:AP93,"APAGADO") -> 0 | N93: =(L93)/(M93+L93) -> 1
A94: CENTRO | C94: CEN73 | D94: BOUREL Y DEFENSA | E94: DOMO | F94: Fibra Optica | H94: SE DA DE ALTA 10/12/2021 | I94: -347987330000 | J94: -582822490000 | K94: 172.20.11.223 | L94: =COUNTIF(O94:AP94,"") -> 27 | M94: =COUNTIF(O94:AP94,"APAGADO") -> 1 | N94: =(L94)/(M94+L94) -> 0.96428571 | W94: APAGADO
A95: CENTRO | C95: CEN74 | D95: Las Heras y Maipu | E95: Domo | F95: Fibra Optica | I95: -348051750000 | J95: -582833410000 | K95: 172.20.11.53 | L95: =COUNTIF(O95:AP95,"") -> 28 | M95: =COUNTIF(O95:AP95,"APAGADO") -> 0 | N95: =(L95)/(M95+L95) -> 1
A96: SAN NICOLAS | C96: CHA01 | D96: Novak y Pte Illia | E96: Domo | F96: Radio | G96: Flujo Vehicular | I96: -348055400000 | J96: -582972760000 | K96: 172.20.200.126 | L96: =COUNTIF(O96:AP96,"") -> 28 | M96: =COUNTIF(O96:AP96,"APAGADO") -> 0 | N96: =(L96)/(M96+L96) -> 1
A97: CHACABUCO | C97: CHA02 | D97: Pte. Illia y Posadas | E97: Domo | F97: Radio | G97: Flujo Vehicular, Zona Comercial | H97: 11/05/18 A LA ESPERA DE INFORME. | I97: -348032560000 | J97: -582926760000 | K97: 172.20.200.186 | L97: =COUNTIF(O97:AP97,"") -> 26 | M97: =COUNTIF(O97:AP97,"APAGADO") -> 2 | N97: =(L97)/(M97+L97) -> 0.92857143 | U97: APAGADO | V97: APAGADO
A98: CHACABUCO | C98: CHA03 | D98: MAIPU Y ALVAREZ THOMAS | E98: DOMO | F98: Fibra Optica | H98: EN FUNCIONAMIENTO 13/07/2021 | I98: -348083930000 | J98: -582918310000 | K98: 172.20.11.71 | L98: =COUNTIF(O98:AP98,"") -> 28 | M98: =COUNTIF(O98:AP98,"APAGADO") -> 0 | N98: =(L98)/(M98+L98) -> 1
A99: CHACABUCO | C99: CHA04 | D99: ESTADOS UNIDOS DE A. E ILLIA | E99: DOMO | F99: Fibra Optica | H99: REPORTA IMAGENES 28/07/2021 | I99: -348019100000 | J99: -582901420000 | K99: 172.20.11.191 | L99: =COUNTIF(O99:AP99,"") -> 28 | M99: =COUNTIF(O99:AP99,"APAGADO") -> 0 | N99: =(L99)/(M99+L99) -> 1
A100: VILLA MONICA NUEVA | C100: COL01 | D100: Eva Peron y Cariboni | E100: Domo | F100: Radio | G100: Flujo Vehicular | I100: -348419680000 | J100: -582787590000 | K100: 172.20.200.177 | L100: =COUNTIF(O100:AP100,"") -> 28 | M100: =COUNTIF(O100:AP100,"APAGADO") -> 0 | N100: =(L100)/(M100+L100) -> 1
...

Sheet REPARACIONES DIARIAS
A1: REPARADOS POR DIA
A3: 44621
A4: 44622
A5: 44623
A6: 44624
A7: 44625
A8: 44626
A9: 44627
A10: 44628
A11: 44629
A12: 44630
A13: 44631
A14: 44632
... A33: 44651

Sheet ESTADISTICA
A1: ='RESUMEN TOTAL'!A4 -> Barrio | B1: ='RESUMEN TOTAL'!C4 -> [Denominacion] | C1: ='RESUMEN TOTAL'!D4 -> [Ubicacion] | D1: ='RESUMEN TOTAL'!E4 -> [Tipo de Camara] | E1: ='RESUMEN TOTAL'!F4 -> [Tipo de Conexion] | F1: ='RESUMEN TOTAL'!O4 -> 44621 | G1: ='RESUMEN TOTAL'!P4 -> 44622 | H1: ='RESUMEN TOTAL'!Q4 -> 44623 | I1: ='RESUMEN TOTAL'!R4 -> 44624 | J1: ='RESUMEN TOTAL'!S4 -> 44625 | K1: ='RESUMEN TOTAL'!T4 -> 44626 | L1: ='RESUMEN TOTAL'!U4 -> 44627 | M1: ='RESUMEN TOTAL'!V4 -> 44628 | ... AJ1: ='RESUMEN TOTAL'!AS4 -> 44651
A2: ='RESUMEN TOTAL'!A5 -> PRESIDENTE PERON (PEPSI) | B2: ='RESUMEN TOTAL'!C5 -> MAR 01 | C2: ='RESUMEN TOTAL'!D5 -> RP36 Y LA ESMERALDA | D2: ='RESUMEN TOTAL'!E5 -> DOMO | E2: ='RESUMEN TOTAL'!F5 -> Fibra Optica | F2: ='RESUMEN TOTAL'!O5 -> APAGADO | G2: ='RESUMEN TOTAL'!P5 -> APAGADO | H2: ='RESUMEN TOTAL'!Q5 -> APAGADO | I2: ='RESUMEN TOTAL'!R5 -> APAGADO | J2: ='RESUMEN TOTAL'!S5 -> APAGADO | K2: ='RESUMEN TOTAL'!T5 -> APAGADO | L2: ='RESUMEN TOTAL'!U5 -> APAGADO | M2: ='RESUMEN TOTAL'!V5 -> APAGADO | ... AG2: ='RESUMEN TOTAL'!AP5 -> 0
A3: ='RESUMEN TOTAL'!A6 -> MAYOL | B3: ='RESUMEN TOTAL'!C6 -> MAY 01 | C3: ='RESUMEN TOTAL'!D6 -> Eva Peron y Cabildo | D3: ='RESUMEN TOTAL'!E6 -> Domo | E3: ='RESUMEN TOTAL'!F6 -> Radio | F3: ='RESUMEN TOTAL'!O6 -> 0 | G3: ='RESUMEN TOTAL'!P6 -> 0 | H3: ='RESUMEN TOTAL'!Q6 -> 0 | I3: ='RESUMEN TOTAL'!R6 -> 0 | J3: ='RESUMEN TOTAL'!S6 -> 0 | K3: ='RESUMEN TOTAL'!T6 -> 0 | L3: ='RESUMEN TOTAL'!U6 -> 0 | M3: ='RESUMEN TOTAL'!V6 -> 0 | ... AG3: ='RESUMEN TOTAL'!AP6 -> 0
A4: ='RESUMEN TOTAL'!A7 -> 0 | B4: ='RESUMEN TOTAL'!C7 -> MAY 02 | C4: ='RESUMEN TOTAL'!D7 -> EVA PERON Y MONTEVIDEO | D4: ='RESUMEN TOTAL'!E7 -> Domo | E4: ='RESUMEN TOTAL'!F7 -> Radio | F4: ='RESUMEN TOTAL'!O7 -> 0 | G4: ='RESUMEN TOTAL'!P7 -> 0 | H4: ='RESUMEN TOTAL'!Q7 -> 0 | I4: ='RESUMEN TOTAL'!R7 -> 0 | J4: ='RESUMEN TOTAL'!S7 -> 0 | K4: ='RESUMEN TOTAL'!T7 -> 0 | L4: ='RESUMEN TOTAL'!U7 -> 0 | M4: ='RESUMEN TOTAL'!V7 -> 0 | ... AG4: ='RESUMEN TOTAL'!AP7 -> 0
A5: ='RESUMEN TOTAL'!A8 -> MAYOL | B5: ='RESUMEN TOTAL'!C8 -> MAY 03 | C5: ='RESUMEN TOTAL'!D8 -> CHAÑAR Y SAN NICOLAS | D5: ='RESUMEN TOTAL'!E8 -> DOMO | E5: ='RESUMEN TOTAL'!F8 -> PTP A FO | F5: ='RESUMEN TOTAL'!O8 -> 0 | G5: ='RESUMEN TOTAL'!P8 -> 0 | H5: ='RESUMEN TOTAL'!Q8 -> 0 | I5: ='RESUMEN TOTAL'!R8 -> 0 | J5: ='RESUMEN TOTAL'!S8 -> 0 | K5: ='RESUMEN TOTAL'!T8 -> 0 | L5: ='RESUMEN TOTAL'!U8 -> 0 | M5: ='RESUMEN TOTAL'!V8 -> 0 | ... AG5: ='RESUMEN TOTAL'!AP8 -> 0
A6: ='RESUMEN TOTAL'!A9 -> 0 | B6: ='RESUMEN TOTAL'!C9 -> MAY 04 | C6: ='RESUMEN TOTAL'!D9 -> MAR CHIQUITA Y RIO JACHAL | D6: ='RESUMEN TOTAL'!E9 -> DOMO | E6: ='RESUMEN TOTAL'!F9 -> Radio | F6: ='RESUMEN TOTAL'!O9 -> 0 | G6: ='RESUMEN TOTAL'!P9 -> 0 | H6: ='RESUMEN TOTAL'!Q9 -> 0 | I6: ='RESUMEN TOTAL'!R9 -> 0 | J6: ='RESUMEN TOTAL'!S9 -> 0 | K6: ='RESUMEN TOTAL'!T9 -> 0 | L6: ='RESUMEN TOTAL'!U9 -> 0 | M6: ='RESUMEN TOTAL'!V9 -> 0 | ... AG6: ='RESUMEN TOTAL'!AP9 -> 0
A7: ='RESUMEN TOTAL'!A10 -> ALTAMIRA | B7: ='RESUMEN TOTAL'!C10 -> ALT06 | C7: ='RESUMEN TOTAL'!D10 -> LOPE DE VEGA Y NECOCHEA | D7: ='RESUMEN TOTAL'!E10 -> Domo | E7: ='RESUMEN TOTAL'!F10 -> PTP A FO | F7: ='RESUMEN TOTAL'!O10 -> 0 | G7: ='RESUMEN TOTAL'!P10 -> 0 | H7: ='RESUMEN TOTAL'!Q10 -> 0 | I7: ='RESUMEN TOTAL'!R10 -> 0 | J7: ='RESUMEN TOTAL'!S10 -> 0 | K7: ='RESUMEN TOTAL'!T10 -> 0 | L7: ='RESUMEN TOTAL'!U10 -> 0 | M7: ='RESUMEN TOTAL'!V10 -> 0 | ... AG7: ='RESUMEN TOTAL'!AP10 -> 0
A8: ='RESUMEN TOTAL'!A11 -> ALTAMIRA | B8: ='RESUMEN TOTAL'!C11 -> ALT01 | C8: ='RESUMEN TOTAL'!D11 -> Calchaqui y Sgto. Cabral | D8: ='RESUMEN TOTAL'!E11 -> Domo | E8: ='RESUMEN TOTAL'!F11 -> Fibra Optica | F8: ='RESUMEN TOTAL'!O11 -> 0 | G8: ='RESUMEN TOTAL'!P11 -> 0 | H8: ='RESUMEN TOTAL'!Q11 -> 0 | I8: ='RESUMEN TOTAL'!R11 -> 0 | J8: ='RESUMEN TOTAL'!S11 -> 0 | K8: ='RESUMEN TOTAL'!T11 -> 0 | L8: ='RESUMEN TOTAL'!U11 -> 0 | M8: ='RESUMEN TOTAL'!V11 -> 0 | ... AG8: ='RESUMEN TOTAL'!AP11 -> 0
A9: ='RESUMEN TOTAL'!A12 -> ALTAMIRA | B9: ='RESUMEN TOTAL'!C12 -> ALT02 | C9: ='RESUMEN TOTAL'!D12 -> Calchaqui y Lope de Vega | D9: ='RESUMEN TOTAL'!E12 -> Domo | E9: ='RESUMEN TOTAL'!F12 -> PTP A FO | F9: ='RESUMEN TOTAL'!O12 -> 0 | G9: ='RESUMEN TOTAL'!P12 -> 0 | H9: ='RESUMEN TOTAL'!Q12 -> 0 | I9: ='RESUMEN TOTAL'!R12 -> 0 | J9: ='RESUMEN TOTAL'!S12 -> 0 | K9: ='RESUMEN TOTAL'!T12 -> 0 | L9: ='RESUMEN TOTAL'!U12 -> 0 | M9: ='RESUMEN TOTAL'!V12 -> 0 | ... AG9: ='RESUMEN TOTAL'!AP12 -> 0
A10: ='RESUMEN TOTAL'!A13 -> ALTAMIRA | B10: ='RESUMEN TOTAL'!C13 -> ALT03 | C10: ='RESUMEN TOTAL'!D13 -> Bombero Galarza y Necochea | D10: ='RESUMEN TOTAL'!E13 -> Domo | E10: ='RESUMEN TOTAL'!F13 -> Fibra Optica | F10: ='RESUMEN TOTAL'!O13 -> 0 | G10: ='RESUMEN TOTAL'!P13 -> 0 | H10: ='RESUMEN TOTAL'!Q13 -> 0 | I10: ='RESUMEN TOTAL'!R13 -> 0 | J10: ='RESUMEN TOTAL'!S13 -> 0 | K10: ='RESUMEN TOTAL'!T13 -> 0 | L10: ='RESUMEN TOTAL'!U13 -> 0 | M10: ='RESUMEN TOTAL'!V13 -> 0 | ... AG10: ='RESUMEN TOTAL'!AP13 -> 0
A11: ='RESUMEN TOTAL'!A14 -> 0 | B11: ='RESUMEN TOTAL'!C14 -> ALT04 | C11: ='RESUMEN TOTAL'!D14 -> Francia y Necochea | D11: ='RESUMEN TOTAL'!E14 -> Domo | E11: ='RESUMEN TOTAL'!F14 -> Fibra Optica | F11: ='RESUMEN TOTAL'!O14 -> APAGADO | G11: ='RESUMEN TOTAL'!P14 -> 0 | H11: ='RESUMEN TOTAL'!Q14 -> 0 | I11: ='RESUMEN TOTAL'!R14 -> 0 | J11: ='RESUMEN TOTAL'!S14 -> 0 | K11: ='RESUMEN TOTAL'!T14 -> 0 | L11: ='RESUMEN TOTAL'!U14 -> 0 | M11: ='RESUMEN TOTAL'!V14 -> 0 | ... AG11: ='RESUMEN TOTAL'!AP14 -> 0
A12: ='RESUMEN TOTAL'!A15 -> ALTAMIRA | B12: ='RESUMEN TOTAL'!C15 -> ALT05 | C12: ='RESUMEN TOTAL'!D15 -> Av. Calchaqui y Bombero Galarza | D12: ='RESUMEN TOTAL'!E15 -> Domo | E12: ='RESUMEN TOTAL'!F15 -> PTP A FO | F12: ='RESUMEN TOTAL'!O15 -> 0 | G12: ='RESUMEN TOTAL'!P15 -> 0 | H12: ='RESUMEN TOTAL'!Q15 -> 0 | I12: ='RESUMEN TOTAL'!R15 -> 0 | J12: ='RESUMEN TOTAL'!S15 -> 0 | K12: ='RESUMEN TOTAL'!T15 -> 0 | L12: ='RESUMEN TOTAL'!U15 -> 0 | M12: ='RESUMEN TOTAL'!V15 -> 0 | ... AG12: ='RESUMEN TOTAL'!AP15 -> 0
A13: ='RESUMEN TOTAL'!A16 -> ALTAMIRA | B13: ='RESUMEN TOTAL'!C16 -> ALT07 | C13: ='RESUMEN TOTAL'!D16 -> AV. CALCHAQUI Y AV. DEL TRABAJO | D13: ='RESUMEN TOTAL'!E16 -> DOMO | E13: ='RESUMEN TOTAL'!F16 -> PTP A FO | F13: ='RESUMEN TOTAL'!O16 -> 0 | G13: ='RESUMEN TOTAL'!P16 -> 0 | H13: ='RESUMEN TOTAL'!Q16 -> 0 | I13: ='RESUMEN TOTAL'!R16 -> 0 | J13: ='RESUMEN TOTAL'!S16 -> 0 | K13: ='RESUMEN TOTAL'!T16 -> 0 | L13: ='RESUMEN TOTAL'!U16 -> 0 | M13: ='RESUMEN TOTAL'!V16 -> 0 | ... AG13: ='RESUMEN TOTAL'!AP16 -> 0
... A241: ='RESUMEN TOTAL'!A244 -> LA SIRENA | B241: ='RESUMEN TOTAL'!C244 -> SIR12 (fija 2) | C241: ='RESUMEN TOTAL'!D244 -> LARREA Y GUARDIA NACIONAL | D241: ='RESUMEN TOTAL'!E244 -> Fija | E241: ='RESUMEN TOTAL'!F244 -> Fibra Optica | F241: ='RESUMEN TOTAL'!O244 -> 0 | G241: ='RESUMEN TOTAL'!P244 -> 0 | H241: ='RESUMEN TOTAL'!Q244 -> 0 | I241: ='RESUMEN TOTAL'!R244 -> 0 | J241: ='RESUMEN TOTAL'!S244 -> 0 | K241: ='RESUMEN TOTAL'!T244 -> 0 | L241: ='RESUMEN TOTAL'!U244 -> 0 | M241: ='RESUMEN TOTAL'!V244 -> 0 | ... AG241: ='RESUMEN TOTAL'!AP244 -> 0
A242: ='RESUMEN TOTAL'!A247 -> SAN JORGE | B242: ='RESUMEN TOTAL'!C247 -> SJO 03 | C242: ='RESUMEN TOTAL'!D247 -> 517 Y 580 | D242: ='RESUMEN TOTAL'!E247 -> DOMO | E242: ='RESUMEN TOTAL'!F247 -> Radio | F242: ='RESUMEN TOTAL'!O247 -> 0 | G242: ='RESUMEN TOTAL'!P247 -> 0 | H242: ='RESUMEN TOTAL'!Q247 -> 0 | I242: ='RESUMEN TOTAL'!R247 -> 0 | J242: ='RESUMEN TOTAL'!S247 -> 0 | K242: ='RESUMEN TOTAL'!T247 -> 0 | L242: ='RESUMEN TOTAL'!U247 -> 0 | M242: ='RESUMEN TOTAL'!V247 -> 0 | ... AG242: ='RESUMEN TOTAL'!AP247 -> 0
A243: ='RESUMEN TOTAL'!A248 -> SAN JORGE | B243: ='RESUMEN TOTAL'!C248 -> SJO 04 | C243: ='RESUMEN TOTAL'!D248 -> 552 Y 519 | D243: ='RESUMEN TOTAL'!E248 -> DOMO | E243: ='RESUMEN TOTAL'!F248 -> Radio | F243: ='RESUMEN TOTAL'!O248 -> 0 | G243: ='RESUMEN TOTAL'!P248 -> 0 | H243: ='RESUMEN TOTAL'!Q248 -> 0 | I243: ='RESUMEN TOTAL'!R248 -> 0 | J243: ='RESUMEN TOTAL'!S248 -> 0 | K243: ='RESUMEN TOTAL'!T248 -> 0 | L243: ='RESUMEN TOTAL'!U248 -> 0 | M243: ='RESUMEN TOTAL'!V248 -> 0 | ... AG243: ='RESUMEN TOTAL'!AP248 -> 0
A244: ='RESUMEN TOTAL'!A249 -> SAN JORGE | B244: ='RESUMEN TOTAL'!C249 -> SJO01 | C244: ='RESUMEN TOTAL'!D249 -> Calle 554 y 527 | D244: ='RESUMEN TOTAL'!E249 -> Domo | E244: ='RESUMEN TOTAL'!F249 -> Radio | F244: ='RESUMEN TOTAL'!O249 -> 0 | G244: ='RESUMEN TOTAL'!P249 -> 0 | H244: ='RESUMEN TOTAL'!Q249 -> 0 | I244: ='RESUMEN TOTAL'!R249 -> 0 | J244: ='RESUMEN TOTAL'!S249 -> 0 | K244: ='RESUMEN TOTAL'!T249 -> 0 | L244: ='RESUMEN TOTAL'!U249 -> 0 | M244: ='RESUMEN TOTAL'!V249 -> 0 | ... AG244: ='RESUMEN TOTAL'!AP249 -> 0
A245: ='RESUMEN TOTAL'!A250 -> SAN JORGE | B245: ='RESUMEN TOTAL'!C250 -> SJO02 | C245: ='RESUMEN TOTAL'!D250 -> Calle 554 y 511 | D245: ='RESUMEN TOTAL'!E250 -> Domo | E245: ='RESUMEN TOTAL'!F250 -> Radio | F245: ='RESUMEN TOTAL'!O250 -> 0 | G245: ='RESUMEN TOTAL'!P250 -> 0 | H245: ='RESUMEN TOTAL'!Q250 -> 0 | I245: ='RESUMEN TOTAL'!R250 -> 0 | J245: ='RESUMEN TOTAL'!S250 -> APAGADO | K245: ='RESUMEN TOTAL'!T250 -> 0 | L245: ='RESUMEN TOTAL'!U250 -> 0 | M245: ='RESUMEN TOTAL'!V250 -> 0 | ... AG245: ='RESUMEN TOTAL'!AP250 -> 0
A246: ='RESUMEN TOTAL'!A251 -> SAN JORGE | B246: ='RESUMEN TOTAL'!C251 -> SJO05 (fija 1) | C246: ='RESUMEN TOTAL'!D251 -> 511 Y 560 | D246: ='RESUMEN TOTAL'!E251 -> Fija | E246: ='RESUMEN TOTAL'!F251 -> Fibra Optica | F246: ='RESUMEN TOTAL'!O251 -> APAGADO | G246: ='RESUMEN TOTAL'!P251 -> APAGADO | H246: ='RESUMEN TOTAL'!Q251 -> APAGADO | I246: ='RESUMEN TOTAL'!R251 -> APAGADO | J246: ='RESUMEN TOTAL'!S251 -> APAGADO | K246: ='RESUMEN TOTAL'!T251 -> APAGADO | L246: ='RESUMEN TOTAL'!U251 -> APAGADO | M246: ='RESUMEN TOTAL'!V251 -> APAGADO | ... AG246: ='RESUMEN TOTAL'!AP251 -> 0
A247: ='RESUMEN TOTAL'!A252 -> SAN JORGE | B247: ='RESUMEN TOTAL'!C252 -> SJO06 (fija 2) | C247: ='RESUMEN TOTAL'!D252 -> 511 Y 560 | D247: ='RESUMEN TOTAL'!E252 -> Fija | E247: ='RESUMEN TOTAL'!F252 -> Fibra Optica | F247: ='RESUMEN TOTAL'!O252 -> APAGADO | G247: ='RESUMEN TOTAL'!P252 -> APAGADO | H247: ='RESUMEN TOTAL'!Q252 -> APAGADO | I247: ='RESUMEN TOTAL'!R252 -> APAGADO | J247: ='RESUMEN TOTAL'!S252 -> APAGADO | K247: ='RESUMEN TOTAL'!T252 -> APAGADO | L247: ='RESUMEN TOTAL'!U252 -> APAGADO | M247: ='RESUMEN TOTAL'!V252 -> APAGADO | ... AG247: ='RESUMEN TOTAL'!AP252 -> 0
A248: ='RESUMEN TOTAL'!A253 -> SAN JORGE | B248: ='RESUMEN TOTAL'!C253 -> SJO07 (fija 1) | C248: ='RESUMEN TOTAL'!D253 -> 503 Y 556 | D248: ='RESUMEN TOTAL'!E253 -> Fija | E248: ='RESUMEN TOTAL'!F253 -> Fibra Optica | F248: ='RESUMEN TOTAL'!O253 -> APAGADO | G248: ='RESUMEN TOTAL'!P253 -> APAGADO | H248: ='RESUMEN TOTAL'!Q253 -> APAGADO | I248: ='RESUMEN TOTAL'!R253 -> APAGADO | J248: ='RESUMEN TOTAL'!S253 -> APAGADO | K248: ='RESUMEN TOTAL'!T253 -> APAGADO | L248: ='RESUMEN TOTAL'!U253 -> APAGADO | M248: ='RESUMEN TOTAL'!V253 -> APAGADO | ... AG248: ='RESUMEN TOTAL'!AP253 -> 0
A249: ='RESUMEN TOTAL'!A254 -> SAN JORGE | B249: ='RESUMEN TOTAL'!C254 -> SJO08 (fija 2) | C249: ='RESUMEN TOTAL'!D254 -> 503 Y 556 | D249: ='RESUMEN TOTAL'!E254 -> Fija | E249: ='RESUMEN TOTAL'!F254 -> Fibra Optica | F249: ='RESUMEN TOTAL'!O254 -> APAGADO | G249: ='RESUMEN TOTAL'!P254 -> APAGADO | H249: ='RESUMEN TOTAL'!Q254 -> APAGADO | I249: ='RESUMEN TOTAL'!R254 -> APAGADO | J249: ='RESUMEN TOTAL'!S254 -> APAGADO | K249: ='RESUMEN TOTAL'!T254 -> APAGADO | L249: ='RESUMEN TOTAL'!U254 -> APAGADO | M249: ='RESUMEN TOTAL'!V254 -> APAGADO | ... AG249: ='RESUMEN TOTAL'!AP254 -> 0
A250: ='RESUMEN TOTAL'!A255 -> SANTO TOMAS | B250: ='RESUMEN TOTAL'!C255 -> SJU01 | C250: ='RESUMEN TOTAL'!D255 -> Ruta 36 y Pte.Peron | D250: ='RESUMEN TOTAL'!E255 -> Domo | E250: ='RESUMEN TOTAL'!F255 -> Radio | F250: ='RESUMEN TOTAL'!O255 -> 0 | G250: ='RESUMEN TOTAL'!P255 -> 0 | H250: ='RESUMEN TOTAL'!Q255 -> 0 | I250: ='RESUMEN TOTAL'!R255 -> 0 | J250: ='RESUMEN TOTAL'!S255 -> 0 | K250: ='RESUMEN TOTAL'!T255 -> 0 | L250: ='RESUMEN TOTAL'!U255 -> 0 | M250: ='RESUMEN TOTAL'!V255 -> 0 | ... AG250: ='RESUMEN TOTAL'!AP255 -> 0
A251: ='RESUMEN TOTAL'!A256 -> 0 | B251: ='RESUMEN TOTAL'!C256 -> SMA 03 | C251: ='RESUMEN TOTAL'!D256 -> ROSARIO Y SAN NICOLAS | D251: ='RESUMEN TOTAL'!E256 -> Domo | E251: ='RESUMEN TOTAL'!F256 -> Radio | F251: ='RESUMEN TOTAL'!O256 -> 0 | G251: ='RESUMEN TOTAL'!P256 -> 0 | H251: ='RESUMEN TOTAL'!Q256 -> 0 | I251: ='RESUMEN TOTAL'!R256 -> 0 | J251: ='RESUMEN TOTAL'!S256 -> 0 | K251: ='RESUMEN TOTAL'!T256 -> 0 | L251: ='RESUMEN TOTAL'!U256 -> 0 | M251: ='RESUMEN TOTAL'!V256 -> 0 | ... AG251: ='RESUMEN TOTAL'!AP256 -> 0
A252: ='RESUMEN TOTAL'!A257 -> VILLA GENERAL SAN MARTIN | B252: ='RESUMEN TOTAL'!C257 -> SMA 04 | C252: ='RESUMEN TOTAL'!D257 -> HUDSON Y MONTEVIDEO | D252: ='RESUMEN TOTAL'!E257 -> FIJA | E252: ='RESUMEN TOTAL'!F257 -> Radio | F252: ='RESUMEN TOTAL'!O257 -> 0 | G252: ='RESUMEN TOTAL'!P257 -> 0 | H252: ='RESUMEN TOTAL'!Q257 -> 0 | I252: ='RESUMEN TOTAL'!R257 -> 0 | J252: ='RESUMEN TOTAL'!S257 -> 0 | K252: ='RESUMEN TOTAL'!T257 -> 0 | L252: ='RESUMEN TOTAL'!U257 -> 0 | M252: ='RESUMEN TOTAL'!V257 -> 0 | ... AG252: ='RESUMEN TOTAL'!AP257 -> 0
A253: ='RESUMEN TOTAL'!A258 -> VILLA GENERAL SAN MARTIN | B253: ='RESUMEN TOTAL'!C258 -> SMA 06 | C253: ='RESUMEN TOTAL'!D258 -> AV. HUDSON Y RIO IGUAZU | D253: ='RESUMEN TOTAL'!E258 -> DOMO | E253: ='RESUMEN TOTAL'!F258 -> Fibra Optica | F253: ='RESUMEN TOTAL'!O258 -> 0 | G253: ='RESUMEN TOTAL'!P258 -> 0 | H253: ='RESUMEN TOTAL'!Q258 -> 0 | I253: ='RESUMEN TOTAL'!R258 -> 0 | J253: ='RESUMEN TOTAL'!S258 -> 0 | K253: ='RESUMEN TOTAL'!T258 -> 0 | L253: ='RESUMEN TOTAL'!U258 -> 0 | M253: ='RESUMEN TOTAL'!V258 -> 0 | ... AG253: ='RESUMEN TOTAL'!AP258 -> 0
... A367: ='RESUMEN TOTAL'!A372 -> SANTA ANA | B367: ='RESUMEN TOTAL'!C372 -> SAN02 | C367: ='RESUMEN TOTAL'!D372 -> HUDSON Y SUIPACHA FIJA 2 | D367: ='RESUMEN TOTAL'!E372 -> Fija | E367: ='RESUMEN TOTAL'!F372 -> Fibra Optica | F367: ='RESUMEN TOTAL'!O372 -> 0 | G367: ='RESUMEN TOTAL'!P372 -> 0 | H367: ='RESUMEN TOTAL'!Q372 -> 0 | I367: ='RESUMEN TOTAL'!R372 -> 0 | J367: ='RESUMEN TOTAL'!S372 -> 0 | K367: ='RESUMEN TOTAL'!T372 -> 0 | L367: ='RESUMEN TOTAL'!U372 -> 0 | M367: ='RESUMEN TOTAL'!V372 -> 0 | ... AG367: ='RESUMEN TOTAL'!AP372 -> 0

Sheet APAGADOS
E1: APAGADOS | F1: =COUNTIF(F3:F366, "APAGADO") -> 62 | G1: =COUNTIF(G3:G366, "APAGADO") -> 80 | H1: =COUNTIF(H3:H366, "APAGADO") -> 77 | I1: =COUNTIF(I3:I366, "APAGADO") -> 70 | J1: =COUNTIF(J3:J366, "APAGADO") -> 70 | K1: =COUNTIF(K3:K366, "APAGADO") -> 69 | L1: =COUNTIF(L3:L366, "APAGADO") -> 71 | M1: =COUNTIF(M3:M366, "APAGADO") -> 67 | ... AG1: =COUNTIF(AG3:AG366, "APAGADO") -> 0
A2: =ESTADISTICA!A1 -> Barrio | B2: =ESTADISTICA!B1 -> [Denominacion] | C2: =ESTADISTICA!C1 -> [Ubicacion] | D2: =ESTADISTICA!D1 -> [Tipo de Camara] | E2: =ESTADISTICA!E1 -> [Tipo de Conexion] | F2: =ESTADISTICA!F1 -> 44621 | G2: =ESTADISTICA!G1 -> 44622 | H2: =ESTADISTICA!H1 -> 44623 | ... AG2: =ESTADISTICA!AG1 -> 44648
A3: =ESTADISTICA!A2 -> PRESIDENTE PERON (PEPSI) | B3: =ESTADISTICA!B2 -> MAR 01 | C3: =ESTADISTICA!C2 -> RP36 Y LA ESMERALDA | D3: =ESTADISTICA!D2 -> DOMO | E3: =ESTADISTICA!E2 -> Fibra Optica | F3: =ESTADISTICA!F2 -> APAGADO | G3: =ESTADISTICA!G2 -> APAGADO | H3: =ESTADISTICA!H2 -> APAGADO | ... AG3: =ESTADISTICA!AG2 -> 0
A4: =ESTADISTICA!A3 -> MAYOL | B4: =ESTADISTICA!B3 -> MAY 01 | C4: =ESTADISTICA!C3 -> Eva Peron y Cabildo | D4: =ESTADISTICA!D3 -> Domo | E4: =ESTADISTICA!E3 -> Radio | F4: =ESTADISTICA!F3 -> 0 | G4: =ESTADISTICA!G3 -> 0 | H4: =ESTADISTICA!H3 -> 0 | ... AG4: =ESTADISTICA!AG3 -> 0
A5: =ESTADISTICA!A4 -> 0 | B5: =ESTADISTICA!B4 -> MAY 02 | C5: =ESTADISTICA!C4 -> EVA PERON Y MONTEVIDEO | D5: =ESTADISTICA!D4 -> Domo | E5: =ESTADISTICA!E4 -> Radio | F5: =ESTADISTICA!F4 -> 0 | G5: =ESTADISTICA!G4 -> 0 | H5: =ESTADISTICA!H4 -> 0 | ... AG5: =ESTADISTICA!AG4 -> 0
A6: =ESTADISTICA!A5 -> MAYOL | B6: =ESTADISTICA!B5 -> MAY 03 | C6: =ESTADISTICA!C5 -> CHAÑAR Y SAN NICOLAS | D6: =ESTADISTICA!D5 -> DOMO | E6: =ESTADISTICA!E5 -> PTP A FO | F6: =ESTADISTICA!F5 -> 0 | G6: =ESTADISTICA!G5 -> 0 | H6: =ESTADISTICA!H5 -> 0 | ... AG6: =ESTADISTICA!AG5 -> 0
A7: =ESTADISTICA!A6 -> 0 | B7: =ESTADISTICA!B6 -> MAY 04 | C7: =ESTADISTICA!C6 -> MAR CHIQUITA Y RIO JACHAL | D7: =ESTADISTICA!D6 -> DOMO | E7: =ESTADISTICA!E6 -> Radio | F7: =ESTADISTICA!F6 -> 0 | G7: =ESTADISTICA!G6 -> 0 | H7: =ESTADISTICA!H6 -> 0 | ... AG7: =ESTADISTICA!AG6 -> 0
A8: =ESTADISTICA!A7 -> ALTAMIRA | B8: =ESTADISTICA!B7 -> ALT06 | C8: =ESTADISTICA!C7 -> LOPE DE VEGA Y NECOCHEA | D8: =ESTADISTICA!D7 -> Domo | E8: =ESTADISTICA!E7 -> PTP A FO | F8: =ESTADISTICA!F7 -> 0 | G8: =ESTADISTICA!G7 -> 0 | H8: =ESTADISTICA!H7 -> 0 | ... AG8: =ESTADISTICA!AG7 -> 0
A9: =ESTADISTICA!A8 -> ALTAMIRA | B9: =ESTADISTICA!B8 -> ALT01 | C9: =ESTADISTICA!C8 -> Calchaqui y Sgto. Cabral | D9: =ESTADISTICA!D8 -> Domo | E9: =ESTADISTICA!E8 -> Fibra Optica | F9: =ESTADISTICA!F8 -> 0 | G9: =ESTADISTICA!G8 -> 0 | H9: =ESTADISTICA!H8 -> 0 | ... AG9: =ESTADISTICA!AG8 -> 0
A10: =ESTADISTICA!A9 -> ALTAMIRA | B10: =ESTADISTICA!B9 -> ALT02 | C10: =ESTADISTICA!C9 -> Calchaqui y Lope de Vega | D10: =ESTADISTICA!D9 -> Domo | E10: =ESTADISTICA!E9 -> PTP A FO | F10: =ESTADISTICA!F9 -> 0 | G10: =ESTADISTICA!G9 -> 0 | H10: =ESTADISTICA!H9 -> 0 | ... AG10: =ESTADISTICA!AG9 -> 0
A11: =ESTADISTICA!A10 -> ALTAMIRA | B11: =ESTADISTICA!B10 -> ALT03 | C11: =ESTADISTICA!C10 -> Bombero Galarza y Necochea | D11: =ESTADISTICA!D10 -> Domo | E11: =ESTADISTICA!E10 -> Fibra Optica | F11: =ESTADISTICA!F10 -> 0 | G11: =ESTADISTICA!G10 -> 0 | H11: =ESTADISTICA!H10 -> 0 | ... AG11: =ESTADISTICA!AG10 -> 0
A12: =ESTADISTICA!A11 -> 0 | B12: =ESTADISTICA!B11 -> ALT04 | C12: =ESTADISTICA!C11 -> Francia y Necochea | D12: =ESTADISTICA!D11 -> Domo | E12: =ESTADISTICA!E11 -> Fibra Optica | F12: =ESTADISTICA!F11 -> APAGADO | G12: =ESTADISTICA!G11 -> 0 | H12: =ESTADISTICA!H11 -> 0 | ... AG12: =ESTADISTICA!AG11 -> 0
A13: =ESTADISTICA!A12 -> ALTAMIRA | B13: =ESTADISTICA!B12 -> ALT05 | C13: =ESTADISTICA!C12 -> Av. Calchaqui y Bombero Galarza | D13: =ESTADISTICA!D12 -> Domo | E13: =ESTADISTICA!E12 -> PTP A FO | F13: =ESTADISTICA!F12 -> 0 | G13: =ESTADISTICA!G12 -> 0 | H13: =ESTADISTICA!H12 -> 0 | ... AG13: =ESTADISTICA!AG12 -> 0
... A366: =ESTADISTICA!A365 -> 0 | B366: =ESTADISTICA!B365 -> ZEB04 | C366: =ESTADISTICA!C365 -> THEVENET Y DIAGONAL GRANADEROS | D366: =ESTADISTICA!D365 -> DOMO | E366: =ESTADISTICA!E365 -> Radio | F366: =ESTADISTICA!F365 -> 0 | G366: =ESTADISTICA!G365 -> 0 | H366: =ESTADISTICA!H365 -> 0 | ... AG366: =ESTADISTICA!AG365 -> 0

Sheet APAGADOS FIBRA
C1: TOTAL FIBRA | D1: =COUNTIFS(E4:E369,"=Fibra Optica") -> 237
E2: APAGADOS | F2: =COUNTIFS(F4:F367, "=APAGADO",E4:E367,"=Fibra Optica") -> 52 | G2: =COUNTIFS(G4:G367, "=APAGADO",E4:E367,"=Fibra Optica") -> 69 | H2: =COUNTIFS(H4:H367, "=APAGADO",E4:E367,"=Fibra Optica") -> 66 | I2: =COUNTIFS(I4:I367, "=APAGADO",E4:E367,"=Fibra Optica") -> 60 | J2: =COUNTIFS(J4:J367, "=APAGADO",E4:E367,"=Fibra Optica") -> 56 | K2: =COUNTIFS(K4:K367, "=APAGADO",E4:E367,"=Fibra Optica") -> 60 | L2: =COUNTIFS(L4:L367, "=APAGADO",E4:E367,"=Fibra Optica") -> 61 | M2: =COUNTIFS(M4:M367, "=APAGADO",E4:E367,"=Fibra Optica") -> 56 | N2: =COUNTIFS(N4:N367, "=APAGADO",E4:E367,"=Fibra Optica") -> 63 | O2: =COUNTIFS(O4:O367, "=APAGADO",E4:E367,"=Fibra Optica") -> 59 | P2: =COUNTIFS(P4:P367, "=APAGADO",E4:E367,"=Fibra Optica") -> 42 | Q2: =COUNTIFS(Q4:Q367, "=APAGADO",E4:E367,"=Fibra Optica") -> 35 | R2: =COUNTIFS(R4:R367, "=APAGADO",E4:E367,"=Fibra Optica") -> 37 | S2: =COUNTIFS(S4:S367, "=APAGADO",E4:E367,"=Fibra Optica") -> 45 | T2: =COUNTIFS(T4:T367, "=APAGADO",E4:E367,"=Fibra Optica") -> 0 | U2: =COUNTIFS(U4:U367, "=APAGADO",E4:E367,"=Fibra Optica") -> 0 | V2: =COUNTIFS(V4:V367, "=APAGADO",E4:E367,"=Fibra Optica") -> 0 | W2: =COUNTIFS(W4:W367, "=APAGADO",E4:E367,"=Fibra Optica") -> 0 | X2: =COUNTIFS(X4:X367, "=APAGADO",E4:E367,"=Fibra Optica") -> 0 | Y2: =COUNTIFS(Y4:Y367, "=APAGADO",E4:E367,"=Fibra Optica") -> 0 | Z2: =COUNTIFS(Z4:Z367, "=APAGADO",E4:E367,"=Fibra Optica") -> 0 | AA2: =COUNTIFS(AA4:AA367, "=APAGADO",E4:E367,"=Fibra Optica") -> 0 | AB2: =COUNTIFS(AB4:AB367, "=APAGADO",E4:E367,"=Fibra Optica") -> 0 | AC2: =COUNTIFS(AC4:AC367, "=APAGADO",E4:E367,"=Fibra Optica") -> 0 | AD2: =COUNTIFS(AD4:AD367, "=APAGADO",AC4:AC367,"=Fibra Optica") -> 0 | AE2: =COUNTIFS(AE4:AE367, "=APAGADO",AC4:AC367,"=Fibra Optica") -> 0 | AF2: =COUNTIFS(AF4:AF367, "=APAGADO",AC4:AC367,"=Fibra Optica") -> 0 | AG2: =COUNTIFS(AG4:AG367, "=APAGADO",AC4:AC367,"=Fibra Optica") -> 0 | AH2: =COUNTIFS(AH4:AH367, "=APAGADO",AD4:AD367,"=Fibra Optica") -> 0 | AI2: =COUNTIFS(AI4:AI367, "=APAGADO",AE4:AE367,"=Fibra Optica") -> 0 | AJ2: =COUNTIFS(AJ4:AJ367, "=APAGADO",AF4:AF367,"=Fibra Optica") -> 0
A3: =ESTADISTICA!A1 -> Barrio | B3: =ESTADISTICA!B1 -> [Denominacion] | C3: =ESTADISTICA!C1 -> [Ubicacion] | D3: =ESTADISTICA!D1 -> [Tipo de Camara] | E3: =ESTADISTICA!E1 -> [Tipo de Conexion] | F3: =ESTADISTICA!F1 -> 44621 | G3: =ESTADISTICA!G1 -> 44622 | H3: =ESTADISTICA!H1 -> 44623 | ... AJ3: =ESTADISTICA!AJ1 -> 44651
A4: =ESTADISTICA!A2 -> PRESIDENTE PERON (PEPSI) | B4: =ESTADISTICA!B2 -> MAR 01 | C4: =ESTADISTICA!C2 -> RP36 Y LA ESMERALDA | D4: =ESTADISTICA!D2 -> DOMO | E4: =ESTADISTICA!E2 -> Fibra Optica | F4: =ESTADISTICA!F2 -> APAGADO | G4: =ESTADISTICA!G2 -> APAGADO | H4: =ESTADISTICA!H2 -> APAGADO | ... AG4: =ESTADISTICA!AG2 -> 0
A5: =ESTADISTICA!A3 -> MAYOL | B5: =ESTADISTICA!B3 -> MAY 01 | C5: =ESTADISTICA!C3 -> Eva Peron y Cabildo | D5: =ESTADISTICA!D3 -> Domo | E5: =ESTADISTICA!E3 -> Radio | F5: =ESTADISTICA!F3 -> 0 | G5: =ESTADISTICA!G3 -> 0 | H5: =ESTADISTICA!H3 -> 0 | ... AG5: =ESTADISTICA!AG3 -> 0
A6: =ESTADISTICA!A4 -> 0 | B6: =ESTADISTICA!B4 -> MAY 02 | C6: =ESTADISTICA!C4 -> EVA PERON Y MONTEVIDEO | D6: =ESTADISTICA!D4 -> Domo | E6: =ESTADISTICA!E4 -> Radio | F6: =ESTADISTICA!F4 -> 0 | G6: =ESTADISTICA!G4 -> 0 | H6: =ESTADISTICA!H4 -> 0 | ... AG6: =ESTADISTICA!AG4 -> 0
A7: =ESTADISTICA!A5 -> MAYOL | B7: =ESTADISTICA!B5 -> MAY 03 | C7: =ESTADISTICA!C5 -> CHAÑAR Y SAN NICOLAS | D7: =ESTADISTICA!D5 -> DOMO | E7: =ESTADISTICA!E5 -> PTP A FO | F7: =ESTADISTICA!F5 -> 0 | G7: =ESTADISTICA!G5 -> 0 | H7: =ESTADISTICA!H5 -> 0 | ... AG7: =ESTADISTICA!AG5 -> 0
A8: =ESTADISTICA!A6 -> 0 | B8: =ESTADISTICA!B6 -> MAY 04 | C8: =ESTADISTICA!C6 -> MAR CHIQUITA Y RIO JACHAL | D8: =ESTADISTICA!D6 -> DOMO | E8: =ESTADISTICA!E6 -> Radio | F8: =ESTADISTICA!F6 -> 0 | G8: =ESTADISTICA!G6 -> 0 | H8: =ESTADISTICA!H6 -> 0 | ... AG8: =ESTADISTICA!AG6 -> 0
A9: =ESTADISTICA!A7 -> ALTAMIRA | B9: =ESTADISTICA!B7 -> ALT06 | C9: =ESTADISTICA!C7 -> LOPE DE VEGA Y NECOCHEA | D9: =ESTADISTICA!D7 -> Domo | E9: =ESTADISTICA!E7 -> PTP A FO | F9: =ESTADISTICA!F7 -> 0 | G9: =ESTADISTICA!G7 -> 0 | H9: =ESTADISTICA!H7 -> 0 | ... AG9: =ESTADISTICA!AG7 -> 0
A10: =ESTADISTICA!A8 -> ALTAMIRA | B10: =ESTADISTICA!B8 -> ALT01 | C10: =ESTADISTICA!C8 -> Calchaqui y Sgto. Cabral | D10: =ESTADISTICA!D8 -> Domo | E10: =ESTADISTICA!E8 -> Fibra Optica | F10: =ESTADISTICA!F8 -> 0 | G10: =ESTADISTICA!G8 -> 0 | H10: =ESTADISTICA!H8 -> 0 | ... AG10: =ESTADISTICA!AG8 -> 0
A11: =ESTADISTICA!A9 -> ALTAMIRA | B11: =ESTADISTICA!B9 -> ALT02 | C11: =ESTADISTICA!C9 -> Calchaqui y Lope de Vega | D11: =ESTADISTICA!D9 -> Domo | E11: =ESTADISTICA!E9 -> PTP A FO | F11: =ESTADISTICA!F9 -> 0 | G11: =ESTADISTICA!G9 -> 0 | H11: =ESTADISTICA!H9 -> 0 | ... AG11: =ESTADISTICA!AG9 -> 0
A12: =ESTADISTICA!A10 -> ALTAMIRA | B12: =ESTADISTICA!B10 -> ALT03 | C12: =ESTADISTICA!C10 -> Bombero Galarza y Necochea | D12: =ESTADISTICA!D10 -> Domo | E12: =ESTADISTICA!E10 -> Fibra Optica | F12: =ESTADISTICA!F10 -> 0 | G12: =ESTADISTICA!G10 -> 0 | H12: =ESTADISTICA!H10 -> 0 | ... AG12: =ESTADISTICA!AG10 -> 0
A13: =ESTADISTICA!A11 -> 0 | B13: =ESTADISTICA!B11 -> ALT04 | C13: =ESTADISTICA!C11 -> Francia y Necochea | D13: =ESTADISTICA!D11 -> Domo | E13: =ESTADISTICA!E11 -> Fibra Optica | F13: =ESTADISTICA!F11 -> APAGADO | G13: =ESTADISTICA!G11 -> 0 | H13: =ESTADISTICA!H11 -> 0 | ... AG13: =ESTADISTICA!AG11 -> 0
A14: =ESTADISTICA!A12 -> ALTAMIRA | B14: =ESTADISTICA!B12 -> ALT05 | C14: =ESTADISTICA!C12 -> Av. Calchaqui y Bombero Galarza | D14: =ESTADISTICA!D12 -> Domo | E14: =ESTADISTICA!E12 -> PTP A FO | F14: =ESTADISTICA!F12 -> 0 | G14: =ESTADISTICA!G12 -> 0 | H14: =ESTADISTICA!H12 -> 0 | ... AG14: =ESTADISTICA!AG12 -> 0
A15: =ESTADISTICA!A13 -> ALTAMIRA | B15: =ESTADISTICA!B13 -> ALT07 | C15: =ESTADISTICA!C13 -> AV. CALCHAQUI Y AV. DEL TRABAJO | D15: =ESTADISTICA!D13 -> DOMO | E15: =ESTADISTICA!E13 -> PTP A FO | F15: =ESTADISTICA!F13 -> 0 | G15: =ESTADISTICA!G13 -> 0 | H15: =ESTADISTICA!H13 -> 0 | ... AG15: =ESTADISTICA!AG13 -> 0
... A369: =ESTADISTICA!A367 -> SANTA ANA | B369: =ESTADISTICA!B367 -> SAN02 | C369: =ESTADISTICA!C367 -> HUDSON Y SUIPACHA FIJA 2 | D369: =ESTADISTICA!D367 -> Fija | E369: =ESTADISTICA!E367 -> Fibra Optica | F369: =ESTADISTICA!F367 -> 0 | G369: =ESTADISTICA!G367 -> 0 | H369: =ESTADISTICA!H367 -> 0 | ... AG369: =ESTADISTICA!AG367 -> 0

Sheet APAGADOS ANTENA
C1: TOTAL PTP A FO | D1: =COUNTIFS(E4:E367,"=PTP A FO") -> 38
E2: APAGADOS | F2: =COUNTIFS(F4:F367, "=APAGADO",E4:E367,"=PTP A FO") -> 2 | G2: =COUNTIFS(G4:G367, "=APAGADO",E4:E367,"=PTP A FO") -> 4 | H2: =COUNTIFS(H4:H367, "=APAGADO",E4:E367,"=PTP A FO") -> 3 | I2: =COUNTIFS(I4:I367, "=APAGADO",E4:E367,"=PTP A FO") -> 1 | J2: =COUNTIFS(J4:J367, "=APAGADO",E4:E367,"=PTP A FO") -> 4 | K2: =COUNTIFS(K4:K367, "=APAGADO",E4:E367,"=PTP A FO") -> 1 | L2: =COUNTIFS(L4:L367, "=APAGADO",E4:E367,"=PTP A FO") -> 1 | M2: =COUNTIFS(M4:M367, "=APAGADO",E4:E367,"=PTP A FO") -> 2 | N2: =COUNTIFS(N4:N367, "=APAGADO",E4:E367,"=PTP A FO") -> 6 | O2: =COUNTIFS(O4:O367,"APAGADO", E4:E367,"=PTP A FO" ) -> 2 | P2: =COUNTIFS(P4:P367, "=APAGADO",E4:E367,"=PTP A FO") -> 11 | Q2: =COUNTIFS(Q4:Q367, "=APAGADO",E4:E367,"=PTP A FO") -> 8 | R2: =COUNTIFS(R4:R367, "=APAGADO",E4:E367,"=PTP A FO") -> 10 | S2: =COUNTIFS(S4:S367, "=APAGADO",E4:E367,"=PTP A FO") -> 8 | T2: =COUNTIFS(T4:T367, "=APAGADO",E4:E367,"=PTP A FO") -> 0 | U2: =COUNTIFS(U4:U367, "=APAGADO",E4:E367,"=PTP A FO") -> 0 | V2: =COUNTIFS(V4:V367, "=APAGADO",E4:E367,"=PTP A FO") -> 0 | W2: =COUNTIFS(W4:W367, "=APAGADO",E4:E367,"=PTP A FO") -> 0 | X2: =COUNTIFS(X4:X367, "=APAGADO",E4:E367,"=PTP A FO") -> 0 | Y2: =COUNTIFS(Y4:Y367, "=APAGADO",E4:E367,"=PTP A FO") -> 0 | Z2: =COUNTIFS(Z4:Z367, "=APAGADO",E4:E367,"=PTP A FO") -> 0 | AA2: =COUNTIFS(AA4:AA367, "=APAGADO",E4:E367,"=PTP A FO") -> 0 | AB2: =COUNTIFS(AB4:AB367, "=APAGADO",D4:D367,"=PTP A FO") -> 0 | AC2: =COUNTIFS(AC4:AC367, "=APAGADO",E4:E367,"=PTP A FO") -> 0 | AD2: =COUNTIFS(AD4:AD367, "=APAGADO",E4:E367,"=PTP A FO") -> 0 | AE2: =COUNTIFS(AE4:AE367, "=APAGADO",E4:E367,"=PTP A FO") -> 0 | AF2: =COUNTIFS(AF4:AF367, "=APAGADO",E4:E367,"=PTP A FO") -> 0 | AG2: =COUNTIFS(AG4:AG367, "=APAGADO",E4:E367,"=PTP A FO") -> 0 | AH2: =COUNTIFS(AH4:AH367, "=APAGADO",F4:F367,"=PTP A FO") -> 0 | AI2: =COUNTIFS(AI4:AI367, "=APAGADO",G4:G367,"=PTP A FO") -> 0 | AJ2: =COUNTIFS(AJ4:AJ367, "=APAGADO",H4:H367,"=PTP A FO") -> 0
A3: =ESTADISTICA!A1 -> Barrio | B3: =ESTADISTICA!B1 -> [Denominacion] | C3: =ESTADISTICA!C1 -> [Ubicacion] | D3: =ESTADISTICA!D1 -> [Tipo de Camara] | E3: =ESTADISTICA!E1 -> [Tipo de Conexion] | F3: =ESTADISTICA!F1 -> 44621 | G3: =ESTADISTICA!G1 -> 44622 | H3: =ESTADISTICA!H1 -> 44623 | ... AJ3: =ESTADISTICA!AJ1 -> 44651
A4: =ESTADISTICA!A2 -> PRESIDENTE PERON (PEPSI) | B4: =ESTADISTICA!B2 -> MAR 01 | C4: =ESTADISTICA!C2 -> RP36 Y LA ESMERALDA | D4: =ESTADISTICA!D2 -> DOMO | E4: =ESTADISTICA!E2 -> Fibra Optica | F4: =ESTADISTICA!F2 -> APAGADO | G4: =ESTADISTICA!G2 -> APAGADO | H4: =ESTADISTICA!H2 -> APAGADO | ... AG4: =ESTADISTICA!AG2 -> 0
A5: =ESTADISTICA!A3 -> MAYOL | B5: =ESTADISTICA!B3 -> MAY 01 | C5: =ESTADISTICA!C3 -> Eva Peron y Cabildo | D5: =ESTADISTICA!D3 -> Domo | E5: =ESTADISTICA!E3 -> Radio | F5: =ESTADISTICA!F3 -> 0 | G5: =ESTADISTICA!G3 -> 0 | H5: =ESTADISTICA!H3 -> 0 | ... AG5: =ESTADISTICA!AG3 -> 0
A6: =ESTADISTICA!A4 -> 0 | B6: =ESTADISTICA!B4 -> MAY 02 | C6: =ESTADISTICA!C4 -> EVA PERON Y MONTEVIDEO | D6: =ESTADISTICA!D4 -> Domo | E6: =ESTADISTICA!E4 -> Radio | F6: =ESTADISTICA!F4 -> 0 | G6: =ESTADISTICA!G4 -> 0 | H6: =ESTADISTICA!H4 -> 0 | ... AG6: =ESTADISTICA!AG4 -> 0
A7: =ESTADISTICA!A5 -> MAYOL | B7: =ESTADISTICA!B5 -> MAY 03 | C7: =ESTADISTICA!C5 -> CHAÑAR Y SAN NICOLAS | D7: =ESTADISTICA!D5 -> DOMO | E7: =ESTADISTICA!E5 -> PTP A FO | F7: =ESTADISTICA!F5 -> 0 | G7: =ESTADISTICA!G5 -> 0 | H7: =ESTADISTICA!H5 -> 0 | ... AG7: =ESTADISTICA!AG5 -> 0
A8: =ESTADISTICA!A6 -> 0 | B8: =ESTADISTICA!B6 -> MAY 04 | C8: =ESTADISTICA!C6 -> MAR CHIQUITA Y RIO JACHAL | D8: =ESTADISTICA!D6 -> DOMO | E8: =ESTADISTICA!E6 -> Radio | F8: =ESTADISTICA!F6 -> 0 | G8: =ESTADISTICA!G6 -> 0 | H8: =ESTADISTICA!H6 -> 0 | ... AG8: =ESTADISTICA!AG6 -> 0
A9: =ESTADISTICA!A7 -> ALTAMIRA | B9: =ESTADISTICA!B7 -> ALT06 | C9: =ESTADISTICA!C7 -> LOPE DE VEGA Y NECOCHEA | D9: =ESTADISTICA!D7 -> Domo | E9: =ESTADISTICA!E7 -> PTP A FO | F9: =ESTADISTICA!F7 -> 0 | G9: =ESTADISTICA!G7 -> 0 | H9: =ESTADISTICA!H7 -> 0 | ... AG9: =ESTADISTICA!AG7 -> 0
A10: =ESTADISTICA!A8 -> ALTAMIRA | B10: =ESTADISTICA!B8 -> ALT01 | C10: =ESTADISTICA!C8 -> Calchaqui y Sgto. Cabral | D10: =ESTADISTICA!D8 -> Domo | E10: =ESTADISTICA!E8 -> Fibra Optica | F10: =ESTADISTICA!F8 -> 0 | G10: =ESTADISTICA!G8 -> 0 | H10: =ESTADISTICA!H8 -> 0 | ... AG10: =ESTADISTICA!AG8 -> 0
A11: =ESTADISTICA!A9 -> ALTAMIRA | B11: =ESTADISTICA!B9 -> ALT02 | C11: =ESTADISTICA!C9 -> Calchaqui y Lope de Vega | D11: =ESTADISTICA!D9 -> Domo | E11: =ESTADISTICA!E9 -> PTP A FO | F11: =ESTADISTICA!F9 -> 0 | G11: =ESTADISTICA!G9 -> 0 | H11: =ESTADISTICA!H9 -> 0 | ... AG11: =ESTADISTICA!AG9 -> 0
A12: =ESTADISTICA!A10 -> ALTAMIRA | B12: =ESTADISTICA!B10 -> ALT03 | C12: =ESTADISTICA!C10 -> Bombero Galarza y Necochea | D12: =ESTADISTICA!D10 -> Domo | E12: =ESTADISTICA!E10 -> Fibra Optica | F12: =ESTADISTICA!F10 -> 0 | G12: =ESTADISTICA!G10 -> 0 | H12: =ESTADISTICA!H10 -> 0 | ... AG12: =ESTADISTICA!AG10 -> 0
A13: =ESTADISTICA!A11 -> 0 | B13: =ESTADISTICA!B11 -> ALT04 | C13: =ESTADISTICA!C11 -> Francia y Necochea | D13: =ESTADISTICA!D11 -> Domo | E13: =ESTADISTICA!E11 -> Fibra Optica | F13: =ESTADISTICA!F11 -> APAGADO | G13: =ESTADISTICA!G11 -> 0 | H13: =ESTADISTICA!H11 -> 0 | ... AG13: =ESTADISTICA!AG11 -> 0
A14: =ESTADISTICA!A12 -> ALTAMIRA | B14: =ESTADISTICA!B12 -> ALT05 | C14: =ESTADISTICA!C12 -> Av. Calchaqui y Bombero Galarza | D14: =ESTADISTICA!D12 -> Domo | E14: =ESTADISTICA!E12 -> PTP A FO | F14: =ESTADISTICA!F12 -> 0 | G14: =ESTADISTICA!G12 -> 0 | H14: =ESTADISTICA!H12 -> 0 | ... AG14: =ESTADISTICA!AG12 -> 0
A15: =ESTADISTICA!A13 -> ALTAMIRA | B15: =ESTADISTICA!B13 -> ALT07 | C15: =ESTADISTICA!C13 -> AV. CALCHAQUI Y AV. DEL TRABAJO | D15: =ESTADISTICA!D13 -> DOMO | E15: =ESTADISTICA!E13 -> PTP A FO | F15: =ESTADISTICA!F13 -> 0 | G15: =ESTADISTICA!G13 -> 0 | H15: =ESTADISTICA!H13 -> 0 | ... AG15: =ESTADISTICA!AG13 -> 0
... A278: =ESTADISTICA!A276 -> ZONA RURAL SANTA ROSA | B278: =ESTADISTICA!B276 -> SRO13 (fija 1) | C278: =ESTADISTICA!C276 -> BRUSELAS E/ GRECIA Y CHECOSLOVAQUIA | D278: =ESTADISTICA!D276 -> Fija | E278: =ESTADISTICA!E276 -> RADIO | F278: =ESTADISTICA!F276 -> 0 | G278: =ESTADISTICA!G276 -> 0 | H278: =ESTADISTICA!H276 -> 0 | ... AG278: =ESTADISTICA!AG276 -> 0
B279: =ESTADISTICA!B277 -> SRO14 (fija 2) | C279: =ESTADISTICA!C277 -> BRUSELAS E/ GRECIA Y CHECOSLOVAQUIA | D279: =ESTADISTICA!D277 -> Fija | E279: =ESTADISTICA!E277 -> RADIO | F279: =ESTADISTICA!F277 -> APAGADO | G279: =ESTADISTICA!G277 -> APAGADO | H279: =ESTADISTICA!H277 -> APAGADO | I279: =ESTADISTICA!I277 -> APAGADO | ... AG279: =ESTADISTICA!AG277 -> 0
A280: =ESTADISTICA!A278 -> SANTA ROSA | B280: =ESTADISTICA!B278 -> SRO15 | C280: =ESTADISTICA!C278 -> NOVAK Y TIRANA (614) | D280: =ESTADISTICA!D278 -> DOMO | E280: =ESTADISTICA!E278 -> Fibra Optica | F280: =ESTADISTICA!F278 -> 0 | G280: =ESTADISTICA!G278 -> 0 | H280: =ESTADISTICA!H278 -> 0 | ... AG280: =ESTADISTICA!AG278 -> 0
A281: =ESTADISTICA!A279 -> SANTA ROSA | B281: =ESTADISTICA!B279 -> SRO18 (fija 1) | C281: =ESTADISTICA!C279 -> GRAN CANARIA Y BUDAPEST | D281: =ESTADISTICA!D279 -> Fija | E281: =ESTADISTICA!E279 -> Fibra Optica | F281: =ESTADISTICA!F279 -> 0 | G281: =ESTADISTICA!G279 -> 0 | H281: =ESTADISTICA!H279 -> 0 | ... AG281: =ESTADISTICA!AG279 -> 0
A282: =ESTADISTICA!A280 -> SANTA ROSA | B282: =ESTADISTICA!B280 -> SRO19 (fija 2) | C282: =ESTADISTICA!C280 -> GRAN CANARIA Y BUDAPEST | D282: =ESTADISTICA!D280 -> Fija | E282: =ESTADISTICA!E280 -> Fibra Optica | F282: =ESTADISTICA!F280 -> 0 | G282: =ESTADISTICA!G280 -> 0 | H282: =ESTADISTICA!H280 -> 0 | ... AG282: =ESTADISTICA!AG280 -> 0
A283: =ESTADISTICA!A281 -> SAN RUDECINDO | B283: =ESTADISTICA!B281 -> SRU01 (fija 1) | C283: =ESTADISTICA!C281 -> HERNANDARIAS Y AMBATO | D283: =ESTADISTICA!D281 -> Fija | E283: =ESTADISTICA!E281 -> Fibra Optica | F283: =ESTADISTICA!F281 -> 0 | G283: =ESTADISTICA!G281 -> 0 | H283: =ESTADISTICA!H281 -> 0 | ... AG283: =ESTADISTICA!AG281 -> 0
A284: =ESTADISTICA!A282 -> SAN RUDECINDO | B284: =ESTADISTICA!B282 -> SRU02 (fija 2) | C284: =ESTADISTICA!C282 -> HERNANDARIAS Y AMBATO | D284: =ESTADISTICA!D282 -> Fija | E284: =ESTADISTICA!E282 -> Fibra Optica | F284: =ESTADISTICA!F282 -> 0 | G284: =ESTADISTICA!G282 -> 0 | H284: =ESTADISTICA!H282 -> 0 | ... AG284: =ESTADISTICA!AG282 -> 0
A285: =ESTADISTICA!A283 -> VILLA ANGELICA | B285: =ESTADISTICA!B283 -> VANG01 | C285: =ESTADISTICA!C283 -> Senzabello y Necochea | D285: =ESTADISTICA!D283 -> Domo | E285: =ESTADISTICA!E283 -> PTP A FO | F285: =ESTADISTICA!F283 -> 0 | G285: =ESTADISTICA!G283 -> 0 | H285: =ESTADISTICA!H283 -> 0 | ... AG285: =ESTADISTICA!AG283 -> 0
A286: =ESTADISTICA!A284 -> VILLA ANGELICA | B286: =ESTADISTICA!B284 -> VANG02 | C286: =ESTADISTICA!C284 -> Thevenet y Ruta 36 | D286: =ESTADISTICA!D284 -> Domo | E286: =ESTADISTICA!E284 -> Fibra Optica | F286: =ESTADISTICA!F284 -> 0 | G286: =ESTADISTICA!G284 -> 0 | H286: =ESTADISTICA!H284 -> 0 | ... AG286: =ESTADISTICA!AG284 -> 0
A287: =ESTADISTICA!A285 -> VILLA DEL PLATA | B287: =ESTADISTICA!B285 -> VANG03 | C287: =ESTADISTICA!C285 -> Thevenet 1950 | D287: =ESTADISTICA!D285 -> Domo | E287: =ESTADISTICA!E285 -> Fibra Optica | F287: =ESTADISTICA!F285 -> 0 | G287: =ESTADISTICA!G285 -> 0 | H287: =ESTADISTICA!H285 -> 0 | ... AG287: =ESTADISTICA!AG285 -> 0
A288: =ESTADISTICA!A286 -> VILLA ANGELICA | B288: =ESTADISTICA!B286 -> VANG04 | C288: =ESTADISTICA!C286 -> Storni e/Thevenet y Calle 158 | D288: =ESTADISTICA!D286 -> DOMO | E288: =ESTADISTICA!E286 -> Fibra Optica | F288: =ESTADISTICA!F286 -> 0 | G288: =ESTADISTICA!G286 -> 0 | H288: =ESTADISTICA!H286 -> 0 | ... AG288: =ESTADISTICA!AG286 -> 0
A289: =ESTADISTICA!A287 -> VILLA ANGELICA | B289: =ESTADISTICA!B287 -> VANG05 | C289: =ESTADISTICA!C287 -> Storni y Thevenet | D289: =ESTADISTICA!D287 -> Domo | E289: =ESTADISTICA!E287 -> Fibra Optica | F289: =ESTADISTICA!F287 -> 0 | G289: =ESTADISTICA!G287 -> 0 | H289: =ESTADISTICA!H287 -> 0 | ... AG289: =ESTADISTICA!AG287 -> 0
A290: =ESTADISTICA!A288 -> VILLA ANGELICA | B290: =ESTADISTICA!B288 -> VANG06 | C290: =ESTADISTICA!C288 -> Arenales e/Thevenet y Calle 158 | D290: =ESTADISTICA!D288 -> DOMO | E290: =ESTADISTICA!E288 -> Fibra Optica | F290: =ESTADISTICA!F288 -> 0 | G290: =ESTADISTICA!G288 -> 0 | H290: =ESTADISTICA!H288 -> 0 | ... AG290: =ESTADISTICA!AG288 -> 0
A291: =ESTADISTICA!A289 -> VILLA ANGELICA | B291: =ESTADISTICA!B289 -> VANG07 | C291: =ESTADISTICA!C289 -> Arenales y Thevenet | D291: =ESTADISTICA!D289 -> Domo | E291: =ESTADISTICA!E289 -> Fibra Optica | F291: =ESTADISTICA!F289 -> 0 | G291: =ESTADISTICA!G289 -> 0 | H291: =ESTADISTICA!H289 -> 0 | ... AG291: =ESTADISTICA!AG289 -> 0
... A369: =ESTADISTICA!A367 -> SANTA ANA | B369: =ESTADISTICA!B367 -> SAN02 | C369: =ESTADISTICA!C367 -> HUDSON Y SUIPACHA FIJA 2 | D369: =ESTADISTICA!D367 -> Fija | E369: =ESTADISTICA!E367 -> Fibra Optica | F369: =ESTADISTICA!F367 -> 0 | G369: =ESTADISTICA!G367 -> 0 | H369: =ESTADISTICA!H367 -> 0 | ... AG369: =ESTADISTICA!AG367 -> 0

Sheet APAGADOS RADIO
C1: TOTAL RADIO | D1: =COUNTIFS(E4:E367,"=radio") -> 90
E2: APAGADOS | F2: =COUNTIFS(F4:F367, "=APAGADO",E4:E367,"=radio") -> 8 | G2: =COUNTIFS(G4:G367, "=APAGADO",E4:E367,"=radio") -> 7 | H2: =COUNTIFS(H4:H367, "=APAGADO",E4:E367,"=radio") -> 8 | I2: =COUNTIFS(I4:I367, "=APAGADO",E4:E367,"=radio") -> 9 | J2: =COUNTIFS(J4:J367, "=APAGADO",E4:E367,"=radio") -> 9 | K2: =COUNTIFS(K4:K367, "=APAGADO",E4:E367,"=radio") -> 7 | L2: =COUNTIFS(L4:L367, "=APAGADO",E4:E367,"=radio") -> 9 | M2: =COUNTIFS(M4:M367, "=APAGADO",E4:E367,"=radio") -> 9 | N2: =COUNTIFS(N4:N367, "=APAGADO",E4:E367,"=radio") -> 10 | O2: =COUNTIFS(O4:O367, "=APAGADO",E4:E367,"=radio") -> 8 | P2: =COUNTIFS(P4:P367, "=APAGADO",E4:E367,"=radio") -> 6 | Q2: =COUNTIFS(Q4:Q367, "=APAGADO",E4:E367,"=radio") -> 4 | R2: =COUNTIFS(R4:R367, "=APAGADO",E4:E367,"=radio") -> 5 | S2: =COUNTIFS(S4:S367, "=APAGADO",E4:E367,"=radio") -> 4 | T2: =COUNTIFS(T4:T367, "=APAGADO",E4:E367,"=radio") -> 0 | U2: =COUNTIFS(U4:U367, "=APAGADO",E4:E367,"=radio") -> 0 | V2: =COUNTIFS(V4:V367, "=APAGADO",E4:E367,"=radio") -> 0 | W2: =COUNTIFS(W4:W367, "=APAGADO",E4:E367,"=radio") -> 0 | X2: =COUNTIFS(X4:X367, "=APAGADO",E4:E367,"=radio") -> 0 | Y2: =COUNTIFS(Y4:Y367, "=APAGADO",E4:E367,"=radio") -> 0 | Z2: =COUNTIFS(Z4:Z367, "=APAGADO",E4:E367,"=radio") -> 0 | AA2: =COUNTIFS(AA4:AA367, "=APAGADO",E4:E367,"=radio") -> 0 | AB2: =COUNTIFS(AB4:AB367, "=APAGADO",E4:E367,"=radio") -> 0 | AC2: =COUNTIFS(AC4:AC367, "=APAGADO",E4:E367,"=radio") -> 0 | AD2: =COUNTIFS(AD4:AD367, "=APAGADO",E4:E367,"=radio") -> 0 | AE2: =COUNTIFS(AE4:AE367, "=APAGADO",E4:E367,"=radio") -> 0 | AF2: =COUNTIFS(AF4:AF367, "=APAGADO",E4:E367,"=radio") -> 0 | AG2: =COUNTIFS(AG4:AG367, "=APAGADO",E4:E367,"=radio") -> 0 | AH2: =COUNTIFS(AH4:AH367, "=APAGADO",F4:F367,"=radio") -> 0 | AI2: =COUNTIFS(AI4:AI367, "=APAGADO",G4:G367,"=radio") -> 0 | AJ2: =COUNTIFS(AJ4:AJ367, "=APAGADO",H4:H367,"=radio") -> 0
A3: =ESTADISTICA!A1 -> Barrio | B3: =ESTADISTICA!B1 -> [Denominacion] | C3: =ESTADISTICA!C1 -> [Ubicacion] | D3: =ESTADISTICA!D1 -> [Tipo de Camara] | E3: =ESTADISTICA!E1 -> [Tipo de Conexion] | F3: =ESTADISTICA!F1 -> 44621 | G3: =ESTADISTICA!G1 -> 44622 | H3: =ESTADISTICA!H1 -> 44623 | ... AJ3: =ESTADISTICA!AJ1 -> 44651
A4: =ESTADISTICA!A2 -> PRESIDENTE PERON (PEPSI) | B4: =ESTADISTICA!B2 -> MAR 01 | C4: =ESTADISTICA!C2 -> RP36 Y LA ESMERALDA | D4: =ESTADISTICA!D2 -> DOMO | E4: =ESTADISTICA!E2 -> Fibra Optica | F4: =ESTADISTICA!F2 -> APAGADO | G4: =ESTADISTICA!G2 -> APAGADO | H4: =ESTADISTICA!H2 -> APAGADO | ... AG4: =ESTADISTICA!AG2 -> 0
A5: =ESTADISTICA!A3 -> MAYOL | B5: =ESTADISTICA!B3 -> MAY 01 | C5: =ESTADISTICA!C3 -> Eva Peron y Cabildo | D5: =ESTADISTICA!D3 -> Domo | E5: =ESTADISTICA!E3 -> Radio | F5: =ESTADISTICA!F3 -> 0 | G5: =ESTADISTICA!G3 -> 0 | H5: =ESTADISTICA!H3 -> 0 | ... AG5: =ESTADISTICA!AG3 -> 0
A6: =ESTADISTICA!A4 -> 0 | B6: =ESTADISTICA!B4 -> MAY 02 | C6: =ESTADISTICA!C4 -> EVA PERON Y MONTEVIDEO | D6: =ESTADISTICA!D4 -> Domo | E6: =ESTADISTICA!E4 -> Radio | F6: =ESTADISTICA!F4 -> 0 | G6: =ESTADISTICA!G4 -> 0 | H6: =ESTADISTICA!H4 -> 0 | ... AG6: =ESTADISTICA!AG4 -> 0
A7: =ESTADISTICA!A5 -> MAYOL | B7: =ESTADISTICA!B5 -> MAY 03 | C7: =ESTADISTICA!C5 -> CHAÑAR Y SAN NICOLAS | D7: =ESTADISTICA!D5 -> DOMO | E7: =ESTADISTICA!E5 -> PTP A FO | F7: =ESTADISTICA!F5 -> 0 | G7: =ESTADISTICA!G5 -> 0 | H7: =ESTADISTICA!H5 -> 0 | ... AG7: =ESTADISTICA!AG5 -> 0
A8: =ESTADISTICA!A6 -> 0 | B8: =ESTADISTICA!B6 -> MAY 04 | C8: =ESTADISTICA!C6 -> MAR CHIQUITA Y RIO JACHAL | D8: =ESTADISTICA!D6 -> DOMO | E8: =ESTADISTICA!E6 -> Radio | F8: =ESTADISTICA!F6 -> 0 | G8: =ESTADISTICA!G6 -> 0 | H8: =ESTADISTICA!H6 -> 0 | ... AG8: =ESTADISTICA!AG6 -> 0
A9: =ESTADISTICA!A7 -> ALTAMIRA | B9: =ESTADISTICA!B7 -> ALT06 | C9: =ESTADISTICA!C7 -> LOPE DE VEGA Y NECOCHEA | D9: =ESTADISTICA!D7 -> Domo | E9: =ESTADISTICA!E7 -> PTP A FO | F9: =ESTADISTICA!F7 -> 0 | G9: =ESTADISTICA!G7 -> 0 | H9: =ESTADISTICA!H7 -> 0 | ... AG9: =ESTADISTICA!AG7 -> 0
A10: =ESTADISTICA!A8 -> ALTAMIRA | B10: =ESTADISTICA!B8 -> ALT01 | C10: =ESTADISTICA!C8 -> Calchaqui y Sgto. Cabral | D10: =ESTADISTICA!D8 -> Domo | E10: =ESTADISTICA!E8 -> Fibra Optica | F10: =ESTADISTICA!F8 -> 0 | G10: =ESTADISTICA!G8 -> 0 | H10: =ESTADISTICA!H8 -> 0 | ... AG10: =ESTADISTICA!AG8 -> 0
A11: =ESTADISTICA!A9 -> ALTAMIRA | B11: =ESTADISTICA!B9 -> ALT02 | C11: =ESTADISTICA!C9 -> Calchaqui y Lope de Vega | D11: =ESTADISTICA!D9 -> Domo | E11: =ESTADISTICA!E9 -> PTP A FO | F11: =ESTADISTICA!F9 -> 0 | G11: =ESTADISTICA!G9 -> 0 | H11: =ESTADISTICA!H9 -> 0 | ... AG11: =ESTADISTICA!AG9 -> 0
A12: =ESTADISTICA!A10 -> ALTAMIRA | B12: =ESTADISTICA!B10 -> ALT03 | C12: =ESTADISTICA!C10 -> Bombero Galarza y Necochea | D12: =ESTADISTICA!D10 -> Domo | E12: =ESTADISTICA!E10 -> Fibra Optica | F12: =ESTADISTICA!F10 -> 0 | G12: =ESTADISTICA!G10 -> 0 | H12: =ESTADISTICA!H10 -> 0 | ... AG12: =ESTADISTICA!AG10 -> 0
A13: =ESTADISTICA!A11 -> 0 | B13: =ESTADISTICA!B11 -> ALT04 | C13: =ESTADISTICA!C11 -> Francia y Necochea | D13: =ESTADISTICA!D11 -> Domo | E13: =ESTADISTICA!E11 -> Fibra Optica | F13: =ESTADISTICA!F11 -> APAGADO | G13: =ESTADISTICA!G11 -> 0 | H13: =ESTADISTICA!H11 -> 0 | ... AG13: =ESTADISTICA!AG11 -> 0
A14: =ESTADISTICA!A12 -> ALTAMIRA | B14: =ESTADISTICA!B12 -> ALT05 | C14: =ESTADISTICA!C12 -> Av. Calchaqui y Bombero Galarza | D14: =ESTADISTICA!D12 -> Domo | E14: =ESTADISTICA!E12 -> PTP A FO | F14: =ESTADISTICA!F12 -> 0 | G14: =ESTADISTICA!G12 -> 0 | H14: =ESTADISTICA!H12 -> 0 | ... AG14: =ESTADISTICA!AG12 -> 0
A15: =ESTADISTICA!A13 -> ALTAMIRA | B15: =ESTADISTICA!B13 -> ALT07 | C15: =ESTADISTICA!C13 -> AV. CALCHAQUI Y AV. DEL TRABAJO | D15: =ESTADISTICA!D13 -> DOMO | E15: =ESTADISTICA!E13 -> PTP A FO | F15: =ESTADISTICA!F13 -> 0 | G15: =ESTADISTICA!G13 -> 0 | H15: =ESTADISTICA!H13 -> 0 | ... AG15: =ESTADISTICA!AG13 -> 0
... A278: =ESTADISTICA!A276 -> ZONA RURAL SANTA ROSA | B278: =ESTADISTICA!B276 -> SRO13 (fija 1) | C278: =ESTADISTICA!C276 -> BRUSELAS E/ GRECIA Y CHECOSLOVAQUIA | D278: =ESTADISTICA!D276 -> Fija | E278: =ESTADISTICA!E276 -> RADIO | F278: =ESTADISTICA!F276 -> 0 | G278: =ESTADISTICA!G276 -> 0 | H278: =ESTADISTICA!H276 -> 0 | ... AG278: =ESTADISTICA!AG276 -> 0
B279: =ESTADISTICA!B277 -> SRO14 (fija 2) | C279: =ESTADISTICA!C277 -> BRUSELAS E/ GRECIA Y CHECOSLOVAQUIA | D279: =ESTADISTICA!D277 -> Fija | E279: =ESTADISTICA!E277 -> RADIO | F279: =ESTADISTICA!F277 -> APAGADO | G279: =ESTADISTICA!G277 -> APAGADO | H279: =ESTADISTICA!H277 -> APAGADO | I279: =ESTADISTICA!I277 -> APAGADO | ... AG279: =ESTADISTICA!AG277 -> 0
A280: =ESTADISTICA!A278 -> SANTA ROSA | B280: =ESTADISTICA!B278 -> SRO15 | C280: =ESTADISTICA!C278 -> NOVAK Y TIRANA (614) | D280: =ESTADISTICA!D278 -> DOMO | E280: =ESTADISTICA!E278 -> Fibra Optica | F280: =ESTADISTICA!F278 -> 0 | G280: =ESTADISTICA!G278 -> 0 | H280: =ESTADISTICA!H278 -> 0 | ... AG280: =ESTADISTICA!AG278 -> 0
A281: =ESTADISTICA!A279 -> SANTA ROSA | B281: =ESTADISTICA!B279 -> SRO18 (fija 1) | C281: =ESTADISTICA!C279 -> GRAN CANARIA Y BUDAPEST | D281: =ESTADISTICA!D279 -> Fija | E281: =ESTADISTICA!E279 -> Fibra Optica | F281: =ESTADISTICA!F279 -> 0 | G281: =ESTADISTICA!G279 -> 0 | H281: =ESTADISTICA!H279 -> 0 | ... AG281: =ESTADISTICA!AG279 -> 0
A282: =ESTADISTICA!A280 -> SANTA ROSA | B282: =ESTADISTICA!B280 -> SRO19 (fija 2) | C282: =ESTADISTICA!C280 -> GRAN CANARIA Y BUDAPEST | D282: =ESTADISTICA!D280 -> Fija | E282: =ESTADISTICA!E280 -> Fibra Optica | F282: =ESTADISTICA!F280 -> 0 | G282: =ESTADISTICA!G280 -> 0 | H282: =ESTADISTICA!H280 -> 0 | ... AG282: =ESTADISTICA!AG280 -> 0
A283: =ESTADISTICA!A281 -> SAN RUDECINDO | B283: =ESTADISTICA!B281 -> SRU01 (fija 1) | C283: =ESTADISTICA!C281 -> HERNANDARIAS Y AMBATO | D283: =ESTADISTICA!D281 -> Fija | E283: =ESTADISTICA!E281 -> Fibra Optica | F283: =ESTADISTICA!F281 -> 0 | G283: =ESTADISTICA!G281 -> 0 | H283: =ESTADISTICA!H281 -> 0 | ... AG283: =ESTADISTICA!AG281 -> 0
A284: =ESTADISTICA!A282 -> SAN RUDECINDO | B284: =ESTADISTICA!B282 -> SRU02 (fija 2) | C284: =ESTADISTICA!C282 -> HERNANDARIAS Y AMBATO | D284: =ESTADISTICA!D282 -> Fija | E284: =ESTADISTICA!E282 -> Fibra Optica | F284: =ESTADISTICA!F282 -> 0 | G284: =ESTADISTICA!G282 -> 0 | H284: =ESTADISTICA!H282 -> 0 | ... AG284: =ESTADISTICA!AG282 -> 0
A285: =ESTADISTICA!A283 -> VILLA ANGELICA | B285: =ESTADISTICA!B283 -> VANG01 | C285: =ESTADISTICA!C283 -> Senzabello y Necochea | D285: =ESTADISTICA!D283 -> Domo | E285: =ESTADISTICA!E283 -> PTP A FO | F285: =ESTADISTICA!F283 -> 0 | G285: =ESTADISTICA!G283 -> 0 | H285: =ESTADISTICA!H283 -> 0 | ... AG285: =ESTADISTICA!AG283 -> 0
A286: =ESTADISTICA!A284 -> VILLA ANGELICA | B286: =ESTADISTICA!B284 -> VANG02 | C286: =ESTADISTICA!C284 -> Thevenet y Ruta 36 | D286: =ESTADISTICA!D284 -> Domo | E286: =ESTADISTICA!E284 -> Fibra Optica | F286: =ESTADISTICA!F284 -> 0 | G286: =ESTADISTICA!G284 -> 0 | H286: =ESTADISTICA!H284 -> 0 | ... AG286: =ESTADISTICA!AG284 -> 0
A287: =ESTADISTICA!A285 -> VILLA DEL PLATA | B287: =ESTADISTICA!B285 -> VANG03 | C287: =ESTADISTICA!C285 -> Thevenet 1950 | D287: =ESTADISTICA!D285 -> Domo | E287: =ESTADISTICA!E285 -> Fibra Optica | F287: =ESTADISTICA!F285 -> 0 | G287: =ESTADISTICA!G285 -> 0 | H287: =ESTADISTICA!H285 -> 0 | ... AG287: =ESTADISTICA!AG285 -> 0
A288: =ESTADISTICA!A286 -> VILLA ANGELICA | B288: =ESTADISTICA!B286 -> VANG04 | C288: =ESTADISTICA!C286 -> Storni e/Thevenet y Calle 158 | D288: =ESTADISTICA!D286 -> DOMO | E288: =ESTADISTICA!E286 -> Fibra Optica | F288: =ESTADISTICA!F286 -> 0 | G288: =ESTADISTICA!G286 -> 0 | H288: =ESTADISTICA!H286 -> 0 | ... AG288: =ESTADISTICA!AG286 -> 0
A289: =ESTADISTICA!A287 -> VILLA ANGELICA | B289: =ESTADISTICA!B287 -> VANG05 | C289: =ESTADISTICA!C287 -> Storni y Thevenet | D289: =ESTADISTICA!D287 -> Domo | E289: =ESTADISTICA!E287 -> Fibra Optica | F289: =ESTADISTICA!F287 -> 0 | G289: =ESTADISTICA!G287 -> 0 | H289: =ESTADISTICA!H287 -> 0 | ... AG289: =ESTADISTICA!AG287 -> 0
A290: =ESTADISTICA!A288 -> VILLA ANGELICA | B290: =ESTADISTICA!B288 -> VANG06 | C290: =ESTADISTICA!C288 -> Arenales e/Thevenet y Calle 158 | D290: =ESTADISTICA!D288 -> DOMO | E290: =ESTADISTICA!E288 -> Fibra Optica | F290: =ESTADISTICA!F288 -> 0 | G290: =ESTADISTICA!G288 -> 0 | H290: =ESTADISTICA!H288 -> 0 | ... AG290: =ESTADISTICA!AG288 -> 0
A291: =ESTADISTICA!A289 -> VILLA ANGELICA | B291: =ESTADISTICA!B289 -> VANG07 | C291: =ESTADISTICA!C289 -> Arenales y Thevenet | D291: =ESTADISTICA!D289 -> Domo | E291: =ESTADISTICA!E289 -> Fibra Optica | F291: =ESTADISTICA!F289 -> 0 | G291: =ESTADISTICA!G289 -> 0 | H291: =ESTADISTICA!H289 -> 0 | ... AG291: =ESTADISTICA!AG289 -> 0
... A369: =ESTADISTICA!A367 -> SANTA ANA | B369: =ESTADISTICA!B367 -> SAN02 | C369: =ESTADISTICA!C367 -> HUDSON Y SUIPACHA FIJA 2 | D369: =ESTADISTICA!D367 -> Fija | E369: =ESTADISTICA!E367 -> Fibra Optica | F369: =ESTADISTICA!F367 -> 0 | G369: =ESTADISTICA!G367 -> 0 | H369: =ESTADISTICA!H367 -> 0 | ... AG369: =ESTADISTICA!AG367 -> 0

Sheet GRAFICO

Sheet GRAFICO2

Sheet BARRAS

Sheet AUXILIAR
A1: FECHA | B1: RADIO | C1: FIBRA | D1: ANTENA | E1: TOTAL APAGADOS | F1: INSTALADAS
A2: ='APAGADOS RADIO'!F3 -> 44621 | B2: ='APAGADOS RADIO'!F2+D2 -> 10 | C2: ='APAGADOS FIBRA'!F2 -> 52 | D2: ='APAGADOS ANTENA'!F2 -> 2 | E2: =B2+C2 -> 62 | F2: ='RESUMEN TOTAL'!C1 -> 368
A3: ='APAGADOS RADIO'!G3 -> 44622 | B3: ='APAGADOS RADIO'!G2+D3 -> 11 | C3: ='APAGADOS FIBRA'!G2 -> 69 | D3: ='APAGADOS ANTENA'!G2 -> 4 | E3: =B3+C3 -> 80 | F3: ='RESUMEN TOTAL'!C1 -> 368
A4: ='APAGADOS RADIO'!H3 -> 44623 | B4: ='APAGADOS RADIO'!H2+D4 -> 11 | C4: ='APAGADOS FIBRA'!H2 -> 66 | D4: ='APAGADOS ANTENA'!H2 -> 3 | E4: =B4+C4 -> 77 | F4: ='RESUMEN TOTAL'!C1 -> 368
A5: ='APAGADOS RADIO'!I3 -> 44624 | B5: ='APAGADOS RADIO'!I2+D5 -> 10 | C5: ='APAGADOS FIBRA'!I2 -> 60 | D5: ='APAGADOS ANTENA'!I2 -> 1 | E5: =B5+C5 -> 70 | F5: ='RESUMEN TOTAL'!C1 -> 368
A6: ='APAGADOS RADIO'!J3 -> 44625 | B6: ='APAGADOS RADIO'!J2+D6 -> 9 | C6: ='APAGADOS FIBRA'!J2 -> 56 | D6: ='APAGADOS ANTENA'!F52 -> 0 | E6: =B6+C6 -> 65 | F6: ='RESUMEN TOTAL'!C1 -> 368
A7: ='APAGADOS RADIO'!K3 -> 44626 | B7: ='APAGADOS RADIO'!K2+D7 -> 8 | C7: ='APAGADOS FIBRA'!K2 -> 60 | D7: ='APAGADOS ANTENA'!K2 -> 1 | E7: =B7+C7 -> 68 | F7: ='RESUMEN TOTAL'!C1 -> 368
A8: ='APAGADOS RADIO'!L3 -> 44627 | B8: ='APAGADOS RADIO'!L2+D8 -> 10 | C8: ='APAGADOS FIBRA'!L2 -> 61 | D8: ='APAGADOS ANTENA'!L2 -> 1 | E8: =B8+C8 -> 71 | F8: ='RESUMEN TOTAL'!C1 -> 368
A9: ='APAGADOS RADIO'!M3 -> 44628 | B9: ='APAGADOS RADIO'!M2+D9 -> 11 | C9: ='APAGADOS FIBRA'!M2 -> 56 | D9: ='APAGADOS ANTENA'!M2 -> 2 | E9: =B9+C9 -> 67 | F9: ='RESUMEN TOTAL'!C1 -> 368
A10: ='APAGADOS RADIO'!N3 -> 44629 | B10: ='APAGADOS RADIO'!N2+D10 -> 16 | C10: ='APAGADOS FIBRA'!N2 -> 63 | D10: ='APAGADOS ANTENA'!N2 -> 6 | E10: =B10+C10 -> 79 | F10: ='RESUMEN TOTAL'!C1 -> 368
A11: ='APAGADOS RADIO'!O3 -> 44630 | B11: ='APAGADOS RADIO'!O2+D11 -> 10 | C11: ='APAGADOS FIBRA'!O2 -> 59 | D11: ='APAGADOS ANTENA'!O2 -> 2 | E11: =B11+C11 -> 69 | F11: ='RESUMEN TOTAL'!C1 -> 368
A12: ='APAGADOS RADIO'!P3 -> 44631 | B12: ='APAGADOS RADIO'!P2+D12 -> 17 | C12: ='APAGADOS FIBRA'!P2 -> 42 | D12: ='APAGADOS ANTENA'!P2 -> 11 | E12: =B12+C12 -> 59 | F12: ='RESUMEN TOTAL'!C1 -> 368
A13: ='APAGADOS RADIO'!Q3 -> 44632 | B13: ='APAGADOS RADIO'!Q2+D13 -> 12 | C13: ='APAGADOS FIBRA'!Q2 -> 35 | D13: ='APAGADOS ANTENA'!Q2 -> 8 | E13: =B13+C13 -> 47 | F13: ='RESUMEN TOTAL'!C1 -> 368
A14: ='APAGADOS RADIO'!R3 -> 44633 | B14: ='APAGADOS RADIO'!R2+D14 -> 15 | C14: ='APAGADOS FIBRA'!R2 -> 37 | D14: ='APAGADOS ANTENA'!R2 -> 10 | E14: =B14+C14 -> 52 | F14: ='RESUMEN TOTAL'!C1 -> 368
A15: ='APAGADOS RADIO'!S3 -> 44634 | B15: ='APAGADOS RADIO'!S2+D15 -> 12 | C15: ='APAGADOS FIBRA'!S2 -> 45 | D15: ='APAGADOS ANTENA'!S2 -> 8 | E15: =B15+C15 -> 57 | F15: ='RESUMEN TOTAL'!C1 -> 368
A16: ='APAGADOS RADIO'!T3 -> 44635 | F16: ='RESUMEN TOTAL'!C1 -> 368
A17: ='APAGADOS RADIO'!U3 -> 44636 | F17: ='RESUMEN TOTAL'!C1 -> 368
A18: ='APAGADOS RADIO'!V3 -> 44637 | F18: ='RESUMEN TOTAL'!C1 -> 368
A19: ='APAGADOS RADIO'!W3 -> 44638 | F19: ='RESUMEN TOTAL'!C1 -> 368
A20: ='APAGADOS RADIO'!X3 -> 44639 | F20: ='RESUMEN TOTAL'!C1 -> 368
A21: ='APAGADOS RADIO'!Y3 -> 44640 | F21: ='RESUMEN TOTAL'!C1 -> 368
A22: ='APAGADOS RADIO'!Z3 -> 44641 | F22: ='RESUMEN TOTAL'!C1 -> 368
A23: ='APAGADOS RADIO'!AA3 -> 44642 | F23: ='RESUMEN TOTAL'!C1 -> 368
A24: ='APAGADOS RADIO'!AB3 -> 44643 | F24: ='RESUMEN TOTAL'!C1 -> 368
A25: ='APAGADOS RADIO'!AC3 -> 44644 | F25: ='RESUMEN TOTAL'!C1 -> 368
A26: ='APAGADOS RADIO'!AD3 -> 44645 | F26: ='RESUMEN TOTAL'!C1 -> 368
A27: ='APAGADOS RADIO'!AE3 -> 44646 | F27: ='RESUMEN TOTAL'!C1 -> 368
A28: ='APAGADOS RADIO'!AF3 -> 44647 | F28: ='RESUMEN TOTAL'!C1 -> 368
A29: ='APAGADOS RADIO'!AG3 -> 44648 | F29: ='RESUMEN TOTAL'!C1 -> 368
A30: ='APAGADOS RADIO'!AH3 -> 44649 | F30: ='RESUMEN TOTAL'!C1 -> 368
A31: ='APAGADOS RADIO'!AI3 -> 44650 | F31: ='RESUMEN TOTAL'!C1 -> 368
A32: ='APAGADOS RADIO'!AJ3 -> 44651 | F32: ='RESUMEN TOTAL'!C1 -> 368
