Workbook
Name _25_de_agosto: 'RESUMEN TOTAL'!$A$4:$D$349

Sheet RESUMEN TOTAL
A1: CANTIDAD DE CAMARAS | C1: =COUNTA(C5:C527) -> 375 | D1: PORCIENTO DE CAIDAS | O1: =(O3)/(O2+O3) -> 0.18933333 | P1: =(P3)/(P2+P3) -> 0.256 | Q1: =(Q3)/(Q2+Q3) -> 0.23733333 | R1: =(R3)/(R2+R3) -> 0.18133333 | S1: =(S3)/(S2+S3) -> 0.17379679 | T1: =(T3)/(T2+T3) -> 0.168 | U1: =(U3)/(U2+U3) -> 0.16533333 | V1: =(V3)/(V2+V3) -> 0.11733333 | ... AR1: =(AR3)/(AR2+AR3) -> 0
D2: FUNCIONAN | O2: =COUNTIF(O5:O379, "") -> 304 | P2: =COUNTIF(P5:P379, "") -> 279 | Q2: =COUNTIF(Q5:Q379, "") -> 286 | R2: =COUNTIF(R5:R379, "") -> 307 | S2: =COUNTIF(S5:S379, "") -> 309 | T2: =COUNTIF(T5:T379, "") -> 312 | U2: =COUNTIF(U5:U379, "") -> 313 | V2: =COUNTIF(V5:V379, "") -> 331 | ... AR2: =COUNTIF(AR5:AR379, "") -> 375
D3: CAIDAS | O3: =COUNTIF(O4:O447, "apagado") -> 71 | P3: =COUNTIF(P4:P447, "apagado") -> 96 | Q3: =COUNTIF(Q4:Q447, "apagado") -> 89 | R3: =COUNTIF(R4:R447, "apagado") -> 68 | S3: =COUNTIF(S4:S447, "apagado") -> 65 | T3: =COUNTIF(T4:T447, "apagado") -> 63 | U3: =COUNTIF(U4:U447, "apagado") -> 62 | V3: =COUNTIF(V4:V447, "apagado") -> 44 | ... AR3: =COUNTIF(AR4:AR447, "apagado") -> 0
A4: Barrio | B4: a coseidi | C4: [Denominacion] | D4: [Ubicacion] | E4: [Tipo de Camara] | F4: [Tipo de Conexion] | G4: [Fundamento] | H4: [Detalle] | I4: Latitud | J4: Longitud | L4: DIAS FUNCIONANDO | M4: DIAS CAIDA | N4: EFECTIVIDAD | O4: 44713 | P4: 44714 | Q4: 44715 | R4: 44716 | S4: 44717 | T4: 44718 | U4: 44719 | V4: 44720 | W4: 44721 | X4: 44722 | Y4: 44723 | Z4: 44724 | AA4: 44725 | AB4: 44726 | AC4: 44727 | AD4: 44728 | AE4: 44729 | AF4: 44730 | AG4: 44731 | AH4: 44732 | AI4: 44733 | AJ4: 44734 | AK4: 44735 | AL4: 44736 | AM4: 44737 | AN4: 44738 | AO4: 44739 | AP4: 44740 | AQ4: 44741 | AR4: 44742
A5: PRESIDENTE PERON (PEPSI) | B5: 44629 | C5: MAR 01 | D5: RP36 Y LA ESMERALDA | E5: DOMO | F5: Fibra Optica | G5: POSIBLE VIA DE ESCAPE. FLUJO VEHICULAR | I5: -348296270000 | J5: -582165860000 | K5: 172.20.11.101 | L5: =COUNTIF(O5:AR5,"") -> 22 | M5: =COUNTIF(O5:AP5,"APAGADO") -> 8 | N5: =(L5)/(M5+L5) -> 0.73333333 | O5: APAGADO | P5: APAGADO | Q5: APAGADO | R5: APAGADO | S5: APAGADO | T5: APAGADO | U5: APAGADO | V5: APAGADO
A6: MAYOL | C6: MAY 01 | D6: Eva Peron y Cabildo | E6: Domo | F6: Radio | G6: Flujo Vehicular, Futuro corredor escolar, Zona Comercial | I6: -348239900000 | J6: -582772350000 | K6: 172.20.200.194 | L6: =COUNTIF(O6:AR6,"") -> 30 | M6: =COUNTIF(O6:AP6,"APAGADO") -> 0 | N6: =(L6)/(M6+L6) -> 1
C7: MAY 02 | D7: EVA PERON Y MONTEVIDEO | E7: Domo | F7: Radio | I7: -348218190000 | J7: -582771380000 | K7: 172.20.200.168 | L7: =COUNTIF(O7:AR7,"") -> 13 | M7: =COUNTIF(O7:AP7,"APAGADO") -> 17 | N7: =(L7)/(M7+L7) -> 0.43333333 | O7: APAGADO | P7: APAGADO | Q7: APAGADO | R7: APAGADO | S7: APAGADO | T7: APAGADO | U7: APAGADO | V7: APAGADO | W7: APAGADO | X7: APAGADO | Y7: APAGADO | Z7: APAGADO | AA7: APAGADO | AB7: APAGADO | AC7: APAGADO | AD7: APAGADO | AF7: APAGADO
A8: MAYOL | C8: MAY 03 | D8: CHAÑAR Y SAN NICOLAS | E8: DOMO | F8: PTP A FO | H8: ALTA 29/10/2019 | I8: -348230700000 | J8: -582702540000 | K8: 172.20.10.18 | L8: =COUNTIF(O8:AR8,"") -> 30 | M8: =COUNTIF(O8:AP8,"APAGADO") -> 0 | N8: =(L8)/(M8+L8) -> 1
C9: MAY 04 | D9: MAR CHIQUITA Y RIO JACHAL | E9: DOMO | F9: Radio | H9: 08/07/2020 COMIENZA A REPORTAR IMAGEN | I9: -348252070000 | J9: -582711820000 | K9: 10.20.30.34 | L9: =COUNTIF(O9:AR9,"") -> 30 | M9: =COUNTIF(O9:AP9,"APAGADO") -> 0 | N9: =(L9)/(M9+L9) -> 1
A10: ALTAMIRA | C10: ALT06 | D10: LOPE DE VEGA Y NECOCHEA | E10: Domo | F10: PTP A FO | H10: Instalada sin alta en sistema. ALTA en sistema y en funcionamiento 04/05/2020 | I10: -347738090000 | J10: -582721410000 | K10: 172.20.12.12 | L10: =COUNTIF(O10:AR10,"") -> 29 | M10: =COUNTIF(O10:AP10,"APAGADO") -> 1 | N10: =(L10)/(M10+L10) -> 0.96666667 | AD10: APAGADO
A11: ALTAMIRA | C11: ALT01 | D11: Calchaqui y Sgto. Cabral | E11: Domo | F11: Fibra Optica | G11: Universidad, Zona Bancaria, Flujo Vehicular, Posible Via de Escape | I11: -347769580000 | J11: -582650900000 | K11: 172.20.10.6 | L11: =COUNTIF(O11:AR11,"") -> 27 | M11: =COUNTIF(O11:AP11,"APAGADO") -> 3 | N11: =(L11)/(M11+L11) -> 0.9 | O11: APAGADO | P11: APAGADO | AD11: APAGADO
A12: ALTAMIRA | C12: ALT02 | D12: Calchaqui y Lope de Vega | E12: Domo | F12: PTP A FO | G12: Hospital, Flujo Vehicular, Peatonal | I12: -347718470000 | J12: -582688560000 | K12: 172.20.12.218 | L12: =COUNTIF(O12:AR12,"") -> 29 | M12: =COUNTIF(O12:AP12,"APAGADO") -> 1 | N12: =(L12)/(M12+L12) -> 0.96666667 | AD12: APAGADO
A13: ALTAMIRA | B13: 44642 | C13: ALT03 | D13: Bombero Galarza y Necochea | E13: Domo | F13: Fibra Optica | G13: Hospital, Limite del Partido | I13: -347726570000 | J13: -582730620000 | K13: 172.20.12.54 | L13: =COUNTIF(O13:AR13,"") -> 27 | M13: =COUNTIF(O13:AP13,"APAGADO") -> 3 | N13: =(L13)/(M13+L13) -> 0.9 | W13: APAGADO | X13: APAGADO | AD13: APAGADO
B14: 44642 | C14: ALT04 | D14: Francia y Necochea | E14: Domo | F14: Fibra Optica | G14: Zona RecreaciÃ³n | I14: -347705420000 | J14: -582748000000 | K14: 172.20.12.55 | L14: =COUNTIF(O14:AR14,"") -> 24 | M14: =COUNTIF(O14:AP14,"APAGADO") -> 6 | N14: =(L14)/(M14+L14) -> 0.8 | O14: APAGADO | P14: APAGADO | Q14: APAGADO | S14: APAGADO | U14: APAGADO | AD14: APAGADO
A15: ALTAMIRA | C15: ALT05 | D15: Av. Calchaqui y Bombero Galarza | E15: Domo | F15: PTP A FO | G15: Zona Bancaria, Flujo Vehicular, Posible via de escape, Limite del partido | I15: -347708370000 | J15: -582698000000 | K15: 172.20.12.216 | L15: =COUNTIF(O15:AR15,"") -> 29 | M15: =COUNTIF(O15:AP15,"APAGADO") -> 1 | N15: =(L15)/(M15+L15) -> 0.96666667 | AD15: APAGADO
A16: ALTAMIRA | C16: ALT07 | D16: AV. CALCHAQUI Y AV. DEL TRABAJO | E16: DOMO | F16: PTP A FO | H16: SE DA DE ALTA EL 17/09/2020 18:51HS | I16: -347737570000 | J16: -582676650000 | K16: 172.20.10.57 | L16: =COUNTIF(O16:AR16,"") -> 29 | M16: =COUNTIF(O16:AP16,"APAGADO") -> 1 | N16: =(L16)/(M16+L16) -> 0.96666667 | AD16: APAGADO
A17: ALTAMIRA | B17: 44642 | C17: ALT08 | D17: HUMAITA Y NECOCHEA | E17: DOMO | F17: Fibra Optica | H17: REPORTA IMAGENES 20/08/2021 | I17: -347749440000 | J17: -582711610000 | K17: 172.20.11.215 | L17: =COUNTIF(O17:AR17,"") -> 29 | M17: =COUNTIF(O17:AP17,"APAGADO") -> 1 | N17: =(L17)/(M17+L17) -> 0.96666667 | AD17: APAGADO
A18: ALTAMIRA | B18: 44642 | C18: ALT09 | D18: NECOCHEA Y CURUPAITY | E18: DOMO | F18: Fibra Optica | H18: SE DA DE ALTA 25/08/2021 | I18: -347743740000 | J18: -582715650000 | K18: 172.20.11.216 | L18: =COUNTIF(O18:AR18,"") -> 29 | M18: =COUNTIF(O18:AP18,"APAGADO") -> 1 | N18: =(L18)/(M18+L18) -> 0.96666667 | AD18: APAGADO
A19: AGUSTIN RAMIREZ | C19: ARA01 | D19: Malambo y Tranquera | E19: Domo | F19: Fibra Optica | G19: Zona Escolar, Flujo Vehicular | I19: -347979380000 | J19: -583160950000 | K19: 172.20.12.110 | L19: =COUNTIF(O19:AR19,"") -> 30 | M19: =COUNTIF(O19:AP19,"APAGADO") -> 0 | N19: =(L19)/(M19+L19) -> 1
A20: ALTAMIRA | C20: ALT10 | D20: REP. FRANCIA Y CALCHAQUI (RP 36) | E20: DOMO | F20: PTP A FO | H20: SE DA DE ALTA 10/11/2021 | I20: -347689160000 | J20: -582717100000 | K20: 172.20.12.156 | L20: =COUNTIF(O20:AR20,"") -> 29 | M20: =COUNTIF(O20:AP20,"APAGADO") -> 1 | N20: =(L20)/(M20+L20) -> 0.96666667 | AD20: APAGADO
A21: BELGRANO | C21: BEL01 | D21: San Martin y Dardo Rocha | E21: DOMO | F21: Fibra Optica | G21: Zona Escolar, Flujo Vehicular | H21: 19/03/2020 SE RETIRO DISPOSITIVO POR RIESGO DE CAIDA. 19/08/2020 comenzo a funcionar. | I21: -347918370000 | J21: -582786080000 | K21: 172.20.12.64 | L21: =COUNTIF(O21:AR21,"") -> 30 | M21: =COUNTIF(O21:AP21,"APAGADO") -> 0 | N21: =(L21)/(M21+L21) -> 1
C22: CEN51 | D22: ILLIA Y LAS HERAS | E22: FIJA | F22: Fibra Optica | G22: POSIBLE VIA DE ESCAPE, Y FLUJO VEHICULAR | I22: -347987830000 | J22: -582840920000 | K22: 172.20.11.29 | L22: =COUNTIF(O22:AR22,"") -> 19 | M22: =COUNTIF(O22:AP22,"APAGADO") -> 11 | N22: =(L22)/(M22+L22) -> 0.63333333 | O22: APAGADO | P22: APAGADO | Q22: APAGADO | R22: APAGADO | S22: APAGADO | T22: APAGADO | U22: APAGADO | X22: APAGADO | Y22: APAGADO | Z22: APAGADO | AA22: APAGADO
C23: CEN53 | D23: GUTIERREZ Y BROWN | E23: Domo | F23: Radio | I23: -348013650000 | J23: -582715700000 | K23: 172.20.200.166 | L23: =COUNTIF(O23:AR23,"") -> 30 | M23: =COUNTIF(O23:AP23,"APAGADO") -> 0 | N23: =(L23)/(M23+L23) -> 1
C24: CEN 54 | D24: GUTIERREZ Y PRINGLES | E24: Domo | F24: Radio | I24: -348013470000 | J24: -582698540000 | K24: 172.20.200.165 | L24: =COUNTIF(O24:AR24,"") -> 30 | M24: =COUNTIF(O24:AP24,"APAGADO") -> 0 | N24: =(L24)/(M24+L24) -> 1
C25: CEN 55 | D25: BOUREL Y URQUIZA | E25: Domo | F25: Radio | I25: -348019110000 | J25: -582819990000 | K25: 172.20.200.163 | L25: =COUNTIF(O25:AR25,"") -> 30 | M25: =COUNTIF(O25:AP25,"APAGADO") -> 0 | N25: =(L25)/(M25+L25) -> 1
A26: CENTRO | C26: CEN 56 | D26: Newbery y Falucho | E26: DOMO | F26: Radio | G26: Posible via de escape, Cruce Peligroso | I26: -348073990000 | J26: -582850080000 | K26: 172.20.200.161 | L26: =COUNTIF(O26:AR26,"") -> 30 | M26: =COUNTIF(O26:AP26,"APAGADO") -> 0 | N26: =(L26)/(M26+L26) -> 1
C27: CEN 57 | D27: 25 DE MAYO Y DORREGO | E27: DOMO | F27: Radio | I27: -348007360000 | J27: -582804240000 | K27: 172.20.200.199 | L27: =COUNTIF(O27:AR27,"") -> 29 | M27: =COUNTIF(O27:AP27,"APAGADO") -> 1 | N27: =(L27)/(M27+L27) -> 0.96666667 | Y27: APAGADO
C28: CEN 58 | D28: EEUU Y MORENO | E28: DOMO | F28: Fibra Optica | H28: INSTALADA: 11/06/18. EN FUNCIONAMIENTO: 27/06/18. | I28: -348103030000 | J28: -582835720000 | K28: 172.20.11.84 | L28: =COUNTIF(O28:AR28,"") -> 30 | M28: =COUNTIF(O28:AP28,"APAGADO") -> 0 | N28: =(L28)/(M28+L28) -> 1
C29: CEN 59 | D29: CHACABUCO Y BOUREL | E29: DOMO | F29: Radio | H29: INSTALADA:11/06/18EN FUNCIONAMIENTO: 27/06/18 | I29: -348039300000 | J29: -582819780000 | K29: 172.20.200.188 | L29: =COUNTIF(O29:AR29,"") -> 30 | M29: =COUNTIF(O29:AP29,"APAGADO") -> 0 | N29: =(L29)/(M29+L29) -> 1
A30: CENTRO | C30: CEN 60 | D30: RECONQUISTA Y ILLIA | E30: DOMO | F30: PTP A FO | H30: ALTA 26/10/2019 | I30: -347999170000 | J30: -582863530000 | K30: 172.20.12.67 | L30: =COUNTIF(O30:AR30,"") -> 19 | M30: =COUNTIF(O30:AP30,"APAGADO") -> 11 | N30: =(L30)/(M30+L30) -> 0.63333333 | O30: APAGADO | P30: APAGADO | Q30: APAGADO | R30: APAGADO | S30: APAGADO | T30: APAGADO | U30: APAGADO | X30: APAGADO | Y30: APAGADO | Z30: APAGADO | AA30: APAGADO
A31: CENTRO | C31: CEN 61 | D31: BOUREL Y MAIPU | E31: DOMO | F31: Radio | H31: ALTA EN FUNCIONAMIENTO 12/04/2019 | I31: -348040550000 | J31: -582819380000 | K31: 172.20.200.159 | L31: =COUNTIF(O31:AR31,"") -> 30 | M31: =COUNTIF(O31:AP31,"APAGADO") -> 0 | N31: =(L31)/(M31+L31) -> 1
A32: CENTRO | C32: CEN 62 | D32: ESPAÑA Y ALEM | E32: DOMO | F32: PTP A FO | H32: ALTA: 16/06/2020 | I32: -348038200000 | J32: -582766160000 | K32: 172.20.12.82 | L32: =COUNTIF(O32:AR32,"") -> 30 | M32: =COUNTIF(O32:AP32,"APAGADO") -> 0 | N32: =(L32)/(M32+L32) -> 1
A33: CENTRO | C33: CEN 63 | D33: SAN MARTIN Y URQUIZA | E33: DOMO | F33: Fibra Optica | H33: DADA DE ALTA ABRIL 2021 | I33: -348017700000 | J33: -582785020000 | K33: 172.20.11.112 | L33: =COUNTIF(O33:AR33,"") -> 30 | M33: =COUNTIF(O33:AP33,"APAGADO") -> 0 | N33: =(L33)/(M33+L33) -> 1
A34: CENTRO | C34: CEN 70 | D34: RIVADAVIA Y 25 MAYO | E34: Domo | F34: Fibra Optica | H34: alta en sistema 25/11/2021 | I34: -348091950000 | J34: -582800930000 | K34: 172.20.11.221 | L34: =COUNTIF(O34:AR34,"") -> 30 | M34: =COUNTIF(O34:AP34,"APAGADO") -> 0 | N34: =(L34)/(M34+L34) -> 1
A35: CENTRO | C35: CEN 71 | D35: MORENO Y BOUREL | E35: Domo | F35: Fibra Optica | H35: alta en sistema 25/11/2021 | I35: -348103130000 | J35: -582818230000 | K35: 172.20.11.220 | L35: =COUNTIF(O35:AR35,"") -> 29 | M35: =COUNTIF(O35:AP35,"APAGADO") -> 1 | N35: =(L35)/(M35+L35) -> 0.96666667 | U35: APAGADO
A36: CENTRO | C36: CEN 72 | D36: MORENO Y 25 DE MAYO | E36: Domo | F36: Fibra Optica | H36: ALTA EN SISTEMA 25/11/2021 | I36: -348102250000 | J36: -582800780000 | K36: 172.20.11.219 | L36: =COUNTIF(O36:AR36,"") -> 28 | M36: =COUNTIF(O36:AP36,"APAGADO") -> 2 | N36: =(L36)/(M36+L36) -> 0.93333333 | U36: APAGADO | V36: APAGADO
A37: CENTRO | C37: CEN01 | D37: San Martin y 9 de Julio | E37: Fija | F37: Fibra Optica | G37: Zona Comercial, Flujo Vehicular | I37: -348028100000 | J37: -582782860000 | K37: 172.20.11.10 | L37: =COUNTIF(O37:AR37,"") -> 30 | M37: =COUNTIF(O37:AP37,"APAGADO") -> 0 | N37: =(L37)/(M37+L37) -> 1
A38: CENTRO | C38: CEN02 | D38: San Martin y Almafuerte | E38: Fija | F38: Fibra Optica | G38: Bomberos, Flujo Vehicular, Zona Comercial | I38: -348006070000 | J38: -582784580000 | K38: 172.20.11.11 | L38: =COUNTIF(O38:AR38,"") -> 30 | M38: =COUNTIF(O38:AP38,"APAGADO") -> 0 | N38: =(L38)/(M38+L38) -> 1
A39: CENTRO | C39: CEN03 | D39: San Martin y Sallares | E39: Domo | F39: Fibra Optica | G39: Zona Comercial, Flujo Vehicular | H39: 29/03/19 FUNCIONA EN COD 1 | I39: -348080340000 | J39: -582780930000 | K39: 172.20.12.30 | L39: =COUNTIF(O39:AR39,"") -> 30 | M39: =COUNTIF(O39:AP39,"APAGADO") -> 0 | N39: =(L39)/(M39+L39) -> 1
A40: CENTRO | C40: CEN04 | D40: San Martin y Contreras | E40: Domo | F40: Fibra Optica | G40: Zona de recreaciÃ³n, Flujo vehicular | I40: -348049240000 | J40: -582781680000 | K40: 172.20.12.29 | L40: =COUNTIF(O40:AR40,"") -> 30 | M40: =COUNTIF(O40:AP40,"APAGADO") -> 0 | N40: =(L40)/(M40+L40) -> 1
A41: CENTRO | C41: CEN05 | D41: Bocuzzi e/España y San Martin | E41: DOMO | F41: Fibra Optica | G41: Zona Bancaria, Flujo Vehicular | H41: 03/01/19 se realizo cambio de dispositivo de fija a DOMO. | I41: -348100680000 | J41: -582769560000 | K41: 172.20.10.200 | L41: =COUNTIF(O41:AR41,"") -> 30 | M41: =COUNTIF(O41:AP41,"APAGADO") -> 0 | N41: =(L41)/(M41+L41) -> 1
A42: CENTRO | C42: CEN06 | D42: Monteagudo y A.del Valle | E42: Fija | F42: Fibra Optica | G42: Zona Bancaria | I42: -348057170000 | J42: -582748750000 | K42: 172.20.10.02 | L42: =COUNTIF(O42:AR42,"") -> 30 | M42: =COUNTIF(O42:AP42,"APAGADO") -> 0 | N42: =(L42)/(M42+L42) -> 1
A43: CENTRO | C43: CEN07 | D43: San Martin y Guemes | E43: DOMO | F43: Fibra Optica | G43: Zona de Recreacion | H43: FIBRA OPTICA CORTADA. 28/06/19 SE RETIRO EL DISPOSITIVO POR RIESGO DE CAIDA. 15/05/2020 en funcionamiento. | I43: -347959820000 | J43: -582787950000 | K43: 172.20.11.20 | L43: =COUNTIF(O43:AR43,"") -> 30 | M43: =COUNTIF(O43:AP43,"APAGADO") -> 0 | N43: =(L43)/(M43+L43) -> 1
A44: CENTRO | C44: CEN08 | D44: San Martin y Pte.Peron | E44: Domo | F44: Fibra Optica | G44: Paso Nivel, Paso Peatonal, Zona Bancaria, Flujo Vehicular | I44: -348108520000 | J44: -582778140000 | K44: 172.20.11.21 | L44: =COUNTIF(O44:AR44,"") -> 30 | M44: =COUNTIF(O44:AP44,"APAGADO") -> 0 | N44: =(L44)/(M44+L44) -> 1
A45: CENTRO | C45: CEN09 | D45: Chacabuco y 25 de Mayo | E45: Domo | F45: Fibra Optica | G45: Zona Escolar, Zona de RecreaciÃ³n | I45: -348039640000 | J45: -582803250000 | K45: 172.20.11.22 | L45: =COUNTIF(O45:AR45,"") -> 30 | M45: =COUNTIF(O45:AP45,"APAGADO") -> 0 | N45: =(L45)/(M45+L45) -> 1
A46: CENTRO | C46: CEN10 | D46: Monteagudo y Pte. Peron | E46: Domo | F46: Fibra Optica | G46: Peatonal, Zona Comercial, Flujo Vehicular | I46: -348107030000 | J46: -582745850000 | K46: 172.20.11.23 | L46: =COUNTIF(O46:AR46,"") -> 30 | M46: =COUNTIF(O46:AP46,"APAGADO") -> 0 | N46: =(L46)/(M46+L46) -> 1
A47: CENTRO | C47: CEN11 | D47: Monteagudo y Bocuzzi | E47: Domo | F47: Fibra Optica | G47: Zona Bancaria, Zona Comercial, Peatonal, | H47: SIN ENERGIA EN EL POSTE. | I47: -348099320000 | J47: -582745900000 | K47: 172.20.10.24 | L47: =COUNTIF(O47:AR47,"") -> 30 | M47: =COUNTIF(O47:AP47,"APAGADO") -> 0 | N47: =(L47)/(M47+L47) -> 1
A48: CENTRO | C48: CEN12 | D48: Monteagudo y Mitre | E48: Domo | F48: Fibra Optica | G48: Zona Comercial, Zona Bancaria, Peatonal | I48: -348088700000 | J48: -582747030000 | K48: 172.20.10.23 | L48: =COUNTIF(O48:AR48,"") -> 24 | M48: =COUNTIF(O48:AP48,"APAGADO") -> 6 | N48: =(L48)/(M48+L48) -> 0.8 | O48: APAGADO | P48: APAGADO | Q48: APAGADO | R48: APAGADO | S48: APAGADO | T48: APAGADO
A49: CENTRO | C49: CEN13 | D49: 25 de Mayo y Maipu | E49: DOMO | F49: Fibra Optica | G49: Zona Escolar, Zona de RecreaciÃ³n | I49: -348050030000 | J49: -582802180000 | K49: 172.20.10.20 | L49: =COUNTIF(O49:AR49,"") -> 30 | M49: =COUNTIF(O49:AP49,"APAGADO") -> 0 | N49: =(L49)/(M49+L49) -> 1
A50: CENTRO | C50: CEN14 | D50: Pte.Peron/Pringles y Brown | E50: Domo | F50: Fibra Optica | G50: Cruce de Vias, Flujo Vehicular, Posible VÃ­a de Escape | I50: -348105840000 | J50: -582705460000 | K50: 172.20.10.21 | L50: =COUNTIF(O50:AR50,"") -> 30 | M50: =COUNTIF(O50:AP50,"APAGADO") -> 0 | N50: =(L50)/(M50+L50) -> 1
A51: CENTRO | C51: CEN15 | D51: Alberdi y A.del Valle | E51: Domo | F51: Fibra Optica | G51: Desarrollo Social, Flujo vehicular | I51: -348056730000 | J51: -582731900000 | K51: 172.20.10.35 | L51: =COUNTIF(O51:AR51,"") -> 22 | M51: =COUNTIF(O51:AP51,"APAGADO") -> 8 | N51: =(L51)/(M51+L51) -> 0.73333333 | O51: APAGADO | P51: APAGADO | Q51: APAGADO | R51: APAGADO | S51: APAGADO | T51: APAGADO | U51: APAGADO | V51: APAGADO
A52: CENTRO | C52: CEN16 | D52: San Martin y Pte. Peron | E52: Fija | F52: Fibra Optica | G52: Zona Escolar, Zona de RecreaciÃ³n Club, Zona Bancaria, Flujo Vehicular, Paso Bajo Nivel | H52: se cambio el nombre de San Martin y Moreno al que correspondia por su ubicacion. | I52: -348100860000 | J52: -582782440000 | K52: 172.20.12.36 | L52: =COUNTIF(O52:AR52,"") -> 30 | M52: =COUNTIF(O52:AP52,"APAGADO") -> 0 | N52: =(L52)/(M52+L52) -> 1
C53: CEN17 | D53: San Martin y Mitre | E53: Domo | F53: PTP A FO | G53: Flujo Vehicular | H53: CON CAIDAS FRECUENTES | I53: -348090820000 | J53: -582779860000 | K53: 172.20.12.200 | L53: =COUNTIF(O53:AR53,"") -> 30 | M53: =COUNTIF(O53:AP53,"APAGADO") -> 0 | N53: =(L53)/(M53+L53) -> 1
A54: CENTRO | C54: CEN18 | D54: Monteagudo e/Mitre y Sallares | E54: Fija | F54: Fibra Optica | G54: Paso Peatonal | H54: CON CAIDAS FRECUENTES | I54: -348083950000 | J54: -582747030000 | K54: 172.20.10.26 | L54: =COUNTIF(O54:AR54,"") -> 22 | M54: =COUNTIF(O54:AP54,"APAGADO") -> 8 | N54: =(L54)/(M54+L54) -> 0.73333333 | O54: APAGADO | P54: APAGADO | Q54: APAGADO | R54: APAGADO | S54: APAGADO | T54: APAGADO | U54: APAGADO | V54: APAGADO
A55: CENTRO | C55: CEN19 | D55: Chacabuco y 25 de Mayo | E55: Fija | F55: Fibra Optica | G55: Zona Bancaria | I55: -348039460000 | J55: -582803360000 | K55: 172.20.10.27 | L55: =COUNTIF(O55:AR55,"") -> 30 | M55: =COUNTIF(O55:AP55,"APAGADO") -> 0 | N55: =(L55)/(M55+L55) -> 1
A56: LOMAS DE MONTEVERDE | C56: CEN20 | D56: Pte. Illia y Las Heras | E56: Domo | F56: Fibra Optica | G56: Posible VÃ­a de Escape | I56: -347986060000 | J56: -582839810000 | K56: 172.20.10.33 | L56: =COUNTIF(O56:AR56,"") -> 20 | M56: =COUNTIF(O56:AP56,"APAGADO") -> 10 | N56: =(L56)/(M56+L56) -> 0.66666667 | O56: APAGADO | P56: APAGADO | Q56: APAGADO | R56: APAGADO | S56: APAGADO | T56: APAGADO | X56: APAGADO | Y56: APAGADO | Z56: APAGADO | AA56: APAGADO
A57: CENTRO | C57: CEN21 | D57: Misiones y Urquiza | E57: Fija | F57: Radio | G57: Zona de Recreacion | I57: -348021710000 | J57: -582868960000 | K57: 172.20.200.132 | L57: =COUNTIF(O57:AR57,"") -> 29 | M57: =COUNTIF(O57:AP57,"APAGADO") -> 1 | N57: =(L57)/(M57+L57) -> 0.96666667 | U57: APAGADO
A58: CENTRO | C58: CEN22 | D58: Las Heras y Chacabuco | E58: Domo | F58: Radio | G58: Zona Escolar, Paso Peatonal | I58: -348040780000 | J58: -582835220000 | K58: 172.20.200.125 | L58: =COUNTIF(O58:AR58,"") -> 30 | M58: =COUNTIF(O58:AP58,"APAGADO") -> 0 | N58: =(L58)/(M58+L58) -> 1
A59: CENTRO | C59: CEN23 | D59: Sallares y Monteagudo | E59: Domo | F59: Fibra Optica | G59: Paso Peatonal, Zona Comercial, Zona Bancaria | I59: -348078180000 | J59: -582747270000 | K59: 172.20.12.05 | L59: =COUNTIF(O59:AR59,"") -> 30 | M59: =COUNTIF(O59:AP59,"APAGADO") -> 0 | N59: =(L59)/(M59+L59) -> 1
A60: CENTRO | C60: CEN24 | D60: Sallares y España | E60: Domo | F60: Fibra Optica | G60: Zona Comercial, Flujo Vehicular, Paso Peatonal | I60: -348079190000 | J60: -582764410000 | K60: 172.20.12.04 | L60: =COUNTIF(O60:AR60,"") -> 30 | M60: =COUNTIF(O60:AP60,"APAGADO") -> 0 | N60: =(L60)/(M60+L60) -> 1
A61: CENTRO | C61: CEN25 | D61: SAN MARTIN Y 9 DE JULIO | E61: Domo | F61: Fibra Optica | G61: Zona Escolar, Flujo Vehicular | H61: EX SAN MARTIN Y CASTELLI, SE COLOCO EL NOMBRE QUE REALMENTE CORRESPONDIA. | I61: -348027470000 | J61: -582782920000 | K61: 172.20.12.02 | L61: =COUNTIF(O61:AR61,"") -> 30 | M61: =COUNTIF(O61:AP61,"APAGADO") -> 0 | N61: =(L61)/(M61+L61) -> 1
A62: CENTRO | C62: CEN26 | D62: Mitre y España | E62: Domo | F62: Fibra Optica | G62: Flujo Vehicular, Zona Comercial | I62: -348089580000 | J62: -582763340000 | K62: 172.20.12.06 | L62: =COUNTIF(O62:AR62,"") -> 30 | M62: =COUNTIF(O62:AP62,"APAGADO") -> 0 | N62: =(L62)/(M62+L62) -> 1
A63: CENTRO | C63: CEN27 | D63: San Juan y España | E63: Domo | F63: Fibra Optica | G63: Zona Escolar, Flujo Vehicular | I63: -348068620000 | J63: -582765270000 | K63: 172.20.12.37 | L63: =COUNTIF(O63:AR63,"") -> 30 | M63: =COUNTIF(O63:AP63,"APAGADO") -> 0 | N63: =(L63)/(M63+L63) -> 1
A64: CENTRO | C64: CEN28 | D64: Mitre y Alberdi | E64: Domo | F64: Fibra Optica | G64: Flujo Vehicular, Zona Comercial | I64: -348087820000 | J64: -582729860000 | K64: 172.20.12.38 | L64: =COUNTIF(O64:AR64,"") -> 30 | M64: =COUNTIF(O64:AP64,"APAGADO") -> 0 | N64: =(L64)/(M64+L64) -> 1
A65: CENTRO | C65: CEN29 | D65: Alberdi y San Juan | E65: Domo | F65: Fibra Optica | G65: Flujo Vehicular, Zona Comercial | I65: -348066860000 | J65: -582731470000 | K65: 172.20.12.40 | L65: =COUNTIF(O65:AR65,"") -> 30 | M65: =COUNTIF(O65:AP65,"APAGADO") -> 0 | N65: =(L65)/(M65+L65) -> 1
A66: CENTRO | C66: CEN30 | D66: Mitre y Pringles | E66: Domo | F66: Fibra Optica | G66: Corredor Escolar, Fiscalias, Flujo vehicular, Paso Peatonal | I66: -348086060000 | J66: -582700470000 | K66: 172.20.12.39 | L66: =COUNTIF(O66:AR66,"") -> 30 | M66: =COUNTIF(O66:AP66,"APAGADO") -> 0 | N66: =(L66)/(M66+L66) -> 1
A67: CENTRO | C67: CEN31 | D67: Mitre e/Monteagudo y Alberdi | E67: Domo | F67: Fibra Optica | G67: Zona Bancaria, Flujo Vehicular, Paso Peatonal | I67: -348088130000 | J67: -582738390000 | K67: 172.20.12.41 | L67: =COUNTIF(O67:AR67,"") -> 30 | M67: =COUNTIF(O67:AP67,"APAGADO") -> 0 | N67: =(L67)/(M67+L67) -> 1
A68: CENTRO | C68: CEN32 | D68: Aristobulo del Valle y España | E68: Domo | F68: Fibra Optica | G68: Zona Escolar, Flujo Vehicular | I68: -348058930000 | J68: -582764630000 | K68: 172.20.12.42 | L68: =COUNTIF(O68:AR68,"") -> 30 | M68: =COUNTIF(O68:AP68,"APAGADO") -> 0 | N68: =(L68)/(M68+L68) -> 1
A69: CENTRO | C69: CEN33 | D69: Peron y Alberdi | E69: Domo | F69: Fibra Optica | G69: Zona Comercial, Flujo Vehicular | I69: -348107110000 | J69: -582728250000 | K69: 172.20.12.47 | L69: =COUNTIF(O69:AR69,"") -> 30 | M69: =COUNTIF(O69:AP69,"APAGADO") -> 0 | N69: =(L69)/(M69+L69) -> 1
A70: CENTRO | C70: CEN34 | D70: Peron y España | E70: Domo | F70: Fibra Optica | G70: Zona Comercial, Flujo Vehicular | I70: -348108080000 | J70: -582762270000 | K70: 172.20.12.49 | L70: =COUNTIF(O70:AR70,"") -> 23 | M70: =COUNTIF(O70:AP70,"APAGADO") -> 7 | N70: =(L70)/(M70+L70) -> 0.76666667 | R70: APAGADO | S70: APAGADO | Y70: APAGADO | Z70: APAGADO | AA70: APAGADO | AC70: APAGADO | AD70: APAGADO
A71: CENTRO | C71: CEN35 | D71: España y Marmol | E71: Domo | F71: Fibra Optica | G71: Flujo Vehicular | I71: -347995320000 | J71: -582767420000 | K71: 172.20.12.50 | L71: =COUNTIF(O71:AR71,"") -> 30 | M71: =COUNTIF(O71:AP71,"APAGADO") -> 0 | N71: =(L71)/(M71+L71) -> 1
A72: CENTRO | C72: CEN36 | D72: España y 9 de Julio | E72: Domo | F72: Fibra Optica | G72: Flujo Vehicular | I72: -348027390000 | J72: -582766340000 | K72: 172.20.12.51 | L72: =COUNTIF(O72:AR72,"") -> 30 | M72: =COUNTIF(O72:AP72,"APAGADO") -> 0 | N72: =(L72)/(M72+L72) -> 1
A73: CENTRO | C73: CEN37 | D73: Diagonal Granaderos y Monteagudo | E73: Domo | F73: Fibra Optica | G73: Zona de Recreacion | I73: -347974350000 | J73: -582751320000 | K73: 172.20.12.52 | L73: =COUNTIF(O73:AR73,"") -> 30 | M73: =COUNTIF(O73:AP73,"APAGADO") -> 0 | N73: =(L73)/(M73+L73) -> 1
A74: CENTRO | C74: CEN38 | D74: Diagonal Constituyentes y Almafuerte | E74: Domo | F74: Fibra Optica | G74: Flujo Vehicular | I74: -348004490000 | J74: -582742520000 | K74: 172.20.12.53 | L74: =COUNTIF(O74:AR74,"") -> 30 | M74: =COUNTIF(O74:AP74,"APAGADO") -> 0 | N74: =(L74)/(M74+L74) -> 1
A75: CENTRO | C75: CEN39 | D75: San Martin y Alem | E75: Domo | F75: Fibra Optica | G75: Flujo Vehicular,Zona Escolar, Zona Comercial, Zona RecreaciÃ³n, | I75: -348038310000 | J75: -582781900000 | K75: 172.20.12.56 | L75: =COUNTIF(O75:AR75,"") -> 30 | M75: =COUNTIF(O75:AP75,"APAGADO") -> 0 | N75: =(L75)/(M75+L75) -> 1
A76: CENTRO | C76: CEN40 | D76: Contreras y Monteagudo | E76: Domo | F76: Fibra Optica | G76: Zona Comercial, Flujo Vehicular | I76: -348046950000 | J76: -582749390000 | K76: 172.20.12.57 | L76: =COUNTIF(O76:AR76,"") -> 30 | M76: =COUNTIF(O76:AP76,"APAGADO") -> 0 | N76: =(L76)/(M76+L76) -> 1
A77: CENTRO | C77: CEN41 | D77: Contreras y Alberdi | E77: Domo | F77: Fibra Optica | G77: Zona de RecreaciÃ³n, Flujo vehicular | I77: -348045710000 | J77: -582732760000 | K77: 172.20.12.58 | L77: =COUNTIF(O77:AR77,"") -> 30 | M77: =COUNTIF(O77:AP77,"APAGADO") -> 0 | N77: =(L77)/(M77+L77) -> 1
A78: CENTRO | C78: CEN42 | D78: Diagonal Constituyentes y Alem | E78: Domo | F78: Fibra Optica | G78: Flujo Vehicular | I78: -348034610000 | J78: -582706900000 | K78: 172.20.12.59 | L78: =COUNTIF(O78:AR78,"") -> 29 | M78: =COUNTIF(O78:AP78,"APAGADO") -> 1 | N78: =(L78)/(M78+L78) -> 0.96666667 | O78: APAGADO
A79: CENTRO | C79: CEN43 | D79: Sallares y Alberdi | E79: Domo | F79: Fibra Optica | G79: Flujo Vehicular, Zona Comercial | H79: CAIDAS FRECUENTES | I79: -348076770000 | J79: -582730080000 | K79: 172.20.12.61 | L79: =COUNTIF(O79:AR79,"") -> 30 | M79: =COUNTIF(O79:AP79,"APAGADO") -> 0 | N79: =(L79)/(M79+L79) -> 1
A80: CENTRO | C80: CEN44 | D80: Mitre y Brown | E80: Domo | F80: Fibra Optica | G80: Flujo Vehicular, Zona Comercial | I80: -348087290000 | J80: -582714950000 | K80: 172.20.12.62 | L80: =COUNTIF(O80:AR80,"") -> 15 | M80: =COUNTIF(O80:AP80,"APAGADO") -> 15 | N80: =(L80)/(M80+L80) -> 0.5 | P80: APAGADO | Q80: APAGADO | R80: APAGADO | S80: APAGADO | T80: APAGADO | U80: APAGADO | V80: APAGADO | W80: APAGADO | X80: APAGADO | Y80: APAGADO | Z80: APAGADO | AA80: APAGADO | AB80: APAGADO | AC80: APAGADO | AD80: APAGADO
A81: CENTRO | C81: CEN45 (fija 1) | D81: EEUU Y MORENO | E81: Fija | F81: Fibra Optica | H81: EN FUNCIONAMIENTO 14/07/2021 | I81: -348102990000 | J81: -582835440000 | K81: 172.20.11.74 | L81: =COUNTIF(O81:AR81,"") -> 30 | M81: =COUNTIF(O81:AP81,"APAGADO") -> 0 | N81: =(L81)/(M81+L81) -> 1
A82: CENTRO | C82: CEN46 (fija 2) | D82: EEUU Y MORENO | E82: Fija | F82: Fibra Optica | H82: EN FUNCIONAMIENTO 14/07/2021 | I82: -348102840000 | J82: -582835020000 | K82: 172.20.11.75 | L82: =COUNTIF(O82:AR82,"") -> 30 | M82: =COUNTIF(O82:AP82,"APAGADO") -> 0 | N82: =(L82)/(M82+L82) -> 1
A83: CENTRO | C83: CEN47 | D83: Sallares y Brown | E83: Domo | F83: Fibra Optica | G83: Flujo Vehicular | I83: -348076280000 | J83: -582715700000 | K83: 172.20.12.65 | L83: =COUNTIF(O83:AR83,"") -> 16 | M83: =COUNTIF(O83:AP83,"APAGADO") -> 14 | N83: =(L83)/(M83+L83) -> 0.53333333 | O83: APAGADO | P83: APAGADO | Q83: APAGADO | R83: APAGADO | S83: APAGADO | T83: APAGADO | U83: APAGADO | V83: APAGADO | X83: APAGADO | Y83: APAGADO | Z83: APAGADO | AA83: APAGADO | AB83: APAGADO | AC83: APAGADO
A84: CENTRO | C84: CEN48 | D84: Velez Sarsfield y Las Heras | E84: Domo | F84: Radio | G84: Cruce Peligroso, Flujo Vehicular, Zona Comercial | H84: SE ENCUENTRA INVERTIDA. 25/06/18 | I84: -348082910000 | J84: -582832080000 | K84: 172.20.200.181 | L84: =COUNTIF(O84:AR84,"") -> 28 | M84: =COUNTIF(O84:AP84,"APAGADO") -> 2 | N84: =(L84)/(M84+L84) -> 0.93333333 | O84: APAGADO | P84: APAGADO
A85: CENTRO | C85: CEN49 | D85: Av. San Martin y Florencio Sanchez | E85: Domo | F85: Radio | G85: Cruce peligroso por gran flujo Vehicular, Zona Comercial, Futuro corredor escolar | I85: -347975480000 | J85: -582789940000 | K85: 172.20.200.182 | L85: =COUNTIF(O85:AR85,"") -> 30 | M85: =COUNTIF(O85:AP85,"APAGADO") -> 0 | N85: =(L85)/(M85+L85) -> 1
A86: CENTRO | C86: CEN50 | D86: Av. San Martin y Newbery | E86: Domo | F86: Radio | G86: Flujo Vehicular, Zona Comercial,Vecindad con establecimiento educativo, Futuro corredor escolar | H86: PIXELADA Y CAIDA FRECUENTE | I86: -348070120000 | J86: -582783830000 | K86: 172.20.200.184 | L86: =COUNTIF(O86:AR86,"") -> 30 | M86: =COUNTIF(O86:AP86,"APAGADO") -> 0 | N86: =(L86)/(M86+L86) -> 1
C87: CEN52 | D87: San Martin y Almafuerte (ex San Martin y Dorrego) | E87: DOMO | F87: Radio | H87: ex San Martin y Dorrego, reubicada por obra (carril exclusivo para trasporte publico) en Av. San Martin y Almafuerte. 30/08/2018. ) | I87: -348006380000 | J87: -582785240000 | K87: 172.20.200.191 | L87: =COUNTIF(O87:AR87,"") -> 30 | M87: =COUNTIF(O87:AP87,"APAGADO") -> 0 | N87: =(L87)/(M87+L87) -> 1
A88: CENTRO | C88: CEN64 | D88: SAN MARTIN Y BOCCUZZI | E88: FIJA | F88: Fibra Optica | H88: EN FUNCIONAMIENTO 14/07/2021 | I88: -348100370000 | J88: -582778830000 | K88: 172.20.11.134 | L88: =COUNTIF(O88:AR88,"") -> 30 | M88: =COUNTIF(O88:AP88,"APAGADO") -> 0 | N88: =(L88)/(M88+L88) -> 1
A89: CENTRO | C89: CEN65 | D89: SAN MARTIN Y JUAN PERON | E89: FIJA | F89: Fibra Optica | H89: EN FUNCIONAMIENTO 14/07/2021 | I89: -348107920000 | J89: -582777490000 | K89: 172.20.11.87 | L89: =COUNTIF(O89:AR89,"") -> 21 | M89: =COUNTIF(O89:AP89,"APAGADO") -> 9 | N89: =(L89)/(M89+L89) -> 0.7 | U89: APAGADO | V89: APAGADO | W89: APAGADO | X89: APAGADO | Y89: APAGADO | Z89: APAGADO | AA89: APAGADO | AB89: APAGADO | AC89: APAGADO
A90: CENTRO | C90: CEN66 | D90: SAN MARTIN Y JUAN PERON | E90: FIJA | F90: Fibra Optica | H90: EN FUNCIONAMIENTO 14/07/2021 | I90: -348109620000 | J90: -582777260000 | K90: 172.20.11.136 | L90: =COUNTIF(O90:AR90,"") -> 19 | M90: =COUNTIF(O90:AP90,"APAGADO") -> 11 | N90: =(L90)/(M90+L90) -> 0.63333333 | O90: APAGADO | Q90: APAGADO | U90: APAGADO | V90: APAGADO | W90: APAGADO | X90: APAGADO | Y90: APAGADO | Z90: APAGADO | AA90: APAGADO | AB90: APAGADO | AC90: APAGADO
A91: CENTRO | C91: CEN67 (fija 1) | D91: 9 DE JULIO Y BROWN | E91: Fija | F91: Fibra Optica | H91: REPORTA IMAGENES 30/07/2021 | I91: -348024610000 | J91: -582715570000 | K91: 172.20.11.188 | L91: =COUNTIF(O91:AR91,"") -> 30 | M91: =COUNTIF(O91:AP91,"APAGADO") -> 0 | N91: =(L91)/(M91+L91) -> 1
A92: CENTRO | C92: CEN68 (fija 2) | D92: 9 DE JULIO Y BROWN | E92: Fija | F92: Fibra Optica | H92: REPORTA IMAGENES 30/07/2021 | I92: -348024610000 | J92: -582715570000 | K92: 172.20.11.189 | L92: =COUNTIF(O92:AR92,"") -> 30 | M92: =COUNTIF(O92:AP92,"APAGADO") -> 0 | N92: =(L92)/(M92+L92) -> 1
A93: CENTRO | C93: CEN69 | D93: RIVADAVIA Y BOUREL | E93: DOMO | F93: Fibra Optica | H93: REPORTA IMAGENES 17/11/2021 | I93: -348093230000 | J93: -582817790000 | K93: 172.20.11.222 | L93: =COUNTIF(O93:AR93,"") -> 30 | M93: =COUNTIF(O93:AP93,"APAGADO") -> 0 | N93: =(L93)/(M93+L93) -> 1
A94: CENTRO | C94: CEN73 | D94: BOUREL Y DEFENSA | E94: DOMO | F94: Fibra Optica | H94: SE DA DE ALTA 10/12/2021 | I94: -347987330000 | J94: -582822490000 | K94: 172.20.11.223 | L94: =COUNTIF(O94:AR94,"") -> 20 | M94: =COUNTIF(O94:AP94,"APAGADO") -> 10 | N94: =(L94)/(M94+L94) -> 0.66666667 | O94: APAGADO | P94: APAGADO | Q94: APAGADO | R94: APAGADO | S94: APAGADO | T94: APAGADO | X94: APAGADO | Y94: APAGADO | Z94: APAGADO | AA94: APAGADO
A95: CENTRO | C95: CEN74 | D95: Las Heras y Maipu | E95: Domo | F95: Fibra Optica | I95: -348051750000 | J95: -582833410000 | K95: 172.20.11.53 | L95: =COUNTIF(O95:AR95,"") -> 30 | M95: =COUNTIF(O95:AP95,"APAGADO") -> 0 | N95: =(L95)/(M95+L95) -> 1
A96: SAN NICOLAS | C96: CHA01 | D96: Novak y Pte Illia | E96: Domo | F96: Radio | G96: Flujo Vehicular | I96: -348055400000 | J96: -582972760000 | K96: 172.20.200.126 | L96: =COUNTIF(O96:AR96,"") -> 30 | M96: =COUNTIF(O96:AP96,"APAGADO") -> 0 | N96: =(L96)/(M96+L96) -> 1
A97: CHACABUCO | C97: CHA02 | D97: Pte. Illia y Posadas | E97: Domo | F97: Radio | G97: Flujo Vehicular, Zona Comercial | H97: 11/05/18 A LA ESPERA DE INFORME. | I97: -348032560000 | J97: -582926760000 | K97: 172.20.200.186 | L97: =COUNTIF(O97:AR97,"") -> 30 | M97: =COUNTIF(O97:AP97,"APAGADO") -> 0 | N97: =(L97)/(M97+L97) -> 1
A98: CHACABUCO | C98: CHA03 | D98: MAIPU Y ALVAREZ THOMAS | E98: DOMO | F98: Fibra Optica | H98: EN FUNCIONAMIENTO 13/07/2021 | I98: -348083930000 | J98: -582918310000 | K98: 172.20.11.71 | L98: =COUNTIF(O98:AR98,"") -> 30 | M98: =COUNTIF(O98:AP98,"APAGADO") -> 0 | N98: =(L98)/(M98+L98) -> 1
A99: CHACABUCO | C99: CHA04 | D99: ESTADOS UNIDOS DE A. E ILLIA | E99: DOMO | F99: Fibra Optica | H99: REPORTA IMAGENES 28/07/2021 | I99: -348019100000 | J99: -582901420000 | K99: 172.20.11.191 | L99: =COUNTIF(O99:AR99,"") -> 21 | M99: =COUNTIF(O99:AP99,"APAGADO") -> 9 | N99: =(L99)/(M99+L99) -> 0.7 | O99: APAGADO | P99: APAGADO | Q99: APAGADO | R99: APAGADO | S99: APAGADO | T99: APAGADO | X99: APAGADO | Y99: APAGADO | AA99: APAGADO
A100: VILLA MONICA NUEVA | C100: COL01 | D100: Eva Peron y Cariboni | E100: Domo | F100: Radio | G100: Flujo Vehicular | I100: -348419680000 | J100: -582787590000 | K100: 172.20.200.177 | L100: =COUNTIF(O100:AR100,"") -> 29 | M100: =COUNTIF(O100:AP100,"APAGADO") -> 0 | N100: =(L100)/(M100+L100) -> 1
...

Sheet ESTADISTICA
A1: ='RESUMEN TOTAL'!A4 -> Barrio | B1: ='RESUMEN TOTAL'!C4 -> [Denominacion] | C1: ='RESUMEN TOTAL'!D4 -> [Ubicacion] | D1: ='RESUMEN TOTAL'!E4 -> [Tipo de Camara] | E1: ='RESUMEN TOTAL'!F4 -> [Tipo de Conexion] | F1: ='RESUMEN TOTAL'!O4 -> 44713 | G1: ='RESUMEN TOTAL'!P4 -> 44714 | H1: ='RESUMEN TOTAL'!Q4 -> 44715 | I1: ='RESUMEN TOTAL'!R4 -> 44716 | J1: ='RESUMEN TOTAL'!S4 -> 44717 | K1: ='RESUMEN TOTAL'!T4 -> 44718 | L1: ='RESUMEN TOTAL'!U4 -> 44719 | M1: ='RESUMEN TOTAL'!V4 -> 44720 | ... AI1: ='RESUMEN TOTAL'!AR4 -> 44742
A2: ='RESUMEN TOTAL'!A5 -> PRESIDENTE PERON (PEPSI) | B2: ='RESUMEN TOTAL'!C5 -> MAR 01 | C2: ='RESUMEN TOTAL'!D5 -> RP36 Y LA ESMERALDA | D2: ='RESUMEN TOTAL'!E5 -> DOMO | E2: ='RESUMEN TOTAL'!F5 -> Fibra Optica | F2: ='RESUMEN TOTAL'!O5 -> APAGADO | G2: ='RESUMEN TOTAL'!P5 -> APAGADO | H2: ='RESUMEN TOTAL'!Q5 -> APAGADO | I2: ='RESUMEN TOTAL'!R5 -> APAGADO | J2: ='RESUMEN TOTAL'!S5 -> APAGADO | K2: ='RESUMEN TOTAL'!T5 -> APAGADO | L2: ='RESUMEN TOTAL'!U5 -> APAGADO | M2: ='RESUMEN TOTAL'!V5 -> APAGADO | ... AI2: ='RESUMEN TOTAL'!AR5 -> 0
A3: ='RESUMEN TOTAL'!A6 -> MAYOL | B3: ='RESUMEN TOTAL'!C6 -> MAY 01 | C3: ='RESUMEN TOTAL'!D6 -> Eva Peron y Cabildo | D3: ='RESUMEN TOTAL'!E6 -> Domo | E3: ='RESUMEN TOTAL'!F6 -> Radio | F3: ='RESUMEN TOTAL'!O6 -> 0 | G3: ='RESUMEN TOTAL'!P6 -> 0 | H3: ='RESUMEN TOTAL'!Q6 -> 0 | I3: ='RESUMEN TOTAL'!R6 -> 0 | J3: ='RESUMEN TOTAL'!S6 -> 0 | K3: ='RESUMEN TOTAL'!T6 -> 0 | L3: ='RESUMEN TOTAL'!U6 -> 0 | M3: ='RESUMEN TOTAL'!V6 -> 0 | ... AI3: ='RESUMEN TOTAL'!AR6 -> 0
A4: ='RESUMEN TOTAL'!A7 -> 0 | B4: ='RESUMEN TOTAL'!C7 -> MAY 02 | C4: ='RESUMEN TOTAL'!D7 -> EVA PERON Y MONTEVIDEO | D4: ='RESUMEN TOTAL'!E7 -> Domo | E4: ='RESUMEN TOTAL'!F7 -> Radio | F4: ='RESUMEN TOTAL'!O7 -> APAGADO | G4: ='RESUMEN TOTAL'!P7 -> APAGADO | H4: ='RESUMEN TOTAL'!Q7 -> APAGADO | I4: ='RESUMEN TOTAL'!R7 -> APAGADO | J4: ='RESUMEN TOTAL'!S7 -> APAGADO | K4: ='RESUMEN TOTAL'!T7 -> APAGADO | L4: ='RESUMEN TOTAL'!U7 -> APAGADO | M4: ='RESUMEN TOTAL'!V7 -> APAGADO | ... AI4: ='RESUMEN TOTAL'!AR7 -> 0
A5: ='RESUMEN TOTAL'!A8 -> MAYOL | B5: ='RESUMEN TOTAL'!C8 -> MAY 03 | C5: ='RESUMEN TOTAL'!D8 -> CHAÑAR Y SAN NICOLAS | D5: ='RESUMEN TOTAL'!E8 -> DOMO | E5: ='RESUMEN TOTAL'!F8 -> PTP A FO | F5: ='RESUMEN TOTAL'!O8 -> 0 | G5: ='RESUMEN TOTAL'!P8 -> 0 | H5: ='RESUMEN TOTAL'!Q8 -> 0 | I5: ='RESUMEN TOTAL'!R8 -> 0 | J5: ='RESUMEN TOTAL'!S8 -> 0 | K5: ='RESUMEN TOTAL'!T8 -> 0 | L5: ='RESUMEN TOTAL'!U8 -> 0 | M5: ='RESUMEN TOTAL'!V8 -> 0 | ... AI5: ='RESUMEN TOTAL'!AR8 -> 0
A6: ='RESUMEN TOTAL'!A9 -> 0 | B6: ='RESUMEN TOTAL'!C9 -> MAY 04 | C6: ='RESUMEN TOTAL'!D9 -> MAR CHIQUITA Y RIO JACHAL | D6: ='RESUMEN TOTAL'!E9 -> DOMO | E6: ='RESUMEN TOTAL'!F9 -> Radio | F6: ='RESUMEN TOTAL'!O9 -> 0 | G6: ='RESUMEN TOTAL'!P9 -> 0 | H6: ='RESUMEN TOTAL'!Q9 -> 0 | I6: ='RESUMEN TOTAL'!R9 -> 0 | J6: ='RESUMEN TOTAL'!S9 -> 0 | K6: ='RESUMEN TOTAL'!T9 -> 0 | L6: ='RESUMEN TOTAL'!U9 -> 0 | M6: ='RESUMEN TOTAL'!V9 -> 0 | ... AI6: ='RESUMEN TOTAL'!AR9 -> 0
A7: ='RESUMEN TOTAL'!A10 -> ALTAMIRA | B7: ='RESUMEN TOTAL'!C10 -> ALT06 | C7: ='RESUMEN TOTAL'!D10 -> LOPE DE VEGA Y NECOCHEA | D7: ='RESUMEN TOTAL'!E10 -> Domo | E7: ='RESUMEN TOTAL'!F10 -> PTP A FO | F7: ='RESUMEN TOTAL'!O10 -> 0 | G7: ='RESUMEN TOTAL'!P10 -> 0 | H7: ='RESUMEN TOTAL'!Q10 -> 0 | I7: ='RESUMEN TOTAL'!R10 -> 0 | J7: ='RESUMEN TOTAL'!S10 -> 0 | K7: ='RESUMEN TOTAL'!T10 -> 0 | L7: ='RESUMEN TOTAL'!U10 -> 0 | M7: ='RESUMEN TOTAL'!V10 -> 0 | ... AI7: ='RESUMEN TOTAL'!AR10 -> 0
A8: ='RESUMEN TOTAL'!A11 -> ALTAMIRA | B8: ='RESUMEN TOTAL'!C11 -> ALT01 | C8: ='RESUMEN TOTAL'!D11 -> Calchaqui y Sgto. Cabral | D8: ='RESUMEN TOTAL'!E11 -> Domo | E8: ='RESUMEN TOTAL'!F11 -> Fibra Optica | F8: ='RESUMEN TOTAL'!O11 -> APAGADO | G8: ='RESUMEN TOTAL'!P11 -> APAGADO | H8: ='RESUMEN TOTAL'!Q11 -> 0 | I8: ='RESUMEN TOTAL'!R11 -> 0 | J8: ='RESUMEN TOTAL'!S11 -> 0 | K8: ='RESUMEN TOTAL'!T11 -> 0 | L8: ='RESUMEN TOTAL'!U11 -> 0 | M8: ='RESUMEN TOTAL'!V11 -> 0 | ... AI8: ='RESUMEN TOTAL'!AR11 -> 0
A9: ='RESUMEN TOTAL'!A12 -> ALTAMIRA | B9: ='RESUMEN TOTAL'!C12 -> ALT02 | C9: ='RESUMEN TOTAL'!D12 -> Calchaqui y Lope de Vega | D9: ='RESUMEN TOTAL'!E12 -> Domo | E9: ='RESUMEN TOTAL'!F12 -> PTP A FO | F9: ='RESUMEN TOTAL'!O12 -> 0 | G9: ='RESUMEN TOTAL'!P12 -> 0 | H9: ='RESUMEN TOTAL'!Q12 -> 0 | I9: ='RESUMEN TOTAL'!R12 -> 0 | J9: ='RESUMEN TOTAL'!S12 -> 0 | K9: ='RESUMEN TOTAL'!T12 -> 0 | L9: ='RESUMEN TOTAL'!U12 -> 0 | M9: ='RESUMEN TOTAL'!V12 -> 0 | ... AI9: ='RESUMEN TOTAL'!AR12 -> 0
A10: ='RESUMEN TOTAL'!A13 -> ALTAMIRA | B10: ='RESUMEN TOTAL'!C13 -> ALT03 | C10: ='RESUMEN TOTAL'!D13 -> Bombero Galarza y Necochea | D10: ='RESUMEN TOTAL'!E13 -> Domo | E10: ='RESUMEN TOTAL'!F13 -> Fibra Optica | F10: ='RESUMEN TOTAL'!O13 -> 0 | G10: ='RESUMEN TOTAL'!P13 -> 0 | H10: ='RESUMEN TOTAL'!Q13 -> 0 | I10: ='RESUMEN TOTAL'!R13 -> 0 | J10: ='RESUMEN TOTAL'!S13 -> 0 | K10: ='RESUMEN TOTAL'!T13 -> 0 | L10: ='RESUMEN TOTAL'!U13 -> 0 | M10: ='RESUMEN TOTAL'!V13 -> 0 | ... AI10: ='RESUMEN TOTAL'!AR13 -> 0
A11: ='RESUMEN TOTAL'!A14 -> 0 | B11: ='RESUMEN TOTAL'!C14 -> ALT04 | C11: ='RESUMEN TOTAL'!D14 -> Francia y Necochea | D11: ='RESUMEN TOTAL'!E14 -> Domo | E11: ='RESUMEN TOTAL'!F14 -> Fibra Optica | F11: ='RESUMEN TOTAL'!O14 -> APAGADO | G11: ='RESUMEN TOTAL'!P14 -> APAGADO | H11: ='RESUMEN TOTAL'!Q14 -> APAGADO | I11: ='RESUMEN TOTAL'!R14 -> 0 | J11: ='RESUMEN TOTAL'!S14 -> APAGADO | K11: ='RESUMEN TOTAL'!T14 -> 0 | L11: ='RESUMEN TOTAL'!U14 -> APAGADO | M11: ='RESUMEN TOTAL'!V14 -> 0 | ... AI11: ='RESUMEN TOTAL'!AR14 -> 0
A12: ='RESUMEN TOTAL'!A15 -> ALTAMIRA | B12: ='RESUMEN TOTAL'!C15 -> ALT05 | C12: ='RESUMEN TOTAL'!D15 -> Av. Calchaqui y Bombero Galarza | D12: ='RESUMEN TOTAL'!E15 -> Domo | E12: ='RESUMEN TOTAL'!F15 -> PTP A FO | F12: ='RESUMEN TOTAL'!O15 -> 0 | G12: ='RESUMEN TOTAL'!P15 -> 0 | H12: ='RESUMEN TOTAL'!Q15 -> 0 | I12: ='RESUMEN TOTAL'!R15 -> 0 | J12: ='RESUMEN TOTAL'!S15 -> 0 | K12: ='RESUMEN TOTAL'!T15 -> 0 | L12: ='RESUMEN TOTAL'!U15 -> 0 | M12: ='RESUMEN TOTAL'!V15 -> 0 | ... AI12: ='RESUMEN TOTAL'!AR15 -> 0
... A374: ='RESUMEN TOTAL'!A377 -> CENTRO | B374: ='RESUMEN TOTAL'!C377 -> CEN75 | C374: ='RESUMEN TOTAL'!D377 -> CASTELLI Y 25 DE MAYO | D374: ='RESUMEN TOTAL'!E377 -> DOMO | E374: ='RESUMEN TOTAL'!F377 -> Fibra Optica | F374: ='RESUMEN TOTAL'!O377 -> 0 | G374: ='RESUMEN TOTAL'!P377 -> 0 | H374: ='RESUMEN TOTAL'!Q377 -> 0 | I374: ='RESUMEN TOTAL'!R377 -> 0 | J374: ='RESUMEN TOTAL'!S377 -> 0 | K374: ='RESUMEN TOTAL'!T377 -> 0 | L374: ='RESUMEN TOTAL'!U377 -> 0 | M374: ='RESUMEN TOTAL'!V377 -> 0 | ... AI374: ='RESUMEN TOTAL'!AR377 -> 0

Sheet APAGADOS
E1: APAGADOS | F1: =COUNTIF(F3:F366, "APAGADO") -> 71 | G1: =COUNTIF(G3:G366, "APAGADO") -> 88 | H1: =COUNTIF(H3:H366, "APAGADO") -> 83 | I1: =COUNTIF(I3:I366, "APAGADO") -> 68 | J1: =COUNTIF(J3:J366, "APAGADO") -> 65 | K1: =COUNTIF(K3:K366, "APAGADO") -> 63 | L1: =COUNTIF(L3:L366, "APAGADO") -> 62 | M1: =COUNTIF(M3:M366, "APAGADO") -> 44 | ... V1: =COUNTIF(V3:V366, "APAGADO") -> 0 | W1: =COUNTIF(W3:W447, "APAGADO") -> 38 | X1: =COUNTIF(X3:X366, "APAGADO") -> 0 | Y1: =COUNTIF(Y3:Y366, "APAGADO") -> 0 | Z1: =COUNTIF(Z3:Z366, "APAGADO") -> 0 | AA1: =COUNTIF(AA3:AA366, "APAGADO") -> 0 | AB1: =COUNTIF(AB3:AB366, "APAGADO") -> 0 | AC1: =COUNTIF(AC3:AC366, "APAGADO") -> 0 | AD1: =COUNTIF(AD3:AD366, "APAGADO") -> 0 | AE1: =COUNTIF(AE3:AE366, "APAGADO") -> 0 | ... AI1: =COUNTIF(AI3:AI366, "APAGADO") -> 0
A2: =ESTADISTICA!A1 -> Barrio | B2: =ESTADISTICA!B1 -> [Denominacion] | C2: =ESTADISTICA!C1 -> [Ubicacion] | D2: =ESTADISTICA!D1 -> [Tipo de Camara] | E2: =ESTADISTICA!E1 -> [Tipo de Conexion] | F2: =ESTADISTICA!F1 -> 44713 | G2: =ESTADISTICA!G1 -> 44714 | H2: =ESTADISTICA!H1 -> 44715 | ... AI2: =ESTADISTICA!AI1 -> 44742
A3: =ESTADISTICA!A2 -> PRESIDENTE PERON (PEPSI) | B3: =ESTADISTICA!B2 -> MAR 01 | C3: =ESTADISTICA!C2 -> RP36 Y LA ESMERALDA | D3: =ESTADISTICA!D2 -> DOMO | E3: =ESTADISTICA!E2 -> Fibra Optica | F3: =ESTADISTICA!F2 -> APAGADO | G3: =ESTADISTICA!G2 -> APAGADO | H3: =ESTADISTICA!H2 -> APAGADO | ... AG3: =ESTADISTICA!AG2 -> 0
A4: =ESTADISTICA!A3 -> MAYOL | B4: =ESTADISTICA!B3 -> MAY 01 | C4: =ESTADISTICA!C3 -> Eva Peron y Cabildo | D4: =ESTADISTICA!D3 -> Domo | E4: =ESTADISTICA!E3 -> Radio | F4: =ESTADISTICA!F3 -> 0 | G4: =ESTADISTICA!G3 -> 0 | H4: =ESTADISTICA!H3 -> 0 | ... AG4: =ESTADISTICA!AG3 -> 0
A5: =ESTADISTICA!A4 -> 0 | B5: =ESTADISTICA!B4 -> MAY 02 | C5: =ESTADISTICA!C4 -> EVA PERON Y MONTEVIDEO | D5: =ESTADISTICA!D4 -> Domo | E5: =ESTADISTICA!E4 -> Radio | F5: =ESTADISTICA!F4 -> APAGADO | G5: =ESTADISTICA!G4 -> APAGADO | H5: =ESTADISTICA!H4 -> APAGADO | ... AG5: =ESTADISTICA!AG4 -> 0
A6: =ESTADISTICA!A5 -> MAYOL | B6: =ESTADISTICA!B5 -> MAY 03 | C6: =ESTADISTICA!C5 -> CHAÑAR Y SAN NICOLAS | D6: =ESTADISTICA!D5 -> DOMO | E6: =ESTADISTICA!E5 -> PTP A FO | F6: =ESTADISTICA!F5 -> 0 | G6: =ESTADISTICA!G5 -> 0 | H6: =ESTADISTICA!H5 -> 0 | ... AG6: =ESTADISTICA!AG5 -> 0
A7: =ESTADISTICA!A6 -> 0 | B7: =ESTADISTICA!B6 -> MAY 04 | C7: =ESTADISTICA!C6 -> MAR CHIQUITA Y RIO JACHAL | D7: =ESTADISTICA!D6 -> DOMO | E7: =ESTADISTICA!E6 -> Radio | F7: =ESTADISTICA!F6 -> 0 | G7: =ESTADISTICA!G6 -> 0 | H7: =ESTADISTICA!H6 -> 0 | ... AG7: =ESTADISTICA!AG6 -> 0
A8: =ESTADISTICA!A7 -> ALTAMIRA | B8: =ESTADISTICA!B7 -> ALT06 | C8: =ESTADISTICA!C7 -> LOPE DE VEGA Y NECOCHEA | D8: =ESTADISTICA!D7 -> Domo | E8: =ESTADISTICA!E7 -> PTP A FO | F8: =ESTADISTICA!F7 -> 0 | G8: =ESTADISTICA!G7 -> 0 | H8: =ESTADISTICA!H7 -> 0 | ... AG8: =ESTADISTICA!AG7 -> 0
A9: =ESTADISTICA!A8 -> ALTAMIRA | B9: =ESTADISTICA!B8 -> ALT01 | C9: =ESTADISTICA!C8 -> Calchaqui y Sgto. Cabral | D9: =ESTADISTICA!D8 -> Domo | E9: =ESTADISTICA!E8 -> Fibra Optica | F9: =ESTADISTICA!F8 -> APAGADO | G9: =ESTADISTICA!G8 -> APAGADO | H9: =ESTADISTICA!H8 -> 0 | ... AG9: =ESTADISTICA!AG8 -> 0
A10: =ESTADISTICA!A9 -> ALTAMIRA | B10: =ESTADISTICA!B9 -> ALT02 | C10: =ESTADISTICA!C9 -> Calchaqui y Lope de Vega | D10: =ESTADISTICA!D9 -> Domo | E10: =ESTADISTICA!E9 -> PTP A FO | F10: =ESTADISTICA!F9 -> 0 | G10: =ESTADISTICA!G9 -> 0 | H10: =ESTADISTICA!H9 -> 0 | ... AG10: =ESTADISTICA!AG9 -> 0
A11: =ESTADISTICA!A10 -> ALTAMIRA | B11: =ESTADISTICA!B10 -> ALT03 | C11: =ESTADISTICA!C10 -> Bombero Galarza y Necochea | D11: =ESTADISTICA!D10 -> Domo | E11: =ESTADISTICA!E10 -> Fibra Optica | F11: =ESTADISTICA!F10 -> 0 | G11: =ESTADISTICA!G10 -> 0 | H11: =ESTADISTICA!H10 -> 0 | ... AG11: =ESTADISTICA!AG10 -> 0
A12: =ESTADISTICA!A11 -> 0 | B12: =ESTADISTICA!B11 -> ALT04 | C12: =ESTADISTICA!C11 -> Francia y Necochea | D12: =ESTADISTICA!D11 -> Domo | E12: =ESTADISTICA!E11 -> Fibra Optica | F12: =ESTADISTICA!F11 -> APAGADO | G12: =ESTADISTICA!G11 -> APAGADO | H12: =ESTADISTICA!H11 -> APAGADO | ... AG12: =ESTADISTICA!AG11 -> 0
A13: =ESTADISTICA!A12 -> ALTAMIRA | B13: =ESTADISTICA!B12 -> ALT05 | C13: =ESTADISTICA!C12 -> Av. Calchaqui y Bombero Galarza | D13: =ESTADISTICA!D12 -> Domo | E13: =ESTADISTICA!E12 -> PTP A FO | F13: =ESTADISTICA!F12 -> 0 | G13: =ESTADISTICA!G12 -> 0 | H13: =ESTADISTICA!H12 -> 0 | ... AG13: =ESTADISTICA!AG12 -> 0
A14: =ESTADISTICA!A13 -> ALTAMIRA | B14: =ESTADISTICA!B13 -> ALT07 | C14: =ESTADISTICA!C13 -> AV. CALCHAQUI Y AV. DEL TRABAJO | D14: =ESTADISTICA!D13 -> DOMO | E14: =ESTADISTICA!E13 -> PTP A FO | F14: =ESTADISTICA!F13 -> 0 | G14: =ESTADISTICA!G13 -> 0 | H14: =ESTADISTICA!H13 -> 0 | ... AG14: =ESTADISTICA!AG13 -> 0
... A77: =ESTADISTICA!A76 -> CENTRO | B77: =ESTADISTICA!B76 -> CEN43 | C77: =ESTADISTICA!C76 -> Sallares y Alberdi | D77: =ESTADISTICA!D76 -> Domo | E77: =ESTADISTICA!E76 -> Fibra Optica | F77: =ESTADISTICA!F76 -> 0 | G77: =ESTADISTICA!G76 -> 0 | H77: =ESTADISTICA!H76 -> 0 | ... AG77: =ESTADISTICA!AG76 -> 0
A78: =ESTADISTICA!A77 -> CENTRO | B78: =ESTADISTICA!B77 -> CEN44 | C78: =ESTADISTICA!C77 -> Mitre y Brown | D78: =ESTADISTICA!D77 -> Domo | E78: =ESTADISTICA!E77 -> Fibra Optica | F78: =ESTADISTICA!F77 -> 0 | G78: =ESTADISTICA!G77 -> APAGADO | H78: =ESTADISTICA!H77 -> APAGADO | ... AI78: =ESTADISTICA!AI77 -> 0
A79: =ESTADISTICA!A78 -> CENTRO | B79: =ESTADISTICA!B78 -> CEN45 (fija 1) | C79: =ESTADISTICA!C78 -> EEUU Y MORENO | D79: =ESTADISTICA!D78 -> Fija | E79: =ESTADISTICA!E78 -> Fibra Optica | F79: =ESTADISTICA!F78 -> 0 | G79: =ESTADISTICA!G78 -> 0 | H79: =ESTADISTICA!H78 -> 0 | ... AG79: =ESTADISTICA!AG78 -> 0
A80: =ESTADISTICA!A79 -> CENTRO | B80: =ESTADISTICA!B79 -> CEN46 (fija 2) | C80: =ESTADISTICA!C79 -> EEUU Y MORENO | D80: =ESTADISTICA!D79 -> Fija | E80: =ESTADISTICA!E79 -> Fibra Optica | F80: =ESTADISTICA!F79 -> 0 | G80: =ESTADISTICA!G79 -> 0 | H80: =ESTADISTICA!H79 -> 0 | ... AG80: =ESTADISTICA!AG79 -> 0
A81: =ESTADISTICA!A80 -> CENTRO | B81: =ESTADISTICA!B80 -> CEN47 | C81: =ESTADISTICA!C80 -> Sallares y Brown | D81: =ESTADISTICA!D80 -> Domo | E81: =ESTADISTICA!E80 -> Fibra Optica | F81: =ESTADISTICA!F80 -> APAGADO | G81: =ESTADISTICA!G80 -> APAGADO | H81: =ESTADISTICA!H80 -> APAGADO | ... AG81: =ESTADISTICA!AG80 -> 0
A82: =ESTADISTICA!A81 -> CENTRO | B82: =ESTADISTICA!B81 -> CEN48 | C82: =ESTADISTICA!C81 -> Velez Sarsfield y Las Heras | D82: =ESTADISTICA!D81 -> Domo | E82: =ESTADISTICA!E81 -> Radio | F82: =ESTADISTICA!F81 -> APAGADO | G82: =ESTADISTICA!G81 -> APAGADO | H82: =ESTADISTICA!H81 -> 0 | ... AG82: =ESTADISTICA!AG81 -> 0
A83: =ESTADISTICA!A82 -> CENTRO | B83: =ESTADISTICA!B82 -> CEN49 | C83: =ESTADISTICA!C82 -> Av. San Martin y Florencio Sanchez | D83: =ESTADISTICA!D82 -> Domo | E83: =ESTADISTICA!E82 -> Radio | F83: =ESTADISTICA!F82 -> 0 | G83: =ESTADISTICA!G82 -> 0 | H83: =ESTADISTICA!H82 -> 0 | ... AG83: =ESTADISTICA!AG82 -> 0
A84: =ESTADISTICA!A83 -> CENTRO | B84: =ESTADISTICA!B83 -> CEN50 | C84: =ESTADISTICA!C83 -> Av. San Martin y Newbery | D84: =ESTADISTICA!D83 -> Domo | E84: =ESTADISTICA!E83 -> Radio | F84: =ESTADISTICA!F83 -> 0 | G84: =ESTADISTICA!G83 -> 0 | H84: =ESTADISTICA!H83 -> 0 | ... AG84: =ESTADISTICA!AG83 -> 0
A85: =ESTADISTICA!A84 -> 0 | B85: =ESTADISTICA!B84 -> CEN52 | C85: =ESTADISTICA!C84 -> San Martin y Almafuerte (ex San Martin y Dorrego) | D85: =ESTADISTICA!D84 -> DOMO | E85: =ESTADISTICA!E84 -> Radio | F85: =ESTADISTICA!F84 -> 0 | G85: =ESTADISTICA!G84 -> 0 | H85: =ESTADISTICA!H84 -> 0 | ... AG85: =ESTADISTICA!AG84 -> 0
A86: =ESTADISTICA!A85 -> CENTRO | B86: =ESTADISTICA!B85 -> CEN64 | C86: =ESTADISTICA!C85 -> SAN MARTIN Y BOCCUZZI | D86: =ESTADISTICA!D85 -> FIJA | E86: =ESTADISTICA!E85 -> Fibra Optica | F86: =ESTADISTICA!F85 -> 0 | G86: =ESTADISTICA!G85 -> 0 | H86: =ESTADISTICA!H85 -> 0 | ... AG86: =ESTADISTICA!AG85 -> 0
A87: =ESTADISTICA!A86 -> CENTRO | B87: =ESTADISTICA!B86 -> CEN65 | C87: =ESTADISTICA!C86 -> SAN MARTIN Y JUAN PERON | D87: =ESTADISTICA!D86 -> FIJA | E87: =ESTADISTICA!E86 -> Fibra Optica | F87: =ESTADISTICA!F86 -> 0 | G87: =ESTADISTICA!G86 -> 0 | H87: =ESTADISTICA!H86 -> 0 | ... AI87: =ESTADISTICA!AI86 -> 0
A88: =ESTADISTICA!A87 -> CENTRO | B88: =ESTADISTICA!B87 -> CEN66 | C88: =ESTADISTICA!C87 -> SAN MARTIN Y JUAN PERON | D88: =ESTADISTICA!D87 -> FIJA | E88: =ESTADISTICA!E87 -> Fibra Optica | F88: =ESTADISTICA!F87 -> APAGADO | G88: =ESTADISTICA!G87 -> 0 | H88: =ESTADISTICA!H87 -> APAGADO | ... AI88: =ESTADISTICA!AI87 -> 0
A89: =ESTADISTICA!A88 -> CENTRO | B89: =ESTADISTICA!B88 -> CEN67 (fija 1) | C89: =ESTADISTICA!C88 -> 9 DE JULIO Y BROWN | D89: =ESTADISTICA!D88 -> Fija | E89: =ESTADISTICA!E88 -> Fibra Optica | F89: =ESTADISTICA!F88 -> 0 | G89: =ESTADISTICA!G88 -> 0 | H89: =ESTADISTICA!H88 -> 0 | ... AI89: =ESTADISTICA!AI88 -> 0
A90: =ESTADISTICA!A89 -> CENTRO | B90: =ESTADISTICA!B89 -> CEN68 (fija 2) | C90: =ESTADISTICA!C89 -> 9 DE JULIO Y BROWN | D90: =ESTADISTICA!D89 -> Fija | E90: =ESTADISTICA!E89 -> Fibra Optica | F90: =ESTADISTICA!F89 -> 0 | G90: =ESTADISTICA!G89 -> 0 | H90: =ESTADISTICA!H89 -> 0 | ... AI90: =ESTADISTICA!AI89 -> 0
A91: =ESTADISTICA!A90 -> CENTRO | B91: =ESTADISTICA!B90 -> CEN69 | C91: =ESTADISTICA!C90 -> RIVADAVIA Y BOUREL | D91: =ESTADISTICA!D90 -> DOMO | E91: =ESTADISTICA!E90 -> Fibra Optica | F91: =ESTADISTICA!F90 -> 0 | G91: =ESTADISTICA!G90 -> 0 | H91: =ESTADISTICA!H90 -> 0 | ... AG91: =ESTADISTICA!AG90 -> 0
A92: =ESTADISTICA!A91 -> CENTRO | B92: =ESTADISTICA!B91 -> CEN73 | C92: =ESTADISTICA!C91 -> BOUREL Y DEFENSA | D92: =ESTADISTICA!D91 -> DOMO | E92: =ESTADISTICA!E91 -> Fibra Optica | F92: =ESTADISTICA!F91 -> APAGADO | G92: =ESTADISTICA!G91 -> APAGADO | H92: =ESTADISTICA!H91 -> APAGADO | ... AG92: =ESTADISTICA!AG91 -> 0
A93: =ESTADISTICA!A92 -> CENTRO | B93: =ESTADISTICA!B92 -> CEN74 | C93: =ESTADISTICA!C92 -> Las Heras y Maipu | D93: =ESTADISTICA!D92 -> Domo | E93: =ESTADISTICA!E92 -> Fibra Optica | F93: =ESTADISTICA!F92 -> 0 | G93: =ESTADISTICA!G92 -> 0 | H93: =ESTADISTICA!H92 -> 0 | ... AG93: =ESTADISTICA!AG92 -> 0
A94: =ESTADISTICA!A93 -> SAN NICOLAS | B94: =ESTADISTICA!B93 -> CHA01 | C94: =ESTADISTICA!C93 -> Novak y Pte Illia | D94: =ESTADISTICA!D93 -> Domo | E94: =ESTADISTICA!E93 -> Radio | F94: =ESTADISTICA!F93 -> 0 | G94: =ESTADISTICA!G93 -> 0 | H94: =ESTADISTICA!H93 -> 0 | ... AG94: =ESTADISTICA!AG93 -> 0
A95: =ESTADISTICA!A94 -> CHACABUCO | B95: =ESTADISTICA!B94 -> CHA02 | C95: =ESTADISTICA!C94 -> Pte. Illia y Posadas | D95: =ESTADISTICA!D94 -> Domo | E95: =ESTADISTICA!E94 -> Radio | F95: =ESTADISTICA!F94 -> 0 | G95: =ESTADISTICA!G94 -> 0 | H95: =ESTADISTICA!H94 -> 0 | ... AG95: =ESTADISTICA!AG94 -> 0
A96: =ESTADISTICA!A95 -> CHACABUCO | B96: =ESTADISTICA!B95 -> CHA03 | C96: =ESTADISTICA!C95 -> MAIPU Y ALVAREZ THOMAS | D96: =ESTADISTICA!D95 -> DOMO | E96: =ESTADISTICA!E95 -> Fibra Optica | F96: =ESTADISTICA!F95 -> 0 | G96: =ESTADISTICA!G95 -> 0 | H96: =ESTADISTICA!H95 -> 0 | ... AG96: =ESTADISTICA!AG95 -> 0
A97: =ESTADISTICA!A96 -> CHACABUCO | B97: =ESTADISTICA!B96 -> CHA04 | C97: =ESTADISTICA!C96 -> ESTADOS UNIDOS DE A. E ILLIA | D97: =ESTADISTICA!D96 -> DOMO | E97: =ESTADISTICA!E96 -> Fibra Optica | F97: =ESTADISTICA!F96 -> APAGADO | G97: =ESTADISTICA!G96 -> APAGADO | H97: =ESTADISTICA!H96 -> APAGADO | ... AG97: =ESTADISTICA!AG96 -> 0
A98: =ESTADISTICA!A97 -> VILLA MONICA NUEVA | B98: =ESTADISTICA!B97 -> COL01 | C98: =ESTADISTICA!C97 -> Eva Peron y Cariboni | D98: =ESTADISTICA!D97 -> Domo | E98: =ESTADISTICA!E97 -> Radio | F98: =ESTADISTICA!F97 -> 0 | G98: =ESTADISTICA!G97 -> 0 | H98: =ESTADISTICA!H97 -> 0 | ... AG98: =ESTADISTICA!AG97 -> 0
A99: =ESTADISTICA!A98 -> LA COLORADA ESTE | B99: =ESTADISTICA!B98 -> COL02 | C99: =ESTADISTICA!C98 -> Av. Eva Peron y Pompeya | D99: =ESTADISTICA!D98 -> Domo | E99: =ESTADISTICA!E98 -> Radio | F99: =ESTADISTICA!F98 -> 0 | G99: =ESTADISTICA!G98 -> 0 | H99: =ESTADISTICA!H98 -> 0 | ... AG99: =ESTADISTICA!AG98 -> 0
A100: =ESTADISTICA!A99 -> LA COLORADA ESTE | B100: =ESTADISTICA!B99 -> COL03 | C100: =ESTADISTICA!C99 -> CARIBONI Y LA ANCIANIDAD | D100: =ESTADISTICA!D99 -> DOMO | E100: =ESTADISTICA!E99 -> Radio | F100: =ESTADISTICA!F99 -> 0 | G100: =ESTADISTICA!G99 -> 0 | H100: =ESTADISTICA!H99 -> 0 | ... AG100: =ESTADISTICA!AG99 -> 0
A101: =ESTADISTICA!A100 -> 0 | B101: =ESTADISTICA!B100 -> DJO01 | C101: =ESTADISTICA!C100 -> Monteverde y Donato Alvarez | D101: =ESTADISTICA!D100 -> Domo | E101: =ESTADISTICA!E100 -> Radio | F101: =ESTADISTICA!F100 -> 0 | G101: =ESTADISTICA!G100 -> 0 | H101: =ESTADISTICA!H100 -> 0 | ... AG101: =ESTADISTICA!AG100 -> 0
A102: =ESTADISTICA!A101 -> DON JOSE | B102: =ESTADISTICA!B101 -> DJO02 (fija 1) | C102: =ESTADISTICA!C101 -> DONATO ALVAREZ Y EL APERO | D102: =ESTADISTICA!D101 -> Fija | E102: =ESTADISTICA!E101 -> PTP A FO | F102: =ESTADISTICA!F101 -> APAGADO | G102: =ESTADISTICA!G101 -> 0 | H102: =ESTADISTICA!H101 -> 0 | ... AI102: =ESTADISTICA!AI101 -> 0
A103: =ESTADISTICA!A102 -> DON JOSE | B103: =ESTADISTICA!B102 -> DJO03 (fija 2) | C103: =ESTADISTICA!C102 -> DONATO ALVAREZ Y EL APERO | D103: =ESTADISTICA!D102 -> Fija | E103: =ESTADISTICA!E102 -> PTP A FO | F103: =ESTADISTICA!F102 -> APAGADO | G103: =ESTADISTICA!G102 -> 0 | H103: =ESTADISTICA!H102 -> 0 | ... AI103: =ESTADISTICA!AI102 -> 0
A104: =ESTADISTICA!A103 -> EL PARQUE | B104: =ESTADISTICA!B103 -> EPQ01 | C104: =ESTADISTICA!C103 -> 1282 Y GRIERSON | D104: =ESTADISTICA!D103 -> DOMO | E104: =ESTADISTICA!E103 -> Fibra Optica | F104: =ESTADISTICA!F103 -> APAGADO | G104: =ESTADISTICA!G103 -> APAGADO | H104: =ESTADISTICA!H103 -> APAGADO | ... AG104: =ESTADISTICA!AG103 -> 0
A105: =ESTADISTICA!A104 -> EL PARQUE | B105: =ESTADISTICA!B104 -> EPQ02 | C105: =ESTADISTICA!C104 -> 1282 Y MASSE | D105: =ESTADISTICA!D104 -> DOMO | E105: =ESTADISTICA!E104 -> Fibra Optica | F105: =ESTADISTICA!F104 -> APAGADO | G105: =ESTADISTICA!G104 -> APAGADO | H105: =ESTADISTICA!H104 -> APAGADO | ... AG105: =ESTADISTICA!AG104 -> 0
A106: =ESTADISTICA!A105 -> EL PARQUE | B106: =ESTADISTICA!B105 -> EPQ03 | C106: =ESTADISTICA!C105 -> 1282 Y RP 36 | D106: =ESTADISTICA!D105 -> Domo | E106: =ESTADISTICA!E105 -> Fibra Optica | F106: =ESTADISTICA!F105 -> APAGADO | G106: =ESTADISTICA!G105 -> APAGADO | H106: =ESTADISTICA!H105 -> APAGADO | ... AG106: =ESTADISTICA!AG105 -> 0
A107: =ESTADISTICA!A106 -> EL PARQUE | B107: =ESTADISTICA!B106 -> EPQ04 | C107: =ESTADISTICA!C106 -> 1282 Y MORENO | D107: =ESTADISTICA!D106 -> DOMO | E107: =ESTADISTICA!E106 -> Fibra Optica | F107: =ESTADISTICA!F106 -> APAGADO | G107: =ESTADISTICA!G106 -> APAGADO | H107: =ESTADISTICA!H106 -> APAGADO | ... AG107: =ESTADISTICA!AG106 -> 0
A108: =ESTADISTICA!A107 -> LA ESMERALDA | B108: =ESTADISTICA!B107 -> ESM 07 | C108: =ESTADISTICA!C107 -> AV. NOVAK Y SERRANO | D108: =ESTADISTICA!D107 -> DOMO | E108: =ESTADISTICA!E107 -> PTP A FO | F108: =ESTADISTICA!F107 -> 0 | G108: =ESTADISTICA!G107 -> 0 | H108: =ESTADISTICA!H107 -> 0 | ... AG108: =ESTADISTICA!AG107 -> 0
A109: =ESTADISTICA!A108 -> LA ESMERALDA | B109: =ESTADISTICA!B108 -> ESM 08 | C109: =ESTADISTICA!C108 -> DAVINSON Y MORANCHEL | D109: =ESTADISTICA!D108 -> FIJA | E109: =ESTADISTICA!E108 -> Radio | F109: =ESTADISTICA!F108 -> 0 | G109: =ESTADISTICA!G108 -> 0 | H109: =ESTADISTICA!H108 -> 0 | ... AG109: =ESTADISTICA!AG108 -> 0
A110: =ESTADISTICA!A109 -> LA ESMERALDA | B110: =ESTADISTICA!B109 -> ESM01 | C110: =ESTADISTICA!C109 -> Cabello y Brasil | D110: =ESTADISTICA!D109 -> Domo | E110: =ESTADISTICA!E109 -> Radio | F110: =ESTADISTICA!F109 -> 0 | G110: =ESTADISTICA!G109 -> 0 | H110: =ESTADISTICA!H109 -> 0 | ... AG110: =ESTADISTICA!AG109 -> 0
A111: =ESTADISTICA!A110 -> SAN JORGE | B111: =ESTADISTICA!B110 -> ESM02 | C111: =ESTADISTICA!C110 -> Novak y Cabello | D111: =ESTADISTICA!D110 -> Domo | E111: =ESTADISTICA!E110 -> PTP A FO | F111: =ESTADISTICA!F110 -> 0 | G111: =ESTADISTICA!G110 -> 0 | H111: =ESTADISTICA!H110 -> 0 | ... AG111: =ESTADISTICA!AG110 -> 0
A112: =ESTADISTICA!A111 -> LIBERTAD | B112: =ESTADISTICA!B111 -> ESM03 | C112: =ESTADISTICA!C111 -> Novak y Humahuaca | D112: =ESTADISTICA!D111 -> DOMO | E112: =ESTADISTICA!E111 -> PTP A FO | F112: =ESTADISTICA!F111 -> 0 | G112: =ESTADISTICA!G111 -> 0 | H112: =ESTADISTICA!H111 -> 0 | ... AG112: =ESTADISTICA!AG111 -> 0
A113: =ESTADISTICA!A112 -> LA ESMERALDA | B113: =ESTADISTICA!B112 -> ESM04 | C113: =ESTADISTICA!C112 -> Basualdo y Bengochea | D113: =ESTADISTICA!D112 -> Domo | E113: =ESTADISTICA!E112 -> Fibra Optica | F113: =ESTADISTICA!F112 -> APAGADO | G113: =ESTADISTICA!G112 -> APAGADO | H113: =ESTADISTICA!H112 -> APAGADO | ... AI113: =ESTADISTICA!AI112 -> 0
A114: =ESTADISTICA!A113 -> LA ESMERALDA | B114: =ESTADISTICA!B113 -> ESM05 | C114: =ESTADISTICA!C113 -> Aniceto Diaz y Villar | D114: =ESTADISTICA!D113 -> Domo | E114: =ESTADISTICA!E113 -> Fibra Optica | F114: =ESTADISTICA!F113 -> APAGADO | G114: =ESTADISTICA!G113 -> APAGADO | H114: =ESTADISTICA!H113 -> APAGADO | ... AI114: =ESTADISTICA!AI113 -> 0
A115: =ESTADISTICA!A114 -> LA ESMERALDA | B115: =ESTADISTICA!B114 -> ESM06 | C115: =ESTADISTICA!C114 -> Roselli y Cabello | D115: =ESTADISTICA!D114 -> Domo | E115: =ESTADISTICA!E114 -> Radio | F115: =ESTADISTICA!F114 -> 0 | G115: =ESTADISTICA!G114 -> 0 | H115: =ESTADISTICA!H114 -> 0 | ... AG115: =ESTADISTICA!AG114 -> 0
A116: =ESTADISTICA!A115 -> LA ESMERALDA | B116: =ESTADISTICA!B115 -> ESM09 (fija 1) | C116: =ESTADISTICA!C115 -> EEUU Y CABELLO | D116: =ESTADISTICA!D115 -> Fija | E116: =ESTADISTICA!E115 -> Fibra Optica | F116: =ESTADISTICA!F115 -> 0 | G116: =ESTADISTICA!G115 -> 0 | H116: =ESTADISTICA!H115 -> 0 | ... AG116: =ESTADISTICA!AG115 -> 0
A117: =ESTADISTICA!A116 -> LA ESMERALDA | B117: =ESTADISTICA!B116 -> ESM10 (fija 2) | C117: =ESTADISTICA!C116 -> EEUU Y CABELLO | D117: =ESTADISTICA!D116 -> Fija | E117: =ESTADISTICA!E116 -> Fibra Optica | F117: =ESTADISTICA!F116 -> 0 | G117: =ESTADISTICA!G116 -> 0 | H117: =ESTADISTICA!H116 -> 0 | ... AG117: =ESTADISTICA!AG116 -> 0
A118: =ESTADISTICA!A117 -> LA ESMERALDA | B118: =ESTADISTICA!B117 -> ESM11 (fija 1) | C118: =ESTADISTICA!C117 -> NOVAK Y LAMBARDI | D118: =ESTADISTICA!D117 -> Fija | E118: =ESTADISTICA!E117 -> Fibra Optica | F118: =ESTADISTICA!F117 -> APAGADO | G118: =ESTADISTICA!G117 -> APAGADO | H118: =ESTADISTICA!H117 -> APAGADO | ... AG118: =ESTADISTICA!AG117 -> 0
A119: =ESTADISTICA!A118 -> LA ESMERALDA | B119: =ESTADISTICA!B118 -> ESM12 (fija 2) | C119: =ESTADISTICA!C118 -> NOVAK Y LAMBARDI | D119: =ESTADISTICA!D118 -> Fija | E119: =ESTADISTICA!E118 -> Fibra Optica | F119: =ESTADISTICA!F118 -> APAGADO | G119: =ESTADISTICA!G118 -> APAGADO | H119: =ESTADISTICA!H118 -> APAGADO | ... AG119: =ESTADISTICA!AG118 -> 0
A120: =ESTADISTICA!A119 -> INGENIERO ALLAN | B120: =ESTADISTICA!B119 -> INA01 | C120: =ESTADISTICA!C119 -> 1138 Y 1155 | D120: =ESTADISTICA!D119 -> DOMO | E120: =ESTADISTICA!E119 -> Fibra Optica | F120: =ESTADISTICA!F119 -> APAGADO | G120: =ESTADISTICA!G119 -> APAGADO | H120: =ESTADISTICA!H119 -> APAGADO | ... AG120: =ESTADISTICA!AG119 -> 0
A121: =ESTADISTICA!A120 -> INGENIERO ALLAN | B121: =ESTADISTICA!B120 -> INA02 | C121: =ESTADISTICA!C120 -> 1144 Y 1155 | D121: =ESTADISTICA!D120 -> DOMO | E121: =ESTADISTICA!E120 -> Fibra Optica | F121: =ESTADISTICA!F120 -> APAGADO | G121: =ESTADISTICA!G120 -> APAGADO | H121: =ESTADISTICA!H120 -> APAGADO | ... AG121: =ESTADISTICA!AG120 -> 0
A122: =ESTADISTICA!A121 -> INFICO | B122: =ESTADISTICA!B121 -> INF01 | C122: =ESTADISTICA!C121 -> AV. HUDSON Y CARIBONI | D122: =ESTADISTICA!D121 -> DOMO | E122: =ESTADISTICA!E121 -> Fibra Optica | F122: =ESTADISTICA!F121 -> 0 | G122: =ESTADISTICA!G121 -> APAGADO | H122: =ESTADISTICA!H121 -> 0 | ... AG122: =ESTADISTICA!AG121 -> 0
A123: =ESTADISTICA!A122 -> KM 26700 (JULIO A. COSTA) | B123: =ESTADISTICA!B122 -> KM 07 | C123: =ESTADISTICA!C122 -> EL ALJIBE E/ EL ZONDA Y DON SEGUNDO SOMBRA | D123: =ESTADISTICA!D122 -> DOMO | E123: =ESTADISTICA!E122 -> Radio | F123: =ESTADISTICA!F122 -> 0 | G123: =ESTADISTICA!G122 -> APAGADO | H123: =ESTADISTICA!H122 -> 0 | ... AG123: =ESTADISTICA!AG122 -> 0
A124: =ESTADISTICA!A123 -> KM 26700 (JULIO A. COSTA) | B124: =ESTADISTICA!B123 -> KM 08 / UPA 03 | C124: =ESTADISTICA!C123 -> LOS CHARRUAS Y BLANDENGUES | D124: =ESTADISTICA!D123 -> DOMO | E124: =ESTADISTICA!E123 -> Radio | F124: =ESTADISTICA!F123 -> 0 | G124: =ESTADISTICA!G123 -> 0 | H124: =ESTADISTICA!H123 -> 0 | ... AG124: =ESTADISTICA!AG123 -> 0
A125: =ESTADISTICA!A124 -> KM 26700 (JULIO A. COSTA) | B125: =ESTADISTICA!B124 -> KM 09 / UPA 1 | C125: =ESTADISTICA!C124 -> NOVAK Y LA POSTA | D125: =ESTADISTICA!D124 -> DOMO | E125: =ESTADISTICA!E124 -> Radio | F125: =ESTADISTICA!F124 -> 0 | G125: =ESTADISTICA!G124 -> 0 | H125: =ESTADISTICA!H124 -> 0 | ... AG125: =ESTADISTICA!AG124 -> 0
A126: =ESTADISTICA!A125 -> KM 26700 (JULIO A. COSTA) | B126: =ESTADISTICA!B125 -> KM 10 / UPA 2 | C126: =ESTADISTICA!C125 -> PLAYA DE ESTACIONAMIENTO INTERNA E/ HOSP. MODULAR Y UPA 11. | D126: =ESTADISTICA!D125 -> DOMO | E126: =ESTADISTICA!E125 -> Radio | F126: =ESTADISTICA!F125 -> 0 | G126: =ESTADISTICA!G125 -> 0 | H126: =ESTADISTICA!H125 -> 0 | ... AG126: =ESTADISTICA!AG125 -> 0
A127: =ESTADISTICA!A126 -> KM 26700 (JULIO A. COSTA) | B127: =ESTADISTICA!B126 -> KM 12 FIJA 1 | C127: =ESTADISTICA!C126 -> BLANDENGUES Y LA ZAMBA | D127: =ESTADISTICA!D126 -> Fija | E127: =ESTADISTICA!E126 -> PTP A FO | F127: =ESTADISTICA!F126 -> 0 | G127: =ESTADISTICA!G126 -> 0 | H127: =ESTADISTICA!H126 -> 0 | ... AI127: =ESTADISTICA!AI126 -> 0
A128: =ESTADISTICA!A127 -> KM 26700 (JULIO A. COSTA) | B128: =ESTADISTICA!B127 -> KM 13 FIJA 2 | C128: =ESTADISTICA!C127 -> BLANDENGUES Y LA ZAMBA | D128: =ESTADISTICA!D127 -> Fija | E128: =ESTADISTICA!E127 -> PTP A FO | F128: =ESTADISTICA!F127 -> 0 | G128: =ESTADISTICA!G127 -> 0 | H128: =ESTADISTICA!H127 -> 0 | ... AI128: =ESTADISTICA!AI127 -> 0
A129: =ESTADISTICA!A128 -> VILLA ARGENTINA | B129: =ESTADISTICA!B128 -> KM01 | C129: =ESTADISTICA!C128 -> Vias FFCC y La Pulperia | D129: =ESTADISTICA!D128 -> DOMO | E129: =ESTADISTICA!E128 -> Radio | F129: =ESTADISTICA!F128 -> 0 | G129: =ESTADISTICA!G128 -> 0 | H129: =ESTADISTICA!H128 -> 0 | ... AG129: =ESTADISTICA!AG128 -> 0
A130: =ESTADISTICA!A129 -> CHACABUCO | B130: =ESTADISTICA!B129 -> KM02 | C130: =ESTADISTICA!C129 -> Novak e/El Overo y el Mangrullo | D130: =ESTADISTICA!D129 -> Domo | E130: =ESTADISTICA!E129 -> Radio | F130: =ESTADISTICA!F129 -> 0 | G130: =ESTADISTICA!G129 -> 0 | H130: =ESTADISTICA!H129 -> 0 | ... AG130: =ESTADISTICA!AG129 -> 0
A131: =ESTADISTICA!A130 -> KM 26700 (JULIO A. COSTA) | B131: =ESTADISTICA!B130 -> KM03 | C131: =ESTADISTICA!C130 -> Novak y La Pulperia | D131: =ESTADISTICA!D130 -> Domo | E131: =ESTADISTICA!E130 -> Radio | F131: =ESTADISTICA!F130 -> APAGADO | G131: =ESTADISTICA!G130 -> APAGADO | H131: =ESTADISTICA!H130 -> APAGADO | ... AI131: =ESTADISTICA!AI130 -> 0
A132: =ESTADISTICA!A131 -> KM 26700 (JULIO A. COSTA) | B132: =ESTADISTICA!B131 -> KM04 | C132: =ESTADISTICA!C131 -> El Ombu y El Zonda | D132: =ESTADISTICA!D131 -> Domo | E132: =ESTADISTICA!E131 -> Radio | F132: =ESTADISTICA!F131 -> 0 | G132: =ESTADISTICA!G131 -> 0 | H132: =ESTADISTICA!H131 -> 0 | ... AG132: =ESTADISTICA!AG131 -> 0
A133: =ESTADISTICA!A132 -> KM 26700 (JULIO A. COSTA) | B133: =ESTADISTICA!B132 -> KM05 | C133: =ESTADISTICA!C132 -> El Ombu y Los Charruas | D133: =ESTADISTICA!D132 -> Domo | E133: =ESTADISTICA!E132 -> Radio | F133: =ESTADISTICA!F132 -> APAGADO | G133: =ESTADISTICA!G132 -> APAGADO | H133: =ESTADISTICA!H132 -> APAGADO | ... AG133: =ESTADISTICA!AG132 -> 0
A134: =ESTADISTICA!A133 -> KM 26700 (JULIO A. COSTA) | B134: =ESTADISTICA!B133 -> KM06 | C134: =ESTADISTICA!C133 -> El Ombu y La Cautiva | D134: =ESTADISTICA!D133 -> DOMO | E134: =ESTADISTICA!E133 -> Radio | F134: =ESTADISTICA!F133 -> 0 | G134: =ESTADISTICA!G133 -> 0 | H134: =ESTADISTICA!H133 -> 0 | ... AG134: =ESTADISTICA!AG133 -> 0
A135: =ESTADISTICA!A134 -> KM 26700 (JULIO A. COSTA) | B135: =ESTADISTICA!B134 -> KM11 | C135: =ESTADISTICA!C134 -> NOVAK Y EL OVERO | D135: =ESTADISTICA!D134 -> DOMO | E135: =ESTADISTICA!E134 -> Fibra Optica | F135: =ESTADISTICA!F134 -> 0 | G135: =ESTADISTICA!G134 -> 0 | H135: =ESTADISTICA!H134 -> 0 | ... AG135: =ESTADISTICA!AG134 -> 0
A136: =ESTADISTICA!A135 -> KM 26700 (JULIO A. COSTA) | B136: =ESTADISTICA!B135 -> KM14 (fija 1) | C136: =ESTADISTICA!C135 -> EL GAUCHO Y EL ZONDA | D136: =ESTADISTICA!D135 -> Fija | E136: =ESTADISTICA!E135 -> PTP A FO | F136: =ESTADISTICA!F135 -> 0 | G136: =ESTADISTICA!G135 -> 0 | H136: =ESTADISTICA!H135 -> 0 | ... AI136: =ESTADISTICA!AI135 -> 0
A137: =ESTADISTICA!A136 -> KM 26700 (JULIO A. COSTA) | B137: =ESTADISTICA!B136 -> KM15 (fija 2) | C137: =ESTADISTICA!C136 -> EL GAUCHO Y EL ZONDA | D137: =ESTADISTICA!D136 -> Fija | E137: =ESTADISTICA!E136 -> PTP A FO | F137: =ESTADISTICA!F136 -> 0 | G137: =ESTADISTICA!G136 -> 0 | H137: =ESTADISTICA!H136 -> 0 | ... AI137: =ESTADISTICA!AI136 -> 0
A138: =ESTADISTICA!A137 -> KM 26700 (JULIO A. COSTA) | B138: =ESTADISTICA!B137 -> KM16 (fija 1) | C138: =ESTADISTICA!C137 -> EL GAUCHO Y MARTIN FIERRO | D138: =ESTADISTICA!D137 -> Fija | E138: =ESTADISTICA!E137 -> PTP A FO | F138: =ESTADISTICA!F137 -> 0 | G138: =ESTADISTICA!G137 -> 0 | H138: =ESTADISTICA!H137 -> 0 | ... AI138: =ESTADISTICA!AI137 -> 0
A139: =ESTADISTICA!A138 -> KM 26700 (JULIO A. COSTA) | B139: =ESTADISTICA!B138 -> KM17 (fija 2) | C139: =ESTADISTICA!C138 -> EL GAUCHO Y MARTIN FIERRO | D139: =ESTADISTICA!D138 -> Fija | E139: =ESTADISTICA!E138 -> PTP A FO | F139: =ESTADISTICA!F138 -> 0 | G139: =ESTADISTICA!G138 -> 0 | H139: =ESTADISTICA!H138 -> 0 | ... AI139: =ESTADISTICA!AI138 -> 0
A140: =ESTADISTICA!A139 -> LOMAS DE MONTEVERDE | B140: =ESTADISTICA!B139 -> LDM 01 | C140: =ESTADISTICA!C139 -> ILLIA Y BOUREL | D140: =ESTADISTICA!D139 -> DOMO | E140: =ESTADISTICA!E139 -> PTP A FO | F140: =ESTADISTICA!F139 -> APAGADO | G140: =ESTADISTICA!G139 -> APAGADO | H140: =ESTADISTICA!H139 -> APAGADO | ... AG140: =ESTADISTICA!AG139 -> 0
A141: =ESTADISTICA!A140 -> LOMAS DE MONTEVERDE | B141: =ESTADISTICA!B140 -> LDM 02 | C141: =ESTADISTICA!C140 -> LAS HERAS Y EDISON | D141: =ESTADISTICA!D140 -> DOMO | E141: =ESTADISTICA!E140 -> PTP A FO | F141: =ESTADISTICA!F140 -> APAGADO | G141: =ESTADISTICA!G140 -> APAGADO | H141: =ESTADISTICA!H140 -> APAGADO | ... AG141: =ESTADISTICA!AG140 -> 0
A142: =ESTADISTICA!A141 -> LOMAS DE MONTEVERDE | B142: =ESTADISTICA!B141 -> LDM 03 | C142: =ESTADISTICA!C141 -> LAS HERAS Y FRANKLIN | D142: =ESTADISTICA!D141 -> DOMO | E142: =ESTADISTICA!E141 -> PTP A FO | F142: =ESTADISTICA!F141 -> APAGADO | G142: =ESTADISTICA!G141 -> APAGADO | H142: =ESTADISTICA!H141 -> APAGADO | ... AG142: =ESTADISTICA!AG141 -> 0
A143: =ESTADISTICA!A142 -> CHACABUCO | B143: =ESTADISTICA!B142 -> LPI01 | C143: =ESTADISTICA!C142 -> Maipu y Posadas | D143: =ESTADISTICA!D142 -> Domo | E143: =ESTADISTICA!E142 -> Radio | F143: =ESTADISTICA!F142 -> 0 | G143: =ESTADISTICA!G142 -> 0 | H143: =ESTADISTICA!H142 -> 0 | ... AG143: =ESTADISTICA!AG142 -> 0
A144: =ESTADISTICA!A143 -> 0 | B144: =ESTADISTICA!B143 -> LPI02 | C144: =ESTADISTICA!C143 -> EE.UU y Ayacucho | D144: =ESTADISTICA!D143 -> Domo | E144: =ESTADISTICA!E143 -> Radio | F144: =ESTADISTICA!F143 -> 0 | G144: =ESTADISTICA!G143 -> 0 | H144: =ESTADISTICA!H143 -> 0 | ... AG144: =ESTADISTICA!AG143 -> 0
A145: =ESTADISTICA!A144 -> LA PILETA | B145: =ESTADISTICA!B144 -> LPI03 (fija 2) | C145: =ESTADISTICA!C144 -> MAIPU Y POSADAS | D145: =ESTADISTICA!D144 -> Fija | E145: =ESTADISTICA!E144 -> Fibra Optica | F145: =ESTADISTICA!F144 -> 0 | G145: =ESTADISTICA!G144 -> 0 | H145: =ESTADISTICA!H144 -> 0 | ... AG145: =ESTADISTICA!AG144 -> 0
A146: =ESTADISTICA!A145 -> LA PILETA | B146: =ESTADISTICA!B145 -> LPI04 (fija 1) | C146: =ESTADISTICA!C145 -> MAIPU Y POSADAS | D146: =ESTADISTICA!D145 -> FIJA | E146: =ESTADISTICA!E145 -> Fibra Optica | F146: =ESTADISTICA!F145 -> 0 | G146: =ESTADISTICA!G145 -> 0 | H146: =ESTADISTICA!H145 -> 0 | ... AG146: =ESTADISTICA!AG145 -> 0
A147: =ESTADISTICA!A146 -> LOS PILARES | B147: =ESTADISTICA!B146 -> LPR01 | C147: =ESTADISTICA!C146 -> EVA PERON E/ CACHEUTA Y 1406 | D147: =ESTADISTICA!D146 -> DOMO | E147: =ESTADISTICA!E146 -> Fibra Optica | F147: =ESTADISTICA!F146 -> 0 | G147: =ESTADISTICA!G146 -> 0 | H147: =ESTADISTICA!H146 -> 0 | ... AG147: =ESTADISTICA!AG146 -> 0
A148: =ESTADISTICA!A147 -> LOS PILARES | B148: =ESTADISTICA!B147 -> LPR02 (fija 1) | C148: =ESTADISTICA!C147 -> EVA PERON Y CACHEUTA | D148: =ESTADISTICA!D147 -> Fija | E148: =ESTADISTICA!E147 -> Fibra Optica | F148: =ESTADISTICA!F147 -> 0 | G148: =ESTADISTICA!G147 -> 0 | H148: =ESTADISTICA!H147 -> 0 | ... AG148: =ESTADISTICA!AG147 -> 0
A149: =ESTADISTICA!A148 -> LOS PILARES | B149: =ESTADISTICA!B148 -> LPR03 (fija 2) | C149: =ESTADISTICA!C148 -> EVA PERON Y CACHEUTA | D149: =ESTADISTICA!D148 -> Fija | E149: =ESTADISTICA!E148 -> Fibra Optica | F149: =ESTADISTICA!F148 -> 0 | G149: =ESTADISTICA!G148 -> 0 | H149: =ESTADISTICA!H148 -> 0 | ... AG149: =ESTADISTICA!AG148 -> 0
A150: =ESTADISTICA!A149 -> 0 | B150: =ESTADISTICA!B149 -> LRO 01 | C150: =ESTADISTICA!C149 -> H. IRIGOYEN Y BRAILE | D150: =ESTADISTICA!D149 -> FIJA | E150: =ESTADISTICA!E149 -> Fibra Optica | F150: =ESTADISTICA!F149 -> 0 | G150: =ESTADISTICA!G149 -> 0 | H150: =ESTADISTICA!H149 -> 0 | ... AG150: =ESTADISTICA!AG149 -> 0
A151: =ESTADISTICA!A150 -> PRESIDENTE SARMIENTO | B151: =ESTADISTICA!B150 -> LRO02 | C151: =ESTADISTICA!C150 -> H. Irigoyen e Islas Orcadas | D151: =ESTADISTICA!D150 -> Domo | E151: =ESTADISTICA!E150 -> Fibra Optica | F151: =ESTADISTICA!F150 -> 0 | G151: =ESTADISTICA!G150 -> 0 | H151: =ESTADISTICA!H150 -> 0 | ... AI151: =ESTADISTICA!AI150 -> 0
A152: =ESTADISTICA!A151 -> LOPEZ ROMERO | B152: =ESTADISTICA!B151 -> LRO03 | C152: =ESTADISTICA!C151 -> H. Irigoyen y Parravicini | D152: =ESTADISTICA!D151 -> Fija | E152: =ESTADISTICA!E151 -> Fibra Optica | F152: =ESTADISTICA!F151 -> 0 | G152: =ESTADISTICA!G151 -> APAGADO | H152: =ESTADISTICA!H151 -> APAGADO | ... AG152: =ESTADISTICA!AG151 -> 0
A153: =ESTADISTICA!A152 -> LOPEZ ROMERO | B153: =ESTADISTICA!B152 -> LRO04 | C153: =ESTADISTICA!C152 -> H. Irigoyen y Alvarado | D153: =ESTADISTICA!D152 -> FIJA | E153: =ESTADISTICA!E152 -> Fibra Optica | F153: =ESTADISTICA!F152 -> 0 | G153: =ESTADISTICA!G152 -> 0 | H153: =ESTADISTICA!H152 -> 0 | ... AG153: =ESTADISTICA!AG152 -> 0
A154: =ESTADISTICA!A153 -> LOPEZ ROMERO | B154: =ESTADISTICA!B153 -> LRO05 | C154: =ESTADISTICA!C153 -> Calchaqui y Las Americas | D154: =ESTADISTICA!D153 -> Fija | E154: =ESTADISTICA!E153 -> Fibra Optica | F154: =ESTADISTICA!F153 -> APAGADO | G154: =ESTADISTICA!G153 -> APAGADO | H154: =ESTADISTICA!H153 -> APAGADO | ... AI154: =ESTADISTICA!AI153 -> 0
A155: =ESTADISTICA!A154 -> PRESIDENTE SARMIENTO | B155: =ESTADISTICA!B154 -> LRO06 | C155: =ESTADISTICA!C154 -> H. Irigoyen y Belgrano | D155: =ESTADISTICA!D154 -> Domo | E155: =ESTADISTICA!E154 -> Fibra Optica | F155: =ESTADISTICA!F154 -> 0 | G155: =ESTADISTICA!G154 -> 0 | H155: =ESTADISTICA!H154 -> 0 | ... AG155: =ESTADISTICA!AG154 -> 0
A156: =ESTADISTICA!A155 -> LOPEZ ROMERO | B156: =ESTADISTICA!B155 -> LRO07 | C156: =ESTADISTICA!C155 -> H. Irigoyen y Remedios de Escalada | D156: =ESTADISTICA!D155 -> Domo | E156: =ESTADISTICA!E155 -> Fibra Optica | F156: =ESTADISTICA!F155 -> 0 | G156: =ESTADISTICA!G155 -> 0 | H156: =ESTADISTICA!H155 -> 0 | ... AG156: =ESTADISTICA!AG155 -> 0
A157: =ESTADISTICA!A156 -> LOPEZ ROMERO | B157: =ESTADISTICA!B156 -> LRO08 | C157: =ESTADISTICA!C156 -> Remedios de Escalada y Finochieto | D157: =ESTADISTICA!D156 -> Domo | E157: =ESTADISTICA!E156 -> Fibra Optica | F157: =ESTADISTICA!F156 -> 0 | G157: =ESTADISTICA!G156 -> 0 | H157: =ESTADISTICA!H156 -> 0 | ... AI157: =ESTADISTICA!AI156 -> 0
A158: =ESTADISTICA!A157 -> LOPEZ ROMERO | B158: =ESTADISTICA!B157 -> LRO09 | C158: =ESTADISTICA!C157 -> Las Americas y Braile | D158: =ESTADISTICA!D157 -> Domo | E158: =ESTADISTICA!E157 -> Fibra Optica | F158: =ESTADISTICA!F157 -> 0 | G158: =ESTADISTICA!G157 -> 0 | H158: =ESTADISTICA!H157 -> 0 | ... AG158: =ESTADISTICA!AG157 -> 0
A159: =ESTADISTICA!A158 -> LOPEZ ROMERO | B159: =ESTADISTICA!B158 -> LRO10 | C159: =ESTADISTICA!C158 -> Con. Gral. Belgrano y Balcarce | D159: =ESTADISTICA!D158 -> Domo | E159: =ESTADISTICA!E158 -> Fibra Optica | F159: =ESTADISTICA!F158 -> 0 | G159: =ESTADISTICA!G158 -> 0 | H159: =ESTADISTICA!H158 -> 0 | ... AG159: =ESTADISTICA!AG158 -> 0
A160: =ESTADISTICA!A159 -> LOPEZ ROMERO | B160: =ESTADISTICA!B159 -> LRO11 | C160: =ESTADISTICA!C159 -> Av. Yrigoyen y Braile | D160: =ESTADISTICA!D159 -> Domo | E160: =ESTADISTICA!E159 -> Fibra Optica | F160: =ESTADISTICA!F159 -> 0 | G160: =ESTADISTICA!G159 -> 0 | H160: =ESTADISTICA!H159 -> 0 | ... AG160: =ESTADISTICA!AG159 -> 0
A161: =ESTADISTICA!A160 -> LOPEZ ROMERO | B161: =ESTADISTICA!B160 -> LRO12 (fija 1) | C161: =ESTADISTICA!C160 -> LAS AMERICAS E/ BRAILLE Y ALVARADO | D161: =ESTADISTICA!D160 -> Fija | E161: =ESTADISTICA!E160 -> Fibra Optica | F161: =ESTADISTICA!F160 -> 0 | G161: =ESTADISTICA!G160 -> 0 | H161: =ESTADISTICA!H160 -> 0 | ... AG161: =ESTADISTICA!AG160 -> 0
A162: =ESTADISTICA!A161 -> LOPEZ ROMERO | B162: =ESTADISTICA!B161 -> LRO13 (fija 2) | C162: =ESTADISTICA!C161 -> LAS AMERICAS E/ BRAILLE Y ALVARADO | D162: =ESTADISTICA!D161 -> Fija | E162: =ESTADISTICA!E161 -> Fibra Optica | F162: =ESTADISTICA!F161 -> 0 | G162: =ESTADISTICA!G161 -> 0 | H162: =ESTADISTICA!H161 -> 0 | ... AG162: =ESTADISTICA!AG161 -> 0
...

Sheet APAGADOS FIBRA
C1: TOTAL FIBRA | D1: =COUNTIFS(E4:E369,"=Fibra Optica") -> 238
E2: APAGADOS | F2: =COUNTIFS(F4:F367, "=APAGADO",E4:E367,"=Fibra Optica") -> 56 | G2: =COUNTIFS(G4:G367, "=APAGADO",E4:E367,"=Fibra Optica") -> 74 | H2: =COUNTIFS(H4:H367, "=APAGADO",E4:E367,"=Fibra Optica") -> 72 | I2: =COUNTIFS(I4:I367, "=APAGADO",E4:E367,"=Fibra Optica") -> 55 | J2: =COUNTIFS(J4:J367, "=APAGADO",E4:E367,"=Fibra Optica") -> 54 | K2: =COUNTIFS(K4:K367, "=APAGADO",E4:E367,"=Fibra Optica") -> 49 | L2: =COUNTIFS(L4:L367, "=APAGADO",E4:E367,"=Fibra Optica") -> 47 | M2: =COUNTIFS(M4:M367, "=APAGADO",E4:E367,"=Fibra Optica") -> 35 | N2: =COUNTIFS(N4:N367, "=APAGADO",E4:E367,"=Fibra Optica") -> 27 | O2: =COUNTIFS(O4:O367, "=APAGADO",E4:E367,"=Fibra Optica") -> 38 | P2: =COUNTIFS(P4:P367, "=APAGADO",E4:E367,"=Fibra Optica") -> 37 | Q2: =COUNTIFS(Q4:Q367, "=APAGADO",E4:E367,"=Fibra Optica") -> 38 | R2: =COUNTIFS(R4:R367, "=APAGADO",E4:E367,"=Fibra Optica") -> 41 | S2: =COUNTIFS(S4:S367, "=APAGADO",E4:E367,"=Fibra Optica") -> 29 | T2: =COUNTIFS(T4:T367, "=APAGADO",E4:E367,"=Fibra Optica") -> 30 | U2: =COUNTIFS(U4:U367, "=APAGADO",E4:E367,"=Fibra Optica") -> 46 | V2: =COUNTIFS(V4:V367, "=APAGADO",E4:E367,"=Fibra Optica") -> 0 | W2: =COUNTIFS(W4:W367, "=APAGADO",E4:E367,"=Fibra Optica") -> 31 | X2: =COUNTIFS(X4:X367, "=APAGADO",E4:E367,"=Fibra Optica") -> 0 | Y2: =COUNTIFS(Y4:Y367, "=APAGADO",E4:E367,"=Fibra Optica") -> 0 | Z2: =COUNTIFS(Z4:Z367, "=APAGADO",E4:E367,"=Fibra Optica") -> 0 | AA2: =COUNTIFS(AA4:AA367, "=APAGADO",E4:E367,"=Fibra Optica") -> 0 | AB2: =COUNTIFS(AB4:AB367, "=APAGADO",E4:E367,"=Fibra Optica") -> 0 | AC2: =COUNTIFS(AC4:AC367, "=APAGADO",E4:E367,"=Fibra Optica") -> 0 | AD2: =COUNTIFS(AD4:AD367, "=APAGADO",E4:E367,"=Fibra Optica") -> 0 | AE2: =COUNTIFS(AE4:AE367, "=APAGADO",E4:E367,"=Fibra Optica") -> 0 | AF2: =COUNTIFS(AF4:AF367, "=APAGADO",E4:E367,"=Fibra Optica") -> 0 | AG2: =COUNTIFS(AG4:AG367, "=APAGADO",E4:E367,"=Fibra Optica") -> 0 | AH2: =COUNTIFS(AH4:AH367, "=APAGADO",E4:E367,"=Fibra Optica") -> 0 | AI2: =COUNTIFS(AI4:AI367, "=APAGADO",E4:E367,"=Fibra Optica") -> 0
A3: =ESTADISTICA!A1 -> Barrio | B3: =ESTADISTICA!B1 -> [Denominacion] | C3: =ESTADISTICA!C1 -> [Ubicacion] | D3: =ESTADISTICA!D1 -> [Tipo de Camara] | E3: =ESTADISTICA!E1 -> [Tipo de Conexion] | F3: =ESTADISTICA!F1 -> 44713 | G3: =ESTADISTICA!G1 -> 44714 | H3: =ESTADISTICA!H1 -> 44715 | ... AI3: =ESTADISTICA!AI1 -> 44742
A4: =ESTADISTICA!A2 -> PRESIDENTE PERON (PEPSI) | B4: =ESTADISTICA!B2 -> MAR 01 | C4: =ESTADISTICA!C2 -> RP36 Y LA ESMERALDA | D4: =ESTADISTICA!D2 -> DOMO | E4: =ESTADISTICA!E2 -> Fibra Optica | F4: =ESTADISTICA!F2 -> APAGADO | G4: =ESTADISTICA!G2 -> APAGADO | H4: =ESTADISTICA!H2 -> APAGADO | ... AI4: =ESTADISTICA!AI2 -> 0
A5: =ESTADISTICA!A3 -> MAYOL | B5: =ESTADISTICA!B3 -> MAY 01 | C5: =ESTADISTICA!C3 -> Eva Peron y Cabildo | D5: =ESTADISTICA!D3 -> Domo | E5: =ESTADISTICA!E3 -> Radio | F5: =ESTADISTICA!F3 -> 0 | G5: =ESTADISTICA!G3 -> 0 | H5: =ESTADISTICA!H3 -> 0 | ... AG5: =ESTADISTICA!AG3 -> 0
A6: =ESTADISTICA!A4 -> 0 | B6: =ESTADISTICA!B4 -> MAY 02 | C6: =ESTADISTICA!C4 -> EVA PERON Y MONTEVIDEO | D6: =ESTADISTICA!D4 -> Domo | E6: =ESTADISTICA!E4 -> Radio | F6: =ESTADISTICA!F4 -> APAGADO | G6: =ESTADISTICA!G4 -> APAGADO | H6: =ESTADISTICA!H4 -> APAGADO | ... AG6: =ESTADISTICA!AG4 -> 0
A7: =ESTADISTICA!A5 -> MAYOL | B7: =ESTADISTICA!B5 -> MAY 03 | C7: =ESTADISTICA!C5 -> CHAÑAR Y SAN NICOLAS | D7: =ESTADISTICA!D5 -> DOMO | E7: =ESTADISTICA!E5 -> PTP A FO | F7: =ESTADISTICA!F5 -> 0 | G7: =ESTADISTICA!G5 -> 0 | H7: =ESTADISTICA!H5 -> 0 | ... AG7: =ESTADISTICA!AG5 -> 0
A8: =ESTADISTICA!A6 -> 0 | B8: =ESTADISTICA!B6 -> MAY 04 | C8: =ESTADISTICA!C6 -> MAR CHIQUITA Y RIO JACHAL | D8: =ESTADISTICA!D6 -> DOMO | E8: =ESTADISTICA!E6 -> Radio | F8: =ESTADISTICA!F6 -> 0 | G8: =ESTADISTICA!G6 -> 0 | H8: =ESTADISTICA!H6 -> 0 | ... AG8: =ESTADISTICA!AG6 -> 0
A9: =ESTADISTICA!A7 -> ALTAMIRA | B9: =ESTADISTICA!B7 -> ALT06 | C9: =ESTADISTICA!C7 -> LOPE DE VEGA Y NECOCHEA | D9: =ESTADISTICA!D7 -> Domo | E9: =ESTADISTICA!E7 -> PTP A FO | F9: =ESTADISTICA!F7 -> 0 | G9: =ESTADISTICA!G7 -> 0 | H9: =ESTADISTICA!H7 -> 0 | ... AG9: =ESTADISTICA!AG7 -> 0
A10: =ESTADISTICA!A8 -> ALTAMIRA | B10: =ESTADISTICA!B8 -> ALT01 | C10: =ESTADISTICA!C8 -> Calchaqui y Sgto. Cabral | D10: =ESTADISTICA!D8 -> Domo | E10: =ESTADISTICA!E8 -> Fibra Optica | F10: =ESTADISTICA!F8 -> APAGADO | G10: =ESTADISTICA!G8 -> APAGADO | H10: =ESTADISTICA!H8 -> 0 | ... AI10: =ESTADISTICA!AI8 -> 0
A11: =ESTADISTICA!A9 -> ALTAMIRA | B11: =ESTADISTICA!B9 -> ALT02 | C11: =ESTADISTICA!C9 -> Calchaqui y Lope de Vega | D11: =ESTADISTICA!D9 -> Domo | E11: =ESTADISTICA!E9 -> PTP A FO | F11: =ESTADISTICA!F9 -> 0 | G11: =ESTADISTICA!G9 -> 0 | H11: =ESTADISTICA!H9 -> 0 | ... AG11: =ESTADISTICA!AG9 -> 0
A12: =ESTADISTICA!A10 -> ALTAMIRA | B12: =ESTADISTICA!B10 -> ALT03 | C12: =ESTADISTICA!C10 -> Bombero Galarza y Necochea | D12: =ESTADISTICA!D10 -> Domo | E12: =ESTADISTICA!E10 -> Fibra Optica | F12: =ESTADISTICA!F10 -> 0 | G12: =ESTADISTICA!G10 -> 0 | H12: =ESTADISTICA!H10 -> 0 | ... AI12: =ESTADISTICA!AI10 -> 0
A13: =ESTADISTICA!A11 -> 0 | B13: =ESTADISTICA!B11 -> ALT04 | C13: =ESTADISTICA!C11 -> Francia y Necochea | D13: =ESTADISTICA!D11 -> Domo | E13: =ESTADISTICA!E11 -> Fibra Optica | F13: =ESTADISTICA!F11 -> APAGADO | G13: =ESTADISTICA!G11 -> APAGADO | H13: =ESTADISTICA!H11 -> APAGADO | ... AI13: =ESTADISTICA!AI11 -> 0
A14: =ESTADISTICA!A12 -> ALTAMIRA | B14: =ESTADISTICA!B12 -> ALT05 | C14: =ESTADISTICA!C12 -> Av. Calchaqui y Bombero Galarza | D14: =ESTADISTICA!D12 -> Domo | E14: =ESTADISTICA!E12 -> PTP A FO | F14: =ESTADISTICA!F12 -> 0 | G14: =ESTADISTICA!G12 -> 0 | H14: =ESTADISTICA!H12 -> 0 | ... AG14: =ESTADISTICA!AG12 -> 0
A15: =ESTADISTICA!A13 -> ALTAMIRA | B15: =ESTADISTICA!B13 -> ALT07 | C15: =ESTADISTICA!C13 -> AV. CALCHAQUI Y AV. DEL TRABAJO | D15: =ESTADISTICA!D13 -> DOMO | E15: =ESTADISTICA!E13 -> PTP A FO | F15: =ESTADISTICA!F13 -> 0 | G15: =ESTADISTICA!G13 -> 0 | H15: =ESTADISTICA!H13 -> 0 | ... AG15: =ESTADISTICA!AG13 -> 0
A16: =ESTADISTICA!A14 -> ALTAMIRA | B16: =ESTADISTICA!B14 -> ALT08 | C16: =ESTADISTICA!C14 -> HUMAITA Y NECOCHEA | D16: =ESTADISTICA!D14 -> DOMO | E16: =ESTADISTICA!E14 -> Fibra Optica | F16: =ESTADISTICA!F14 -> 0 | G16: =ESTADISTICA!G14 -> 0 | H16: =ESTADISTICA!H14 -> 0 | ... AI16: =ESTADISTICA!AI14 -> 0
A17: =ESTADISTICA!A15 -> ALTAMIRA | B17: =ESTADISTICA!B15 -> ALT09 | C17: =ESTADISTICA!C15 -> NECOCHEA Y CURUPAITY | D17: =ESTADISTICA!D15 -> DOMO | E17: =ESTADISTICA!E15 -> Fibra Optica | F17: =ESTADISTICA!F15 -> 0 | G17: =ESTADISTICA!G15 -> 0 | H17: =ESTADISTICA!H15 -> 0 | ... AI17: =ESTADISTICA!AI15 -> 0
A18: =ESTADISTICA!A16 -> AGUSTIN RAMIREZ | B18: =ESTADISTICA!B16 -> ARA01 | C18: =ESTADISTICA!C16 -> Malambo y Tranquera | D18: =ESTADISTICA!D16 -> Domo | E18: =ESTADISTICA!E16 -> Fibra Optica | F18: =ESTADISTICA!F16 -> 0 | G18: =ESTADISTICA!G16 -> 0 | H18: =ESTADISTICA!H16 -> 0 | ... AI18: =ESTADISTICA!AI16 -> 0
A19: =ESTADISTICA!A17 -> ALTAMIRA | B19: =ESTADISTICA!B17 -> ALT10 | C19: =ESTADISTICA!C17 -> REP. FRANCIA Y CALCHAQUI (RP 36) | D19: =ESTADISTICA!D17 -> DOMO | E19: =ESTADISTICA!E17 -> PTP A FO | F19: =ESTADISTICA!F17 -> 0 | G19: =ESTADISTICA!G17 -> 0 | H19: =ESTADISTICA!H17 -> 0 | ... AG19: =ESTADISTICA!AG17 -> 0
A20: =ESTADISTICA!A18 -> BELGRANO | B20: =ESTADISTICA!B18 -> BEL01 | C20: =ESTADISTICA!C18 -> San Martin y Dardo Rocha | D20: =ESTADISTICA!D18 -> DOMO | E20: =ESTADISTICA!E18 -> Fibra Optica | F20: =ESTADISTICA!F18 -> 0 | G20: =ESTADISTICA!G18 -> 0 | H20: =ESTADISTICA!H18 -> 0 | ... AI20: =ESTADISTICA!AI18 -> 0
A21: =ESTADISTICA!A19 -> 0 | B21: =ESTADISTICA!B19 -> CEN51 | C21: =ESTADISTICA!C19 -> ILLIA Y LAS HERAS | D21: =ESTADISTICA!D19 -> FIJA | E21: =ESTADISTICA!E19 -> Fibra Optica | F21: =ESTADISTICA!F19 -> APAGADO | G21: =ESTADISTICA!G19 -> APAGADO | H21: =ESTADISTICA!H19 -> APAGADO | ... AI21: =ESTADISTICA!AI19 -> 0
A22: =ESTADISTICA!A20 -> 0 | B22: =ESTADISTICA!B20 -> CEN53 | C22: =ESTADISTICA!C20 -> GUTIERREZ Y BROWN | D22: =ESTADISTICA!D20 -> Domo | E22: =ESTADISTICA!E20 -> Radio | F22: =ESTADISTICA!F20 -> 0 | G22: =ESTADISTICA!G20 -> 0 | H22: =ESTADISTICA!H20 -> 0 | ... AG22: =ESTADISTICA!AG20 -> 0
A23: =ESTADISTICA!A21 -> 0 | B23: =ESTADISTICA!B21 -> CEN 54 | C23: =ESTADISTICA!C21 -> GUTIERREZ Y PRINGLES | D23: =ESTADISTICA!D21 -> Domo | E23: =ESTADISTICA!E21 -> Radio | F23: =ESTADISTICA!F21 -> 0 | G23: =ESTADISTICA!G21 -> 0 | H23: =ESTADISTICA!H21 -> 0 | ... AG23: =ESTADISTICA!AG21 -> 0
A24: =ESTADISTICA!A22 -> 0 | B24: =ESTADISTICA!B22 -> CEN 55 | C24: =ESTADISTICA!C22 -> BOUREL Y URQUIZA | D24: =ESTADISTICA!D22 -> Domo | E24: =ESTADISTICA!E22 -> Radio | F24: =ESTADISTICA!F22 -> 0 | G24: =ESTADISTICA!G22 -> 0 | H24: =ESTADISTICA!H22 -> 0 | ... AG24: =ESTADISTICA!AG22 -> 0
A25: =ESTADISTICA!A23 -> CENTRO | B25: =ESTADISTICA!B23 -> CEN 56 | C25: =ESTADISTICA!C23 -> Newbery y Falucho | D25: =ESTADISTICA!D23 -> DOMO | E25: =ESTADISTICA!E23 -> Radio | F25: =ESTADISTICA!F23 -> 0 | G25: =ESTADISTICA!G23 -> 0 | H25: =ESTADISTICA!H23 -> 0 | ... AG25: =ESTADISTICA!AG23 -> 0
A26: =ESTADISTICA!A24 -> 0 | B26: =ESTADISTICA!B24 -> CEN 57 | C26: =ESTADISTICA!C24 -> 25 DE MAYO Y DORREGO | D26: =ESTADISTICA!D24 -> DOMO | E26: =ESTADISTICA!E24 -> Radio | F26: =ESTADISTICA!F24 -> 0 | G26: =ESTADISTICA!G24 -> 0 | H26: =ESTADISTICA!H24 -> 0 | ... AG26: =ESTADISTICA!AG24 -> 0
A27: =ESTADISTICA!A25 -> 0 | B27: =ESTADISTICA!B25 -> CEN 58 | C27: =ESTADISTICA!C25 -> EEUU Y MORENO | D27: =ESTADISTICA!D25 -> DOMO | E27: =ESTADISTICA!E25 -> Fibra Optica | F27: =ESTADISTICA!F25 -> 0 | G27: =ESTADISTICA!G25 -> 0 | H27: =ESTADISTICA!H25 -> 0 | ... AI27: =ESTADISTICA!AI25 -> 0
A28: =ESTADISTICA!A26 -> 0 | B28: =ESTADISTICA!B26 -> CEN 59 | C28: =ESTADISTICA!C26 -> CHACABUCO Y BOUREL | D28: =ESTADISTICA!D26 -> DOMO | E28: =ESTADISTICA!E26 -> Radio | F28: =ESTADISTICA!F26 -> 0 | G28: =ESTADISTICA!G26 -> 0 | H28: =ESTADISTICA!H26 -> 0 | ... AG28: =ESTADISTICA!AG26 -> 0
A29: =ESTADISTICA!A27 -> CENTRO | B29: =ESTADISTICA!B27 -> CEN 60 | C29: =ESTADISTICA!C27 -> RECONQUISTA Y ILLIA | D29: =ESTADISTICA!D27 -> DOMO | E29: =ESTADISTICA!E27 -> PTP A FO | F29: =ESTADISTICA!F27 -> APAGADO | G29: =ESTADISTICA!G27 -> APAGADO | H29: =ESTADISTICA!H27 -> APAGADO | ... AG29: =ESTADISTICA!AG27 -> 0
A30: =ESTADISTICA!A28 -> CENTRO | B30: =ESTADISTICA!B28 -> CEN 61 | C30: =ESTADISTICA!C28 -> BOUREL Y MAIPU | D30: =ESTADISTICA!D28 -> DOMO | E30: =ESTADISTICA!E28 -> Radio | F30: =ESTADISTICA!F28 -> 0 | G30: =ESTADISTICA!G28 -> 0 | H30: =ESTADISTICA!H28 -> 0 | ... AG30: =ESTADISTICA!AG28 -> 0
A31: =ESTADISTICA!A29 -> CENTRO | B31: =ESTADISTICA!B29 -> CEN 62 | C31: =ESTADISTICA!C29 -> ESPAÑA Y ALEM | D31: =ESTADISTICA!D29 -> DOMO | E31: =ESTADISTICA!E29 -> PTP A FO | F31: =ESTADISTICA!F29 -> 0 | G31: =ESTADISTICA!G29 -> 0 | H31: =ESTADISTICA!H29 -> 0 | ... AG31: =ESTADISTICA!AG29 -> 0
A32: =ESTADISTICA!A30 -> CENTRO | B32: =ESTADISTICA!B30 -> CEN 63 | C32: =ESTADISTICA!C30 -> SAN MARTIN Y URQUIZA | D32: =ESTADISTICA!D30 -> DOMO | E32: =ESTADISTICA!E30 -> Fibra Optica | F32: =ESTADISTICA!F30 -> 0 | G32: =ESTADISTICA!G30 -> 0 | H32: =ESTADISTICA!H30 -> 0 | ... AI32: =ESTADISTICA!AI30 -> 0
A33: =ESTADISTICA!A31 -> CENTRO | B33: =ESTADISTICA!B31 -> CEN 70 | C33: =ESTADISTICA!C31 -> RIVADAVIA Y 25 MAYO | D33: =ESTADISTICA!D31 -> Domo | E33: =ESTADISTICA!E31 -> Fibra Optica | F33: =ESTADISTICA!F31 -> 0 | G33: =ESTADISTICA!G31 -> 0 | H33: =ESTADISTICA!H31 -> 0 | ... AI33: =ESTADISTICA!AI31 -> 0
A34: =ESTADISTICA!A32 -> CENTRO | B34: =ESTADISTICA!B32 -> CEN 71 | C34: =ESTADISTICA!C32 -> MORENO Y BOUREL | D34: =ESTADISTICA!D32 -> Domo | E34: =ESTADISTICA!E32 -> Fibra Optica | F34: =ESTADISTICA!F32 -> 0 | G34: =ESTADISTICA!G32 -> 0 | H34: =ESTADISTICA!H32 -> 0 | ... AI34: =ESTADISTICA!AI32 -> 0
A35: =ESTADISTICA!A33 -> CENTRO | B35: =ESTADISTICA!B33 -> CEN 72 | C35: =ESTADISTICA!C33 -> MORENO Y 25 DE MAYO | D35: =ESTADISTICA!D33 -> Domo | E35: =ESTADISTICA!E33 -> Fibra Optica | F35: =ESTADISTICA!F33 -> 0 | G35: =ESTADISTICA!G33 -> 0 | H35: =ESTADISTICA!H33 -> 0 | ... AI35: =ESTADISTICA!AI33 -> 0
A36: =ESTADISTICA!A34 -> CENTRO | B36: =ESTADISTICA!B34 -> CEN01 | C36: =ESTADISTICA!C34 -> San Martin y 9 de Julio | D36: =ESTADISTICA!D34 -> Fija | E36: =ESTADISTICA!E34 -> Fibra Optica | F36: =ESTADISTICA!F34 -> 0 | G36: =ESTADISTICA!G34 -> 0 | H36: =ESTADISTICA!H34 -> 0 | ... AI36: =ESTADISTICA!AI34 -> 0
A37: =ESTADISTICA!A35 -> CENTRO | B37: =ESTADISTICA!B35 -> CEN02 | C37: =ESTADISTICA!C35 -> San Martin y Almafuerte | D37: =ESTADISTICA!D35 -> Fija | E37: =ESTADISTICA!E35 -> Fibra Optica | F37: =ESTADISTICA!F35 -> 0 | G37: =ESTADISTICA!G35 -> 0 | H37: =ESTADISTICA!H35 -> 0 | ... AI37: =ESTADISTICA!AI35 -> 0
A38: =ESTADISTICA!A36 -> CENTRO | B38: =ESTADISTICA!B36 -> CEN03 | C38: =ESTADISTICA!C36 -> San Martin y Sallares | D38: =ESTADISTICA!D36 -> Domo | E38: =ESTADISTICA!E36 -> Fibra Optica | F38: =ESTADISTICA!F36 -> 0 | G38: =ESTADISTICA!G36 -> 0 | H38: =ESTADISTICA!H36 -> 0 | ... AI38: =ESTADISTICA!AI36 -> 0
A39: =ESTADISTICA!A37 -> CENTRO | B39: =ESTADISTICA!B37 -> CEN04 | C39: =ESTADISTICA!C37 -> San Martin y Contreras | D39: =ESTADISTICA!D37 -> Domo | E39: =ESTADISTICA!E37 -> Fibra Optica | F39: =ESTADISTICA!F37 -> 0 | G39: =ESTADISTICA!G37 -> 0 | H39: =ESTADISTICA!H37 -> 0 | ... AI39: =ESTADISTICA!AI37 -> 0
A40: =ESTADISTICA!A38 -> CENTRO | B40: =ESTADISTICA!B38 -> CEN05 | C40: =ESTADISTICA!C38 -> Bocuzzi e/España y San Martin | D40: =ESTADISTICA!D38 -> DOMO | E40: =ESTADISTICA!E38 -> Fibra Optica | F40: =ESTADISTICA!F38 -> 0 | G40: =ESTADISTICA!G38 -> 0 | H40: =ESTADISTICA!H38 -> 0 | ... AI40: =ESTADISTICA!AI38 -> 0
A41: =ESTADISTICA!A39 -> CENTRO | B41: =ESTADISTICA!B39 -> CEN06 | C41: =ESTADISTICA!C39 -> Monteagudo y A.del Valle | D41: =ESTADISTICA!D39 -> Fija | E41: =ESTADISTICA!E39 -> Fibra Optica | F41: =ESTADISTICA!F39 -> 0 | G41: =ESTADISTICA!G39 -> 0 | H41: =ESTADISTICA!H39 -> 0 | ... AI41: =ESTADISTICA!AI39 -> 0
A42: =ESTADISTICA!A40 -> CENTRO | B42: =ESTADISTICA!B40 -> CEN07 | C42: =ESTADISTICA!C40 -> San Martin y Guemes | D42: =ESTADISTICA!D40 -> DOMO | E42: =ESTADISTICA!E40 -> Fibra Optica | F42: =ESTADISTICA!F40 -> 0 | G42: =ESTADISTICA!G40 -> 0 | H42: =ESTADISTICA!H40 -> 0 | ... AI42: =ESTADISTICA!AI40 -> 0
A43: =ESTADISTICA!A41 -> CENTRO | B43: =ESTADISTICA!B41 -> CEN08 | C43: =ESTADISTICA!C41 -> San Martin y Pte.Peron | D43: =ESTADISTICA!D41 -> Domo | E43: =ESTADISTICA!E41 -> Fibra Optica | F43: =ESTADISTICA!F41 -> 0 | G43: =ESTADISTICA!G41 -> 0 | H43: =ESTADISTICA!H41 -> 0 | ... AI43: =ESTADISTICA!AI41 -> 0
... A51: =ESTADISTICA!A49 -> CENTRO | B51: =ESTADISTICA!B49 -> CEN16 | C51: =ESTADISTICA!C49 -> San Martin y Pte. Peron | D51: =ESTADISTICA!D49 -> Fija | E51: =ESTADISTICA!E49 -> Fibra Optica | F51: =ESTADISTICA!F49 -> 0 | G51: =ESTADISTICA!G49 -> 0 | H51: =ESTADISTICA!H49 -> 0 | ... AI51: =ESTADISTICA!AI49 -> 0
A52: =ESTADISTICA!A50 -> 0 | B52: =ESTADISTICA!B50 -> CEN17 | C52: =ESTADISTICA!C50 -> San Martin y Mitre | D52: =ESTADISTICA!D50 -> Domo | E52: =ESTADISTICA!E50 -> PTP A FO | F52: =ESTADISTICA!F50 -> 0 | G52: =ESTADISTICA!G50 -> 0 | H52: =ESTADISTICA!H50 -> 0 | ... AG52: =ESTADISTICA!AG50 -> 0
A53: =ESTADISTICA!A51 -> CENTRO | B53: =ESTADISTICA!B51 -> CEN18 | C53: =ESTADISTICA!C51 -> Monteagudo e/Mitre y Sallares | D53: =ESTADISTICA!D51 -> Fija | E53: =ESTADISTICA!E51 -> Fibra Optica | F53: =ESTADISTICA!F51 -> APAGADO | G53: =ESTADISTICA!G51 -> APAGADO | H53: =ESTADISTICA!H51 -> APAGADO | ... AI53: =ESTADISTICA!AI51 -> 0
A54: =ESTADISTICA!A52 -> CENTRO | B54: =ESTADISTICA!B52 -> CEN19 | C54: =ESTADISTICA!C52 -> Chacabuco y 25 de Mayo | D54: =ESTADISTICA!D52 -> Fija | E54: =ESTADISTICA!E52 -> Fibra Optica | F54: =ESTADISTICA!F52 -> 0 | G54: =ESTADISTICA!G52 -> 0 | H54: =ESTADISTICA!H52 -> 0 | ... AI54: =ESTADISTICA!AI52 -> 0
A55: =ESTADISTICA!A53 -> LOMAS DE MONTEVERDE | B55: =ESTADISTICA!B53 -> CEN20 | C55: =ESTADISTICA!C53 -> Pte. Illia y Las Heras | D55: =ESTADISTICA!D53 -> Domo | E55: =ESTADISTICA!E53 -> Fibra Optica | F55: =ESTADISTICA!F53 -> APAGADO | G55: =ESTADISTICA!G53 -> APAGADO | H55: =ESTADISTICA!H53 -> APAGADO | ... AI55: =ESTADISTICA!AI53 -> 0
A56: =ESTADISTICA!A54 -> CENTRO | B56: =ESTADISTICA!B54 -> CEN21 | C56: =ESTADISTICA!C54 -> Misiones y Urquiza | D56: =ESTADISTICA!D54 -> Fija | E56: =ESTADISTICA!E54 -> Radio | F56: =ESTADISTICA!F54 -> 0 | G56: =ESTADISTICA!G54 -> 0 | H56: =ESTADISTICA!H54 -> 0 | ... AG56: =ESTADISTICA!AG54 -> 0
A57: =ESTADISTICA!A55 -> CENTRO | B57: =ESTADISTICA!B55 -> CEN22 | C57: =ESTADISTICA!C55 -> Las Heras y Chacabuco | D57: =ESTADISTICA!D55 -> Domo | E57: =ESTADISTICA!E55 -> Radio | F57: =ESTADISTICA!F55 -> 0 | G57: =ESTADISTICA!G55 -> 0 | H57: =ESTADISTICA!H55 -> 0 | ... AG57: =ESTADISTICA!AG55 -> 0
A58: =ESTADISTICA!A56 -> CENTRO | B58: =ESTADISTICA!B56 -> CEN23 | C58: =ESTADISTICA!C56 -> Sallares y Monteagudo | D58: =ESTADISTICA!D56 -> Domo | E58: =ESTADISTICA!E56 -> Fibra Optica | F58: =ESTADISTICA!F56 -> 0 | G58: =ESTADISTICA!G56 -> 0 | H58: =ESTADISTICA!H56 -> 0 | ... AI58: =ESTADISTICA!AI56 -> 0
A59: =ESTADISTICA!A57 -> CENTRO | B59: =ESTADISTICA!B57 -> CEN24 | C59: =ESTADISTICA!C57 -> Sallares y España | D59: =ESTADISTICA!D57 -> Domo | E59: =ESTADISTICA!E57 -> Fibra Optica | F59: =ESTADISTICA!F57 -> 0 | G59: =ESTADISTICA!G57 -> 0 | H59: =ESTADISTICA!H57 -> 0 | ... AI59: =ESTADISTICA!AI57 -> 0
A60: =ESTADISTICA!A58 -> CENTRO | B60: =ESTADISTICA!B58 -> CEN25 | C60: =ESTADISTICA!C58 -> SAN MARTIN Y 9 DE JULIO | D60: =ESTADISTICA!D58 -> Domo | E60: =ESTADISTICA!E58 -> Fibra Optica | F60: =ESTADISTICA!F58 -> 0 | G60: =ESTADISTICA!G58 -> 0 | H60: =ESTADISTICA!H58 -> 0 | ... AI60: =ESTADISTICA!AI58 -> 0
A61: =ESTADISTICA!A59 -> CENTRO | B61: =ESTADISTICA!B59 -> CEN26 | C61: =ESTADISTICA!C59 -> Mitre y España | D61: =ESTADISTICA!D59 -> Domo | E61: =ESTADISTICA!E59 -> Fibra Optica | F61: =ESTADISTICA!F59 -> 0 | G61: =ESTADISTICA!G59 -> 0 | H61: =ESTADISTICA!H59 -> 0 | ... AI61: =ESTADISTICA!AI59 -> 0
A62: =ESTADISTICA!A60 -> CENTRO | B62: =ESTADISTICA!B60 -> CEN27 | C62: =ESTADISTICA!C60 -> San Juan y España | D62: =ESTADISTICA!D60 -> Domo | E62: =ESTADISTICA!E60 -> Fibra Optica | F62: =ESTADISTICA!F60 -> 0 | G62: =ESTADISTICA!G60 -> 0 | H62: =ESTADISTICA!H60 -> 0 | ... AI62: =ESTADISTICA!AI60 -> 0
A63: =ESTADISTICA!A61 -> CENTRO | B63: =ESTADISTICA!B61 -> CEN28 | C63: =ESTADISTICA!C61 -> Mitre y Alberdi | D63: =ESTADISTICA!D61 -> Domo | E63: =ESTADISTICA!E61 -> Fibra Optica | F63: =ESTADISTICA!F61 -> 0 | G63: =ESTADISTICA!G61 -> 0 | H63: =ESTADISTICA!H61 -> 0 | ... AI63: =ESTADISTICA!AI61 -> 0
A64: =ESTADISTICA!A62 -> CENTRO | B64: =ESTADISTICA!B62 -> CEN29 | C64: =ESTADISTICA!C62 -> Alberdi y San Juan | D64: =ESTADISTICA!D62 -> Domo | E64: =ESTADISTICA!E62 -> Fibra Optica | F64: =ESTADISTICA!F62 -> 0 | G64: =ESTADISTICA!G62 -> 0 | H64: =ESTADISTICA!H62 -> 0 | ... AI64: =ESTADISTICA!AI62 -> 0
A65: =ESTADISTICA!A63 -> CENTRO | B65: =ESTADISTICA!B63 -> CEN30 | C65: =ESTADISTICA!C63 -> Mitre y Pringles | D65: =ESTADISTICA!D63 -> Domo | E65: =ESTADISTICA!E63 -> Fibra Optica | F65: =ESTADISTICA!F63 -> 0 | G65: =ESTADISTICA!G63 -> 0 | H65: =ESTADISTICA!H63 -> 0 | ... AI65: =ESTADISTICA!AI63 -> 0
A66: =ESTADISTICA!A64 -> CENTRO | B66: =ESTADISTICA!B64 -> CEN31 | C66: =ESTADISTICA!C64 -> Mitre e/Monteagudo y Alberdi | D66: =ESTADISTICA!D64 -> Domo | E66: =ESTADISTICA!E64 -> Fibra Optica | F66: =ESTADISTICA!F64 -> 0 | G66: =ESTADISTICA!G64 -> 0 | H66: =ESTADISTICA!H64 -> 0 | ... AI66: =ESTADISTICA!AI64 -> 0
A67: =ESTADISTICA!A65 -> CENTRO | B67: =ESTADISTICA!B65 -> CEN32 | C67: =ESTADISTICA!C65 -> Aristobulo del Valle y España | D67: =ESTADISTICA!D65 -> Domo | E67: =ESTADISTICA!E65 -> Fibra Optica | F67: =ESTADISTICA!F65 -> 0 | G67: =ESTADISTICA!G65 -> 0 | H67: =ESTADISTICA!H65 -> 0 | ... AI67: =ESTADISTICA!AI65 -> 0
A68: =ESTADISTICA!A66 -> CENTRO | B68: =ESTADISTICA!B66 -> CEN33 | C68: =ESTADISTICA!C66 -> Peron y Alberdi | D68: =ESTADISTICA!D66 -> Domo | E68: =ESTADISTICA!E66 -> Fibra Optica | F68: =ESTADISTICA!F66 -> 0 | G68: =ESTADISTICA!G66 -> 0 | H68: =ESTADISTICA!H66 -> 0 | ... AI68: =ESTADISTICA!AI66 -> 0
A69: =ESTADISTICA!A67 -> CENTRO | B69: =ESTADISTICA!B67 -> CEN34 | C69: =ESTADISTICA!C67 -> Peron y España | D69: =ESTADISTICA!D67 -> Domo | E69: =ESTADISTICA!E67 -> Fibra Optica | F69: =ESTADISTICA!F67 -> 0 | G69: =ESTADISTICA!G67 -> 0 | H69: =ESTADISTICA!H67 -> 0 | ... AI69: =ESTADISTICA!AI67 -> 0
... A82: =ESTADISTICA!A80 -> CENTRO | B82: =ESTADISTICA!B80 -> CEN47 | C82: =ESTADISTICA!C80 -> Sallares y Brown | D82: =ESTADISTICA!D80 -> Domo | E82: =ESTADISTICA!E80 -> Fibra Optica | F82: =ESTADISTICA!F80 -> APAGADO | G82: =ESTADISTICA!G80 -> APAGADO | H82: =ESTADISTICA!H80 -> APAGADO | ... AI82: =ESTADISTICA!AI80 -> 0
A83: =ESTADISTICA!A81 -> CENTRO | B83: =ESTADISTICA!B81 -> CEN48 | C83: =ESTADISTICA!C81 -> Velez Sarsfield y Las Heras | D83: =ESTADISTICA!D81 -> Domo | E83: =ESTADISTICA!E81 -> Radio | F83: =ESTADISTICA!F81 -> APAGADO | G83: =ESTADISTICA!G81 -> APAGADO | H83: =ESTADISTICA!H81 -> 0 | ... AG83: =ESTADISTICA!AG81 -> 0
A84: =ESTADISTICA!A82 -> CENTRO | B84: =ESTADISTICA!B82 -> CEN49 | C84: =ESTADISTICA!C82 -> Av. San Martin y Florencio Sanchez | D84: =ESTADISTICA!D82 -> Domo | E84: =ESTADISTICA!E82 -> Radio | F84: =ESTADISTICA!F82 -> 0 | G84: =ESTADISTICA!G82 -> 0 | H84: =ESTADISTICA!H82 -> 0 | ... AG84: =ESTADISTICA!AG82 -> 0
A85: =ESTADISTICA!A83 -> CENTRO | B85: =ESTADISTICA!B83 -> CEN50 | C85: =ESTADISTICA!C83 -> Av. San Martin y Newbery | D85: =ESTADISTICA!D83 -> Domo | E85: =ESTADISTICA!E83 -> Radio | F85: =ESTADISTICA!F83 -> 0 | G85: =ESTADISTICA!G83 -> 0 | H85: =ESTADISTICA!H83 -> 0 | ... AG85: =ESTADISTICA!AG83 -> 0
A86: =ESTADISTICA!A84 -> 0 | B86: =ESTADISTICA!B84 -> CEN52 | C86: =ESTADISTICA!C84 -> San Martin y Almafuerte (ex San Martin y Dorrego) | D86: =ESTADISTICA!D84 -> DOMO | E86: =ESTADISTICA!E84 -> Radio | F86: =ESTADISTICA!F84 -> 0 | G86: =ESTADISTICA!G84 -> 0 | H86: =ESTADISTICA!H84 -> 0 | ... AG86: =ESTADISTICA!AG84 -> 0
A87: =ESTADISTICA!A85 -> CENTRO | B87: =ESTADISTICA!B85 -> CEN64 | C87: =ESTADISTICA!C85 -> SAN MARTIN Y BOCCUZZI | D87: =ESTADISTICA!D85 -> FIJA | E87: =ESTADISTICA!E85 -> Fibra Optica | F87: =ESTADISTICA!F85 -> 0 | G87: =ESTADISTICA!G85 -> 0 | H87: =ESTADISTICA!H85 -> 0 | ... AI87: =ESTADISTICA!AI85 -> 0
A88: =ESTADISTICA!A86 -> CENTRO | B88: =ESTADISTICA!B86 -> CEN65 | C88: =ESTADISTICA!C86 -> SAN MARTIN Y JUAN PERON | D88: =ESTADISTICA!D86 -> FIJA | E88: =ESTADISTICA!E86 -> Fibra Optica | F88: =ESTADISTICA!F86 -> 0 | G88: =ESTADISTICA!G86 -> 0 | H88: =ESTADISTICA!H86 -> 0 | ... AI88: =ESTADISTICA!AI86 -> 0
A89: =ESTADISTICA!A87 -> CENTRO | B89: =ESTADISTICA!B87 -> CEN66 | C89: =ESTADISTICA!C87 -> SAN MARTIN Y JUAN PERON | D89: =ESTADISTICA!D87 -> FIJA | E89: =ESTADISTICA!E87 -> Fibra Optica | F89: =ESTADISTICA!F87 -> APAGADO | G89: =ESTADISTICA!G87 -> 0 | H89: =ESTADISTICA!H87 -> APAGADO | ... AI89: =ESTADISTICA!AI87 -> 0
A90: =ESTADISTICA!A88 -> CENTRO | B90: =ESTADISTICA!B88 -> CEN67 (fija 1) | C90: =ESTADISTICA!C88 -> 9 DE JULIO Y BROWN | D90: =ESTADISTICA!D88 -> Fija | E90: =ESTADISTICA!E88 -> Fibra Optica | F90: =ESTADISTICA!F88 -> 0 | G90: =ESTADISTICA!G88 -> 0 | H90: =ESTADISTICA!H88 -> 0 | ... AI90: =ESTADISTICA!AI88 -> 0
A91: =ESTADISTICA!A89 -> CENTRO | B91: =ESTADISTICA!B89 -> CEN68 (fija 2) | C91: =ESTADISTICA!C89 -> 9 DE JULIO Y BROWN | D91: =ESTADISTICA!D89 -> Fija | E91: =ESTADISTICA!E89 -> Fibra Optica | F91: =ESTADISTICA!F89 -> 0 | G91: =ESTADISTICA!G89 -> 0 | H91: =ESTADISTICA!H89 -> 0 | ... AI91: =ESTADISTICA!AI89 -> 0
A92: =ESTADISTICA!A90 -> CENTRO | B92: =ESTADISTICA!B90 -> CEN69 | C92: =ESTADISTICA!C90 -> RIVADAVIA Y BOUREL | D92: =ESTADISTICA!D90 -> DOMO | E92: =ESTADISTICA!E90 -> Fibra Optica | F92: =ESTADISTICA!F90 -> 0 | G92: =ESTADISTICA!G90 -> 0 | H92: =ESTADISTICA!H90 -> 0 | ... AI92: =ESTADISTICA!AI90 -> 0
A93: =ESTADISTICA!A91 -> CENTRO | B93: =ESTADISTICA!B91 -> CEN73 | C93: =ESTADISTICA!C91 -> BOUREL Y DEFENSA | D93: =ESTADISTICA!D91 -> DOMO | E93: =ESTADISTICA!E91 -> Fibra Optica | F93: =ESTADISTICA!F91 -> APAGADO | G93: =ESTADISTICA!G91 -> APAGADO | H93: =ESTADISTICA!H91 -> APAGADO | ... AI93: =ESTADISTICA!AI91 -> 0
A94: =ESTADISTICA!A92 -> CENTRO | B94: =ESTADISTICA!B92 -> CEN74 | C94: =ESTADISTICA!C92 -> Las Heras y Maipu | D94: =ESTADISTICA!D92 -> Domo | E94: =ESTADISTICA!E92 -> Fibra Optica | F94: =ESTADISTICA!F92 -> 0 | G94: =ESTADISTICA!G92 -> 0 | H94: =ESTADISTICA!H92 -> 0 | ... AI94: =ESTADISTICA!AI92 -> 0
A95: =ESTADISTICA!A93 -> SAN NICOLAS | B95: =ESTADISTICA!B93 -> CHA01 | C95: =ESTADISTICA!C93 -> Novak y Pte Illia | D95: =ESTADISTICA!D93 -> Domo | E95: =ESTADISTICA!E93 -> Radio | F95: =ESTADISTICA!F93 -> 0 | G95: =ESTADISTICA!G93 -> 0 | H95: =ESTADISTICA!H93 -> 0 | ... AG95: =ESTADISTICA!AG93 -> 0
A96: =ESTADISTICA!A94 -> CHACABUCO | B96: =ESTADISTICA!B94 -> CHA02 | C96: =ESTADISTICA!C94 -> Pte. Illia y Posadas | D96: =ESTADISTICA!D94 -> Domo | E96: =ESTADISTICA!E94 -> Radio | F96: =ESTADISTICA!F94 -> 0 | G96: =ESTADISTICA!G94 -> 0 | H96: =ESTADISTICA!H94 -> 0 | ... AG96: =ESTADISTICA!AG94 -> 0
A97: =ESTADISTICA!A95 -> CHACABUCO | B97: =ESTADISTICA!B95 -> CHA03 | C97: =ESTADISTICA!C95 -> MAIPU Y ALVAREZ THOMAS | D97: =ESTADISTICA!D95 -> DOMO | E97: =ESTADISTICA!E95 -> Fibra Optica | F97: =ESTADISTICA!F95 -> 0 | G97: =ESTADISTICA!G95 -> 0 | H97: =ESTADISTICA!H95 -> 0 | ... AI97: =ESTADISTICA!AI95 -> 0
A98: =ESTADISTICA!A96 -> CHACABUCO | B98: =ESTADISTICA!B96 -> CHA04 | C98: =ESTADISTICA!C96 -> ESTADOS UNIDOS DE A. E ILLIA | D98: =ESTADISTICA!D96 -> DOMO | E98: =ESTADISTICA!E96 -> Fibra Optica | F98: =ESTADISTICA!F96 -> APAGADO | G98: =ESTADISTICA!G96 -> APAGADO | H98: =ESTADISTICA!H96 -> APAGADO | ... AI98: =ESTADISTICA!AI96 -> 0
A99: =ESTADISTICA!A97 -> VILLA MONICA NUEVA | B99: =ESTADISTICA!B97 -> COL01 | C99: =ESTADISTICA!C97 -> Eva Peron y Cariboni | D99: =ESTADISTICA!D97 -> Domo | E99: =ESTADISTICA!E97 -> Radio | F99: =ESTADISTICA!F97 -> 0 | G99: =ESTADISTICA!G97 -> 0 | H99: =ESTADISTICA!H97 -> 0 | ... AG99: =ESTADISTICA!AG97 -> 0
A100: =ESTADISTICA!A98 -> LA COLORADA ESTE | B100: =ESTADISTICA!B98 -> COL02 | C100: =ESTADISTICA!C98 -> Av. Eva Peron y Pompeya | D100: =ESTADISTICA!D98 -> Domo | E100: =ESTADISTICA!E98 -> Radio | F100: =ESTADISTICA!F98 -> 0 | G100: =ESTADISTICA!G98 -> 0 | H100: =ESTADISTICA!H98 -> 0 | ... AG100: =ESTADISTICA!AG98 -> 0
A101: =ESTADISTICA!A99 -> LA COLORADA ESTE | B101: =ESTADISTICA!B99 -> COL03 | C101: =ESTADISTICA!C99 -> CARIBONI Y LA ANCIANIDAD | D101: =ESTADISTICA!D99 -> DOMO | E101: =ESTADISTICA!E99 -> Radio | F101: =ESTADISTICA!F99 -> 0 | G101: =ESTADISTICA!G99 -> 0 | H101: =ESTADISTICA!H99 -> 0 | ... AG101: =ESTADISTICA!AG99 -> 0
A102: =ESTADISTICA!A100 -> 0 | B102: =ESTADISTICA!B100 -> DJO01 | C102: =ESTADISTICA!C100 -> Monteverde y Donato Alvarez | D102: =ESTADISTICA!D100 -> Domo | E102: =ESTADISTICA!E100 -> Radio | F102: =ESTADISTICA!F100 -> 0 | G102: =ESTADISTICA!G100 -> 0 | H102: =ESTADISTICA!H100 -> 0 | ... AG102: =ESTADISTICA!AG100 -> 0
A103: =ESTADISTICA!A101 -> DON JOSE | B103: =ESTADISTICA!B101 -> DJO02 (fija 1) | C103: =ESTADISTICA!C101 -> DONATO ALVAREZ Y EL APERO | D103: =ESTADISTICA!D101 -> Fija | E103: =ESTADISTICA!E101 -> PTP A FO | F103: =ESTADISTICA!F101 -> APAGADO | G103: =ESTADISTICA!G101 -> 0 | H103: =ESTADISTICA!H101 -> 0 | ... AG103: =ESTADISTICA!AG101 -> 0
A104: =ESTADISTICA!A102 -> DON JOSE | B104: =ESTADISTICA!B102 -> DJO03 (fija 2) | C104: =ESTADISTICA!C102 -> DONATO ALVAREZ Y EL APERO | D104: =ESTADISTICA!D102 -> Fija | E104: =ESTADISTICA!E102 -> PTP A FO | F104: =ESTADISTICA!F102 -> APAGADO | G104: =ESTADISTICA!G102 -> 0 | H104: =ESTADISTICA!H102 -> 0 | ... AG104: =ESTADISTICA!AG102 -> 0
A105: =ESTADISTICA!A103 -> EL PARQUE | B105: =ESTADISTICA!B103 -> EPQ01 | C105: =ESTADISTICA!C103 -> 1282 Y GRIERSON | D105: =ESTADISTICA!D103 -> DOMO | E105: =ESTADISTICA!E103 -> Fibra Optica | F105: =ESTADISTICA!F103 -> APAGADO | G105: =ESTADISTICA!G103 -> APAGADO | H105: =ESTADISTICA!H103 -> APAGADO | ... AI105: =ESTADISTICA!AI103 -> 0
A106: =ESTADISTICA!A104 -> EL PARQUE | B106: =ESTADISTICA!B104 -> EPQ02 | C106: =ESTADISTICA!C104 -> 1282 Y MASSE | D106: =ESTADISTICA!D104 -> DOMO | E106: =ESTADISTICA!E104 -> Fibra Optica | F106: =ESTADISTICA!F104 -> APAGADO | G106: =ESTADISTICA!G104 -> APAGADO | H106: =ESTADISTICA!H104 -> APAGADO | ... AI106: =ESTADISTICA!AI104 -> 0
A107: =ESTADISTICA!A105 -> EL PARQUE | B107: =ESTADISTICA!B105 -> EPQ03 | C107: =ESTADISTICA!C105 -> 1282 Y RP 36 | D107: =ESTADISTICA!D105 -> Domo | E107: =ESTADISTICA!E105 -> Fibra Optica | F107: =ESTADISTICA!F105 -> APAGADO | G107: =ESTADISTICA!G105 -> APAGADO | H107: =ESTADISTICA!H105 -> APAGADO | ... AI107: =ESTADISTICA!AI105 -> 0
A108: =ESTADISTICA!A106 -> EL PARQUE | B108: =ESTADISTICA!B106 -> EPQ04 | C108: =ESTADISTICA!C106 -> 1282 Y MORENO | D108: =ESTADISTICA!D106 -> DOMO | E108: =ESTADISTICA!E106 -> Fibra Optica | F108: =ESTADISTICA!F106 -> APAGADO | G108: =ESTADISTICA!G106 -> APAGADO | H108: =ESTADISTICA!H106 -> APAGADO | ... AI108: =ESTADISTICA!AI106 -> 0
A109: =ESTADISTICA!A107 -> LA ESMERALDA | B109: =ESTADISTICA!B107 -> ESM 07 | C109: =ESTADISTICA!C107 -> AV. NOVAK Y SERRANO | D109: =ESTADISTICA!D107 -> DOMO | E109: =ESTADISTICA!E107 -> PTP A FO | F109: =ESTADISTICA!F107 -> 0 | G109: =ESTADISTICA!G107 -> 0 | H109: =ESTADISTICA!H107 -> 0 | ... AG109: =ESTADISTICA!AG107 -> 0
A110: =ESTADISTICA!A108 -> LA ESMERALDA | B110: =ESTADISTICA!B108 -> ESM 08 | C110: =ESTADISTICA!C108 -> DAVINSON Y MORANCHEL | D110: =ESTADISTICA!D108 -> FIJA | E110: =ESTADISTICA!E108 -> Radio | F110: =ESTADISTICA!F108 -> 0 | G110: =ESTADISTICA!G108 -> 0 | H110: =ESTADISTICA!H108 -> 0 | ... AG110: =ESTADISTICA!AG108 -> 0
A111: =ESTADISTICA!A109 -> LA ESMERALDA | B111: =ESTADISTICA!B109 -> ESM01 | C111: =ESTADISTICA!C109 -> Cabello y Brasil | D111: =ESTADISTICA!D109 -> Domo | E111: =ESTADISTICA!E109 -> Radio | F111: =ESTADISTICA!F109 -> 0 | G111: =ESTADISTICA!G109 -> 0 | H111: =ESTADISTICA!H109 -> 0 | ... AG111: =ESTADISTICA!AG109 -> 0
A112: =ESTADISTICA!A110 -> SAN JORGE | B112: =ESTADISTICA!B110 -> ESM02 | C112: =ESTADISTICA!C110 -> Novak y Cabello | D112: =ESTADISTICA!D110 -> Domo | E112: =ESTADISTICA!E110 -> PTP A FO | F112: =ESTADISTICA!F110 -> 0 | G112: =ESTADISTICA!G110 -> 0 | H112: =ESTADISTICA!H110 -> 0 | ... AG112: =ESTADISTICA!AG110 -> 0
A113: =ESTADISTICA!A111 -> LIBERTAD | B113: =ESTADISTICA!B111 -> ESM03 | C113: =ESTADISTICA!C111 -> Novak y Humahuaca | D113: =ESTADISTICA!D111 -> DOMO | E113: =ESTADISTICA!E111 -> PTP A FO | F113: =ESTADISTICA!F111 -> 0 | G113: =ESTADISTICA!G111 -> 0 | H113: =ESTADISTICA!H111 -> 0 | ... AG113: =ESTADISTICA!AG111 -> 0
A114: =ESTADISTICA!A112 -> LA ESMERALDA | B114: =ESTADISTICA!B112 -> ESM04 | C114: =ESTADISTICA!C112 -> Basualdo y Bengochea | D114: =ESTADISTICA!D112 -> Domo | E114: =ESTADISTICA!E112 -> Fibra Optica | F114: =ESTADISTICA!F112 -> APAGADO | G114: =ESTADISTICA!G112 -> APAGADO | H114: =ESTADISTICA!H112 -> APAGADO | ... AI114: =ESTADISTICA!AI112 -> 0
A115: =ESTADISTICA!A113 -> LA ESMERALDA | B115: =ESTADISTICA!B113 -> ESM05 | C115: =ESTADISTICA!C113 -> Aniceto Diaz y Villar | D115: =ESTADISTICA!D113 -> Domo | E115: =ESTADISTICA!E113 -> Fibra Optica | F115: =ESTADISTICA!F113 -> APAGADO | G115: =ESTADISTICA!G113 -> APAGADO | H115: =ESTADISTICA!H113 -> APAGADO | ... AI115: =ESTADISTICA!AI113 -> 0
A116: =ESTADISTICA!A114 -> LA ESMERALDA | B116: =ESTADISTICA!B114 -> ESM06 | C116: =ESTADISTICA!C114 -> Roselli y Cabello | D116: =ESTADISTICA!D114 -> Domo | E116: =ESTADISTICA!E114 -> Radio | F116: =ESTADISTICA!F114 -> 0 | G116: =ESTADISTICA!G114 -> 0 | H116: =ESTADISTICA!H114 -> 0 | ... AG116: =ESTADISTICA!AG114 -> 0
A117: =ESTADISTICA!A115 -> LA ESMERALDA | B117: =ESTADISTICA!B115 -> ESM09 (fija 1) | C117: =ESTADISTICA!C115 -> EEUU Y CABELLO | D117: =ESTADISTICA!D115 -> Fija | E117: =ESTADISTICA!E115 -> Fibra Optica | F117: =ESTADISTICA!F115 -> 0 | G117: =ESTADISTICA!G115 -> 0 | H117: =ESTADISTICA!H115 -> 0 | ... AI117: =ESTADISTICA!AI115 -> 0
A118: =ESTADISTICA!A116 -> LA ESMERALDA | B118: =ESTADISTICA!B116 -> ESM10 (fija 2) | C118: =ESTADISTICA!C116 -> EEUU Y CABELLO | D118: =ESTADISTICA!D116 -> Fija | E118: =ESTADISTICA!E116 -> Fibra Optica | F118: =ESTADISTICA!F116 -> 0 | G118: =ESTADISTICA!G116 -> 0 | H118: =ESTADISTICA!H116 -> 0 | ... AI118: =ESTADISTICA!AI116 -> 0
A119: =ESTADISTICA!A117 -> LA ESMERALDA | B119: =ESTADISTICA!B117 -> ESM11 (fija 1) | C119: =ESTADISTICA!C117 -> NOVAK Y LAMBARDI | D119: =ESTADISTICA!D117 -> Fija | E119: =ESTADISTICA!E117 -> Fibra Optica | F119: =ESTADISTICA!F117 -> APAGADO | G119: =ESTADISTICA!G117 -> APAGADO | H119: =ESTADISTICA!H117 -> APAGADO | ... AI119: =ESTADISTICA!AI117 -> 0
...

Sheet APAGADOS ANTENA
C1: TOTAL PTP A FO | D1: =COUNTIFS(E4:E367,"=PTP A FO") -> 38
E2: APAGADOS | F2: =COUNTIFS(F4:F367, "=APAGADO",E4:E367,"=PTP A FO") -> 8 | G2: =COUNTIFS(G4:G367, "=APAGADO",E4:E367,"=PTP A FO") -> 6 | H2: =COUNTIFS(H4:H367, "=APAGADO",E4:E367,"=PTP A FO") -> 6 | I2: =COUNTIFS(I4:I367, "=APAGADO",E4:E367,"=PTP A FO") -> 6 | J2: =COUNTIFS(J4:J367, "=APAGADO",E4:E367,"=PTP A FO") -> 5 | K2: =COUNTIFS(K4:K367, "=APAGADO",E4:E367,"=PTP A FO") -> 5 | L2: =COUNTIFS(L4:L367, "=APAGADO",E4:E367,"=PTP A FO") -> 6 | M2: =COUNTIFS(M4:M367, "=APAGADO",E4:E367,"=PTP A FO") -> 2 | N2: =COUNTIFS(N4:N367, "=APAGADO",E4:E367,"=PTP A FO") -> 2 | O2: =COUNTIFS(O4:O367,"APAGADO", E4:E367,"=PTP A FO" ) -> 6 | P2: =COUNTIFS(P4:P367, "=APAGADO",E4:E367,"=PTP A FO") -> 6 | Q2: =COUNTIFS(Q4:Q367, "=APAGADO",E4:E367,"=PTP A FO") -> 6 | R2: =COUNTIFS(R4:R367, "=APAGADO",E4:E367,"=PTP A FO") -> 6 | S2: =COUNTIFS(S4:S367, "=APAGADO",E4:E367,"=PTP A FO") -> 2 | T2: =COUNTIFS(T4:T367, "=APAGADO",E4:E367,"=PTP A FO") -> 2 | U2: =COUNTIFS(U4:U367, "=APAGADO",E4:E367,"=PTP A FO") -> 8 | V2: =COUNTIFS(V4:V367, "=APAGADO",E4:E367,"=PTP A FO") -> 0 | W2: =COUNTIFS(W4:W367, "=APAGADO",E4:E367,"=PTP A FO") -> 2 | X2: =COUNTIFS(X4:X367, "=APAGADO",E4:E367,"=PTP A FO") -> 0 | Y2: =COUNTIFS(Y4:Y367, "=APAGADO",E4:E367,"=PTP A FO") -> 0 | Z2: =COUNTIFS(Z4:Z367, "=APAGADO",E4:E367,"=PTP A FO") -> 0 | AA2: =COUNTIFS(AA4:AA367, "=APAGADO",E4:E367,"=PTP A FO") -> 0 | AB2: =COUNTIFS(AB4:AB367, "=APAGADO",E4:E367,"=PTP A FO") -> 0 | AC2: =COUNTIFS(AC4:AC367, "=APAGADO",E4:E367,"=PTP A FO") -> 0 | AD2: =COUNTIFS(AD4:AD367, "=APAGADO",E4:E367,"=PTP A FO") -> 0 | AE2: =COUNTIFS(AE4:AE367, "=APAGADO",E4:E367,"=PTP A FO") -> 0 | AF2: =COUNTIFS(AF4:AF367, "=APAGADO",E4:E367,"=PTP A FO") -> 0 | AG2: =COUNTIFS(AG4:AG367, "=APAGADO",E4:E367,"=PTP A FO") -> 0 | AH2: =COUNTIFS(AH4:AH367, "=APAGADO",E4:E367,"=PTP A FO") -> 0 | AI2: =COUNTIFS(AI4:AI367, "=APAGADO",E4:E367,"=PTP A FO") -> 0
A3: =ESTADISTICA!A1 -> Barrio | B3: =ESTADISTICA!B1 -> [Denominacion] | C3: =ESTADISTICA!C1 -> [Ubicacion] | D3: =ESTADISTICA!D1 -> [Tipo de Camara] | E3: =ESTADISTICA!E1 -> [Tipo de Conexion] | F3: =ESTADISTICA!F1 -> 44713 | G3: =ESTADISTICA!G1 -> 44714 | H3: =ESTADISTICA!H1 -> 44715 | ... AI3: =ESTADISTICA!AI1 -> 44742
A4: =ESTADISTICA!A2 -> PRESIDENTE PERON (PEPSI) | B4: =ESTADISTICA!B2 -> MAR 01 | C4: =ESTADISTICA!C2 -> RP36 Y LA ESMERALDA | D4: =ESTADISTICA!D2 -> DOMO | E4: =ESTADISTICA!E2 -> Fibra Optica | F4: =ESTADISTICA!F2 -> APAGADO | G4: =ESTADISTICA!G2 -> APAGADO | H4: =ESTADISTICA!H2 -> APAGADO | ... AI4: =ESTADISTICA!AI2 -> 0
A5: =ESTADISTICA!A3 -> MAYOL | B5: =ESTADISTICA!B3 -> MAY 01 | C5: =ESTADISTICA!C3 -> Eva Peron y Cabildo | D5: =ESTADISTICA!D3 -> Domo | E5: =ESTADISTICA!E3 -> Radio | F5: =ESTADISTICA!F3 -> 0 | G5: =ESTADISTICA!G3 -> 0 | H5: =ESTADISTICA!H3 -> 0 | ... AI5: =ESTADISTICA!AI3 -> 0
A6: =ESTADISTICA!A4 -> 0 | B6: =ESTADISTICA!B4 -> MAY 02 | C6: =ESTADISTICA!C4 -> EVA PERON Y MONTEVIDEO | D6: =ESTADISTICA!D4 -> Domo | E6: =ESTADISTICA!E4 -> Radio | F6: =ESTADISTICA!F4 -> APAGADO | G6: =ESTADISTICA!G4 -> APAGADO | H6: =ESTADISTICA!H4 -> APAGADO | ... AI6: =ESTADISTICA!AI4 -> 0
A7: =ESTADISTICA!A5 -> MAYOL | B7: =ESTADISTICA!B5 -> MAY 03 | C7: =ESTADISTICA!C5 -> CHAÑAR Y SAN NICOLAS | D7: =ESTADISTICA!D5 -> DOMO | E7: =ESTADISTICA!E5 -> PTP A FO | F7: =ESTADISTICA!F5 -> 0 | G7: =ESTADISTICA!G5 -> 0 | H7: =ESTADISTICA!H5 -> 0 | ... AI7: =ESTADISTICA!AI5 -> 0
A8: =ESTADISTICA!A6 -> 0 | B8: =ESTADISTICA!B6 -> MAY 04 | C8: =ESTADISTICA!C6 -> MAR CHIQUITA Y RIO JACHAL | D8: =ESTADISTICA!D6 -> DOMO | E8: =ESTADISTICA!E6 -> Radio | F8: =ESTADISTICA!F6 -> 0 | G8: =ESTADISTICA!G6 -> 0 | H8: =ESTADISTICA!H6 -> 0 | ... AI8: =ESTADISTICA!AI6 -> 0
A9: =ESTADISTICA!A7 -> ALTAMIRA | B9: =ESTADISTICA!B7 -> ALT06 | C9: =ESTADISTICA!C7 -> LOPE DE VEGA Y NECOCHEA | D9: =ESTADISTICA!D7 -> Domo | E9: =ESTADISTICA!E7 -> PTP A FO | F9: =ESTADISTICA!F7 -> 0 | G9: =ESTADISTICA!G7 -> 0 | H9: =ESTADISTICA!H7 -> 0 | ... AI9: =ESTADISTICA!AI7 -> 0
A10: =ESTADISTICA!A8 -> ALTAMIRA | B10: =ESTADISTICA!B8 -> ALT01 | C10: =ESTADISTICA!C8 -> Calchaqui y Sgto. Cabral | D10: =ESTADISTICA!D8 -> Domo | E10: =ESTADISTICA!E8 -> Fibra Optica | F10: =ESTADISTICA!F8 -> APAGADO | G10: =ESTADISTICA!G8 -> APAGADO | H10: =ESTADISTICA!H8 -> 0 | ... AI10: =ESTADISTICA!AI8 -> 0
A11: =ESTADISTICA!A9 -> ALTAMIRA | B11: =ESTADISTICA!B9 -> ALT02 | C11: =ESTADISTICA!C9 -> Calchaqui y Lope de Vega | D11: =ESTADISTICA!D9 -> Domo | E11: =ESTADISTICA!E9 -> PTP A FO | F11: =ESTADISTICA!F9 -> 0 | G11: =ESTADISTICA!G9 -> 0 | H11: =ESTADISTICA!H9 -> 0 | ... AI11: =ESTADISTICA!AI9 -> 0
A12: =ESTADISTICA!A10 -> ALTAMIRA | B12: =ESTADISTICA!B10 -> ALT03 | C12: =ESTADISTICA!C10 -> Bombero Galarza y Necochea | D12: =ESTADISTICA!D10 -> Domo | E12: =ESTADISTICA!E10 -> Fibra Optica | F12: =ESTADISTICA!F10 -> 0 | G12: =ESTADISTICA!G10 -> 0 | H12: =ESTADISTICA!H10 -> 0 | ... AI12: =ESTADISTICA!AI10 -> 0
A13: =ESTADISTICA!A11 -> 0 | B13: =ESTADISTICA!B11 -> ALT04 | C13: =ESTADISTICA!C11 -> Francia y Necochea | D13: =ESTADISTICA!D11 -> Domo | E13: =ESTADISTICA!E11 -> Fibra Optica | F13: =ESTADISTICA!F11 -> APAGADO | G13: =ESTADISTICA!G11 -> APAGADO | H13: =ESTADISTICA!H11 -> APAGADO | ... AI13: =ESTADISTICA!AI11 -> 0
A14: =ESTADISTICA!A12 -> ALTAMIRA | B14: =ESTADISTICA!B12 -> ALT05 | C14: =ESTADISTICA!C12 -> Av. Calchaqui y Bombero Galarza | D14: =ESTADISTICA!D12 -> Domo | E14: =ESTADISTICA!E12 -> PTP A FO | F14: =ESTADISTICA!F12 -> 0 | G14: =ESTADISTICA!G12 -> 0 | H14: =ESTADISTICA!H12 -> 0 | ... AI14: =ESTADISTICA!AI12 -> 0
... A278: =ESTADISTICA!A276 -> SANTA ROSA | B278: =ESTADISTICA!B276 -> SRO11 | C278: =ESTADISTICA!C276 -> MILAN Y MALLORCA | D278: =ESTADISTICA!D276 -> DOMO | E278: =ESTADISTICA!E276 -> Radio | F278: =ESTADISTICA!F276 -> 0 | G278: =ESTADISTICA!G276 -> 0 | H278: =ESTADISTICA!H276 -> 0 | ... AI278: =ESTADISTICA!AI276 -> 0
B279: =ESTADISTICA!B277 -> SRO12 | C279: =ESTADISTICA!C277 -> YUGOSLAVIA Y PAYSANDU | D279: =ESTADISTICA!D277 -> DOMO | E279: =ESTADISTICA!E277 -> Radio | F279: =ESTADISTICA!F277 -> 0 | G279: =ESTADISTICA!G277 -> 0 | H279: =ESTADISTICA!H277 -> 0 | I279: =ESTADISTICA!I277 -> 0 | ... AI279: =ESTADISTICA!AI277 -> 0
A280: =ESTADISTICA!A278 -> ZONA RURAL SANTA ROSA | B280: =ESTADISTICA!B278 -> SRO13 (fija 1) | C280: =ESTADISTICA!C278 -> BRUSELAS E/ GRECIA Y CHECOSLOVAQUIA | D280: =ESTADISTICA!D278 -> Fija | E280: =ESTADISTICA!E278 -> RADIO | F280: =ESTADISTICA!F278 -> 0 | G280: =ESTADISTICA!G278 -> 0 | H280: =ESTADISTICA!H278 -> 0 | ... AI280: =ESTADISTICA!AI278 -> 0
A281: =ESTADISTICA!A279 -> ZONA RURAL SANTA ROSA | B281: =ESTADISTICA!B279 -> SRO14 (fija 2) | C281: =ESTADISTICA!C279 -> BRUSELAS E/ GRECIA Y CHECOSLOVAQUIA | D281: =ESTADISTICA!D279 -> Fija | E281: =ESTADISTICA!E279 -> RADIO | F281: =ESTADISTICA!F279 -> 0 | G281: =ESTADISTICA!G279 -> APAGADO | H281: =ESTADISTICA!H279 -> 0 | ... AI281: =ESTADISTICA!AI279 -> 0
A282: =ESTADISTICA!A280 -> SANTA ROSA | B282: =ESTADISTICA!B280 -> SRO15 | C282: =ESTADISTICA!C280 -> NOVAK Y TIRANA (614) | D282: =ESTADISTICA!D280 -> DOMO | E282: =ESTADISTICA!E280 -> Fibra Optica | F282: =ESTADISTICA!F280 -> 0 | G282: =ESTADISTICA!G280 -> 0 | H282: =ESTADISTICA!H280 -> 0 | ... AI282: =ESTADISTICA!AI280 -> 0
A283: =ESTADISTICA!A281 -> SANTA ROSA | B283: =ESTADISTICA!B281 -> SRO18 (fija 1) | C283: =ESTADISTICA!C281 -> GRAN CANARIA Y BUDAPEST | D283: =ESTADISTICA!D281 -> Fija | E283: =ESTADISTICA!E281 -> Fibra Optica | F283: =ESTADISTICA!F281 -> 0 | G283: =ESTADISTICA!G281 -> 0 | H283: =ESTADISTICA!H281 -> 0 | ... AI283: =ESTADISTICA!AI281 -> 0
A284: =ESTADISTICA!A282 -> SANTA ROSA | B284: =ESTADISTICA!B282 -> SRO19 (fija 2) | C284: =ESTADISTICA!C282 -> GRAN CANARIA Y BUDAPEST | D284: =ESTADISTICA!D282 -> Fija | E284: =ESTADISTICA!E282 -> Fibra Optica | F284: =ESTADISTICA!F282 -> 0 | G284: =ESTADISTICA!G282 -> 0 | H284: =ESTADISTICA!H282 -> 0 | ... AI284: =ESTADISTICA!AI282 -> 0
A285: =ESTADISTICA!A283 -> SAN RUDECINDO | B285: =ESTADISTICA!B283 -> SRU01 (fija 1) | C285: =ESTADISTICA!C283 -> HERNANDARIAS Y AMBATO | D285: =ESTADISTICA!D283 -> Fija | E285: =ESTADISTICA!E283 -> Fibra Optica | F285: =ESTADISTICA!F283 -> 0 | G285: =ESTADISTICA!G283 -> APAGADO | H285: =ESTADISTICA!H283 -> APAGADO | ... AI285: =ESTADISTICA!AI283 -> 0
A286: =ESTADISTICA!A284 -> SAN RUDECINDO | B286: =ESTADISTICA!B284 -> SRU02 (fija 2) | C286: =ESTADISTICA!C284 -> HERNANDARIAS Y AMBATO | D286: =ESTADISTICA!D284 -> Fija | E286: =ESTADISTICA!E284 -> Fibra Optica | F286: =ESTADISTICA!F284 -> 0 | G286: =ESTADISTICA!G284 -> APAGADO | H286: =ESTADISTICA!H284 -> APAGADO | ... AI286: =ESTADISTICA!AI284 -> 0
A287: =ESTADISTICA!A285 -> VILLA ANGELICA | B287: =ESTADISTICA!B285 -> VANG01 | C287: =ESTADISTICA!C285 -> Senzabello y Necochea | D287: =ESTADISTICA!D285 -> Domo | E287: =ESTADISTICA!E285 -> PTP A FO | F287: =ESTADISTICA!F285 -> 0 | G287: =ESTADISTICA!G285 -> 0 | H287: =ESTADISTICA!H285 -> 0 | ... AI287: =ESTADISTICA!AI285 -> 0
A288: =ESTADISTICA!A286 -> VILLA ANGELICA | B288: =ESTADISTICA!B286 -> VANG02 | C288: =ESTADISTICA!C286 -> Thevenet y Ruta 36 | D288: =ESTADISTICA!D286 -> Domo | E288: =ESTADISTICA!E286 -> Fibra Optica | F288: =ESTADISTICA!F286 -> 0 | G288: =ESTADISTICA!G286 -> 0 | H288: =ESTADISTICA!H286 -> 0 | ... AI288: =ESTADISTICA!AI286 -> 0
A289: =ESTADISTICA!A287 -> VILLA DEL PLATA | B289: =ESTADISTICA!B287 -> VANG03 | C289: =ESTADISTICA!C287 -> Thevenet 1950 | D289: =ESTADISTICA!D287 -> Domo | E289: =ESTADISTICA!E287 -> Fibra Optica | F289: =ESTADISTICA!F287 -> 0 | G289: =ESTADISTICA!G287 -> 0 | H289: =ESTADISTICA!H287 -> 0 | ... AI289: =ESTADISTICA!AI287 -> 0
A290: =ESTADISTICA!A288 -> VILLA ANGELICA | B290: =ESTADISTICA!B288 -> VANG04 | C290: =ESTADISTICA!C288 -> Storni e/Thevenet y Calle 158 | D290: =ESTADISTICA!D288 -> DOMO | E290: =ESTADISTICA!E288 -> Fibra Optica | F290: =ESTADISTICA!F288 -> 0 | G290: =ESTADISTICA!G288 -> 0 | H290: =ESTADISTICA!H288 -> 0 | ... AI290: =ESTADISTICA!AI288 -> 0
A291: =ESTADISTICA!A289 -> VILLA ANGELICA | B291: =ESTADISTICA!B289 -> VANG05 | C291: =ESTADISTICA!C289 -> Storni y Thevenet | D291: =ESTADISTICA!D289 -> Domo | E291: =ESTADISTICA!E289 -> Fibra Optica | F291: =ESTADISTICA!F289 -> 0 | G291: =ESTADISTICA!G289 -> 0 | H291: =ESTADISTICA!H289 -> 0 | ... AI291: =ESTADISTICA!AI289 -> 0
... A369: =ESTADISTICA!A367 -> 0 | B369: =ESTADISTICA!B367 -> ZEB04 | C369: =ESTADISTICA!C367 -> THEVENET Y DIAGONAL GRANADEROS | D369: =ESTADISTICA!D367 -> DOMO | E369: =ESTADISTICA!E367 -> Radio | F369: =ESTADISTICA!F367 -> 0 | G369: =ESTADISTICA!G367 -> 0 | H369: =ESTADISTICA!H367 -> 0 | ... AI369: =ESTADISTICA!AI367 -> 0

Sheet APAGADOS RADIO
C1: TOTAL RADIO | D1: =COUNTIFS(E4:E367,"=radio") -> 88
E2: APAGADOS | F2: =COUNTIFS(F4:F367, "=APAGADO",E4:E367,"=radio") -> 7 | G2: =COUNTIFS(G4:G367, "=APAGADO",E4:E367,"=radio") -> 8 | H2: =COUNTIFS(H4:H367, "=APAGADO",E4:E367,"=radio") -> 5 | I2: =COUNTIFS(I4:I367, "=APAGADO",E4:E367,"=radio") -> 7 | J2: =COUNTIFS(J4:J367, "=APAGADO",E4:E367,"=radio") -> 6 | K2: =COUNTIFS(K4:K367, "=APAGADO",E4:E367,"=radio") -> 9 | L2: =COUNTIFS(L4:L367, "=APAGADO",E4:E367,"=radio") -> 9 | M2: =COUNTIFS(M4:M367, "=APAGADO",E4:E367,"=radio") -> 7 | N2: =COUNTIFS(N4:N367, "=APAGADO",E4:E367,"=radio") -> 6 | O2: =COUNTIFS(O4:O367, "=APAGADO",E4:E367,"=radio") -> 7 | P2: =COUNTIFS(P4:P367, "=APAGADO",E4:E367,"=radio") -> 10 | Q2: =COUNTIFS(Q4:Q367, "=APAGADO",E4:E367,"=radio") -> 8 | R2: =COUNTIFS(R4:R367, "=APAGADO",E4:E367,"=radio") -> 8 | S2: =COUNTIFS(S4:S367, "=APAGADO",E4:E367,"=radio") -> 8 | T2: =COUNTIFS(T4:T367, "=APAGADO",E4:E367,"=radio") -> 8 | U2: =COUNTIFS(U4:U367, "=APAGADO",E4:E367,"=radio") -> 5 | V2: =COUNTIFS(V4:V367, "=APAGADO",E4:E367,"=radio") -> 0 | W2: =COUNTIFS(W4:W367, "=APAGADO",E4:E367,"=radio") -> 4 | X2: =COUNTIFS(X4:X367, "=APAGADO",E4:E367,"=radio") -> 0 | Y2: =COUNTIFS(Y4:Y367, "=APAGADO",E4:E367,"=radio") -> 0 | Z2: =COUNTIFS(Z4:Z367, "=APAGADO",E4:E367,"=radio") -> 0 | AA2: =COUNTIFS(AA4:AA367, "=APAGADO",E4:E367,"=radio") -> 0 | AB2: =COUNTIFS(AB4:AB367, "=APAGADO",E4:E367,"=radio") -> 0 | AC2: =COUNTIFS(AC4:AC367, "=APAGADO",E4:E367,"=radio") -> 0 | AD2: =COUNTIFS(AD4:AD367, "=APAGADO",E4:E367,"=radio") -> 0 | AE2: =COUNTIFS(AE4:AE367, "=APAGADO",E4:E367,"=radio") -> 0 | AF2: =COUNTIFS(AF4:AF367, "=APAGADO",E4:E367,"=radio") -> 0 | AG2: =COUNTIFS(AG4:AG367, "=APAGADO",E4:E367,"=radio") -> 0 | AH2: =COUNTIFS(AH4:AH367, "=APAGADO",E4:E367,"=radio") -> 0 | AI2: =COUNTIFS(AI4:AI367, "=APAGADO",E4:E367,"=radio") -> 0
A3: =ESTADISTICA!A1 -> Barrio | B3: =ESTADISTICA!B1 -> [Denominacion] | C3: =ESTADISTICA!C1 -> [Ubicacion] | D3: =ESTADISTICA!D1 -> [Tipo de Camara] | E3: =ESTADISTICA!E1 -> [Tipo de Conexion] | F3: =ESTADISTICA!F1 -> 44713 | G3: =ESTADISTICA!G1 -> 44714 | H3: =ESTADISTICA!H1 -> 44715 | ... AI3: =ESTADISTICA!AI1 -> 44742
A4: =ESTADISTICA!A2 -> PRESIDENTE PERON (PEPSI) | B4: =ESTADISTICA!B2 -> MAR 01 | C4: =ESTADISTICA!C2 -> RP36 Y LA ESMERALDA | D4: =ESTADISTICA!D2 -> DOMO | E4: =ESTADISTICA!E2 -> Fibra Optica | F4: =ESTADISTICA!F2 -> APAGADO | G4: =ESTADISTICA!G2 -> APAGADO | H4: =ESTADISTICA!H2 -> APAGADO | ... AI4: =ESTADISTICA!AI2 -> 0
A5: =ESTADISTICA!A3 -> MAYOL | B5: =ESTADISTICA!B3 -> MAY 01 | C5: =ESTADISTICA!C3 -> Eva Peron y Cabildo | D5: =ESTADISTICA!D3 -> Domo | E5: =ESTADISTICA!E3 -> Radio | F5: =ESTADISTICA!F3 -> 0 | G5: =ESTADISTICA!G3 -> 0 | H5: =ESTADISTICA!H3 -> 0 | ... AI5: =ESTADISTICA!AI3 -> 0
A6: =ESTADISTICA!A4 -> 0 | B6: =ESTADISTICA!B4 -> MAY 02 | C6: =ESTADISTICA!C4 -> EVA PERON Y MONTEVIDEO | D6: =ESTADISTICA!D4 -> Domo | E6: =ESTADISTICA!E4 -> Radio | F6: =ESTADISTICA!F4 -> APAGADO | G6: =ESTADISTICA!G4 -> APAGADO | H6: =ESTADISTICA!H4 -> APAGADO | ... AI6: =ESTADISTICA!AI4 -> 0
A7: =ESTADISTICA!A5 -> MAYOL | B7: =ESTADISTICA!B5 -> MAY 03 | C7: =ESTADISTICA!C5 -> CHAÑAR Y SAN NICOLAS | D7: =ESTADISTICA!D5 -> DOMO | E7: =ESTADISTICA!E5 -> PTP A FO | F7: =ESTADISTICA!F5 -> 0 | G7: =ESTADISTICA!G5 -> 0 | H7: =ESTADISTICA!H5 -> 0 | ... AI7: =ESTADISTICA!AI5 -> 0
A8: =ESTADISTICA!A6 -> 0 | B8: =ESTADISTICA!B6 -> MAY 04 | C8: =ESTADISTICA!C6 -> MAR CHIQUITA Y RIO JACHAL | D8: =ESTADISTICA!D6 -> DOMO | E8: =ESTADISTICA!E6 -> Radio | F8: =ESTADISTICA!F6 -> 0 | G8: =ESTADISTICA!G6 -> 0 | H8: =ESTADISTICA!H6 -> 0 | ... AI8: =ESTADISTICA!AI6 -> 0
A9: =ESTADISTICA!A7 -> ALTAMIRA | B9: =ESTADISTICA!B7 -> ALT06 | C9: =ESTADISTICA!C7 -> LOPE DE VEGA Y NECOCHEA | D9: =ESTADISTICA!D7 -> Domo | E9: =ESTADISTICA!E7 -> PTP A FO | F9: =ESTADISTICA!F7 -> 0 | G9: =ESTADISTICA!G7 -> 0 | H9: =ESTADISTICA!H7 -> 0 | ... AI9: =ESTADISTICA!AI7 -> 0
A10: =ESTADISTICA!A8 -> ALTAMIRA | B10: =ESTADISTICA!B8 -> ALT01 | C10: =ESTADISTICA!C8 -> Calchaqui y Sgto. Cabral | D10: =ESTADISTICA!D8 -> Domo | E10: =ESTADISTICA!E8 -> Fibra Optica | F10: =ESTADISTICA!F8 -> APAGADO | G10: =ESTADISTICA!G8 -> APAGADO | H10: =ESTADISTICA!H8 -> 0 | ... AI10: =ESTADISTICA!AI8 -> 0
A11: =ESTADISTICA!A9 -> ALTAMIRA | B11: =ESTADISTICA!B9 -> ALT02 | C11: =ESTADISTICA!C9 -> Calchaqui y Lope de Vega | D11: =ESTADISTICA!D9 -> Domo | E11: =ESTADISTICA!E9 -> PTP A FO | F11: =ESTADISTICA!F9 -> 0 | G11: =ESTADISTICA!G9 -> 0 | H11: =ESTADISTICA!H9 -> 0 | ... AI11: =ESTADISTICA!AI9 -> 0
A12: =ESTADISTICA!A10 -> ALTAMIRA | B12: =ESTADISTICA!B10 -> ALT03 | C12: =ESTADISTICA!C10 -> Bombero Galarza y Necochea | D12: =ESTADISTICA!D10 -> Domo | E12: =ESTADISTICA!E10 -> Fibra Optica | F12: =ESTADISTICA!F10 -> 0 | G12: =ESTADISTICA!G10 -> 0 | H12: =ESTADISTICA!H10 -> 0 | ... AI12: =ESTADISTICA!AI10 -> 0
A13: =ESTADISTICA!A11 -> 0 | B13: =ESTADISTICA!B11 -> ALT04 | C13: =ESTADISTICA!C11 -> Francia y Necochea | D13: =ESTADISTICA!D11 -> Domo | E13: =ESTADISTICA!E11 -> Fibra Optica | F13: =ESTADISTICA!F11 -> APAGADO | G13: =ESTADISTICA!G11 -> APAGADO | H13: =ESTADISTICA!H11 -> APAGADO | ... AI13: =ESTADISTICA!AI11 -> 0
A14: =ESTADISTICA!A12 -> ALTAMIRA | B14: =ESTADISTICA!B12 -> ALT05 | C14: =ESTADISTICA!C12 -> Av. Calchaqui y Bombero Galarza | D14: =ESTADISTICA!D12 -> Domo | E14: =ESTADISTICA!E12 -> PTP A FO | F14: =ESTADISTICA!F12 -> 0 | G14: =ESTADISTICA!G12 -> 0 | H14: =ESTADISTICA!H12 -> 0 | ... AI14: =ESTADISTICA!AI12 -> 0
... A278: =ESTADISTICA!A276 -> SANTA ROSA | B278: =ESTADISTICA!B276 -> SRO11 | C278: =ESTADISTICA!C276 -> MILAN Y MALLORCA | D278: =ESTADISTICA!D276 -> DOMO | E278: =ESTADISTICA!E276 -> Radio | F278: =ESTADISTICA!F276 -> 0 | G278: =ESTADISTICA!G276 -> 0 | H278: =ESTADISTICA!H276 -> 0 | ... AI278: =ESTADISTICA!AI276 -> 0
B279: =ESTADISTICA!B277 -> SRO12 | C279: =ESTADISTICA!C277 -> YUGOSLAVIA Y PAYSANDU | D279: =ESTADISTICA!D277 -> DOMO | E279: =ESTADISTICA!E277 -> Radio | F279: =ESTADISTICA!F277 -> 0 | G279: =ESTADISTICA!G277 -> 0 | H279: =ESTADISTICA!H277 -> 0 | I279: =ESTADISTICA!I277 -> 0 | ... AI279: =ESTADISTICA!AI277 -> 0
A280: =ESTADISTICA!A278 -> ZONA RURAL SANTA ROSA | B280: =ESTADISTICA!B278 -> SRO13 (fija 1) | C280: =ESTADISTICA!C278 -> BRUSELAS E/ GRECIA Y CHECOSLOVAQUIA | D280: =ESTADISTICA!D278 -> Fija | E280: =ESTADISTICA!E278 -> RADIO | F280: =ESTADISTICA!F278 -> 0 | G280: =ESTADISTICA!G278 -> 0 | H280: =ESTADISTICA!H278 -> 0 | ... AI280: =ESTADISTICA!AI278 -> 0
A281: =ESTADISTICA!A279 -> ZONA RURAL SANTA ROSA | B281: =ESTADISTICA!B279 -> SRO14 (fija 2) | C281: =ESTADISTICA!C279 -> BRUSELAS E/ GRECIA Y CHECOSLOVAQUIA | D281: =ESTADISTICA!D279 -> Fija | E281: =ESTADISTICA!E279 -> RADIO | F281: =ESTADISTICA!F279 -> 0 | G281: =ESTADISTICA!G279 -> APAGADO | H281: =ESTADISTICA!H279 -> 0 | ... AI281: =ESTADISTICA!AI279 -> 0
A282: =ESTADISTICA!A280 -> SANTA ROSA | B282: =ESTADISTICA!B280 -> SRO15 | C282: =ESTADISTICA!C280 -> NOVAK Y TIRANA (614) | D282: =ESTADISTICA!D280 -> DOMO | E282: =ESTADISTICA!E280 -> Fibra Optica | F282: =ESTADISTICA!F280 -> 0 | G282: =ESTADISTICA!G280 -> 0 | H282: =ESTADISTICA!H280 -> 0 | ... AI282: =ESTADISTICA!AI280 -> 0
A283: =ESTADISTICA!A281 -> SANTA ROSA | B283: =ESTADISTICA!B281 -> SRO18 (fija 1) | C283: =ESTADISTICA!C281 -> GRAN CANARIA Y BUDAPEST | D283: =ESTADISTICA!D281 -> Fija | E283: =ESTADISTICA!E281 -> Fibra Optica | F283: =ESTADISTICA!F281 -> 0 | G283: =ESTADISTICA!G281 -> 0 | H283: =ESTADISTICA!H281 -> 0 | ... AI283: =ESTADISTICA!AI281 -> 0
A284: =ESTADISTICA!A282 -> SANTA ROSA | B284: =ESTADISTICA!B282 -> SRO19 (fija 2) | C284: =ESTADISTICA!C282 -> GRAN CANARIA Y BUDAPEST | D284: =ESTADISTICA!D282 -> Fija | E284: =ESTADISTICA!E282 -> Fibra Optica | F284: =ESTADISTICA!F282 -> 0 | G284: =ESTADISTICA!G282 -> 0 | H284: =ESTADISTICA!H282 -> 0 | ... AI284: =ESTADISTICA!AI282 -> 0
A285: =ESTADISTICA!A283 -> SAN RUDECINDO | B285: =ESTADISTICA!B283 -> SRU01 (fija 1) | C285: =ESTADISTICA!C283 -> HERNANDARIAS Y AMBATO | D285: =ESTADISTICA!D283 -> Fija | E285: =ESTADISTICA!E283 -> Fibra Optica | F285: =ESTADISTICA!F283 -> 0 | G285: =ESTADISTICA!G283 -> APAGADO | H285: =ESTADISTICA!H283 -> APAGADO | ... AI285: =ESTADISTICA!AI283 -> 0
A286: =ESTADISTICA!A284 -> SAN RUDECINDO | B286: =ESTADISTICA!B284 -> SRU02 (fija 2) | C286: =ESTADISTICA!C284 -> HERNANDARIAS Y AMBATO | D286: =ESTADISTICA!D284 -> Fija | E286: =ESTADISTICA!E284 -> Fibra Optica | F286: =ESTADISTICA!F284 -> 0 | G286: =ESTADISTICA!G284 -> APAGADO | H286: =ESTADISTICA!H284 -> APAGADO | ... AI286: =ESTADISTICA!AI284 -> 0
A287: =ESTADISTICA!A285 -> VILLA ANGELICA | B287: =ESTADISTICA!B285 -> VANG01 | C287: =ESTADISTICA!C285 -> Senzabello y Necochea | D287: =ESTADISTICA!D285 -> Domo | E287: =ESTADISTICA!E285 -> PTP A FO | F287: =ESTADISTICA!F285 -> 0 | G287: =ESTADISTICA!G285 -> 0 | H287: =ESTADISTICA!H285 -> 0 | ... AI287: =ESTADISTICA!AI285 -> 0
A288: =ESTADISTICA!A286 -> VILLA ANGELICA | B288: =ESTADISTICA!B286 -> VANG02 | C288: =ESTADISTICA!C286 -> Thevenet y Ruta 36 | D288: =ESTADISTICA!D286 -> Domo | E288: =ESTADISTICA!E286 -> Fibra Optica | F288: =ESTADISTICA!F286 -> 0 | G288: =ESTADISTICA!G286 -> 0 | H288: =ESTADISTICA!H286 -> 0 | ... AI288: =ESTADISTICA!AI286 -> 0
A289: =ESTADISTICA!A287 -> VILLA DEL PLATA | B289: =ESTADISTICA!B287 -> VANG03 | C289: =ESTADISTICA!C287 -> Thevenet 1950 | D289: =ESTADISTICA!D287 -> Domo | E289: =ESTADISTICA!E287 -> Fibra Optica | F289: =ESTADISTICA!F287 -> 0 | G289: =ESTADISTICA!G287 -> 0 | H289: =ESTADISTICA!H287 -> 0 | ... AI289: =ESTADISTICA!AI287 -> 0
A290: =ESTADISTICA!A288 -> VILLA ANGELICA | B290: =ESTADISTICA!B288 -> VANG04 | C290: =ESTADISTICA!C288 -> Storni e/Thevenet y Calle 158 | D290: =ESTADISTICA!D288 -> DOMO | E290: =ESTADISTICA!E288 -> Fibra Optica | F290: =ESTADISTICA!F288 -> 0 | G290: =ESTADISTICA!G288 -> 0 | H290: =ESTADISTICA!H288 -> 0 | ... AI290: =ESTADISTICA!AI288 -> 0
A291: =ESTADISTICA!A289 -> VILLA ANGELICA | B291: =ESTADISTICA!B289 -> VANG05 | C291: =ESTADISTICA!C289 -> Storni y Thevenet | D291: =ESTADISTICA!D289 -> Domo | E291: =ESTADISTICA!E289 -> Fibra Optica | F291: =ESTADISTICA!F289 -> 0 | G291: =ESTADISTICA!G289 -> 0 | H291: =ESTADISTICA!H289 -> 0 | ... AI291: =ESTADISTICA!AI289 -> 0
... A369: =ESTADISTICA!A367 -> 0 | B369: =ESTADISTICA!B367 -> ZEB04 | C369: =ESTADISTICA!C367 -> THEVENET Y DIAGONAL GRANADEROS | D369: =ESTADISTICA!D367 -> DOMO | E369: =ESTADISTICA!E367 -> Radio | F369: =ESTADISTICA!F367 -> 0 | G369: =ESTADISTICA!G367 -> 0 | H369: =ESTADISTICA!H367 -> 0 | ... AI369: =ESTADISTICA!AI367 -> 0

Sheet BARRAS

Sheet GRAFICO2

Sheet PORCENTAJE

Sheet AUXILIAR
A1: FECHA | B1: RADIO | C1: FIBRA | D1: ANTENA | E1: TOTAL APAGADOS | F1: INSTALADAS | G1: % APAGADOS
A2: ='APAGADOS RADIO'!F3 -> 44713 | B2: ='APAGADOS RADIO'!F2+D2 -> 15 | C2: ='APAGADOS FIBRA'!F2 -> 56 | D2: ='APAGADOS ANTENA'!F2 -> 8 | E2: =B2+C2 -> 71 | F2: ='RESUMEN TOTAL'!C1 -> 375 | G2: =E2/F2 -> 0.18933333
A3: ='APAGADOS RADIO'!G3 -> 44714 | B3: ='APAGADOS RADIO'!G2+D3 -> 14 | C3: ='APAGADOS FIBRA'!G2 -> 74 | D3: ='APAGADOS ANTENA'!G2 -> 6 | E3: =B3+C3 -> 88 | F3: ='RESUMEN TOTAL'!C1 -> 375 | G3: =E3/F3 -> 0.23466667
A4: ='APAGADOS RADIO'!H3 -> 44715 | B4: ='APAGADOS RADIO'!H2+D4 -> 11 | C4: ='APAGADOS FIBRA'!H2 -> 72 | D4: ='APAGADOS ANTENA'!H2 -> 6 | E4: =B4+C4 -> 83 | F4: ='RESUMEN TOTAL'!C1 -> 375 | G4: =E4/F4 -> 0.22133333
A5: ='APAGADOS RADIO'!I3 -> 44716 | B5: ='APAGADOS RADIO'!I2+D5 -> 13 | C5: ='APAGADOS FIBRA'!I2 -> 55 | D5: ='APAGADOS ANTENA'!I2 -> 6 | E5: =B5+C5 -> 68 | F5: ='RESUMEN TOTAL'!C1 -> 375 | G5: =E5/F5 -> 0.18133333
A6: ='APAGADOS RADIO'!J3 -> 44717 | B6: ='APAGADOS RADIO'!J2+D6 -> 11 | C6: ='APAGADOS FIBRA'!J2 -> 54 | D6: ='APAGADOS ANTENA'!J2 -> 5 | E6: =B6+C6 -> 65 | F6: ='RESUMEN TOTAL'!C1 -> 375 | G6: =E6/F6 -> 0.17333333
A7: ='APAGADOS RADIO'!K3 -> 44718 | B7: ='APAGADOS RADIO'!K2+D7 -> 14 | C7: ='APAGADOS FIBRA'!K2 -> 49 | D7: ='APAGADOS ANTENA'!K2 -> 5 | E7: =B7+C7 -> 63 | F7: ='RESUMEN TOTAL'!C1 -> 375 | G7: =E7/F7 -> 0.168
A8: ='APAGADOS RADIO'!L3 -> 44719 | B8: ='APAGADOS RADIO'!L2+D8 -> 15 | C8: ='APAGADOS FIBRA'!L2 -> 47 | D8: ='APAGADOS ANTENA'!L2 -> 6 | E8: =B8+C8 -> 62 | F8: ='RESUMEN TOTAL'!C1 -> 375 | G8: =E8/F8 -> 0.16533333
A9: ='APAGADOS RADIO'!M3 -> 44720 | B9: ='APAGADOS RADIO'!M2+D9 -> 9 | C9: ='APAGADOS FIBRA'!M2 -> 35 | D9: ='APAGADOS ANTENA'!M2 -> 2 | E9: =B9+C9 -> 44 | F9: ='RESUMEN TOTAL'!C1 -> 375 | G9: =E9/F9 -> 0.11733333
A10: ='APAGADOS RADIO'!N3 -> 44721 | B10: ='APAGADOS RADIO'!N2+D10 -> 8 | C10: ='APAGADOS FIBRA'!N2 -> 27 | D10: ='APAGADOS ANTENA'!N2 -> 2 | E10: =B10+C10 -> 35 | F10: ='RESUMEN TOTAL'!C1 -> 375 | G10: =E10/F10 -> 0.093333333
A11: ='APAGADOS RADIO'!O3 -> 44722 | B11: ='APAGADOS RADIO'!O2+D11 -> 13 | C11: ='APAGADOS FIBRA'!O2 -> 38 | D11: ='APAGADOS ANTENA'!O2 -> 6 | E11: =B11+C11 -> 51 | F11: ='RESUMEN TOTAL'!C1 -> 375 | G11: =E11/F11 -> 0.136
A12: ='APAGADOS RADIO'!P3 -> 44723 | B12: ='APAGADOS RADIO'!P2+D12 -> 16 | C12: ='APAGADOS FIBRA'!P2 -> 37 | D12: ='APAGADOS ANTENA'!P2 -> 6 | E12: =B12+C12 -> 53 | F12: ='RESUMEN TOTAL'!C1 -> 375 | G12: =E12/F12 -> 0.14133333
A13: ='APAGADOS RADIO'!Q3 -> 44724 | B13: ='APAGADOS RADIO'!Q2+D13 -> 14 | C13: ='APAGADOS FIBRA'!Q2 -> 38 | D13: ='APAGADOS ANTENA'!Q2 -> 6 | E13: =B13+C13 -> 52 | F13: ='RESUMEN TOTAL'!C1 -> 375 | G13: =E13/F13 -> 0.13866667
A14: ='APAGADOS RADIO'!R3 -> 44725 | B14: ='APAGADOS RADIO'!R2+D14 -> 14 | C14: ='APAGADOS FIBRA'!R2 -> 41 | D14: ='APAGADOS ANTENA'!R2 -> 6 | E14: =B14+C14 -> 55 | F14: ='RESUMEN TOTAL'!C1 -> 375 | G14: =E14/F14 -> 0.14666667
A15: ='APAGADOS RADIO'!S3 -> 44726
A16: ='APAGADOS RADIO'!T3 -> 44727
A17: ='APAGADOS RADIO'!U3 -> 44728
A18: ='APAGADOS RADIO'!V3 -> 44729
A19: ='APAGADOS RADIO'!W3 -> 44730
A20: ='APAGADOS RADIO'!X3 -> 44731
A21: ='APAGADOS RADIO'!Y3 -> 44732
A22: ='APAGADOS RADIO'!Z3 -> 44733
A23: ='APAGADOS RADIO'!AA3 -> 44734
A24: ='APAGADOS RADIO'!AB3 -> 44735
A25: ='APAGADOS RADIO'!AC3 -> 44736
A26: ='APAGADOS RADIO'!AD3 -> 44737
A27: ='APAGADOS RADIO'!AE3 -> 44738
A28: ='APAGADOS RADIO'!AF3 -> 44739
A29: ='APAGADOS RADIO'!AG3 -> 44740
A30: ='APAGADOS RADIO'!AH3 -> 44741
A31: ='APAGADOS RADIO'!AI3 -> 44742

Sheet informe
B1: CANTIDAD | D1: %
A2: TOTAL | B2: 375 | E2: 44715
A3: CAIDAS | B3: 83 | C3: 83 | D3: =C3/B2 -> 0.22133333 | G3: CEN15 | H3: Alberdi y A.del Valle | I3: Domo | J3: Fibra Optica | K3: 172.20.10.35 | L3: Se llega por ping y no por web | M3: 44715
A4: LLEGAMOS NOSOTROS | B4: 4 | C4: =B3-B4 -> 79 | D4: =C4/B2 -> 0.21066667 | G4: PUNTO SEGURO - SANTA ROSA (domo) | H4: BRUSELAS Y SICILIA | I4: DOMO | J4: Fibra Optica | K4: 172.20.12.145 | L4: Se llega por ping y por web (DAHUA)
A5: NO ESTA LA CAMARA | B5: 3 | C5: =C4-B5 -> 76 | D5: =C5/B2 -> 0.20266667 | G5: PUNTO SEGURO - SANTA ROSA (fija) | H5: BRUSELAS Y SICILIA | I5: Fija | J5: Fibra Optica | K5: 172.20.12.146 | L5: Se llega por ping y por web (DAHUA)
A6: RADIO | B6: 5 | C6: =C5-B6 -> 71 | D6: =C6/B2 -> 0.18933333 | G6: PSAR02 (fija 2) | H6: DARDO ROCHA Y GABRIELA MISTRAL | I6: Fija | J6: Fibra Optica | K6: 172.20.11.185 | L6: Se llega por ping y por we pide login
A7: TOTAL | B7: 375 | E7: 44718
A8: CAIDAS | B8: 63 | C8: 83 | D8: =C8/B7 -> 0.22133333 | G8: CEN15 | H8: Alberdi y A.del Valle | I8: Domo | J8: Fibra Optica | K8: 172.20.10.35 | L8: Se llega por ping y no por web | M8: 44718
A9: LLEGAMOS NOSOTROS | B9: 5 | C9: =B8-B9 -> 58 | D9: =C9/B7 -> 0.15466667 | G9: Punto Seguro - San Jorge (Domo) | H9: CALLE 523 E/ 554 Y 556 | I9: DOMO | J9: PTP A FO | K9: 172.20.12.101 | L9: Se llega por ping y por web (DAHUA)
A10: NO ESTA LA CAMARA | B10: 3 | C10: =C9-B10 -> 55 | D10: =C10/B7 -> 0.14666667 | G10: PUNTO SEGURO - SANTA ROSA (domo) | H10: BRUSELAS Y SICILIA | I10: DOMO | J10: Fibra Optica | K10: 172.20.12.145 | L10: Se llega por ping y por web (DAHUA)
A11: RADIO | B11: 9 | C11: =C10-B11 -> 46 | D11: =C11/B7 -> 0.12266667 | G11: PUNTO SEGURO - SANTA ROSA (fija) | H11: BRUSELAS Y SICILIA | I11: Fija | J11: Fibra Optica | K11: 172.20.12.146 | L11: Se llega por ping y por web (DAHUA)
A12: TOTAL | B12: 375 | E12: 44719 | G12: PSAR02 (fija 2) | H12: DARDO ROCHA Y GABRIELA MISTRAL | I12: Fija | J12: Fibra Optica | K12: 172.20.11.185 | L12: Se llega por ping y por we pide login
A13: CAIDAS | B13: 62 | C13: 62 | D13: =C13/B12 -> 0.16533333
A14: LLEGAMOS NOSOTROS | B14: 6 | C14: =B13-B14 -> 56 | D14: =C14/B12 -> 0.14933333
A15: NO ESTA LA CAMARA | B15: 3 | C15: =C14-B15 -> 53 | D15: =C15/B12 -> 0.14133333
A16: RADIO | B16: 9 | C16: =C15-B16 -> 44 | D16: =C16/B12 -> 0.11733333 | G16: CEN15 | H16: Alberdi y A.del Valle | I16: Domo | J16: Fibra Optica | K16: 172.20.10.35 | L16: Se llega por ping y no por web | M16: 44719
A17: TOTAL | B17: 375 | E17: 44720 | G17: Punto Seguro - San Jorge (Domo) | H17: CALLE 523 E/ 554 Y 556 | I17: DOMO | J17: PTP A FO | K17: 172.20.12.101 | L17: Se llega por ping y por web (DAHUA)
A18: CAIDAS | B18: 44 | C18: 44 | D18: =C18/B17 -> 0.11733333 | G18: PUNTO SEGURO - SANTA ROSA (domo) | H18: BRUSELAS Y SICILIA | I18: DOMO | J18: Fibra Optica | K18: 172.20.12.145 | L18: Se llega por ping y por web (DAHUA)
A19: LLEGAMOS NOSOTROS | B19: 6 | C19: =B18-B19 -> 38 | D19: =C19/B17 -> 0.10133333 | G19: PUNTO SEGURO - SANTA ROSA (fija) | H19: BRUSELAS Y SICILIA | I19: Fija | J19: Fibra Optica | K19: 172.20.12.146 | L19: Se llega por ping y por web (DAHUA)
A20: NO ESTA LA CAMARA | B20: 3 | C20: =C19-B20 -> 35 | D20: =C20/B17 -> 0.093333333 | G20: PSAR02 (fija 2) | H20: DARDO ROCHA Y GABRIELA MISTRAL | I20: Fija | J20: Fibra Optica | K20: 172.20.11.185 | L20: Se llega por ping y por we pide login
A21: RADIO | B21: 7 | C21: =C20-B21 -> 28 | D21: =C21/B17 -> 0.074666667 | G21: CEN65 | H21: SAN MARTIN Y JUAN PERON | I21: FIJA | J21: Fibra Optica | K21: 172.20.11.87 | L21: Se llega por ping y por we pide login
A22: TOTAL | B22: 375 | E22: 44722
A23: CAIDAS | B23: 51 | C23: 51 | D23: =C23/B22 -> 0.136
A24: LLEGAMOS NOSOTROS | B24: 7 | C24: =B23-B24 -> 44 | D24: =C24/B22 -> 0.11733333 | G24: CEN15 | H24: Alberdi y A.del Valle | I24: Domo | J24: Fibra Optica | K24: 172.20.10.35 | L24: Se llega por ping y no por web | M24: 44720
A25: NO ESTA LA CAMARA | B25: 3 | C25: =C24-B25 -> 41 | D25: =C25/B22 -> 0.10933333 | G25: CEN65 | H25: SAN MARTIN Y JUAN PERON | I25: FIJA | J25: Fibra Optica | K25: 172.20.11.87 | L25: Se llega por ping y por web pide login
A26: RADIO | B26: 7 | C26: =C25-B26 -> 34 | D26: =C26/B22 -> 0.090666667 | G26: Punto Seguro - San Jorge (Domo) | H26: CALLE 523 E/ 554 Y 556 | I26: DOMO | J26: PTP A FO | K26: 172.20.12.101 | L26: Se llega por ping y por web (DAHUA)
G27: PUNTO SEGURO - SANTA ROSA (domo) | H27: BRUSELAS Y SICILIA | I27: DOMO | J27: Fibra Optica | K27: 172.20.12.145 | L27: Se llega por ping y por web (DAHUA)
G28: PUNTO SEGURO - SANTA ROSA (fija) | H28: BRUSELAS Y SICILIA | I28: Fija | J28: Fibra Optica | K28: 172.20.12.146 | L28: Se llega por ping y por web (DAHUA)
G29: PSAR02 (fija 2) | H29: DARDO ROCHA Y GABRIELA MISTRAL | I29: Fija | J29: Fibra Optica | K29: 172.20.11.185 | L29: Se llega por ping y por we pide login
G32: ALT03 | H32: Bombero Galarza y Necochea | I32: Domo | J32: Fibra Optica | K32: 172.20.12.54 | L32: Se llega por pin y por web
G33: CEN65 | H33: SAN MARTIN Y JUAN PERON | I33: FIJA | J33: Fibra Optica | K33: 172.20.11.87 | L33: Se llega por ping y por web pide login
G34: ESM05 | H34: Aniceto Diaz y Villar | I34: Domo | J34: Fibra Optica | K34: 172.20.12.48 | L34: Se llega por ping
G35: Punto Seguro - San Jorge (Domo) | H35: CALLE 523 E/ 554 Y 556 | I35: DOMO | J35: PTP A FO | K35: 172.20.12.101 | L35: Se llega por ping y por web (DAHUA)
G36: PUNTO SEGURO - SANTA ROSA (domo) | H36: BRUSELAS Y SICILIA | I36: DOMO | J36: Fibra Optica | K36: 172.20.12.145 | L36: Se llega por ping y por web (DAHUA)
G37: PUNTO SEGURO - SANTA ROSA (fija) | H37: BRUSELAS Y SICILIA | I37: Fija | J37: Fibra Optica | K37: 172.20.12.146 | L37: Se llega por ping y por web (DAHUA)
G38: PSAR02 (fija 2) | H38: DARDO ROCHA Y GABRIELA MISTRAL | I38: Fija | J38: Fibra Optica | K38: 172.20.11.185 | L38: Se llega por ping y por we pide login
