Workbook
Name _25_de_agosto: 'RESUMEN TOTAL'!$A$4:$D$349

Sheet RESUMEN TOTAL
A1: CANTIDAD DE CAMARAS | B1: =COUNTA(B5:B527) -> 392 | D1: PORCIENTO DE CAIDAS | O1: =(O3)/(O2+O3) -> 0.093333333 | P1: =(P3)/(P2+P3) -> 0.088 | Q1: =(Q3)/(Q2+Q3) -> 0.096 | R1: =(R3)/(R2+R3) -> 0.10666667 | S1: =(S3)/(S2+S3) -> 0.085561497 | T1: =(T3)/(T2+T3) -> 0 | U1: =(U3)/(U2+U3) -> 0.152 | V1: =(V3)/(V2+V3) -> 0.128 | ... AS1: =(AS3)/(AS2+AS3) -> 0
D2: FUNCIONAN | O2: =COUNTIF(O5:O379, "") -> 340 | P2: =COUNTIF(P5:P379, "") -> 342 | Q2: =COUNTIF(Q5:Q379, "") -> 339 | R2: =COUNTIF(R5:R379, "") -> 335 | S2: =COUNTIF(S5:S379, "") -> 342 | T2: =COUNTIF(T5:T379, "") -> 375 | U2: =COUNTIF(U5:U379, "") -> 318 | V2: =COUNTIF(V5:V379, "") -> 327 | ... AS2: =COUNTIF(AS5:AS379, "") -> 375
D3: CAIDAS | O3: =COUNTIF(O4:O447, "apagado") -> 35 | P3: =COUNTIF(P4:P447, "apagado") -> 33 | Q3: =COUNTIF(Q4:Q447, "apagado") -> 36 | R3: =COUNTIF(R4:R447, "apagado") -> 40 | S3: =COUNTIF(S4:S447, "apagado") -> 32 | T3: =COUNTIF(T4:T447, "apagado") -> 0 | U3: =COUNTIF(U4:U447, "apagado") -> 57 | V3: =COUNTIF(V4:V447, "apagado") -> 48 | ... AS3: =COUNTIF(AS4:AS447, "apagado") -> 0
A4: Barrio | B4: [Denominacion] | C4: [Empresa Mantenimiento] | D4: [Ubicacion] | E4: [Tipo de Camara] | F4: [Tipo de Conexion] | G4: [Fundamento] | H4: [Detalle] | I4: Latitud | J4: Longitud | L4: DIAS FUNCIONANDO | M4: DIAS CAIDA | N4: EFECTIVIDAD | O4: 44743 | P4: 44744 | Q4: 44745 | R4: 44746 | S4: 44747 | T4: 44748 | U4: 44749 | V4: 44750 | W4: 44751 | X4: 44752 | Y4: 44753 | Z4: 44754 | AA4: 44755 | AB4: 44756 | AC4: 44757 | AD4: 44758 | AE4: 44759 | AF4: 44760 | AG4: 44761 | AH4: 44762 | AI4: 44763 | AJ4: 44764 | AK4: 44765 | AL4: 44766 | AM4: 44767 | AN4: 44768 | AO4: 44769 | AP4: 44770 | AQ4: 44771 | AR4: 44772 | AS4: 44773
A5: ALTAMIRA | B5: ALT 03 | C5: BONOMO | D5: Bombero Galarza y Necochea | E5: Domo | F5: FIBRA OPTICA | G5: Hospital, Limite del Partido | I5: -347726570000 | J5: -582730620000 | K5: 172.20.12.54 | L5: =COUNTIF(O5:AR5,"") -> 29 | M5: =COUNTIF(O5:AP5,"APAGADO") -> 1 | N5: =(L5)/(M5+L5) -> 0.96666667 | AE5: APAGADO
A6: ALTAMIRA | B6: ALT 04 | C6: BONOMO | D6: Francia y Necochea | E6: Domo | F6: FIBRA OPTICA | G6: Zona RecreaciÃ³n | I6: -347705420000 | J6: -582748000000 | K6: 172.20.12.55 | L6: =COUNTIF(O6:AR6,"") -> 30 | M6: =COUNTIF(O6:AP6,"APAGADO") -> 0 | N6: =(L6)/(M6+L6) -> 1
A7: ALTAMIRA | B7: ALT 06 | C7: BONOMO | D7: LOPE DE VEGA Y NECOCHEA | E7: Domo | F7: PTO A FO | H7: Instalada sin alta en sistema. ALTA en sistema y en funcionamiento 04/05/2020 | I7: -347738090000 | J7: -582721410000 | K7: 172.20.12.12 | L7: =COUNTIF(O7:AR7,"") -> 11 | M7: =COUNTIF(O7:AP7,"APAGADO") -> 19 | N7: =(L7)/(M7+L7) -> 0.36666667 | O7: APAGADO | P7: APAGADO | Q7: APAGADO | R7: APAGADO | S7: APAGADO | U7: APAGADO | V7: APAGADO | W7: APAGADO | X7: APAGADO | Y7: APAGADO | Z7: APAGADO | AA7: APAGADO | AB7: APAGADO | AC7: APAGADO | AD7: APAGADO | AE7: APAGADO | AF7: APAGADO | AG7: APAGADO | AH7: APAGADO
A8: ALTAMIRA | B8: ALT 08 | C8: BONOMO | D8: HUMAITA Y NECOCHEA | E8: DOMO | F8: Fibra Optica | H8: REPORTA IMAGENES 20/08/2021 | I8: -347749440000 | J8: -582711610000 | K8: 172.20.11.215 | L8: =COUNTIF(O8:AR8,"") -> 29 | M8: =COUNTIF(O8:AP8,"APAGADO") -> 1 | N8: =(L8)/(M8+L8) -> 0.96666667 | Y8: APAGADO
A9: ALTAMIRA | B9: ALT 09 | C9: BONOMO | D9: NECOCHEA Y CURUPAITY | E9: DOMO | F9: Fibra Optica | H9: SE DA DE ALTA 25/08/2021 | I9: -347743740000 | J9: -582715650000 | K9: 172.20.11.216 | L9: =COUNTIF(O9:AR9,"") -> 30 | M9: =COUNTIF(O9:AP9,"APAGADO") -> 0 | N9: =(L9)/(M9+L9) -> 1
A10: ALTAMIRA | B10: ALT 10 | C10: BONOMO | D10: Calchaqui y Francia | E10: Domo | F10: Radio | G10: Flujo Vehicular, Limite del Partido, Posible Via de Escape | I10: -347688500000 | J10: -582717420000 | L10: =COUNTIF(O10:AR10,"") -> 25 | M10: =COUNTIF(O10:AP10,"APAGADO") -> 5 | N10: =(L10)/(M10+L10) -> 0.83333333 | U10: APAGADO | V10: APAGADO | Z10: APAGADO | AA10: APAGADO | AB10: APAGADO
A11: ALTAMIRA | B11: ALT01 | C11: BONOMO | D11: Calchaqui y Sgto. Cabral | E11: Domo | F11: Fibra Optica | G11: Universidad, Zona Bancaria, Flujo Vehicular, Posible Via de Escape | I11: -347769580000 | J11: -582650900000 | K11: 172.20.10.6 | L11: =COUNTIF(O11:AR11,"") -> 30 | M11: =COUNTIF(O11:AP11,"APAGADO") -> 0 | N11: =(L11)/(M11+L11) -> 1
A12: ALTAMIRA | B12: ALT02 | C12: BONOMO | D12: Calchaqui y Lope de Vega | E12: Domo | F12: PTO A FO | G12: Hospital, Flujo Vehicular, Peatonal | I12: -347718470000 | J12: -582688560000 | K12: 172.20.12.218 | L12: =COUNTIF(O12:AR12,"") -> 30 | M12: =COUNTIF(O12:AP12,"APAGADO") -> 0 | N12: =(L12)/(M12+L12) -> 1
A13: ALTAMIRA | B13: ALT05 | C13: BONOMO | D13: Av. Calchaqui y Bombero Galarza | E13: Domo | F13: PTO A FO | G13: Zona Bancaria, Flujo Vehicular, Posible via de escape, Limite del partido | I13: -347708370000 | J13: -582698000000 | K13: 172.20.12.216 | L13: =COUNTIF(O13:AR13,"") -> 28 | M13: =COUNTIF(O13:AP13,"APAGADO") -> 2 | N13: =(L13)/(M13+L13) -> 0.93333333 | U13: APAGADO | V13: APAGADO
A14: ALTAMIRA | B14: ALT07 | C14: BONOMO | D14: AV. CALCHAQUI Y AV. DEL TRABAJO | E14: DOMO | F14: PTO A FO | H14: SE DA DE ALTA EL 17/09/2020 18:51HS | I14: -347737570000 | J14: -582676650000 | K14: 172.20.10.57 | L14: =COUNTIF(O14:AR14,"") -> 28 | M14: =COUNTIF(O14:AP14,"APAGADO") -> 2 | N14: =(L14)/(M14+L14) -> 0.93333333 | U14: APAGADO | V14: APAGADO
A15: AGUSTIN RAMIREZ | B15: ARA 01 | D15: Malambo y Tranquera | E15: Domo | F15: FIBRA OPTICA | G15: Zona Escolar, Flujo Vehicular | I15: -347979380000 | J15: -583160950000 | K15: 172.20.12.110 | L15: =COUNTIF(O15:AR15,"") -> 30 | M15: =COUNTIF(O15:AP15,"APAGADO") -> 0 | N15: =(L15)/(M15+L15) -> 1
A16: BELGRANO | B16: BEL 01 | C16: BONOMO | D16: San Martin y Dardo Rocha | E16: DOMO | F16: FIBRA OPTICA | G16: Zona Escolar, Flujo Vehicular | H16: 19/03/2020 SE RETIRO DISPOSITIVO POR RIESGO DE CAIDA. 19/08/2020 comenzo a funcionar. | I16: -347918370000 | J16: -582786080000 | K16: 172.20.12.64 | L16: =COUNTIF(O16:AR16,"") -> 30 | M16: =COUNTIF(O16:AP16,"APAGADO") -> 0 | N16: =(L16)/(M16+L16) -> 1
A17: CENTRO | B17: CEN 05 | D17: Bocuzzi e/EspaÃ±a y San Martin | E17: DOMO | F17: Fibra Optica | G17: Zona Bancaria, Flujo Vehicular | H17: 03/01/19 se realizo cambio de dispositivo de fija a DOMO. | I17: -348100680000 | J17: -582769560000 | K17: 172.20.10.200 | L17: =COUNTIF(O17:AR17,"") -> 28 | M17: =COUNTIF(O17:AP17,"APAGADO") -> 2 | N17: =(L17)/(M17+L17) -> 0.93333333 | U17: APAGADO | V17: APAGADO
A18: CENTRO | B18: CEN 12 | D18: Monteagudo y Mitre | E18: Domo | F18: Fibra Optica | G18: Zona Comercial, Zona Bancaria, Peatonal | I18: -348088700000 | J18: -582747030000 | K18: 172.20.10.23 | L18: =COUNTIF(O18:AR18,"") -> 28 | M18: =COUNTIF(O18:AP18,"APAGADO") -> 2 | N18: =(L18)/(M18+L18) -> 0.93333333 | U18: APAGADO | V18: APAGADO
A19: CENTRO | B19: CEN 13 | D19: 25 de Mayo y Maipu | E19: DOMO | F19: Fibra Optica | G19: Zona Escolar, Zona de RecreaciÃ³n | I19: -348050030000 | J19: -582802180000 | K19: 172.20.10.20 | L19: =COUNTIF(O19:AR19,"") -> 30 | M19: =COUNTIF(O19:AP19,"APAGADO") -> 0 | N19: =(L19)/(M19+L19) -> 1
A20: CENTRO | B20: CEN 37 | C20: BONOMO | D20: Diagonal Granaderos y Monteagudo | E20: Domo | F20: Fibra Optica | G20: Zona de Recreacion | I20: -347974350000 | J20: -582751320000 | K20: 172.20.12.52 | L20: =COUNTIF(O20:AR20,"") -> 30 | M20: =COUNTIF(O20:AP20,"APAGADO") -> 0 | N20: =(L20)/(M20+L20) -> 1
A21: CENTRO | B21: CEN 50 | D21: Av. San Martin y Newbery | E21: Domo | F21: Radio | G21: Flujo Vehicular, Zona Comercial,Vecindad con establecimiento educativo, Futuro corredor escolar | H21: PIXELADA Y CAIDA FRECUENTE | I21: -348070120000 | J21: -582783830000 | K21: 172.20.200.184 | L21: =COUNTIF(O21:AR21,"") -> 28 | M21: =COUNTIF(O21:AP21,"APAGADO") -> 2 | N21: =(L21)/(M21+L21) -> 0.93333333 | W21: APAGADO | X21: APAGADO
A22: CENTRO | B22: CEN 51 | C22: BONOMO | D22: ILLIA Y LAS HERAS | E22: FIJA | F22: Fibra Optica | G22: POSIBLE VIA DE ESCAPE, Y FLUJO VEHICULAR | I22: -347987830000 | J22: -582840920000 | K22: 172.20.11.29 | L22: =COUNTIF(O22:AR22,"") -> 30 | M22: =COUNTIF(O22:AP22,"APAGADO") -> 0 | N22: =(L22)/(M22+L22) -> 1
A23: CENTRO | B23: CEN 53 | C23: BONOMO | D23: GUTIERREZ Y BROWN | E23: Domo | F23: Radio | I23: -348013650000 | J23: -582715700000 | K23: 172.20.200.166 | L23: =COUNTIF(O23:AR23,"") -> 30 | M23: =COUNTIF(O23:AP23,"APAGADO") -> 0 | N23: =(L23)/(M23+L23) -> 1
A24: CENTRO | B24: CEN 54 | C24: BONOMO | D24: GUTIERREZ Y PRINGLES | E24: Domo | F24: Radio | I24: -348013470000 | J24: -582698540000 | K24: 172.20.200.165 | L24: =COUNTIF(O24:AR24,"") -> 30 | M24: =COUNTIF(O24:AP24,"APAGADO") -> 0 | N24: =(L24)/(M24+L24) -> 1
A25: CENTRO | B25: CEN 55 | D25: BOUREL Y URQUIZA | E25: Domo | F25: Radio | I25: -348019110000 | J25: -582819990000 | K25: 172.20.200.163 | L25: =COUNTIF(O25:AR25,"") -> 30 | M25: =COUNTIF(O25:AP25,"APAGADO") -> 0 | N25: =(L25)/(M25+L25) -> 1
A26: CENTRO | B26: CEN 56 | D26: Newbery y Falucho | E26: DOMO | F26: Radio | G26: Posible via de escape, Cruce Peligroso | I26: -348073990000 | J26: -582850080000 | K26: 172.20.200.161 | L26: =COUNTIF(O26:AR26,"") -> 30 | M26: =COUNTIF(O26:AP26,"APAGADO") -> 0 | N26: =(L26)/(M26+L26) -> 1
A27: CENTRO | B27: CEN 57 | C27: BONOMO | D27: 25 DE MAYO Y DORREGO | E27: DOMO | F27: Radio | I27: -348007360000 | J27: -582804240000 | K27: 172.20.200.199 | L27: =COUNTIF(O27:AR27,"") -> 30 | M27: =COUNTIF(O27:AP27,"APAGADO") -> 0 | N27: =(L27)/(M27+L27) -> 1
A28: CENTRO | B28: CEN 58 | D28: EEUU Y MORENO | E28: DOMO | F28: FIBRA OPTICA | H28: INSTALADA: 11/06/18. EN FUNCIONAMIENTO: 27/06/18. | I28: -348103030000 | J28: -582835720000 | K28: 172.20.11.84 | L28: =COUNTIF(O28:AR28,"") -> 30 | M28: =COUNTIF(O28:AP28,"APAGADO") -> 0 | N28: =(L28)/(M28+L28) -> 1
A29: CENTRO | B29: CEN 60 | C29: BONOMO | D29: RECONQUISTA Y ILLIA | E29: DOMO | F29: PTO A FO | H29: ALTA 26/10/2019 | I29: -347999170000 | J29: -582863530000 | K29: 172.20.12.67 | L29: =COUNTIF(O29:AR29,"") -> 30 | M29: =COUNTIF(O29:AP29,"APAGADO") -> 0 | N29: =(L29)/(M29+L29) -> 1
A30: CENTRO | B30: CEN 61 | D30: BOUREL Y MAIPU | E30: DOMO | F30: Radio | H30: ALTA EN FUNCIONAMIENTO 12/04/2019 | I30: -348040550000 | J30: -582819380000 | K30: 172.20.200.159 | L30: =COUNTIF(O30:AR30,"") -> 30 | M30: =COUNTIF(O30:AP30,"APAGADO") -> 0 | N30: =(L30)/(M30+L30) -> 1
A31: CENTRO | B31: CEN 65 | C31: BONOMO | D31: SAN MARTIN Y JUAN PERON | E31: FIJA | F31: Fibra Optica | H31: EN FUNCIONAMIENTO 14/07/2021 | I31: -348107920000 | J31: -582777490000 | K31: 172.20.11.135 | L31: =COUNTIF(O31:AR31,"") -> 30 | M31: =COUNTIF(O31:AP31,"APAGADO") -> 0 | N31: =(L31)/(M31+L31) -> 1
A32: CENTRO | B32: CEN 70 | D32: RIVADAVIA Y 25 MAYO | E32: Domo | F32: Fibra Optica | H32: alta en sistema 25/11/2021 | I32: -348091950000 | J32: -582800930000 | K32: 172.20.11.221 | L32: =COUNTIF(O32:AR32,"") -> 30 | M32: =COUNTIF(O32:AP32,"APAGADO") -> 0 | N32: =(L32)/(M32+L32) -> 1
A33: CENTRO | B33: CEN 71 | C33: BONOMO | D33: MORENO Y BOUREL | E33: Domo | F33: Fibra Optica | H33: alta en sistema 25/11/2021 | I33: -348103130000 | J33: -582818230000 | K33: 172.20.11.220 | L33: =COUNTIF(O33:AR33,"") -> 30 | M33: =COUNTIF(O33:AP33,"APAGADO") -> 0 | N33: =(L33)/(M33+L33) -> 1
A34: CENTRO | B34: CEN 72 | C34: BONOMO | D34: MORENO Y 25 DE MAYO | E34: Domo | F34: Fibra Optica | H34: ALTA EN SISTEMA 25/11/2021 | I34: -348102250000 | J34: -582800780000 | K34: 172.20.11.219 | L34: =COUNTIF(O34:AR34,"") -> 28 | M34: =COUNTIF(O34:AP34,"APAGADO") -> 2 | N34: =(L34)/(M34+L34) -> 0.93333333 | AH34: APAGADO | AI34: APAGADO
A35: CENTRO | B35: CEN 75 | C35: BONOMO | D35: 25 DE MAYO Y CASTELLI | E35: Domo | F35: Fibra Optica | I35: -348029280000 | J35: -582802660000 | L35: =COUNTIF(O35:AR35,"") -> 30 | M35: =COUNTIF(O35:AP35,"APAGADO") -> 0 | N35: =(L35)/(M35+L35) -> 1
A36: CENTRO | B36: CEN 76 | D36: ESPAÃ‘A E/MITRE Y BOCUZZI | E36: Fija | F36: Fibra Optica | I36: -348093870000 | J36: -582762530000 | L36: =COUNTIF(O36:AR36,"") -> 13 | M36: =COUNTIF(O36:AP36,"APAGADO") -> 17 | N36: =(L36)/(M36+L36) -> 0.43333333 | P36: APAGADO | Q36: APAGADO | R36: APAGADO | S36: APAGADO | U36: APAGADO | V36: APAGADO | W36: APAGADO | X36: APAGADO | Y36: APAGADO | Z36: APAGADO | AA36: APAGADO | AB36: APAGADO | AC36: APAGADO | AD36: APAGADO | AE36: APAGADO | AF36: APAGADO | AG36: APAGADO
A37: CENTRO | B37: CEN01 | C37: BONOMO | D37: San Martin y 9 de Julio | E37: Fija | F37: Fibra Optica | G37: Zona Comercial, Flujo Vehicular | I37: -348028100000 | J37: -582782860000 | K37: 172.20.11.10 | L37: =COUNTIF(O37:AR37,"") -> 30 | M37: =COUNTIF(O37:AP37,"APAGADO") -> 0 | N37: =(L37)/(M37+L37) -> 1
A38: CENTRO | B38: CEN02 | C38: BONOMO | D38: San Martin y Almafuerte | E38: Fija | F38: Fibra Optica | G38: Bomberos, Flujo Vehicular, Zona Comercial | I38: -348006070000 | J38: -582784580000 | K38: 172.20.11.11 | L38: =COUNTIF(O38:AR38,"") -> 30 | M38: =COUNTIF(O38:AP38,"APAGADO") -> 0 | N38: =(L38)/(M38+L38) -> 1
A39: CENTRO | B39: CEN03 | D39: San Martin y Sallares | E39: Domo | F39: Fibra Optica | G39: Zona Comercial, Flujo Vehicular | H39: 29/03/19 FUNCIONA EN COD 1 | I39: -348080340000 | J39: -582780930000 | K39: 172.20.12.30 | L39: =COUNTIF(O39:AR39,"") -> 30 | M39: =COUNTIF(O39:AP39,"APAGADO") -> 0 | N39: =(L39)/(M39+L39) -> 1
A40: CENTRO | B40: CEN04 | D40: San Martin y Contreras | E40: Domo | F40: Fibra Optica | G40: Zona de recreaciÃ³n, Flujo vehicular | I40: -348049240000 | J40: -582781680000 | K40: 172.20.12.29 | L40: =COUNTIF(O40:AR40,"") -> 30 | M40: =COUNTIF(O40:AP40,"APAGADO") -> 0 | N40: =(L40)/(M40+L40) -> 1
A41: CENTRO | B41: CEN06 | D41: Monteagudo y A.del Valle | E41: Fija | F41: Fibra Optica | G41: Zona Bancaria | I41: -348057170000 | J41: -582748750000 | K41: 172.20.10.02 | L41: =COUNTIF(O41:AR41,"") -> 30 | M41: =COUNTIF(O41:AP41,"APAGADO") -> 0 | N41: =(L41)/(M41+L41) -> 1
A42: CENTRO | B42: CEN07 | D42: San Martin y GÃ¼emes | E42: DOMO | F42: Fibra Optica | G42: Zona de Recreacion | H42: FIBRA OPTICA CORTADA. 28/06/19 SE RETIRO EL DISPOSITIVO POR RIESGO DE CAIDA. 15/05/2020 en funcionamiento. | I42: -347959820000 | J42: -582787950000 | K42: 172.20.11.20 | L42: =COUNTIF(O42:AR42,"") -> 30 | M42: =COUNTIF(O42:AP42,"APAGADO") -> 0 | N42: =(L42)/(M42+L42) -> 1
A43: CENTRO | B43: CEN08 | D43: San Martin y Pte.PerÃ³n | E43: Domo | F43: Fibra Optica | G43: Paso Nivel, Paso Peatonal, Zona Bancaria, Flujo Vehicular | I43: -348108520000 | J43: -582778140000 | K43: 172.20.11.21 | L43: =COUNTIF(O43:AR43,"") -> 30 | M43: =COUNTIF(O43:AP43,"APAGADO") -> 0 | N43: =(L43)/(M43+L43) -> 1
A44: CENTRO | B44: CEN09 | D44: Chacabuco y 25 de Mayo | E44: Domo | F44: Fibra Optica | G44: Zona Escolar, Zona de RecreaciÃ³n | I44: -348039640000 | J44: -582803250000 | K44: 172.20.11.22 | L44: =COUNTIF(O44:AR44,"") -> 30 | M44: =COUNTIF(O44:AP44,"APAGADO") -> 0 | N44: =(L44)/(M44+L44) -> 1
A45: CENTRO | B45: CEN10 | D45: Monteagudo y Pte. PerÃ³n | E45: Domo | F45: Fibra Optica | G45: Peatonal, Zona Comercial, Flujo Vehicular | I45: -348107030000 | J45: -582745850000 | K45: 172.20.11.23 | L45: =COUNTIF(O45:AR45,"") -> 30 | M45: =COUNTIF(O45:AP45,"APAGADO") -> 0 | N45: =(L45)/(M45+L45) -> 1
A46: CENTRO | B46: CEN11 | D46: Monteagudo y Bocuzzi | E46: Domo | F46: Fibra Optica | G46: Zona Bancaria, Zona Comercial, Peatonal, | H46: SIN ENERGIA EN EL POSTE. | I46: -348099320000 | J46: -582745900000 | K46: 172.20.10.24 | L46: =COUNTIF(O46:AR46,"") -> 30 | M46: =COUNTIF(O46:AP46,"APAGADO") -> 0 | N46: =(L46)/(M46+L46) -> 1
A47: CENTRO | B47: CEN14 | D47: Pte.PerÃ³n e/Pringles y Brown | E47: Domo | F47: Fibra Optica | G47: Cruce de Vias, Flujo Vehicular, Posible VÃ­a de Escape | I47: -348105840000 | J47: -582705460000 | K47: 172.20.10.21 | L47: =COUNTIF(O47:AR47,"") -> 30 | M47: =COUNTIF(O47:AP47,"APAGADO") -> 0 | N47: =(L47)/(M47+L47) -> 1
A48: CENTRO | B48: CEN15 | C48: BONOMO | D48: Alberdi y A.del Valle | E48: Domo | F48: Fibra Optica | G48: Desarrollo Social, Flujo vehicular | I48: -348056730000 | J48: -582731900000 | K48: 172.20.10.35 | L48: =COUNTIF(O48:AR48,"") -> 30 | M48: =COUNTIF(O48:AP48,"APAGADO") -> 0 | N48: =(L48)/(M48+L48) -> 1
A49: CENTRO | B49: CEN16 | C49: BONOMO | D49: San Martin y Pte. Peron | E49: Fija | F49: Fibra Optica | G49: Zona Escolar, Zona de RecreaciÃ³n Club, Zona Bancaria, Flujo Vehicular, Paso Bajo Nivel | H49: se cambio el nombre de San Martin y Moreno al que correspondia por su ubicacion. | I49: -348100860000 | J49: -582782440000 | K49: 172.20.12.36 | L49: =COUNTIF(O49:AR49,"") -> 30 | M49: =COUNTIF(O49:AP49,"APAGADO") -> 0 | N49: =(L49)/(M49+L49) -> 1
B50: CEN17 | D50: San Martin y Mitre | E50: Domo | F50: PTO A FO | G50: Flujo Vehicular | H50: CON CAIDAS FRECUENTES | I50: -348090820000 | J50: -582779860000 | K50: 172.20.12.200 | L50: =COUNTIF(O50:AR50,"") -> 29 | M50: =COUNTIF(O50:AP50,"APAGADO") -> 1 | N50: =(L50)/(M50+L50) -> 0.96666667 | AC50: APAGADO
A51: CENTRO | B51: CEN18 | C51: BONOMO | D51: Monteagudo e/Mitre y Sallares | E51: Fija | F51: Fibra Optica | G51: Paso Peatonal | H51: CON CAIDAS FRECUENTES | I51: -348083950000 | J51: -582747030000 | K51: 172.20.10.26 | L51: =COUNTIF(O51:AR51,"") -> 30 | M51: =COUNTIF(O51:AP51,"APAGADO") -> 0 | N51: =(L51)/(M51+L51) -> 1
A52: CENTRO | B52: CEN19 | D52: Chacabuco y 25 de Mayo | E52: Fija | F52: Fibra Optica | G52: Zona Bancaria | I52: -348039460000 | J52: -582803360000 | K52: 172.20.10.27 | L52: =COUNTIF(O52:AR52,"") -> 30 | M52: =COUNTIF(O52:AP52,"APAGADO") -> 0 | N52: =(L52)/(M52+L52) -> 1
A53: LOMAS DE MONTEVERDE | B53: CEN20 | C53: BONOMO | D53: Pte. Illia y Las Heras | E53: Domo | F53: Fibra Optica | G53: Posible VÃ­a de Escape | I53: -347986060000 | J53: -582839810000 | K53: 172.20.10.33 | L53: =COUNTIF(O53:AR53,"") -> 30 | M53: =COUNTIF(O53:AP53,"APAGADO") -> 0 | N53: =(L53)/(M53+L53) -> 1
A54: CENTRO | B54: CEN21 | D54: Misiones y Urquiza | E54: Fija | F54: Radio | G54: Zona de Recreacion | I54: -348021710000 | J54: -582868960000 | K54: 172.20.200.132 | L54: =COUNTIF(O54:AR54,"") -> 30 | M54: =COUNTIF(O54:AP54,"APAGADO") -> 0 | N54: =(L54)/(M54+L54) -> 1
A55: CENTRO | B55: CEN22 | D55: Las Heras y Chacabuco | E55: Domo | F55: Radio | G55: Zona Escolar, Paso Peatonal | I55: -348040780000 | J55: -582835220000 | K55: 172.20.200.125 | L55: =COUNTIF(O55:AR55,"") -> 30 | M55: =COUNTIF(O55:AP55,"APAGADO") -> 0 | N55: =(L55)/(M55+L55) -> 1
A56: CENTRO | B56: CEN23 | D56: Sallares y Monteagudo | E56: Domo | F56: Fibra Optica | G56: Paso Peatonal, Zona Comercial, Zona Bancaria | I56: -348078180000 | J56: -582747270000 | K56: 172.20.12.05 | L56: =COUNTIF(O56:AR56,"") -> 30 | M56: =COUNTIF(O56:AP56,"APAGADO") -> 0 | N56: =(L56)/(M56+L56) -> 1
A57: CENTRO | B57: CEN24 | D57: Sallares y EspaÃ±a | E57: Domo | F57: Fibra Optica | G57: Zona Comercial, Flujo Vehicular, Paso Peatonal | I57: -348079190000 | J57: -582764410000 | K57: 172.20.12.04 | L57: =COUNTIF(O57:AR57,"") -> 30 | M57: =COUNTIF(O57:AP57,"APAGADO") -> 0 | N57: =(L57)/(M57+L57) -> 1
A58: CENTRO | B58: CEN25 | C58: BONOMO | D58: SAN MARTIN Y 9 DE JULIO | E58: Domo | F58: Fibra Optica | G58: Zona Escolar, Flujo Vehicular | H58: EX SAN MARTIN Y CASTELLI, SE COLOCO EL NOMBRE QUE REALMENTE CORRESPONDIA. | I58: -348027470000 | J58: -582782920000 | K58: 172.20.12.02 | L58: =COUNTIF(O58:AR58,"") -> 30 | M58: =COUNTIF(O58:AP58,"APAGADO") -> 0 | N58: =(L58)/(M58+L58) -> 1
A59: CENTRO | B59: CEN26 | D59: Mitre y EspaÃ±a | E59: Domo | F59: Fibra Optica | G59: Flujo Vehicular, Zona Comercial | I59: -348089580000 | J59: -582763340000 | K59: 172.20.12.06 | L59: =COUNTIF(O59:AR59,"") -> 30 | M59: =COUNTIF(O59:AP59,"APAGADO") -> 0 | N59: =(L59)/(M59+L59) -> 1
A60: CENTRO | B60: CEN27 | D60: San Juan y EspaÃ±a | E60: Domo | F60: Fibra Optica | G60: Zona Escolar, Flujo Vehicular | I60: -348068620000 | J60: -582765270000 | K60: 172.20.12.37 | L60: =COUNTIF(O60:AR60,"") -> 30 | M60: =COUNTIF(O60:AP60,"APAGADO") -> 0 | N60: =(L60)/(M60+L60) -> 1
A61: CENTRO | B61: CEN28 | D61: Mitre y Alberdi | E61: Domo | F61: Fibra Optica | G61: Flujo Vehicular, Zona Comercial | I61: -348087820000 | J61: -582729860000 | K61: 172.20.12.38 | L61: =COUNTIF(O61:AR61,"") -> 30 | M61: =COUNTIF(O61:AP61,"APAGADO") -> 0 | N61: =(L61)/(M61+L61) -> 1
A62: CENTRO | B62: CEN29 | D62: Alberdi y San Juan | E62: Domo | F62: Fibra Optica | G62: Flujo Vehicular, Zona Comercial | I62: -348066860000 | J62: -582731470000 | K62: 172.20.12.40 | L62: =COUNTIF(O62:AR62,"") -> 30 | M62: =COUNTIF(O62:AP62,"APAGADO") -> 0 | N62: =(L62)/(M62+L62) -> 1
A63: CENTRO | B63: CEN30 | D63: Mitre y Pringles | E63: Domo | F63: Fibra Optica | G63: Corredor Escolar, Fiscalias, Flujo vehicular, Paso Peatonal | I63: -348086060000 | J63: -582700470000 | K63: 172.20.12.39 | L63: =COUNTIF(O63:AR63,"") -> 30 | M63: =COUNTIF(O63:AP63,"APAGADO") -> 0 | N63: =(L63)/(M63+L63) -> 1
A64: CENTRO | B64: CEN31 | D64: Mitre e/Monteagudo y Alberdi | E64: Domo | F64: Fibra Optica | G64: Zona Bancaria, Flujo Vehicular, Paso Peatonal | I64: -348088130000 | J64: -582738390000 | K64: 172.20.12.41 | L64: =COUNTIF(O64:AR64,"") -> 30 | M64: =COUNTIF(O64:AP64,"APAGADO") -> 0 | N64: =(L64)/(M64+L64) -> 1
A65: CENTRO | B65: CEN32 | D65: Aristobulo del Valle y EspaÃ±a | E65: Domo | F65: Fibra Optica | G65: Zona Escolar, Flujo Vehicular | I65: -348058930000 | J65: -582764630000 | K65: 172.20.12.42 | L65: =COUNTIF(O65:AR65,"") -> 30 | M65: =COUNTIF(O65:AP65,"APAGADO") -> 0 | N65: =(L65)/(M65+L65) -> 1
A66: CENTRO | B66: CEN33 | D66: Peron y Alberdi | E66: Domo | F66: Fibra Optica | G66: Zona Comercial, Flujo Vehicular | I66: -348107110000 | J66: -582728250000 | K66: 172.20.12.47 | L66: =COUNTIF(O66:AR66,"") -> 30 | M66: =COUNTIF(O66:AP66,"APAGADO") -> 0 | N66: =(L66)/(M66+L66) -> 1
A67: CENTRO | B67: CEN34 | D67: Peron y EspaÃ±a | E67: Domo | F67: Fibra Optica | G67: Zona Comercial, Flujo Vehicular | I67: -348108080000 | J67: -582762270000 | K67: 172.20.12.49 | L67: =COUNTIF(O67:AR67,"") -> 30 | M67: =COUNTIF(O67:AP67,"APAGADO") -> 0 | N67: =(L67)/(M67+L67) -> 1
A68: CENTRO | B68: CEN35 | C68: BONOMO | D68: EspaÃ±a y Marmol | E68: Domo | F68: Fibra Optica | G68: Flujo Vehicular | I68: -347995320000 | J68: -582767420000 | K68: 172.20.12.50 | L68: =COUNTIF(O68:AR68,"") -> 30 | M68: =COUNTIF(O68:AP68,"APAGADO") -> 0 | N68: =(L68)/(M68+L68) -> 1
A69: CENTRO | B69: CEN36 | C69: BONOMO | D69: EspaÃ±a y 9 de Julio | E69: Domo | F69: Fibra Optica | G69: Flujo Vehicular | I69: -348027390000 | J69: -582766340000 | K69: 172.20.12.51 | L69: =COUNTIF(O69:AR69,"") -> 30 | M69: =COUNTIF(O69:AP69,"APAGADO") -> 0 | N69: =(L69)/(M69+L69) -> 1
A70: CENTRO | B70: CEN38 | C70: BONOMO | D70: Diagonal Constituyentes y Almafuerte | E70: Domo | F70: Fibra Optica | G70: Flujo Vehicular | I70: -348004490000 | J70: -582742520000 | K70: 172.20.12.53 | L70: =COUNTIF(O70:AR70,"") -> 29 | M70: =COUNTIF(O70:AP70,"APAGADO") -> 1 | N70: =(L70)/(M70+L70) -> 0.96666667 | AA70: APAGADO
A71: CENTRO | B71: CEN39 | D71: San Martin y Alem | E71: Domo | F71: Fibra Optica | G71: Flujo Vehicular,Zona Escolar, Zona Comercial, Zona RecreaciÃ³n, | I71: -348038310000 | J71: -582781900000 | K71: 172.20.12.56 | L71: =COUNTIF(O71:AR71,"") -> 30 | M71: =COUNTIF(O71:AP71,"APAGADO") -> 0 | N71: =(L71)/(M71+L71) -> 1
A72: CENTRO | B72: CEN40 | D72: Contreras y Monteagudo | E72: Domo | F72: Fibra Optica | G72: Zona Comercial, Flujo Vehicular | I72: -348046950000 | J72: -582749390000 | K72: 172.20.12.57 | L72: =COUNTIF(O72:AR72,"") -> 30 | M72: =COUNTIF(O72:AP72,"APAGADO") -> 0 | N72: =(L72)/(M72+L72) -> 1
A73: CENTRO | B73: CEN41 | C73: BONOMO | D73: Contreras y Alberdi | E73: Domo | F73: Fibra Optica | G73: Zona de RecreaciÃ³n, Flujo vehicular | I73: -348045710000 | J73: -582732760000 | K73: 172.20.12.58 | L73: =COUNTIF(O73:AR73,"") -> 30 | M73: =COUNTIF(O73:AP73,"APAGADO") -> 0 | N73: =(L73)/(M73+L73) -> 1
A74: CENTRO | B74: CEN42 | C74: BONOMO | D74: Diagonal Constituyentes y Alem | E74: Domo | F74: Fibra Optica | G74: Flujo Vehicular | I74: -348034610000 | J74: -582706900000 | K74: 172.20.12.59 | L74: =COUNTIF(O74:AR74,"") -> 24 | M74: =COUNTIF(O74:AP74,"APAGADO") -> 6 | N74: =(L74)/(M74+L74) -> 0.8 | O74: APAGADO | P74: APAGADO | Q74: APAGADO | R74: APAGADO | S74: APAGADO | U74: APAGADO
A75: CENTRO | B75: CEN43 | D75: Sallares y Alberdi | E75: Domo | F75: Fibra Optica | G75: Flujo Vehicular, Zona Comercial | H75: CAIDAS FRECUENTES | I75: -348076770000 | J75: -582730080000 | K75: 172.20.12.61 | L75: =COUNTIF(O75:AR75,"") -> 30 | M75: =COUNTIF(O75:AP75,"APAGADO") -> 0 | N75: =(L75)/(M75+L75) -> 1
A76: CENTRO | B76: CEN44 | C76: BONOMO | D76: Mitre y Brown | E76: Domo | F76: Fibra Optica | G76: Flujo Vehicular, Zona Comercial | I76: -348087290000 | J76: -582714950000 | K76: 172.20.12.62 | L76: =COUNTIF(O76:AR76,"") -> 30 | M76: =COUNTIF(O76:AP76,"APAGADO") -> 0 | N76: =(L76)/(M76+L76) -> 1
A77: CENTRO | B77: CEN45 (fija 1) | D77: EEUU Y MORENO | E77: Fija | F77: Fibra Optica | H77: EN FUNCIONAMIENTO 14/07/2021 | I77: -348102990000 | J77: -582835440000 | K77: 172.20.11.74 | L77: =COUNTIF(O77:AR77,"") -> 30 | M77: =COUNTIF(O77:AP77,"APAGADO") -> 0 | N77: =(L77)/(M77+L77) -> 1
A78: CENTRO | B78: CEN46 (fija 2) | D78: EEUU Y MORENO | E78: Fija | F78: Fibra Optica | H78: EN FUNCIONAMIENTO 14/07/2021 | I78: -348102840000 | J78: -582835020000 | K78: 172.20.11.75 | L78: =COUNTIF(O78:AR78,"") -> 30 | M78: =COUNTIF(O78:AP78,"APAGADO") -> 0 | N78: =(L78)/(M78+L78) -> 1
A79: CENTRO | B79: CEN47 | C79: BONOMO | D79: Sallares y Brown | E79: Domo | F79: Fibra Optica | G79: Flujo Vehicular | I79: -348076280000 | J79: -582715700000 | K79: 172.20.12.65 | L79: =COUNTIF(O79:AR79,"") -> 30 | M79: =COUNTIF(O79:AP79,"APAGADO") -> 0 | N79: =(L79)/(M79+L79) -> 1
A80: CENTRO | B80: CEN48 | D80: Velez Sarsfield y Las Heras | E80: Domo | F80: Radio | G80: Cruce Peligroso, Flujo Vehicular, Zona Comercial | H80: SE ENCUENTRA INVERTIDA. 25/06/18 | I80: -348082910000 | J80: -582832080000 | K80: 172.20.200.181 | L80: =COUNTIF(O80:AR80,"") -> 20 | M80: =COUNTIF(O80:AP80,"APAGADO") -> 10 | N80: =(L80)/(M80+L80) -> 0.66666667 | Q80: APAGADO | R80: APAGADO | S80: APAGADO | Z80: APAGADO | AA80: APAGADO | AB80: APAGADO | AC80: APAGADO | AD80: APAGADO | AE80: APAGADO | AF80: APAGADO
A81: CENTRO | B81: CEN49 | D81: Av. San Martin y Florencio Sanchez | E81: Domo | F81: Radio | G81: Cruce peligroso por gran flujo Vehicular, Zona Comercial, Futuro corredor escolar | I81: -347975480000 | J81: -582789940000 | K81: 172.20.200.182 | L81: =COUNTIF(O81:AR81,"") -> 30 | M81: =COUNTIF(O81:AP81,"APAGADO") -> 0 | N81: =(L81)/(M81+L81) -> 1
A82: CENTRO | B82: CEN52 | C82: BONOMO | D82: San Martin y Almafuerte (ex San Martin y Dorrego) | E82: DOMO | F82: Radio | H82: ex San Martin y Dorrego, reubicada por obra (carril exclusivo para trasporte publico) en Av. San Martin y Almafuerte. 30/08/2018. ) | I82: -348006380000 | J82: -582785240000 | K82: 172.20.200.191 | L82: =COUNTIF(O82:AR82,"") -> 30 | M82: =COUNTIF(O82:AP82,"APAGADO") -> 0 | N82: =(L82)/(M82+L82) -> 1
A83: CENTRO | B83: CEN59 | D83: CHACABUCO Y BOUREL | E83: DOMO | F83: Radio | H83: INSTALADA:11/06/18EN FUNCIONAMIENTO: 27/06/18 | I83: -348039300000 | J83: -582819780000 | K83: 172.20.200.188 | L83: =COUNTIF(O83:AR83,"") -> 20 | M83: =COUNTIF(O83:AP83,"APAGADO") -> 10 | N83: =(L83)/(M83+L83) -> 0.66666667 | Q83: APAGADO | R83: APAGADO | S83: APAGADO | Z83: APAGADO | AA83: APAGADO | AB83: APAGADO | AC83: APAGADO | AD83: APAGADO | AE83: APAGADO | AF83: APAGADO
A84: CENTRO | B84: CEN62 | C84: BONOMO | D84: ESPAÃ‘A Y ALEM | E84: DOMO | F84: PTO A FO | H84: ALTA: 16/06/2020 | I84: -348038200000 | J84: -582766160000 | K84: 172.20.12.82 | L84: =COUNTIF(O84:AR84,"") -> 30 | M84: =COUNTIF(O84:AP84,"APAGADO") -> 0 | N84: =(L84)/(M84+L84) -> 1
A85: CENTRO | B85: CEN63 | C85: BONOMO | D85: SAN MARTIN Y URQUIZA | E85: DOMO | F85: Fibra Optica | H85: DADA DE ALTA ABRIL 2021 | I85: -348017700000 | J85: -582785020000 | K85: 172.20.11.112 | L85: =COUNTIF(O85:AR85,"") -> 30 | M85: =COUNTIF(O85:AP85,"APAGADO") -> 0 | N85: =(L85)/(M85+L85) -> 1
A86: CENTRO | B86: CEN64 | D86: SAN MARTIN Y BOCCUZZI | E86: FIJA | F86: Fibra Optica | H86: EN FUNCIONAMIENTO 14/07/2021 | I86: -348100370000 | J86: -582778830000 | K86: 172.20.11.134 | L86: =COUNTIF(O86:AR86,"") -> 30 | M86: =COUNTIF(O86:AP86,"APAGADO") -> 0 | N86: =(L86)/(M86+L86) -> 1
A87: CENTRO | B87: CEN66 | C87: BONOMO | D87: SAN MARTIN Y JUAN PERON | E87: FIJA | F87: Fibra Optica | H87: EN FUNCIONAMIENTO 14/07/2021 | I87: -348109620000 | J87: -582777260000 | K87: 172.20.11.136 | L87: =COUNTIF(O87:AR87,"") -> 30 | M87: =COUNTIF(O87:AP87,"APAGADO") -> 0 | N87: =(L87)/(M87+L87) -> 1
A88: CENTRO | B88: CEN67 (fija 1) | D88: 9 DE JULIO Y BROWN | E88: Fija | F88: Fibra Optica | H88: REPORTA IMAGENES 30/07/2021 | I88: -348024610000 | J88: -582715570000 | K88: 172.20.11.188 | L88: =COUNTIF(O88:AR88,"") -> 30 | M88: =COUNTIF(O88:AP88,"APAGADO") -> 0 | N88: =(L88)/(M88+L88) -> 1
A89: CENTRO | B89: CEN68 (fija 2) | C89: BONOMO | D89: 9 DE JULIO Y BROWN | E89: Fija | F89: Fibra Optica | H89: REPORTA IMAGENES 30/07/2021 | I89: -348024610000 | J89: -582715570000 | K89: 172.20.11.189 | L89: =COUNTIF(O89:AR89,"") -> 30 | M89: =COUNTIF(O89:AP89,"APAGADO") -> 0 | N89: =(L89)/(M89+L89) -> 1
A90: CENTRO | B90: CEN69 | D90: RIVADAVIA Y BOUREL | E90: DOMO | F90: Fibra Optica | H90: REPORTA IMAGENES 17/11/2021 | I90: -348093230000 | J90: -582817790000 | K90: 172.20.11.222 | L90: =COUNTIF(O90:AR90,"") -> 30 | M90: =COUNTIF(O90:AP90,"APAGADO") -> 0 | N90: =(L90)/(M90+L90) -> 1
A91: CENTRO | B91: CEN73 | C91: BONOMO | D91: BOUREL Y DEFENSA | E91: DOMO | F91: Fibra Optica | H91: SE DA DE ALTA 10/12/2021 | I91: -347987330000 | J91: -582822490000 | K91: 172.20.11.223 | L91: =COUNTIF(O91:AR91,"") -> 30 | M91: =COUNTIF(O91:AP91,"APAGADO") -> 0 | N91: =(L91)/(M91+L91) -> 1
A92: CENTRO | B92: CEN74 | D92: Las Heras y Maipu | E92: Domo | F92: FIBRA OPTICA | I92: -348051750000 | J92: -582833410000 | K92: 172.20.11.53 | L92: =COUNTIF(O92:AR92,"") -> 30 | M92: =COUNTIF(O92:AP92,"APAGADO") -> 0 | N92: =(L92)/(M92+L92) -> 1
A93: SAN NICOLAS | B93: CHA01 | C93: BONOMO | D93: Novak y Pte Illia | E93: Domo | F93: Radio | G93: Flujo Vehicular | I93: -348055400000 | J93: -582972760000 | K93: 172.20.200.126 | L93: =COUNTIF(O93:AR93,"") -> 30 | M93: =COUNTIF(O93:AP93,"APAGADO") -> 0 | N93: =(L93)/(M93+L93) -> 1
A94: CHACABUCO | B94: CHA02 | D94: Pte. Illia y Posadas | E94: Domo | F94: Radio | G94: Flujo Vehicular, Zona Comercial | H94: 11/05/18 A LA ESPERA DE INFORME. | I94: -348032560000 | J94: -582926760000 | K94: 172.20.200.186 | L94: =COUNTIF(O94:AR94,"") -> 30 | M94: =COUNTIF(O94:AP94,"APAGADO") -> 0 | N94: =(L94)/(M94+L94) -> 1
A95: CHACABUCO | B95: CHA03 | D95: MAIPU Y ALVAREZ THOMAS | E95: DOMO | F95: Fibra Optica | H95: EN FUNCIONAMIENTO 13/07/2021 | I95: -348083930000 | J95: -582918310000 | K95: 172.20.11.71 | L95: =COUNTIF(O95:AR95,"") -> 30 | M95: =COUNTIF(O95:AP95,"APAGADO") -> 0 | N95: =(L95)/(M95+L95) -> 1
A96: CHACABUCO | B96: CHA04 | C96: BONOMO | D96: ESTADOS UNIDOS DE A. E ILLIA | E96: DOMO | F96: Fibra Optica | H96: REPORTA IMAGENES 28/07/2021 | I96: -348019100000 | J96: -582901420000 | K96: 172.20.11.191 | L96: =COUNTIF(O96:AR96,"") -> 30 | M96: =COUNTIF(O96:AP96,"APAGADO") -> 0 | N96: =(L96)/(M96+L96) -> 1
A97: LA COLORADA ESTE | B97: COL 03 | C97: COSEIDI | D97: CARIBONI Y LA ANCIANIDAD | E97: DOMO | F97: Radio | H97: 10/08/2020 QUEDA EN FUNCIONAMIENTO | I97: -348376190000 | J97: -582703080000 | K97: 10.20.30.37 | L97: =COUNTIF(O97:AR97,"") -> 30 | M97: =COUNTIF(O97:AP97,"APAGADO") -> 0 | N97: =(L97)/(M97+L97) -> 1
A98: VILLA MONICA NUEVA | B98: COL01 | C98: COSEIDI | D98: Eva Peron y Cariboni | E98: Domo | F98: Radio | G98: Flujo Vehicular | I98: -348419680000 | J98: -582787590000 | K98: 172.20.200.177 | L98: =COUNTIF(O98:AR98,"") -> 30 | M98: =COUNTIF(O98:AP98,"APAGADO") -> 0 | N98: =(L98)/(M98+L98) -> 1
A99: LA COLORADA ESTE | B99: COL02 | C99: COSEIDI | D99: Av. Eva Peron y Pompeya | E99: Domo | F99: Radio | G99: Flujo Vehicular, Futuro corredor escolar | I99: -348439980000 | J99: -582786670000 | K99: 172.20.200.192 | L99: =COUNTIF(O99:AR99,"") -> 30 | M99: =COUNTIF(O99:AP99,"APAGADO") -> 0 | N99: =(L99)/(M99+L99) -> 1
A100: DON JOSE | B100: DJO 02 (fija 1) | D100: DONATO ALVAREZ Y EL APERO | E100: Fija | F100: PTO A FO | H100: SE DA DE ALTA 02/09/2021 | I100: -347971580000 | J100: -583070820000 | K100: 172.20.12.97 | L100: =COUNTIF(O100:AR100,"") -> 29 | M100: =COUNTIF(O100:AP100,"APAGADO") -> 0 | N100: =(L100)/(M100+L100) -> 1
...

Sheet ESTADISTICA
A1: ='RESUMEN TOTAL'!A4 -> Barrio | B1: ='RESUMEN TOTAL'!B4 -> [Denominacion] | C1: ='RESUMEN TOTAL'!D4 -> [Ubicacion] | D1: ='RESUMEN TOTAL'!E4 -> [Tipo de Camara] | E1: ='RESUMEN TOTAL'!F4 -> [Tipo de Conexion] | F1: ='RESUMEN TOTAL'!O4 -> 44743 | G1: ='RESUMEN TOTAL'!P4 -> 44744 | H1: ='RESUMEN TOTAL'!Q4 -> 44745 | I1: ='RESUMEN TOTAL'!R4 -> 44746 | J1: ='RESUMEN TOTAL'!S4 -> 44747 | K1: ='RESUMEN TOTAL'!T4 -> 44748 | L1: ='RESUMEN TOTAL'!U4 -> 44749 | M1: ='RESUMEN TOTAL'!V4 -> 44750 | ... AI1: ='RESUMEN TOTAL'!AR4 -> 44772
A2: ='RESUMEN TOTAL'!A5 -> ALTAMIRA | B2: ='RESUMEN TOTAL'!B5 -> ALT 03 | C2: ='RESUMEN TOTAL'!D5 -> Bombero Galarza y Necochea | D2: ='RESUMEN TOTAL'!E5 -> Domo | E2: ='RESUMEN TOTAL'!F5 -> FIBRA OPTICA | F2: ='RESUMEN TOTAL'!O5 -> 0 | G2: ='RESUMEN TOTAL'!P5 -> 0 | H2: ='RESUMEN TOTAL'!Q5 -> 0 | I2: ='RESUMEN TOTAL'!R5 -> 0 | J2: ='RESUMEN TOTAL'!S5 -> 0 | K2: ='RESUMEN TOTAL'!T5 -> 0 | L2: ='RESUMEN TOTAL'!U5 -> 0 | M2: ='RESUMEN TOTAL'!V5 -> 0 | ... AI2: ='RESUMEN TOTAL'!AR5 -> 0
A3: ='RESUMEN TOTAL'!A6 -> ALTAMIRA | B3: ='RESUMEN TOTAL'!B6 -> ALT 04 | C3: ='RESUMEN TOTAL'!D6 -> Francia y Necochea | D3: ='RESUMEN TOTAL'!E6 -> Domo | E3: ='RESUMEN TOTAL'!F6 -> FIBRA OPTICA | F3: ='RESUMEN TOTAL'!O6 -> 0 | G3: ='RESUMEN TOTAL'!P6 -> 0 | H3: ='RESUMEN TOTAL'!Q6 -> 0 | I3: ='RESUMEN TOTAL'!R6 -> 0 | J3: ='RESUMEN TOTAL'!S6 -> 0 | K3: ='RESUMEN TOTAL'!T6 -> 0 | L3: ='RESUMEN TOTAL'!U6 -> 0 | M3: ='RESUMEN TOTAL'!V6 -> 0 | ... AI3: ='RESUMEN TOTAL'!AR6 -> 0
A4: ='RESUMEN TOTAL'!A7 -> ALTAMIRA | B4: ='RESUMEN TOTAL'!B7 -> ALT 06 | C4: ='RESUMEN TOTAL'!D7 -> LOPE DE VEGA Y NECOCHEA | D4: ='RESUMEN TOTAL'!E7 -> Domo | E4: ='RESUMEN TOTAL'!F7 -> PTO A FO | F4: ='RESUMEN TOTAL'!O7 -> APAGADO | G4: ='RESUMEN TOTAL'!P7 -> APAGADO | H4: ='RESUMEN TOTAL'!Q7 -> APAGADO | I4: ='RESUMEN TOTAL'!R7 -> APAGADO | J4: ='RESUMEN TOTAL'!S7 -> APAGADO | K4: ='RESUMEN TOTAL'!T7 -> 0 | L4: ='RESUMEN TOTAL'!U7 -> APAGADO | M4: ='RESUMEN TOTAL'!V7 -> APAGADO | ... AI4: ='RESUMEN TOTAL'!AR7 -> 0
A5: ='RESUMEN TOTAL'!A8 -> ALTAMIRA | B5: ='RESUMEN TOTAL'!B8 -> ALT 08 | C5: ='RESUMEN TOTAL'!D8 -> HUMAITA Y NECOCHEA | D5: ='RESUMEN TOTAL'!E8 -> DOMO | E5: ='RESUMEN TOTAL'!F8 -> Fibra Optica | F5: ='RESUMEN TOTAL'!O8 -> 0 | G5: ='RESUMEN TOTAL'!P8 -> 0 | H5: ='RESUMEN TOTAL'!Q8 -> 0 | I5: ='RESUMEN TOTAL'!R8 -> 0 | J5: ='RESUMEN TOTAL'!S8 -> 0 | K5: ='RESUMEN TOTAL'!T8 -> 0 | L5: ='RESUMEN TOTAL'!U8 -> 0 | M5: ='RESUMEN TOTAL'!V8 -> 0 | ... AI5: ='RESUMEN TOTAL'!AR8 -> 0
A6: ='RESUMEN TOTAL'!A9 -> ALTAMIRA | B6: ='RESUMEN TOTAL'!B9 -> ALT 09 | C6: ='RESUMEN TOTAL'!D9 -> NECOCHEA Y CURUPAITY | D6: ='RESUMEN TOTAL'!E9 -> DOMO | E6: ='RESUMEN TOTAL'!F9 -> Fibra Optica | F6: ='RESUMEN TOTAL'!O9 -> 0 | G6: ='RESUMEN TOTAL'!P9 -> 0 | H6: ='RESUMEN TOTAL'!Q9 -> 0 | I6: ='RESUMEN TOTAL'!R9 -> 0 | J6: ='RESUMEN TOTAL'!S9 -> 0 | K6: ='RESUMEN TOTAL'!T9 -> 0 | L6: ='RESUMEN TOTAL'!U9 -> 0 | M6: ='RESUMEN TOTAL'!V9 -> 0 | ... AI6: ='RESUMEN TOTAL'!AR9 -> 0
A7: ='RESUMEN TOTAL'!A10 -> ALTAMIRA | B7: ='RESUMEN TOTAL'!B10 -> ALT 10 | C7: ='RESUMEN TOTAL'!D10 -> Calchaqui y Francia | D7: ='RESUMEN TOTAL'!E10 -> Domo | E7: ='RESUMEN TOTAL'!F10 -> Radio | F7: ='RESUMEN TOTAL'!O10 -> 0 | G7: ='RESUMEN TOTAL'!P10 -> 0 | H7: ='RESUMEN TOTAL'!Q10 -> 0 | I7: ='RESUMEN TOTAL'!R10 -> 0 | J7: ='RESUMEN TOTAL'!S10 -> 0 | K7: ='RESUMEN TOTAL'!T10 -> 0 | L7: ='RESUMEN TOTAL'!U10 -> APAGADO | M7: ='RESUMEN TOTAL'!V10 -> APAGADO | ... AI7: ='RESUMEN TOTAL'!AR10 -> 0
A8: ='RESUMEN TOTAL'!A11 -> ALTAMIRA | B8: ='RESUMEN TOTAL'!B11 -> ALT01 | C8: ='RESUMEN TOTAL'!D11 -> Calchaqui y Sgto. Cabral | D8: ='RESUMEN TOTAL'!E11 -> Domo | E8: ='RESUMEN TOTAL'!F11 -> Fibra Optica | F8: ='RESUMEN TOTAL'!O11 -> 0 | G8: ='RESUMEN TOTAL'!P11 -> 0 | H8: ='RESUMEN TOTAL'!Q11 -> 0 | I8: ='RESUMEN TOTAL'!R11 -> 0 | J8: ='RESUMEN TOTAL'!S11 -> 0 | K8: ='RESUMEN TOTAL'!T11 -> 0 | L8: ='RESUMEN TOTAL'!U11 -> 0 | M8: ='RESUMEN TOTAL'!V11 -> 0 | ... AI8: ='RESUMEN TOTAL'!AR11 -> 0
A9: ='RESUMEN TOTAL'!A12 -> ALTAMIRA | B9: ='RESUMEN TOTAL'!B12 -> ALT02 | C9: ='RESUMEN TOTAL'!D12 -> Calchaqui y Lope de Vega | D9: ='RESUMEN TOTAL'!E12 -> Domo | E9: ='RESUMEN TOTAL'!F12 -> PTO A FO | F9: ='RESUMEN TOTAL'!O12 -> 0 | G9: ='RESUMEN TOTAL'!P12 -> 0 | H9: ='RESUMEN TOTAL'!Q12 -> 0 | I9: ='RESUMEN TOTAL'!R12 -> 0 | J9: ='RESUMEN TOTAL'!S12 -> 0 | K9: ='RESUMEN TOTAL'!T12 -> 0 | L9: ='RESUMEN TOTAL'!U12 -> 0 | M9: ='RESUMEN TOTAL'!V12 -> 0 | ... AI9: ='RESUMEN TOTAL'!AR12 -> 0
A10: ='RESUMEN TOTAL'!A13 -> ALTAMIRA | B10: ='RESUMEN TOTAL'!B13 -> ALT05 | C10: ='RESUMEN TOTAL'!D13 -> Av. Calchaqui y Bombero Galarza | D10: ='RESUMEN TOTAL'!E13 -> Domo | E10: ='RESUMEN TOTAL'!F13 -> PTO A FO | F10: ='RESUMEN TOTAL'!O13 -> 0 | G10: ='RESUMEN TOTAL'!P13 -> 0 | H10: ='RESUMEN TOTAL'!Q13 -> 0 | I10: ='RESUMEN TOTAL'!R13 -> 0 | J10: ='RESUMEN TOTAL'!S13 -> 0 | K10: ='RESUMEN TOTAL'!T13 -> 0 | L10: ='RESUMEN TOTAL'!U13 -> APAGADO | M10: ='RESUMEN TOTAL'!V13 -> APAGADO | ... AI10: ='RESUMEN TOTAL'!AR13 -> 0
A11: ='RESUMEN TOTAL'!A14 -> ALTAMIRA | B11: ='RESUMEN TOTAL'!B14 -> ALT07 | C11: ='RESUMEN TOTAL'!D14 -> AV. CALCHAQUI Y AV. DEL TRABAJO | D11: ='RESUMEN TOTAL'!E14 -> DOMO | E11: ='RESUMEN TOTAL'!F14 -> PTO A FO | F11: ='RESUMEN TOTAL'!O14 -> 0 | G11: ='RESUMEN TOTAL'!P14 -> 0 | H11: ='RESUMEN TOTAL'!Q14 -> 0 | I11: ='RESUMEN TOTAL'!R14 -> 0 | J11: ='RESUMEN TOTAL'!S14 -> 0 | K11: ='RESUMEN TOTAL'!T14 -> 0 | L11: ='RESUMEN TOTAL'!U14 -> APAGADO | M11: ='RESUMEN TOTAL'!V14 -> APAGADO | ... AI11: ='RESUMEN TOTAL'!AR14 -> 0
A12: ='RESUMEN TOTAL'!A15 -> AGUSTIN RAMIREZ | B12: ='RESUMEN TOTAL'!B15 -> ARA 01 | C12: ='RESUMEN TOTAL'!D15 -> Malambo y Tranquera | D12: ='RESUMEN TOTAL'!E15 -> Domo | E12: ='RESUMEN TOTAL'!F15 -> FIBRA OPTICA | F12: ='RESUMEN TOTAL'!O15 -> 0 | G12: ='RESUMEN TOTAL'!P15 -> 0 | H12: ='RESUMEN TOTAL'!Q15 -> 0 | I12: ='RESUMEN TOTAL'!R15 -> 0 | J12: ='RESUMEN TOTAL'!S15 -> 0 | K12: ='RESUMEN TOTAL'!T15 -> 0 | L12: ='RESUMEN TOTAL'!U15 -> 0 | M12: ='RESUMEN TOTAL'!V15 -> 0 | ... AI12: ='RESUMEN TOTAL'!AR15 -> 0
... A399: ='RESUMEN TOTAL'!A402 -> 0 | B399: ='RESUMEN TOTAL'!B402 -> 0 | C399: ='RESUMEN TOTAL'!D402 -> 0 | D399: ='RESUMEN TOTAL'!E402 -> 0 | E399: ='RESUMEN TOTAL'!F402 -> 0 | F399: ='RESUMEN TOTAL'!O402 -> 0 | G399: ='RESUMEN TOTAL'!P402 -> 0 | H399: ='RESUMEN TOTAL'!Q402 -> 0 | I399: ='RESUMEN TOTAL'!R402 -> 0 | J399: ='RESUMEN TOTAL'!S402 -> 0 | K399: ='RESUMEN TOTAL'!T402 -> 0 | L399: ='RESUMEN TOTAL'!U402 -> 0 | M399: ='RESUMEN TOTAL'!V402 -> 0 | ... AI399: ='RESUMEN TOTAL'!AR402 -> 0

Sheet APAGADOS
E1: APAGADOS | F1: =COUNTIF(F3:F400, "APAGADO") -> 35 | G1: =COUNTIF(G3:G400, "APAGADO") -> 33 | H1: =COUNTIF(H3:H400, "APAGADO") -> 36 | I1: =COUNTIF(I3:I400, "APAGADO") -> 40 | J1: =COUNTIF(J3:J400, "APAGADO") -> 32 | K1: =COUNTIF(K3:K400, "APAGADO") -> 0 | L1: =COUNTIF(L3:L400, "APAGADO") -> 57 | M1: =COUNTIF(M3:M400, "APAGADO") -> 48 | ... AI1: =COUNTIF(AI3:AI400, "APAGADO") -> 0
A2: =ESTADISTICA!A1 -> Barrio | B2: =ESTADISTICA!B1 -> [Denominacion] | C2: =ESTADISTICA!C1 -> [Ubicacion] | D2: =ESTADISTICA!D1 -> [Tipo de Camara] | E2: =ESTADISTICA!E1 -> [Tipo de Conexion] | F2: =ESTADISTICA!F1 -> 44743 | G2: =ESTADISTICA!G1 -> 44744 | H2: =ESTADISTICA!H1 -> 44745 | ... AI2: =ESTADISTICA!AI1 -> 44772
A3: =ESTADISTICA!A2 -> ALTAMIRA | B3: =ESTADISTICA!B2 -> ALT 03 | C3: =ESTADISTICA!C2 -> Bombero Galarza y Necochea | D3: =ESTADISTICA!D2 -> Domo | E3: =ESTADISTICA!E2 -> FIBRA OPTICA | F3: =ESTADISTICA!F2 -> 0 | G3: =ESTADISTICA!G2 -> 0 | H3: =ESTADISTICA!H2 -> 0 | ... AG3: =ESTADISTICA!AG2 -> 0
A4: =ESTADISTICA!A3 -> ALTAMIRA | B4: =ESTADISTICA!B3 -> ALT 04 | C4: =ESTADISTICA!C3 -> Francia y Necochea | D4: =ESTADISTICA!D3 -> Domo | E4: =ESTADISTICA!E3 -> FIBRA OPTICA | F4: =ESTADISTICA!F3 -> 0 | G4: =ESTADISTICA!G3 -> 0 | H4: =ESTADISTICA!H3 -> 0 | ... AG4: =ESTADISTICA!AG3 -> 0
A5: =ESTADISTICA!A4 -> ALTAMIRA | B5: =ESTADISTICA!B4 -> ALT 06 | C5: =ESTADISTICA!C4 -> LOPE DE VEGA Y NECOCHEA | D5: =ESTADISTICA!D4 -> Domo | E5: =ESTADISTICA!E4 -> PTO A FO | F5: =ESTADISTICA!F4 -> APAGADO | G5: =ESTADISTICA!G4 -> APAGADO | H5: =ESTADISTICA!H4 -> APAGADO | ... AG5: =ESTADISTICA!AG4 -> 0
A6: =ESTADISTICA!A5 -> ALTAMIRA | B6: =ESTADISTICA!B5 -> ALT 08 | C6: =ESTADISTICA!C5 -> HUMAITA Y NECOCHEA | D6: =ESTADISTICA!D5 -> DOMO | E6: =ESTADISTICA!E5 -> Fibra Optica | F6: =ESTADISTICA!F5 -> 0 | G6: =ESTADISTICA!G5 -> 0 | H6: =ESTADISTICA!H5 -> 0 | ... AG6: =ESTADISTICA!AG5 -> 0
A7: =ESTADISTICA!A6 -> ALTAMIRA | B7: =ESTADISTICA!B6 -> ALT 09 | C7: =ESTADISTICA!C6 -> NECOCHEA Y CURUPAITY | D7: =ESTADISTICA!D6 -> DOMO | E7: =ESTADISTICA!E6 -> Fibra Optica | F7: =ESTADISTICA!F6 -> 0 | G7: =ESTADISTICA!G6 -> 0 | H7: =ESTADISTICA!H6 -> 0 | ... AG7: =ESTADISTICA!AG6 -> 0
A8: =ESTADISTICA!A7 -> ALTAMIRA | B8: =ESTADISTICA!B7 -> ALT 10 | C8: =ESTADISTICA!C7 -> Calchaqui y Francia | D8: =ESTADISTICA!D7 -> Domo | E8: =ESTADISTICA!E7 -> Radio | F8: =ESTADISTICA!F7 -> 0 | G8: =ESTADISTICA!G7 -> 0 | H8: =ESTADISTICA!H7 -> 0 | ... AG8: =ESTADISTICA!AG7 -> 0
A9: =ESTADISTICA!A8 -> ALTAMIRA | B9: =ESTADISTICA!B8 -> ALT01 | C9: =ESTADISTICA!C8 -> Calchaqui y Sgto. Cabral | D9: =ESTADISTICA!D8 -> Domo | E9: =ESTADISTICA!E8 -> Fibra Optica | F9: =ESTADISTICA!F8 -> 0 | G9: =ESTADISTICA!G8 -> 0 | H9: =ESTADISTICA!H8 -> 0 | ... AG9: =ESTADISTICA!AG8 -> 0
A10: =ESTADISTICA!A9 -> ALTAMIRA | B10: =ESTADISTICA!B9 -> ALT02 | C10: =ESTADISTICA!C9 -> Calchaqui y Lope de Vega | D10: =ESTADISTICA!D9 -> Domo | E10: =ESTADISTICA!E9 -> PTO A FO | F10: =ESTADISTICA!F9 -> 0 | G10: =ESTADISTICA!G9 -> 0 | H10: =ESTADISTICA!H9 -> 0 | ... AG10: =ESTADISTICA!AG9 -> 0
A11: =ESTADISTICA!A10 -> ALTAMIRA | B11: =ESTADISTICA!B10 -> ALT05 | C11: =ESTADISTICA!C10 -> Av. Calchaqui y Bombero Galarza | D11: =ESTADISTICA!D10 -> Domo | E11: =ESTADISTICA!E10 -> PTO A FO | F11: =ESTADISTICA!F10 -> 0 | G11: =ESTADISTICA!G10 -> 0 | H11: =ESTADISTICA!H10 -> 0 | ... AG11: =ESTADISTICA!AG10 -> 0
A12: =ESTADISTICA!A11 -> ALTAMIRA | B12: =ESTADISTICA!B11 -> ALT07 | C12: =ESTADISTICA!C11 -> AV. CALCHAQUI Y AV. DEL TRABAJO | D12: =ESTADISTICA!D11 -> DOMO | E12: =ESTADISTICA!E11 -> PTO A FO | F12: =ESTADISTICA!F11 -> 0 | G12: =ESTADISTICA!G11 -> 0 | H12: =ESTADISTICA!H11 -> 0 | ... AG12: =ESTADISTICA!AG11 -> 0
A13: =ESTADISTICA!A12 -> AGUSTIN RAMIREZ | B13: =ESTADISTICA!B12 -> ARA 01 | C13: =ESTADISTICA!C12 -> Malambo y Tranquera | D13: =ESTADISTICA!D12 -> Domo | E13: =ESTADISTICA!E12 -> FIBRA OPTICA | F13: =ESTADISTICA!F12 -> 0 | G13: =ESTADISTICA!G12 -> 0 | H13: =ESTADISTICA!H12 -> 0 | ... AG13: =ESTADISTICA!AG12 -> 0
A14: =ESTADISTICA!A13 -> BELGRANO | B14: =ESTADISTICA!B13 -> BEL 01 | C14: =ESTADISTICA!C13 -> San Martin y Dardo Rocha | D14: =ESTADISTICA!D13 -> DOMO | E14: =ESTADISTICA!E13 -> FIBRA OPTICA | F14: =ESTADISTICA!F13 -> 0 | G14: =ESTADISTICA!G13 -> 0 | H14: =ESTADISTICA!H13 -> 0 | ... AG14: =ESTADISTICA!AG13 -> 0
... A77: =ESTADISTICA!A76 -> CENTRO | B77: =ESTADISTICA!B76 -> CEN47 | C77: =ESTADISTICA!C76 -> Sallares y Brown | D77: =ESTADISTICA!D76 -> Domo | E77: =ESTADISTICA!E76 -> Fibra Optica | F77: =ESTADISTICA!F76 -> 0 | G77: =ESTADISTICA!G76 -> 0 | H77: =ESTADISTICA!H76 -> 0 | ... AG77: =ESTADISTICA!AG76 -> 0
A78: =ESTADISTICA!A77 -> CENTRO | B78: =ESTADISTICA!B77 -> CEN48 | C78: =ESTADISTICA!C77 -> Velez Sarsfield y Las Heras | D78: =ESTADISTICA!D77 -> Domo | E78: =ESTADISTICA!E77 -> Radio | F78: =ESTADISTICA!F77 -> 0 | G78: =ESTADISTICA!G77 -> 0 | H78: =ESTADISTICA!H77 -> APAGADO | ... AI78: =ESTADISTICA!AI77 -> 0
A79: =ESTADISTICA!A78 -> CENTRO | B79: =ESTADISTICA!B78 -> CEN49 | C79: =ESTADISTICA!C78 -> Av. San Martin y Florencio Sanchez | D79: =ESTADISTICA!D78 -> Domo | E79: =ESTADISTICA!E78 -> Radio | F79: =ESTADISTICA!F78 -> 0 | G79: =ESTADISTICA!G78 -> 0 | H79: =ESTADISTICA!H78 -> 0 | ... AG79: =ESTADISTICA!AG78 -> 0
A80: =ESTADISTICA!A79 -> CENTRO | B80: =ESTADISTICA!B79 -> CEN52 | C80: =ESTADISTICA!C79 -> San Martin y Almafuerte (ex San Martin y Dorrego) | D80: =ESTADISTICA!D79 -> DOMO | E80: =ESTADISTICA!E79 -> Radio | F80: =ESTADISTICA!F79 -> 0 | G80: =ESTADISTICA!G79 -> 0 | H80: =ESTADISTICA!H79 -> 0 | ... AG80: =ESTADISTICA!AG79 -> 0
A81: =ESTADISTICA!A80 -> CENTRO | B81: =ESTADISTICA!B80 -> CEN59 | C81: =ESTADISTICA!C80 -> CHACABUCO Y BOUREL | D81: =ESTADISTICA!D80 -> DOMO | E81: =ESTADISTICA!E80 -> Radio | F81: =ESTADISTICA!F80 -> 0 | G81: =ESTADISTICA!G80 -> 0 | H81: =ESTADISTICA!H80 -> APAGADO | ... AG81: =ESTADISTICA!AG80 -> 0
A82: =ESTADISTICA!A81 -> CENTRO | B82: =ESTADISTICA!B81 -> CEN62 | C82: =ESTADISTICA!C81 -> ESPAÃ‘A Y ALEM | D82: =ESTADISTICA!D81 -> DOMO | E82: =ESTADISTICA!E81 -> PTO A FO | F82: =ESTADISTICA!F81 -> 0 | G82: =ESTADISTICA!G81 -> 0 | H82: =ESTADISTICA!H81 -> 0 | ... AG82: =ESTADISTICA!AG81 -> 0
A83: =ESTADISTICA!A82 -> CENTRO | B83: =ESTADISTICA!B82 -> CEN63 | C83: =ESTADISTICA!C82 -> SAN MARTIN Y URQUIZA | D83: =ESTADISTICA!D82 -> DOMO | E83: =ESTADISTICA!E82 -> Fibra Optica | F83: =ESTADISTICA!F82 -> 0 | G83: =ESTADISTICA!G82 -> 0 | H83: =ESTADISTICA!H82 -> 0 | ... AG83: =ESTADISTICA!AG82 -> 0
A84: =ESTADISTICA!A83 -> CENTRO | B84: =ESTADISTICA!B83 -> CEN64 | C84: =ESTADISTICA!C83 -> SAN MARTIN Y BOCCUZZI | D84: =ESTADISTICA!D83 -> FIJA | E84: =ESTADISTICA!E83 -> Fibra Optica | F84: =ESTADISTICA!F83 -> 0 | G84: =ESTADISTICA!G83 -> 0 | H84: =ESTADISTICA!H83 -> 0 | ... AG84: =ESTADISTICA!AG83 -> 0
A85: =ESTADISTICA!A84 -> CENTRO | B85: =ESTADISTICA!B84 -> CEN66 | C85: =ESTADISTICA!C84 -> SAN MARTIN Y JUAN PERON | D85: =ESTADISTICA!D84 -> FIJA | E85: =ESTADISTICA!E84 -> Fibra Optica | F85: =ESTADISTICA!F84 -> 0 | G85: =ESTADISTICA!G84 -> 0 | H85: =ESTADISTICA!H84 -> 0 | ... AG85: =ESTADISTICA!AG84 -> 0
A86: =ESTADISTICA!A85 -> CENTRO | B86: =ESTADISTICA!B85 -> CEN67 (fija 1) | C86: =ESTADISTICA!C85 -> 9 DE JULIO Y BROWN | D86: =ESTADISTICA!D85 -> Fija | E86: =ESTADISTICA!E85 -> Fibra Optica | F86: =ESTADISTICA!F85 -> 0 | G86: =ESTADISTICA!G85 -> 0 | H86: =ESTADISTICA!H85 -> 0 | ... AG86: =ESTADISTICA!AG85 -> 0
A87: =ESTADISTICA!A86 -> CENTRO | B87: =ESTADISTICA!B86 -> CEN68 (fija 2) | C87: =ESTADISTICA!C86 -> 9 DE JULIO Y BROWN | D87: =ESTADISTICA!D86 -> Fija | E87: =ESTADISTICA!E86 -> Fibra Optica | F87: =ESTADISTICA!F86 -> 0 | G87: =ESTADISTICA!G86 -> 0 | H87: =ESTADISTICA!H86 -> 0 | ... AI87: =ESTADISTICA!AI86 -> 0
A88: =ESTADISTICA!A87 -> CENTRO | B88: =ESTADISTICA!B87 -> CEN69 | C88: =ESTADISTICA!C87 -> RIVADAVIA Y BOUREL | D88: =ESTADISTICA!D87 -> DOMO | E88: =ESTADISTICA!E87 -> Fibra Optica | F88: =ESTADISTICA!F87 -> 0 | G88: =ESTADISTICA!G87 -> 0 | H88: =ESTADISTICA!H87 -> 0 | ... AI88: =ESTADISTICA!AI87 -> 0
A89: =ESTADISTICA!A88 -> CENTRO | B89: =ESTADISTICA!B88 -> CEN73 | C89: =ESTADISTICA!C88 -> BOUREL Y DEFENSA | D89: =ESTADISTICA!D88 -> DOMO | E89: =ESTADISTICA!E88 -> Fibra Optica | F89: =ESTADISTICA!F88 -> 0 | G89: =ESTADISTICA!G88 -> 0 | H89: =ESTADISTICA!H88 -> 0 | ... AI89: =ESTADISTICA!AI88 -> 0
A90: =ESTADISTICA!A89 -> CENTRO | B90: =ESTADISTICA!B89 -> CEN74 | C90: =ESTADISTICA!C89 -> Las Heras y Maipu | D90: =ESTADISTICA!D89 -> Domo | E90: =ESTADISTICA!E89 -> FIBRA OPTICA | F90: =ESTADISTICA!F89 -> 0 | G90: =ESTADISTICA!G89 -> 0 | H90: =ESTADISTICA!H89 -> 0 | ... AI90: =ESTADISTICA!AI89 -> 0
A91: =ESTADISTICA!A90 -> SAN NICOLAS | B91: =ESTADISTICA!B90 -> CHA01 | C91: =ESTADISTICA!C90 -> Novak y Pte Illia | D91: =ESTADISTICA!D90 -> Domo | E91: =ESTADISTICA!E90 -> Radio | F91: =ESTADISTICA!F90 -> 0 | G91: =ESTADISTICA!G90 -> 0 | H91: =ESTADISTICA!H90 -> 0 | ... AG91: =ESTADISTICA!AG90 -> 0
A92: =ESTADISTICA!A91 -> CHACABUCO | B92: =ESTADISTICA!B91 -> CHA02 | C92: =ESTADISTICA!C91 -> Pte. Illia y Posadas | D92: =ESTADISTICA!D91 -> Domo | E92: =ESTADISTICA!E91 -> Radio | F92: =ESTADISTICA!F91 -> 0 | G92: =ESTADISTICA!G91 -> 0 | H92: =ESTADISTICA!H91 -> 0 | ... AG92: =ESTADISTICA!AG91 -> 0
A93: =ESTADISTICA!A92 -> CHACABUCO | B93: =ESTADISTICA!B92 -> CHA03 | C93: =ESTADISTICA!C92 -> MAIPU Y ALVAREZ THOMAS | D93: =ESTADISTICA!D92 -> DOMO | E93: =ESTADISTICA!E92 -> Fibra Optica | F93: =ESTADISTICA!F92 -> 0 | G93: =ESTADISTICA!G92 -> 0 | H93: =ESTADISTICA!H92 -> 0 | ... AG93: =ESTADISTICA!AG92 -> 0
A94: =ESTADISTICA!A93 -> CHACABUCO | B94: =ESTADISTICA!B93 -> CHA04 | C94: =ESTADISTICA!C93 -> ESTADOS UNIDOS DE A. E ILLIA | D94: =ESTADISTICA!D93 -> DOMO | E94: =ESTADISTICA!E93 -> Fibra Optica | F94: =ESTADISTICA!F93 -> 0 | G94: =ESTADISTICA!G93 -> 0 | H94: =ESTADISTICA!H93 -> 0 | ... AG94: =ESTADISTICA!AG93 -> 0
A95: =ESTADISTICA!A94 -> LA COLORADA ESTE | B95: =ESTADISTICA!B94 -> COL 03 | C95: =ESTADISTICA!C94 -> CARIBONI Y LA ANCIANIDAD | D95: =ESTADISTICA!D94 -> DOMO | E95: =ESTADISTICA!E94 -> Radio | F95: =ESTADISTICA!F94 -> 0 | G95: =ESTADISTICA!G94 -> 0 | H95: =ESTADISTICA!H94 -> 0 | ... AG95: =ESTADISTICA!AG94 -> 0
A96: =ESTADISTICA!A95 -> VILLA MONICA NUEVA | B96: =ESTADISTICA!B95 -> COL01 | C96: =ESTADISTICA!C95 -> Eva Peron y Cariboni | D96: =ESTADISTICA!D95 -> Domo | E96: =ESTADISTICA!E95 -> Radio | F96: =ESTADISTICA!F95 -> 0 | G96: =ESTADISTICA!G95 -> 0 | H96: =ESTADISTICA!H95 -> 0 | ... AG96: =ESTADISTICA!AG95 -> 0
A97: =ESTADISTICA!A96 -> LA COLORADA ESTE | B97: =ESTADISTICA!B96 -> COL02 | C97: =ESTADISTICA!C96 -> Av. Eva Peron y Pompeya | D97: =ESTADISTICA!D96 -> Domo | E97: =ESTADISTICA!E96 -> Radio | F97: =ESTADISTICA!F96 -> 0 | G97: =ESTADISTICA!G96 -> 0 | H97: =ESTADISTICA!H96 -> 0 | ... AG97: =ESTADISTICA!AG96 -> 0
A98: =ESTADISTICA!A97 -> DON JOSE | B98: =ESTADISTICA!B97 -> DJO 02 (fija 1) | C98: =ESTADISTICA!C97 -> DONATO ALVAREZ Y EL APERO | D98: =ESTADISTICA!D97 -> Fija | E98: =ESTADISTICA!E97 -> PTO A FO | F98: =ESTADISTICA!F97 -> 0 | G98: =ESTADISTICA!G97 -> 0 | H98: =ESTADISTICA!H97 -> 0 | ... AG98: =ESTADISTICA!AG97 -> 0
A99: =ESTADISTICA!A98 -> DON JOSE | B99: =ESTADISTICA!B98 -> DJO 03 (fija 2) | C99: =ESTADISTICA!C98 -> DONATO ALVAREZ Y EL APERO | D99: =ESTADISTICA!D98 -> Fija | E99: =ESTADISTICA!E98 -> PTO A FO | F99: =ESTADISTICA!F98 -> 0 | G99: =ESTADISTICA!G98 -> 0 | H99: =ESTADISTICA!H98 -> 0 | ... AG99: =ESTADISTICA!AG98 -> 0
A100: =ESTADISTICA!A99 -> DON JOSE | B100: =ESTADISTICA!B99 -> DJO 04 (Fija 1) | C100: =ESTADISTICA!C99 -> MONTEVERDE Y EL INDIO | D100: =ESTADISTICA!D99 -> Fija | E100: =ESTADISTICA!E99 -> Radio | F100: =ESTADISTICA!F99 -> 0 | G100: =ESTADISTICA!G99 -> 0 | H100: =ESTADISTICA!H99 -> 0 | ... AG100: =ESTADISTICA!AG99 -> 0
A101: =ESTADISTICA!A100 -> DON JOSE | B101: =ESTADISTICA!B100 -> DJO 05 (Fija 2) | C101: =ESTADISTICA!C100 -> MONTEVERDE Y EL INDIO | D101: =ESTADISTICA!D100 -> Fija | E101: =ESTADISTICA!E100 -> Radio | F101: =ESTADISTICA!F100 -> 0 | G101: =ESTADISTICA!G100 -> 0 | H101: =ESTADISTICA!H100 -> 0 | ... AG101: =ESTADISTICA!AG100 -> 0
A102: =ESTADISTICA!A101 -> DON JOSE | B102: =ESTADISTICA!B101 -> DJO01 | C102: =ESTADISTICA!C101 -> Monteverde y Donato Alvarez | D102: =ESTADISTICA!D101 -> Domo | E102: =ESTADISTICA!E101 -> RADIO | F102: =ESTADISTICA!F101 -> 0 | G102: =ESTADISTICA!G101 -> 0 | H102: =ESTADISTICA!H101 -> 0 | ... AI102: =ESTADISTICA!AI101 -> 0
A103: =ESTADISTICA!A102 -> EL PARQUE | B103: =ESTADISTICA!B102 -> EPQ 01 | C103: =ESTADISTICA!C102 -> 1282 Y GRIERSON | D103: =ESTADISTICA!D102 -> DOMO | E103: =ESTADISTICA!E102 -> Fibra Optica | F103: =ESTADISTICA!F102 -> 0 | G103: =ESTADISTICA!G102 -> 0 | H103: =ESTADISTICA!H102 -> 0 | ... AI103: =ESTADISTICA!AI102 -> 0
A104: =ESTADISTICA!A103 -> EL PARQUE | B104: =ESTADISTICA!B103 -> EPQ 02 | C104: =ESTADISTICA!C103 -> 1282 Y MASSE | D104: =ESTADISTICA!D103 -> DOMO | E104: =ESTADISTICA!E103 -> Fibra Optica | F104: =ESTADISTICA!F103 -> 0 | G104: =ESTADISTICA!G103 -> 0 | H104: =ESTADISTICA!H103 -> 0 | ... AG104: =ESTADISTICA!AG103 -> 0
A105: =ESTADISTICA!A104 -> EL PARQUE | B105: =ESTADISTICA!B104 -> EPQ 03 | C105: =ESTADISTICA!C104 -> 1282 Y RP 36 | D105: =ESTADISTICA!D104 -> Domo | E105: =ESTADISTICA!E104 -> Fibra Optica | F105: =ESTADISTICA!F104 -> 0 | G105: =ESTADISTICA!G104 -> 0 | H105: =ESTADISTICA!H104 -> 0 | ... AG105: =ESTADISTICA!AG104 -> 0
A106: =ESTADISTICA!A105 -> EL PARQUE | B106: =ESTADISTICA!B105 -> EPQ 04 | C106: =ESTADISTICA!C105 -> 1282 Y MORENO | D106: =ESTADISTICA!D105 -> DOMO | E106: =ESTADISTICA!E105 -> Fibra Optica | F106: =ESTADISTICA!F105 -> 0 | G106: =ESTADISTICA!G105 -> 0 | H106: =ESTADISTICA!H105 -> 0 | ... AG106: =ESTADISTICA!AG105 -> 0
A107: =ESTADISTICA!A106 -> LA ESMERALDA | B107: =ESTADISTICA!B106 -> ESM 08 | C107: =ESTADISTICA!C106 -> DAVINSON Y MORANCHEL | D107: =ESTADISTICA!D106 -> FIJA | E107: =ESTADISTICA!E106 -> Radio | F107: =ESTADISTICA!F106 -> 0 | G107: =ESTADISTICA!G106 -> 0 | H107: =ESTADISTICA!H106 -> 0 | ... AG107: =ESTADISTICA!AG106 -> 0
A108: =ESTADISTICA!A107 -> LA ESMERALDA | B108: =ESTADISTICA!B107 -> ESM01 | C108: =ESTADISTICA!C107 -> Cabello y Brasil | D108: =ESTADISTICA!D107 -> Domo | E108: =ESTADISTICA!E107 -> Radio | F108: =ESTADISTICA!F107 -> 0 | G108: =ESTADISTICA!G107 -> 0 | H108: =ESTADISTICA!H107 -> 0 | ... AG108: =ESTADISTICA!AG107 -> 0
A109: =ESTADISTICA!A108 -> SAN JORGE | B109: =ESTADISTICA!B108 -> ESM02 | C109: =ESTADISTICA!C108 -> Novak y Cabello | D109: =ESTADISTICA!D108 -> Domo | E109: =ESTADISTICA!E108 -> PTO A FO | F109: =ESTADISTICA!F108 -> APAGADO | G109: =ESTADISTICA!G108 -> APAGADO | H109: =ESTADISTICA!H108 -> 0 | ... AG109: =ESTADISTICA!AG108 -> 0
A110: =ESTADISTICA!A109 -> LIBERTAD | B110: =ESTADISTICA!B109 -> ESM03 | C110: =ESTADISTICA!C109 -> Novak y Humahuaca | D110: =ESTADISTICA!D109 -> DOMO | E110: =ESTADISTICA!E109 -> PTO A FO | F110: =ESTADISTICA!F109 -> 0 | G110: =ESTADISTICA!G109 -> 0 | H110: =ESTADISTICA!H109 -> 0 | ... AG110: =ESTADISTICA!AG109 -> 0
A111: =ESTADISTICA!A110 -> LA ESMERALDA | B111: =ESTADISTICA!B110 -> ESM04 | C111: =ESTADISTICA!C110 -> Basualdo y Bengochea | D111: =ESTADISTICA!D110 -> Domo | E111: =ESTADISTICA!E110 -> FIBRA OPTICA | F111: =ESTADISTICA!F110 -> APAGADO | G111: =ESTADISTICA!G110 -> APAGADO | H111: =ESTADISTICA!H110 -> 0 | ... AG111: =ESTADISTICA!AG110 -> 0
A112: =ESTADISTICA!A111 -> LA ESMERALDA | B112: =ESTADISTICA!B111 -> ESM05 | C112: =ESTADISTICA!C111 -> Aniceto Diaz y Villar | D112: =ESTADISTICA!D111 -> Domo | E112: =ESTADISTICA!E111 -> FIBRA OPTICA | F112: =ESTADISTICA!F111 -> 0 | G112: =ESTADISTICA!G111 -> 0 | H112: =ESTADISTICA!H111 -> 0 | ... AG112: =ESTADISTICA!AG111 -> 0
A113: =ESTADISTICA!A112 -> LA ESMERALDA | B113: =ESTADISTICA!B112 -> ESM06 | C113: =ESTADISTICA!C112 -> Roselli y Cabello | D113: =ESTADISTICA!D112 -> Domo | E113: =ESTADISTICA!E112 -> Radio | F113: =ESTADISTICA!F112 -> 0 | G113: =ESTADISTICA!G112 -> 0 | H113: =ESTADISTICA!H112 -> 0 | ... AI113: =ESTADISTICA!AI112 -> 0
A114: =ESTADISTICA!A113 -> LA ESMERALDA | B114: =ESTADISTICA!B113 -> ESM07 | C114: =ESTADISTICA!C113 -> AV. NOVAK Y SERRANO | D114: =ESTADISTICA!D113 -> DOMO | E114: =ESTADISTICA!E113 -> PTO A FO | F114: =ESTADISTICA!F113 -> 0 | G114: =ESTADISTICA!G113 -> 0 | H114: =ESTADISTICA!H113 -> 0 | ... AI114: =ESTADISTICA!AI113 -> 0
A115: =ESTADISTICA!A114 -> LA ESMERALDA | B115: =ESTADISTICA!B114 -> ESM09 (fija 1) | C115: =ESTADISTICA!C114 -> EEUU Y CABELLO | D115: =ESTADISTICA!D114 -> Fija | E115: =ESTADISTICA!E114 -> Fibra Optica | F115: =ESTADISTICA!F114 -> 0 | G115: =ESTADISTICA!G114 -> 0 | H115: =ESTADISTICA!H114 -> 0 | ... AG115: =ESTADISTICA!AG114 -> 0
A116: =ESTADISTICA!A115 -> LA ESMERALDA | B116: =ESTADISTICA!B115 -> ESM10 (fija 2) | C116: =ESTADISTICA!C115 -> EEUU Y CABELLO | D116: =ESTADISTICA!D115 -> Fija | E116: =ESTADISTICA!E115 -> Fibra Optica | F116: =ESTADISTICA!F115 -> 0 | G116: =ESTADISTICA!G115 -> 0 | H116: =ESTADISTICA!H115 -> 0 | ... AG116: =ESTADISTICA!AG115 -> 0
A117: =ESTADISTICA!A116 -> LA ESMERALDA | B117: =ESTADISTICA!B116 -> ESM11 (fija 1) | C117: =ESTADISTICA!C116 -> NOVAK Y LAMBARDI | D117: =ESTADISTICA!D116 -> Fija | E117: =ESTADISTICA!E116 -> Fibra Optica | F117: =ESTADISTICA!F116 -> 0 | G117: =ESTADISTICA!G116 -> 0 | H117: =ESTADISTICA!H116 -> 0 | ... AG117: =ESTADISTICA!AG116 -> 0
A118: =ESTADISTICA!A117 -> LA ESMERALDA | B118: =ESTADISTICA!B117 -> ESM12 (fija 2) | C118: =ESTADISTICA!C117 -> NOVAK Y LAMBARDI | D118: =ESTADISTICA!D117 -> Fija | E118: =ESTADISTICA!E117 -> Fibra Optica | F118: =ESTADISTICA!F117 -> APAGADO | G118: =ESTADISTICA!G117 -> APAGADO | H118: =ESTADISTICA!H117 -> APAGADO | ... AG118: =ESTADISTICA!AG117 -> 0
A119: =ESTADISTICA!A118 -> INGENIERO ALLAN | B119: =ESTADISTICA!B118 -> INA 01 | C119: =ESTADISTICA!C118 -> 1138 Y 1155 | D119: =ESTADISTICA!D118 -> DOMO | E119: =ESTADISTICA!E118 -> Fibra Optica | F119: =ESTADISTICA!F118 -> APAGADO | G119: =ESTADISTICA!G118 -> APAGADO | H119: =ESTADISTICA!H118 -> APAGADO | ... AG119: =ESTADISTICA!AG118 -> 0
A120: =ESTADISTICA!A119 -> INGENIERO ALLAN | B120: =ESTADISTICA!B119 -> INA 02 | C120: =ESTADISTICA!C119 -> 1144 Y 1155 | D120: =ESTADISTICA!D119 -> DOMO | E120: =ESTADISTICA!E119 -> Fibra Optica | F120: =ESTADISTICA!F119 -> 0 | G120: =ESTADISTICA!G119 -> 0 | H120: =ESTADISTICA!H119 -> 0 | ... AG120: =ESTADISTICA!AG119 -> 0
A121: =ESTADISTICA!A120 -> INFICO | B121: =ESTADISTICA!B120 -> INF 01 | C121: =ESTADISTICA!C120 -> AV. HUDSON Y CARIBONI | D121: =ESTADISTICA!D120 -> 0 | E121: =ESTADISTICA!E120 -> Fibra Optica | F121: =ESTADISTICA!F120 -> 0 | G121: =ESTADISTICA!G120 -> 0 | H121: =ESTADISTICA!H120 -> 0 | ... AG121: =ESTADISTICA!AG120 -> 0
A122: =ESTADISTICA!A121 -> KM 26700 (JULIO A. COSTA) | B122: =ESTADISTICA!B121 -> KM 07 | C122: =ESTADISTICA!C121 -> EL ALJIBE E/ EL ZONDA Y DON SEGUNDO SOMBRA | D122: =ESTADISTICA!D121 -> DOMO | E122: =ESTADISTICA!E121 -> Radio | F122: =ESTADISTICA!F121 -> 0 | G122: =ESTADISTICA!G121 -> 0 | H122: =ESTADISTICA!H121 -> 0 | ... AG122: =ESTADISTICA!AG121 -> 0
A123: =ESTADISTICA!A122 -> KM 26700 (JULIO A. COSTA) | B123: =ESTADISTICA!B122 -> KM 10 / UPA 2 | C123: =ESTADISTICA!C122 -> PLAYA DE ESTACIONAMIENTO INTERNA E/ HOSP. MODULAR Y UPA 11. | D123: =ESTADISTICA!D122 -> DOMO | E123: =ESTADISTICA!E122 -> Radio | F123: =ESTADISTICA!F122 -> 0 | G123: =ESTADISTICA!G122 -> 0 | H123: =ESTADISTICA!H122 -> 0 | ... AG123: =ESTADISTICA!AG122 -> 0
A124: =ESTADISTICA!A123 -> KM 26700 (JULIO A. COSTA) | B124: =ESTADISTICA!B123 -> KM 12 FIJA 1 | C124: =ESTADISTICA!C123 -> BLANDENGUES Y LA ZAMBA | D124: =ESTADISTICA!D123 -> Fija | E124: =ESTADISTICA!E123 -> PTO A FO | F124: =ESTADISTICA!F123 -> 0 | G124: =ESTADISTICA!G123 -> 0 | H124: =ESTADISTICA!H123 -> 0 | ... AG124: =ESTADISTICA!AG123 -> 0
A125: =ESTADISTICA!A124 -> KM 26700 (JULIO A. COSTA) | B125: =ESTADISTICA!B124 -> KM 13 FIJA 2 | C125: =ESTADISTICA!C124 -> BLANDENGUES Y LA ZAMBA | D125: =ESTADISTICA!D124 -> Fija | E125: =ESTADISTICA!E124 -> PTO A FO | F125: =ESTADISTICA!F124 -> 0 | G125: =ESTADISTICA!G124 -> 0 | H125: =ESTADISTICA!H124 -> 0 | ... AG125: =ESTADISTICA!AG124 -> 0
A126: =ESTADISTICA!A125 -> KM 26700 (JULIO A. COSTA) | B126: =ESTADISTICA!B125 -> KM 14 (fija 1) | C126: =ESTADISTICA!C125 -> EL GAUCHO Y EL ZONDA | D126: =ESTADISTICA!D125 -> Fija | E126: =ESTADISTICA!E125 -> PTO A FO | F126: =ESTADISTICA!F125 -> 0 | G126: =ESTADISTICA!G125 -> 0 | H126: =ESTADISTICA!H125 -> 0 | ... AG126: =ESTADISTICA!AG125 -> 0
A127: =ESTADISTICA!A126 -> KM 26700 (JULIO A. COSTA) | B127: =ESTADISTICA!B126 -> KM 15 (fija 2) | C127: =ESTADISTICA!C126 -> EL GAUCHO Y EL ZONDA | D127: =ESTADISTICA!D126 -> Fija | E127: =ESTADISTICA!E126 -> PTO A FO | F127: =ESTADISTICA!F126 -> 0 | G127: =ESTADISTICA!G126 -> 0 | H127: =ESTADISTICA!H126 -> 0 | ... AI127: =ESTADISTICA!AI126 -> 0
A128: =ESTADISTICA!A127 -> KM 26700 (JULIO A. COSTA) | B128: =ESTADISTICA!B127 -> KM 16 (fija 1) | C128: =ESTADISTICA!C127 -> EL GAUCHO Y MARTIN FIERRO | D128: =ESTADISTICA!D127 -> Fija | E128: =ESTADISTICA!E127 -> PTO A FO | F128: =ESTADISTICA!F127 -> 0 | G128: =ESTADISTICA!G127 -> 0 | H128: =ESTADISTICA!H127 -> 0 | ... AI128: =ESTADISTICA!AI127 -> 0
A129: =ESTADISTICA!A128 -> KM 26700 (JULIO A. COSTA) | B129: =ESTADISTICA!B128 -> KM 17 (fija 2) | C129: =ESTADISTICA!C128 -> EL GAUCHO Y MARTIN FIERRO | D129: =ESTADISTICA!D128 -> Fija | E129: =ESTADISTICA!E128 -> PTO A FO | F129: =ESTADISTICA!F128 -> 0 | G129: =ESTADISTICA!G128 -> 0 | H129: =ESTADISTICA!H128 -> 0 | ... AG129: =ESTADISTICA!AG128 -> 0
A130: =ESTADISTICA!A129 -> VILLA ARGENTINA | B130: =ESTADISTICA!B129 -> KM01 | C130: =ESTADISTICA!C129 -> Vias FFCC y La Pulperia | D130: =ESTADISTICA!D129 -> DOMO | E130: =ESTADISTICA!E129 -> Radio | F130: =ESTADISTICA!F129 -> 0 | G130: =ESTADISTICA!G129 -> 0 | H130: =ESTADISTICA!H129 -> 0 | ... AG130: =ESTADISTICA!AG129 -> 0
A131: =ESTADISTICA!A130 -> CHACABUCO | B131: =ESTADISTICA!B130 -> KM02 | C131: =ESTADISTICA!C130 -> Novak e/El Overo y el Mangrullo | D131: =ESTADISTICA!D130 -> Domo | E131: =ESTADISTICA!E130 -> Radio | F131: =ESTADISTICA!F130 -> APAGADO | G131: =ESTADISTICA!G130 -> APAGADO | H131: =ESTADISTICA!H130 -> APAGADO | ... AI131: =ESTADISTICA!AI130 -> 0
A132: =ESTADISTICA!A131 -> KM 26700 (JULIO A. COSTA) | B132: =ESTADISTICA!B131 -> KM03 | C132: =ESTADISTICA!C131 -> Novak y La Pulperia | D132: =ESTADISTICA!D131 -> Domo | E132: =ESTADISTICA!E131 -> Radio | F132: =ESTADISTICA!F131 -> 0 | G132: =ESTADISTICA!G131 -> 0 | H132: =ESTADISTICA!H131 -> 0 | ... AG132: =ESTADISTICA!AG131 -> 0
A133: =ESTADISTICA!A132 -> KM 26700 (JULIO A. COSTA) | B133: =ESTADISTICA!B132 -> KM04 | C133: =ESTADISTICA!C132 -> El Ombu y El Zonda | D133: =ESTADISTICA!D132 -> Domo | E133: =ESTADISTICA!E132 -> Radio | F133: =ESTADISTICA!F132 -> 0 | G133: =ESTADISTICA!G132 -> 0 | H133: =ESTADISTICA!H132 -> 0 | ... AG133: =ESTADISTICA!AG132 -> 0
A134: =ESTADISTICA!A133 -> KM 26700 (JULIO A. COSTA) | B134: =ESTADISTICA!B133 -> KM05 | C134: =ESTADISTICA!C133 -> El Ombu y Los Charruas | D134: =ESTADISTICA!D133 -> Domo | E134: =ESTADISTICA!E133 -> Radio | F134: =ESTADISTICA!F133 -> APAGADO | G134: =ESTADISTICA!G133 -> APAGADO | H134: =ESTADISTICA!H133 -> APAGADO | ... AG134: =ESTADISTICA!AG133 -> 0
A135: =ESTADISTICA!A134 -> KM 26700 (JULIO A. COSTA) | B135: =ESTADISTICA!B134 -> KM06 | C135: =ESTADISTICA!C134 -> El Ombu y La Cautiva | D135: =ESTADISTICA!D134 -> DOMO | E135: =ESTADISTICA!E134 -> Radio | F135: =ESTADISTICA!F134 -> 0 | G135: =ESTADISTICA!G134 -> 0 | H135: =ESTADISTICA!H134 -> 0 | ... AG135: =ESTADISTICA!AG134 -> 0
A136: =ESTADISTICA!A135 -> KM 26700 (JULIO A. COSTA) | B136: =ESTADISTICA!B135 -> KM08 / UPA 03 | C136: =ESTADISTICA!C135 -> LOS CHARRUAS Y BLANDENGUES | D136: =ESTADISTICA!D135 -> DOMO | E136: =ESTADISTICA!E135 -> Radio | F136: =ESTADISTICA!F135 -> 0 | G136: =ESTADISTICA!G135 -> 0 | H136: =ESTADISTICA!H135 -> 0 | ... AI136: =ESTADISTICA!AI135 -> 0
A137: =ESTADISTICA!A136 -> KM 26700 (JULIO A. COSTA) | B137: =ESTADISTICA!B136 -> KM09 / UPA 1 | C137: =ESTADISTICA!C136 -> NOVAK Y LA POSTA | D137: =ESTADISTICA!D136 -> DOMO | E137: =ESTADISTICA!E136 -> Radio | F137: =ESTADISTICA!F136 -> 0 | G137: =ESTADISTICA!G136 -> 0 | H137: =ESTADISTICA!H136 -> 0 | ... AI137: =ESTADISTICA!AI136 -> 0
A138: =ESTADISTICA!A137 -> KM 26700 (JULIO A. COSTA) | B138: =ESTADISTICA!B137 -> KM11 | C138: =ESTADISTICA!C137 -> NOVAK Y EL OVERO | D138: =ESTADISTICA!D137 -> DOMO | E138: =ESTADISTICA!E137 -> Fibra Optica | F138: =ESTADISTICA!F137 -> 0 | G138: =ESTADISTICA!G137 -> 0 | H138: =ESTADISTICA!H137 -> 0 | ... AI138: =ESTADISTICA!AI137 -> 0
A139: =ESTADISTICA!A138 -> LOMAS DE MONTEVERDE | B139: =ESTADISTICA!B138 -> LDM 01 | C139: =ESTADISTICA!C138 -> ILLIA Y BOUREL | D139: =ESTADISTICA!D138 -> DOMO | E139: =ESTADISTICA!E138 -> PTO A FO | F139: =ESTADISTICA!F138 -> 0 | G139: =ESTADISTICA!G138 -> 0 | H139: =ESTADISTICA!H138 -> 0 | ... AI139: =ESTADISTICA!AI138 -> 0
A140: =ESTADISTICA!A139 -> LOMAS DE MONTEVERDE | B140: =ESTADISTICA!B139 -> LDM 02 | C140: =ESTADISTICA!C139 -> LAS HERAS Y EDISON | D140: =ESTADISTICA!D139 -> DOMO | E140: =ESTADISTICA!E139 -> PTO A FO | F140: =ESTADISTICA!F139 -> 0 | G140: =ESTADISTICA!G139 -> 0 | H140: =ESTADISTICA!H139 -> 0 | ... AG140: =ESTADISTICA!AG139 -> 0
A141: =ESTADISTICA!A140 -> LOMAS DE MONTEVERDE | B141: =ESTADISTICA!B140 -> LDM 03 | C141: =ESTADISTICA!C140 -> LAS HERAS Y FRANKLIN | D141: =ESTADISTICA!D140 -> DOMO | E141: =ESTADISTICA!E140 -> PTO A FO | F141: =ESTADISTICA!F140 -> 0 | G141: =ESTADISTICA!G140 -> 0 | H141: =ESTADISTICA!H140 -> 0 | ... AG141: =ESTADISTICA!AG140 -> 0
A142: =ESTADISTICA!A141 -> CHACABUCO | B142: =ESTADISTICA!B141 -> LPI 01 | C142: =ESTADISTICA!C141 -> MaipÃº y Posadas | D142: =ESTADISTICA!D141 -> Domo | E142: =ESTADISTICA!E141 -> Radio | F142: =ESTADISTICA!F141 -> 0 | G142: =ESTADISTICA!G141 -> 0 | H142: =ESTADISTICA!H141 -> 0 | ... AG142: =ESTADISTICA!AG141 -> 0
A143: =ESTADISTICA!A142 -> CHACABUCO | B143: =ESTADISTICA!B142 -> LPI02 | C143: =ESTADISTICA!C142 -> EE.UU y Ayacucho | D143: =ESTADISTICA!D142 -> Domo | E143: =ESTADISTICA!E142 -> Radio | F143: =ESTADISTICA!F142 -> 0 | G143: =ESTADISTICA!G142 -> 0 | H143: =ESTADISTICA!H142 -> 0 | ... AG143: =ESTADISTICA!AG142 -> 0
A144: =ESTADISTICA!A143 -> LA PILETA | B144: =ESTADISTICA!B143 -> LPI03 (fija 2) | C144: =ESTADISTICA!C143 -> MAIPU Y POSADAS | D144: =ESTADISTICA!D143 -> Fija | E144: =ESTADISTICA!E143 -> Fibra Optica | F144: =ESTADISTICA!F143 -> 0 | G144: =ESTADISTICA!G143 -> 0 | H144: =ESTADISTICA!H143 -> 0 | ... AG144: =ESTADISTICA!AG143 -> 0
A145: =ESTADISTICA!A144 -> LA PILETA | B145: =ESTADISTICA!B144 -> LPI04 (fija 1) | C145: =ESTADISTICA!C144 -> MAIPU Y POSADAS | D145: =ESTADISTICA!D144 -> FIJA | E145: =ESTADISTICA!E144 -> Fibra Optica | F145: =ESTADISTICA!F144 -> 0 | G145: =ESTADISTICA!G144 -> 0 | H145: =ESTADISTICA!H144 -> 0 | ... AG145: =ESTADISTICA!AG144 -> 0
A146: =ESTADISTICA!A145 -> LOS PILARES | B146: =ESTADISTICA!B145 -> LPR 01 | C146: =ESTADISTICA!C145 -> EVA PERON E/ CACHEUTA Y 1406 | D146: =ESTADISTICA!D145 -> DOMO | E146: =ESTADISTICA!E145 -> FIBRA OPTICA | F146: =ESTADISTICA!F145 -> 0 | G146: =ESTADISTICA!G145 -> 0 | H146: =ESTADISTICA!H145 -> 0 | ... AG146: =ESTADISTICA!AG145 -> 0
A147: =ESTADISTICA!A146 -> LOS PILARES | B147: =ESTADISTICA!B146 -> LPR02 (fija 1) | C147: =ESTADISTICA!C146 -> EVA PERON Y CACHEUTA | D147: =ESTADISTICA!D146 -> Fija | E147: =ESTADISTICA!E146 -> Fibra Optica | F147: =ESTADISTICA!F146 -> 0 | G147: =ESTADISTICA!G146 -> 0 | H147: =ESTADISTICA!H146 -> 0 | ... AG147: =ESTADISTICA!AG146 -> 0
A148: =ESTADISTICA!A147 -> LOS PILARES | B148: =ESTADISTICA!B147 -> LPR03 (fija 2) | C148: =ESTADISTICA!C147 -> EVA PERON Y CACHEUTA | D148: =ESTADISTICA!D147 -> Fija | E148: =ESTADISTICA!E147 -> Fibra Optica | F148: =ESTADISTICA!F147 -> 0 | G148: =ESTADISTICA!G147 -> 0 | H148: =ESTADISTICA!H147 -> 0 | ... AG148: =ESTADISTICA!AG147 -> 0
A149: =ESTADISTICA!A148 -> LOPEZ ROMERO | B149: =ESTADISTICA!B148 -> LRO 05 | C149: =ESTADISTICA!C148 -> Calchaqui y Las Americas | D149: =ESTADISTICA!D148 -> Fija | E149: =ESTADISTICA!E148 -> Fibra Optica | F149: =ESTADISTICA!F148 -> 0 | G149: =ESTADISTICA!G148 -> 0 | H149: =ESTADISTICA!H148 -> 0 | ... AG149: =ESTADISTICA!AG148 -> 0
A150: =ESTADISTICA!A149 -> LOPEZ ROMERO | B150: =ESTADISTICA!B149 -> LRO 09 | C150: =ESTADISTICA!C149 -> Las AmÃ©ricas y Braile | D150: =ESTADISTICA!D149 -> Domo | E150: =ESTADISTICA!E149 -> Fibra Optica | F150: =ESTADISTICA!F149 -> 0 | G150: =ESTADISTICA!G149 -> 0 | H150: =ESTADISTICA!H149 -> 0 | ... AG150: =ESTADISTICA!AG149 -> 0
A151: =ESTADISTICA!A150 -> LOPEZ ROMERO | B151: =ESTADISTICA!B150 -> LRO 10 | C151: =ESTADISTICA!C150 -> Con. Gral. Belgrano y Balcarce | D151: =ESTADISTICA!D150 -> Domo | E151: =ESTADISTICA!E150 -> Fibra Optica | F151: =ESTADISTICA!F150 -> 0 | G151: =ESTADISTICA!G150 -> 0 | H151: =ESTADISTICA!H150 -> 0 | ... AI151: =ESTADISTICA!AI150 -> 0
A152: =ESTADISTICA!A151 -> LOPEZ ROMERO | B152: =ESTADISTICA!B151 -> LRO 12 (fija 1) | C152: =ESTADISTICA!C151 -> LAS AMERICAS E/ BRAILLE Y ALVARADO | D152: =ESTADISTICA!D151 -> Fija | E152: =ESTADISTICA!E151 -> Fibra Optica | F152: =ESTADISTICA!F151 -> 0 | G152: =ESTADISTICA!G151 -> 0 | H152: =ESTADISTICA!H151 -> 0 | ... AG152: =ESTADISTICA!AG151 -> 0
A153: =ESTADISTICA!A152 -> LOPEZ ROMERO | B153: =ESTADISTICA!B152 -> LRO 13 (fija 2) | C153: =ESTADISTICA!C152 -> LAS AMERICAS E/ BRAILLE Y ALVARADO | D153: =ESTADISTICA!D152 -> Fija | E153: =ESTADISTICA!E152 -> Fibra Optica | F153: =ESTADISTICA!F152 -> 0 | G153: =ESTADISTICA!G152 -> 0 | H153: =ESTADISTICA!H152 -> 0 | ... AG153: =ESTADISTICA!AG152 -> 0
A154: =ESTADISTICA!A153 -> LOPEZ ROMERO | B154: =ESTADISTICA!B153 -> LRO01 | C154: =ESTADISTICA!C153 -> H. IRIGOYEN Y BRAILE | D154: =ESTADISTICA!D153 -> FIJA | E154: =ESTADISTICA!E153 -> FIBRA OPTICA | F154: =ESTADISTICA!F153 -> 0 | G154: =ESTADISTICA!G153 -> 0 | H154: =ESTADISTICA!H153 -> 0 | ... AI154: =ESTADISTICA!AI153 -> 0
A155: =ESTADISTICA!A154 -> PRESIDENTE SARMIENTO | B155: =ESTADISTICA!B154 -> LRO02 | C155: =ESTADISTICA!C154 -> H. Irigoyen e Islas Orcadas | D155: =ESTADISTICA!D154 -> Domo | E155: =ESTADISTICA!E154 -> FIBRA OPTICA | F155: =ESTADISTICA!F154 -> 0 | G155: =ESTADISTICA!G154 -> 0 | H155: =ESTADISTICA!H154 -> 0 | ... AG155: =ESTADISTICA!AG154 -> 0
A156: =ESTADISTICA!A155 -> LOPEZ ROMERO | B156: =ESTADISTICA!B155 -> LRO03 | C156: =ESTADISTICA!C155 -> H. Irigoyen y Parravicini | D156: =ESTADISTICA!D155 -> Fija | E156: =ESTADISTICA!E155 -> Fibra Optica | F156: =ESTADISTICA!F155 -> 0 | G156: =ESTADISTICA!G155 -> 0 | H156: =ESTADISTICA!H155 -> 0 | ... AG156: =ESTADISTICA!AG155 -> 0
A157: =ESTADISTICA!A156 -> LOPEZ ROMERO | B157: =ESTADISTICA!B156 -> LRO04 | C157: =ESTADISTICA!C156 -> H. Irigoyen y Alvarado | D157: =ESTADISTICA!D156 -> FIJA | E157: =ESTADISTICA!E156 -> Fibra Optica | F157: =ESTADISTICA!F156 -> 0 | G157: =ESTADISTICA!G156 -> 0 | H157: =ESTADISTICA!H156 -> 0 | ... AI157: =ESTADISTICA!AI156 -> 0
A158: =ESTADISTICA!A157 -> PRESIDENTE SARMIENTO | B158: =ESTADISTICA!B157 -> LRO06 | C158: =ESTADISTICA!C157 -> H. Irigoyen y Belgrano | D158: =ESTADISTICA!D157 -> Domo | E158: =ESTADISTICA!E157 -> Fibra Optica | F158: =ESTADISTICA!F157 -> 0 | G158: =ESTADISTICA!G157 -> 0 | H158: =ESTADISTICA!H157 -> 0 | ... AG158: =ESTADISTICA!AG157 -> 0
A159: =ESTADISTICA!A158 -> LOPEZ ROMERO | B159: =ESTADISTICA!B158 -> LRO07 | C159: =ESTADISTICA!C158 -> H. Irigoyen y Remedios de Escalada | D159: =ESTADISTICA!D158 -> Domo | E159: =ESTADISTICA!E158 -> Fibra Optica | F159: =ESTADISTICA!F158 -> 0 | G159: =ESTADISTICA!G158 -> 0 | H159: =ESTADISTICA!H158 -> 0 | ... AG159: =ESTADISTICA!AG158 -> 0
A160: =ESTADISTICA!A159 -> LOPEZ ROMERO | B160: =ESTADISTICA!B159 -> LRO08 | C160: =ESTADISTICA!C159 -> Remedios de Escalada y Finochieto | D160: =ESTADISTICA!D159 -> Domo | E160: =ESTADISTICA!E159 -> Fibra Optica | F160: =ESTADISTICA!F159 -> 0 | G160: =ESTADISTICA!G159 -> 0 | H160: =ESTADISTICA!H159 -> 0 | ... AG160: =ESTADISTICA!AG159 -> 0
A161: =ESTADISTICA!A160 -> LOPEZ ROMERO | B161: =ESTADISTICA!B160 -> LRO11 | C161: =ESTADISTICA!C160 -> Av. Yrigoyen y Braile | D161: =ESTADISTICA!D160 -> Domo | E161: =ESTADISTICA!E160 -> FIBRA OPTICA | F161: =ESTADISTICA!F160 -> 0 | G161: =ESTADISTICA!G160 -> 0 | H161: =ESTADISTICA!H160 -> 0 | ... AG161: =ESTADISTICA!AG160 -> 0
A162: =ESTADISTICA!A161 -> LOPEZ ROMERO | B162: =ESTADISTICA!B161 -> LRO14 | C162: =ESTADISTICA!C161 -> YRIGOYEN Y STORNI | D162: =ESTADISTICA!D161 -> DOMO | E162: =ESTADISTICA!E161 -> Fibra Optica | F162: =ESTADISTICA!F161 -> 0 | G162: =ESTADISTICA!G161 -> 0 | H162: =ESTADISTICA!H161 -> 0 | ... AG162: =ESTADISTICA!AG161 -> 0
...

Sheet APAGADOS FIBRA
C1: TOTAL FIBRA | D1: =COUNTIFS(E4:E400,"=Fibra Optica") -> 260
E2: APAGADOS | F2: =COUNTIFS(F4:F400, "=APAGADO",E4:E400,"=Fibra Optica") -> 20 | G2: =COUNTIFS(G4:G400, "=APAGADO",E4:E400,"=Fibra Optica") -> 19 | H2: =COUNTIFS(H4:H400, "=APAGADO",E4:E400,"=Fibra Optica") -> 20 | I2: =COUNTIFS(I4:I400, "=APAGADO",E4:E400,"=Fibra Optica") -> 21 | J2: =COUNTIFS(J4:J400, "=APAGADO",E4:E400,"=Fibra Optica") -> 18 | K2: =COUNTIFS(K4:K400, "=APAGADO",E4:E400,"=Fibra Optica") -> 0 | L2: =COUNTIFS(L4:L400, "=APAGADO",E4:E400,"=Fibra Optica") -> 31 | M2: =COUNTIFS(M4:M400, "=APAGADO",E4:E400,"=Fibra Optica") -> 30 | N2: =COUNTIFS(N4:N400, "=APAGADO",E4:E400,"=Fibra Optica") -> 22 | O2: =COUNTIFS(O4:O400, "=APAGADO",E4:E400,"=Fibra Optica") -> 19 | P2: =COUNTIFS(P4:P400, "=APAGADO",E4:E400,"=Fibra Optica") -> 19 | Q2: =COUNTIFS(Q4:Q400, "=APAGADO",E4:E400,"=Fibra Optica") -> 20 | R2: =COUNTIFS(R4:R400, "=APAGADO",E4:E400,"=Fibra Optica") -> 23 | S2: =COUNTIFS(S4:S400, "=APAGADO",E4:E400,"=Fibra Optica") -> 21 | T2: =COUNTIFS(T4:T400, "=APAGADO",E4:E400,"=Fibra Optica") -> 19 | U2: =COUNTIFS(U4:U400, "=APAGADO",E4:E400,"=Fibra Optica") -> 18 | V2: =COUNTIFS(V4:V400, "=APAGADO",E4:E400,"=Fibra Optica") -> 47 | W2: =COUNTIFS(W4:W400, "=APAGADO",E4:E400,"=Fibra Optica") -> 18 | X2: =COUNTIFS(X4:X400, "=APAGADO",E4:E400,"=Fibra Optica") -> 15 | Y2: =COUNTIFS(Y4:Y400, "=APAGADO",E4:E400,"=Fibra Optica") -> 16 | Z2: =COUNTIFS(Z4:Z400, "=APAGADO",E4:E400,"=Fibra Optica") -> 15 | AA2: =COUNTIFS(AA4:AA400, "=APAGADO",E4:E400,"=Fibra Optica") -> 0 | AB2: =COUNTIFS(AB4:AB400, "=APAGADO",E4:E400,"=Fibra Optica") -> 0 | AC2: =COUNTIFS(AC4:AC400, "=APAGADO",E4:E400,"=Fibra Optica") -> 0 | AD2: =COUNTIFS(AD4:AD400, "=APAGADO",E4:E400,"=Fibra Optica") -> 0 | AE2: =COUNTIFS(AE4:AE400, "=APAGADO",E4:E400,"=Fibra Optica") -> 0 | AF2: =COUNTIFS(AF4:AF400, "=APAGADO",E4:E400,"=Fibra Optica") -> 0 | AG2: =COUNTIFS(AG4:AG400, "=APAGADO",E4:E400,"=Fibra Optica") -> 0 | AH2: =COUNTIFS(AH4:AH400, "=APAGADO",E4:E400,"=Fibra Optica") -> 0 | AI2: =COUNTIFS(AI4:AI400, "=APAGADO",E4:E400,"=Fibra Optica") -> 0
A3: =ESTADISTICA!A1 -> Barrio | B3: =ESTADISTICA!B1 -> [Denominacion] | C3: =ESTADISTICA!C1 -> [Ubicacion] | D3: =ESTADISTICA!D1 -> [Tipo de Camara] | E3: =ESTADISTICA!E1 -> [Tipo de Conexion] | F3: =ESTADISTICA!F1 -> 44743 | G3: =ESTADISTICA!G1 -> 44744 | H3: =ESTADISTICA!H1 -> 44745 | ... AI3: =ESTADISTICA!AI1 -> 44772
A4: =ESTADISTICA!A2 -> ALTAMIRA | B4: =ESTADISTICA!B2 -> ALT 03 | C4: =ESTADISTICA!C2 -> Bombero Galarza y Necochea | D4: =ESTADISTICA!D2 -> Domo | E4: =ESTADISTICA!E2 -> FIBRA OPTICA | F4: =ESTADISTICA!F2 -> 0 | G4: =ESTADISTICA!G2 -> 0 | H4: =ESTADISTICA!H2 -> 0 | ... AI4: =ESTADISTICA!AI2 -> 0
A5: =ESTADISTICA!A3 -> ALTAMIRA | B5: =ESTADISTICA!B3 -> ALT 04 | C5: =ESTADISTICA!C3 -> Francia y Necochea | D5: =ESTADISTICA!D3 -> Domo | E5: =ESTADISTICA!E3 -> FIBRA OPTICA | F5: =ESTADISTICA!F3 -> 0 | G5: =ESTADISTICA!G3 -> 0 | H5: =ESTADISTICA!H3 -> 0 | ... AG5: =ESTADISTICA!AG3 -> 0
A6: =ESTADISTICA!A4 -> ALTAMIRA | B6: =ESTADISTICA!B4 -> ALT 06 | C6: =ESTADISTICA!C4 -> LOPE DE VEGA Y NECOCHEA | D6: =ESTADISTICA!D4 -> Domo | E6: =ESTADISTICA!E4 -> PTO A FO | F6: =ESTADISTICA!F4 -> APAGADO | G6: =ESTADISTICA!G4 -> APAGADO | H6: =ESTADISTICA!H4 -> APAGADO | ... AG6: =ESTADISTICA!AG4 -> 0
A7: =ESTADISTICA!A5 -> ALTAMIRA | B7: =ESTADISTICA!B5 -> ALT 08 | C7: =ESTADISTICA!C5 -> HUMAITA Y NECOCHEA | D7: =ESTADISTICA!D5 -> DOMO | E7: =ESTADISTICA!E5 -> Fibra Optica | F7: =ESTADISTICA!F5 -> 0 | G7: =ESTADISTICA!G5 -> 0 | H7: =ESTADISTICA!H5 -> 0 | ... AG7: =ESTADISTICA!AG5 -> 0
A8: =ESTADISTICA!A6 -> ALTAMIRA | B8: =ESTADISTICA!B6 -> ALT 09 | C8: =ESTADISTICA!C6 -> NECOCHEA Y CURUPAITY | D8: =ESTADISTICA!D6 -> DOMO | E8: =ESTADISTICA!E6 -> Fibra Optica | F8: =ESTADISTICA!F6 -> 0 | G8: =ESTADISTICA!G6 -> 0 | H8: =ESTADISTICA!H6 -> 0 | ... AG8: =ESTADISTICA!AG6 -> 0
A9: =ESTADISTICA!A7 -> ALTAMIRA | B9: =ESTADISTICA!B7 -> ALT 10 | C9: =ESTADISTICA!C7 -> Calchaqui y Francia | D9: =ESTADISTICA!D7 -> Domo | E9: =ESTADISTICA!E7 -> Radio | F9: =ESTADISTICA!F7 -> 0 | G9: =ESTADISTICA!G7 -> 0 | H9: =ESTADISTICA!H7 -> 0 | ... AG9: =ESTADISTICA!AG7 -> 0
A10: =ESTADISTICA!A8 -> ALTAMIRA | B10: =ESTADISTICA!B8 -> ALT01 | C10: =ESTADISTICA!C8 -> Calchaqui y Sgto. Cabral | D10: =ESTADISTICA!D8 -> Domo | E10: =ESTADISTICA!E8 -> Fibra Optica | F10: =ESTADISTICA!F8 -> 0 | G10: =ESTADISTICA!G8 -> 0 | H10: =ESTADISTICA!H8 -> 0 | ... AI10: =ESTADISTICA!AI8 -> 0
A11: =ESTADISTICA!A9 -> ALTAMIRA | B11: =ESTADISTICA!B9 -> ALT02 | C11: =ESTADISTICA!C9 -> Calchaqui y Lope de Vega | D11: =ESTADISTICA!D9 -> Domo | E11: =ESTADISTICA!E9 -> PTO A FO | F11: =ESTADISTICA!F9 -> 0 | G11: =ESTADISTICA!G9 -> 0 | H11: =ESTADISTICA!H9 -> 0 | ... AG11: =ESTADISTICA!AG9 -> 0
A12: =ESTADISTICA!A10 -> ALTAMIRA | B12: =ESTADISTICA!B10 -> ALT05 | C12: =ESTADISTICA!C10 -> Av. Calchaqui y Bombero Galarza | D12: =ESTADISTICA!D10 -> Domo | E12: =ESTADISTICA!E10 -> PTO A FO | F12: =ESTADISTICA!F10 -> 0 | G12: =ESTADISTICA!G10 -> 0 | H12: =ESTADISTICA!H10 -> 0 | ... AI12: =ESTADISTICA!AI10 -> 0
A13: =ESTADISTICA!A11 -> ALTAMIRA | B13: =ESTADISTICA!B11 -> ALT07 | C13: =ESTADISTICA!C11 -> AV. CALCHAQUI Y AV. DEL TRABAJO | D13: =ESTADISTICA!D11 -> DOMO | E13: =ESTADISTICA!E11 -> PTO A FO | F13: =ESTADISTICA!F11 -> 0 | G13: =ESTADISTICA!G11 -> 0 | H13: =ESTADISTICA!H11 -> 0 | ... AI13: =ESTADISTICA!AI11 -> 0
A14: =ESTADISTICA!A12 -> AGUSTIN RAMIREZ | B14: =ESTADISTICA!B12 -> ARA 01 | C14: =ESTADISTICA!C12 -> Malambo y Tranquera | D14: =ESTADISTICA!D12 -> Domo | E14: =ESTADISTICA!E12 -> FIBRA OPTICA | F14: =ESTADISTICA!F12 -> 0 | G14: =ESTADISTICA!G12 -> 0 | H14: =ESTADISTICA!H12 -> 0 | ... AG14: =ESTADISTICA!AG12 -> 0
A15: =ESTADISTICA!A13 -> BELGRANO | B15: =ESTADISTICA!B13 -> BEL 01 | C15: =ESTADISTICA!C13 -> San Martin y Dardo Rocha | D15: =ESTADISTICA!D13 -> DOMO | E15: =ESTADISTICA!E13 -> FIBRA OPTICA | F15: =ESTADISTICA!F13 -> 0 | G15: =ESTADISTICA!G13 -> 0 | H15: =ESTADISTICA!H13 -> 0 | ... AG15: =ESTADISTICA!AG13 -> 0
A16: =ESTADISTICA!A14 -> CENTRO | B16: =ESTADISTICA!B14 -> CEN 05 | C16: =ESTADISTICA!C14 -> Bocuzzi e/EspaÃ±a y San Martin | D16: =ESTADISTICA!D14 -> DOMO | E16: =ESTADISTICA!E14 -> Fibra Optica | F16: =ESTADISTICA!F14 -> 0 | G16: =ESTADISTICA!G14 -> 0 | H16: =ESTADISTICA!H14 -> 0 | ... AI16: =ESTADISTICA!AI14 -> 0
A17: =ESTADISTICA!A15 -> CENTRO | B17: =ESTADISTICA!B15 -> CEN 12 | C17: =ESTADISTICA!C15 -> Monteagudo y Mitre | D17: =ESTADISTICA!D15 -> Domo | E17: =ESTADISTICA!E15 -> Fibra Optica | F17: =ESTADISTICA!F15 -> 0 | G17: =ESTADISTICA!G15 -> 0 | H17: =ESTADISTICA!H15 -> 0 | ... AI17: =ESTADISTICA!AI15 -> 0
A18: =ESTADISTICA!A16 -> CENTRO | B18: =ESTADISTICA!B16 -> CEN 13 | C18: =ESTADISTICA!C16 -> 25 de Mayo y Maipu | D18: =ESTADISTICA!D16 -> DOMO | E18: =ESTADISTICA!E16 -> Fibra Optica | F18: =ESTADISTICA!F16 -> 0 | G18: =ESTADISTICA!G16 -> 0 | H18: =ESTADISTICA!H16 -> 0 | ... AI18: =ESTADISTICA!AI16 -> 0
A19: =ESTADISTICA!A17 -> CENTRO | B19: =ESTADISTICA!B17 -> CEN 37 | C19: =ESTADISTICA!C17 -> Diagonal Granaderos y Monteagudo | D19: =ESTADISTICA!D17 -> Domo | E19: =ESTADISTICA!E17 -> Fibra Optica | F19: =ESTADISTICA!F17 -> 0 | G19: =ESTADISTICA!G17 -> 0 | H19: =ESTADISTICA!H17 -> 0 | ... AG19: =ESTADISTICA!AG17 -> 0
A20: =ESTADISTICA!A18 -> CENTRO | B20: =ESTADISTICA!B18 -> CEN 50 | C20: =ESTADISTICA!C18 -> Av. San Martin y Newbery | D20: =ESTADISTICA!D18 -> Domo | E20: =ESTADISTICA!E18 -> Radio | F20: =ESTADISTICA!F18 -> 0 | G20: =ESTADISTICA!G18 -> 0 | H20: =ESTADISTICA!H18 -> 0 | ... AI20: =ESTADISTICA!AI18 -> 0
A21: =ESTADISTICA!A19 -> CENTRO | B21: =ESTADISTICA!B19 -> CEN 51 | C21: =ESTADISTICA!C19 -> ILLIA Y LAS HERAS | D21: =ESTADISTICA!D19 -> FIJA | E21: =ESTADISTICA!E19 -> Fibra Optica | F21: =ESTADISTICA!F19 -> 0 | G21: =ESTADISTICA!G19 -> 0 | H21: =ESTADISTICA!H19 -> 0 | ... AI21: =ESTADISTICA!AI19 -> 0
A22: =ESTADISTICA!A20 -> CENTRO | B22: =ESTADISTICA!B20 -> CEN 53 | C22: =ESTADISTICA!C20 -> GUTIERREZ Y BROWN | D22: =ESTADISTICA!D20 -> Domo | E22: =ESTADISTICA!E20 -> Radio | F22: =ESTADISTICA!F20 -> 0 | G22: =ESTADISTICA!G20 -> 0 | H22: =ESTADISTICA!H20 -> 0 | ... AG22: =ESTADISTICA!AG20 -> 0
A23: =ESTADISTICA!A21 -> CENTRO | B23: =ESTADISTICA!B21 -> CEN 54 | C23: =ESTADISTICA!C21 -> GUTIERREZ Y PRINGLES | D23: =ESTADISTICA!D21 -> Domo | E23: =ESTADISTICA!E21 -> Radio | F23: =ESTADISTICA!F21 -> 0 | G23: =ESTADISTICA!G21 -> 0 | H23: =ESTADISTICA!H21 -> 0 | ... AG23: =ESTADISTICA!AG21 -> 0
A24: =ESTADISTICA!A22 -> CENTRO | B24: =ESTADISTICA!B22 -> CEN 55 | C24: =ESTADISTICA!C22 -> BOUREL Y URQUIZA | D24: =ESTADISTICA!D22 -> Domo | E24: =ESTADISTICA!E22 -> Radio | F24: =ESTADISTICA!F22 -> 0 | G24: =ESTADISTICA!G22 -> 0 | H24: =ESTADISTICA!H22 -> 0 | ... AG24: =ESTADISTICA!AG22 -> 0
A25: =ESTADISTICA!A23 -> CENTRO | B25: =ESTADISTICA!B23 -> CEN 56 | C25: =ESTADISTICA!C23 -> Newbery y Falucho | D25: =ESTADISTICA!D23 -> DOMO | E25: =ESTADISTICA!E23 -> Radio | F25: =ESTADISTICA!F23 -> 0 | G25: =ESTADISTICA!G23 -> 0 | H25: =ESTADISTICA!H23 -> 0 | ... AG25: =ESTADISTICA!AG23 -> 0
A26: =ESTADISTICA!A24 -> CENTRO | B26: =ESTADISTICA!B24 -> CEN 57 | C26: =ESTADISTICA!C24 -> 25 DE MAYO Y DORREGO | D26: =ESTADISTICA!D24 -> DOMO | E26: =ESTADISTICA!E24 -> Radio | F26: =ESTADISTICA!F24 -> 0 | G26: =ESTADISTICA!G24 -> 0 | H26: =ESTADISTICA!H24 -> 0 | ... AG26: =ESTADISTICA!AG24 -> 0
A27: =ESTADISTICA!A25 -> CENTRO | B27: =ESTADISTICA!B25 -> CEN 58 | C27: =ESTADISTICA!C25 -> EEUU Y MORENO | D27: =ESTADISTICA!D25 -> DOMO | E27: =ESTADISTICA!E25 -> FIBRA OPTICA | F27: =ESTADISTICA!F25 -> 0 | G27: =ESTADISTICA!G25 -> 0 | H27: =ESTADISTICA!H25 -> 0 | ... AI27: =ESTADISTICA!AI25 -> 0
A28: =ESTADISTICA!A26 -> CENTRO | B28: =ESTADISTICA!B26 -> CEN 60 | C28: =ESTADISTICA!C26 -> RECONQUISTA Y ILLIA | D28: =ESTADISTICA!D26 -> DOMO | E28: =ESTADISTICA!E26 -> PTO A FO | F28: =ESTADISTICA!F26 -> 0 | G28: =ESTADISTICA!G26 -> 0 | H28: =ESTADISTICA!H26 -> 0 | ... AG28: =ESTADISTICA!AG26 -> 0
A29: =ESTADISTICA!A27 -> CENTRO | B29: =ESTADISTICA!B27 -> CEN 61 | C29: =ESTADISTICA!C27 -> BOUREL Y MAIPU | D29: =ESTADISTICA!D27 -> DOMO | E29: =ESTADISTICA!E27 -> Radio | F29: =ESTADISTICA!F27 -> 0 | G29: =ESTADISTICA!G27 -> 0 | H29: =ESTADISTICA!H27 -> 0 | ... AG29: =ESTADISTICA!AG27 -> 0
A30: =ESTADISTICA!A28 -> CENTRO | B30: =ESTADISTICA!B28 -> CEN 65 | C30: =ESTADISTICA!C28 -> SAN MARTIN Y JUAN PERON | D30: =ESTADISTICA!D28 -> FIJA | E30: =ESTADISTICA!E28 -> Fibra Optica | F30: =ESTADISTICA!F28 -> 0 | G30: =ESTADISTICA!G28 -> 0 | H30: =ESTADISTICA!H28 -> 0 | ... AG30: =ESTADISTICA!AG28 -> 0
A31: =ESTADISTICA!A29 -> CENTRO | B31: =ESTADISTICA!B29 -> CEN 70 | C31: =ESTADISTICA!C29 -> RIVADAVIA Y 25 MAYO | D31: =ESTADISTICA!D29 -> Domo | E31: =ESTADISTICA!E29 -> Fibra Optica | F31: =ESTADISTICA!F29 -> 0 | G31: =ESTADISTICA!G29 -> 0 | H31: =ESTADISTICA!H29 -> 0 | ... AG31: =ESTADISTICA!AG29 -> 0
A32: =ESTADISTICA!A30 -> CENTRO | B32: =ESTADISTICA!B30 -> CEN 71 | C32: =ESTADISTICA!C30 -> MORENO Y BOUREL | D32: =ESTADISTICA!D30 -> Domo | E32: =ESTADISTICA!E30 -> Fibra Optica | F32: =ESTADISTICA!F30 -> 0 | G32: =ESTADISTICA!G30 -> 0 | H32: =ESTADISTICA!H30 -> 0 | ... AI32: =ESTADISTICA!AI30 -> 0
A33: =ESTADISTICA!A31 -> CENTRO | B33: =ESTADISTICA!B31 -> CEN 72 | C33: =ESTADISTICA!C31 -> MORENO Y 25 DE MAYO | D33: =ESTADISTICA!D31 -> Domo | E33: =ESTADISTICA!E31 -> Fibra Optica | F33: =ESTADISTICA!F31 -> 0 | G33: =ESTADISTICA!G31 -> 0 | H33: =ESTADISTICA!H31 -> 0 | ... AI33: =ESTADISTICA!AI31 -> 0
A34: =ESTADISTICA!A32 -> CENTRO | B34: =ESTADISTICA!B32 -> CEN 75 | C34: =ESTADISTICA!C32 -> 25 DE MAYO Y CASTELLI | D34: =ESTADISTICA!D32 -> Domo | E34: =ESTADISTICA!E32 -> Fibra Optica | F34: =ESTADISTICA!F32 -> 0 | G34: =ESTADISTICA!G32 -> 0 | H34: =ESTADISTICA!H32 -> 0 | ... AI34: =ESTADISTICA!AI32 -> 0
A35: =ESTADISTICA!A33 -> CENTRO | B35: =ESTADISTICA!B33 -> CEN 76 | C35: =ESTADISTICA!C33 -> ESPAÃ‘A E/MITRE Y BOCUZZI | D35: =ESTADISTICA!D33 -> Fija | E35: =ESTADISTICA!E33 -> Fibra Optica | F35: =ESTADISTICA!F33 -> 0 | G35: =ESTADISTICA!G33 -> APAGADO | H35: =ESTADISTICA!H33 -> APAGADO | ... AI35: =ESTADISTICA!AI33 -> 0
A36: =ESTADISTICA!A34 -> CENTRO | B36: =ESTADISTICA!B34 -> CEN01 | C36: =ESTADISTICA!C34 -> San Martin y 9 de Julio | D36: =ESTADISTICA!D34 -> Fija | E36: =ESTADISTICA!E34 -> Fibra Optica | F36: =ESTADISTICA!F34 -> 0 | G36: =ESTADISTICA!G34 -> 0 | H36: =ESTADISTICA!H34 -> 0 | ... AI36: =ESTADISTICA!AI34 -> 0
A37: =ESTADISTICA!A35 -> CENTRO | B37: =ESTADISTICA!B35 -> CEN02 | C37: =ESTADISTICA!C35 -> San Martin y Almafuerte | D37: =ESTADISTICA!D35 -> Fija | E37: =ESTADISTICA!E35 -> Fibra Optica | F37: =ESTADISTICA!F35 -> 0 | G37: =ESTADISTICA!G35 -> 0 | H37: =ESTADISTICA!H35 -> 0 | ... AI37: =ESTADISTICA!AI35 -> 0
A38: =ESTADISTICA!A36 -> CENTRO | B38: =ESTADISTICA!B36 -> CEN03 | C38: =ESTADISTICA!C36 -> San Martin y Sallares | D38: =ESTADISTICA!D36 -> Domo | E38: =ESTADISTICA!E36 -> Fibra Optica | F38: =ESTADISTICA!F36 -> 0 | G38: =ESTADISTICA!G36 -> 0 | H38: =ESTADISTICA!H36 -> 0 | ... AI38: =ESTADISTICA!AI36 -> 0
A39: =ESTADISTICA!A37 -> CENTRO | B39: =ESTADISTICA!B37 -> CEN04 | C39: =ESTADISTICA!C37 -> San Martin y Contreras | D39: =ESTADISTICA!D37 -> Domo | E39: =ESTADISTICA!E37 -> Fibra Optica | F39: =ESTADISTICA!F37 -> 0 | G39: =ESTADISTICA!G37 -> 0 | H39: =ESTADISTICA!H37 -> 0 | ... AI39: =ESTADISTICA!AI37 -> 0
A40: =ESTADISTICA!A38 -> CENTRO | B40: =ESTADISTICA!B38 -> CEN06 | C40: =ESTADISTICA!C38 -> Monteagudo y A.del Valle | D40: =ESTADISTICA!D38 -> Fija | E40: =ESTADISTICA!E38 -> Fibra Optica | F40: =ESTADISTICA!F38 -> 0 | G40: =ESTADISTICA!G38 -> 0 | H40: =ESTADISTICA!H38 -> 0 | ... AI40: =ESTADISTICA!AI38 -> 0
A41: =ESTADISTICA!A39 -> CENTRO | B41: =ESTADISTICA!B39 -> CEN07 | C41: =ESTADISTICA!C39 -> San Martin y GÃ¼emes | D41: =ESTADISTICA!D39 -> DOMO | E41: =ESTADISTICA!E39 -> Fibra Optica | F41: =ESTADISTICA!F39 -> 0 | G41: =ESTADISTICA!G39 -> 0 | H41: =ESTADISTICA!H39 -> 0 | ... AI41: =ESTADISTICA!AI39 -> 0
A42: =ESTADISTICA!A40 -> CENTRO | B42: =ESTADISTICA!B40 -> CEN08 | C42: =ESTADISTICA!C40 -> San Martin y Pte.PerÃ³n | D42: =ESTADISTICA!D40 -> Domo | E42: =ESTADISTICA!E40 -> Fibra Optica | F42: =ESTADISTICA!F40 -> 0 | G42: =ESTADISTICA!G40 -> 0 | H42: =ESTADISTICA!H40 -> 0 | ... AI42: =ESTADISTICA!AI40 -> 0
A43: =ESTADISTICA!A41 -> CENTRO | B43: =ESTADISTICA!B41 -> CEN09 | C43: =ESTADISTICA!C41 -> Chacabuco y 25 de Mayo | D43: =ESTADISTICA!D41 -> Domo | E43: =ESTADISTICA!E41 -> Fibra Optica | F43: =ESTADISTICA!F41 -> 0 | G43: =ESTADISTICA!G41 -> 0 | H43: =ESTADISTICA!H41 -> 0 | ... AI43: =ESTADISTICA!AI41 -> 0
... A51: =ESTADISTICA!A49 -> CENTRO | B51: =ESTADISTICA!B49 -> CEN19 | C51: =ESTADISTICA!C49 -> Chacabuco y 25 de Mayo | D51: =ESTADISTICA!D49 -> Fija | E51: =ESTADISTICA!E49 -> Fibra Optica | F51: =ESTADISTICA!F49 -> 0 | G51: =ESTADISTICA!G49 -> 0 | H51: =ESTADISTICA!H49 -> 0 | ... AI51: =ESTADISTICA!AI49 -> 0
A52: =ESTADISTICA!A50 -> LOMAS DE MONTEVERDE | B52: =ESTADISTICA!B50 -> CEN20 | C52: =ESTADISTICA!C50 -> Pte. Illia y Las Heras | D52: =ESTADISTICA!D50 -> Domo | E52: =ESTADISTICA!E50 -> Fibra Optica | F52: =ESTADISTICA!F50 -> 0 | G52: =ESTADISTICA!G50 -> 0 | H52: =ESTADISTICA!H50 -> 0 | ... AG52: =ESTADISTICA!AG50 -> 0
A53: =ESTADISTICA!A51 -> CENTRO | B53: =ESTADISTICA!B51 -> CEN21 | C53: =ESTADISTICA!C51 -> Misiones y Urquiza | D53: =ESTADISTICA!D51 -> Fija | E53: =ESTADISTICA!E51 -> Radio | F53: =ESTADISTICA!F51 -> 0 | G53: =ESTADISTICA!G51 -> 0 | H53: =ESTADISTICA!H51 -> 0 | ... AI53: =ESTADISTICA!AI51 -> 0
A54: =ESTADISTICA!A52 -> CENTRO | B54: =ESTADISTICA!B52 -> CEN22 | C54: =ESTADISTICA!C52 -> Las Heras y Chacabuco | D54: =ESTADISTICA!D52 -> Domo | E54: =ESTADISTICA!E52 -> Radio | F54: =ESTADISTICA!F52 -> 0 | G54: =ESTADISTICA!G52 -> 0 | H54: =ESTADISTICA!H52 -> 0 | ... AI54: =ESTADISTICA!AI52 -> 0
A55: =ESTADISTICA!A53 -> CENTRO | B55: =ESTADISTICA!B53 -> CEN23 | C55: =ESTADISTICA!C53 -> Sallares y Monteagudo | D55: =ESTADISTICA!D53 -> Domo | E55: =ESTADISTICA!E53 -> Fibra Optica | F55: =ESTADISTICA!F53 -> 0 | G55: =ESTADISTICA!G53 -> 0 | H55: =ESTADISTICA!H53 -> 0 | ... AI55: =ESTADISTICA!AI53 -> 0
A56: =ESTADISTICA!A54 -> CENTRO | B56: =ESTADISTICA!B54 -> CEN24 | C56: =ESTADISTICA!C54 -> Sallares y EspaÃ±a | D56: =ESTADISTICA!D54 -> Domo | E56: =ESTADISTICA!E54 -> Fibra Optica | F56: =ESTADISTICA!F54 -> 0 | G56: =ESTADISTICA!G54 -> 0 | H56: =ESTADISTICA!H54 -> 0 | ... AG56: =ESTADISTICA!AG54 -> 0
A57: =ESTADISTICA!A55 -> CENTRO | B57: =ESTADISTICA!B55 -> CEN25 | C57: =ESTADISTICA!C55 -> SAN MARTIN Y 9 DE JULIO | D57: =ESTADISTICA!D55 -> Domo | E57: =ESTADISTICA!E55 -> Fibra Optica | F57: =ESTADISTICA!F55 -> 0 | G57: =ESTADISTICA!G55 -> 0 | H57: =ESTADISTICA!H55 -> 0 | ... AG57: =ESTADISTICA!AG55 -> 0
A58: =ESTADISTICA!A56 -> CENTRO | B58: =ESTADISTICA!B56 -> CEN26 | C58: =ESTADISTICA!C56 -> Mitre y EspaÃ±a | D58: =ESTADISTICA!D56 -> Domo | E58: =ESTADISTICA!E56 -> Fibra Optica | F58: =ESTADISTICA!F56 -> 0 | G58: =ESTADISTICA!G56 -> 0 | H58: =ESTADISTICA!H56 -> 0 | ... AI58: =ESTADISTICA!AI56 -> 0
A59: =ESTADISTICA!A57 -> CENTRO | B59: =ESTADISTICA!B57 -> CEN27 | C59: =ESTADISTICA!C57 -> San Juan y EspaÃ±a | D59: =ESTADISTICA!D57 -> Domo | E59: =ESTADISTICA!E57 -> Fibra Optica | F59: =ESTADISTICA!F57 -> 0 | G59: =ESTADISTICA!G57 -> 0 | H59: =ESTADISTICA!H57 -> 0 | ... AI59: =ESTADISTICA!AI57 -> 0
A60: =ESTADISTICA!A58 -> CENTRO | B60: =ESTADISTICA!B58 -> CEN28 | C60: =ESTADISTICA!C58 -> Mitre y Alberdi | D60: =ESTADISTICA!D58 -> Domo | E60: =ESTADISTICA!E58 -> Fibra Optica | F60: =ESTADISTICA!F58 -> 0 | G60: =ESTADISTICA!G58 -> 0 | H60: =ESTADISTICA!H58 -> 0 | ... AI60: =ESTADISTICA!AI58 -> 0
A61: =ESTADISTICA!A59 -> CENTRO | B61: =ESTADISTICA!B59 -> CEN29 | C61: =ESTADISTICA!C59 -> Alberdi y San Juan | D61: =ESTADISTICA!D59 -> Domo | E61: =ESTADISTICA!E59 -> Fibra Optica | F61: =ESTADISTICA!F59 -> 0 | G61: =ESTADISTICA!G59 -> 0 | H61: =ESTADISTICA!H59 -> 0 | ... AI61: =ESTADISTICA!AI59 -> 0
A62: =ESTADISTICA!A60 -> CENTRO | B62: =ESTADISTICA!B60 -> CEN30 | C62: =ESTADISTICA!C60 -> Mitre y Pringles | D62: =ESTADISTICA!D60 -> Domo | E62: =ESTADISTICA!E60 -> Fibra Optica | F62: =ESTADISTICA!F60 -> 0 | G62: =ESTADISTICA!G60 -> 0 | H62: =ESTADISTICA!H60 -> 0 | ... AI62: =ESTADISTICA!AI60 -> 0
A63: =ESTADISTICA!A61 -> CENTRO | B63: =ESTADISTICA!B61 -> CEN31 | C63: =ESTADISTICA!C61 -> Mitre e/Monteagudo y Alberdi | D63: =ESTADISTICA!D61 -> Domo | E63: =ESTADISTICA!E61 -> Fibra Optica | F63: =ESTADISTICA!F61 -> 0 | G63: =ESTADISTICA!G61 -> 0 | H63: =ESTADISTICA!H61 -> 0 | ... AI63: =ESTADISTICA!AI61 -> 0
A64: =ESTADISTICA!A62 -> CENTRO | B64: =ESTADISTICA!B62 -> CEN32 | C64: =ESTADISTICA!C62 -> Aristobulo del Valle y EspaÃ±a | D64: =ESTADISTICA!D62 -> Domo | E64: =ESTADISTICA!E62 -> Fibra Optica | F64: =ESTADISTICA!F62 -> 0 | G64: =ESTADISTICA!G62 -> 0 | H64: =ESTADISTICA!H62 -> 0 | ... AI64: =ESTADISTICA!AI62 -> 0
A65: =ESTADISTICA!A63 -> CENTRO | B65: =ESTADISTICA!B63 -> CEN33 | C65: =ESTADISTICA!C63 -> Peron y Alberdi | D65: =ESTADISTICA!D63 -> Domo | E65: =ESTADISTICA!E63 -> Fibra Optica | F65: =ESTADISTICA!F63 -> 0 | G65: =ESTADISTICA!G63 -> 0 | H65: =ESTADISTICA!H63 -> 0 | ... AI65: =ESTADISTICA!AI63 -> 0
A66: =ESTADISTICA!A64 -> CENTRO | B66: =ESTADISTICA!B64 -> CEN34 | C66: =ESTADISTICA!C64 -> Peron y EspaÃ±a | D66: =ESTADISTICA!D64 -> Domo | E66: =ESTADISTICA!E64 -> Fibra Optica | F66: =ESTADISTICA!F64 -> 0 | G66: =ESTADISTICA!G64 -> 0 | H66: =ESTADISTICA!H64 -> 0 | ... AI66: =ESTADISTICA!AI64 -> 0
A67: =ESTADISTICA!A65 -> CENTRO | B67: =ESTADISTICA!B65 -> CEN35 | C67: =ESTADISTICA!C65 -> EspaÃ±a y Marmol | D67: =ESTADISTICA!D65 -> Domo | E67: =ESTADISTICA!E65 -> Fibra Optica | F67: =ESTADISTICA!F65 -> 0 | G67: =ESTADISTICA!G65 -> 0 | H67: =ESTADISTICA!H65 -> 0 | ... AI67: =ESTADISTICA!AI65 -> 0
A68: =ESTADISTICA!A66 -> CENTRO | B68: =ESTADISTICA!B66 -> CEN36 | C68: =ESTADISTICA!C66 -> EspaÃ±a y 9 de Julio | D68: =ESTADISTICA!D66 -> Domo | E68: =ESTADISTICA!E66 -> Fibra Optica | F68: =ESTADISTICA!F66 -> 0 | G68: =ESTADISTICA!G66 -> 0 | H68: =ESTADISTICA!H66 -> 0 | ... AI68: =ESTADISTICA!AI66 -> 0
A69: =ESTADISTICA!A67 -> CENTRO | B69: =ESTADISTICA!B67 -> CEN38 | C69: =ESTADISTICA!C67 -> Diagonal Constituyentes y Almafuerte | D69: =ESTADISTICA!D67 -> Domo | E69: =ESTADISTICA!E67 -> Fibra Optica | F69: =ESTADISTICA!F67 -> 0 | G69: =ESTADISTICA!G67 -> 0 | H69: =ESTADISTICA!H67 -> 0 | ... AI69: =ESTADISTICA!AI67 -> 0
... A82: =ESTADISTICA!A80 -> CENTRO | B82: =ESTADISTICA!B80 -> CEN59 | C82: =ESTADISTICA!C80 -> CHACABUCO Y BOUREL | D82: =ESTADISTICA!D80 -> DOMO | E82: =ESTADISTICA!E80 -> Radio | F82: =ESTADISTICA!F80 -> 0 | G82: =ESTADISTICA!G80 -> 0 | H82: =ESTADISTICA!H80 -> APAGADO | ... AI82: =ESTADISTICA!AI80 -> 0
A83: =ESTADISTICA!A81 -> CENTRO | B83: =ESTADISTICA!B81 -> CEN62 | C83: =ESTADISTICA!C81 -> ESPAÃ‘A Y ALEM | D83: =ESTADISTICA!D81 -> DOMO | E83: =ESTADISTICA!E81 -> PTO A FO | F83: =ESTADISTICA!F81 -> 0 | G83: =ESTADISTICA!G81 -> 0 | H83: =ESTADISTICA!H81 -> 0 | ... AG83: =ESTADISTICA!AG81 -> 0
A84: =ESTADISTICA!A82 -> CENTRO | B84: =ESTADISTICA!B82 -> CEN63 | C84: =ESTADISTICA!C82 -> SAN MARTIN Y URQUIZA | D84: =ESTADISTICA!D82 -> DOMO | E84: =ESTADISTICA!E82 -> Fibra Optica | F84: =ESTADISTICA!F82 -> 0 | G84: =ESTADISTICA!G82 -> 0 | H84: =ESTADISTICA!H82 -> 0 | ... AG84: =ESTADISTICA!AG82 -> 0
A85: =ESTADISTICA!A83 -> CENTRO | B85: =ESTADISTICA!B83 -> CEN64 | C85: =ESTADISTICA!C83 -> SAN MARTIN Y BOCCUZZI | D85: =ESTADISTICA!D83 -> FIJA | E85: =ESTADISTICA!E83 -> Fibra Optica | F85: =ESTADISTICA!F83 -> 0 | G85: =ESTADISTICA!G83 -> 0 | H85: =ESTADISTICA!H83 -> 0 | ... AG85: =ESTADISTICA!AG83 -> 0
A86: =ESTADISTICA!A84 -> CENTRO | B86: =ESTADISTICA!B84 -> CEN66 | C86: =ESTADISTICA!C84 -> SAN MARTIN Y JUAN PERON | D86: =ESTADISTICA!D84 -> FIJA | E86: =ESTADISTICA!E84 -> Fibra Optica | F86: =ESTADISTICA!F84 -> 0 | G86: =ESTADISTICA!G84 -> 0 | H86: =ESTADISTICA!H84 -> 0 | ... AG86: =ESTADISTICA!AG84 -> 0
A87: =ESTADISTICA!A85 -> CENTRO | B87: =ESTADISTICA!B85 -> CEN67 (fija 1) | C87: =ESTADISTICA!C85 -> 9 DE JULIO Y BROWN | D87: =ESTADISTICA!D85 -> Fija | E87: =ESTADISTICA!E85 -> Fibra Optica | F87: =ESTADISTICA!F85 -> 0 | G87: =ESTADISTICA!G85 -> 0 | H87: =ESTADISTICA!H85 -> 0 | ... AI87: =ESTADISTICA!AI85 -> 0
A88: =ESTADISTICA!A86 -> CENTRO | B88: =ESTADISTICA!B86 -> CEN68 (fija 2) | C88: =ESTADISTICA!C86 -> 9 DE JULIO Y BROWN | D88: =ESTADISTICA!D86 -> Fija | E88: =ESTADISTICA!E86 -> Fibra Optica | F88: =ESTADISTICA!F86 -> 0 | G88: =ESTADISTICA!G86 -> 0 | H88: =ESTADISTICA!H86 -> 0 | ... AI88: =ESTADISTICA!AI86 -> 0
A89: =ESTADISTICA!A87 -> CENTRO | B89: =ESTADISTICA!B87 -> CEN69 | C89: =ESTADISTICA!C87 -> RIVADAVIA Y BOUREL | D89: =ESTADISTICA!D87 -> DOMO | E89: =ESTADISTICA!E87 -> Fibra Optica | F89: =ESTADISTICA!F87 -> 0 | G89: =ESTADISTICA!G87 -> 0 | H89: =ESTADISTICA!H87 -> 0 | ... AI89: =ESTADISTICA!AI87 -> 0
A90: =ESTADISTICA!A88 -> CENTRO | B90: =ESTADISTICA!B88 -> CEN73 | C90: =ESTADISTICA!C88 -> BOUREL Y DEFENSA | D90: =ESTADISTICA!D88 -> DOMO | E90: =ESTADISTICA!E88 -> Fibra Optica | F90: =ESTADISTICA!F88 -> 0 | G90: =ESTADISTICA!G88 -> 0 | H90: =ESTADISTICA!H88 -> 0 | ... AI90: =ESTADISTICA!AI88 -> 0
A91: =ESTADISTICA!A89 -> CENTRO | B91: =ESTADISTICA!B89 -> CEN74 | C91: =ESTADISTICA!C89 -> Las Heras y Maipu | D91: =ESTADISTICA!D89 -> Domo | E91: =ESTADISTICA!E89 -> FIBRA OPTICA | F91: =ESTADISTICA!F89 -> 0 | G91: =ESTADISTICA!G89 -> 0 | H91: =ESTADISTICA!H89 -> 0 | ... AI91: =ESTADISTICA!AI89 -> 0
A92: =ESTADISTICA!A90 -> SAN NICOLAS | B92: =ESTADISTICA!B90 -> CHA01 | C92: =ESTADISTICA!C90 -> Novak y Pte Illia | D92: =ESTADISTICA!D90 -> Domo | E92: =ESTADISTICA!E90 -> Radio | F92: =ESTADISTICA!F90 -> 0 | G92: =ESTADISTICA!G90 -> 0 | H92: =ESTADISTICA!H90 -> 0 | ... AI92: =ESTADISTICA!AI90 -> 0
A93: =ESTADISTICA!A91 -> CHACABUCO | B93: =ESTADISTICA!B91 -> CHA02 | C93: =ESTADISTICA!C91 -> Pte. Illia y Posadas | D93: =ESTADISTICA!D91 -> Domo | E93: =ESTADISTICA!E91 -> Radio | F93: =ESTADISTICA!F91 -> 0 | G93: =ESTADISTICA!G91 -> 0 | H93: =ESTADISTICA!H91 -> 0 | ... AI93: =ESTADISTICA!AI91 -> 0
A94: =ESTADISTICA!A92 -> CHACABUCO | B94: =ESTADISTICA!B92 -> CHA03 | C94: =ESTADISTICA!C92 -> MAIPU Y ALVAREZ THOMAS | D94: =ESTADISTICA!D92 -> DOMO | E94: =ESTADISTICA!E92 -> Fibra Optica | F94: =ESTADISTICA!F92 -> 0 | G94: =ESTADISTICA!G92 -> 0 | H94: =ESTADISTICA!H92 -> 0 | ... AI94: =ESTADISTICA!AI92 -> 0
A95: =ESTADISTICA!A93 -> CHACABUCO | B95: =ESTADISTICA!B93 -> CHA04 | C95: =ESTADISTICA!C93 -> ESTADOS UNIDOS DE A. E ILLIA | D95: =ESTADISTICA!D93 -> DOMO | E95: =ESTADISTICA!E93 -> Fibra Optica | F95: =ESTADISTICA!F93 -> 0 | G95: =ESTADISTICA!G93 -> 0 | H95: =ESTADISTICA!H93 -> 0 | ... AG95: =ESTADISTICA!AG93 -> 0
A96: =ESTADISTICA!A94 -> LA COLORADA ESTE | B96: =ESTADISTICA!B94 -> COL 03 | C96: =ESTADISTICA!C94 -> CARIBONI Y LA ANCIANIDAD | D96: =ESTADISTICA!D94 -> DOMO | E96: =ESTADISTICA!E94 -> Radio | F96: =ESTADISTICA!F94 -> 0 | G96: =ESTADISTICA!G94 -> 0 | H96: =ESTADISTICA!H94 -> 0 | ... AG96: =ESTADISTICA!AG94 -> 0
A97: =ESTADISTICA!A95 -> VILLA MONICA NUEVA | B97: =ESTADISTICA!B95 -> COL01 | C97: =ESTADISTICA!C95 -> Eva Peron y Cariboni | D97: =ESTADISTICA!D95 -> Domo | E97: =ESTADISTICA!E95 -> Radio | F97: =ESTADISTICA!F95 -> 0 | G97: =ESTADISTICA!G95 -> 0 | H97: =ESTADISTICA!H95 -> 0 | ... AI97: =ESTADISTICA!AI95 -> 0
A98: =ESTADISTICA!A96 -> LA COLORADA ESTE | B98: =ESTADISTICA!B96 -> COL02 | C98: =ESTADISTICA!C96 -> Av. Eva Peron y Pompeya | D98: =ESTADISTICA!D96 -> Domo | E98: =ESTADISTICA!E96 -> Radio | F98: =ESTADISTICA!F96 -> 0 | G98: =ESTADISTICA!G96 -> 0 | H98: =ESTADISTICA!H96 -> 0 | ... AI98: =ESTADISTICA!AI96 -> 0
A99: =ESTADISTICA!A97 -> DON JOSE | B99: =ESTADISTICA!B97 -> DJO 02 (fija 1) | C99: =ESTADISTICA!C97 -> DONATO ALVAREZ Y EL APERO | D99: =ESTADISTICA!D97 -> Fija | E99: =ESTADISTICA!E97 -> PTO A FO | F99: =ESTADISTICA!F97 -> 0 | G99: =ESTADISTICA!G97 -> 0 | H99: =ESTADISTICA!H97 -> 0 | ... AG99: =ESTADISTICA!AG97 -> 0
A100: =ESTADISTICA!A98 -> DON JOSE | B100: =ESTADISTICA!B98 -> DJO 03 (fija 2) | C100: =ESTADISTICA!C98 -> DONATO ALVAREZ Y EL APERO | D100: =ESTADISTICA!D98 -> Fija | E100: =ESTADISTICA!E98 -> PTO A FO | F100: =ESTADISTICA!F98 -> 0 | G100: =ESTADISTICA!G98 -> 0 | H100: =ESTADISTICA!H98 -> 0 | ... AG100: =ESTADISTICA!AG98 -> 0
A101: =ESTADISTICA!A99 -> DON JOSE | B101: =ESTADISTICA!B99 -> DJO 04 (Fija 1) | C101: =ESTADISTICA!C99 -> MONTEVERDE Y EL INDIO | D101: =ESTADISTICA!D99 -> Fija | E101: =ESTADISTICA!E99 -> Radio | F101: =ESTADISTICA!F99 -> 0 | G101: =ESTADISTICA!G99 -> 0 | H101: =ESTADISTICA!H99 -> 0 | ... AG101: =ESTADISTICA!AG99 -> 0
A102: =ESTADISTICA!A100 -> DON JOSE | B102: =ESTADISTICA!B100 -> DJO 05 (Fija 2) | C102: =ESTADISTICA!C100 -> MONTEVERDE Y EL INDIO | D102: =ESTADISTICA!D100 -> Fija | E102: =ESTADISTICA!E100 -> Radio | F102: =ESTADISTICA!F100 -> 0 | G102: =ESTADISTICA!G100 -> 0 | H102: =ESTADISTICA!H100 -> 0 | ... AG102: =ESTADISTICA!AG100 -> 0
A103: =ESTADISTICA!A101 -> DON JOSE | B103: =ESTADISTICA!B101 -> DJO01 | C103: =ESTADISTICA!C101 -> Monteverde y Donato Alvarez | D103: =ESTADISTICA!D101 -> Domo | E103: =ESTADISTICA!E101 -> RADIO | F103: =ESTADISTICA!F101 -> 0 | G103: =ESTADISTICA!G101 -> 0 | H103: =ESTADISTICA!H101 -> 0 | ... AG103: =ESTADISTICA!AG101 -> 0
A104: =ESTADISTICA!A102 -> EL PARQUE | B104: =ESTADISTICA!B102 -> EPQ 01 | C104: =ESTADISTICA!C102 -> 1282 Y GRIERSON | D104: =ESTADISTICA!D102 -> DOMO | E104: =ESTADISTICA!E102 -> Fibra Optica | F104: =ESTADISTICA!F102 -> 0 | G104: =ESTADISTICA!G102 -> 0 | H104: =ESTADISTICA!H102 -> 0 | ... AG104: =ESTADISTICA!AG102 -> 0
A105: =ESTADISTICA!A103 -> EL PARQUE | B105: =ESTADISTICA!B103 -> EPQ 02 | C105: =ESTADISTICA!C103 -> 1282 Y MASSE | D105: =ESTADISTICA!D103 -> DOMO | E105: =ESTADISTICA!E103 -> Fibra Optica | F105: =ESTADISTICA!F103 -> 0 | G105: =ESTADISTICA!G103 -> 0 | H105: =ESTADISTICA!H103 -> 0 | ... AI105: =ESTADISTICA!AI103 -> 0
A106: =ESTADISTICA!A104 -> EL PARQUE | B106: =ESTADISTICA!B104 -> EPQ 03 | C106: =ESTADISTICA!C104 -> 1282 Y RP 36 | D106: =ESTADISTICA!D104 -> Domo | E106: =ESTADISTICA!E104 -> Fibra Optica | F106: =ESTADISTICA!F104 -> 0 | G106: =ESTADISTICA!G104 -> 0 | H106: =ESTADISTICA!H104 -> 0 | ... AI106: =ESTADISTICA!AI104 -> 0
A107: =ESTADISTICA!A105 -> EL PARQUE | B107: =ESTADISTICA!B105 -> EPQ 04 | C107: =ESTADISTICA!C105 -> 1282 Y MORENO | D107: =ESTADISTICA!D105 -> DOMO | E107: =ESTADISTICA!E105 -> Fibra Optica | F107: =ESTADISTICA!F105 -> 0 | G107: =ESTADISTICA!G105 -> 0 | H107: =ESTADISTICA!H105 -> 0 | ... AI107: =ESTADISTICA!AI105 -> 0
A108: =ESTADISTICA!A106 -> LA ESMERALDA | B108: =ESTADISTICA!B106 -> ESM 08 | C108: =ESTADISTICA!C106 -> DAVINSON Y MORANCHEL | D108: =ESTADISTICA!D106 -> FIJA | E108: =ESTADISTICA!E106 -> Radio | F108: =ESTADISTICA!F106 -> 0 | G108: =ESTADISTICA!G106 -> 0 | H108: =ESTADISTICA!H106 -> 0 | ... AI108: =ESTADISTICA!AI106 -> 0
A109: =ESTADISTICA!A107 -> LA ESMERALDA | B109: =ESTADISTICA!B107 -> ESM01 | C109: =ESTADISTICA!C107 -> Cabello y Brasil | D109: =ESTADISTICA!D107 -> Domo | E109: =ESTADISTICA!E107 -> Radio | F109: =ESTADISTICA!F107 -> 0 | G109: =ESTADISTICA!G107 -> 0 | H109: =ESTADISTICA!H107 -> 0 | ... AG109: =ESTADISTICA!AG107 -> 0
A110: =ESTADISTICA!A108 -> SAN JORGE | B110: =ESTADISTICA!B108 -> ESM02 | C110: =ESTADISTICA!C108 -> Novak y Cabello | D110: =ESTADISTICA!D108 -> Domo | E110: =ESTADISTICA!E108 -> PTO A FO | F110: =ESTADISTICA!F108 -> APAGADO | G110: =ESTADISTICA!G108 -> APAGADO | H110: =ESTADISTICA!H108 -> 0 | ... AG110: =ESTADISTICA!AG108 -> 0
A111: =ESTADISTICA!A109 -> LIBERTAD | B111: =ESTADISTICA!B109 -> ESM03 | C111: =ESTADISTICA!C109 -> Novak y Humahuaca | D111: =ESTADISTICA!D109 -> DOMO | E111: =ESTADISTICA!E109 -> PTO A FO | F111: =ESTADISTICA!F109 -> 0 | G111: =ESTADISTICA!G109 -> 0 | H111: =ESTADISTICA!H109 -> 0 | ... AG111: =ESTADISTICA!AG109 -> 0
A112: =ESTADISTICA!A110 -> LA ESMERALDA | B112: =ESTADISTICA!B110 -> ESM04 | C112: =ESTADISTICA!C110 -> Basualdo y Bengochea | D112: =ESTADISTICA!D110 -> Domo | E112: =ESTADISTICA!E110 -> FIBRA OPTICA | F112: =ESTADISTICA!F110 -> APAGADO | G112: =ESTADISTICA!G110 -> APAGADO | H112: =ESTADISTICA!H110 -> 0 | ... AG112: =ESTADISTICA!AG110 -> 0
A113: =ESTADISTICA!A111 -> LA ESMERALDA | B113: =ESTADISTICA!B111 -> ESM05 | C113: =ESTADISTICA!C111 -> Aniceto Diaz y Villar | D113: =ESTADISTICA!D111 -> Domo | E113: =ESTADISTICA!E111 -> FIBRA OPTICA | F113: =ESTADISTICA!F111 -> 0 | G113: =ESTADISTICA!G111 -> 0 | H113: =ESTADISTICA!H111 -> 0 | ... AG113: =ESTADISTICA!AG111 -> 0
A114: =ESTADISTICA!A112 -> LA ESMERALDA | B114: =ESTADISTICA!B112 -> ESM06 | C114: =ESTADISTICA!C112 -> Roselli y Cabello | D114: =ESTADISTICA!D112 -> Domo | E114: =ESTADISTICA!E112 -> Radio | F114: =ESTADISTICA!F112 -> 0 | G114: =ESTADISTICA!G112 -> 0 | H114: =ESTADISTICA!H112 -> 0 | ... AI114: =ESTADISTICA!AI112 -> 0
A115: =ESTADISTICA!A113 -> LA ESMERALDA | B115: =ESTADISTICA!B113 -> ESM07 | C115: =ESTADISTICA!C113 -> AV. NOVAK Y SERRANO | D115: =ESTADISTICA!D113 -> DOMO | E115: =ESTADISTICA!E113 -> PTO A FO | F115: =ESTADISTICA!F113 -> 0 | G115: =ESTADISTICA!G113 -> 0 | H115: =ESTADISTICA!H113 -> 0 | ... AI115: =ESTADISTICA!AI113 -> 0
A116: =ESTADISTICA!A114 -> LA ESMERALDA | B116: =ESTADISTICA!B114 -> ESM09 (fija 1) | C116: =ESTADISTICA!C114 -> EEUU Y CABELLO | D116: =ESTADISTICA!D114 -> Fija | E116: =ESTADISTICA!E114 -> Fibra Optica | F116: =ESTADISTICA!F114 -> 0 | G116: =ESTADISTICA!G114 -> 0 | H116: =ESTADISTICA!H114 -> 0 | ... AG116: =ESTADISTICA!AG114 -> 0
A117: =ESTADISTICA!A115 -> LA ESMERALDA | B117: =ESTADISTICA!B115 -> ESM10 (fija 2) | C117: =ESTADISTICA!C115 -> EEUU Y CABELLO | D117: =ESTADISTICA!D115 -> Fija | E117: =ESTADISTICA!E115 -> Fibra Optica | F117: =ESTADISTICA!F115 -> 0 | G117: =ESTADISTICA!G115 -> 0 | H117: =ESTADISTICA!H115 -> 0 | ... AI117: =ESTADISTICA!AI115 -> 0
A118: =ESTADISTICA!A116 -> LA ESMERALDA | B118: =ESTADISTICA!B116 -> ESM11 (fija 1) | C118: =ESTADISTICA!C116 -> NOVAK Y LAMBARDI | D118: =ESTADISTICA!D116 -> Fija | E118: =ESTADISTICA!E116 -> Fibra Optica | F118: =ESTADISTICA!F116 -> 0 | G118: =ESTADISTICA!G116 -> 0 | H118: =ESTADISTICA!H116 -> 0 | ... AI118: =ESTADISTICA!AI116 -> 0
A119: =ESTADISTICA!A117 -> LA ESMERALDA | B119: =ESTADISTICA!B117 -> ESM12 (fija 2) | C119: =ESTADISTICA!C117 -> NOVAK Y LAMBARDI | D119: =ESTADISTICA!D117 -> Fija | E119: =ESTADISTICA!E117 -> Fibra Optica | F119: =ESTADISTICA!F117 -> APAGADO | G119: =ESTADISTICA!G117 -> APAGADO | H119: =ESTADISTICA!H117 -> APAGADO | ... AI119: =ESTADISTICA!AI117 -> 0
...

Sheet APAGADOS ANTENA
C1: TOTAL PTO A FO | D1: =COUNTIFS(E4:E400,"=PTo A FO") -> 37
E2: APAGADOS | F2: =COUNTIFS(F4:F400, "=APAGADO",E4:E400,"=PTO A FO") -> 9 | G2: =COUNTIFS(G4:G400, "=APAGADO",E4:E400,"=PTO A FO") -> 6 | H2: =COUNTIFS(H4:H400, "=APAGADO",E4:E400,"=PTO A FO") -> 5 | I2: =COUNTIFS(I4:I400, "=APAGADO",E4:E400,"=PTO A FO") -> 5 | J2: =COUNTIFS(J4:J400, "=APAGADO",E4:E400,"=PTO A FO") -> 5 | K2: =COUNTIFS(K4:K400, "=APAGADO",E4:E400,"=PTO A FO") -> 0 | L2: =COUNTIFS(L4:L400, "=APAGADO",E4:E400,"=PTO A FO") -> 11 | M2: =COUNTIFS(M4:M400, "=APAGADO",E4:E400,"=PTO A FO") -> 8 | N2: =COUNTIFS(N4:N400, "=APAGADO",E4:E400,"=PTO A FO") -> 5 | O2: =COUNTIFS(O4:O400, "=APAGADO",E4:E400,"=PTO A FO") -> 5 | P2: =COUNTIFS(P4:P400, "=APAGADO",E4:E400,"=PTO A FO") -> 5 | Q2: =COUNTIFS(Q4:Q400, "=APAGADO",E4:E400,"=PTO A FO") -> 5 | R2: =COUNTIFS(R4:R400, "=APAGADO",E4:E400,"=PTO A FO") -> 5 | S2: =COUNTIFS(S4:S400, "=APAGADO",E4:E400,"=PTO A FO") -> 6 | T2: =COUNTIFS(T4:T400, "=APAGADO",E4:E400,"=PTO A FO") -> 7 | U2: =COUNTIFS(U4:U400, "=APAGADO",E4:E400,"=PTO A FO") -> 5 | V2: =COUNTIFS(V4:V400, "=APAGADO",E4:E400,"=PTO A FO") -> 6 | W2: =COUNTIFS(W4:W400, "=APAGADO",E4:E400,"=PTO A FO") -> 5 | X2: =COUNTIFS(X4:X400, "=APAGADO",E4:E400,"=PTO A FO") -> 5 | Y2: =COUNTIFS(Y4:Y400, "=APAGADO",E4:E400,"=PTO A FO") -> 3 | Z2: =COUNTIFS(Z4:Z400, "=APAGADO",E4:E400,"=PTO A FO") -> 2 | AA2: =COUNTIFS(AA4:AA400, "=APAGADO",E4:E400,"=PTO A FO") -> 0 | AB2: =COUNTIFS(AB4:AB400, "=APAGADO",E4:E400,"=PTO A FO") -> 0 | AC2: =COUNTIFS(AC4:AC400, "=APAGADO",E4:E400,"=PTO A FO") -> 0 | AD2: =COUNTIFS(AD4:AD400, "=APAGADO",E4:E400,"=PTO A FO") -> 0 | AE2: =COUNTIFS(AE4:AE400, "=APAGADO",E4:E400,"=PTO A FO") -> 0 | AF2: =COUNTIFS(AF4:AF400, "=APAGADO",E4:E400,"=PTO A FO") -> 0 | AG2: =COUNTIFS(AG4:AG400, "=APAGADO",E4:E400,"=PTO A FO") -> 0 | AH2: =COUNTIFS(AH4:AH400, "=APAGADO",E4:E400,"=PTO A FO") -> 0 | AI2: =COUNTIFS(AI4:AI400, "=APAGADO",E4:E400,"=PTO A FO") -> 0
A3: =ESTADISTICA!A1 -> Barrio | B3: =ESTADISTICA!B1 -> [Denominacion] | C3: =ESTADISTICA!C1 -> [Ubicacion] | D3: =ESTADISTICA!D1 -> [Tipo de Camara] | E3: =ESTADISTICA!E1 -> [Tipo de Conexion] | F3: =ESTADISTICA!F1 -> 44743 | G3: =ESTADISTICA!G1 -> 44744 | H3: =ESTADISTICA!H1 -> 44745 | ... AI3: =ESTADISTICA!AI1 -> 44772
A4: =ESTADISTICA!A2 -> ALTAMIRA | B4: =ESTADISTICA!B2 -> ALT 03 | C4: =ESTADISTICA!C2 -> Bombero Galarza y Necochea | D4: =ESTADISTICA!D2 -> Domo | E4: =ESTADISTICA!E2 -> FIBRA OPTICA | F4: =ESTADISTICA!F2 -> 0 | G4: =ESTADISTICA!G2 -> 0 | H4: =ESTADISTICA!H2 -> 0 | ... AI4: =ESTADISTICA!AI2 -> 0
A5: =ESTADISTICA!A3 -> ALTAMIRA | B5: =ESTADISTICA!B3 -> ALT 04 | C5: =ESTADISTICA!C3 -> Francia y Necochea | D5: =ESTADISTICA!D3 -> Domo | E5: =ESTADISTICA!E3 -> FIBRA OPTICA | F5: =ESTADISTICA!F3 -> 0 | G5: =ESTADISTICA!G3 -> 0 | H5: =ESTADISTICA!H3 -> 0 | ... AI5: =ESTADISTICA!AI3 -> 0
A6: =ESTADISTICA!A4 -> ALTAMIRA | B6: =ESTADISTICA!B4 -> ALT 06 | C6: =ESTADISTICA!C4 -> LOPE DE VEGA Y NECOCHEA | D6: =ESTADISTICA!D4 -> Domo | E6: =ESTADISTICA!E4 -> PTO A FO | F6: =ESTADISTICA!F4 -> APAGADO | G6: =ESTADISTICA!G4 -> APAGADO | H6: =ESTADISTICA!H4 -> APAGADO | ... AI6: =ESTADISTICA!AI4 -> 0
A7: =ESTADISTICA!A5 -> ALTAMIRA | B7: =ESTADISTICA!B5 -> ALT 08 | C7: =ESTADISTICA!C5 -> HUMAITA Y NECOCHEA | D7: =ESTADISTICA!D5 -> DOMO | E7: =ESTADISTICA!E5 -> Fibra Optica | F7: =ESTADISTICA!F5 -> 0 | G7: =ESTADISTICA!G5 -> 0 | H7: =ESTADISTICA!H5 -> 0 | ... AI7: =ESTADISTICA!AI5 -> 0
A8: =ESTADISTICA!A6 -> ALTAMIRA | B8: =ESTADISTICA!B6 -> ALT 09 | C8: =ESTADISTICA!C6 -> NECOCHEA Y CURUPAITY | D8: =ESTADISTICA!D6 -> DOMO | E8: =ESTADISTICA!E6 -> Fibra Optica | F8: =ESTADISTICA!F6 -> 0 | G8: =ESTADISTICA!G6 -> 0 | H8: =ESTADISTICA!H6 -> 0 | ... AI8: =ESTADISTICA!AI6 -> 0
A9: =ESTADISTICA!A7 -> ALTAMIRA | B9: =ESTADISTICA!B7 -> ALT 10 | C9: =ESTADISTICA!C7 -> Calchaqui y Francia | D9: =ESTADISTICA!D7 -> Domo | E9: =ESTADISTICA!E7 -> Radio | F9: =ESTADISTICA!F7 -> 0 | G9: =ESTADISTICA!G7 -> 0 | H9: =ESTADISTICA!H7 -> 0 | ... AI9: =ESTADISTICA!AI7 -> 0
A10: =ESTADISTICA!A8 -> ALTAMIRA | B10: =ESTADISTICA!B8 -> ALT01 | C10: =ESTADISTICA!C8 -> Calchaqui y Sgto. Cabral | D10: =ESTADISTICA!D8 -> Domo | E10: =ESTADISTICA!E8 -> Fibra Optica | F10: =ESTADISTICA!F8 -> 0 | G10: =ESTADISTICA!G8 -> 0 | H10: =ESTADISTICA!H8 -> 0 | ... AI10: =ESTADISTICA!AI8 -> 0
A11: =ESTADISTICA!A9 -> ALTAMIRA | B11: =ESTADISTICA!B9 -> ALT02 | C11: =ESTADISTICA!C9 -> Calchaqui y Lope de Vega | D11: =ESTADISTICA!D9 -> Domo | E11: =ESTADISTICA!E9 -> PTO A FO | F11: =ESTADISTICA!F9 -> 0 | G11: =ESTADISTICA!G9 -> 0 | H11: =ESTADISTICA!H9 -> 0 | ... AI11: =ESTADISTICA!AI9 -> 0
A12: =ESTADISTICA!A10 -> ALTAMIRA | B12: =ESTADISTICA!B10 -> ALT05 | C12: =ESTADISTICA!C10 -> Av. Calchaqui y Bombero Galarza | D12: =ESTADISTICA!D10 -> Domo | E12: =ESTADISTICA!E10 -> PTO A FO | F12: =ESTADISTICA!F10 -> 0 | G12: =ESTADISTICA!G10 -> 0 | H12: =ESTADISTICA!H10 -> 0 | ... AI12: =ESTADISTICA!AI10 -> 0
A13: =ESTADISTICA!A11 -> ALTAMIRA | B13: =ESTADISTICA!B11 -> ALT07 | C13: =ESTADISTICA!C11 -> AV. CALCHAQUI Y AV. DEL TRABAJO | D13: =ESTADISTICA!D11 -> DOMO | E13: =ESTADISTICA!E11 -> PTO A FO | F13: =ESTADISTICA!F11 -> 0 | G13: =ESTADISTICA!G11 -> 0 | H13: =ESTADISTICA!H11 -> 0 | ... AI13: =ESTADISTICA!AI11 -> 0
A14: =ESTADISTICA!A12 -> AGUSTIN RAMIREZ | B14: =ESTADISTICA!B12 -> ARA 01 | C14: =ESTADISTICA!C12 -> Malambo y Tranquera | D14: =ESTADISTICA!D12 -> Domo | E14: =ESTADISTICA!E12 -> FIBRA OPTICA | F14: =ESTADISTICA!F12 -> 0 | G14: =ESTADISTICA!G12 -> 0 | H14: =ESTADISTICA!H12 -> 0 | ... AI14: =ESTADISTICA!AI12 -> 0
... A278: =ESTADISTICA!A276 -> SAN JORGE | B278: =ESTADISTICA!B276 -> SJO07 (fija 1) | C278: =ESTADISTICA!C276 -> 503 Y 556 | D278: =ESTADISTICA!D276 -> Fija | E278: =ESTADISTICA!E276 -> Fibra Optica | F278: =ESTADISTICA!F276 -> 0 | G278: =ESTADISTICA!G276 -> 0 | H278: =ESTADISTICA!H276 -> APAGADO | ... AI278: =ESTADISTICA!AI276 -> 0
B279: =ESTADISTICA!B277 -> SJO08 (fija 2) | C279: =ESTADISTICA!C277 -> 503 Y 556 | D279: =ESTADISTICA!D277 -> Fija | E279: =ESTADISTICA!E277 -> Fibra Optica | F279: =ESTADISTICA!F277 -> 0 | G279: =ESTADISTICA!G277 -> 0 | H279: =ESTADISTICA!H277 -> 0 | I279: =ESTADISTICA!I277 -> 0 | ... AI279: =ESTADISTICA!AI277 -> 0
A280: =ESTADISTICA!A278 -> SANTO TOMAS | B280: =ESTADISTICA!B278 -> SJU01 | C280: =ESTADISTICA!C278 -> Ruta 36 y Pte.Peron | D280: =ESTADISTICA!D278 -> Domo | E280: =ESTADISTICA!E278 -> Radio | F280: =ESTADISTICA!F278 -> 0 | G280: =ESTADISTICA!G278 -> 0 | H280: =ESTADISTICA!H278 -> 0 | ... AI280: =ESTADISTICA!AI278 -> 0
A281: =ESTADISTICA!A279 -> VILLA GENERAL SAN MARTIN | B281: =ESTADISTICA!B279 -> SMA 03 | C281: =ESTADISTICA!C279 -> ROSARIO Y SAN NICOLAS | D281: =ESTADISTICA!D279 -> Domo | E281: =ESTADISTICA!E279 -> Radio | F281: =ESTADISTICA!F279 -> 0 | G281: =ESTADISTICA!G279 -> 0 | H281: =ESTADISTICA!H279 -> 0 | ... AI281: =ESTADISTICA!AI279 -> 0
A282: =ESTADISTICA!A280 -> VILLA GENERAL SAN MARTIN | B282: =ESTADISTICA!B280 -> SMA 04 | C282: =ESTADISTICA!C280 -> HUDSON Y MONTEVIDEO | D282: =ESTADISTICA!D280 -> FIJA | E282: =ESTADISTICA!E280 -> Radio | F282: =ESTADISTICA!F280 -> APAGADO | G282: =ESTADISTICA!G280 -> APAGADO | H282: =ESTADISTICA!H280 -> APAGADO | ... AI282: =ESTADISTICA!AI280 -> 0
A283: =ESTADISTICA!A281 -> VILLA GENERAL SAN MARTIN | B283: =ESTADISTICA!B281 -> SMA 06 | C283: =ESTADISTICA!C281 -> AV. HUDSON Y RIO IGUAZU | D283: =ESTADISTICA!D281 -> DOMO | E283: =ESTADISTICA!E281 -> Fibra Optica | F283: =ESTADISTICA!F281 -> 0 | G283: =ESTADISTICA!G281 -> 0 | H283: =ESTADISTICA!H281 -> 0 | ... AI283: =ESTADISTICA!AI281 -> 0
A284: =ESTADISTICA!A282 -> VILLA GENERAL SAN MARTIN | B284: =ESTADISTICA!B282 -> SMA 07 | C284: =ESTADISTICA!C282 -> AV. HUDSON Y RIO TURBIO | D284: =ESTADISTICA!D282 -> DOMO | E284: =ESTADISTICA!E282 -> Fibra Optica | F284: =ESTADISTICA!F282 -> 0 | G284: =ESTADISTICA!G282 -> 0 | H284: =ESTADISTICA!H282 -> 0 | ... AI284: =ESTADISTICA!AI282 -> 0
A285: =ESTADISTICA!A283 -> VILLA GENERAL SAN MARTIN | B285: =ESTADISTICA!B283 -> SMA01 | C285: =ESTADISTICA!C283 -> Hudson y Montevideo | D285: =ESTADISTICA!D283 -> DOMO | E285: =ESTADISTICA!E283 -> Radio | F285: =ESTADISTICA!F283 -> 0 | G285: =ESTADISTICA!G283 -> 0 | H285: =ESTADISTICA!H283 -> 0 | ... AI285: =ESTADISTICA!AI283 -> 0
A286: =ESTADISTICA!A284 -> VILLA GENERAL SAN MARTIN | B286: =ESTADISTICA!B284 -> SMA02 | C286: =ESTADISTICA!C284 -> Hudson y San Nicolas | D286: =ESTADISTICA!D284 -> Domo | E286: =ESTADISTICA!E284 -> Radio | F286: =ESTADISTICA!F284 -> 0 | G286: =ESTADISTICA!G284 -> 0 | H286: =ESTADISTICA!H284 -> 0 | ... AI286: =ESTADISTICA!AI284 -> 0
A287: =ESTADISTICA!A285 -> VILLA GENERAL SAN MARTIN | B287: =ESTADISTICA!B285 -> SMA05 | C287: =ESTADISTICA!C285 -> MONTEVIDEO Y VILLEGAS | D287: =ESTADISTICA!D285 -> DOMO | E287: =ESTADISTICA!E285 -> PTO A FO | F287: =ESTADISTICA!F285 -> 0 | G287: =ESTADISTICA!G285 -> 0 | H287: =ESTADISTICA!H285 -> 0 | ... AI287: =ESTADISTICA!AI285 -> 0
A288: =ESTADISTICA!A286 -> SAN NICOLAS | B288: =ESTADISTICA!B286 -> SNI 03 (fija 1) | C288: =ESTADISTICA!C286 -> SARRATEA Y LOS TREBOLES | D288: =ESTADISTICA!D286 -> Fija | E288: =ESTADISTICA!E286 -> Fibra Optica | F288: =ESTADISTICA!F286 -> 0 | G288: =ESTADISTICA!G286 -> 0 | H288: =ESTADISTICA!H286 -> 0 | ... AI288: =ESTADISTICA!AI286 -> 0
A289: =ESTADISTICA!A287 -> SAN NICOLAS | B289: =ESTADISTICA!B287 -> SNI 04 (fija 2) | C289: =ESTADISTICA!C287 -> SARRATEA Y LOS TREBOLES | D289: =ESTADISTICA!D287 -> Fija | E289: =ESTADISTICA!E287 -> Fibra Optica | F289: =ESTADISTICA!F287 -> 0 | G289: =ESTADISTICA!G287 -> 0 | H289: =ESTADISTICA!H287 -> 0 | ... AI289: =ESTADISTICA!AI287 -> 0
A290: =ESTADISTICA!A288 -> SAN NICOLAS | B290: =ESTADISTICA!B288 -> SNI01 (fija 1) | C290: =ESTADISTICA!C288 -> SARRATEA E/ EEUU DE A. Y AGRELO | D290: =ESTADISTICA!D288 -> Fija | E290: =ESTADISTICA!E288 -> Fibra Optica | F290: =ESTADISTICA!F288 -> 0 | G290: =ESTADISTICA!G288 -> 0 | H290: =ESTADISTICA!H288 -> 0 | ... AI290: =ESTADISTICA!AI288 -> 0
A291: =ESTADISTICA!A289 -> SAN NICOLAS | B291: =ESTADISTICA!B289 -> SNI02 (fija 2) | C291: =ESTADISTICA!C289 -> SARRATEA E/ EEUU DE A. Y AGRELO | D291: =ESTADISTICA!D289 -> Fija | E291: =ESTADISTICA!E289 -> Fibra Optica | F291: =ESTADISTICA!F289 -> 0 | G291: =ESTADISTICA!G289 -> 0 | H291: =ESTADISTICA!H289 -> 0 | ... AI291: =ESTADISTICA!AI289 -> 0
... A454: =ESTADISTICA!A452 -> 0 | B454: =ESTADISTICA!B452 -> 0 | C454: =ESTADISTICA!C452 -> 0 | D454: =ESTADISTICA!D452 -> 0 | E454: =ESTADISTICA!E452 -> 0 | F454: =ESTADISTICA!F452 -> 0 | G454: =ESTADISTICA!G452 -> 0 | H454: =ESTADISTICA!H452 -> 0 | ... AI454: =ESTADISTICA!AI452 -> 0

Sheet APAGADOS RADIO
C1: TOTAL RADIO | D1: =COUNTIFS(E4:E400,"=radio") -> 95
E2: APAGADOS | F2: =COUNTIFS(F4:F367, "=APAGADO",E4:E367,"=radio") -> 6 | G2: =COUNTIFS(G4:G367, "=APAGADO",E4:E367,"=radio") -> 8 | H2: =COUNTIFS(H4:H367, "=APAGADO",E4:E367,"=radio") -> 11 | I2: =COUNTIFS(I4:I367, "=APAGADO",E4:E367,"=radio") -> 14 | J2: =COUNTIFS(J4:J367, "=APAGADO",E4:E367,"=radio") -> 9 | K2: =COUNTIFS(K4:K367, "=APAGADO",E4:E367,"=radio") -> 0 | L2: =COUNTIFS(L4:L367, "=APAGADO",E4:E367,"=radio") -> 15 | M2: =COUNTIFS(M4:M367, "=APAGADO",E4:E367,"=radio") -> 10 | N2: =COUNTIFS(N4:N367, "=APAGADO",E4:E367,"=radio") -> 7 | O2: =COUNTIFS(O4:O367, "=APAGADO",E4:E367,"=radio") -> 5 | P2: =COUNTIFS(P4:P367, "=APAGADO",E4:E367,"=radio") -> 5 | Q2: =COUNTIFS(Q4:Q367, "=APAGADO",E4:E367,"=radio") -> 8 | R2: =COUNTIFS(R4:R367, "=APAGADO",E4:E367,"=radio") -> 8 | S2: =COUNTIFS(S4:S367, "=APAGADO",E4:E367,"=radio") -> 7 | T2: =COUNTIFS(T4:T367, "=APAGADO",E4:E367,"=radio") -> 7 | U2: =COUNTIFS(U4:U367, "=APAGADO",E4:E367,"=radio") -> 5 | V2: =COUNTIFS(V4:V367, "=APAGADO",E4:E367,"=radio") -> 10 | W2: =COUNTIFS(W4:W367, "=APAGADO",E4:E367,"=radio") -> 7 | X2: =COUNTIFS(X4:X367, "=APAGADO",E4:E367,"=radio") -> 7 | Y2: =COUNTIFS(Y4:Y367, "=APAGADO",E4:E367,"=radio") -> 5 | Z2: =COUNTIFS(Z4:Z367, "=APAGADO",E4:E367,"=radio") -> 6 | AA2: =COUNTIFS(AA4:AA367, "=APAGADO",E4:E367,"=radio") -> 0 | AB2: =COUNTIFS(AB4:AB367, "=APAGADO",E4:E367,"=radio") -> 0 | AC2: =COUNTIFS(AC4:AC367, "=APAGADO",E4:E367,"=radio") -> 0 | AD2: =COUNTIFS(AD4:AD367, "=APAGADO",E4:E367,"=radio") -> 0 | AE2: =COUNTIFS(AE4:AE367, "=APAGADO",E4:E367,"=radio") -> 0 | AF2: =COUNTIFS(AF4:AF367, "=APAGADO",E4:E367,"=radio") -> 0 | AG2: =COUNTIFS(AG4:AG367, "=APAGADO",E4:E367,"=radio") -> 0 | AH2: =COUNTIFS(AH4:AH367, "=APAGADO",E4:E367,"=radio") -> 0 | AI2: =COUNTIFS(AI4:AI367, "=APAGADO",E4:E367,"=radio") -> 0
A3: =ESTADISTICA!A1 -> Barrio | B3: =ESTADISTICA!B1 -> [Denominacion] | C3: =ESTADISTICA!C1 -> [Ubicacion] | D3: =ESTADISTICA!D1 -> [Tipo de Camara] | E3: =ESTADISTICA!E1 -> [Tipo de Conexion] | F3: =ESTADISTICA!F1 -> 44743 | G3: =ESTADISTICA!G1 -> 44744 | H3: =ESTADISTICA!H1 -> 44745 | ... AI3: =ESTADISTICA!AI1 -> 44772
A4: =ESTADISTICA!A2 -> ALTAMIRA | B4: =ESTADISTICA!B2 -> ALT 03 | C4: =ESTADISTICA!C2 -> Bombero Galarza y Necochea | D4: =ESTADISTICA!D2 -> Domo | E4: =ESTADISTICA!E2 -> FIBRA OPTICA | F4: =ESTADISTICA!F2 -> 0 | G4: =ESTADISTICA!G2 -> 0 | H4: =ESTADISTICA!H2 -> 0 | ... AI4: =ESTADISTICA!AI2 -> 0
A5: =ESTADISTICA!A3 -> ALTAMIRA | B5: =ESTADISTICA!B3 -> ALT 04 | C5: =ESTADISTICA!C3 -> Francia y Necochea | D5: =ESTADISTICA!D3 -> Domo | E5: =ESTADISTICA!E3 -> FIBRA OPTICA | F5: =ESTADISTICA!F3 -> 0 | G5: =ESTADISTICA!G3 -> 0 | H5: =ESTADISTICA!H3 -> 0 | ... AI5: =ESTADISTICA!AI3 -> 0
A6: =ESTADISTICA!A4 -> ALTAMIRA | B6: =ESTADISTICA!B4 -> ALT 06 | C6: =ESTADISTICA!C4 -> LOPE DE VEGA Y NECOCHEA | D6: =ESTADISTICA!D4 -> Domo | E6: =ESTADISTICA!E4 -> PTO A FO | F6: =ESTADISTICA!F4 -> APAGADO | G6: =ESTADISTICA!G4 -> APAGADO | H6: =ESTADISTICA!H4 -> APAGADO | ... AI6: =ESTADISTICA!AI4 -> 0
A7: =ESTADISTICA!A5 -> ALTAMIRA | B7: =ESTADISTICA!B5 -> ALT 08 | C7: =ESTADISTICA!C5 -> HUMAITA Y NECOCHEA | D7: =ESTADISTICA!D5 -> DOMO | E7: =ESTADISTICA!E5 -> Fibra Optica | F7: =ESTADISTICA!F5 -> 0 | G7: =ESTADISTICA!G5 -> 0 | H7: =ESTADISTICA!H5 -> 0 | ... AI7: =ESTADISTICA!AI5 -> 0
A8: =ESTADISTICA!A6 -> ALTAMIRA | B8: =ESTADISTICA!B6 -> ALT 09 | C8: =ESTADISTICA!C6 -> NECOCHEA Y CURUPAITY | D8: =ESTADISTICA!D6 -> DOMO | E8: =ESTADISTICA!E6 -> Fibra Optica | F8: =ESTADISTICA!F6 -> 0 | G8: =ESTADISTICA!G6 -> 0 | H8: =ESTADISTICA!H6 -> 0 | ... AI8: =ESTADISTICA!AI6 -> 0
A9: =ESTADISTICA!A7 -> ALTAMIRA | B9: =ESTADISTICA!B7 -> ALT 10 | C9: =ESTADISTICA!C7 -> Calchaqui y Francia | D9: =ESTADISTICA!D7 -> Domo | E9: =ESTADISTICA!E7 -> Radio | F9: =ESTADISTICA!F7 -> 0 | G9: =ESTADISTICA!G7 -> 0 | H9: =ESTADISTICA!H7 -> 0 | ... AI9: =ESTADISTICA!AI7 -> 0
A10: =ESTADISTICA!A8 -> ALTAMIRA | B10: =ESTADISTICA!B8 -> ALT01 | C10: =ESTADISTICA!C8 -> Calchaqui y Sgto. Cabral | D10: =ESTADISTICA!D8 -> Domo | E10: =ESTADISTICA!E8 -> Fibra Optica | F10: =ESTADISTICA!F8 -> 0 | G10: =ESTADISTICA!G8 -> 0 | H10: =ESTADISTICA!H8 -> 0 | ... AI10: =ESTADISTICA!AI8 -> 0
A11: =ESTADISTICA!A9 -> ALTAMIRA | B11: =ESTADISTICA!B9 -> ALT02 | C11: =ESTADISTICA!C9 -> Calchaqui y Lope de Vega | D11: =ESTADISTICA!D9 -> Domo | E11: =ESTADISTICA!E9 -> PTO A FO | F11: =ESTADISTICA!F9 -> 0 | G11: =ESTADISTICA!G9 -> 0 | H11: =ESTADISTICA!H9 -> 0 | ... AI11: =ESTADISTICA!AI9 -> 0
A12: =ESTADISTICA!A10 -> ALTAMIRA | B12: =ESTADISTICA!B10 -> ALT05 | C12: =ESTADISTICA!C10 -> Av. Calchaqui y Bombero Galarza | D12: =ESTADISTICA!D10 -> Domo | E12: =ESTADISTICA!E10 -> PTO A FO | F12: =ESTADISTICA!F10 -> 0 | G12: =ESTADISTICA!G10 -> 0 | H12: =ESTADISTICA!H10 -> 0 | ... AI12: =ESTADISTICA!AI10 -> 0
A13: =ESTADISTICA!A11 -> ALTAMIRA | B13: =ESTADISTICA!B11 -> ALT07 | C13: =ESTADISTICA!C11 -> AV. CALCHAQUI Y AV. DEL TRABAJO | D13: =ESTADISTICA!D11 -> DOMO | E13: =ESTADISTICA!E11 -> PTO A FO | F13: =ESTADISTICA!F11 -> 0 | G13: =ESTADISTICA!G11 -> 0 | H13: =ESTADISTICA!H11 -> 0 | ... AI13: =ESTADISTICA!AI11 -> 0
A14: =ESTADISTICA!A12 -> AGUSTIN RAMIREZ | B14: =ESTADISTICA!B12 -> ARA 01 | C14: =ESTADISTICA!C12 -> Malambo y Tranquera | D14: =ESTADISTICA!D12 -> Domo | E14: =ESTADISTICA!E12 -> FIBRA OPTICA | F14: =ESTADISTICA!F12 -> 0 | G14: =ESTADISTICA!G12 -> 0 | H14: =ESTADISTICA!H12 -> 0 | ... AI14: =ESTADISTICA!AI12 -> 0
... A278: =ESTADISTICA!A276 -> SAN JORGE | B278: =ESTADISTICA!B276 -> SJO07 (fija 1) | C278: =ESTADISTICA!C276 -> 503 Y 556 | D278: =ESTADISTICA!D276 -> Fija | E278: =ESTADISTICA!E276 -> Fibra Optica | F278: =ESTADISTICA!F276 -> 0 | G278: =ESTADISTICA!G276 -> 0 | H278: =ESTADISTICA!H276 -> APAGADO | ... AI278: =ESTADISTICA!AI276 -> 0
B279: =ESTADISTICA!B277 -> SJO08 (fija 2) | C279: =ESTADISTICA!C277 -> 503 Y 556 | D279: =ESTADISTICA!D277 -> Fija | E279: =ESTADISTICA!E277 -> Fibra Optica | F279: =ESTADISTICA!F277 -> 0 | G279: =ESTADISTICA!G277 -> 0 | H279: =ESTADISTICA!H277 -> 0 | I279: =ESTADISTICA!I277 -> 0 | ... AI279: =ESTADISTICA!AI277 -> 0
A280: =ESTADISTICA!A278 -> SANTO TOMAS | B280: =ESTADISTICA!B278 -> SJU01 | C280: =ESTADISTICA!C278 -> Ruta 36 y Pte.Peron | D280: =ESTADISTICA!D278 -> Domo | E280: =ESTADISTICA!E278 -> Radio | F280: =ESTADISTICA!F278 -> 0 | G280: =ESTADISTICA!G278 -> 0 | H280: =ESTADISTICA!H278 -> 0 | ... AI280: =ESTADISTICA!AI278 -> 0
A281: =ESTADISTICA!A279 -> VILLA GENERAL SAN MARTIN | B281: =ESTADISTICA!B279 -> SMA 03 | C281: =ESTADISTICA!C279 -> ROSARIO Y SAN NICOLAS | D281: =ESTADISTICA!D279 -> Domo | E281: =ESTADISTICA!E279 -> Radio | F281: =ESTADISTICA!F279 -> 0 | G281: =ESTADISTICA!G279 -> 0 | H281: =ESTADISTICA!H279 -> 0 | ... AI281: =ESTADISTICA!AI279 -> 0
A282: =ESTADISTICA!A280 -> VILLA GENERAL SAN MARTIN | B282: =ESTADISTICA!B280 -> SMA 04 | C282: =ESTADISTICA!C280 -> HUDSON Y MONTEVIDEO | D282: =ESTADISTICA!D280 -> FIJA | E282: =ESTADISTICA!E280 -> Radio | F282: =ESTADISTICA!F280 -> APAGADO | G282: =ESTADISTICA!G280 -> APAGADO | H282: =ESTADISTICA!H280 -> APAGADO | ... AI282: =ESTADISTICA!AI280 -> 0
A283: =ESTADISTICA!A281 -> VILLA GENERAL SAN MARTIN | B283: =ESTADISTICA!B281 -> SMA 06 | C283: =ESTADISTICA!C281 -> AV. HUDSON Y RIO IGUAZU | D283: =ESTADISTICA!D281 -> DOMO | E283: =ESTADISTICA!E281 -> Fibra Optica | F283: =ESTADISTICA!F281 -> 0 | G283: =ESTADISTICA!G281 -> 0 | H283: =ESTADISTICA!H281 -> 0 | ... AI283: =ESTADISTICA!AI281 -> 0
A284: =ESTADISTICA!A282 -> VILLA GENERAL SAN MARTIN | B284: =ESTADISTICA!B282 -> SMA 07 | C284: =ESTADISTICA!C282 -> AV. HUDSON Y RIO TURBIO | D284: =ESTADISTICA!D282 -> DOMO | E284: =ESTADISTICA!E282 -> Fibra Optica | F284: =ESTADISTICA!F282 -> 0 | G284: =ESTADISTICA!G282 -> 0 | H284: =ESTADISTICA!H282 -> 0 | ... AI284: =ESTADISTICA!AI282 -> 0
A285: =ESTADISTICA!A283 -> VILLA GENERAL SAN MARTIN | B285: =ESTADISTICA!B283 -> SMA01 | C285: =ESTADISTICA!C283 -> Hudson y Montevideo | D285: =ESTADISTICA!D283 -> DOMO | E285: =ESTADISTICA!E283 -> Radio | F285: =ESTADISTICA!F283 -> 0 | G285: =ESTADISTICA!G283 -> 0 | H285: =ESTADISTICA!H283 -> 0 | ... AI285: =ESTADISTICA!AI283 -> 0
A286: =ESTADISTICA!A284 -> VILLA GENERAL SAN MARTIN | B286: =ESTADISTICA!B284 -> SMA02 | C286: =ESTADISTICA!C284 -> Hudson y San Nicolas | D286: =ESTADISTICA!D284 -> Domo | E286: =ESTADISTICA!E284 -> Radio | F286: =ESTADISTICA!F284 -> 0 | G286: =ESTADISTICA!G284 -> 0 | H286: =ESTADISTICA!H284 -> 0 | ... AI286: =ESTADISTICA!AI284 -> 0
A287: =ESTADISTICA!A285 -> VILLA GENERAL SAN MARTIN | B287: =ESTADISTICA!B285 -> SMA05 | C287: =ESTADISTICA!C285 -> MONTEVIDEO Y VILLEGAS | D287: =ESTADISTICA!D285 -> DOMO | E287: =ESTADISTICA!E285 -> PTO A FO | F287: =ESTADISTICA!F285 -> 0 | G287: =ESTADISTICA!G285 -> 0 | H287: =ESTADISTICA!H285 -> 0 | ... AI287: =ESTADISTICA!AI285 -> 0
A288: =ESTADISTICA!A286 -> SAN NICOLAS | B288: =ESTADISTICA!B286 -> SNI 03 (fija 1) | C288: =ESTADISTICA!C286 -> SARRATEA Y LOS TREBOLES | D288: =ESTADISTICA!D286 -> Fija | E288: =ESTADISTICA!E286 -> Fibra Optica | F288: =ESTADISTICA!F286 -> 0 | G288: =ESTADISTICA!G286 -> 0 | H288: =ESTADISTICA!H286 -> 0 | ... AI288: =ESTADISTICA!AI286 -> 0
A289: =ESTADISTICA!A287 -> SAN NICOLAS | B289: =ESTADISTICA!B287 -> SNI 04 (fija 2) | C289: =ESTADISTICA!C287 -> SARRATEA Y LOS TREBOLES | D289: =ESTADISTICA!D287 -> Fija | E289: =ESTADISTICA!E287 -> Fibra Optica | F289: =ESTADISTICA!F287 -> 0 | G289: =ESTADISTICA!G287 -> 0 | H289: =ESTADISTICA!H287 -> 0 | ... AI289: =ESTADISTICA!AI287 -> 0
A290: =ESTADISTICA!A288 -> SAN NICOLAS | B290: =ESTADISTICA!B288 -> SNI01 (fija 1) | C290: =ESTADISTICA!C288 -> SARRATEA E/ EEUU DE A. Y AGRELO | D290: =ESTADISTICA!D288 -> Fija | E290: =ESTADISTICA!E288 -> Fibra Optica | F290: =ESTADISTICA!F288 -> 0 | G290: =ESTADISTICA!G288 -> 0 | H290: =ESTADISTICA!H288 -> 0 | ... AI290: =ESTADISTICA!AI288 -> 0
A291: =ESTADISTICA!A289 -> SAN NICOLAS | B291: =ESTADISTICA!B289 -> SNI02 (fija 2) | C291: =ESTADISTICA!C289 -> SARRATEA E/ EEUU DE A. Y AGRELO | D291: =ESTADISTICA!D289 -> Fija | E291: =ESTADISTICA!E289 -> Fibra Optica | F291: =ESTADISTICA!F289 -> 0 | G291: =ESTADISTICA!G289 -> 0 | H291: =ESTADISTICA!H289 -> 0 | ... AI291: =ESTADISTICA!AI289 -> 0
... A400: =ESTADISTICA!A398 -> 0 | B400: =ESTADISTICA!B398 -> 0 | C400: =ESTADISTICA!C398 -> 0 | D400: =ESTADISTICA!D398 -> 0 | E400: =ESTADISTICA!E398 -> 0 | F400: =ESTADISTICA!F398 -> 0 | G400: =ESTADISTICA!G398 -> 0 | H400: =ESTADISTICA!H398 -> 0 | ... AI400: =ESTADISTICA!AI398 -> 0

Sheet BARRAS

Sheet GRAFICO2

Sheet PORCENTAJE

Sheet AUXILIAR
A1: FECHA | B1: RADIO | C1: FIBRA | D1: ANTENA | E1: TOTAL APAGADOS | F1: INSTALADAS | G1: % APAGADOS
A2: ='APAGADOS RADIO'!F3 -> 44743 | B2: ='APAGADOS RADIO'!F2+D2 -> 15 | C2: ='APAGADOS FIBRA'!F2 -> 20 | D2: ='APAGADOS ANTENA'!F2 -> 9 | E2: =B2+C2 -> 35 | F2: ='RESUMEN TOTAL'!B1 -> 392 | G2: =E2/F2 -> 0.089285714
A3: ='APAGADOS RADIO'!G3 -> 44744 | B3: ='APAGADOS RADIO'!G2+D3 -> 14 | C3: ='APAGADOS FIBRA'!G2 -> 19 | D3: ='APAGADOS ANTENA'!G2 -> 6 | E3: =B3+C3 -> 33 | F3: ='RESUMEN TOTAL'!B1 -> 392 | G3: =E3/F3 -> 0.084183673
A4: ='APAGADOS RADIO'!H3 -> 44745 | B4: ='APAGADOS RADIO'!H2+D4 -> 16 | C4: ='APAGADOS FIBRA'!H2 -> 20 | D4: ='APAGADOS ANTENA'!H2 -> 5 | E4: =B4+C4 -> 36 | F4: ='RESUMEN TOTAL'!B1 -> 392 | G4: =E4/F4 -> 0.091836735
A5: ='APAGADOS RADIO'!I3 -> 44746 | B5: ='APAGADOS RADIO'!I2+D5 -> 19 | C5: ='APAGADOS FIBRA'!I2 -> 21 | D5: ='APAGADOS ANTENA'!I2 -> 5 | E5: =B5+C5 -> 40 | F5: ='RESUMEN TOTAL'!B1 -> 392 | G5: =E5/F5 -> 0.10204082
A6: ='APAGADOS RADIO'!J3 -> 44747 | B6: ='APAGADOS RADIO'!J2+D6 -> 14 | C6: ='APAGADOS FIBRA'!J2 -> 18 | D6: ='APAGADOS ANTENA'!J2 -> 5 | E6: =B6+C6 -> 32 | F6: ='RESUMEN TOTAL'!B1 -> 392 | G6: =E6/F6 -> 0.081632653
A7: ='APAGADOS RADIO'!K3 -> 44748 | B7: 8 | C7: 24 | D7: 3 | E7: 32 | F7: ='RESUMEN TOTAL'!B1 -> 392 | G7: =E7/F7 -> 0.081632653
A8: ='APAGADOS RADIO'!L3 -> 44749 | B8: ='APAGADOS RADIO'!L2+D8 -> 26 | C8: ='APAGADOS FIBRA'!L2 -> 31 | D8: ='APAGADOS ANTENA'!L2 -> 11 | E8: =B8+C8 -> 57 | F8: ='RESUMEN TOTAL'!B1 -> 392 | G8: =E8/F8 -> 0.14540816
A9: ='APAGADOS RADIO'!M3 -> 44750 | B9: ='APAGADOS RADIO'!M2+D9 -> 18 | C9: ='APAGADOS FIBRA'!M2 -> 30 | D9: ='APAGADOS ANTENA'!M2 -> 8 | E9: =B9+C9 -> 48 | F9: ='RESUMEN TOTAL'!B1 -> 392 | G9: =E9/F9 -> 0.12244898
A10: ='APAGADOS RADIO'!N3 -> 44751 | B10: ='APAGADOS RADIO'!N2+D10 -> 12 | C10: ='APAGADOS FIBRA'!N2 -> 22 | D10: ='APAGADOS ANTENA'!N2 -> 5 | E10: =B10+C10 -> 34 | F10: ='RESUMEN TOTAL'!B1 -> 392 | G10: =E10/F10 -> 0.086734694
A11: ='APAGADOS RADIO'!O3 -> 44752 | B11: ='APAGADOS RADIO'!O2+D11 -> 10 | C11: ='APAGADOS FIBRA'!O2 -> 19 | D11: ='APAGADOS ANTENA'!O2 -> 5 | E11: =B11+C11 -> 29 | F11: ='RESUMEN TOTAL'!B1 -> 392 | G11: =E11/F11 -> 0.073979592
A12: ='APAGADOS RADIO'!P3 -> 44753 | B12: ='APAGADOS RADIO'!P2+D12 -> 10 | C12: ='APAGADOS FIBRA'!P2 -> 19 | D12: ='APAGADOS ANTENA'!P2 -> 5 | E12: =B12+C12 -> 29 | F12: ='RESUMEN TOTAL'!B1 -> 392 | G12: =E12/F12 -> 0.073979592
A13: ='APAGADOS RADIO'!Q3 -> 44754 | B13: ='APAGADOS RADIO'!Q2+D13 -> 13 | C13: ='APAGADOS FIBRA'!Q2 -> 20 | D13: ='APAGADOS ANTENA'!Q2 -> 5 | E13: =B13+C13 -> 33 | F13: ='RESUMEN TOTAL'!B1 -> 392 | G13: =E13/F13 -> 0.084183673
A14: ='APAGADOS RADIO'!R3 -> 44755 | B14: ='APAGADOS RADIO'!R2+D14 -> 13 | C14: ='APAGADOS FIBRA'!R2 -> 23 | D14: ='APAGADOS ANTENA'!R2 -> 5 | E14: =B14+C14 -> 36 | F14: ='RESUMEN TOTAL'!B1 -> 392 | G14: =E14/F14 -> 0.091836735
A15: ='APAGADOS RADIO'!S3 -> 44756 | B15: ='APAGADOS RADIO'!S2+D15 -> 13 | C15: ='APAGADOS FIBRA'!S2 -> 21 | D15: ='APAGADOS ANTENA'!S2 -> 6 | E15: =B15+C15 -> 34 | F15: ='RESUMEN TOTAL'!B1 -> 392 | G15: =E15/F15 -> 0.086734694
A16: ='APAGADOS RADIO'!T3 -> 44757 | B16: ='APAGADOS RADIO'!T2+D16 -> 14 | C16: ='APAGADOS FIBRA'!T2 -> 19 | D16: ='APAGADOS ANTENA'!T2 -> 7 | E16: =B16+C16 -> 33 | F16: ='RESUMEN TOTAL'!B1 -> 392 | G16: =E16/F16 -> 0.084183673
A17: ='APAGADOS RADIO'!U3 -> 44758 | B17: ='APAGADOS RADIO'!U2+D17 -> 10 | C17: ='APAGADOS FIBRA'!U2 -> 18 | D17: ='APAGADOS ANTENA'!U2 -> 5 | E17: =B17+C17 -> 28 | F17: ='RESUMEN TOTAL'!B1 -> 392 | G17: =E17/F17 -> 0.071428571
A18: ='APAGADOS RADIO'!V3 -> 44759 | B18: ='APAGADOS RADIO'!V2+D18 -> 16 | C18: ='APAGADOS FIBRA'!V2 -> 47 | D18: ='APAGADOS ANTENA'!V2 -> 6 | E18: =B18+C18 -> 63 | F18: ='RESUMEN TOTAL'!B1 -> 392 | G18: =E18/F18 -> 0.16071429
A19: ='APAGADOS RADIO'!W3 -> 44760 | B19: ='APAGADOS RADIO'!W2+D19 -> 12 | C19: ='APAGADOS FIBRA'!W2 -> 18 | D19: ='APAGADOS ANTENA'!W2 -> 5 | E19: =B19+C19 -> 30 | F19: ='RESUMEN TOTAL'!B1 -> 392 | G19: =E19/F19 -> 0.076530612
A20: ='APAGADOS RADIO'!X3 -> 44761 | B20: ='APAGADOS RADIO'!X2+D20 -> 12 | C20: ='APAGADOS FIBRA'!X2 -> 15 | D20: ='APAGADOS ANTENA'!X2 -> 5 | E20: =B20+C20 -> 27 | F20: ='RESUMEN TOTAL'!B1 -> 392 | G20: =E20/F20 -> 0.068877551
A21: ='APAGADOS RADIO'!Y3 -> 44762 | B21: ='APAGADOS RADIO'!Y2+D21 -> 8 | C21: ='APAGADOS FIBRA'!Y2 -> 16 | D21: ='APAGADOS ANTENA'!Y2 -> 3 | E21: =B21+C21 -> 24 | F21: ='RESUMEN TOTAL'!B1 -> 392 | G21: =E21/F21 -> 0.06122449
A22: ='APAGADOS RADIO'!Z3 -> 44763 | B22: ='APAGADOS RADIO'!Z2+D22 -> 8 | C22: ='APAGADOS FIBRA'!Z2 -> 15 | D22: ='APAGADOS ANTENA'!Z2 -> 2 | E22: =B22+C22 -> 23 | F22: ='RESUMEN TOTAL'!B1 -> 392 | G22: =E22/F22 -> 0.058673469
A23: ='APAGADOS RADIO'!AA3 -> 44764
A24: ='APAGADOS RADIO'!AB3 -> 44765
A25: ='APAGADOS RADIO'!AC3 -> 44766
A26: ='APAGADOS RADIO'!AD3 -> 44767
A27: ='APAGADOS RADIO'!AE3 -> 44768
A28: ='APAGADOS RADIO'!AF3 -> 44769
A29: ='APAGADOS RADIO'!AG3 -> 44770
A30: ='APAGADOS RADIO'!AH3 -> 44771
A31: ='APAGADOS RADIO'!AI3 -> 44772

Sheet informe
B1: CANTIDAD | D1: %
A2: TOTAL | B2: 375 | E2: 44753
A3: CAIDAS | B3: 29 | C3: 83 | D3: =C3/B2 -> 0.22133333 | G3: MAY 03 | H3: CHAÑAR Y SAN NICOLAS | I3: DOMO | J3: PTP A FO | K3: 172.20.10.18 | L3: Se llega por ping y por web | M3: 44753
A4: LLEGAMOS NOSOTROS | B4: 6 | C4: =B3-B4 -> 23 | D4: =C4/B2 -> 0.061333333 | G4: NJU03 | H4: San Juan y Parrillo | I4: Domo | J4: PTP A FO | K4: 172.20.10.45 | L4: Se llega por ping y por web
A5: NO ESTA LA CAMARA | B5: 3 | C5: =C4-B5 -> 20 | D5: =C5/B2 -> 0.053333333 | G5: VAT 12 | H5: 12 DE OCTUBRE Y CHACO | I5: DOMO | J5: PTP A FO | K5: 172.20.12.127 | L5: se llega por ping y por web (No Video Display)
A6: RADIO | B6: 5 | C6: =C5-B6 -> 15 | D6: =C6/B2 -> 0.04 | G6: Punto Seguro - San Jorge (Domo) | H6: CALLE 523 E/ 554 Y 556 | I6: DOMO | J6: PTP A FO | K6: 172.20.12.101 | L6: Se llega por ping y por web (DAHUA)
A7: TOTAL | B7: 375 | E7: 44755 | G7: PUNTO SEGURO - SANTA ROSA (domo) | H7: BRUSELAS Y SICILIA | I7: DOMO | J7: Fibra Optica | K7: 172.20.12.145 | L7: Se llega por ping y por web (DAHUA)
A8: CAIDAS | B8: 36 | C8: 83 | D8: =C8/B7 -> 0.22133333 | G8: PUNTO SEGURO - SANTA ROSA (fija) | H8: BRUSELAS Y SICILIA | I8: Fija | J8: Fibra Optica | K8: 172.20.12.146 | L8: Se llega por ping y por web (DAHUA)
A9: LLEGAMOS NOSOTROS | B9: 6 | C9: =B8-B9 -> 30 | D9: =C9/B7 -> 0.08
A10: NO ESTA LA CAMARA | B10: 3 | C10: =C9-B10 -> 27 | D10: =C10/B7 -> 0.072 | G10: ALT06 | H10: LOPE DE VEGA Y NECOCHEA | I10: Domo | J10: PTP A FO | K10: 172.20.12.12 | L10: Se llega por ping y por web | M10: 44755
A11: RADIO | B11: 5 | C11: =C10-B11 -> 22 | D11: =C11/B7 -> 0.058666667 | G11: ESM04 | H11: Basualdo y Bengochea | I11: Domo | J11: Fibra Optica | K11: 172.20.12.46 | L11: Se llega por ping y por web
A12: TOTAL | B12: 375 | E12: 44756 | G12: LRO 01 | H12: H. IRIGOYEN Y BRAILE | I12: FIJA | J12: Fibra Optica | K12: 172.20.10.36 | L12: Se llega por ping y por web
A13: CAIDAS | B13: 34 | C13: 83 | D13: =C13/B12 -> 0.22133333 | G13: VAU01 | H13: San Martin y Monteverde | I13: Domo | J13: Fibra Optica | K13: 172.20.10.07 | L13: Se llega por ping y por web pide login
A14: LLEGAMOS NOSOTROS | B14: 6 | C14: =B13-B14 -> 28 | D14: =C14/B12 -> 0.074666667 | G14: Punto Seguro - San Jorge (Domo) | H14: CALLE 523 E/ 554 Y 556 | I14: DOMO | J14: PTP A FO | K14: 172.20.12.101 | L14: Se llega por ping y por web (DAHUA)
A15: NO ESTA LA CAMARA | B15: 3 | C15: =C14-B15 -> 25 | D15: =C15/B12 -> 0.066666667 | G15: PUNTO SEGURO - SANTA ROSA (fija) | H15: BRUSELAS Y SICILIA | I15: Fija | J15: Fibra Optica | K15: 172.20.12.146 | L15: Se llega por ping y por web (DAHUA)
A16: RADIO | B16: 6 | C16: =C15-B16 -> 19 | D16: =C16/B12 -> 0.050666667 | G16: ALT06 | H16: LOPE DE VEGA Y NECOCHEA | I16: Domo | J16: PTP A FO | K16: 172.20.12.12 | L16: Se llega por pimg y por web | M16: 44763
A17: TOTAL | B17: 392 | E17: 44762 | G17: ESM04 | H17: Basualdo y Bengochea | I17: Domo | J17: Fibra Optica | K17: 172.20.12.46 | L17: Se llega por ping y por web
A18: CAIDAS | B18: 24 | C18: 24 | D18: =C18/B17 -> 0.06122449 | G18: VLA04 | H18: ESPORA Y MARTIN GRASS | I18: DOMO | J18: Fibra Optica | K18: 172.20.11.163 | L18: Se llega por ping y por web (login)
A19: LLEGAMOS NOSOTROS | B19: 3 | C19: =B18-B19 -> 21 | D19: =C19/B17 -> 0.053571429 | G19: PUNTO SEGURO - SANTA ROSA (fija) | H19: BRUSELAS Y SICILIA | I19: Fija | J19: Fibra Optica | K19: 172.20.12.146 | L19: Se llega por ping y por web (DAHUA)
A20: NO ESTA LA CAMARA | B20: 0 | C20: =C19-B20 -> 21 | D20: =C20/B17 -> 0.053571429
A21: RADIO | B21: 5 | C21: =C20-B21 -> 16 | D21: =C21/B17 -> 0.040816327
A22: TOTAL | B22: 392 | E22: 44763
A23: CAIDAS | B23: 23 | C23: 23 | D23: =C23/B22 -> 0.058673469
A24: LLEGAMOS NOSOTROS | B24: 4 | C24: =B23-B24 -> 19 | D24: =C24/B22 -> 0.048469388
A25: NO ESTA LA CAMARA | B25: 2 | C25: =C24-B25 -> 17 | D25: =C25/B22 -> 0.043367347
A26: RADIO | B26: 6 | C26: =C25-B26 -> 11 | D26: =C26/B22 -> 0.028061224
