Workbook
Name _25_de_agosto: 'RESUMEN TOTAL'!$A$4:$D$383
Name _25_de_agosto_3: 'RESUMEN TOTAL'!$A$4:$D$395
Name BONOMOcam: Hoja1!$B$2
Name CANTIDAD_DE_CAMARAS: 'RESUMEN TOTAL'!$B$1
Name COSEIDIcam: Hoja1!$B$4

Sheet RESUMEN TOTAL
A1: CANTIDAD DE CAMARAS | B1: =COUNTA(B5:B616) -> 522 | D1: PORCIENTO DE CAIDAS | L1: =(L3)/(L2+L3) -> 0.0651341 | M1: =(M3)/(M2+M3) -> 0.20689655 | N1: =(N3)/(N2+N3) -> 0.21072797 | O1: =(O3)/(O2+O3) -> 0.23371648 | P1: =(P3)/(P2+P3) -> 0.12835249 | Q1: =(Q3)/(Q2+Q3) -> 0.20306513 | R1: =(R3)/(R2+R3) -> 0.10727969 | S1: =(S3)/(S2+S3) -> 0.08045977 | ... X1: =(X3)/(X2+X3) -> 0.076628352 | Z1: =(Z3)/(Z2+Z3) -> 0.08045977 | AA1: =(AA3)/(AA2+AA3) -> 0.0651341 | AB1: =(AB3)/(AB2+AB3) -> 0.21072797 | AC1: =(AC3)/(AC2+AC3) -> 0.19923372 | AD1: =(AD3)/(AD2+AD3) -> 0.078544061 | AE1: =(AE3)/(AE2+AE3) -> 0.086206897 | AF1: =(AF3)/(AF2+AF3) -> 0.095785441 | AG1: =(AG3)/(AG2+AG3) -> 0.08045977 | ... AO1: =(AO3)/(AO2+AO3) -> 0
D2: FUNCIONAN | L2: =B1-L3 -> 488 | M2: =CANTIDAD_DE_CAMARAS-M3 -> 414 | N2: =CANTIDAD_DE_CAMARAS-N3 -> 412 | O2: =CANTIDAD_DE_CAMARAS-O3 -> 400 | P2: =CANTIDAD_DE_CAMARAS-P3 -> 455 | Q2: =CANTIDAD_DE_CAMARAS-Q3 -> 416 | R2: =CANTIDAD_DE_CAMARAS-R3 -> 466 | S2: =CANTIDAD_DE_CAMARAS-S3 -> 480 | T2: =CANTIDAD_DE_CAMARAS-T3 -> 489 | ... AO2: =CANTIDAD_DE_CAMARAS-AO3 -> 522
D3: CAIDAS | L3: =COUNTIF(L4:L616, "apagado") -> 34 | M3: =COUNTIF(M4:M616, "apagado") -> 108 | N3: =COUNTIF(N4:N616, "apagado") -> 110 | O3: =COUNTIF(O4:O616, "apagado") -> 122 | P3: =COUNTIF(P4:P616, "apagado") -> 67 | Q3: =COUNTIF(Q4:Q616, "apagado") -> 106 | R3: =COUNTIF(R4:R616, "apagado") -> 56 | S3: =COUNTIF(S4:S616, "apagado") -> 42 | ... W3: =COUNTIF(W4:W616, "apagado") -> 31 | X3: =COUNTIF(X4:X516, "apagado") -> 40 | Y3: =COUNTIF(Y4:Y516, "apagado") -> 56 | Z3: =COUNTIF(Z4:Z616, "apagado") -> 42 | AA3: =COUNTIF(AA4:AA616, "apagado") -> 34 | AB3: =COUNTIF(AB4:AB616, "apagado") -> 110 | AC3: =COUNTIF(AC4:AC616, "apagado") -> 104 | AD3: =COUNTIF(AD4:AD616, "apagado") -> 41 | AE3: =COUNTIF(AE4:AE616, "apagado") -> 45 | AF3: =COUNTIF(AF4:AF616, "apagado") -> 50 | AG3: =COUNTIF(AG4:AG616, "apagado") -> 42 | ... AO3: =COUNTIF(AO4:AO616, "apagado") -> 0
A4: Barrio | B4: [Denominacion] | C4: [Empresa Mantenimiento] | D4: [Ubicacion] | E4: [Tipo de Camara] | F4: [Tipo de Conexion] | G4: Destino | I4: DIAS FUNCIONANDO | J4: DIAS CAIDA | K4: EFECTIVIDAD | L4: 45170 | M4: 45171 | N4: 45172 | O4: 45173 | P4: 45174 | Q4: 45175 | R4: 45176 | S4: 45177 | T4: 45178 | U4: 45179 | V4: 45180 | W4: 45181 | X4: 45182 | Y4: 45183 | Z4: 45184 | AA4: 45185 | AB4: 45186 | AC4: 45187 | AD4: 45188 | AE4: 45189 | AF4: 45190 | AG4: 45191 | AH4: 45192 | AI4: 45193 | AJ4: 45194 | AK4: 45195 | AL4: 45196 | AM4: 45197 | AN4: 45198 | AO4: 45199
A5: ALTAMIRA | B5: ALT01 | C5: BONOMO | D5: Calchaqui y Sgto. Cabral | E5: Domo | F5: Fibra Optica | H5: 172.20.10.6 | I5: =COUNTIF(L5:AM5,"") -> 28 | J5: =COUNTIF(L5:AM5,"APAGADO") -> 0 | K5: =(I5)/(J5+I5) -> 1
A6: ALTAMIRA | B6: ALT02 | C6: BONOMO | D6: Calchaqui y Lope de Vega | E6: Domo | F6: PTO A FO | G6: CABRAL Y CALCHAQUI | H6: 172.20.12.218 | I6: =COUNTIF(L6:AM6,"") -> 28 | J6: =COUNTIF(L6:AM6,"APAGADO") -> 0 | K6: =(I6)/(J6+I6) -> 1
A7: ALTAMIRA | B7: ALT 03 | C7: BONOMO | D7: Bombero Galarza y Necochea | E7: Domo | F7: Fibra Optica | H7: 172.20.12.54 | I7: =COUNTIF(L7:AM7,"") -> 28 | J7: =COUNTIF(L7:AM7,"APAGADO") -> 0 | K7: =(I7)/(J7+I7) -> 1
A8: ALTAMIRA | B8: ALT 04 | C8: BONOMO | D8: Francia y Necochea | E8: Domo | F8: Fibra Optica | H8: 172.20.12.55 | I8: =COUNTIF(L8:AM8,"") -> 28 | J8: =COUNTIF(L8:AM8,"APAGADO") -> 0 | K8: =(I8)/(J8+I8) -> 1
A9: ALTAMIRA | B9: ALT05 | C9: BONOMO | D9: Av. Calchaqui y Bombero Galarza | E9: Domo | F9: PTO A FO | G9: NECOCHEA Y GALARZA | H9: 172.20.12.216 | I9: =COUNTIF(L9:AM9,"") -> 28 | J9: =COUNTIF(L9:AM9,"APAGADO") -> 0 | K9: =(I9)/(J9+I9) -> 1
A10: ALTAMIRA | B10: ALT 06 | C10: BONOMO | D10: LOPE DE VEGA Y NECOCHEA | E10: Domo | F10: PTO A FO | G10: NECOCHEA Y GALARZA | H10: 172.20.12.12 | I10: =COUNTIF(L10:AM10,"") -> 28 | J10: =COUNTIF(L10:AM10,"APAGADO") -> 0 | K10: =(I10)/(J10+I10) -> 1
A11: ALTAMIRA | B11: ALT07 | C11: BONOMO | D11: AV. CALCHAQUI Y AV. DEL TRABAJO | E11: DOMO | F11: PTO A FO | G11: CABRAL Y CALCHAQUI | H11: 172.20.10.57 | I11: =COUNTIF(L11:AM11,"") -> 28 | J11: =COUNTIF(L11:AM11,"APAGADO") -> 0 | K11: =(I11)/(J11+I11) -> 1
A12: ALTAMIRA | B12: ALT 08 | C12: BONOMO | D12: HUMAITA Y NECOCHEA | E12: DOMO | F12: Fibra Optica | H12: 172.20.11.215 | I12: =COUNTIF(L12:AM12,"") -> 28 | J12: =COUNTIF(L12:AM12,"APAGADO") -> 0 | K12: =(I12)/(J12+I12) -> 1
A13: ALTAMIRA | B13: ALT 09 | C13: BONOMO | D13: NECOCHEA Y CURUPAITY | E13: DOMO | F13: Fibra Optica | H13: 172.20.11.216 | I13: =COUNTIF(L13:AM13,"") -> 28 | J13: =COUNTIF(L13:AM13,"APAGADO") -> 0 | K13: =(I13)/(J13+I13) -> 1
A14: ALTAMIRA | B14: ALT 10 | C14: BONOMO | D14: Calchaqui y Francia | E14: Domo | F14: Radio | H14: 172.20.12.156 | I14: =COUNTIF(L14:AM14,"") -> 28 | J14: =COUNTIF(L14:AM14,"APAGADO") -> 0 | K14: =(I14)/(J14+I14) -> 1
A15: AGUSTIN RAMIREZ | B15: ARA 01 | C15: COSEIDI | D15: Malambo y Tranquera | E15: Domo | F15: Fibra Optica | H15: 172.20.12.110 | I15: =COUNTIF(L15:AM15,"") -> 6 | J15: =COUNTIF(L15:AM15,"APAGADO") -> 22 | K15: =(I15)/(J15+I15) -> 0.21428571 | L15: APAGADO | M15: APAGADO | N15: APAGADO | O15: APAGADO | P15: APAGADO | Q15: APAGADO | R15: APAGADO | S15: APAGADO | T15: APAGADO | U15: APAGADO | V15: APAGADO | W15: APAGADO | X15: APAGADO | Y15: APAGADO | Z15: APAGADO | AA15: APAGADO | AB15: APAGADO | AC15: APAGADO | AD15: APAGADO | AE15: APAGADO | AF15: APAGADO | AG15: APAGADO
A16: BELGRANO | B16: BEL 01 | C16: BONOMO | D16: San Martin y Dardo Rocha | E16: DOMO | F16: Fibra Optica | H16: 172.20.12.64 | I16: =COUNTIF(L16:AM16,"") -> 28 | J16: =COUNTIF(L16:AM16,"APAGADO") -> 0 | K16: =(I16)/(J16+I16) -> 1
A17: BELGRANO | B17: BEL 02 | C17: BONOMO | D17: Guardia vieja y Fronteriz | E17: DOMO | F17: Fibra Optica | I17: =COUNTIF(L17:AM17,"") -> 28 | J17: =COUNTIF(L17:AM17,"APAGADO") -> 0 | K17: =(I17)/(J17+I17) -> 1
A18: BOSQUES CENTRO | B18: BOSQC 01 | C18: COSEIDI | D18: LUIS AGOTE E/DANUNCIO Y CAMPOAMOR | E18: Fija | F18: Radio | H18: 172.20.11.15 | I18: =COUNTIF(L18:AM18,"") -> 20 | J18: =COUNTIF(L18:AM18,"APAGADO") -> 8 | K18: =(I18)/(J18+I18) -> 0.71428571 | M18: APAGADO | N18: APAGADO | O18: APAGADO | P18: APAGADO | Q18: APAGADO | R18: APAGADO | AB18: APAGADO | AC18: APAGADO
A19: BOSQUES CENTRO | B19: BOSQC 02 | C19: COSEIDI | D19: LUIS AGOTE E/DANUNCIO Y CAMPOAMOR | E19: Fija | F19: Radio | H19: 172.20.11.16 | I19: =COUNTIF(L19:AM19,"") -> 20 | J19: =COUNTIF(L19:AM19,"APAGADO") -> 8 | K19: =(I19)/(J19+I19) -> 0.71428571 | M19: APAGADO | N19: APAGADO | O19: APAGADO | P19: APAGADO | Q19: APAGADO | R19: APAGADO | AB19: APAGADO | AC19: APAGADO
A20: BOSQUES CENTRO | B20: BOSQC 03 | C20: COSEIDI | D20: BENAVENTE Y LUIS AGOTE | E20: Fija | F20: Radio | H20: 172.20.11.13 | I20: =COUNTIF(L20:AM20,"") -> 21 | J20: =COUNTIF(L20:AM20,"APAGADO") -> 7 | K20: =(I20)/(J20+I20) -> 0.75 | M20: APAGADO | N20: APAGADO | O20: APAGADO | P20: APAGADO | Q20: APAGADO | AB20: APAGADO | AC20: APAGADO
A21: BOSQUES CENTRO | B21: BOSQC 04 | C21: COSEIDI | D21: BENAVENTE Y LUIS AGOTE | E21: Fija | F21: Radio | H21: 172.20.11.113 | I21: =COUNTIF(L21:AM21,"") -> 21 | J21: =COUNTIF(L21:AM21,"APAGADO") -> 7 | K21: =(I21)/(J21+I21) -> 0.75 | M21: APAGADO | N21: APAGADO | O21: APAGADO | P21: APAGADO | Q21: APAGADO | AB21: APAGADO | AC21: APAGADO
A22: BOSQUES CENTRO | B22: BOSQC 05 | C22: COSEIDI | D22: LUIS AGOTE Y RUTA 36 | E22: Fija | F22: Radio | H22: 172.20.11.17 | I22: =COUNTIF(L22:AM22,"") -> 25 | J22: =COUNTIF(L22:AM22,"APAGADO") -> 3 | K22: =(I22)/(J22+I22) -> 0.89285714 | Q22: APAGADO | AB22: APAGADO | AC22: APAGADO
A23: BOSQUES CENTRO | B23: BOSQC 06 | C23: COSEIDI | D23: LUIS AGOTE Y RUTA 36 | E23: Fija | F23: Radio | H23: 172.20.11.18 | I23: =COUNTIF(L23:AM23,"") -> 25 | J23: =COUNTIF(L23:AM23,"APAGADO") -> 3 | K23: =(I23)/(J23+I23) -> 0.89285714 | Q23: APAGADO | AB23: APAGADO | AC23: APAGADO
A24: CENTRO | B24: CEN01 | C24: BONOMO | D24: San Martin y 9 de Julio | E24: Fija | F24: Fibra Optica | H24: 172.20.11.10 | I24: =COUNTIF(L24:AM24,"") -> 12 | J24: =COUNTIF(L24:AM24,"APAGADO") -> 16 | K24: =(I24)/(J24+I24) -> 0.42857143 | R24: APAGADO | S24: APAGADO | T24: APAGADO | U24: APAGADO | V24: APAGADO | W24: APAGADO | X24: APAGADO | Y24: APAGADO | Z24: APAGADO | AA24: APAGADO | AB24: APAGADO | AC24: APAGADO | AD24: APAGADO | AE24: APAGADO | AF24: APAGADO | AG24: APAGADO
A25: CENTRO | B25: CEN02 | C25: BONOMO | D25: San Martin y Almafuerte | E25: Fija | F25: Fibra Optica | H25: 172.20.11.11 | I25: =COUNTIF(L25:AM25,"") -> 12 | J25: =COUNTIF(L25:AM25,"APAGADO") -> 16 | K25: =(I25)/(J25+I25) -> 0.42857143 | R25: APAGADO | S25: APAGADO | T25: APAGADO | U25: APAGADO | V25: APAGADO | W25: APAGADO | X25: APAGADO | Y25: APAGADO | Z25: APAGADO | AA25: APAGADO | AB25: APAGADO | AC25: APAGADO | AD25: APAGADO | AE25: APAGADO | AF25: APAGADO | AG25: APAGADO
A26: CENTRO | B26: CEN03 | C26: BONOMO | D26: San Martin y Sallares | E26: Domo | F26: Fibra Optica | H26: 172.20.12.30 | I26: =COUNTIF(L26:AM26,"") -> 27 | J26: =COUNTIF(L26:AM26,"APAGADO") -> 1 | K26: =(I26)/(J26+I26) -> 0.96428571 | Q26: APAGADO
A27: CENTRO | B27: CEN04 | C27: BONOMO | D27: San Martin y Contreras | E27: Domo | F27: Fibra Optica | H27: 172.20.12.29 | I27: =COUNTIF(L27:AM27,"") -> 28 | J27: =COUNTIF(L27:AM27,"APAGADO") -> 0 | K27: =(I27)/(J27+I27) -> 1
A28: CENTRO | B28: CEN 05 | C28: BONOMO | D28: Bocuzzi e/España y San Martin | E28: DOMO | F28: Fibra Optica | H28: 172.20.10.200 | I28: =COUNTIF(L28:AM28,"") -> 28 | J28: =COUNTIF(L28:AM28,"APAGADO") -> 0 | K28: =(I28)/(J28+I28) -> 1
A29: CENTRO | B29: CEN06 | C29: BONOMO | D29: Monteagudo y A.del Valle | E29: Fija | F29: Fibra Optica | H29: 172.20.10.02 | I29: =COUNTIF(L29:AM29,"") -> 28 | J29: =COUNTIF(L29:AM29,"APAGADO") -> 0 | K29: =(I29)/(J29+I29) -> 1
A30: CENTRO | B30: CEN07 | C30: BONOMO | D30: San Martin y Guemes | E30: DOMO | F30: Fibra Optica | H30: 172.20.11.20 | I30: =COUNTIF(L30:AM30,"") -> 28 | J30: =COUNTIF(L30:AM30,"APAGADO") -> 0 | K30: =(I30)/(J30+I30) -> 1
A31: CENTRO | B31: CEN08 | C31: BONOMO | D31: San Martin y Pte.Peron | E31: Domo | F31: Fibra Optica | H31: 172.20.11.21 | I31: =COUNTIF(L31:AM31,"") -> 28 | J31: =COUNTIF(L31:AM31,"APAGADO") -> 0 | K31: =(I31)/(J31+I31) -> 1
A32: CENTRO | B32: CEN09 | C32: BONOMO | D32: Chacabuco y 25 de Mayo | E32: Domo | F32: Fibra Optica | H32: 172.20.11.22 | I32: =COUNTIF(L32:AM32,"") -> 27 | J32: =COUNTIF(L32:AM32,"APAGADO") -> 1 | K32: =(I32)/(J32+I32) -> 0.96428571 | L32: APAGADO
A33: CENTRO | B33: CEN10 | C33: BONOMO | D33: Monteagudo y Pte. Peron | E33: Domo | F33: Fibra Optica | H33: 172.20.11.23 | I33: =COUNTIF(L33:AM33,"") -> 28 | J33: =COUNTIF(L33:AM33,"APAGADO") -> 0 | K33: =(I33)/(J33+I33) -> 1
A34: CENTRO | B34: CEN11 | C34: BONOMO | D34: Monteagudo y Bocuzzi | E34: Domo | F34: Fibra Optica | H34: 172.20.10.24 | I34: =COUNTIF(L34:AM34,"") -> 28 | J34: =COUNTIF(L34:AM34,"APAGADO") -> 0 | K34: =(I34)/(J34+I34) -> 1
A35: CENTRO | B35: CEN 12 | C35: BONOMO | D35: Monteagudo y Mitre | E35: Domo | F35: Fibra Optica | H35: 172.20.10.23 | I35: =COUNTIF(L35:AM35,"") -> 28 | J35: =COUNTIF(L35:AM35,"APAGADO") -> 0 | K35: =(I35)/(J35+I35) -> 1
A36: CENTRO | B36: CEN 13 | C36: BONOMO | D36: 25 de Mayo y Maipu | E36: DOMO | F36: Fibra Optica | H36: 172.20.10.20 | I36: =COUNTIF(L36:AM36,"") -> 28 | J36: =COUNTIF(L36:AM36,"APAGADO") -> 0 | K36: =(I36)/(J36+I36) -> 1
A37: CENTRO | B37: CEN14 | C37: BONOMO | D37: Pte.Peron e/Pringles y Brown | E37: Domo | F37: Fibra Optica | H37: 172.20.10.21 | I37: =COUNTIF(L37:AM37,"") -> 28 | J37: =COUNTIF(L37:AM37,"APAGADO") -> 0 | K37: =(I37)/(J37+I37) -> 1
A38: CENTRO | B38: CEN15 | C38: BONOMO | D38: Alberdi y A.del Valle | E38: Domo | F38: Fibra Optica | H38: 172.20.10.35 | I38: =COUNTIF(L38:AM38,"") -> 28 | J38: =COUNTIF(L38:AM38,"APAGADO") -> 0 | K38: =(I38)/(J38+I38) -> 1
A39: CENTRO | B39: CEN16 | C39: BONOMO | D39: San Martin y Pte. Peron | E39: Fija | F39: Fibra Optica | H39: 172.20.12.36 | I39: =COUNTIF(L39:AM39,"") -> 28 | J39: =COUNTIF(L39:AM39,"APAGADO") -> 0 | K39: =(I39)/(J39+I39) -> 1
A40: CENTRO | B40: CEN17 | C40: BONOMO | D40: San Martin y Mitre | E40: Domo | F40: PTO A FO | G40: SAN MARTIN Y SALLARES | H40: 172.20.12.200 | I40: =COUNTIF(L40:AM40,"") -> 28 | J40: =COUNTIF(L40:AM40,"APAGADO") -> 0 | K40: =(I40)/(J40+I40) -> 1
A41: CENTRO | B41: CEN18 | C41: BONOMO | D41: Monteagudo e/Mitre y Sallares | E41: Fija | F41: Fibra Optica | H41: 172.20.10.26 | I41: =COUNTIF(L41:AM41,"") -> 28 | J41: =COUNTIF(L41:AM41,"APAGADO") -> 0 | K41: =(I41)/(J41+I41) -> 1
A42: CENTRO | B42: CEN19 | C42: BONOMO | D42: Chacabuco y 25 de Mayo | E42: Fija | F42: Fibra Optica | H42: 172.20.10.27 | I42: =COUNTIF(L42:AM42,"") -> 27 | J42: =COUNTIF(L42:AM42,"APAGADO") -> 1 | K42: =(I42)/(J42+I42) -> 0.96428571 | L42: APAGADO
A43: LOMAS DE MONTEVERDE | B43: CEN20 | C43: BONOMO | D43: Pte. Illia y Las Heras | E43: Domo | F43: Fibra Optica | H43: 172.20.10.33 | I43: =COUNTIF(L43:AM43,"") -> 28 | J43: =COUNTIF(L43:AM43,"APAGADO") -> 0 | K43: =(I43)/(J43+I43) -> 1
A44: CENTRO | B44: CEN21 | C44: BONOMO | D44: Misiones y Urquiza | E44: Fija | F44: Radio | H44: 172.20.200.132 | I44: =COUNTIF(L44:AM44,"") -> 28 | J44: =COUNTIF(L44:AM44,"APAGADO") -> 0 | K44: =(I44)/(J44+I44) -> 1
A45: CENTRO | B45: CEN22 | C45: BONOMO | D45: Las Heras y Chacabuco | E45: Domo | F45: Radio | H45: 172.20.200.125 | I45: =COUNTIF(L45:AM45,"") -> 28 | J45: =COUNTIF(L45:AM45,"APAGADO") -> 0 | K45: =(I45)/(J45+I45) -> 1
A46: CENTRO | B46: CEN23 | C46: BONOMO | D46: Sallares y Monteagudo | E46: Domo | F46: Fibra Optica | H46: 172.20.12.05 | I46: =COUNTIF(L46:AM46,"") -> 28 | J46: =COUNTIF(L46:AM46,"APAGADO") -> 0 | K46: =(I46)/(J46+I46) -> 1
A47: CENTRO | B47: CEN24 | C47: BONOMO | D47: Sallares y España | E47: Domo | F47: Fibra Optica | H47: 172.20.12.04 | I47: =COUNTIF(L47:AM47,"") -> 25 | J47: =COUNTIF(L47:AM47,"APAGADO") -> 3 | K47: =(I47)/(J47+I47) -> 0.89285714 | X47: APAGADO | Y47: APAGADO | Z47: APAGADO
A48: CENTRO | B48: CEN25 | C48: BONOMO | D48: SAN MARTIN Y 9 DE JULIO | E48: Domo | F48: Fibra Optica | H48: 172.20.12.02 | I48: =COUNTIF(L48:AM48,"") -> 25 | J48: =COUNTIF(L48:AM48,"APAGADO") -> 3 | K48: =(I48)/(J48+I48) -> 0.89285714 | T48: APAGADO | U48: APAGADO | Z48: APAGADO
A49: CENTRO | B49: CEN26 | C49: BONOMO | D49: Mitre y España | E49: Domo | F49: Fibra Optica | H49: 172.20.12.06 | I49: =COUNTIF(L49:AM49,"") -> 28 | J49: =COUNTIF(L49:AM49,"APAGADO") -> 0 | K49: =(I49)/(J49+I49) -> 1
A50: CENTRO | B50: CEN27 | C50: BONOMO | D50: San Juan y España | E50: Domo | F50: Fibra Optica | H50: 172.20.12.37 | I50: =COUNTIF(L50:AM50,"") -> 28 | J50: =COUNTIF(L50:AM50,"APAGADO") -> 0 | K50: =(I50)/(J50+I50) -> 1
A51: CENTRO | B51: CEN28 | C51: BONOMO | D51: Mitre y Alberdi | E51: Domo | F51: Fibra Optica | H51: 172.20.12.38 | I51: =COUNTIF(L51:AM51,"") -> 28 | J51: =COUNTIF(L51:AM51,"APAGADO") -> 0 | K51: =(I51)/(J51+I51) -> 1
A52: CENTRO | B52: CEN29 | C52: BONOMO | D52: Alberdi y San Juan | E52: Domo | F52: Fibra Optica | H52: 172.20.12.40 | I52: =COUNTIF(L52:AM52,"") -> 28 | J52: =COUNTIF(L52:AM52,"APAGADO") -> 0 | K52: =(I52)/(J52+I52) -> 1
A53: CENTRO | B53: CEN30 | C53: BONOMO | D53: Mitre y Pringles | E53: Domo | F53: Fibra Optica | H53: 172.20.12.39 | I53: =COUNTIF(L53:AM53,"") -> 26 | J53: =COUNTIF(L53:AM53,"APAGADO") -> 2 | K53: =(I53)/(J53+I53) -> 0.92857143 | U53: APAGADO | V53: APAGADO
A54: CENTRO | B54: CEN31 | C54: BONOMO | D54: Mitre e/Monteagudo y Alberdi | E54: Domo | F54: Fibra Optica | H54: 172.20.12.41 | I54: =COUNTIF(L54:AM54,"") -> 28 | J54: =COUNTIF(L54:AM54,"APAGADO") -> 0 | K54: =(I54)/(J54+I54) -> 1
A55: CENTRO | B55: CEN32 | C55: BONOMO | D55: Aristobulo del Valle y España | E55: Domo | F55: Fibra Optica | H55: 172.20.12.42 | I55: =COUNTIF(L55:AM55,"") -> 27 | J55: =COUNTIF(L55:AM55,"APAGADO") -> 1 | K55: =(I55)/(J55+I55) -> 0.96428571 | W55: APAGADO
A56: CENTRO | B56: CEN33 | C56: BONOMO | D56: Peron y Alberdi | E56: Domo | F56: Fibra Optica | H56: 172.20.12.47 | I56: =COUNTIF(L56:AM56,"") -> 23 | J56: =COUNTIF(L56:AM56,"APAGADO") -> 5 | K56: =(I56)/(J56+I56) -> 0.82142857 | U56: APAGADO | V56: APAGADO | W56: APAGADO | X56: APAGADO | Y56: APAGADO
A57: CENTRO | B57: CEN34 | C57: BONOMO | D57: Peron y España | E57: Domo | F57: Fibra Optica | H57: 172.20.12.49 | I57: =COUNTIF(L57:AM57,"") -> 28 | J57: =COUNTIF(L57:AM57,"APAGADO") -> 0 | K57: =(I57)/(J57+I57) -> 1
A58: CENTRO | B58: CEN35 | C58: BONOMO | D58: España y Marmol | E58: Domo | F58: Fibra Optica | H58: 172.20.12.50 | I58: =COUNTIF(L58:AM58,"") -> 26 | J58: =COUNTIF(L58:AM58,"APAGADO") -> 2 | K58: =(I58)/(J58+I58) -> 0.92857143 | R58: APAGADO | S58: APAGADO
A59: CENTRO | B59: CEN36 | C59: BONOMO | D59: España y 9 de Julio | E59: Domo | F59: Fibra Optica | H59: 172.20.12.51 | I59: =COUNTIF(L59:AM59,"") -> 28 | J59: =COUNTIF(L59:AM59,"APAGADO") -> 0 | K59: =(I59)/(J59+I59) -> 1
A60: CENTRO | B60: CEN 37 | C60: BONOMO | D60: Diagonal Granaderos y Monteagudo | E60: Domo | F60: Fibra Optica | H60: 172.20.12.52 | I60: =COUNTIF(L60:AM60,"") -> 26 | J60: =COUNTIF(L60:AM60,"APAGADO") -> 2 | K60: =(I60)/(J60+I60) -> 0.92857143 | R60: APAGADO | S60: APAGADO
A61: CENTRO | B61: CEN38 | C61: BONOMO | D61: Diagonal Constituyentes y Almafuerte | E61: Domo | F61: Fibra Optica | H61: 172.20.12.53 | I61: =COUNTIF(L61:AM61,"") -> 26 | J61: =COUNTIF(L61:AM61,"APAGADO") -> 2 | K61: =(I61)/(J61+I61) -> 0.92857143 | R61: APAGADO | S61: APAGADO
A62: CENTRO | B62: CEN39 | C62: BONOMO | D62: San Martin y Alem | E62: Domo | F62: Fibra Optica | H62: 172.20.12.56 | I62: =COUNTIF(L62:AM62,"") -> 28 | J62: =COUNTIF(L62:AM62,"APAGADO") -> 0 | K62: =(I62)/(J62+I62) -> 1
A63: CENTRO | B63: CEN40 | C63: BONOMO | D63: Contreras y Monteagudo | E63: Domo | F63: Fibra Optica | H63: 172.20.12.57 | I63: =COUNTIF(L63:AM63,"") -> 28 | J63: =COUNTIF(L63:AM63,"APAGADO") -> 0 | K63: =(I63)/(J63+I63) -> 1
A64: CENTRO | B64: CEN41 | C64: BONOMO | D64: Contreras y Alberdi | E64: Domo | F64: Fibra Optica | H64: 172.20.12.58 | I64: =COUNTIF(L64:AM64,"") -> 28 | J64: =COUNTIF(L64:AM64,"APAGADO") -> 0 | K64: =(I64)/(J64+I64) -> 1
A65: CENTRO | B65: CEN42 | C65: BONOMO | D65: Diagonal Constituyentes y Alem | E65: Domo | F65: Fibra Optica | H65: 172.20.12.59 | I65: =COUNTIF(L65:AM65,"") -> 28 | J65: =COUNTIF(L65:AM65,"APAGADO") -> 0 | K65: =(I65)/(J65+I65) -> 1
A66: CENTRO | B66: CEN43 | C66: BONOMO | D66: Sallares y Alberdi | E66: Domo | F66: Fibra Optica | H66: 172.20.12.61 | I66: =COUNTIF(L66:AM66,"") -> 28 | J66: =COUNTIF(L66:AM66,"APAGADO") -> 0 | K66: =(I66)/(J66+I66) -> 1
A67: CENTRO | B67: CEN44 | C67: BONOMO | D67: Mitre y Brown | E67: Domo | F67: Fibra Optica | H67: 172.20.12.62 | I67: =COUNTIF(L67:AM67,"") -> 23 | J67: =COUNTIF(L67:AM67,"APAGADO") -> 5 | K67: =(I67)/(J67+I67) -> 0.82142857 | S67: APAGADO | U67: APAGADO | V67: APAGADO | W67: APAGADO | X67: APAGADO
A68: CENTRO | B68: CEN45 (fija 1) | C68: BONOMO | D68: EEUU Y MORENO | E68: Fija | F68: Fibra Optica | H68: 172.20.11.74 | I68: =COUNTIF(L68:AM68,"") -> 28 | J68: =COUNTIF(L68:AM68,"APAGADO") -> 0 | K68: =(I68)/(J68+I68) -> 1
A69: CENTRO | B69: CEN46 (fija 2) | C69: BONOMO | D69: EEUU Y MORENO | E69: Fija | F69: Fibra Optica | H69: 172.20.11.75 | I69: =COUNTIF(L69:AM69,"") -> 28 | J69: =COUNTIF(L69:AM69,"APAGADO") -> 0 | K69: =(I69)/(J69+I69) -> 1
A70: CENTRO | B70: CEN47 | C70: BONOMO | D70: Sallares y Brown | E70: Domo | F70: Fibra Optica | H70: 172.20.12.65 | I70: =COUNTIF(L70:AM70,"") -> 13 | J70: =COUNTIF(L70:AM70,"APAGADO") -> 15 | K70: =(I70)/(J70+I70) -> 0.46428571 | S70: APAGADO | T70: APAGADO | U70: APAGADO | V70: APAGADO | W70: APAGADO | X70: APAGADO | Y70: APAGADO | Z70: APAGADO | AA70: APAGADO | AB70: APAGADO | AC70: APAGADO | AD70: APAGADO | AE70: APAGADO | AF70: APAGADO | AG70: APAGADO
A71: CENTRO | B71: CEN48 | C71: BONOMO | D71: Velez Sarsfield y Las Heras | E71: Domo | F71: Radio | H71: 172.20.200.181 | I71: =COUNTIF(L71:AM71,"") -> 24 | J71: =COUNTIF(L71:AM71,"APAGADO") -> 4 | K71: =(I71)/(J71+I71) -> 0.85714286 | N71: APAGADO | T71: APAGADO | U71: APAGADO | V71: APAGADO
A72: CENTRO | B72: CEN49 | C72: BONOMO | D72: Av. San Martin y Florencio Sanchez | E72: Domo | F72: Radio | H72: 172.20.200.182 | I72: =COUNTIF(L72:AM72,"") -> 27 | J72: =COUNTIF(L72:AM72,"APAGADO") -> 1 | K72: =(I72)/(J72+I72) -> 0.96428571 | S72: APAGADO
A73: CENTRO | B73: CEN 50 | C73: BONOMO | D73: Av. San Martin y Newbery | E73: Domo | F73: Radio | H73: 172.20.200.184 | I73: =COUNTIF(L73:AM73,"") -> 28 | J73: =COUNTIF(L73:AM73,"APAGADO") -> 0 | K73: =(I73)/(J73+I73) -> 1
A74: CENTRO | B74: CEN 51 | C74: BONOMO | D74: ILLIA Y LAS HERAS | E74: FIJA | F74: Fibra Optica | H74: 172.20.11.29 | I74: =COUNTIF(L74:AM74,"") -> 28 | J74: =COUNTIF(L74:AM74,"APAGADO") -> 0 | K74: =(I74)/(J74+I74) -> 1
A75: CENTRO | B75: CEN52 | C75: BONOMO | D75: San Martin y Almafuerte (ex San Martin y Dorrego) | E75: DOMO | F75: Radio | H75: 172.20.200.191 | I75: =COUNTIF(L75:AM75,"") -> 27 | J75: =COUNTIF(L75:AM75,"APAGADO") -> 1 | K75: =(I75)/(J75+I75) -> 0.96428571 | R75: APAGADO
A76: CENTRO | B76: CEN 53 | C76: BONOMO | D76: GUTIERREZ Y BROWN | E76: Domo | F76: Radio | H76: 172.20.200.166 | I76: =COUNTIF(L76:AM76,"") -> 28 | J76: =COUNTIF(L76:AM76,"APAGADO") -> 0 | K76: =(I76)/(J76+I76) -> 1
A77: CENTRO | B77: CEN 54 | C77: BONOMO | D77: GUTIERREZ Y PRINGLES | E77: Domo | F77: Radio | H77: 172.20.200.165 | I77: =COUNTIF(L77:AM77,"") -> 28 | J77: =COUNTIF(L77:AM77,"APAGADO") -> 0 | K77: =(I77)/(J77+I77) -> 1
A78: CENTRO | B78: CEN 55 | C78: BONOMO | D78: BOUREL Y URQUIZA | E78: Domo | F78: Radio | H78: 172.20.200.163 | I78: =COUNTIF(L78:AM78,"") -> 28 | J78: =COUNTIF(L78:AM78,"APAGADO") -> 0 | K78: =(I78)/(J78+I78) -> 1
A79: CENTRO | B79: CEN 56 | C79: BONOMO | D79: Newbery y Falucho | E79: DOMO | F79: Radio | H79: 172.20.200.161 | I79: =COUNTIF(L79:AM79,"") -> 25 | J79: =COUNTIF(L79:AM79,"APAGADO") -> 3 | K79: =(I79)/(J79+I79) -> 0.89285714 | M79: APAGADO | O79: APAGADO | Q79: APAGADO
A80: CENTRO | B80: CEN 57 | C80: BONOMO | D80: 25 DE MAYO Y DORREGO | E80: DOMO | F80: Radio | H80: 172.20.200.199 | I80: =COUNTIF(L80:AM80,"") -> 28 | J80: =COUNTIF(L80:AM80,"APAGADO") -> 0 | K80: =(I80)/(J80+I80) -> 1
A81: CENTRO | B81: CEN 58 | C81: BONOMO | D81: EEUU Y MORENO | E81: DOMO | F81: Fibra Optica | H81: 172.20.11.84 | I81: =COUNTIF(L81:AM81,"") -> 28 | J81: =COUNTIF(L81:AM81,"APAGADO") -> 0 | K81: =(I81)/(J81+I81) -> 1
A82: CENTRO | B82: CEN59 | C82: BONOMO | D82: CHACABUCO Y BOUREL | E82: DOMO | F82: Radio | H82: 172.20.200.188 | I82: =COUNTIF(L82:AM82,"") -> 28 | J82: =COUNTIF(L82:AM82,"APAGADO") -> 0 | K82: =(I82)/(J82+I82) -> 1
A83: CENTRO | B83: CEN 60 | C83: BONOMO | D83: RECONQUISTA Y ILLIA | E83: DOMO | F83: PTO A FO | G83: ILLIA Y LAS HERAS | H83: 172.20.12.67 | I83: =COUNTIF(L83:AM83,"") -> 28 | J83: =COUNTIF(L83:AM83,"APAGADO") -> 0 | K83: =(I83)/(J83+I83) -> 1
A84: CENTRO | B84: CEN 61 | C84: BONOMO | D84: BOUREL Y MAIPU | E84: DOMO | F84: Radio | H84: 172.20.200.159 | I84: =COUNTIF(L84:AM84,"") -> 28 | J84: =COUNTIF(L84:AM84,"APAGADO") -> 0 | K84: =(I84)/(J84+I84) -> 1
A85: CENTRO | B85: CEN62 | C85: BONOMO | D85: ESPAÑA Y ALEM | E85: DOMO | F85: PTO A FO | G85: SAN MARTIN Y ALEM | H85: 172.20.12.82 | I85: =COUNTIF(L85:AM85,"") -> 28 | J85: =COUNTIF(L85:AM85,"APAGADO") -> 0 | K85: =(I85)/(J85+I85) -> 1
A86: CENTRO | B86: CEN63 | C86: BONOMO | D86: SAN MARTIN Y URQUIZA | E86: DOMO | F86: Fibra Optica | H86: 172.20.11.112 | I86: =COUNTIF(L86:AM86,"") -> 28 | J86: =COUNTIF(L86:AM86,"APAGADO") -> 0 | K86: =(I86)/(J86+I86) -> 1
A87: CENTRO | B87: CEN64 | C87: BONOMO | D87: SAN MARTIN Y BOCCUZZI | E87: FIJA | F87: Fibra Optica | H87: 172.20.11.134 | I87: =COUNTIF(L87:AM87,"") -> 28 | J87: =COUNTIF(L87:AM87,"APAGADO") -> 0 | K87: =(I87)/(J87+I87) -> 1
A88: CENTRO | B88: CEN 65 | C88: BONOMO | D88: SAN MARTIN Y JUAN PERON | E88: FIJA | F88: Fibra Optica | H88: 172.20.11.135 | I88: =COUNTIF(L88:AM88,"") -> 28 | J88: =COUNTIF(L88:AM88,"APAGADO") -> 0 | K88: =(I88)/(J88+I88) -> 1
A89: CENTRO | B89: CEN66 | C89: BONOMO | D89: SAN MARTIN Y JUAN PERON | E89: FIJA | F89: Fibra Optica | H89: 172.20.11.136 | I89: =COUNTIF(L89:AM89,"") -> 28 | J89: =COUNTIF(L89:AM89,"APAGADO") -> 0 | K89: =(I89)/(J89+I89) -> 1
A90: CENTRO | B90: CEN67 (fija 1) | C90: BONOMO | D90: 9 DE JULIO Y BROWN | E90: Fija | F90: Fibra Optica | H90: 172.20.11.188 | I90: =COUNTIF(L90:AM90,"") -> 28 | J90: =COUNTIF(L90:AM90,"APAGADO") -> 0 | K90: =(I90)/(J90+I90) -> 1
A91: CENTRO | B91: CEN68 (fija 2) | C91: BONOMO | D91: 9 DE JULIO Y BROWN | E91: Fija | F91: Fibra Optica | H91: 172.20.11.189 | I91: =COUNTIF(L91:AM91,"") -> 28 | J91: =COUNTIF(L91:AM91,"APAGADO") -> 0 | K91: =(I91)/(J91+I91) -> 1
A92: CENTRO | B92: CEN69 | C92: BONOMO | D92: RIVADAVIA Y BOUREL | E92: DOMO | F92: Fibra Optica | H92: 172.20.11.222 | I92: =COUNTIF(L92:AM92,"") -> 28 | J92: =COUNTIF(L92:AM92,"APAGADO") -> 0 | K92: =(I92)/(J92+I92) -> 1
A93: CENTRO | B93: CEN 70 | C93: BONOMO | D93: RIVADAVIA Y 25 MAYO | E93: Domo | F93: Fibra Optica | H93: 172.20.11.221 | I93: =COUNTIF(L93:AM93,"") -> 28 | J93: =COUNTIF(L93:AM93,"APAGADO") -> 0 | K93: =(I93)/(J93+I93) -> 1
A94: CENTRO | B94: CEN 71 | C94: BONOMO | D94: MORENO Y BOUREL | E94: Domo | F94: Fibra Optica | H94: 172.20.11.220 | I94: =COUNTIF(L94:AM94,"") -> 28 | J94: =COUNTIF(L94:AM94,"APAGADO") -> 0 | K94: =(I94)/(J94+I94) -> 1
A95: CENTRO | B95: CEN 72 | C95: BONOMO | D95: MORENO Y 25 DE MAYO | E95: Domo | F95: Fibra Optica | H95: 172.20.11.219 | I95: =COUNTIF(L95:AM95,"") -> 28 | J95: =COUNTIF(L95:AM95,"APAGADO") -> 0 | K95: =(I95)/(J95+I95) -> 1
A96: CENTRO | B96: CEN73 | C96: BONOMO | D96: BOUREL Y DEFENSA | E96: DOMO | F96: Fibra Optica | H96: 172.20.11.223 | I96: =COUNTIF(L96:AM96,"") -> 28 | J96: =COUNTIF(L96:AM96,"APAGADO") -> 0 | K96: =(I96)/(J96+I96) -> 1
A97: CENTRO | B97: CEN74 | C97: BONOMO | D97: Las Heras y Maipu | E97: Domo | F97: Fibra Optica | H97: 172.20.11.53 | I97: =COUNTIF(L97:AM97,"") -> 28 | J97: =COUNTIF(L97:AM97,"APAGADO") -> 0 | K97: =(I97)/(J97+I97) -> 1
... A101: CENTRO | B101: CEN 78 | C101: BONOMO | D101: Mitre e/Monteagudo y Alberdi | E101: Fija | F101: Fibra Optica | H101: 172.20.11.240 | I101: =COUNTIF(L101:AM101,"") -> 28 | J101: =COUNTIF(L101:AM101,"APAGADO") -> 0 | K101: =(I101)/(J101+I101) -> 1
A102: CENTRO | B102: CEN 79 | C102: BONOMO | D102: Diag. Constituyente y Brown | E102: Fija | F102: Fibra Optica | H102: 172.20.11.243 | I102: =COUNTIF(L102:AM102,"") -> 26 | J102: =COUNTIF(L102:AM102,"APAGADO") -> 2 | K102: =(I102)/(J102+I102) -> 0.92857143 | R102: APAGADO | S102: APAGADO
A103: CENTRO | B103: CEN 80 | C103: BONOMO | D103: Diag. Constituyente y Brown | E103: Fija | F103: Fibra Optica | H103: 172.20.11.244 | I103: =COUNTIF(L103:AM103,"") -> 26 | J103: =COUNTIF(L103:AM103,"APAGADO") -> 2 | K103: =(I103)/(J103+I103) -> 0.92857143 | R103: APAGADO | S103: APAGADO
...

Sheet ESTADISTICA
A1: ='RESUMEN TOTAL'!A4 -> Barrio | B1: ='RESUMEN TOTAL'!B4 -> [Denominacion] | C1: ='RESUMEN TOTAL'!D4 -> [Ubicacion] | D1: ='RESUMEN TOTAL'!E4 -> [Tipo de Camara] | E1: ='RESUMEN TOTAL'!F4 -> [Tipo de Conexion] | F1: ='RESUMEN TOTAL'!L4 -> 45170 | G1: ='RESUMEN TOTAL'!M4 -> 45171 | H1: ='RESUMEN TOTAL'!N4 -> 45172 | I1: ='RESUMEN TOTAL'!O4 -> 45173 | J1: ='RESUMEN TOTAL'!P4 -> 45174 | K1: ='RESUMEN TOTAL'!Q4 -> 45175 | L1: ='RESUMEN TOTAL'!R4 -> 45176 | M1: ='RESUMEN TOTAL'!S4 -> 45177 | ... AI1: ='RESUMEN TOTAL'!AO4 -> 45199 | AJ1: ='RESUMEN TOTAL'!#REF! -> #REF!
A2: ='RESUMEN TOTAL'!A5 -> ALTAMIRA | B2: ='RESUMEN TOTAL'!B5 -> ALT01 | C2: ='RESUMEN TOTAL'!D5 -> Calchaqui y Sgto. Cabral | D2: ='RESUMEN TOTAL'!E5 -> Domo | E2: ='RESUMEN TOTAL'!F5 -> Fibra Optica | F2: ='RESUMEN TOTAL'!L5 -> 0 | G2: ='RESUMEN TOTAL'!M5 -> 0 | H2: ='RESUMEN TOTAL'!N5 -> 0 | I2: ='RESUMEN TOTAL'!O5 -> 0 | J2: ='RESUMEN TOTAL'!P5 -> 0 | K2: ='RESUMEN TOTAL'!Q5 -> 0 | L2: ='RESUMEN TOTAL'!R5 -> 0 | M2: ='RESUMEN TOTAL'!S5 -> 0 | ... AI2: ='RESUMEN TOTAL'!AO5 -> 0 | AJ2: ='RESUMEN TOTAL'!#REF! -> #REF!
A3: ='RESUMEN TOTAL'!A6 -> ALTAMIRA | B3: ='RESUMEN TOTAL'!B6 -> ALT02 | C3: ='RESUMEN TOTAL'!D6 -> Calchaqui y Lope de Vega | D3: ='RESUMEN TOTAL'!E6 -> Domo | E3: ='RESUMEN TOTAL'!F6 -> PTO A FO | F3: ='RESUMEN TOTAL'!L6 -> 0 | G3: ='RESUMEN TOTAL'!M6 -> 0 | H3: ='RESUMEN TOTAL'!N6 -> 0 | I3: ='RESUMEN TOTAL'!O6 -> 0 | J3: ='RESUMEN TOTAL'!P6 -> 0 | K3: ='RESUMEN TOTAL'!Q6 -> 0 | L3: ='RESUMEN TOTAL'!R6 -> 0 | M3: ='RESUMEN TOTAL'!S6 -> 0 | ... AI3: ='RESUMEN TOTAL'!AO6 -> 0 | AJ3: ='RESUMEN TOTAL'!#REF! -> #REF!
A4: ='RESUMEN TOTAL'!A7 -> ALTAMIRA | B4: ='RESUMEN TOTAL'!B7 -> ALT 03 | C4: ='RESUMEN TOTAL'!D7 -> Bombero Galarza y Necochea | D4: ='RESUMEN TOTAL'!E7 -> Domo | E4: ='RESUMEN TOTAL'!F7 -> Fibra Optica | F4: ='RESUMEN TOTAL'!L7 -> 0 | G4: ='RESUMEN TOTAL'!M7 -> 0 | H4: ='RESUMEN TOTAL'!N7 -> 0 | I4: ='RESUMEN TOTAL'!O7 -> 0 | J4: ='RESUMEN TOTAL'!P7 -> 0 | K4: ='RESUMEN TOTAL'!Q7 -> 0 | L4: ='RESUMEN TOTAL'!R7 -> 0 | M4: ='RESUMEN TOTAL'!S7 -> 0 | ... AI4: ='RESUMEN TOTAL'!AO7 -> 0 | AJ4: ='RESUMEN TOTAL'!#REF! -> #REF!
A5: ='RESUMEN TOTAL'!A8 -> ALTAMIRA | B5: ='RESUMEN TOTAL'!B8 -> ALT 04 | C5: ='RESUMEN TOTAL'!D8 -> Francia y Necochea | D5: ='RESUMEN TOTAL'!E8 -> Domo | E5: ='RESUMEN TOTAL'!F8 -> Fibra Optica | F5: ='RESUMEN TOTAL'!L8 -> 0 | G5: ='RESUMEN TOTAL'!M8 -> 0 | H5: ='RESUMEN TOTAL'!N8 -> 0 | I5: ='RESUMEN TOTAL'!O8 -> 0 | J5: ='RESUMEN TOTAL'!P8 -> 0 | K5: ='RESUMEN TOTAL'!Q8 -> 0 | L5: ='RESUMEN TOTAL'!R8 -> 0 | M5: ='RESUMEN TOTAL'!S8 -> 0 | ... AI5: ='RESUMEN TOTAL'!AO8 -> 0 | AJ5: ='RESUMEN TOTAL'!#REF! -> #REF!
A6: ='RESUMEN TOTAL'!A9 -> ALTAMIRA | B6: ='RESUMEN TOTAL'!B9 -> ALT05 | C6: ='RESUMEN TOTAL'!D9 -> Av. Calchaqui y Bombero Galarza | D6: ='RESUMEN TOTAL'!E9 -> Domo | E6: ='RESUMEN TOTAL'!F9 -> PTO A FO | F6: ='RESUMEN TOTAL'!L9 -> 0 | G6: ='RESUMEN TOTAL'!M9 -> 0 | H6: ='RESUMEN TOTAL'!N9 -> 0 | I6: ='RESUMEN TOTAL'!O9 -> 0 | J6: ='RESUMEN TOTAL'!P9 -> 0 | K6: ='RESUMEN TOTAL'!Q9 -> 0 | L6: ='RESUMEN TOTAL'!R9 -> 0 | M6: ='RESUMEN TOTAL'!S9 -> 0 | ... AI6: ='RESUMEN TOTAL'!AO9 -> 0 | AJ6: ='RESUMEN TOTAL'!#REF! -> #REF!
A7: ='RESUMEN TOTAL'!A10 -> ALTAMIRA | B7: ='RESUMEN TOTAL'!B10 -> ALT 06 | C7: ='RESUMEN TOTAL'!D10 -> LOPE DE VEGA Y NECOCHEA | D7: ='RESUMEN TOTAL'!E10 -> Domo | E7: ='RESUMEN TOTAL'!F10 -> PTO A FO | F7: ='RESUMEN TOTAL'!L10 -> 0 | G7: ='RESUMEN TOTAL'!M10 -> 0 | H7: ='RESUMEN TOTAL'!N10 -> 0 | I7: ='RESUMEN TOTAL'!O10 -> 0 | J7: ='RESUMEN TOTAL'!P10 -> 0 | K7: ='RESUMEN TOTAL'!Q10 -> 0 | L7: ='RESUMEN TOTAL'!R10 -> 0 | M7: ='RESUMEN TOTAL'!S10 -> 0 | ... AI7: ='RESUMEN TOTAL'!AO10 -> 0 | AJ7: ='RESUMEN TOTAL'!#REF! -> #REF!
A8: ='RESUMEN TOTAL'!A11 -> ALTAMIRA | B8: ='RESUMEN TOTAL'!B11 -> ALT07 | C8: ='RESUMEN TOTAL'!D11 -> AV. CALCHAQUI Y AV. DEL TRABAJO | D8: ='RESUMEN TOTAL'!E11 -> DOMO | E8: ='RESUMEN TOTAL'!F11 -> PTO A FO | F8: ='RESUMEN TOTAL'!L11 -> 0 | G8: ='RESUMEN TOTAL'!M11 -> 0 | H8: ='RESUMEN TOTAL'!N11 -> 0 | I8: ='RESUMEN TOTAL'!O11 -> 0 | J8: ='RESUMEN TOTAL'!P11 -> 0 | K8: ='RESUMEN TOTAL'!Q11 -> 0 | L8: ='RESUMEN TOTAL'!R11 -> 0 | M8: ='RESUMEN TOTAL'!S11 -> 0 | ... AI8: ='RESUMEN TOTAL'!AO11 -> 0 | AJ8: ='RESUMEN TOTAL'!#REF! -> #REF!
A9: ='RESUMEN TOTAL'!A12 -> ALTAMIRA | B9: ='RESUMEN TOTAL'!B12 -> ALT 08 | C9: ='RESUMEN TOTAL'!D12 -> HUMAITA Y NECOCHEA | D9: ='RESUMEN TOTAL'!E12 -> DOMO | E9: ='RESUMEN TOTAL'!F12 -> Fibra Optica | F9: ='RESUMEN TOTAL'!L12 -> 0 | G9: ='RESUMEN TOTAL'!M12 -> 0 | H9: ='RESUMEN TOTAL'!N12 -> 0 | I9: ='RESUMEN TOTAL'!O12 -> 0 | J9: ='RESUMEN TOTAL'!P12 -> 0 | K9: ='RESUMEN TOTAL'!Q12 -> 0 | L9: ='RESUMEN TOTAL'!R12 -> 0 | M9: ='RESUMEN TOTAL'!S12 -> 0 | ... AI9: ='RESUMEN TOTAL'!AO12 -> 0 | AJ9: ='RESUMEN TOTAL'!#REF! -> #REF!
A10: ='RESUMEN TOTAL'!A13 -> ALTAMIRA | B10: ='RESUMEN TOTAL'!B13 -> ALT 09 | C10: ='RESUMEN TOTAL'!D13 -> NECOCHEA Y CURUPAITY | D10: ='RESUMEN TOTAL'!E13 -> DOMO | E10: ='RESUMEN TOTAL'!F13 -> Fibra Optica | F10: ='RESUMEN TOTAL'!L13 -> 0 | G10: ='RESUMEN TOTAL'!M13 -> 0 | H10: ='RESUMEN TOTAL'!N13 -> 0 | I10: ='RESUMEN TOTAL'!O13 -> 0 | J10: ='RESUMEN TOTAL'!P13 -> 0 | K10: ='RESUMEN TOTAL'!Q13 -> 0 | L10: ='RESUMEN TOTAL'!R13 -> 0 | M10: ='RESUMEN TOTAL'!S13 -> 0 | ... AI10: ='RESUMEN TOTAL'!AO13 -> 0 | AJ10: ='RESUMEN TOTAL'!#REF! -> #REF!
A11: ='RESUMEN TOTAL'!A14 -> ALTAMIRA | B11: ='RESUMEN TOTAL'!B14 -> ALT 10 | C11: ='RESUMEN TOTAL'!D14 -> Calchaqui y Francia | D11: ='RESUMEN TOTAL'!E14 -> Domo | E11: ='RESUMEN TOTAL'!F14 -> Radio | F11: ='RESUMEN TOTAL'!L14 -> 0 | G11: ='RESUMEN TOTAL'!M14 -> 0 | H11: ='RESUMEN TOTAL'!N14 -> 0 | I11: ='RESUMEN TOTAL'!O14 -> 0 | J11: ='RESUMEN TOTAL'!P14 -> 0 | K11: ='RESUMEN TOTAL'!Q14 -> 0 | L11: ='RESUMEN TOTAL'!R14 -> 0 | M11: ='RESUMEN TOTAL'!S14 -> 0 | ... AI11: ='RESUMEN TOTAL'!AO14 -> 0 | AJ11: ='RESUMEN TOTAL'!#REF! -> #REF!
A12: ='RESUMEN TOTAL'!A15 -> AGUSTIN RAMIREZ | B12: ='RESUMEN TOTAL'!B15 -> ARA 01 | C12: ='RESUMEN TOTAL'!D15 -> Malambo y Tranquera | D12: ='RESUMEN TOTAL'!E15 -> Domo | E12: ='RESUMEN TOTAL'!F15 -> Fibra Optica | F12: ='RESUMEN TOTAL'!L15 -> APAGADO | G12: ='RESUMEN TOTAL'!M15 -> APAGADO | H12: ='RESUMEN TOTAL'!N15 -> APAGADO | I12: ='RESUMEN TOTAL'!O15 -> APAGADO | J12: ='RESUMEN TOTAL'!P15 -> APAGADO | K12: ='RESUMEN TOTAL'!Q15 -> APAGADO | L12: ='RESUMEN TOTAL'!R15 -> APAGADO | M12: ='RESUMEN TOTAL'!S15 -> APAGADO | ... AI12: ='RESUMEN TOTAL'!AO15 -> 0 | AJ12: ='RESUMEN TOTAL'!#REF! -> #REF!
... A453: ='RESUMEN TOTAL'!A456 -> ZEBALLOS | B453: ='RESUMEN TOTAL'!B456 -> ZEB 05 | C453: ='RESUMEN TOTAL'!D456 -> DIAG. GRANADEROS Y 214 BIS | D453: ='RESUMEN TOTAL'!E456 -> Domo | E453: ='RESUMEN TOTAL'!F456 -> Radio | F453: ='RESUMEN TOTAL'!L456 -> 0 | G453: ='RESUMEN TOTAL'!M456 -> 0 | H453: ='RESUMEN TOTAL'!N456 -> 0 | I453: ='RESUMEN TOTAL'!O456 -> 0 | J453: ='RESUMEN TOTAL'!P456 -> 0 | K453: ='RESUMEN TOTAL'!Q456 -> 0 | L453: ='RESUMEN TOTAL'!R456 -> 0 | M453: ='RESUMEN TOTAL'!S456 -> 0 | ... AI453: ='RESUMEN TOTAL'!AO456 -> 0 | AJ453: ='RESUMEN TOTAL'!#REF! -> #REF!
A454: ='RESUMEN TOTAL'!A477 -> PARADAS SEGURAS | B454: ='RESUMEN TOTAL'!B477 -> 21 | C454: ='RESUMEN TOTAL'!D477 -> HUDSON Y CABILDO OESTE | D454: ='RESUMEN TOTAL'!E477 -> GFIJA | E454: ='RESUMEN TOTAL'!F477 -> GPON | F454: ='RESUMEN TOTAL'!L477 -> 0 | G454: ='RESUMEN TOTAL'!M477 -> 0 | H454: ='RESUMEN TOTAL'!N477 -> 0 | I454: ='RESUMEN TOTAL'!O477 -> 0 | J454: ='RESUMEN TOTAL'!P477 -> 0 | K454: ='RESUMEN TOTAL'!Q477 -> 0 | L454: ='RESUMEN TOTAL'!R477 -> 0 | M454: ='RESUMEN TOTAL'!S477 -> 0 | ... AI454: ='RESUMEN TOTAL'!AO477 -> 0 | AJ454: ='RESUMEN TOTAL'!#REF! -> #REF!
A455: ='RESUMEN TOTAL'!A478 -> PARADAS SEGURAS | B455: ='RESUMEN TOTAL'!B478 -> 21 I | C455: ='RESUMEN TOTAL'!D478 -> HUDSON Y CABILDO OESTE | D455: ='RESUMEN TOTAL'!E478 -> INTERCOMUNICADOR | E455: ='RESUMEN TOTAL'!F478 -> GPON | F455: ='RESUMEN TOTAL'!L478 -> 0 | G455: ='RESUMEN TOTAL'!M478 -> 0 | H455: ='RESUMEN TOTAL'!N478 -> 0 | I455: ='RESUMEN TOTAL'!O478 -> 0 | J455: ='RESUMEN TOTAL'!P478 -> 0 | K455: ='RESUMEN TOTAL'!Q478 -> 0 | L455: ='RESUMEN TOTAL'!R478 -> 0 | M455: ='RESUMEN TOTAL'!S478 -> 0 | ... AI455: ='RESUMEN TOTAL'!AO478 -> 0 | AJ455: ='RESUMEN TOTAL'!#REF! -> #REF!
A456: ='RESUMEN TOTAL'!A479 -> PARADAS SEGURAS | B456: ='RESUMEN TOTAL'!B479 -> 22 | C456: ='RESUMEN TOTAL'!D479 -> HUDSON Y CABILDO ESTE | D456: ='RESUMEN TOTAL'!E479 -> GFIJA | E456: ='RESUMEN TOTAL'!F479 -> GPON | F456: ='RESUMEN TOTAL'!L479 -> 0 | G456: ='RESUMEN TOTAL'!M479 -> 0 | H456: ='RESUMEN TOTAL'!N479 -> 0 | I456: ='RESUMEN TOTAL'!O479 -> 0 | J456: ='RESUMEN TOTAL'!P479 -> 0 | K456: ='RESUMEN TOTAL'!Q479 -> 0 | L456: ='RESUMEN TOTAL'!R479 -> 0 | M456: ='RESUMEN TOTAL'!S479 -> 0 | ... AI456: ='RESUMEN TOTAL'!AO479 -> 0 | AJ456: ='RESUMEN TOTAL'!#REF! -> #REF!
A457: ='RESUMEN TOTAL'!A480 -> PARADAS SEGURAS | B457: ='RESUMEN TOTAL'!B480 -> 22 I | C457: ='RESUMEN TOTAL'!D480 -> HUDSON Y CABILDO ESTE | D457: ='RESUMEN TOTAL'!E480 -> INTERCOMUNICADOR | E457: ='RESUMEN TOTAL'!F480 -> GPON | F457: ='RESUMEN TOTAL'!L480 -> 0 | G457: ='RESUMEN TOTAL'!M480 -> 0 | H457: ='RESUMEN TOTAL'!N480 -> 0 | I457: ='RESUMEN TOTAL'!O480 -> 0 | J457: ='RESUMEN TOTAL'!P480 -> 0 | K457: ='RESUMEN TOTAL'!Q480 -> 0 | L457: ='RESUMEN TOTAL'!R480 -> 0 | M457: ='RESUMEN TOTAL'!S480 -> 0 | ... AI457: ='RESUMEN TOTAL'!AO480 -> 0 | AJ457: ='RESUMEN TOTAL'!#REF! -> #REF!
A458: ='RESUMEN TOTAL'!A481 -> PARADAS SEGURAS | B458: ='RESUMEN TOTAL'!B481 -> 23 | C458: ='RESUMEN TOTAL'!D481 -> HUDSON Y SAN NICOLAS OESTE | D458: ='RESUMEN TOTAL'!E481 -> GFIJA | E458: ='RESUMEN TOTAL'!F481 -> GPON | F458: ='RESUMEN TOTAL'!L481 -> 0 | G458: ='RESUMEN TOTAL'!M481 -> 0 | H458: ='RESUMEN TOTAL'!N481 -> 0 | I458: ='RESUMEN TOTAL'!O481 -> 0 | J458: ='RESUMEN TOTAL'!P481 -> 0 | K458: ='RESUMEN TOTAL'!Q481 -> 0 | L458: ='RESUMEN TOTAL'!R481 -> 0 | M458: ='RESUMEN TOTAL'!S481 -> 0 | ... AI458: ='RESUMEN TOTAL'!AO481 -> 0 | AJ458: ='RESUMEN TOTAL'!#REF! -> #REF!
A459: ='RESUMEN TOTAL'!A482 -> PARADAS SEGURAS | B459: ='RESUMEN TOTAL'!B482 -> 23 I | C459: ='RESUMEN TOTAL'!D482 -> HUDSON Y SAN NICOLAS OESTE | D459: ='RESUMEN TOTAL'!E482 -> INTERCOMUNICADOR | E459: ='RESUMEN TOTAL'!F482 -> GPON | F459: ='RESUMEN TOTAL'!L482 -> 0 | G459: ='RESUMEN TOTAL'!M482 -> 0 | H459: ='RESUMEN TOTAL'!N482 -> 0 | I459: ='RESUMEN TOTAL'!O482 -> 0 | J459: ='RESUMEN TOTAL'!P482 -> 0 | K459: ='RESUMEN TOTAL'!Q482 -> 0 | L459: ='RESUMEN TOTAL'!R482 -> 0 | M459: ='RESUMEN TOTAL'!S482 -> 0 | ... AI459: ='RESUMEN TOTAL'!AO482 -> 0 | AJ459: ='RESUMEN TOTAL'!#REF! -> #REF!
A460: ='RESUMEN TOTAL'!A483 -> PARADAS SEGURAS | B460: ='RESUMEN TOTAL'!B483 -> 24 | C460: ='RESUMEN TOTAL'!D483 -> HUDSON Y ALDAO ESTE | D460: ='RESUMEN TOTAL'!E483 -> GFIJA | E460: ='RESUMEN TOTAL'!F483 -> GPON | F460: ='RESUMEN TOTAL'!L483 -> APAGADO | G460: ='RESUMEN TOTAL'!M483 -> APAGADO | H460: ='RESUMEN TOTAL'!N483 -> APAGADO | I460: ='RESUMEN TOTAL'!O483 -> APAGADO | J460: ='RESUMEN TOTAL'!P483 -> 0 | K460: ='RESUMEN TOTAL'!Q483 -> 0 | L460: ='RESUMEN TOTAL'!R483 -> 0 | M460: ='RESUMEN TOTAL'!S483 -> 0 | ... AI460: ='RESUMEN TOTAL'!AO483 -> 0 | AJ460: ='RESUMEN TOTAL'!#REF! -> #REF!
A461: ='RESUMEN TOTAL'!A484 -> PARADAS SEGURAS | B461: ='RESUMEN TOTAL'!B484 -> 24 I | C461: ='RESUMEN TOTAL'!D484 -> HUDSON Y ALDAO ESTE | D461: ='RESUMEN TOTAL'!E484 -> INTERCOMUNICADOR | E461: ='RESUMEN TOTAL'!F484 -> GPON | F461: ='RESUMEN TOTAL'!L484 -> APAGADO | G461: ='RESUMEN TOTAL'!M484 -> APAGADO | H461: ='RESUMEN TOTAL'!N484 -> APAGADO | I461: ='RESUMEN TOTAL'!O484 -> APAGADO | J461: ='RESUMEN TOTAL'!P484 -> 0 | K461: ='RESUMEN TOTAL'!Q484 -> 0 | L461: ='RESUMEN TOTAL'!R484 -> 0 | M461: ='RESUMEN TOTAL'!S484 -> 0 | ... AI461: ='RESUMEN TOTAL'!AO484 -> 0 | AJ461: ='RESUMEN TOTAL'!#REF! -> #REF!
A462: ='RESUMEN TOTAL'!A485 -> PARADAS SEGURAS | B462: ='RESUMEN TOTAL'!B485 -> 25 | C462: ='RESUMEN TOTAL'!D485 -> HUDSON Y RIO JACHAL | D462: ='RESUMEN TOTAL'!E485 -> GFIJA | E462: ='RESUMEN TOTAL'!F485 -> GPON | F462: ='RESUMEN TOTAL'!L485 -> 0 | G462: ='RESUMEN TOTAL'!M485 -> 0 | H462: ='RESUMEN TOTAL'!N485 -> 0 | I462: ='RESUMEN TOTAL'!O485 -> 0 | J462: ='RESUMEN TOTAL'!P485 -> 0 | K462: ='RESUMEN TOTAL'!Q485 -> 0 | L462: ='RESUMEN TOTAL'!R485 -> 0 | M462: ='RESUMEN TOTAL'!S485 -> 0 | ... AI462: ='RESUMEN TOTAL'!AO485 -> 0 | AJ462: ='RESUMEN TOTAL'!#REF! -> #REF!
A463: ='RESUMEN TOTAL'!A486 -> PARADAS SEGURAS | B463: ='RESUMEN TOTAL'!B486 -> 25 I | C463: ='RESUMEN TOTAL'!D486 -> HUDSON Y RIO JACHAL | D463: ='RESUMEN TOTAL'!E486 -> INTERCOMUNICADOR | E463: ='RESUMEN TOTAL'!F486 -> GPON | F463: ='RESUMEN TOTAL'!L486 -> 0 | G463: ='RESUMEN TOTAL'!M486 -> 0 | H463: ='RESUMEN TOTAL'!N486 -> 0 | I463: ='RESUMEN TOTAL'!O486 -> 0 | J463: ='RESUMEN TOTAL'!P486 -> 0 | K463: ='RESUMEN TOTAL'!Q486 -> 0 | L463: ='RESUMEN TOTAL'!R486 -> 0 | M463: ='RESUMEN TOTAL'!S486 -> 0 | ... AI463: ='RESUMEN TOTAL'!AO486 -> 0 | AJ463: ='RESUMEN TOTAL'!#REF! -> #REF!
A464: ='RESUMEN TOTAL'!A487 -> PARADAS SEGURAS | B464: ='RESUMEN TOTAL'!B487 -> 26 | C464: ='RESUMEN TOTAL'!D487 -> HUDSON Y RIO COLORADO OESTE | D464: ='RESUMEN TOTAL'!E487 -> GFIJA | E464: ='RESUMEN TOTAL'!F487 -> GPON | F464: ='RESUMEN TOTAL'!L487 -> 0 | G464: ='RESUMEN TOTAL'!M487 -> 0 | H464: ='RESUMEN TOTAL'!N487 -> 0 | I464: ='RESUMEN TOTAL'!O487 -> 0 | J464: ='RESUMEN TOTAL'!P487 -> 0 | K464: ='RESUMEN TOTAL'!Q487 -> 0 | L464: ='RESUMEN TOTAL'!R487 -> 0 | M464: ='RESUMEN TOTAL'!S487 -> 0 | ... AI464: ='RESUMEN TOTAL'!AO487 -> 0 | AJ464: ='RESUMEN TOTAL'!#REF! -> #REF!
A465: ='RESUMEN TOTAL'!A488 -> PARADAS SEGURAS | B465: ='RESUMEN TOTAL'!B488 -> 26 I | C465: ='RESUMEN TOTAL'!D489 -> HUDON Y 818 ESTE | D465: ='RESUMEN TOTAL'!E488 -> INTERCOMUNICADOR | E465: ='RESUMEN TOTAL'!F488 -> GPON | F465: ='RESUMEN TOTAL'!L488 -> 0 | G465: ='RESUMEN TOTAL'!M488 -> 0 | H465: ='RESUMEN TOTAL'!N488 -> 0 | I465: ='RESUMEN TOTAL'!O488 -> 0 | J465: ='RESUMEN TOTAL'!P488 -> 0 | K465: ='RESUMEN TOTAL'!Q488 -> 0 | L465: ='RESUMEN TOTAL'!R488 -> 0 | M465: ='RESUMEN TOTAL'!S488 -> 0 | ... AI465: ='RESUMEN TOTAL'!AO488 -> 0 | AJ465: ='RESUMEN TOTAL'!#REF! -> #REF!
A466: ='RESUMEN TOTAL'!A489 -> PARADAS SEGURAS | B466: ='RESUMEN TOTAL'!B489 -> 27 | C466: ='RESUMEN TOTAL'!D491 -> HUDSON Y RIO TRAFUL OESTE | D466: ='RESUMEN TOTAL'!E489 -> GFIJA | E466: ='RESUMEN TOTAL'!F489 -> GPON | F466: ='RESUMEN TOTAL'!L489 -> 0 | G466: ='RESUMEN TOTAL'!M489 -> 0 | H466: ='RESUMEN TOTAL'!N489 -> 0 | I466: ='RESUMEN TOTAL'!O489 -> 0 | J466: ='RESUMEN TOTAL'!P489 -> 0 | K466: ='RESUMEN TOTAL'!Q489 -> 0 | L466: ='RESUMEN TOTAL'!R489 -> 0 | M466: ='RESUMEN TOTAL'!S489 -> 0 | ... AI466: ='RESUMEN TOTAL'!AO489 -> 0 | AJ466: ='RESUMEN TOTAL'!#REF! -> #REF!
A467: ='RESUMEN TOTAL'!A490 -> PARADAS SEGURAS | B467: ='RESUMEN TOTAL'!B490 -> 27 I | C467: ='RESUMEN TOTAL'!D493 -> HUDSON Y ESTOMBA ESTE | D467: ='RESUMEN TOTAL'!E490 -> INTERCOMUNICADOR | E467: ='RESUMEN TOTAL'!F490 -> GPON | F467: ='RESUMEN TOTAL'!L490 -> 0 | G467: ='RESUMEN TOTAL'!M490 -> 0 | H467: ='RESUMEN TOTAL'!N490 -> 0 | I467: ='RESUMEN TOTAL'!O490 -> 0 | J467: ='RESUMEN TOTAL'!P490 -> 0 | K467: ='RESUMEN TOTAL'!Q490 -> 0 | L467: ='RESUMEN TOTAL'!R490 -> 0 | M467: ='RESUMEN TOTAL'!S490 -> 0 | ... AI467: ='RESUMEN TOTAL'!AO490 -> 0 | AJ467: ='RESUMEN TOTAL'!#REF! -> #REF!
A468: ='RESUMEN TOTAL'!A491 -> PARADAS SEGURAS | B468: ='RESUMEN TOTAL'!B491 -> 28 | C468: ='RESUMEN TOTAL'!D495 -> HUDSON Y PICHEUTA OESTE | D468: ='RESUMEN TOTAL'!E491 -> GFIJA | E468: ='RESUMEN TOTAL'!F491 -> GPON | F468: ='RESUMEN TOTAL'!L491 -> 0 | G468: ='RESUMEN TOTAL'!M491 -> 0 | H468: ='RESUMEN TOTAL'!N491 -> 0 | I468: ='RESUMEN TOTAL'!O491 -> 0 | J468: ='RESUMEN TOTAL'!P491 -> 0 | K468: ='RESUMEN TOTAL'!Q491 -> 0 | L468: ='RESUMEN TOTAL'!R491 -> 0 | M468: ='RESUMEN TOTAL'!S491 -> 0 | ... AI468: ='RESUMEN TOTAL'!AO491 -> 0 | AJ468: ='RESUMEN TOTAL'!#REF! -> #REF!
A469: ='RESUMEN TOTAL'!A492 -> PARADAS SEGURAS | B469: ='RESUMEN TOTAL'!B492 -> 28 I | C469: ='RESUMEN TOTAL'!D497 -> HUDSON Y 830 ESTE | D469: ='RESUMEN TOTAL'!E492 -> INTERCOMUNICADOR | E469: ='RESUMEN TOTAL'!F492 -> GPON | F469: ='RESUMEN TOTAL'!L492 -> 0 | G469: ='RESUMEN TOTAL'!M492 -> 0 | H469: ='RESUMEN TOTAL'!N492 -> 0 | I469: ='RESUMEN TOTAL'!O492 -> 0 | J469: ='RESUMEN TOTAL'!P492 -> 0 | K469: ='RESUMEN TOTAL'!Q492 -> 0 | L469: ='RESUMEN TOTAL'!R492 -> 0 | M469: ='RESUMEN TOTAL'!S492 -> 0 | ... AI469: ='RESUMEN TOTAL'!AO492 -> 0 | AJ469: ='RESUMEN TOTAL'!#REF! -> #REF!
A470: ='RESUMEN TOTAL'!A493 -> PARADAS SEGURAS | B470: ='RESUMEN TOTAL'!B493 -> 29 | C470: ='RESUMEN TOTAL'!#REF! -> #REF! | D470: ='RESUMEN TOTAL'!E493 -> GFIJA | E470: ='RESUMEN TOTAL'!F493 -> GPON | F470: ='RESUMEN TOTAL'!L493 -> 0 | G470: ='RESUMEN TOTAL'!M493 -> 0 | H470: ='RESUMEN TOTAL'!N493 -> 0 | I470: ='RESUMEN TOTAL'!O493 -> 0 | J470: ='RESUMEN TOTAL'!P493 -> 0 | K470: ='RESUMEN TOTAL'!Q493 -> 0 | L470: ='RESUMEN TOTAL'!R493 -> 0 | M470: ='RESUMEN TOTAL'!S493 -> 0 | ... AI470: ='RESUMEN TOTAL'!AO493 -> 0 | AJ470: ='RESUMEN TOTAL'!#REF! -> #REF!
A471: ='RESUMEN TOTAL'!A494 -> PARADAS SEGURAS | B471: ='RESUMEN TOTAL'!B494 -> 29 I | C471: ='RESUMEN TOTAL'!#REF! -> #REF! | D471: ='RESUMEN TOTAL'!E494 -> INTERCOMUNICADOR | E471: ='RESUMEN TOTAL'!F494 -> GPON | F471: ='RESUMEN TOTAL'!L494 -> 0 | G471: ='RESUMEN TOTAL'!M494 -> 0 | H471: ='RESUMEN TOTAL'!N494 -> 0 | I471: ='RESUMEN TOTAL'!O494 -> 0 | J471: ='RESUMEN TOTAL'!P494 -> 0 | K471: ='RESUMEN TOTAL'!Q494 -> 0 | L471: ='RESUMEN TOTAL'!R494 -> 0 | M471: ='RESUMEN TOTAL'!S494 -> 0 | ... AI471: ='RESUMEN TOTAL'!AO494 -> 0 | AJ471: ='RESUMEN TOTAL'!#REF! -> #REF!
A472: ='RESUMEN TOTAL'!A495 -> PARADAS SEGURAS | B472: ='RESUMEN TOTAL'!B495 -> 30 | C472: ='RESUMEN TOTAL'!#REF! -> #REF! | D472: ='RESUMEN TOTAL'!E495 -> GFIJA | E472: ='RESUMEN TOTAL'!F495 -> GPON | F472: ='RESUMEN TOTAL'!L495 -> APAGADO | G472: ='RESUMEN TOTAL'!M495 -> APAGADO | H472: ='RESUMEN TOTAL'!N495 -> APAGADO | I472: ='RESUMEN TOTAL'!O495 -> APAGADO | J472: ='RESUMEN TOTAL'!P495 -> APAGADO | K472: ='RESUMEN TOTAL'!Q495 -> APAGADO | L472: ='RESUMEN TOTAL'!R495 -> APAGADO | M472: ='RESUMEN TOTAL'!S495 -> APAGADO | ... AI472: ='RESUMEN TOTAL'!AO495 -> 0 | AJ472: ='RESUMEN TOTAL'!#REF! -> #REF!
A473: ='RESUMEN TOTAL'!A496 -> PARADAS SEGURAS | B473: ='RESUMEN TOTAL'!B496 -> 30 I | C473: ='RESUMEN TOTAL'!D496 -> HUDSON Y PICHEUTA OESTE | D473: ='RESUMEN TOTAL'!E496 -> INTERCOMUNICADOR | E473: ='RESUMEN TOTAL'!F496 -> GPON | F473: ='RESUMEN TOTAL'!L496 -> APAGADO | G473: ='RESUMEN TOTAL'!M496 -> APAGADO | H473: ='RESUMEN TOTAL'!N496 -> APAGADO | I473: ='RESUMEN TOTAL'!O496 -> APAGADO | J473: ='RESUMEN TOTAL'!P496 -> APAGADO | K473: ='RESUMEN TOTAL'!Q496 -> APAGADO | L473: ='RESUMEN TOTAL'!R496 -> APAGADO | M473: ='RESUMEN TOTAL'!S496 -> APAGADO | ... AI473: ='RESUMEN TOTAL'!AO496 -> 0 | AJ473: ='RESUMEN TOTAL'!#REF! -> #REF!
A474: ='RESUMEN TOTAL'!A497 -> PARADAS SEGURAS | B474: ='RESUMEN TOTAL'!B497 -> 31 | C474: ='RESUMEN TOTAL'!#REF! -> #REF! | D474: ='RESUMEN TOTAL'!E497 -> GFIJA | E474: ='RESUMEN TOTAL'!F497 -> GPON | F474: ='RESUMEN TOTAL'!L497 -> APAGADO | G474: ='RESUMEN TOTAL'!M497 -> 0 | H474: ='RESUMEN TOTAL'!N497 -> APAGADO | I474: ='RESUMEN TOTAL'!O497 -> 0 | J474: ='RESUMEN TOTAL'!P497 -> APAGADO | K474: ='RESUMEN TOTAL'!Q497 -> 0 | L474: ='RESUMEN TOTAL'!R497 -> APAGADO | M474: ='RESUMEN TOTAL'!S497 -> 0 | ... AI474: ='RESUMEN TOTAL'!AO497 -> 0 | AJ474: ='RESUMEN TOTAL'!#REF! -> #REF!
A475: ='RESUMEN TOTAL'!A498 -> PARADAS SEGURAS | B475: ='RESUMEN TOTAL'!B498 -> 31 I | C475: ='RESUMEN TOTAL'!#REF! -> #REF! | D475: ='RESUMEN TOTAL'!E498 -> INTERCOMUNICADOR | E475: ='RESUMEN TOTAL'!F498 -> GPON | F475: ='RESUMEN TOTAL'!L498 -> APAGADO | G475: ='RESUMEN TOTAL'!M498 -> 0 | H475: ='RESUMEN TOTAL'!N498 -> APAGADO | I475: ='RESUMEN TOTAL'!O498 -> 0 | J475: ='RESUMEN TOTAL'!P498 -> APAGADO | K475: ='RESUMEN TOTAL'!Q498 -> 0 | L475: ='RESUMEN TOTAL'!R498 -> APAGADO | M475: ='RESUMEN TOTAL'!S498 -> 0 | ... AI475: ='RESUMEN TOTAL'!AO498 -> 0 | AJ475: ='RESUMEN TOTAL'!#REF! -> #REF!
A476: ='RESUMEN TOTAL'!A499 -> PARADAS SEGURAS | B476: 32 C | C476: ='RESUMEN TOTAL'!D499 -> Hudson y 834 oeste | D476: ='RESUMEN TOTAL'!E499 -> GFIJA | E476: ='RESUMEN TOTAL'!F499 -> GPON | F476: ='RESUMEN TOTAL'!L499 -> 0 | G476: ='RESUMEN TOTAL'!M499 -> 0 | H476: ='RESUMEN TOTAL'!N499 -> 0 | I476: ='RESUMEN TOTAL'!O499 -> APAGADO | J476: ='RESUMEN TOTAL'!P499 -> 0 | K476: ='RESUMEN TOTAL'!Q499 -> 0 | L476: ='RESUMEN TOTAL'!R499 -> 0 | M476: ='RESUMEN TOTAL'!S499 -> 0 | ... AI476: ='RESUMEN TOTAL'!AO499 -> 0 | AJ476: ='RESUMEN TOTAL'!#REF! -> #REF!
A477: ='RESUMEN TOTAL'!A500 -> PARADAS SEGURAS | B477: ='RESUMEN TOTAL'!B500 -> 32 I | C477: ='RESUMEN TOTAL'!D500 -> Hudson y 834 oeste | D477: ='RESUMEN TOTAL'!E500 -> INTERCOMUNICADOR | E477: ='RESUMEN TOTAL'!F500 -> GPON | F477: ='RESUMEN TOTAL'!L500 -> 0 | G477: ='RESUMEN TOTAL'!M500 -> 0 | H477: ='RESUMEN TOTAL'!N500 -> 0 | I477: ='RESUMEN TOTAL'!O500 -> APAGADO | J477: ='RESUMEN TOTAL'!P500 -> 0 | K477: ='RESUMEN TOTAL'!Q500 -> 0 | L477: ='RESUMEN TOTAL'!R500 -> 0 | M477: ='RESUMEN TOTAL'!S500 -> 0 | ... AI477: ='RESUMEN TOTAL'!AO500 -> 0 | AJ477: ='RESUMEN TOTAL'!#REF! -> #REF!
A478: ='RESUMEN TOTAL'!A501 -> PARADAS SEGURAS | B478: ='RESUMEN TOTAL'!B501 -> 33 C | C478: ='RESUMEN TOTAL'!D501 -> Hudson y 834 este | D478: ='RESUMEN TOTAL'!E501 -> GFIJA | E478: ='RESUMEN TOTAL'!F501 -> GPON | F478: ='RESUMEN TOTAL'!L501 -> 0 | G478: ='RESUMEN TOTAL'!M501 -> 0 | H478: ='RESUMEN TOTAL'!N501 -> 0 | I478: ='RESUMEN TOTAL'!O501 -> 0 | J478: ='RESUMEN TOTAL'!P501 -> 0 | K478: ='RESUMEN TOTAL'!Q501 -> 0 | L478: ='RESUMEN TOTAL'!R501 -> 0 | M478: ='RESUMEN TOTAL'!S501 -> 0 | ... AI478: ='RESUMEN TOTAL'!AO501 -> 0 | AJ478: ='RESUMEN TOTAL'!#REF! -> #REF!
A479: ='RESUMEN TOTAL'!A502 -> PARADAS SEGURAS | B479: ='RESUMEN TOTAL'!B502 -> 33 I | C479: ='RESUMEN TOTAL'!D502 -> Hudson y 834 este | D479: ='RESUMEN TOTAL'!E502 -> INTERCOMUNICADOR | E479: ='RESUMEN TOTAL'!F502 -> GPON | F479: ='RESUMEN TOTAL'!L502 -> 0 | G479: ='RESUMEN TOTAL'!M502 -> 0 | H479: ='RESUMEN TOTAL'!N502 -> 0 | I479: ='RESUMEN TOTAL'!O502 -> 0 | J479: ='RESUMEN TOTAL'!P502 -> 0 | K479: ='RESUMEN TOTAL'!Q502 -> 0 | L479: ='RESUMEN TOTAL'!R502 -> 0 | M479: ='RESUMEN TOTAL'!S502 -> 0 | ... AI479: ='RESUMEN TOTAL'!AO502 -> 0 | AJ479: ='RESUMEN TOTAL'!#REF! -> #REF!
A480: ='RESUMEN TOTAL'!A503 -> PARADAS SEGURAS | B480: ='RESUMEN TOTAL'!B503 -> 34 C | C480: ='RESUMEN TOTAL'!D503 -> Hudson y Suipacha oeste | D480: ='RESUMEN TOTAL'!E503 -> GFIJA | E480: ='RESUMEN TOTAL'!F503 -> GPON | F480: ='RESUMEN TOTAL'!L503 -> 0 | G480: ='RESUMEN TOTAL'!M503 -> 0 | H480: ='RESUMEN TOTAL'!N503 -> 0 | I480: ='RESUMEN TOTAL'!O503 -> 0 | J480: ='RESUMEN TOTAL'!P503 -> 0 | K480: ='RESUMEN TOTAL'!Q503 -> 0 | L480: ='RESUMEN TOTAL'!R503 -> 0 | M480: ='RESUMEN TOTAL'!S503 -> 0 | ... AI480: ='RESUMEN TOTAL'!AO503 -> 0 | AJ480: ='RESUMEN TOTAL'!#REF! -> #REF!
A481: ='RESUMEN TOTAL'!A504 -> PARADAS SEGURAS | B481: ='RESUMEN TOTAL'!B504 -> 34 I | C481: ='RESUMEN TOTAL'!D504 -> Hudson y Suipacha oeste | D481: ='RESUMEN TOTAL'!E504 -> INTERCOMUNICADOR | E481: ='RESUMEN TOTAL'!F504 -> GPON | F481: ='RESUMEN TOTAL'!L504 -> 0 | G481: ='RESUMEN TOTAL'!M504 -> 0 | H481: ='RESUMEN TOTAL'!N504 -> 0 | I481: ='RESUMEN TOTAL'!O504 -> 0 | J481: ='RESUMEN TOTAL'!P504 -> 0 | K481: ='RESUMEN TOTAL'!Q504 -> 0 | L481: ='RESUMEN TOTAL'!R504 -> 0 | M481: ='RESUMEN TOTAL'!S504 -> 0 | ... AI481: ='RESUMEN TOTAL'!AO504 -> 0 | AJ481: ='RESUMEN TOTAL'!#REF! -> #REF!
A482: ='RESUMEN TOTAL'!A505 -> PARADAS SEGURAS | B482: ='RESUMEN TOTAL'!B505 -> 35 C | C482: ='RESUMEN TOTAL'!D505 -> Hudson y Suipacha este | D482: ='RESUMEN TOTAL'!E505 -> GFIJA | E482: ='RESUMEN TOTAL'!F505 -> GPON | F482: ='RESUMEN TOTAL'!L505 -> APAGADO | G482: ='RESUMEN TOTAL'!M505 -> APAGADO | H482: ='RESUMEN TOTAL'!N505 -> 0 | I482: ='RESUMEN TOTAL'!O505 -> APAGADO | J482: ='RESUMEN TOTAL'!P505 -> APAGADO | K482: ='RESUMEN TOTAL'!Q505 -> APAGADO | L482: ='RESUMEN TOTAL'!R505 -> APAGADO | M482: ='RESUMEN TOTAL'!S505 -> APAGADO | ... AI482: ='RESUMEN TOTAL'!AO505 -> 0 | AJ482: ='RESUMEN TOTAL'!#REF! -> #REF!
A483: ='RESUMEN TOTAL'!A506 -> PARADAS SEGURAS | B483: ='RESUMEN TOTAL'!B506 -> 35 I | C483: ='RESUMEN TOTAL'!D506 -> Hudson y Suipacha este | D483: ='RESUMEN TOTAL'!E506 -> INTERCOMUNICADOR | E483: ='RESUMEN TOTAL'!F506 -> GPON | F483: ='RESUMEN TOTAL'!L506 -> 0 | G483: ='RESUMEN TOTAL'!M506 -> 0 | H483: ='RESUMEN TOTAL'!N506 -> APAGADO | I483: ='RESUMEN TOTAL'!O506 -> 0 | J483: ='RESUMEN TOTAL'!P506 -> 0 | K483: ='RESUMEN TOTAL'!Q506 -> 0 | L483: ='RESUMEN TOTAL'!R506 -> 0 | M483: ='RESUMEN TOTAL'!S506 -> 0 | ... AI483: ='RESUMEN TOTAL'!AO506 -> 0 | AJ483: ='RESUMEN TOTAL'!#REF! -> #REF!
A484: ='RESUMEN TOTAL'!#REF! -> #REF! | B484: ='RESUMEN TOTAL'!#REF! -> #REF! | C484: ='RESUMEN TOTAL'!#REF! -> #REF! | D484: ='RESUMEN TOTAL'!#REF! -> #REF! | E484: ='RESUMEN TOTAL'!#REF! -> #REF! | F484: ='RESUMEN TOTAL'!#REF! -> #REF! | G484: ='RESUMEN TOTAL'!#REF! -> #REF! | H484: ='RESUMEN TOTAL'!#REF! -> #REF! | ... AJ484: ='RESUMEN TOTAL'!#REF! -> #REF!
A485: ='RESUMEN TOTAL'!#REF! -> #REF! | B485: ='RESUMEN TOTAL'!#REF! -> #REF! | C485: ='RESUMEN TOTAL'!#REF! -> #REF! | D485: ='RESUMEN TOTAL'!#REF! -> #REF! | E485: ='RESUMEN TOTAL'!#REF! -> #REF! | F485: ='RESUMEN TOTAL'!#REF! -> #REF! | G485: ='RESUMEN TOTAL'!#REF! -> #REF! | H485: ='RESUMEN TOTAL'!#REF! -> #REF! | ... AJ485: ='RESUMEN TOTAL'!#REF! -> #REF!
A486: ='RESUMEN TOTAL'!A507 -> PARADAS SEGURAS | B486: ='RESUMEN TOTAL'!B507 -> 37 C | C486: ='RESUMEN TOTAL'!D507 -> Hudson y Jose Ingeniero Este | D486: ='RESUMEN TOTAL'!E507 -> GFIJA | E486: ='RESUMEN TOTAL'!F507 -> GPON | F486: ='RESUMEN TOTAL'!L507 -> 0 | G486: ='RESUMEN TOTAL'!M507 -> 0 | H486: ='RESUMEN TOTAL'!N507 -> 0 | I486: ='RESUMEN TOTAL'!O507 -> 0 | J486: ='RESUMEN TOTAL'!P507 -> 0 | K486: ='RESUMEN TOTAL'!Q507 -> 0 | L486: ='RESUMEN TOTAL'!R507 -> 0 | M486: ='RESUMEN TOTAL'!S507 -> 0 | ... AI486: ='RESUMEN TOTAL'!AO507 -> 0 | AJ486: ='RESUMEN TOTAL'!#REF! -> #REF!
A487: ='RESUMEN TOTAL'!A508 -> PARADAS SEGURAS | B487: ='RESUMEN TOTAL'!B508 -> 37 I | C487: ='RESUMEN TOTAL'!D508 -> Hudson y Jose Ingeniero Este | D487: ='RESUMEN TOTAL'!E508 -> INTERCOMUNICADOR | E487: ='RESUMEN TOTAL'!F508 -> GPON | F487: ='RESUMEN TOTAL'!L508 -> 0 | G487: ='RESUMEN TOTAL'!M508 -> 0 | H487: ='RESUMEN TOTAL'!N508 -> 0 | I487: ='RESUMEN TOTAL'!O508 -> 0 | J487: ='RESUMEN TOTAL'!P508 -> 0 | K487: ='RESUMEN TOTAL'!Q508 -> 0 | L487: ='RESUMEN TOTAL'!R508 -> 0 | M487: ='RESUMEN TOTAL'!S508 -> 0 | ... AI487: ='RESUMEN TOTAL'!AO508 -> 0 | AJ487: ='RESUMEN TOTAL'!#REF! -> #REF!
A488: ='RESUMEN TOTAL'!A509 -> PARADAS SEGURAS | B488: ='RESUMEN TOTAL'!B509 -> 38 C | C488: ='RESUMEN TOTAL'!D509 -> Hudson y Cacheuta Oeste | D488: ='RESUMEN TOTAL'!E509 -> GFIJA | E488: ='RESUMEN TOTAL'!F509 -> GPON | F488: ='RESUMEN TOTAL'!L509 -> 0 | G488: ='RESUMEN TOTAL'!M509 -> 0 | H488: ='RESUMEN TOTAL'!N509 -> 0 | I488: ='RESUMEN TOTAL'!O509 -> 0 | J488: ='RESUMEN TOTAL'!P509 -> 0 | K488: ='RESUMEN TOTAL'!Q509 -> 0 | L488: ='RESUMEN TOTAL'!R509 -> 0 | M488: ='RESUMEN TOTAL'!S509 -> 0 | ... AI488: ='RESUMEN TOTAL'!AO509 -> 0 | AJ488: ='RESUMEN TOTAL'!#REF! -> #REF!
A489: ='RESUMEN TOTAL'!A510 -> PARADAS SEGURAS | B489: ='RESUMEN TOTAL'!B510 -> 38 I | C489: ='RESUMEN TOTAL'!D510 -> Hudson y Cacheuta Oeste | D489: ='RESUMEN TOTAL'!E510 -> INTERCOMUNICADOR | E489: ='RESUMEN TOTAL'!F510 -> GPON | F489: ='RESUMEN TOTAL'!L510 -> 0 | G489: ='RESUMEN TOTAL'!M510 -> 0 | H489: ='RESUMEN TOTAL'!N510 -> 0 | I489: ='RESUMEN TOTAL'!O510 -> 0 | J489: ='RESUMEN TOTAL'!P510 -> 0 | K489: ='RESUMEN TOTAL'!Q510 -> 0 | L489: ='RESUMEN TOTAL'!R510 -> 0 | M489: ='RESUMEN TOTAL'!S510 -> 0 | ... AI489: ='RESUMEN TOTAL'!AO510 -> 0 | AJ489: ='RESUMEN TOTAL'!#REF! -> #REF!
A490: ='RESUMEN TOTAL'!A511 -> PARADAS SEGURAS | B490: ='RESUMEN TOTAL'!B511 -> 39 C | C490: ='RESUMEN TOTAL'!D511 -> Hudson y Groussac Este | D490: ='RESUMEN TOTAL'!E511 -> GFIJA | E490: ='RESUMEN TOTAL'!F511 -> GPON | F490: ='RESUMEN TOTAL'!L511 -> 0 | G490: ='RESUMEN TOTAL'!M511 -> APAGADO | H490: ='RESUMEN TOTAL'!N511 -> APAGADO | I490: ='RESUMEN TOTAL'!O511 -> APAGADO | J490: ='RESUMEN TOTAL'!P511 -> 0 | K490: ='RESUMEN TOTAL'!Q511 -> 0 | L490: ='RESUMEN TOTAL'!R511 -> 0 | M490: ='RESUMEN TOTAL'!S511 -> 0 | ... AI490: ='RESUMEN TOTAL'!AO511 -> 0 | AJ490: ='RESUMEN TOTAL'!#REF! -> #REF!
A491: ='RESUMEN TOTAL'!A512 -> PARADAS SEGURAS | B491: ='RESUMEN TOTAL'!B512 -> 39 I | C491: ='RESUMEN TOTAL'!D512 -> Hudson y Groussac Este | D491: ='RESUMEN TOTAL'!E512 -> INTERCOMUNICADOR | E491: ='RESUMEN TOTAL'!F512 -> GPON | F491: ='RESUMEN TOTAL'!L512 -> 0 | G491: ='RESUMEN TOTAL'!M512 -> APAGADO | H491: ='RESUMEN TOTAL'!N512 -> APAGADO | I491: ='RESUMEN TOTAL'!O512 -> APAGADO | J491: ='RESUMEN TOTAL'!P512 -> 0 | K491: ='RESUMEN TOTAL'!Q512 -> 0 | L491: ='RESUMEN TOTAL'!R512 -> 0 | M491: ='RESUMEN TOTAL'!S512 -> 0 | ... AI491: ='RESUMEN TOTAL'!AO512 -> 0 | AJ491: ='RESUMEN TOTAL'!#REF! -> #REF!
A492: ='RESUMEN TOTAL'!A513 -> PARADAS SEGURAS | B492: ='RESUMEN TOTAL'!B513 -> 40 C | C492: ='RESUMEN TOTAL'!D513 -> Hudson y Groussac Oeste | D492: ='RESUMEN TOTAL'!E513 -> GFIJA | E492: ='RESUMEN TOTAL'!F513 -> GPON | F492: ='RESUMEN TOTAL'!L513 -> 0 | G492: ='RESUMEN TOTAL'!M513 -> 0 | H492: ='RESUMEN TOTAL'!N513 -> 0 | I492: ='RESUMEN TOTAL'!O513 -> 0 | J492: ='RESUMEN TOTAL'!P513 -> 0 | K492: ='RESUMEN TOTAL'!Q513 -> 0 | L492: ='RESUMEN TOTAL'!R513 -> 0 | M492: ='RESUMEN TOTAL'!S513 -> 0 | ... AI492: ='RESUMEN TOTAL'!AO513 -> 0 | AJ492: ='RESUMEN TOTAL'!#REF! -> #REF!
A493: ='RESUMEN TOTAL'!A514 -> PARADAS SEGURAS | B493: ='RESUMEN TOTAL'!B514 -> 40 I | C493: ='RESUMEN TOTAL'!D514 -> Hudson y Groussac Oeste | D493: ='RESUMEN TOTAL'!E514 -> INTERCOMUNICADOR | E493: ='RESUMEN TOTAL'!F514 -> GPON | F493: ='RESUMEN TOTAL'!L514 -> 0 | G493: ='RESUMEN TOTAL'!M514 -> 0 | H493: ='RESUMEN TOTAL'!N514 -> 0 | I493: ='RESUMEN TOTAL'!O514 -> 0 | J493: ='RESUMEN TOTAL'!P514 -> 0 | K493: ='RESUMEN TOTAL'!Q514 -> 0 | L493: ='RESUMEN TOTAL'!R514 -> 0 | M493: ='RESUMEN TOTAL'!S514 -> 0 | ... AI493: ='RESUMEN TOTAL'!AO514 -> 0 | AJ493: ='RESUMEN TOTAL'!#REF! -> #REF!
A494: ='RESUMEN TOTAL'!A515 -> PARADAS SEGURAS | B494: ='RESUMEN TOTAL'!B515 -> 41 C | C494: ='RESUMEN TOTAL'!D515 -> Hudson y Dumas Este | D494: ='RESUMEN TOTAL'!E515 -> GFIJA | E494: ='RESUMEN TOTAL'!F515 -> GPON | F494: ='RESUMEN TOTAL'!L515 -> 0 | G494: ='RESUMEN TOTAL'!M515 -> 0 | H494: ='RESUMEN TOTAL'!N515 -> 0 | I494: ='RESUMEN TOTAL'!O515 -> 0 | J494: ='RESUMEN TOTAL'!P515 -> 0 | K494: ='RESUMEN TOTAL'!Q515 -> 0 | L494: ='RESUMEN TOTAL'!R515 -> 0 | M494: ='RESUMEN TOTAL'!S515 -> 0 | ... AI494: ='RESUMEN TOTAL'!AO515 -> 0 | AJ494: ='RESUMEN TOTAL'!#REF! -> #REF!
A495: ='RESUMEN TOTAL'!A516 -> PARADAS SEGURAS | B495: ='RESUMEN TOTAL'!B516 -> 41 I | C495: ='RESUMEN TOTAL'!D516 -> Hudson y Dumas Este | D495: ='RESUMEN TOTAL'!E516 -> INTERCOMUNICADOR | E495: ='RESUMEN TOTAL'!F516 -> GPON | F495: ='RESUMEN TOTAL'!L516 -> 0 | G495: ='RESUMEN TOTAL'!M516 -> 0 | H495: ='RESUMEN TOTAL'!N516 -> 0 | I495: ='RESUMEN TOTAL'!O516 -> 0 | J495: ='RESUMEN TOTAL'!P516 -> 0 | K495: ='RESUMEN TOTAL'!Q516 -> 0 | L495: ='RESUMEN TOTAL'!R516 -> 0 | M495: ='RESUMEN TOTAL'!S516 -> 0 | ... AI495: ='RESUMEN TOTAL'!AO516 -> 0 | AJ495: ='RESUMEN TOTAL'!#REF! -> #REF!
A496: ='RESUMEN TOTAL'!A517 -> PARADAS SEGURAS | B496: ='RESUMEN TOTAL'!B517 -> 42 C | C496: ='RESUMEN TOTAL'!D517 -> Hudson y Dumas Oeste | D496: ='RESUMEN TOTAL'!E517 -> GFIJA | E496: ='RESUMEN TOTAL'!F517 -> GPON | F496: ='RESUMEN TOTAL'!L517 -> 0 | G496: ='RESUMEN TOTAL'!M517 -> 0 | H496: ='RESUMEN TOTAL'!N517 -> 0 | I496: ='RESUMEN TOTAL'!O517 -> 0 | J496: ='RESUMEN TOTAL'!P517 -> 0 | K496: ='RESUMEN TOTAL'!Q517 -> 0 | L496: ='RESUMEN TOTAL'!R517 -> 0 | M496: ='RESUMEN TOTAL'!S517 -> 0 | ... AI496: ='RESUMEN TOTAL'!AO517 -> 0 | AJ496: ='RESUMEN TOTAL'!#REF! -> #REF!
A497: ='RESUMEN TOTAL'!A518 -> PARADAS SEGURAS | B497: ='RESUMEN TOTAL'!B518 -> 42 I | C497: ='RESUMEN TOTAL'!D518 -> Hudson y Dumas Oeste | D497: ='RESUMEN TOTAL'!E518 -> INTERCOMUNICADOR | E497: ='RESUMEN TOTAL'!F518 -> GPON | F497: ='RESUMEN TOTAL'!L518 -> 0 | G497: ='RESUMEN TOTAL'!M518 -> 0 | H497: ='RESUMEN TOTAL'!N518 -> 0 | I497: ='RESUMEN TOTAL'!O518 -> 0 | J497: ='RESUMEN TOTAL'!P518 -> 0 | K497: ='RESUMEN TOTAL'!Q518 -> 0 | L497: ='RESUMEN TOTAL'!R518 -> 0 | M497: ='RESUMEN TOTAL'!S518 -> 0 | ... AI497: ='RESUMEN TOTAL'!AO518 -> 0 | AJ497: ='RESUMEN TOTAL'!#REF! -> #REF!
... A499: ='RESUMEN TOTAL'!A520 -> PARADAS SEGURAS | B499: ='RESUMEN TOTAL'!B520 -> 43 I | C499: ='RESUMEN TOTAL'!D520 -> Hudson y Manuel de Falla Este | D499: ='RESUMEN TOTAL'!E520 -> INTERCOMUNICADOR | E499: ='RESUMEN TOTAL'!F520 -> GPON | F499: ='RESUMEN TOTAL'!L520 -> 0 | G499: ='RESUMEN TOTAL'!M520 -> 0 | H499: ='RESUMEN TOTAL'!N520 -> 0 | I499: ='RESUMEN TOTAL'!O520 -> 0 | J499: ='RESUMEN TOTAL'!P520 -> 0 | K499: ='RESUMEN TOTAL'!Q520 -> 0 | L499: ='RESUMEN TOTAL'!R520 -> 0 | M499: ='RESUMEN TOTAL'!S520 -> 0 | ... AI499: ='RESUMEN TOTAL'!AO520 -> 0 | AJ499: ='RESUMEN TOTAL'!#REF! -> #REF!
A500: ='RESUMEN TOTAL'!#REF! -> #REF! | B500: ='RESUMEN TOTAL'!#REF! -> #REF! | C500: ='RESUMEN TOTAL'!#REF! -> #REF! | D500: ='RESUMEN TOTAL'!#REF! -> #REF! | E500: ='RESUMEN TOTAL'!#REF! -> #REF! | F500: ='RESUMEN TOTAL'!#REF! -> #REF! | G500: ='RESUMEN TOTAL'!#REF! -> #REF! | H500: ='RESUMEN TOTAL'!#REF! -> #REF! | ... AJ500: ='RESUMEN TOTAL'!#REF! -> #REF!
A501: ='RESUMEN TOTAL'!#REF! -> #REF! | B501: ='RESUMEN TOTAL'!#REF! -> #REF! | C501: ='RESUMEN TOTAL'!#REF! -> #REF! | D501: ='RESUMEN TOTAL'!#REF! -> #REF! | E501: ='RESUMEN TOTAL'!#REF! -> #REF! | F501: ='RESUMEN TOTAL'!#REF! -> #REF! | G501: ='RESUMEN TOTAL'!#REF! -> #REF! | H501: ='RESUMEN TOTAL'!#REF! -> #REF! | ... AJ501: ='RESUMEN TOTAL'!#REF! -> #REF!
A502: ='RESUMEN TOTAL'!A521 -> PARADAS SEGURAS | B502: ='RESUMEN TOTAL'!B521 -> 45 C | C502: ='RESUMEN TOTAL'!D521 -> Hudson y Benito Perez Galdos Este | D502: ='RESUMEN TOTAL'!E521 -> GFIJA | E502: ='RESUMEN TOTAL'!F521 -> GPON | F502: ='RESUMEN TOTAL'!L521 -> 0 | G502: ='RESUMEN TOTAL'!M521 -> 0 | H502: ='RESUMEN TOTAL'!N521 -> 0 | I502: ='RESUMEN TOTAL'!O521 -> 0 | J502: ='RESUMEN TOTAL'!P521 -> 0 | K502: ='RESUMEN TOTAL'!Q521 -> 0 | L502: ='RESUMEN TOTAL'!R521 -> 0 | M502: ='RESUMEN TOTAL'!S521 -> 0 | ... AI502: ='RESUMEN TOTAL'!AO521 -> 0 | AJ502: ='RESUMEN TOTAL'!#REF! -> #REF!
A503: ='RESUMEN TOTAL'!A522 -> PARADAS SEGURAS | B503: ='RESUMEN TOTAL'!B522 -> 45 I | C503: ='RESUMEN TOTAL'!D522 -> Hudson y Benito Perez Galdos Este | D503: ='RESUMEN TOTAL'!E522 -> INTERCOMUNICADOR | E503: ='RESUMEN TOTAL'!F522 -> GPON | F503: ='RESUMEN TOTAL'!L522 -> 0 | G503: ='RESUMEN TOTAL'!M522 -> 0 | H503: ='RESUMEN TOTAL'!N522 -> 0 | I503: ='RESUMEN TOTAL'!O522 -> 0 | J503: ='RESUMEN TOTAL'!P522 -> 0 | K503: ='RESUMEN TOTAL'!Q522 -> 0 | L503: ='RESUMEN TOTAL'!R522 -> 0 | M503: ='RESUMEN TOTAL'!S522 -> 0 | ... AI503: ='RESUMEN TOTAL'!AO522 -> 0 | AJ503: ='RESUMEN TOTAL'!#REF! -> #REF!
A504: ='RESUMEN TOTAL'!A523 -> PARADAS SEGURAS | B504: ='RESUMEN TOTAL'!B523 -> 46 C | C504: ='RESUMEN TOTAL'!D523 -> Hudson y Avenida Bosques Este | D504: ='RESUMEN TOTAL'!E523 -> GFIJA | E504: ='RESUMEN TOTAL'!F523 -> GPON | F504: ='RESUMEN TOTAL'!L523 -> 0 | G504: ='RESUMEN TOTAL'!M523 -> 0 | H504: ='RESUMEN TOTAL'!N523 -> 0 | I504: ='RESUMEN TOTAL'!O523 -> 0 | J504: ='RESUMEN TOTAL'!P523 -> 0 | K504: ='RESUMEN TOTAL'!Q523 -> 0 | L504: ='RESUMEN TOTAL'!R523 -> 0 | M504: ='RESUMEN TOTAL'!S523 -> 0 | ... AI504: ='RESUMEN TOTAL'!AO523 -> 0 | AJ504: ='RESUMEN TOTAL'!#REF! -> #REF!
A505: ='RESUMEN TOTAL'!A524 -> PARADAS SEGURAS | B505: ='RESUMEN TOTAL'!B524 -> 46 I | C505: ='RESUMEN TOTAL'!D524 -> Hudson y Avenida Bosques Este | D505: ='RESUMEN TOTAL'!E524 -> INTERCOMUNICADOR | E505: ='RESUMEN TOTAL'!F524 -> GPON | F505: ='RESUMEN TOTAL'!L524 -> 0 | G505: ='RESUMEN TOTAL'!M524 -> 0 | H505: ='RESUMEN TOTAL'!N524 -> 0 | I505: ='RESUMEN TOTAL'!O524 -> 0 | J505: ='RESUMEN TOTAL'!P524 -> 0 | K505: ='RESUMEN TOTAL'!Q524 -> 0 | L505: ='RESUMEN TOTAL'!R524 -> 0 | M505: ='RESUMEN TOTAL'!S524 -> 0 | ... AI505: ='RESUMEN TOTAL'!AO524 -> 0 | AJ505: ='RESUMEN TOTAL'!#REF! -> #REF!
A506: ='RESUMEN TOTAL'!A525 -> PARADAS SEGURAS | B506: ='RESUMEN TOTAL'!B525 -> 47 C | C506: ='RESUMEN TOTAL'!D525 -> Hudson y Avenida Bosques Oeste | D506: ='RESUMEN TOTAL'!E525 -> GFIJA | E506: ='RESUMEN TOTAL'!F525 -> GPON | F506: ='RESUMEN TOTAL'!L525 -> 0 | G506: ='RESUMEN TOTAL'!M525 -> 0 | H506: ='RESUMEN TOTAL'!N525 -> 0 | I506: ='RESUMEN TOTAL'!O525 -> 0 | J506: ='RESUMEN TOTAL'!P525 -> 0 | K506: ='RESUMEN TOTAL'!Q525 -> 0 | L506: ='RESUMEN TOTAL'!R525 -> 0 | M506: ='RESUMEN TOTAL'!S525 -> 0 | ... AI506: ='RESUMEN TOTAL'!AO525 -> 0 | AJ506: ='RESUMEN TOTAL'!#REF! -> #REF!
A507: ='RESUMEN TOTAL'!A526 -> PARADAS SEGURAS | B507: ='RESUMEN TOTAL'!B526 -> 47 I | C507: ='RESUMEN TOTAL'!D526 -> Hudson y Avenida Bosques Oeste | D507: ='RESUMEN TOTAL'!E526 -> INTERCOMUNICADOR | E507: ='RESUMEN TOTAL'!F526 -> GPON | F507: ='RESUMEN TOTAL'!L526 -> 0 | G507: ='RESUMEN TOTAL'!M526 -> 0 | H507: ='RESUMEN TOTAL'!N526 -> 0 | I507: ='RESUMEN TOTAL'!O526 -> 0 | J507: ='RESUMEN TOTAL'!P526 -> 0 | K507: ='RESUMEN TOTAL'!Q526 -> 0 | L507: ='RESUMEN TOTAL'!R526 -> 0 | M507: ='RESUMEN TOTAL'!S526 -> 0 | ... AI507: ='RESUMEN TOTAL'!AO526 -> 0 | AJ507: ='RESUMEN TOTAL'!#REF! -> #REF!
A508: ='RESUMEN TOTAL'!A527 -> 0 | B508: ='RESUMEN TOTAL'!B527 -> 0 | C508: ='RESUMEN TOTAL'!D527 -> 0 | D508: ='RESUMEN TOTAL'!E527 -> 0 | E508: ='RESUMEN TOTAL'!F527 -> 0 | F508: ='RESUMEN TOTAL'!L527 -> 0 | G508: ='RESUMEN TOTAL'!M527 -> 0 | H508: ='RESUMEN TOTAL'!N527 -> 0 | I508: ='RESUMEN TOTAL'!O527 -> 0 | J508: ='RESUMEN TOTAL'!P527 -> 0 | K508: ='RESUMEN TOTAL'!Q527 -> 0 | L508: ='RESUMEN TOTAL'!R527 -> 0 | M508: ='RESUMEN TOTAL'!S527 -> 0 | ... AI508: ='RESUMEN TOTAL'!AO527 -> 0 | AJ508: ='RESUMEN TOTAL'!#REF! -> #REF!
A509: ='RESUMEN TOTAL'!A528 -> 0 | B509: ='RESUMEN TOTAL'!B528 -> 0 | C509: ='RESUMEN TOTAL'!D528 -> 0 | D509: ='RESUMEN TOTAL'!E528 -> 0 | E509: ='RESUMEN TOTAL'!F528 -> 0 | F509: ='RESUMEN TOTAL'!L528 -> 0 | G509: ='RESUMEN TOTAL'!M528 -> 0 | H509: ='RESUMEN TOTAL'!N528 -> 0 | I509: ='RESUMEN TOTAL'!O528 -> 0 | J509: ='RESUMEN TOTAL'!P528 -> 0 | K509: ='RESUMEN TOTAL'!Q528 -> 0 | L509: ='RESUMEN TOTAL'!R528 -> 0 | M509: ='RESUMEN TOTAL'!S528 -> 0 | ... AI509: ='RESUMEN TOTAL'!AO528 -> 0 | AJ509: ='RESUMEN TOTAL'!#REF! -> #REF!
A510: ='RESUMEN TOTAL'!A529 -> 0 | B510: ='RESUMEN TOTAL'!B529 -> 0 | C510: ='RESUMEN TOTAL'!D529 -> 0 | D510: ='RESUMEN TOTAL'!E529 -> 0 | E510: ='RESUMEN TOTAL'!F529 -> 0 | F510: ='RESUMEN TOTAL'!L529 -> 0 | G510: ='RESUMEN TOTAL'!M529 -> 0 | H510: ='RESUMEN TOTAL'!N529 -> 0 | I510: ='RESUMEN TOTAL'!O529 -> 0 | J510: ='RESUMEN TOTAL'!P529 -> 0 | K510: ='RESUMEN TOTAL'!Q529 -> 0 | L510: ='RESUMEN TOTAL'!R529 -> 0 | M510: ='RESUMEN TOTAL'!S529 -> 0 | ... AI510: ='RESUMEN TOTAL'!AO529 -> 0 | AJ510: ='RESUMEN TOTAL'!#REF! -> #REF!
A511: ='RESUMEN TOTAL'!A530 -> 0 | B511: ='RESUMEN TOTAL'!B530 -> 0 | C511: ='RESUMEN TOTAL'!D530 -> 0 | D511: ='RESUMEN TOTAL'!E530 -> 0 | E511: ='RESUMEN TOTAL'!F530 -> 0 | F511: ='RESUMEN TOTAL'!L530 -> 0 | G511: ='RESUMEN TOTAL'!M530 -> 0 | H511: ='RESUMEN TOTAL'!N530 -> 0 | I511: ='RESUMEN TOTAL'!O530 -> 0 | J511: ='RESUMEN TOTAL'!P530 -> 0 | K511: ='RESUMEN TOTAL'!Q530 -> 0 | L511: ='RESUMEN TOTAL'!R530 -> 0 | M511: ='RESUMEN TOTAL'!S530 -> 0 | ... AI511: ='RESUMEN TOTAL'!AO530 -> 0 | AJ511: ='RESUMEN TOTAL'!#REF! -> #REF!
A512: ='RESUMEN TOTAL'!A531 -> 0 | B512: ='RESUMEN TOTAL'!B531 -> 0 | C512: ='RESUMEN TOTAL'!D531 -> 0 | D512: ='RESUMEN TOTAL'!E531 -> 0 | E512: ='RESUMEN TOTAL'!F531 -> 0 | F512: ='RESUMEN TOTAL'!L531 -> 0 | G512: ='RESUMEN TOTAL'!M531 -> 0 | H512: ='RESUMEN TOTAL'!N531 -> 0 | I512: ='RESUMEN TOTAL'!O531 -> 0 | J512: ='RESUMEN TOTAL'!P531 -> 0 | K512: ='RESUMEN TOTAL'!Q531 -> 0 | L512: ='RESUMEN TOTAL'!R531 -> 0 | M512: ='RESUMEN TOTAL'!S531 -> 0 | ... AI512: ='RESUMEN TOTAL'!AO531 -> 0 | AJ512: ='RESUMEN TOTAL'!#REF! -> #REF!
A513: ='RESUMEN TOTAL'!A532 -> 0 | B513: ='RESUMEN TOTAL'!B532 -> 0 | C513: ='RESUMEN TOTAL'!D532 -> 0 | D513: ='RESUMEN TOTAL'!E532 -> 0 | E513: ='RESUMEN TOTAL'!F532 -> 0 | F513: ='RESUMEN TOTAL'!L532 -> 0 | G513: ='RESUMEN TOTAL'!M532 -> 0 | H513: ='RESUMEN TOTAL'!N532 -> 0 | I513: ='RESUMEN TOTAL'!O532 -> 0 | J513: ='RESUMEN TOTAL'!P532 -> 0 | K513: ='RESUMEN TOTAL'!Q532 -> 0 | L513: ='RESUMEN TOTAL'!R532 -> 0 | M513: ='RESUMEN TOTAL'!S532 -> 0 | ... AI513: ='RESUMEN TOTAL'!AO532 -> 0 | AJ513: ='RESUMEN TOTAL'!#REF! -> #REF!
... A638: ='RESUMEN TOTAL'!A657 -> 0 | B638: ='RESUMEN TOTAL'!B657 -> 0 | C638: ='RESUMEN TOTAL'!D657 -> 0 | D638: ='RESUMEN TOTAL'!E657 -> 0 | E638: ='RESUMEN TOTAL'!F657 -> 0 | F638: ='RESUMEN TOTAL'!L657 -> 0 | G638: ='RESUMEN TOTAL'!M657 -> 0 | H638: ='RESUMEN TOTAL'!N657 -> 0 | I638: ='RESUMEN TOTAL'!O657 -> 0 | J638: ='RESUMEN TOTAL'!P657 -> 0 | K638: ='RESUMEN TOTAL'!Q657 -> 0 | L638: ='RESUMEN TOTAL'!R657 -> 0 | M638: ='RESUMEN TOTAL'!S657 -> 0 | ... AI638: ='RESUMEN TOTAL'!AO657 -> 0 | AJ638: ='RESUMEN TOTAL'!#REF! -> #REF!

Sheet APAGADOS
E1: APAGADOS | F1: =COUNTIF(F3:F403, "APAGADO") -> 25 | G1: =COUNTIF(G3:G403, "APAGADO") -> 86 | H1: =COUNTIF(H3:H503, "APAGADO") -> 110 | I1: =COUNTIF(I3:I403, "APAGADO") -> 97 | J1: =COUNTIF(J3:J403, "APAGADO") -> 56 | K1: =COUNTIF(K3:K403, "APAGADO") -> 93 | L1: =COUNTIF(L3:L403, "APAGADO") -> 49 | M1: =COUNTIF(M3:M403, "APAGADO") -> 37 | N1: =COUNTIF(N3:N403, "APAGADO") -> 28 | O1: =COUNTIF(O3:O403, "APAGADO") -> 29 | P1: =COUNTIF(P3:P403, "APAGADO") -> 30 | ... AD1: =COUNTIF(AD3:AD403, "APAGADO") -> 0 | AE1: =COUNTIF(AE3:AE503, "APAGADO") -> 0 | AF1: =COUNTIF(AF3:AF403, "APAGADO") -> 0 | AG1: =COUNTIF(AG3:AG403, "APAGADO") -> 0 | AH1: =COUNTIF(AH3:AH403, "APAGADO") -> 0 | AI1: =COUNTIF(AI3:AI403, "APAGADO") -> 0 | AJ1: =COUNTIF(AJ3:AJ403, "APAGADO") -> 0
A2: =ESTADISTICA!A1 -> Barrio | B2: =ESTADISTICA!B1 -> [Denominacion] | C2: =ESTADISTICA!C1 -> [Ubicacion] | D2: =ESTADISTICA!D1 -> [Tipo de Camara] | E2: =ESTADISTICA!E1 -> [Tipo de Conexion] | F2: =ESTADISTICA!F1 -> 45170 | G2: =ESTADISTICA!G1 -> 45171 | H2: =ESTADISTICA!H1 -> 45172 | ... AJ2: =ESTADISTICA!AJ1 -> #REF!
A3: =ESTADISTICA!A2 -> ALTAMIRA | B3: =ESTADISTICA!B2 -> ALT01 | C3: =ESTADISTICA!C2 -> Calchaqui y Sgto. Cabral | D3: =ESTADISTICA!D2 -> Domo | E3: =ESTADISTICA!E2 -> Fibra Optica | F3: =ESTADISTICA!F2 -> 0 | G3: =ESTADISTICA!G2 -> 0 | H3: =ESTADISTICA!H2 -> 0 | ... AJ3: =ESTADISTICA!AJ2 -> #REF!
A4: =ESTADISTICA!A3 -> ALTAMIRA | B4: =ESTADISTICA!B3 -> ALT02 | C4: =ESTADISTICA!C3 -> Calchaqui y Lope de Vega | D4: =ESTADISTICA!D3 -> Domo | E4: =ESTADISTICA!E3 -> PTO A FO | F4: =ESTADISTICA!F3 -> 0 | G4: =ESTADISTICA!G3 -> 0 | H4: =ESTADISTICA!H3 -> 0 | ... AJ4: =ESTADISTICA!AJ3 -> #REF!
A5: =ESTADISTICA!A4 -> ALTAMIRA | B5: =ESTADISTICA!B4 -> ALT 03 | C5: =ESTADISTICA!C4 -> Bombero Galarza y Necochea | D5: =ESTADISTICA!D4 -> Domo | E5: =ESTADISTICA!E4 -> Fibra Optica | F5: =ESTADISTICA!F4 -> 0 | G5: =ESTADISTICA!G4 -> 0 | H5: =ESTADISTICA!H4 -> 0 | ... AJ5: =ESTADISTICA!AJ4 -> #REF!
A6: =ESTADISTICA!A5 -> ALTAMIRA | B6: =ESTADISTICA!B5 -> ALT 04 | C6: =ESTADISTICA!C5 -> Francia y Necochea | D6: =ESTADISTICA!D5 -> Domo | E6: =ESTADISTICA!E5 -> Fibra Optica | F6: =ESTADISTICA!F5 -> 0 | G6: =ESTADISTICA!G5 -> 0 | H6: =ESTADISTICA!H5 -> 0 | ... AJ6: =ESTADISTICA!AJ5 -> #REF!
A7: =ESTADISTICA!A6 -> ALTAMIRA | B7: =ESTADISTICA!B6 -> ALT05 | C7: =ESTADISTICA!C6 -> Av. Calchaqui y Bombero Galarza | D7: =ESTADISTICA!D6 -> Domo | E7: =ESTADISTICA!E6 -> PTO A FO | F7: =ESTADISTICA!F6 -> 0 | G7: =ESTADISTICA!G6 -> 0 | H7: =ESTADISTICA!H6 -> 0 | ... AJ7: =ESTADISTICA!AJ6 -> #REF!
A8: =ESTADISTICA!A7 -> ALTAMIRA | B8: =ESTADISTICA!B7 -> ALT 06 | C8: =ESTADISTICA!C7 -> LOPE DE VEGA Y NECOCHEA | D8: =ESTADISTICA!D7 -> Domo | E8: =ESTADISTICA!E7 -> PTO A FO | F8: =ESTADISTICA!F7 -> 0 | G8: =ESTADISTICA!G7 -> 0 | H8: =ESTADISTICA!H7 -> 0 | ... AJ8: =ESTADISTICA!AJ7 -> #REF!
A9: =ESTADISTICA!A8 -> ALTAMIRA | B9: =ESTADISTICA!B8 -> ALT07 | C9: =ESTADISTICA!C8 -> AV. CALCHAQUI Y AV. DEL TRABAJO | D9: =ESTADISTICA!D8 -> DOMO | E9: =ESTADISTICA!E8 -> PTO A FO | F9: =ESTADISTICA!F8 -> 0 | G9: =ESTADISTICA!G8 -> 0 | H9: =ESTADISTICA!H8 -> 0 | ... AJ9: =ESTADISTICA!AJ8 -> #REF!
A10: =ESTADISTICA!A9 -> ALTAMIRA | B10: =ESTADISTICA!B9 -> ALT 08 | C10: =ESTADISTICA!C9 -> HUMAITA Y NECOCHEA | D10: =ESTADISTICA!D9 -> DOMO | E10: =ESTADISTICA!E9 -> Fibra Optica | F10: =ESTADISTICA!F9 -> 0 | G10: =ESTADISTICA!G9 -> 0 | H10: =ESTADISTICA!H9 -> 0 | ... AJ10: =ESTADISTICA!AJ9 -> #REF!
A11: =ESTADISTICA!A10 -> ALTAMIRA | B11: =ESTADISTICA!B10 -> ALT 09 | C11: =ESTADISTICA!C10 -> NECOCHEA Y CURUPAITY | D11: =ESTADISTICA!D10 -> DOMO | E11: =ESTADISTICA!E10 -> Fibra Optica | F11: =ESTADISTICA!F10 -> 0 | G11: =ESTADISTICA!G10 -> 0 | H11: =ESTADISTICA!H10 -> 0 | ... AJ11: =ESTADISTICA!AJ10 -> #REF!
A12: =ESTADISTICA!A11 -> ALTAMIRA | B12: =ESTADISTICA!B11 -> ALT 10 | C12: =ESTADISTICA!C11 -> Calchaqui y Francia | D12: =ESTADISTICA!D11 -> Domo | E12: =ESTADISTICA!E11 -> Radio | F12: =ESTADISTICA!F11 -> 0 | G12: =ESTADISTICA!G11 -> 0 | H12: =ESTADISTICA!H11 -> 0 | ... AJ12: =ESTADISTICA!AJ11 -> #REF!
A13: =ESTADISTICA!A12 -> AGUSTIN RAMIREZ | B13: =ESTADISTICA!B12 -> ARA 01 | C13: =ESTADISTICA!C12 -> Malambo y Tranquera | D13: =ESTADISTICA!D12 -> Domo | E13: =ESTADISTICA!E12 -> Fibra Optica | F13: =ESTADISTICA!F12 -> APAGADO | G13: =ESTADISTICA!G12 -> APAGADO | H13: =ESTADISTICA!H12 -> APAGADO | ... AJ13: =ESTADISTICA!AJ12 -> #REF!
... A207: =ESTADISTICA!A206 -> SAN EMILIO | B207: =ESTADISTICA!B206 -> MFI06 | C207: =ESTADISTICA!C206 -> Con. Gral. Belgrano y Bombero Galarza | D207: =ESTADISTICA!D206 -> DOMO | E207: =ESTADISTICA!E206 -> Radio | F207: =ESTADISTICA!F206 -> 0 | G207: =ESTADISTICA!G206 -> 0 | H207: =ESTADISTICA!H206 -> 0 | ... AJ207: =ESTADISTICA!AJ206 -> #REF!
A208: =ESTADISTICA!A208 -> MARTIN FIERRO | B208: =ESTADISTICA!B208 -> MFI 08 | C208: =ESTADISTICA!C208 -> Braile y Batalla de Callao | D208: =ESTADISTICA!D208 -> Domo | E208: =ESTADISTICA!E208 -> PTO A FO | F208: =ESTADISTICA!F208 -> 0 | G208: =ESTADISTICA!G208 -> 0 | H208: =ESTADISTICA!H208 -> 0 | ... AJ208: =ESTADISTICA!AJ208 -> #REF!
A209: =ESTADISTICA!A209 -> GOBERNADOR MONTEVERDE | B209: =ESTADISTICA!B209 -> MON01 | C209: =ESTADISTICA!C209 -> San Martin y Patricias Argentinas | D209: =ESTADISTICA!D209 -> Fija | E209: =ESTADISTICA!E209 -> Fibra Optica | F209: =ESTADISTICA!F209 -> 0 | G209: =ESTADISTICA!G209 -> 0 | H209: =ESTADISTICA!H209 -> 0 | ... AJ209: =ESTADISTICA!AJ209 -> #REF!
A210: =ESTADISTICA!A210 -> GOBERNADOR MONTEVERDE | B210: =ESTADISTICA!B210 -> MON02 | C210: =ESTADISTICA!C210 -> Senzabello y Famatina | D210: =ESTADISTICA!D210 -> Domo | E210: =ESTADISTICA!E210 -> Radio | F210: =ESTADISTICA!F210 -> 0 | G210: =ESTADISTICA!G210 -> 0 | H210: =ESTADISTICA!H210 -> 0 | ... AJ210: =ESTADISTICA!AJ210 -> #REF!
A211: =ESTADISTICA!A211 -> GOBERNADOR MONTEVERDE | B211: =ESTADISTICA!B211 -> MON03 | C211: =ESTADISTICA!C211 -> Senzabello y Guemes | D211: =ESTADISTICA!D211 -> Domo | E211: =ESTADISTICA!E211 -> Radio | F211: =ESTADISTICA!F211 -> 0 | G211: =ESTADISTICA!G211 -> 0 | H211: =ESTADISTICA!H211 -> 0 | ... AJ211: =ESTADISTICA!AJ211 -> #REF!
A212: =ESTADISTICA!A212 -> GOBERNADOR MONTEVERDE | B212: =ESTADISTICA!B212 -> MON04 | C212: =ESTADISTICA!C212 -> Av. Yrigoyen y San Lorenzo | D212: =ESTADISTICA!D212 -> Domo | E212: =ESTADISTICA!E212 -> Radio | F212: =ESTADISTICA!F212 -> 0 | G212: =ESTADISTICA!G212 -> 0 | H212: =ESTADISTICA!H212 -> 0 | ... AJ212: =ESTADISTICA!AJ212 -> #REF!
A213: =ESTADISTICA!A213 -> 9 DE JULIO | B213: =ESTADISTICA!B213 -> NJU 01 | C213: =ESTADISTICA!C213 -> Sallares y Parrillo | D213: =ESTADISTICA!D213 -> Domo | E213: =ESTADISTICA!E213 -> Fibra Optica | F213: =ESTADISTICA!F213 -> 0 | G213: =ESTADISTICA!G213 -> 0 | H213: =ESTADISTICA!H213 -> 0 | ... AJ213: =ESTADISTICA!AJ213 -> #REF!
A214: =ESTADISTICA!A214 -> 9 DE JULIO | B214: =ESTADISTICA!B214 -> NJU02 | C214: =ESTADISTICA!C214 -> Ituzaingo y Boccuzzi | D214: =ESTADISTICA!D214 -> Domo | E214: =ESTADISTICA!E214 -> Radio | F214: =ESTADISTICA!F214 -> 0 | G214: =ESTADISTICA!G214 -> 0 | H214: =ESTADISTICA!H214 -> 0 | ... AJ214: =ESTADISTICA!AJ214 -> #REF!
A215: =ESTADISTICA!A215 -> 9 DE JULIO | B215: =ESTADISTICA!B215 -> NJU03 | C215: =ESTADISTICA!C215 -> San Juan y Parrillo | D215: =ESTADISTICA!D215 -> Domo | E215: =ESTADISTICA!E215 -> PTO A FO | F215: =ESTADISTICA!F215 -> 0 | G215: =ESTADISTICA!G215 -> 0 | H215: =ESTADISTICA!H215 -> 0 | ... AJ215: =ESTADISTICA!AJ215 -> #REF!
A216: =ESTADISTICA!A216 -> 9 DE JULIO | B216: =ESTADISTICA!B216 -> NJU04 | C216: =ESTADISTICA!C216 -> Ituzaingo y 214 A | D216: =ESTADISTICA!D216 -> Domo | E216: =ESTADISTICA!E216 -> Radio | F216: =ESTADISTICA!F216 -> 0 | G216: =ESTADISTICA!G216 -> 0 | H216: =ESTADISTICA!H216 -> 0 | ... AJ216: =ESTADISTICA!AJ216 -> #REF!
A217: =ESTADISTICA!A217 -> ZEBALLOS CENTRO | B217: =ESTADISTICA!B217 -> NJU05 | C217: =ESTADISTICA!C217 -> Ituzaingo y Alem | D217: =ESTADISTICA!D217 -> Domo | E217: =ESTADISTICA!E217 -> Radio | F217: =ESTADISTICA!F217 -> 0 | G217: =ESTADISTICA!G217 -> 0 | H217: =ESTADISTICA!H217 -> 0 | ... AJ217: =ESTADISTICA!AJ217 -> #REF!
A218: =ESTADISTICA!A218 -> CENTRO | B218: =ESTADISTICA!B218 -> NJU06 | C218: =ESTADISTICA!C218 -> Sallares y Rodo | D218: =ESTADISTICA!D218 -> Domo | E218: =ESTADISTICA!E218 -> Fibra Optica | F218: =ESTADISTICA!F218 -> 0 | G218: =ESTADISTICA!G218 -> 0 | H218: =ESTADISTICA!H218 -> 0 | ... AJ218: =ESTADISTICA!AJ218 -> #REF!
A219: =ESTADISTICA!A219 -> 9 DE JULIO | B219: =ESTADISTICA!B219 -> NJU07 | C219: =ESTADISTICA!C219 -> Gral. Juan Domingo Peron y Parrillo | D219: =ESTADISTICA!D219 -> Domo | E219: =ESTADISTICA!E219 -> Fibra Optica | F219: =ESTADISTICA!F219 -> 0 | G219: =ESTADISTICA!G219 -> 0 | H219: =ESTADISTICA!H219 -> 0 | ... AJ219: =ESTADISTICA!AJ219 -> #REF!
... A516: =ESTADISTICA!A516 -> 0 | B516: =ESTADISTICA!B516 -> 0 | C516: =ESTADISTICA!C516 -> 0 | D516: =ESTADISTICA!D516 -> 0 | E516: =ESTADISTICA!E516 -> 0 | F516: =ESTADISTICA!F516 -> 0 | G516: =ESTADISTICA!G516 -> 0 | H516: =ESTADISTICA!H516 -> 0 | ... AJ516: =ESTADISTICA!AJ516 -> #REF!

Sheet APAGADOS FIBRA
C1: TOTAL FIBRA | D1: =COUNTIFS(E4:E401,"=Fibra Optica") -> 270
E2: APAGADOS | F2: =COUNTIFS(F4:F501, "=APAGADO",E4:E501,"=Fibra Optica") -> 24 | G2: =COUNTIFS(G4:G501, "=APAGADO",E4:E501,"=Fibra Optica") -> 81 | H2: =COUNTIFS(H4:H501, "=APAGADO",E4:E501,"=Fibra Optica") -> 81 | I2: =COUNTIFS(I4:I501, "=APAGADO",E4:E501,"=Fibra Optica") -> 91 | J2: =COUNTIFS(J4:J501, "=APAGADO",E4:E501,"=Fibra Optica") -> 45 | K2: =COUNTIFS(K4:K501, "=APAGADO",E4:E501,"=Fibra Optica") -> 80 | L2: =COUNTIFS(L4:L501, "=APAGADO",E4:E501,"=Fibra Optica") -> 35 | M2: =COUNTIFS(M4:M501, "=APAGADO",E4:E501,"=Fibra Optica") -> 34 | N2: =COUNTIFS(N4:N501, "=APAGADO",E4:E501,"=Fibra Optica") -> 24 | O2: =COUNTIFS(O4:O501, "=APAGADO",E4:E501,"=Fibra Optica") -> 26 | P2: =COUNTIFS(P4:P601, "=APAGADO",E4:E601,"=Fibra Optica") -> 27 | Q2: =COUNTIFS(Q4:Q501, "=APAGADO",E4:E501,"=Fibra Optica") -> 24 | R2: =COUNTIFS(R4:R501, "=APAGADO",E4:E501,"=Fibra Optica") -> 32 | S2: =COUNTIFS(S4:S501, "=APAGADO",E4:E501,"=Fibra Optica") -> 47 | T2: =COUNTIFS(T4:T501, "=APAGADO",E4:E501,"=Fibra Optica") -> 33 | U2: =COUNTIFS(U4:U501, "=APAGADO",E4:E501,"=Fibra Optica") -> 26 | V2: =COUNTIFS(V4:V501, "=APAGADO",E4:E501,"=Fibra Optica") -> 91 | W2: =COUNTIFS(W4:W501, "=APAGADO",E4:E501,"=Fibra Optica") -> 87 | X2: =COUNTIFS(X4:X501, "=APAGADO",E4:E501,"=Fibra Optica") -> 30 | Y2: =COUNTIFS(Y4:Y501, "=APAGADO",E4:E501,"=Fibra Optica") -> 31 | Z2: =COUNTIFS(Z4:Z501, "=APAGADO",E4:E501,"=Fibra Optica") -> 36 | AA2: =COUNTIFS(AA4:AA501, "=APAGADO",E4:E501,"=Fibra Optica") -> 29 | AB2: =COUNTIFS(AB4:AB501, "=APAGADO",E4:E501,"=Fibra Optica") -> 0 | AC2: =COUNTIFS(AC4:AC601, "=APAGADO",E4:E601,"=Fibra Optica") -> 0 | AD2: =COUNTIFS(AD4:AD501, "=APAGADO",E4:E501,"=Fibra Optica") -> 0 | AE2: =COUNTIFS(AE4:AE501, "=APAGADO",E4:E501,"=Fibra Optica") -> 0 | AF2: =COUNTIFS(AF4:AF501, "=APAGADO",E4:E501,"=Fibra Optica") -> 0 | AG2: =COUNTIFS(AG4:AG501, "=APAGADO",E4:E501,"=Fibra Optica") -> 0 | AH2: =COUNTIFS(AH4:AH501, "=APAGADO",E4:E501,"=Fibra Optica") -> 0 | AI2: =COUNTIFS(AI4:AI401, "=APAGADO",E4:E401,"=Fibra Optica") -> 0 | AJ2: =COUNTIFS(AJ4:AJ401, "=APAGADO",F4:F401,"=Fibra Optica") -> 0
A3: =ESTADISTICA!A1 -> Barrio | B3: =ESTADISTICA!B1 -> [Denominacion] | C3: =ESTADISTICA!C1 -> [Ubicacion] | D3: =ESTADISTICA!D1 -> [Tipo de Camara] | E3: =ESTADISTICA!E1 -> [Tipo de Conexion] | F3: =ESTADISTICA!F1 -> 45170 | G3: =ESTADISTICA!G1 -> 45171 | H3: =ESTADISTICA!H1 -> 45172 | ... AJ3: =ESTADISTICA!AJ1 -> #REF!
A4: ='RESUMEN TOTAL'!A7 -> ALTAMIRA | B4: ='RESUMEN TOTAL'!B7 -> ALT 03 | C4: ='RESUMEN TOTAL'!D7 -> Bombero Galarza y Necochea | D4: ='RESUMEN TOTAL'!E7 -> Domo | E4: ='RESUMEN TOTAL'!F7 -> Fibra Optica | F4: ='RESUMEN TOTAL'!L7 -> 0 | G4: ='RESUMEN TOTAL'!M7 -> 0 | H4: ='RESUMEN TOTAL'!N7 -> 0 | I4: ='RESUMEN TOTAL'!O7 -> 0 | J4: ='RESUMEN TOTAL'!P7 -> 0 | K4: ='RESUMEN TOTAL'!Q7 -> 0 | L4: ='RESUMEN TOTAL'!R7 -> 0 | M4: ='RESUMEN TOTAL'!S7 -> 0 | ... AI4: ='RESUMEN TOTAL'!AO7 -> 0 | AJ4: ='RESUMEN TOTAL'!#REF! -> #REF!
A5: ='RESUMEN TOTAL'!A8 -> ALTAMIRA | B5: ='RESUMEN TOTAL'!B8 -> ALT 04 | C5: ='RESUMEN TOTAL'!D8 -> Francia y Necochea | D5: ='RESUMEN TOTAL'!E8 -> Domo | E5: ='RESUMEN TOTAL'!F8 -> Fibra Optica | F5: ='RESUMEN TOTAL'!L8 -> 0 | G5: ='RESUMEN TOTAL'!M8 -> 0 | H5: ='RESUMEN TOTAL'!N8 -> 0 | I5: ='RESUMEN TOTAL'!O8 -> 0 | J5: ='RESUMEN TOTAL'!P8 -> 0 | K5: ='RESUMEN TOTAL'!Q8 -> 0 | L5: ='RESUMEN TOTAL'!R8 -> 0 | M5: ='RESUMEN TOTAL'!S8 -> 0 | ... AI5: ='RESUMEN TOTAL'!AO8 -> 0 | AJ5: ='RESUMEN TOTAL'!#REF! -> #REF!
A6: ='RESUMEN TOTAL'!A9 -> ALTAMIRA | B6: ='RESUMEN TOTAL'!B9 -> ALT05 | C6: ='RESUMEN TOTAL'!D9 -> Av. Calchaqui y Bombero Galarza | D6: ='RESUMEN TOTAL'!E9 -> Domo | E6: ='RESUMEN TOTAL'!F9 -> PTO A FO | F6: ='RESUMEN TOTAL'!L9 -> 0 | G6: ='RESUMEN TOTAL'!M9 -> 0 | H6: ='RESUMEN TOTAL'!N9 -> 0 | I6: ='RESUMEN TOTAL'!O9 -> 0 | J6: ='RESUMEN TOTAL'!P9 -> 0 | K6: ='RESUMEN TOTAL'!Q9 -> 0 | L6: ='RESUMEN TOTAL'!R9 -> 0 | M6: ='RESUMEN TOTAL'!S9 -> 0 | ... AI6: ='RESUMEN TOTAL'!AO9 -> 0 | AJ6: ='RESUMEN TOTAL'!#REF! -> #REF!
A7: ='RESUMEN TOTAL'!A10 -> ALTAMIRA | B7: ='RESUMEN TOTAL'!B10 -> ALT 06 | C7: ='RESUMEN TOTAL'!D10 -> LOPE DE VEGA Y NECOCHEA | D7: ='RESUMEN TOTAL'!E10 -> Domo | E7: ='RESUMEN TOTAL'!F10 -> PTO A FO | F7: ='RESUMEN TOTAL'!L10 -> 0 | G7: ='RESUMEN TOTAL'!M10 -> 0 | H7: ='RESUMEN TOTAL'!N10 -> 0 | I7: ='RESUMEN TOTAL'!O10 -> 0 | J7: ='RESUMEN TOTAL'!P10 -> 0 | K7: ='RESUMEN TOTAL'!Q10 -> 0 | L7: ='RESUMEN TOTAL'!R10 -> 0 | M7: ='RESUMEN TOTAL'!S10 -> 0 | ... AI7: ='RESUMEN TOTAL'!AO10 -> 0 | AJ7: ='RESUMEN TOTAL'!#REF! -> #REF!
A8: ='RESUMEN TOTAL'!A11 -> ALTAMIRA | B8: ='RESUMEN TOTAL'!B11 -> ALT07 | C8: ='RESUMEN TOTAL'!D11 -> AV. CALCHAQUI Y AV. DEL TRABAJO | D8: ='RESUMEN TOTAL'!E11 -> DOMO | E8: ='RESUMEN TOTAL'!F11 -> PTO A FO | F8: ='RESUMEN TOTAL'!L11 -> 0 | G8: ='RESUMEN TOTAL'!M11 -> 0 | H8: ='RESUMEN TOTAL'!N11 -> 0 | I8: ='RESUMEN TOTAL'!O11 -> 0 | J8: ='RESUMEN TOTAL'!P11 -> 0 | K8: ='RESUMEN TOTAL'!Q11 -> 0 | L8: ='RESUMEN TOTAL'!R11 -> 0 | M8: ='RESUMEN TOTAL'!S11 -> 0 | ... AI8: ='RESUMEN TOTAL'!AO11 -> 0 | AJ8: ='RESUMEN TOTAL'!#REF! -> #REF!
A9: ='RESUMEN TOTAL'!A12 -> ALTAMIRA | B9: ='RESUMEN TOTAL'!B12 -> ALT 08 | C9: ='RESUMEN TOTAL'!D12 -> HUMAITA Y NECOCHEA | D9: ='RESUMEN TOTAL'!E12 -> DOMO | E9: ='RESUMEN TOTAL'!F12 -> Fibra Optica | F9: ='RESUMEN TOTAL'!L12 -> 0 | G9: ='RESUMEN TOTAL'!M12 -> 0 | H9: ='RESUMEN TOTAL'!N12 -> 0 | I9: ='RESUMEN TOTAL'!O12 -> 0 | J9: ='RESUMEN TOTAL'!P12 -> 0 | K9: ='RESUMEN TOTAL'!Q12 -> 0 | L9: ='RESUMEN TOTAL'!R12 -> 0 | M9: ='RESUMEN TOTAL'!S12 -> 0 | ... AI9: ='RESUMEN TOTAL'!AO12 -> 0 | AJ9: ='RESUMEN TOTAL'!#REF! -> #REF!
A10: ='RESUMEN TOTAL'!A13 -> ALTAMIRA | B10: ='RESUMEN TOTAL'!B13 -> ALT 09 | C10: ='RESUMEN TOTAL'!D13 -> NECOCHEA Y CURUPAITY | D10: ='RESUMEN TOTAL'!E13 -> DOMO | E10: ='RESUMEN TOTAL'!F13 -> Fibra Optica | F10: ='RESUMEN TOTAL'!L13 -> 0 | G10: ='RESUMEN TOTAL'!M13 -> 0 | H10: ='RESUMEN TOTAL'!N13 -> 0 | I10: ='RESUMEN TOTAL'!O13 -> 0 | J10: ='RESUMEN TOTAL'!P13 -> 0 | K10: ='RESUMEN TOTAL'!Q13 -> 0 | L10: ='RESUMEN TOTAL'!R13 -> 0 | M10: ='RESUMEN TOTAL'!S13 -> 0 | ... AI10: ='RESUMEN TOTAL'!AO13 -> 0 | AJ10: ='RESUMEN TOTAL'!#REF! -> #REF!
A11: ='RESUMEN TOTAL'!A14 -> ALTAMIRA | B11: ='RESUMEN TOTAL'!B14 -> ALT 10 | C11: ='RESUMEN TOTAL'!D14 -> Calchaqui y Francia | D11: ='RESUMEN TOTAL'!E14 -> Domo | E11: ='RESUMEN TOTAL'!F14 -> Radio | F11: ='RESUMEN TOTAL'!L14 -> 0 | G11: ='RESUMEN TOTAL'!M14 -> 0 | H11: ='RESUMEN TOTAL'!N14 -> 0 | I11: ='RESUMEN TOTAL'!O14 -> 0 | J11: ='RESUMEN TOTAL'!P14 -> 0 | K11: ='RESUMEN TOTAL'!Q14 -> 0 | L11: ='RESUMEN TOTAL'!R14 -> 0 | M11: ='RESUMEN TOTAL'!S14 -> 0 | ... AI11: ='RESUMEN TOTAL'!AO14 -> 0 | AJ11: ='RESUMEN TOTAL'!#REF! -> #REF!
A12: ='RESUMEN TOTAL'!A15 -> AGUSTIN RAMIREZ | B12: ='RESUMEN TOTAL'!B15 -> ARA 01 | C12: ='RESUMEN TOTAL'!D15 -> Malambo y Tranquera | D12: ='RESUMEN TOTAL'!E15 -> Domo | E12: ='RESUMEN TOTAL'!F15 -> Fibra Optica | F12: ='RESUMEN TOTAL'!L15 -> APAGADO | G12: ='RESUMEN TOTAL'!M15 -> APAGADO | H12: ='RESUMEN TOTAL'!N15 -> APAGADO | I12: ='RESUMEN TOTAL'!O15 -> APAGADO | J12: ='RESUMEN TOTAL'!P15 -> APAGADO | K12: ='RESUMEN TOTAL'!Q15 -> APAGADO | L12: ='RESUMEN TOTAL'!R15 -> APAGADO | M12: ='RESUMEN TOTAL'!S15 -> APAGADO | ... AI12: ='RESUMEN TOTAL'!AO15 -> 0 | AJ12: ='RESUMEN TOTAL'!#REF! -> #REF!
A13: ='RESUMEN TOTAL'!A16 -> BELGRANO | B13: ='RESUMEN TOTAL'!B16 -> BEL 01 | C13: ='RESUMEN TOTAL'!D16 -> San Martin y Dardo Rocha | D13: ='RESUMEN TOTAL'!E16 -> DOMO | E13: ='RESUMEN TOTAL'!F16 -> Fibra Optica | F13: ='RESUMEN TOTAL'!L16 -> 0 | G13: ='RESUMEN TOTAL'!M16 -> 0 | H13: ='RESUMEN TOTAL'!N16 -> 0 | I13: ='RESUMEN TOTAL'!O16 -> 0 | J13: ='RESUMEN TOTAL'!P16 -> 0 | K13: ='RESUMEN TOTAL'!Q16 -> 0 | L13: ='RESUMEN TOTAL'!R16 -> 0 | M13: ='RESUMEN TOTAL'!S16 -> 0 | ... AI13: ='RESUMEN TOTAL'!AO16 -> 0 | AJ13: ='RESUMEN TOTAL'!#REF! -> #REF!
A14: ='RESUMEN TOTAL'!A17 -> BELGRANO | B14: ='RESUMEN TOTAL'!B17 -> BEL 02 | C14: ='RESUMEN TOTAL'!D17 -> Guardia vieja y Fronteriz | D14: ='RESUMEN TOTAL'!E17 -> DOMO | E14: ='RESUMEN TOTAL'!F17 -> Fibra Optica | F14: ='RESUMEN TOTAL'!L17 -> 0 | G14: ='RESUMEN TOTAL'!M17 -> 0 | H14: ='RESUMEN TOTAL'!N17 -> 0 | I14: ='RESUMEN TOTAL'!O17 -> 0 | J14: ='RESUMEN TOTAL'!P17 -> 0 | K14: ='RESUMEN TOTAL'!Q17 -> 0 | L14: ='RESUMEN TOTAL'!R17 -> 0 | M14: ='RESUMEN TOTAL'!S17 -> 0 | ... AI14: ='RESUMEN TOTAL'!AO17 -> 0 | AJ14: ='RESUMEN TOTAL'!#REF! -> #REF!
A15: ='RESUMEN TOTAL'!A18 -> BOSQUES CENTRO | B15: ='RESUMEN TOTAL'!B18 -> BOSQC 01 | C15: ='RESUMEN TOTAL'!D18 -> LUIS AGOTE E/DANUNCIO Y CAMPOAMOR | D15: ='RESUMEN TOTAL'!E18 -> Fija | E15: ='RESUMEN TOTAL'!F18 -> Radio | F15: ='RESUMEN TOTAL'!L18 -> 0 | G15: ='RESUMEN TOTAL'!M18 -> APAGADO | H15: ='RESUMEN TOTAL'!N18 -> APAGADO | I15: ='RESUMEN TOTAL'!O18 -> APAGADO | J15: ='RESUMEN TOTAL'!P18 -> APAGADO | K15: ='RESUMEN TOTAL'!Q18 -> APAGADO | L15: ='RESUMEN TOTAL'!R18 -> APAGADO | M15: ='RESUMEN TOTAL'!S18 -> 0 | ... AI15: ='RESUMEN TOTAL'!AO18 -> 0 | AJ15: ='RESUMEN TOTAL'!#REF! -> #REF!
... A453: ='RESUMEN TOTAL'!A456 -> ZEBALLOS | B453: ='RESUMEN TOTAL'!B456 -> ZEB 05 | C453: ='RESUMEN TOTAL'!D456 -> DIAG. GRANADEROS Y 214 BIS | D453: ='RESUMEN TOTAL'!E456 -> Domo | E453: ='RESUMEN TOTAL'!F456 -> Radio | F453: ='RESUMEN TOTAL'!L456 -> 0 | G453: ='RESUMEN TOTAL'!M456 -> 0 | H453: ='RESUMEN TOTAL'!N456 -> 0 | I453: ='RESUMEN TOTAL'!O456 -> 0 | J453: ='RESUMEN TOTAL'!P456 -> 0 | K453: ='RESUMEN TOTAL'!Q456 -> 0 | L453: ='RESUMEN TOTAL'!R456 -> 0 | M453: ='RESUMEN TOTAL'!S456 -> 0 | ... AI453: ='RESUMEN TOTAL'!AO456 -> 0 | AJ453: ='RESUMEN TOTAL'!#REF! -> #REF!
A454: ='RESUMEN TOTAL'!A477 -> PARADAS SEGURAS | B454: ='RESUMEN TOTAL'!B477 -> 21 | C454: ='RESUMEN TOTAL'!D477 -> HUDSON Y CABILDO OESTE | D454: ='RESUMEN TOTAL'!E477 -> GFIJA | E454: ='RESUMEN TOTAL'!F477 -> GPON | F454: ='RESUMEN TOTAL'!L477 -> 0 | G454: ='RESUMEN TOTAL'!M477 -> 0 | H454: ='RESUMEN TOTAL'!N477 -> 0 | I454: ='RESUMEN TOTAL'!O477 -> 0 | J454: ='RESUMEN TOTAL'!P477 -> 0 | K454: ='RESUMEN TOTAL'!Q477 -> 0 | L454: ='RESUMEN TOTAL'!R477 -> 0 | M454: ='RESUMEN TOTAL'!S477 -> 0 | ... AI454: ='RESUMEN TOTAL'!AO477 -> 0 | AJ454: ='RESUMEN TOTAL'!#REF! -> #REF!
A455: ='RESUMEN TOTAL'!A478 -> PARADAS SEGURAS | B455: ='RESUMEN TOTAL'!B478 -> 21 I | C455: ='RESUMEN TOTAL'!D478 -> HUDSON Y CABILDO OESTE | D455: ='RESUMEN TOTAL'!E478 -> INTERCOMUNICADOR | E455: ='RESUMEN TOTAL'!F478 -> GPON | F455: ='RESUMEN TOTAL'!L478 -> 0 | G455: ='RESUMEN TOTAL'!M478 -> 0 | H455: ='RESUMEN TOTAL'!N478 -> 0 | I455: ='RESUMEN TOTAL'!O478 -> 0 | J455: ='RESUMEN TOTAL'!P478 -> 0 | K455: ='RESUMEN TOTAL'!Q478 -> 0 | L455: ='RESUMEN TOTAL'!R478 -> 0 | M455: ='RESUMEN TOTAL'!S478 -> 0 | ... AI455: ='RESUMEN TOTAL'!AO478 -> 0 | AJ455: ='RESUMEN TOTAL'!#REF! -> #REF!
A456: ='RESUMEN TOTAL'!A479 -> PARADAS SEGURAS | B456: ='RESUMEN TOTAL'!B479 -> 22 | C456: ='RESUMEN TOTAL'!D479 -> HUDSON Y CABILDO ESTE | D456: ='RESUMEN TOTAL'!E479 -> GFIJA | E456: ='RESUMEN TOTAL'!F479 -> GPON | F456: ='RESUMEN TOTAL'!L479 -> 0 | G456: ='RESUMEN TOTAL'!M479 -> 0 | H456: ='RESUMEN TOTAL'!N479 -> 0 | I456: ='RESUMEN TOTAL'!O479 -> 0 | J456: ='RESUMEN TOTAL'!P479 -> 0 | K456: ='RESUMEN TOTAL'!Q479 -> 0 | L456: ='RESUMEN TOTAL'!R479 -> 0 | M456: ='RESUMEN TOTAL'!S479 -> 0 | ... AI456: ='RESUMEN TOTAL'!AO479 -> 0 | AJ456: ='RESUMEN TOTAL'!#REF! -> #REF!
A457: ='RESUMEN TOTAL'!A480 -> PARADAS SEGURAS | B457: ='RESUMEN TOTAL'!B480 -> 22 I | C457: ='RESUMEN TOTAL'!D480 -> HUDSON Y CABILDO ESTE | D457: ='RESUMEN TOTAL'!E480 -> INTERCOMUNICADOR | E457: ='RESUMEN TOTAL'!F480 -> GPON | F457: ='RESUMEN TOTAL'!L480 -> 0 | G457: ='RESUMEN TOTAL'!M480 -> 0 | H457: ='RESUMEN TOTAL'!N480 -> 0 | I457: ='RESUMEN TOTAL'!O480 -> 0 | J457: ='RESUMEN TOTAL'!P480 -> 0 | K457: ='RESUMEN TOTAL'!Q480 -> 0 | L457: ='RESUMEN TOTAL'!R480 -> 0 | M457: ='RESUMEN TOTAL'!S480 -> 0 | ... AI457: ='RESUMEN TOTAL'!AO480 -> 0 | AJ457: ='RESUMEN TOTAL'!#REF! -> #REF!
A458: ='RESUMEN TOTAL'!A481 -> PARADAS SEGURAS | B458: ='RESUMEN TOTAL'!B481 -> 23 | C458: ='RESUMEN TOTAL'!D481 -> HUDSON Y SAN NICOLAS OESTE | D458: ='RESUMEN TOTAL'!E481 -> GFIJA | E458: ='RESUMEN TOTAL'!F481 -> GPON | F458: ='RESUMEN TOTAL'!L481 -> 0 | G458: ='RESUMEN TOTAL'!M481 -> 0 | H458: ='RESUMEN TOTAL'!N481 -> 0 | I458: ='RESUMEN TOTAL'!O481 -> 0 | J458: ='RESUMEN TOTAL'!P481 -> 0 | K458: ='RESUMEN TOTAL'!Q481 -> 0 | L458: ='RESUMEN TOTAL'!R481 -> 0 | M458: ='RESUMEN TOTAL'!S481 -> 0 | ... AI458: ='RESUMEN TOTAL'!AO481 -> 0 | AJ458: ='RESUMEN TOTAL'!#REF! -> #REF!
A459: ='RESUMEN TOTAL'!A482 -> PARADAS SEGURAS | B459: ='RESUMEN TOTAL'!B482 -> 23 I | C459: ='RESUMEN TOTAL'!D482 -> HUDSON Y SAN NICOLAS OESTE | D459: ='RESUMEN TOTAL'!E482 -> INTERCOMUNICADOR | E459: ='RESUMEN TOTAL'!F482 -> GPON | F459: ='RESUMEN TOTAL'!L482 -> 0 | G459: ='RESUMEN TOTAL'!M482 -> 0 | H459: ='RESUMEN TOTAL'!N482 -> 0 | I459: ='RESUMEN TOTAL'!O482 -> 0 | J459: ='RESUMEN TOTAL'!P482 -> 0 | K459: ='RESUMEN TOTAL'!Q482 -> 0 | L459: ='RESUMEN TOTAL'!R482 -> 0 | M459: ='RESUMEN TOTAL'!S482 -> 0 | ... AI459: ='RESUMEN TOTAL'!AO482 -> 0 | AJ459: ='RESUMEN TOTAL'!#REF! -> #REF!
A460: ='RESUMEN TOTAL'!A483 -> PARADAS SEGURAS | B460: ='RESUMEN TOTAL'!B483 -> 24 | C460: ='RESUMEN TOTAL'!D483 -> HUDSON Y ALDAO ESTE | D460: ='RESUMEN TOTAL'!E483 -> GFIJA | E460: ='RESUMEN TOTAL'!F483 -> GPON | F460: ='RESUMEN TOTAL'!L483 -> APAGADO | G460: ='RESUMEN TOTAL'!M483 -> APAGADO | H460: ='RESUMEN TOTAL'!N483 -> APAGADO | I460: ='RESUMEN TOTAL'!O483 -> APAGADO | J460: ='RESUMEN TOTAL'!P483 -> 0 | K460: ='RESUMEN TOTAL'!Q483 -> 0 | L460: ='RESUMEN TOTAL'!R483 -> 0 | M460: ='RESUMEN TOTAL'!S483 -> 0 | ... AI460: ='RESUMEN TOTAL'!AO483 -> 0 | AJ460: ='RESUMEN TOTAL'!#REF! -> #REF!
A461: ='RESUMEN TOTAL'!A484 -> PARADAS SEGURAS | B461: ='RESUMEN TOTAL'!B484 -> 24 I | C461: ='RESUMEN TOTAL'!D484 -> HUDSON Y ALDAO ESTE | D461: ='RESUMEN TOTAL'!E484 -> INTERCOMUNICADOR | E461: ='RESUMEN TOTAL'!F484 -> GPON | F461: ='RESUMEN TOTAL'!L484 -> APAGADO | G461: ='RESUMEN TOTAL'!M484 -> APAGADO | H461: ='RESUMEN TOTAL'!N484 -> APAGADO | I461: ='RESUMEN TOTAL'!O484 -> APAGADO | J461: ='RESUMEN TOTAL'!P484 -> 0 | K461: ='RESUMEN TOTAL'!Q484 -> 0 | L461: ='RESUMEN TOTAL'!R484 -> 0 | M461: ='RESUMEN TOTAL'!S484 -> 0 | ... AI461: ='RESUMEN TOTAL'!AO484 -> 0 | AJ461: ='RESUMEN TOTAL'!#REF! -> #REF!
A462: ='RESUMEN TOTAL'!A485 -> PARADAS SEGURAS | B462: ='RESUMEN TOTAL'!B485 -> 25 | C462: ='RESUMEN TOTAL'!D485 -> HUDSON Y RIO JACHAL | D462: ='RESUMEN TOTAL'!E485 -> GFIJA | E462: ='RESUMEN TOTAL'!F485 -> GPON | F462: ='RESUMEN TOTAL'!L485 -> 0 | G462: ='RESUMEN TOTAL'!M485 -> 0 | H462: ='RESUMEN TOTAL'!N485 -> 0 | I462: ='RESUMEN TOTAL'!O485 -> 0 | J462: ='RESUMEN TOTAL'!P485 -> 0 | K462: ='RESUMEN TOTAL'!Q485 -> 0 | L462: ='RESUMEN TOTAL'!R485 -> 0 | M462: ='RESUMEN TOTAL'!S485 -> 0 | ... AI462: ='RESUMEN TOTAL'!AO485 -> 0 | AJ462: ='RESUMEN TOTAL'!#REF! -> #REF!
A463: ='RESUMEN TOTAL'!A486 -> PARADAS SEGURAS | B463: ='RESUMEN TOTAL'!B486 -> 25 I | C463: ='RESUMEN TOTAL'!D486 -> HUDSON Y RIO JACHAL | D463: ='RESUMEN TOTAL'!E486 -> INTERCOMUNICADOR | E463: ='RESUMEN TOTAL'!F486 -> GPON | F463: ='RESUMEN TOTAL'!L486 -> 0 | G463: ='RESUMEN TOTAL'!M486 -> 0 | H463: ='RESUMEN TOTAL'!N486 -> 0 | I463: ='RESUMEN TOTAL'!O486 -> 0 | J463: ='RESUMEN TOTAL'!P486 -> 0 | K463: ='RESUMEN TOTAL'!Q486 -> 0 | L463: ='RESUMEN TOTAL'!R486 -> 0 | M463: ='RESUMEN TOTAL'!S486 -> 0 | ... AI463: ='RESUMEN TOTAL'!AO486 -> 0 | AJ463: ='RESUMEN TOTAL'!#REF! -> #REF!
A464: ='RESUMEN TOTAL'!A487 -> PARADAS SEGURAS | B464: ='RESUMEN TOTAL'!B487 -> 26 | C464: ='RESUMEN TOTAL'!D487 -> HUDSON Y RIO COLORADO OESTE | D464: ='RESUMEN TOTAL'!E487 -> GFIJA | E464: ='RESUMEN TOTAL'!F487 -> GPON | F464: ='RESUMEN TOTAL'!L487 -> 0 | G464: ='RESUMEN TOTAL'!M487 -> 0 | H464: ='RESUMEN TOTAL'!N487 -> 0 | I464: ='RESUMEN TOTAL'!O487 -> 0 | J464: ='RESUMEN TOTAL'!P487 -> 0 | K464: ='RESUMEN TOTAL'!Q487 -> 0 | L464: ='RESUMEN TOTAL'!R487 -> 0 | M464: ='RESUMEN TOTAL'!S487 -> 0 | ... AI464: ='RESUMEN TOTAL'!AO487 -> 0 | AJ464: ='RESUMEN TOTAL'!#REF! -> #REF!
A465: ='RESUMEN TOTAL'!A488 -> PARADAS SEGURAS | B465: ='RESUMEN TOTAL'!B488 -> 26 I | C465: ='RESUMEN TOTAL'!D489 -> HUDON Y 818 ESTE | D465: ='RESUMEN TOTAL'!E488 -> INTERCOMUNICADOR | E465: ='RESUMEN TOTAL'!F488 -> GPON | F465: ='RESUMEN TOTAL'!L488 -> 0 | G465: ='RESUMEN TOTAL'!M488 -> 0 | H465: ='RESUMEN TOTAL'!N488 -> 0 | I465: ='RESUMEN TOTAL'!O488 -> 0 | J465: ='RESUMEN TOTAL'!P488 -> 0 | K465: ='RESUMEN TOTAL'!Q488 -> 0 | L465: ='RESUMEN TOTAL'!R488 -> 0 | M465: ='RESUMEN TOTAL'!S488 -> 0 | ... AI465: ='RESUMEN TOTAL'!AO488 -> 0 | AJ465: ='RESUMEN TOTAL'!#REF! -> #REF!
A466: ='RESUMEN TOTAL'!A489 -> PARADAS SEGURAS | B466: ='RESUMEN TOTAL'!B489 -> 27 | C466: ='RESUMEN TOTAL'!D491 -> HUDSON Y RIO TRAFUL OESTE | D466: ='RESUMEN TOTAL'!E489 -> GFIJA | E466: ='RESUMEN TOTAL'!F489 -> GPON | F466: ='RESUMEN TOTAL'!L489 -> 0 | G466: ='RESUMEN TOTAL'!M489 -> 0 | H466: ='RESUMEN TOTAL'!N489 -> 0 | I466: ='RESUMEN TOTAL'!O489 -> 0 | J466: ='RESUMEN TOTAL'!P489 -> 0 | K466: ='RESUMEN TOTAL'!Q489 -> 0 | L466: ='RESUMEN TOTAL'!R489 -> 0 | M466: ='RESUMEN TOTAL'!S489 -> 0 | ... AI466: ='RESUMEN TOTAL'!AO489 -> 0 | AJ466: ='RESUMEN TOTAL'!#REF! -> #REF!
A467: ='RESUMEN TOTAL'!A490 -> PARADAS SEGURAS | B467: ='RESUMEN TOTAL'!B490 -> 27 I | C467: ='RESUMEN TOTAL'!D493 -> HUDSON Y ESTOMBA ESTE | D467: ='RESUMEN TOTAL'!E490 -> INTERCOMUNICADOR | E467: ='RESUMEN TOTAL'!F490 -> GPON | F467: ='RESUMEN TOTAL'!L490 -> 0 | G467: ='RESUMEN TOTAL'!M490 -> 0 | H467: ='RESUMEN TOTAL'!N490 -> 0 | I467: ='RESUMEN TOTAL'!O490 -> 0 | J467: ='RESUMEN TOTAL'!P490 -> 0 | K467: ='RESUMEN TOTAL'!Q490 -> 0 | L467: ='RESUMEN TOTAL'!R490 -> 0 | M467: ='RESUMEN TOTAL'!S490 -> 0 | ... AI467: ='RESUMEN TOTAL'!AO490 -> 0 | AJ467: ='RESUMEN TOTAL'!#REF! -> #REF!
A468: ='RESUMEN TOTAL'!A491 -> PARADAS SEGURAS | B468: ='RESUMEN TOTAL'!B491 -> 28 | C468: ='RESUMEN TOTAL'!D495 -> HUDSON Y PICHEUTA OESTE | D468: ='RESUMEN TOTAL'!E491 -> GFIJA | E468: ='RESUMEN TOTAL'!F491 -> GPON | F468: ='RESUMEN TOTAL'!L491 -> 0 | G468: ='RESUMEN TOTAL'!M491 -> 0 | H468: ='RESUMEN TOTAL'!N491 -> 0 | I468: ='RESUMEN TOTAL'!O491 -> 0 | J468: ='RESUMEN TOTAL'!P491 -> 0 | K468: ='RESUMEN TOTAL'!Q491 -> 0 | L468: ='RESUMEN TOTAL'!R491 -> 0 | M468: ='RESUMEN TOTAL'!S491 -> 0 | ... AI468: ='RESUMEN TOTAL'!AO491 -> 0 | AJ468: ='RESUMEN TOTAL'!#REF! -> #REF!
A469: ='RESUMEN TOTAL'!A492 -> PARADAS SEGURAS | B469: ='RESUMEN TOTAL'!B492 -> 28 I | C469: ='RESUMEN TOTAL'!D497 -> HUDSON Y 830 ESTE | D469: ='RESUMEN TOTAL'!E492 -> INTERCOMUNICADOR | E469: ='RESUMEN TOTAL'!F492 -> GPON | F469: ='RESUMEN TOTAL'!L492 -> 0 | G469: ='RESUMEN TOTAL'!M492 -> 0 | H469: ='RESUMEN TOTAL'!N492 -> 0 | I469: ='RESUMEN TOTAL'!O492 -> 0 | J469: ='RESUMEN TOTAL'!P492 -> 0 | K469: ='RESUMEN TOTAL'!Q492 -> 0 | L469: ='RESUMEN TOTAL'!R492 -> 0 | M469: ='RESUMEN TOTAL'!S492 -> 0 | ... AI469: ='RESUMEN TOTAL'!AO492 -> 0 | AJ469: ='RESUMEN TOTAL'!#REF! -> #REF!
A470: ='RESUMEN TOTAL'!A493 -> PARADAS SEGURAS | B470: ='RESUMEN TOTAL'!B493 -> 29 | C470: ='RESUMEN TOTAL'!#REF! -> #REF! | D470: ='RESUMEN TOTAL'!E493 -> GFIJA | E470: ='RESUMEN TOTAL'!F493 -> GPON | F470: ='RESUMEN TOTAL'!L493 -> 0 | G470: ='RESUMEN TOTAL'!M493 -> 0 | H470: ='RESUMEN TOTAL'!N493 -> 0 | I470: ='RESUMEN TOTAL'!O493 -> 0 | J470: ='RESUMEN TOTAL'!P493 -> 0 | K470: ='RESUMEN TOTAL'!Q493 -> 0 | L470: ='RESUMEN TOTAL'!R493 -> 0 | M470: ='RESUMEN TOTAL'!S493 -> 0 | ... AI470: ='RESUMEN TOTAL'!AO493 -> 0 | AJ470: ='RESUMEN TOTAL'!#REF! -> #REF!
A471: ='RESUMEN TOTAL'!A494 -> PARADAS SEGURAS | B471: ='RESUMEN TOTAL'!B494 -> 29 I | C471: ='RESUMEN TOTAL'!#REF! -> #REF! | D471: ='RESUMEN TOTAL'!E494 -> INTERCOMUNICADOR | E471: ='RESUMEN TOTAL'!F494 -> GPON | F471: ='RESUMEN TOTAL'!L494 -> 0 | G471: ='RESUMEN TOTAL'!M494 -> 0 | H471: ='RESUMEN TOTAL'!N494 -> 0 | I471: ='RESUMEN TOTAL'!O494 -> 0 | J471: ='RESUMEN TOTAL'!P494 -> 0 | K471: ='RESUMEN TOTAL'!Q494 -> 0 | L471: ='RESUMEN TOTAL'!R494 -> 0 | M471: ='RESUMEN TOTAL'!S494 -> 0 | ... AI471: ='RESUMEN TOTAL'!AO494 -> 0 | AJ471: ='RESUMEN TOTAL'!#REF! -> #REF!
A472: ='RESUMEN TOTAL'!A495 -> PARADAS SEGURAS | B472: ='RESUMEN TOTAL'!B495 -> 30 | C472: ='RESUMEN TOTAL'!#REF! -> #REF! | D472: ='RESUMEN TOTAL'!E495 -> GFIJA | E472: ='RESUMEN TOTAL'!F495 -> GPON | F472: ='RESUMEN TOTAL'!L495 -> APAGADO | G472: ='RESUMEN TOTAL'!M495 -> APAGADO | H472: ='RESUMEN TOTAL'!N495 -> APAGADO | I472: ='RESUMEN TOTAL'!O495 -> APAGADO | J472: ='RESUMEN TOTAL'!P495 -> APAGADO | K472: ='RESUMEN TOTAL'!Q495 -> APAGADO | L472: ='RESUMEN TOTAL'!R495 -> APAGADO | M472: ='RESUMEN TOTAL'!S495 -> APAGADO | ... AI472: ='RESUMEN TOTAL'!AO495 -> 0 | AJ472: ='RESUMEN TOTAL'!#REF! -> #REF!
A473: ='RESUMEN TOTAL'!A496 -> PARADAS SEGURAS | B473: ='RESUMEN TOTAL'!B496 -> 30 I | C473: ='RESUMEN TOTAL'!D496 -> HUDSON Y PICHEUTA OESTE | D473: ='RESUMEN TOTAL'!E496 -> INTERCOMUNICADOR | E473: ='RESUMEN TOTAL'!F496 -> GPON | F473: ='RESUMEN TOTAL'!L496 -> APAGADO | G473: ='RESUMEN TOTAL'!M496 -> APAGADO | H473: ='RESUMEN TOTAL'!N496 -> APAGADO | I473: ='RESUMEN TOTAL'!O496 -> APAGADO | J473: ='RESUMEN TOTAL'!P496 -> APAGADO | K473: ='RESUMEN TOTAL'!Q496 -> APAGADO | L473: ='RESUMEN TOTAL'!R496 -> APAGADO | M473: ='RESUMEN TOTAL'!S496 -> APAGADO | ... AI473: ='RESUMEN TOTAL'!AO496 -> 0 | AJ473: ='RESUMEN TOTAL'!#REF! -> #REF!
A474: ='RESUMEN TOTAL'!A497 -> PARADAS SEGURAS | B474: ='RESUMEN TOTAL'!B497 -> 31 | C474: ='RESUMEN TOTAL'!#REF! -> #REF! | D474: ='RESUMEN TOTAL'!E497 -> GFIJA | E474: ='RESUMEN TOTAL'!F497 -> GPON | F474: ='RESUMEN TOTAL'!L497 -> APAGADO | G474: ='RESUMEN TOTAL'!M497 -> 0 | H474: ='RESUMEN TOTAL'!N497 -> APAGADO | I474: ='RESUMEN TOTAL'!O497 -> 0 | J474: ='RESUMEN TOTAL'!P497 -> APAGADO | K474: ='RESUMEN TOTAL'!Q497 -> 0 | L474: ='RESUMEN TOTAL'!R497 -> APAGADO | M474: ='RESUMEN TOTAL'!S497 -> 0 | ... AI474: ='RESUMEN TOTAL'!AO497 -> 0 | AJ474: ='RESUMEN TOTAL'!#REF! -> #REF!
A475: ='RESUMEN TOTAL'!A498 -> PARADAS SEGURAS | B475: ='RESUMEN TOTAL'!B498 -> 31 I | C475: ='RESUMEN TOTAL'!#REF! -> #REF! | D475: ='RESUMEN TOTAL'!E498 -> INTERCOMUNICADOR | E475: ='RESUMEN TOTAL'!F498 -> GPON | F475: ='RESUMEN TOTAL'!L498 -> APAGADO | G475: ='RESUMEN TOTAL'!M498 -> 0 | H475: ='RESUMEN TOTAL'!N498 -> APAGADO | I475: ='RESUMEN TOTAL'!O498 -> 0 | J475: ='RESUMEN TOTAL'!P498 -> APAGADO | K475: ='RESUMEN TOTAL'!Q498 -> 0 | L475: ='RESUMEN TOTAL'!R498 -> APAGADO | M475: ='RESUMEN TOTAL'!S498 -> 0 | ... AI475: ='RESUMEN TOTAL'!AO498 -> 0 | AJ475: ='RESUMEN TOTAL'!#REF! -> #REF!
A476: ='RESUMEN TOTAL'!A499 -> PARADAS SEGURAS | B476: ='RESUMEN TOTAL'!B499 -> 32 C | C476: ='RESUMEN TOTAL'!D499 -> Hudson y 834 oeste | D476: ='RESUMEN TOTAL'!E499 -> GFIJA | E476: ='RESUMEN TOTAL'!F499 -> GPON | F476: ='RESUMEN TOTAL'!L499 -> 0 | G476: ='RESUMEN TOTAL'!M499 -> 0 | H476: ='RESUMEN TOTAL'!N499 -> 0 | I476: ='RESUMEN TOTAL'!O499 -> APAGADO | J476: ='RESUMEN TOTAL'!P499 -> 0 | K476: ='RESUMEN TOTAL'!Q499 -> 0 | L476: ='RESUMEN TOTAL'!R499 -> 0 | M476: ='RESUMEN TOTAL'!S499 -> 0 | ... AI476: ='RESUMEN TOTAL'!AO499 -> 0 | AJ476: ='RESUMEN TOTAL'!#REF! -> #REF!
A477: ='RESUMEN TOTAL'!A500 -> PARADAS SEGURAS | B477: ='RESUMEN TOTAL'!B500 -> 32 I | C477: ='RESUMEN TOTAL'!D500 -> Hudson y 834 oeste | D477: ='RESUMEN TOTAL'!E500 -> INTERCOMUNICADOR | E477: ='RESUMEN TOTAL'!F500 -> GPON | F477: ='RESUMEN TOTAL'!L500 -> 0 | G477: ='RESUMEN TOTAL'!M500 -> 0 | H477: ='RESUMEN TOTAL'!N500 -> 0 | I477: ='RESUMEN TOTAL'!O500 -> APAGADO | J477: ='RESUMEN TOTAL'!P500 -> 0 | K477: ='RESUMEN TOTAL'!Q500 -> 0 | L477: ='RESUMEN TOTAL'!R500 -> 0 | M477: ='RESUMEN TOTAL'!S500 -> 0 | ... AI477: ='RESUMEN TOTAL'!AO500 -> 0 | AJ477: ='RESUMEN TOTAL'!#REF! -> #REF!
A478: ='RESUMEN TOTAL'!A501 -> PARADAS SEGURAS | B478: ='RESUMEN TOTAL'!B501 -> 33 C | C478: ='RESUMEN TOTAL'!D501 -> Hudson y 834 este | D478: ='RESUMEN TOTAL'!E501 -> GFIJA | E478: ='RESUMEN TOTAL'!F501 -> GPON | F478: ='RESUMEN TOTAL'!L501 -> 0 | G478: ='RESUMEN TOTAL'!M501 -> 0 | H478: ='RESUMEN TOTAL'!N501 -> 0 | I478: ='RESUMEN TOTAL'!O501 -> 0 | J478: ='RESUMEN TOTAL'!P501 -> 0 | K478: ='RESUMEN TOTAL'!Q501 -> 0 | L478: ='RESUMEN TOTAL'!R501 -> 0 | M478: ='RESUMEN TOTAL'!S501 -> 0 | ... AI478: ='RESUMEN TOTAL'!AO501 -> 0 | AJ478: ='RESUMEN TOTAL'!#REF! -> #REF!
A479: ='RESUMEN TOTAL'!A502 -> PARADAS SEGURAS | B479: ='RESUMEN TOTAL'!B502 -> 33 I | C479: ='RESUMEN TOTAL'!D502 -> Hudson y 834 este | D479: ='RESUMEN TOTAL'!E502 -> INTERCOMUNICADOR | E479: ='RESUMEN TOTAL'!F502 -> GPON | F479: ='RESUMEN TOTAL'!L502 -> 0 | G479: ='RESUMEN TOTAL'!M502 -> 0 | H479: ='RESUMEN TOTAL'!N502 -> 0 | I479: ='RESUMEN TOTAL'!O502 -> 0 | J479: ='RESUMEN TOTAL'!P502 -> 0 | K479: ='RESUMEN TOTAL'!Q502 -> 0 | L479: ='RESUMEN TOTAL'!R502 -> 0 | M479: ='RESUMEN TOTAL'!S502 -> 0 | ... AI479: ='RESUMEN TOTAL'!AO502 -> 0 | AJ479: ='RESUMEN TOTAL'!#REF! -> #REF!
A480: ='RESUMEN TOTAL'!A503 -> PARADAS SEGURAS | B480: ='RESUMEN TOTAL'!B503 -> 34 C | C480: ='RESUMEN TOTAL'!D503 -> Hudson y Suipacha oeste | D480: ='RESUMEN TOTAL'!E503 -> GFIJA | E480: ='RESUMEN TOTAL'!F503 -> GPON | F480: ='RESUMEN TOTAL'!L503 -> 0 | G480: ='RESUMEN TOTAL'!M503 -> 0 | H480: ='RESUMEN TOTAL'!N503 -> 0 | I480: ='RESUMEN TOTAL'!O503 -> 0 | J480: ='RESUMEN TOTAL'!P503 -> 0 | K480: ='RESUMEN TOTAL'!Q503 -> 0 | L480: ='RESUMEN TOTAL'!R503 -> 0 | M480: ='RESUMEN TOTAL'!S503 -> 0 | ... AI480: ='RESUMEN TOTAL'!AO503 -> 0 | AJ480: ='RESUMEN TOTAL'!#REF! -> #REF!
A481: ='RESUMEN TOTAL'!A504 -> PARADAS SEGURAS | B481: ='RESUMEN TOTAL'!B504 -> 34 I | C481: ='RESUMEN TOTAL'!D504 -> Hudson y Suipacha oeste | D481: ='RESUMEN TOTAL'!E504 -> INTERCOMUNICADOR | E481: ='RESUMEN TOTAL'!F504 -> GPON | F481: ='RESUMEN TOTAL'!L504 -> 0 | G481: ='RESUMEN TOTAL'!M504 -> 0 | H481: ='RESUMEN TOTAL'!N504 -> 0 | I481: ='RESUMEN TOTAL'!O504 -> 0 | J481: ='RESUMEN TOTAL'!P504 -> 0 | K481: ='RESUMEN TOTAL'!Q504 -> 0 | L481: ='RESUMEN TOTAL'!R504 -> 0 | M481: ='RESUMEN TOTAL'!S504 -> 0 | ... AI481: ='RESUMEN TOTAL'!AO504 -> 0 | AJ481: ='RESUMEN TOTAL'!#REF! -> #REF!
A482: ='RESUMEN TOTAL'!A505 -> PARADAS SEGURAS | B482: ='RESUMEN TOTAL'!B505 -> 35 C | C482: ='RESUMEN TOTAL'!D505 -> Hudson y Suipacha este | D482: ='RESUMEN TOTAL'!E505 -> GFIJA | E482: ='RESUMEN TOTAL'!F505 -> GPON | F482: ='RESUMEN TOTAL'!L505 -> APAGADO | G482: ='RESUMEN TOTAL'!M505 -> APAGADO | H482: ='RESUMEN TOTAL'!N505 -> 0 | I482: ='RESUMEN TOTAL'!O505 -> APAGADO | J482: ='RESUMEN TOTAL'!P505 -> APAGADO | K482: ='RESUMEN TOTAL'!Q505 -> APAGADO | L482: ='RESUMEN TOTAL'!R505 -> APAGADO | M482: ='RESUMEN TOTAL'!S505 -> APAGADO | ... AI482: ='RESUMEN TOTAL'!AO505 -> 0 | AJ482: ='RESUMEN TOTAL'!#REF! -> #REF!
A483: ='RESUMEN TOTAL'!A506 -> PARADAS SEGURAS | B483: ='RESUMEN TOTAL'!B506 -> 35 I | C483: ='RESUMEN TOTAL'!D506 -> Hudson y Suipacha este | D483: ='RESUMEN TOTAL'!E506 -> INTERCOMUNICADOR | E483: ='RESUMEN TOTAL'!F506 -> GPON | F483: ='RESUMEN TOTAL'!L506 -> 0 | G483: ='RESUMEN TOTAL'!M506 -> 0 | H483: ='RESUMEN TOTAL'!N506 -> APAGADO | I483: ='RESUMEN TOTAL'!O506 -> 0 | J483: ='RESUMEN TOTAL'!P506 -> 0 | K483: ='RESUMEN TOTAL'!Q506 -> 0 | L483: ='RESUMEN TOTAL'!R506 -> 0 | M483: ='RESUMEN TOTAL'!S506 -> 0 | ... AI483: ='RESUMEN TOTAL'!AO506 -> 0 | AJ483: ='RESUMEN TOTAL'!#REF! -> #REF!
A484: ='RESUMEN TOTAL'!#REF! -> #REF! | B484: ='RESUMEN TOTAL'!#REF! -> #REF! | C484: ='RESUMEN TOTAL'!#REF! -> #REF! | D484: ='RESUMEN TOTAL'!#REF! -> #REF! | E484: ='RESUMEN TOTAL'!#REF! -> #REF! | F484: ='RESUMEN TOTAL'!#REF! -> #REF! | G484: ='RESUMEN TOTAL'!#REF! -> #REF! | H484: ='RESUMEN TOTAL'!#REF! -> #REF! | ... AJ484: ='RESUMEN TOTAL'!#REF! -> #REF!
A485: ='RESUMEN TOTAL'!#REF! -> #REF! | B485: ='RESUMEN TOTAL'!#REF! -> #REF! | C485: ='RESUMEN TOTAL'!#REF! -> #REF! | D485: ='RESUMEN TOTAL'!#REF! -> #REF! | E485: ='RESUMEN TOTAL'!#REF! -> #REF! | F485: ='RESUMEN TOTAL'!#REF! -> #REF! | G485: ='RESUMEN TOTAL'!#REF! -> #REF! | H485: ='RESUMEN TOTAL'!#REF! -> #REF! | ... AJ485: ='RESUMEN TOTAL'!#REF! -> #REF!
A486: ='RESUMEN TOTAL'!A507 -> PARADAS SEGURAS | B486: ='RESUMEN TOTAL'!B507 -> 37 C | C486: ='RESUMEN TOTAL'!D507 -> Hudson y Jose Ingeniero Este | D486: ='RESUMEN TOTAL'!E507 -> GFIJA | E486: ='RESUMEN TOTAL'!F507 -> GPON | F486: ='RESUMEN TOTAL'!L507 -> 0 | G486: ='RESUMEN TOTAL'!M507 -> 0 | H486: ='RESUMEN TOTAL'!N507 -> 0 | I486: ='RESUMEN TOTAL'!O507 -> 0 | J486: ='RESUMEN TOTAL'!P507 -> 0 | K486: ='RESUMEN TOTAL'!Q507 -> 0 | L486: ='RESUMEN TOTAL'!R507 -> 0 | M486: ='RESUMEN TOTAL'!S507 -> 0 | ... AI486: ='RESUMEN TOTAL'!AO507 -> 0 | AJ486: ='RESUMEN TOTAL'!#REF! -> #REF!
A487: ='RESUMEN TOTAL'!A508 -> PARADAS SEGURAS | B487: ='RESUMEN TOTAL'!B508 -> 37 I | C487: ='RESUMEN TOTAL'!D508 -> Hudson y Jose Ingeniero Este | D487: ='RESUMEN TOTAL'!E508 -> INTERCOMUNICADOR | E487: ='RESUMEN TOTAL'!F508 -> GPON | F487: ='RESUMEN TOTAL'!L508 -> 0 | G487: ='RESUMEN TOTAL'!M508 -> 0 | H487: ='RESUMEN TOTAL'!N508 -> 0 | I487: ='RESUMEN TOTAL'!O508 -> 0 | J487: ='RESUMEN TOTAL'!P508 -> 0 | K487: ='RESUMEN TOTAL'!Q508 -> 0 | L487: ='RESUMEN TOTAL'!R508 -> 0 | M487: ='RESUMEN TOTAL'!S508 -> 0 | ... AI487: ='RESUMEN TOTAL'!AO508 -> 0 | AJ487: ='RESUMEN TOTAL'!#REF! -> #REF!
A488: ='RESUMEN TOTAL'!A509 -> PARADAS SEGURAS | B488: ='RESUMEN TOTAL'!B509 -> 38 C | C488: ='RESUMEN TOTAL'!D509 -> Hudson y Cacheuta Oeste | D488: ='RESUMEN TOTAL'!E509 -> GFIJA | E488: ='RESUMEN TOTAL'!F509 -> GPON | F488: ='RESUMEN TOTAL'!L509 -> 0 | G488: ='RESUMEN TOTAL'!M509 -> 0 | H488: ='RESUMEN TOTAL'!N509 -> 0 | I488: ='RESUMEN TOTAL'!O509 -> 0 | J488: ='RESUMEN TOTAL'!P509 -> 0 | K488: ='RESUMEN TOTAL'!Q509 -> 0 | L488: ='RESUMEN TOTAL'!R509 -> 0 | M488: ='RESUMEN TOTAL'!S509 -> 0 | ... AI488: ='RESUMEN TOTAL'!AO509 -> 0 | AJ488: ='RESUMEN TOTAL'!#REF! -> #REF!
A489: ='RESUMEN TOTAL'!A510 -> PARADAS SEGURAS | B489: ='RESUMEN TOTAL'!B510 -> 38 I | C489: ='RESUMEN TOTAL'!D510 -> Hudson y Cacheuta Oeste | D489: ='RESUMEN TOTAL'!E510 -> INTERCOMUNICADOR | E489: ='RESUMEN TOTAL'!F510 -> GPON | F489: ='RESUMEN TOTAL'!L510 -> 0 | G489: ='RESUMEN TOTAL'!M510 -> 0 | H489: ='RESUMEN TOTAL'!N510 -> 0 | I489: ='RESUMEN TOTAL'!O510 -> 0 | J489: ='RESUMEN TOTAL'!P510 -> 0 | K489: ='RESUMEN TOTAL'!Q510 -> 0 | L489: ='RESUMEN TOTAL'!R510 -> 0 | M489: ='RESUMEN TOTAL'!S510 -> 0 | ... AI489: ='RESUMEN TOTAL'!AO510 -> 0 | AJ489: ='RESUMEN TOTAL'!#REF! -> #REF!
A490: ='RESUMEN TOTAL'!A511 -> PARADAS SEGURAS | B490: ='RESUMEN TOTAL'!B511 -> 39 C | C490: ='RESUMEN TOTAL'!D511 -> Hudson y Groussac Este | D490: ='RESUMEN TOTAL'!E511 -> GFIJA | E490: ='RESUMEN TOTAL'!F511 -> GPON | F490: ='RESUMEN TOTAL'!L511 -> 0 | G490: ='RESUMEN TOTAL'!M511 -> APAGADO | H490: ='RESUMEN TOTAL'!N511 -> APAGADO | I490: ='RESUMEN TOTAL'!O511 -> APAGADO | J490: ='RESUMEN TOTAL'!P511 -> 0 | K490: ='RESUMEN TOTAL'!Q511 -> 0 | L490: ='RESUMEN TOTAL'!R511 -> 0 | M490: ='RESUMEN TOTAL'!S511 -> 0 | ... AI490: ='RESUMEN TOTAL'!AO511 -> 0 | AJ490: ='RESUMEN TOTAL'!#REF! -> #REF!
A491: ='RESUMEN TOTAL'!A512 -> PARADAS SEGURAS | B491: ='RESUMEN TOTAL'!B512 -> 39 I | C491: ='RESUMEN TOTAL'!D512 -> Hudson y Groussac Este | D491: ='RESUMEN TOTAL'!E512 -> INTERCOMUNICADOR | E491: ='RESUMEN TOTAL'!F512 -> GPON | F491: ='RESUMEN TOTAL'!L512 -> 0 | G491: ='RESUMEN TOTAL'!M512 -> APAGADO | H491: ='RESUMEN TOTAL'!N512 -> APAGADO | I491: ='RESUMEN TOTAL'!O512 -> APAGADO | J491: ='RESUMEN TOTAL'!P512 -> 0 | K491: ='RESUMEN TOTAL'!Q512 -> 0 | L491: ='RESUMEN TOTAL'!R512 -> 0 | M491: ='RESUMEN TOTAL'!S512 -> 0 | ... AI491: ='RESUMEN TOTAL'!AO512 -> 0 | AJ491: ='RESUMEN TOTAL'!#REF! -> #REF!
A492: ='RESUMEN TOTAL'!A513 -> PARADAS SEGURAS | B492: ='RESUMEN TOTAL'!B513 -> 40 C | C492: ='RESUMEN TOTAL'!D513 -> Hudson y Groussac Oeste | D492: ='RESUMEN TOTAL'!E513 -> GFIJA | E492: ='RESUMEN TOTAL'!F513 -> GPON | F492: ='RESUMEN TOTAL'!L513 -> 0 | G492: ='RESUMEN TOTAL'!M513 -> 0 | H492: ='RESUMEN TOTAL'!N513 -> 0 | I492: ='RESUMEN TOTAL'!O513 -> 0 | J492: ='RESUMEN TOTAL'!P513 -> 0 | K492: ='RESUMEN TOTAL'!Q513 -> 0 | L492: ='RESUMEN TOTAL'!R513 -> 0 | M492: ='RESUMEN TOTAL'!S513 -> 0 | ... AI492: ='RESUMEN TOTAL'!AO513 -> 0 | AJ492: ='RESUMEN TOTAL'!#REF! -> #REF!
A493: ='RESUMEN TOTAL'!A514 -> PARADAS SEGURAS | B493: ='RESUMEN TOTAL'!B514 -> 40 I | C493: ='RESUMEN TOTAL'!D514 -> Hudson y Groussac Oeste | D493: ='RESUMEN TOTAL'!E514 -> INTERCOMUNICADOR | E493: ='RESUMEN TOTAL'!F514 -> GPON | F493: ='RESUMEN TOTAL'!L514 -> 0 | G493: ='RESUMEN TOTAL'!M514 -> 0 | H493: ='RESUMEN TOTAL'!N514 -> 0 | I493: ='RESUMEN TOTAL'!O514 -> 0 | J493: ='RESUMEN TOTAL'!P514 -> 0 | K493: ='RESUMEN TOTAL'!Q514 -> 0 | L493: ='RESUMEN TOTAL'!R514 -> 0 | M493: ='RESUMEN TOTAL'!S514 -> 0 | ... AI493: ='RESUMEN TOTAL'!AO514 -> 0 | AJ493: ='RESUMEN TOTAL'!#REF! -> #REF!
A494: ='RESUMEN TOTAL'!A515 -> PARADAS SEGURAS | B494: ='RESUMEN TOTAL'!B515 -> 41 C | C494: ='RESUMEN TOTAL'!D515 -> Hudson y Dumas Este | D494: ='RESUMEN TOTAL'!E515 -> GFIJA | E494: ='RESUMEN TOTAL'!F515 -> GPON | F494: ='RESUMEN TOTAL'!L515 -> 0 | G494: ='RESUMEN TOTAL'!M515 -> 0 | H494: ='RESUMEN TOTAL'!N515 -> 0 | I494: ='RESUMEN TOTAL'!O515 -> 0 | J494: ='RESUMEN TOTAL'!P515 -> 0 | K494: ='RESUMEN TOTAL'!Q515 -> 0 | L494: ='RESUMEN TOTAL'!R515 -> 0 | M494: ='RESUMEN TOTAL'!S515 -> 0 | ... AI494: ='RESUMEN TOTAL'!AO515 -> 0 | AJ494: ='RESUMEN TOTAL'!#REF! -> #REF!
A495: ='RESUMEN TOTAL'!A516 -> PARADAS SEGURAS | B495: ='RESUMEN TOTAL'!B516 -> 41 I | C495: ='RESUMEN TOTAL'!D516 -> Hudson y Dumas Este | D495: ='RESUMEN TOTAL'!E516 -> INTERCOMUNICADOR | E495: ='RESUMEN TOTAL'!F516 -> GPON | F495: ='RESUMEN TOTAL'!L516 -> 0 | G495: ='RESUMEN TOTAL'!M516 -> 0 | H495: ='RESUMEN TOTAL'!N516 -> 0 | I495: ='RESUMEN TOTAL'!O516 -> 0 | J495: ='RESUMEN TOTAL'!P516 -> 0 | K495: ='RESUMEN TOTAL'!Q516 -> 0 | L495: ='RESUMEN TOTAL'!R516 -> 0 | M495: ='RESUMEN TOTAL'!S516 -> 0 | ... AI495: ='RESUMEN TOTAL'!AO516 -> 0 | AJ495: ='RESUMEN TOTAL'!#REF! -> #REF!
A496: ='RESUMEN TOTAL'!A517 -> PARADAS SEGURAS | B496: ='RESUMEN TOTAL'!B517 -> 42 C | C496: ='RESUMEN TOTAL'!D517 -> Hudson y Dumas Oeste | D496: ='RESUMEN TOTAL'!E517 -> GFIJA | E496: ='RESUMEN TOTAL'!F517 -> GPON | F496: ='RESUMEN TOTAL'!L517 -> 0 | G496: ='RESUMEN TOTAL'!M517 -> 0 | H496: ='RESUMEN TOTAL'!N517 -> 0 | I496: ='RESUMEN TOTAL'!O517 -> 0 | J496: ='RESUMEN TOTAL'!P517 -> 0 | K496: ='RESUMEN TOTAL'!Q517 -> 0 | L496: ='RESUMEN TOTAL'!R517 -> 0 | M496: ='RESUMEN TOTAL'!S517 -> 0 | ... AI496: ='RESUMEN TOTAL'!AO517 -> 0 | AJ496: ='RESUMEN TOTAL'!#REF! -> #REF!
A497: ='RESUMEN TOTAL'!A518 -> PARADAS SEGURAS | B497: ='RESUMEN TOTAL'!B518 -> 42 I | C497: ='RESUMEN TOTAL'!D518 -> Hudson y Dumas Oeste | D497: ='RESUMEN TOTAL'!E518 -> INTERCOMUNICADOR | E497: ='RESUMEN TOTAL'!F518 -> GPON | F497: ='RESUMEN TOTAL'!L518 -> 0 | G497: ='RESUMEN TOTAL'!M518 -> 0 | H497: ='RESUMEN TOTAL'!N518 -> 0 | I497: ='RESUMEN TOTAL'!O518 -> 0 | J497: ='RESUMEN TOTAL'!P518 -> 0 | K497: ='RESUMEN TOTAL'!Q518 -> 0 | L497: ='RESUMEN TOTAL'!R518 -> 0 | M497: ='RESUMEN TOTAL'!S518 -> 0 | ... AI497: ='RESUMEN TOTAL'!AO518 -> 0 | AJ497: ='RESUMEN TOTAL'!#REF! -> #REF!
... A499: ='RESUMEN TOTAL'!A520 -> PARADAS SEGURAS | B499: ='RESUMEN TOTAL'!B520 -> 43 I | C499: ='RESUMEN TOTAL'!D520 -> Hudson y Manuel de Falla Este | D499: ='RESUMEN TOTAL'!E520 -> INTERCOMUNICADOR | E499: ='RESUMEN TOTAL'!F520 -> GPON | F499: ='RESUMEN TOTAL'!L520 -> 0 | G499: ='RESUMEN TOTAL'!M520 -> 0 | H499: ='RESUMEN TOTAL'!N520 -> 0 | I499: ='RESUMEN TOTAL'!O520 -> 0 | J499: ='RESUMEN TOTAL'!P520 -> 0 | K499: ='RESUMEN TOTAL'!Q520 -> 0 | L499: ='RESUMEN TOTAL'!R520 -> 0 | M499: ='RESUMEN TOTAL'!S520 -> 0 | ... AI499: ='RESUMEN TOTAL'!AO520 -> 0 | AJ499: ='RESUMEN TOTAL'!#REF! -> #REF!
A500: ='RESUMEN TOTAL'!#REF! -> #REF! | B500: ='RESUMEN TOTAL'!#REF! -> #REF! | C500: ='RESUMEN TOTAL'!#REF! -> #REF! | D500: ='RESUMEN TOTAL'!#REF! -> #REF! | E500: ='RESUMEN TOTAL'!#REF! -> #REF! | F500: ='RESUMEN TOTAL'!#REF! -> #REF! | G500: ='RESUMEN TOTAL'!#REF! -> #REF! | H500: ='RESUMEN TOTAL'!#REF! -> #REF! | ... AJ500: ='RESUMEN TOTAL'!#REF! -> #REF!
A501: ='RESUMEN TOTAL'!#REF! -> #REF! | B501: ='RESUMEN TOTAL'!#REF! -> #REF! | C501: ='RESUMEN TOTAL'!#REF! -> #REF! | D501: ='RESUMEN TOTAL'!#REF! -> #REF! | E501: ='RESUMEN TOTAL'!#REF! -> #REF! | F501: ='RESUMEN TOTAL'!#REF! -> #REF! | G501: ='RESUMEN TOTAL'!#REF! -> #REF! | H501: ='RESUMEN TOTAL'!#REF! -> #REF! | ... AJ501: ='RESUMEN TOTAL'!#REF! -> #REF!
A502: ='RESUMEN TOTAL'!A521 -> PARADAS SEGURAS | B502: ='RESUMEN TOTAL'!B521 -> 45 C | C502: ='RESUMEN TOTAL'!D521 -> Hudson y Benito Perez Galdos Este | D502: ='RESUMEN TOTAL'!E521 -> GFIJA | E502: ='RESUMEN TOTAL'!F521 -> GPON | F502: ='RESUMEN TOTAL'!L521 -> 0 | G502: ='RESUMEN TOTAL'!M521 -> 0 | H502: ='RESUMEN TOTAL'!N521 -> 0 | I502: ='RESUMEN TOTAL'!O521 -> 0 | J502: ='RESUMEN TOTAL'!P521 -> 0 | K502: ='RESUMEN TOTAL'!Q521 -> 0 | L502: ='RESUMEN TOTAL'!R521 -> 0 | M502: ='RESUMEN TOTAL'!S521 -> 0 | ... AI502: ='RESUMEN TOTAL'!AO521 -> 0 | AJ502: ='RESUMEN TOTAL'!#REF! -> #REF!
A503: ='RESUMEN TOTAL'!A522 -> PARADAS SEGURAS | B503: ='RESUMEN TOTAL'!B522 -> 45 I | C503: ='RESUMEN TOTAL'!D522 -> Hudson y Benito Perez Galdos Este | D503: ='RESUMEN TOTAL'!E522 -> INTERCOMUNICADOR | E503: ='RESUMEN TOTAL'!F522 -> GPON | F503: ='RESUMEN TOTAL'!L522 -> 0 | G503: ='RESUMEN TOTAL'!M522 -> 0 | H503: ='RESUMEN TOTAL'!N522 -> 0 | I503: ='RESUMEN TOTAL'!O522 -> 0 | J503: ='RESUMEN TOTAL'!P522 -> 0 | K503: ='RESUMEN TOTAL'!Q522 -> 0 | L503: ='RESUMEN TOTAL'!R522 -> 0 | M503: ='RESUMEN TOTAL'!S522 -> 0 | ... AI503: ='RESUMEN TOTAL'!AO522 -> 0 | AJ503: ='RESUMEN TOTAL'!#REF! -> #REF!
A504: ='RESUMEN TOTAL'!A523 -> PARADAS SEGURAS | B504: ='RESUMEN TOTAL'!B523 -> 46 C | C504: ='RESUMEN TOTAL'!D523 -> Hudson y Avenida Bosques Este | D504: ='RESUMEN TOTAL'!E523 -> GFIJA | E504: ='RESUMEN TOTAL'!F523 -> GPON | F504: ='RESUMEN TOTAL'!L523 -> 0 | G504: ='RESUMEN TOTAL'!M523 -> 0 | H504: ='RESUMEN TOTAL'!N523 -> 0 | I504: ='RESUMEN TOTAL'!O523 -> 0 | J504: ='RESUMEN TOTAL'!P523 -> 0 | K504: ='RESUMEN TOTAL'!Q523 -> 0 | L504: ='RESUMEN TOTAL'!R523 -> 0 | M504: ='RESUMEN TOTAL'!S523 -> 0 | ... AI504: ='RESUMEN TOTAL'!AO523 -> 0 | AJ504: ='RESUMEN TOTAL'!#REF! -> #REF!
A505: ='RESUMEN TOTAL'!A524 -> PARADAS SEGURAS | B505: ='RESUMEN TOTAL'!B524 -> 46 I | C505: ='RESUMEN TOTAL'!D524 -> Hudson y Avenida Bosques Este | D505: ='RESUMEN TOTAL'!E524 -> INTERCOMUNICADOR | E505: ='RESUMEN TOTAL'!F524 -> GPON | F505: ='RESUMEN TOTAL'!L524 -> 0 | G505: ='RESUMEN TOTAL'!M524 -> 0 | H505: ='RESUMEN TOTAL'!N524 -> 0 | I505: ='RESUMEN TOTAL'!O524 -> 0 | J505: ='RESUMEN TOTAL'!P524 -> 0 | K505: ='RESUMEN TOTAL'!Q524 -> 0 | L505: ='RESUMEN TOTAL'!R524 -> 0 | M505: ='RESUMEN TOTAL'!S524 -> 0 | ... AI505: ='RESUMEN TOTAL'!AO524 -> 0 | AJ505: ='RESUMEN TOTAL'!#REF! -> #REF!
A506: ='RESUMEN TOTAL'!A525 -> PARADAS SEGURAS | B506: ='RESUMEN TOTAL'!B525 -> 47 C | C506: ='RESUMEN TOTAL'!D525 -> Hudson y Avenida Bosques Oeste | D506: ='RESUMEN TOTAL'!E525 -> GFIJA | E506: ='RESUMEN TOTAL'!F525 -> GPON | F506: ='RESUMEN TOTAL'!L525 -> 0 | G506: ='RESUMEN TOTAL'!M525 -> 0 | H506: ='RESUMEN TOTAL'!N525 -> 0 | I506: ='RESUMEN TOTAL'!O525 -> 0 | J506: ='RESUMEN TOTAL'!P525 -> 0 | K506: ='RESUMEN TOTAL'!Q525 -> 0 | L506: ='RESUMEN TOTAL'!R525 -> 0 | M506: ='RESUMEN TOTAL'!S525 -> 0 | ... AI506: ='RESUMEN TOTAL'!AO525 -> 0 | AJ506: ='RESUMEN TOTAL'!#REF! -> #REF!
A507: ='RESUMEN TOTAL'!A526 -> PARADAS SEGURAS | B507: ='RESUMEN TOTAL'!B526 -> 47 I | C507: ='RESUMEN TOTAL'!D526 -> Hudson y Avenida Bosques Oeste | D507: ='RESUMEN TOTAL'!E526 -> INTERCOMUNICADOR | E507: ='RESUMEN TOTAL'!F526 -> GPON | F507: ='RESUMEN TOTAL'!L526 -> 0 | G507: ='RESUMEN TOTAL'!M526 -> 0 | H507: ='RESUMEN TOTAL'!N526 -> 0 | I507: ='RESUMEN TOTAL'!O526 -> 0 | J507: ='RESUMEN TOTAL'!P526 -> 0 | K507: ='RESUMEN TOTAL'!Q526 -> 0 | L507: ='RESUMEN TOTAL'!R526 -> 0 | M507: ='RESUMEN TOTAL'!S526 -> 0 | ... AI507: ='RESUMEN TOTAL'!AO526 -> 0 | AJ507: ='RESUMEN TOTAL'!#REF! -> #REF!
A508: ='RESUMEN TOTAL'!A527 -> 0 | B508: ='RESUMEN TOTAL'!B527 -> 0 | C508: ='RESUMEN TOTAL'!D527 -> 0 | D508: ='RESUMEN TOTAL'!E527 -> 0 | E508: ='RESUMEN TOTAL'!F527 -> 0 | F508: ='RESUMEN TOTAL'!L527 -> 0 | G508: ='RESUMEN TOTAL'!M527 -> 0 | H508: ='RESUMEN TOTAL'!N527 -> 0 | I508: ='RESUMEN TOTAL'!O527 -> 0 | J508: ='RESUMEN TOTAL'!P527 -> 0 | K508: ='RESUMEN TOTAL'!Q527 -> 0 | L508: ='RESUMEN TOTAL'!R527 -> 0 | M508: ='RESUMEN TOTAL'!S527 -> 0 | ... AI508: ='RESUMEN TOTAL'!AO527 -> 0 | AJ508: ='RESUMEN TOTAL'!#REF! -> #REF!
A509: ='RESUMEN TOTAL'!A528 -> 0 | B509: ='RESUMEN TOTAL'!B528 -> 0 | C509: ='RESUMEN TOTAL'!D528 -> 0 | D509: ='RESUMEN TOTAL'!E528 -> 0 | E509: ='RESUMEN TOTAL'!F528 -> 0 | F509: ='RESUMEN TOTAL'!L528 -> 0 | G509: ='RESUMEN TOTAL'!M528 -> 0 | H509: ='RESUMEN TOTAL'!N528 -> 0 | I509: ='RESUMEN TOTAL'!O528 -> 0 | J509: ='RESUMEN TOTAL'!P528 -> 0 | K509: ='RESUMEN TOTAL'!Q528 -> 0 | L509: ='RESUMEN TOTAL'!R528 -> 0 | M509: ='RESUMEN TOTAL'!S528 -> 0 | ... AI509: ='RESUMEN TOTAL'!AO528 -> 0 | AJ509: ='RESUMEN TOTAL'!#REF! -> #REF!
A510: ='RESUMEN TOTAL'!A529 -> 0 | B510: ='RESUMEN TOTAL'!B529 -> 0 | C510: ='RESUMEN TOTAL'!D529 -> 0 | D510: ='RESUMEN TOTAL'!E529 -> 0 | E510: ='RESUMEN TOTAL'!F529 -> 0 | F510: ='RESUMEN TOTAL'!L529 -> 0 | G510: ='RESUMEN TOTAL'!M529 -> 0 | H510: ='RESUMEN TOTAL'!N529 -> 0 | I510: ='RESUMEN TOTAL'!O529 -> 0 | J510: ='RESUMEN TOTAL'!P529 -> 0 | K510: ='RESUMEN TOTAL'!Q529 -> 0 | L510: ='RESUMEN TOTAL'!R529 -> 0 | M510: ='RESUMEN TOTAL'!S529 -> 0 | ... AI510: ='RESUMEN TOTAL'!AO529 -> 0 | AJ510: ='RESUMEN TOTAL'!#REF! -> #REF!
A511: ='RESUMEN TOTAL'!A530 -> 0 | B511: ='RESUMEN TOTAL'!B530 -> 0 | C511: ='RESUMEN TOTAL'!D530 -> 0 | D511: ='RESUMEN TOTAL'!E530 -> 0 | E511: ='RESUMEN TOTAL'!F530 -> 0 | F511: ='RESUMEN TOTAL'!L530 -> 0 | G511: ='RESUMEN TOTAL'!M530 -> 0 | H511: ='RESUMEN TOTAL'!N530 -> 0 | I511: ='RESUMEN TOTAL'!O530 -> 0 | J511: ='RESUMEN TOTAL'!P530 -> 0 | K511: ='RESUMEN TOTAL'!Q530 -> 0 | L511: ='RESUMEN TOTAL'!R530 -> 0 | M511: ='RESUMEN TOTAL'!S530 -> 0 | ... AI511: ='RESUMEN TOTAL'!AO530 -> 0 | AJ511: ='RESUMEN TOTAL'!#REF! -> #REF!
A512: ='RESUMEN TOTAL'!A531 -> 0 | B512: ='RESUMEN TOTAL'!B531 -> 0 | C512: ='RESUMEN TOTAL'!D531 -> 0 | D512: ='RESUMEN TOTAL'!E531 -> 0 | E512: ='RESUMEN TOTAL'!F531 -> 0 | F512: ='RESUMEN TOTAL'!L531 -> 0 | G512: ='RESUMEN TOTAL'!M531 -> 0 | H512: ='RESUMEN TOTAL'!N531 -> 0 | I512: ='RESUMEN TOTAL'!O531 -> 0 | J512: ='RESUMEN TOTAL'!P531 -> 0 | K512: ='RESUMEN TOTAL'!Q531 -> 0 | L512: ='RESUMEN TOTAL'!R531 -> 0 | M512: ='RESUMEN TOTAL'!S531 -> 0 | ... AI512: ='RESUMEN TOTAL'!AO531 -> 0 | AJ512: ='RESUMEN TOTAL'!#REF! -> #REF!
A513: ='RESUMEN TOTAL'!A532 -> 0 | B513: ='RESUMEN TOTAL'!B532 -> 0 | C513: ='RESUMEN TOTAL'!D532 -> 0 | D513: ='RESUMEN TOTAL'!E532 -> 0 | E513: ='RESUMEN TOTAL'!F532 -> 0 | F513: ='RESUMEN TOTAL'!L532 -> 0 | G513: ='RESUMEN TOTAL'!M532 -> 0 | H513: ='RESUMEN TOTAL'!N532 -> 0 | I513: ='RESUMEN TOTAL'!O532 -> 0 | J513: ='RESUMEN TOTAL'!P532 -> 0 | K513: ='RESUMEN TOTAL'!Q532 -> 0 | L513: ='RESUMEN TOTAL'!R532 -> 0 | M513: ='RESUMEN TOTAL'!S532 -> 0 | ... AI513: ='RESUMEN TOTAL'!AO532 -> 0 | AJ513: ='RESUMEN TOTAL'!#REF! -> #REF!
... A603: ='RESUMEN TOTAL'!A622 -> 0 | B603: ='RESUMEN TOTAL'!B622 -> 0 | C603: ='RESUMEN TOTAL'!D622 -> 0 | D603: ='RESUMEN TOTAL'!E622 -> 0 | E603: ='RESUMEN TOTAL'!F622 -> 0 | F603: ='RESUMEN TOTAL'!L622 -> 0 | G603: ='RESUMEN TOTAL'!M622 -> 0 | H603: ='RESUMEN TOTAL'!N622 -> 0 | I603: ='RESUMEN TOTAL'!O622 -> 0 | J603: ='RESUMEN TOTAL'!P622 -> 0 | K603: ='RESUMEN TOTAL'!Q622 -> 0 | L603: ='RESUMEN TOTAL'!R622 -> 0 | M603: ='RESUMEN TOTAL'!S622 -> 0 | ... AI603: ='RESUMEN TOTAL'!AO622 -> 0 | AJ603: ='RESUMEN TOTAL'!#REF! -> #REF!

Sheet APAGADOS ANTENA
C1: TOTAL PTO A FO
E2: APAGADOS | F2: =COUNTIFS(F5:F502, "=APAGADO",E5:E502,"=PTO A FO") -> 2 | G2: =COUNTIFS(G5:G502, "=APAGADO",E5:E502,"=PTO A FO") -> 13 | H2: =COUNTIFS(H5:H502, "=APAGADO",E5:E502,"=PTO A FO") -> 13 | I2: =COUNTIFS(I5:I502, "=APAGADO",E5:E502,"=PTO A FO") -> 12 | J2: =COUNTIFS(J5:J502, "=APAGADO",E5:E502,"=PTO A FO") -> 11 | K2: =COUNTIFS(K5:K502, "=APAGADO",E5:E502,"=PTO A FO") -> 12 | L2: =COUNTIFS(L5:L502, "=APAGADO",E5:E502,"=PTO A FO") -> 11 | M2: =COUNTIFS(M5:M502, "=APAGADO",E5:E502,"=PTO A FO") -> 3 | N2: =COUNTIFS(N5:N502, "=APAGADO",E5:E502,"=PTO A FO") -> 2 | O2: =COUNTIFS(O5:O502, "=APAGADO",E5:E502,"=PTO A FO") -> 2 | P2: =COUNTIFS(P5:P502, "=APAGADO",E5:E502,"=PTO A FO") -> 2 | Q2: =COUNTIFS(Q5:Q502, "=APAGADO",E5:E502,"=PTO A FO") -> 2 | R2: =COUNTIFS(R5:R502, "=APAGADO",E5:E502,"=PTO A FO") -> 2 | S2: =COUNTIFS(S5:S502, "=APAGADO",E5:E502,"=PTO A FO") -> 4 | T2: =COUNTIFS(T5:T502, "=APAGADO",E5:E502,"=PTO A FO") -> 2 | U2: =COUNTIFS(U5:U502, "=APAGADO",E5:E502,"=PTO A FO") -> 2 | V2: =COUNTIFS(V5:V502, "=APAGADO",E5:E502,"=PTO A FO") -> 4 | W2: =COUNTIFS(W5:W502, "=APAGADO",E5:E502,"=PTO A FO") -> 4 | X2: =COUNTIFS(X4:X502, "=APAGADO",E4:E502,"=PTO A FO") -> 2 | Y2: =COUNTIFS(Y5:Y502, "=APAGADO",E5:E502,"=PTO A FO") -> 2 | Z2: =COUNTIFS(Z5:Z502, "=APAGADO",E5:E502,"=PTO A FO") -> 2 | AA2: =COUNTIFS(AA5:AA502, "=APAGADO",E5:E502,"=PTO A FO") -> 2 | AB2: =COUNTIFS(AB5:AB502, "=APAGADO",E5:E502,"=PTO A FO") -> 0 | AC2: =COUNTIFS(AC4:AC602, "=APAGADO",E4:E602,"=PTO A FO") -> 0 | AD2: =COUNTIFS(AD5:AD502, "=APAGADO",E5:E502,"=PTO A FO") -> 0 | AE2: =COUNTIFS(AE5:AE502, "=APAGADO",E5:E502,"=PTO A FO") -> 0 | AF2: =COUNTIFS(AF5:AF502, "=APAGADO",E5:E502,"=PTO A FO") -> 0 | AG2: =COUNTIFS(AG5:AG502, "=APAGADO",E5:E502,"=PTO A FO") -> 0 | AH2: =COUNTIFS(AH5:AH502, "=APAGADO",E5:E502,"=PTO A FO") -> 0 | AI2: =COUNTIFS(AI5:AI502, "=APAGADO",E5:E502,"=PTO A FO") -> 0
A3: =ESTADISTICA!A1 -> Barrio | B3: =ESTADISTICA!B1 -> [Denominacion] | C3: =ESTADISTICA!C1 -> [Ubicacion] | D3: =ESTADISTICA!D1 -> [Tipo de Camara] | E3: =ESTADISTICA!E1 -> [Tipo de Conexion] | F3: =ESTADISTICA!F1 -> 45170 | G3: =ESTADISTICA!G1 -> 45171 | H3: =ESTADISTICA!H1 -> 45172 | ... AI3: =ESTADISTICA!AI1 -> 45199
A4: ='RESUMEN TOTAL'!A6 -> ALTAMIRA | B4: ='RESUMEN TOTAL'!B6 -> ALT02 | C4: ='RESUMEN TOTAL'!D6 -> Calchaqui y Lope de Vega | D4: ='RESUMEN TOTAL'!E6 -> Domo | E4: ='RESUMEN TOTAL'!F6 -> PTO A FO | F4: ='RESUMEN TOTAL'!L6 -> 0 | G4: ='RESUMEN TOTAL'!M6 -> 0 | H4: ='RESUMEN TOTAL'!N6 -> 0 | I4: ='RESUMEN TOTAL'!O6 -> 0 | J4: ='RESUMEN TOTAL'!P6 -> 0 | K4: ='RESUMEN TOTAL'!Q6 -> 0 | L4: ='RESUMEN TOTAL'!R6 -> 0 | M4: ='RESUMEN TOTAL'!S6 -> 0 | ... AI4: ='RESUMEN TOTAL'!AO6 -> 0 | AJ4: ='RESUMEN TOTAL'!#REF! -> #REF!
A5: ='RESUMEN TOTAL'!A7 -> ALTAMIRA | B5: ='RESUMEN TOTAL'!B7 -> ALT 03 | C5: ='RESUMEN TOTAL'!D7 -> Bombero Galarza y Necochea | D5: ='RESUMEN TOTAL'!E7 -> Domo | E5: ='RESUMEN TOTAL'!F7 -> Fibra Optica | F5: ='RESUMEN TOTAL'!L7 -> 0 | G5: ='RESUMEN TOTAL'!M7 -> 0 | H5: ='RESUMEN TOTAL'!N7 -> 0 | I5: ='RESUMEN TOTAL'!O7 -> 0 | J5: ='RESUMEN TOTAL'!P7 -> 0 | K5: ='RESUMEN TOTAL'!Q7 -> 0 | L5: ='RESUMEN TOTAL'!R7 -> 0 | M5: ='RESUMEN TOTAL'!S7 -> 0 | ... AI5: ='RESUMEN TOTAL'!AO7 -> 0 | AJ5: ='RESUMEN TOTAL'!#REF! -> #REF!
A6: ='RESUMEN TOTAL'!A8 -> ALTAMIRA | B6: ='RESUMEN TOTAL'!B8 -> ALT 04 | C6: ='RESUMEN TOTAL'!D8 -> Francia y Necochea | D6: ='RESUMEN TOTAL'!E8 -> Domo | E6: ='RESUMEN TOTAL'!F8 -> Fibra Optica | F6: ='RESUMEN TOTAL'!L8 -> 0 | G6: ='RESUMEN TOTAL'!M8 -> 0 | H6: ='RESUMEN TOTAL'!N8 -> 0 | I6: ='RESUMEN TOTAL'!O8 -> 0 | J6: ='RESUMEN TOTAL'!P8 -> 0 | K6: ='RESUMEN TOTAL'!Q8 -> 0 | L6: ='RESUMEN TOTAL'!R8 -> 0 | M6: ='RESUMEN TOTAL'!S8 -> 0 | ... AI6: ='RESUMEN TOTAL'!AO8 -> 0 | AJ6: ='RESUMEN TOTAL'!#REF! -> #REF!
A7: ='RESUMEN TOTAL'!A9 -> ALTAMIRA | B7: ='RESUMEN TOTAL'!B9 -> ALT05 | C7: ='RESUMEN TOTAL'!D9 -> Av. Calchaqui y Bombero Galarza | D7: ='RESUMEN TOTAL'!E9 -> Domo | E7: ='RESUMEN TOTAL'!F9 -> PTO A FO | F7: ='RESUMEN TOTAL'!L9 -> 0 | G7: ='RESUMEN TOTAL'!M9 -> 0 | H7: ='RESUMEN TOTAL'!N9 -> 0 | I7: ='RESUMEN TOTAL'!O9 -> 0 | J7: ='RESUMEN TOTAL'!P9 -> 0 | K7: ='RESUMEN TOTAL'!Q9 -> 0 | L7: ='RESUMEN TOTAL'!R9 -> 0 | M7: ='RESUMEN TOTAL'!S9 -> 0 | ... AI7: ='RESUMEN TOTAL'!AO9 -> 0 | AJ7: ='RESUMEN TOTAL'!#REF! -> #REF!
A8: ='RESUMEN TOTAL'!A10 -> ALTAMIRA | B8: ='RESUMEN TOTAL'!B10 -> ALT 06 | C8: ='RESUMEN TOTAL'!D10 -> LOPE DE VEGA Y NECOCHEA | D8: ='RESUMEN TOTAL'!E10 -> Domo | E8: ='RESUMEN TOTAL'!F10 -> PTO A FO | F8: ='RESUMEN TOTAL'!L10 -> 0 | G8: ='RESUMEN TOTAL'!M10 -> 0 | H8: ='RESUMEN TOTAL'!N10 -> 0 | I8: ='RESUMEN TOTAL'!O10 -> 0 | J8: ='RESUMEN TOTAL'!P10 -> 0 | K8: ='RESUMEN TOTAL'!Q10 -> 0 | L8: ='RESUMEN TOTAL'!R10 -> 0 | M8: ='RESUMEN TOTAL'!S10 -> 0 | ... AI8: ='RESUMEN TOTAL'!AO10 -> 0 | AJ8: ='RESUMEN TOTAL'!#REF! -> #REF!
A9: ='RESUMEN TOTAL'!A11 -> ALTAMIRA | B9: ='RESUMEN TOTAL'!B11 -> ALT07 | C9: ='RESUMEN TOTAL'!D11 -> AV. CALCHAQUI Y AV. DEL TRABAJO | D9: ='RESUMEN TOTAL'!E11 -> DOMO | E9: ='RESUMEN TOTAL'!F11 -> PTO A FO | F9: ='RESUMEN TOTAL'!L11 -> 0 | G9: ='RESUMEN TOTAL'!M11 -> 0 | H9: ='RESUMEN TOTAL'!N11 -> 0 | I9: ='RESUMEN TOTAL'!O11 -> 0 | J9: ='RESUMEN TOTAL'!P11 -> 0 | K9: ='RESUMEN TOTAL'!Q11 -> 0 | L9: ='RESUMEN TOTAL'!R11 -> 0 | M9: ='RESUMEN TOTAL'!S11 -> 0 | ... AI9: ='RESUMEN TOTAL'!AO11 -> 0 | AJ9: ='RESUMEN TOTAL'!#REF! -> #REF!
A10: ='RESUMEN TOTAL'!A12 -> ALTAMIRA | B10: ='RESUMEN TOTAL'!B12 -> ALT 08 | C10: ='RESUMEN TOTAL'!D12 -> HUMAITA Y NECOCHEA | D10: ='RESUMEN TOTAL'!E12 -> DOMO | E10: ='RESUMEN TOTAL'!F12 -> Fibra Optica | F10: ='RESUMEN TOTAL'!L12 -> 0 | G10: ='RESUMEN TOTAL'!M12 -> 0 | H10: ='RESUMEN TOTAL'!N12 -> 0 | I10: ='RESUMEN TOTAL'!O12 -> 0 | J10: ='RESUMEN TOTAL'!P12 -> 0 | K10: ='RESUMEN TOTAL'!Q12 -> 0 | L10: ='RESUMEN TOTAL'!R12 -> 0 | M10: ='RESUMEN TOTAL'!S12 -> 0 | ... AI10: ='RESUMEN TOTAL'!AO12 -> 0 | AJ10: ='RESUMEN TOTAL'!#REF! -> #REF!
A11: ='RESUMEN TOTAL'!A13 -> ALTAMIRA | B11: ='RESUMEN TOTAL'!B13 -> ALT 09 | C11: ='RESUMEN TOTAL'!D13 -> NECOCHEA Y CURUPAITY | D11: ='RESUMEN TOTAL'!E13 -> DOMO | E11: ='RESUMEN TOTAL'!F13 -> Fibra Optica | F11: ='RESUMEN TOTAL'!L13 -> 0 | G11: ='RESUMEN TOTAL'!M13 -> 0 | H11: ='RESUMEN TOTAL'!N13 -> 0 | I11: ='RESUMEN TOTAL'!O13 -> 0 | J11: ='RESUMEN TOTAL'!P13 -> 0 | K11: ='RESUMEN TOTAL'!Q13 -> 0 | L11: ='RESUMEN TOTAL'!R13 -> 0 | M11: ='RESUMEN TOTAL'!S13 -> 0 | ... AI11: ='RESUMEN TOTAL'!AO13 -> 0 | AJ11: ='RESUMEN TOTAL'!#REF! -> #REF!
A12: ='RESUMEN TOTAL'!A14 -> ALTAMIRA | B12: ='RESUMEN TOTAL'!B14 -> ALT 10 | C12: ='RESUMEN TOTAL'!D14 -> Calchaqui y Francia | D12: ='RESUMEN TOTAL'!E14 -> Domo | E12: ='RESUMEN TOTAL'!F14 -> Radio | F12: ='RESUMEN TOTAL'!L14 -> 0 | G12: ='RESUMEN TOTAL'!M14 -> 0 | H12: ='RESUMEN TOTAL'!N14 -> 0 | I12: ='RESUMEN TOTAL'!O14 -> 0 | J12: ='RESUMEN TOTAL'!P14 -> 0 | K12: ='RESUMEN TOTAL'!Q14 -> 0 | L12: ='RESUMEN TOTAL'!R14 -> 0 | M12: ='RESUMEN TOTAL'!S14 -> 0 | ... AI12: ='RESUMEN TOTAL'!AO14 -> 0 | AJ12: ='RESUMEN TOTAL'!#REF! -> #REF!
A13: ='RESUMEN TOTAL'!A15 -> AGUSTIN RAMIREZ | B13: ='RESUMEN TOTAL'!B15 -> ARA 01 | C13: ='RESUMEN TOTAL'!D15 -> Malambo y Tranquera | D13: ='RESUMEN TOTAL'!E15 -> Domo | E13: ='RESUMEN TOTAL'!F15 -> Fibra Optica | F13: ='RESUMEN TOTAL'!L15 -> APAGADO | G13: ='RESUMEN TOTAL'!M15 -> APAGADO | H13: ='RESUMEN TOTAL'!N15 -> APAGADO | I13: ='RESUMEN TOTAL'!O15 -> APAGADO | J13: ='RESUMEN TOTAL'!P15 -> APAGADO | K13: ='RESUMEN TOTAL'!Q15 -> APAGADO | L13: ='RESUMEN TOTAL'!R15 -> APAGADO | M13: ='RESUMEN TOTAL'!S15 -> APAGADO | ... AI13: ='RESUMEN TOTAL'!AO15 -> 0 | AJ13: ='RESUMEN TOTAL'!#REF! -> #REF!
A14: ='RESUMEN TOTAL'!A16 -> BELGRANO | B14: ='RESUMEN TOTAL'!B16 -> BEL 01 | C14: ='RESUMEN TOTAL'!D16 -> San Martin y Dardo Rocha | D14: ='RESUMEN TOTAL'!E16 -> DOMO | E14: ='RESUMEN TOTAL'!F16 -> Fibra Optica | F14: ='RESUMEN TOTAL'!L16 -> 0 | G14: ='RESUMEN TOTAL'!M16 -> 0 | H14: ='RESUMEN TOTAL'!N16 -> 0 | I14: ='RESUMEN TOTAL'!O16 -> 0 | J14: ='RESUMEN TOTAL'!P16 -> 0 | K14: ='RESUMEN TOTAL'!Q16 -> 0 | L14: ='RESUMEN TOTAL'!R16 -> 0 | M14: ='RESUMEN TOTAL'!S16 -> 0 | ... AI14: ='RESUMEN TOTAL'!AO16 -> 0 | AJ14: ='RESUMEN TOTAL'!#REF! -> #REF!
A15: ='RESUMEN TOTAL'!A17 -> BELGRANO | B15: ='RESUMEN TOTAL'!B17 -> BEL 02 | C15: ='RESUMEN TOTAL'!D17 -> Guardia vieja y Fronteriz | D15: ='RESUMEN TOTAL'!E17 -> DOMO | E15: ='RESUMEN TOTAL'!F17 -> Fibra Optica | F15: ='RESUMEN TOTAL'!L17 -> 0 | G15: ='RESUMEN TOTAL'!M17 -> 0 | H15: ='RESUMEN TOTAL'!N17 -> 0 | I15: ='RESUMEN TOTAL'!O17 -> 0 | J15: ='RESUMEN TOTAL'!P17 -> 0 | K15: ='RESUMEN TOTAL'!Q17 -> 0 | L15: ='RESUMEN TOTAL'!R17 -> 0 | M15: ='RESUMEN TOTAL'!S17 -> 0 | ... AI15: ='RESUMEN TOTAL'!AO17 -> 0 | AJ15: ='RESUMEN TOTAL'!#REF! -> #REF!
... A454: ='RESUMEN TOTAL'!A456 -> ZEBALLOS | B454: ='RESUMEN TOTAL'!B456 -> ZEB 05 | C454: ='RESUMEN TOTAL'!D456 -> DIAG. GRANADEROS Y 214 BIS | D454: ='RESUMEN TOTAL'!E456 -> Domo | E454: ='RESUMEN TOTAL'!F456 -> Radio | F454: ='RESUMEN TOTAL'!L456 -> 0 | G454: ='RESUMEN TOTAL'!M456 -> 0 | H454: ='RESUMEN TOTAL'!N456 -> 0 | I454: ='RESUMEN TOTAL'!O456 -> 0 | J454: ='RESUMEN TOTAL'!P456 -> 0 | K454: ='RESUMEN TOTAL'!Q456 -> 0 | L454: ='RESUMEN TOTAL'!R456 -> 0 | M454: ='RESUMEN TOTAL'!S456 -> 0 | ... AI454: ='RESUMEN TOTAL'!AO456 -> 0 | AJ454: ='RESUMEN TOTAL'!#REF! -> #REF!
A455: ='RESUMEN TOTAL'!A477 -> PARADAS SEGURAS | B455: ='RESUMEN TOTAL'!B477 -> 21 | C455: ='RESUMEN TOTAL'!D477 -> HUDSON Y CABILDO OESTE | D455: ='RESUMEN TOTAL'!E477 -> GFIJA | E455: ='RESUMEN TOTAL'!F477 -> GPON | F455: ='RESUMEN TOTAL'!L477 -> 0 | G455: ='RESUMEN TOTAL'!M477 -> 0 | H455: ='RESUMEN TOTAL'!N477 -> 0 | I455: ='RESUMEN TOTAL'!O477 -> 0 | J455: ='RESUMEN TOTAL'!P477 -> 0 | K455: ='RESUMEN TOTAL'!Q477 -> 0 | L455: ='RESUMEN TOTAL'!R477 -> 0 | M455: ='RESUMEN TOTAL'!S477 -> 0 | ... AI455: ='RESUMEN TOTAL'!AO477 -> 0 | AJ455: ='RESUMEN TOTAL'!#REF! -> #REF!
A456: ='RESUMEN TOTAL'!A478 -> PARADAS SEGURAS | B456: ='RESUMEN TOTAL'!B478 -> 21 I | C456: ='RESUMEN TOTAL'!D478 -> HUDSON Y CABILDO OESTE | D456: ='RESUMEN TOTAL'!E478 -> INTERCOMUNICADOR | E456: ='RESUMEN TOTAL'!F478 -> GPON | F456: ='RESUMEN TOTAL'!L478 -> 0 | G456: ='RESUMEN TOTAL'!M478 -> 0 | H456: ='RESUMEN TOTAL'!N478 -> 0 | I456: ='RESUMEN TOTAL'!O478 -> 0 | J456: ='RESUMEN TOTAL'!P478 -> 0 | K456: ='RESUMEN TOTAL'!Q478 -> 0 | L456: ='RESUMEN TOTAL'!R478 -> 0 | M456: ='RESUMEN TOTAL'!S478 -> 0 | ... AI456: ='RESUMEN TOTAL'!AO478 -> 0 | AJ456: ='RESUMEN TOTAL'!#REF! -> #REF!
A457: ='RESUMEN TOTAL'!A479 -> PARADAS SEGURAS | B457: ='RESUMEN TOTAL'!B479 -> 22 | C457: ='RESUMEN TOTAL'!D479 -> HUDSON Y CABILDO ESTE | D457: ='RESUMEN TOTAL'!E479 -> GFIJA | E457: ='RESUMEN TOTAL'!F479 -> GPON | F457: ='RESUMEN TOTAL'!L479 -> 0 | G457: ='RESUMEN TOTAL'!M479 -> 0 | H457: ='RESUMEN TOTAL'!N479 -> 0 | I457: ='RESUMEN TOTAL'!O479 -> 0 | J457: ='RESUMEN TOTAL'!P479 -> 0 | K457: ='RESUMEN TOTAL'!Q479 -> 0 | L457: ='RESUMEN TOTAL'!R479 -> 0 | M457: ='RESUMEN TOTAL'!S479 -> 0 | ... AI457: ='RESUMEN TOTAL'!AO479 -> 0 | AJ457: ='RESUMEN TOTAL'!#REF! -> #REF!
A458: ='RESUMEN TOTAL'!A480 -> PARADAS SEGURAS | B458: ='RESUMEN TOTAL'!B480 -> 22 I | C458: ='RESUMEN TOTAL'!D480 -> HUDSON Y CABILDO ESTE | D458: ='RESUMEN TOTAL'!E480 -> INTERCOMUNICADOR | E458: ='RESUMEN TOTAL'!F480 -> GPON | F458: ='RESUMEN TOTAL'!L480 -> 0 | G458: ='RESUMEN TOTAL'!M480 -> 0 | H458: ='RESUMEN TOTAL'!N480 -> 0 | I458: ='RESUMEN TOTAL'!O480 -> 0 | J458: ='RESUMEN TOTAL'!P480 -> 0 | K458: ='RESUMEN TOTAL'!Q480 -> 0 | L458: ='RESUMEN TOTAL'!R480 -> 0 | M458: ='RESUMEN TOTAL'!S480 -> 0 | ... AI458: ='RESUMEN TOTAL'!AO480 -> 0 | AJ458: ='RESUMEN TOTAL'!#REF! -> #REF!
A459: ='RESUMEN TOTAL'!A481 -> PARADAS SEGURAS | B459: ='RESUMEN TOTAL'!B481 -> 23 | C459: ='RESUMEN TOTAL'!D481 -> HUDSON Y SAN NICOLAS OESTE | D459: ='RESUMEN TOTAL'!E481 -> GFIJA | E459: ='RESUMEN TOTAL'!F481 -> GPON | F459: ='RESUMEN TOTAL'!L481 -> 0 | G459: ='RESUMEN TOTAL'!M481 -> 0 | H459: ='RESUMEN TOTAL'!N481 -> 0 | I459: ='RESUMEN TOTAL'!O481 -> 0 | J459: ='RESUMEN TOTAL'!P481 -> 0 | K459: ='RESUMEN TOTAL'!Q481 -> 0 | L459: ='RESUMEN TOTAL'!R481 -> 0 | M459: ='RESUMEN TOTAL'!S481 -> 0 | ... AI459: ='RESUMEN TOTAL'!AO481 -> 0 | AJ459: ='RESUMEN TOTAL'!#REF! -> #REF!
A460: ='RESUMEN TOTAL'!A482 -> PARADAS SEGURAS | B460: ='RESUMEN TOTAL'!B482 -> 23 I | C460: ='RESUMEN TOTAL'!D482 -> HUDSON Y SAN NICOLAS OESTE | D460: ='RESUMEN TOTAL'!E482 -> INTERCOMUNICADOR | E460: ='RESUMEN TOTAL'!F482 -> GPON | F460: ='RESUMEN TOTAL'!L482 -> 0 | G460: ='RESUMEN TOTAL'!M482 -> 0 | H460: ='RESUMEN TOTAL'!N482 -> 0 | I460: ='RESUMEN TOTAL'!O482 -> 0 | J460: ='RESUMEN TOTAL'!P482 -> 0 | K460: ='RESUMEN TOTAL'!Q482 -> 0 | L460: ='RESUMEN TOTAL'!R482 -> 0 | M460: ='RESUMEN TOTAL'!S482 -> 0 | ... AI460: ='RESUMEN TOTAL'!AO482 -> 0 | AJ460: ='RESUMEN TOTAL'!#REF! -> #REF!
A461: ='RESUMEN TOTAL'!A483 -> PARADAS SEGURAS | B461: ='RESUMEN TOTAL'!B483 -> 24 | C461: ='RESUMEN TOTAL'!D483 -> HUDSON Y ALDAO ESTE | D461: ='RESUMEN TOTAL'!E483 -> GFIJA | E461: ='RESUMEN TOTAL'!F483 -> GPON | F461: ='RESUMEN TOTAL'!L483 -> APAGADO | G461: ='RESUMEN TOTAL'!M483 -> APAGADO | H461: ='RESUMEN TOTAL'!N483 -> APAGADO | I461: ='RESUMEN TOTAL'!O483 -> APAGADO | J461: ='RESUMEN TOTAL'!P483 -> 0 | K461: ='RESUMEN TOTAL'!Q483 -> 0 | L461: ='RESUMEN TOTAL'!R483 -> 0 | M461: ='RESUMEN TOTAL'!S483 -> 0 | ... AI461: ='RESUMEN TOTAL'!AO483 -> 0 | AJ461: ='RESUMEN TOTAL'!#REF! -> #REF!
A462: ='RESUMEN TOTAL'!A484 -> PARADAS SEGURAS | B462: ='RESUMEN TOTAL'!B484 -> 24 I | C462: ='RESUMEN TOTAL'!D484 -> HUDSON Y ALDAO ESTE | D462: ='RESUMEN TOTAL'!E484 -> INTERCOMUNICADOR | E462: ='RESUMEN TOTAL'!F484 -> GPON | F462: ='RESUMEN TOTAL'!L484 -> APAGADO | G462: ='RESUMEN TOTAL'!M484 -> APAGADO | H462: ='RESUMEN TOTAL'!N484 -> APAGADO | I462: ='RESUMEN TOTAL'!O484 -> APAGADO | J462: ='RESUMEN TOTAL'!P484 -> 0 | K462: ='RESUMEN TOTAL'!Q484 -> 0 | L462: ='RESUMEN TOTAL'!R484 -> 0 | M462: ='RESUMEN TOTAL'!S484 -> 0 | ... AI462: ='RESUMEN TOTAL'!AO484 -> 0 | AJ462: ='RESUMEN TOTAL'!#REF! -> #REF!
A463: ='RESUMEN TOTAL'!A485 -> PARADAS SEGURAS | B463: ='RESUMEN TOTAL'!B485 -> 25 | C463: ='RESUMEN TOTAL'!D485 -> HUDSON Y RIO JACHAL | D463: ='RESUMEN TOTAL'!E485 -> GFIJA | E463: ='RESUMEN TOTAL'!F485 -> GPON | F463: ='RESUMEN TOTAL'!L485 -> 0 | G463: ='RESUMEN TOTAL'!M485 -> 0 | H463: ='RESUMEN TOTAL'!N485 -> 0 | I463: ='RESUMEN TOTAL'!O485 -> 0 | J463: ='RESUMEN TOTAL'!P485 -> 0 | K463: ='RESUMEN TOTAL'!Q485 -> 0 | L463: ='RESUMEN TOTAL'!R485 -> 0 | M463: ='RESUMEN TOTAL'!S485 -> 0 | ... AI463: ='RESUMEN TOTAL'!AO485 -> 0 | AJ463: ='RESUMEN TOTAL'!#REF! -> #REF!
A464: ='RESUMEN TOTAL'!A486 -> PARADAS SEGURAS | B464: ='RESUMEN TOTAL'!B486 -> 25 I | C464: ='RESUMEN TOTAL'!D486 -> HUDSON Y RIO JACHAL | D464: ='RESUMEN TOTAL'!E486 -> INTERCOMUNICADOR | E464: ='RESUMEN TOTAL'!F486 -> GPON | F464: ='RESUMEN TOTAL'!L486 -> 0 | G464: ='RESUMEN TOTAL'!M486 -> 0 | H464: ='RESUMEN TOTAL'!N486 -> 0 | I464: ='RESUMEN TOTAL'!O486 -> 0 | J464: ='RESUMEN TOTAL'!P486 -> 0 | K464: ='RESUMEN TOTAL'!Q486 -> 0 | L464: ='RESUMEN TOTAL'!R486 -> 0 | M464: ='RESUMEN TOTAL'!S486 -> 0 | ... AI464: ='RESUMEN TOTAL'!AO486 -> 0 | AJ464: ='RESUMEN TOTAL'!#REF! -> #REF!
A465: ='RESUMEN TOTAL'!A487 -> PARADAS SEGURAS | B465: ='RESUMEN TOTAL'!B487 -> 26 | C465: ='RESUMEN TOTAL'!D487 -> HUDSON Y RIO COLORADO OESTE | D465: ='RESUMEN TOTAL'!E487 -> GFIJA | E465: ='RESUMEN TOTAL'!F487 -> GPON | F465: ='RESUMEN TOTAL'!L487 -> 0 | G465: ='RESUMEN TOTAL'!M487 -> 0 | H465: ='RESUMEN TOTAL'!N487 -> 0 | I465: ='RESUMEN TOTAL'!O487 -> 0 | J465: ='RESUMEN TOTAL'!P487 -> 0 | K465: ='RESUMEN TOTAL'!Q487 -> 0 | L465: ='RESUMEN TOTAL'!R487 -> 0 | M465: ='RESUMEN TOTAL'!S487 -> 0 | ... AI465: ='RESUMEN TOTAL'!AO487 -> 0 | AJ465: ='RESUMEN TOTAL'!#REF! -> #REF!
A466: ='RESUMEN TOTAL'!A488 -> PARADAS SEGURAS | B466: ='RESUMEN TOTAL'!B488 -> 26 I | C466: ='RESUMEN TOTAL'!D489 -> HUDON Y 818 ESTE | D466: ='RESUMEN TOTAL'!E488 -> INTERCOMUNICADOR | E466: ='RESUMEN TOTAL'!F488 -> GPON | F466: ='RESUMEN TOTAL'!L488 -> 0 | G466: ='RESUMEN TOTAL'!M488 -> 0 | H466: ='RESUMEN TOTAL'!N488 -> 0 | I466: ='RESUMEN TOTAL'!O488 -> 0 | J466: ='RESUMEN TOTAL'!P488 -> 0 | K466: ='RESUMEN TOTAL'!Q488 -> 0 | L466: ='RESUMEN TOTAL'!R488 -> 0 | M466: ='RESUMEN TOTAL'!S488 -> 0 | ... AI466: ='RESUMEN TOTAL'!AO488 -> 0 | AJ466: ='RESUMEN TOTAL'!#REF! -> #REF!
A467: ='RESUMEN TOTAL'!A489 -> PARADAS SEGURAS | B467: ='RESUMEN TOTAL'!B489 -> 27 | C467: ='RESUMEN TOTAL'!D491 -> HUDSON Y RIO TRAFUL OESTE | D467: ='RESUMEN TOTAL'!E489 -> GFIJA | E467: ='RESUMEN TOTAL'!F489 -> GPON | F467: ='RESUMEN TOTAL'!L489 -> 0 | G467: ='RESUMEN TOTAL'!M489 -> 0 | H467: ='RESUMEN TOTAL'!N489 -> 0 | I467: ='RESUMEN TOTAL'!O489 -> 0 | J467: ='RESUMEN TOTAL'!P489 -> 0 | K467: ='RESUMEN TOTAL'!Q489 -> 0 | L467: ='RESUMEN TOTAL'!R489 -> 0 | M467: ='RESUMEN TOTAL'!S489 -> 0 | ... AI467: ='RESUMEN TOTAL'!AO489 -> 0 | AJ467: ='RESUMEN TOTAL'!#REF! -> #REF!
A468: ='RESUMEN TOTAL'!A490 -> PARADAS SEGURAS | B468: ='RESUMEN TOTAL'!B490 -> 27 I | C468: ='RESUMEN TOTAL'!D493 -> HUDSON Y ESTOMBA ESTE | D468: ='RESUMEN TOTAL'!E490 -> INTERCOMUNICADOR | E468: ='RESUMEN TOTAL'!F490 -> GPON | F468: ='RESUMEN TOTAL'!L490 -> 0 | G468: ='RESUMEN TOTAL'!M490 -> 0 | H468: ='RESUMEN TOTAL'!N490 -> 0 | I468: ='RESUMEN TOTAL'!O490 -> 0 | J468: ='RESUMEN TOTAL'!P490 -> 0 | K468: ='RESUMEN TOTAL'!Q490 -> 0 | L468: ='RESUMEN TOTAL'!R490 -> 0 | M468: ='RESUMEN TOTAL'!S490 -> 0 | ... AI468: ='RESUMEN TOTAL'!AO490 -> 0 | AJ468: ='RESUMEN TOTAL'!#REF! -> #REF!
A469: ='RESUMEN TOTAL'!A491 -> PARADAS SEGURAS | B469: ='RESUMEN TOTAL'!B491 -> 28 | C469: ='RESUMEN TOTAL'!D495 -> HUDSON Y PICHEUTA OESTE | D469: ='RESUMEN TOTAL'!E491 -> GFIJA | E469: ='RESUMEN TOTAL'!F491 -> GPON | F469: ='RESUMEN TOTAL'!L491 -> 0 | G469: ='RESUMEN TOTAL'!M491 -> 0 | H469: ='RESUMEN TOTAL'!N491 -> 0 | I469: ='RESUMEN TOTAL'!O491 -> 0 | J469: ='RESUMEN TOTAL'!P491 -> 0 | K469: ='RESUMEN TOTAL'!Q491 -> 0 | L469: ='RESUMEN TOTAL'!R491 -> 0 | M469: ='RESUMEN TOTAL'!S491 -> 0 | ... AI469: ='RESUMEN TOTAL'!AO491 -> 0 | AJ469: ='RESUMEN TOTAL'!#REF! -> #REF!
A470: ='RESUMEN TOTAL'!A492 -> PARADAS SEGURAS | B470: ='RESUMEN TOTAL'!B492 -> 28 I | C470: ='RESUMEN TOTAL'!D497 -> HUDSON Y 830 ESTE | D470: ='RESUMEN TOTAL'!E492 -> INTERCOMUNICADOR | E470: ='RESUMEN TOTAL'!F492 -> GPON | F470: ='RESUMEN TOTAL'!L492 -> 0 | G470: ='RESUMEN TOTAL'!M492 -> 0 | H470: ='RESUMEN TOTAL'!N492 -> 0 | I470: ='RESUMEN TOTAL'!O492 -> 0 | J470: ='RESUMEN TOTAL'!P492 -> 0 | K470: ='RESUMEN TOTAL'!Q492 -> 0 | L470: ='RESUMEN TOTAL'!R492 -> 0 | M470: ='RESUMEN TOTAL'!S492 -> 0 | ... AI470: ='RESUMEN TOTAL'!AO492 -> 0 | AJ470: ='RESUMEN TOTAL'!#REF! -> #REF!
A471: ='RESUMEN TOTAL'!A493 -> PARADAS SEGURAS | B471: ='RESUMEN TOTAL'!B493 -> 29 | C471: ='RESUMEN TOTAL'!#REF! -> #REF! | D471: ='RESUMEN TOTAL'!E493 -> GFIJA | E471: ='RESUMEN TOTAL'!F493 -> GPON | F471: ='RESUMEN TOTAL'!L493 -> 0 | G471: ='RESUMEN TOTAL'!M493 -> 0 | H471: ='RESUMEN TOTAL'!N493 -> 0 | I471: ='RESUMEN TOTAL'!O493 -> 0 | J471: ='RESUMEN TOTAL'!P493 -> 0 | K471: ='RESUMEN TOTAL'!Q493 -> 0 | L471: ='RESUMEN TOTAL'!R493 -> 0 | M471: ='RESUMEN TOTAL'!S493 -> 0 | ... AI471: ='RESUMEN TOTAL'!AO493 -> 0 | AJ471: ='RESUMEN TOTAL'!#REF! -> #REF!
A472: ='RESUMEN TOTAL'!A494 -> PARADAS SEGURAS | B472: ='RESUMEN TOTAL'!B494 -> 29 I | C472: ='RESUMEN TOTAL'!#REF! -> #REF! | D472: ='RESUMEN TOTAL'!E494 -> INTERCOMUNICADOR | E472: ='RESUMEN TOTAL'!F494 -> GPON | F472: ='RESUMEN TOTAL'!L494 -> 0 | G472: ='RESUMEN TOTAL'!M494 -> 0 | H472: ='RESUMEN TOTAL'!N494 -> 0 | I472: ='RESUMEN TOTAL'!O494 -> 0 | J472: ='RESUMEN TOTAL'!P494 -> 0 | K472: ='RESUMEN TOTAL'!Q494 -> 0 | L472: ='RESUMEN TOTAL'!R494 -> 0 | M472: ='RESUMEN TOTAL'!S494 -> 0 | ... AI472: ='RESUMEN TOTAL'!AO494 -> 0 | AJ472: ='RESUMEN TOTAL'!#REF! -> #REF!
A473: ='RESUMEN TOTAL'!A495 -> PARADAS SEGURAS | B473: ='RESUMEN TOTAL'!B495 -> 30 | C473: ='RESUMEN TOTAL'!#REF! -> #REF! | D473: ='RESUMEN TOTAL'!E495 -> GFIJA | E473: ='RESUMEN TOTAL'!F495 -> GPON | F473: ='RESUMEN TOTAL'!L495 -> APAGADO | G473: ='RESUMEN TOTAL'!M495 -> APAGADO | H473: ='RESUMEN TOTAL'!N495 -> APAGADO | I473: ='RESUMEN TOTAL'!O495 -> APAGADO | J473: ='RESUMEN TOTAL'!P495 -> APAGADO | K473: ='RESUMEN TOTAL'!Q495 -> APAGADO | L473: ='RESUMEN TOTAL'!R495 -> APAGADO | M473: ='RESUMEN TOTAL'!S495 -> APAGADO | ... AI473: ='RESUMEN TOTAL'!AO495 -> 0 | AJ473: ='RESUMEN TOTAL'!#REF! -> #REF!
A474: ='RESUMEN TOTAL'!A496 -> PARADAS SEGURAS | B474: ='RESUMEN TOTAL'!B496 -> 30 I | C474: ='RESUMEN TOTAL'!D496 -> HUDSON Y PICHEUTA OESTE | D474: ='RESUMEN TOTAL'!E496 -> INTERCOMUNICADOR | E474: ='RESUMEN TOTAL'!F496 -> GPON | F474: ='RESUMEN TOTAL'!L496 -> APAGADO | G474: ='RESUMEN TOTAL'!M496 -> APAGADO | H474: ='RESUMEN TOTAL'!N496 -> APAGADO | I474: ='RESUMEN TOTAL'!O496 -> APAGADO | J474: ='RESUMEN TOTAL'!P496 -> APAGADO | K474: ='RESUMEN TOTAL'!Q496 -> APAGADO | L474: ='RESUMEN TOTAL'!R496 -> APAGADO | M474: ='RESUMEN TOTAL'!S496 -> APAGADO | ... AI474: ='RESUMEN TOTAL'!AO496 -> 0 | AJ474: ='RESUMEN TOTAL'!#REF! -> #REF!
A475: ='RESUMEN TOTAL'!A497 -> PARADAS SEGURAS | B475: ='RESUMEN TOTAL'!B497 -> 31 | C475: ='RESUMEN TOTAL'!#REF! -> #REF! | D475: ='RESUMEN TOTAL'!E497 -> GFIJA | E475: ='RESUMEN TOTAL'!F497 -> GPON | F475: ='RESUMEN TOTAL'!L497 -> APAGADO | G475: ='RESUMEN TOTAL'!M497 -> 0 | H475: ='RESUMEN TOTAL'!N497 -> APAGADO | I475: ='RESUMEN TOTAL'!O497 -> 0 | J475: ='RESUMEN TOTAL'!P497 -> APAGADO | K475: ='RESUMEN TOTAL'!Q497 -> 0 | L475: ='RESUMEN TOTAL'!R497 -> APAGADO | M475: ='RESUMEN TOTAL'!S497 -> 0 | ... AI475: ='RESUMEN TOTAL'!AO497 -> 0 | AJ475: ='RESUMEN TOTAL'!#REF! -> #REF!
A476: ='RESUMEN TOTAL'!A498 -> PARADAS SEGURAS | B476: ='RESUMEN TOTAL'!B498 -> 31 I | C476: ='RESUMEN TOTAL'!#REF! -> #REF! | D476: ='RESUMEN TOTAL'!E498 -> INTERCOMUNICADOR | E476: ='RESUMEN TOTAL'!F498 -> GPON | F476: ='RESUMEN TOTAL'!L498 -> APAGADO | G476: ='RESUMEN TOTAL'!M498 -> 0 | H476: ='RESUMEN TOTAL'!N498 -> APAGADO | I476: ='RESUMEN TOTAL'!O498 -> 0 | J476: ='RESUMEN TOTAL'!P498 -> APAGADO | K476: ='RESUMEN TOTAL'!Q498 -> 0 | L476: ='RESUMEN TOTAL'!R498 -> APAGADO | M476: ='RESUMEN TOTAL'!S498 -> 0 | ... AI476: ='RESUMEN TOTAL'!AO498 -> 0 | AJ476: ='RESUMEN TOTAL'!#REF! -> #REF!
A477: ='RESUMEN TOTAL'!A499 -> PARADAS SEGURAS | B477: ='RESUMEN TOTAL'!B499 -> 32 C | C477: ='RESUMEN TOTAL'!D499 -> Hudson y 834 oeste | D477: ='RESUMEN TOTAL'!E499 -> GFIJA | E477: ='RESUMEN TOTAL'!F499 -> GPON | F477: ='RESUMEN TOTAL'!L499 -> 0 | G477: ='RESUMEN TOTAL'!M499 -> 0 | H477: ='RESUMEN TOTAL'!N499 -> 0 | I477: ='RESUMEN TOTAL'!O499 -> APAGADO | J477: ='RESUMEN TOTAL'!P499 -> 0 | K477: ='RESUMEN TOTAL'!Q499 -> 0 | L477: ='RESUMEN TOTAL'!R499 -> 0 | M477: ='RESUMEN TOTAL'!S499 -> 0 | ... AI477: ='RESUMEN TOTAL'!AO499 -> 0 | AJ477: ='RESUMEN TOTAL'!#REF! -> #REF!
A478: ='RESUMEN TOTAL'!A500 -> PARADAS SEGURAS | B478: ='RESUMEN TOTAL'!B500 -> 32 I | C478: ='RESUMEN TOTAL'!D500 -> Hudson y 834 oeste | D478: ='RESUMEN TOTAL'!E500 -> INTERCOMUNICADOR | E478: ='RESUMEN TOTAL'!F500 -> GPON | F478: ='RESUMEN TOTAL'!L500 -> 0 | G478: ='RESUMEN TOTAL'!M500 -> 0 | H478: ='RESUMEN TOTAL'!N500 -> 0 | I478: ='RESUMEN TOTAL'!O500 -> APAGADO | J478: ='RESUMEN TOTAL'!P500 -> 0 | K478: ='RESUMEN TOTAL'!Q500 -> 0 | L478: ='RESUMEN TOTAL'!R500 -> 0 | M478: ='RESUMEN TOTAL'!S500 -> 0 | ... AI478: ='RESUMEN TOTAL'!AO500 -> 0 | AJ478: ='RESUMEN TOTAL'!#REF! -> #REF!
A479: ='RESUMEN TOTAL'!A501 -> PARADAS SEGURAS | B479: ='RESUMEN TOTAL'!B501 -> 33 C | C479: ='RESUMEN TOTAL'!D501 -> Hudson y 834 este | D479: ='RESUMEN TOTAL'!E501 -> GFIJA | E479: ='RESUMEN TOTAL'!F501 -> GPON | F479: ='RESUMEN TOTAL'!L501 -> 0 | G479: ='RESUMEN TOTAL'!M501 -> 0 | H479: ='RESUMEN TOTAL'!N501 -> 0 | I479: ='RESUMEN TOTAL'!O501 -> 0 | J479: ='RESUMEN TOTAL'!P501 -> 0 | K479: ='RESUMEN TOTAL'!Q501 -> 0 | L479: ='RESUMEN TOTAL'!R501 -> 0 | M479: ='RESUMEN TOTAL'!S501 -> 0 | ... AI479: ='RESUMEN TOTAL'!AO501 -> 0 | AJ479: ='RESUMEN TOTAL'!#REF! -> #REF!
A480: ='RESUMEN TOTAL'!A502 -> PARADAS SEGURAS | B480: ='RESUMEN TOTAL'!B502 -> 33 I | C480: ='RESUMEN TOTAL'!D502 -> Hudson y 834 este | D480: ='RESUMEN TOTAL'!E502 -> INTERCOMUNICADOR | E480: ='RESUMEN TOTAL'!F502 -> GPON | F480: ='RESUMEN TOTAL'!L502 -> 0 | G480: ='RESUMEN TOTAL'!M502 -> 0 | H480: ='RESUMEN TOTAL'!N502 -> 0 | I480: ='RESUMEN TOTAL'!O502 -> 0 | J480: ='RESUMEN TOTAL'!P502 -> 0 | K480: ='RESUMEN TOTAL'!Q502 -> 0 | L480: ='RESUMEN TOTAL'!R502 -> 0 | M480: ='RESUMEN TOTAL'!S502 -> 0 | ... AI480: ='RESUMEN TOTAL'!AO502 -> 0 | AJ480: ='RESUMEN TOTAL'!#REF! -> #REF!
A481: ='RESUMEN TOTAL'!A503 -> PARADAS SEGURAS | B481: ='RESUMEN TOTAL'!B503 -> 34 C | C481: ='RESUMEN TOTAL'!D503 -> Hudson y Suipacha oeste | D481: ='RESUMEN TOTAL'!E503 -> GFIJA | E481: ='RESUMEN TOTAL'!F503 -> GPON | F481: ='RESUMEN TOTAL'!L503 -> 0 | G481: ='RESUMEN TOTAL'!M503 -> 0 | H481: ='RESUMEN TOTAL'!N503 -> 0 | I481: ='RESUMEN TOTAL'!O503 -> 0 | J481: ='RESUMEN TOTAL'!P503 -> 0 | K481: ='RESUMEN TOTAL'!Q503 -> 0 | L481: ='RESUMEN TOTAL'!R503 -> 0 | M481: ='RESUMEN TOTAL'!S503 -> 0 | ... AI481: ='RESUMEN TOTAL'!AO503 -> 0 | AJ481: ='RESUMEN TOTAL'!#REF! -> #REF!
A482: ='RESUMEN TOTAL'!A504 -> PARADAS SEGURAS | B482: ='RESUMEN TOTAL'!B504 -> 34 I | C482: ='RESUMEN TOTAL'!D504 -> Hudson y Suipacha oeste | D482: ='RESUMEN TOTAL'!E504 -> INTERCOMUNICADOR | E482: ='RESUMEN TOTAL'!F504 -> GPON | F482: ='RESUMEN TOTAL'!L504 -> 0 | G482: ='RESUMEN TOTAL'!M504 -> 0 | H482: ='RESUMEN TOTAL'!N504 -> 0 | I482: ='RESUMEN TOTAL'!O504 -> 0 | J482: ='RESUMEN TOTAL'!P504 -> 0 | K482: ='RESUMEN TOTAL'!Q504 -> 0 | L482: ='RESUMEN TOTAL'!R504 -> 0 | M482: ='RESUMEN TOTAL'!S504 -> 0 | ... AI482: ='RESUMEN TOTAL'!AO504 -> 0 | AJ482: ='RESUMEN TOTAL'!#REF! -> #REF!
A483: ='RESUMEN TOTAL'!A505 -> PARADAS SEGURAS | B483: ='RESUMEN TOTAL'!B505 -> 35 C | C483: ='RESUMEN TOTAL'!D505 -> Hudson y Suipacha este | D483: ='RESUMEN TOTAL'!E505 -> GFIJA | E483: ='RESUMEN TOTAL'!F505 -> GPON | F483: ='RESUMEN TOTAL'!L505 -> APAGADO | G483: ='RESUMEN TOTAL'!M505 -> APAGADO | H483: ='RESUMEN TOTAL'!N505 -> 0 | I483: ='RESUMEN TOTAL'!O505 -> APAGADO | J483: ='RESUMEN TOTAL'!P505 -> APAGADO | K483: ='RESUMEN TOTAL'!Q505 -> APAGADO | L483: ='RESUMEN TOTAL'!R505 -> APAGADO | M483: ='RESUMEN TOTAL'!S505 -> APAGADO | ... AI483: ='RESUMEN TOTAL'!AO505 -> 0 | AJ483: ='RESUMEN TOTAL'!#REF! -> #REF!
A484: ='RESUMEN TOTAL'!A506 -> PARADAS SEGURAS | B484: ='RESUMEN TOTAL'!B506 -> 35 I | C484: ='RESUMEN TOTAL'!D506 -> Hudson y Suipacha este | D484: ='RESUMEN TOTAL'!E506 -> INTERCOMUNICADOR | E484: ='RESUMEN TOTAL'!F506 -> GPON | F484: ='RESUMEN TOTAL'!L506 -> 0 | G484: ='RESUMEN TOTAL'!M506 -> 0 | H484: ='RESUMEN TOTAL'!N506 -> APAGADO | I484: ='RESUMEN TOTAL'!O506 -> 0 | J484: ='RESUMEN TOTAL'!P506 -> 0 | K484: ='RESUMEN TOTAL'!Q506 -> 0 | L484: ='RESUMEN TOTAL'!R506 -> 0 | M484: ='RESUMEN TOTAL'!S506 -> 0 | ... AI484: ='RESUMEN TOTAL'!AO506 -> 0 | AJ484: ='RESUMEN TOTAL'!#REF! -> #REF!
A485: ='RESUMEN TOTAL'!#REF! -> #REF! | B485: ='RESUMEN TOTAL'!#REF! -> #REF! | C485: ='RESUMEN TOTAL'!#REF! -> #REF! | D485: ='RESUMEN TOTAL'!#REF! -> #REF! | E485: ='RESUMEN TOTAL'!#REF! -> #REF! | F485: ='RESUMEN TOTAL'!#REF! -> #REF! | G485: ='RESUMEN TOTAL'!#REF! -> #REF! | H485: ='RESUMEN TOTAL'!#REF! -> #REF! | ... AJ485: ='RESUMEN TOTAL'!#REF! -> #REF!
A486: ='RESUMEN TOTAL'!#REF! -> #REF! | B486: ='RESUMEN TOTAL'!#REF! -> #REF! | C486: ='RESUMEN TOTAL'!#REF! -> #REF! | D486: ='RESUMEN TOTAL'!#REF! -> #REF! | E486: ='RESUMEN TOTAL'!#REF! -> #REF! | F486: ='RESUMEN TOTAL'!#REF! -> #REF! | G486: ='RESUMEN TOTAL'!#REF! -> #REF! | H486: ='RESUMEN TOTAL'!#REF! -> #REF! | ... AJ486: ='RESUMEN TOTAL'!#REF! -> #REF!
A487: ='RESUMEN TOTAL'!A507 -> PARADAS SEGURAS | B487: ='RESUMEN TOTAL'!B507 -> 37 C | C487: ='RESUMEN TOTAL'!D507 -> Hudson y Jose Ingeniero Este | D487: ='RESUMEN TOTAL'!E507 -> GFIJA | E487: ='RESUMEN TOTAL'!F507 -> GPON | F487: ='RESUMEN TOTAL'!L507 -> 0 | G487: ='RESUMEN TOTAL'!M507 -> 0 | H487: ='RESUMEN TOTAL'!N507 -> 0 | I487: ='RESUMEN TOTAL'!O507 -> 0 | J487: ='RESUMEN TOTAL'!P507 -> 0 | K487: ='RESUMEN TOTAL'!Q507 -> 0 | L487: ='RESUMEN TOTAL'!R507 -> 0 | M487: ='RESUMEN TOTAL'!S507 -> 0 | ... AI487: ='RESUMEN TOTAL'!AO507 -> 0 | AJ487: ='RESUMEN TOTAL'!#REF! -> #REF!
A488: ='RESUMEN TOTAL'!A508 -> PARADAS SEGURAS | B488: ='RESUMEN TOTAL'!B508 -> 37 I | C488: ='RESUMEN TOTAL'!D508 -> Hudson y Jose Ingeniero Este | D488: ='RESUMEN TOTAL'!E508 -> INTERCOMUNICADOR | E488: ='RESUMEN TOTAL'!F508 -> GPON | F488: ='RESUMEN TOTAL'!L508 -> 0 | G488: ='RESUMEN TOTAL'!M508 -> 0 | H488: ='RESUMEN TOTAL'!N508 -> 0 | I488: ='RESUMEN TOTAL'!O508 -> 0 | J488: ='RESUMEN TOTAL'!P508 -> 0 | K488: ='RESUMEN TOTAL'!Q508 -> 0 | L488: ='RESUMEN TOTAL'!R508 -> 0 | M488: ='RESUMEN TOTAL'!S508 -> 0 | ... AI488: ='RESUMEN TOTAL'!AO508 -> 0 | AJ488: ='RESUMEN TOTAL'!#REF! -> #REF!
A489: ='RESUMEN TOTAL'!A509 -> PARADAS SEGURAS | B489: ='RESUMEN TOTAL'!B509 -> 38 C | C489: ='RESUMEN TOTAL'!D509 -> Hudson y Cacheuta Oeste | D489: ='RESUMEN TOTAL'!E509 -> GFIJA | E489: ='RESUMEN TOTAL'!F509 -> GPON | F489: ='RESUMEN TOTAL'!L509 -> 0 | G489: ='RESUMEN TOTAL'!M509 -> 0 | H489: ='RESUMEN TOTAL'!N509 -> 0 | I489: ='RESUMEN TOTAL'!O509 -> 0 | J489: ='RESUMEN TOTAL'!P509 -> 0 | K489: ='RESUMEN TOTAL'!Q509 -> 0 | L489: ='RESUMEN TOTAL'!R509 -> 0 | M489: ='RESUMEN TOTAL'!S509 -> 0 | ... AI489: ='RESUMEN TOTAL'!AO509 -> 0 | AJ489: ='RESUMEN TOTAL'!#REF! -> #REF!
A490: ='RESUMEN TOTAL'!A510 -> PARADAS SEGURAS | B490: ='RESUMEN TOTAL'!B510 -> 38 I | C490: ='RESUMEN TOTAL'!D510 -> Hudson y Cacheuta Oeste | D490: ='RESUMEN TOTAL'!E510 -> INTERCOMUNICADOR | E490: ='RESUMEN TOTAL'!F510 -> GPON | F490: ='RESUMEN TOTAL'!L510 -> 0 | G490: ='RESUMEN TOTAL'!M510 -> 0 | H490: ='RESUMEN TOTAL'!N510 -> 0 | I490: ='RESUMEN TOTAL'!O510 -> 0 | J490: ='RESUMEN TOTAL'!P510 -> 0 | K490: ='RESUMEN TOTAL'!Q510 -> 0 | L490: ='RESUMEN TOTAL'!R510 -> 0 | M490: ='RESUMEN TOTAL'!S510 -> 0 | ... AI490: ='RESUMEN TOTAL'!AO510 -> 0 | AJ490: ='RESUMEN TOTAL'!#REF! -> #REF!
A491: ='RESUMEN TOTAL'!A511 -> PARADAS SEGURAS | B491: ='RESUMEN TOTAL'!B511 -> 39 C | C491: ='RESUMEN TOTAL'!D511 -> Hudson y Groussac Este | D491: ='RESUMEN TOTAL'!E511 -> GFIJA | E491: ='RESUMEN TOTAL'!F511 -> GPON | F491: ='RESUMEN TOTAL'!L511 -> 0 | G491: ='RESUMEN TOTAL'!M511 -> APAGADO | H491: ='RESUMEN TOTAL'!N511 -> APAGADO | I491: ='RESUMEN TOTAL'!O511 -> APAGADO | J491: ='RESUMEN TOTAL'!P511 -> 0 | K491: ='RESUMEN TOTAL'!Q511 -> 0 | L491: ='RESUMEN TOTAL'!R511 -> 0 | M491: ='RESUMEN TOTAL'!S511 -> 0 | ... AI491: ='RESUMEN TOTAL'!AO511 -> 0 | AJ491: ='RESUMEN TOTAL'!#REF! -> #REF!
A492: ='RESUMEN TOTAL'!A512 -> PARADAS SEGURAS | B492: ='RESUMEN TOTAL'!B512 -> 39 I | C492: ='RESUMEN TOTAL'!D512 -> Hudson y Groussac Este | D492: ='RESUMEN TOTAL'!E512 -> INTERCOMUNICADOR | E492: ='RESUMEN TOTAL'!F512 -> GPON | F492: ='RESUMEN TOTAL'!L512 -> 0 | G492: ='RESUMEN TOTAL'!M512 -> APAGADO | H492: ='RESUMEN TOTAL'!N512 -> APAGADO | I492: ='RESUMEN TOTAL'!O512 -> APAGADO | J492: ='RESUMEN TOTAL'!P512 -> 0 | K492: ='RESUMEN TOTAL'!Q512 -> 0 | L492: ='RESUMEN TOTAL'!R512 -> 0 | M492: ='RESUMEN TOTAL'!S512 -> 0 | ... AI492: ='RESUMEN TOTAL'!AO512 -> 0 | AJ492: ='RESUMEN TOTAL'!#REF! -> #REF!
A493: ='RESUMEN TOTAL'!A513 -> PARADAS SEGURAS | B493: ='RESUMEN TOTAL'!B513 -> 40 C | C493: ='RESUMEN TOTAL'!D513 -> Hudson y Groussac Oeste | D493: ='RESUMEN TOTAL'!E513 -> GFIJA | E493: ='RESUMEN TOTAL'!F513 -> GPON | F493: ='RESUMEN TOTAL'!L513 -> 0 | G493: ='RESUMEN TOTAL'!M513 -> 0 | H493: ='RESUMEN TOTAL'!N513 -> 0 | I493: ='RESUMEN TOTAL'!O513 -> 0 | J493: ='RESUMEN TOTAL'!P513 -> 0 | K493: ='RESUMEN TOTAL'!Q513 -> 0 | L493: ='RESUMEN TOTAL'!R513 -> 0 | M493: ='RESUMEN TOTAL'!S513 -> 0 | ... AI493: ='RESUMEN TOTAL'!AO513 -> 0 | AJ493: ='RESUMEN TOTAL'!#REF! -> #REF!
A494: ='RESUMEN TOTAL'!A514 -> PARADAS SEGURAS | B494: ='RESUMEN TOTAL'!B514 -> 40 I | C494: ='RESUMEN TOTAL'!D514 -> Hudson y Groussac Oeste | D494: ='RESUMEN TOTAL'!E514 -> INTERCOMUNICADOR | E494: ='RESUMEN TOTAL'!F514 -> GPON | F494: ='RESUMEN TOTAL'!L514 -> 0 | G494: ='RESUMEN TOTAL'!M514 -> 0 | H494: ='RESUMEN TOTAL'!N514 -> 0 | I494: ='RESUMEN TOTAL'!O514 -> 0 | J494: ='RESUMEN TOTAL'!P514 -> 0 | K494: ='RESUMEN TOTAL'!Q514 -> 0 | L494: ='RESUMEN TOTAL'!R514 -> 0 | M494: ='RESUMEN TOTAL'!S514 -> 0 | ... AI494: ='RESUMEN TOTAL'!AO514 -> 0 | AJ494: ='RESUMEN TOTAL'!#REF! -> #REF!
A495: ='RESUMEN TOTAL'!A515 -> PARADAS SEGURAS | B495: ='RESUMEN TOTAL'!B515 -> 41 C | C495: ='RESUMEN TOTAL'!D515 -> Hudson y Dumas Este | D495: ='RESUMEN TOTAL'!E515 -> GFIJA | E495: ='RESUMEN TOTAL'!F515 -> GPON | F495: ='RESUMEN TOTAL'!L515 -> 0 | G495: ='RESUMEN TOTAL'!M515 -> 0 | H495: ='RESUMEN TOTAL'!N515 -> 0 | I495: ='RESUMEN TOTAL'!O515 -> 0 | J495: ='RESUMEN TOTAL'!P515 -> 0 | K495: ='RESUMEN TOTAL'!Q515 -> 0 | L495: ='RESUMEN TOTAL'!R515 -> 0 | M495: ='RESUMEN TOTAL'!S515 -> 0 | ... AI495: ='RESUMEN TOTAL'!AO515 -> 0 | AJ495: ='RESUMEN TOTAL'!#REF! -> #REF!
A496: ='RESUMEN TOTAL'!A516 -> PARADAS SEGURAS | B496: ='RESUMEN TOTAL'!B516 -> 41 I | C496: ='RESUMEN TOTAL'!D516 -> Hudson y Dumas Este | D496: ='RESUMEN TOTAL'!E516 -> INTERCOMUNICADOR | E496: ='RESUMEN TOTAL'!F516 -> GPON | F496: ='RESUMEN TOTAL'!L516 -> 0 | G496: ='RESUMEN TOTAL'!M516 -> 0 | H496: ='RESUMEN TOTAL'!N516 -> 0 | I496: ='RESUMEN TOTAL'!O516 -> 0 | J496: ='RESUMEN TOTAL'!P516 -> 0 | K496: ='RESUMEN TOTAL'!Q516 -> 0 | L496: ='RESUMEN TOTAL'!R516 -> 0 | M496: ='RESUMEN TOTAL'!S516 -> 0 | ... AI496: ='RESUMEN TOTAL'!AO516 -> 0 | AJ496: ='RESUMEN TOTAL'!#REF! -> #REF!
A497: ='RESUMEN TOTAL'!A517 -> PARADAS SEGURAS | B497: ='RESUMEN TOTAL'!B517 -> 42 C | C497: ='RESUMEN TOTAL'!D517 -> Hudson y Dumas Oeste | D497: ='RESUMEN TOTAL'!E517 -> GFIJA | E497: ='RESUMEN TOTAL'!F517 -> GPON | F497: ='RESUMEN TOTAL'!L517 -> 0 | G497: ='RESUMEN TOTAL'!M517 -> 0 | H497: ='RESUMEN TOTAL'!N517 -> 0 | I497: ='RESUMEN TOTAL'!O517 -> 0 | J497: ='RESUMEN TOTAL'!P517 -> 0 | K497: ='RESUMEN TOTAL'!Q517 -> 0 | L497: ='RESUMEN TOTAL'!R517 -> 0 | M497: ='RESUMEN TOTAL'!S517 -> 0 | ... AI497: ='RESUMEN TOTAL'!AO517 -> 0 | AJ497: ='RESUMEN TOTAL'!#REF! -> #REF!
A498: ='RESUMEN TOTAL'!A518 -> PARADAS SEGURAS | B498: ='RESUMEN TOTAL'!B518 -> 42 I | C498: ='RESUMEN TOTAL'!D518 -> Hudson y Dumas Oeste | D498: ='RESUMEN TOTAL'!E518 -> INTERCOMUNICADOR | E498: ='RESUMEN TOTAL'!F518 -> GPON | F498: ='RESUMEN TOTAL'!L518 -> 0 | G498: ='RESUMEN TOTAL'!M518 -> 0 | H498: ='RESUMEN TOTAL'!N518 -> 0 | I498: ='RESUMEN TOTAL'!O518 -> 0 | J498: ='RESUMEN TOTAL'!P518 -> 0 | K498: ='RESUMEN TOTAL'!Q518 -> 0 | L498: ='RESUMEN TOTAL'!R518 -> 0 | M498: ='RESUMEN TOTAL'!S518 -> 0 | ... AI498: ='RESUMEN TOTAL'!AO518 -> 0 | AJ498: ='RESUMEN TOTAL'!#REF! -> #REF!
... A500: ='RESUMEN TOTAL'!A520 -> PARADAS SEGURAS | B500: ='RESUMEN TOTAL'!B520 -> 43 I | C500: ='RESUMEN TOTAL'!D520 -> Hudson y Manuel de Falla Este | D500: ='RESUMEN TOTAL'!E520 -> INTERCOMUNICADOR | E500: ='RESUMEN TOTAL'!F520 -> GPON | F500: ='RESUMEN TOTAL'!L520 -> 0 | G500: ='RESUMEN TOTAL'!M520 -> 0 | H500: ='RESUMEN TOTAL'!N520 -> 0 | I500: ='RESUMEN TOTAL'!O520 -> 0 | J500: ='RESUMEN TOTAL'!P520 -> 0 | K500: ='RESUMEN TOTAL'!Q520 -> 0 | L500: ='RESUMEN TOTAL'!R520 -> 0 | M500: ='RESUMEN TOTAL'!S520 -> 0 | ... AI500: ='RESUMEN TOTAL'!AO520 -> 0 | AJ500: ='RESUMEN TOTAL'!#REF! -> #REF!
A501: ='RESUMEN TOTAL'!#REF! -> #REF! | B501: ='RESUMEN TOTAL'!#REF! -> #REF! | C501: ='RESUMEN TOTAL'!#REF! -> #REF! | D501: ='RESUMEN TOTAL'!#REF! -> #REF! | E501: ='RESUMEN TOTAL'!#REF! -> #REF! | F501: ='RESUMEN TOTAL'!#REF! -> #REF! | G501: ='RESUMEN TOTAL'!#REF! -> #REF! | H501: ='RESUMEN TOTAL'!#REF! -> #REF! | ... AJ501: ='RESUMEN TOTAL'!#REF! -> #REF!
A502: ='RESUMEN TOTAL'!#REF! -> #REF! | B502: ='RESUMEN TOTAL'!#REF! -> #REF! | C502: ='RESUMEN TOTAL'!#REF! -> #REF! | D502: ='RESUMEN TOTAL'!#REF! -> #REF! | E502: ='RESUMEN TOTAL'!#REF! -> #REF! | F502: ='RESUMEN TOTAL'!#REF! -> #REF! | G502: ='RESUMEN TOTAL'!#REF! -> #REF! | H502: ='RESUMEN TOTAL'!#REF! -> #REF! | ... AJ502: ='RESUMEN TOTAL'!#REF! -> #REF!
A503: ='RESUMEN TOTAL'!A521 -> PARADAS SEGURAS | B503: ='RESUMEN TOTAL'!B521 -> 45 C | C503: ='RESUMEN TOTAL'!D521 -> Hudson y Benito Perez Galdos Este | D503: ='RESUMEN TOTAL'!E521 -> GFIJA | E503: ='RESUMEN TOTAL'!F521 -> GPON | F503: ='RESUMEN TOTAL'!L521 -> 0 | G503: ='RESUMEN TOTAL'!M521 -> 0 | H503: ='RESUMEN TOTAL'!N521 -> 0 | I503: ='RESUMEN TOTAL'!O521 -> 0 | J503: ='RESUMEN TOTAL'!P521 -> 0 | K503: ='RESUMEN TOTAL'!Q521 -> 0 | L503: ='RESUMEN TOTAL'!R521 -> 0 | M503: ='RESUMEN TOTAL'!S521 -> 0 | ... AI503: ='RESUMEN TOTAL'!AO521 -> 0 | AJ503: ='RESUMEN TOTAL'!#REF! -> #REF!
A504: ='RESUMEN TOTAL'!A522 -> PARADAS SEGURAS | B504: ='RESUMEN TOTAL'!B522 -> 45 I | C504: ='RESUMEN TOTAL'!D522 -> Hudson y Benito Perez Galdos Este | D504: ='RESUMEN TOTAL'!E522 -> INTERCOMUNICADOR | E504: ='RESUMEN TOTAL'!F522 -> GPON | F504: ='RESUMEN TOTAL'!L522 -> 0 | G504: ='RESUMEN TOTAL'!M522 -> 0 | H504: ='RESUMEN TOTAL'!N522 -> 0 | I504: ='RESUMEN TOTAL'!O522 -> 0 | J504: ='RESUMEN TOTAL'!P522 -> 0 | K504: ='RESUMEN TOTAL'!Q522 -> 0 | L504: ='RESUMEN TOTAL'!R522 -> 0 | M504: ='RESUMEN TOTAL'!S522 -> 0 | ... AI504: ='RESUMEN TOTAL'!AO522 -> 0 | AJ504: ='RESUMEN TOTAL'!#REF! -> #REF!
A505: ='RESUMEN TOTAL'!A523 -> PARADAS SEGURAS | B505: ='RESUMEN TOTAL'!B523 -> 46 C | C505: ='RESUMEN TOTAL'!D523 -> Hudson y Avenida Bosques Este | D505: ='RESUMEN TOTAL'!E523 -> GFIJA | E505: ='RESUMEN TOTAL'!F523 -> GPON | F505: ='RESUMEN TOTAL'!L523 -> 0 | G505: ='RESUMEN TOTAL'!M523 -> 0 | H505: ='RESUMEN TOTAL'!N523 -> 0 | I505: ='RESUMEN TOTAL'!O523 -> 0 | J505: ='RESUMEN TOTAL'!P523 -> 0 | K505: ='RESUMEN TOTAL'!Q523 -> 0 | L505: ='RESUMEN TOTAL'!R523 -> 0 | M505: ='RESUMEN TOTAL'!S523 -> 0 | ... AI505: ='RESUMEN TOTAL'!AO523 -> 0 | AJ505: ='RESUMEN TOTAL'!#REF! -> #REF!
A506: ='RESUMEN TOTAL'!A524 -> PARADAS SEGURAS | B506: ='RESUMEN TOTAL'!B524 -> 46 I | C506: ='RESUMEN TOTAL'!D524 -> Hudson y Avenida Bosques Este | D506: ='RESUMEN TOTAL'!E524 -> INTERCOMUNICADOR | E506: ='RESUMEN TOTAL'!F524 -> GPON | F506: ='RESUMEN TOTAL'!L524 -> 0 | G506: ='RESUMEN TOTAL'!M524 -> 0 | H506: ='RESUMEN TOTAL'!N524 -> 0 | I506: ='RESUMEN TOTAL'!O524 -> 0 | J506: ='RESUMEN TOTAL'!P524 -> 0 | K506: ='RESUMEN TOTAL'!Q524 -> 0 | L506: ='RESUMEN TOTAL'!R524 -> 0 | M506: ='RESUMEN TOTAL'!S524 -> 0 | ... AI506: ='RESUMEN TOTAL'!AO524 -> 0 | AJ506: ='RESUMEN TOTAL'!#REF! -> #REF!
A507: ='RESUMEN TOTAL'!A525 -> PARADAS SEGURAS | B507: ='RESUMEN TOTAL'!B525 -> 47 C | C507: ='RESUMEN TOTAL'!D525 -> Hudson y Avenida Bosques Oeste | D507: ='RESUMEN TOTAL'!E525 -> GFIJA | E507: ='RESUMEN TOTAL'!F525 -> GPON | F507: ='RESUMEN TOTAL'!L525 -> 0 | G507: ='RESUMEN TOTAL'!M525 -> 0 | H507: ='RESUMEN TOTAL'!N525 -> 0 | I507: ='RESUMEN TOTAL'!O525 -> 0 | J507: ='RESUMEN TOTAL'!P525 -> 0 | K507: ='RESUMEN TOTAL'!Q525 -> 0 | L507: ='RESUMEN TOTAL'!R525 -> 0 | M507: ='RESUMEN TOTAL'!S525 -> 0 | ... AI507: ='RESUMEN TOTAL'!AO525 -> 0 | AJ507: ='RESUMEN TOTAL'!#REF! -> #REF!
A508: ='RESUMEN TOTAL'!A526 -> PARADAS SEGURAS | B508: ='RESUMEN TOTAL'!B526 -> 47 I | C508: ='RESUMEN TOTAL'!D526 -> Hudson y Avenida Bosques Oeste | D508: ='RESUMEN TOTAL'!E526 -> INTERCOMUNICADOR | E508: ='RESUMEN TOTAL'!F526 -> GPON | F508: ='RESUMEN TOTAL'!L526 -> 0 | G508: ='RESUMEN TOTAL'!M526 -> 0 | H508: ='RESUMEN TOTAL'!N526 -> 0 | I508: ='RESUMEN TOTAL'!O526 -> 0 | J508: ='RESUMEN TOTAL'!P526 -> 0 | K508: ='RESUMEN TOTAL'!Q526 -> 0 | L508: ='RESUMEN TOTAL'!R526 -> 0 | M508: ='RESUMEN TOTAL'!S526 -> 0 | ... AI508: ='RESUMEN TOTAL'!AO526 -> 0 | AJ508: ='RESUMEN TOTAL'!#REF! -> #REF!
A509: ='RESUMEN TOTAL'!A527 -> 0 | B509: ='RESUMEN TOTAL'!B527 -> 0 | C509: ='RESUMEN TOTAL'!D527 -> 0 | D509: ='RESUMEN TOTAL'!E527 -> 0 | E509: ='RESUMEN TOTAL'!F527 -> 0 | F509: ='RESUMEN TOTAL'!L527 -> 0 | G509: ='RESUMEN TOTAL'!M527 -> 0 | H509: ='RESUMEN TOTAL'!N527 -> 0 | I509: ='RESUMEN TOTAL'!O527 -> 0 | J509: ='RESUMEN TOTAL'!P527 -> 0 | K509: ='RESUMEN TOTAL'!Q527 -> 0 | L509: ='RESUMEN TOTAL'!R527 -> 0 | M509: ='RESUMEN TOTAL'!S527 -> 0 | ... AI509: ='RESUMEN TOTAL'!AO527 -> 0 | AJ509: ='RESUMEN TOTAL'!#REF! -> #REF!
A510: ='RESUMEN TOTAL'!A528 -> 0 | B510: ='RESUMEN TOTAL'!B528 -> 0 | C510: ='RESUMEN TOTAL'!D528 -> 0 | D510: ='RESUMEN TOTAL'!E528 -> 0 | E510: ='RESUMEN TOTAL'!F528 -> 0 | F510: ='RESUMEN TOTAL'!L528 -> 0 | G510: ='RESUMEN TOTAL'!M528 -> 0 | H510: ='RESUMEN TOTAL'!N528 -> 0 | I510: ='RESUMEN TOTAL'!O528 -> 0 | J510: ='RESUMEN TOTAL'!P528 -> 0 | K510: ='RESUMEN TOTAL'!Q528 -> 0 | L510: ='RESUMEN TOTAL'!R528 -> 0 | M510: ='RESUMEN TOTAL'!S528 -> 0 | ... AI510: ='RESUMEN TOTAL'!AO528 -> 0 | AJ510: ='RESUMEN TOTAL'!#REF! -> #REF!
A511: ='RESUMEN TOTAL'!A529 -> 0 | B511: ='RESUMEN TOTAL'!B529 -> 0 | C511: ='RESUMEN TOTAL'!D529 -> 0 | D511: ='RESUMEN TOTAL'!E529 -> 0 | E511: ='RESUMEN TOTAL'!F529 -> 0 | F511: ='RESUMEN TOTAL'!L529 -> 0 | G511: ='RESUMEN TOTAL'!M529 -> 0 | H511: ='RESUMEN TOTAL'!N529 -> 0 | I511: ='RESUMEN TOTAL'!O529 -> 0 | J511: ='RESUMEN TOTAL'!P529 -> 0 | K511: ='RESUMEN TOTAL'!Q529 -> 0 | L511: ='RESUMEN TOTAL'!R529 -> 0 | M511: ='RESUMEN TOTAL'!S529 -> 0 | ... AI511: ='RESUMEN TOTAL'!AO529 -> 0 | AJ511: ='RESUMEN TOTAL'!#REF! -> #REF!
A512: ='RESUMEN TOTAL'!A530 -> 0 | B512: ='RESUMEN TOTAL'!B530 -> 0 | C512: ='RESUMEN TOTAL'!D530 -> 0 | D512: ='RESUMEN TOTAL'!E530 -> 0 | E512: ='RESUMEN TOTAL'!F530 -> 0 | F512: ='RESUMEN TOTAL'!L530 -> 0 | G512: ='RESUMEN TOTAL'!M530 -> 0 | H512: ='RESUMEN TOTAL'!N530 -> 0 | I512: ='RESUMEN TOTAL'!O530 -> 0 | J512: ='RESUMEN TOTAL'!P530 -> 0 | K512: ='RESUMEN TOTAL'!Q530 -> 0 | L512: ='RESUMEN TOTAL'!R530 -> 0 | M512: ='RESUMEN TOTAL'!S530 -> 0 | ... AI512: ='RESUMEN TOTAL'!AO530 -> 0 | AJ512: ='RESUMEN TOTAL'!#REF! -> #REF!
A513: ='RESUMEN TOTAL'!A531 -> 0 | B513: ='RESUMEN TOTAL'!B531 -> 0 | C513: ='RESUMEN TOTAL'!D531 -> 0 | D513: ='RESUMEN TOTAL'!E531 -> 0 | E513: ='RESUMEN TOTAL'!F531 -> 0 | F513: ='RESUMEN TOTAL'!L531 -> 0 | G513: ='RESUMEN TOTAL'!M531 -> 0 | H513: ='RESUMEN TOTAL'!N531 -> 0 | I513: ='RESUMEN TOTAL'!O531 -> 0 | J513: ='RESUMEN TOTAL'!P531 -> 0 | K513: ='RESUMEN TOTAL'!Q531 -> 0 | L513: ='RESUMEN TOTAL'!R531 -> 0 | M513: ='RESUMEN TOTAL'!S531 -> 0 | ... AI513: ='RESUMEN TOTAL'!AO531 -> 0 | AJ513: ='RESUMEN TOTAL'!#REF! -> #REF!
A514: ='RESUMEN TOTAL'!A532 -> 0 | B514: ='RESUMEN TOTAL'!B532 -> 0 | C514: ='RESUMEN TOTAL'!D532 -> 0 | D514: ='RESUMEN TOTAL'!E532 -> 0 | E514: ='RESUMEN TOTAL'!F532 -> 0 | F514: ='RESUMEN TOTAL'!L532 -> 0 | G514: ='RESUMEN TOTAL'!M532 -> 0 | H514: ='RESUMEN TOTAL'!N532 -> 0 | I514: ='RESUMEN TOTAL'!O532 -> 0 | J514: ='RESUMEN TOTAL'!P532 -> 0 | K514: ='RESUMEN TOTAL'!Q532 -> 0 | L514: ='RESUMEN TOTAL'!R532 -> 0 | M514: ='RESUMEN TOTAL'!S532 -> 0 | ... AI514: ='RESUMEN TOTAL'!AO532 -> 0 | AJ514: ='RESUMEN TOTAL'!#REF! -> #REF!
... A604: ='RESUMEN TOTAL'!A622 -> 0 | B604: ='RESUMEN TOTAL'!B622 -> 0 | C604: ='RESUMEN TOTAL'!D622 -> 0 | D604: ='RESUMEN TOTAL'!E622 -> 0 | E604: ='RESUMEN TOTAL'!F622 -> 0 | F604: ='RESUMEN TOTAL'!L622 -> 0 | G604: ='RESUMEN TOTAL'!M622 -> 0 | H604: ='RESUMEN TOTAL'!N622 -> 0 | I604: ='RESUMEN TOTAL'!O622 -> 0 | J604: ='RESUMEN TOTAL'!P622 -> 0 | K604: ='RESUMEN TOTAL'!Q622 -> 0 | L604: ='RESUMEN TOTAL'!R622 -> 0 | M604: ='RESUMEN TOTAL'!S622 -> 0 | ... AI604: ='RESUMEN TOTAL'!AO622 -> 0 | AJ604: ='RESUMEN TOTAL'!#REF! -> #REF!

Sheet APAGADOS RADIO
C1: TOTAL RADIO | D1: =COUNTIFS(E4:E400,"=radio") -> 89
E2: APAGADOS | F2: =COUNTIFS(F4:F500, "=APAGADO",E4:E500,"=radio") -> 1 | G2: =COUNTIFS(G4:G500, "=APAGADO",E4:E500,"=radio") -> 7 | H2: =COUNTIFS(H4:H500, "=APAGADO",E4:E500,"=radio") -> 7 | I2: =COUNTIFS(I4:I500, "=APAGADO",E4:E500,"=radio") -> 10 | J2: =COUNTIFS(J4:J500, "=APAGADO",E4:E500,"=radio") -> 6 | K2: =COUNTIFS(K4:K500, "=APAGADO",E4:E500,"=radio") -> 11 | L2: =COUNTIFS(L4:L500, "=APAGADO",E4:E500,"=radio") -> 5 | M2: =COUNTIFS(M4:M500, "=APAGADO",E4:E500,"=radio") -> 2 | N2: =COUNTIFS(N4:N500, "=APAGADO",E4:E500,"=radio") -> 4 | O2: =COUNTIFS(O4:O500, "=APAGADO",E4:E500,"=radio") -> 3 | P2: =COUNTIFS(P4:P500, "=APAGADO",E4:E500,"=radio") -> 3 | Q2: =COUNTIFS(Q4:Q367, "=APAGADO",E4:E367,"=radio") -> 2 | R2: =COUNTIFS(R4:R500, "=APAGADO",E4:E500,"=radio") -> 3 | S2: =COUNTIFS(S4:S500, "=APAGADO",E4:E500,"=radio") -> 2 | T2: =COUNTIFS(T4:T500, "=APAGADO",E4:E500,"=radio") -> 2 | U2: =COUNTIFS(U4:U500, "=APAGADO",E4:E500,"=radio") -> 1 | V2: =COUNTIFS(V4:V500, "=APAGADO",E4:E500,"=radio") -> 8 | W2: =COUNTIFS(W4:W500, "=APAGADO",E4:E500,"=radio") -> 8 | X2: =COUNTIFS(X4:X500, "=APAGADO",E4:E500,"=radio") -> 3 | Y2: =COUNTIFS(Y4:Y500, "=APAGADO",E4:E500,"=radio") -> 3 | Z2: =COUNTIFS(Z4:Z500, "=APAGADO",E4:E500,"=radio") -> 3 | AA2: =COUNTIFS(AA4:AA500, "=APAGADO",E4:E500,"=radio") -> 2 | AB2: =COUNTIFS(AB4:AB500, "=APAGADO",E4:E500,"=radio") -> 0 | AC2: =COUNTIFS(AC4:AC600, "=APAGADO",E4:E600,"=radio") -> 0 | AD2: =COUNTIFS(AD4:AD500, "=APAGADO",E4:E500,"=radio") -> 0 | AE2: =COUNTIFS(AE4:AE500, "=APAGADO",E4:E500,"=radio") -> 0 | AF2: =COUNTIFS(AF4:AF600, "=APAGADO",E4:E600,"=radio") -> 0 | AG2: =COUNTIFS(AG4:AG500, "=APAGADO",E4:E500,"=radio") -> 0 | AH2: =COUNTIFS(AH4:AH500, "=APAGADO",F4:F500,"=radio") -> 0 | AI2: =COUNTIFS(AI4:AI500, "=APAGADO",G4:G500,"=radio") -> 0
A3: =ESTADISTICA!A1 -> Barrio | B3: =ESTADISTICA!B1 -> [Denominacion] | C3: =ESTADISTICA!C1 -> [Ubicacion] | D3: =ESTADISTICA!D1 -> [Tipo de Camara] | E3: =ESTADISTICA!E1 -> [Tipo de Conexion] | F3: =ESTADISTICA!F1 -> 45170 | G3: =ESTADISTICA!G1 -> 45171 | H3: =ESTADISTICA!H1 -> 45172 | ... AI3: =ESTADISTICA!AI1 -> 45199
A4: ='RESUMEN TOTAL'!A7 -> ALTAMIRA | B4: ='RESUMEN TOTAL'!B7 -> ALT 03 | C4: ='RESUMEN TOTAL'!D7 -> Bombero Galarza y Necochea | D4: ='RESUMEN TOTAL'!E7 -> Domo | E4: ='RESUMEN TOTAL'!F7 -> Fibra Optica | F4: ='RESUMEN TOTAL'!L7 -> 0 | G4: ='RESUMEN TOTAL'!M7 -> 0 | H4: ='RESUMEN TOTAL'!N7 -> 0 | I4: ='RESUMEN TOTAL'!O7 -> 0 | J4: ='RESUMEN TOTAL'!P7 -> 0 | K4: ='RESUMEN TOTAL'!Q7 -> 0 | L4: ='RESUMEN TOTAL'!R7 -> 0 | M4: ='RESUMEN TOTAL'!S7 -> 0 | ... AI4: ='RESUMEN TOTAL'!AO7 -> 0
A5: ='RESUMEN TOTAL'!A8 -> ALTAMIRA | B5: ='RESUMEN TOTAL'!B8 -> ALT 04 | C5: ='RESUMEN TOTAL'!D8 -> Francia y Necochea | D5: ='RESUMEN TOTAL'!E8 -> Domo | E5: ='RESUMEN TOTAL'!F8 -> Fibra Optica | F5: ='RESUMEN TOTAL'!L8 -> 0 | G5: ='RESUMEN TOTAL'!M8 -> 0 | H5: ='RESUMEN TOTAL'!N8 -> 0 | I5: ='RESUMEN TOTAL'!O8 -> 0 | J5: ='RESUMEN TOTAL'!P8 -> 0 | K5: ='RESUMEN TOTAL'!Q8 -> 0 | L5: ='RESUMEN TOTAL'!R8 -> 0 | M5: ='RESUMEN TOTAL'!S8 -> 0 | ... AI5: ='RESUMEN TOTAL'!AO8 -> 0
A6: ='RESUMEN TOTAL'!A9 -> ALTAMIRA | B6: ='RESUMEN TOTAL'!B9 -> ALT05 | C6: ='RESUMEN TOTAL'!D9 -> Av. Calchaqui y Bombero Galarza | D6: ='RESUMEN TOTAL'!E9 -> Domo | E6: ='RESUMEN TOTAL'!F9 -> PTO A FO | F6: ='RESUMEN TOTAL'!L9 -> 0 | G6: ='RESUMEN TOTAL'!M9 -> 0 | H6: ='RESUMEN TOTAL'!N9 -> 0 | I6: ='RESUMEN TOTAL'!O9 -> 0 | J6: ='RESUMEN TOTAL'!P9 -> 0 | K6: ='RESUMEN TOTAL'!Q9 -> 0 | L6: ='RESUMEN TOTAL'!R9 -> 0 | M6: ='RESUMEN TOTAL'!S9 -> 0 | ... AI6: ='RESUMEN TOTAL'!AO9 -> 0
A7: ='RESUMEN TOTAL'!A10 -> ALTAMIRA | B7: ='RESUMEN TOTAL'!B10 -> ALT 06 | C7: ='RESUMEN TOTAL'!D10 -> LOPE DE VEGA Y NECOCHEA | D7: ='RESUMEN TOTAL'!E10 -> Domo | E7: ='RESUMEN TOTAL'!F10 -> PTO A FO | F7: ='RESUMEN TOTAL'!L10 -> 0 | G7: ='RESUMEN TOTAL'!M10 -> 0 | H7: ='RESUMEN TOTAL'!N10 -> 0 | I7: ='RESUMEN TOTAL'!O10 -> 0 | J7: ='RESUMEN TOTAL'!P10 -> 0 | K7: ='RESUMEN TOTAL'!Q10 -> 0 | L7: ='RESUMEN TOTAL'!R10 -> 0 | M7: ='RESUMEN TOTAL'!S10 -> 0 | ... AI7: ='RESUMEN TOTAL'!AO10 -> 0
A8: ='RESUMEN TOTAL'!A11 -> ALTAMIRA | B8: ='RESUMEN TOTAL'!B11 -> ALT07 | C8: ='RESUMEN TOTAL'!D11 -> AV. CALCHAQUI Y AV. DEL TRABAJO | D8: ='RESUMEN TOTAL'!E11 -> DOMO | E8: ='RESUMEN TOTAL'!F11 -> PTO A FO | F8: ='RESUMEN TOTAL'!L11 -> 0 | G8: ='RESUMEN TOTAL'!M11 -> 0 | H8: ='RESUMEN TOTAL'!N11 -> 0 | I8: ='RESUMEN TOTAL'!O11 -> 0 | J8: ='RESUMEN TOTAL'!P11 -> 0 | K8: ='RESUMEN TOTAL'!Q11 -> 0 | L8: ='RESUMEN TOTAL'!R11 -> 0 | M8: ='RESUMEN TOTAL'!S11 -> 0 | ... AI8: ='RESUMEN TOTAL'!AO11 -> 0
A9: ='RESUMEN TOTAL'!A12 -> ALTAMIRA | B9: ='RESUMEN TOTAL'!B12 -> ALT 08 | C9: ='RESUMEN TOTAL'!D12 -> HUMAITA Y NECOCHEA | D9: ='RESUMEN TOTAL'!E12 -> DOMO | E9: ='RESUMEN TOTAL'!F12 -> Fibra Optica | F9: ='RESUMEN TOTAL'!L12 -> 0 | G9: ='RESUMEN TOTAL'!M12 -> 0 | H9: ='RESUMEN TOTAL'!N12 -> 0 | I9: ='RESUMEN TOTAL'!O12 -> 0 | J9: ='RESUMEN TOTAL'!P12 -> 0 | K9: ='RESUMEN TOTAL'!Q12 -> 0 | L9: ='RESUMEN TOTAL'!R12 -> 0 | M9: ='RESUMEN TOTAL'!S12 -> 0 | ... AI9: ='RESUMEN TOTAL'!AO12 -> 0
A10: ='RESUMEN TOTAL'!A13 -> ALTAMIRA | B10: ='RESUMEN TOTAL'!B13 -> ALT 09 | C10: ='RESUMEN TOTAL'!D13 -> NECOCHEA Y CURUPAITY | D10: ='RESUMEN TOTAL'!E13 -> DOMO | E10: ='RESUMEN TOTAL'!F13 -> Fibra Optica | F10: ='RESUMEN TOTAL'!L13 -> 0 | G10: ='RESUMEN TOTAL'!M13 -> 0 | H10: ='RESUMEN TOTAL'!N13 -> 0 | I10: ='RESUMEN TOTAL'!O13 -> 0 | J10: ='RESUMEN TOTAL'!P13 -> 0 | K10: ='RESUMEN TOTAL'!Q13 -> 0 | L10: ='RESUMEN TOTAL'!R13 -> 0 | M10: ='RESUMEN TOTAL'!S13 -> 0 | ... AI10: ='RESUMEN TOTAL'!AO13 -> 0
A11: ='RESUMEN TOTAL'!A14 -> ALTAMIRA | B11: ='RESUMEN TOTAL'!B14 -> ALT 10 | C11: ='RESUMEN TOTAL'!D14 -> Calchaqui y Francia | D11: ='RESUMEN TOTAL'!E14 -> Domo | E11: ='RESUMEN TOTAL'!F14 -> Radio | F11: ='RESUMEN TOTAL'!L14 -> 0 | G11: ='RESUMEN TOTAL'!M14 -> 0 | H11: ='RESUMEN TOTAL'!N14 -> 0 | I11: ='RESUMEN TOTAL'!O14 -> 0 | J11: ='RESUMEN TOTAL'!P14 -> 0 | K11: ='RESUMEN TOTAL'!Q14 -> 0 | L11: ='RESUMEN TOTAL'!R14 -> 0 | M11: ='RESUMEN TOTAL'!S14 -> 0 | ... AI11: ='RESUMEN TOTAL'!AO14 -> 0
A12: ='RESUMEN TOTAL'!A15 -> AGUSTIN RAMIREZ | B12: ='RESUMEN TOTAL'!B15 -> ARA 01 | C12: ='RESUMEN TOTAL'!D15 -> Malambo y Tranquera | D12: ='RESUMEN TOTAL'!E15 -> Domo | E12: ='RESUMEN TOTAL'!F15 -> Fibra Optica | F12: ='RESUMEN TOTAL'!L15 -> APAGADO | G12: ='RESUMEN TOTAL'!M15 -> APAGADO | H12: ='RESUMEN TOTAL'!N15 -> APAGADO | I12: ='RESUMEN TOTAL'!O15 -> APAGADO | J12: ='RESUMEN TOTAL'!P15 -> APAGADO | K12: ='RESUMEN TOTAL'!Q15 -> APAGADO | L12: ='RESUMEN TOTAL'!R15 -> APAGADO | M12: ='RESUMEN TOTAL'!S15 -> APAGADO | ... AI12: ='RESUMEN TOTAL'!AO15 -> 0
A13: ='RESUMEN TOTAL'!A16 -> BELGRANO | B13: ='RESUMEN TOTAL'!B16 -> BEL 01 | C13: ='RESUMEN TOTAL'!D16 -> San Martin y Dardo Rocha | D13: ='RESUMEN TOTAL'!E16 -> DOMO | E13: ='RESUMEN TOTAL'!F16 -> Fibra Optica | F13: ='RESUMEN TOTAL'!L16 -> 0 | G13: ='RESUMEN TOTAL'!M16 -> 0 | H13: ='RESUMEN TOTAL'!N16 -> 0 | I13: ='RESUMEN TOTAL'!O16 -> 0 | J13: ='RESUMEN TOTAL'!P16 -> 0 | K13: ='RESUMEN TOTAL'!Q16 -> 0 | L13: ='RESUMEN TOTAL'!R16 -> 0 | M13: ='RESUMEN TOTAL'!S16 -> 0 | ... AI13: ='RESUMEN TOTAL'!AO16 -> 0
A14: ='RESUMEN TOTAL'!A17 -> BELGRANO | B14: ='RESUMEN TOTAL'!B17 -> BEL 02 | C14: ='RESUMEN TOTAL'!D17 -> Guardia vieja y Fronteriz | D14: ='RESUMEN TOTAL'!E17 -> DOMO | E14: ='RESUMEN TOTAL'!F17 -> Fibra Optica | F14: ='RESUMEN TOTAL'!L17 -> 0 | G14: ='RESUMEN TOTAL'!M17 -> 0 | H14: ='RESUMEN TOTAL'!N17 -> 0 | I14: ='RESUMEN TOTAL'!O17 -> 0 | J14: ='RESUMEN TOTAL'!P17 -> 0 | K14: ='RESUMEN TOTAL'!Q17 -> 0 | L14: ='RESUMEN TOTAL'!R17 -> 0 | M14: ='RESUMEN TOTAL'!S17 -> 0 | ... AI14: ='RESUMEN TOTAL'!AO17 -> 0
A15: ='RESUMEN TOTAL'!A18 -> BOSQUES CENTRO | B15: ='RESUMEN TOTAL'!B18 -> BOSQC 01 | C15: ='RESUMEN TOTAL'!D18 -> LUIS AGOTE E/DANUNCIO Y CAMPOAMOR | D15: ='RESUMEN TOTAL'!E18 -> Fija | E15: ='RESUMEN TOTAL'!F18 -> Radio | F15: ='RESUMEN TOTAL'!L18 -> 0 | G15: ='RESUMEN TOTAL'!M18 -> APAGADO | H15: ='RESUMEN TOTAL'!N18 -> APAGADO | I15: ='RESUMEN TOTAL'!O18 -> APAGADO | J15: ='RESUMEN TOTAL'!P18 -> APAGADO | K15: ='RESUMEN TOTAL'!Q18 -> APAGADO | L15: ='RESUMEN TOTAL'!R18 -> APAGADO | M15: ='RESUMEN TOTAL'!S18 -> 0 | ... AI15: ='RESUMEN TOTAL'!AO18 -> 0
... A453: ='RESUMEN TOTAL'!A456 -> ZEBALLOS | B453: ='RESUMEN TOTAL'!B456 -> ZEB 05 | C453: ='RESUMEN TOTAL'!D456 -> DIAG. GRANADEROS Y 214 BIS | D453: ='RESUMEN TOTAL'!E456 -> Domo | E453: ='RESUMEN TOTAL'!F456 -> Radio | F453: ='RESUMEN TOTAL'!L456 -> 0 | G453: ='RESUMEN TOTAL'!M456 -> 0 | H453: ='RESUMEN TOTAL'!N456 -> 0 | I453: ='RESUMEN TOTAL'!O456 -> 0 | J453: ='RESUMEN TOTAL'!P456 -> 0 | K453: ='RESUMEN TOTAL'!Q456 -> 0 | L453: ='RESUMEN TOTAL'!R456 -> 0 | M453: ='RESUMEN TOTAL'!S456 -> 0 | ... AI453: ='RESUMEN TOTAL'!AO456 -> 0
A454: ='RESUMEN TOTAL'!A477 -> PARADAS SEGURAS | B454: ='RESUMEN TOTAL'!B477 -> 21 | C454: ='RESUMEN TOTAL'!D477 -> HUDSON Y CABILDO OESTE | D454: ='RESUMEN TOTAL'!E477 -> GFIJA | E454: ='RESUMEN TOTAL'!F477 -> GPON | F454: ='RESUMEN TOTAL'!L477 -> 0 | G454: ='RESUMEN TOTAL'!M477 -> 0 | H454: ='RESUMEN TOTAL'!N477 -> 0 | I454: ='RESUMEN TOTAL'!O477 -> 0 | J454: ='RESUMEN TOTAL'!P477 -> 0 | K454: ='RESUMEN TOTAL'!Q477 -> 0 | L454: ='RESUMEN TOTAL'!R477 -> 0 | M454: ='RESUMEN TOTAL'!S477 -> 0 | ... AI454: ='RESUMEN TOTAL'!AO477 -> 0
A455: ='RESUMEN TOTAL'!A478 -> PARADAS SEGURAS | B455: ='RESUMEN TOTAL'!B478 -> 21 I | C455: ='RESUMEN TOTAL'!D478 -> HUDSON Y CABILDO OESTE | D455: ='RESUMEN TOTAL'!E478 -> INTERCOMUNICADOR | E455: ='RESUMEN TOTAL'!F478 -> GPON | F455: ='RESUMEN TOTAL'!L478 -> 0 | G455: ='RESUMEN TOTAL'!M478 -> 0 | H455: ='RESUMEN TOTAL'!N478 -> 0 | I455: ='RESUMEN TOTAL'!O478 -> 0 | J455: ='RESUMEN TOTAL'!P478 -> 0 | K455: ='RESUMEN TOTAL'!Q478 -> 0 | L455: ='RESUMEN TOTAL'!R478 -> 0 | M455: ='RESUMEN TOTAL'!S478 -> 0 | ... AI455: ='RESUMEN TOTAL'!AO478 -> 0
A456: ='RESUMEN TOTAL'!A479 -> PARADAS SEGURAS | B456: ='RESUMEN TOTAL'!B479 -> 22 | C456: ='RESUMEN TOTAL'!D479 -> HUDSON Y CABILDO ESTE | D456: ='RESUMEN TOTAL'!E479 -> GFIJA | E456: ='RESUMEN TOTAL'!F479 -> GPON | F456: ='RESUMEN TOTAL'!L479 -> 0 | G456: ='RESUMEN TOTAL'!M479 -> 0 | H456: ='RESUMEN TOTAL'!N479 -> 0 | I456: ='RESUMEN TOTAL'!O479 -> 0 | J456: ='RESUMEN TOTAL'!P479 -> 0 | K456: ='RESUMEN TOTAL'!Q479 -> 0 | L456: ='RESUMEN TOTAL'!R479 -> 0 | M456: ='RESUMEN TOTAL'!S479 -> 0 | ... AI456: ='RESUMEN TOTAL'!AO479 -> 0
A457: ='RESUMEN TOTAL'!A480 -> PARADAS SEGURAS | B457: ='RESUMEN TOTAL'!B480 -> 22 I | C457: ='RESUMEN TOTAL'!D480 -> HUDSON Y CABILDO ESTE | D457: ='RESUMEN TOTAL'!E480 -> INTERCOMUNICADOR | E457: ='RESUMEN TOTAL'!F480 -> GPON | F457: ='RESUMEN TOTAL'!L480 -> 0 | G457: ='RESUMEN TOTAL'!M480 -> 0 | H457: ='RESUMEN TOTAL'!N480 -> 0 | I457: ='RESUMEN TOTAL'!O480 -> 0 | J457: ='RESUMEN TOTAL'!P480 -> 0 | K457: ='RESUMEN TOTAL'!Q480 -> 0 | L457: ='RESUMEN TOTAL'!R480 -> 0 | M457: ='RESUMEN TOTAL'!S480 -> 0 | ... AI457: ='RESUMEN TOTAL'!AO480 -> 0
A458: ='RESUMEN TOTAL'!A481 -> PARADAS SEGURAS | B458: ='RESUMEN TOTAL'!B481 -> 23 | C458: ='RESUMEN TOTAL'!D481 -> HUDSON Y SAN NICOLAS OESTE | D458: ='RESUMEN TOTAL'!E481 -> GFIJA | E458: ='RESUMEN TOTAL'!F481 -> GPON | F458: ='RESUMEN TOTAL'!L481 -> 0 | G458: ='RESUMEN TOTAL'!M481 -> 0 | H458: ='RESUMEN TOTAL'!N481 -> 0 | I458: ='RESUMEN TOTAL'!O481 -> 0 | J458: ='RESUMEN TOTAL'!P481 -> 0 | K458: ='RESUMEN TOTAL'!Q481 -> 0 | L458: ='RESUMEN TOTAL'!R481 -> 0 | M458: ='RESUMEN TOTAL'!S481 -> 0 | ... AI458: ='RESUMEN TOTAL'!AO481 -> 0
A459: ='RESUMEN TOTAL'!A482 -> PARADAS SEGURAS | B459: ='RESUMEN TOTAL'!B482 -> 23 I | C459: ='RESUMEN TOTAL'!D482 -> HUDSON Y SAN NICOLAS OESTE | D459: ='RESUMEN TOTAL'!E482 -> INTERCOMUNICADOR | E459: ='RESUMEN TOTAL'!F482 -> GPON | F459: ='RESUMEN TOTAL'!L482 -> 0 | G459: ='RESUMEN TOTAL'!M482 -> 0 | H459: ='RESUMEN TOTAL'!N482 -> 0 | I459: ='RESUMEN TOTAL'!O482 -> 0 | J459: ='RESUMEN TOTAL'!P482 -> 0 | K459: ='RESUMEN TOTAL'!Q482 -> 0 | L459: ='RESUMEN TOTAL'!R482 -> 0 | M459: ='RESUMEN TOTAL'!S482 -> 0 | ... AI459: ='RESUMEN TOTAL'!AO482 -> 0
A460: ='RESUMEN TOTAL'!A483 -> PARADAS SEGURAS | B460: ='RESUMEN TOTAL'!B483 -> 24 | C460: ='RESUMEN TOTAL'!D483 -> HUDSON Y ALDAO ESTE | D460: ='RESUMEN TOTAL'!E483 -> GFIJA | E460: ='RESUMEN TOTAL'!F483 -> GPON | F460: ='RESUMEN TOTAL'!L483 -> APAGADO | G460: ='RESUMEN TOTAL'!M483 -> APAGADO | H460: ='RESUMEN TOTAL'!N483 -> APAGADO | I460: ='RESUMEN TOTAL'!O483 -> APAGADO | J460: ='RESUMEN TOTAL'!P483 -> 0 | K460: ='RESUMEN TOTAL'!Q483 -> 0 | L460: ='RESUMEN TOTAL'!R483 -> 0 | M460: ='RESUMEN TOTAL'!S483 -> 0 | ... AI460: ='RESUMEN TOTAL'!AO483 -> 0
A461: ='RESUMEN TOTAL'!A484 -> PARADAS SEGURAS | B461: ='RESUMEN TOTAL'!B484 -> 24 I | C461: ='RESUMEN TOTAL'!D484 -> HUDSON Y ALDAO ESTE | D461: ='RESUMEN TOTAL'!E484 -> INTERCOMUNICADOR | E461: ='RESUMEN TOTAL'!F484 -> GPON | F461: ='RESUMEN TOTAL'!L484 -> APAGADO | G461: ='RESUMEN TOTAL'!M484 -> APAGADO | H461: ='RESUMEN TOTAL'!N484 -> APAGADO | I461: ='RESUMEN TOTAL'!O484 -> APAGADO | J461: ='RESUMEN TOTAL'!P484 -> 0 | K461: ='RESUMEN TOTAL'!Q484 -> 0 | L461: ='RESUMEN TOTAL'!R484 -> 0 | M461: ='RESUMEN TOTAL'!S484 -> 0 | ... AI461: ='RESUMEN TOTAL'!AO484 -> 0
A462: ='RESUMEN TOTAL'!A485 -> PARADAS SEGURAS | B462: ='RESUMEN TOTAL'!B485 -> 25 | C462: ='RESUMEN TOTAL'!D485 -> HUDSON Y RIO JACHAL | D462: ='RESUMEN TOTAL'!E485 -> GFIJA | E462: ='RESUMEN TOTAL'!F485 -> GPON | F462: ='RESUMEN TOTAL'!L485 -> 0 | G462: ='RESUMEN TOTAL'!M485 -> 0 | H462: ='RESUMEN TOTAL'!N485 -> 0 | I462: ='RESUMEN TOTAL'!O485 -> 0 | J462: ='RESUMEN TOTAL'!P485 -> 0 | K462: ='RESUMEN TOTAL'!Q485 -> 0 | L462: ='RESUMEN TOTAL'!R485 -> 0 | M462: ='RESUMEN TOTAL'!S485 -> 0 | ... AI462: ='RESUMEN TOTAL'!AO485 -> 0
A463: ='RESUMEN TOTAL'!A486 -> PARADAS SEGURAS | B463: ='RESUMEN TOTAL'!B486 -> 25 I | C463: ='RESUMEN TOTAL'!D486 -> HUDSON Y RIO JACHAL | D463: ='RESUMEN TOTAL'!E486 -> INTERCOMUNICADOR | E463: ='RESUMEN TOTAL'!F486 -> GPON | F463: ='RESUMEN TOTAL'!L486 -> 0 | G463: ='RESUMEN TOTAL'!M486 -> 0 | H463: ='RESUMEN TOTAL'!N486 -> 0 | I463: ='RESUMEN TOTAL'!O486 -> 0 | J463: ='RESUMEN TOTAL'!P486 -> 0 | K463: ='RESUMEN TOTAL'!Q486 -> 0 | L463: ='RESUMEN TOTAL'!R486 -> 0 | M463: ='RESUMEN TOTAL'!S486 -> 0 | ... AI463: ='RESUMEN TOTAL'!AO486 -> 0
A464: ='RESUMEN TOTAL'!A487 -> PARADAS SEGURAS | B464: ='RESUMEN TOTAL'!B487 -> 26 | C464: ='RESUMEN TOTAL'!D487 -> HUDSON Y RIO COLORADO OESTE | D464: ='RESUMEN TOTAL'!E487 -> GFIJA | E464: ='RESUMEN TOTAL'!F487 -> GPON | F464: ='RESUMEN TOTAL'!L487 -> 0 | G464: ='RESUMEN TOTAL'!M487 -> 0 | H464: ='RESUMEN TOTAL'!N487 -> 0 | I464: ='RESUMEN TOTAL'!O487 -> 0 | J464: ='RESUMEN TOTAL'!P487 -> 0 | K464: ='RESUMEN TOTAL'!Q487 -> 0 | L464: ='RESUMEN TOTAL'!R487 -> 0 | M464: ='RESUMEN TOTAL'!S487 -> 0 | ... AI464: ='RESUMEN TOTAL'!AO487 -> 0
A465: ='RESUMEN TOTAL'!A488 -> PARADAS SEGURAS | B465: ='RESUMEN TOTAL'!B488 -> 26 I | C465: ='RESUMEN TOTAL'!D489 -> HUDON Y 818 ESTE | D465: ='RESUMEN TOTAL'!E488 -> INTERCOMUNICADOR | E465: ='RESUMEN TOTAL'!F488 -> GPON | F465: ='RESUMEN TOTAL'!L488 -> 0 | G465: ='RESUMEN TOTAL'!M488 -> 0 | H465: ='RESUMEN TOTAL'!N488 -> 0 | I465: ='RESUMEN TOTAL'!O488 -> 0 | J465: ='RESUMEN TOTAL'!P488 -> 0 | K465: ='RESUMEN TOTAL'!Q488 -> 0 | L465: ='RESUMEN TOTAL'!R488 -> 0 | M465: ='RESUMEN TOTAL'!S488 -> 0 | ... AI465: ='RESUMEN TOTAL'!AO488 -> 0
A466: ='RESUMEN TOTAL'!A489 -> PARADAS SEGURAS | B466: ='RESUMEN TOTAL'!B489 -> 27 | C466: ='RESUMEN TOTAL'!D491 -> HUDSON Y RIO TRAFUL OESTE | D466: ='RESUMEN TOTAL'!E489 -> GFIJA | E466: ='RESUMEN TOTAL'!F489 -> GPON | F466: ='RESUMEN TOTAL'!L489 -> 0 | G466: ='RESUMEN TOTAL'!M489 -> 0 | H466: ='RESUMEN TOTAL'!N489 -> 0 | I466: ='RESUMEN TOTAL'!O489 -> 0 | J466: ='RESUMEN TOTAL'!P489 -> 0 | K466: ='RESUMEN TOTAL'!Q489 -> 0 | L466: ='RESUMEN TOTAL'!R489 -> 0 | M466: ='RESUMEN TOTAL'!S489 -> 0 | ... AI466: ='RESUMEN TOTAL'!AO489 -> 0
A467: ='RESUMEN TOTAL'!A490 -> PARADAS SEGURAS | B467: ='RESUMEN TOTAL'!B490 -> 27 I | C467: ='RESUMEN TOTAL'!D493 -> HUDSON Y ESTOMBA ESTE | D467: ='RESUMEN TOTAL'!E490 -> INTERCOMUNICADOR | E467: ='RESUMEN TOTAL'!F490 -> GPON | F467: ='RESUMEN TOTAL'!L490 -> 0 | G467: ='RESUMEN TOTAL'!M490 -> 0 | H467: ='RESUMEN TOTAL'!N490 -> 0 | I467: ='RESUMEN TOTAL'!O490 -> 0 | J467: ='RESUMEN TOTAL'!P490 -> 0 | K467: ='RESUMEN TOTAL'!Q490 -> 0 | L467: ='RESUMEN TOTAL'!R490 -> 0 | M467: ='RESUMEN TOTAL'!S490 -> 0 | ... AI467: ='RESUMEN TOTAL'!AO490 -> 0
A468: ='RESUMEN TOTAL'!A491 -> PARADAS SEGURAS | B468: ='RESUMEN TOTAL'!B491 -> 28 | C468: ='RESUMEN TOTAL'!D495 -> HUDSON Y PICHEUTA OESTE | D468: ='RESUMEN TOTAL'!E491 -> GFIJA | E468: ='RESUMEN TOTAL'!F491 -> GPON | F468: ='RESUMEN TOTAL'!L491 -> 0 | G468: ='RESUMEN TOTAL'!M491 -> 0 | H468: ='RESUMEN TOTAL'!N491 -> 0 | I468: ='RESUMEN TOTAL'!O491 -> 0 | J468: ='RESUMEN TOTAL'!P491 -> 0 | K468: ='RESUMEN TOTAL'!Q491 -> 0 | L468: ='RESUMEN TOTAL'!R491 -> 0 | M468: ='RESUMEN TOTAL'!S491 -> 0 | ... AI468: ='RESUMEN TOTAL'!AO491 -> 0
A469: ='RESUMEN TOTAL'!A492 -> PARADAS SEGURAS | B469: ='RESUMEN TOTAL'!B492 -> 28 I | C469: ='RESUMEN TOTAL'!D497 -> HUDSON Y 830 ESTE | D469: ='RESUMEN TOTAL'!E492 -> INTERCOMUNICADOR | E469: ='RESUMEN TOTAL'!F492 -> GPON | F469: ='RESUMEN TOTAL'!L492 -> 0 | G469: ='RESUMEN TOTAL'!M492 -> 0 | H469: ='RESUMEN TOTAL'!N492 -> 0 | I469: ='RESUMEN TOTAL'!O492 -> 0 | J469: ='RESUMEN TOTAL'!P492 -> 0 | K469: ='RESUMEN TOTAL'!Q492 -> 0 | L469: ='RESUMEN TOTAL'!R492 -> 0 | M469: ='RESUMEN TOTAL'!S492 -> 0 | ... AI469: ='RESUMEN TOTAL'!AO492 -> 0
A470: ='RESUMEN TOTAL'!A493 -> PARADAS SEGURAS | B470: ='RESUMEN TOTAL'!B493 -> 29 | C470: ='RESUMEN TOTAL'!#REF! -> #REF! | D470: ='RESUMEN TOTAL'!E493 -> GFIJA | E470: ='RESUMEN TOTAL'!F493 -> GPON | F470: ='RESUMEN TOTAL'!L493 -> 0 | G470: ='RESUMEN TOTAL'!M493 -> 0 | H470: ='RESUMEN TOTAL'!N493 -> 0 | I470: ='RESUMEN TOTAL'!O493 -> 0 | J470: ='RESUMEN TOTAL'!P493 -> 0 | K470: ='RESUMEN TOTAL'!Q493 -> 0 | L470: ='RESUMEN TOTAL'!R493 -> 0 | M470: ='RESUMEN TOTAL'!S493 -> 0 | ... AI470: ='RESUMEN TOTAL'!AO493 -> 0
A471: ='RESUMEN TOTAL'!A494 -> PARADAS SEGURAS | B471: ='RESUMEN TOTAL'!B494 -> 29 I | C471: ='RESUMEN TOTAL'!#REF! -> #REF! | D471: ='RESUMEN TOTAL'!E494 -> INTERCOMUNICADOR | E471: ='RESUMEN TOTAL'!F494 -> GPON | F471: ='RESUMEN TOTAL'!L494 -> 0 | G471: ='RESUMEN TOTAL'!M494 -> 0 | H471: ='RESUMEN TOTAL'!N494 -> 0 | I471: ='RESUMEN TOTAL'!O494 -> 0 | J471: ='RESUMEN TOTAL'!P494 -> 0 | K471: ='RESUMEN TOTAL'!Q494 -> 0 | L471: ='RESUMEN TOTAL'!R494 -> 0 | M471: ='RESUMEN TOTAL'!S494 -> 0 | ... AI471: ='RESUMEN TOTAL'!AO494 -> 0
A472: ='RESUMEN TOTAL'!A495 -> PARADAS SEGURAS | B472: ='RESUMEN TOTAL'!B495 -> 30 | C472: ='RESUMEN TOTAL'!#REF! -> #REF! | D472: ='RESUMEN TOTAL'!E495 -> GFIJA | E472: ='RESUMEN TOTAL'!F495 -> GPON | F472: ='RESUMEN TOTAL'!L495 -> APAGADO | G472: ='RESUMEN TOTAL'!M495 -> APAGADO | H472: ='RESUMEN TOTAL'!N495 -> APAGADO | I472: ='RESUMEN TOTAL'!O495 -> APAGADO | J472: ='RESUMEN TOTAL'!P495 -> APAGADO | K472: ='RESUMEN TOTAL'!Q495 -> APAGADO | L472: ='RESUMEN TOTAL'!R495 -> APAGADO | M472: ='RESUMEN TOTAL'!S495 -> APAGADO | ... AI472: ='RESUMEN TOTAL'!AO495 -> 0
A473: ='RESUMEN TOTAL'!A496 -> PARADAS SEGURAS | B473: ='RESUMEN TOTAL'!B496 -> 30 I | C473: ='RESUMEN TOTAL'!D496 -> HUDSON Y PICHEUTA OESTE | D473: ='RESUMEN TOTAL'!E496 -> INTERCOMUNICADOR | E473: ='RESUMEN TOTAL'!F496 -> GPON | F473: ='RESUMEN TOTAL'!L496 -> APAGADO | G473: ='RESUMEN TOTAL'!M496 -> APAGADO | H473: ='RESUMEN TOTAL'!N496 -> APAGADO | I473: ='RESUMEN TOTAL'!O496 -> APAGADO | J473: ='RESUMEN TOTAL'!P496 -> APAGADO | K473: ='RESUMEN TOTAL'!Q496 -> APAGADO | L473: ='RESUMEN TOTAL'!R496 -> APAGADO | M473: ='RESUMEN TOTAL'!S496 -> APAGADO | ... AI473: ='RESUMEN TOTAL'!AO496 -> 0
A474: ='RESUMEN TOTAL'!A497 -> PARADAS SEGURAS | B474: ='RESUMEN TOTAL'!B497 -> 31 | C474: ='RESUMEN TOTAL'!#REF! -> #REF! | D474: ='RESUMEN TOTAL'!E497 -> GFIJA | E474: ='RESUMEN TOTAL'!F497 -> GPON | F474: ='RESUMEN TOTAL'!L497 -> APAGADO | G474: ='RESUMEN TOTAL'!M497 -> 0 | H474: ='RESUMEN TOTAL'!N497 -> APAGADO | I474: ='RESUMEN TOTAL'!O497 -> 0 | J474: ='RESUMEN TOTAL'!P497 -> APAGADO | K474: ='RESUMEN TOTAL'!Q497 -> 0 | L474: ='RESUMEN TOTAL'!R497 -> APAGADO | M474: ='RESUMEN TOTAL'!S497 -> 0 | ... AI474: ='RESUMEN TOTAL'!AO497 -> 0
A475: ='RESUMEN TOTAL'!A498 -> PARADAS SEGURAS | B475: ='RESUMEN TOTAL'!B498 -> 31 I | C475: ='RESUMEN TOTAL'!#REF! -> #REF! | D475: ='RESUMEN TOTAL'!E498 -> INTERCOMUNICADOR | E475: ='RESUMEN TOTAL'!F498 -> GPON | F475: ='RESUMEN TOTAL'!L498 -> APAGADO | G475: ='RESUMEN TOTAL'!M498 -> 0 | H475: ='RESUMEN TOTAL'!N498 -> APAGADO | I475: ='RESUMEN TOTAL'!O498 -> 0 | J475: ='RESUMEN TOTAL'!P498 -> APAGADO | K475: ='RESUMEN TOTAL'!Q498 -> 0 | L475: ='RESUMEN TOTAL'!R498 -> APAGADO | M475: ='RESUMEN TOTAL'!S498 -> 0 | ... AI475: ='RESUMEN TOTAL'!AO498 -> 0
A476: ='RESUMEN TOTAL'!A499 -> PARADAS SEGURAS | B476: ='RESUMEN TOTAL'!B499 -> 32 C | C476: ='RESUMEN TOTAL'!D499 -> Hudson y 834 oeste | D476: ='RESUMEN TOTAL'!E499 -> GFIJA | E476: ='RESUMEN TOTAL'!F499 -> GPON | F476: ='RESUMEN TOTAL'!L499 -> 0 | G476: ='RESUMEN TOTAL'!M499 -> 0 | H476: ='RESUMEN TOTAL'!N499 -> 0 | I476: ='RESUMEN TOTAL'!O499 -> APAGADO | J476: ='RESUMEN TOTAL'!P499 -> 0 | K476: ='RESUMEN TOTAL'!Q499 -> 0 | L476: ='RESUMEN TOTAL'!R499 -> 0 | M476: ='RESUMEN TOTAL'!S499 -> 0 | ... AI476: ='RESUMEN TOTAL'!AO499 -> 0
A477: ='RESUMEN TOTAL'!A500 -> PARADAS SEGURAS | B477: ='RESUMEN TOTAL'!B500 -> 32 I | C477: ='RESUMEN TOTAL'!D500 -> Hudson y 834 oeste | D477: ='RESUMEN TOTAL'!E500 -> INTERCOMUNICADOR | E477: ='RESUMEN TOTAL'!F500 -> GPON | F477: ='RESUMEN TOTAL'!L500 -> 0 | G477: ='RESUMEN TOTAL'!M500 -> 0 | H477: ='RESUMEN TOTAL'!N500 -> 0 | I477: ='RESUMEN TOTAL'!O500 -> APAGADO | J477: ='RESUMEN TOTAL'!P500 -> 0 | K477: ='RESUMEN TOTAL'!Q500 -> 0 | L477: ='RESUMEN TOTAL'!R500 -> 0 | M477: ='RESUMEN TOTAL'!S500 -> 0 | ... AI477: ='RESUMEN TOTAL'!AO500 -> 0
A478: ='RESUMEN TOTAL'!A501 -> PARADAS SEGURAS | B478: ='RESUMEN TOTAL'!B501 -> 33 C | C478: ='RESUMEN TOTAL'!D501 -> Hudson y 834 este | D478: ='RESUMEN TOTAL'!E501 -> GFIJA | E478: ='RESUMEN TOTAL'!F501 -> GPON | F478: ='RESUMEN TOTAL'!L501 -> 0 | G478: ='RESUMEN TOTAL'!M501 -> 0 | H478: ='RESUMEN TOTAL'!N501 -> 0 | I478: ='RESUMEN TOTAL'!O501 -> 0 | J478: ='RESUMEN TOTAL'!P501 -> 0 | K478: ='RESUMEN TOTAL'!Q501 -> 0 | L478: ='RESUMEN TOTAL'!R501 -> 0 | M478: ='RESUMEN TOTAL'!S501 -> 0 | ... AI478: ='RESUMEN TOTAL'!AO501 -> 0
A479: ='RESUMEN TOTAL'!A502 -> PARADAS SEGURAS | B479: ='RESUMEN TOTAL'!B502 -> 33 I | C479: ='RESUMEN TOTAL'!D502 -> Hudson y 834 este | D479: ='RESUMEN TOTAL'!E502 -> INTERCOMUNICADOR | E479: ='RESUMEN TOTAL'!F502 -> GPON | F479: ='RESUMEN TOTAL'!L502 -> 0 | G479: ='RESUMEN TOTAL'!M502 -> 0 | H479: ='RESUMEN TOTAL'!N502 -> 0 | I479: ='RESUMEN TOTAL'!O502 -> 0 | J479: ='RESUMEN TOTAL'!P502 -> 0 | K479: ='RESUMEN TOTAL'!Q502 -> 0 | L479: ='RESUMEN TOTAL'!R502 -> 0 | M479: ='RESUMEN TOTAL'!S502 -> 0 | ... AI479: ='RESUMEN TOTAL'!AO502 -> 0
A480: ='RESUMEN TOTAL'!A503 -> PARADAS SEGURAS | B480: ='RESUMEN TOTAL'!B503 -> 34 C | C480: ='RESUMEN TOTAL'!D503 -> Hudson y Suipacha oeste | D480: ='RESUMEN TOTAL'!E503 -> GFIJA | E480: ='RESUMEN TOTAL'!F503 -> GPON | F480: ='RESUMEN TOTAL'!L503 -> 0 | G480: ='RESUMEN TOTAL'!M503 -> 0 | H480: ='RESUMEN TOTAL'!N503 -> 0 | I480: ='RESUMEN TOTAL'!O503 -> 0 | J480: ='RESUMEN TOTAL'!P503 -> 0 | K480: ='RESUMEN TOTAL'!Q503 -> 0 | L480: ='RESUMEN TOTAL'!R503 -> 0 | M480: ='RESUMEN TOTAL'!S503 -> 0 | ... AI480: ='RESUMEN TOTAL'!AO503 -> 0
A481: ='RESUMEN TOTAL'!A504 -> PARADAS SEGURAS | B481: ='RESUMEN TOTAL'!B504 -> 34 I | C481: ='RESUMEN TOTAL'!D504 -> Hudson y Suipacha oeste | D481: ='RESUMEN TOTAL'!E504 -> INTERCOMUNICADOR | E481: ='RESUMEN TOTAL'!F504 -> GPON | F481: ='RESUMEN TOTAL'!L504 -> 0 | G481: ='RESUMEN TOTAL'!M504 -> 0 | H481: ='RESUMEN TOTAL'!N504 -> 0 | I481: ='RESUMEN TOTAL'!O504 -> 0 | J481: ='RESUMEN TOTAL'!P504 -> 0 | K481: ='RESUMEN TOTAL'!Q504 -> 0 | L481: ='RESUMEN TOTAL'!R504 -> 0 | M481: ='RESUMEN TOTAL'!S504 -> 0 | ... AI481: ='RESUMEN TOTAL'!AO504 -> 0
A482: ='RESUMEN TOTAL'!A505 -> PARADAS SEGURAS | B482: ='RESUMEN TOTAL'!B505 -> 35 C | C482: ='RESUMEN TOTAL'!D505 -> Hudson y Suipacha este | D482: ='RESUMEN TOTAL'!E505 -> GFIJA | E482: ='RESUMEN TOTAL'!F505 -> GPON | F482: ='RESUMEN TOTAL'!L505 -> APAGADO | G482: ='RESUMEN TOTAL'!M505 -> APAGADO | H482: ='RESUMEN TOTAL'!N505 -> 0 | I482: ='RESUMEN TOTAL'!O505 -> APAGADO | J482: ='RESUMEN TOTAL'!P505 -> APAGADO | K482: ='RESUMEN TOTAL'!Q505 -> APAGADO | L482: ='RESUMEN TOTAL'!R505 -> APAGADO | M482: ='RESUMEN TOTAL'!S505 -> APAGADO | ... AI482: ='RESUMEN TOTAL'!AO505 -> 0
A483: ='RESUMEN TOTAL'!A506 -> PARADAS SEGURAS | B483: ='RESUMEN TOTAL'!B506 -> 35 I | C483: ='RESUMEN TOTAL'!D506 -> Hudson y Suipacha este | D483: ='RESUMEN TOTAL'!E506 -> INTERCOMUNICADOR | E483: ='RESUMEN TOTAL'!F506 -> GPON | F483: ='RESUMEN TOTAL'!L506 -> 0 | G483: ='RESUMEN TOTAL'!M506 -> 0 | H483: ='RESUMEN TOTAL'!N506 -> APAGADO | I483: ='RESUMEN TOTAL'!O506 -> 0 | J483: ='RESUMEN TOTAL'!P506 -> 0 | K483: ='RESUMEN TOTAL'!Q506 -> 0 | L483: ='RESUMEN TOTAL'!R506 -> 0 | M483: ='RESUMEN TOTAL'!S506 -> 0 | ... AI483: ='RESUMEN TOTAL'!AO506 -> 0
A484: ='RESUMEN TOTAL'!#REF! -> #REF! | B484: ='RESUMEN TOTAL'!#REF! -> #REF! | C484: ='RESUMEN TOTAL'!#REF! -> #REF! | D484: ='RESUMEN TOTAL'!#REF! -> #REF! | E484: ='RESUMEN TOTAL'!#REF! -> #REF! | F484: ='RESUMEN TOTAL'!#REF! -> #REF! | G484: ='RESUMEN TOTAL'!#REF! -> #REF! | H484: ='RESUMEN TOTAL'!#REF! -> #REF! | ... AI484: ='RESUMEN TOTAL'!#REF! -> #REF!
A485: ='RESUMEN TOTAL'!#REF! -> #REF! | B485: ='RESUMEN TOTAL'!#REF! -> #REF! | C485: ='RESUMEN TOTAL'!#REF! -> #REF! | D485: ='RESUMEN TOTAL'!#REF! -> #REF! | E485: ='RESUMEN TOTAL'!#REF! -> #REF! | F485: ='RESUMEN TOTAL'!#REF! -> #REF! | G485: ='RESUMEN TOTAL'!#REF! -> #REF! | H485: ='RESUMEN TOTAL'!#REF! -> #REF! | ... AI485: ='RESUMEN TOTAL'!#REF! -> #REF!
A486: ='RESUMEN TOTAL'!A507 -> PARADAS SEGURAS | B486: ='RESUMEN TOTAL'!B507 -> 37 C | C486: ='RESUMEN TOTAL'!D507 -> Hudson y Jose Ingeniero Este | D486: ='RESUMEN TOTAL'!E507 -> GFIJA | E486: ='RESUMEN TOTAL'!F507 -> GPON | F486: ='RESUMEN TOTAL'!L507 -> 0 | G486: ='RESUMEN TOTAL'!M507 -> 0 | H486: ='RESUMEN TOTAL'!N507 -> 0 | I486: ='RESUMEN TOTAL'!O507 -> 0 | J486: ='RESUMEN TOTAL'!P507 -> 0 | K486: ='RESUMEN TOTAL'!Q507 -> 0 | L486: ='RESUMEN TOTAL'!R507 -> 0 | M486: ='RESUMEN TOTAL'!S507 -> 0 | ... AI486: ='RESUMEN TOTAL'!AO507 -> 0
A487: ='RESUMEN TOTAL'!A508 -> PARADAS SEGURAS | B487: ='RESUMEN TOTAL'!B508 -> 37 I | C487: ='RESUMEN TOTAL'!D508 -> Hudson y Jose Ingeniero Este | D487: ='RESUMEN TOTAL'!E508 -> INTERCOMUNICADOR | E487: ='RESUMEN TOTAL'!F508 -> GPON | F487: ='RESUMEN TOTAL'!L508 -> 0 | G487: ='RESUMEN TOTAL'!M508 -> 0 | H487: ='RESUMEN TOTAL'!N508 -> 0 | I487: ='RESUMEN TOTAL'!O508 -> 0 | J487: ='RESUMEN TOTAL'!P508 -> 0 | K487: ='RESUMEN TOTAL'!Q508 -> 0 | L487: ='RESUMEN TOTAL'!R508 -> 0 | M487: ='RESUMEN TOTAL'!S508 -> 0 | ... AI487: ='RESUMEN TOTAL'!AO508 -> 0
A488: ='RESUMEN TOTAL'!A509 -> PARADAS SEGURAS | B488: ='RESUMEN TOTAL'!B509 -> 38 C | C488: ='RESUMEN TOTAL'!D509 -> Hudson y Cacheuta Oeste | D488: ='RESUMEN TOTAL'!E509 -> GFIJA | E488: ='RESUMEN TOTAL'!F509 -> GPON | F488: ='RESUMEN TOTAL'!L509 -> 0 | G488: ='RESUMEN TOTAL'!M509 -> 0 | H488: ='RESUMEN TOTAL'!N509 -> 0 | I488: ='RESUMEN TOTAL'!O509 -> 0 | J488: ='RESUMEN TOTAL'!P509 -> 0 | K488: ='RESUMEN TOTAL'!Q509 -> 0 | L488: ='RESUMEN TOTAL'!R509 -> 0 | M488: ='RESUMEN TOTAL'!S509 -> 0 | ... AI488: ='RESUMEN TOTAL'!AO509 -> 0
A489: ='RESUMEN TOTAL'!A510 -> PARADAS SEGURAS | B489: ='RESUMEN TOTAL'!B510 -> 38 I | C489: ='RESUMEN TOTAL'!D510 -> Hudson y Cacheuta Oeste | D489: ='RESUMEN TOTAL'!E510 -> INTERCOMUNICADOR | E489: ='RESUMEN TOTAL'!F510 -> GPON | F489: ='RESUMEN TOTAL'!L510 -> 0 | G489: ='RESUMEN TOTAL'!M510 -> 0 | H489: ='RESUMEN TOTAL'!N510 -> 0 | I489: ='RESUMEN TOTAL'!O510 -> 0 | J489: ='RESUMEN TOTAL'!P510 -> 0 | K489: ='RESUMEN TOTAL'!Q510 -> 0 | L489: ='RESUMEN TOTAL'!R510 -> 0 | M489: ='RESUMEN TOTAL'!S510 -> 0 | ... AI489: ='RESUMEN TOTAL'!AO510 -> 0
A490: ='RESUMEN TOTAL'!A511 -> PARADAS SEGURAS | B490: ='RESUMEN TOTAL'!B511 -> 39 C | C490: ='RESUMEN TOTAL'!D511 -> Hudson y Groussac Este | D490: ='RESUMEN TOTAL'!E511 -> GFIJA | E490: ='RESUMEN TOTAL'!F511 -> GPON | F490: ='RESUMEN TOTAL'!L511 -> 0 | G490: ='RESUMEN TOTAL'!M511 -> APAGADO | H490: ='RESUMEN TOTAL'!N511 -> APAGADO | I490: ='RESUMEN TOTAL'!O511 -> APAGADO | J490: ='RESUMEN TOTAL'!P511 -> 0 | K490: ='RESUMEN TOTAL'!Q511 -> 0 | L490: ='RESUMEN TOTAL'!R511 -> 0 | M490: ='RESUMEN TOTAL'!S511 -> 0 | ... AI490: ='RESUMEN TOTAL'!AO511 -> 0
A491: ='RESUMEN TOTAL'!A512 -> PARADAS SEGURAS | B491: ='RESUMEN TOTAL'!B512 -> 39 I | C491: ='RESUMEN TOTAL'!D512 -> Hudson y Groussac Este | D491: ='RESUMEN TOTAL'!E512 -> INTERCOMUNICADOR | E491: ='RESUMEN TOTAL'!F512 -> GPON | F491: ='RESUMEN TOTAL'!L512 -> 0 | G491: ='RESUMEN TOTAL'!M512 -> APAGADO | H491: ='RESUMEN TOTAL'!N512 -> APAGADO | I491: ='RESUMEN TOTAL'!O512 -> APAGADO | J491: ='RESUMEN TOTAL'!P512 -> 0 | K491: ='RESUMEN TOTAL'!Q512 -> 0 | L491: ='RESUMEN TOTAL'!R512 -> 0 | M491: ='RESUMEN TOTAL'!S512 -> 0 | ... AI491: ='RESUMEN TOTAL'!AO512 -> 0
A492: ='RESUMEN TOTAL'!A513 -> PARADAS SEGURAS | B492: ='RESUMEN TOTAL'!B513 -> 40 C | C492: ='RESUMEN TOTAL'!D513 -> Hudson y Groussac Oeste | D492: ='RESUMEN TOTAL'!E513 -> GFIJA | E492: ='RESUMEN TOTAL'!F513 -> GPON | F492: ='RESUMEN TOTAL'!L513 -> 0 | G492: ='RESUMEN TOTAL'!M513 -> 0 | H492: ='RESUMEN TOTAL'!N513 -> 0 | I492: ='RESUMEN TOTAL'!O513 -> 0 | J492: ='RESUMEN TOTAL'!P513 -> 0 | K492: ='RESUMEN TOTAL'!Q513 -> 0 | L492: ='RESUMEN TOTAL'!R513 -> 0 | M492: ='RESUMEN TOTAL'!S513 -> 0 | ... AI492: ='RESUMEN TOTAL'!AO513 -> 0
A493: ='RESUMEN TOTAL'!A514 -> PARADAS SEGURAS | B493: ='RESUMEN TOTAL'!B514 -> 40 I | C493: ='RESUMEN TOTAL'!D514 -> Hudson y Groussac Oeste | D493: ='RESUMEN TOTAL'!E514 -> INTERCOMUNICADOR | E493: ='RESUMEN TOTAL'!F514 -> GPON | F493: ='RESUMEN TOTAL'!L514 -> 0 | G493: ='RESUMEN TOTAL'!M514 -> 0 | H493: ='RESUMEN TOTAL'!N514 -> 0 | I493: ='RESUMEN TOTAL'!O514 -> 0 | J493: ='RESUMEN TOTAL'!P514 -> 0 | K493: ='RESUMEN TOTAL'!Q514 -> 0 | L493: ='RESUMEN TOTAL'!R514 -> 0 | M493: ='RESUMEN TOTAL'!S514 -> 0 | ... AI493: ='RESUMEN TOTAL'!AO514 -> 0
A494: ='RESUMEN TOTAL'!A515 -> PARADAS SEGURAS | B494: ='RESUMEN TOTAL'!B515 -> 41 C | C494: ='RESUMEN TOTAL'!D515 -> Hudson y Dumas Este | D494: ='RESUMEN TOTAL'!E515 -> GFIJA | E494: ='RESUMEN TOTAL'!F515 -> GPON | F494: ='RESUMEN TOTAL'!L515 -> 0 | G494: ='RESUMEN TOTAL'!M515 -> 0 | H494: ='RESUMEN TOTAL'!N515 -> 0 | I494: ='RESUMEN TOTAL'!O515 -> 0 | J494: ='RESUMEN TOTAL'!P515 -> 0 | K494: ='RESUMEN TOTAL'!Q515 -> 0 | L494: ='RESUMEN TOTAL'!R515 -> 0 | M494: ='RESUMEN TOTAL'!S515 -> 0 | ... AI494: ='RESUMEN TOTAL'!AO515 -> 0
A495: ='RESUMEN TOTAL'!A516 -> PARADAS SEGURAS | B495: ='RESUMEN TOTAL'!B516 -> 41 I | C495: ='RESUMEN TOTAL'!D516 -> Hudson y Dumas Este | D495: ='RESUMEN TOTAL'!E516 -> INTERCOMUNICADOR | E495: ='RESUMEN TOTAL'!F516 -> GPON | F495: ='RESUMEN TOTAL'!L516 -> 0 | G495: ='RESUMEN TOTAL'!M516 -> 0 | H495: ='RESUMEN TOTAL'!N516 -> 0 | I495: ='RESUMEN TOTAL'!O516 -> 0 | J495: ='RESUMEN TOTAL'!P516 -> 0 | K495: ='RESUMEN TOTAL'!Q516 -> 0 | L495: ='RESUMEN TOTAL'!R516 -> 0 | M495: ='RESUMEN TOTAL'!S516 -> 0 | ... AI495: ='RESUMEN TOTAL'!AO516 -> 0
A496: ='RESUMEN TOTAL'!A517 -> PARADAS SEGURAS | B496: ='RESUMEN TOTAL'!B517 -> 42 C | C496: ='RESUMEN TOTAL'!D517 -> Hudson y Dumas Oeste | D496: ='RESUMEN TOTAL'!E517 -> GFIJA | E496: ='RESUMEN TOTAL'!F517 -> GPON | F496: ='RESUMEN TOTAL'!L517 -> 0 | G496: ='RESUMEN TOTAL'!M517 -> 0 | H496: ='RESUMEN TOTAL'!N517 -> 0 | I496: ='RESUMEN TOTAL'!O517 -> 0 | J496: ='RESUMEN TOTAL'!P517 -> 0 | K496: ='RESUMEN TOTAL'!Q517 -> 0 | L496: ='RESUMEN TOTAL'!R517 -> 0 | M496: ='RESUMEN TOTAL'!S517 -> 0 | ... AI496: ='RESUMEN TOTAL'!AO517 -> 0
A497: ='RESUMEN TOTAL'!A518 -> PARADAS SEGURAS | B497: ='RESUMEN TOTAL'!B518 -> 42 I | C497: ='RESUMEN TOTAL'!D518 -> Hudson y Dumas Oeste | D497: ='RESUMEN TOTAL'!E518 -> INTERCOMUNICADOR | E497: ='RESUMEN TOTAL'!F518 -> GPON | F497: ='RESUMEN TOTAL'!L518 -> 0 | G497: ='RESUMEN TOTAL'!M518 -> 0 | H497: ='RESUMEN TOTAL'!N518 -> 0 | I497: ='RESUMEN TOTAL'!O518 -> 0 | J497: ='RESUMEN TOTAL'!P518 -> 0 | K497: ='RESUMEN TOTAL'!Q518 -> 0 | L497: ='RESUMEN TOTAL'!R518 -> 0 | M497: ='RESUMEN TOTAL'!S518 -> 0 | ... AI497: ='RESUMEN TOTAL'!AO518 -> 0
... A499: ='RESUMEN TOTAL'!A520 -> PARADAS SEGURAS | B499: ='RESUMEN TOTAL'!B520 -> 43 I | C499: ='RESUMEN TOTAL'!D520 -> Hudson y Manuel de Falla Este | D499: ='RESUMEN TOTAL'!E520 -> INTERCOMUNICADOR | E499: ='RESUMEN TOTAL'!F520 -> GPON | F499: ='RESUMEN TOTAL'!L520 -> 0 | G499: ='RESUMEN TOTAL'!M520 -> 0 | H499: ='RESUMEN TOTAL'!N520 -> 0 | I499: ='RESUMEN TOTAL'!O520 -> 0 | J499: ='RESUMEN TOTAL'!P520 -> 0 | K499: ='RESUMEN TOTAL'!Q520 -> 0 | L499: ='RESUMEN TOTAL'!R520 -> 0 | M499: ='RESUMEN TOTAL'!S520 -> 0 | ... AI499: ='RESUMEN TOTAL'!AO520 -> 0
A500: ='RESUMEN TOTAL'!#REF! -> #REF! | B500: ='RESUMEN TOTAL'!#REF! -> #REF! | C500: ='RESUMEN TOTAL'!#REF! -> #REF! | D500: ='RESUMEN TOTAL'!#REF! -> #REF! | E500: ='RESUMEN TOTAL'!#REF! -> #REF! | F500: ='RESUMEN TOTAL'!#REF! -> #REF! | G500: ='RESUMEN TOTAL'!#REF! -> #REF! | H500: ='RESUMEN TOTAL'!#REF! -> #REF! | ... AI500: ='RESUMEN TOTAL'!#REF! -> #REF!
A501: ='RESUMEN TOTAL'!#REF! -> #REF! | B501: ='RESUMEN TOTAL'!#REF! -> #REF! | C501: ='RESUMEN TOTAL'!#REF! -> #REF! | D501: ='RESUMEN TOTAL'!#REF! -> #REF! | E501: ='RESUMEN TOTAL'!#REF! -> #REF! | F501: ='RESUMEN TOTAL'!#REF! -> #REF! | G501: ='RESUMEN TOTAL'!#REF! -> #REF! | H501: ='RESUMEN TOTAL'!#REF! -> #REF! | ... AI501: ='RESUMEN TOTAL'!#REF! -> #REF!
A502: ='RESUMEN TOTAL'!A521 -> PARADAS SEGURAS | B502: ='RESUMEN TOTAL'!B521 -> 45 C | C502: ='RESUMEN TOTAL'!D521 -> Hudson y Benito Perez Galdos Este | D502: ='RESUMEN TOTAL'!E521 -> GFIJA | E502: ='RESUMEN TOTAL'!F521 -> GPON | F502: ='RESUMEN TOTAL'!L521 -> 0 | G502: ='RESUMEN TOTAL'!M521 -> 0 | H502: ='RESUMEN TOTAL'!N521 -> 0 | I502: ='RESUMEN TOTAL'!O521 -> 0 | J502: ='RESUMEN TOTAL'!P521 -> 0 | K502: ='RESUMEN TOTAL'!Q521 -> 0 | L502: ='RESUMEN TOTAL'!R521 -> 0 | M502: ='RESUMEN TOTAL'!S521 -> 0 | ... AI502: ='RESUMEN TOTAL'!AO521 -> 0
A503: ='RESUMEN TOTAL'!A522 -> PARADAS SEGURAS | B503: ='RESUMEN TOTAL'!B522 -> 45 I | C503: ='RESUMEN TOTAL'!D522 -> Hudson y Benito Perez Galdos Este | D503: ='RESUMEN TOTAL'!E522 -> INTERCOMUNICADOR | E503: ='RESUMEN TOTAL'!F522 -> GPON | F503: ='RESUMEN TOTAL'!L522 -> 0 | G503: ='RESUMEN TOTAL'!M522 -> 0 | H503: ='RESUMEN TOTAL'!N522 -> 0 | I503: ='RESUMEN TOTAL'!O522 -> 0 | J503: ='RESUMEN TOTAL'!P522 -> 0 | K503: ='RESUMEN TOTAL'!Q522 -> 0 | L503: ='RESUMEN TOTAL'!R522 -> 0 | M503: ='RESUMEN TOTAL'!S522 -> 0 | ... AI503: ='RESUMEN TOTAL'!AO522 -> 0
