Workbook
Name _25_de_agosto: 'RESUMEN TOTAL'!$A$4:$D$363
Name BONOMOcam: Hoja1!$B$2
Name COSEIDIcam: Hoja1!$B$4

Sheet RESUMEN TOTAL
A1: CANTIDAD DE CAMARAS | B1: =COUNTA(B5:B528) -> 427 | D1: PORCIENTO DE CAIDAS | K1: =(K3)/(K2+K3) -> 0.093975904 | L1: =(L3)/(L2+L3) -> 0.093975904 | M1: =(M3)/(M2+M3) -> 0.39328537 | N1: =(N3)/(N2+N3) -> 0.10361446 | O1: =(O3)/(O2+O3) -> 0.089156627 | P1: =(P3)/(P2+P3) -> 0 | Q1: =(Q3)/(Q2+Q3) -> 0.084337349 | R1: =(R3)/(R2+R3) -> 0 | ... AO1: =(AO3)/(AO2+AO3) -> 0
D2: FUNCIONAN | K2: =COUNTIF(K7:K421, "") -> 376 | L2: =COUNTIF(L7:L421, "") -> 376 | M2: =COUNTIF(M7:M421, "") -> 253 | N2: =COUNTIF(N7:N421, "") -> 372 | O2: =COUNTIF(O7:O421, "") -> 378 | P2: =COUNTIF(P7:P421, "") -> 415 | Q2: =COUNTIF(Q7:Q421, "") -> 380 | R2: =COUNTIF(R7:R421, "") -> 415 | ... AE2: =COUNTIF(AE7:AE421, "") -> 373 | AF2: =COUNTIF(AF5:AF422, "") -> 373 | AG2: =COUNTIF(AG5:AG422, "") -> 362 | AH2: =COUNTIF(AH5:AH422, "") -> 418 | AI2: =COUNTIF(AI5:AI422, "") -> 418 | AJ2: =COUNTIF(AJ5:AJ422, "") -> 418 | AK2: =COUNTIF(AK5:AK422, "") -> 418 | AL2: =COUNTIF(AL5:AL422, "") -> 418 | AM2: =COUNTIF(AM5:AM422, "") -> 418 | ... AO2: =COUNTIF(AO5:AO422, "") -> 418
D3: CAIDAS | K3: =COUNTIF(K4:K448, "apagado") -> 39 | L3: =COUNTIF(L4:L448, "apagado") -> 39 | M3: =COUNTIF(M4:M448, "apagado") -> 164 | N3: =COUNTIF(N4:N448, "apagado") -> 43 | O3: =COUNTIF(O4:O448, "apagado") -> 37 | P3: =COUNTIF(P4:P448, "apagado") -> 0 | Q3: =COUNTIF(Q4:Q448, "apagado") -> 35 | R3: =COUNTIF(R4:R448, "apagado") -> 0 | ... AO3: =COUNTIF(AO4:AO448, "apagado") -> 0
A4: Barrio | B4: [Denominacion] | C4: [Empresa Mantenimiento] | D4: [Ubicacion] | E4: [Tipo de Camara] | F4: [Tipo de Conexion] | H4: DIAS FUNCIONANDO | I4: DIAS CAIDA | J4: EFECTIVIDAD | K4: 44835 | L4: 44836 | M4: 44837 | N4: 44838 | O4: 44839 | P4: 44840 | Q4: 44841 | R4: 44842 | S4: 44843 | T4: 44844 | U4: 44845 | V4: 44846 | W4: 44847 | X4: 44848 | Y4: 44849 | Z4: 44850 | AA4: 44851 | AB4: 44852 | AC4: 44853 | AD4: 44854 | AE4: 44855 | AF4: 44856 | AG4: 44857 | AH4: 44858 | AI4: 44859 | AJ4: 44860 | AK4: 44861 | AL4: 44862 | AM4: 44863 | AN4: 44864 | AO4: 44865
A5: ALTAMIRA | B5: ALT01 | C5: BONOMO | D5: Calchaqui y Sgto. Cabral | E5: Domo | F5: Fibra Optica | G5: 172.20.10.6 | H5: =COUNTIF(K5:AN5,"") -> 29 | I5: =COUNTIF(K5:AL5,"APAGADO") -> 1 | J5: =(H5)/(I5+H5) -> 0.96666667 | M5: APAGADO
A6: ALTAMIRA | B6: ALT02 | C6: BONOMO | D6: Calchaqui y Lope de Vega | E6: Domo | F6: PTO A FO | G6: 172.20.12.218 | H6: =COUNTIF(K6:AN6,"") -> 29 | I6: =COUNTIF(K6:AL6,"APAGADO") -> 1 | J6: =(H6)/(I6+H6) -> 0.96666667 | M6: APAGADO
A7: ALTAMIRA | B7: ALT 03 | C7: BONOMO | D7: Bombero Galarza y Necochea | E7: Domo | F7: FIBRA OPTICA | G7: 172.20.12.54 | H7: =COUNTIF(K7:AN7,"") -> 30 | I7: =COUNTIF(K7:AL7,"APAGADO") -> 0 | J7: =(H7)/(I7+H7) -> 1
A8: ALTAMIRA | B8: ALT 04 | C8: BONOMO | D8: Francia y Necochea | E8: Domo | F8: FIBRA OPTICA | G8: 172.20.12.55 | H8: =COUNTIF(K8:AN8,"") -> 25 | I8: =COUNTIF(K8:AL8,"APAGADO") -> 5 | J8: =(H8)/(I8+H8) -> 0.83333333 | K8: APAGADO | L8: APAGADO | M8: APAGADO | N8: APAGADO | O8: APAGADO
A9: ALTAMIRA | B9: ALT05 | C9: BONOMO | D9: Av. Calchaqui y Bombero Galarza | E9: Domo | F9: PTO A FO | G9: 172.20.12.216 | H9: =COUNTIF(K9:AN9,"") -> 10 | I9: =COUNTIF(K9:AL9,"APAGADO") -> 20 | J9: =(H9)/(I9+H9) -> 0.33333333 | K9: APAGADO | L9: APAGADO | M9: APAGADO | N9: APAGADO | O9: APAGADO | Q9: APAGADO | S9: APAGADO | T9: APAGADO | U9: APAGADO | V9: APAGADO | W9: APAGADO | X9: APAGADO | Y9: APAGADO | Z9: APAGADO | AB9: APAGADO | AC9: APAGADO | AD9: APAGADO | AE9: APAGADO | AF9: APAGADO | AG9: APAGADO
A10: ALTAMIRA | B10: ALT 06 | C10: BONOMO | D10: LOPE DE VEGA Y NECOCHEA | E10: Domo | F10: PTO A FO | G10: 172.20.12.12 | H10: =COUNTIF(K10:AN10,"") -> 28 | I10: =COUNTIF(K10:AL10,"APAGADO") -> 2 | J10: =(H10)/(I10+H10) -> 0.93333333 | M10: APAGADO | N10: APAGADO
A11: ALTAMIRA | B11: ALT07 | C11: BONOMO | D11: AV. CALCHAQUI Y AV. DEL TRABAJO | E11: DOMO | F11: PTO A FO | G11: 172.20.10.57 | H11: =COUNTIF(K11:AN11,"") -> 30 | I11: =COUNTIF(K11:AL11,"APAGADO") -> 0 | J11: =(H11)/(I11+H11) -> 1
A12: ALTAMIRA | B12: ALT 08 | C12: BONOMO | D12: HUMAITA Y NECOCHEA | E12: DOMO | F12: Fibra Optica | G12: 172.20.11.215 | H12: =COUNTIF(K12:AN12,"") -> 30 | I12: =COUNTIF(K12:AL12,"APAGADO") -> 0 | J12: =(H12)/(I12+H12) -> 1
A13: ALTAMIRA | B13: ALT 09 | C13: BONOMO | D13: NECOCHEA Y CURUPAITY | E13: DOMO | F13: Fibra Optica | G13: 172.20.11.216 | H13: =COUNTIF(K13:AN13,"") -> 30 | I13: =COUNTIF(K13:AL13,"APAGADO") -> 0 | J13: =(H13)/(I13+H13) -> 1
A14: ALTAMIRA | B14: ALT 10 | C14: BONOMO | D14: Calchaqui y Francia | E14: Domo | F14: Radio | H14: =COUNTIF(K14:AN14,"") -> 10 | I14: =COUNTIF(K14:AL14,"APAGADO") -> 20 | J14: =(H14)/(I14+H14) -> 0.33333333 | K14: APAGADO | L14: APAGADO | M14: APAGADO | N14: APAGADO | O14: APAGADO | Q14: APAGADO | S14: APAGADO | T14: APAGADO | U14: APAGADO | V14: APAGADO | W14: APAGADO | X14: APAGADO | Y14: APAGADO | Z14: APAGADO | AB14: APAGADO | AC14: APAGADO | AD14: APAGADO | AE14: APAGADO | AF14: APAGADO | AG14: APAGADO
A15: AGUSTIN RAMIREZ | B15: ARA 01 | C15: COSEIDI | D15: Malambo y Tranquera | E15: Domo | F15: FIBRA OPTICA | G15: 172.20.12.110 | H15: =COUNTIF(K15:AN15,"") -> 28 | I15: =COUNTIF(K15:AL15,"APAGADO") -> 2 | J15: =(H15)/(I15+H15) -> 0.93333333 | M15: APAGADO | AC15: APAGADO
A16: BELGRANO | B16: BEL 01 | C16: BONOMO | D16: San Martin y Dardo Rocha | E16: DOMO | F16: FIBRA OPTICA | G16: 172.20.12.64 | H16: =COUNTIF(K16:AN16,"") -> 11 | I16: =COUNTIF(K16:AL16,"APAGADO") -> 19 | J16: =(H16)/(I16+H16) -> 0.36666667 | K16: APAGADO | L16: APAGADO | M16: APAGADO | N16: APAGADO | O16: APAGADO | Q16: APAGADO | T16: APAGADO | U16: APAGADO | V16: APAGADO | W16: APAGADO | X16: APAGADO | Y16: APAGADO | Z16: APAGADO | AB16: APAGADO | AC16: APAGADO | AD16: APAGADO | AE16: APAGADO | AF16: APAGADO | AG16: APAGADO
A17: CENTRO | B17: CEN01 | C17: BONOMO | D17: San Martin y 9 de Julio | E17: Fija | F17: Fibra Optica | G17: 172.20.11.10 | H17: =COUNTIF(K17:AN17,"") -> 29 | I17: =COUNTIF(K17:AL17,"APAGADO") -> 1 | J17: =(H17)/(I17+H17) -> 0.96666667 | M17: APAGADO
A18: CENTRO | B18: CEN02 | C18: BONOMO | D18: San Martin y Almafuerte | E18: Fija | F18: Fibra Optica | G18: 172.20.11.11 | H18: =COUNTIF(K18:AN18,"") -> 29 | I18: =COUNTIF(K18:AL18,"APAGADO") -> 1 | J18: =(H18)/(I18+H18) -> 0.96666667 | M18: APAGADO
A19: CENTRO | B19: CEN03 | C19: BONOMO | D19: San Martin y Sallares | E19: Domo | F19: Fibra Optica | G19: 172.20.12.30 | H19: =COUNTIF(K19:AN19,"") -> 29 | I19: =COUNTIF(K19:AL19,"APAGADO") -> 1 | J19: =(H19)/(I19+H19) -> 0.96666667 | M19: APAGADO
A20: CENTRO | B20: CEN04 | C20: BONOMO | D20: San Martin y Contreras | E20: Domo | F20: Fibra Optica | G20: 172.20.12.29 | H20: =COUNTIF(K20:AN20,"") -> 30 | I20: =COUNTIF(K20:AL20,"APAGADO") -> 0 | J20: =(H20)/(I20+H20) -> 1
A21: CENTRO | B21: CEN 05 | C21: BONOMO | D21: Bocuzzi e/España y San Martin | E21: DOMO | F21: Fibra Optica | G21: 172.20.10.200 | H21: =COUNTIF(K21:AN21,"") -> 29 | I21: =COUNTIF(K21:AL21,"APAGADO") -> 1 | J21: =(H21)/(I21+H21) -> 0.96666667 | M21: APAGADO
A22: CENTRO | B22: CEN06 | C22: BONOMO | D22: Monteagudo y A.del Valle | E22: Fija | F22: Fibra Optica | G22: 172.20.10.02 | H22: =COUNTIF(K22:AN22,"") -> 29 | I22: =COUNTIF(K22:AL22,"APAGADO") -> 1 | J22: =(H22)/(I22+H22) -> 0.96666667 | M22: APAGADO
A23: CENTRO | B23: CEN07 | C23: BONOMO | D23: San Martin y Guemes | E23: DOMO | F23: Fibra Optica | G23: 172.20.11.20 | H23: =COUNTIF(K23:AN23,"") -> 29 | I23: =COUNTIF(K23:AL23,"APAGADO") -> 1 | J23: =(H23)/(I23+H23) -> 0.96666667 | M23: APAGADO
A24: CENTRO | B24: CEN08 | C24: BONOMO | D24: San Martin y Pte.Peron | E24: Domo | F24: Fibra Optica | G24: 172.20.11.21 | H24: =COUNTIF(K24:AN24,"") -> 30 | I24: =COUNTIF(K24:AL24,"APAGADO") -> 0 | J24: =(H24)/(I24+H24) -> 1
A25: CENTRO | B25: CEN09 | C25: BONOMO | D25: Chacabuco y 25 de Mayo | E25: Domo | F25: Fibra Optica | G25: 172.20.11.22 | H25: =COUNTIF(K25:AN25,"") -> 30 | I25: =COUNTIF(K25:AL25,"APAGADO") -> 0 | J25: =(H25)/(I25+H25) -> 1
A26: CENTRO | B26: CEN10 | C26: BONOMO | D26: Monteagudo y Pte. Peron | E26: Domo | F26: Fibra Optica | G26: 172.20.11.23 | H26: =COUNTIF(K26:AN26,"") -> 29 | I26: =COUNTIF(K26:AL26,"APAGADO") -> 1 | J26: =(H26)/(I26+H26) -> 0.96666667 | M26: APAGADO
A27: CENTRO | B27: CEN11 | C27: BONOMO | D27: Monteagudo y Bocuzzi | E27: Domo | F27: Fibra Optica | G27: 172.20.10.24 | H27: =COUNTIF(K27:AN27,"") -> 30 | I27: =COUNTIF(K27:AL27,"APAGADO") -> 0 | J27: =(H27)/(I27+H27) -> 1
A28: CENTRO | B28: CEN 12 | C28: BONOMO | D28: Monteagudo y Mitre | E28: Domo | F28: Fibra Optica | G28: 172.20.10.23 | H28: =COUNTIF(K28:AN28,"") -> 18 | I28: =COUNTIF(K28:AL28,"APAGADO") -> 12 | J28: =(H28)/(I28+H28) -> 0.6 | N28: APAGADO | O28: APAGADO | W28: APAGADO | X28: APAGADO | Y28: APAGADO | Z28: APAGADO | AB28: APAGADO | AC28: APAGADO | AD28: APAGADO | AE28: APAGADO | AF28: APAGADO | AG28: APAGADO
A29: CENTRO | B29: CEN 13 | C29: BONOMO | D29: 25 de Mayo y Maipu | E29: DOMO | F29: Fibra Optica | G29: 172.20.10.20 | H29: =COUNTIF(K29:AN29,"") -> 28 | I29: =COUNTIF(K29:AL29,"APAGADO") -> 2 | J29: =(H29)/(I29+H29) -> 0.93333333 | M29: APAGADO | Q29: APAGADO
A30: CENTRO | B30: CEN14 | C30: BONOMO | D30: Pte.Peron e/Pringles y Brown | E30: Domo | F30: Fibra Optica | G30: 172.20.10.21 | H30: =COUNTIF(K30:AN30,"") -> 30 | I30: =COUNTIF(K30:AL30,"APAGADO") -> 0 | J30: =(H30)/(I30+H30) -> 1
A31: CENTRO | B31: CEN15 | C31: BONOMO | D31: Alberdi y A.del Valle | E31: Domo | F31: Fibra Optica | G31: 172.20.10.35 | H31: =COUNTIF(K31:AN31,"") -> 11 | I31: =COUNTIF(K31:AL31,"APAGADO") -> 19 | J31: =(H31)/(I31+H31) -> 0.36666667 | K31: APAGADO | L31: APAGADO | M31: APAGADO | N31: APAGADO | O31: APAGADO | S31: APAGADO | T31: APAGADO | U31: APAGADO | V31: APAGADO | W31: APAGADO | X31: APAGADO | Y31: APAGADO | Z31: APAGADO | AB31: APAGADO | AC31: APAGADO | AD31: APAGADO | AE31: APAGADO | AF31: APAGADO | AG31: APAGADO
A32: CENTRO | B32: CEN16 | C32: BONOMO | D32: San Martin y Pte. Peron | E32: Fija | F32: Fibra Optica | G32: 172.20.12.36 | H32: =COUNTIF(K32:AN32,"") -> 29 | I32: =COUNTIF(K32:AL32,"APAGADO") -> 1 | J32: =(H32)/(I32+H32) -> 0.96666667 | M32: APAGADO
A33: CENTRO | B33: CEN17 | C33: BONOMO | D33: San Martin y Mitre | E33: Domo | F33: PTO A FO | G33: 172.20.12.200 | H33: =COUNTIF(K33:AN33,"") -> 29 | I33: =COUNTIF(K33:AL33,"APAGADO") -> 1 | J33: =(H33)/(I33+H33) -> 0.96666667 | M33: APAGADO
A34: CENTRO | B34: CEN18 | C34: BONOMO | D34: Monteagudo e/Mitre y Sallares | E34: Fija | F34: Fibra Optica | G34: 172.20.10.26 | H34: =COUNTIF(K34:AN34,"") -> 10 | I34: =COUNTIF(K34:AL34,"APAGADO") -> 20 | J34: =(H34)/(I34+H34) -> 0.33333333 | K34: APAGADO | L34: APAGADO | M34: APAGADO | N34: APAGADO | O34: APAGADO | Q34: APAGADO | S34: APAGADO | T34: APAGADO | U34: APAGADO | V34: APAGADO | W34: APAGADO | X34: APAGADO | Y34: APAGADO | Z34: APAGADO | AB34: APAGADO | AC34: APAGADO | AD34: APAGADO | AE34: APAGADO | AF34: APAGADO | AG34: APAGADO
A35: CENTRO | B35: CEN19 | C35: BONOMO | D35: Chacabuco y 25 de Mayo | E35: Fija | F35: Fibra Optica | G35: 172.20.10.27 | H35: =COUNTIF(K35:AN35,"") -> 30 | I35: =COUNTIF(K35:AL35,"APAGADO") -> 0 | J35: =(H35)/(I35+H35) -> 1
A36: LOMAS DE MONTEVERDE | B36: CEN20 | C36: BONOMO | D36: Pte. Illia y Las Heras | E36: Domo | F36: Fibra Optica | G36: 172.20.10.33 | H36: =COUNTIF(K36:AN36,"") -> 26 | I36: =COUNTIF(K36:AL36,"APAGADO") -> 4 | J36: =(H36)/(I36+H36) -> 0.86666667 | K36: APAGADO | L36: APAGADO | M36: APAGADO | N36: APAGADO
A37: CENTRO | B37: CEN21 | C37: BONOMO | D37: Misiones y Urquiza | E37: Fija | F37: Radio | G37: 172.20.200.132 | H37: =COUNTIF(K37:AN37,"") -> 29 | I37: =COUNTIF(K37:AL37,"APAGADO") -> 1 | J37: =(H37)/(I37+H37) -> 0.96666667 | M37: APAGADO
A38: CENTRO | B38: CEN22 | C38: BONOMO | D38: Las Heras y Chacabuco | E38: Domo | F38: Radio | G38: 172.20.200.125 | H38: =COUNTIF(K38:AN38,"") -> 30 | I38: =COUNTIF(K38:AL38,"APAGADO") -> 0 | J38: =(H38)/(I38+H38) -> 1
A39: CENTRO | B39: CEN23 | C39: BONOMO | D39: Sallares y Monteagudo | E39: Domo | F39: Fibra Optica | G39: 172.20.12.05 | H39: =COUNTIF(K39:AN39,"") -> 29 | I39: =COUNTIF(K39:AL39,"APAGADO") -> 1 | J39: =(H39)/(I39+H39) -> 0.96666667 | M39: APAGADO
A40: CENTRO | B40: CEN24 | C40: BONOMO | D40: Sallares y España | E40: Domo | F40: Fibra Optica | G40: 172.20.12.04 | H40: =COUNTIF(K40:AN40,"") -> 28 | I40: =COUNTIF(K40:AL40,"APAGADO") -> 2 | J40: =(H40)/(I40+H40) -> 0.93333333 | L40: APAGADO | N40: APAGADO
A41: CENTRO | B41: CEN25 | C41: BONOMO | D41: SAN MARTIN Y 9 DE JULIO | E41: Domo | F41: Fibra Optica | G41: 172.20.12.02 | H41: =COUNTIF(K41:AN41,"") -> 28 | I41: =COUNTIF(K41:AL41,"APAGADO") -> 2 | J41: =(H41)/(I41+H41) -> 0.93333333 | M41: APAGADO | N41: APAGADO
A42: CENTRO | B42: CEN26 | C42: BONOMO | D42: Mitre y España | E42: Domo | F42: Fibra Optica | G42: 172.20.12.06 | H42: =COUNTIF(K42:AN42,"") -> 10 | I42: =COUNTIF(K42:AL42,"APAGADO") -> 20 | J42: =(H42)/(I42+H42) -> 0.33333333 | K42: APAGADO | L42: APAGADO | M42: APAGADO | N42: APAGADO | O42: APAGADO | Q42: APAGADO | S42: APAGADO | T42: APAGADO | U42: APAGADO | V42: APAGADO | W42: APAGADO | X42: APAGADO | Y42: APAGADO | Z42: APAGADO | AB42: APAGADO | AC42: APAGADO | AD42: APAGADO | AE42: APAGADO | AF42: APAGADO | AG42: APAGADO
A43: CENTRO | B43: CEN27 | C43: BONOMO | D43: San Juan y España | E43: Domo | F43: Fibra Optica | G43: 172.20.12.37 | H43: =COUNTIF(K43:AN43,"") -> 24 | I43: =COUNTIF(K43:AL43,"APAGADO") -> 6 | J43: =(H43)/(I43+H43) -> 0.8 | AB43: APAGADO | AC43: APAGADO | AD43: APAGADO | AE43: APAGADO | AF43: APAGADO | AG43: APAGADO
A44: CENTRO | B44: CEN28 | C44: BONOMO | D44: Mitre y Alberdi | E44: Domo | F44: Fibra Optica | G44: 172.20.12.38 | H44: =COUNTIF(K44:AN44,"") -> 29 | I44: =COUNTIF(K44:AL44,"APAGADO") -> 1 | J44: =(H44)/(I44+H44) -> 0.96666667 | M44: APAGADO
A45: CENTRO | B45: CEN29 | C45: BONOMO | D45: Alberdi y San Juan | E45: Domo | F45: Fibra Optica | G45: 172.20.12.40 | H45: =COUNTIF(K45:AN45,"") -> 23 | I45: =COUNTIF(K45:AL45,"APAGADO") -> 7 | J45: =(H45)/(I45+H45) -> 0.76666667 | M45: APAGADO | AB45: APAGADO | AC45: APAGADO | AD45: APAGADO | AE45: APAGADO | AF45: APAGADO | AG45: APAGADO
A46: CENTRO | B46: CEN30 | C46: BONOMO | D46: Mitre y Pringles | E46: Domo | F46: Fibra Optica | G46: 172.20.12.39 | H46: =COUNTIF(K46:AN46,"") -> 29 | I46: =COUNTIF(K46:AL46,"APAGADO") -> 1 | J46: =(H46)/(I46+H46) -> 0.96666667 | M46: APAGADO
A47: CENTRO | B47: CEN31 | C47: BONOMO | D47: Mitre e/Monteagudo y Alberdi | E47: Domo | F47: Fibra Optica | G47: 172.20.12.41 | H47: =COUNTIF(K47:AN47,"") -> 29 | I47: =COUNTIF(K47:AL47,"APAGADO") -> 1 | J47: =(H47)/(I47+H47) -> 0.96666667 | M47: APAGADO
A48: CENTRO | B48: CEN32 | C48: BONOMO | D48: Aristobulo del Valle y España | E48: Domo | F48: Fibra Optica | G48: 172.20.12.42 | H48: =COUNTIF(K48:AN48,"") -> 23 | I48: =COUNTIF(K48:AL48,"APAGADO") -> 7 | J48: =(H48)/(I48+H48) -> 0.76666667 | M48: APAGADO | AB48: APAGADO | AC48: APAGADO | AD48: APAGADO | AE48: APAGADO | AF48: APAGADO | AG48: APAGADO
A49: CENTRO | B49: CEN33 | C49: BONOMO | D49: Peron y Alberdi | E49: Domo | F49: Fibra Optica | G49: 172.20.12.47 | H49: =COUNTIF(K49:AN49,"") -> 29 | I49: =COUNTIF(K49:AL49,"APAGADO") -> 1 | J49: =(H49)/(I49+H49) -> 0.96666667 | M49: APAGADO
A50: CENTRO | B50: CEN34 | C50: BONOMO | D50: Peron y España | E50: Domo | F50: Fibra Optica | G50: 172.20.12.49 | H50: =COUNTIF(K50:AN50,"") -> 12 | I50: =COUNTIF(K50:AL50,"APAGADO") -> 18 | J50: =(H50)/(I50+H50) -> 0.4 | M50: APAGADO | N50: APAGADO | O50: APAGADO | Q50: APAGADO | S50: APAGADO | T50: APAGADO | U50: APAGADO | V50: APAGADO | W50: APAGADO | X50: APAGADO | Y50: APAGADO | Z50: APAGADO | AB50: APAGADO | AC50: APAGADO | AD50: APAGADO | AE50: APAGADO | AF50: APAGADO | AG50: APAGADO
A51: CENTRO | B51: CEN35 | C51: BONOMO | D51: España y Marmol | E51: Domo | F51: Fibra Optica | G51: 172.20.12.50 | H51: =COUNTIF(K51:AN51,"") -> 29 | I51: =COUNTIF(K51:AL51,"APAGADO") -> 1 | J51: =(H51)/(I51+H51) -> 0.96666667 | M51: APAGADO
A52: CENTRO | B52: CEN36 | C52: BONOMO | D52: España y 9 de Julio | E52: Domo | F52: Fibra Optica | G52: 172.20.12.51 | H52: =COUNTIF(K52:AN52,"") -> 30 | I52: =COUNTIF(K52:AL52,"APAGADO") -> 0 | J52: =(H52)/(I52+H52) -> 1
A53: CENTRO | B53: CEN 37 | C53: BONOMO | D53: Diagonal Granaderos y Monteagudo | E53: Domo | F53: Fibra Optica | G53: 172.20.12.52 | H53: =COUNTIF(K53:AN53,"") -> 29 | I53: =COUNTIF(K53:AL53,"APAGADO") -> 1 | J53: =(H53)/(I53+H53) -> 0.96666667 | M53: APAGADO
A54: CENTRO | B54: CEN38 | C54: BONOMO | D54: Diagonal Constituyentes y Almafuerte | E54: Domo | F54: Fibra Optica | G54: 172.20.12.53 | H54: =COUNTIF(K54:AN54,"") -> 30 | I54: =COUNTIF(K54:AL54,"APAGADO") -> 0 | J54: =(H54)/(I54+H54) -> 1
A55: CENTRO | B55: CEN39 | C55: BONOMO | D55: San Martin y Alem | E55: Domo | F55: Fibra Optica | G55: 172.20.12.56 | H55: =COUNTIF(K55:AN55,"") -> 29 | I55: =COUNTIF(K55:AL55,"APAGADO") -> 1 | J55: =(H55)/(I55+H55) -> 0.96666667 | M55: APAGADO
A56: CENTRO | B56: CEN40 | C56: BONOMO | D56: Contreras y Monteagudo | E56: Domo | F56: Fibra Optica | G56: 172.20.12.57 | H56: =COUNTIF(K56:AN56,"") -> 30 | I56: =COUNTIF(K56:AL56,"APAGADO") -> 0 | J56: =(H56)/(I56+H56) -> 1
A57: CENTRO | B57: CEN41 | C57: BONOMO | D57: Contreras y Alberdi | E57: Domo | F57: Fibra Optica | G57: 172.20.12.58 | H57: =COUNTIF(K57:AN57,"") -> 30 | I57: =COUNTIF(K57:AL57,"APAGADO") -> 0 | J57: =(H57)/(I57+H57) -> 1
A58: CENTRO | B58: CEN42 | C58: BONOMO | D58: Diagonal Constituyentes y Alem | E58: Domo | F58: Fibra Optica | G58: 172.20.12.59 | H58: =COUNTIF(K58:AN58,"") -> 30 | I58: =COUNTIF(K58:AL58,"APAGADO") -> 0 | J58: =(H58)/(I58+H58) -> 1
A59: CENTRO | B59: CEN43 | C59: BONOMO | D59: Sallares y Alberdi | E59: Domo | F59: Fibra Optica | G59: 172.20.12.61 | H59: =COUNTIF(K59:AN59,"") -> 30 | I59: =COUNTIF(K59:AL59,"APAGADO") -> 0 | J59: =(H59)/(I59+H59) -> 1
A60: CENTRO | B60: CEN44 | C60: BONOMO | D60: Mitre y Brown | E60: Domo | F60: Fibra Optica | G60: 172.20.12.62 | H60: =COUNTIF(K60:AN60,"") -> 28 | I60: =COUNTIF(K60:AL60,"APAGADO") -> 2 | J60: =(H60)/(I60+H60) -> 0.93333333 | S60: APAGADO | Z60: APAGADO
A61: CENTRO | B61: CEN45 (fija 1) | C61: BONOMO | D61: EEUU Y MORENO | E61: Fija | F61: Fibra Optica | G61: 172.20.11.74 | H61: =COUNTIF(K61:AN61,"") -> 30 | I61: =COUNTIF(K61:AL61,"APAGADO") -> 0 | J61: =(H61)/(I61+H61) -> 1
A62: CENTRO | B62: CEN46 (fija 2) | C62: BONOMO | D62: EEUU Y MORENO | E62: Fija | F62: Fibra Optica | G62: 172.20.11.75 | H62: =COUNTIF(K62:AN62,"") -> 30 | I62: =COUNTIF(K62:AL62,"APAGADO") -> 0 | J62: =(H62)/(I62+H62) -> 1
A63: CENTRO | B63: CEN47 | C63: BONOMO | D63: Sallares y Brown | E63: Domo | F63: Fibra Optica | G63: 172.20.12.65 | H63: =COUNTIF(K63:AN63,"") -> 10 | I63: =COUNTIF(K63:AL63,"APAGADO") -> 20 | J63: =(H63)/(I63+H63) -> 0.33333333 | K63: APAGADO | L63: APAGADO | M63: APAGADO | N63: APAGADO | O63: APAGADO | Q63: APAGADO | S63: APAGADO | T63: APAGADO | U63: APAGADO | V63: APAGADO | W63: APAGADO | X63: APAGADO | Y63: APAGADO | Z63: APAGADO | AB63: APAGADO | AC63: APAGADO | AD63: APAGADO | AE63: APAGADO | AF63: APAGADO | AG63: APAGADO
A64: CENTRO | B64: CEN48 | C64: BONOMO | D64: Velez Sarsfield y Las Heras | E64: Domo | F64: Radio | G64: 172.20.200.181 | H64: =COUNTIF(K64:AN64,"") -> 30 | I64: =COUNTIF(K64:AL64,"APAGADO") -> 0 | J64: =(H64)/(I64+H64) -> 1
A65: CENTRO | B65: CEN49 | C65: BONOMO | D65: Av. San Martin y Florencio Sanchez | E65: Domo | F65: Radio | G65: 172.20.200.182 | H65: =COUNTIF(K65:AN65,"") -> 29 | I65: =COUNTIF(K65:AL65,"APAGADO") -> 1 | J65: =(H65)/(I65+H65) -> 0.96666667 | M65: APAGADO
A66: CENTRO | B66: CEN 50 | C66: BONOMO | D66: Av. San Martin y Newbery | E66: Domo | F66: Radio | G66: 172.20.200.184 | H66: =COUNTIF(K66:AN66,"") -> 27 | I66: =COUNTIF(K66:AL66,"APAGADO") -> 3 | J66: =(H66)/(I66+H66) -> 0.9 | K66: APAGADO | M66: APAGADO | AG66: APAGADO
A67: CENTRO | B67: CEN 51 | C67: BONOMO | D67: ILLIA Y LAS HERAS | E67: FIJA | F67: Fibra Optica | G67: 172.20.11.29 | H67: =COUNTIF(K67:AN67,"") -> 30 | I67: =COUNTIF(K67:AL67,"APAGADO") -> 0 | J67: =(H67)/(I67+H67) -> 1
A68: CENTRO | B68: CEN52 | C68: BONOMO | D68: San Martin y Almafuerte (ex San Martin y Dorrego) | E68: DOMO | F68: Radio | G68: 172.20.200.191 | H68: =COUNTIF(K68:AN68,"") -> 30 | I68: =COUNTIF(K68:AL68,"APAGADO") -> 0 | J68: =(H68)/(I68+H68) -> 1
A69: CENTRO | B69: CEN 53 | C69: BONOMO | D69: GUTIERREZ Y BROWN | E69: Domo | F69: Radio | G69: 172.20.200.166 | H69: =COUNTIF(K69:AN69,"") -> 28 | I69: =COUNTIF(K69:AL69,"APAGADO") -> 2 | J69: =(H69)/(I69+H69) -> 0.93333333 | N69: APAGADO | W69: APAGADO
A70: CENTRO | B70: CEN 54 | C70: BONOMO | D70: GUTIERREZ Y PRINGLES | E70: Domo | F70: Radio | G70: 172.20.200.165 | H70: =COUNTIF(K70:AN70,"") -> 29 | I70: =COUNTIF(K70:AL70,"APAGADO") -> 1 | J70: =(H70)/(I70+H70) -> 0.96666667 | W70: APAGADO
A71: CENTRO | B71: CEN 55 | C71: BONOMO | D71: BOUREL Y URQUIZA | E71: Domo | F71: Radio | G71: 172.20.200.163 | H71: =COUNTIF(K71:AN71,"") -> 26 | I71: =COUNTIF(K71:AL71,"APAGADO") -> 4 | J71: =(H71)/(I71+H71) -> 0.86666667 | K71: APAGADO | V71: APAGADO | W71: APAGADO | AD71: APAGADO
A72: CENTRO | B72: CEN 56 | C72: BONOMO | D72: Newbery y Falucho | E72: DOMO | F72: Radio | G72: 172.20.200.161 | H72: =COUNTIF(K72:AN72,"") -> 30 | I72: =COUNTIF(K72:AL72,"APAGADO") -> 0 | J72: =(H72)/(I72+H72) -> 1
A73: CENTRO | B73: CEN 57 | C73: BONOMO | D73: 25 DE MAYO Y DORREGO | E73: DOMO | F73: Radio | G73: 172.20.200.199 | H73: =COUNTIF(K73:AN73,"") -> 30 | I73: =COUNTIF(K73:AL73,"APAGADO") -> 0 | J73: =(H73)/(I73+H73) -> 1
A74: CENTRO | B74: CEN 58 | C74: BONOMO | D74: EEUU Y MORENO | E74: DOMO | F74: FIBRA OPTICA | G74: 172.20.11.84 | H74: =COUNTIF(K74:AN74,"") -> 30 | I74: =COUNTIF(K74:AL74,"APAGADO") -> 0 | J74: =(H74)/(I74+H74) -> 1
A75: CENTRO | B75: CEN59 | C75: BONOMO | D75: CHACABUCO Y BOUREL | E75: DOMO | F75: Radio | G75: 172.20.200.188 | H75: =COUNTIF(K75:AN75,"") -> 30 | I75: =COUNTIF(K75:AL75,"APAGADO") -> 0 | J75: =(H75)/(I75+H75) -> 1
A76: CENTRO | B76: CEN 60 | C76: BONOMO | D76: RECONQUISTA Y ILLIA | E76: DOMO | F76: PTO A FO | G76: 172.20.12.67 | H76: =COUNTIF(K76:AN76,"") -> 30 | I76: =COUNTIF(K76:AL76,"APAGADO") -> 0 | J76: =(H76)/(I76+H76) -> 1
A77: CENTRO | B77: CEN 61 | C77: BONOMO | D77: BOUREL Y MAIPU | E77: DOMO | F77: Radio | G77: 172.20.200.159 | H77: =COUNTIF(K77:AN77,"") -> 29 | I77: =COUNTIF(K77:AL77,"APAGADO") -> 1 | J77: =(H77)/(I77+H77) -> 0.96666667 | M77: APAGADO
A78: CENTRO | B78: CEN62 | C78: BONOMO | D78: ESPAÑA Y ALEM | E78: DOMO | F78: PTO A FO | G78: 172.20.12.82 | H78: =COUNTIF(K78:AN78,"") -> 30 | I78: =COUNTIF(K78:AL78,"APAGADO") -> 0 | J78: =(H78)/(I78+H78) -> 1
A79: CENTRO | B79: CEN63 | C79: BONOMO | D79: SAN MARTIN Y URQUIZA | E79: DOMO | F79: Fibra Optica | G79: 172.20.11.112 | H79: =COUNTIF(K79:AN79,"") -> 30 | I79: =COUNTIF(K79:AL79,"APAGADO") -> 0 | J79: =(H79)/(I79+H79) -> 1
A80: CENTRO | B80: CEN64 | C80: BONOMO | D80: SAN MARTIN Y BOCCUZZI | E80: FIJA | F80: Fibra Optica | G80: 172.20.11.134 | H80: =COUNTIF(K80:AN80,"") -> 30 | I80: =COUNTIF(K80:AL80,"APAGADO") -> 0 | J80: =(H80)/(I80+H80) -> 1
A81: CENTRO | B81: CEN 65 | C81: BONOMO | D81: SAN MARTIN Y JUAN PERON | E81: FIJA | F81: Fibra Optica | G81: 172.20.11.135 | H81: =COUNTIF(K81:AN81,"") -> 24 | I81: =COUNTIF(K81:AL81,"APAGADO") -> 6 | J81: =(H81)/(I81+H81) -> 0.8 | K81: APAGADO | M81: APAGADO | S81: APAGADO | T81: APAGADO | AF81: APAGADO | AG81: APAGADO
A82: CENTRO | B82: CEN66 | C82: BONOMO | D82: SAN MARTIN Y JUAN PERON | E82: FIJA | F82: Fibra Optica | G82: 172.20.11.136 | H82: =COUNTIF(K82:AN82,"") -> 24 | I82: =COUNTIF(K82:AL82,"APAGADO") -> 6 | J82: =(H82)/(I82+H82) -> 0.8 | K82: APAGADO | M82: APAGADO | S82: APAGADO | T82: APAGADO | AF82: APAGADO | AG82: APAGADO
A83: CENTRO | B83: CEN67 (fija 1) | C83: BONOMO | D83: 9 DE JULIO Y BROWN | E83: Fija | F83: Fibra Optica | G83: 172.20.11.188 | H83: =COUNTIF(K83:AN83,"") -> 30 | I83: =COUNTIF(K83:AL83,"APAGADO") -> 0 | J83: =(H83)/(I83+H83) -> 1
A84: CENTRO | B84: CEN68 (fija 2) | C84: BONOMO | D84: 9 DE JULIO Y BROWN | E84: Fija | F84: Fibra Optica | G84: 172.20.11.189 | H84: =COUNTIF(K84:AN84,"") -> 30 | I84: =COUNTIF(K84:AL84,"APAGADO") -> 0 | J84: =(H84)/(I84+H84) -> 1
A85: CENTRO | B85: CEN69 | C85: BONOMO | D85: RIVADAVIA Y BOUREL | E85: DOMO | F85: Fibra Optica | G85: 172.20.11.222 | H85: =COUNTIF(K85:AN85,"") -> 30 | I85: =COUNTIF(K85:AL85,"APAGADO") -> 0 | J85: =(H85)/(I85+H85) -> 1
A86: CENTRO | B86: CEN 70 | C86: BONOMO | D86: RIVADAVIA Y 25 MAYO | E86: Domo | F86: Fibra Optica | G86: 172.20.11.221 | H86: =COUNTIF(K86:AN86,"") -> 30 | I86: =COUNTIF(K86:AL86,"APAGADO") -> 0 | J86: =(H86)/(I86+H86) -> 1
A87: CENTRO | B87: CEN 71 | C87: BONOMO | D87: MORENO Y BOUREL | E87: Domo | F87: Fibra Optica | G87: 172.20.11.220 | H87: =COUNTIF(K87:AN87,"") -> 30 | I87: =COUNTIF(K87:AL87,"APAGADO") -> 0 | J87: =(H87)/(I87+H87) -> 1
A88: CENTRO | B88: CEN 72 | C88: BONOMO | D88: MORENO Y 25 DE MAYO | E88: Domo | F88: Fibra Optica | G88: 172.20.11.219 | H88: =COUNTIF(K88:AN88,"") -> 10 | I88: =COUNTIF(K88:AL88,"APAGADO") -> 20 | J88: =(H88)/(I88+H88) -> 0.33333333 | K88: APAGADO | L88: APAGADO | M88: APAGADO | N88: APAGADO | O88: APAGADO | Q88: APAGADO | S88: APAGADO | T88: APAGADO | U88: APAGADO | V88: APAGADO | W88: APAGADO | X88: APAGADO | Y88: APAGADO | Z88: APAGADO | AB88: APAGADO | AC88: APAGADO | AD88: APAGADO | AE88: APAGADO | AF88: APAGADO | AG88: APAGADO
A89: CENTRO | B89: CEN73 | C89: BONOMO | D89: BOUREL Y DEFENSA | E89: DOMO | F89: Fibra Optica | G89: 172.20.11.223 | H89: =COUNTIF(K89:AN89,"") -> 29 | I89: =COUNTIF(K89:AL89,"APAGADO") -> 1 | J89: =(H89)/(I89+H89) -> 0.96666667 | M89: APAGADO
A90: CENTRO | B90: CEN74 | C90: BONOMO | D90: Las Heras y Maipu | E90: Domo | F90: FIBRA OPTICA | G90: 172.20.11.53 | H90: =COUNTIF(K90:AN90,"") -> 30 | I90: =COUNTIF(K90:AL90,"APAGADO") -> 0 | J90: =(H90)/(I90+H90) -> 1
A91: CENTRO | B91: CEN 75 | C91: BONOMO | D91: 25 DE MAYO Y CASTELLI | E91: Domo | F91: Fibra Optica | H91: =COUNTIF(K91:AN91,"") -> 30 | I91: =COUNTIF(K91:AL91,"APAGADO") -> 0 | J91: =(H91)/(I91+H91) -> 1
A92: CENTRO | B92: CEN 76 | C92: BONOMO | D92: ESPAÑA E/MITRE Y BOCUZZI | E92: Fija | F92: Fibra Optica | H92: =COUNTIF(K92:AN92,"") -> 23 | I92: =COUNTIF(K92:AL92,"APAGADO") -> 7 | J92: =(H92)/(I92+H92) -> 0.76666667 | M92: APAGADO | AB92: APAGADO | AC92: APAGADO | AD92: APAGADO | AE92: APAGADO | AF92: APAGADO | AG92: APAGADO
A93: CENTRO | B93: CEN 77 | C93: BONOMO | D93: Monteagudo e/ Mitre y Boccuzzi | E93: Fija | F93: Fibra Optica | G93: 172.20.11.241 | H93: =COUNTIF(K93:AN93,"") -> 29 | I93: =COUNTIF(K93:AL93,"APAGADO") -> 1 | J93: =(H93)/(I93+H93) -> 0.96666667 | M93: APAGADO
A94: CENTRO | B94: CEN 78 | C94: BONOMO | D94: Mitre e/Monteagudo y Alberdi | E94: Fija | F94: Fibra Optica | G94: 172.20.11.240 | H94: =COUNTIF(K94:AN94,"") -> 30 | I94: =COUNTIF(K94:AL94,"APAGADO") -> 0 | J94: =(H94)/(I94+H94) -> 1
A95: CENTRO | B95: CEN 79 | C95: BONOMO | D95: Diag. Constituyente y Brown | E95: Fija | F95: Fibra Optica | G95: 172.20.11.243 | H95: =COUNTIF(K95:AN95,"") -> 10 | I95: =COUNTIF(K95:AL95,"APAGADO") -> 20 | J95: =(H95)/(I95+H95) -> 0.33333333 | K95: APAGADO | L95: APAGADO | M95: APAGADO | N95: APAGADO | O95: APAGADO | Q95: APAGADO | S95: APAGADO | T95: APAGADO | U95: APAGADO | V95: APAGADO | W95: APAGADO | X95: APAGADO | Y95: APAGADO | Z95: APAGADO | AB95: APAGADO | AC95: APAGADO | AD95: APAGADO | AE95: APAGADO | AF95: APAGADO | AG95: APAGADO
A96: CENTRO | B96: CEN 80 | C96: BONOMO | D96: Diag. Constituyente y Brown | E96: Fija | F96: Fibra Optica | G96: 172.20.11.244 | H96: =COUNTIF(K96:AN96,"") -> 10 | I96: =COUNTIF(K96:AL96,"APAGADO") -> 20 | J96: =(H96)/(I96+H96) -> 0.33333333 | K96: APAGADO | L96: APAGADO | M96: APAGADO | N96: APAGADO | O96: APAGADO | Q96: APAGADO | S96: APAGADO | T96: APAGADO | U96: APAGADO | V96: APAGADO | W96: APAGADO | X96: APAGADO | Y96: APAGADO | Z96: APAGADO | AB96: APAGADO | AC96: APAGADO | AD96: APAGADO | AE96: APAGADO | AF96: APAGADO | AG96: APAGADO
A97: SAN NICOLAS | B97: CHA01 | C97: BONOMO | D97: Novak y Pte Illia | E97: Domo | F97: Radio | G97: 172.20.200.126 | H97: =COUNTIF(K97:AN97,"") -> 30 | I97: =COUNTIF(K97:AL97,"APAGADO") -> 0 | J97: =(H97)/(I97+H97) -> 1
A98: CHACABUCO | B98: CHA02 | C98: BONOMO | D98: Pte. Illia y Posadas | E98: Domo | F98: Radio | G98: 172.20.200.186 | H98: =COUNTIF(K98:AN98,"") -> 29 | I98: =COUNTIF(K98:AL98,"APAGADO") -> 1 | J98: =(H98)/(I98+H98) -> 0.96666667 | M98: APAGADO
A99: CHACABUCO | B99: CHA03 | C99: BONOMO | D99: MAIPU Y ALVAREZ THOMAS | E99: DOMO | F99: Fibra Optica | G99: 172.20.11.71 | H99: =COUNTIF(K99:AN99,"") -> 29 | I99: =COUNTIF(K99:AL99,"APAGADO") -> 1 | J99: =(H99)/(I99+H99) -> 0.96666667 | M99: APAGADO
A100: CHACABUCO | B100: CHA04 | C100: BONOMO | D100: ESTADOS UNIDOS DE A. E ILLIA | E100: DOMO | F100: Fibra Optica | G100: 172.20.11.191 | H100: =COUNTIF(K100:AN100,"") -> 18 | I100: =COUNTIF(K100:AL100,"APAGADO") -> 12 | J100: =(H100)/(I100+H100) -> 0.6 | K100: APAGADO | L100: APAGADO | M100: APAGADO | N100: APAGADO | O100: APAGADO | Q100: APAGADO | S100: APAGADO | T100: APAGADO | U100: APAGADO | V100: APAGADO | W100: APAGADO | X100: APAGADO
...

Sheet ESTADISTICA
A1: ='RESUMEN TOTAL'!A4 -> Barrio | B1: ='RESUMEN TOTAL'!B4 -> [Denominacion] | C1: ='RESUMEN TOTAL'!D4 -> [Ubicacion] | D1: ='RESUMEN TOTAL'!E4 -> [Tipo de Camara] | E1: ='RESUMEN TOTAL'!F4 -> [Tipo de Conexion] | F1: ='RESUMEN TOTAL'!K4 -> 44835 | G1: ='RESUMEN TOTAL'!L4 -> 44836 | H1: ='RESUMEN TOTAL'!M4 -> 44837 | I1: ='RESUMEN TOTAL'!N4 -> 44838 | J1: ='RESUMEN TOTAL'!O4 -> 44839 | K1: ='RESUMEN TOTAL'!P4 -> 44840 | L1: ='RESUMEN TOTAL'!Q4 -> 44841 | M1: ='RESUMEN TOTAL'!R4 -> 44842 | ... AI1: ='RESUMEN TOTAL'!AN4 -> 44864
A2: ='RESUMEN TOTAL'!A5 -> ALTAMIRA | B2: ='RESUMEN TOTAL'!B5 -> ALT01 | C2: ='RESUMEN TOTAL'!D5 -> Calchaqui y Sgto. Cabral | D2: ='RESUMEN TOTAL'!E5 -> Domo | E2: ='RESUMEN TOTAL'!F5 -> Fibra Optica | F2: ='RESUMEN TOTAL'!K5 -> 0 | G2: ='RESUMEN TOTAL'!L5 -> 0 | H2: ='RESUMEN TOTAL'!M5 -> APAGADO | I2: ='RESUMEN TOTAL'!N5 -> 0 | J2: ='RESUMEN TOTAL'!O5 -> 0 | K2: ='RESUMEN TOTAL'!P5 -> 0 | L2: ='RESUMEN TOTAL'!Q5 -> 0 | M2: ='RESUMEN TOTAL'!R5 -> 0 | ... AI2: ='RESUMEN TOTAL'!AN5 -> 0
A3: ='RESUMEN TOTAL'!A6 -> ALTAMIRA | B3: ='RESUMEN TOTAL'!B6 -> ALT02 | C3: ='RESUMEN TOTAL'!D6 -> Calchaqui y Lope de Vega | D3: ='RESUMEN TOTAL'!E6 -> Domo | E3: ='RESUMEN TOTAL'!F6 -> PTO A FO | F3: ='RESUMEN TOTAL'!K6 -> 0 | G3: ='RESUMEN TOTAL'!L6 -> 0 | H3: ='RESUMEN TOTAL'!M6 -> APAGADO | I3: ='RESUMEN TOTAL'!N6 -> 0 | J3: ='RESUMEN TOTAL'!O6 -> 0 | K3: ='RESUMEN TOTAL'!P6 -> 0 | L3: ='RESUMEN TOTAL'!Q6 -> 0 | M3: ='RESUMEN TOTAL'!R6 -> 0 | ... AI3: ='RESUMEN TOTAL'!AN6 -> 0
A4: ='RESUMEN TOTAL'!A7 -> ALTAMIRA | B4: ='RESUMEN TOTAL'!B7 -> ALT 03 | C4: ='RESUMEN TOTAL'!D7 -> Bombero Galarza y Necochea | D4: ='RESUMEN TOTAL'!E7 -> Domo | E4: ='RESUMEN TOTAL'!F7 -> FIBRA OPTICA | F4: ='RESUMEN TOTAL'!K7 -> 0 | G4: ='RESUMEN TOTAL'!L7 -> 0 | H4: ='RESUMEN TOTAL'!M7 -> 0 | I4: ='RESUMEN TOTAL'!N7 -> 0 | J4: ='RESUMEN TOTAL'!O7 -> 0 | K4: ='RESUMEN TOTAL'!P7 -> 0 | L4: ='RESUMEN TOTAL'!Q7 -> 0 | M4: ='RESUMEN TOTAL'!R7 -> 0 | ... AI4: ='RESUMEN TOTAL'!AN7 -> 0
A5: ='RESUMEN TOTAL'!A8 -> ALTAMIRA | B5: ='RESUMEN TOTAL'!B8 -> ALT 04 | C5: ='RESUMEN TOTAL'!D8 -> Francia y Necochea | D5: ='RESUMEN TOTAL'!E8 -> Domo | E5: ='RESUMEN TOTAL'!F8 -> FIBRA OPTICA | F5: ='RESUMEN TOTAL'!K8 -> APAGADO | G5: ='RESUMEN TOTAL'!L8 -> APAGADO | H5: ='RESUMEN TOTAL'!M8 -> APAGADO | I5: ='RESUMEN TOTAL'!N8 -> APAGADO | J5: ='RESUMEN TOTAL'!O8 -> APAGADO | K5: ='RESUMEN TOTAL'!P8 -> 0 | L5: ='RESUMEN TOTAL'!Q8 -> 0 | M5: ='RESUMEN TOTAL'!R8 -> 0 | ... AI5: ='RESUMEN TOTAL'!AN8 -> 0
A6: ='RESUMEN TOTAL'!A9 -> ALTAMIRA | B6: ='RESUMEN TOTAL'!B9 -> ALT05 | C6: ='RESUMEN TOTAL'!D9 -> Av. Calchaqui y Bombero Galarza | D6: ='RESUMEN TOTAL'!E9 -> Domo | E6: ='RESUMEN TOTAL'!F9 -> PTO A FO | F6: ='RESUMEN TOTAL'!K9 -> APAGADO | G6: ='RESUMEN TOTAL'!L9 -> APAGADO | H6: ='RESUMEN TOTAL'!M9 -> APAGADO | I6: ='RESUMEN TOTAL'!N9 -> APAGADO | J6: ='RESUMEN TOTAL'!O9 -> APAGADO | K6: ='RESUMEN TOTAL'!P9 -> 0 | L6: ='RESUMEN TOTAL'!Q9 -> APAGADO | M6: ='RESUMEN TOTAL'!R9 -> 0 | ... AI6: ='RESUMEN TOTAL'!AN9 -> 0
A7: ='RESUMEN TOTAL'!A10 -> ALTAMIRA | B7: ='RESUMEN TOTAL'!B10 -> ALT 06 | C7: ='RESUMEN TOTAL'!D10 -> LOPE DE VEGA Y NECOCHEA | D7: ='RESUMEN TOTAL'!E10 -> Domo | E7: ='RESUMEN TOTAL'!F10 -> PTO A FO | F7: ='RESUMEN TOTAL'!K10 -> 0 | G7: ='RESUMEN TOTAL'!L10 -> 0 | H7: ='RESUMEN TOTAL'!M10 -> APAGADO | I7: ='RESUMEN TOTAL'!N10 -> APAGADO | J7: ='RESUMEN TOTAL'!O10 -> 0 | K7: ='RESUMEN TOTAL'!P10 -> 0 | L7: ='RESUMEN TOTAL'!Q10 -> 0 | M7: ='RESUMEN TOTAL'!R10 -> 0 | ... AI7: ='RESUMEN TOTAL'!AN10 -> 0
A8: ='RESUMEN TOTAL'!A11 -> ALTAMIRA | B8: ='RESUMEN TOTAL'!B11 -> ALT07 | C8: ='RESUMEN TOTAL'!D11 -> AV. CALCHAQUI Y AV. DEL TRABAJO | D8: ='RESUMEN TOTAL'!E11 -> DOMO | E8: ='RESUMEN TOTAL'!F11 -> PTO A FO | F8: ='RESUMEN TOTAL'!K11 -> 0 | G8: ='RESUMEN TOTAL'!L11 -> 0 | H8: ='RESUMEN TOTAL'!M11 -> 0 | I8: ='RESUMEN TOTAL'!N11 -> 0 | J8: ='RESUMEN TOTAL'!O11 -> 0 | K8: ='RESUMEN TOTAL'!P11 -> 0 | L8: ='RESUMEN TOTAL'!Q11 -> 0 | M8: ='RESUMEN TOTAL'!R11 -> 0 | ... AI8: ='RESUMEN TOTAL'!AN11 -> 0
A9: ='RESUMEN TOTAL'!A12 -> ALTAMIRA | B9: ='RESUMEN TOTAL'!B12 -> ALT 08 | C9: ='RESUMEN TOTAL'!D12 -> HUMAITA Y NECOCHEA | D9: ='RESUMEN TOTAL'!E12 -> DOMO | E9: ='RESUMEN TOTAL'!F12 -> Fibra Optica | F9: ='RESUMEN TOTAL'!K12 -> 0 | G9: ='RESUMEN TOTAL'!L12 -> 0 | H9: ='RESUMEN TOTAL'!M12 -> 0 | I9: ='RESUMEN TOTAL'!N12 -> 0 | J9: ='RESUMEN TOTAL'!O12 -> 0 | K9: ='RESUMEN TOTAL'!P12 -> 0 | L9: ='RESUMEN TOTAL'!Q12 -> 0 | M9: ='RESUMEN TOTAL'!R12 -> 0 | ... AI9: ='RESUMEN TOTAL'!AN12 -> 0
A10: ='RESUMEN TOTAL'!A13 -> ALTAMIRA | B10: ='RESUMEN TOTAL'!B13 -> ALT 09 | C10: ='RESUMEN TOTAL'!D13 -> NECOCHEA Y CURUPAITY | D10: ='RESUMEN TOTAL'!E13 -> DOMO | E10: ='RESUMEN TOTAL'!F13 -> Fibra Optica | F10: ='RESUMEN TOTAL'!K13 -> 0 | G10: ='RESUMEN TOTAL'!L13 -> 0 | H10: ='RESUMEN TOTAL'!M13 -> 0 | I10: ='RESUMEN TOTAL'!N13 -> 0 | J10: ='RESUMEN TOTAL'!O13 -> 0 | K10: ='RESUMEN TOTAL'!P13 -> 0 | L10: ='RESUMEN TOTAL'!Q13 -> 0 | M10: ='RESUMEN TOTAL'!R13 -> 0 | ... AE10: ='RESUMEN TOTAL'!AJ13 -> 0 | AF10: ='RESUMEN TOTAL'!#REF! -> #REF! | AG10: ='RESUMEN TOTAL'!AL13 -> 0 | AH10: ='RESUMEN TOTAL'!AM13 -> 0 | AI10: ='RESUMEN TOTAL'!AN13 -> 0
A11: ='RESUMEN TOTAL'!A14 -> ALTAMIRA | B11: ='RESUMEN TOTAL'!B14 -> ALT 10 | C11: ='RESUMEN TOTAL'!D14 -> Calchaqui y Francia | D11: ='RESUMEN TOTAL'!E14 -> Domo | E11: ='RESUMEN TOTAL'!F14 -> Radio | F11: ='RESUMEN TOTAL'!K14 -> APAGADO | G11: ='RESUMEN TOTAL'!L14 -> APAGADO | H11: ='RESUMEN TOTAL'!M14 -> APAGADO | I11: ='RESUMEN TOTAL'!N14 -> APAGADO | J11: ='RESUMEN TOTAL'!O14 -> APAGADO | K11: ='RESUMEN TOTAL'!P14 -> 0 | L11: ='RESUMEN TOTAL'!Q14 -> APAGADO | M11: ='RESUMEN TOTAL'!R14 -> 0 | ... AD11: ='RESUMEN TOTAL'!AI14 -> 0 | AE11: ='RESUMEN TOTAL'!AK13 -> 0 | AF11: ='RESUMEN TOTAL'!AK14 -> 0 | AG11: ='RESUMEN TOTAL'!AL14 -> 0 | AH11: ='RESUMEN TOTAL'!AM14 -> 0 | AI11: ='RESUMEN TOTAL'!AN14 -> 0
A12: ='RESUMEN TOTAL'!A15 -> AGUSTIN RAMIREZ | B12: ='RESUMEN TOTAL'!B15 -> ARA 01 | C12: ='RESUMEN TOTAL'!D15 -> Malambo y Tranquera | D12: ='RESUMEN TOTAL'!E15 -> Domo | E12: ='RESUMEN TOTAL'!F15 -> FIBRA OPTICA | F12: ='RESUMEN TOTAL'!K15 -> 0 | G12: ='RESUMEN TOTAL'!L15 -> 0 | H12: ='RESUMEN TOTAL'!M15 -> APAGADO | I12: ='RESUMEN TOTAL'!N15 -> 0 | J12: ='RESUMEN TOTAL'!O15 -> 0 | K12: ='RESUMEN TOTAL'!P15 -> 0 | L12: ='RESUMEN TOTAL'!Q15 -> 0 | M12: ='RESUMEN TOTAL'!R15 -> 0 | ... AI12: ='RESUMEN TOTAL'!AN15 -> 0
A13: ='RESUMEN TOTAL'!A16 -> BELGRANO | B13: ='RESUMEN TOTAL'!B16 -> BEL 01 | C13: ='RESUMEN TOTAL'!D16 -> San Martin y Dardo Rocha | D13: ='RESUMEN TOTAL'!E16 -> DOMO | E13: ='RESUMEN TOTAL'!F16 -> FIBRA OPTICA | F13: ='RESUMEN TOTAL'!K16 -> APAGADO | G13: ='RESUMEN TOTAL'!L16 -> APAGADO | H13: ='RESUMEN TOTAL'!M16 -> APAGADO | I13: ='RESUMEN TOTAL'!N16 -> APAGADO | J13: ='RESUMEN TOTAL'!O16 -> APAGADO | K13: ='RESUMEN TOTAL'!P16 -> 0 | L13: ='RESUMEN TOTAL'!Q16 -> APAGADO | M13: ='RESUMEN TOTAL'!R16 -> 0 | ... AI13: ='RESUMEN TOTAL'!AN16 -> 0
A14: ='RESUMEN TOTAL'!A17 -> CENTRO | B14: ='RESUMEN TOTAL'!B17 -> CEN01 | C14: ='RESUMEN TOTAL'!D17 -> San Martin y 9 de Julio | D14: ='RESUMEN TOTAL'!E17 -> Fija | E14: ='RESUMEN TOTAL'!F17 -> Fibra Optica | F14: ='RESUMEN TOTAL'!K17 -> 0 | G14: ='RESUMEN TOTAL'!L17 -> 0 | H14: ='RESUMEN TOTAL'!M17 -> APAGADO | I14: ='RESUMEN TOTAL'!N17 -> 0 | J14: ='RESUMEN TOTAL'!O17 -> 0 | K14: ='RESUMEN TOTAL'!P17 -> 0 | L14: ='RESUMEN TOTAL'!Q17 -> 0 | M14: ='RESUMEN TOTAL'!R17 -> 0 | ... AI14: ='RESUMEN TOTAL'!AN17 -> 0
A15: ='RESUMEN TOTAL'!A18 -> CENTRO | B15: ='RESUMEN TOTAL'!B18 -> CEN02 | C15: ='RESUMEN TOTAL'!D18 -> San Martin y Almafuerte | D15: ='RESUMEN TOTAL'!E18 -> Fija | E15: ='RESUMEN TOTAL'!F18 -> Fibra Optica | F15: ='RESUMEN TOTAL'!K18 -> 0 | G15: ='RESUMEN TOTAL'!L18 -> 0 | H15: ='RESUMEN TOTAL'!M18 -> APAGADO | I15: ='RESUMEN TOTAL'!N18 -> 0 | J15: ='RESUMEN TOTAL'!O18 -> 0 | K15: ='RESUMEN TOTAL'!P18 -> 0 | L15: ='RESUMEN TOTAL'!Q18 -> 0 | M15: ='RESUMEN TOTAL'!R18 -> 0 | ... AI15: ='RESUMEN TOTAL'!AN18 -> 0
A16: ='RESUMEN TOTAL'!A19 -> CENTRO | B16: ='RESUMEN TOTAL'!B19 -> CEN03 | C16: ='RESUMEN TOTAL'!D19 -> San Martin y Sallares | D16: ='RESUMEN TOTAL'!E19 -> Domo | E16: ='RESUMEN TOTAL'!F19 -> Fibra Optica | F16: ='RESUMEN TOTAL'!K19 -> 0 | G16: ='RESUMEN TOTAL'!L19 -> 0 | H16: ='RESUMEN TOTAL'!M19 -> APAGADO | I16: ='RESUMEN TOTAL'!N19 -> 0 | J16: ='RESUMEN TOTAL'!O19 -> 0 | K16: ='RESUMEN TOTAL'!P19 -> 0 | L16: ='RESUMEN TOTAL'!Q19 -> 0 | M16: ='RESUMEN TOTAL'!R19 -> 0 | ... AI16: ='RESUMEN TOTAL'!AN19 -> 0
A17: ='RESUMEN TOTAL'!A20 -> CENTRO | B17: ='RESUMEN TOTAL'!B20 -> CEN04 | C17: ='RESUMEN TOTAL'!D20 -> San Martin y Contreras | D17: ='RESUMEN TOTAL'!E20 -> Domo | E17: ='RESUMEN TOTAL'!F20 -> Fibra Optica | F17: ='RESUMEN TOTAL'!K20 -> 0 | G17: ='RESUMEN TOTAL'!L20 -> 0 | H17: ='RESUMEN TOTAL'!M20 -> 0 | I17: ='RESUMEN TOTAL'!N20 -> 0 | J17: ='RESUMEN TOTAL'!O20 -> 0 | K17: ='RESUMEN TOTAL'!P20 -> 0 | L17: ='RESUMEN TOTAL'!Q20 -> 0 | M17: ='RESUMEN TOTAL'!R20 -> 0 | ... AI17: ='RESUMEN TOTAL'!AN20 -> 0
A18: ='RESUMEN TOTAL'!A21 -> CENTRO | B18: ='RESUMEN TOTAL'!B21 -> CEN 05 | C18: ='RESUMEN TOTAL'!D21 -> Bocuzzi e/España y San Martin | D18: ='RESUMEN TOTAL'!E21 -> DOMO | E18: ='RESUMEN TOTAL'!F21 -> Fibra Optica | F18: ='RESUMEN TOTAL'!K21 -> 0 | G18: ='RESUMEN TOTAL'!L21 -> 0 | H18: ='RESUMEN TOTAL'!M21 -> APAGADO | I18: ='RESUMEN TOTAL'!N21 -> 0 | J18: ='RESUMEN TOTAL'!O21 -> 0 | K18: ='RESUMEN TOTAL'!P21 -> 0 | L18: ='RESUMEN TOTAL'!Q21 -> 0 | M18: ='RESUMEN TOTAL'!R21 -> 0 | ... AI18: ='RESUMEN TOTAL'!AN21 -> 0
A19: ='RESUMEN TOTAL'!A22 -> CENTRO | B19: ='RESUMEN TOTAL'!B22 -> CEN06 | C19: ='RESUMEN TOTAL'!D22 -> Monteagudo y A.del Valle | D19: ='RESUMEN TOTAL'!E22 -> Fija | E19: ='RESUMEN TOTAL'!F22 -> Fibra Optica | F19: ='RESUMEN TOTAL'!K22 -> 0 | G19: ='RESUMEN TOTAL'!L22 -> 0 | H19: ='RESUMEN TOTAL'!M22 -> APAGADO | I19: ='RESUMEN TOTAL'!N22 -> 0 | J19: ='RESUMEN TOTAL'!O22 -> 0 | K19: ='RESUMEN TOTAL'!P22 -> 0 | L19: ='RESUMEN TOTAL'!Q22 -> 0 | M19: ='RESUMEN TOTAL'!R22 -> 0 | ... AI19: ='RESUMEN TOTAL'!AN22 -> 0
A20: ='RESUMEN TOTAL'!A23 -> CENTRO | B20: ='RESUMEN TOTAL'!B23 -> CEN07 | C20: ='RESUMEN TOTAL'!D23 -> San Martin y Guemes | D20: ='RESUMEN TOTAL'!E23 -> DOMO | E20: ='RESUMEN TOTAL'!F23 -> Fibra Optica | F20: ='RESUMEN TOTAL'!K23 -> 0 | G20: ='RESUMEN TOTAL'!L23 -> 0 | H20: ='RESUMEN TOTAL'!M23 -> APAGADO | I20: ='RESUMEN TOTAL'!N23 -> 0 | J20: ='RESUMEN TOTAL'!O23 -> 0 | K20: ='RESUMEN TOTAL'!P23 -> 0 | L20: ='RESUMEN TOTAL'!Q23 -> 0 | M20: ='RESUMEN TOTAL'!R23 -> 0 | ... AI20: ='RESUMEN TOTAL'!AN23 -> 0
A21: ='RESUMEN TOTAL'!A24 -> CENTRO | B21: ='RESUMEN TOTAL'!B24 -> CEN08 | C21: ='RESUMEN TOTAL'!D24 -> San Martin y Pte.Peron | D21: ='RESUMEN TOTAL'!E24 -> Domo | E21: ='RESUMEN TOTAL'!F24 -> Fibra Optica | F21: ='RESUMEN TOTAL'!K24 -> 0 | G21: ='RESUMEN TOTAL'!L24 -> 0 | H21: ='RESUMEN TOTAL'!M24 -> 0 | I21: ='RESUMEN TOTAL'!N24 -> 0 | J21: ='RESUMEN TOTAL'!O24 -> 0 | K21: ='RESUMEN TOTAL'!P24 -> 0 | L21: ='RESUMEN TOTAL'!Q24 -> 0 | M21: ='RESUMEN TOTAL'!R24 -> 0 | ... AI21: ='RESUMEN TOTAL'!AN24 -> 0
A22: ='RESUMEN TOTAL'!A25 -> CENTRO | B22: ='RESUMEN TOTAL'!B25 -> CEN09 | C22: ='RESUMEN TOTAL'!D25 -> Chacabuco y 25 de Mayo | D22: ='RESUMEN TOTAL'!E25 -> Domo | E22: ='RESUMEN TOTAL'!F25 -> Fibra Optica | F22: ='RESUMEN TOTAL'!K25 -> 0 | G22: ='RESUMEN TOTAL'!L25 -> 0 | H22: ='RESUMEN TOTAL'!M25 -> 0 | I22: ='RESUMEN TOTAL'!N25 -> 0 | J22: ='RESUMEN TOTAL'!O25 -> 0 | K22: ='RESUMEN TOTAL'!P25 -> 0 | L22: ='RESUMEN TOTAL'!Q25 -> 0 | M22: ='RESUMEN TOTAL'!R25 -> 0 | ... AI22: ='RESUMEN TOTAL'!AN25 -> 0
A23: ='RESUMEN TOTAL'!A26 -> CENTRO | B23: ='RESUMEN TOTAL'!B26 -> CEN10 | C23: ='RESUMEN TOTAL'!D26 -> Monteagudo y Pte. Peron | D23: ='RESUMEN TOTAL'!E26 -> Domo | E23: ='RESUMEN TOTAL'!F26 -> Fibra Optica | F23: ='RESUMEN TOTAL'!K26 -> 0 | G23: ='RESUMEN TOTAL'!L26 -> 0 | H23: ='RESUMEN TOTAL'!M26 -> APAGADO | I23: ='RESUMEN TOTAL'!N26 -> 0 | J23: ='RESUMEN TOTAL'!O26 -> 0 | K23: ='RESUMEN TOTAL'!P26 -> 0 | L23: ='RESUMEN TOTAL'!Q26 -> 0 | M23: ='RESUMEN TOTAL'!R26 -> 0 | ... AI23: ='RESUMEN TOTAL'!AN26 -> 0
... A39: ='RESUMEN TOTAL'!A42 -> CENTRO | B39: ='RESUMEN TOTAL'!B42 -> CEN26 | C39: ='RESUMEN TOTAL'!D42 -> Mitre y España | D39: ='RESUMEN TOTAL'!E42 -> Domo | E39: ='RESUMEN TOTAL'!F42 -> Fibra Optica | F39: ='RESUMEN TOTAL'!K42 -> APAGADO | G39: ='RESUMEN TOTAL'!L42 -> APAGADO | H39: ='RESUMEN TOTAL'!M42 -> APAGADO | I39: ='RESUMEN TOTAL'!N42 -> APAGADO | J39: ='RESUMEN TOTAL'!O42 -> APAGADO | K39: ='RESUMEN TOTAL'!P42 -> 0 | L39: ='RESUMEN TOTAL'!Q42 -> APAGADO | M39: ='RESUMEN TOTAL'!R42 -> 0 | ... AI39: ='RESUMEN TOTAL'!AN42 -> 0
A40: ='RESUMEN TOTAL'!A43 -> CENTRO | B40: ='RESUMEN TOTAL'!B43 -> CEN27 | C40: ='RESUMEN TOTAL'!D43 -> San Juan y España | D40: ='RESUMEN TOTAL'!E43 -> Domo | E40: ='RESUMEN TOTAL'!F43 -> Fibra Optica | F40: ='RESUMEN TOTAL'!K43 -> 0 | G40: ='RESUMEN TOTAL'!L43 -> 0 | H40: ='RESUMEN TOTAL'!M43 -> 0 | I40: ='RESUMEN TOTAL'!N43 -> 0 | J40: ='RESUMEN TOTAL'!O43 -> 0 | K40: ='RESUMEN TOTAL'!P43 -> 0 | L40: ='RESUMEN TOTAL'!Q43 -> 0 | M40: ='RESUMEN TOTAL'!R43 -> 0 | ... V40: ='RESUMEN TOTAL'!AA43 -> 0 | W40: ='RESUMEN TOTAL'!AB44 -> 0 | X40: ='RESUMEN TOTAL'!AC43 -> APAGADO | Y40: ='RESUMEN TOTAL'!AD43 -> APAGADO | Z40: ='RESUMEN TOTAL'!AE43 -> APAGADO | AA40: ='RESUMEN TOTAL'!AF43 -> APAGADO | AB40: ='RESUMEN TOTAL'!AG43 -> APAGADO | AC40: ='RESUMEN TOTAL'!AH43 -> 0 | AD40: ='RESUMEN TOTAL'!AI43 -> 0 | AE40: ='RESUMEN TOTAL'!AJ43 -> 0 | ... AI40: ='RESUMEN TOTAL'!AN43 -> 0
A41: ='RESUMEN TOTAL'!A44 -> CENTRO | B41: ='RESUMEN TOTAL'!B44 -> CEN28 | C41: ='RESUMEN TOTAL'!D44 -> Mitre y Alberdi | D41: ='RESUMEN TOTAL'!E44 -> Domo | E41: ='RESUMEN TOTAL'!F44 -> Fibra Optica | F41: ='RESUMEN TOTAL'!K44 -> 0 | G41: ='RESUMEN TOTAL'!L44 -> 0 | H41: ='RESUMEN TOTAL'!M44 -> APAGADO | I41: ='RESUMEN TOTAL'!N44 -> 0 | J41: ='RESUMEN TOTAL'!O44 -> 0 | K41: ='RESUMEN TOTAL'!P44 -> 0 | L41: ='RESUMEN TOTAL'!Q44 -> 0 | M41: ='RESUMEN TOTAL'!R44 -> 0 | ... V41: ='RESUMEN TOTAL'!AA44 -> 0 | W41: ='RESUMEN TOTAL'!AB45 -> APAGADO | X41: ='RESUMEN TOTAL'!AC44 -> 0 | Y41: ='RESUMEN TOTAL'!AD44 -> 0 | Z41: ='RESUMEN TOTAL'!AE44 -> 0 | AA41: ='RESUMEN TOTAL'!AF44 -> 0 | AB41: ='RESUMEN TOTAL'!AG44 -> 0 | AC41: ='RESUMEN TOTAL'!AH44 -> 0 | AD41: ='RESUMEN TOTAL'!AI44 -> 0 | AE41: ='RESUMEN TOTAL'!AJ44 -> 0 | ... AI41: ='RESUMEN TOTAL'!AN44 -> 0
A42: ='RESUMEN TOTAL'!A45 -> CENTRO | B42: ='RESUMEN TOTAL'!B45 -> CEN29 | C42: ='RESUMEN TOTAL'!D45 -> Alberdi y San Juan | D42: ='RESUMEN TOTAL'!E45 -> Domo | E42: ='RESUMEN TOTAL'!F45 -> Fibra Optica | F42: ='RESUMEN TOTAL'!K45 -> 0 | G42: ='RESUMEN TOTAL'!L45 -> 0 | H42: ='RESUMEN TOTAL'!M45 -> APAGADO | I42: ='RESUMEN TOTAL'!N45 -> 0 | J42: ='RESUMEN TOTAL'!O45 -> 0 | K42: ='RESUMEN TOTAL'!P45 -> 0 | L42: ='RESUMEN TOTAL'!Q45 -> 0 | M42: ='RESUMEN TOTAL'!R45 -> 0 | ... V42: ='RESUMEN TOTAL'!AA45 -> 0 | W42: ='RESUMEN TOTAL'!#REF! -> #REF! | X42: ='RESUMEN TOTAL'!AC45 -> APAGADO | Y42: ='RESUMEN TOTAL'!AD45 -> APAGADO | Z42: ='RESUMEN TOTAL'!AE45 -> APAGADO | AA42: ='RESUMEN TOTAL'!AF45 -> APAGADO | AB42: ='RESUMEN TOTAL'!AG45 -> APAGADO | AC42: ='RESUMEN TOTAL'!AH45 -> 0 | AD42: ='RESUMEN TOTAL'!AI45 -> 0 | AE42: ='RESUMEN TOTAL'!AJ45 -> 0 | ... AI42: ='RESUMEN TOTAL'!AN45 -> 0
A43: ='RESUMEN TOTAL'!A46 -> CENTRO | B43: ='RESUMEN TOTAL'!B46 -> CEN30 | C43: ='RESUMEN TOTAL'!D46 -> Mitre y Pringles | D43: ='RESUMEN TOTAL'!E46 -> Domo | E43: ='RESUMEN TOTAL'!F46 -> Fibra Optica | F43: ='RESUMEN TOTAL'!K46 -> 0 | G43: ='RESUMEN TOTAL'!L46 -> 0 | H43: ='RESUMEN TOTAL'!M46 -> APAGADO | I43: ='RESUMEN TOTAL'!N46 -> 0 | J43: ='RESUMEN TOTAL'!O46 -> 0 | K43: ='RESUMEN TOTAL'!P46 -> 0 | L43: ='RESUMEN TOTAL'!Q46 -> 0 | M43: ='RESUMEN TOTAL'!R46 -> 0 | ... AI43: ='RESUMEN TOTAL'!AN46 -> 0
A44: ='RESUMEN TOTAL'!A47 -> CENTRO | B44: ='RESUMEN TOTAL'!B47 -> CEN31 | C44: ='RESUMEN TOTAL'!D47 -> Mitre e/Monteagudo y Alberdi | D44: ='RESUMEN TOTAL'!E47 -> Domo | E44: ='RESUMEN TOTAL'!F47 -> Fibra Optica | F44: ='RESUMEN TOTAL'!K47 -> 0 | G44: ='RESUMEN TOTAL'!L47 -> 0 | H44: ='RESUMEN TOTAL'!M47 -> APAGADO | I44: ='RESUMEN TOTAL'!N47 -> 0 | J44: ='RESUMEN TOTAL'!O47 -> 0 | K44: ='RESUMEN TOTAL'!P47 -> 0 | L44: ='RESUMEN TOTAL'!Q47 -> 0 | M44: ='RESUMEN TOTAL'!R47 -> 0 | ... AI44: ='RESUMEN TOTAL'!AN47 -> 0
A45: ='RESUMEN TOTAL'!A48 -> CENTRO | B45: ='RESUMEN TOTAL'!B48 -> CEN32 | C45: ='RESUMEN TOTAL'!D48 -> Aristobulo del Valle y España | D45: ='RESUMEN TOTAL'!E48 -> Domo | E45: ='RESUMEN TOTAL'!F48 -> Fibra Optica | F45: ='RESUMEN TOTAL'!K48 -> 0 | G45: ='RESUMEN TOTAL'!L48 -> 0 | H45: ='RESUMEN TOTAL'!M48 -> APAGADO | I45: ='RESUMEN TOTAL'!N48 -> 0 | J45: ='RESUMEN TOTAL'!O48 -> 0 | K45: ='RESUMEN TOTAL'!P48 -> 0 | L45: ='RESUMEN TOTAL'!Q48 -> 0 | M45: ='RESUMEN TOTAL'!R48 -> 0 | ... AI45: ='RESUMEN TOTAL'!AN48 -> 0
A46: ='RESUMEN TOTAL'!A49 -> CENTRO | B46: ='RESUMEN TOTAL'!B49 -> CEN33 | C46: ='RESUMEN TOTAL'!D49 -> Peron y Alberdi | D46: ='RESUMEN TOTAL'!E49 -> Domo | E46: ='RESUMEN TOTAL'!F49 -> Fibra Optica | F46: ='RESUMEN TOTAL'!K49 -> 0 | G46: ='RESUMEN TOTAL'!L49 -> 0 | H46: ='RESUMEN TOTAL'!M49 -> APAGADO | I46: ='RESUMEN TOTAL'!N49 -> 0 | J46: ='RESUMEN TOTAL'!O49 -> 0 | K46: ='RESUMEN TOTAL'!P49 -> 0 | L46: ='RESUMEN TOTAL'!Q49 -> 0 | M46: ='RESUMEN TOTAL'!R49 -> 0 | ... AI46: ='RESUMEN TOTAL'!AN49 -> 0
A47: ='RESUMEN TOTAL'!A50 -> CENTRO | B47: ='RESUMEN TOTAL'!B50 -> CEN34 | C47: ='RESUMEN TOTAL'!D50 -> Peron y España | D47: ='RESUMEN TOTAL'!E50 -> Domo | E47: ='RESUMEN TOTAL'!F50 -> Fibra Optica | F47: ='RESUMEN TOTAL'!K50 -> 0 | G47: ='RESUMEN TOTAL'!L50 -> 0 | H47: ='RESUMEN TOTAL'!M50 -> APAGADO | I47: ='RESUMEN TOTAL'!N50 -> APAGADO | J47: ='RESUMEN TOTAL'!O50 -> APAGADO | K47: ='RESUMEN TOTAL'!P50 -> 0 | L47: ='RESUMEN TOTAL'!Q50 -> APAGADO | M47: ='RESUMEN TOTAL'!R50 -> 0 | ... AI47: ='RESUMEN TOTAL'!AN50 -> 0
A48: ='RESUMEN TOTAL'!A51 -> CENTRO | B48: ='RESUMEN TOTAL'!B51 -> CEN35 | C48: ='RESUMEN TOTAL'!D51 -> España y Marmol | D48: ='RESUMEN TOTAL'!E51 -> Domo | E48: ='RESUMEN TOTAL'!F51 -> Fibra Optica | F48: ='RESUMEN TOTAL'!K51 -> 0 | G48: ='RESUMEN TOTAL'!L51 -> 0 | H48: ='RESUMEN TOTAL'!M51 -> APAGADO | I48: ='RESUMEN TOTAL'!N51 -> 0 | J48: ='RESUMEN TOTAL'!O51 -> 0 | K48: ='RESUMEN TOTAL'!P51 -> 0 | L48: ='RESUMEN TOTAL'!Q51 -> 0 | M48: ='RESUMEN TOTAL'!R51 -> 0 | ... AI48: ='RESUMEN TOTAL'!AN51 -> 0
A49: ='RESUMEN TOTAL'!A52 -> CENTRO | B49: ='RESUMEN TOTAL'!B52 -> CEN36 | C49: ='RESUMEN TOTAL'!D52 -> España y 9 de Julio | D49: ='RESUMEN TOTAL'!E52 -> Domo | E49: ='RESUMEN TOTAL'!F52 -> Fibra Optica | F49: ='RESUMEN TOTAL'!K52 -> 0 | G49: ='RESUMEN TOTAL'!L52 -> 0 | H49: ='RESUMEN TOTAL'!M52 -> 0 | I49: ='RESUMEN TOTAL'!N52 -> 0 | J49: ='RESUMEN TOTAL'!O52 -> 0 | K49: ='RESUMEN TOTAL'!P52 -> 0 | L49: ='RESUMEN TOTAL'!Q52 -> 0 | M49: ='RESUMEN TOTAL'!R52 -> 0 | ... AI49: ='RESUMEN TOTAL'!AN52 -> 0
A50: ='RESUMEN TOTAL'!A53 -> CENTRO | B50: ='RESUMEN TOTAL'!B53 -> CEN 37 | C50: ='RESUMEN TOTAL'!D53 -> Diagonal Granaderos y Monteagudo | D50: ='RESUMEN TOTAL'!E53 -> Domo | E50: ='RESUMEN TOTAL'!F53 -> Fibra Optica | F50: ='RESUMEN TOTAL'!K53 -> 0 | G50: ='RESUMEN TOTAL'!L53 -> 0 | H50: ='RESUMEN TOTAL'!M53 -> APAGADO | I50: ='RESUMEN TOTAL'!N53 -> 0 | J50: ='RESUMEN TOTAL'!O53 -> 0 | K50: ='RESUMEN TOTAL'!P53 -> 0 | L50: ='RESUMEN TOTAL'!Q53 -> 0 | M50: ='RESUMEN TOTAL'!R53 -> 0 | ... AI50: ='RESUMEN TOTAL'!AN53 -> 0
A51: ='RESUMEN TOTAL'!A54 -> CENTRO | B51: ='RESUMEN TOTAL'!B54 -> CEN38 | C51: ='RESUMEN TOTAL'!D54 -> Diagonal Constituyentes y Almafuerte | D51: ='RESUMEN TOTAL'!E54 -> Domo | E51: ='RESUMEN TOTAL'!F54 -> Fibra Optica | F51: ='RESUMEN TOTAL'!K54 -> 0 | G51: ='RESUMEN TOTAL'!L54 -> 0 | H51: ='RESUMEN TOTAL'!M54 -> 0 | I51: ='RESUMEN TOTAL'!N54 -> 0 | J51: ='RESUMEN TOTAL'!O54 -> 0 | K51: ='RESUMEN TOTAL'!P54 -> 0 | L51: ='RESUMEN TOTAL'!Q54 -> 0 | M51: ='RESUMEN TOTAL'!R54 -> 0 | ... AI51: ='RESUMEN TOTAL'!AN54 -> 0
A52: ='RESUMEN TOTAL'!A55 -> CENTRO | B52: ='RESUMEN TOTAL'!B55 -> CEN39 | C52: ='RESUMEN TOTAL'!D55 -> San Martin y Alem | D52: ='RESUMEN TOTAL'!E55 -> Domo | E52: ='RESUMEN TOTAL'!F55 -> Fibra Optica | F52: ='RESUMEN TOTAL'!K55 -> 0 | G52: ='RESUMEN TOTAL'!L55 -> 0 | H52: ='RESUMEN TOTAL'!M55 -> APAGADO | I52: ='RESUMEN TOTAL'!N55 -> 0 | J52: ='RESUMEN TOTAL'!O55 -> 0 | K52: ='RESUMEN TOTAL'!P55 -> 0 | L52: ='RESUMEN TOTAL'!Q55 -> 0 | M52: ='RESUMEN TOTAL'!R55 -> 0 | ... AI52: ='RESUMEN TOTAL'!AN55 -> 0
A53: ='RESUMEN TOTAL'!A56 -> CENTRO | B53: ='RESUMEN TOTAL'!B56 -> CEN40 | C53: ='RESUMEN TOTAL'!D56 -> Contreras y Monteagudo | D53: ='RESUMEN TOTAL'!E56 -> Domo | E53: ='RESUMEN TOTAL'!F56 -> Fibra Optica | F53: ='RESUMEN TOTAL'!K56 -> 0 | G53: ='RESUMEN TOTAL'!L56 -> 0 | H53: ='RESUMEN TOTAL'!M56 -> 0 | I53: ='RESUMEN TOTAL'!N56 -> 0 | J53: ='RESUMEN TOTAL'!O56 -> 0 | K53: ='RESUMEN TOTAL'!P56 -> 0 | L53: ='RESUMEN TOTAL'!Q56 -> 0 | M53: ='RESUMEN TOTAL'!R56 -> 0 | ... AI53: ='RESUMEN TOTAL'!AN56 -> 0
A54: ='RESUMEN TOTAL'!A57 -> CENTRO | B54: ='RESUMEN TOTAL'!B57 -> CEN41 | C54: ='RESUMEN TOTAL'!D57 -> Contreras y Alberdi | D54: ='RESUMEN TOTAL'!E57 -> Domo | E54: ='RESUMEN TOTAL'!F57 -> Fibra Optica | F54: ='RESUMEN TOTAL'!K57 -> 0 | G54: ='RESUMEN TOTAL'!L57 -> 0 | H54: ='RESUMEN TOTAL'!M57 -> 0 | I54: ='RESUMEN TOTAL'!N57 -> 0 | J54: ='RESUMEN TOTAL'!O57 -> 0 | K54: ='RESUMEN TOTAL'!P57 -> 0 | L54: ='RESUMEN TOTAL'!Q57 -> 0 | M54: ='RESUMEN TOTAL'!R57 -> 0 | ... AI54: ='RESUMEN TOTAL'!AN57 -> 0
... A123: ='RESUMEN TOTAL'!A126 -> LA ESMERALDA | B123: ='RESUMEN TOTAL'!B126 -> ESM12 (fija 2) | C123: ='RESUMEN TOTAL'!D126 -> NOVAK Y LAMBARDI | D123: ='RESUMEN TOTAL'!E126 -> Fija | E123: ='RESUMEN TOTAL'!F126 -> Fibra Optica | F123: ='RESUMEN TOTAL'!K126 -> 0 | G123: ='RESUMEN TOTAL'!L126 -> 0 | H123: ='RESUMEN TOTAL'!M126 -> 0 | I123: ='RESUMEN TOTAL'!N126 -> 0 | J123: ='RESUMEN TOTAL'!O126 -> 0 | K123: ='RESUMEN TOTAL'!P126 -> 0 | L123: ='RESUMEN TOTAL'!Q126 -> 0 | M123: ='RESUMEN TOTAL'!R126 -> 0 | ... AI123: ='RESUMEN TOTAL'!AN126 -> 0
A124: ='RESUMEN TOTAL'!A131 -> INGENIERO ALLAN | B124: ='RESUMEN TOTAL'!B131 -> INA 01 | C124: ='RESUMEN TOTAL'!D131 -> 1138 Y 1155 | D124: ='RESUMEN TOTAL'!E131 -> DOMO | E124: ='RESUMEN TOTAL'!F131 -> Fibra Optica | F124: ='RESUMEN TOTAL'!K131 -> 0 | G124: ='RESUMEN TOTAL'!L131 -> 0 | H124: ='RESUMEN TOTAL'!M131 -> 0 | I124: ='RESUMEN TOTAL'!N131 -> 0 | J124: ='RESUMEN TOTAL'!O131 -> 0 | K124: ='RESUMEN TOTAL'!P131 -> 0 | L124: ='RESUMEN TOTAL'!Q131 -> 0 | M124: ='RESUMEN TOTAL'!R131 -> 0 | ... AI124: ='RESUMEN TOTAL'!AN131 -> 0
A125: ='RESUMEN TOTAL'!A132 -> INGENIERO ALLAN | B125: ='RESUMEN TOTAL'!B132 -> INA 02 | C125: ='RESUMEN TOTAL'!D132 -> 1144 Y 1155 | D125: ='RESUMEN TOTAL'!E132 -> DOMO | E125: ='RESUMEN TOTAL'!F132 -> Fibra Optica | F125: ='RESUMEN TOTAL'!K132 -> 0 | G125: ='RESUMEN TOTAL'!L132 -> 0 | H125: ='RESUMEN TOTAL'!M132 -> 0 | I125: ='RESUMEN TOTAL'!N132 -> 0 | J125: ='RESUMEN TOTAL'!O132 -> 0 | K125: ='RESUMEN TOTAL'!P132 -> 0 | L125: ='RESUMEN TOTAL'!Q132 -> 0 | M125: ='RESUMEN TOTAL'!R132 -> 0 | ... AI125: ='RESUMEN TOTAL'!AN132 -> 0
A126: ='RESUMEN TOTAL'!A133 -> INFICO | B126: ='RESUMEN TOTAL'!B133 -> INF 01 | C126: ='RESUMEN TOTAL'!D133 -> AV. HUDSON Y CARIBONI | D126: ='RESUMEN TOTAL'!E133 -> 0 | E126: ='RESUMEN TOTAL'!F133 -> Fibra Optica | F126: ='RESUMEN TOTAL'!K133 -> 0 | G126: ='RESUMEN TOTAL'!L133 -> 0 | H126: ='RESUMEN TOTAL'!M133 -> APAGADO | I126: ='RESUMEN TOTAL'!N133 -> 0 | J126: ='RESUMEN TOTAL'!O133 -> 0 | K126: ='RESUMEN TOTAL'!P133 -> 0 | L126: ='RESUMEN TOTAL'!Q133 -> 0 | M126: ='RESUMEN TOTAL'!R133 -> 0 | ... AI126: ='RESUMEN TOTAL'!AN133 -> 0
A127: ='RESUMEN TOTAL'!A134 -> KM 26700 (JULIO A. COSTA) | B127: ='RESUMEN TOTAL'!B134 -> KM 07 | C127: ='RESUMEN TOTAL'!D134 -> EL ALJIBE E/ EL ZONDA Y DON SEGUNDO SOMBRA | D127: ='RESUMEN TOTAL'!E134 -> DOMO | E127: ='RESUMEN TOTAL'!F134 -> Radio | F127: ='RESUMEN TOTAL'!K134 -> 0 | G127: ='RESUMEN TOTAL'!L134 -> 0 | H127: ='RESUMEN TOTAL'!M134 -> 0 | I127: ='RESUMEN TOTAL'!N134 -> 0 | J127: ='RESUMEN TOTAL'!O134 -> 0 | K127: ='RESUMEN TOTAL'!P134 -> 0 | L127: ='RESUMEN TOTAL'!Q134 -> 0 | M127: ='RESUMEN TOTAL'!R134 -> 0 | ... AI127: ='RESUMEN TOTAL'!AN134 -> 0
A128: ='RESUMEN TOTAL'!A135 -> KM 26700 (JULIO A. COSTA) | B128: ='RESUMEN TOTAL'!B135 -> KM 10 / UPA 2 | C128: ='RESUMEN TOTAL'!D135 -> PLAYA DE ESTACIONAMIENTO INTERNA E/ HOSP. MODULAR Y UPA 11. | D128: ='RESUMEN TOTAL'!E135 -> DOMO | E128: ='RESUMEN TOTAL'!F135 -> Radio | F128: ='RESUMEN TOTAL'!K135 -> 0 | G128: ='RESUMEN TOTAL'!L135 -> 0 | H128: ='RESUMEN TOTAL'!M135 -> 0 | I128: ='RESUMEN TOTAL'!N135 -> 0 | J128: ='RESUMEN TOTAL'!O135 -> 0 | K128: ='RESUMEN TOTAL'!P135 -> 0 | L128: ='RESUMEN TOTAL'!Q135 -> 0 | M128: ='RESUMEN TOTAL'!R135 -> 0 | ... AI128: ='RESUMEN TOTAL'!AN135 -> 0
A129: ='RESUMEN TOTAL'!A136 -> KM 26700 (JULIO A. COSTA) | B129: ='RESUMEN TOTAL'!B136 -> KM 12 FIJA 1 | C129: ='RESUMEN TOTAL'!D136 -> BLANDENGUES Y LA ZAMBA | D129: ='RESUMEN TOTAL'!E136 -> Fija | E129: ='RESUMEN TOTAL'!F136 -> PTO A FO | F129: ='RESUMEN TOTAL'!K136 -> 0 | G129: ='RESUMEN TOTAL'!L136 -> 0 | H129: ='RESUMEN TOTAL'!M136 -> 0 | I129: ='RESUMEN TOTAL'!N136 -> 0 | J129: ='RESUMEN TOTAL'!O136 -> 0 | K129: ='RESUMEN TOTAL'!P136 -> 0 | L129: ='RESUMEN TOTAL'!Q136 -> 0 | M129: ='RESUMEN TOTAL'!R136 -> 0 | ... AI129: ='RESUMEN TOTAL'!AN136 -> 0
A130: ='RESUMEN TOTAL'!A137 -> KM 26700 (JULIO A. COSTA) | B130: ='RESUMEN TOTAL'!B137 -> KM 13 FIJA 2 | C130: ='RESUMEN TOTAL'!D137 -> BLANDENGUES Y LA ZAMBA | D130: ='RESUMEN TOTAL'!E137 -> Fija | E130: ='RESUMEN TOTAL'!F137 -> PTO A FO | F130: ='RESUMEN TOTAL'!K137 -> 0 | G130: ='RESUMEN TOTAL'!L137 -> 0 | H130: ='RESUMEN TOTAL'!M137 -> 0 | I130: ='RESUMEN TOTAL'!N137 -> 0 | J130: ='RESUMEN TOTAL'!O137 -> 0 | K130: ='RESUMEN TOTAL'!P137 -> 0 | L130: ='RESUMEN TOTAL'!Q137 -> 0 | M130: ='RESUMEN TOTAL'!R137 -> 0 | ... AI130: ='RESUMEN TOTAL'!AN137 -> 0
A131: ='RESUMEN TOTAL'!A138 -> KM 26700 (JULIO A. COSTA) | B131: ='RESUMEN TOTAL'!B138 -> KM 14 (fija 1) | C131: ='RESUMEN TOTAL'!D138 -> EL GAUCHO Y EL ZONDA | D131: ='RESUMEN TOTAL'!E138 -> Fija | E131: ='RESUMEN TOTAL'!F138 -> PTO A FO | F131: ='RESUMEN TOTAL'!K138 -> 0 | G131: ='RESUMEN TOTAL'!L138 -> 0 | H131: ='RESUMEN TOTAL'!M138 -> 0 | I131: ='RESUMEN TOTAL'!N138 -> 0 | J131: ='RESUMEN TOTAL'!O138 -> 0 | K131: ='RESUMEN TOTAL'!P138 -> 0 | L131: ='RESUMEN TOTAL'!Q138 -> 0 | M131: ='RESUMEN TOTAL'!R138 -> 0 | ... AI131: ='RESUMEN TOTAL'!AN138 -> 0
A132: ='RESUMEN TOTAL'!A139 -> KM 26700 (JULIO A. COSTA) | B132: ='RESUMEN TOTAL'!B139 -> KM 15 (fija 2) | C132: ='RESUMEN TOTAL'!D139 -> EL GAUCHO Y EL ZONDA | D132: ='RESUMEN TOTAL'!E139 -> Fija | E132: ='RESUMEN TOTAL'!F139 -> PTO A FO | F132: ='RESUMEN TOTAL'!K139 -> 0 | G132: ='RESUMEN TOTAL'!L139 -> 0 | H132: ='RESUMEN TOTAL'!M139 -> 0 | I132: ='RESUMEN TOTAL'!N139 -> 0 | J132: ='RESUMEN TOTAL'!O139 -> 0 | K132: ='RESUMEN TOTAL'!P139 -> 0 | L132: ='RESUMEN TOTAL'!Q139 -> 0 | M132: ='RESUMEN TOTAL'!R139 -> 0 | ... AI132: ='RESUMEN TOTAL'!AN139 -> 0
A133: ='RESUMEN TOTAL'!A140 -> KM 26700 (JULIO A. COSTA) | B133: ='RESUMEN TOTAL'!B140 -> KM 16 (fija 1) | C133: ='RESUMEN TOTAL'!D140 -> EL GAUCHO Y MARTIN FIERRO | D133: ='RESUMEN TOTAL'!E140 -> Fija | E133: ='RESUMEN TOTAL'!F140 -> PTO A FO | F133: ='RESUMEN TOTAL'!K140 -> 0 | G133: ='RESUMEN TOTAL'!L140 -> 0 | H133: ='RESUMEN TOTAL'!M140 -> 0 | I133: ='RESUMEN TOTAL'!N140 -> 0 | J133: ='RESUMEN TOTAL'!O140 -> 0 | K133: ='RESUMEN TOTAL'!P140 -> 0 | L133: ='RESUMEN TOTAL'!Q140 -> 0 | M133: ='RESUMEN TOTAL'!R140 -> 0 | ... AI133: ='RESUMEN TOTAL'!AN140 -> 0
A134: ='RESUMEN TOTAL'!A141 -> KM 26700 (JULIO A. COSTA) | B134: ='RESUMEN TOTAL'!B141 -> KM 17 (fija 2) | C134: ='RESUMEN TOTAL'!D141 -> EL GAUCHO Y MARTIN FIERRO | D134: ='RESUMEN TOTAL'!E141 -> Fija | E134: ='RESUMEN TOTAL'!F141 -> PTO A FO | F134: ='RESUMEN TOTAL'!K141 -> 0 | G134: ='RESUMEN TOTAL'!L141 -> 0 | H134: ='RESUMEN TOTAL'!M141 -> 0 | I134: ='RESUMEN TOTAL'!N141 -> 0 | J134: ='RESUMEN TOTAL'!O141 -> 0 | K134: ='RESUMEN TOTAL'!P141 -> 0 | L134: ='RESUMEN TOTAL'!Q141 -> 0 | M134: ='RESUMEN TOTAL'!R141 -> 0 | ... AI134: ='RESUMEN TOTAL'!AN141 -> 0
A135: ='RESUMEN TOTAL'!A142 -> VILLA ARGENTINA | B135: ='RESUMEN TOTAL'!B142 -> KM01 | C135: ='RESUMEN TOTAL'!D142 -> Vias FFCC y La Pulperia | D135: ='RESUMEN TOTAL'!E142 -> DOMO | E135: ='RESUMEN TOTAL'!F142 -> Radio | F135: ='RESUMEN TOTAL'!K142 -> 0 | G135: ='RESUMEN TOTAL'!L142 -> 0 | H135: ='RESUMEN TOTAL'!M142 -> APAGADO | I135: ='RESUMEN TOTAL'!N142 -> 0 | J135: ='RESUMEN TOTAL'!O142 -> 0 | K135: ='RESUMEN TOTAL'!P142 -> 0 | L135: ='RESUMEN TOTAL'!Q142 -> 0 | M135: ='RESUMEN TOTAL'!R142 -> 0 | ... AI135: ='RESUMEN TOTAL'!AN142 -> 0
... A235: ='RESUMEN TOTAL'!A242 -> EL ROCIO | B235: ='RESUMEN TOTAL'!B242 -> RCO06 (fija 2) | C235: ='RESUMEN TOTAL'!D242 -> LOBOS Y CHASCOMUS | D235: ='RESUMEN TOTAL'!E242 -> FIJA | E235: ='RESUMEN TOTAL'!F242 -> Fibra Optica | F235: ='RESUMEN TOTAL'!K242 -> 0 | G235: ='RESUMEN TOTAL'!L242 -> 0 | H235: ='RESUMEN TOTAL'!M242 -> APAGADO | I235: ='RESUMEN TOTAL'!N242 -> 0 | J235: ='RESUMEN TOTAL'!O242 -> 0 | K235: ='RESUMEN TOTAL'!P242 -> 0 | L235: ='RESUMEN TOTAL'!Q242 -> 0 | M235: ='RESUMEN TOTAL'!R242 -> 0 | ... AI235: ='RESUMEN TOTAL'!AN242 -> 0
A236: ='RESUMEN TOTAL'!A247 -> RICARDO ROJAS | B236: ='RESUMEN TOTAL'!B247 -> RRJ 05 | C236: ='RESUMEN TOTAL'!D247 -> LUJAN Y RUTA 36 | D236: ='RESUMEN TOTAL'!E247 -> DOMO | E236: ='RESUMEN TOTAL'!F247 -> Fibra Optica | F236: ='RESUMEN TOTAL'!K247 -> 0 | G236: ='RESUMEN TOTAL'!L247 -> 0 | H236: ='RESUMEN TOTAL'!M247 -> 0 | I236: ='RESUMEN TOTAL'!N247 -> 0 | J236: ='RESUMEN TOTAL'!O247 -> 0 | K236: ='RESUMEN TOTAL'!P247 -> 0 | L236: ='RESUMEN TOTAL'!Q247 -> 0 | M236: ='RESUMEN TOTAL'!R247 -> 0 | ... AI236: ='RESUMEN TOTAL'!AN247 -> 0
A237: ='RESUMEN TOTAL'!A248 -> RICARDO ROJAS | B237: ='RESUMEN TOTAL'!B248 -> RRJ 06 | C237: ='RESUMEN TOTAL'!D248 -> Constancio Vigil y Pablo Groussac | D237: ='RESUMEN TOTAL'!E248 -> Domo | E237: ='RESUMEN TOTAL'!F248 -> Fibra Optica | F237: ='RESUMEN TOTAL'!K248 -> 0 | G237: ='RESUMEN TOTAL'!L248 -> 0 | H237: ='RESUMEN TOTAL'!M248 -> 0 | I237: ='RESUMEN TOTAL'!N248 -> 0 | J237: ='RESUMEN TOTAL'!O248 -> 0 | K237: ='RESUMEN TOTAL'!P248 -> 0 | L237: ='RESUMEN TOTAL'!Q248 -> 0 | M237: ='RESUMEN TOTAL'!R248 -> 0 | ... AI237: ='RESUMEN TOTAL'!AN248 -> 0
A238: ='RESUMEN TOTAL'!A249 -> RICARDO ROJAS | B238: ='RESUMEN TOTAL'!B249 -> RRJ 07 | C238: ='RESUMEN TOTAL'!D249 -> Constancio Vigil y Estanislao del Campo | D238: ='RESUMEN TOTAL'!E249 -> Domo | E238: ='RESUMEN TOTAL'!F249 -> Fibra Optica | F238: ='RESUMEN TOTAL'!K249 -> 0 | G238: ='RESUMEN TOTAL'!L249 -> 0 | H238: ='RESUMEN TOTAL'!M249 -> 0 | I238: ='RESUMEN TOTAL'!N249 -> 0 | J238: ='RESUMEN TOTAL'!O249 -> 0 | K238: ='RESUMEN TOTAL'!P249 -> 0 | L238: ='RESUMEN TOTAL'!Q249 -> 0 | M238: ='RESUMEN TOTAL'!R249 -> 0 | ... AI238: ='RESUMEN TOTAL'!AN249 -> 0
A239: ='RESUMEN TOTAL'!A250 -> RICARDO ROJAS | B239: ='RESUMEN TOTAL'!B250 -> RRJ 08 | C239: ='RESUMEN TOTAL'!D250 -> Constancio Vigil y Pablo Podesta | D239: ='RESUMEN TOTAL'!E250 -> Domo | E239: ='RESUMEN TOTAL'!F250 -> Fibra Optica | F239: ='RESUMEN TOTAL'!K250 -> 0 | G239: ='RESUMEN TOTAL'!L250 -> 0 | H239: ='RESUMEN TOTAL'!M250 -> 0 | I239: ='RESUMEN TOTAL'!N250 -> 0 | J239: ='RESUMEN TOTAL'!O250 -> 0 | K239: ='RESUMEN TOTAL'!P250 -> 0 | L239: ='RESUMEN TOTAL'!Q250 -> 0 | M239: ='RESUMEN TOTAL'!R250 -> 0 | ... AI239: ='RESUMEN TOTAL'!AN250 -> 0
A240: ='RESUMEN TOTAL'!A251 -> RICARDO ROJAS | B240: ='RESUMEN TOTAL'!B251 -> RRJ 09 | C240: ='RESUMEN TOTAL'!D251 -> Constancio Vigil y Jose Ingeniero | D240: ='RESUMEN TOTAL'!E251 -> Domo | E240: ='RESUMEN TOTAL'!F251 -> Fibra Optica | F240: ='RESUMEN TOTAL'!K251 -> 0 | G240: ='RESUMEN TOTAL'!L251 -> 0 | H240: ='RESUMEN TOTAL'!M251 -> 0 | I240: ='RESUMEN TOTAL'!N251 -> 0 | J240: ='RESUMEN TOTAL'!O251 -> 0 | K240: ='RESUMEN TOTAL'!P251 -> 0 | L240: ='RESUMEN TOTAL'!Q251 -> 0 | M240: ='RESUMEN TOTAL'!R251 -> 0 | ... AI240: ='RESUMEN TOTAL'!AN251 -> 0
A241: ='RESUMEN TOTAL'!A243 -> RICARDO ROJAS | B241: ='RESUMEN TOTAL'!B243 -> RRJ01 | C241: ='RESUMEN TOTAL'!D243 -> AV. LUJAN Y BRAGADO | D241: ='RESUMEN TOTAL'!E243 -> DOMO | E241: ='RESUMEN TOTAL'!F243 -> Fibra Optica | F241: ='RESUMEN TOTAL'!K243 -> 0 | G241: ='RESUMEN TOTAL'!L243 -> 0 | H241: ='RESUMEN TOTAL'!M243 -> 0 | I241: ='RESUMEN TOTAL'!N243 -> 0 | J241: ='RESUMEN TOTAL'!O243 -> 0 | K241: ='RESUMEN TOTAL'!P243 -> 0 | L241: ='RESUMEN TOTAL'!Q243 -> 0 | M241: ='RESUMEN TOTAL'!R243 -> 0 | ... AI241: ='RESUMEN TOTAL'!AN243 -> 0
A242: ='RESUMEN TOTAL'!A244 -> RICARDO ROJAS | B242: ='RESUMEN TOTAL'!B244 -> RRJ02 | C242: ='RESUMEN TOTAL'!D244 -> AV. LUJAN Y DIAG. LOS POETAS | D242: ='RESUMEN TOTAL'!E244 -> DOMO | E242: ='RESUMEN TOTAL'!F244 -> Fibra Optica | F242: ='RESUMEN TOTAL'!K244 -> 0 | G242: ='RESUMEN TOTAL'!L244 -> 0 | H242: ='RESUMEN TOTAL'!M244 -> 0 | I242: ='RESUMEN TOTAL'!N244 -> 0 | J242: ='RESUMEN TOTAL'!O244 -> 0 | K242: ='RESUMEN TOTAL'!P244 -> 0 | L242: ='RESUMEN TOTAL'!Q244 -> 0 | M242: ='RESUMEN TOTAL'!R244 -> 0 | ... AI242: ='RESUMEN TOTAL'!AN244 -> 0
A243: ='RESUMEN TOTAL'!A245 -> RICARDO ROJAS | B243: ='RESUMEN TOTAL'!B245 -> RRJ03 (fija 1) | C243: ='RESUMEN TOTAL'!D245 -> RUBEN DARIO E/ FADER Y DIAG. LOS POETAS | D243: ='RESUMEN TOTAL'!E245 -> Fija | E243: ='RESUMEN TOTAL'!F245 -> Fibra Optica | F243: ='RESUMEN TOTAL'!K245 -> 0 | G243: ='RESUMEN TOTAL'!L245 -> 0 | H243: ='RESUMEN TOTAL'!M245 -> 0 | I243: ='RESUMEN TOTAL'!N245 -> 0 | J243: ='RESUMEN TOTAL'!O245 -> 0 | K243: ='RESUMEN TOTAL'!P245 -> 0 | L243: ='RESUMEN TOTAL'!Q245 -> 0 | M243: ='RESUMEN TOTAL'!R245 -> 0 | ... AI243: ='RESUMEN TOTAL'!AN245 -> 0
A244: ='RESUMEN TOTAL'!A246 -> RICARDO ROJAS | B244: ='RESUMEN TOTAL'!B246 -> RRJ04 (fija 2) | C244: ='RESUMEN TOTAL'!D246 -> RUBEN DARIO E/ FADER Y DIAG. LOS POETAS | D244: ='RESUMEN TOTAL'!E246 -> Fija | E244: ='RESUMEN TOTAL'!F246 -> Fibra Optica | F244: ='RESUMEN TOTAL'!K246 -> 0 | G244: ='RESUMEN TOTAL'!L246 -> 0 | H244: ='RESUMEN TOTAL'!M246 -> APAGADO | I244: ='RESUMEN TOTAL'!N246 -> 0 | J244: ='RESUMEN TOTAL'!O246 -> 0 | K244: ='RESUMEN TOTAL'!P246 -> 0 | L244: ='RESUMEN TOTAL'!Q246 -> 0 | M244: ='RESUMEN TOTAL'!R246 -> 0 | ... AI244: ='RESUMEN TOTAL'!AN246 -> 0
A245: ='RESUMEN TOTAL'!A254 -> SANTA ANA | B245: ='RESUMEN TOTAL'!B254 -> SAN 02 | C245: ='RESUMEN TOTAL'!D254 -> HUDSON Y SUIPACHA | D245: ='RESUMEN TOTAL'!E254 -> Fija 2 | E245: ='RESUMEN TOTAL'!F254 -> Fibra Optica | F245: ='RESUMEN TOTAL'!K254 -> 0 | G245: ='RESUMEN TOTAL'!L254 -> 0 | H245: ='RESUMEN TOTAL'!M254 -> 0 | I245: ='RESUMEN TOTAL'!N254 -> 0 | J245: ='RESUMEN TOTAL'!O254 -> 0 | K245: ='RESUMEN TOTAL'!P254 -> 0 | L245: ='RESUMEN TOTAL'!Q254 -> 0 | M245: ='RESUMEN TOTAL'!R254 -> 0 | ... AI245: ='RESUMEN TOTAL'!AN254 -> 0
A246: ='RESUMEN TOTAL'!A255 -> SANTA ANA | B246: ='RESUMEN TOTAL'!B255 -> SAN01 | C246: ='RESUMEN TOTAL'!D255 -> HUDSON Y SUIPACHA | D246: ='RESUMEN TOTAL'!E255 -> Fija 1 | E246: ='RESUMEN TOTAL'!F255 -> Fibra Optica | F246: ='RESUMEN TOTAL'!K255 -> 0 | G246: ='RESUMEN TOTAL'!L255 -> 0 | H246: ='RESUMEN TOTAL'!M255 -> 0 | I246: ='RESUMEN TOTAL'!N255 -> 0 | J246: ='RESUMEN TOTAL'!O255 -> 0 | K246: ='RESUMEN TOTAL'!P255 -> 0 | L246: ='RESUMEN TOTAL'!Q255 -> 0 | M246: ='RESUMEN TOTAL'!R255 -> 0 | ... AI246: ='RESUMEN TOTAL'!AN255 -> 0
A247: ='RESUMEN TOTAL'!A256 -> PRESIDENTE SARMIENTO | B247: ='RESUMEN TOTAL'!B256 -> SAR01 | C247: ='RESUMEN TOTAL'!D256 -> Storni Y Sanchez de Loria | D247: ='RESUMEN TOTAL'!E256 -> Domo | E247: ='RESUMEN TOTAL'!F256 -> Fibra Optica | F247: ='RESUMEN TOTAL'!K256 -> 0 | G247: ='RESUMEN TOTAL'!L256 -> 0 | H247: ='RESUMEN TOTAL'!M256 -> 0 | I247: ='RESUMEN TOTAL'!N256 -> 0 | J247: ='RESUMEN TOTAL'!O256 -> 0 | K247: ='RESUMEN TOTAL'!P256 -> 0 | L247: ='RESUMEN TOTAL'!Q256 -> 0 | M247: ='RESUMEN TOTAL'!R256 -> 0 | ... AI247: ='RESUMEN TOTAL'!AN256 -> 0
A248: ='RESUMEN TOTAL'!A257 -> PRESIDENTE SARMIENTO | B248: ='RESUMEN TOTAL'!B257 -> SAR 02 (fija 1) | C248: ='RESUMEN TOTAL'!D257 -> DARDO ROCHA Y GABRIELA MISTRAL | D248: ='RESUMEN TOTAL'!E257 -> Fija | E248: ='RESUMEN TOTAL'!F257 -> Fibra Optica | F248: ='RESUMEN TOTAL'!K257 -> 0 | G248: ='RESUMEN TOTAL'!L257 -> 0 | H248: ='RESUMEN TOTAL'!M257 -> 0 | I248: ='RESUMEN TOTAL'!N257 -> 0 | J248: ='RESUMEN TOTAL'!O257 -> 0 | K248: ='RESUMEN TOTAL'!P257 -> 0 | L248: ='RESUMEN TOTAL'!Q257 -> 0 | M248: ='RESUMEN TOTAL'!R257 -> 0 | ... AI248: ='RESUMEN TOTAL'!AN257 -> 0
A249: ='RESUMEN TOTAL'!A258 -> PRESIDENTE SARMIENTO | B249: ='RESUMEN TOTAL'!B258 -> SAR 03 (fija 2) | C249: ='RESUMEN TOTAL'!D258 -> DARDO ROCHA Y GABRIELA MISTRAL | D249: ='RESUMEN TOTAL'!E258 -> Fija | E249: ='RESUMEN TOTAL'!F258 -> Fibra Optica | F249: ='RESUMEN TOTAL'!K258 -> 0 | G249: ='RESUMEN TOTAL'!L258 -> 0 | H249: ='RESUMEN TOTAL'!M258 -> APAGADO | I249: ='RESUMEN TOTAL'!N258 -> 0 | J249: ='RESUMEN TOTAL'!O258 -> 0 | K249: ='RESUMEN TOTAL'!P258 -> 0 | L249: ='RESUMEN TOTAL'!Q258 -> 0 | M249: ='RESUMEN TOTAL'!R258 -> 0 | ... AI249: ='RESUMEN TOTAL'!AN258 -> 0
A250: ='RESUMEN TOTAL'!A259 -> PRESIDENTE SARMIENTO | B250: ='RESUMEN TOTAL'!B259 -> SAR 04 | C250: ='RESUMEN TOTAL'!D259 -> MONTES DE OCA Y ALVARADO | D250: ='RESUMEN TOTAL'!E259 -> Domo | E250: ='RESUMEN TOTAL'!F259 -> Fibra Optica | F250: ='RESUMEN TOTAL'!K259 -> 0 | G250: ='RESUMEN TOTAL'!L259 -> 0 | H250: ='RESUMEN TOTAL'!M259 -> APAGADO | I250: ='RESUMEN TOTAL'!N259 -> 0 | J250: ='RESUMEN TOTAL'!O259 -> 0 | K250: ='RESUMEN TOTAL'!P259 -> 0 | L250: ='RESUMEN TOTAL'!Q259 -> 0 | M250: ='RESUMEN TOTAL'!R259 -> 0 | ... AI250: ='RESUMEN TOTAL'!AN259 -> 0
A251: ='RESUMEN TOTAL'!A260 -> PRESIDENTE SARMIENTO | B251: ='RESUMEN TOTAL'!B260 -> SAR 05 | C251: ='RESUMEN TOTAL'!D260 -> ALVARADO Y ROCHA | D251: ='RESUMEN TOTAL'!E260 -> Domo | E251: ='RESUMEN TOTAL'!F260 -> Fibra Optica | F251: ='RESUMEN TOTAL'!K260 -> 0 | G251: ='RESUMEN TOTAL'!L260 -> 0 | H251: ='RESUMEN TOTAL'!M260 -> APAGADO | I251: ='RESUMEN TOTAL'!N260 -> 0 | J251: ='RESUMEN TOTAL'!O260 -> 0 | K251: ='RESUMEN TOTAL'!P260 -> 0 | L251: ='RESUMEN TOTAL'!Q260 -> 0 | M251: ='RESUMEN TOTAL'!R260 -> 0 | ... AI251: ='RESUMEN TOTAL'!AN260 -> 0
A252: ='RESUMEN TOTAL'!A261 -> PRESIDENTE SARMIENTO | B252: ='RESUMEN TOTAL'!B261 -> SAR 06 | C252: ='RESUMEN TOTAL'!D261 -> Necochea y Lorenzini | D252: ='RESUMEN TOTAL'!E261 -> Fija | E252: ='RESUMEN TOTAL'!F261 -> Fibra Optica | F252: ='RESUMEN TOTAL'!K261 -> 0 | G252: ='RESUMEN TOTAL'!L261 -> 0 | H252: ='RESUMEN TOTAL'!M261 -> 0 | I252: ='RESUMEN TOTAL'!N261 -> 0 | J252: ='RESUMEN TOTAL'!O261 -> 0 | K252: ='RESUMEN TOTAL'!P261 -> 0 | L252: ='RESUMEN TOTAL'!Q261 -> 0 | M252: ='RESUMEN TOTAL'!R261 -> 0 | ... AI252: ='RESUMEN TOTAL'!AN261 -> 0
A253: ='RESUMEN TOTAL'!A262 -> PRESIDENTE SARMIENTO | B253: ='RESUMEN TOTAL'!B262 -> SAR 07 | C253: ='RESUMEN TOTAL'!D262 -> Necochea y Lorenzini | D253: ='RESUMEN TOTAL'!E262 -> Fija | E253: ='RESUMEN TOTAL'!F262 -> Fibra Optica | F253: ='RESUMEN TOTAL'!K262 -> 0 | G253: ='RESUMEN TOTAL'!L262 -> 0 | H253: ='RESUMEN TOTAL'!M262 -> 0 | I253: ='RESUMEN TOTAL'!N262 -> 0 | J253: ='RESUMEN TOTAL'!O262 -> 0 | K253: ='RESUMEN TOTAL'!P262 -> 0 | L253: ='RESUMEN TOTAL'!Q262 -> 0 | M253: ='RESUMEN TOTAL'!R262 -> 0 | ... AI253: ='RESUMEN TOTAL'!AN262 -> 0
A254: ='RESUMEN TOTAL'!A263 -> PRESIDENTE SARMIENTO | B254: ='RESUMEN TOTAL'!B263 -> SAR 08 | C254: ='RESUMEN TOTAL'!D263 -> Necochea y Montes de Oca | D254: ='RESUMEN TOTAL'!E263 -> Fija | E254: ='RESUMEN TOTAL'!F263 -> Fibra Optica | F254: ='RESUMEN TOTAL'!K263 -> 0 | G254: ='RESUMEN TOTAL'!L263 -> 0 | H254: ='RESUMEN TOTAL'!M263 -> APAGADO | I254: ='RESUMEN TOTAL'!N263 -> 0 | J254: ='RESUMEN TOTAL'!O263 -> 0 | K254: ='RESUMEN TOTAL'!P263 -> 0 | L254: ='RESUMEN TOTAL'!Q263 -> 0 | M254: ='RESUMEN TOTAL'!R263 -> 0 | ... AI254: ='RESUMEN TOTAL'!AN263 -> 0
A255: ='RESUMEN TOTAL'!A264 -> PRESIDENTE SARMIENTO | B255: ='RESUMEN TOTAL'!B264 -> SAR 09 | C255: ='RESUMEN TOTAL'!D264 -> Necochea y Montes de Oca | D255: ='RESUMEN TOTAL'!E264 -> Fija | E255: ='RESUMEN TOTAL'!F264 -> Fibra Optica | F255: ='RESUMEN TOTAL'!K264 -> 0 | G255: ='RESUMEN TOTAL'!L264 -> 0 | H255: ='RESUMEN TOTAL'!M264 -> APAGADO | I255: ='RESUMEN TOTAL'!N264 -> 0 | J255: ='RESUMEN TOTAL'!O264 -> 0 | K255: ='RESUMEN TOTAL'!P264 -> 0 | L255: ='RESUMEN TOTAL'!Q264 -> 0 | M255: ='RESUMEN TOTAL'!R264 -> 0 | ... AI255: ='RESUMEN TOTAL'!AN264 -> 0
A256: ='RESUMEN TOTAL'!A265 -> SAN EDUARDO | B256: ='RESUMEN TOTAL'!B265 -> SEDU01 | C256: ='RESUMEN TOTAL'!D265 -> San Martin y Sperandio | D256: ='RESUMEN TOTAL'!E265 -> Domo | E256: ='RESUMEN TOTAL'!F265 -> Fibra Optica | F256: ='RESUMEN TOTAL'!K265 -> 0 | G256: ='RESUMEN TOTAL'!L265 -> 0 | H256: ='RESUMEN TOTAL'!M265 -> APAGADO | I256: ='RESUMEN TOTAL'!N265 -> 0 | J256: ='RESUMEN TOTAL'!O265 -> 0 | K256: ='RESUMEN TOTAL'!P265 -> 0 | L256: ='RESUMEN TOTAL'!Q265 -> 0 | M256: ='RESUMEN TOTAL'!R265 -> 0 | ... AI256: ='RESUMEN TOTAL'!AN265 -> 0
... A370: ='RESUMEN TOTAL'!A379 -> VILLA VATTEONE CENTRO | B370: ='RESUMEN TOTAL'!B379 -> VAT24 (fija 2) | C370: ='RESUMEN TOTAL'!D379 -> EVA PERON Y "EL TUNEL" (BAJO NIVEL) | D370: ='RESUMEN TOTAL'!E379 -> Fija | E370: ='RESUMEN TOTAL'!F379 -> Fibra Optica | F370: ='RESUMEN TOTAL'!K379 -> 0 | G370: ='RESUMEN TOTAL'!L379 -> 0 | H370: ='RESUMEN TOTAL'!M379 -> APAGADO | I370: ='RESUMEN TOTAL'!N379 -> 0 | J370: ='RESUMEN TOTAL'!O379 -> 0 | K370: ='RESUMEN TOTAL'!P379 -> 0 | L370: ='RESUMEN TOTAL'!Q379 -> 0 | M370: ='RESUMEN TOTAL'!R379 -> 0 | ... AI370: ='RESUMEN TOTAL'!AN379 -> 0
A371: ='RESUMEN TOTAL'!A382 -> VILLA AURORA | B371: ='RESUMEN TOTAL'!B382 -> VAU 01 | C371: ='RESUMEN TOTAL'!D382 -> San Martin y Monteverde | D371: ='RESUMEN TOTAL'!E382 -> Domo | E371: ='RESUMEN TOTAL'!F382 -> Fibra Optica | F371: ='RESUMEN TOTAL'!K382 -> 0 | G371: ='RESUMEN TOTAL'!L382 -> 0 | H371: ='RESUMEN TOTAL'!M382 -> APAGADO | I371: ='RESUMEN TOTAL'!N382 -> 0 | J371: ='RESUMEN TOTAL'!O382 -> 0 | K371: ='RESUMEN TOTAL'!P382 -> 0 | L371: ='RESUMEN TOTAL'!Q382 -> 0 | M371: ='RESUMEN TOTAL'!R382 -> 0 | ... AI371: ='RESUMEN TOTAL'!AN382 -> 0
A372: ='RESUMEN TOTAL'!A383 -> SAN EMILIO | B372: ='RESUMEN TOTAL'!B383 -> VAU 02 | C372: ='RESUMEN TOTAL'!D383 -> San Martin y Lope de Vega | D372: ='RESUMEN TOTAL'!E383 -> Domo | E372: ='RESUMEN TOTAL'!F383 -> Fibra Optica | F372: ='RESUMEN TOTAL'!K383 -> 0 | G372: ='RESUMEN TOTAL'!L383 -> 0 | H372: ='RESUMEN TOTAL'!M383 -> APAGADO | I372: ='RESUMEN TOTAL'!N383 -> 0 | J372: ='RESUMEN TOTAL'!O383 -> 0 | K372: ='RESUMEN TOTAL'!P383 -> 0 | L372: ='RESUMEN TOTAL'!Q383 -> 0 | M372: ='RESUMEN TOTAL'!R383 -> 0 | ... AI372: ='RESUMEN TOTAL'!AN383 -> 0
A373: ='RESUMEN TOTAL'!A384 -> VILLA AURORA | B373: ='RESUMEN TOTAL'!B384 -> VAU03 (fija 1) | C373: ='RESUMEN TOTAL'!D384 -> PIZZURNO Y NUESTRAS MALVINAS | D373: ='RESUMEN TOTAL'!E384 -> Fija | E373: ='RESUMEN TOTAL'!F384 -> Fibra Optica | F373: ='RESUMEN TOTAL'!K384 -> 0 | G373: ='RESUMEN TOTAL'!L384 -> 0 | H373: ='RESUMEN TOTAL'!M384 -> 0 | I373: ='RESUMEN TOTAL'!N384 -> 0 | J373: ='RESUMEN TOTAL'!O384 -> 0 | K373: ='RESUMEN TOTAL'!P384 -> 0 | L373: ='RESUMEN TOTAL'!Q384 -> 0 | M373: ='RESUMEN TOTAL'!R384 -> 0 | ... AI373: ='RESUMEN TOTAL'!AN384 -> 0
A374: ='RESUMEN TOTAL'!A385 -> VILLA AURORA | B374: ='RESUMEN TOTAL'!B385 -> VAU04 (fija 2) | C374: ='RESUMEN TOTAL'!D385 -> PIZZURNO Y NUESTRAS MALVINAS | D374: ='RESUMEN TOTAL'!E385 -> Fija | E374: ='RESUMEN TOTAL'!F385 -> Fibra Optica | F374: ='RESUMEN TOTAL'!K385 -> 0 | G374: ='RESUMEN TOTAL'!L385 -> 0 | H374: ='RESUMEN TOTAL'!M385 -> 0 | I374: ='RESUMEN TOTAL'!N385 -> 0 | J374: ='RESUMEN TOTAL'!O385 -> 0 | K374: ='RESUMEN TOTAL'!P385 -> 0 | L374: ='RESUMEN TOTAL'!Q385 -> 0 | M374: ='RESUMEN TOTAL'!R385 -> 0 | ... AI374: ='RESUMEN TOTAL'!AN385 -> 0
A375: ='RESUMEN TOTAL'!A386 -> VILLA AURORA | B375: ='RESUMEN TOTAL'!B386 -> VAU05 (fija 1) | C375: ='RESUMEN TOTAL'!D386 -> GUIDO SPANO Y VICTORINO DE LA PLAZA | D375: ='RESUMEN TOTAL'!E386 -> Fija | E375: ='RESUMEN TOTAL'!F386 -> Fibra Optica | F375: ='RESUMEN TOTAL'!K386 -> 0 | G375: ='RESUMEN TOTAL'!L386 -> 0 | H375: ='RESUMEN TOTAL'!M386 -> 0 | I375: ='RESUMEN TOTAL'!N386 -> 0 | J375: ='RESUMEN TOTAL'!O386 -> 0 | K375: ='RESUMEN TOTAL'!P386 -> 0 | L375: ='RESUMEN TOTAL'!Q386 -> 0 | M375: ='RESUMEN TOTAL'!R386 -> 0 | ... AI375: ='RESUMEN TOTAL'!AN386 -> 0
A376: ='RESUMEN TOTAL'!A387 -> VILLA AURORA | B376: ='RESUMEN TOTAL'!B387 -> VAU06 (fija 2) | C376: ='RESUMEN TOTAL'!D387 -> GUIDO SPANO Y VICTORINO DE LA PLAZA | D376: ='RESUMEN TOTAL'!E387 -> Fija | E376: ='RESUMEN TOTAL'!F387 -> Fibra Optica | F376: ='RESUMEN TOTAL'!K387 -> 0 | G376: ='RESUMEN TOTAL'!L387 -> 0 | H376: ='RESUMEN TOTAL'!M387 -> 0 | I376: ='RESUMEN TOTAL'!N387 -> 0 | J376: ='RESUMEN TOTAL'!O387 -> 0 | K376: ='RESUMEN TOTAL'!P387 -> 0 | L376: ='RESUMEN TOTAL'!Q387 -> 0 | M376: ='RESUMEN TOTAL'!R387 -> 0 | ... AI376: ='RESUMEN TOTAL'!AN387 -> 0
A377: ='RESUMEN TOTAL'!A388 -> VILLA AURORA | B377: ='RESUMEN TOTAL'!B388 -> VAU 07 | C377: ='RESUMEN TOTAL'!D388 -> VICTORINO DE LA PLAZA Y MONTEVERDE | D377: ='RESUMEN TOTAL'!E388 -> Domo | E377: ='RESUMEN TOTAL'!F388 -> Fibra Optica | F377: ='RESUMEN TOTAL'!K388 -> 0 | G377: ='RESUMEN TOTAL'!L388 -> 0 | H377: ='RESUMEN TOTAL'!M388 -> 0 | I377: ='RESUMEN TOTAL'!N388 -> 0 | J377: ='RESUMEN TOTAL'!O388 -> 0 | K377: ='RESUMEN TOTAL'!P388 -> 0 | L377: ='RESUMEN TOTAL'!Q388 -> 0 | M377: ='RESUMEN TOTAL'!R388 -> 0 | ... AI377: ='RESUMEN TOTAL'!AN388 -> 0
A378: ='RESUMEN TOTAL'!A389 -> VILLA AURORA | B378: ='RESUMEN TOTAL'!B389 -> VAU08 | C378: ='RESUMEN TOTAL'!D389 -> MONTEVERDE Y WASHINGTON | D378: ='RESUMEN TOTAL'!E389 -> DOMO | E378: ='RESUMEN TOTAL'!F389 -> Fibra Optica | F378: ='RESUMEN TOTAL'!K389 -> 0 | G378: ='RESUMEN TOTAL'!L389 -> 0 | H378: ='RESUMEN TOTAL'!M389 -> 0 | I378: ='RESUMEN TOTAL'!N389 -> 0 | J378: ='RESUMEN TOTAL'!O389 -> 0 | K378: ='RESUMEN TOTAL'!P389 -> 0 | L378: ='RESUMEN TOTAL'!Q389 -> 0 | M378: ='RESUMEN TOTAL'!R389 -> 0 | ... AI378: ='RESUMEN TOTAL'!AN389 -> 0
A379: ='RESUMEN TOTAL'!A390 -> VILLA DEL PLATA | B379: ='RESUMEN TOTAL'!B390 -> VDPL02 | C379: ='RESUMEN TOTAL'!D390 -> Thevenet y Berutti | D379: ='RESUMEN TOTAL'!E390 -> Domo | E379: ='RESUMEN TOTAL'!F390 -> Fibra Optica | F379: ='RESUMEN TOTAL'!K390 -> APAGADO | G379: ='RESUMEN TOTAL'!L390 -> APAGADO | H379: ='RESUMEN TOTAL'!M390 -> APAGADO | I379: ='RESUMEN TOTAL'!N390 -> APAGADO | J379: ='RESUMEN TOTAL'!O390 -> APAGADO | K379: ='RESUMEN TOTAL'!P390 -> 0 | L379: ='RESUMEN TOTAL'!Q390 -> 0 | M379: ='RESUMEN TOTAL'!R390 -> 0 | ... AI379: ='RESUMEN TOTAL'!AN390 -> 0
A380: ='RESUMEN TOTAL'!A391 -> VILLA DEL PLATA | B380: ='RESUMEN TOTAL'!B391 -> VDPL03 | C380: ='RESUMEN TOTAL'!D391 -> Neuquen y Alvarado | D380: ='RESUMEN TOTAL'!E391 -> Domo | E380: ='RESUMEN TOTAL'!F391 -> Radio | F380: ='RESUMEN TOTAL'!K391 -> 0 | G380: ='RESUMEN TOTAL'!L391 -> 0 | H380: ='RESUMEN TOTAL'!M391 -> 0 | I380: ='RESUMEN TOTAL'!N391 -> 0 | J380: ='RESUMEN TOTAL'!O391 -> 0 | K380: ='RESUMEN TOTAL'!P391 -> 0 | L380: ='RESUMEN TOTAL'!Q391 -> 0 | M380: ='RESUMEN TOTAL'!R391 -> 0 | ... AI380: ='RESUMEN TOTAL'!AN391 -> 0
A381: ='RESUMEN TOTAL'!A392 -> VILLA DEL PLATA | B381: ='RESUMEN TOTAL'!B392 -> VDPL04 | C381: ='RESUMEN TOTAL'!D392 -> Neuquen y Diagonal Guemes | D381: ='RESUMEN TOTAL'!E392 -> Domo | E381: ='RESUMEN TOTAL'!F392 -> Radio | F381: ='RESUMEN TOTAL'!K392 -> 0 | G381: ='RESUMEN TOTAL'!L392 -> 0 | H381: ='RESUMEN TOTAL'!M392 -> 0 | I381: ='RESUMEN TOTAL'!N392 -> 0 | J381: ='RESUMEN TOTAL'!O392 -> 0 | K381: ='RESUMEN TOTAL'!P392 -> 0 | L381: ='RESUMEN TOTAL'!Q392 -> 0 | M381: ='RESUMEN TOTAL'!R392 -> 0 | ... AI381: ='RESUMEN TOTAL'!AN392 -> 0
A382: ='RESUMEN TOTAL'!A393 -> VILLA DEL PLATA | B382: ='RESUMEN TOTAL'!B393 -> VDPL05 | C382: ='RESUMEN TOTAL'!D393 -> Ruta 36 y Abraham | D382: ='RESUMEN TOTAL'!E393 -> Domo | E382: ='RESUMEN TOTAL'!F393 -> PTO A FO | F382: ='RESUMEN TOTAL'!K393 -> APAGADO | G382: ='RESUMEN TOTAL'!L393 -> APAGADO | H382: ='RESUMEN TOTAL'!M393 -> APAGADO | I382: ='RESUMEN TOTAL'!N393 -> APAGADO | J382: ='RESUMEN TOTAL'!O393 -> APAGADO | K382: ='RESUMEN TOTAL'!P393 -> 0 | L382: ='RESUMEN TOTAL'!Q393 -> APAGADO | M382: ='RESUMEN TOTAL'!R393 -> 0 | ... AI382: ='RESUMEN TOTAL'!AN393 -> 0
... A411: ='RESUMEN TOTAL'!A422 -> ZEBALLOS | B411: ='RESUMEN TOTAL'!B422 -> ZEB 05 | C411: ='RESUMEN TOTAL'!D422 -> DIAG. GRANADEROS Y 214 BIS | D411: ='RESUMEN TOTAL'!E422 -> Domo | E411: ='RESUMEN TOTAL'!F422 -> Radio | F411: ='RESUMEN TOTAL'!K422 -> 0 | G411: ='RESUMEN TOTAL'!L422 -> 0 | H411: ='RESUMEN TOTAL'!M422 -> 0 | I411: ='RESUMEN TOTAL'!N422 -> 0 | J411: ='RESUMEN TOTAL'!O422 -> 0 | K411: ='RESUMEN TOTAL'!P422 -> 0 | L411: ='RESUMEN TOTAL'!Q422 -> 0 | M411: ='RESUMEN TOTAL'!R422 -> 0 | ... AI411: ='RESUMEN TOTAL'!AN422 -> 0
A412: ='RESUMEN TOTAL'!#REF! -> #REF! | B412: ='RESUMEN TOTAL'!#REF! -> #REF! | C412: ='RESUMEN TOTAL'!#REF! -> #REF! | D412: ='RESUMEN TOTAL'!#REF! -> #REF! | E412: ='RESUMEN TOTAL'!#REF! -> #REF! | F412: ='RESUMEN TOTAL'!#REF! -> #REF! | G412: ='RESUMEN TOTAL'!#REF! -> #REF! | H412: ='RESUMEN TOTAL'!#REF! -> #REF! | ... AI412: ='RESUMEN TOTAL'!#REF! -> #REF!
A413: ='RESUMEN TOTAL'!#REF! -> #REF! | B413: ='RESUMEN TOTAL'!#REF! -> #REF! | C413: ='RESUMEN TOTAL'!#REF! -> #REF! | D413: ='RESUMEN TOTAL'!#REF! -> #REF! | E413: ='RESUMEN TOTAL'!#REF! -> #REF! | F413: ='RESUMEN TOTAL'!#REF! -> #REF! | G413: ='RESUMEN TOTAL'!#REF! -> #REF! | H413: ='RESUMEN TOTAL'!#REF! -> #REF! | ... AI413: ='RESUMEN TOTAL'!#REF! -> #REF!
A414: ='RESUMEN TOTAL'!A129 -> LA ESMERALDA | B414: ='RESUMEN TOTAL'!B129 -> ESM 15 | C414: ='RESUMEN TOTAL'!D129 -> Basualdo y Lieja | D414: ='RESUMEN TOTAL'!E129 -> fija | E414: ='RESUMEN TOTAL'!F129 -> Fibra Optica | F414: ='RESUMEN TOTAL'!K129 -> 0 | G414: ='RESUMEN TOTAL'!L129 -> 0 | H414: ='RESUMEN TOTAL'!M129 -> 0 | I414: ='RESUMEN TOTAL'!N129 -> 0 | J414: ='RESUMEN TOTAL'!O129 -> 0 | K414: ='RESUMEN TOTAL'!P129 -> 0 | L414: ='RESUMEN TOTAL'!Q129 -> 0 | M414: ='RESUMEN TOTAL'!R129 -> 0 | ... AI414: ='RESUMEN TOTAL'!AN129 -> 0
A415: ='RESUMEN TOTAL'!A130 -> LA ESMERALDA | B415: ='RESUMEN TOTAL'!B130 -> ESM 16 | C415: ='RESUMEN TOTAL'!D130 -> Basualdo y Lieja | D415: ='RESUMEN TOTAL'!E130 -> fija | E415: ='RESUMEN TOTAL'!F130 -> Fibra Optica | F415: ='RESUMEN TOTAL'!K130 -> 0 | G415: ='RESUMEN TOTAL'!L130 -> 0 | H415: ='RESUMEN TOTAL'!M130 -> 0 | I415: ='RESUMEN TOTAL'!N130 -> 0 | J415: ='RESUMEN TOTAL'!O130 -> 0 | K415: ='RESUMEN TOTAL'!P130 -> 0 | L415: ='RESUMEN TOTAL'!Q130 -> 0 | M415: ='RESUMEN TOTAL'!R130 -> 0 | ... AI415: ='RESUMEN TOTAL'!AN130 -> 0
A416: ='RESUMEN TOTAL'!A127 -> LA ESMERALDA | B416: ='RESUMEN TOTAL'!B127 -> ESM 13 | C416: ='RESUMEN TOTAL'!D127 -> Barzi y Serrano | D416: ='RESUMEN TOTAL'!E127 -> fija | E416: ='RESUMEN TOTAL'!F127 -> Fibra Optica | F416: ='RESUMEN TOTAL'!K127 -> 0 | G416: ='RESUMEN TOTAL'!L127 -> 0 | H416: ='RESUMEN TOTAL'!M127 -> APAGADO | I416: ='RESUMEN TOTAL'!N127 -> 0 | J416: ='RESUMEN TOTAL'!O127 -> 0 | K416: ='RESUMEN TOTAL'!P127 -> 0 | L416: ='RESUMEN TOTAL'!Q127 -> 0 | M416: ='RESUMEN TOTAL'!R127 -> 0 | ... AI416: ='RESUMEN TOTAL'!AN127 -> 0
A417: ='RESUMEN TOTAL'!A128 -> LA ESMERALDA | B417: ='RESUMEN TOTAL'!B128 -> ESM 14 | C417: ='RESUMEN TOTAL'!D128 -> Barzi y Serrano | D417: ='RESUMEN TOTAL'!E128 -> fija | E417: ='RESUMEN TOTAL'!F128 -> Fibra Optica | F417: ='RESUMEN TOTAL'!K128 -> 0 | G417: ='RESUMEN TOTAL'!L128 -> 0 | H417: ='RESUMEN TOTAL'!M128 -> APAGADO | I417: ='RESUMEN TOTAL'!N128 -> 0 | J417: ='RESUMEN TOTAL'!O128 -> 0 | K417: ='RESUMEN TOTAL'!P128 -> 0 | L417: ='RESUMEN TOTAL'!Q128 -> 0 | M417: ='RESUMEN TOTAL'!R128 -> 0 | ... AI417: ='RESUMEN TOTAL'!AN128 -> 0
A418: ='RESUMEN TOTAL'!A423 -> RICARDO ROJAS | B418: ='RESUMEN TOTAL'!B423 -> x | C418: ='RESUMEN TOTAL'!D423 -> FADER Y DIAGONAL LOS POETAS | D418: ='RESUMEN TOTAL'!E423 -> Fija | E418: ='RESUMEN TOTAL'!F423 -> Fibra Optica | F418: ='RESUMEN TOTAL'!K423 -> 0 | G418: ='RESUMEN TOTAL'!L423 -> 0 | H418: ='RESUMEN TOTAL'!M423 -> 0 | I418: ='RESUMEN TOTAL'!N423 -> 0 | J418: ='RESUMEN TOTAL'!O423 -> 0 | K418: ='RESUMEN TOTAL'!P423 -> 0 | L418: ='RESUMEN TOTAL'!Q423 -> 0 | M418: ='RESUMEN TOTAL'!R423 -> 0 | ... AI418: ='RESUMEN TOTAL'!AN423 -> 0
A419: ='RESUMEN TOTAL'!A252 -> RICARDO ROJAS | B419: ='RESUMEN TOTAL'!B252 -> RRJ 10 | C419: ='RESUMEN TOTAL'!D252 -> LUGONES Y OBLIGADO | D419: ='RESUMEN TOTAL'!E252 -> Fija | E419: ='RESUMEN TOTAL'!F252 -> Fibra Optica | F419: ='RESUMEN TOTAL'!K252 -> 0 | G419: ='RESUMEN TOTAL'!L252 -> 0 | H419: ='RESUMEN TOTAL'!M252 -> 0 | I419: ='RESUMEN TOTAL'!N252 -> 0 | J419: ='RESUMEN TOTAL'!O252 -> 0 | K419: ='RESUMEN TOTAL'!P252 -> 0 | L419: ='RESUMEN TOTAL'!Q252 -> 0 | M419: ='RESUMEN TOTAL'!R252 -> 0 | ... AI419: ='RESUMEN TOTAL'!AN252 -> 0
A420: ='RESUMEN TOTAL'!A253 -> RICARDO ROJAS | B420: ='RESUMEN TOTAL'!B253 -> RRJ 11 | C420: ='RESUMEN TOTAL'!D253 -> LUGONES Y OBLIGADO | D420: ='RESUMEN TOTAL'!E253 -> Fija | E420: ='RESUMEN TOTAL'!F253 -> Fibra Optica | F420: ='RESUMEN TOTAL'!K253 -> 0 | G420: ='RESUMEN TOTAL'!L253 -> 0 | H420: ='RESUMEN TOTAL'!M253 -> 0 | I420: ='RESUMEN TOTAL'!N253 -> 0 | J420: ='RESUMEN TOTAL'!O253 -> 0 | K420: ='RESUMEN TOTAL'!P253 -> 0 | L420: ='RESUMEN TOTAL'!Q253 -> 0 | M420: ='RESUMEN TOTAL'!R253 -> 0 | ... AI420: ='RESUMEN TOTAL'!AN253 -> 0
A421: ='RESUMEN TOTAL'!A424 -> RICARDO ROJAS | B421: ='RESUMEN TOTAL'!B424 -> BOSQC 03 | C421: ='RESUMEN TOTAL'!D424 -> BENAVENTE Y LUIS AGOTE | D421: ='RESUMEN TOTAL'!E424 -> Fija | E421: ='RESUMEN TOTAL'!F424 -> Radio | F421: ='RESUMEN TOTAL'!K424 -> 0 | G421: ='RESUMEN TOTAL'!L424 -> 0 | H421: ='RESUMEN TOTAL'!M424 -> 0 | I421: ='RESUMEN TOTAL'!N424 -> 0 | J421: ='RESUMEN TOTAL'!O424 -> 0 | K421: ='RESUMEN TOTAL'!P424 -> 0 | L421: ='RESUMEN TOTAL'!Q424 -> 0 | M421: ='RESUMEN TOTAL'!R424 -> 0 | ... AI421: ='RESUMEN TOTAL'!AN424 -> 0
A422: ='RESUMEN TOTAL'!A425 -> RICARDO ROJAS | B422: ='RESUMEN TOTAL'!B425 -> BOSQC 04 | C422: ='RESUMEN TOTAL'!D425 -> BENAVENTE Y LUIS AGOTE | D422: ='RESUMEN TOTAL'!E425 -> Fija | E422: ='RESUMEN TOTAL'!F425 -> Radio | F422: ='RESUMEN TOTAL'!K425 -> 0 | G422: ='RESUMEN TOTAL'!L425 -> 0 | H422: ='RESUMEN TOTAL'!M425 -> 0 | I422: ='RESUMEN TOTAL'!N425 -> 0 | J422: ='RESUMEN TOTAL'!O425 -> 0 | K422: ='RESUMEN TOTAL'!P425 -> 0 | L422: ='RESUMEN TOTAL'!Q425 -> 0 | M422: ='RESUMEN TOTAL'!R425 -> 0 | ... AI422: ='RESUMEN TOTAL'!AN425 -> 0
A423: ='RESUMEN TOTAL'!A426 -> RICARDO ROJAS | B423: ='RESUMEN TOTAL'!B426 -> BOSQC 01 | C423: ='RESUMEN TOTAL'!D426 -> LUIS AGOTE E/DANUNCIO Y CAMPOAMOR | D423: ='RESUMEN TOTAL'!E426 -> Fija | E423: ='RESUMEN TOTAL'!F426 -> Radio | F423: ='RESUMEN TOTAL'!K426 -> 0 | G423: ='RESUMEN TOTAL'!L426 -> 0 | H423: ='RESUMEN TOTAL'!M426 -> 0 | I423: ='RESUMEN TOTAL'!N426 -> 0 | J423: ='RESUMEN TOTAL'!O426 -> 0 | K423: ='RESUMEN TOTAL'!P426 -> 0 | L423: ='RESUMEN TOTAL'!Q426 -> 0 | M423: ='RESUMEN TOTAL'!R426 -> 0 | ... AI423: ='RESUMEN TOTAL'!AN426 -> 0
...

Sheet APAGADOS
E1: APAGADOS | F1: =COUNTIF(F3:F400, "APAGADO") -> 39 | G1: =COUNTIF(G3:G400, "APAGADO") -> 39 | H1: =COUNTIF(H3:H400, "APAGADO") -> 153 | I1: =COUNTIF(I3:I400, "APAGADO") -> 43 | J1: =COUNTIF(J3:J400, "APAGADO") -> 37 | K1: =COUNTIF(K3:K400, "APAGADO") -> 0 | L1: =COUNTIF(L3:L400, "APAGADO") -> 35 | M1: =COUNTIF(M3:M400, "APAGADO") -> 0 | ... AI1: =COUNTIF(AI3:AI400, "APAGADO") -> 0
A2: =ESTADISTICA!A1 -> Barrio | B2: =ESTADISTICA!B1 -> [Denominacion] | C2: =ESTADISTICA!C1 -> [Ubicacion] | D2: =ESTADISTICA!D1 -> [Tipo de Camara] | E2: =ESTADISTICA!E1 -> [Tipo de Conexion] | F2: =ESTADISTICA!F1 -> 44835 | G2: =ESTADISTICA!G1 -> 44836 | H2: =ESTADISTICA!H1 -> 44837 | ... AI2: =ESTADISTICA!AI1 -> 44864
A3: =ESTADISTICA!A2 -> ALTAMIRA | B3: =ESTADISTICA!B2 -> ALT01 | C3: =ESTADISTICA!C2 -> Calchaqui y Sgto. Cabral | D3: =ESTADISTICA!D2 -> Domo | E3: =ESTADISTICA!E2 -> Fibra Optica | F3: =ESTADISTICA!F2 -> 0 | G3: =ESTADISTICA!G2 -> 0 | H3: =ESTADISTICA!H2 -> APAGADO | ... AI3: =ESTADISTICA!AI2 -> 0
A4: =ESTADISTICA!A3 -> ALTAMIRA | B4: =ESTADISTICA!B3 -> ALT02 | C4: =ESTADISTICA!C3 -> Calchaqui y Lope de Vega | D4: =ESTADISTICA!D3 -> Domo | E4: =ESTADISTICA!E3 -> PTO A FO | F4: =ESTADISTICA!F3 -> 0 | G4: =ESTADISTICA!G3 -> 0 | H4: =ESTADISTICA!H3 -> APAGADO | ... AI4: =ESTADISTICA!AI3 -> 0
A5: =ESTADISTICA!A4 -> ALTAMIRA | B5: =ESTADISTICA!B4 -> ALT 03 | C5: =ESTADISTICA!C4 -> Bombero Galarza y Necochea | D5: =ESTADISTICA!D4 -> Domo | E5: =ESTADISTICA!E4 -> FIBRA OPTICA | F5: =ESTADISTICA!F4 -> 0 | G5: =ESTADISTICA!G4 -> 0 | H5: =ESTADISTICA!H4 -> 0 | ... AI5: =ESTADISTICA!AI4 -> 0
A6: =ESTADISTICA!A5 -> ALTAMIRA | B6: =ESTADISTICA!B5 -> ALT 04 | C6: =ESTADISTICA!C5 -> Francia y Necochea | D6: =ESTADISTICA!D5 -> Domo | E6: =ESTADISTICA!E5 -> FIBRA OPTICA | F6: =ESTADISTICA!F5 -> APAGADO | G6: =ESTADISTICA!G5 -> APAGADO | H6: =ESTADISTICA!H5 -> APAGADO | ... AI6: =ESTADISTICA!AI5 -> 0
A7: =ESTADISTICA!A6 -> ALTAMIRA | B7: =ESTADISTICA!B6 -> ALT05 | C7: =ESTADISTICA!C6 -> Av. Calchaqui y Bombero Galarza | D7: =ESTADISTICA!D6 -> Domo | E7: =ESTADISTICA!E6 -> PTO A FO | F7: =ESTADISTICA!F6 -> APAGADO | G7: =ESTADISTICA!G6 -> APAGADO | H7: =ESTADISTICA!H6 -> APAGADO | ... AI7: =ESTADISTICA!AI6 -> 0
A8: =ESTADISTICA!A7 -> ALTAMIRA | B8: =ESTADISTICA!B7 -> ALT 06 | C8: =ESTADISTICA!C7 -> LOPE DE VEGA Y NECOCHEA | D8: =ESTADISTICA!D7 -> Domo | E8: =ESTADISTICA!E7 -> PTO A FO | F8: =ESTADISTICA!F7 -> 0 | G8: =ESTADISTICA!G7 -> 0 | H8: =ESTADISTICA!H7 -> APAGADO | ... AI8: =ESTADISTICA!AI7 -> 0
A9: =ESTADISTICA!A8 -> ALTAMIRA | B9: =ESTADISTICA!B8 -> ALT07 | C9: =ESTADISTICA!C8 -> AV. CALCHAQUI Y AV. DEL TRABAJO | D9: =ESTADISTICA!D8 -> DOMO | E9: =ESTADISTICA!E8 -> PTO A FO | F9: =ESTADISTICA!F8 -> 0 | G9: =ESTADISTICA!G8 -> 0 | H9: =ESTADISTICA!H8 -> 0 | ... AI9: =ESTADISTICA!AI8 -> 0
A10: =ESTADISTICA!A9 -> ALTAMIRA | B10: =ESTADISTICA!B9 -> ALT 08 | C10: =ESTADISTICA!C9 -> HUMAITA Y NECOCHEA | D10: =ESTADISTICA!D9 -> DOMO | E10: =ESTADISTICA!E9 -> Fibra Optica | F10: =ESTADISTICA!F9 -> 0 | G10: =ESTADISTICA!G9 -> 0 | H10: =ESTADISTICA!H9 -> 0 | ... AI10: =ESTADISTICA!AI9 -> 0
A11: =ESTADISTICA!A10 -> ALTAMIRA | B11: =ESTADISTICA!B10 -> ALT 09 | C11: =ESTADISTICA!C10 -> NECOCHEA Y CURUPAITY | D11: =ESTADISTICA!D10 -> DOMO | E11: =ESTADISTICA!E10 -> Fibra Optica | F11: =ESTADISTICA!F10 -> 0 | G11: =ESTADISTICA!G10 -> 0 | H11: =ESTADISTICA!H10 -> 0 | ... AI11: =ESTADISTICA!AI10 -> 0
A12: =ESTADISTICA!A11 -> ALTAMIRA | B12: =ESTADISTICA!B11 -> ALT 10 | C12: =ESTADISTICA!C11 -> Calchaqui y Francia | D12: =ESTADISTICA!D11 -> Domo | E12: =ESTADISTICA!E11 -> Radio | F12: =ESTADISTICA!F11 -> APAGADO | G12: =ESTADISTICA!G11 -> APAGADO | H12: =ESTADISTICA!H11 -> APAGADO | ... AI12: =ESTADISTICA!AI11 -> 0
A13: =ESTADISTICA!A12 -> AGUSTIN RAMIREZ | B13: =ESTADISTICA!B12 -> ARA 01 | C13: =ESTADISTICA!C12 -> Malambo y Tranquera | D13: =ESTADISTICA!D12 -> Domo | E13: =ESTADISTICA!E12 -> FIBRA OPTICA | F13: =ESTADISTICA!F12 -> 0 | G13: =ESTADISTICA!G12 -> 0 | H13: =ESTADISTICA!H12 -> APAGADO | ... AI13: =ESTADISTICA!AI12 -> 0
... A401: =ESTADISTICA!A400 -> VILLA MONICA VIEJA | B401: =ESTADISTICA!B400 -> VMOV 03 (fija 1) | C401: =ESTADISTICA!C400 -> ROMA E/ HOLANDA Y CAFFERATA | D401: =ESTADISTICA!D400 -> Fija | E401: =ESTADISTICA!E400 -> Fibra Optica | F401: =ESTADISTICA!F400 -> 0 | G401: =ESTADISTICA!G400 -> 0 | H401: =ESTADISTICA!H400 -> 0 | ... AI401: =ESTADISTICA!AI400 -> 0

Sheet APAGADOS FIBRA
C1: TOTAL FIBRA | D1: =COUNTIFS(E4:E400,"=Fibra Optica") -> 271
E2: APAGADOS | F2: =COUNTIFS(F4:F400, "=APAGADO",E4:E400,"=Fibra Optica") -> 32 | G2: =COUNTIFS(G4:G400, "=APAGADO",E4:E400,"=Fibra Optica") -> 34 | H2: =COUNTIFS(H4:H400, "=APAGADO",E4:E400,"=Fibra Optica") -> 95 | I2: =COUNTIFS(I4:I400, "=APAGADO",E4:E400,"=Fibra Optica") -> 34 | J2: =COUNTIFS(J4:J400, "=APAGADO",E4:E400,"=Fibra Optica") -> 31 | K2: =COUNTIFS(K4:K400, "=APAGADO",E4:E400,"=Fibra Optica") -> 0 | L2: =COUNTIFS(L4:L400, "=APAGADO",E4:E400,"=Fibra Optica") -> 30 | M2: =COUNTIFS(M4:M400, "=APAGADO",E4:E400,"=Fibra Optica") -> 0 | N2: =COUNTIFS(N4:N400, "=APAGADO",E4:E400,"=Fibra Optica") -> 38 | O2: =COUNTIFS(O4:O400, "=APAGADO",E4:E400,"=Fibra Optica") -> 35 | P2: =COUNTIFS(P4:P400, "=APAGADO",E4:E400,"=Fibra Optica") -> 35 | Q2: =COUNTIFS(Q4:Q400, "=APAGADO",E4:E400,"=Fibra Optica") -> 30 | R2: =COUNTIFS(R4:R400, "=APAGADO",E4:E400,"=Fibra Optica") -> 41 | S2: =COUNTIFS(S4:S400, "=APAGADO",E4:E400,"=Fibra Optica") -> 28 | T2: =COUNTIFS(T4:T400, "=APAGADO",E4:E400,"=Fibra Optica") -> 25 | U2: =COUNTIFS(U4:U400, "=APAGADO",E4:E400,"=Fibra Optica") -> 47 | V2: =COUNTIFS(V4:V400, "=APAGADO",E4:E400,"=Fibra Optica") -> 0 | W2: =COUNTIFS(W4:W400, "=APAGADO",E4:E400,"=Fibra Optica") -> 39 | X2: =COUNTIFS(X4:X400, "=APAGADO",E4:E400,"=Fibra Optica") -> 76 | Y2: =COUNTIFS(Y4:Y400, "=APAGADO",E4:E400,"=Fibra Optica") -> 41 | Z2: =COUNTIFS(Z4:Z400, "=APAGADO",E4:E400,"=Fibra Optica") -> 36 | AA2: =COUNTIFS(AA4:AA400, "=APAGADO",E4:E400,"=Fibra Optica") -> 34 | AB2: =COUNTIFS(AB4:AB400, "=APAGADO",E4:E400,"=Fibra Optica") -> 41 | AC2: =COUNTIFS(AC4:AC400, "=APAGADO",E4:E400,"=Fibra Optica") -> 0 | AD2: =COUNTIFS(AD4:AD400, "=APAGADO",E4:E400,"=Fibra Optica") -> 0 | AE2: =COUNTIFS(AE4:AE400, "=APAGADO",E4:E400,"=Fibra Optica") -> 0 | AF2: =COUNTIFS(AF4:AF400, "=APAGADO",E4:E400,"=Fibra Optica") -> 0 | AG2: =COUNTIFS(AG4:AG400, "=APAGADO",E4:E400,"=Fibra Optica") -> 0 | AH2: =COUNTIFS(AH4:AH400, "=APAGADO",E4:E400,"=Fibra Optica") -> 0 | AI2: =COUNTIFS(AI4:AI400, "=APAGADO",E4:E400,"=Fibra Optica") -> 0
A3: =ESTADISTICA!A1 -> Barrio | B3: =ESTADISTICA!B1 -> [Denominacion] | C3: =ESTADISTICA!C1 -> [Ubicacion] | D3: =ESTADISTICA!D1 -> [Tipo de Camara] | E3: =ESTADISTICA!E1 -> [Tipo de Conexion] | F3: =ESTADISTICA!F1 -> 44835 | G3: =ESTADISTICA!G1 -> 44836 | H3: =ESTADISTICA!H1 -> 44837 | ... AI3: =ESTADISTICA!AI1 -> 44864
A4: =ESTADISTICA!A2 -> ALTAMIRA | B4: =ESTADISTICA!B2 -> ALT01 | C4: =ESTADISTICA!C2 -> Calchaqui y Sgto. Cabral | D4: =ESTADISTICA!D2 -> Domo | E4: =ESTADISTICA!E2 -> Fibra Optica | F4: =ESTADISTICA!F2 -> 0 | G4: =ESTADISTICA!G2 -> 0 | H4: =ESTADISTICA!H2 -> APAGADO | ... AI4: =ESTADISTICA!AI2 -> 0
A5: =ESTADISTICA!A3 -> ALTAMIRA | B5: =ESTADISTICA!B3 -> ALT02 | C5: =ESTADISTICA!C3 -> Calchaqui y Lope de Vega | D5: =ESTADISTICA!D3 -> Domo | E5: =ESTADISTICA!E3 -> PTO A FO | F5: =ESTADISTICA!F3 -> 0 | G5: =ESTADISTICA!G3 -> 0 | H5: =ESTADISTICA!H3 -> APAGADO | ... AI5: =ESTADISTICA!AI3 -> 0
A6: =ESTADISTICA!A4 -> ALTAMIRA | B6: =ESTADISTICA!B4 -> ALT 03 | C6: =ESTADISTICA!C4 -> Bombero Galarza y Necochea | D6: =ESTADISTICA!D4 -> Domo | E6: =ESTADISTICA!E4 -> FIBRA OPTICA | F6: =ESTADISTICA!F4 -> 0 | G6: =ESTADISTICA!G4 -> 0 | H6: =ESTADISTICA!H4 -> 0 | ... AI6: =ESTADISTICA!AI4 -> 0
A7: =ESTADISTICA!A5 -> ALTAMIRA | B7: =ESTADISTICA!B5 -> ALT 04 | C7: =ESTADISTICA!C5 -> Francia y Necochea | D7: =ESTADISTICA!D5 -> Domo | E7: =ESTADISTICA!E5 -> FIBRA OPTICA | F7: =ESTADISTICA!F5 -> APAGADO | G7: =ESTADISTICA!G5 -> APAGADO | H7: =ESTADISTICA!H5 -> APAGADO | ... AI7: =ESTADISTICA!AI5 -> 0
A8: =ESTADISTICA!A6 -> ALTAMIRA | B8: =ESTADISTICA!B6 -> ALT05 | C8: =ESTADISTICA!C6 -> Av. Calchaqui y Bombero Galarza | D8: =ESTADISTICA!D6 -> Domo | E8: =ESTADISTICA!E6 -> PTO A FO | F8: =ESTADISTICA!F6 -> APAGADO | G8: =ESTADISTICA!G6 -> APAGADO | H8: =ESTADISTICA!H6 -> APAGADO | ... AI8: =ESTADISTICA!AI6 -> 0
A9: =ESTADISTICA!A7 -> ALTAMIRA | B9: =ESTADISTICA!B7 -> ALT 06 | C9: =ESTADISTICA!C7 -> LOPE DE VEGA Y NECOCHEA | D9: =ESTADISTICA!D7 -> Domo | E9: =ESTADISTICA!E7 -> PTO A FO | F9: =ESTADISTICA!F7 -> 0 | G9: =ESTADISTICA!G7 -> 0 | H9: =ESTADISTICA!H7 -> APAGADO | ... AI9: =ESTADISTICA!AI7 -> 0
A10: =ESTADISTICA!A8 -> ALTAMIRA | B10: =ESTADISTICA!B8 -> ALT07 | C10: =ESTADISTICA!C8 -> AV. CALCHAQUI Y AV. DEL TRABAJO | D10: =ESTADISTICA!D8 -> DOMO | E10: =ESTADISTICA!E8 -> PTO A FO | F10: =ESTADISTICA!F8 -> 0 | G10: =ESTADISTICA!G8 -> 0 | H10: =ESTADISTICA!H8 -> 0 | ... AI10: =ESTADISTICA!AI8 -> 0
A11: =ESTADISTICA!A9 -> ALTAMIRA | B11: =ESTADISTICA!B9 -> ALT 08 | C11: =ESTADISTICA!C9 -> HUMAITA Y NECOCHEA | D11: =ESTADISTICA!D9 -> DOMO | E11: =ESTADISTICA!E9 -> Fibra Optica | F11: =ESTADISTICA!F9 -> 0 | G11: =ESTADISTICA!G9 -> 0 | H11: =ESTADISTICA!H9 -> 0 | ... AI11: =ESTADISTICA!AI9 -> 0
A12: =ESTADISTICA!A10 -> ALTAMIRA | B12: =ESTADISTICA!B10 -> ALT 09 | C12: =ESTADISTICA!C10 -> NECOCHEA Y CURUPAITY | D12: =ESTADISTICA!D10 -> DOMO | E12: =ESTADISTICA!E10 -> Fibra Optica | F12: =ESTADISTICA!F10 -> 0 | G12: =ESTADISTICA!G10 -> 0 | H12: =ESTADISTICA!H10 -> 0 | ... AI12: =ESTADISTICA!AI10 -> 0
A13: =ESTADISTICA!A11 -> ALTAMIRA | B13: =ESTADISTICA!B11 -> ALT 10 | C13: =ESTADISTICA!C11 -> Calchaqui y Francia | D13: =ESTADISTICA!D11 -> Domo | E13: =ESTADISTICA!E11 -> Radio | F13: =ESTADISTICA!F11 -> APAGADO | G13: =ESTADISTICA!G11 -> APAGADO | H13: =ESTADISTICA!H11 -> APAGADO | ... AI13: =ESTADISTICA!AI11 -> 0
A14: =ESTADISTICA!A12 -> AGUSTIN RAMIREZ | B14: =ESTADISTICA!B12 -> ARA 01 | C14: =ESTADISTICA!C12 -> Malambo y Tranquera | D14: =ESTADISTICA!D12 -> Domo | E14: =ESTADISTICA!E12 -> FIBRA OPTICA | F14: =ESTADISTICA!F12 -> 0 | G14: =ESTADISTICA!G12 -> 0 | H14: =ESTADISTICA!H12 -> APAGADO | ... AI14: =ESTADISTICA!AI12 -> 0
... A400: =ESTADISTICA!A398 -> VILLA MONICA VIEJA | B400: =ESTADISTICA!B398 -> VMOV01 (fija 1) | C400: =ESTADISTICA!C398 -> ATENAS E/ CAFFERATA Y ALEMANIA | D400: =ESTADISTICA!D398 -> Fija | E400: =ESTADISTICA!E398 -> Fibra Optica | F400: =ESTADISTICA!F398 -> 0 | G400: =ESTADISTICA!G398 -> 0 | H400: =ESTADISTICA!H398 -> 0 | ... AI400: =ESTADISTICA!AI398 -> 0

Sheet APAGADOS ANTENA
C1: TOTAL PTO A FO
E2: APAGADOS | F2: =COUNTIFS(F4:F400, "=APAGADO",E4:E400,"=PTO A FO") -> 3 | G2: =COUNTIFS(G4:G400, "=APAGADO",E4:E400,"=PTO A FO") -> 4 | H2: =COUNTIFS(H4:H400, "=APAGADO",E4:E400,"=PTO A FO") -> 17 | I2: =COUNTIFS(I4:I400, "=APAGADO",E4:E400,"=PTO A FO") -> 5 | J2: =COUNTIFS(J4:J400, "=APAGADO",E4:E400,"=PTO A FO") -> 4 | K2: =COUNTIFS(K4:K400, "=APAGADO",E4:E400,"=PTO A FO") -> 0 | L2: =COUNTIFS(L4:L400, "=APAGADO",E4:E400,"=PTO A FO") -> 4 | M2: =COUNTIFS(M4:M400, "=APAGADO",E4:E400,"=PTO A FO") -> 0 | N2: =COUNTIFS(N4:N400, "=APAGADO",E4:E400,"=PTO A FO") -> 5 | O2: =COUNTIFS(O4:O500, "=APAGADO",E4:E500,"=PTO A FO") -> 5 | P2: =COUNTIFS(P4:P400, "=APAGADO",E4:E400,"=PTO A FO") -> 4 | Q2: =COUNTIFS(Q4:Q400, "=APAGADO",E4:E400,"=PTO A FO") -> 4 | R2: =COUNTIFS(R4:R400, "=APAGADO",E4:E400,"=PTO A FO") -> 4 | S2: =COUNTIFS(S4:S400, "=APAGADO",E4:E400,"=PTO A FO") -> 4 | T2: =COUNTIFS(T4:T400, "=APAGADO",E4:E400,"=PTO A FO") -> 5 | U2: =COUNTIFS(U4:U400, "=APAGADO",E4:E400,"=PTO A FO") -> 7 | V2: =COUNTIFS(V4:V400, "=APAGADO",E4:E400,"=PTO A FO") -> 0 | W2: =COUNTIFS(W4:W400, "=APAGADO",E4:E400,"=PTO A FO") -> 3 | X2: =COUNTIFS(X4:X400, "=APAGADO",E4:E400,"=PTO A FO") -> 12 | Y2: =COUNTIFS(Y4:Y400, "=APAGADO",E4:E400,"=PTO A FO") -> 4 | Z2: =COUNTIFS(Z4:Z400, "=APAGADO",E4:E400,"=PTO A FO") -> 4 | AA2: =COUNTIFS(AA4:AA400, "=APAGADO",E4:E400,"=PTO A FO") -> 6 | AB2: =COUNTIFS(AB4:AB400, "=APAGADO",E4:E400,"=PTO A FO") -> 6 | AC2: =COUNTIFS(AC4:AC400, "=APAGADO",E4:E400,"=PTO A FO") -> 0 | AD2: =COUNTIFS(AD4:AD400, "=APAGADO",E4:E400,"=PTO A FO") -> 0 | AE2: =COUNTIFS(AE4:AE400, "=APAGADO",E4:E400,"=PTO A FO") -> 0 | AF2: =COUNTIFS(AF4:AF400, "=APAGADO",E4:E400,"=PTO A FO") -> 0 | AG2: =COUNTIFS(AG4:AG400, "=APAGADO",E4:E400,"=PTO A FO") -> 0 | AH2: =COUNTIFS(AH4:AH400, "=APAGADO",E4:E400,"=PTO A FO") -> 0 | AI2: =COUNTIFS(AI4:AI400, "=APAGADO",E4:E400,"=PTO A FO") -> 0
A3: =ESTADISTICA!A1 -> Barrio | B3: =ESTADISTICA!B1 -> [Denominacion] | C3: =ESTADISTICA!C1 -> [Ubicacion] | D3: =ESTADISTICA!D1 -> [Tipo de Camara] | E3: =ESTADISTICA!E1 -> [Tipo de Conexion] | F3: =ESTADISTICA!F1 -> 44835 | G3: =ESTADISTICA!G1 -> 44836 | H3: =ESTADISTICA!H1 -> 44837 | ... AI3: =ESTADISTICA!AI1 -> 44864
A4: =ESTADISTICA!A2 -> ALTAMIRA | B4: =ESTADISTICA!B2 -> ALT01 | C4: =ESTADISTICA!C2 -> Calchaqui y Sgto. Cabral | D4: =ESTADISTICA!D2 -> Domo | E4: =ESTADISTICA!E2 -> Fibra Optica | F4: =ESTADISTICA!F2 -> 0 | G4: =ESTADISTICA!G2 -> 0 | H4: =ESTADISTICA!H2 -> APAGADO | ... AI4: =ESTADISTICA!AI2 -> 0
A5: =ESTADISTICA!A3 -> ALTAMIRA | B5: =ESTADISTICA!B3 -> ALT02 | C5: =ESTADISTICA!C3 -> Calchaqui y Lope de Vega | D5: =ESTADISTICA!D3 -> Domo | E5: =ESTADISTICA!E3 -> PTO A FO | F5: =ESTADISTICA!F3 -> 0 | G5: =ESTADISTICA!G3 -> 0 | H5: =ESTADISTICA!H3 -> APAGADO | ... AI5: =ESTADISTICA!AI3 -> 0
A6: =ESTADISTICA!A4 -> ALTAMIRA | B6: =ESTADISTICA!B4 -> ALT 03 | C6: =ESTADISTICA!C4 -> Bombero Galarza y Necochea | D6: =ESTADISTICA!D4 -> Domo | E6: =ESTADISTICA!E4 -> FIBRA OPTICA | F6: =ESTADISTICA!F4 -> 0 | G6: =ESTADISTICA!G4 -> 0 | H6: =ESTADISTICA!H4 -> 0 | ... AI6: =ESTADISTICA!AI4 -> 0
A7: =ESTADISTICA!A5 -> ALTAMIRA | B7: =ESTADISTICA!B5 -> ALT 04 | C7: =ESTADISTICA!C5 -> Francia y Necochea | D7: =ESTADISTICA!D5 -> Domo | E7: =ESTADISTICA!E5 -> FIBRA OPTICA | F7: =ESTADISTICA!F5 -> APAGADO | G7: =ESTADISTICA!G5 -> APAGADO | H7: =ESTADISTICA!H5 -> APAGADO | ... AI7: =ESTADISTICA!AI5 -> 0
A8: =ESTADISTICA!A6 -> ALTAMIRA | B8: =ESTADISTICA!B6 -> ALT05 | C8: =ESTADISTICA!C6 -> Av. Calchaqui y Bombero Galarza | D8: =ESTADISTICA!D6 -> Domo | E8: =ESTADISTICA!E6 -> PTO A FO | F8: =ESTADISTICA!F6 -> APAGADO | G8: =ESTADISTICA!G6 -> APAGADO | H8: =ESTADISTICA!H6 -> APAGADO | ... AI8: =ESTADISTICA!AI6 -> 0
A9: =ESTADISTICA!A7 -> ALTAMIRA | B9: =ESTADISTICA!B7 -> ALT 06 | C9: =ESTADISTICA!C7 -> LOPE DE VEGA Y NECOCHEA | D9: =ESTADISTICA!D7 -> Domo | E9: =ESTADISTICA!E7 -> PTO A FO | F9: =ESTADISTICA!F7 -> 0 | G9: =ESTADISTICA!G7 -> 0 | H9: =ESTADISTICA!H7 -> APAGADO | ... AI9: =ESTADISTICA!AI7 -> 0
A10: =ESTADISTICA!A8 -> ALTAMIRA | B10: =ESTADISTICA!B8 -> ALT07 | C10: =ESTADISTICA!C8 -> AV. CALCHAQUI Y AV. DEL TRABAJO | D10: =ESTADISTICA!D8 -> DOMO | E10: =ESTADISTICA!E8 -> PTO A FO | F10: =ESTADISTICA!F8 -> 0 | G10: =ESTADISTICA!G8 -> 0 | H10: =ESTADISTICA!H8 -> 0 | ... AI10: =ESTADISTICA!AI8 -> 0
A11: =ESTADISTICA!A9 -> ALTAMIRA | B11: =ESTADISTICA!B9 -> ALT 08 | C11: =ESTADISTICA!C9 -> HUMAITA Y NECOCHEA | D11: =ESTADISTICA!D9 -> DOMO | E11: =ESTADISTICA!E9 -> Fibra Optica | F11: =ESTADISTICA!F9 -> 0 | G11: =ESTADISTICA!G9 -> 0 | H11: =ESTADISTICA!H9 -> 0 | ... AI11: =ESTADISTICA!AI9 -> 0
A12: =ESTADISTICA!A10 -> ALTAMIRA | B12: =ESTADISTICA!B10 -> ALT 09 | C12: =ESTADISTICA!C10 -> NECOCHEA Y CURUPAITY | D12: =ESTADISTICA!D10 -> DOMO | E12: =ESTADISTICA!E10 -> Fibra Optica | F12: =ESTADISTICA!F10 -> 0 | G12: =ESTADISTICA!G10 -> 0 | H12: =ESTADISTICA!H10 -> 0 | ... AI12: =ESTADISTICA!AI10 -> 0
A13: =ESTADISTICA!A11 -> ALTAMIRA | B13: =ESTADISTICA!B11 -> ALT 10 | C13: =ESTADISTICA!C11 -> Calchaqui y Francia | D13: =ESTADISTICA!D11 -> Domo | E13: =ESTADISTICA!E11 -> Radio | F13: =ESTADISTICA!F11 -> APAGADO | G13: =ESTADISTICA!G11 -> APAGADO | H13: =ESTADISTICA!H11 -> APAGADO | ... AI13: =ESTADISTICA!AI11 -> 0
A14: =ESTADISTICA!A12 -> AGUSTIN RAMIREZ | B14: =ESTADISTICA!B12 -> ARA 01 | C14: =ESTADISTICA!C12 -> Malambo y Tranquera | D14: =ESTADISTICA!D12 -> Domo | E14: =ESTADISTICA!E12 -> FIBRA OPTICA | F14: =ESTADISTICA!F12 -> 0 | G14: =ESTADISTICA!G12 -> 0 | H14: =ESTADISTICA!H12 -> APAGADO | ... AI14: =ESTADISTICA!AI12 -> 0
... A278: =ESTADISTICA!A276 -> LA SIRENA | B278: =ESTADISTICA!B276 -> SIR 14 | C278: =ESTADISTICA!C276 -> MANUEL IGLESIAS Y PEDRAZA | D278: =ESTADISTICA!D276 -> Domo | E278: =ESTADISTICA!E276 -> Fibra Optica | F278: =ESTADISTICA!F276 -> 0 | G278: =ESTADISTICA!G276 -> 0 | H278: =ESTADISTICA!H276 -> 0 | ... AI278: =ESTADISTICA!AI276 -> 0
B279: =ESTADISTICA!B277 -> SIR 15 | C279: =ESTADISTICA!C277 -> Monteverde y Azara | D279: =ESTADISTICA!D277 -> Domo | E279: =ESTADISTICA!E277 -> Fibra Optica | F279: =ESTADISTICA!F277 -> 0 | G279: =ESTADISTICA!G277 -> 0 | H279: =ESTADISTICA!H277 -> APAGADO | I279: =ESTADISTICA!I277 -> 0 | ... AI279: =ESTADISTICA!AI277 -> 0
A280: =ESTADISTICA!A278 -> SAN JORGE | B280: =ESTADISTICA!B278 -> SJO 03 | C280: =ESTADISTICA!C278 -> 517 Y 580 | D280: =ESTADISTICA!D278 -> DOMO | E280: =ESTADISTICA!E278 -> Radio | F280: =ESTADISTICA!F278 -> 0 | G280: =ESTADISTICA!G278 -> 0 | H280: =ESTADISTICA!H278 -> APAGADO | ... AI280: =ESTADISTICA!AI278 -> 0
A281: =ESTADISTICA!A279 -> SAN JORGE | B281: =ESTADISTICA!B279 -> SJO 04 | C281: =ESTADISTICA!C279 -> 552 Y 519 | D281: =ESTADISTICA!D279 -> DOMO | E281: =ESTADISTICA!E279 -> Radio | F281: =ESTADISTICA!F279 -> 0 | G281: =ESTADISTICA!G279 -> 0 | H281: =ESTADISTICA!H279 -> APAGADO | ... AI281: =ESTADISTICA!AI279 -> 0
A282: =ESTADISTICA!A280 -> SAN JORGE | B282: =ESTADISTICA!B280 -> SJO 09 (FIJA 1) | C282: =ESTADISTICA!C280 -> 515 Y 566 | D282: =ESTADISTICA!D280 -> Fija | E282: =ESTADISTICA!E280 -> Radio | F282: =ESTADISTICA!F280 -> 0 | G282: =ESTADISTICA!G280 -> 0 | H282: =ESTADISTICA!H280 -> APAGADO | ... AI282: =ESTADISTICA!AI280 -> 0
A283: =ESTADISTICA!A281 -> SAN JORGE | B283: =ESTADISTICA!B281 -> SJO 10 (FIJA 2) | C283: =ESTADISTICA!C281 -> 515 Y 566 | D283: =ESTADISTICA!D281 -> Fija | E283: =ESTADISTICA!E281 -> Radio | F283: =ESTADISTICA!F281 -> 0 | G283: =ESTADISTICA!G281 -> 0 | H283: =ESTADISTICA!H281 -> APAGADO | ... AI283: =ESTADISTICA!AI281 -> 0
A284: =ESTADISTICA!A282 -> SAN JORGE | B284: =ESTADISTICA!B282 -> SJO01 | C284: =ESTADISTICA!C282 -> Calle 554 y 527 | D284: =ESTADISTICA!D282 -> Domo | E284: =ESTADISTICA!E282 -> Radio | F284: =ESTADISTICA!F282 -> APAGADO | G284: =ESTADISTICA!G282 -> 0 | H284: =ESTADISTICA!H282 -> APAGADO | ... AI284: =ESTADISTICA!AI282 -> 0
A285: =ESTADISTICA!A283 -> SAN JORGE | B285: =ESTADISTICA!B283 -> SJO02 | C285: =ESTADISTICA!C283 -> Calle 554 y 511 | D285: =ESTADISTICA!D283 -> Domo | E285: =ESTADISTICA!E283 -> Radio | F285: =ESTADISTICA!F283 -> 0 | G285: =ESTADISTICA!G283 -> 0 | H285: =ESTADISTICA!H283 -> APAGADO | ... AI285: =ESTADISTICA!AI283 -> 0
A286: =ESTADISTICA!A284 -> SAN JORGE | B286: =ESTADISTICA!B284 -> SJO05 (fija 1) | C286: =ESTADISTICA!C284 -> 511 Y 560 | D286: =ESTADISTICA!D284 -> Fija | E286: =ESTADISTICA!E284 -> Fibra Optica | F286: =ESTADISTICA!F284 -> 0 | G286: =ESTADISTICA!G284 -> 0 | H286: =ESTADISTICA!H284 -> 0 | ... AI286: =ESTADISTICA!AI284 -> 0
A287: =ESTADISTICA!A285 -> SAN JORGE | B287: =ESTADISTICA!B285 -> SJO06 (fija 2) | C287: =ESTADISTICA!C285 -> 511 Y 560 | D287: =ESTADISTICA!D285 -> Fija | E287: =ESTADISTICA!E285 -> Fibra Optica | F287: =ESTADISTICA!F285 -> 0 | G287: =ESTADISTICA!G285 -> 0 | H287: =ESTADISTICA!H285 -> 0 | ... AI287: =ESTADISTICA!AI285 -> 0
A288: =ESTADISTICA!A286 -> SAN JORGE | B288: =ESTADISTICA!B286 -> SJO07 (fija 1) | C288: =ESTADISTICA!C286 -> 503 Y 556 | D288: =ESTADISTICA!D286 -> Fija | E288: =ESTADISTICA!E286 -> Fibra Optica | F288: =ESTADISTICA!F286 -> 0 | G288: =ESTADISTICA!G286 -> 0 | H288: =ESTADISTICA!H286 -> 0 | ... AI288: =ESTADISTICA!AI286 -> 0
A289: =ESTADISTICA!A287 -> SAN JORGE | B289: =ESTADISTICA!B287 -> SJO08 (fija 2) | C289: =ESTADISTICA!C287 -> 503 Y 556 | D289: =ESTADISTICA!D287 -> Fija | E289: =ESTADISTICA!E287 -> Fibra Optica | F289: =ESTADISTICA!F287 -> 0 | G289: =ESTADISTICA!G287 -> 0 | H289: =ESTADISTICA!H287 -> 0 | ... AI289: =ESTADISTICA!AI287 -> 0
A290: =ESTADISTICA!A288 -> SANTO TOMAS | B290: =ESTADISTICA!B288 -> SJU01 | C290: =ESTADISTICA!C288 -> Ruta 36 y Pte.Peron | D290: =ESTADISTICA!D288 -> Domo | E290: =ESTADISTICA!E288 -> Radio | F290: =ESTADISTICA!F288 -> 0 | G290: =ESTADISTICA!G288 -> 0 | H290: =ESTADISTICA!H288 -> APAGADO | ... AI290: =ESTADISTICA!AI288 -> 0
A291: =ESTADISTICA!A289 -> VILLA GENERAL SAN MARTIN | B291: =ESTADISTICA!B289 -> SMA01 | C291: =ESTADISTICA!C289 -> Hudson y Montevideo | D291: =ESTADISTICA!D289 -> DOMO | E291: =ESTADISTICA!E289 -> Radio | F291: =ESTADISTICA!F289 -> 0 | G291: =ESTADISTICA!G289 -> 0 | H291: =ESTADISTICA!H289 -> APAGADO | ... AI291: =ESTADISTICA!AI289 -> 0
... A454: =ESTADISTICA!A452 -> 0 | B454: =ESTADISTICA!B452 -> 0 | C454: =ESTADISTICA!C452 -> 0 | D454: =ESTADISTICA!D452 -> 0 | E454: =ESTADISTICA!E452 -> 0 | F454: =ESTADISTICA!F452 -> 0 | G454: =ESTADISTICA!G452 -> 0 | H454: =ESTADISTICA!H452 -> 0 | ... AI454: =ESTADISTICA!AI452 -> 0

Sheet APAGADOS RADIO
C1: TOTAL RADIO | D1: =COUNTIFS(E4:E400,"=radio") -> 89
E2: APAGADOS | F2: =COUNTIFS(F4:F500, "=APAGADO",E4:E500,"=radio") -> 4 | G2: =COUNTIFS(G4:G500, "=APAGADO",E4:E500,"=radio") -> 1 | H2: =COUNTIFS(H4:H500, "=APAGADO",E4:E500,"=radio") -> 41 | I2: =COUNTIFS(I4:I500, "=APAGADO",E4:E500,"=radio") -> 4 | J2: =COUNTIFS(J4:J500, "=APAGADO",E4:E500,"=radio") -> 2 | K2: =COUNTIFS(K4:K500, "=APAGADO",E4:E500,"=radio") -> 0 | L2: =COUNTIFS(L4:L500, "=APAGADO",E4:E500,"=radio") -> 1 | M2: =COUNTIFS(M4:M500, "=APAGADO",E4:E500,"=radio") -> 0 | N2: =COUNTIFS(N4:N500, "=APAGADO",E4:E500,"=radio") -> 4 | O2: =COUNTIFS(O4:O500, "=APAGADO",E4:E500,"=radio") -> 3 | P2: =COUNTIFS(P4:P500, "=APAGADO",E4:E500,"=radio") -> 4 | Q2: =COUNTIFS(Q4:Q367, "=APAGADO",E4:E367,"=radio") -> 3 | R2: =COUNTIFS(R4:R367, "=APAGADO",E4:E367,"=radio") -> 8 | S2: =COUNTIFS(S4:S367, "=APAGADO",E4:E367,"=radio") -> 1 | T2: =COUNTIFS(T4:T367, "=APAGADO",E4:E367,"=radio") -> 2 | U2: =COUNTIFS(U4:U367, "=APAGADO",E4:E367,"=radio") -> 3 | V2: =COUNTIFS(V4:V367, "=APAGADO",E4:E367,"=radio") -> 0 | W2: =COUNTIFS(W4:W367, "=APAGADO",E4:E367,"=radio") -> 3 | X2: =COUNTIFS(X4:X367, "=APAGADO",E4:E367,"=radio") -> 5 | Y2: =COUNTIFS(Y4:Y367, "=APAGADO",E4:E367,"=radio") -> 7 | Z2: =COUNTIFS(Z4:Z367, "=APAGADO",E4:E367,"=radio") -> 2 | AA2: =COUNTIFS(AA4:AA367, "=APAGADO",E4:E367,"=radio") -> 4 | AB2: =COUNTIFS(AB4:AB367, "=APAGADO",E4:E367,"=radio") -> 8 | AC2: =COUNTIFS(AC4:AC367, "=APAGADO",E4:E367,"=radio") -> 0 | AD2: =COUNTIFS(AD4:AD367, "=APAGADO",E4:E367,"=radio") -> 0 | AE2: =COUNTIFS(AE4:AE367, "=APAGADO",E4:E367,"=radio") -> 0 | AF2: =COUNTIFS(AF4:AF367, "=APAGADO",E4:E367,"=radio") -> 0 | AG2: =COUNTIFS(AG4:AG367, "=APAGADO",E4:E367,"=radio") -> 0 | AH2: =COUNTIFS(AH4:AH400, "=APAGADO",E4:E400,"=radio") -> 0 | AI2: =COUNTIFS(AI4:AI367, "=APAGADO",E4:E367,"=radio") -> 0
A3: =ESTADISTICA!A1 -> Barrio | B3: =ESTADISTICA!B1 -> [Denominacion] | C3: =ESTADISTICA!C1 -> [Ubicacion] | D3: =ESTADISTICA!D1 -> [Tipo de Camara] | E3: =ESTADISTICA!E1 -> [Tipo de Conexion] | F3: =ESTADISTICA!F1 -> 44835 | G3: =ESTADISTICA!G1 -> 44836 | H3: =ESTADISTICA!H1 -> 44837 | ... AI3: =ESTADISTICA!AI1 -> 44864
A4: =ESTADISTICA!A2 -> ALTAMIRA | B4: =ESTADISTICA!B2 -> ALT01 | C4: =ESTADISTICA!C2 -> Calchaqui y Sgto. Cabral | D4: =ESTADISTICA!D2 -> Domo | E4: =ESTADISTICA!E2 -> Fibra Optica | F4: =ESTADISTICA!F2 -> 0 | G4: =ESTADISTICA!G2 -> 0 | H4: =ESTADISTICA!H2 -> APAGADO | ... AI4: =ESTADISTICA!AI2 -> 0
A5: =ESTADISTICA!A3 -> ALTAMIRA | B5: =ESTADISTICA!B3 -> ALT02 | C5: =ESTADISTICA!C3 -> Calchaqui y Lope de Vega | D5: =ESTADISTICA!D3 -> Domo | E5: =ESTADISTICA!E3 -> PTO A FO | F5: =ESTADISTICA!F3 -> 0 | G5: =ESTADISTICA!G3 -> 0 | H5: =ESTADISTICA!H3 -> APAGADO | ... AI5: =ESTADISTICA!AI3 -> 0
A6: =ESTADISTICA!A4 -> ALTAMIRA | B6: =ESTADISTICA!B4 -> ALT 03 | C6: =ESTADISTICA!C4 -> Bombero Galarza y Necochea | D6: =ESTADISTICA!D4 -> Domo | E6: =ESTADISTICA!E4 -> FIBRA OPTICA | F6: =ESTADISTICA!F4 -> 0 | G6: =ESTADISTICA!G4 -> 0 | H6: =ESTADISTICA!H4 -> 0 | ... AI6: =ESTADISTICA!AI4 -> 0
A7: =ESTADISTICA!A5 -> ALTAMIRA | B7: =ESTADISTICA!B5 -> ALT 04 | C7: =ESTADISTICA!C5 -> Francia y Necochea | D7: =ESTADISTICA!D5 -> Domo | E7: =ESTADISTICA!E5 -> FIBRA OPTICA | F7: =ESTADISTICA!F5 -> APAGADO | G7: =ESTADISTICA!G5 -> APAGADO | H7: =ESTADISTICA!H5 -> APAGADO | ... AI7: =ESTADISTICA!AI5 -> 0
A8: =ESTADISTICA!A6 -> ALTAMIRA | B8: =ESTADISTICA!B6 -> ALT05 | C8: =ESTADISTICA!C6 -> Av. Calchaqui y Bombero Galarza | D8: =ESTADISTICA!D6 -> Domo | E8: =ESTADISTICA!E6 -> PTO A FO | F8: =ESTADISTICA!F6 -> APAGADO | G8: =ESTADISTICA!G6 -> APAGADO | H8: =ESTADISTICA!H6 -> APAGADO | ... AI8: =ESTADISTICA!AI6 -> 0
A9: =ESTADISTICA!A7 -> ALTAMIRA | B9: =ESTADISTICA!B7 -> ALT 06 | C9: =ESTADISTICA!C7 -> LOPE DE VEGA Y NECOCHEA | D9: =ESTADISTICA!D7 -> Domo | E9: =ESTADISTICA!E7 -> PTO A FO | F9: =ESTADISTICA!F7 -> 0 | G9: =ESTADISTICA!G7 -> 0 | H9: =ESTADISTICA!H7 -> APAGADO | ... AI9: =ESTADISTICA!AI7 -> 0
A10: =ESTADISTICA!A8 -> ALTAMIRA | B10: =ESTADISTICA!B8 -> ALT07 | C10: =ESTADISTICA!C8 -> AV. CALCHAQUI Y AV. DEL TRABAJO | D10: =ESTADISTICA!D8 -> DOMO | E10: =ESTADISTICA!E8 -> PTO A FO | F10: =ESTADISTICA!F8 -> 0 | G10: =ESTADISTICA!G8 -> 0 | H10: =ESTADISTICA!H8 -> 0 | ... AI10: =ESTADISTICA!AI8 -> 0
A11: =ESTADISTICA!A9 -> ALTAMIRA | B11: =ESTADISTICA!B9 -> ALT 08 | C11: =ESTADISTICA!C9 -> HUMAITA Y NECOCHEA | D11: =ESTADISTICA!D9 -> DOMO | E11: =ESTADISTICA!E9 -> Fibra Optica | F11: =ESTADISTICA!F9 -> 0 | G11: =ESTADISTICA!G9 -> 0 | H11: =ESTADISTICA!H9 -> 0 | ... AI11: =ESTADISTICA!AI9 -> 0
A12: =ESTADISTICA!A10 -> ALTAMIRA | B12: =ESTADISTICA!B10 -> ALT 09 | C12: =ESTADISTICA!C10 -> NECOCHEA Y CURUPAITY | D12: =ESTADISTICA!D10 -> DOMO | E12: =ESTADISTICA!E10 -> Fibra Optica | F12: =ESTADISTICA!F10 -> 0 | G12: =ESTADISTICA!G10 -> 0 | H12: =ESTADISTICA!H10 -> 0 | ... AI12: =ESTADISTICA!AI10 -> 0
A13: =ESTADISTICA!A11 -> ALTAMIRA | B13: =ESTADISTICA!B11 -> ALT 10 | C13: =ESTADISTICA!C11 -> Calchaqui y Francia | D13: =ESTADISTICA!D11 -> Domo | E13: =ESTADISTICA!E11 -> Radio | F13: =ESTADISTICA!F11 -> APAGADO | G13: =ESTADISTICA!G11 -> APAGADO | H13: =ESTADISTICA!H11 -> APAGADO | ... AI13: =ESTADISTICA!AI11 -> 0
A14: =ESTADISTICA!A12 -> AGUSTIN RAMIREZ | B14: =ESTADISTICA!B12 -> ARA 01 | C14: =ESTADISTICA!C12 -> Malambo y Tranquera | D14: =ESTADISTICA!D12 -> Domo | E14: =ESTADISTICA!E12 -> FIBRA OPTICA | F14: =ESTADISTICA!F12 -> 0 | G14: =ESTADISTICA!G12 -> 0 | H14: =ESTADISTICA!H12 -> APAGADO | ... AI14: =ESTADISTICA!AI12 -> 0
... A278: =ESTADISTICA!A276 -> LA SIRENA | B278: =ESTADISTICA!B276 -> SIR 14 | C278: =ESTADISTICA!C276 -> MANUEL IGLESIAS Y PEDRAZA | D278: =ESTADISTICA!D276 -> Domo | E278: =ESTADISTICA!E276 -> Fibra Optica | F278: =ESTADISTICA!F276 -> 0 | G278: =ESTADISTICA!G276 -> 0 | H278: =ESTADISTICA!H276 -> 0 | ... AI278: =ESTADISTICA!AI276 -> 0
B279: =ESTADISTICA!B277 -> SIR 15 | C279: =ESTADISTICA!C277 -> Monteverde y Azara | D279: =ESTADISTICA!D277 -> Domo | E279: =ESTADISTICA!E277 -> Fibra Optica | F279: =ESTADISTICA!F277 -> 0 | G279: =ESTADISTICA!G277 -> 0 | H279: =ESTADISTICA!H277 -> APAGADO | I279: =ESTADISTICA!I277 -> 0 | ... AI279: =ESTADISTICA!AI277 -> 0
A280: =ESTADISTICA!A278 -> SAN JORGE | B280: =ESTADISTICA!B278 -> SJO 03 | C280: =ESTADISTICA!C278 -> 517 Y 580 | D280: =ESTADISTICA!D278 -> DOMO | E280: =ESTADISTICA!E278 -> Radio | F280: =ESTADISTICA!F278 -> 0 | G280: =ESTADISTICA!G278 -> 0 | H280: =ESTADISTICA!H278 -> APAGADO | ... AI280: =ESTADISTICA!AI278 -> 0
A281: =ESTADISTICA!A279 -> SAN JORGE | B281: =ESTADISTICA!B279 -> SJO 04 | C281: =ESTADISTICA!C279 -> 552 Y 519 | D281: =ESTADISTICA!D279 -> DOMO | E281: =ESTADISTICA!E279 -> Radio | F281: =ESTADISTICA!F279 -> 0 | G281: =ESTADISTICA!G279 -> 0 | H281: =ESTADISTICA!H279 -> APAGADO | ... AI281: =ESTADISTICA!AI279 -> 0
A282: =ESTADISTICA!A280 -> SAN JORGE | B282: =ESTADISTICA!B280 -> SJO 09 (FIJA 1) | C282: =ESTADISTICA!C280 -> 515 Y 566 | D282: =ESTADISTICA!D280 -> Fija | E282: =ESTADISTICA!E280 -> Radio | F282: =ESTADISTICA!F280 -> 0 | G282: =ESTADISTICA!G280 -> 0 | H282: =ESTADISTICA!H280 -> APAGADO | ... AI282: =ESTADISTICA!AI280 -> 0
A283: =ESTADISTICA!A281 -> SAN JORGE | B283: =ESTADISTICA!B281 -> SJO 10 (FIJA 2) | C283: =ESTADISTICA!C281 -> 515 Y 566 | D283: =ESTADISTICA!D281 -> Fija | E283: =ESTADISTICA!E281 -> Radio | F283: =ESTADISTICA!F281 -> 0 | G283: =ESTADISTICA!G281 -> 0 | H283: =ESTADISTICA!H281 -> APAGADO | ... AI283: =ESTADISTICA!AI281 -> 0
A284: =ESTADISTICA!A282 -> SAN JORGE | B284: =ESTADISTICA!B282 -> SJO01 | C284: =ESTADISTICA!C282 -> Calle 554 y 527 | D284: =ESTADISTICA!D282 -> Domo | E284: =ESTADISTICA!E282 -> Radio | F284: =ESTADISTICA!F282 -> APAGADO | G284: =ESTADISTICA!G282 -> 0 | H284: =ESTADISTICA!H282 -> APAGADO | ... AI284: =ESTADISTICA!AI282 -> 0
A285: =ESTADISTICA!A283 -> SAN JORGE | B285: =ESTADISTICA!B283 -> SJO02 | C285: =ESTADISTICA!C283 -> Calle 554 y 511 | D285: =ESTADISTICA!D283 -> Domo | E285: =ESTADISTICA!E283 -> Radio | F285: =ESTADISTICA!F283 -> 0 | G285: =ESTADISTICA!G283 -> 0 | H285: =ESTADISTICA!H283 -> APAGADO | ... AI285: =ESTADISTICA!AI283 -> 0
A286: =ESTADISTICA!A284 -> SAN JORGE | B286: =ESTADISTICA!B284 -> SJO05 (fija 1) | C286: =ESTADISTICA!C284 -> 511 Y 560 | D286: =ESTADISTICA!D284 -> Fija | E286: =ESTADISTICA!E284 -> Fibra Optica | F286: =ESTADISTICA!F284 -> 0 | G286: =ESTADISTICA!G284 -> 0 | H286: =ESTADISTICA!H284 -> 0 | ... AI286: =ESTADISTICA!AI284 -> 0
A287: =ESTADISTICA!A285 -> SAN JORGE | B287: =ESTADISTICA!B285 -> SJO06 (fija 2) | C287: =ESTADISTICA!C285 -> 511 Y 560 | D287: =ESTADISTICA!D285 -> Fija | E287: =ESTADISTICA!E285 -> Fibra Optica | F287: =ESTADISTICA!F285 -> 0 | G287: =ESTADISTICA!G285 -> 0 | H287: =ESTADISTICA!H285 -> 0 | ... AI287: =ESTADISTICA!AI285 -> 0
A288: =ESTADISTICA!A286 -> SAN JORGE | B288: =ESTADISTICA!B286 -> SJO07 (fija 1) | C288: =ESTADISTICA!C286 -> 503 Y 556 | D288: =ESTADISTICA!D286 -> Fija | E288: =ESTADISTICA!E286 -> Fibra Optica | F288: =ESTADISTICA!F286 -> 0 | G288: =ESTADISTICA!G286 -> 0 | H288: =ESTADISTICA!H286 -> 0 | ... AI288: =ESTADISTICA!AI286 -> 0
A289: =ESTADISTICA!A287 -> SAN JORGE | B289: =ESTADISTICA!B287 -> SJO08 (fija 2) | C289: =ESTADISTICA!C287 -> 503 Y 556 | D289: =ESTADISTICA!D287 -> Fija | E289: =ESTADISTICA!E287 -> Fibra Optica | F289: =ESTADISTICA!F287 -> 0 | G289: =ESTADISTICA!G287 -> 0 | H289: =ESTADISTICA!H287 -> 0 | ... AI289: =ESTADISTICA!AI287 -> 0
A290: =ESTADISTICA!A288 -> SANTO TOMAS | B290: =ESTADISTICA!B288 -> SJU01 | C290: =ESTADISTICA!C288 -> Ruta 36 y Pte.Peron | D290: =ESTADISTICA!D288 -> Domo | E290: =ESTADISTICA!E288 -> Radio | F290: =ESTADISTICA!F288 -> 0 | G290: =ESTADISTICA!G288 -> 0 | H290: =ESTADISTICA!H288 -> APAGADO | ... AI290: =ESTADISTICA!AI288 -> 0
A291: =ESTADISTICA!A289 -> VILLA GENERAL SAN MARTIN | B291: =ESTADISTICA!B289 -> SMA01 | C291: =ESTADISTICA!C289 -> Hudson y Montevideo | D291: =ESTADISTICA!D289 -> DOMO | E291: =ESTADISTICA!E289 -> Radio | F291: =ESTADISTICA!F289 -> 0 | G291: =ESTADISTICA!G289 -> 0 | H291: =ESTADISTICA!H289 -> APAGADO | ... AI291: =ESTADISTICA!AI289 -> 0
... A400: =ESTADISTICA!A398 -> VILLA MONICA VIEJA | B400: =ESTADISTICA!B398 -> VMOV01 (fija 1) | C400: =ESTADISTICA!C398 -> ATENAS E/ CAFFERATA Y ALEMANIA | D400: =ESTADISTICA!D398 -> Fija | E400: =ESTADISTICA!E398 -> Fibra Optica | F400: =ESTADISTICA!F398 -> 0 | G400: =ESTADISTICA!G398 -> 0 | H400: =ESTADISTICA!H398 -> 0 | ... AI400: =ESTADISTICA!AI398 -> 0

Sheet BARRAS

Sheet informe
B1: CANTIDAD | D1: %
A2: TOTAL
A3: CAIDAS
A4: LLEGAMOS NOSOTROS
A5: NO ESTA LA CAMARA
A6: RADIO
A7: TOTAL
A8: CAIDAS
A9: LLEGAMOS NOSOTROS
A10: NO ESTA LA CAMARA
A11: RADIO
A12: TOTAL
A13: CAIDAS
... A76: RADIO

Sheet GRAFICO2

Sheet PORCENTAJE

Sheet AUXILIAR
A1: FECHA | B1: RADIO | C1: FIBRA | D1: ANTENA | E1: TOTAL APAGADOS | F1: INSTALADAS | G1: % APAGADOS
A2: ='APAGADOS RADIO'!F3 -> 44835 | B2: ='APAGADOS RADIO'!F2+D2 -> 7 | C2: ='APAGADOS FIBRA'!F2 -> 32 | D2: ='APAGADOS ANTENA'!F2 -> 3 | E2: =B2+C2 -> 39 | F2: ='RESUMEN TOTAL'!B1 -> 427 | G2: =E2/F2 -> 0.091334895
A3: ='APAGADOS RADIO'!G3 -> 44836 | B3: ='APAGADOS RADIO'!G2+D3 -> 5 | C3: ='APAGADOS FIBRA'!G2 -> 34 | D3: ='APAGADOS ANTENA'!G2 -> 4 | E3: =B3+C3 -> 39 | F3: ='RESUMEN TOTAL'!B1 -> 427 | G3: =E3/F3 -> 0.091334895
A4: ='APAGADOS RADIO'!H3 -> 44837 | B4: ='APAGADOS RADIO'!H2+D4 -> 58 | C4: ='APAGADOS FIBRA'!H2 -> 95 | D4: ='APAGADOS ANTENA'!H2 -> 17 | E4: =B4+C4 -> 153 | F4: ='RESUMEN TOTAL'!B1 -> 427 | G4: =E4/F4 -> 0.35831382
A5: ='APAGADOS RADIO'!I3 -> 44838 | B5: ='APAGADOS RADIO'!I2+D5 -> 9 | C5: ='APAGADOS FIBRA'!I2 -> 34 | D5: ='APAGADOS ANTENA'!I2 -> 5 | E5: =B5+C5 -> 43 | F5: ='RESUMEN TOTAL'!B1 -> 427 | G5: =E5/F5 -> 0.10070258
A6: ='APAGADOS RADIO'!J3 -> 44839 | B6: ='APAGADOS RADIO'!J2+D6 -> 6 | C6: ='APAGADOS FIBRA'!J2 -> 31 | D6: ='APAGADOS ANTENA'!J2 -> 4 | E6: =B6+C6 -> 37 | F6: ='RESUMEN TOTAL'!B1 -> 427 | G6: =E6/F6 -> 0.086651054
A7: ='APAGADOS RADIO'!K3 -> 44840 | B7: 6 | C7: 31 | D7: 4 | E7: 37 | F7: 426 | G7: 0.08685446
A8: ='APAGADOS RADIO'!L3 -> 44841 | B8: ='APAGADOS RADIO'!L2+D8 -> 5 | C8: ='APAGADOS FIBRA'!L2 -> 30 | D8: ='APAGADOS ANTENA'!L2 -> 4 | E8: =B8+C8 -> 35 | F8: ='RESUMEN TOTAL'!B1 -> 427 | G8: =E8/F8 -> 0.081967213
A9: ='APAGADOS RADIO'!M3 -> 44842 | B9: 5 | C9: 30 | D9: 4 | E9: 35 | F9: 426 | G9: 0.082159624
A10: ='APAGADOS RADIO'!N3 -> 44843 | B10: ='APAGADOS RADIO'!N2+D10 -> 9 | C10: ='APAGADOS FIBRA'!N2 -> 38 | D10: ='APAGADOS ANTENA'!N2 -> 5 | E10: =B10+C10 -> 47 | F10: ='RESUMEN TOTAL'!B1 -> 427 | G10: =E10/F10 -> 0.11007026
A11: ='APAGADOS RADIO'!O3 -> 44844 | B11: ='APAGADOS RADIO'!O2+D11 -> 8 | C11: ='APAGADOS FIBRA'!O2 -> 35 | D11: ='APAGADOS ANTENA'!O2 -> 5 | E11: =B11+C11 -> 43 | F11: ='RESUMEN TOTAL'!B1 -> 427 | G11: =E11/F11 -> 0.10070258
A12: ='APAGADOS RADIO'!P3 -> 44845 | B12: ='APAGADOS RADIO'!P2+D12 -> 8 | C12: ='APAGADOS FIBRA'!P2 -> 35 | D12: ='APAGADOS ANTENA'!P2 -> 4 | E12: =B12+C12 -> 43 | F12: ='RESUMEN TOTAL'!B1 -> 427 | G12: =E12/F12 -> 0.10070258
A13: ='APAGADOS RADIO'!Q3 -> 44846 | B13: ='APAGADOS RADIO'!Q2+D13 -> 7 | C13: ='APAGADOS FIBRA'!Q2 -> 30 | D13: ='APAGADOS ANTENA'!Q2 -> 4 | E13: =B13+C13 -> 37 | F13: ='RESUMEN TOTAL'!B1 -> 427 | G13: =E13/F13 -> 0.086651054
A14: ='APAGADOS RADIO'!R3 -> 44847 | B14: ='APAGADOS RADIO'!R2+D14 -> 12 | C14: ='APAGADOS FIBRA'!R2 -> 41 | D14: ='APAGADOS ANTENA'!R2 -> 4 | E14: =B14+C14 -> 53 | F14: ='RESUMEN TOTAL'!B1 -> 427 | G14: =E14/F14 -> 0.12412178
A15: ='APAGADOS RADIO'!S3 -> 44848 | B15: ='APAGADOS RADIO'!S2+D15 -> 5 | C15: ='APAGADOS FIBRA'!S2 -> 28 | D15: ='APAGADOS ANTENA'!S2 -> 4 | E15: =B15+C15 -> 33 | F15: ='RESUMEN TOTAL'!B1 -> 427 | G15: =E15/F15 -> 0.077283372
A16: ='APAGADOS RADIO'!T3 -> 44849 | B16: ='APAGADOS RADIO'!T2+D16 -> 7 | C16: ='APAGADOS FIBRA'!T2 -> 25 | D16: ='APAGADOS ANTENA'!T2 -> 5 | E16: =B16+C16 -> 32 | F16: ='RESUMEN TOTAL'!B1 -> 427 | G16: =E16/F16 -> 0.074941452
A17: ='APAGADOS RADIO'!U3 -> 44850 | B17: ='APAGADOS RADIO'!U2+D17 -> 10 | C17: ='APAGADOS FIBRA'!U2 -> 47 | D17: ='APAGADOS ANTENA'!U2 -> 7 | E17: =B17+C17 -> 57 | F17: ='RESUMEN TOTAL'!B1 -> 427 | G17: =E17/F17 -> 0.13348946
A18: ='APAGADOS RADIO'!V3 -> 44851 | B18: 10 | C18: 47 | D18: 7 | E18: 57 | F18: ='RESUMEN TOTAL'!B1 -> 427 | G18: =E18/F18 -> 0.13348946
A19: ='APAGADOS RADIO'!W3 -> 44852 | B19: ='APAGADOS RADIO'!W2+D19 -> 6 | C19: ='APAGADOS FIBRA'!W2 -> 39 | D19: ='APAGADOS ANTENA'!W2 -> 3 | E19: =B19+C19 -> 45 | F19: ='RESUMEN TOTAL'!B1 -> 427 | G19: =E19/F19 -> 0.10538642
A20: ='APAGADOS RADIO'!X3 -> 44853 | B20: ='APAGADOS RADIO'!X2+D20 -> 17 | C20: ='APAGADOS FIBRA'!X2 -> 76 | D20: ='APAGADOS ANTENA'!X2 -> 12 | E20: =B20+C20 -> 93 | F20: ='RESUMEN TOTAL'!B1 -> 427 | G20: =E20/F20 -> 0.21779859
A21: ='APAGADOS RADIO'!Y3 -> 44854 | B21: ='APAGADOS RADIO'!Y2+D21 -> 11 | C21: ='APAGADOS FIBRA'!Y2 -> 41 | D21: ='APAGADOS ANTENA'!Y2 -> 4 | E21: =B21+C21 -> 52 | F21: ='RESUMEN TOTAL'!B1 -> 427 | G21: =E21/F21 -> 0.12177986
A22: ='APAGADOS RADIO'!Z3 -> 44855 | B22: ='APAGADOS RADIO'!Z2+D22 -> 6 | C22: ='APAGADOS FIBRA'!Z2 -> 36 | D22: ='APAGADOS ANTENA'!Z2 -> 4 | E22: =B22+C22 -> 42 | F22: ='RESUMEN TOTAL'!B1 -> 427 | G22: =E22/F22 -> 0.098360656
A23: ='APAGADOS RADIO'!AA3 -> 44856
A24: ='APAGADOS RADIO'!AB3 -> 44857
A25: ='APAGADOS RADIO'!AC3 -> 44858
A26: ='APAGADOS RADIO'!AD3 -> 44859
A27: ='APAGADOS RADIO'!AE3 -> 44860
A28: ='APAGADOS RADIO'!AF3 -> 44861
A29: ='APAGADOS RADIO'!AG3 -> 44862
A30: ='APAGADOS RADIO'!AH3 -> 44863

Sheet Hoja2
C3: CAMARAS | D3: 44833
B4: BONOMO | C4: =COUNTIFS('RESUMEN TOTAL'!C6:C501,"=BONOMO") -> 223 | D4: 51
D5: 0.22972973
B6: COSEIDI | C6: =COUNTIFS('RESUMEN TOTAL'!C6:C501,"=COSEIDI") -> 203 | D6: 15
D7: 0.078947368

Sheet Hoja1
B1: CAMARAS
A2: BONOMO | B2: =COUNTIFS('RESUMEN TOTAL'!C5:C500,"=BONOMO") -> 224 | F2: 44805 | G2: 44806 | H2: 44807 | I2: 44808 | J2: 44809 | K2: 44810 | L2: 44811 | M2: 44812 | N2: 44813 | O2: 44814 | P2: 44815 | Q2: 44816 | R2: 44817 | S2: 44818 | T2: 44819 | U2: 44820 | V2: 44821 | W2: 44822 | X2: 44823 | Y2: 44824 | Z2: 44825 | AA2: 44826 | AB2: 44827 | AC2: 44828 | AD2: 44829 | AE2: 44830 | AF2: 44831 | AG2: 44832 | AH2: 44833 | AI2: 44834
D3: BONOMO | E3: APAGADAS BONOMO | F3: =COUNTIFS('RESUMEN TOTAL'!C7:C501, "=BONOMO",'RESUMEN TOTAL'!K7:K501,"=APAGADO") -> 36 | G3: =COUNTIFS('RESUMEN TOTAL'!C7:C501, "=BONOMO",'RESUMEN TOTAL'!L7:L501,"=APAGADO") -> 35 | H3: =COUNTIFS('RESUMEN TOTAL'!C7:C501, "=BONOMO",'RESUMEN TOTAL'!M7:M501,"=APAGADO") -> 106 | I3: =COUNTIFS('RESUMEN TOTAL'!C7:C501, "=BONOMO",'RESUMEN TOTAL'!N7:N501,"=APAGADO") -> 39 | J3: =COUNTIFS('RESUMEN TOTAL'!C7:C501, "=BONOMO",'RESUMEN TOTAL'!O7:O501,"=APAGADO") -> 34 | K3: =COUNTIFS('RESUMEN TOTAL'!C7:C501, "=BONOMO",'RESUMEN TOTAL'!P7:P501,"=APAGADO") -> 0 | L3: =COUNTIFS('RESUMEN TOTAL'!C7:C501, "=BONOMO",'RESUMEN TOTAL'!Q7:Q501,"=APAGADO") -> 32 | M3: =COUNTIFS('RESUMEN TOTAL'!C7:C501, "=BONOMO",'RESUMEN TOTAL'!R7:R501,"=APAGADO") -> 0 | N3: =COUNTIFS('RESUMEN TOTAL'!C7:C501, "=BONOMO",'RESUMEN TOTAL'!S7:S501,"=APAGADO") -> 40 | O3: =COUNTIFS('RESUMEN TOTAL'!C7:C501, "=BONOMO",'RESUMEN TOTAL'!T7:T501,"=APAGADO") -> 37 | P3: =COUNTIFS('RESUMEN TOTAL'!C7:C501, "=BONOMO",'RESUMEN TOTAL'!U7:U501,"=APAGADO") -> 36 | Q3: =COUNTIFS('RESUMEN TOTAL'!C7:C501, "=BONOMO",'RESUMEN TOTAL'!V7:V501,"=APAGADO") -> 34 | R3: =COUNTIFS('RESUMEN TOTAL'!C7:C501, "=BONOMO",'RESUMEN TOTAL'!W7:W501,"=APAGADO") -> 47 | S3: =COUNTIFS('RESUMEN TOTAL'!C7:C501, "=BONOMO",'RESUMEN TOTAL'!X7:X501,"=APAGADO") -> 28 | T3: =COUNTIFS('RESUMEN TOTAL'!C7:C501, "=BONOMO",'RESUMEN TOTAL'!Y7:Y501,"=APAGADO") -> 27 | U3: =COUNTIFS('RESUMEN TOTAL'!C7:C501, "=BONOMO",'RESUMEN TOTAL'!Z7:Z501,"=APAGADO") -> 35 | V3: =COUNTIFS('RESUMEN TOTAL'!C7:C501, "=BONOMO",'RESUMEN TOTAL'!AA7:AA501,"=APAGADO") -> 0 | W3: =COUNTIFS('RESUMEN TOTAL'!C7:C501, "=BONOMO",'RESUMEN TOTAL'!AB7:AB501,"=APAGADO") -> 34 | X3: =COUNTIFS('RESUMEN TOTAL'!C7:C501, "=BONOMO",'RESUMEN TOTAL'!AC7:AC501,"=APAGADO") -> 41 | Y3: =COUNTIFS('RESUMEN TOTAL'!C7:C501, "=BONOMO",'RESUMEN TOTAL'!AD7:AD501,"=APAGADO") -> 35 | Z3: =COUNTIFS('RESUMEN TOTAL'!C7:C501, "=BONOMO",'RESUMEN TOTAL'!AE7:AE501,"=APAGADO") -> 33 | AA3: =COUNTIFS('RESUMEN TOTAL'!C7:C501, "=BONOMO",'RESUMEN TOTAL'!AF7:AF501,"=APAGADO") -> 34 | AB3: =COUNTIFS('RESUMEN TOTAL'!C7:C501, "=BONOMO",'RESUMEN TOTAL'!AG7:AG501,"=APAGADO") -> 45 | AC3: =COUNTIFS('RESUMEN TOTAL'!C7:C501, "=BONOMO",'RESUMEN TOTAL'!AH7:AH501,"=APAGADO") -> 0 | AD3: =COUNTIFS('RESUMEN TOTAL'!C7:C501, "=BONOMO",'RESUMEN TOTAL'!AI7:AI501,"=APAGADO") -> 0 | AE3: =COUNTIFS('RESUMEN TOTAL'!C7:C501, "=BONOMO",'RESUMEN TOTAL'!AJ7:AJ501,"=APAGADO") -> 0 | AF3: =COUNTIFS('RESUMEN TOTAL'!C7:C501, "=BONOMO",'RESUMEN TOTAL'!AK7:AK501,"=APAGADO") -> 0 | AG3: =COUNTIFS('RESUMEN TOTAL'!C7:C501, "=BONOMO",'RESUMEN TOTAL'!AL7:AL501,"=APAGADO") -> 0 | AH3: =COUNTIFS('RESUMEN TOTAL'!C7:C501, "=BONOMO",'RESUMEN TOTAL'!AM7:AM501,"=APAGADO") -> 0 | AI3: =COUNTIFS('RESUMEN TOTAL'!C7:C501, "=BONOMO",'RESUMEN TOTAL'!AN7:AN501,"=APAGADO") -> 0
A4: COSEIDI | B4: =COUNTIFS('RESUMEN TOTAL'!C5:C500,"=COSEIDI") -> 203 | E4: % BONOMO | F4: =F3/BONOMOcam -> 0.16071429 | G4: =G3/BONOMOcam -> 0.15625 | H4: =H3/BONOMOcam -> 0.47321429 | I4: =I3/BONOMOcam -> 0.17410714 | J4: =J3/BONOMOcam -> 0.15178571 | K4: =K3/BONOMOcam -> 0 | L4: =L3/BONOMOcam -> 0.14285714 | M4: =M3/BONOMOcam -> 0 | ... AI4: =AI3/BONOMOcam -> 0
D5: COSEIDI | E5: APAGADAS COSEIDI | F5: =COUNTIFS('RESUMEN TOTAL'!C10:C421, "=COSEIDI",'RESUMEN TOTAL'!K10:K421,"=APAGADO") -> 3 | G5: =COUNTIFS('RESUMEN TOTAL'!C10:C421, "=COSEIDI",'RESUMEN TOTAL'!L10:L421,"=APAGADO") -> 4 | H5: =COUNTIFS('RESUMEN TOTAL'!C10:C421, "=COSEIDI",'RESUMEN TOTAL'!M10:M421,"=APAGADO") -> 56 | I5: =COUNTIFS('RESUMEN TOTAL'!C10:C421, "=COSEIDI",'RESUMEN TOTAL'!N10:N421,"=APAGADO") -> 4 | J5: =COUNTIFS('RESUMEN TOTAL'!C10:C421, "=COSEIDI",'RESUMEN TOTAL'!O10:O421,"=APAGADO") -> 3 | K5: =COUNTIFS('RESUMEN TOTAL'!C10:C421, "=COSEIDI",'RESUMEN TOTAL'!P10:P421,"=APAGADO") -> 0 | L5: =COUNTIFS('RESUMEN TOTAL'!C10:C421, "=COSEIDI",'RESUMEN TOTAL'!Q10:Q421,"=APAGADO") -> 3 | M5: =COUNTIFS('RESUMEN TOTAL'!C10:C421, "=COSEIDI",'RESUMEN TOTAL'!R10:R421,"=APAGADO") -> 0 | N5: =COUNTIFS('RESUMEN TOTAL'!C10:C421, "=COSEIDI",'RESUMEN TOTAL'!S10:S421,"=APAGADO") -> 7 | O5: =COUNTIFS('RESUMEN TOTAL'!C10:C421, "=COSEIDI",'RESUMEN TOTAL'!T10:T421,"=APAGADO") -> 8 | P5: =COUNTIFS('RESUMEN TOTAL'!C10:C421, "=COSEIDI",'RESUMEN TOTAL'!U10:U421,"=APAGADO") -> 9 | Q5: =COUNTIFS('RESUMEN TOTAL'!C10:C421, "=COSEIDI",'RESUMEN TOTAL'!V10:V421,"=APAGADO") -> 3 | R5: =COUNTIFS('RESUMEN TOTAL'!C10:C421, "=COSEIDI",'RESUMEN TOTAL'!W10:W421,"=APAGADO") -> 12 | S5: =COUNTIFS('RESUMEN TOTAL'!C10:C421, "=COSEIDI",'RESUMEN TOTAL'!X10:X421,"=APAGADO") -> 6 | T5: =COUNTIFS('RESUMEN TOTAL'!C10:C421, "=COSEIDI",'RESUMEN TOTAL'!Y10:Y421,"=APAGADO") -> 5 | U5: =COUNTIFS('RESUMEN TOTAL'!C10:C421, "=COSEIDI",'RESUMEN TOTAL'!Z10:Z421,"=APAGADO") -> 23 | V5: =COUNTIFS('RESUMEN TOTAL'!C10:C421, "=COSEIDI",'RESUMEN TOTAL'!AA10:AA421,"=APAGADO") -> 0 | W5: =COUNTIFS('RESUMEN TOTAL'!C10:C421, "=COSEIDI",'RESUMEN TOTAL'!AB10:AB421,"=APAGADO") -> 12 | X5: =COUNTIFS('RESUMEN TOTAL'!C10:C421, "=COSEIDI",'RESUMEN TOTAL'!AC10:AC421,"=APAGADO") -> 54 | Y5: =COUNTIFS('RESUMEN TOTAL'!C10:C421, "=COSEIDI",'RESUMEN TOTAL'!AD10:AD421,"=APAGADO") -> 17 | Z5: =COUNTIFS('RESUMEN TOTAL'!C10:C421, "=COSEIDI",'RESUMEN TOTAL'!AE10:AE421,"=APAGADO") -> 9 | AA5: =COUNTIFS('RESUMEN TOTAL'!C10:C421, "=COSEIDI",'RESUMEN TOTAL'!AF10:AF421,"=APAGADO") -> 11 | AB5: =COUNTIFS('RESUMEN TOTAL'!C10:C421, "=COSEIDI",'RESUMEN TOTAL'!AG10:AG421,"=APAGADO") -> 11 | AC5: =COUNTIFS('RESUMEN TOTAL'!C10:C421, "=COSEIDI",'RESUMEN TOTAL'!AH10:AH421,"=APAGADO") -> 0 | AD5: =COUNTIFS('RESUMEN TOTAL'!C10:C421, "=COSEIDI",'RESUMEN TOTAL'!AI10:AI421,"=APAGADO") -> 0 | AE5: =COUNTIFS('RESUMEN TOTAL'!C10:C421, "=COSEIDI",'RESUMEN TOTAL'!AJ10:AJ421,"=APAGADO") -> 0 | AF5: =COUNTIFS('RESUMEN TOTAL'!C10:C421, "=COSEIDI",'RESUMEN TOTAL'!AK10:AK421,"=APAGADO") -> 0 | AG5: =COUNTIFS('RESUMEN TOTAL'!C10:C421, "=COSEIDI",'RESUMEN TOTAL'!AL10:AL421,"=APAGADO") -> 0 | AH5: =COUNTIFS('RESUMEN TOTAL'!C10:C421, "=COSEIDI",'RESUMEN TOTAL'!AM10:AM421,"=APAGADO") -> 0 | AI5: =COUNTIFS('RESUMEN TOTAL'!C10:C421, "=COSEIDI",'RESUMEN TOTAL'!AN10:AN421,"=APAGADO") -> 0
E6: % COSEIDI | F6: =F5/COSEIDIcam -> 0.014778325 | G6: =G5/COSEIDIcam -> 0.019704433 | H6: =H5/COSEIDIcam -> 0.27586207 | I6: =I5/COSEIDIcam -> 0.019704433 | J6: =J5/COSEIDIcam -> 0.014778325 | K6: =K5/COSEIDIcam -> 0 | L6: =L5/COSEIDIcam -> 0.014778325 | M6: =M5/COSEIDIcam -> 0 | ... AI6: =AI5/COSEIDIcam -> 0
