Workbook
Name _25_de_agosto: 'RESUMEN TOTAL'!$A$4:$D$386
Name _25_de_agosto_3: 'RESUMEN TOTAL'!$A$4:$D$398
Name BONOMOcam: Hoja1!$B$2
Name CANTIDAD_DE_CAMARAS: 'RESUMEN TOTAL'!$B$1
Name COSEIDIcam: Hoja1!$B$4

Sheet RESUMEN TOTAL
A1: CANTIDAD DE CAMARAS | B1: =COUNTA(B5:B622) -> 534 | D1: PORCIENTO DE CAIDAS | L1: =(L3)/(L2+L3) -> 0.1329588 | M1: =(M3)/(M2+M3) -> 0.056179775 | N1: =(N3)/(N2+N3) -> 0.14981273 | O1: =(O3)/(O2+O3) -> 0.14794007 | P1: =(P3)/(P2+P3) -> 0.14981273 | Q1: =(Q3)/(Q2+Q3) -> 0.15543071 | R1: =(R3)/(R2+R3) -> 0.06928839 | S1: =(S3)/(S2+S3) -> 0.14044944 | ... X1: =(X3)/(X2+X3) -> 0.17602996 | Z1: =(Z3)/(Z2+Z3) -> 0.19850187 | AA1: =(AA3)/(AA2+AA3) -> 0.11985019 | AB1: =(AB3)/(AB2+AB3) -> 0.12921348 | AC1: =(AC3)/(AC2+AC3) -> 0.13670412 | AD1: =(AD3)/(AD2+AD3) -> 0.1423221 | AE1: =(AE3)/(AE2+AE3) -> 0.20973783 | AF1: =(AF3)/(AF2+AF3) -> 0.20973783 | AG1: =(AG3)/(AG2+AG3) -> 0.12734082 | ... AO1: =(AO3)/(AO2+AO3) -> 0
D2: FUNCIONAN | L2: =B1-L3 -> 463 | M2: =CANTIDAD_DE_CAMARAS-M3 -> 504 | N2: =CANTIDAD_DE_CAMARAS-N3 -> 454 | O2: =CANTIDAD_DE_CAMARAS-O3 -> 455 | P2: =CANTIDAD_DE_CAMARAS-P3 -> 454 | Q2: =CANTIDAD_DE_CAMARAS-Q3 -> 451 | R2: =CANTIDAD_DE_CAMARAS-R3 -> 497 | S2: =CANTIDAD_DE_CAMARAS-S3 -> 459 | T2: =CANTIDAD_DE_CAMARAS-T3 -> 496 | ... AO2: =CANTIDAD_DE_CAMARAS-AO3 -> 534
D3: CAIDAS | L3: =COUNTIF(L4:L622, "apagado") -> 71 | M3: =COUNTIF(M4:M622, "apagado") -> 30 | N3: =COUNTIF(N4:N622, "apagado") -> 80 | O3: =COUNTIF(O4:O622, "apagado") -> 79 | P3: =COUNTIF(P4:P622, "apagado") -> 80 | Q3: =COUNTIF(Q4:Q622, "apagado") -> 83 | R3: =COUNTIF(R4:R622, "apagado") -> 37 | S3: =COUNTIF(S4:S622, "apagado") -> 75 | ... W3: =COUNTIF(W4:W622, "apagado") -> 113 | X3: =COUNTIF(X4:X522, "apagado") -> 94 | Y3: =COUNTIF(Y4:Y522, "apagado") -> 99 | Z3: =COUNTIF(Z4:Z622, "apagado") -> 106 | AA3: =COUNTIF(AA4:AA622, "apagado") -> 64 | AB3: =COUNTIF(AB4:AB622, "apagado") -> 69 | AC3: =COUNTIF(AC4:AC622, "apagado") -> 73 | AD3: =COUNTIF(AD4:AD622, "apagado") -> 76 | AE3: =COUNTIF(AE4:AE622, "apagado") -> 112 | AF3: =COUNTIF(AF4:AF622, "apagado") -> 112 | AG3: =COUNTIF(AG4:AG622, "apagado") -> 68 | ... AO3: =COUNTIF(AO4:AO622, "apagado") -> 0
A4: Barrio | B4: [Denominacion] | C4: [Empresa Mantenimiento] | D4: [Ubicacion] | E4: [Tipo de Camara] | F4: [Tipo de Conexion] | G4: Destino | I4: DIAS FUNCIONANDO | J4: DIAS CAIDA | K4: EFECTIVIDAD | L4: 45231 | M4: 45232 | N4: 45233 | O4: 45234 | P4: 45235 | Q4: 45236 | R4: 45237 | S4: 45238 | T4: 45239 | U4: 45240 | V4: 45241 | W4: 45242 | X4: 45243 | Y4: 45244 | Z4: 45245 | AA4: 45246 | AB4: 45247 | AC4: 45248 | AD4: 45249 | AE4: 45250 | AF4: 45251 | AG4: 45252 | AH4: 45253 | AI4: 45254 | AJ4: 45255 | AK4: 45256 | AL4: 45257 | AM4: 45258 | AN4: 45259 | AO4: 45260
A5: ALTAMIRA | B5: ALT01 | C5: BONOMO | D5: Calchaqui y Sgto. Cabral | E5: Domo | F5: Fibra Optica | H5: 172.20.10.6 | I5: =COUNTIF(L5:AM5,"") -> 23 | J5: =COUNTIF(L5:AM5,"APAGADO") -> 5 | K5: =(I5)/(J5+I5) -> 0.82142857 | V5: APAGADO | W5: APAGADO | X5: APAGADO | Y5: APAGADO | Z5: APAGADO
A6: ALTAMIRA | B6: ALT02 | C6: BONOMO | D6: Calchaqui y Lope de Vega | E6: Domo | F6: PTO A FO | G6: CABRAL Y CALCHAQUI | H6: 172.20.12.218 | I6: =COUNTIF(L6:AM6,"") -> 23 | J6: =COUNTIF(L6:AM6,"APAGADO") -> 5 | K6: =(I6)/(J6+I6) -> 0.82142857 | V6: APAGADO | W6: APAGADO | X6: APAGADO | Y6: APAGADO | Z6: APAGADO
A7: ALTAMIRA | B7: ALT 03 | C7: BONOMO | D7: Bombero Galarza y Necochea | E7: Domo | F7: Fibra Optica | H7: 172.20.12.54 | I7: =COUNTIF(L7:AM7,"") -> 23 | J7: =COUNTIF(L7:AM7,"APAGADO") -> 5 | K7: =(I7)/(J7+I7) -> 0.82142857 | V7: APAGADO | W7: APAGADO | X7: APAGADO | Y7: APAGADO | Z7: APAGADO
A8: ALTAMIRA | B8: ALT 04 | C8: BONOMO | D8: Francia y Necochea | E8: Domo | F8: Fibra Optica | H8: 172.20.12.55 | I8: =COUNTIF(L8:AM8,"") -> 23 | J8: =COUNTIF(L8:AM8,"APAGADO") -> 5 | K8: =(I8)/(J8+I8) -> 0.82142857 | V8: APAGADO | W8: APAGADO | X8: APAGADO | Y8: APAGADO | Z8: APAGADO
A9: ALTAMIRA | B9: ALT05 | C9: BONOMO | D9: Av. Calchaqui y Bombero Galarza | E9: Domo | F9: PTO A FO | G9: NECOCHEA Y GALARZA | H9: 172.20.12.216 | I9: =COUNTIF(L9:AM9,"") -> 23 | J9: =COUNTIF(L9:AM9,"APAGADO") -> 5 | K9: =(I9)/(J9+I9) -> 0.82142857 | V9: APAGADO | W9: APAGADO | X9: APAGADO | Y9: APAGADO | Z9: APAGADO
A10: ALTAMIRA | B10: ALT 06 | C10: BONOMO | D10: LOPE DE VEGA Y NECOCHEA | E10: Domo | F10: PTO A FO | G10: NECOCHEA Y GALARZA | H10: 172.20.12.12 | I10: =COUNTIF(L10:AM10,"") -> 23 | J10: =COUNTIF(L10:AM10,"APAGADO") -> 5 | K10: =(I10)/(J10+I10) -> 0.82142857 | V10: APAGADO | W10: APAGADO | X10: APAGADO | Y10: APAGADO | Z10: APAGADO
A11: ALTAMIRA | B11: ALT07 | C11: BONOMO | D11: AV. CALCHAQUI Y AV. DEL TRABAJO | E11: DOMO | F11: PTO A FO | G11: CABRAL Y CALCHAQUI | H11: 172.20.10.57 | I11: =COUNTIF(L11:AM11,"") -> 23 | J11: =COUNTIF(L11:AM11,"APAGADO") -> 5 | K11: =(I11)/(J11+I11) -> 0.82142857 | V11: APAGADO | W11: APAGADO | X11: APAGADO | Y11: APAGADO | Z11: APAGADO
A12: ALTAMIRA | B12: ALT 08 | C12: BONOMO | D12: HUMAITA Y NECOCHEA | E12: DOMO | F12: Fibra Optica | H12: 172.20.11.215 | I12: =COUNTIF(L12:AM12,"") -> 23 | J12: =COUNTIF(L12:AM12,"APAGADO") -> 5 | K12: =(I12)/(J12+I12) -> 0.82142857 | V12: APAGADO | W12: APAGADO | X12: APAGADO | Y12: APAGADO | Z12: APAGADO
A13: ALTAMIRA | B13: ALT 09 | C13: BONOMO | D13: NECOCHEA Y CURUPAITY | E13: DOMO | F13: Fibra Optica | H13: 172.20.11.216 | I13: =COUNTIF(L13:AM13,"") -> 23 | J13: =COUNTIF(L13:AM13,"APAGADO") -> 5 | K13: =(I13)/(J13+I13) -> 0.82142857 | V13: APAGADO | W13: APAGADO | X13: APAGADO | Y13: APAGADO | Z13: APAGADO
A14: ALTAMIRA | B14: ALT 10 | C14: BONOMO | D14: Calchaqui y Francia | E14: Domo | F14: Radio | H14: 172.20.12.156 | I14: =COUNTIF(L14:AM14,"") -> 15 | J14: =COUNTIF(L14:AM14,"APAGADO") -> 13 | K14: =(I14)/(J14+I14) -> 0.53571429 | L14: APAGADO | M14: APAGADO | N14: APAGADO | O14: APAGADO | P14: APAGADO | Q14: APAGADO | R14: APAGADO | S14: APAGADO | V14: APAGADO | W14: APAGADO | X14: APAGADO | Y14: APAGADO | Z14: APAGADO
A15: AGUSTIN RAMIREZ | B15: ARA 01 | C15: COSEIDI | D15: Malambo y Tranquera | E15: Domo | F15: Fibra Optica | H15: 172.20.12.110 | I15: =COUNTIF(L15:AM15,"") -> 5 | J15: =COUNTIF(L15:AM15,"APAGADO") -> 23 | K15: =(I15)/(J15+I15) -> 0.17857143 | L15: APAGADO | M15: APAGADO | N15: APAGADO | O15: APAGADO | P15: APAGADO | Q15: APAGADO | R15: APAGADO | S15: APAGADO | T15: APAGADO | U15: APAGADO | V15: APAGADO | W15: APAGADO | X15: APAGADO | Y15: APAGADO | Z15: APAGADO | AA15: APAGADO | AB15: APAGADO | AC15: APAGADO | AD15: APAGADO | AE15: APAGADO | AF15: APAGADO | AG15: APAGADO | AH15: APAGADO
A16: BELGRANO | B16: BEL 01 | C16: BONOMO | D16: San Martin y Dardo Rocha | E16: DOMO | F16: Fibra Optica | H16: 172.20.12.64 | I16: =COUNTIF(L16:AM16,"") -> 28 | J16: =COUNTIF(L16:AM16,"APAGADO") -> 0 | K16: =(I16)/(J16+I16) -> 1
A17: BELGRANO | B17: BEL 02 | C17: BONOMO | D17: Guardia vieja y Fronteriz | E17: DOMO | F17: Fibra Optica | I17: =COUNTIF(L17:AM17,"") -> 28 | J17: =COUNTIF(L17:AM17,"APAGADO") -> 0 | K17: =(I17)/(J17+I17) -> 1
A18: BOSQUES CENTRO | B18: BOSQC 01 | C18: COSEIDI | D18: LUIS AGOTE E/DANUNCIO Y CAMPOAMOR | E18: Fija | F18: Radio | H18: 172.20.11.15 | I18: =COUNTIF(L18:AM18,"") -> 17 | J18: =COUNTIF(L18:AM18,"APAGADO") -> 11 | K18: =(I18)/(J18+I18) -> 0.60714286 | L18: APAGADO | N18: APAGADO | O18: APAGADO | P18: APAGADO | Q18: APAGADO | S18: APAGADO | U18: APAGADO | V18: APAGADO | W18: APAGADO | AE18: APAGADO | AF18: APAGADO
A19: BOSQUES CENTRO | B19: BOSQC 02 | C19: COSEIDI | D19: LUIS AGOTE E/DANUNCIO Y CAMPOAMOR | E19: Fija | F19: Radio | H19: 172.20.11.16 | I19: =COUNTIF(L19:AM19,"") -> 17 | J19: =COUNTIF(L19:AM19,"APAGADO") -> 11 | K19: =(I19)/(J19+I19) -> 0.60714286 | L19: APAGADO | N19: APAGADO | O19: APAGADO | P19: APAGADO | Q19: APAGADO | S19: APAGADO | U19: APAGADO | V19: APAGADO | W19: APAGADO | AE19: APAGADO | AF19: APAGADO
A20: BOSQUES CENTRO | B20: BOSQC 03 | C20: COSEIDI | D20: BENAVENTE Y LUIS AGOTE | E20: Fija | F20: Radio | H20: 172.20.11.13 | I20: =COUNTIF(L20:AM20,"") -> 17 | J20: =COUNTIF(L20:AM20,"APAGADO") -> 11 | K20: =(I20)/(J20+I20) -> 0.60714286 | L20: APAGADO | N20: APAGADO | O20: APAGADO | P20: APAGADO | Q20: APAGADO | S20: APAGADO | U20: APAGADO | V20: APAGADO | W20: APAGADO | AE20: APAGADO | AF20: APAGADO
A21: BOSQUES CENTRO | B21: BOSQC 04 | C21: COSEIDI | D21: BENAVENTE Y LUIS AGOTE | E21: Fija | F21: Radio | H21: 172.20.11.113 | I21: =COUNTIF(L21:AM21,"") -> 17 | J21: =COUNTIF(L21:AM21,"APAGADO") -> 11 | K21: =(I21)/(J21+I21) -> 0.60714286 | L21: APAGADO | N21: APAGADO | O21: APAGADO | P21: APAGADO | Q21: APAGADO | S21: APAGADO | U21: APAGADO | V21: APAGADO | W21: APAGADO | AE21: APAGADO | AF21: APAGADO
A22: BOSQUES CENTRO | B22: BOSQC 05 | C22: COSEIDI | D22: LUIS AGOTE Y RUTA 36 | E22: Fija | F22: Radio | H22: 172.20.11.17 | I22: =COUNTIF(L22:AM22,"") -> 17 | J22: =COUNTIF(L22:AM22,"APAGADO") -> 11 | K22: =(I22)/(J22+I22) -> 0.60714286 | L22: APAGADO | N22: APAGADO | O22: APAGADO | P22: APAGADO | Q22: APAGADO | S22: APAGADO | U22: APAGADO | V22: APAGADO | W22: APAGADO | AE22: APAGADO | AF22: APAGADO
A23: BOSQUES CENTRO | B23: BOSQC 06 | C23: COSEIDI | D23: LUIS AGOTE Y RUTA 36 | E23: Fija | F23: Radio | H23: 172.20.11.18 | I23: =COUNTIF(L23:AM23,"") -> 17 | J23: =COUNTIF(L23:AM23,"APAGADO") -> 11 | K23: =(I23)/(J23+I23) -> 0.60714286 | L23: APAGADO | N23: APAGADO | O23: APAGADO | P23: APAGADO | Q23: APAGADO | S23: APAGADO | U23: APAGADO | V23: APAGADO | W23: APAGADO | AE23: APAGADO | AF23: APAGADO
A24: CENTRO | B24: CEN01 | C24: BONOMO | D24: San Martin y 9 de Julio | E24: Fija | F24: Fibra Optica | H24: 172.20.11.10 | I24: =COUNTIF(L24:AM24,"") -> 28 | J24: =COUNTIF(L24:AM24,"APAGADO") -> 0 | K24: =(I24)/(J24+I24) -> 1
A25: CENTRO | B25: CEN02 | C25: BONOMO | D25: San Martin y Almafuerte | E25: Fija | F25: Fibra Optica | H25: 172.20.11.11 | I25: =COUNTIF(L25:AM25,"") -> 28 | J25: =COUNTIF(L25:AM25,"APAGADO") -> 0 | K25: =(I25)/(J25+I25) -> 1
A26: CENTRO | B26: CEN03 | C26: BONOMO | D26: San Martin y Sallares | E26: Domo | F26: Fibra Optica | H26: 172.20.12.30 | I26: =COUNTIF(L26:AM26,"") -> 28 | J26: =COUNTIF(L26:AM26,"APAGADO") -> 0 | K26: =(I26)/(J26+I26) -> 1
A27: CENTRO | B27: CEN04 | C27: BONOMO | D27: San Martin y Contreras | E27: Domo | F27: Fibra Optica | H27: 172.20.12.29 | I27: =COUNTIF(L27:AM27,"") -> 28 | J27: =COUNTIF(L27:AM27,"APAGADO") -> 0 | K27: =(I27)/(J27+I27) -> 1
A28: CENTRO | B28: CEN 05 | C28: BONOMO | D28: Bocuzzi e/España y San Martin | E28: DOMO | F28: Fibra Optica | H28: 172.20.10.200 | I28: =COUNTIF(L28:AM28,"") -> 28 | J28: =COUNTIF(L28:AM28,"APAGADO") -> 0 | K28: =(I28)/(J28+I28) -> 1
A29: CENTRO | B29: CEN06 | C29: BONOMO | D29: Monteagudo y A.del Valle | E29: Fija | F29: Fibra Optica | H29: 172.20.10.02 | I29: =COUNTIF(L29:AM29,"") -> 26 | J29: =COUNTIF(L29:AM29,"APAGADO") -> 2 | K29: =(I29)/(J29+I29) -> 0.92857143 | P29: APAGADO | Q29: APAGADO
A30: CENTRO | B30: CEN07 | C30: BONOMO | D30: San Martin y Guemes | E30: DOMO | F30: Fibra Optica | H30: 172.20.11.20 | I30: =COUNTIF(L30:AM30,"") -> 28 | J30: =COUNTIF(L30:AM30,"APAGADO") -> 0 | K30: =(I30)/(J30+I30) -> 1
A31: CENTRO | B31: CEN08 | C31: BONOMO | D31: San Martin y Pte.Peron | E31: Domo | F31: Fibra Optica | H31: 172.20.11.21 | I31: =COUNTIF(L31:AM31,"") -> 28 | J31: =COUNTIF(L31:AM31,"APAGADO") -> 0 | K31: =(I31)/(J31+I31) -> 1
A32: CENTRO | B32: CEN09 | C32: BONOMO | D32: Chacabuco y 25 de Mayo | E32: Domo | F32: Fibra Optica | H32: 172.20.11.22 | I32: =COUNTIF(L32:AM32,"") -> 28 | J32: =COUNTIF(L32:AM32,"APAGADO") -> 0 | K32: =(I32)/(J32+I32) -> 1
A33: CENTRO | B33: CEN10 | C33: BONOMO | D33: Monteagudo y Pte. Peron | E33: Domo | F33: Fibra Optica | H33: 172.20.11.23 | I33: =COUNTIF(L33:AM33,"") -> 28 | J33: =COUNTIF(L33:AM33,"APAGADO") -> 0 | K33: =(I33)/(J33+I33) -> 1
A34: CENTRO | B34: CEN11 | C34: BONOMO | D34: Monteagudo y Bocuzzi | E34: Domo | F34: Fibra Optica | H34: 172.20.10.24 | I34: =COUNTIF(L34:AM34,"") -> 28 | J34: =COUNTIF(L34:AM34,"APAGADO") -> 0 | K34: =(I34)/(J34+I34) -> 1
A35: CENTRO | B35: CEN 12 | C35: BONOMO | D35: Monteagudo y Mitre | E35: Domo | F35: Fibra Optica | H35: 172.20.10.23 | I35: =COUNTIF(L35:AM35,"") -> 28 | J35: =COUNTIF(L35:AM35,"APAGADO") -> 0 | K35: =(I35)/(J35+I35) -> 1
A36: CENTRO | B36: CEN 13 | C36: BONOMO | D36: 25 de Mayo y Maipu | E36: DOMO | F36: Fibra Optica | H36: 172.20.10.20 | I36: =COUNTIF(L36:AM36,"") -> 28 | J36: =COUNTIF(L36:AM36,"APAGADO") -> 0 | K36: =(I36)/(J36+I36) -> 1
A37: CENTRO | B37: CEN14 | C37: BONOMO | D37: Pte.Peron e/Pringles y Brown | E37: Domo | F37: Fibra Optica | H37: 172.20.10.21 | I37: =COUNTIF(L37:AM37,"") -> 28 | J37: =COUNTIF(L37:AM37,"APAGADO") -> 0 | K37: =(I37)/(J37+I37) -> 1
A38: CENTRO | B38: CEN15 | C38: BONOMO | D38: Alberdi y A.del Valle | E38: Domo | F38: Fibra Optica | H38: 172.20.10.35 | I38: =COUNTIF(L38:AM38,"") -> 28 | J38: =COUNTIF(L38:AM38,"APAGADO") -> 0 | K38: =(I38)/(J38+I38) -> 1
A39: CENTRO | B39: CEN16 | C39: BONOMO | D39: San Martin y Pte. Peron | E39: Fija | F39: Fibra Optica | H39: 172.20.12.36 | I39: =COUNTIF(L39:AM39,"") -> 28 | J39: =COUNTIF(L39:AM39,"APAGADO") -> 0 | K39: =(I39)/(J39+I39) -> 1
A40: CENTRO | B40: CEN17 | C40: BONOMO | D40: San Martin y Mitre | E40: Domo | F40: PTO A FO | G40: SAN MARTIN Y SALLARES | H40: 172.20.12.200 | I40: =COUNTIF(L40:AM40,"") -> 28 | J40: =COUNTIF(L40:AM40,"APAGADO") -> 0 | K40: =(I40)/(J40+I40) -> 1
A41: CENTRO | B41: CEN18 | C41: BONOMO | D41: Monteagudo e/Mitre y Sallares | E41: Fija | F41: Fibra Optica | H41: 172.20.10.26 | I41: =COUNTIF(L41:AM41,"") -> 28 | J41: =COUNTIF(L41:AM41,"APAGADO") -> 0 | K41: =(I41)/(J41+I41) -> 1
A42: CENTRO | B42: CEN19 | C42: BONOMO | D42: Chacabuco y 25 de Mayo | E42: Fija | F42: Fibra Optica | H42: 172.20.10.27 | I42: =COUNTIF(L42:AM42,"") -> 28 | J42: =COUNTIF(L42:AM42,"APAGADO") -> 0 | K42: =(I42)/(J42+I42) -> 1
A43: LOMAS DE MONTEVERDE | B43: CEN20 | C43: BONOMO | D43: Pte. Illia y Las Heras | E43: Domo | F43: Fibra Optica | H43: 172.20.10.33 | I43: =COUNTIF(L43:AM43,"") -> 28 | J43: =COUNTIF(L43:AM43,"APAGADO") -> 0 | K43: =(I43)/(J43+I43) -> 1
A44: CENTRO | B44: CEN21 | C44: BONOMO | D44: Misiones y Urquiza | E44: Fija | F44: Radio | H44: 172.20.200.132 | I44: =COUNTIF(L44:AM44,"") -> 21 | J44: =COUNTIF(L44:AM44,"APAGADO") -> 7 | K44: =(I44)/(J44+I44) -> 0.75 | T44: APAGADO | X44: APAGADO | Y44: APAGADO | AA44: APAGADO | AC44: APAGADO | AG44: APAGADO | AH44: APAGADO
A45: CENTRO | B45: CEN22 | C45: BONOMO | D45: Las Heras y Chacabuco | E45: Domo | F45: Radio | H45: 172.20.200.125 | I45: =COUNTIF(L45:AM45,"") -> 28 | J45: =COUNTIF(L45:AM45,"APAGADO") -> 0 | K45: =(I45)/(J45+I45) -> 1
A46: CENTRO | B46: CEN23 | C46: BONOMO | D46: Sallares y Monteagudo | E46: Domo | F46: Fibra Optica | H46: 172.20.12.05 | I46: =COUNTIF(L46:AM46,"") -> 28 | J46: =COUNTIF(L46:AM46,"APAGADO") -> 0 | K46: =(I46)/(J46+I46) -> 1
A47: CENTRO | B47: CEN24 | C47: BONOMO | D47: Sallares y España | E47: Domo | F47: Fibra Optica | H47: 172.20.12.04 | I47: =COUNTIF(L47:AM47,"") -> 28 | J47: =COUNTIF(L47:AM47,"APAGADO") -> 0 | K47: =(I47)/(J47+I47) -> 1
A48: CENTRO | B48: CEN25 | C48: BONOMO | D48: SAN MARTIN Y 9 DE JULIO | E48: Domo | F48: Fibra Optica | H48: 172.20.12.02 | I48: =COUNTIF(L48:AM48,"") -> 28 | J48: =COUNTIF(L48:AM48,"APAGADO") -> 0 | K48: =(I48)/(J48+I48) -> 1
A49: CENTRO | B49: CEN26 | C49: BONOMO | D49: Mitre y España | E49: Domo | F49: Fibra Optica | H49: 172.20.12.06 | I49: =COUNTIF(L49:AM49,"") -> 28 | J49: =COUNTIF(L49:AM49,"APAGADO") -> 0 | K49: =(I49)/(J49+I49) -> 1
A50: CENTRO | B50: CEN27 | C50: BONOMO | D50: San Juan y España | E50: Domo | F50: Fibra Optica | H50: 172.20.12.37 | I50: =COUNTIF(L50:AM50,"") -> 28 | J50: =COUNTIF(L50:AM50,"APAGADO") -> 0 | K50: =(I50)/(J50+I50) -> 1
A51: CENTRO | B51: CEN28 | C51: BONOMO | D51: Mitre y Alberdi | E51: Domo | F51: Fibra Optica | H51: 172.20.12.38 | I51: =COUNTIF(L51:AM51,"") -> 28 | J51: =COUNTIF(L51:AM51,"APAGADO") -> 0 | K51: =(I51)/(J51+I51) -> 1
A52: CENTRO | B52: CEN29 | C52: BONOMO | D52: Alberdi y San Juan | E52: Domo | F52: Fibra Optica | H52: 172.20.12.40 | I52: =COUNTIF(L52:AM52,"") -> 28 | J52: =COUNTIF(L52:AM52,"APAGADO") -> 0 | K52: =(I52)/(J52+I52) -> 1
A53: CENTRO | B53: CEN30 | C53: BONOMO | D53: Mitre y Pringles | E53: Domo | F53: Fibra Optica | H53: 172.20.12.39 | I53: =COUNTIF(L53:AM53,"") -> 26 | J53: =COUNTIF(L53:AM53,"APAGADO") -> 2 | K53: =(I53)/(J53+I53) -> 0.92857143 | P53: APAGADO | Q53: APAGADO
A54: CENTRO | B54: CEN31 | C54: BONOMO | D54: Mitre e/Monteagudo y Alberdi | E54: Domo | F54: Fibra Optica | H54: 172.20.12.41 | I54: =COUNTIF(L54:AM54,"") -> 28 | J54: =COUNTIF(L54:AM54,"APAGADO") -> 0 | K54: =(I54)/(J54+I54) -> 1
A55: CENTRO | B55: CEN32 | C55: BONOMO | D55: Aristobulo del Valle y España | E55: Domo | F55: Fibra Optica | H55: 172.20.12.42 | I55: =COUNTIF(L55:AM55,"") -> 26 | J55: =COUNTIF(L55:AM55,"APAGADO") -> 2 | K55: =(I55)/(J55+I55) -> 0.92857143 | P55: APAGADO | Q55: APAGADO
A56: CENTRO | B56: CEN33 | C56: BONOMO | D56: Peron y Alberdi | E56: Domo | F56: Fibra Optica | H56: 172.20.12.47 | I56: =COUNTIF(L56:AM56,"") -> 28 | J56: =COUNTIF(L56:AM56,"APAGADO") -> 0 | K56: =(I56)/(J56+I56) -> 1
A57: CENTRO | B57: CEN34 | C57: BONOMO | D57: Peron y España | E57: Domo | F57: Fibra Optica | H57: 172.20.12.49 | I57: =COUNTIF(L57:AM57,"") -> 15 | J57: =COUNTIF(L57:AM57,"APAGADO") -> 13 | K57: =(I57)/(J57+I57) -> 0.53571429 | V57: APAGADO | W57: APAGADO | X57: APAGADO | Y57: APAGADO | Z57: APAGADO | AA57: APAGADO | AB57: APAGADO | AC57: APAGADO | AD57: APAGADO | AE57: APAGADO | AF57: APAGADO | AG57: APAGADO | AH57: APAGADO
A58: CENTRO | B58: CEN35 | C58: BONOMO | D58: España y Marmol | E58: Domo | F58: Fibra Optica | H58: 172.20.12.50 | I58: =COUNTIF(L58:AM58,"") -> 28 | J58: =COUNTIF(L58:AM58,"APAGADO") -> 0 | K58: =(I58)/(J58+I58) -> 1
A59: CENTRO | B59: CEN36 | C59: BONOMO | D59: España y 9 de Julio | E59: Domo | F59: Fibra Optica | H59: 172.20.12.51 | I59: =COUNTIF(L59:AM59,"") -> 8 | J59: =COUNTIF(L59:AM59,"APAGADO") -> 20 | K59: =(I59)/(J59+I59) -> 0.28571429 | O59: APAGADO | P59: APAGADO | Q59: APAGADO | R59: APAGADO | S59: APAGADO | T59: APAGADO | U59: APAGADO | V59: APAGADO | W59: APAGADO | X59: APAGADO | Y59: APAGADO | Z59: APAGADO | AA59: APAGADO | AB59: APAGADO | AC59: APAGADO | AD59: APAGADO | AE59: APAGADO | AF59: APAGADO | AG59: APAGADO | AH59: APAGADO
A60: CENTRO | B60: CEN 37 | C60: BONOMO | D60: Diagonal Granaderos y Monteagudo | E60: Domo | F60: Fibra Optica | H60: 172.20.12.52 | I60: =COUNTIF(L60:AM60,"") -> 27 | J60: =COUNTIF(L60:AM60,"APAGADO") -> 1 | K60: =(I60)/(J60+I60) -> 0.96428571 | V60: APAGADO
A61: CENTRO | B61: CEN38 | C61: BONOMO | D61: Diagonal Constituyentes y Almafuerte | E61: Domo | F61: Fibra Optica | H61: 172.20.12.53 | I61: =COUNTIF(L61:AM61,"") -> 28 | J61: =COUNTIF(L61:AM61,"APAGADO") -> 0 | K61: =(I61)/(J61+I61) -> 1
A62: CENTRO | B62: CEN39 | C62: BONOMO | D62: San Martin y Alem | E62: Domo | F62: Fibra Optica | H62: 172.20.12.56 | I62: =COUNTIF(L62:AM62,"") -> 28 | J62: =COUNTIF(L62:AM62,"APAGADO") -> 0 | K62: =(I62)/(J62+I62) -> 1
A63: CENTRO | B63: CEN40 | C63: BONOMO | D63: Contreras y Monteagudo | E63: Domo | F63: Fibra Optica | H63: 172.20.12.57 | I63: =COUNTIF(L63:AM63,"") -> 28 | J63: =COUNTIF(L63:AM63,"APAGADO") -> 0 | K63: =(I63)/(J63+I63) -> 1
A64: CENTRO | B64: CEN41 | C64: BONOMO | D64: Contreras y Alberdi | E64: Domo | F64: Fibra Optica | H64: 172.20.12.58 | I64: =COUNTIF(L64:AM64,"") -> 28 | J64: =COUNTIF(L64:AM64,"APAGADO") -> 0 | K64: =(I64)/(J64+I64) -> 1
A65: CENTRO | B65: CEN42 | C65: BONOMO | D65: Diagonal Constituyentes y Alem | E65: Domo | F65: Fibra Optica | H65: 172.20.12.59 | I65: =COUNTIF(L65:AM65,"") -> 28 | J65: =COUNTIF(L65:AM65,"APAGADO") -> 0 | K65: =(I65)/(J65+I65) -> 1
A66: CENTRO | B66: CEN43 | C66: BONOMO | D66: Sallares y Alberdi | E66: Domo | F66: Fibra Optica | H66: 172.20.12.61 | I66: =COUNTIF(L66:AM66,"") -> 28 | J66: =COUNTIF(L66:AM66,"APAGADO") -> 0 | K66: =(I66)/(J66+I66) -> 1
A67: CENTRO | B67: CEN44 | C67: BONOMO | D67: Mitre y Brown | E67: Domo | F67: Fibra Optica | H67: 172.20.12.62 | I67: =COUNTIF(L67:AM67,"") -> 23 | J67: =COUNTIF(L67:AM67,"APAGADO") -> 5 | K67: =(I67)/(J67+I67) -> 0.82142857 | V67: APAGADO | W67: APAGADO | X67: APAGADO | Y67: APAGADO | Z67: APAGADO
A68: CENTRO | B68: CEN45 (fija 1) | C68: BONOMO | D68: EEUU Y MORENO | E68: Fija | F68: Fibra Optica | H68: 172.20.11.74 | I68: =COUNTIF(L68:AM68,"") -> 28 | J68: =COUNTIF(L68:AM68,"APAGADO") -> 0 | K68: =(I68)/(J68+I68) -> 1
A69: CENTRO | B69: CEN46 (fija 2) | C69: BONOMO | D69: EEUU Y MORENO | E69: Fija | F69: Fibra Optica | H69: 172.20.11.75 | I69: =COUNTIF(L69:AM69,"") -> 28 | J69: =COUNTIF(L69:AM69,"APAGADO") -> 0 | K69: =(I69)/(J69+I69) -> 1
A70: CENTRO | B70: CEN47 | C70: BONOMO | D70: Sallares y Brown | E70: Domo | F70: Fibra Optica | H70: 172.20.12.65 | I70: =COUNTIF(L70:AM70,"") -> 23 | J70: =COUNTIF(L70:AM70,"APAGADO") -> 5 | K70: =(I70)/(J70+I70) -> 0.82142857 | V70: APAGADO | W70: APAGADO | X70: APAGADO | Y70: APAGADO | Z70: APAGADO
A71: CENTRO | B71: CEN48 | C71: BONOMO | D71: Velez Sarsfield y Las Heras | E71: Domo | F71: Radio | H71: 172.20.200.181 | I71: =COUNTIF(L71:AM71,"") -> 28 | J71: =COUNTIF(L71:AM71,"APAGADO") -> 0 | K71: =(I71)/(J71+I71) -> 1
A72: CENTRO | B72: CEN49 | C72: BONOMO | D72: Av. San Martin y Florencio Sanchez | E72: Domo | F72: Radio | H72: 172.20.200.182 | I72: =COUNTIF(L72:AM72,"") -> 28 | J72: =COUNTIF(L72:AM72,"APAGADO") -> 0 | K72: =(I72)/(J72+I72) -> 1
A73: CENTRO | B73: CEN 50 | C73: BONOMO | D73: Av. San Martin y Newbery | E73: Domo | F73: Radio | H73: 172.20.200.184 | I73: =COUNTIF(L73:AM73,"") -> 28 | J73: =COUNTIF(L73:AM73,"APAGADO") -> 0 | K73: =(I73)/(J73+I73) -> 1
A74: CENTRO | B74: CEN 51 | C74: BONOMO | D74: ILLIA Y LAS HERAS | E74: FIJA | F74: Fibra Optica | H74: 172.20.11.29 | I74: =COUNTIF(L74:AM74,"") -> 28 | J74: =COUNTIF(L74:AM74,"APAGADO") -> 0 | K74: =(I74)/(J74+I74) -> 1
A75: CENTRO | B75: CEN52 | C75: BONOMO | D75: San Martin y Almafuerte (ex San Martin y Dorrego) | E75: DOMO | F75: Radio | H75: 172.20.200.191 | I75: =COUNTIF(L75:AM75,"") -> 28 | J75: =COUNTIF(L75:AM75,"APAGADO") -> 0 | K75: =(I75)/(J75+I75) -> 1
A76: CENTRO | B76: CEN 53 | C76: BONOMO | D76: GUTIERREZ Y BROWN | E76: Domo | F76: Radio | H76: 172.20.200.166 | I76: =COUNTIF(L76:AM76,"") -> 28 | J76: =COUNTIF(L76:AM76,"APAGADO") -> 0 | K76: =(I76)/(J76+I76) -> 1
A77: CENTRO | B77: CEN 54 | C77: BONOMO | D77: GUTIERREZ Y PRINGLES | E77: Domo | F77: Radio | H77: 172.20.200.165 | I77: =COUNTIF(L77:AM77,"") -> 27 | J77: =COUNTIF(L77:AM77,"APAGADO") -> 1 | K77: =(I77)/(J77+I77) -> 0.96428571 | Q77: APAGADO
A78: CENTRO | B78: CEN 55 | C78: BONOMO | D78: BOUREL Y URQUIZA | E78: Domo | F78: Radio | H78: 172.20.200.163 | I78: =COUNTIF(L78:AM78,"") -> 28 | J78: =COUNTIF(L78:AM78,"APAGADO") -> 0 | K78: =(I78)/(J78+I78) -> 1
A79: CENTRO | B79: CEN 56 | C79: BONOMO | D79: Newbery y Falucho | E79: DOMO | F79: Radio | H79: 172.20.200.161 | I79: =COUNTIF(L79:AM79,"") -> 28 | J79: =COUNTIF(L79:AM79,"APAGADO") -> 0 | K79: =(I79)/(J79+I79) -> 1
A80: CENTRO | B80: CEN 57 | C80: BONOMO | D80: 25 DE MAYO Y DORREGO | E80: DOMO | F80: Radio | H80: 172.20.200.199 | I80: =COUNTIF(L80:AM80,"") -> 28 | J80: =COUNTIF(L80:AM80,"APAGADO") -> 0 | K80: =(I80)/(J80+I80) -> 1
A81: CENTRO | B81: CEN 58 | C81: BONOMO | D81: EEUU Y MORENO | E81: DOMO | F81: Fibra Optica | H81: 172.20.11.84 | I81: =COUNTIF(L81:AM81,"") -> 21 | J81: =COUNTIF(L81:AM81,"APAGADO") -> 7 | K81: =(I81)/(J81+I81) -> 0.75 | R81: APAGADO | S81: APAGADO | T81: APAGADO | U81: APAGADO | V81: APAGADO | W81: APAGADO | X81: APAGADO
A82: CENTRO | B82: CEN59 | C82: BONOMO | D82: CHACABUCO Y BOUREL | E82: DOMO | F82: Radio | H82: 172.20.200.188 | I82: =COUNTIF(L82:AM82,"") -> 28 | J82: =COUNTIF(L82:AM82,"APAGADO") -> 0 | K82: =(I82)/(J82+I82) -> 1
A83: CENTRO | B83: CEN 60 | C83: BONOMO | D83: RECONQUISTA Y ILLIA | E83: DOMO | F83: PTO A FO | G83: ILLIA Y LAS HERAS | H83: 172.20.12.67 | I83: =COUNTIF(L83:AM83,"") -> 28 | J83: =COUNTIF(L83:AM83,"APAGADO") -> 0 | K83: =(I83)/(J83+I83) -> 1
A84: CENTRO | B84: CEN 61 | C84: BONOMO | D84: BOUREL Y MAIPU | E84: DOMO | F84: Radio | H84: 172.20.200.159 | I84: =COUNTIF(L84:AM84,"") -> 28 | J84: =COUNTIF(L84:AM84,"APAGADO") -> 0 | K84: =(I84)/(J84+I84) -> 1
A85: CENTRO | B85: CEN62 | C85: BONOMO | D85: ESPAÑA Y ALEM | E85: DOMO | F85: PTO A FO | G85: SAN MARTIN Y ALEM | H85: 172.20.12.82 | I85: =COUNTIF(L85:AM85,"") -> 28 | J85: =COUNTIF(L85:AM85,"APAGADO") -> 0 | K85: =(I85)/(J85+I85) -> 1
A86: CENTRO | B86: CEN63 | C86: BONOMO | D86: SAN MARTIN Y URQUIZA | E86: DOMO | F86: Fibra Optica | H86: 172.20.11.112 | I86: =COUNTIF(L86:AM86,"") -> 28 | J86: =COUNTIF(L86:AM86,"APAGADO") -> 0 | K86: =(I86)/(J86+I86) -> 1
A87: CENTRO | B87: CEN64 | C87: BONOMO | D87: SAN MARTIN Y BOCCUZZI | E87: FIJA | F87: Fibra Optica | H87: 172.20.11.134 | I87: =COUNTIF(L87:AM87,"") -> 28 | J87: =COUNTIF(L87:AM87,"APAGADO") -> 0 | K87: =(I87)/(J87+I87) -> 1
A88: CENTRO | B88: CEN 65 | C88: BONOMO | D88: SAN MARTIN Y JUAN PERON | E88: FIJA | F88: Fibra Optica | H88: 172.20.11.135 | I88: =COUNTIF(L88:AM88,"") -> 28 | J88: =COUNTIF(L88:AM88,"APAGADO") -> 0 | K88: =(I88)/(J88+I88) -> 1
A89: CENTRO | B89: CEN66 | C89: BONOMO | D89: SAN MARTIN Y JUAN PERON | E89: FIJA | F89: Fibra Optica | H89: 172.20.11.136 | I89: =COUNTIF(L89:AM89,"") -> 28 | J89: =COUNTIF(L89:AM89,"APAGADO") -> 0 | K89: =(I89)/(J89+I89) -> 1
A90: CENTRO | B90: CEN67 (fija 1) | C90: BONOMO | D90: 9 DE JULIO Y BROWN | E90: Fija | F90: Fibra Optica | H90: 172.20.11.188 | I90: =COUNTIF(L90:AM90,"") -> 28 | J90: =COUNTIF(L90:AM90,"APAGADO") -> 0 | K90: =(I90)/(J90+I90) -> 1
A91: CENTRO | B91: CEN68 (fija 2) | C91: BONOMO | D91: 9 DE JULIO Y BROWN | E91: Fija | F91: Fibra Optica | H91: 172.20.11.189 | I91: =COUNTIF(L91:AM91,"") -> 28 | J91: =COUNTIF(L91:AM91,"APAGADO") -> 0 | K91: =(I91)/(J91+I91) -> 1
A92: CENTRO | B92: CEN69 | C92: BONOMO | D92: RIVADAVIA Y BOUREL | E92: DOMO | F92: Fibra Optica | H92: 172.20.11.222 | I92: =COUNTIF(L92:AM92,"") -> 25 | J92: =COUNTIF(L92:AM92,"APAGADO") -> 3 | K92: =(I92)/(J92+I92) -> 0.89285714 | AB92: APAGADO | AE92: APAGADO | AF92: APAGADO
A93: CENTRO | B93: CEN 70 | C93: BONOMO | D93: RIVADAVIA Y 25 MAYO | E93: Domo | F93: Fibra Optica | H93: 172.20.11.221 | I93: =COUNTIF(L93:AM93,"") -> 25 | J93: =COUNTIF(L93:AM93,"APAGADO") -> 3 | K93: =(I93)/(J93+I93) -> 0.89285714 | AB93: APAGADO | AE93: APAGADO | AF93: APAGADO
A94: CENTRO | B94: CEN 71 | C94: BONOMO | D94: MORENO Y BOUREL | E94: Domo | F94: Fibra Optica | H94: 172.20.11.220 | I94: =COUNTIF(L94:AM94,"") -> 20 | J94: =COUNTIF(L94:AM94,"APAGADO") -> 8 | K94: =(I94)/(J94+I94) -> 0.71428571 | V94: APAGADO | W94: APAGADO | X94: APAGADO | Y94: APAGADO | Z94: APAGADO | AB94: APAGADO | AE94: APAGADO | AF94: APAGADO
A95: CENTRO | B95: CEN 72 | C95: BONOMO | D95: MORENO Y 25 DE MAYO | E95: Domo | F95: Fibra Optica | H95: 172.20.11.219 | I95: =COUNTIF(L95:AM95,"") -> 21 | J95: =COUNTIF(L95:AM95,"APAGADO") -> 7 | K95: =(I95)/(J95+I95) -> 0.75 | V95: APAGADO | W95: APAGADO | X95: APAGADO | Y95: APAGADO | Z95: APAGADO | AB95: APAGADO | AF95: APAGADO
A96: CENTRO | B96: CEN73 | C96: BONOMO | D96: BOUREL Y DEFENSA | E96: DOMO | F96: Fibra Optica | H96: 172.20.11.223 | I96: =COUNTIF(L96:AM96,"") -> 27 | J96: =COUNTIF(L96:AM96,"APAGADO") -> 1 | K96: =(I96)/(J96+I96) -> 0.96428571 | AE96: APAGADO
A97: CENTRO | B97: CEN74 | C97: BONOMO | D97: Las Heras y Maipu | E97: Domo | F97: Fibra Optica | H97: 172.20.11.53 | I97: =COUNTIF(L97:AM97,"") -> 25 | J97: =COUNTIF(L97:AM97,"APAGADO") -> 3 | K97: =(I97)/(J97+I97) -> 0.89285714 | AB97: APAGADO | AE97: APAGADO | AF97: APAGADO
A98: CENTRO | B98: CEN 75 | C98: BONOMO | D98: 25 DE MAYO Y CASTELLI | E98: Domo | F98: Fibra Optica | H98: 172.20.11.114 | I98: =COUNTIF(L98:AM98,"") -> 28 | J98: =COUNTIF(L98:AM98,"APAGADO") -> 0 | K98: =(I98)/(J98+I98) -> 1
A99: CENTRO | B99: CEN 76 | C99: BONOMO | D99: ESPAÑA E/MITRE Y BOCUZZI | E99: Fija | F99: Fibra Optica | H99: 172-20.11.110 | I99: =COUNTIF(L99:AM99,"") -> 28 | J99: =COUNTIF(L99:AM99,"APAGADO") -> 0 | K99: =(I99)/(J99+I99) -> 1
A100: CENTRO | B100: CEN 77 | C100: BONOMO | D100: Monteagudo e/ Mitre y Boccuzzi | E100: Fija | F100: Fibra Optica | H100: 172.20.11.241 | I100: =COUNTIF(L100:AM100,"") -> 28 | J100: =COUNTIF(L100:AM100,"APAGADO") -> 0 | K100: =(I100)/(J100+I100) -> 1
...

Sheet ESTADISTICA
A1: ='RESUMEN TOTAL'!A4 -> Barrio | B1: ='RESUMEN TOTAL'!B4 -> [Denominacion] | C1: ='RESUMEN TOTAL'!D4 -> [Ubicacion] | D1: ='RESUMEN TOTAL'!E4 -> [Tipo de Camara] | E1: ='RESUMEN TOTAL'!F4 -> [Tipo de Conexion] | F1: ='RESUMEN TOTAL'!L4 -> 45231 | G1: ='RESUMEN TOTAL'!M4 -> 45232 | H1: ='RESUMEN TOTAL'!N4 -> 45233 | I1: ='RESUMEN TOTAL'!O4 -> 45234 | J1: ='RESUMEN TOTAL'!P4 -> 45235 | K1: ='RESUMEN TOTAL'!Q4 -> 45236 | L1: ='RESUMEN TOTAL'!R4 -> 45237 | M1: ='RESUMEN TOTAL'!S4 -> 45238 | ... AI1: ='RESUMEN TOTAL'!AO4 -> 45260 | AJ1: ='RESUMEN TOTAL'!#REF! -> #REF!
A2: ='RESUMEN TOTAL'!A5 -> ALTAMIRA | B2: ='RESUMEN TOTAL'!B5 -> ALT01 | C2: ='RESUMEN TOTAL'!D5 -> Calchaqui y Sgto. Cabral | D2: ='RESUMEN TOTAL'!E5 -> Domo | E2: ='RESUMEN TOTAL'!F5 -> Fibra Optica | F2: ='RESUMEN TOTAL'!L5 -> 0 | G2: ='RESUMEN TOTAL'!M5 -> 0 | H2: ='RESUMEN TOTAL'!N5 -> 0 | I2: ='RESUMEN TOTAL'!O5 -> 0 | J2: ='RESUMEN TOTAL'!P5 -> 0 | K2: ='RESUMEN TOTAL'!Q5 -> 0 | L2: ='RESUMEN TOTAL'!R5 -> 0 | M2: ='RESUMEN TOTAL'!S5 -> 0 | ... AI2: ='RESUMEN TOTAL'!AO5 -> 0 | AJ2: ='RESUMEN TOTAL'!#REF! -> #REF!
A3: ='RESUMEN TOTAL'!A6 -> ALTAMIRA | B3: ='RESUMEN TOTAL'!B6 -> ALT02 | C3: ='RESUMEN TOTAL'!D6 -> Calchaqui y Lope de Vega | D3: ='RESUMEN TOTAL'!E6 -> Domo | E3: ='RESUMEN TOTAL'!F6 -> PTO A FO | F3: ='RESUMEN TOTAL'!L6 -> 0 | G3: ='RESUMEN TOTAL'!M6 -> 0 | H3: ='RESUMEN TOTAL'!N6 -> 0 | I3: ='RESUMEN TOTAL'!O6 -> 0 | J3: ='RESUMEN TOTAL'!P6 -> 0 | K3: ='RESUMEN TOTAL'!Q6 -> 0 | L3: ='RESUMEN TOTAL'!R6 -> 0 | M3: ='RESUMEN TOTAL'!S6 -> 0 | ... AI3: ='RESUMEN TOTAL'!AO6 -> 0 | AJ3: ='RESUMEN TOTAL'!#REF! -> #REF!
A4: ='RESUMEN TOTAL'!A7 -> ALTAMIRA | B4: ='RESUMEN TOTAL'!B7 -> ALT 03 | C4: ='RESUMEN TOTAL'!D7 -> Bombero Galarza y Necochea | D4: ='RESUMEN TOTAL'!E7 -> Domo | E4: ='RESUMEN TOTAL'!F7 -> Fibra Optica | F4: ='RESUMEN TOTAL'!L7 -> 0 | G4: ='RESUMEN TOTAL'!M7 -> 0 | H4: ='RESUMEN TOTAL'!N7 -> 0 | I4: ='RESUMEN TOTAL'!O7 -> 0 | J4: ='RESUMEN TOTAL'!P7 -> 0 | K4: ='RESUMEN TOTAL'!Q7 -> 0 | L4: ='RESUMEN TOTAL'!R7 -> 0 | M4: ='RESUMEN TOTAL'!S7 -> 0 | ... AI4: ='RESUMEN TOTAL'!AO7 -> 0 | AJ4: ='RESUMEN TOTAL'!#REF! -> #REF!
A5: ='RESUMEN TOTAL'!A8 -> ALTAMIRA | B5: ='RESUMEN TOTAL'!B8 -> ALT 04 | C5: ='RESUMEN TOTAL'!D8 -> Francia y Necochea | D5: ='RESUMEN TOTAL'!E8 -> Domo | E5: ='RESUMEN TOTAL'!F8 -> Fibra Optica | F5: ='RESUMEN TOTAL'!L8 -> 0 | G5: ='RESUMEN TOTAL'!M8 -> 0 | H5: ='RESUMEN TOTAL'!N8 -> 0 | I5: ='RESUMEN TOTAL'!O8 -> 0 | J5: ='RESUMEN TOTAL'!P8 -> 0 | K5: ='RESUMEN TOTAL'!Q8 -> 0 | L5: ='RESUMEN TOTAL'!R8 -> 0 | M5: ='RESUMEN TOTAL'!S8 -> 0 | ... AI5: ='RESUMEN TOTAL'!AO8 -> 0 | AJ5: ='RESUMEN TOTAL'!#REF! -> #REF!
A6: ='RESUMEN TOTAL'!A9 -> ALTAMIRA | B6: ='RESUMEN TOTAL'!B9 -> ALT05 | C6: ='RESUMEN TOTAL'!D9 -> Av. Calchaqui y Bombero Galarza | D6: ='RESUMEN TOTAL'!E9 -> Domo | E6: ='RESUMEN TOTAL'!F9 -> PTO A FO | F6: ='RESUMEN TOTAL'!L9 -> 0 | G6: ='RESUMEN TOTAL'!M9 -> 0 | H6: ='RESUMEN TOTAL'!N9 -> 0 | I6: ='RESUMEN TOTAL'!O9 -> 0 | J6: ='RESUMEN TOTAL'!P9 -> 0 | K6: ='RESUMEN TOTAL'!Q9 -> 0 | L6: ='RESUMEN TOTAL'!R9 -> 0 | M6: ='RESUMEN TOTAL'!S9 -> 0 | ... AI6: ='RESUMEN TOTAL'!AO9 -> 0 | AJ6: ='RESUMEN TOTAL'!#REF! -> #REF!
A7: ='RESUMEN TOTAL'!A10 -> ALTAMIRA | B7: ='RESUMEN TOTAL'!B10 -> ALT 06 | C7: ='RESUMEN TOTAL'!D10 -> LOPE DE VEGA Y NECOCHEA | D7: ='RESUMEN TOTAL'!E10 -> Domo | E7: ='RESUMEN TOTAL'!F10 -> PTO A FO | F7: ='RESUMEN TOTAL'!L10 -> 0 | G7: ='RESUMEN TOTAL'!M10 -> 0 | H7: ='RESUMEN TOTAL'!N10 -> 0 | I7: ='RESUMEN TOTAL'!O10 -> 0 | J7: ='RESUMEN TOTAL'!P10 -> 0 | K7: ='RESUMEN TOTAL'!Q10 -> 0 | L7: ='RESUMEN TOTAL'!R10 -> 0 | M7: ='RESUMEN TOTAL'!S10 -> 0 | ... AI7: ='RESUMEN TOTAL'!AO10 -> 0 | AJ7: ='RESUMEN TOTAL'!#REF! -> #REF!
A8: ='RESUMEN TOTAL'!A11 -> ALTAMIRA | B8: ='RESUMEN TOTAL'!B11 -> ALT07 | C8: ='RESUMEN TOTAL'!D11 -> AV. CALCHAQUI Y AV. DEL TRABAJO | D8: ='RESUMEN TOTAL'!E11 -> DOMO | E8: ='RESUMEN TOTAL'!F11 -> PTO A FO | F8: ='RESUMEN TOTAL'!L11 -> 0 | G8: ='RESUMEN TOTAL'!M11 -> 0 | H8: ='RESUMEN TOTAL'!N11 -> 0 | I8: ='RESUMEN TOTAL'!O11 -> 0 | J8: ='RESUMEN TOTAL'!P11 -> 0 | K8: ='RESUMEN TOTAL'!Q11 -> 0 | L8: ='RESUMEN TOTAL'!R11 -> 0 | M8: ='RESUMEN TOTAL'!S11 -> 0 | ... AI8: ='RESUMEN TOTAL'!AO11 -> 0 | AJ8: ='RESUMEN TOTAL'!#REF! -> #REF!
A9: ='RESUMEN TOTAL'!A12 -> ALTAMIRA | B9: ='RESUMEN TOTAL'!B12 -> ALT 08 | C9: ='RESUMEN TOTAL'!D12 -> HUMAITA Y NECOCHEA | D9: ='RESUMEN TOTAL'!E12 -> DOMO | E9: ='RESUMEN TOTAL'!F12 -> Fibra Optica | F9: ='RESUMEN TOTAL'!L12 -> 0 | G9: ='RESUMEN TOTAL'!M12 -> 0 | H9: ='RESUMEN TOTAL'!N12 -> 0 | I9: ='RESUMEN TOTAL'!O12 -> 0 | J9: ='RESUMEN TOTAL'!P12 -> 0 | K9: ='RESUMEN TOTAL'!Q12 -> 0 | L9: ='RESUMEN TOTAL'!R12 -> 0 | M9: ='RESUMEN TOTAL'!S12 -> 0 | ... AI9: ='RESUMEN TOTAL'!AO12 -> 0 | AJ9: ='RESUMEN TOTAL'!#REF! -> #REF!
A10: ='RESUMEN TOTAL'!A13 -> ALTAMIRA | B10: ='RESUMEN TOTAL'!B13 -> ALT 09 | C10: ='RESUMEN TOTAL'!D13 -> NECOCHEA Y CURUPAITY | D10: ='RESUMEN TOTAL'!E13 -> DOMO | E10: ='RESUMEN TOTAL'!F13 -> Fibra Optica | F10: ='RESUMEN TOTAL'!L13 -> 0 | G10: ='RESUMEN TOTAL'!M13 -> 0 | H10: ='RESUMEN TOTAL'!N13 -> 0 | I10: ='RESUMEN TOTAL'!O13 -> 0 | J10: ='RESUMEN TOTAL'!P13 -> 0 | K10: ='RESUMEN TOTAL'!Q13 -> 0 | L10: ='RESUMEN TOTAL'!R13 -> 0 | M10: ='RESUMEN TOTAL'!S13 -> 0 | ... AI10: ='RESUMEN TOTAL'!AO13 -> 0 | AJ10: ='RESUMEN TOTAL'!#REF! -> #REF!
A11: ='RESUMEN TOTAL'!A14 -> ALTAMIRA | B11: ='RESUMEN TOTAL'!B14 -> ALT 10 | C11: ='RESUMEN TOTAL'!D14 -> Calchaqui y Francia | D11: ='RESUMEN TOTAL'!E14 -> Domo | E11: ='RESUMEN TOTAL'!F14 -> Radio | F11: ='RESUMEN TOTAL'!L14 -> APAGADO | G11: ='RESUMEN TOTAL'!M14 -> APAGADO | H11: ='RESUMEN TOTAL'!N14 -> APAGADO | I11: ='RESUMEN TOTAL'!O14 -> APAGADO | J11: ='RESUMEN TOTAL'!P14 -> APAGADO | K11: ='RESUMEN TOTAL'!Q14 -> APAGADO | L11: ='RESUMEN TOTAL'!R14 -> APAGADO | M11: ='RESUMEN TOTAL'!S14 -> APAGADO | ... AI11: ='RESUMEN TOTAL'!AO14 -> 0 | AJ11: ='RESUMEN TOTAL'!#REF! -> #REF!
A12: ='RESUMEN TOTAL'!A15 -> AGUSTIN RAMIREZ | B12: ='RESUMEN TOTAL'!B15 -> ARA 01 | C12: ='RESUMEN TOTAL'!D15 -> Malambo y Tranquera | D12: ='RESUMEN TOTAL'!E15 -> Domo | E12: ='RESUMEN TOTAL'!F15 -> Fibra Optica | F12: ='RESUMEN TOTAL'!L15 -> APAGADO | G12: ='RESUMEN TOTAL'!M15 -> APAGADO | H12: ='RESUMEN TOTAL'!N15 -> APAGADO | I12: ='RESUMEN TOTAL'!O15 -> APAGADO | J12: ='RESUMEN TOTAL'!P15 -> APAGADO | K12: ='RESUMEN TOTAL'!Q15 -> APAGADO | L12: ='RESUMEN TOTAL'!R15 -> APAGADO | M12: ='RESUMEN TOTAL'!S15 -> APAGADO | ... AI12: ='RESUMEN TOTAL'!AO15 -> 0 | AJ12: ='RESUMEN TOTAL'!#REF! -> #REF!
... A121: ='RESUMEN TOTAL'!A124 -> DON JOSE | B121: ='RESUMEN TOTAL'!B124 -> DJ 07 | C121: ='RESUMEN TOTAL'!D124 -> Calle 414 y El Indio | D121: ='RESUMEN TOTAL'!E124 -> Fija | E121: ='RESUMEN TOTAL'!F124 -> PTO A FO | F121: ='RESUMEN TOTAL'!L124 -> 0 | G121: ='RESUMEN TOTAL'!M124 -> 0 | H121: ='RESUMEN TOTAL'!N124 -> 0 | I121: ='RESUMEN TOTAL'!O124 -> 0 | J121: ='RESUMEN TOTAL'!P124 -> 0 | K121: ='RESUMEN TOTAL'!Q124 -> 0 | L121: ='RESUMEN TOTAL'!R124 -> 0 | M121: ='RESUMEN TOTAL'!S124 -> 0 | ... AI121: ='RESUMEN TOTAL'!AO124 -> 0 | AJ121: ='RESUMEN TOTAL'!#REF! -> #REF!
A122: ='RESUMEN TOTAL'!A126 -> EL PARQUE | B122: ='RESUMEN TOTAL'!B126 -> EPQ 01 | C122: ='RESUMEN TOTAL'!D126 -> 1282 Y GRIERSON | D122: ='RESUMEN TOTAL'!E126 -> DOMO | E122: ='RESUMEN TOTAL'!F126 -> Fibra Optica | F122: ='RESUMEN TOTAL'!L126 -> 0 | G122: ='RESUMEN TOTAL'!M126 -> 0 | H122: ='RESUMEN TOTAL'!N126 -> 0 | I122: ='RESUMEN TOTAL'!O126 -> 0 | J122: ='RESUMEN TOTAL'!P126 -> 0 | K122: ='RESUMEN TOTAL'!Q126 -> 0 | L122: ='RESUMEN TOTAL'!R126 -> 0 | M122: ='RESUMEN TOTAL'!S126 -> 0 | ... AI122: ='RESUMEN TOTAL'!AO126 -> 0 | AJ122: ='RESUMEN TOTAL'!#REF! -> #REF!
A123: ='RESUMEN TOTAL'!A127 -> EL PARQUE | B123: ='RESUMEN TOTAL'!B127 -> EPQ 02 | C123: ='RESUMEN TOTAL'!D127 -> 1282 Y MASSE | D123: ='RESUMEN TOTAL'!E127 -> DOMO | E123: ='RESUMEN TOTAL'!F127 -> Fibra Optica | F123: ='RESUMEN TOTAL'!L127 -> 0 | G123: ='RESUMEN TOTAL'!M127 -> 0 | H123: ='RESUMEN TOTAL'!N127 -> 0 | I123: ='RESUMEN TOTAL'!O127 -> 0 | J123: ='RESUMEN TOTAL'!P127 -> 0 | K123: ='RESUMEN TOTAL'!Q127 -> 0 | L123: ='RESUMEN TOTAL'!R127 -> 0 | M123: ='RESUMEN TOTAL'!S127 -> 0 | ... AI123: ='RESUMEN TOTAL'!AO127 -> 0 | AJ123: ='RESUMEN TOTAL'!#REF! -> #REF!
A124: ='RESUMEN TOTAL'!A128 -> EL PARQUE | B124: ='RESUMEN TOTAL'!B128 -> EPQ 03 | C124: ='RESUMEN TOTAL'!D128 -> 1282 Y RP 36 | D124: ='RESUMEN TOTAL'!E128 -> Domo | E124: ='RESUMEN TOTAL'!F128 -> Fibra Optica | F124: ='RESUMEN TOTAL'!L128 -> 0 | G124: ='RESUMEN TOTAL'!M128 -> 0 | H124: ='RESUMEN TOTAL'!N128 -> 0 | I124: ='RESUMEN TOTAL'!O128 -> 0 | J124: ='RESUMEN TOTAL'!P128 -> 0 | K124: ='RESUMEN TOTAL'!Q128 -> 0 | L124: ='RESUMEN TOTAL'!R128 -> 0 | M124: ='RESUMEN TOTAL'!S128 -> 0 | ... AI124: ='RESUMEN TOTAL'!AO128 -> 0 | AJ124: ='RESUMEN TOTAL'!#REF! -> #REF!
A125: ='RESUMEN TOTAL'!A129 -> EL PARQUE | B125: ='RESUMEN TOTAL'!B129 -> EPQ 04 | C125: ='RESUMEN TOTAL'!D129 -> 1282 Y MORENO | D125: ='RESUMEN TOTAL'!E129 -> DOMO | E125: ='RESUMEN TOTAL'!F129 -> Fibra Optica | F125: ='RESUMEN TOTAL'!L129 -> 0 | G125: ='RESUMEN TOTAL'!M129 -> 0 | H125: ='RESUMEN TOTAL'!N129 -> 0 | I125: ='RESUMEN TOTAL'!O129 -> 0 | J125: ='RESUMEN TOTAL'!P129 -> 0 | K125: ='RESUMEN TOTAL'!Q129 -> 0 | L125: ='RESUMEN TOTAL'!R129 -> 0 | M125: ='RESUMEN TOTAL'!S129 -> 0 | ... AI125: ='RESUMEN TOTAL'!AO129 -> 0 | AJ125: ='RESUMEN TOTAL'!#REF! -> #REF!
A126: ='RESUMEN TOTAL'!A130 -> LA ESMERALDA | B126: ='RESUMEN TOTAL'!B130 -> ESM01 | C126: ='RESUMEN TOTAL'!D130 -> Cabello y Brasil | D126: ='RESUMEN TOTAL'!E130 -> Domo | E126: ='RESUMEN TOTAL'!F130 -> Radio | F126: ='RESUMEN TOTAL'!L130 -> 0 | G126: ='RESUMEN TOTAL'!M130 -> 0 | H126: ='RESUMEN TOTAL'!N130 -> 0 | I126: ='RESUMEN TOTAL'!O130 -> 0 | J126: ='RESUMEN TOTAL'!P130 -> 0 | K126: ='RESUMEN TOTAL'!Q130 -> 0 | L126: ='RESUMEN TOTAL'!R130 -> 0 | M126: ='RESUMEN TOTAL'!S130 -> 0 | ... AI126: ='RESUMEN TOTAL'!AO130 -> 0 | AJ126: ='RESUMEN TOTAL'!#REF! -> #REF!
A127: ='RESUMEN TOTAL'!A131 -> SAN JORGE | B127: ='RESUMEN TOTAL'!B131 -> ESM02 | C127: ='RESUMEN TOTAL'!D131 -> Novak y Cabello | D127: ='RESUMEN TOTAL'!E131 -> Domo | E127: ='RESUMEN TOTAL'!F131 -> PTO A FO | F127: ='RESUMEN TOTAL'!L131 -> 0 | G127: ='RESUMEN TOTAL'!M131 -> 0 | H127: ='RESUMEN TOTAL'!N131 -> 0 | I127: ='RESUMEN TOTAL'!O131 -> 0 | J127: ='RESUMEN TOTAL'!P131 -> 0 | K127: ='RESUMEN TOTAL'!Q131 -> 0 | L127: ='RESUMEN TOTAL'!R131 -> 0 | M127: ='RESUMEN TOTAL'!S131 -> 0 | ... AI127: ='RESUMEN TOTAL'!AO131 -> 0 | AJ127: ='RESUMEN TOTAL'!#REF! -> #REF!
A128: ='RESUMEN TOTAL'!A132 -> 0 | B128: ='RESUMEN TOTAL'!B132 -> ESM03 | C128: ='RESUMEN TOTAL'!D132 -> Novak y Humahuaca | D128: ='RESUMEN TOTAL'!E132 -> DOMO | E128: ='RESUMEN TOTAL'!F132 -> PTO A FO | F128: ='RESUMEN TOTAL'!L132 -> 0 | G128: ='RESUMEN TOTAL'!M132 -> 0 | H128: ='RESUMEN TOTAL'!N132 -> 0 | I128: ='RESUMEN TOTAL'!O132 -> 0 | J128: ='RESUMEN TOTAL'!P132 -> 0 | K128: ='RESUMEN TOTAL'!Q132 -> 0 | L128: ='RESUMEN TOTAL'!R132 -> 0 | M128: ='RESUMEN TOTAL'!S132 -> 0 | ... AI128: ='RESUMEN TOTAL'!AO132 -> 0 | AJ128: ='RESUMEN TOTAL'!#REF! -> #REF!
A129: ='RESUMEN TOTAL'!A133 -> LA ESMERALDA | B129: ='RESUMEN TOTAL'!B133 -> ESM04 | C129: ='RESUMEN TOTAL'!D133 -> Basualdo y Bengochea | D129: ='RESUMEN TOTAL'!E133 -> Domo | E129: ='RESUMEN TOTAL'!F133 -> Fibra Optica | F129: ='RESUMEN TOTAL'!L133 -> APAGADO | G129: ='RESUMEN TOTAL'!M133 -> APAGADO | H129: ='RESUMEN TOTAL'!N133 -> APAGADO | I129: ='RESUMEN TOTAL'!O133 -> APAGADO | J129: ='RESUMEN TOTAL'!P133 -> APAGADO | K129: ='RESUMEN TOTAL'!Q133 -> APAGADO | L129: ='RESUMEN TOTAL'!R133 -> APAGADO | M129: ='RESUMEN TOTAL'!S133 -> APAGADO | ... AI129: ='RESUMEN TOTAL'!AO133 -> 0 | AJ129: ='RESUMEN TOTAL'!#REF! -> #REF!
A130: ='RESUMEN TOTAL'!A134 -> LA ESMERALDA | B130: ='RESUMEN TOTAL'!B134 -> ESM05 | C130: ='RESUMEN TOTAL'!D134 -> Aniceto Diaz y Villar | D130: ='RESUMEN TOTAL'!E134 -> Domo | E130: ='RESUMEN TOTAL'!F134 -> Fibra Optica | F130: ='RESUMEN TOTAL'!L134 -> APAGADO | G130: ='RESUMEN TOTAL'!M134 -> APAGADO | H130: ='RESUMEN TOTAL'!N134 -> APAGADO | I130: ='RESUMEN TOTAL'!O134 -> APAGADO | J130: ='RESUMEN TOTAL'!P134 -> APAGADO | K130: ='RESUMEN TOTAL'!Q134 -> APAGADO | L130: ='RESUMEN TOTAL'!R134 -> APAGADO | M130: ='RESUMEN TOTAL'!S134 -> APAGADO | ... AI130: ='RESUMEN TOTAL'!AO134 -> 0 | AJ130: ='RESUMEN TOTAL'!#REF! -> #REF!
A131: ='RESUMEN TOTAL'!A135 -> LA ESMERALDA | B131: ='RESUMEN TOTAL'!B135 -> ESM06 | C131: ='RESUMEN TOTAL'!D135 -> Roselli y Cabello | D131: ='RESUMEN TOTAL'!E135 -> Domo | E131: ='RESUMEN TOTAL'!F135 -> Radio | F131: ='RESUMEN TOTAL'!L135 -> 0 | G131: ='RESUMEN TOTAL'!M135 -> 0 | H131: ='RESUMEN TOTAL'!N135 -> 0 | I131: ='RESUMEN TOTAL'!O135 -> 0 | J131: ='RESUMEN TOTAL'!P135 -> 0 | K131: ='RESUMEN TOTAL'!Q135 -> 0 | L131: ='RESUMEN TOTAL'!R135 -> 0 | M131: ='RESUMEN TOTAL'!S135 -> 0 | ... AI131: ='RESUMEN TOTAL'!AO135 -> 0 | AJ131: ='RESUMEN TOTAL'!#REF! -> #REF!
A132: ='RESUMEN TOTAL'!A136 -> LA ESMERALDA | B132: ='RESUMEN TOTAL'!B136 -> ESM07 | C132: ='RESUMEN TOTAL'!D136 -> AV. NOVAK Y SERRANO | D132: ='RESUMEN TOTAL'!E136 -> DOMO | E132: ='RESUMEN TOTAL'!F136 -> PTO A FO | F132: ='RESUMEN TOTAL'!L136 -> 0 | G132: ='RESUMEN TOTAL'!M136 -> 0 | H132: ='RESUMEN TOTAL'!N136 -> 0 | I132: ='RESUMEN TOTAL'!O136 -> 0 | J132: ='RESUMEN TOTAL'!P136 -> 0 | K132: ='RESUMEN TOTAL'!Q136 -> 0 | L132: ='RESUMEN TOTAL'!R136 -> 0 | M132: ='RESUMEN TOTAL'!S136 -> 0 | ... AI132: ='RESUMEN TOTAL'!AO136 -> 0 | AJ132: ='RESUMEN TOTAL'!#REF! -> #REF!
A133: ='RESUMEN TOTAL'!A137 -> LA ESMERALDA | B133: ='RESUMEN TOTAL'!B137 -> ESM 08 | C133: ='RESUMEN TOTAL'!D137 -> DAVINSON Y MORANCHEL | D133: ='RESUMEN TOTAL'!E137 -> FIJA | E133: ='RESUMEN TOTAL'!F137 -> Radio | F133: ='RESUMEN TOTAL'!L137 -> 0 | G133: ='RESUMEN TOTAL'!M137 -> 0 | H133: ='RESUMEN TOTAL'!N137 -> 0 | I133: ='RESUMEN TOTAL'!O137 -> 0 | J133: ='RESUMEN TOTAL'!P137 -> 0 | K133: ='RESUMEN TOTAL'!Q137 -> 0 | L133: ='RESUMEN TOTAL'!R137 -> 0 | M133: ='RESUMEN TOTAL'!S137 -> 0 | ... AI133: ='RESUMEN TOTAL'!AO137 -> 0 | AJ133: ='RESUMEN TOTAL'!#REF! -> #REF!
... A200: ='RESUMEN TOTAL'!A204 -> 0 | B200: ='RESUMEN TOTAL'!B204 -> MCUD 01 | C200: ='RESUMEN TOTAL'!D204 -> TINOGASTA Y SAN LORENZO | D200: ='RESUMEN TOTAL'!E204 -> Domo | E200: ='RESUMEN TOTAL'!F204 -> Fibra Optica | F200: ='RESUMEN TOTAL'!L204 -> 0 | G200: ='RESUMEN TOTAL'!M204 -> 0 | H200: ='RESUMEN TOTAL'!N204 -> 0 | I200: ='RESUMEN TOTAL'!O204 -> 0 | J200: ='RESUMEN TOTAL'!P204 -> 0 | K200: ='RESUMEN TOTAL'!Q204 -> 0 | L200: ='RESUMEN TOTAL'!R204 -> 0 | M200: ='RESUMEN TOTAL'!S204 -> 0 | ... AI200: ='RESUMEN TOTAL'!AO204 -> 0 | AJ200: ='RESUMEN TOTAL'!#REF! -> #REF!
A201: ='RESUMEN TOTAL'!A206 -> MARTIN FIERRO | B201: ='RESUMEN TOTAL'!B206 -> MFI 01 | C201: ='RESUMEN TOTAL'!D206 -> Belgrano y Sgto. Cabral | D201: ='RESUMEN TOTAL'!E206 -> Fija | E201: ='RESUMEN TOTAL'!F206 -> Fibra Optica | F201: ='RESUMEN TOTAL'!L206 -> 0 | G201: ='RESUMEN TOTAL'!M206 -> 0 | H201: ='RESUMEN TOTAL'!N206 -> 0 | I201: ='RESUMEN TOTAL'!O206 -> 0 | J201: ='RESUMEN TOTAL'!P206 -> 0 | K201: ='RESUMEN TOTAL'!Q206 -> 0 | L201: ='RESUMEN TOTAL'!R206 -> 0 | M201: ='RESUMEN TOTAL'!S206 -> 0 | ... AI201: ='RESUMEN TOTAL'!AO206 -> 0 | AJ201: ='RESUMEN TOTAL'!#REF! -> #REF!
A202: ='RESUMEN TOTAL'!A207 -> LOPEZ ROMERO | B202: ='RESUMEN TOTAL'!B207 -> MFI02 | C202: ='RESUMEN TOTAL'!D207 -> Calchaqui y Balcarce | D202: ='RESUMEN TOTAL'!E207 -> Fija | E202: ='RESUMEN TOTAL'!F207 -> Fibra Optica | F202: ='RESUMEN TOTAL'!L207 -> 0 | G202: ='RESUMEN TOTAL'!M207 -> 0 | H202: ='RESUMEN TOTAL'!N207 -> 0 | I202: ='RESUMEN TOTAL'!O207 -> 0 | J202: ='RESUMEN TOTAL'!P207 -> 0 | K202: ='RESUMEN TOTAL'!Q207 -> 0 | L202: ='RESUMEN TOTAL'!R207 -> 0 | M202: ='RESUMEN TOTAL'!S207 -> 0 | ... AI202: ='RESUMEN TOTAL'!AO207 -> 0 | AJ202: ='RESUMEN TOTAL'!#REF! -> #REF!
A203: ='RESUMEN TOTAL'!A208 -> SAN EMILIO | B203: ='RESUMEN TOTAL'!B208 -> MFI 03 | C203: ='RESUMEN TOTAL'!D208 -> Cno. Gral. Belgrano y Av. del Trabajo | D203: ='RESUMEN TOTAL'!E208 -> Domo | E203: ='RESUMEN TOTAL'!F208 -> Fibra Optica | F203: ='RESUMEN TOTAL'!L208 -> 0 | G203: ='RESUMEN TOTAL'!M208 -> 0 | H203: ='RESUMEN TOTAL'!N208 -> 0 | I203: ='RESUMEN TOTAL'!O208 -> 0 | J203: ='RESUMEN TOTAL'!P208 -> 0 | K203: ='RESUMEN TOTAL'!Q208 -> 0 | L203: ='RESUMEN TOTAL'!R208 -> 0 | M203: ='RESUMEN TOTAL'!S208 -> 0 | ... AI203: ='RESUMEN TOTAL'!AO208 -> 0 | AJ203: ='RESUMEN TOTAL'!#REF! -> #REF!
A204: ='RESUMEN TOTAL'!A209 -> MARTIN FIERRO | B204: ='RESUMEN TOTAL'!B209 -> MFI04 | C204: ='RESUMEN TOTAL'!D209 -> Calchaqui y balcarce | D204: ='RESUMEN TOTAL'!E209 -> Domo | E204: ='RESUMEN TOTAL'!F209 -> Fibra Optica | F204: ='RESUMEN TOTAL'!L209 -> 0 | G204: ='RESUMEN TOTAL'!M209 -> 0 | H204: ='RESUMEN TOTAL'!N209 -> 0 | I204: ='RESUMEN TOTAL'!O209 -> 0 | J204: ='RESUMEN TOTAL'!P209 -> 0 | K204: ='RESUMEN TOTAL'!Q209 -> 0 | L204: ='RESUMEN TOTAL'!R209 -> 0 | M204: ='RESUMEN TOTAL'!S209 -> 0 | ... AI204: ='RESUMEN TOTAL'!AO209 -> 0 | AJ204: ='RESUMEN TOTAL'!#REF! -> #REF!
A205: ='RESUMEN TOTAL'!A210 -> SAN EMILIO | B205: ='RESUMEN TOTAL'!B210 -> MFI 05 | C205: ='RESUMEN TOTAL'!D210 -> Cno. Gral. Belgrano y Guayaquil | D205: ='RESUMEN TOTAL'!E210 -> Domo | E205: ='RESUMEN TOTAL'!F210 -> Fibra Optica | F205: ='RESUMEN TOTAL'!L210 -> 0 | G205: ='RESUMEN TOTAL'!M210 -> 0 | H205: ='RESUMEN TOTAL'!N210 -> 0 | I205: ='RESUMEN TOTAL'!O210 -> 0 | J205: ='RESUMEN TOTAL'!P210 -> 0 | K205: ='RESUMEN TOTAL'!Q210 -> 0 | L205: ='RESUMEN TOTAL'!R210 -> 0 | M205: ='RESUMEN TOTAL'!S210 -> 0 | ... AI205: ='RESUMEN TOTAL'!AO210 -> 0 | AJ205: ='RESUMEN TOTAL'!#REF! -> #REF!
A206: ='RESUMEN TOTAL'!A211 -> SAN EMILIO | B206: ='RESUMEN TOTAL'!B211 -> MFI06 | C206: ='RESUMEN TOTAL'!D211 -> Con. Gral. Belgrano y Bombero Galarza | D206: ='RESUMEN TOTAL'!E211 -> DOMO | E206: ='RESUMEN TOTAL'!F211 -> Radio | F206: ='RESUMEN TOTAL'!L211 -> 0 | G206: ='RESUMEN TOTAL'!M211 -> 0 | H206: ='RESUMEN TOTAL'!N211 -> 0 | I206: ='RESUMEN TOTAL'!O211 -> 0 | J206: ='RESUMEN TOTAL'!P211 -> 0 | K206: ='RESUMEN TOTAL'!Q211 -> 0 | L206: ='RESUMEN TOTAL'!R211 -> 0 | M206: ='RESUMEN TOTAL'!S211 -> 0 | ... AI206: ='RESUMEN TOTAL'!AO211 -> 0 | AJ206: ='RESUMEN TOTAL'!#REF! -> #REF!
A207: ='RESUMEN TOTAL'!A212 -> MARTIN FIERRO | B207: ='RESUMEN TOTAL'!B212 -> MFI 07 | C207: ='RESUMEN TOTAL'!D212 -> Sargento Cabral y Carlos Gardel | D207: ='RESUMEN TOTAL'!E212 -> Domo | E207: ='RESUMEN TOTAL'!F212 -> PTO A FO | F207: ='RESUMEN TOTAL'!L212 -> 0 | G207: ='RESUMEN TOTAL'!M212 -> 0 | H207: ='RESUMEN TOTAL'!N212 -> 0 | I207: ='RESUMEN TOTAL'!O212 -> 0 | J207: ='RESUMEN TOTAL'!P212 -> 0 | K207: ='RESUMEN TOTAL'!Q212 -> 0 | L207: ='RESUMEN TOTAL'!R212 -> 0 | M207: ='RESUMEN TOTAL'!S212 -> 0 | ... AI207: ='RESUMEN TOTAL'!AO212 -> 0 | AJ207: ='RESUMEN TOTAL'!#REF! -> #REF!
A208: ='RESUMEN TOTAL'!A213 -> MARTIN FIERRO | B208: ='RESUMEN TOTAL'!B213 -> MFI 08 | C208: ='RESUMEN TOTAL'!D213 -> Braile y Batalla de Callao | D208: ='RESUMEN TOTAL'!E213 -> Domo | E208: ='RESUMEN TOTAL'!F213 -> PTO A FO | F208: ='RESUMEN TOTAL'!L213 -> 0 | G208: ='RESUMEN TOTAL'!M213 -> 0 | H208: ='RESUMEN TOTAL'!N213 -> 0 | I208: ='RESUMEN TOTAL'!O213 -> 0 | J208: ='RESUMEN TOTAL'!P213 -> 0 | K208: ='RESUMEN TOTAL'!Q213 -> 0 | L208: ='RESUMEN TOTAL'!R213 -> 0 | M208: ='RESUMEN TOTAL'!S213 -> 0 | ... AI208: ='RESUMEN TOTAL'!AO213 -> 0 | AJ208: ='RESUMEN TOTAL'!#REF! -> #REF!
A209: ='RESUMEN TOTAL'!A214 -> GOBERNADOR MONTEVERDE | B209: ='RESUMEN TOTAL'!B214 -> MON01 | C209: ='RESUMEN TOTAL'!D214 -> San Martin y Patricias Argentinas | D209: ='RESUMEN TOTAL'!E214 -> Fija | E209: ='RESUMEN TOTAL'!F214 -> Fibra Optica | F209: ='RESUMEN TOTAL'!L214 -> 0 | G209: ='RESUMEN TOTAL'!M214 -> 0 | H209: ='RESUMEN TOTAL'!N214 -> 0 | I209: ='RESUMEN TOTAL'!O214 -> 0 | J209: ='RESUMEN TOTAL'!P214 -> 0 | K209: ='RESUMEN TOTAL'!Q214 -> 0 | L209: ='RESUMEN TOTAL'!R214 -> 0 | M209: ='RESUMEN TOTAL'!S214 -> 0 | ... AI209: ='RESUMEN TOTAL'!AO214 -> 0 | AJ209: ='RESUMEN TOTAL'!#REF! -> #REF!
A210: ='RESUMEN TOTAL'!A215 -> GOBERNADOR MONTEVERDE | B210: ='RESUMEN TOTAL'!B215 -> MON02 | C210: ='RESUMEN TOTAL'!D215 -> Senzabello y Famatina | D210: ='RESUMEN TOTAL'!E215 -> Domo | E210: ='RESUMEN TOTAL'!F215 -> Radio | F210: ='RESUMEN TOTAL'!L215 -> 0 | G210: ='RESUMEN TOTAL'!M215 -> 0 | H210: ='RESUMEN TOTAL'!N215 -> 0 | I210: ='RESUMEN TOTAL'!O215 -> 0 | J210: ='RESUMEN TOTAL'!P215 -> 0 | K210: ='RESUMEN TOTAL'!Q215 -> 0 | L210: ='RESUMEN TOTAL'!R215 -> 0 | M210: ='RESUMEN TOTAL'!S215 -> 0 | ... AI210: ='RESUMEN TOTAL'!AO215 -> 0 | AJ210: ='RESUMEN TOTAL'!#REF! -> #REF!
A211: ='RESUMEN TOTAL'!A216 -> GOBERNADOR MONTEVERDE | B211: ='RESUMEN TOTAL'!B216 -> MON03 | C211: ='RESUMEN TOTAL'!D216 -> Senzabello y Guemes | D211: ='RESUMEN TOTAL'!E216 -> Domo | E211: ='RESUMEN TOTAL'!F216 -> Radio | F211: ='RESUMEN TOTAL'!L216 -> 0 | G211: ='RESUMEN TOTAL'!M216 -> 0 | H211: ='RESUMEN TOTAL'!N216 -> 0 | I211: ='RESUMEN TOTAL'!O216 -> 0 | J211: ='RESUMEN TOTAL'!P216 -> 0 | K211: ='RESUMEN TOTAL'!Q216 -> 0 | L211: ='RESUMEN TOTAL'!R216 -> 0 | M211: ='RESUMEN TOTAL'!S216 -> 0 | ... AI211: ='RESUMEN TOTAL'!AO216 -> 0 | AJ211: ='RESUMEN TOTAL'!#REF! -> #REF!
A212: ='RESUMEN TOTAL'!A217 -> GOBERNADOR MONTEVERDE | B212: ='RESUMEN TOTAL'!B217 -> MON04 | C212: ='RESUMEN TOTAL'!D217 -> Av. Yrigoyen y San Lorenzo | D212: ='RESUMEN TOTAL'!E217 -> Domo | E212: ='RESUMEN TOTAL'!F217 -> Radio | F212: ='RESUMEN TOTAL'!L217 -> 0 | G212: ='RESUMEN TOTAL'!M217 -> 0 | H212: ='RESUMEN TOTAL'!N217 -> 0 | I212: ='RESUMEN TOTAL'!O217 -> 0 | J212: ='RESUMEN TOTAL'!P217 -> 0 | K212: ='RESUMEN TOTAL'!Q217 -> 0 | L212: ='RESUMEN TOTAL'!R217 -> 0 | M212: ='RESUMEN TOTAL'!S217 -> 0 | ... AI212: ='RESUMEN TOTAL'!AO217 -> 0 | AJ212: ='RESUMEN TOTAL'!#REF! -> #REF!
... A267: ='RESUMEN TOTAL'!A272 -> RICARDO ROJAS | B267: ='RESUMEN TOTAL'!B272 -> RRJ 07 | C267: ='RESUMEN TOTAL'!D272 -> Constancio Vigil y Estanislao del Campo | D267: ='RESUMEN TOTAL'!E272 -> Domo | E267: ='RESUMEN TOTAL'!F272 -> Fibra Optica | F267: ='RESUMEN TOTAL'!L272 -> APAGADO | G267: ='RESUMEN TOTAL'!M272 -> 0 | H267: ='RESUMEN TOTAL'!N272 -> APAGADO | I267: ='RESUMEN TOTAL'!O272 -> APAGADO | J267: ='RESUMEN TOTAL'!P272 -> APAGADO | K267: ='RESUMEN TOTAL'!Q272 -> APAGADO | L267: ='RESUMEN TOTAL'!R272 -> 0 | M267: ='RESUMEN TOTAL'!S272 -> APAGADO | ... AI267: ='RESUMEN TOTAL'!AO272 -> 0 | AJ267: ='RESUMEN TOTAL'!#REF! -> #REF!
A268: ='RESUMEN TOTAL'!A273 -> RICARDO ROJAS | B268: ='RESUMEN TOTAL'!B273 -> RRJ 08 | C268: ='RESUMEN TOTAL'!D273 -> Constancio Vigil y Pablo Podesta | D268: ='RESUMEN TOTAL'!E273 -> Domo | E268: ='RESUMEN TOTAL'!F273 -> Fibra Optica | F268: ='RESUMEN TOTAL'!L273 -> APAGADO | G268: ='RESUMEN TOTAL'!M273 -> 0 | H268: ='RESUMEN TOTAL'!N273 -> APAGADO | I268: ='RESUMEN TOTAL'!O273 -> APAGADO | J268: ='RESUMEN TOTAL'!P273 -> APAGADO | K268: ='RESUMEN TOTAL'!Q273 -> APAGADO | L268: ='RESUMEN TOTAL'!R273 -> 0 | M268: ='RESUMEN TOTAL'!S273 -> APAGADO | ... U268: ='RESUMEN TOTAL'!AA273 -> 0 | V268: ='RESUMEN TOTAL'!AB274 -> APAGADO | W268: ='RESUMEN TOTAL'!AC273 -> 0 | X268: ='RESUMEN TOTAL'!AD273 -> 0 | Y268: ='RESUMEN TOTAL'!AE273 -> APAGADO | Z268: ='RESUMEN TOTAL'!AF273 -> APAGADO | AA268: ='RESUMEN TOTAL'!AG273 -> 0 | AB268: ='RESUMEN TOTAL'!AH273 -> 0 | AC268: ='RESUMEN TOTAL'!AI273 -> 0 | AD268: ='RESUMEN TOTAL'!AJ273 -> 0 | ... AI268: ='RESUMEN TOTAL'!AO273 -> 0 | AJ268: ='RESUMEN TOTAL'!#REF! -> #REF!
A269: ='RESUMEN TOTAL'!A274 -> RICARDO ROJAS | B269: ='RESUMEN TOTAL'!B274 -> RRJ 09 | C269: ='RESUMEN TOTAL'!D274 -> Constancio Vigil y Jose Ingeniero | D269: ='RESUMEN TOTAL'!E274 -> Domo | E269: ='RESUMEN TOTAL'!F274 -> Fibra Optica | F269: ='RESUMEN TOTAL'!L274 -> APAGADO | G269: ='RESUMEN TOTAL'!M274 -> 0 | H269: ='RESUMEN TOTAL'!N274 -> APAGADO | I269: ='RESUMEN TOTAL'!O274 -> APAGADO | J269: ='RESUMEN TOTAL'!P274 -> APAGADO | K269: ='RESUMEN TOTAL'!Q274 -> APAGADO | L269: ='RESUMEN TOTAL'!R274 -> APAGADO | M269: ='RESUMEN TOTAL'!S274 -> APAGADO | ... U269: ='RESUMEN TOTAL'!AA274 -> APAGADO | V269: ='RESUMEN TOTAL'!#REF! -> #REF! | W269: ='RESUMEN TOTAL'!AC274 -> APAGADO | X269: ='RESUMEN TOTAL'!AD274 -> APAGADO | Y269: ='RESUMEN TOTAL'!AE274 -> APAGADO | Z269: ='RESUMEN TOTAL'!AF274 -> APAGADO | AA269: ='RESUMEN TOTAL'!AG274 -> APAGADO | AB269: ='RESUMEN TOTAL'!AH274 -> APAGADO | AC269: ='RESUMEN TOTAL'!AI274 -> 0 | AD269: ='RESUMEN TOTAL'!AJ274 -> 0 | ... AI269: ='RESUMEN TOTAL'!AO274 -> 0 | AJ269: ='RESUMEN TOTAL'!#REF! -> #REF!
A270: ='RESUMEN TOTAL'!A275 -> RICARDO ROJAS | B270: ='RESUMEN TOTAL'!B275 -> RRJ 10 | C270: ='RESUMEN TOTAL'!D275 -> LUGONES Y OBLIGADO | D270: ='RESUMEN TOTAL'!E275 -> Domo | E270: ='RESUMEN TOTAL'!F275 -> Fibra Optica | F270: ='RESUMEN TOTAL'!L275 -> APAGADO | G270: ='RESUMEN TOTAL'!M275 -> 0 | H270: ='RESUMEN TOTAL'!N275 -> APAGADO | I270: ='RESUMEN TOTAL'!O275 -> APAGADO | J270: ='RESUMEN TOTAL'!P275 -> APAGADO | K270: ='RESUMEN TOTAL'!Q275 -> APAGADO | L270: ='RESUMEN TOTAL'!R275 -> 0 | M270: ='RESUMEN TOTAL'!S275 -> APAGADO | ... AI270: ='RESUMEN TOTAL'!AO275 -> 0 | AJ270: ='RESUMEN TOTAL'!#REF! -> #REF!
A271: ='RESUMEN TOTAL'!A276 -> RICARDO ROJAS | B271: ='RESUMEN TOTAL'!B276 -> RRJ 11 | C271: ='RESUMEN TOTAL'!D276 -> LUGONES Y OBLIGADO | D271: ='RESUMEN TOTAL'!E276 -> Domo | E271: ='RESUMEN TOTAL'!F276 -> Fibra Optica | F271: ='RESUMEN TOTAL'!L276 -> APAGADO | G271: ='RESUMEN TOTAL'!M276 -> 0 | H271: ='RESUMEN TOTAL'!N276 -> APAGADO | I271: ='RESUMEN TOTAL'!O276 -> APAGADO | J271: ='RESUMEN TOTAL'!P276 -> APAGADO | K271: ='RESUMEN TOTAL'!Q276 -> APAGADO | L271: ='RESUMEN TOTAL'!R276 -> 0 | M271: ='RESUMEN TOTAL'!S276 -> APAGADO | ... AI271: ='RESUMEN TOTAL'!AO276 -> 0 | AJ271: ='RESUMEN TOTAL'!#REF! -> #REF!
A272: ='RESUMEN TOTAL'!A277 -> RICARDO ROJAS | B272: ='RESUMEN TOTAL'!B277 -> RRJ 12 | C272: ='RESUMEN TOTAL'!D277 -> FADER Y DIAGONAL LOS POETAS | D272: ='RESUMEN TOTAL'!E277 -> DOMO | E272: ='RESUMEN TOTAL'!F277 -> Fibra Optica | F272: ='RESUMEN TOTAL'!L277 -> APAGADO | G272: ='RESUMEN TOTAL'!M277 -> 0 | H272: ='RESUMEN TOTAL'!N277 -> APAGADO | I272: ='RESUMEN TOTAL'!O277 -> APAGADO | J272: ='RESUMEN TOTAL'!P277 -> APAGADO | K272: ='RESUMEN TOTAL'!Q277 -> APAGADO | L272: ='RESUMEN TOTAL'!R277 -> 0 | M272: ='RESUMEN TOTAL'!S277 -> APAGADO | ... AI272: ='RESUMEN TOTAL'!AO277 -> 0 | AJ272: ='RESUMEN TOTAL'!#REF! -> #REF!
A273: ='RESUMEN TOTAL'!A278 -> RICARDO ROJAS | B273: ='RESUMEN TOTAL'!B278 -> RRJ 13 | C273: ='RESUMEN TOTAL'!D278 -> LUJAN Y DIAGONAL LOS POETAS | D273: ='RESUMEN TOTAL'!E278 -> Fija | E273: ='RESUMEN TOTAL'!F278 -> Fibra Optica | F273: ='RESUMEN TOTAL'!L278 -> APAGADO | G273: ='RESUMEN TOTAL'!M278 -> 0 | H273: ='RESUMEN TOTAL'!N278 -> APAGADO | I273: ='RESUMEN TOTAL'!O278 -> APAGADO | J273: ='RESUMEN TOTAL'!P278 -> APAGADO | K273: ='RESUMEN TOTAL'!Q278 -> APAGADO | L273: ='RESUMEN TOTAL'!R278 -> 0 | M273: ='RESUMEN TOTAL'!S278 -> APAGADO | ... AI273: ='RESUMEN TOTAL'!AO278 -> 0 | AJ273: ='RESUMEN TOTAL'!#REF! -> #REF!
A274: ='RESUMEN TOTAL'!A279 -> SANTA ANA | B274: ='RESUMEN TOTAL'!B279 -> SAN 02 | C274: ='RESUMEN TOTAL'!D279 -> HUDSON Y SUIPACHA | D274: ='RESUMEN TOTAL'!E279 -> Fija 2 | E274: ='RESUMEN TOTAL'!F279 -> Fibra Optica | F274: ='RESUMEN TOTAL'!L279 -> APAGADO | G274: ='RESUMEN TOTAL'!M279 -> 0 | H274: ='RESUMEN TOTAL'!N279 -> APAGADO | I274: ='RESUMEN TOTAL'!O279 -> APAGADO | J274: ='RESUMEN TOTAL'!P279 -> APAGADO | K274: ='RESUMEN TOTAL'!Q279 -> APAGADO | L274: ='RESUMEN TOTAL'!R279 -> 0 | M274: ='RESUMEN TOTAL'!S279 -> 0 | ... AI274: ='RESUMEN TOTAL'!AO279 -> 0 | AJ274: ='RESUMEN TOTAL'!#REF! -> #REF!
A275: ='RESUMEN TOTAL'!A280 -> SANTA ANA | B275: ='RESUMEN TOTAL'!B280 -> SAN01 | C275: ='RESUMEN TOTAL'!D280 -> HUDSON Y SUIPACHA | D275: ='RESUMEN TOTAL'!E280 -> Fija 1 | E275: ='RESUMEN TOTAL'!F280 -> Fibra Optica | F275: ='RESUMEN TOTAL'!L280 -> APAGADO | G275: ='RESUMEN TOTAL'!M280 -> 0 | H275: ='RESUMEN TOTAL'!N280 -> APAGADO | I275: ='RESUMEN TOTAL'!O280 -> APAGADO | J275: ='RESUMEN TOTAL'!P280 -> APAGADO | K275: ='RESUMEN TOTAL'!Q280 -> APAGADO | L275: ='RESUMEN TOTAL'!R280 -> 0 | M275: ='RESUMEN TOTAL'!S280 -> 0 | ... AI275: ='RESUMEN TOTAL'!AO280 -> 0 | AJ275: ='RESUMEN TOTAL'!#REF! -> #REF!
A276: ='RESUMEN TOTAL'!A281 -> PRESIDENTE SARMIENTO | B276: ='RESUMEN TOTAL'!B281 -> SAR01 | C276: ='RESUMEN TOTAL'!D281 -> Storni Y Sanchez de Loria | D276: ='RESUMEN TOTAL'!E281 -> Domo | E276: ='RESUMEN TOTAL'!F281 -> Fibra Optica | F276: ='RESUMEN TOTAL'!L281 -> 0 | G276: ='RESUMEN TOTAL'!M281 -> 0 | H276: ='RESUMEN TOTAL'!N281 -> 0 | I276: ='RESUMEN TOTAL'!O281 -> 0 | J276: ='RESUMEN TOTAL'!P281 -> 0 | K276: ='RESUMEN TOTAL'!Q281 -> 0 | L276: ='RESUMEN TOTAL'!R281 -> 0 | M276: ='RESUMEN TOTAL'!S281 -> 0 | ... AI276: ='RESUMEN TOTAL'!AO281 -> 0 | AJ276: ='RESUMEN TOTAL'!#REF! -> #REF!
A277: ='RESUMEN TOTAL'!A282 -> PRESIDENTE SARMIENTO | B277: ='RESUMEN TOTAL'!B282 -> SAR 02 (fija 1) | C277: ='RESUMEN TOTAL'!D282 -> DARDO ROCHA Y GABRIELA MISTRAL | D277: ='RESUMEN TOTAL'!E282 -> Fija | E277: ='RESUMEN TOTAL'!F282 -> Fibra Optica | F277: ='RESUMEN TOTAL'!L282 -> 0 | G277: ='RESUMEN TOTAL'!M282 -> 0 | H277: ='RESUMEN TOTAL'!N282 -> 0 | I277: ='RESUMEN TOTAL'!O282 -> 0 | J277: ='RESUMEN TOTAL'!P282 -> 0 | K277: ='RESUMEN TOTAL'!Q282 -> 0 | L277: ='RESUMEN TOTAL'!R282 -> 0 | M277: ='RESUMEN TOTAL'!S282 -> 0 | ... AI277: ='RESUMEN TOTAL'!AO282 -> 0 | AJ277: ='RESUMEN TOTAL'!#REF! -> #REF!
A278: ='RESUMEN TOTAL'!A283 -> PRESIDENTE SARMIENTO | B278: ='RESUMEN TOTAL'!B283 -> SAR 03 (fija 2) | C278: ='RESUMEN TOTAL'!D283 -> DARDO ROCHA Y GABRIELA MISTRAL | D278: ='RESUMEN TOTAL'!E283 -> Fija | E278: ='RESUMEN TOTAL'!F283 -> Fibra Optica | F278: ='RESUMEN TOTAL'!L283 -> 0 | G278: ='RESUMEN TOTAL'!M283 -> 0 | H278: ='RESUMEN TOTAL'!N283 -> 0 | I278: ='RESUMEN TOTAL'!O283 -> 0 | J278: ='RESUMEN TOTAL'!P283 -> 0 | K278: ='RESUMEN TOTAL'!Q283 -> 0 | L278: ='RESUMEN TOTAL'!R283 -> 0 | M278: ='RESUMEN TOTAL'!S283 -> 0 | ... AI278: ='RESUMEN TOTAL'!AO283 -> 0 | AJ278: ='RESUMEN TOTAL'!#REF! -> #REF!
A279: ='RESUMEN TOTAL'!A284 -> PRESIDENTE SARMIENTO | B279: ='RESUMEN TOTAL'!B284 -> SAR 04 | C279: ='RESUMEN TOTAL'!D284 -> MONTES DE OCA Y ALVARADO | D279: ='RESUMEN TOTAL'!E284 -> Domo | E279: ='RESUMEN TOTAL'!F284 -> Fibra Optica | F279: ='RESUMEN TOTAL'!L284 -> 0 | G279: ='RESUMEN TOTAL'!M284 -> 0 | H279: ='RESUMEN TOTAL'!N284 -> 0 | I279: ='RESUMEN TOTAL'!O284 -> 0 | J279: ='RESUMEN TOTAL'!P284 -> 0 | K279: ='RESUMEN TOTAL'!Q284 -> 0 | L279: ='RESUMEN TOTAL'!R284 -> 0 | M279: ='RESUMEN TOTAL'!S284 -> 0 | ... AI279: ='RESUMEN TOTAL'!AO284 -> 0 | AJ279: ='RESUMEN TOTAL'!#REF! -> #REF!
A280: ='RESUMEN TOTAL'!A285 -> PRESIDENTE SARMIENTO | B280: ='RESUMEN TOTAL'!B285 -> SAR 05 | C280: ='RESUMEN TOTAL'!D285 -> ALVARADO Y ROCHA | D280: ='RESUMEN TOTAL'!E285 -> Domo | E280: ='RESUMEN TOTAL'!F285 -> Fibra Optica | F280: ='RESUMEN TOTAL'!L285 -> 0 | G280: ='RESUMEN TOTAL'!M285 -> 0 | H280: ='RESUMEN TOTAL'!N285 -> 0 | I280: ='RESUMEN TOTAL'!O285 -> 0 | J280: ='RESUMEN TOTAL'!P285 -> 0 | K280: ='RESUMEN TOTAL'!Q285 -> 0 | L280: ='RESUMEN TOTAL'!R285 -> 0 | M280: ='RESUMEN TOTAL'!S285 -> 0 | ... AI280: ='RESUMEN TOTAL'!AO285 -> 0 | AJ280: ='RESUMEN TOTAL'!#REF! -> #REF!
A281: ='RESUMEN TOTAL'!A286 -> PRESIDENTE SARMIENTO | B281: ='RESUMEN TOTAL'!B286 -> SAR 06 | C281: ='RESUMEN TOTAL'!D286 -> Necochea y Lorenzini | D281: ='RESUMEN TOTAL'!E286 -> Fija | E281: ='RESUMEN TOTAL'!F286 -> Fibra Optica | F281: ='RESUMEN TOTAL'!L286 -> 0 | G281: ='RESUMEN TOTAL'!M286 -> 0 | H281: ='RESUMEN TOTAL'!N286 -> 0 | I281: ='RESUMEN TOTAL'!O286 -> 0 | J281: ='RESUMEN TOTAL'!P286 -> 0 | K281: ='RESUMEN TOTAL'!Q286 -> 0 | L281: ='RESUMEN TOTAL'!R286 -> 0 | M281: ='RESUMEN TOTAL'!S286 -> 0 | ... AI281: ='RESUMEN TOTAL'!AO286 -> 0 | AJ281: ='RESUMEN TOTAL'!#REF! -> #REF!
... A294: ='RESUMEN TOTAL'!A299 -> SAN EMILIO | B294: ='RESUMEN TOTAL'!B299 -> SEMI05 | C294: ='RESUMEN TOTAL'!D299 -> Av Del Trabajo y Carlos Gardel | D294: ='RESUMEN TOTAL'!E299 -> DOMO | E294: ='RESUMEN TOTAL'!F299 -> PTO A FO | F294: ='RESUMEN TOTAL'!L299 -> 0 | G294: ='RESUMEN TOTAL'!M299 -> 0 | H294: ='RESUMEN TOTAL'!N299 -> 0 | I294: ='RESUMEN TOTAL'!O299 -> 0 | J294: ='RESUMEN TOTAL'!P299 -> 0 | K294: ='RESUMEN TOTAL'!Q299 -> 0 | L294: ='RESUMEN TOTAL'!R299 -> 0 | M294: ='RESUMEN TOTAL'!S299 -> 0 | ... AI294: ='RESUMEN TOTAL'!AO299 -> 0 | AJ294: ='RESUMEN TOTAL'!#REF! -> #REF!
A295: ='RESUMEN TOTAL'!A301 -> LA SIRENA | B295: ='RESUMEN TOTAL'!B301 -> SIR01 | C295: ='RESUMEN TOTAL'!D301 -> Moran y Calle 14 | D295: ='RESUMEN TOTAL'!E301 -> DOMO | E295: ='RESUMEN TOTAL'!F301 -> Radio | F295: ='RESUMEN TOTAL'!L301 -> 0 | G295: ='RESUMEN TOTAL'!M301 -> 0 | H295: ='RESUMEN TOTAL'!N301 -> 0 | I295: ='RESUMEN TOTAL'!O301 -> 0 | J295: ='RESUMEN TOTAL'!P301 -> 0 | K295: ='RESUMEN TOTAL'!Q301 -> 0 | L295: ='RESUMEN TOTAL'!R301 -> 0 | M295: ='RESUMEN TOTAL'!S301 -> 0 | ... AI295: ='RESUMEN TOTAL'!AO301 -> 0 | AJ295: ='RESUMEN TOTAL'!#REF! -> #REF!
A296: ='RESUMEN TOTAL'!A302 -> SAN EDUARDO | B296: ='RESUMEN TOTAL'!B302 -> SIR 02 | C296: ='RESUMEN TOTAL'!D302 -> Victorino de la Plaza y Argentina | D296: ='RESUMEN TOTAL'!E302 -> Domo | E296: ='RESUMEN TOTAL'!F302 -> Radio | F296: ='RESUMEN TOTAL'!L302 -> 0 | G296: ='RESUMEN TOTAL'!M302 -> 0 | H296: ='RESUMEN TOTAL'!N302 -> 0 | I296: ='RESUMEN TOTAL'!O302 -> 0 | J296: ='RESUMEN TOTAL'!P302 -> 0 | K296: ='RESUMEN TOTAL'!Q302 -> 0 | L296: ='RESUMEN TOTAL'!R302 -> 0 | M296: ='RESUMEN TOTAL'!S302 -> 0 | ... AI296: ='RESUMEN TOTAL'!AO302 -> 0 | AJ296: ='RESUMEN TOTAL'!#REF! -> #REF!
A297: ='RESUMEN TOTAL'!A303 -> SAN EDUARDO | B297: ='RESUMEN TOTAL'!B303 -> SIR 03 | C297: ='RESUMEN TOTAL'!D303 -> MONTES Y LONARDI | D297: ='RESUMEN TOTAL'!E303 -> DOMO | E297: ='RESUMEN TOTAL'!F303 -> Radio | F297: ='RESUMEN TOTAL'!L303 -> 0 | G297: ='RESUMEN TOTAL'!M303 -> 0 | H297: ='RESUMEN TOTAL'!N303 -> 0 | I297: ='RESUMEN TOTAL'!O303 -> 0 | J297: ='RESUMEN TOTAL'!P303 -> 0 | K297: ='RESUMEN TOTAL'!Q303 -> 0 | L297: ='RESUMEN TOTAL'!R303 -> 0 | M297: ='RESUMEN TOTAL'!S303 -> 0 | ... AI297: ='RESUMEN TOTAL'!AO303 -> 0 | AJ297: ='RESUMEN TOTAL'!#REF! -> #REF!
A298: ='RESUMEN TOTAL'!A304 -> LA SIRENA | B298: ='RESUMEN TOTAL'!B304 -> SIR 04 | C298: ='RESUMEN TOTAL'!D304 -> AV. MONTEVERDE Y MORAN | D298: ='RESUMEN TOTAL'!E304 -> Domo | E298: ='RESUMEN TOTAL'!F304 -> Fibra Optica | F298: ='RESUMEN TOTAL'!L304 -> 0 | G298: ='RESUMEN TOTAL'!M304 -> 0 | H298: ='RESUMEN TOTAL'!N304 -> 0 | I298: ='RESUMEN TOTAL'!O304 -> 0 | J298: ='RESUMEN TOTAL'!P304 -> 0 | K298: ='RESUMEN TOTAL'!Q304 -> 0 | L298: ='RESUMEN TOTAL'!R304 -> 0 | M298: ='RESUMEN TOTAL'!S304 -> 0 | ... AI298: ='RESUMEN TOTAL'!AO304 -> 0 | AJ298: ='RESUMEN TOTAL'!#REF! -> #REF!
A299: ='RESUMEN TOTAL'!A305 -> LA SIRENA | B299: ='RESUMEN TOTAL'!B305 -> SIR 05 (FIJA 01) | C299: ='RESUMEN TOTAL'!D305 -> AV. MONTEVERDE Y MORAN | D299: ='RESUMEN TOTAL'!E305 -> Fija | E299: ='RESUMEN TOTAL'!F305 -> Fibra Optica | F299: ='RESUMEN TOTAL'!L305 -> 0 | G299: ='RESUMEN TOTAL'!M305 -> 0 | H299: ='RESUMEN TOTAL'!N305 -> 0 | I299: ='RESUMEN TOTAL'!O305 -> 0 | J299: ='RESUMEN TOTAL'!P305 -> 0 | K299: ='RESUMEN TOTAL'!Q305 -> 0 | L299: ='RESUMEN TOTAL'!R305 -> 0 | M299: ='RESUMEN TOTAL'!S305 -> 0 | ... AI299: ='RESUMEN TOTAL'!AO305 -> 0 | AJ299: ='RESUMEN TOTAL'!#REF! -> #REF!
A300: ='RESUMEN TOTAL'!A306 -> LA SIRENA | B300: ='RESUMEN TOTAL'!B306 -> SIR 06 (FIJA 02) | C300: ='RESUMEN TOTAL'!D306 -> AV. MONTEVERDE Y MORAN | D300: ='RESUMEN TOTAL'!E306 -> Fija | E300: ='RESUMEN TOTAL'!F306 -> Fibra Optica | F300: ='RESUMEN TOTAL'!L306 -> 0 | G300: ='RESUMEN TOTAL'!M306 -> 0 | H300: ='RESUMEN TOTAL'!N306 -> 0 | I300: ='RESUMEN TOTAL'!O306 -> 0 | J300: ='RESUMEN TOTAL'!P306 -> 0 | K300: ='RESUMEN TOTAL'!Q306 -> 0 | L300: ='RESUMEN TOTAL'!R306 -> 0 | M300: ='RESUMEN TOTAL'!S306 -> 0 | ... AI300: ='RESUMEN TOTAL'!AO306 -> 0 | AJ300: ='RESUMEN TOTAL'!#REF! -> #REF!
A301: ='RESUMEN TOTAL'!A307 -> VILLA AURORA | B301: ='RESUMEN TOTAL'!B307 -> SIR07 (fija 1) | C301: ='RESUMEN TOTAL'!D307 -> MONTEVERDE Y URIBURU | D301: ='RESUMEN TOTAL'!E307 -> Fija | E301: ='RESUMEN TOTAL'!F307 -> Fibra Optica | F301: ='RESUMEN TOTAL'!L307 -> 0 | G301: ='RESUMEN TOTAL'!M307 -> 0 | H301: ='RESUMEN TOTAL'!N307 -> 0 | I301: ='RESUMEN TOTAL'!O307 -> 0 | J301: ='RESUMEN TOTAL'!P307 -> 0 | K301: ='RESUMEN TOTAL'!Q307 -> 0 | L301: ='RESUMEN TOTAL'!R307 -> 0 | M301: ='RESUMEN TOTAL'!S307 -> 0 | ... AI301: ='RESUMEN TOTAL'!AO307 -> 0 | AJ301: ='RESUMEN TOTAL'!#REF! -> #REF!
A302: ='RESUMEN TOTAL'!A308 -> VILLA AURORA | B302: ='RESUMEN TOTAL'!B308 -> SIR08 (fija 2) | C302: ='RESUMEN TOTAL'!D308 -> MONTEVERDE Y URIBURU | D302: ='RESUMEN TOTAL'!E308 -> Fija | E302: ='RESUMEN TOTAL'!F308 -> Fibra Optica | F302: ='RESUMEN TOTAL'!L308 -> 0 | G302: ='RESUMEN TOTAL'!M308 -> 0 | H302: ='RESUMEN TOTAL'!N308 -> 0 | I302: ='RESUMEN TOTAL'!O308 -> 0 | J302: ='RESUMEN TOTAL'!P308 -> 0 | K302: ='RESUMEN TOTAL'!Q308 -> 0 | L302: ='RESUMEN TOTAL'!R308 -> 0 | M302: ='RESUMEN TOTAL'!S308 -> 0 | ... AI302: ='RESUMEN TOTAL'!AO308 -> 0 | AJ302: ='RESUMEN TOTAL'!#REF! -> #REF!
A303: ='RESUMEN TOTAL'!A309 -> LA SIRENA | B303: ='RESUMEN TOTAL'!B309 -> SIR09 (fija 1) | C303: ='RESUMEN TOTAL'!D309 -> GUIDO SPANO Y MORAN | D303: ='RESUMEN TOTAL'!E309 -> Fija | E303: ='RESUMEN TOTAL'!F309 -> Fibra Optica | F303: ='RESUMEN TOTAL'!L309 -> 0 | G303: ='RESUMEN TOTAL'!M309 -> 0 | H303: ='RESUMEN TOTAL'!N309 -> 0 | I303: ='RESUMEN TOTAL'!O309 -> 0 | J303: ='RESUMEN TOTAL'!P309 -> 0 | K303: ='RESUMEN TOTAL'!Q309 -> 0 | L303: ='RESUMEN TOTAL'!R309 -> 0 | M303: ='RESUMEN TOTAL'!S309 -> 0 | ... AI303: ='RESUMEN TOTAL'!AO309 -> 0 | AJ303: ='RESUMEN TOTAL'!#REF! -> #REF!
A304: ='RESUMEN TOTAL'!A310 -> LA SIRENA | B304: ='RESUMEN TOTAL'!B310 -> SIR10 (fija 2) | C304: ='RESUMEN TOTAL'!D310 -> GUIDO SPANO Y MORAN | D304: ='RESUMEN TOTAL'!E310 -> Fija | E304: ='RESUMEN TOTAL'!F310 -> Fibra Optica | F304: ='RESUMEN TOTAL'!L310 -> 0 | G304: ='RESUMEN TOTAL'!M310 -> 0 | H304: ='RESUMEN TOTAL'!N310 -> 0 | I304: ='RESUMEN TOTAL'!O310 -> 0 | J304: ='RESUMEN TOTAL'!P310 -> 0 | K304: ='RESUMEN TOTAL'!Q310 -> 0 | L304: ='RESUMEN TOTAL'!R310 -> 0 | M304: ='RESUMEN TOTAL'!S310 -> 0 | ... AI304: ='RESUMEN TOTAL'!AO310 -> 0 | AJ304: ='RESUMEN TOTAL'!#REF! -> #REF!
A305: ='RESUMEN TOTAL'!A311 -> LA SIRENA | B305: ='RESUMEN TOTAL'!B311 -> SIR11 (fija 1) | C305: ='RESUMEN TOTAL'!D311 -> LARREA Y GUARDIA NACIONAL | D305: ='RESUMEN TOTAL'!E311 -> Fija | E305: ='RESUMEN TOTAL'!F311 -> Fibra Optica | F305: ='RESUMEN TOTAL'!L311 -> 0 | G305: ='RESUMEN TOTAL'!M311 -> 0 | H305: ='RESUMEN TOTAL'!N311 -> 0 | I305: ='RESUMEN TOTAL'!O311 -> 0 | J305: ='RESUMEN TOTAL'!P311 -> 0 | K305: ='RESUMEN TOTAL'!Q311 -> 0 | L305: ='RESUMEN TOTAL'!R311 -> 0 | M305: ='RESUMEN TOTAL'!S311 -> 0 | ... AI305: ='RESUMEN TOTAL'!AO311 -> 0 | AJ305: ='RESUMEN TOTAL'!#REF! -> #REF!
A306: ='RESUMEN TOTAL'!A312 -> LA SIRENA | B306: ='RESUMEN TOTAL'!B312 -> SIR12 (fija 2) | C306: ='RESUMEN TOTAL'!D312 -> LARREA Y GUARDIA NACIONAL | D306: ='RESUMEN TOTAL'!E312 -> Fija | E306: ='RESUMEN TOTAL'!F312 -> Fibra Optica | F306: ='RESUMEN TOTAL'!L312 -> 0 | G306: ='RESUMEN TOTAL'!M312 -> 0 | H306: ='RESUMEN TOTAL'!N312 -> 0 | I306: ='RESUMEN TOTAL'!O312 -> 0 | J306: ='RESUMEN TOTAL'!P312 -> 0 | K306: ='RESUMEN TOTAL'!Q312 -> 0 | L306: ='RESUMEN TOTAL'!R312 -> 0 | M306: ='RESUMEN TOTAL'!S312 -> 0 | ... AI306: ='RESUMEN TOTAL'!AO312 -> 0 | AJ306: ='RESUMEN TOTAL'!#REF! -> #REF!
... A424: ='RESUMEN TOTAL'!A430 -> VILLA ANGELICA | B424: ='RESUMEN TOTAL'!B430 -> VDPL06 | C424: ='RESUMEN TOTAL'!D430 -> Thevenet e/ Islas Orcadas y Gardel | D424: ='RESUMEN TOTAL'!E430 -> Domo | E424: ='RESUMEN TOTAL'!F430 -> Radio | F424: ='RESUMEN TOTAL'!L430 -> 0 | G424: ='RESUMEN TOTAL'!M430 -> 0 | H424: ='RESUMEN TOTAL'!N430 -> 0 | I424: ='RESUMEN TOTAL'!O430 -> 0 | J424: ='RESUMEN TOTAL'!P430 -> 0 | K424: ='RESUMEN TOTAL'!Q430 -> 0 | L424: ='RESUMEN TOTAL'!R430 -> 0 | M424: ='RESUMEN TOTAL'!S430 -> 0 | ... AI424: ='RESUMEN TOTAL'!AO430 -> 0 | AJ424: ='RESUMEN TOTAL'!#REF! -> #REF!
A425: ='RESUMEN TOTAL'!A432 -> VILLA HUDSON | B425: ='RESUMEN TOTAL'!B432 -> VHS 01 | C425: ='RESUMEN TOTAL'!D432 -> AV. HUDSON Y AV. LUJAN | D425: ='RESUMEN TOTAL'!E432 -> DOMO | E425: ='RESUMEN TOTAL'!F432 -> Fibra Optica | F425: ='RESUMEN TOTAL'!L432 -> APAGADO | G425: ='RESUMEN TOTAL'!M432 -> 0 | H425: ='RESUMEN TOTAL'!N432 -> APAGADO | I425: ='RESUMEN TOTAL'!O432 -> APAGADO | J425: ='RESUMEN TOTAL'!P432 -> APAGADO | K425: ='RESUMEN TOTAL'!Q432 -> APAGADO | L425: ='RESUMEN TOTAL'!R432 -> 0 | M425: ='RESUMEN TOTAL'!S432 -> 0 | ... AI425: ='RESUMEN TOTAL'!AO432 -> 0 | AJ425: ='RESUMEN TOTAL'!#REF! -> #REF!
A426: ='RESUMEN TOTAL'!A433 -> VILLA HUDSON | B426: ='RESUMEN TOTAL'!B433 -> VHS 02 | C426: ='RESUMEN TOTAL'!D433 -> AV. LUJAN Y CALLE 909 A | D426: ='RESUMEN TOTAL'!E433 -> DOMO | E426: ='RESUMEN TOTAL'!F433 -> Fibra Optica | F426: ='RESUMEN TOTAL'!L433 -> APAGADO | G426: ='RESUMEN TOTAL'!M433 -> 0 | H426: ='RESUMEN TOTAL'!N433 -> APAGADO | I426: ='RESUMEN TOTAL'!O433 -> APAGADO | J426: ='RESUMEN TOTAL'!P433 -> APAGADO | K426: ='RESUMEN TOTAL'!Q433 -> APAGADO | L426: ='RESUMEN TOTAL'!R433 -> 0 | M426: ='RESUMEN TOTAL'!S433 -> 0 | ... AI426: ='RESUMEN TOTAL'!AO433 -> 0 | AJ426: ='RESUMEN TOTAL'!#REF! -> #REF!
A427: ='RESUMEN TOTAL'!A434 -> VILLA HUDSON | B427: ='RESUMEN TOTAL'!B434 -> VHS 03 (fija 1) | C427: ='RESUMEN TOTAL'!D434 -> AV. HUDSON Y LOS INMIGRANTES | D427: ='RESUMEN TOTAL'!E434 -> Fija | E427: ='RESUMEN TOTAL'!F434 -> Fibra Optica | F427: ='RESUMEN TOTAL'!L434 -> APAGADO | G427: ='RESUMEN TOTAL'!M434 -> 0 | H427: ='RESUMEN TOTAL'!N434 -> APAGADO | I427: ='RESUMEN TOTAL'!O434 -> APAGADO | J427: ='RESUMEN TOTAL'!P434 -> APAGADO | K427: ='RESUMEN TOTAL'!Q434 -> APAGADO | L427: ='RESUMEN TOTAL'!R434 -> 0 | M427: ='RESUMEN TOTAL'!S434 -> 0 | ... AI427: ='RESUMEN TOTAL'!AO434 -> 0 | AJ427: ='RESUMEN TOTAL'!#REF! -> #REF!
A428: ='RESUMEN TOTAL'!A435 -> VILLA HUDSON | B428: ='RESUMEN TOTAL'!B435 -> VHS 04 (fija 2) | C428: ='RESUMEN TOTAL'!D435 -> AV. HUDSON Y LOS INMIGRANTES | D428: ='RESUMEN TOTAL'!E435 -> Fija | E428: ='RESUMEN TOTAL'!F435 -> Fibra Optica | F428: ='RESUMEN TOTAL'!L435 -> APAGADO | G428: ='RESUMEN TOTAL'!M435 -> 0 | H428: ='RESUMEN TOTAL'!N435 -> APAGADO | I428: ='RESUMEN TOTAL'!O435 -> APAGADO | J428: ='RESUMEN TOTAL'!P435 -> APAGADO | K428: ='RESUMEN TOTAL'!Q435 -> APAGADO | L428: ='RESUMEN TOTAL'!R435 -> 0 | M428: ='RESUMEN TOTAL'!S435 -> 0 | ... AI428: ='RESUMEN TOTAL'!AO435 -> 0 | AJ428: ='RESUMEN TOTAL'!#REF! -> #REF!
A429: ='RESUMEN TOTAL'!A436 -> VILLA ARIAS | B429: ='RESUMEN TOTAL'!B436 -> VLA 01 (fija 1) | C429: ='RESUMEN TOTAL'!D436 -> 820 Y SOLER | D429: ='RESUMEN TOTAL'!E436 -> Fija | E429: ='RESUMEN TOTAL'!F436 -> Fibra Optica | F429: ='RESUMEN TOTAL'!L436 -> 0 | G429: ='RESUMEN TOTAL'!M436 -> 0 | H429: ='RESUMEN TOTAL'!N436 -> 0 | I429: ='RESUMEN TOTAL'!O436 -> APAGADO | J429: ='RESUMEN TOTAL'!P436 -> APAGADO | K429: ='RESUMEN TOTAL'!Q436 -> APAGADO | L429: ='RESUMEN TOTAL'!R436 -> 0 | M429: ='RESUMEN TOTAL'!S436 -> 0 | ... AI429: ='RESUMEN TOTAL'!AO436 -> 0 | AJ429: ='RESUMEN TOTAL'!#REF! -> #REF!
A430: ='RESUMEN TOTAL'!A437 -> VILLA ARIAS | B430: ='RESUMEN TOTAL'!B437 -> VLA 02 | C430: ='RESUMEN TOTAL'!D437 -> ESPORA Y HUDSON | D430: ='RESUMEN TOTAL'!E437 -> DOMO | E430: ='RESUMEN TOTAL'!F437 -> Fibra Optica | F430: ='RESUMEN TOTAL'!L437 -> 0 | G430: ='RESUMEN TOTAL'!M437 -> 0 | H430: ='RESUMEN TOTAL'!N437 -> 0 | I430: ='RESUMEN TOTAL'!O437 -> 0 | J430: ='RESUMEN TOTAL'!P437 -> 0 | K430: ='RESUMEN TOTAL'!Q437 -> 0 | L430: ='RESUMEN TOTAL'!R437 -> 0 | M430: ='RESUMEN TOTAL'!S437 -> 0 | ... AI430: ='RESUMEN TOTAL'!AO437 -> 0 | AJ430: ='RESUMEN TOTAL'!#REF! -> #REF!
A431: ='RESUMEN TOTAL'!A438 -> VILLA ARIAS | B431: ='RESUMEN TOTAL'!B438 -> VLA03 (fija 2) | C431: ='RESUMEN TOTAL'!D438 -> 820 y SOLER | D431: ='RESUMEN TOTAL'!E438 -> Fija | E431: ='RESUMEN TOTAL'!F438 -> Fibra Optica | F431: ='RESUMEN TOTAL'!L438 -> 0 | G431: ='RESUMEN TOTAL'!M438 -> 0 | H431: ='RESUMEN TOTAL'!N438 -> APAGADO | I431: ='RESUMEN TOTAL'!O438 -> APAGADO | J431: ='RESUMEN TOTAL'!P438 -> APAGADO | K431: ='RESUMEN TOTAL'!Q438 -> APAGADO | L431: ='RESUMEN TOTAL'!R438 -> 0 | M431: ='RESUMEN TOTAL'!S438 -> 0 | ... AI431: ='RESUMEN TOTAL'!AO438 -> 0 | AJ431: ='RESUMEN TOTAL'!#REF! -> #REF!
A432: ='RESUMEN TOTAL'!A439 -> VILLA ARIAS | B432: ='RESUMEN TOTAL'!B439 -> VLA04 | C432: ='RESUMEN TOTAL'!D439 -> ESPORA Y MARTIN GRASS | D432: ='RESUMEN TOTAL'!E439 -> DOMO | E432: ='RESUMEN TOTAL'!F439 -> Fibra Optica | F432: ='RESUMEN TOTAL'!L439 -> 0 | G432: ='RESUMEN TOTAL'!M439 -> 0 | H432: ='RESUMEN TOTAL'!N439 -> 0 | I432: ='RESUMEN TOTAL'!O439 -> 0 | J432: ='RESUMEN TOTAL'!P439 -> 0 | K432: ='RESUMEN TOTAL'!Q439 -> 0 | L432: ='RESUMEN TOTAL'!R439 -> 0 | M432: ='RESUMEN TOTAL'!S439 -> 0 | ... AI432: ='RESUMEN TOTAL'!AO439 -> 0 | AJ432: ='RESUMEN TOTAL'!#REF! -> #REF!
A433: ='RESUMEN TOTAL'!A440 -> VILLA ARIAS | B433: ='RESUMEN TOTAL'!B440 -> VLA05 | C433: ='RESUMEN TOTAL'!D440 -> ESPORA Y 802 | D433: ='RESUMEN TOTAL'!E440 -> DOMO | E433: ='RESUMEN TOTAL'!F440 -> Fibra Optica | F433: ='RESUMEN TOTAL'!L440 -> 0 | G433: ='RESUMEN TOTAL'!M440 -> 0 | H433: ='RESUMEN TOTAL'!N440 -> 0 | I433: ='RESUMEN TOTAL'!O440 -> 0 | J433: ='RESUMEN TOTAL'!P440 -> 0 | K433: ='RESUMEN TOTAL'!Q440 -> 0 | L433: ='RESUMEN TOTAL'!R440 -> 0 | M433: ='RESUMEN TOTAL'!S440 -> 0 | ... AI433: ='RESUMEN TOTAL'!AO440 -> 0 | AJ433: ='RESUMEN TOTAL'!#REF! -> #REF!
A434: ='RESUMEN TOTAL'!A441 -> VILLA MONICA NUEVA | B434: ='RESUMEN TOTAL'!B441 -> VMO 02 | C434: ='RESUMEN TOTAL'!D441 -> Rio Carapachay y Oroño | D434: ='RESUMEN TOTAL'!E441 -> Domo | E434: ='RESUMEN TOTAL'!F441 -> Radio | F434: ='RESUMEN TOTAL'!L441 -> 0 | G434: ='RESUMEN TOTAL'!M441 -> 0 | H434: ='RESUMEN TOTAL'!N441 -> 0 | I434: ='RESUMEN TOTAL'!O441 -> 0 | J434: ='RESUMEN TOTAL'!P441 -> 0 | K434: ='RESUMEN TOTAL'!Q441 -> 0 | L434: ='RESUMEN TOTAL'!R441 -> 0 | M434: ='RESUMEN TOTAL'!S441 -> 0 | ... AI434: ='RESUMEN TOTAL'!AO441 -> 0 | AJ434: ='RESUMEN TOTAL'!#REF! -> #REF!
A435: ='RESUMEN TOTAL'!A442 -> VILLA MONICA NUEVA | B435: ='RESUMEN TOTAL'!B442 -> VMO 03 (fija 1) | C435: ='RESUMEN TOTAL'!D442 -> EVA PERON E/ OROÑO Y 734 A | D435: ='RESUMEN TOTAL'!E442 -> Fija | E435: ='RESUMEN TOTAL'!F442 -> Fibra Optica | F435: ='RESUMEN TOTAL'!L442 -> 0 | G435: ='RESUMEN TOTAL'!M442 -> 0 | H435: ='RESUMEN TOTAL'!N442 -> 0 | I435: ='RESUMEN TOTAL'!O442 -> 0 | J435: ='RESUMEN TOTAL'!P442 -> 0 | K435: ='RESUMEN TOTAL'!Q442 -> 0 | L435: ='RESUMEN TOTAL'!R442 -> 0 | M435: ='RESUMEN TOTAL'!S442 -> 0 | ... AI435: ='RESUMEN TOTAL'!AO442 -> 0 | AJ435: ='RESUMEN TOTAL'!#REF! -> #REF!
A436: ='RESUMEN TOTAL'!A443 -> VILLA MONICA NUEVA | B436: ='RESUMEN TOTAL'!B443 -> VMO 04 (fija 2) | C436: ='RESUMEN TOTAL'!D443 -> EVA PERON E/ OROÑO Y 734 A | D436: ='RESUMEN TOTAL'!E443 -> Fija | E436: ='RESUMEN TOTAL'!F443 -> Fibra Optica | F436: ='RESUMEN TOTAL'!L443 -> 0 | G436: ='RESUMEN TOTAL'!M443 -> 0 | H436: ='RESUMEN TOTAL'!N443 -> 0 | I436: ='RESUMEN TOTAL'!O443 -> 0 | J436: ='RESUMEN TOTAL'!P443 -> 0 | K436: ='RESUMEN TOTAL'!Q443 -> 0 | L436: ='RESUMEN TOTAL'!R443 -> 0 | M436: ='RESUMEN TOTAL'!S443 -> 0 | ... AI436: ='RESUMEN TOTAL'!AO443 -> 0 | AJ436: ='RESUMEN TOTAL'!#REF! -> #REF!
... A453: ='RESUMEN TOTAL'!A460 -> ZEBALLOS | B453: ='RESUMEN TOTAL'!B460 -> ZEB 05 | C453: ='RESUMEN TOTAL'!D460 -> DIAG. GRANADEROS Y 214 BIS | D453: ='RESUMEN TOTAL'!E460 -> Domo | E453: ='RESUMEN TOTAL'!F460 -> Radio | F453: ='RESUMEN TOTAL'!L460 -> 0 | G453: ='RESUMEN TOTAL'!M460 -> 0 | H453: ='RESUMEN TOTAL'!N460 -> 0 | I453: ='RESUMEN TOTAL'!O460 -> 0 | J453: ='RESUMEN TOTAL'!P460 -> 0 | K453: ='RESUMEN TOTAL'!Q460 -> 0 | L453: ='RESUMEN TOTAL'!R460 -> 0 | M453: ='RESUMEN TOTAL'!S460 -> 0 | ... AI453: ='RESUMEN TOTAL'!AO460 -> 0 | AJ453: ='RESUMEN TOTAL'!#REF! -> #REF!
A454: ='RESUMEN TOTAL'!A481 -> PARADAS SEGURAS | B454: ='RESUMEN TOTAL'!B481 -> 21 | C454: ='RESUMEN TOTAL'!D481 -> HUDSON Y CABILDO OESTE | D454: ='RESUMEN TOTAL'!E481 -> GFIJA | E454: ='RESUMEN TOTAL'!F481 -> GPON | F454: ='RESUMEN TOTAL'!L481 -> 0 | G454: ='RESUMEN TOTAL'!M481 -> 0 | H454: ='RESUMEN TOTAL'!N481 -> 0 | I454: ='RESUMEN TOTAL'!O481 -> 0 | J454: ='RESUMEN TOTAL'!P481 -> 0 | K454: ='RESUMEN TOTAL'!Q481 -> 0 | L454: ='RESUMEN TOTAL'!R481 -> 0 | M454: ='RESUMEN TOTAL'!S481 -> 0 | ... AI454: ='RESUMEN TOTAL'!AO481 -> 0 | AJ454: ='RESUMEN TOTAL'!#REF! -> #REF!
A455: ='RESUMEN TOTAL'!A482 -> PARADAS SEGURAS | B455: ='RESUMEN TOTAL'!B482 -> 21 I | C455: ='RESUMEN TOTAL'!D482 -> HUDSON Y CABILDO OESTE | D455: ='RESUMEN TOTAL'!E482 -> INTERCOMUNICADOR | E455: ='RESUMEN TOTAL'!F482 -> GPON | F455: ='RESUMEN TOTAL'!L482 -> 0 | G455: ='RESUMEN TOTAL'!M482 -> 0 | H455: ='RESUMEN TOTAL'!N482 -> 0 | I455: ='RESUMEN TOTAL'!O482 -> 0 | J455: ='RESUMEN TOTAL'!P482 -> 0 | K455: ='RESUMEN TOTAL'!Q482 -> 0 | L455: ='RESUMEN TOTAL'!R482 -> 0 | M455: ='RESUMEN TOTAL'!S482 -> 0 | ... AI455: ='RESUMEN TOTAL'!AO482 -> 0 | AJ455: ='RESUMEN TOTAL'!#REF! -> #REF!
A456: ='RESUMEN TOTAL'!A483 -> PARADAS SEGURAS | B456: ='RESUMEN TOTAL'!B483 -> 22 | C456: ='RESUMEN TOTAL'!D483 -> HUDSON Y CABILDO ESTE | D456: ='RESUMEN TOTAL'!E483 -> GFIJA | E456: ='RESUMEN TOTAL'!F483 -> GPON | F456: ='RESUMEN TOTAL'!L483 -> 0 | G456: ='RESUMEN TOTAL'!M483 -> 0 | H456: ='RESUMEN TOTAL'!N483 -> 0 | I456: ='RESUMEN TOTAL'!O483 -> 0 | J456: ='RESUMEN TOTAL'!P483 -> 0 | K456: ='RESUMEN TOTAL'!Q483 -> 0 | L456: ='RESUMEN TOTAL'!R483 -> 0 | M456: ='RESUMEN TOTAL'!S483 -> 0 | ... AI456: ='RESUMEN TOTAL'!AO483 -> 0 | AJ456: ='RESUMEN TOTAL'!#REF! -> #REF!
A457: ='RESUMEN TOTAL'!A484 -> PARADAS SEGURAS | B457: ='RESUMEN TOTAL'!B484 -> 22 I | C457: ='RESUMEN TOTAL'!D484 -> HUDSON Y CABILDO ESTE | D457: ='RESUMEN TOTAL'!E484 -> INTERCOMUNICADOR | E457: ='RESUMEN TOTAL'!F484 -> GPON | F457: ='RESUMEN TOTAL'!L484 -> 0 | G457: ='RESUMEN TOTAL'!M484 -> 0 | H457: ='RESUMEN TOTAL'!N484 -> 0 | I457: ='RESUMEN TOTAL'!O484 -> 0 | J457: ='RESUMEN TOTAL'!P484 -> 0 | K457: ='RESUMEN TOTAL'!Q484 -> 0 | L457: ='RESUMEN TOTAL'!R484 -> 0 | M457: ='RESUMEN TOTAL'!S484 -> 0 | ... AI457: ='RESUMEN TOTAL'!AO484 -> 0 | AJ457: ='RESUMEN TOTAL'!#REF! -> #REF!
A458: ='RESUMEN TOTAL'!A485 -> PARADAS SEGURAS | B458: ='RESUMEN TOTAL'!B485 -> 23 | C458: ='RESUMEN TOTAL'!D485 -> HUDSON Y SAN NICOLAS OESTE | D458: ='RESUMEN TOTAL'!E485 -> GFIJA | E458: ='RESUMEN TOTAL'!F485 -> GPON | F458: ='RESUMEN TOTAL'!L485 -> 0 | G458: ='RESUMEN TOTAL'!M485 -> 0 | H458: ='RESUMEN TOTAL'!N485 -> 0 | I458: ='RESUMEN TOTAL'!O485 -> 0 | J458: ='RESUMEN TOTAL'!P485 -> 0 | K458: ='RESUMEN TOTAL'!Q485 -> 0 | L458: ='RESUMEN TOTAL'!R485 -> 0 | M458: ='RESUMEN TOTAL'!S485 -> 0 | ... AI458: ='RESUMEN TOTAL'!AO485 -> 0 | AJ458: ='RESUMEN TOTAL'!#REF! -> #REF!
A459: ='RESUMEN TOTAL'!A486 -> PARADAS SEGURAS | B459: ='RESUMEN TOTAL'!B486 -> 23 I | C459: ='RESUMEN TOTAL'!D486 -> HUDSON Y SAN NICOLAS OESTE | D459: ='RESUMEN TOTAL'!E486 -> INTERCOMUNICADOR | E459: ='RESUMEN TOTAL'!F486 -> GPON | F459: ='RESUMEN TOTAL'!L486 -> 0 | G459: ='RESUMEN TOTAL'!M486 -> 0 | H459: ='RESUMEN TOTAL'!N486 -> 0 | I459: ='RESUMEN TOTAL'!O486 -> 0 | J459: ='RESUMEN TOTAL'!P486 -> 0 | K459: ='RESUMEN TOTAL'!Q486 -> 0 | L459: ='RESUMEN TOTAL'!R486 -> 0 | M459: ='RESUMEN TOTAL'!S486 -> 0 | ... AI459: ='RESUMEN TOTAL'!AO486 -> 0 | AJ459: ='RESUMEN TOTAL'!#REF! -> #REF!
A460: ='RESUMEN TOTAL'!A487 -> PARADAS SEGURAS | B460: ='RESUMEN TOTAL'!B487 -> 24 | C460: ='RESUMEN TOTAL'!D487 -> HUDSON Y ALDAO ESTE | D460: ='RESUMEN TOTAL'!E487 -> GFIJA | E460: ='RESUMEN TOTAL'!F487 -> GPON | F460: ='RESUMEN TOTAL'!L487 -> 0 | G460: ='RESUMEN TOTAL'!M487 -> 0 | H460: ='RESUMEN TOTAL'!N487 -> 0 | I460: ='RESUMEN TOTAL'!O487 -> 0 | J460: ='RESUMEN TOTAL'!P487 -> 0 | K460: ='RESUMEN TOTAL'!Q487 -> 0 | L460: ='RESUMEN TOTAL'!R487 -> 0 | M460: ='RESUMEN TOTAL'!S487 -> 0 | ... AI460: ='RESUMEN TOTAL'!AO487 -> 0 | AJ460: ='RESUMEN TOTAL'!#REF! -> #REF!
A461: ='RESUMEN TOTAL'!A488 -> PARADAS SEGURAS | B461: ='RESUMEN TOTAL'!B488 -> 24 I | C461: ='RESUMEN TOTAL'!D488 -> HUDSON Y ALDAO ESTE | D461: ='RESUMEN TOTAL'!E488 -> INTERCOMUNICADOR | E461: ='RESUMEN TOTAL'!F488 -> GPON | F461: ='RESUMEN TOTAL'!L488 -> 0 | G461: ='RESUMEN TOTAL'!M488 -> 0 | H461: ='RESUMEN TOTAL'!N488 -> 0 | I461: ='RESUMEN TOTAL'!O488 -> 0 | J461: ='RESUMEN TOTAL'!P488 -> 0 | K461: ='RESUMEN TOTAL'!Q488 -> 0 | L461: ='RESUMEN TOTAL'!R488 -> 0 | M461: ='RESUMEN TOTAL'!S488 -> 0 | ... AI461: ='RESUMEN TOTAL'!AO488 -> 0 | AJ461: ='RESUMEN TOTAL'!#REF! -> #REF!
A462: ='RESUMEN TOTAL'!A489 -> PARADAS SEGURAS | B462: ='RESUMEN TOTAL'!B489 -> 25 | C462: ='RESUMEN TOTAL'!D489 -> HUDSON Y RIO JACHAL | D462: ='RESUMEN TOTAL'!E489 -> GFIJA | E462: ='RESUMEN TOTAL'!F489 -> GPON | F462: ='RESUMEN TOTAL'!L489 -> 0 | G462: ='RESUMEN TOTAL'!M489 -> 0 | H462: ='RESUMEN TOTAL'!N489 -> 0 | I462: ='RESUMEN TOTAL'!O489 -> 0 | J462: ='RESUMEN TOTAL'!P489 -> 0 | K462: ='RESUMEN TOTAL'!Q489 -> 0 | L462: ='RESUMEN TOTAL'!R489 -> 0 | M462: ='RESUMEN TOTAL'!S489 -> 0 | ... AI462: ='RESUMEN TOTAL'!AO489 -> 0 | AJ462: ='RESUMEN TOTAL'!#REF! -> #REF!
A463: ='RESUMEN TOTAL'!A490 -> PARADAS SEGURAS | B463: ='RESUMEN TOTAL'!B490 -> 25 I | C463: ='RESUMEN TOTAL'!D490 -> HUDSON Y RIO JACHAL | D463: ='RESUMEN TOTAL'!E490 -> INTERCOMUNICADOR | E463: ='RESUMEN TOTAL'!F490 -> GPON | F463: ='RESUMEN TOTAL'!L490 -> 0 | G463: ='RESUMEN TOTAL'!M490 -> 0 | H463: ='RESUMEN TOTAL'!N490 -> 0 | I463: ='RESUMEN TOTAL'!O490 -> 0 | J463: ='RESUMEN TOTAL'!P490 -> 0 | K463: ='RESUMEN TOTAL'!Q490 -> 0 | L463: ='RESUMEN TOTAL'!R490 -> 0 | M463: ='RESUMEN TOTAL'!S490 -> 0 | ... AI463: ='RESUMEN TOTAL'!AO490 -> 0 | AJ463: ='RESUMEN TOTAL'!#REF! -> #REF!
A464: ='RESUMEN TOTAL'!A491 -> PARADAS SEGURAS | B464: ='RESUMEN TOTAL'!B491 -> 26 | C464: ='RESUMEN TOTAL'!D491 -> HUDSON Y RIO COLORADO OESTE | D464: ='RESUMEN TOTAL'!E491 -> GFIJA | E464: ='RESUMEN TOTAL'!F491 -> GPON | F464: ='RESUMEN TOTAL'!L491 -> 0 | G464: ='RESUMEN TOTAL'!M491 -> 0 | H464: ='RESUMEN TOTAL'!N491 -> 0 | I464: ='RESUMEN TOTAL'!O491 -> 0 | J464: ='RESUMEN TOTAL'!P491 -> 0 | K464: ='RESUMEN TOTAL'!Q491 -> 0 | L464: ='RESUMEN TOTAL'!R491 -> 0 | M464: ='RESUMEN TOTAL'!S491 -> 0 | ... AI464: ='RESUMEN TOTAL'!AO491 -> 0 | AJ464: ='RESUMEN TOTAL'!#REF! -> #REF!
A465: ='RESUMEN TOTAL'!A492 -> PARADAS SEGURAS | B465: ='RESUMEN TOTAL'!B492 -> 26 I | C465: ='RESUMEN TOTAL'!D493 -> HUDON Y 818 ESTE | D465: ='RESUMEN TOTAL'!E492 -> INTERCOMUNICADOR | E465: ='RESUMEN TOTAL'!F492 -> GPON | F465: ='RESUMEN TOTAL'!L492 -> 0 | G465: ='RESUMEN TOTAL'!M492 -> 0 | H465: ='RESUMEN TOTAL'!N492 -> 0 | I465: ='RESUMEN TOTAL'!O492 -> 0 | J465: ='RESUMEN TOTAL'!P492 -> 0 | K465: ='RESUMEN TOTAL'!Q492 -> 0 | L465: ='RESUMEN TOTAL'!R492 -> 0 | M465: ='RESUMEN TOTAL'!S492 -> 0 | ... AI465: ='RESUMEN TOTAL'!AO492 -> 0 | AJ465: ='RESUMEN TOTAL'!#REF! -> #REF!
A466: ='RESUMEN TOTAL'!A493 -> PARADAS SEGURAS | B466: ='RESUMEN TOTAL'!B493 -> 27 | C466: ='RESUMEN TOTAL'!D495 -> HUDSON Y RIO TRAFUL OESTE | D466: ='RESUMEN TOTAL'!E493 -> GFIJA | E466: ='RESUMEN TOTAL'!F493 -> GPON | F466: ='RESUMEN TOTAL'!L493 -> 0 | G466: ='RESUMEN TOTAL'!M493 -> 0 | H466: ='RESUMEN TOTAL'!N493 -> 0 | I466: ='RESUMEN TOTAL'!O493 -> 0 | J466: ='RESUMEN TOTAL'!P493 -> 0 | K466: ='RESUMEN TOTAL'!Q493 -> 0 | L466: ='RESUMEN TOTAL'!R493 -> 0 | M466: ='RESUMEN TOTAL'!S493 -> 0 | ... AI466: ='RESUMEN TOTAL'!AO493 -> 0 | AJ466: ='RESUMEN TOTAL'!#REF! -> #REF!
A467: ='RESUMEN TOTAL'!A494 -> PARADAS SEGURAS | B467: ='RESUMEN TOTAL'!B494 -> 27 I | C467: ='RESUMEN TOTAL'!D497 -> HUDSON Y ESTOMBA ESTE | D467: ='RESUMEN TOTAL'!E494 -> INTERCOMUNICADOR | E467: ='RESUMEN TOTAL'!F494 -> GPON | F467: ='RESUMEN TOTAL'!L494 -> 0 | G467: ='RESUMEN TOTAL'!M494 -> 0 | H467: ='RESUMEN TOTAL'!N494 -> 0 | I467: ='RESUMEN TOTAL'!O494 -> 0 | J467: ='RESUMEN TOTAL'!P494 -> 0 | K467: ='RESUMEN TOTAL'!Q494 -> 0 | L467: ='RESUMEN TOTAL'!R494 -> 0 | M467: ='RESUMEN TOTAL'!S494 -> 0 | ... AI467: ='RESUMEN TOTAL'!AO494 -> 0 | AJ467: ='RESUMEN TOTAL'!#REF! -> #REF!
A468: ='RESUMEN TOTAL'!A495 -> PARADAS SEGURAS | B468: ='RESUMEN TOTAL'!B495 -> 28 | C468: ='RESUMEN TOTAL'!D499 -> HUDSON Y PICHEUTA OESTE | D468: ='RESUMEN TOTAL'!E495 -> GFIJA | E468: ='RESUMEN TOTAL'!F495 -> GPON | F468: ='RESUMEN TOTAL'!L495 -> 0 | G468: ='RESUMEN TOTAL'!M495 -> 0 | H468: ='RESUMEN TOTAL'!N495 -> 0 | I468: ='RESUMEN TOTAL'!O495 -> 0 | J468: ='RESUMEN TOTAL'!P495 -> 0 | K468: ='RESUMEN TOTAL'!Q495 -> 0 | L468: ='RESUMEN TOTAL'!R495 -> 0 | M468: ='RESUMEN TOTAL'!S495 -> 0 | ... AI468: ='RESUMEN TOTAL'!AO495 -> 0 | AJ468: ='RESUMEN TOTAL'!#REF! -> #REF!
A469: ='RESUMEN TOTAL'!A496 -> PARADAS SEGURAS | B469: ='RESUMEN TOTAL'!B496 -> 28 I | C469: ='RESUMEN TOTAL'!D501 -> HUDSON Y 830 ESTE | D469: ='RESUMEN TOTAL'!E496 -> INTERCOMUNICADOR | E469: ='RESUMEN TOTAL'!F496 -> GPON | F469: ='RESUMEN TOTAL'!L496 -> 0 | G469: ='RESUMEN TOTAL'!M496 -> 0 | H469: ='RESUMEN TOTAL'!N496 -> 0 | I469: ='RESUMEN TOTAL'!O496 -> 0 | J469: ='RESUMEN TOTAL'!P496 -> 0 | K469: ='RESUMEN TOTAL'!Q496 -> 0 | L469: ='RESUMEN TOTAL'!R496 -> 0 | M469: ='RESUMEN TOTAL'!S496 -> 0 | ... AI469: ='RESUMEN TOTAL'!AO496 -> 0 | AJ469: ='RESUMEN TOTAL'!#REF! -> #REF!
A470: ='RESUMEN TOTAL'!A497 -> PARADAS SEGURAS | B470: ='RESUMEN TOTAL'!B497 -> 29 | C470: ='RESUMEN TOTAL'!#REF! -> #REF! | D470: ='RESUMEN TOTAL'!E497 -> GFIJA | E470: ='RESUMEN TOTAL'!F497 -> GPON | F470: ='RESUMEN TOTAL'!L497 -> 0 | G470: ='RESUMEN TOTAL'!M497 -> 0 | H470: ='RESUMEN TOTAL'!N497 -> 0 | I470: ='RESUMEN TOTAL'!O497 -> 0 | J470: ='RESUMEN TOTAL'!P497 -> 0 | K470: ='RESUMEN TOTAL'!Q497 -> 0 | L470: ='RESUMEN TOTAL'!R497 -> 0 | M470: ='RESUMEN TOTAL'!S497 -> 0 | ... AI470: ='RESUMEN TOTAL'!AO497 -> 0 | AJ470: ='RESUMEN TOTAL'!#REF! -> #REF!
A471: ='RESUMEN TOTAL'!A498 -> PARADAS SEGURAS | B471: ='RESUMEN TOTAL'!B498 -> 29 I | C471: ='RESUMEN TOTAL'!#REF! -> #REF! | D471: ='RESUMEN TOTAL'!E498 -> INTERCOMUNICADOR | E471: ='RESUMEN TOTAL'!F498 -> GPON | F471: ='RESUMEN TOTAL'!L498 -> 0 | G471: ='RESUMEN TOTAL'!M498 -> 0 | H471: ='RESUMEN TOTAL'!N498 -> 0 | I471: ='RESUMEN TOTAL'!O498 -> 0 | J471: ='RESUMEN TOTAL'!P498 -> 0 | K471: ='RESUMEN TOTAL'!Q498 -> 0 | L471: ='RESUMEN TOTAL'!R498 -> 0 | M471: ='RESUMEN TOTAL'!S498 -> 0 | ... AI471: ='RESUMEN TOTAL'!AO498 -> 0 | AJ471: ='RESUMEN TOTAL'!#REF! -> #REF!
A472: ='RESUMEN TOTAL'!A499 -> PARADAS SEGURAS | B472: ='RESUMEN TOTAL'!B499 -> 30 | C472: ='RESUMEN TOTAL'!#REF! -> #REF! | D472: ='RESUMEN TOTAL'!E499 -> GFIJA | E472: ='RESUMEN TOTAL'!F499 -> GPON | F472: ='RESUMEN TOTAL'!L499 -> APAGADO | G472: ='RESUMEN TOTAL'!M499 -> APAGADO | H472: ='RESUMEN TOTAL'!N499 -> APAGADO | I472: ='RESUMEN TOTAL'!O499 -> APAGADO | J472: ='RESUMEN TOTAL'!P499 -> APAGADO | K472: ='RESUMEN TOTAL'!Q499 -> APAGADO | L472: ='RESUMEN TOTAL'!R499 -> APAGADO | M472: ='RESUMEN TOTAL'!S499 -> APAGADO | ... AI472: ='RESUMEN TOTAL'!AO499 -> 0 | AJ472: ='RESUMEN TOTAL'!#REF! -> #REF!
A473: ='RESUMEN TOTAL'!A500 -> PARADAS SEGURAS | B473: ='RESUMEN TOTAL'!B500 -> 30 I | C473: ='RESUMEN TOTAL'!D500 -> HUDSON Y PICHEUTA OESTE | D473: ='RESUMEN TOTAL'!E500 -> INTERCOMUNICADOR | E473: ='RESUMEN TOTAL'!F500 -> GPON | F473: ='RESUMEN TOTAL'!L500 -> APAGADO | G473: ='RESUMEN TOTAL'!M500 -> APAGADO | H473: ='RESUMEN TOTAL'!N500 -> APAGADO | I473: ='RESUMEN TOTAL'!O500 -> APAGADO | J473: ='RESUMEN TOTAL'!P500 -> APAGADO | K473: ='RESUMEN TOTAL'!Q500 -> APAGADO | L473: ='RESUMEN TOTAL'!R500 -> APAGADO | M473: ='RESUMEN TOTAL'!S500 -> APAGADO | ... AI473: ='RESUMEN TOTAL'!AO500 -> 0 | AJ473: ='RESUMEN TOTAL'!#REF! -> #REF!
...

Sheet APAGADOS
E1: APAGADOS | F1: =COUNTIF(F3:F403, "APAGADO") -> 52 | G1: =COUNTIF(G3:G403, "APAGADO") -> 16 | H1: =COUNTIF(H3:H503, "APAGADO") -> 71 | I1: =COUNTIF(I3:I403, "APAGADO") -> 54 | J1: =COUNTIF(J3:J403, "APAGADO") -> 55 | K1: =COUNTIF(K3:K403, "APAGADO") -> 59 | L1: =COUNTIF(L3:L403, "APAGADO") -> 20 | M1: =COUNTIF(M3:M403, "APAGADO") -> 56 | N1: =COUNTIF(N3:N403, "APAGADO") -> 20 | O1: =COUNTIF(O3:O403, "APAGADO") -> 48 | P1: =COUNTIF(P3:P403, "APAGADO") -> 120 | ... AD1: =COUNTIF(AD3:AD403, "APAGADO") -> 0 | AE1: =COUNTIF(AE3:AE503, "APAGADO") -> 0 | AF1: =COUNTIF(AF3:AF403, "APAGADO") -> 0 | AG1: =COUNTIF(AG3:AG403, "APAGADO") -> 0 | AH1: =COUNTIF(AH3:AH403, "APAGADO") -> 0 | AI1: =COUNTIF(AI3:AI403, "APAGADO") -> 0 | AJ1: =COUNTIF(AJ3:AJ403, "APAGADO") -> 0
A2: =ESTADISTICA!A1 -> Barrio | B2: =ESTADISTICA!B1 -> [Denominacion] | C2: =ESTADISTICA!C1 -> [Ubicacion] | D2: =ESTADISTICA!D1 -> [Tipo de Camara] | E2: =ESTADISTICA!E1 -> [Tipo de Conexion] | F2: =ESTADISTICA!F1 -> 45231 | G2: =ESTADISTICA!G1 -> 45232 | H2: =ESTADISTICA!H1 -> 45233 | ... AJ2: =ESTADISTICA!AJ1 -> #REF!
A3: =ESTADISTICA!A2 -> ALTAMIRA | B3: =ESTADISTICA!B2 -> ALT01 | C3: =ESTADISTICA!C2 -> Calchaqui y Sgto. Cabral | D3: =ESTADISTICA!D2 -> Domo | E3: =ESTADISTICA!E2 -> Fibra Optica | F3: =ESTADISTICA!F2 -> 0 | G3: =ESTADISTICA!G2 -> 0 | H3: =ESTADISTICA!H2 -> 0 | ... AJ3: =ESTADISTICA!AJ2 -> #REF!
A4: =ESTADISTICA!A3 -> ALTAMIRA | B4: =ESTADISTICA!B3 -> ALT02 | C4: =ESTADISTICA!C3 -> Calchaqui y Lope de Vega | D4: =ESTADISTICA!D3 -> Domo | E4: =ESTADISTICA!E3 -> PTO A FO | F4: =ESTADISTICA!F3 -> 0 | G4: =ESTADISTICA!G3 -> 0 | H4: =ESTADISTICA!H3 -> 0 | ... AJ4: =ESTADISTICA!AJ3 -> #REF!
A5: =ESTADISTICA!A4 -> ALTAMIRA | B5: =ESTADISTICA!B4 -> ALT 03 | C5: =ESTADISTICA!C4 -> Bombero Galarza y Necochea | D5: =ESTADISTICA!D4 -> Domo | E5: =ESTADISTICA!E4 -> Fibra Optica | F5: =ESTADISTICA!F4 -> 0 | G5: =ESTADISTICA!G4 -> 0 | H5: =ESTADISTICA!H4 -> 0 | ... AJ5: =ESTADISTICA!AJ4 -> #REF!
A6: =ESTADISTICA!A5 -> ALTAMIRA | B6: =ESTADISTICA!B5 -> ALT 04 | C6: =ESTADISTICA!C5 -> Francia y Necochea | D6: =ESTADISTICA!D5 -> Domo | E6: =ESTADISTICA!E5 -> Fibra Optica | F6: =ESTADISTICA!F5 -> 0 | G6: =ESTADISTICA!G5 -> 0 | H6: =ESTADISTICA!H5 -> 0 | ... AJ6: =ESTADISTICA!AJ5 -> #REF!
A7: =ESTADISTICA!A6 -> ALTAMIRA | B7: =ESTADISTICA!B6 -> ALT05 | C7: =ESTADISTICA!C6 -> Av. Calchaqui y Bombero Galarza | D7: =ESTADISTICA!D6 -> Domo | E7: =ESTADISTICA!E6 -> PTO A FO | F7: =ESTADISTICA!F6 -> 0 | G7: =ESTADISTICA!G6 -> 0 | H7: =ESTADISTICA!H6 -> 0 | ... AJ7: =ESTADISTICA!AJ6 -> #REF!
A8: =ESTADISTICA!A7 -> ALTAMIRA | B8: =ESTADISTICA!B7 -> ALT 06 | C8: =ESTADISTICA!C7 -> LOPE DE VEGA Y NECOCHEA | D8: =ESTADISTICA!D7 -> Domo | E8: =ESTADISTICA!E7 -> PTO A FO | F8: =ESTADISTICA!F7 -> 0 | G8: =ESTADISTICA!G7 -> 0 | H8: =ESTADISTICA!H7 -> 0 | ... AJ8: =ESTADISTICA!AJ7 -> #REF!
A9: =ESTADISTICA!A8 -> ALTAMIRA | B9: =ESTADISTICA!B8 -> ALT07 | C9: =ESTADISTICA!C8 -> AV. CALCHAQUI Y AV. DEL TRABAJO | D9: =ESTADISTICA!D8 -> DOMO | E9: =ESTADISTICA!E8 -> PTO A FO | F9: =ESTADISTICA!F8 -> 0 | G9: =ESTADISTICA!G8 -> 0 | H9: =ESTADISTICA!H8 -> 0 | ... AJ9: =ESTADISTICA!AJ8 -> #REF!
A10: =ESTADISTICA!A9 -> ALTAMIRA | B10: =ESTADISTICA!B9 -> ALT 08 | C10: =ESTADISTICA!C9 -> HUMAITA Y NECOCHEA | D10: =ESTADISTICA!D9 -> DOMO | E10: =ESTADISTICA!E9 -> Fibra Optica | F10: =ESTADISTICA!F9 -> 0 | G10: =ESTADISTICA!G9 -> 0 | H10: =ESTADISTICA!H9 -> 0 | ... AJ10: =ESTADISTICA!AJ9 -> #REF!
A11: =ESTADISTICA!A10 -> ALTAMIRA | B11: =ESTADISTICA!B10 -> ALT 09 | C11: =ESTADISTICA!C10 -> NECOCHEA Y CURUPAITY | D11: =ESTADISTICA!D10 -> DOMO | E11: =ESTADISTICA!E10 -> Fibra Optica | F11: =ESTADISTICA!F10 -> 0 | G11: =ESTADISTICA!G10 -> 0 | H11: =ESTADISTICA!H10 -> 0 | ... AJ11: =ESTADISTICA!AJ10 -> #REF!
A12: =ESTADISTICA!A11 -> ALTAMIRA | B12: =ESTADISTICA!B11 -> ALT 10 | C12: =ESTADISTICA!C11 -> Calchaqui y Francia | D12: =ESTADISTICA!D11 -> Domo | E12: =ESTADISTICA!E11 -> Radio | F12: =ESTADISTICA!F11 -> APAGADO | G12: =ESTADISTICA!G11 -> APAGADO | H12: =ESTADISTICA!H11 -> APAGADO | ... AJ12: =ESTADISTICA!AJ11 -> #REF!
A13: =ESTADISTICA!A12 -> AGUSTIN RAMIREZ | B13: =ESTADISTICA!B12 -> ARA 01 | C13: =ESTADISTICA!C12 -> Malambo y Tranquera | D13: =ESTADISTICA!D12 -> Domo | E13: =ESTADISTICA!E12 -> Fibra Optica | F13: =ESTADISTICA!F12 -> APAGADO | G13: =ESTADISTICA!G12 -> APAGADO | H13: =ESTADISTICA!H12 -> APAGADO | ... AJ13: =ESTADISTICA!AJ12 -> #REF!
... A207: =ESTADISTICA!A206 -> SAN EMILIO | B207: =ESTADISTICA!B206 -> MFI06 | C207: =ESTADISTICA!C206 -> Con. Gral. Belgrano y Bombero Galarza | D207: =ESTADISTICA!D206 -> DOMO | E207: =ESTADISTICA!E206 -> Radio | F207: =ESTADISTICA!F206 -> 0 | G207: =ESTADISTICA!G206 -> 0 | H207: =ESTADISTICA!H206 -> 0 | ... AJ207: =ESTADISTICA!AJ206 -> #REF!
A208: =ESTADISTICA!A208 -> MARTIN FIERRO | B208: =ESTADISTICA!B208 -> MFI 08 | C208: =ESTADISTICA!C208 -> Braile y Batalla de Callao | D208: =ESTADISTICA!D208 -> Domo | E208: =ESTADISTICA!E208 -> PTO A FO | F208: =ESTADISTICA!F208 -> 0 | G208: =ESTADISTICA!G208 -> 0 | H208: =ESTADISTICA!H208 -> 0 | ... AJ208: =ESTADISTICA!AJ208 -> #REF!
A209: =ESTADISTICA!A209 -> GOBERNADOR MONTEVERDE | B209: =ESTADISTICA!B209 -> MON01 | C209: =ESTADISTICA!C209 -> San Martin y Patricias Argentinas | D209: =ESTADISTICA!D209 -> Fija | E209: =ESTADISTICA!E209 -> Fibra Optica | F209: =ESTADISTICA!F209 -> 0 | G209: =ESTADISTICA!G209 -> 0 | H209: =ESTADISTICA!H209 -> 0 | ... AJ209: =ESTADISTICA!AJ209 -> #REF!
A210: =ESTADISTICA!A210 -> GOBERNADOR MONTEVERDE | B210: =ESTADISTICA!B210 -> MON02 | C210: =ESTADISTICA!C210 -> Senzabello y Famatina | D210: =ESTADISTICA!D210 -> Domo | E210: =ESTADISTICA!E210 -> Radio | F210: =ESTADISTICA!F210 -> 0 | G210: =ESTADISTICA!G210 -> 0 | H210: =ESTADISTICA!H210 -> 0 | ... AJ210: =ESTADISTICA!AJ210 -> #REF!
A211: =ESTADISTICA!A211 -> GOBERNADOR MONTEVERDE | B211: =ESTADISTICA!B211 -> MON03 | C211: =ESTADISTICA!C211 -> Senzabello y Guemes | D211: =ESTADISTICA!D211 -> Domo | E211: =ESTADISTICA!E211 -> Radio | F211: =ESTADISTICA!F211 -> 0 | G211: =ESTADISTICA!G211 -> 0 | H211: =ESTADISTICA!H211 -> 0 | ... AJ211: =ESTADISTICA!AJ211 -> #REF!
A212: =ESTADISTICA!A212 -> GOBERNADOR MONTEVERDE | B212: =ESTADISTICA!B212 -> MON04 | C212: =ESTADISTICA!C212 -> Av. Yrigoyen y San Lorenzo | D212: =ESTADISTICA!D212 -> Domo | E212: =ESTADISTICA!E212 -> Radio | F212: =ESTADISTICA!F212 -> 0 | G212: =ESTADISTICA!G212 -> 0 | H212: =ESTADISTICA!H212 -> 0 | ... AJ212: =ESTADISTICA!AJ212 -> #REF!
A213: =ESTADISTICA!A213 -> 9 DE JULIO | B213: =ESTADISTICA!B213 -> NJU 01 | C213: =ESTADISTICA!C213 -> Sallares y Parrillo | D213: =ESTADISTICA!D213 -> Domo | E213: =ESTADISTICA!E213 -> Fibra Optica | F213: =ESTADISTICA!F213 -> 0 | G213: =ESTADISTICA!G213 -> 0 | H213: =ESTADISTICA!H213 -> 0 | ... AJ213: =ESTADISTICA!AJ213 -> #REF!
A214: =ESTADISTICA!A214 -> 9 DE JULIO | B214: =ESTADISTICA!B214 -> NJU02 | C214: =ESTADISTICA!C214 -> Ituzaingo y Boccuzzi | D214: =ESTADISTICA!D214 -> Domo | E214: =ESTADISTICA!E214 -> Radio | F214: =ESTADISTICA!F214 -> 0 | G214: =ESTADISTICA!G214 -> 0 | H214: =ESTADISTICA!H214 -> 0 | ... AJ214: =ESTADISTICA!AJ214 -> #REF!
A215: =ESTADISTICA!A215 -> 9 DE JULIO | B215: =ESTADISTICA!B215 -> NJU03 | C215: =ESTADISTICA!C215 -> San Juan y Parrillo | D215: =ESTADISTICA!D215 -> Domo | E215: =ESTADISTICA!E215 -> PTO A FO | F215: =ESTADISTICA!F215 -> 0 | G215: =ESTADISTICA!G215 -> 0 | H215: =ESTADISTICA!H215 -> 0 | ... AJ215: =ESTADISTICA!AJ215 -> #REF!
A216: =ESTADISTICA!A216 -> 9 DE JULIO | B216: =ESTADISTICA!B216 -> NJU04 | C216: =ESTADISTICA!C216 -> Ituzaingo y 214 A | D216: =ESTADISTICA!D216 -> Domo | E216: =ESTADISTICA!E216 -> Radio | F216: =ESTADISTICA!F216 -> 0 | G216: =ESTADISTICA!G216 -> 0 | H216: =ESTADISTICA!H216 -> 0 | ... AJ216: =ESTADISTICA!AJ216 -> #REF!
A217: =ESTADISTICA!A217 -> ZEBALLOS CENTRO | B217: =ESTADISTICA!B217 -> NJU05 | C217: =ESTADISTICA!C217 -> Ituzaingo y Alem | D217: =ESTADISTICA!D217 -> Domo | E217: =ESTADISTICA!E217 -> Radio | F217: =ESTADISTICA!F217 -> 0 | G217: =ESTADISTICA!G217 -> 0 | H217: =ESTADISTICA!H217 -> 0 | ... AJ217: =ESTADISTICA!AJ217 -> #REF!
A218: =ESTADISTICA!A218 -> CENTRO | B218: =ESTADISTICA!B218 -> NJU06 | C218: =ESTADISTICA!C218 -> Sallares y Rodo | D218: =ESTADISTICA!D218 -> Domo | E218: =ESTADISTICA!E218 -> Fibra Optica | F218: =ESTADISTICA!F218 -> 0 | G218: =ESTADISTICA!G218 -> 0 | H218: =ESTADISTICA!H218 -> 0 | ... AJ218: =ESTADISTICA!AJ218 -> #REF!
A219: =ESTADISTICA!A219 -> 9 DE JULIO | B219: =ESTADISTICA!B219 -> NJU07 | C219: =ESTADISTICA!C219 -> Gral. Juan Domingo Peron y Parrillo | D219: =ESTADISTICA!D219 -> Domo | E219: =ESTADISTICA!E219 -> Fibra Optica | F219: =ESTADISTICA!F219 -> 0 | G219: =ESTADISTICA!G219 -> 0 | H219: =ESTADISTICA!H219 -> 0 | ... AJ219: =ESTADISTICA!AJ219 -> #REF!
... A516: =ESTADISTICA!A516 -> 0 | B516: =ESTADISTICA!B516 -> 0 | C516: =ESTADISTICA!C516 -> 0 | D516: =ESTADISTICA!D516 -> 0 | E516: =ESTADISTICA!E516 -> 0 | F516: =ESTADISTICA!F516 -> 0 | G516: =ESTADISTICA!G516 -> 0 | H516: =ESTADISTICA!H516 -> 0 | ... AJ516: =ESTADISTICA!AJ516 -> #REF!

Sheet APAGADOS FIBRA
C1: TOTAL FIBRA | D1: =COUNTIFS(E4:E401,"=Fibra Optica") -> 270
E2: APAGADOS | F2: =COUNTIFS(F4:F501, "=APAGADO",E4:E501,"=Fibra Optica") -> 47 | G2: =COUNTIFS(G4:G501, "=APAGADO",E4:E501,"=Fibra Optica") -> 14 | H2: =COUNTIFS(H4:H501, "=APAGADO",E4:E501,"=Fibra Optica") -> 49 | I2: =COUNTIFS(I4:I501, "=APAGADO",E4:E501,"=Fibra Optica") -> 50 | J2: =COUNTIFS(J4:J501, "=APAGADO",E4:E501,"=Fibra Optica") -> 53 | K2: =COUNTIFS(K4:K501, "=APAGADO",E4:E501,"=Fibra Optica") -> 54 | L2: =COUNTIFS(L4:L501, "=APAGADO",E4:E501,"=Fibra Optica") -> 18 | M2: =COUNTIFS(M4:M501, "=APAGADO",E4:E501,"=Fibra Optica") -> 40 | N2: =COUNTIFS(N4:N501, "=APAGADO",E4:E501,"=Fibra Optica") -> 17 | O2: =COUNTIFS(O4:O501, "=APAGADO",E4:E501,"=Fibra Optica") -> 40 | P2: =COUNTIFS(P4:P601, "=APAGADO",E4:E601,"=Fibra Optica") -> 85 | Q2: =COUNTIFS(Q4:Q501, "=APAGADO",E4:E501,"=Fibra Optica") -> 80 | R2: =COUNTIFS(R4:R501, "=APAGADO",E4:E501,"=Fibra Optica") -> 53 | S2: =COUNTIFS(S4:S501, "=APAGADO",E4:E501,"=Fibra Optica") -> 57 | T2: =COUNTIFS(T4:T501, "=APAGADO",E4:E501,"=Fibra Optica") -> 58 | U2: =COUNTIFS(U4:U501, "=APAGADO",E4:E501,"=Fibra Optica") -> 31 | V2: =COUNTIFS(V4:V501, "=APAGADO",E4:E501,"=Fibra Optica") -> 36 | W2: =COUNTIFS(W4:W501, "=APAGADO",E4:E501,"=Fibra Optica") -> 33 | X2: =COUNTIFS(X4:X501, "=APAGADO",E4:E501,"=Fibra Optica") -> 35 | Y2: =COUNTIFS(Y4:Y501, "=APAGADO",E4:E501,"=Fibra Optica") -> 69 | Z2: =COUNTIFS(Z4:Z501, "=APAGADO",E4:E501,"=Fibra Optica") -> 68 | AA2: =COUNTIFS(AA4:AA501, "=APAGADO",E4:E501,"=Fibra Optica") -> 31 | AB2: =COUNTIFS(AB4:AB501, "=APAGADO",E4:E501,"=Fibra Optica") -> 32 | AC2: =COUNTIFS(AC4:AC601, "=APAGADO",E4:E601,"=Fibra Optica") -> 0 | AD2: =COUNTIFS(AD4:AD501, "=APAGADO",E4:E501,"=Fibra Optica") -> 0 | AE2: =COUNTIFS(AE4:AE501, "=APAGADO",E4:E501,"=Fibra Optica") -> 0 | AF2: =COUNTIFS(AF4:AF501, "=APAGADO",E4:E501,"=Fibra Optica") -> 0 | AG2: =COUNTIFS(AG4:AG501, "=APAGADO",E4:E501,"=Fibra Optica") -> 0 | AH2: =COUNTIFS(AH4:AH501, "=APAGADO",E4:E501,"=Fibra Optica") -> 0 | AI2: =COUNTIFS(AI4:AI401, "=APAGADO",E4:E401,"=Fibra Optica") -> 0 | AJ2: =COUNTIFS(AJ4:AJ401, "=APAGADO",F4:F401,"=Fibra Optica") -> 0
A3: =ESTADISTICA!A1 -> Barrio | B3: =ESTADISTICA!B1 -> [Denominacion] | C3: =ESTADISTICA!C1 -> [Ubicacion] | D3: =ESTADISTICA!D1 -> [Tipo de Camara] | E3: =ESTADISTICA!E1 -> [Tipo de Conexion] | F3: =ESTADISTICA!F1 -> 45231 | G3: =ESTADISTICA!G1 -> 45232 | H3: =ESTADISTICA!H1 -> 45233 | ... AJ3: =ESTADISTICA!AJ1 -> #REF!
A4: ='RESUMEN TOTAL'!A7 -> ALTAMIRA | B4: ='RESUMEN TOTAL'!B7 -> ALT 03 | C4: ='RESUMEN TOTAL'!D7 -> Bombero Galarza y Necochea | D4: ='RESUMEN TOTAL'!E7 -> Domo | E4: ='RESUMEN TOTAL'!F7 -> Fibra Optica | F4: ='RESUMEN TOTAL'!L7 -> 0 | G4: ='RESUMEN TOTAL'!M7 -> 0 | H4: ='RESUMEN TOTAL'!N7 -> 0 | I4: ='RESUMEN TOTAL'!O7 -> 0 | J4: ='RESUMEN TOTAL'!P7 -> 0 | K4: ='RESUMEN TOTAL'!Q7 -> 0 | L4: ='RESUMEN TOTAL'!R7 -> 0 | M4: ='RESUMEN TOTAL'!S7 -> 0 | ... AI4: ='RESUMEN TOTAL'!AO7 -> 0 | AJ4: ='RESUMEN TOTAL'!#REF! -> #REF!
A5: ='RESUMEN TOTAL'!A8 -> ALTAMIRA | B5: ='RESUMEN TOTAL'!B8 -> ALT 04 | C5: ='RESUMEN TOTAL'!D8 -> Francia y Necochea | D5: ='RESUMEN TOTAL'!E8 -> Domo | E5: ='RESUMEN TOTAL'!F8 -> Fibra Optica | F5: ='RESUMEN TOTAL'!L8 -> 0 | G5: ='RESUMEN TOTAL'!M8 -> 0 | H5: ='RESUMEN TOTAL'!N8 -> 0 | I5: ='RESUMEN TOTAL'!O8 -> 0 | J5: ='RESUMEN TOTAL'!P8 -> 0 | K5: ='RESUMEN TOTAL'!Q8 -> 0 | L5: ='RESUMEN TOTAL'!R8 -> 0 | M5: ='RESUMEN TOTAL'!S8 -> 0 | ... AI5: ='RESUMEN TOTAL'!AO8 -> 0 | AJ5: ='RESUMEN TOTAL'!#REF! -> #REF!
A6: ='RESUMEN TOTAL'!A9 -> ALTAMIRA | B6: ='RESUMEN TOTAL'!B9 -> ALT05 | C6: ='RESUMEN TOTAL'!D9 -> Av. Calchaqui y Bombero Galarza | D6: ='RESUMEN TOTAL'!E9 -> Domo | E6: ='RESUMEN TOTAL'!F9 -> PTO A FO | F6: ='RESUMEN TOTAL'!L9 -> 0 | G6: ='RESUMEN TOTAL'!M9 -> 0 | H6: ='RESUMEN TOTAL'!N9 -> 0 | I6: ='RESUMEN TOTAL'!O9 -> 0 | J6: ='RESUMEN TOTAL'!P9 -> 0 | K6: ='RESUMEN TOTAL'!Q9 -> 0 | L6: ='RESUMEN TOTAL'!R9 -> 0 | M6: ='RESUMEN TOTAL'!S9 -> 0 | ... AI6: ='RESUMEN TOTAL'!AO9 -> 0 | AJ6: ='RESUMEN TOTAL'!#REF! -> #REF!
A7: ='RESUMEN TOTAL'!A10 -> ALTAMIRA | B7: ='RESUMEN TOTAL'!B10 -> ALT 06 | C7: ='RESUMEN TOTAL'!D10 -> LOPE DE VEGA Y NECOCHEA | D7: ='RESUMEN TOTAL'!E10 -> Domo | E7: ='RESUMEN TOTAL'!F10 -> PTO A FO | F7: ='RESUMEN TOTAL'!L10 -> 0 | G7: ='RESUMEN TOTAL'!M10 -> 0 | H7: ='RESUMEN TOTAL'!N10 -> 0 | I7: ='RESUMEN TOTAL'!O10 -> 0 | J7: ='RESUMEN TOTAL'!P10 -> 0 | K7: ='RESUMEN TOTAL'!Q10 -> 0 | L7: ='RESUMEN TOTAL'!R10 -> 0 | M7: ='RESUMEN TOTAL'!S10 -> 0 | ... AI7: ='RESUMEN TOTAL'!AO10 -> 0 | AJ7: ='RESUMEN TOTAL'!#REF! -> #REF!
A8: ='RESUMEN TOTAL'!A11 -> ALTAMIRA | B8: ='RESUMEN TOTAL'!B11 -> ALT07 | C8: ='RESUMEN TOTAL'!D11 -> AV. CALCHAQUI Y AV. DEL TRABAJO | D8: ='RESUMEN TOTAL'!E11 -> DOMO | E8: ='RESUMEN TOTAL'!F11 -> PTO A FO | F8: ='RESUMEN TOTAL'!L11 -> 0 | G8: ='RESUMEN TOTAL'!M11 -> 0 | H8: ='RESUMEN TOTAL'!N11 -> 0 | I8: ='RESUMEN TOTAL'!O11 -> 0 | J8: ='RESUMEN TOTAL'!P11 -> 0 | K8: ='RESUMEN TOTAL'!Q11 -> 0 | L8: ='RESUMEN TOTAL'!R11 -> 0 | M8: ='RESUMEN TOTAL'!S11 -> 0 | ... AI8: ='RESUMEN TOTAL'!AO11 -> 0 | AJ8: ='RESUMEN TOTAL'!#REF! -> #REF!
A9: ='RESUMEN TOTAL'!A12 -> ALTAMIRA | B9: ='RESUMEN TOTAL'!B12 -> ALT 08 | C9: ='RESUMEN TOTAL'!D12 -> HUMAITA Y NECOCHEA | D9: ='RESUMEN TOTAL'!E12 -> DOMO | E9: ='RESUMEN TOTAL'!F12 -> Fibra Optica | F9: ='RESUMEN TOTAL'!L12 -> 0 | G9: ='RESUMEN TOTAL'!M12 -> 0 | H9: ='RESUMEN TOTAL'!N12 -> 0 | I9: ='RESUMEN TOTAL'!O12 -> 0 | J9: ='RESUMEN TOTAL'!P12 -> 0 | K9: ='RESUMEN TOTAL'!Q12 -> 0 | L9: ='RESUMEN TOTAL'!R12 -> 0 | M9: ='RESUMEN TOTAL'!S12 -> 0 | ... AI9: ='RESUMEN TOTAL'!AO12 -> 0 | AJ9: ='RESUMEN TOTAL'!#REF! -> #REF!
A10: ='RESUMEN TOTAL'!A13 -> ALTAMIRA | B10: ='RESUMEN TOTAL'!B13 -> ALT 09 | C10: ='RESUMEN TOTAL'!D13 -> NECOCHEA Y CURUPAITY | D10: ='RESUMEN TOTAL'!E13 -> DOMO | E10: ='RESUMEN TOTAL'!F13 -> Fibra Optica | F10: ='RESUMEN TOTAL'!L13 -> 0 | G10: ='RESUMEN TOTAL'!M13 -> 0 | H10: ='RESUMEN TOTAL'!N13 -> 0 | I10: ='RESUMEN TOTAL'!O13 -> 0 | J10: ='RESUMEN TOTAL'!P13 -> 0 | K10: ='RESUMEN TOTAL'!Q13 -> 0 | L10: ='RESUMEN TOTAL'!R13 -> 0 | M10: ='RESUMEN TOTAL'!S13 -> 0 | ... AI10: ='RESUMEN TOTAL'!AO13 -> 0 | AJ10: ='RESUMEN TOTAL'!#REF! -> #REF!
A11: ='RESUMEN TOTAL'!A14 -> ALTAMIRA | B11: ='RESUMEN TOTAL'!B14 -> ALT 10 | C11: ='RESUMEN TOTAL'!D14 -> Calchaqui y Francia | D11: ='RESUMEN TOTAL'!E14 -> Domo | E11: ='RESUMEN TOTAL'!F14 -> Radio | F11: ='RESUMEN TOTAL'!L14 -> APAGADO | G11: ='RESUMEN TOTAL'!M14 -> APAGADO | H11: ='RESUMEN TOTAL'!N14 -> APAGADO | I11: ='RESUMEN TOTAL'!O14 -> APAGADO | J11: ='RESUMEN TOTAL'!P14 -> APAGADO | K11: ='RESUMEN TOTAL'!Q14 -> APAGADO | L11: ='RESUMEN TOTAL'!R14 -> APAGADO | M11: ='RESUMEN TOTAL'!S14 -> APAGADO | ... AI11: ='RESUMEN TOTAL'!AO14 -> 0 | AJ11: ='RESUMEN TOTAL'!#REF! -> #REF!
A12: ='RESUMEN TOTAL'!A15 -> AGUSTIN RAMIREZ | B12: ='RESUMEN TOTAL'!B15 -> ARA 01 | C12: ='RESUMEN TOTAL'!D15 -> Malambo y Tranquera | D12: ='RESUMEN TOTAL'!E15 -> Domo | E12: ='RESUMEN TOTAL'!F15 -> Fibra Optica | F12: ='RESUMEN TOTAL'!L15 -> APAGADO | G12: ='RESUMEN TOTAL'!M15 -> APAGADO | H12: ='RESUMEN TOTAL'!N15 -> APAGADO | I12: ='RESUMEN TOTAL'!O15 -> APAGADO | J12: ='RESUMEN TOTAL'!P15 -> APAGADO | K12: ='RESUMEN TOTAL'!Q15 -> APAGADO | L12: ='RESUMEN TOTAL'!R15 -> APAGADO | M12: ='RESUMEN TOTAL'!S15 -> APAGADO | ... AI12: ='RESUMEN TOTAL'!AO15 -> 0 | AJ12: ='RESUMEN TOTAL'!#REF! -> #REF!
A13: ='RESUMEN TOTAL'!A16 -> BELGRANO | B13: ='RESUMEN TOTAL'!B16 -> BEL 01 | C13: ='RESUMEN TOTAL'!D16 -> San Martin y Dardo Rocha | D13: ='RESUMEN TOTAL'!E16 -> DOMO | E13: ='RESUMEN TOTAL'!F16 -> Fibra Optica | F13: ='RESUMEN TOTAL'!L16 -> 0 | G13: ='RESUMEN TOTAL'!M16 -> 0 | H13: ='RESUMEN TOTAL'!N16 -> 0 | I13: ='RESUMEN TOTAL'!O16 -> 0 | J13: ='RESUMEN TOTAL'!P16 -> 0 | K13: ='RESUMEN TOTAL'!Q16 -> 0 | L13: ='RESUMEN TOTAL'!R16 -> 0 | M13: ='RESUMEN TOTAL'!S16 -> 0 | ... AI13: ='RESUMEN TOTAL'!AO16 -> 0 | AJ13: ='RESUMEN TOTAL'!#REF! -> #REF!
A14: ='RESUMEN TOTAL'!A17 -> BELGRANO | B14: ='RESUMEN TOTAL'!B17 -> BEL 02 | C14: ='RESUMEN TOTAL'!D17 -> Guardia vieja y Fronteriz | D14: ='RESUMEN TOTAL'!E17 -> DOMO | E14: ='RESUMEN TOTAL'!F17 -> Fibra Optica | F14: ='RESUMEN TOTAL'!L17 -> 0 | G14: ='RESUMEN TOTAL'!M17 -> 0 | H14: ='RESUMEN TOTAL'!N17 -> 0 | I14: ='RESUMEN TOTAL'!O17 -> 0 | J14: ='RESUMEN TOTAL'!P17 -> 0 | K14: ='RESUMEN TOTAL'!Q17 -> 0 | L14: ='RESUMEN TOTAL'!R17 -> 0 | M14: ='RESUMEN TOTAL'!S17 -> 0 | ... AI14: ='RESUMEN TOTAL'!AO17 -> 0 | AJ14: ='RESUMEN TOTAL'!#REF! -> #REF!
A15: ='RESUMEN TOTAL'!A18 -> BOSQUES CENTRO | B15: ='RESUMEN TOTAL'!B18 -> BOSQC 01 | C15: ='RESUMEN TOTAL'!D18 -> LUIS AGOTE E/DANUNCIO Y CAMPOAMOR | D15: ='RESUMEN TOTAL'!E18 -> Fija | E15: ='RESUMEN TOTAL'!F18 -> Radio | F15: ='RESUMEN TOTAL'!L18 -> APAGADO | G15: ='RESUMEN TOTAL'!M18 -> 0 | H15: ='RESUMEN TOTAL'!N18 -> APAGADO | I15: ='RESUMEN TOTAL'!O18 -> APAGADO | J15: ='RESUMEN TOTAL'!P18 -> APAGADO | K15: ='RESUMEN TOTAL'!Q18 -> APAGADO | L15: ='RESUMEN TOTAL'!R18 -> 0 | M15: ='RESUMEN TOTAL'!S18 -> APAGADO | ... AI15: ='RESUMEN TOTAL'!AO18 -> 0 | AJ15: ='RESUMEN TOTAL'!#REF! -> #REF!
... A121: ='RESUMEN TOTAL'!A124 -> DON JOSE | B121: ='RESUMEN TOTAL'!B124 -> DJ 07 | C121: ='RESUMEN TOTAL'!D124 -> Calle 414 y El Indio | D121: ='RESUMEN TOTAL'!E124 -> Fija | E121: ='RESUMEN TOTAL'!F124 -> PTO A FO | F121: ='RESUMEN TOTAL'!L124 -> 0 | G121: ='RESUMEN TOTAL'!M124 -> 0 | H121: ='RESUMEN TOTAL'!N124 -> 0 | I121: ='RESUMEN TOTAL'!O124 -> 0 | J121: ='RESUMEN TOTAL'!P124 -> 0 | K121: ='RESUMEN TOTAL'!Q124 -> 0 | L121: ='RESUMEN TOTAL'!R124 -> 0 | M121: ='RESUMEN TOTAL'!S124 -> 0 | ... AI121: ='RESUMEN TOTAL'!AO124 -> 0 | AJ121: ='RESUMEN TOTAL'!#REF! -> #REF!
A122: ='RESUMEN TOTAL'!A126 -> EL PARQUE | B122: ='RESUMEN TOTAL'!B126 -> EPQ 01 | C122: ='RESUMEN TOTAL'!D126 -> 1282 Y GRIERSON | D122: ='RESUMEN TOTAL'!E126 -> DOMO | E122: ='RESUMEN TOTAL'!F126 -> Fibra Optica | F122: ='RESUMEN TOTAL'!L126 -> 0 | G122: ='RESUMEN TOTAL'!M126 -> 0 | H122: ='RESUMEN TOTAL'!N126 -> 0 | I122: ='RESUMEN TOTAL'!O126 -> 0 | J122: ='RESUMEN TOTAL'!P126 -> 0 | K122: ='RESUMEN TOTAL'!Q126 -> 0 | L122: ='RESUMEN TOTAL'!R126 -> 0 | M122: ='RESUMEN TOTAL'!S126 -> 0 | ... AI122: ='RESUMEN TOTAL'!AO126 -> 0 | AJ122: ='RESUMEN TOTAL'!#REF! -> #REF!
A123: ='RESUMEN TOTAL'!A127 -> EL PARQUE | B123: ='RESUMEN TOTAL'!B127 -> EPQ 02 | C123: ='RESUMEN TOTAL'!D127 -> 1282 Y MASSE | D123: ='RESUMEN TOTAL'!E127 -> DOMO | E123: ='RESUMEN TOTAL'!F127 -> Fibra Optica | F123: ='RESUMEN TOTAL'!L127 -> 0 | G123: ='RESUMEN TOTAL'!M127 -> 0 | H123: ='RESUMEN TOTAL'!N127 -> 0 | I123: ='RESUMEN TOTAL'!O127 -> 0 | J123: ='RESUMEN TOTAL'!P127 -> 0 | K123: ='RESUMEN TOTAL'!Q127 -> 0 | L123: ='RESUMEN TOTAL'!R127 -> 0 | M123: ='RESUMEN TOTAL'!S127 -> 0 | ... AI123: ='RESUMEN TOTAL'!AO127 -> 0 | AJ123: ='RESUMEN TOTAL'!#REF! -> #REF!
A124: ='RESUMEN TOTAL'!A128 -> EL PARQUE | B124: ='RESUMEN TOTAL'!B128 -> EPQ 03 | C124: ='RESUMEN TOTAL'!D128 -> 1282 Y RP 36 | D124: ='RESUMEN TOTAL'!E128 -> Domo | E124: ='RESUMEN TOTAL'!F128 -> Fibra Optica | F124: ='RESUMEN TOTAL'!L128 -> 0 | G124: ='RESUMEN TOTAL'!M128 -> 0 | H124: ='RESUMEN TOTAL'!N128 -> 0 | I124: ='RESUMEN TOTAL'!O128 -> 0 | J124: ='RESUMEN TOTAL'!P128 -> 0 | K124: ='RESUMEN TOTAL'!Q128 -> 0 | L124: ='RESUMEN TOTAL'!R128 -> 0 | M124: ='RESUMEN TOTAL'!S128 -> 0 | ... AI124: ='RESUMEN TOTAL'!AO128 -> 0 | AJ124: ='RESUMEN TOTAL'!#REF! -> #REF!
A125: ='RESUMEN TOTAL'!A129 -> EL PARQUE | B125: ='RESUMEN TOTAL'!B129 -> EPQ 04 | C125: ='RESUMEN TOTAL'!D129 -> 1282 Y MORENO | D125: ='RESUMEN TOTAL'!E129 -> DOMO | E125: ='RESUMEN TOTAL'!F129 -> Fibra Optica | F125: ='RESUMEN TOTAL'!L129 -> 0 | G125: ='RESUMEN TOTAL'!M129 -> 0 | H125: ='RESUMEN TOTAL'!N129 -> 0 | I125: ='RESUMEN TOTAL'!O129 -> 0 | J125: ='RESUMEN TOTAL'!P129 -> 0 | K125: ='RESUMEN TOTAL'!Q129 -> 0 | L125: ='RESUMEN TOTAL'!R129 -> 0 | M125: ='RESUMEN TOTAL'!S129 -> 0 | ... AI125: ='RESUMEN TOTAL'!AO129 -> 0 | AJ125: ='RESUMEN TOTAL'!#REF! -> #REF!
A126: ='RESUMEN TOTAL'!A130 -> LA ESMERALDA | B126: ='RESUMEN TOTAL'!B130 -> ESM01 | C126: ='RESUMEN TOTAL'!D130 -> Cabello y Brasil | D126: ='RESUMEN TOTAL'!E130 -> Domo | E126: ='RESUMEN TOTAL'!F130 -> Radio | F126: ='RESUMEN TOTAL'!L130 -> 0 | G126: ='RESUMEN TOTAL'!M130 -> 0 | H126: ='RESUMEN TOTAL'!N130 -> 0 | I126: ='RESUMEN TOTAL'!O130 -> 0 | J126: ='RESUMEN TOTAL'!P130 -> 0 | K126: ='RESUMEN TOTAL'!Q130 -> 0 | L126: ='RESUMEN TOTAL'!R130 -> 0 | M126: ='RESUMEN TOTAL'!S130 -> 0 | ... AI126: ='RESUMEN TOTAL'!AO130 -> 0 | AJ126: ='RESUMEN TOTAL'!#REF! -> #REF!
A127: ='RESUMEN TOTAL'!A131 -> SAN JORGE | B127: ='RESUMEN TOTAL'!B131 -> ESM02 | C127: ='RESUMEN TOTAL'!D131 -> Novak y Cabello | D127: ='RESUMEN TOTAL'!E131 -> Domo | E127: ='RESUMEN TOTAL'!F131 -> PTO A FO | F127: ='RESUMEN TOTAL'!L131 -> 0 | G127: ='RESUMEN TOTAL'!M131 -> 0 | H127: ='RESUMEN TOTAL'!N131 -> 0 | I127: ='RESUMEN TOTAL'!O131 -> 0 | J127: ='RESUMEN TOTAL'!P131 -> 0 | K127: ='RESUMEN TOTAL'!Q131 -> 0 | L127: ='RESUMEN TOTAL'!R131 -> 0 | M127: ='RESUMEN TOTAL'!S131 -> 0 | ... AI127: ='RESUMEN TOTAL'!AO131 -> 0 | AJ127: ='RESUMEN TOTAL'!#REF! -> #REF!
A128: ='RESUMEN TOTAL'!A132 -> 0 | B128: ='RESUMEN TOTAL'!B132 -> ESM03 | C128: ='RESUMEN TOTAL'!D132 -> Novak y Humahuaca | D128: ='RESUMEN TOTAL'!E132 -> DOMO | E128: ='RESUMEN TOTAL'!F132 -> PTO A FO | F128: ='RESUMEN TOTAL'!L132 -> 0 | G128: ='RESUMEN TOTAL'!M132 -> 0 | H128: ='RESUMEN TOTAL'!N132 -> 0 | I128: ='RESUMEN TOTAL'!O132 -> 0 | J128: ='RESUMEN TOTAL'!P132 -> 0 | K128: ='RESUMEN TOTAL'!Q132 -> 0 | L128: ='RESUMEN TOTAL'!R132 -> 0 | M128: ='RESUMEN TOTAL'!S132 -> 0 | ... AI128: ='RESUMEN TOTAL'!AO132 -> 0 | AJ128: ='RESUMEN TOTAL'!#REF! -> #REF!
A129: ='RESUMEN TOTAL'!A133 -> LA ESMERALDA | B129: ='RESUMEN TOTAL'!B133 -> ESM04 | C129: ='RESUMEN TOTAL'!D133 -> Basualdo y Bengochea | D129: ='RESUMEN TOTAL'!E133 -> Domo | E129: ='RESUMEN TOTAL'!F133 -> Fibra Optica | F129: ='RESUMEN TOTAL'!L133 -> APAGADO | G129: ='RESUMEN TOTAL'!M133 -> APAGADO | H129: ='RESUMEN TOTAL'!N133 -> APAGADO | I129: ='RESUMEN TOTAL'!O133 -> APAGADO | J129: ='RESUMEN TOTAL'!P133 -> APAGADO | K129: ='RESUMEN TOTAL'!Q133 -> APAGADO | L129: ='RESUMEN TOTAL'!R133 -> APAGADO | M129: ='RESUMEN TOTAL'!S133 -> APAGADO | ... AI129: ='RESUMEN TOTAL'!AO133 -> 0 | AJ129: ='RESUMEN TOTAL'!#REF! -> #REF!
A130: ='RESUMEN TOTAL'!A134 -> LA ESMERALDA | B130: ='RESUMEN TOTAL'!B134 -> ESM05 | C130: ='RESUMEN TOTAL'!D134 -> Aniceto Diaz y Villar | D130: ='RESUMEN TOTAL'!E134 -> Domo | E130: ='RESUMEN TOTAL'!F134 -> Fibra Optica | F130: ='RESUMEN TOTAL'!L134 -> APAGADO | G130: ='RESUMEN TOTAL'!M134 -> APAGADO | H130: ='RESUMEN TOTAL'!N134 -> APAGADO | I130: ='RESUMEN TOTAL'!O134 -> APAGADO | J130: ='RESUMEN TOTAL'!P134 -> APAGADO | K130: ='RESUMEN TOTAL'!Q134 -> APAGADO | L130: ='RESUMEN TOTAL'!R134 -> APAGADO | M130: ='RESUMEN TOTAL'!S134 -> APAGADO | ... AI130: ='RESUMEN TOTAL'!AO134 -> 0 | AJ130: ='RESUMEN TOTAL'!#REF! -> #REF!
A131: ='RESUMEN TOTAL'!A135 -> LA ESMERALDA | B131: ='RESUMEN TOTAL'!B135 -> ESM06 | C131: ='RESUMEN TOTAL'!D135 -> Roselli y Cabello | D131: ='RESUMEN TOTAL'!E135 -> Domo | E131: ='RESUMEN TOTAL'!F135 -> Radio | F131: ='RESUMEN TOTAL'!L135 -> 0 | G131: ='RESUMEN TOTAL'!M135 -> 0 | H131: ='RESUMEN TOTAL'!N135 -> 0 | I131: ='RESUMEN TOTAL'!O135 -> 0 | J131: ='RESUMEN TOTAL'!P135 -> 0 | K131: ='RESUMEN TOTAL'!Q135 -> 0 | L131: ='RESUMEN TOTAL'!R135 -> 0 | M131: ='RESUMEN TOTAL'!S135 -> 0 | ... AI131: ='RESUMEN TOTAL'!AO135 -> 0 | AJ131: ='RESUMEN TOTAL'!#REF! -> #REF!
A132: ='RESUMEN TOTAL'!A136 -> LA ESMERALDA | B132: ='RESUMEN TOTAL'!B136 -> ESM07 | C132: ='RESUMEN TOTAL'!D136 -> AV. NOVAK Y SERRANO | D132: ='RESUMEN TOTAL'!E136 -> DOMO | E132: ='RESUMEN TOTAL'!F136 -> PTO A FO | F132: ='RESUMEN TOTAL'!L136 -> 0 | G132: ='RESUMEN TOTAL'!M136 -> 0 | H132: ='RESUMEN TOTAL'!N136 -> 0 | I132: ='RESUMEN TOTAL'!O136 -> 0 | J132: ='RESUMEN TOTAL'!P136 -> 0 | K132: ='RESUMEN TOTAL'!Q136 -> 0 | L132: ='RESUMEN TOTAL'!R136 -> 0 | M132: ='RESUMEN TOTAL'!S136 -> 0 | ... AI132: ='RESUMEN TOTAL'!AO136 -> 0 | AJ132: ='RESUMEN TOTAL'!#REF! -> #REF!
A133: ='RESUMEN TOTAL'!A137 -> LA ESMERALDA | B133: ='RESUMEN TOTAL'!B137 -> ESM 08 | C133: ='RESUMEN TOTAL'!D137 -> DAVINSON Y MORANCHEL | D133: ='RESUMEN TOTAL'!E137 -> FIJA | E133: ='RESUMEN TOTAL'!F137 -> Radio | F133: ='RESUMEN TOTAL'!L137 -> 0 | G133: ='RESUMEN TOTAL'!M137 -> 0 | H133: ='RESUMEN TOTAL'!N137 -> 0 | I133: ='RESUMEN TOTAL'!O137 -> 0 | J133: ='RESUMEN TOTAL'!P137 -> 0 | K133: ='RESUMEN TOTAL'!Q137 -> 0 | L133: ='RESUMEN TOTAL'!R137 -> 0 | M133: ='RESUMEN TOTAL'!S137 -> 0 | ... AI133: ='RESUMEN TOTAL'!AO137 -> 0 | AJ133: ='RESUMEN TOTAL'!#REF! -> #REF!
... A200: ='RESUMEN TOTAL'!A204 -> 0 | B200: ='RESUMEN TOTAL'!B204 -> MCUD 01 | C200: ='RESUMEN TOTAL'!D204 -> TINOGASTA Y SAN LORENZO | D200: ='RESUMEN TOTAL'!E204 -> Domo | E200: ='RESUMEN TOTAL'!F204 -> Fibra Optica | F200: ='RESUMEN TOTAL'!L204 -> 0 | G200: ='RESUMEN TOTAL'!M204 -> 0 | H200: ='RESUMEN TOTAL'!N204 -> 0 | I200: ='RESUMEN TOTAL'!O204 -> 0 | J200: ='RESUMEN TOTAL'!P204 -> 0 | K200: ='RESUMEN TOTAL'!Q204 -> 0 | L200: ='RESUMEN TOTAL'!R204 -> 0 | M200: ='RESUMEN TOTAL'!S204 -> 0 | ... AI200: ='RESUMEN TOTAL'!AO204 -> 0 | AJ200: ='RESUMEN TOTAL'!#REF! -> #REF!
A201: ='RESUMEN TOTAL'!A206 -> MARTIN FIERRO | B201: ='RESUMEN TOTAL'!B206 -> MFI 01 | C201: ='RESUMEN TOTAL'!D206 -> Belgrano y Sgto. Cabral | D201: ='RESUMEN TOTAL'!E206 -> Fija | E201: ='RESUMEN TOTAL'!F206 -> Fibra Optica | F201: ='RESUMEN TOTAL'!L206 -> 0 | G201: ='RESUMEN TOTAL'!M206 -> 0 | H201: ='RESUMEN TOTAL'!N206 -> 0 | I201: ='RESUMEN TOTAL'!O206 -> 0 | J201: ='RESUMEN TOTAL'!P206 -> 0 | K201: ='RESUMEN TOTAL'!Q206 -> 0 | L201: ='RESUMEN TOTAL'!R206 -> 0 | M201: ='RESUMEN TOTAL'!S206 -> 0 | ... AI201: ='RESUMEN TOTAL'!AO206 -> 0 | AJ201: ='RESUMEN TOTAL'!#REF! -> #REF!
A202: ='RESUMEN TOTAL'!A207 -> LOPEZ ROMERO | B202: ='RESUMEN TOTAL'!B207 -> MFI02 | C202: ='RESUMEN TOTAL'!D207 -> Calchaqui y Balcarce | D202: ='RESUMEN TOTAL'!E207 -> Fija | E202: ='RESUMEN TOTAL'!F207 -> Fibra Optica | F202: ='RESUMEN TOTAL'!L207 -> 0 | G202: ='RESUMEN TOTAL'!M207 -> 0 | H202: ='RESUMEN TOTAL'!N207 -> 0 | I202: ='RESUMEN TOTAL'!O207 -> 0 | J202: ='RESUMEN TOTAL'!P207 -> 0 | K202: ='RESUMEN TOTAL'!Q207 -> 0 | L202: ='RESUMEN TOTAL'!R207 -> 0 | M202: ='RESUMEN TOTAL'!S207 -> 0 | ... AI202: ='RESUMEN TOTAL'!AO207 -> 0 | AJ202: ='RESUMEN TOTAL'!#REF! -> #REF!
A203: ='RESUMEN TOTAL'!A208 -> SAN EMILIO | B203: ='RESUMEN TOTAL'!B208 -> MFI 03 | C203: ='RESUMEN TOTAL'!D208 -> Cno. Gral. Belgrano y Av. del Trabajo | D203: ='RESUMEN TOTAL'!E208 -> Domo | E203: ='RESUMEN TOTAL'!F208 -> Fibra Optica | F203: ='RESUMEN TOTAL'!L208 -> 0 | G203: ='RESUMEN TOTAL'!M208 -> 0 | H203: ='RESUMEN TOTAL'!N208 -> 0 | I203: ='RESUMEN TOTAL'!O208 -> 0 | J203: ='RESUMEN TOTAL'!P208 -> 0 | K203: ='RESUMEN TOTAL'!Q208 -> 0 | L203: ='RESUMEN TOTAL'!R208 -> 0 | M203: ='RESUMEN TOTAL'!S208 -> 0 | ... AI203: ='RESUMEN TOTAL'!AO208 -> 0 | AJ203: ='RESUMEN TOTAL'!#REF! -> #REF!
A204: ='RESUMEN TOTAL'!A209 -> MARTIN FIERRO | B204: ='RESUMEN TOTAL'!B209 -> MFI04 | C204: ='RESUMEN TOTAL'!D209 -> Calchaqui y balcarce | D204: ='RESUMEN TOTAL'!E209 -> Domo | E204: ='RESUMEN TOTAL'!F209 -> Fibra Optica | F204: ='RESUMEN TOTAL'!L209 -> 0 | G204: ='RESUMEN TOTAL'!M209 -> 0 | H204: ='RESUMEN TOTAL'!N209 -> 0 | I204: ='RESUMEN TOTAL'!O209 -> 0 | J204: ='RESUMEN TOTAL'!P209 -> 0 | K204: ='RESUMEN TOTAL'!Q209 -> 0 | L204: ='RESUMEN TOTAL'!R209 -> 0 | M204: ='RESUMEN TOTAL'!S209 -> 0 | ... AI204: ='RESUMEN TOTAL'!AO209 -> 0 | AJ204: ='RESUMEN TOTAL'!#REF! -> #REF!
A205: ='RESUMEN TOTAL'!A210 -> SAN EMILIO | B205: ='RESUMEN TOTAL'!B210 -> MFI 05 | C205: ='RESUMEN TOTAL'!D210 -> Cno. Gral. Belgrano y Guayaquil | D205: ='RESUMEN TOTAL'!E210 -> Domo | E205: ='RESUMEN TOTAL'!F210 -> Fibra Optica | F205: ='RESUMEN TOTAL'!L210 -> 0 | G205: ='RESUMEN TOTAL'!M210 -> 0 | H205: ='RESUMEN TOTAL'!N210 -> 0 | I205: ='RESUMEN TOTAL'!O210 -> 0 | J205: ='RESUMEN TOTAL'!P210 -> 0 | K205: ='RESUMEN TOTAL'!Q210 -> 0 | L205: ='RESUMEN TOTAL'!R210 -> 0 | M205: ='RESUMEN TOTAL'!S210 -> 0 | ... AI205: ='RESUMEN TOTAL'!AO210 -> 0 | AJ205: ='RESUMEN TOTAL'!#REF! -> #REF!
A206: ='RESUMEN TOTAL'!A211 -> SAN EMILIO | B206: ='RESUMEN TOTAL'!B211 -> MFI06 | C206: ='RESUMEN TOTAL'!D211 -> Con. Gral. Belgrano y Bombero Galarza | D206: ='RESUMEN TOTAL'!E211 -> DOMO | E206: ='RESUMEN TOTAL'!F211 -> Radio | F206: ='RESUMEN TOTAL'!L211 -> 0 | G206: ='RESUMEN TOTAL'!M211 -> 0 | H206: ='RESUMEN TOTAL'!N211 -> 0 | I206: ='RESUMEN TOTAL'!O211 -> 0 | J206: ='RESUMEN TOTAL'!P211 -> 0 | K206: ='RESUMEN TOTAL'!Q211 -> 0 | L206: ='RESUMEN TOTAL'!R211 -> 0 | M206: ='RESUMEN TOTAL'!S211 -> 0 | ... AI206: ='RESUMEN TOTAL'!AO211 -> 0 | AJ206: ='RESUMEN TOTAL'!#REF! -> #REF!
A207: ='RESUMEN TOTAL'!A212 -> MARTIN FIERRO | B207: ='RESUMEN TOTAL'!B212 -> MFI 07 | C207: ='RESUMEN TOTAL'!D212 -> Sargento Cabral y Carlos Gardel | D207: ='RESUMEN TOTAL'!E212 -> Domo | E207: ='RESUMEN TOTAL'!F212 -> PTO A FO | F207: ='RESUMEN TOTAL'!L212 -> 0 | G207: ='RESUMEN TOTAL'!M212 -> 0 | H207: ='RESUMEN TOTAL'!N212 -> 0 | I207: ='RESUMEN TOTAL'!O212 -> 0 | J207: ='RESUMEN TOTAL'!P212 -> 0 | K207: ='RESUMEN TOTAL'!Q212 -> 0 | L207: ='RESUMEN TOTAL'!R212 -> 0 | M207: ='RESUMEN TOTAL'!S212 -> 0 | ... AI207: ='RESUMEN TOTAL'!AO212 -> 0 | AJ207: ='RESUMEN TOTAL'!#REF! -> #REF!
A208: ='RESUMEN TOTAL'!A213 -> MARTIN FIERRO | B208: ='RESUMEN TOTAL'!B213 -> MFI 08 | C208: ='RESUMEN TOTAL'!D213 -> Braile y Batalla de Callao | D208: ='RESUMEN TOTAL'!E213 -> Domo | E208: ='RESUMEN TOTAL'!F213 -> PTO A FO | F208: ='RESUMEN TOTAL'!L213 -> 0 | G208: ='RESUMEN TOTAL'!M213 -> 0 | H208: ='RESUMEN TOTAL'!N213 -> 0 | I208: ='RESUMEN TOTAL'!O213 -> 0 | J208: ='RESUMEN TOTAL'!P213 -> 0 | K208: ='RESUMEN TOTAL'!Q213 -> 0 | L208: ='RESUMEN TOTAL'!R213 -> 0 | M208: ='RESUMEN TOTAL'!S213 -> 0 | ... AI208: ='RESUMEN TOTAL'!AO213 -> 0 | AJ208: ='RESUMEN TOTAL'!#REF! -> #REF!
A209: ='RESUMEN TOTAL'!A214 -> GOBERNADOR MONTEVERDE | B209: ='RESUMEN TOTAL'!B214 -> MON01 | C209: ='RESUMEN TOTAL'!D214 -> San Martin y Patricias Argentinas | D209: ='RESUMEN TOTAL'!E214 -> Fija | E209: ='RESUMEN TOTAL'!F214 -> Fibra Optica | F209: ='RESUMEN TOTAL'!L214 -> 0 | G209: ='RESUMEN TOTAL'!M214 -> 0 | H209: ='RESUMEN TOTAL'!N214 -> 0 | I209: ='RESUMEN TOTAL'!O214 -> 0 | J209: ='RESUMEN TOTAL'!P214 -> 0 | K209: ='RESUMEN TOTAL'!Q214 -> 0 | L209: ='RESUMEN TOTAL'!R214 -> 0 | M209: ='RESUMEN TOTAL'!S214 -> 0 | ... AI209: ='RESUMEN TOTAL'!AO214 -> 0 | AJ209: ='RESUMEN TOTAL'!#REF! -> #REF!
A210: ='RESUMEN TOTAL'!A215 -> GOBERNADOR MONTEVERDE | B210: ='RESUMEN TOTAL'!B215 -> MON02 | C210: ='RESUMEN TOTAL'!D215 -> Senzabello y Famatina | D210: ='RESUMEN TOTAL'!E215 -> Domo | E210: ='RESUMEN TOTAL'!F215 -> Radio | F210: ='RESUMEN TOTAL'!L215 -> 0 | G210: ='RESUMEN TOTAL'!M215 -> 0 | H210: ='RESUMEN TOTAL'!N215 -> 0 | I210: ='RESUMEN TOTAL'!O215 -> 0 | J210: ='RESUMEN TOTAL'!P215 -> 0 | K210: ='RESUMEN TOTAL'!Q215 -> 0 | L210: ='RESUMEN TOTAL'!R215 -> 0 | M210: ='RESUMEN TOTAL'!S215 -> 0 | ... AI210: ='RESUMEN TOTAL'!AO215 -> 0 | AJ210: ='RESUMEN TOTAL'!#REF! -> #REF!
A211: ='RESUMEN TOTAL'!A216 -> GOBERNADOR MONTEVERDE | B211: ='RESUMEN TOTAL'!B216 -> MON03 | C211: ='RESUMEN TOTAL'!D216 -> Senzabello y Guemes | D211: ='RESUMEN TOTAL'!E216 -> Domo | E211: ='RESUMEN TOTAL'!F216 -> Radio | F211: ='RESUMEN TOTAL'!L216 -> 0 | G211: ='RESUMEN TOTAL'!M216 -> 0 | H211: ='RESUMEN TOTAL'!N216 -> 0 | I211: ='RESUMEN TOTAL'!O216 -> 0 | J211: ='RESUMEN TOTAL'!P216 -> 0 | K211: ='RESUMEN TOTAL'!Q216 -> 0 | L211: ='RESUMEN TOTAL'!R216 -> 0 | M211: ='RESUMEN TOTAL'!S216 -> 0 | ... AI211: ='RESUMEN TOTAL'!AO216 -> 0 | AJ211: ='RESUMEN TOTAL'!#REF! -> #REF!
A212: ='RESUMEN TOTAL'!A217 -> GOBERNADOR MONTEVERDE | B212: ='RESUMEN TOTAL'!B217 -> MON04 | C212: ='RESUMEN TOTAL'!D217 -> Av. Yrigoyen y San Lorenzo | D212: ='RESUMEN TOTAL'!E217 -> Domo | E212: ='RESUMEN TOTAL'!F217 -> Radio | F212: ='RESUMEN TOTAL'!L217 -> 0 | G212: ='RESUMEN TOTAL'!M217 -> 0 | H212: ='RESUMEN TOTAL'!N217 -> 0 | I212: ='RESUMEN TOTAL'!O217 -> 0 | J212: ='RESUMEN TOTAL'!P217 -> 0 | K212: ='RESUMEN TOTAL'!Q217 -> 0 | L212: ='RESUMEN TOTAL'!R217 -> 0 | M212: ='RESUMEN TOTAL'!S217 -> 0 | ... AI212: ='RESUMEN TOTAL'!AO217 -> 0 | AJ212: ='RESUMEN TOTAL'!#REF! -> #REF!
... A267: ='RESUMEN TOTAL'!A272 -> RICARDO ROJAS | B267: ='RESUMEN TOTAL'!B272 -> RRJ 07 | C267: ='RESUMEN TOTAL'!D272 -> Constancio Vigil y Estanislao del Campo | D267: ='RESUMEN TOTAL'!E272 -> Domo | E267: ='RESUMEN TOTAL'!F272 -> Fibra Optica | F267: ='RESUMEN TOTAL'!L272 -> APAGADO | G267: ='RESUMEN TOTAL'!M272 -> 0 | H267: ='RESUMEN TOTAL'!N272 -> APAGADO | I267: ='RESUMEN TOTAL'!O272 -> APAGADO | J267: ='RESUMEN TOTAL'!P272 -> APAGADO | K267: ='RESUMEN TOTAL'!Q272 -> APAGADO | L267: ='RESUMEN TOTAL'!R272 -> 0 | M267: ='RESUMEN TOTAL'!S272 -> APAGADO | ... AI267: ='RESUMEN TOTAL'!AO272 -> 0 | AJ267: ='RESUMEN TOTAL'!#REF! -> #REF!
A268: ='RESUMEN TOTAL'!A273 -> RICARDO ROJAS | B268: ='RESUMEN TOTAL'!B273 -> RRJ 08 | C268: ='RESUMEN TOTAL'!D273 -> Constancio Vigil y Pablo Podesta | D268: ='RESUMEN TOTAL'!E273 -> Domo | E268: ='RESUMEN TOTAL'!F273 -> Fibra Optica | F268: ='RESUMEN TOTAL'!L273 -> APAGADO | G268: ='RESUMEN TOTAL'!M273 -> 0 | H268: ='RESUMEN TOTAL'!N273 -> APAGADO | I268: ='RESUMEN TOTAL'!O273 -> APAGADO | J268: ='RESUMEN TOTAL'!P273 -> APAGADO | K268: ='RESUMEN TOTAL'!Q273 -> APAGADO | L268: ='RESUMEN TOTAL'!R273 -> 0 | M268: ='RESUMEN TOTAL'!S273 -> APAGADO | ... U268: ='RESUMEN TOTAL'!AA273 -> 0 | V268: ='RESUMEN TOTAL'!AB274 -> APAGADO | W268: ='RESUMEN TOTAL'!AC273 -> 0 | X268: ='RESUMEN TOTAL'!AD273 -> 0 | Y268: ='RESUMEN TOTAL'!AE273 -> APAGADO | Z268: ='RESUMEN TOTAL'!AF273 -> APAGADO | AA268: ='RESUMEN TOTAL'!AG273 -> 0 | AB268: ='RESUMEN TOTAL'!AH273 -> 0 | AC268: ='RESUMEN TOTAL'!AI273 -> 0 | AD268: ='RESUMEN TOTAL'!AJ273 -> 0 | ... AI268: ='RESUMEN TOTAL'!AO273 -> 0 | AJ268: ='RESUMEN TOTAL'!#REF! -> #REF!
A269: ='RESUMEN TOTAL'!A274 -> RICARDO ROJAS | B269: ='RESUMEN TOTAL'!B274 -> RRJ 09 | C269: ='RESUMEN TOTAL'!D274 -> Constancio Vigil y Jose Ingeniero | D269: ='RESUMEN TOTAL'!E274 -> Domo | E269: ='RESUMEN TOTAL'!F274 -> Fibra Optica | F269: ='RESUMEN TOTAL'!L274 -> APAGADO | G269: ='RESUMEN TOTAL'!M274 -> 0 | H269: ='RESUMEN TOTAL'!N274 -> APAGADO | I269: ='RESUMEN TOTAL'!O274 -> APAGADO | J269: ='RESUMEN TOTAL'!P274 -> APAGADO | K269: ='RESUMEN TOTAL'!Q274 -> APAGADO | L269: ='RESUMEN TOTAL'!R274 -> APAGADO | M269: ='RESUMEN TOTAL'!S274 -> APAGADO | ... U269: ='RESUMEN TOTAL'!AA274 -> APAGADO | V269: ='RESUMEN TOTAL'!#REF! -> #REF! | W269: ='RESUMEN TOTAL'!AC274 -> APAGADO | X269: ='RESUMEN TOTAL'!AD274 -> APAGADO | Y269: ='RESUMEN TOTAL'!AE274 -> APAGADO | Z269: ='RESUMEN TOTAL'!AF274 -> APAGADO | AA269: ='RESUMEN TOTAL'!AG274 -> APAGADO | AB269: ='RESUMEN TOTAL'!AH274 -> APAGADO | AC269: ='RESUMEN TOTAL'!AI274 -> 0 | AD269: ='RESUMEN TOTAL'!AJ274 -> 0 | ... AI269: ='RESUMEN TOTAL'!AO274 -> 0 | AJ269: ='RESUMEN TOTAL'!#REF! -> #REF!
A270: ='RESUMEN TOTAL'!A275 -> RICARDO ROJAS | B270: ='RESUMEN TOTAL'!B275 -> RRJ 10 | C270: ='RESUMEN TOTAL'!D275 -> LUGONES Y OBLIGADO | D270: ='RESUMEN TOTAL'!E275 -> Domo | E270: ='RESUMEN TOTAL'!F275 -> Fibra Optica | F270: ='RESUMEN TOTAL'!L275 -> APAGADO | G270: ='RESUMEN TOTAL'!M275 -> 0 | H270: ='RESUMEN TOTAL'!N275 -> APAGADO | I270: ='RESUMEN TOTAL'!O275 -> APAGADO | J270: ='RESUMEN TOTAL'!P275 -> APAGADO | K270: ='RESUMEN TOTAL'!Q275 -> APAGADO | L270: ='RESUMEN TOTAL'!R275 -> 0 | M270: ='RESUMEN TOTAL'!S275 -> APAGADO | ... AI270: ='RESUMEN TOTAL'!AO275 -> 0 | AJ270: ='RESUMEN TOTAL'!#REF! -> #REF!
A271: ='RESUMEN TOTAL'!A276 -> RICARDO ROJAS | B271: ='RESUMEN TOTAL'!B276 -> RRJ 11 | C271: ='RESUMEN TOTAL'!D276 -> LUGONES Y OBLIGADO | D271: ='RESUMEN TOTAL'!E276 -> Domo | E271: ='RESUMEN TOTAL'!F276 -> Fibra Optica | F271: ='RESUMEN TOTAL'!L276 -> APAGADO | G271: ='RESUMEN TOTAL'!M276 -> 0 | H271: ='RESUMEN TOTAL'!N276 -> APAGADO | I271: ='RESUMEN TOTAL'!O276 -> APAGADO | J271: ='RESUMEN TOTAL'!P276 -> APAGADO | K271: ='RESUMEN TOTAL'!Q276 -> APAGADO | L271: ='RESUMEN TOTAL'!R276 -> 0 | M271: ='RESUMEN TOTAL'!S276 -> APAGADO | ... AI271: ='RESUMEN TOTAL'!AO276 -> 0 | AJ271: ='RESUMEN TOTAL'!#REF! -> #REF!
A272: ='RESUMEN TOTAL'!A277 -> RICARDO ROJAS | B272: ='RESUMEN TOTAL'!B277 -> RRJ 12 | C272: ='RESUMEN TOTAL'!D277 -> FADER Y DIAGONAL LOS POETAS | D272: ='RESUMEN TOTAL'!E277 -> DOMO | E272: ='RESUMEN TOTAL'!F277 -> Fibra Optica | F272: ='RESUMEN TOTAL'!L277 -> APAGADO | G272: ='RESUMEN TOTAL'!M277 -> 0 | H272: ='RESUMEN TOTAL'!N277 -> APAGADO | I272: ='RESUMEN TOTAL'!O277 -> APAGADO | J272: ='RESUMEN TOTAL'!P277 -> APAGADO | K272: ='RESUMEN TOTAL'!Q277 -> APAGADO | L272: ='RESUMEN TOTAL'!R277 -> 0 | M272: ='RESUMEN TOTAL'!S277 -> APAGADO | ... AI272: ='RESUMEN TOTAL'!AO277 -> 0 | AJ272: ='RESUMEN TOTAL'!#REF! -> #REF!
A273: ='RESUMEN TOTAL'!A278 -> RICARDO ROJAS | B273: ='RESUMEN TOTAL'!B278 -> RRJ 13 | C273: ='RESUMEN TOTAL'!D278 -> LUJAN Y DIAGONAL LOS POETAS | D273: ='RESUMEN TOTAL'!E278 -> Fija | E273: ='RESUMEN TOTAL'!F278 -> Fibra Optica | F273: ='RESUMEN TOTAL'!L278 -> APAGADO | G273: ='RESUMEN TOTAL'!M278 -> 0 | H273: ='RESUMEN TOTAL'!N278 -> APAGADO | I273: ='RESUMEN TOTAL'!O278 -> APAGADO | J273: ='RESUMEN TOTAL'!P278 -> APAGADO | K273: ='RESUMEN TOTAL'!Q278 -> APAGADO | L273: ='RESUMEN TOTAL'!R278 -> 0 | M273: ='RESUMEN TOTAL'!S278 -> APAGADO | ... AI273: ='RESUMEN TOTAL'!AO278 -> 0 | AJ273: ='RESUMEN TOTAL'!#REF! -> #REF!
A274: ='RESUMEN TOTAL'!A279 -> SANTA ANA | B274: ='RESUMEN TOTAL'!B279 -> SAN 02 | C274: ='RESUMEN TOTAL'!D279 -> HUDSON Y SUIPACHA | D274: ='RESUMEN TOTAL'!E279 -> Fija 2 | E274: ='RESUMEN TOTAL'!F279 -> Fibra Optica | F274: ='RESUMEN TOTAL'!L279 -> APAGADO | G274: ='RESUMEN TOTAL'!M279 -> 0 | H274: ='RESUMEN TOTAL'!N279 -> APAGADO | I274: ='RESUMEN TOTAL'!O279 -> APAGADO | J274: ='RESUMEN TOTAL'!P279 -> APAGADO | K274: ='RESUMEN TOTAL'!Q279 -> APAGADO | L274: ='RESUMEN TOTAL'!R279 -> 0 | M274: ='RESUMEN TOTAL'!S279 -> 0 | ... AI274: ='RESUMEN TOTAL'!AO279 -> 0 | AJ274: ='RESUMEN TOTAL'!#REF! -> #REF!
A275: ='RESUMEN TOTAL'!A280 -> SANTA ANA | B275: ='RESUMEN TOTAL'!B280 -> SAN01 | C275: ='RESUMEN TOTAL'!D280 -> HUDSON Y SUIPACHA | D275: ='RESUMEN TOTAL'!E280 -> Fija 1 | E275: ='RESUMEN TOTAL'!F280 -> Fibra Optica | F275: ='RESUMEN TOTAL'!L280 -> APAGADO | G275: ='RESUMEN TOTAL'!M280 -> 0 | H275: ='RESUMEN TOTAL'!N280 -> APAGADO | I275: ='RESUMEN TOTAL'!O280 -> APAGADO | J275: ='RESUMEN TOTAL'!P280 -> APAGADO | K275: ='RESUMEN TOTAL'!Q280 -> APAGADO | L275: ='RESUMEN TOTAL'!R280 -> 0 | M275: ='RESUMEN TOTAL'!S280 -> 0 | ... AI275: ='RESUMEN TOTAL'!AO280 -> 0 | AJ275: ='RESUMEN TOTAL'!#REF! -> #REF!
A276: ='RESUMEN TOTAL'!A281 -> PRESIDENTE SARMIENTO | B276: ='RESUMEN TOTAL'!B281 -> SAR01 | C276: ='RESUMEN TOTAL'!D281 -> Storni Y Sanchez de Loria | D276: ='RESUMEN TOTAL'!E281 -> Domo | E276: ='RESUMEN TOTAL'!F281 -> Fibra Optica | F276: ='RESUMEN TOTAL'!L281 -> 0 | G276: ='RESUMEN TOTAL'!M281 -> 0 | H276: ='RESUMEN TOTAL'!N281 -> 0 | I276: ='RESUMEN TOTAL'!O281 -> 0 | J276: ='RESUMEN TOTAL'!P281 -> 0 | K276: ='RESUMEN TOTAL'!Q281 -> 0 | L276: ='RESUMEN TOTAL'!R281 -> 0 | M276: ='RESUMEN TOTAL'!S281 -> 0 | ... AI276: ='RESUMEN TOTAL'!AO281 -> 0 | AJ276: ='RESUMEN TOTAL'!#REF! -> #REF!
A277: ='RESUMEN TOTAL'!A282 -> PRESIDENTE SARMIENTO | B277: ='RESUMEN TOTAL'!B282 -> SAR 02 (fija 1) | C277: ='RESUMEN TOTAL'!D282 -> DARDO ROCHA Y GABRIELA MISTRAL | D277: ='RESUMEN TOTAL'!E282 -> Fija | E277: ='RESUMEN TOTAL'!F282 -> Fibra Optica | F277: ='RESUMEN TOTAL'!L282 -> 0 | G277: ='RESUMEN TOTAL'!M282 -> 0 | H277: ='RESUMEN TOTAL'!N282 -> 0 | I277: ='RESUMEN TOTAL'!O282 -> 0 | J277: ='RESUMEN TOTAL'!P282 -> 0 | K277: ='RESUMEN TOTAL'!Q282 -> 0 | L277: ='RESUMEN TOTAL'!R282 -> 0 | M277: ='RESUMEN TOTAL'!S282 -> 0 | ... AI277: ='RESUMEN TOTAL'!AO282 -> 0 | AJ277: ='RESUMEN TOTAL'!#REF! -> #REF!
A278: ='RESUMEN TOTAL'!A283 -> PRESIDENTE SARMIENTO | B278: ='RESUMEN TOTAL'!B283 -> SAR 03 (fija 2) | C278: ='RESUMEN TOTAL'!D283 -> DARDO ROCHA Y GABRIELA MISTRAL | D278: ='RESUMEN TOTAL'!E283 -> Fija | E278: ='RESUMEN TOTAL'!F283 -> Fibra Optica | F278: ='RESUMEN TOTAL'!L283 -> 0 | G278: ='RESUMEN TOTAL'!M283 -> 0 | H278: ='RESUMEN TOTAL'!N283 -> 0 | I278: ='RESUMEN TOTAL'!O283 -> 0 | J278: ='RESUMEN TOTAL'!P283 -> 0 | K278: ='RESUMEN TOTAL'!Q283 -> 0 | L278: ='RESUMEN TOTAL'!R283 -> 0 | M278: ='RESUMEN TOTAL'!S283 -> 0 | ... AI278: ='RESUMEN TOTAL'!AO283 -> 0 | AJ278: ='RESUMEN TOTAL'!#REF! -> #REF!
A279: ='RESUMEN TOTAL'!A284 -> PRESIDENTE SARMIENTO | B279: ='RESUMEN TOTAL'!B284 -> SAR 04 | C279: ='RESUMEN TOTAL'!D284 -> MONTES DE OCA Y ALVARADO | D279: ='RESUMEN TOTAL'!E284 -> Domo | E279: ='RESUMEN TOTAL'!F284 -> Fibra Optica | F279: ='RESUMEN TOTAL'!L284 -> 0 | G279: ='RESUMEN TOTAL'!M284 -> 0 | H279: ='RESUMEN TOTAL'!N284 -> 0 | I279: ='RESUMEN TOTAL'!O284 -> 0 | J279: ='RESUMEN TOTAL'!P284 -> 0 | K279: ='RESUMEN TOTAL'!Q284 -> 0 | L279: ='RESUMEN TOTAL'!R284 -> 0 | M279: ='RESUMEN TOTAL'!S284 -> 0 | ... AI279: ='RESUMEN TOTAL'!AO284 -> 0 | AJ279: ='RESUMEN TOTAL'!#REF! -> #REF!
A280: ='RESUMEN TOTAL'!A285 -> PRESIDENTE SARMIENTO | B280: ='RESUMEN TOTAL'!B285 -> SAR 05 | C280: ='RESUMEN TOTAL'!D285 -> ALVARADO Y ROCHA | D280: ='RESUMEN TOTAL'!E285 -> Domo | E280: ='RESUMEN TOTAL'!F285 -> Fibra Optica | F280: ='RESUMEN TOTAL'!L285 -> 0 | G280: ='RESUMEN TOTAL'!M285 -> 0 | H280: ='RESUMEN TOTAL'!N285 -> 0 | I280: ='RESUMEN TOTAL'!O285 -> 0 | J280: ='RESUMEN TOTAL'!P285 -> 0 | K280: ='RESUMEN TOTAL'!Q285 -> 0 | L280: ='RESUMEN TOTAL'!R285 -> 0 | M280: ='RESUMEN TOTAL'!S285 -> 0 | ... AI280: ='RESUMEN TOTAL'!AO285 -> 0 | AJ280: ='RESUMEN TOTAL'!#REF! -> #REF!
A281: ='RESUMEN TOTAL'!A286 -> PRESIDENTE SARMIENTO | B281: ='RESUMEN TOTAL'!B286 -> SAR 06 | C281: ='RESUMEN TOTAL'!D286 -> Necochea y Lorenzini | D281: ='RESUMEN TOTAL'!E286 -> Fija | E281: ='RESUMEN TOTAL'!F286 -> Fibra Optica | F281: ='RESUMEN TOTAL'!L286 -> 0 | G281: ='RESUMEN TOTAL'!M286 -> 0 | H281: ='RESUMEN TOTAL'!N286 -> 0 | I281: ='RESUMEN TOTAL'!O286 -> 0 | J281: ='RESUMEN TOTAL'!P286 -> 0 | K281: ='RESUMEN TOTAL'!Q286 -> 0 | L281: ='RESUMEN TOTAL'!R286 -> 0 | M281: ='RESUMEN TOTAL'!S286 -> 0 | ... AI281: ='RESUMEN TOTAL'!AO286 -> 0 | AJ281: ='RESUMEN TOTAL'!#REF! -> #REF!
... A294: ='RESUMEN TOTAL'!A299 -> SAN EMILIO | B294: ='RESUMEN TOTAL'!B299 -> SEMI05 | C294: ='RESUMEN TOTAL'!D299 -> Av Del Trabajo y Carlos Gardel | D294: ='RESUMEN TOTAL'!E299 -> DOMO | E294: ='RESUMEN TOTAL'!F299 -> PTO A FO | F294: ='RESUMEN TOTAL'!L299 -> 0 | G294: ='RESUMEN TOTAL'!M299 -> 0 | H294: ='RESUMEN TOTAL'!N299 -> 0 | I294: ='RESUMEN TOTAL'!O299 -> 0 | J294: ='RESUMEN TOTAL'!P299 -> 0 | K294: ='RESUMEN TOTAL'!Q299 -> 0 | L294: ='RESUMEN TOTAL'!R299 -> 0 | M294: ='RESUMEN TOTAL'!S299 -> 0 | ... AI294: ='RESUMEN TOTAL'!AO299 -> 0 | AJ294: ='RESUMEN TOTAL'!#REF! -> #REF!
A295: ='RESUMEN TOTAL'!A301 -> LA SIRENA | B295: ='RESUMEN TOTAL'!B301 -> SIR01 | C295: ='RESUMEN TOTAL'!D301 -> Moran y Calle 14 | D295: ='RESUMEN TOTAL'!E301 -> DOMO | E295: ='RESUMEN TOTAL'!F301 -> Radio | F295: ='RESUMEN TOTAL'!L301 -> 0 | G295: ='RESUMEN TOTAL'!M301 -> 0 | H295: ='RESUMEN TOTAL'!N301 -> 0 | I295: ='RESUMEN TOTAL'!O301 -> 0 | J295: ='RESUMEN TOTAL'!P301 -> 0 | K295: ='RESUMEN TOTAL'!Q301 -> 0 | L295: ='RESUMEN TOTAL'!R301 -> 0 | M295: ='RESUMEN TOTAL'!S301 -> 0 | ... AI295: ='RESUMEN TOTAL'!AO301 -> 0 | AJ295: ='RESUMEN TOTAL'!#REF! -> #REF!
A296: ='RESUMEN TOTAL'!A302 -> SAN EDUARDO | B296: ='RESUMEN TOTAL'!B302 -> SIR 02 | C296: ='RESUMEN TOTAL'!D302 -> Victorino de la Plaza y Argentina | D296: ='RESUMEN TOTAL'!E302 -> Domo | E296: ='RESUMEN TOTAL'!F302 -> Radio | F296: ='RESUMEN TOTAL'!L302 -> 0 | G296: ='RESUMEN TOTAL'!M302 -> 0 | H296: ='RESUMEN TOTAL'!N302 -> 0 | I296: ='RESUMEN TOTAL'!O302 -> 0 | J296: ='RESUMEN TOTAL'!P302 -> 0 | K296: ='RESUMEN TOTAL'!Q302 -> 0 | L296: ='RESUMEN TOTAL'!R302 -> 0 | M296: ='RESUMEN TOTAL'!S302 -> 0 | ... AI296: ='RESUMEN TOTAL'!AO302 -> 0 | AJ296: ='RESUMEN TOTAL'!#REF! -> #REF!
A297: ='RESUMEN TOTAL'!A303 -> SAN EDUARDO | B297: ='RESUMEN TOTAL'!B303 -> SIR 03 | C297: ='RESUMEN TOTAL'!D303 -> MONTES Y LONARDI | D297: ='RESUMEN TOTAL'!E303 -> DOMO | E297: ='RESUMEN TOTAL'!F303 -> Radio | F297: ='RESUMEN TOTAL'!L303 -> 0 | G297: ='RESUMEN TOTAL'!M303 -> 0 | H297: ='RESUMEN TOTAL'!N303 -> 0 | I297: ='RESUMEN TOTAL'!O303 -> 0 | J297: ='RESUMEN TOTAL'!P303 -> 0 | K297: ='RESUMEN TOTAL'!Q303 -> 0 | L297: ='RESUMEN TOTAL'!R303 -> 0 | M297: ='RESUMEN TOTAL'!S303 -> 0 | ... AI297: ='RESUMEN TOTAL'!AO303 -> 0 | AJ297: ='RESUMEN TOTAL'!#REF! -> #REF!
A298: ='RESUMEN TOTAL'!A304 -> LA SIRENA | B298: ='RESUMEN TOTAL'!B304 -> SIR 04 | C298: ='RESUMEN TOTAL'!D304 -> AV. MONTEVERDE Y MORAN | D298: ='RESUMEN TOTAL'!E304 -> Domo | E298: ='RESUMEN TOTAL'!F304 -> Fibra Optica | F298: ='RESUMEN TOTAL'!L304 -> 0 | G298: ='RESUMEN TOTAL'!M304 -> 0 | H298: ='RESUMEN TOTAL'!N304 -> 0 | I298: ='RESUMEN TOTAL'!O304 -> 0 | J298: ='RESUMEN TOTAL'!P304 -> 0 | K298: ='RESUMEN TOTAL'!Q304 -> 0 | L298: ='RESUMEN TOTAL'!R304 -> 0 | M298: ='RESUMEN TOTAL'!S304 -> 0 | ... AI298: ='RESUMEN TOTAL'!AO304 -> 0 | AJ298: ='RESUMEN TOTAL'!#REF! -> #REF!
A299: ='RESUMEN TOTAL'!A305 -> LA SIRENA | B299: ='RESUMEN TOTAL'!B305 -> SIR 05 (FIJA 01) | C299: ='RESUMEN TOTAL'!D305 -> AV. MONTEVERDE Y MORAN | D299: ='RESUMEN TOTAL'!E305 -> Fija | E299: ='RESUMEN TOTAL'!F305 -> Fibra Optica | F299: ='RESUMEN TOTAL'!L305 -> 0 | G299: ='RESUMEN TOTAL'!M305 -> 0 | H299: ='RESUMEN TOTAL'!N305 -> 0 | I299: ='RESUMEN TOTAL'!O305 -> 0 | J299: ='RESUMEN TOTAL'!P305 -> 0 | K299: ='RESUMEN TOTAL'!Q305 -> 0 | L299: ='RESUMEN TOTAL'!R305 -> 0 | M299: ='RESUMEN TOTAL'!S305 -> 0 | ... AI299: ='RESUMEN TOTAL'!AO305 -> 0 | AJ299: ='RESUMEN TOTAL'!#REF! -> #REF!
A300: ='RESUMEN TOTAL'!A306 -> LA SIRENA | B300: ='RESUMEN TOTAL'!B306 -> SIR 06 (FIJA 02) | C300: ='RESUMEN TOTAL'!D306 -> AV. MONTEVERDE Y MORAN | D300: ='RESUMEN TOTAL'!E306 -> Fija | E300: ='RESUMEN TOTAL'!F306 -> Fibra Optica | F300: ='RESUMEN TOTAL'!L306 -> 0 | G300: ='RESUMEN TOTAL'!M306 -> 0 | H300: ='RESUMEN TOTAL'!N306 -> 0 | I300: ='RESUMEN TOTAL'!O306 -> 0 | J300: ='RESUMEN TOTAL'!P306 -> 0 | K300: ='RESUMEN TOTAL'!Q306 -> 0 | L300: ='RESUMEN TOTAL'!R306 -> 0 | M300: ='RESUMEN TOTAL'!S306 -> 0 | ... AI300: ='RESUMEN TOTAL'!AO306 -> 0 | AJ300: ='RESUMEN TOTAL'!#REF! -> #REF!
A301: ='RESUMEN TOTAL'!A307 -> VILLA AURORA | B301: ='RESUMEN TOTAL'!B307 -> SIR07 (fija 1) | C301: ='RESUMEN TOTAL'!D307 -> MONTEVERDE Y URIBURU | D301: ='RESUMEN TOTAL'!E307 -> Fija | E301: ='RESUMEN TOTAL'!F307 -> Fibra Optica | F301: ='RESUMEN TOTAL'!L307 -> 0 | G301: ='RESUMEN TOTAL'!M307 -> 0 | H301: ='RESUMEN TOTAL'!N307 -> 0 | I301: ='RESUMEN TOTAL'!O307 -> 0 | J301: ='RESUMEN TOTAL'!P307 -> 0 | K301: ='RESUMEN TOTAL'!Q307 -> 0 | L301: ='RESUMEN TOTAL'!R307 -> 0 | M301: ='RESUMEN TOTAL'!S307 -> 0 | ... AI301: ='RESUMEN TOTAL'!AO307 -> 0 | AJ301: ='RESUMEN TOTAL'!#REF! -> #REF!
A302: ='RESUMEN TOTAL'!A308 -> VILLA AURORA | B302: ='RESUMEN TOTAL'!B308 -> SIR08 (fija 2) | C302: ='RESUMEN TOTAL'!D308 -> MONTEVERDE Y URIBURU | D302: ='RESUMEN TOTAL'!E308 -> Fija | E302: ='RESUMEN TOTAL'!F308 -> Fibra Optica | F302: ='RESUMEN TOTAL'!L308 -> 0 | G302: ='RESUMEN TOTAL'!M308 -> 0 | H302: ='RESUMEN TOTAL'!N308 -> 0 | I302: ='RESUMEN TOTAL'!O308 -> 0 | J302: ='RESUMEN TOTAL'!P308 -> 0 | K302: ='RESUMEN TOTAL'!Q308 -> 0 | L302: ='RESUMEN TOTAL'!R308 -> 0 | M302: ='RESUMEN TOTAL'!S308 -> 0 | ... AI302: ='RESUMEN TOTAL'!AO308 -> 0 | AJ302: ='RESUMEN TOTAL'!#REF! -> #REF!
A303: ='RESUMEN TOTAL'!A309 -> LA SIRENA | B303: ='RESUMEN TOTAL'!B309 -> SIR09 (fija 1) | C303: ='RESUMEN TOTAL'!D309 -> GUIDO SPANO Y MORAN | D303: ='RESUMEN TOTAL'!E309 -> Fija | E303: ='RESUMEN TOTAL'!F309 -> Fibra Optica | F303: ='RESUMEN TOTAL'!L309 -> 0 | G303: ='RESUMEN TOTAL'!M309 -> 0 | H303: ='RESUMEN TOTAL'!N309 -> 0 | I303: ='RESUMEN TOTAL'!O309 -> 0 | J303: ='RESUMEN TOTAL'!P309 -> 0 | K303: ='RESUMEN TOTAL'!Q309 -> 0 | L303: ='RESUMEN TOTAL'!R309 -> 0 | M303: ='RESUMEN TOTAL'!S309 -> 0 | ... AI303: ='RESUMEN TOTAL'!AO309 -> 0 | AJ303: ='RESUMEN TOTAL'!#REF! -> #REF!
A304: ='RESUMEN TOTAL'!A310 -> LA SIRENA | B304: ='RESUMEN TOTAL'!B310 -> SIR10 (fija 2) | C304: ='RESUMEN TOTAL'!D310 -> GUIDO SPANO Y MORAN | D304: ='RESUMEN TOTAL'!E310 -> Fija | E304: ='RESUMEN TOTAL'!F310 -> Fibra Optica | F304: ='RESUMEN TOTAL'!L310 -> 0 | G304: ='RESUMEN TOTAL'!M310 -> 0 | H304: ='RESUMEN TOTAL'!N310 -> 0 | I304: ='RESUMEN TOTAL'!O310 -> 0 | J304: ='RESUMEN TOTAL'!P310 -> 0 | K304: ='RESUMEN TOTAL'!Q310 -> 0 | L304: ='RESUMEN TOTAL'!R310 -> 0 | M304: ='RESUMEN TOTAL'!S310 -> 0 | ... AI304: ='RESUMEN TOTAL'!AO310 -> 0 | AJ304: ='RESUMEN TOTAL'!#REF! -> #REF!
A305: ='RESUMEN TOTAL'!A311 -> LA SIRENA | B305: ='RESUMEN TOTAL'!B311 -> SIR11 (fija 1) | C305: ='RESUMEN TOTAL'!D311 -> LARREA Y GUARDIA NACIONAL | D305: ='RESUMEN TOTAL'!E311 -> Fija | E305: ='RESUMEN TOTAL'!F311 -> Fibra Optica | F305: ='RESUMEN TOTAL'!L311 -> 0 | G305: ='RESUMEN TOTAL'!M311 -> 0 | H305: ='RESUMEN TOTAL'!N311 -> 0 | I305: ='RESUMEN TOTAL'!O311 -> 0 | J305: ='RESUMEN TOTAL'!P311 -> 0 | K305: ='RESUMEN TOTAL'!Q311 -> 0 | L305: ='RESUMEN TOTAL'!R311 -> 0 | M305: ='RESUMEN TOTAL'!S311 -> 0 | ... AI305: ='RESUMEN TOTAL'!AO311 -> 0 | AJ305: ='RESUMEN TOTAL'!#REF! -> #REF!
A306: ='RESUMEN TOTAL'!A312 -> LA SIRENA | B306: ='RESUMEN TOTAL'!B312 -> SIR12 (fija 2) | C306: ='RESUMEN TOTAL'!D312 -> LARREA Y GUARDIA NACIONAL | D306: ='RESUMEN TOTAL'!E312 -> Fija | E306: ='RESUMEN TOTAL'!F312 -> Fibra Optica | F306: ='RESUMEN TOTAL'!L312 -> 0 | G306: ='RESUMEN TOTAL'!M312 -> 0 | H306: ='RESUMEN TOTAL'!N312 -> 0 | I306: ='RESUMEN TOTAL'!O312 -> 0 | J306: ='RESUMEN TOTAL'!P312 -> 0 | K306: ='RESUMEN TOTAL'!Q312 -> 0 | L306: ='RESUMEN TOTAL'!R312 -> 0 | M306: ='RESUMEN TOTAL'!S312 -> 0 | ... AI306: ='RESUMEN TOTAL'!AO312 -> 0 | AJ306: ='RESUMEN TOTAL'!#REF! -> #REF!
... A424: ='RESUMEN TOTAL'!A430 -> VILLA ANGELICA | B424: ='RESUMEN TOTAL'!B430 -> VDPL06 | C424: ='RESUMEN TOTAL'!D430 -> Thevenet e/ Islas Orcadas y Gardel | D424: ='RESUMEN TOTAL'!E430 -> Domo | E424: ='RESUMEN TOTAL'!F430 -> Radio | F424: ='RESUMEN TOTAL'!L430 -> 0 | G424: ='RESUMEN TOTAL'!M430 -> 0 | H424: ='RESUMEN TOTAL'!N430 -> 0 | I424: ='RESUMEN TOTAL'!O430 -> 0 | J424: ='RESUMEN TOTAL'!P430 -> 0 | K424: ='RESUMEN TOTAL'!Q430 -> 0 | L424: ='RESUMEN TOTAL'!R430 -> 0 | M424: ='RESUMEN TOTAL'!S430 -> 0 | ... AI424: ='RESUMEN TOTAL'!AO430 -> 0 | AJ424: ='RESUMEN TOTAL'!#REF! -> #REF!
A425: ='RESUMEN TOTAL'!A432 -> VILLA HUDSON | B425: ='RESUMEN TOTAL'!B432 -> VHS 01 | C425: ='RESUMEN TOTAL'!D432 -> AV. HUDSON Y AV. LUJAN | D425: ='RESUMEN TOTAL'!E432 -> DOMO | E425: ='RESUMEN TOTAL'!F432 -> Fibra Optica | F425: ='RESUMEN TOTAL'!L432 -> APAGADO | G425: ='RESUMEN TOTAL'!M432 -> 0 | H425: ='RESUMEN TOTAL'!N432 -> APAGADO | I425: ='RESUMEN TOTAL'!O432 -> APAGADO | J425: ='RESUMEN TOTAL'!P432 -> APAGADO | K425: ='RESUMEN TOTAL'!Q432 -> APAGADO | L425: ='RESUMEN TOTAL'!R432 -> 0 | M425: ='RESUMEN TOTAL'!S432 -> 0 | ... AI425: ='RESUMEN TOTAL'!AO432 -> 0 | AJ425: ='RESUMEN TOTAL'!#REF! -> #REF!
A426: ='RESUMEN TOTAL'!A433 -> VILLA HUDSON | B426: ='RESUMEN TOTAL'!B433 -> VHS 02 | C426: ='RESUMEN TOTAL'!D433 -> AV. LUJAN Y CALLE 909 A | D426: ='RESUMEN TOTAL'!E433 -> DOMO | E426: ='RESUMEN TOTAL'!F433 -> Fibra Optica | F426: ='RESUMEN TOTAL'!L433 -> APAGADO | G426: ='RESUMEN TOTAL'!M433 -> 0 | H426: ='RESUMEN TOTAL'!N433 -> APAGADO | I426: ='RESUMEN TOTAL'!O433 -> APAGADO | J426: ='RESUMEN TOTAL'!P433 -> APAGADO | K426: ='RESUMEN TOTAL'!Q433 -> APAGADO | L426: ='RESUMEN TOTAL'!R433 -> 0 | M426: ='RESUMEN TOTAL'!S433 -> 0 | ... AI426: ='RESUMEN TOTAL'!AO433 -> 0 | AJ426: ='RESUMEN TOTAL'!#REF! -> #REF!
A427: ='RESUMEN TOTAL'!A434 -> VILLA HUDSON | B427: ='RESUMEN TOTAL'!B434 -> VHS 03 (fija 1) | C427: ='RESUMEN TOTAL'!D434 -> AV. HUDSON Y LOS INMIGRANTES | D427: ='RESUMEN TOTAL'!E434 -> Fija | E427: ='RESUMEN TOTAL'!F434 -> Fibra Optica | F427: ='RESUMEN TOTAL'!L434 -> APAGADO | G427: ='RESUMEN TOTAL'!M434 -> 0 | H427: ='RESUMEN TOTAL'!N434 -> APAGADO | I427: ='RESUMEN TOTAL'!O434 -> APAGADO | J427: ='RESUMEN TOTAL'!P434 -> APAGADO | K427: ='RESUMEN TOTAL'!Q434 -> APAGADO | L427: ='RESUMEN TOTAL'!R434 -> 0 | M427: ='RESUMEN TOTAL'!S434 -> 0 | ... AI427: ='RESUMEN TOTAL'!AO434 -> 0 | AJ427: ='RESUMEN TOTAL'!#REF! -> #REF!
A428: ='RESUMEN TOTAL'!A435 -> VILLA HUDSON | B428: ='RESUMEN TOTAL'!B435 -> VHS 04 (fija 2) | C428: ='RESUMEN TOTAL'!D435 -> AV. HUDSON Y LOS INMIGRANTES | D428: ='RESUMEN TOTAL'!E435 -> Fija | E428: ='RESUMEN TOTAL'!F435 -> Fibra Optica | F428: ='RESUMEN TOTAL'!L435 -> APAGADO | G428: ='RESUMEN TOTAL'!M435 -> 0 | H428: ='RESUMEN TOTAL'!N435 -> APAGADO | I428: ='RESUMEN TOTAL'!O435 -> APAGADO | J428: ='RESUMEN TOTAL'!P435 -> APAGADO | K428: ='RESUMEN TOTAL'!Q435 -> APAGADO | L428: ='RESUMEN TOTAL'!R435 -> 0 | M428: ='RESUMEN TOTAL'!S435 -> 0 | ... AI428: ='RESUMEN TOTAL'!AO435 -> 0 | AJ428: ='RESUMEN TOTAL'!#REF! -> #REF!
A429: ='RESUMEN TOTAL'!A436 -> VILLA ARIAS | B429: ='RESUMEN TOTAL'!B436 -> VLA 01 (fija 1) | C429: ='RESUMEN TOTAL'!D436 -> 820 Y SOLER | D429: ='RESUMEN TOTAL'!E436 -> Fija | E429: ='RESUMEN TOTAL'!F436 -> Fibra Optica | F429: ='RESUMEN TOTAL'!L436 -> 0 | G429: ='RESUMEN TOTAL'!M436 -> 0 | H429: ='RESUMEN TOTAL'!N436 -> 0 | I429: ='RESUMEN TOTAL'!O436 -> APAGADO | J429: ='RESUMEN TOTAL'!P436 -> APAGADO | K429: ='RESUMEN TOTAL'!Q436 -> APAGADO | L429: ='RESUMEN TOTAL'!R436 -> 0 | M429: ='RESUMEN TOTAL'!S436 -> 0 | ... AI429: ='RESUMEN TOTAL'!AO436 -> 0 | AJ429: ='RESUMEN TOTAL'!#REF! -> #REF!
A430: ='RESUMEN TOTAL'!A437 -> VILLA ARIAS | B430: ='RESUMEN TOTAL'!B437 -> VLA 02 | C430: ='RESUMEN TOTAL'!D437 -> ESPORA Y HUDSON | D430: ='RESUMEN TOTAL'!E437 -> DOMO | E430: ='RESUMEN TOTAL'!F437 -> Fibra Optica | F430: ='RESUMEN TOTAL'!L437 -> 0 | G430: ='RESUMEN TOTAL'!M437 -> 0 | H430: ='RESUMEN TOTAL'!N437 -> 0 | I430: ='RESUMEN TOTAL'!O437 -> 0 | J430: ='RESUMEN TOTAL'!P437 -> 0 | K430: ='RESUMEN TOTAL'!Q437 -> 0 | L430: ='RESUMEN TOTAL'!R437 -> 0 | M430: ='RESUMEN TOTAL'!S437 -> 0 | ... AI430: ='RESUMEN TOTAL'!AO437 -> 0 | AJ430: ='RESUMEN TOTAL'!#REF! -> #REF!
A431: ='RESUMEN TOTAL'!A438 -> VILLA ARIAS | B431: ='RESUMEN TOTAL'!B438 -> VLA03 (fija 2) | C431: ='RESUMEN TOTAL'!D438 -> 820 y SOLER | D431: ='RESUMEN TOTAL'!E438 -> Fija | E431: ='RESUMEN TOTAL'!F438 -> Fibra Optica | F431: ='RESUMEN TOTAL'!L438 -> 0 | G431: ='RESUMEN TOTAL'!M438 -> 0 | H431: ='RESUMEN TOTAL'!N438 -> APAGADO | I431: ='RESUMEN TOTAL'!O438 -> APAGADO | J431: ='RESUMEN TOTAL'!P438 -> APAGADO | K431: ='RESUMEN TOTAL'!Q438 -> APAGADO | L431: ='RESUMEN TOTAL'!R438 -> 0 | M431: ='RESUMEN TOTAL'!S438 -> 0 | ... AI431: ='RESUMEN TOTAL'!AO438 -> 0 | AJ431: ='RESUMEN TOTAL'!#REF! -> #REF!
A432: ='RESUMEN TOTAL'!A439 -> VILLA ARIAS | B432: ='RESUMEN TOTAL'!B439 -> VLA04 | C432: ='RESUMEN TOTAL'!D439 -> ESPORA Y MARTIN GRASS | D432: ='RESUMEN TOTAL'!E439 -> DOMO | E432: ='RESUMEN TOTAL'!F439 -> Fibra Optica | F432: ='RESUMEN TOTAL'!L439 -> 0 | G432: ='RESUMEN TOTAL'!M439 -> 0 | H432: ='RESUMEN TOTAL'!N439 -> 0 | I432: ='RESUMEN TOTAL'!O439 -> 0 | J432: ='RESUMEN TOTAL'!P439 -> 0 | K432: ='RESUMEN TOTAL'!Q439 -> 0 | L432: ='RESUMEN TOTAL'!R439 -> 0 | M432: ='RESUMEN TOTAL'!S439 -> 0 | ... AI432: ='RESUMEN TOTAL'!AO439 -> 0 | AJ432: ='RESUMEN TOTAL'!#REF! -> #REF!
A433: ='RESUMEN TOTAL'!A440 -> VILLA ARIAS | B433: ='RESUMEN TOTAL'!B440 -> VLA05 | C433: ='RESUMEN TOTAL'!D440 -> ESPORA Y 802 | D433: ='RESUMEN TOTAL'!E440 -> DOMO | E433: ='RESUMEN TOTAL'!F440 -> Fibra Optica | F433: ='RESUMEN TOTAL'!L440 -> 0 | G433: ='RESUMEN TOTAL'!M440 -> 0 | H433: ='RESUMEN TOTAL'!N440 -> 0 | I433: ='RESUMEN TOTAL'!O440 -> 0 | J433: ='RESUMEN TOTAL'!P440 -> 0 | K433: ='RESUMEN TOTAL'!Q440 -> 0 | L433: ='RESUMEN TOTAL'!R440 -> 0 | M433: ='RESUMEN TOTAL'!S440 -> 0 | ... AI433: ='RESUMEN TOTAL'!AO440 -> 0 | AJ433: ='RESUMEN TOTAL'!#REF! -> #REF!
A434: ='RESUMEN TOTAL'!A441 -> VILLA MONICA NUEVA | B434: ='RESUMEN TOTAL'!B441 -> VMO 02 | C434: ='RESUMEN TOTAL'!D441 -> Rio Carapachay y Oroño | D434: ='RESUMEN TOTAL'!E441 -> Domo | E434: ='RESUMEN TOTAL'!F441 -> Radio | F434: ='RESUMEN TOTAL'!L441 -> 0 | G434: ='RESUMEN TOTAL'!M441 -> 0 | H434: ='RESUMEN TOTAL'!N441 -> 0 | I434: ='RESUMEN TOTAL'!O441 -> 0 | J434: ='RESUMEN TOTAL'!P441 -> 0 | K434: ='RESUMEN TOTAL'!Q441 -> 0 | L434: ='RESUMEN TOTAL'!R441 -> 0 | M434: ='RESUMEN TOTAL'!S441 -> 0 | ... AI434: ='RESUMEN TOTAL'!AO441 -> 0 | AJ434: ='RESUMEN TOTAL'!#REF! -> #REF!
A435: ='RESUMEN TOTAL'!A442 -> VILLA MONICA NUEVA | B435: ='RESUMEN TOTAL'!B442 -> VMO 03 (fija 1) | C435: ='RESUMEN TOTAL'!D442 -> EVA PERON E/ OROÑO Y 734 A | D435: ='RESUMEN TOTAL'!E442 -> Fija | E435: ='RESUMEN TOTAL'!F442 -> Fibra Optica | F435: ='RESUMEN TOTAL'!L442 -> 0 | G435: ='RESUMEN TOTAL'!M442 -> 0 | H435: ='RESUMEN TOTAL'!N442 -> 0 | I435: ='RESUMEN TOTAL'!O442 -> 0 | J435: ='RESUMEN TOTAL'!P442 -> 0 | K435: ='RESUMEN TOTAL'!Q442 -> 0 | L435: ='RESUMEN TOTAL'!R442 -> 0 | M435: ='RESUMEN TOTAL'!S442 -> 0 | ... AI435: ='RESUMEN TOTAL'!AO442 -> 0 | AJ435: ='RESUMEN TOTAL'!#REF! -> #REF!
A436: ='RESUMEN TOTAL'!A443 -> VILLA MONICA NUEVA | B436: ='RESUMEN TOTAL'!B443 -> VMO 04 (fija 2) | C436: ='RESUMEN TOTAL'!D443 -> EVA PERON E/ OROÑO Y 734 A | D436: ='RESUMEN TOTAL'!E443 -> Fija | E436: ='RESUMEN TOTAL'!F443 -> Fibra Optica | F436: ='RESUMEN TOTAL'!L443 -> 0 | G436: ='RESUMEN TOTAL'!M443 -> 0 | H436: ='RESUMEN TOTAL'!N443 -> 0 | I436: ='RESUMEN TOTAL'!O443 -> 0 | J436: ='RESUMEN TOTAL'!P443 -> 0 | K436: ='RESUMEN TOTAL'!Q443 -> 0 | L436: ='RESUMEN TOTAL'!R443 -> 0 | M436: ='RESUMEN TOTAL'!S443 -> 0 | ... AI436: ='RESUMEN TOTAL'!AO443 -> 0 | AJ436: ='RESUMEN TOTAL'!#REF! -> #REF!
... A453: ='RESUMEN TOTAL'!A460 -> ZEBALLOS | B453: ='RESUMEN TOTAL'!B460 -> ZEB 05 | C453: ='RESUMEN TOTAL'!D460 -> DIAG. GRANADEROS Y 214 BIS | D453: ='RESUMEN TOTAL'!E460 -> Domo | E453: ='RESUMEN TOTAL'!F460 -> Radio | F453: ='RESUMEN TOTAL'!L460 -> 0 | G453: ='RESUMEN TOTAL'!M460 -> 0 | H453: ='RESUMEN TOTAL'!N460 -> 0 | I453: ='RESUMEN TOTAL'!O460 -> 0 | J453: ='RESUMEN TOTAL'!P460 -> 0 | K453: ='RESUMEN TOTAL'!Q460 -> 0 | L453: ='RESUMEN TOTAL'!R460 -> 0 | M453: ='RESUMEN TOTAL'!S460 -> 0 | ... AI453: ='RESUMEN TOTAL'!AO460 -> 0 | AJ453: ='RESUMEN TOTAL'!#REF! -> #REF!
A454: ='RESUMEN TOTAL'!A481 -> PARADAS SEGURAS | B454: ='RESUMEN TOTAL'!B481 -> 21 | C454: ='RESUMEN TOTAL'!D481 -> HUDSON Y CABILDO OESTE | D454: ='RESUMEN TOTAL'!E481 -> GFIJA | E454: ='RESUMEN TOTAL'!F481 -> GPON | F454: ='RESUMEN TOTAL'!L481 -> 0 | G454: ='RESUMEN TOTAL'!M481 -> 0 | H454: ='RESUMEN TOTAL'!N481 -> 0 | I454: ='RESUMEN TOTAL'!O481 -> 0 | J454: ='RESUMEN TOTAL'!P481 -> 0 | K454: ='RESUMEN TOTAL'!Q481 -> 0 | L454: ='RESUMEN TOTAL'!R481 -> 0 | M454: ='RESUMEN TOTAL'!S481 -> 0 | ... AI454: ='RESUMEN TOTAL'!AO481 -> 0 | AJ454: ='RESUMEN TOTAL'!#REF! -> #REF!
A455: ='RESUMEN TOTAL'!A482 -> PARADAS SEGURAS | B455: ='RESUMEN TOTAL'!B482 -> 21 I | C455: ='RESUMEN TOTAL'!D482 -> HUDSON Y CABILDO OESTE | D455: ='RESUMEN TOTAL'!E482 -> INTERCOMUNICADOR | E455: ='RESUMEN TOTAL'!F482 -> GPON | F455: ='RESUMEN TOTAL'!L482 -> 0 | G455: ='RESUMEN TOTAL'!M482 -> 0 | H455: ='RESUMEN TOTAL'!N482 -> 0 | I455: ='RESUMEN TOTAL'!O482 -> 0 | J455: ='RESUMEN TOTAL'!P482 -> 0 | K455: ='RESUMEN TOTAL'!Q482 -> 0 | L455: ='RESUMEN TOTAL'!R482 -> 0 | M455: ='RESUMEN TOTAL'!S482 -> 0 | ... AI455: ='RESUMEN TOTAL'!AO482 -> 0 | AJ455: ='RESUMEN TOTAL'!#REF! -> #REF!
A456: ='RESUMEN TOTAL'!A483 -> PARADAS SEGURAS | B456: ='RESUMEN TOTAL'!B483 -> 22 | C456: ='RESUMEN TOTAL'!D483 -> HUDSON Y CABILDO ESTE | D456: ='RESUMEN TOTAL'!E483 -> GFIJA | E456: ='RESUMEN TOTAL'!F483 -> GPON | F456: ='RESUMEN TOTAL'!L483 -> 0 | G456: ='RESUMEN TOTAL'!M483 -> 0 | H456: ='RESUMEN TOTAL'!N483 -> 0 | I456: ='RESUMEN TOTAL'!O483 -> 0 | J456: ='RESUMEN TOTAL'!P483 -> 0 | K456: ='RESUMEN TOTAL'!Q483 -> 0 | L456: ='RESUMEN TOTAL'!R483 -> 0 | M456: ='RESUMEN TOTAL'!S483 -> 0 | ... AI456: ='RESUMEN TOTAL'!AO483 -> 0 | AJ456: ='RESUMEN TOTAL'!#REF! -> #REF!
A457: ='RESUMEN TOTAL'!A484 -> PARADAS SEGURAS | B457: ='RESUMEN TOTAL'!B484 -> 22 I | C457: ='RESUMEN TOTAL'!D484 -> HUDSON Y CABILDO ESTE | D457: ='RESUMEN TOTAL'!E484 -> INTERCOMUNICADOR | E457: ='RESUMEN TOTAL'!F484 -> GPON | F457: ='RESUMEN TOTAL'!L484 -> 0 | G457: ='RESUMEN TOTAL'!M484 -> 0 | H457: ='RESUMEN TOTAL'!N484 -> 0 | I457: ='RESUMEN TOTAL'!O484 -> 0 | J457: ='RESUMEN TOTAL'!P484 -> 0 | K457: ='RESUMEN TOTAL'!Q484 -> 0 | L457: ='RESUMEN TOTAL'!R484 -> 0 | M457: ='RESUMEN TOTAL'!S484 -> 0 | ... AI457: ='RESUMEN TOTAL'!AO484 -> 0 | AJ457: ='RESUMEN TOTAL'!#REF! -> #REF!
A458: ='RESUMEN TOTAL'!A485 -> PARADAS SEGURAS | B458: ='RESUMEN TOTAL'!B485 -> 23 | C458: ='RESUMEN TOTAL'!D485 -> HUDSON Y SAN NICOLAS OESTE | D458: ='RESUMEN TOTAL'!E485 -> GFIJA | E458: ='RESUMEN TOTAL'!F485 -> GPON | F458: ='RESUMEN TOTAL'!L485 -> 0 | G458: ='RESUMEN TOTAL'!M485 -> 0 | H458: ='RESUMEN TOTAL'!N485 -> 0 | I458: ='RESUMEN TOTAL'!O485 -> 0 | J458: ='RESUMEN TOTAL'!P485 -> 0 | K458: ='RESUMEN TOTAL'!Q485 -> 0 | L458: ='RESUMEN TOTAL'!R485 -> 0 | M458: ='RESUMEN TOTAL'!S485 -> 0 | ... AI458: ='RESUMEN TOTAL'!AO485 -> 0 | AJ458: ='RESUMEN TOTAL'!#REF! -> #REF!
A459: ='RESUMEN TOTAL'!A486 -> PARADAS SEGURAS | B459: ='RESUMEN TOTAL'!B486 -> 23 I | C459: ='RESUMEN TOTAL'!D486 -> HUDSON Y SAN NICOLAS OESTE | D459: ='RESUMEN TOTAL'!E486 -> INTERCOMUNICADOR | E459: ='RESUMEN TOTAL'!F486 -> GPON | F459: ='RESUMEN TOTAL'!L486 -> 0 | G459: ='RESUMEN TOTAL'!M486 -> 0 | H459: ='RESUMEN TOTAL'!N486 -> 0 | I459: ='RESUMEN TOTAL'!O486 -> 0 | J459: ='RESUMEN TOTAL'!P486 -> 0 | K459: ='RESUMEN TOTAL'!Q486 -> 0 | L459: ='RESUMEN TOTAL'!R486 -> 0 | M459: ='RESUMEN TOTAL'!S486 -> 0 | ... AI459: ='RESUMEN TOTAL'!AO486 -> 0 | AJ459: ='RESUMEN TOTAL'!#REF! -> #REF!
A460: ='RESUMEN TOTAL'!A487 -> PARADAS SEGURAS | B460: ='RESUMEN TOTAL'!B487 -> 24 | C460: ='RESUMEN TOTAL'!D487 -> HUDSON Y ALDAO ESTE | D460: ='RESUMEN TOTAL'!E487 -> GFIJA | E460: ='RESUMEN TOTAL'!F487 -> GPON | F460: ='RESUMEN TOTAL'!L487 -> 0 | G460: ='RESUMEN TOTAL'!M487 -> 0 | H460: ='RESUMEN TOTAL'!N487 -> 0 | I460: ='RESUMEN TOTAL'!O487 -> 0 | J460: ='RESUMEN TOTAL'!P487 -> 0 | K460: ='RESUMEN TOTAL'!Q487 -> 0 | L460: ='RESUMEN TOTAL'!R487 -> 0 | M460: ='RESUMEN TOTAL'!S487 -> 0 | ... AI460: ='RESUMEN TOTAL'!AO487 -> 0 | AJ460: ='RESUMEN TOTAL'!#REF! -> #REF!
A461: ='RESUMEN TOTAL'!A488 -> PARADAS SEGURAS | B461: ='RESUMEN TOTAL'!B488 -> 24 I | C461: ='RESUMEN TOTAL'!D488 -> HUDSON Y ALDAO ESTE | D461: ='RESUMEN TOTAL'!E488 -> INTERCOMUNICADOR | E461: ='RESUMEN TOTAL'!F488 -> GPON | F461: ='RESUMEN TOTAL'!L488 -> 0 | G461: ='RESUMEN TOTAL'!M488 -> 0 | H461: ='RESUMEN TOTAL'!N488 -> 0 | I461: ='RESUMEN TOTAL'!O488 -> 0 | J461: ='RESUMEN TOTAL'!P488 -> 0 | K461: ='RESUMEN TOTAL'!Q488 -> 0 | L461: ='RESUMEN TOTAL'!R488 -> 0 | M461: ='RESUMEN TOTAL'!S488 -> 0 | ... AI461: ='RESUMEN TOTAL'!AO488 -> 0 | AJ461: ='RESUMEN TOTAL'!#REF! -> #REF!
A462: ='RESUMEN TOTAL'!A489 -> PARADAS SEGURAS | B462: ='RESUMEN TOTAL'!B489 -> 25 | C462: ='RESUMEN TOTAL'!D489 -> HUDSON Y RIO JACHAL | D462: ='RESUMEN TOTAL'!E489 -> GFIJA | E462: ='RESUMEN TOTAL'!F489 -> GPON | F462: ='RESUMEN TOTAL'!L489 -> 0 | G462: ='RESUMEN TOTAL'!M489 -> 0 | H462: ='RESUMEN TOTAL'!N489 -> 0 | I462: ='RESUMEN TOTAL'!O489 -> 0 | J462: ='RESUMEN TOTAL'!P489 -> 0 | K462: ='RESUMEN TOTAL'!Q489 -> 0 | L462: ='RESUMEN TOTAL'!R489 -> 0 | M462: ='RESUMEN TOTAL'!S489 -> 0 | ... AI462: ='RESUMEN TOTAL'!AO489 -> 0 | AJ462: ='RESUMEN TOTAL'!#REF! -> #REF!
A463: ='RESUMEN TOTAL'!A490 -> PARADAS SEGURAS | B463: ='RESUMEN TOTAL'!B490 -> 25 I | C463: ='RESUMEN TOTAL'!D490 -> HUDSON Y RIO JACHAL | D463: ='RESUMEN TOTAL'!E490 -> INTERCOMUNICADOR | E463: ='RESUMEN TOTAL'!F490 -> GPON | F463: ='RESUMEN TOTAL'!L490 -> 0 | G463: ='RESUMEN TOTAL'!M490 -> 0 | H463: ='RESUMEN TOTAL'!N490 -> 0 | I463: ='RESUMEN TOTAL'!O490 -> 0 | J463: ='RESUMEN TOTAL'!P490 -> 0 | K463: ='RESUMEN TOTAL'!Q490 -> 0 | L463: ='RESUMEN TOTAL'!R490 -> 0 | M463: ='RESUMEN TOTAL'!S490 -> 0 | ... AI463: ='RESUMEN TOTAL'!AO490 -> 0 | AJ463: ='RESUMEN TOTAL'!#REF! -> #REF!
A464: ='RESUMEN TOTAL'!A491 -> PARADAS SEGURAS | B464: ='RESUMEN TOTAL'!B491 -> 26 | C464: ='RESUMEN TOTAL'!D491 -> HUDSON Y RIO COLORADO OESTE | D464: ='RESUMEN TOTAL'!E491 -> GFIJA | E464: ='RESUMEN TOTAL'!F491 -> GPON | F464: ='RESUMEN TOTAL'!L491 -> 0 | G464: ='RESUMEN TOTAL'!M491 -> 0 | H464: ='RESUMEN TOTAL'!N491 -> 0 | I464: ='RESUMEN TOTAL'!O491 -> 0 | J464: ='RESUMEN TOTAL'!P491 -> 0 | K464: ='RESUMEN TOTAL'!Q491 -> 0 | L464: ='RESUMEN TOTAL'!R491 -> 0 | M464: ='RESUMEN TOTAL'!S491 -> 0 | ... AI464: ='RESUMEN TOTAL'!AO491 -> 0 | AJ464: ='RESUMEN TOTAL'!#REF! -> #REF!
A465: ='RESUMEN TOTAL'!A492 -> PARADAS SEGURAS | B465: ='RESUMEN TOTAL'!B492 -> 26 I | C465: ='RESUMEN TOTAL'!D493 -> HUDON Y 818 ESTE | D465: ='RESUMEN TOTAL'!E492 -> INTERCOMUNICADOR | E465: ='RESUMEN TOTAL'!F492 -> GPON | F465: ='RESUMEN TOTAL'!L492 -> 0 | G465: ='RESUMEN TOTAL'!M492 -> 0 | H465: ='RESUMEN TOTAL'!N492 -> 0 | I465: ='RESUMEN TOTAL'!O492 -> 0 | J465: ='RESUMEN TOTAL'!P492 -> 0 | K465: ='RESUMEN TOTAL'!Q492 -> 0 | L465: ='RESUMEN TOTAL'!R492 -> 0 | M465: ='RESUMEN TOTAL'!S492 -> 0 | ... AI465: ='RESUMEN TOTAL'!AO492 -> 0 | AJ465: ='RESUMEN TOTAL'!#REF! -> #REF!
A466: ='RESUMEN TOTAL'!A493 -> PARADAS SEGURAS | B466: ='RESUMEN TOTAL'!B493 -> 27 | C466: ='RESUMEN TOTAL'!D495 -> HUDSON Y RIO TRAFUL OESTE | D466: ='RESUMEN TOTAL'!E493 -> GFIJA | E466: ='RESUMEN TOTAL'!F493 -> GPON | F466: ='RESUMEN TOTAL'!L493 -> 0 | G466: ='RESUMEN TOTAL'!M493 -> 0 | H466: ='RESUMEN TOTAL'!N493 -> 0 | I466: ='RESUMEN TOTAL'!O493 -> 0 | J466: ='RESUMEN TOTAL'!P493 -> 0 | K466: ='RESUMEN TOTAL'!Q493 -> 0 | L466: ='RESUMEN TOTAL'!R493 -> 0 | M466: ='RESUMEN TOTAL'!S493 -> 0 | ... AI466: ='RESUMEN TOTAL'!AO493 -> 0 | AJ466: ='RESUMEN TOTAL'!#REF! -> #REF!
A467: ='RESUMEN TOTAL'!A494 -> PARADAS SEGURAS | B467: ='RESUMEN TOTAL'!B494 -> 27 I | C467: ='RESUMEN TOTAL'!D497 -> HUDSON Y ESTOMBA ESTE | D467: ='RESUMEN TOTAL'!E494 -> INTERCOMUNICADOR | E467: ='RESUMEN TOTAL'!F494 -> GPON | F467: ='RESUMEN TOTAL'!L494 -> 0 | G467: ='RESUMEN TOTAL'!M494 -> 0 | H467: ='RESUMEN TOTAL'!N494 -> 0 | I467: ='RESUMEN TOTAL'!O494 -> 0 | J467: ='RESUMEN TOTAL'!P494 -> 0 | K467: ='RESUMEN TOTAL'!Q494 -> 0 | L467: ='RESUMEN TOTAL'!R494 -> 0 | M467: ='RESUMEN TOTAL'!S494 -> 0 | ... AI467: ='RESUMEN TOTAL'!AO494 -> 0 | AJ467: ='RESUMEN TOTAL'!#REF! -> #REF!
A468: ='RESUMEN TOTAL'!A495 -> PARADAS SEGURAS | B468: ='RESUMEN TOTAL'!B495 -> 28 | C468: ='RESUMEN TOTAL'!D499 -> HUDSON Y PICHEUTA OESTE | D468: ='RESUMEN TOTAL'!E495 -> GFIJA | E468: ='RESUMEN TOTAL'!F495 -> GPON | F468: ='RESUMEN TOTAL'!L495 -> 0 | G468: ='RESUMEN TOTAL'!M495 -> 0 | H468: ='RESUMEN TOTAL'!N495 -> 0 | I468: ='RESUMEN TOTAL'!O495 -> 0 | J468: ='RESUMEN TOTAL'!P495 -> 0 | K468: ='RESUMEN TOTAL'!Q495 -> 0 | L468: ='RESUMEN TOTAL'!R495 -> 0 | M468: ='RESUMEN TOTAL'!S495 -> 0 | ... AI468: ='RESUMEN TOTAL'!AO495 -> 0 | AJ468: ='RESUMEN TOTAL'!#REF! -> #REF!
A469: ='RESUMEN TOTAL'!A496 -> PARADAS SEGURAS | B469: ='RESUMEN TOTAL'!B496 -> 28 I | C469: ='RESUMEN TOTAL'!D501 -> HUDSON Y 830 ESTE | D469: ='RESUMEN TOTAL'!E496 -> INTERCOMUNICADOR | E469: ='RESUMEN TOTAL'!F496 -> GPON | F469: ='RESUMEN TOTAL'!L496 -> 0 | G469: ='RESUMEN TOTAL'!M496 -> 0 | H469: ='RESUMEN TOTAL'!N496 -> 0 | I469: ='RESUMEN TOTAL'!O496 -> 0 | J469: ='RESUMEN TOTAL'!P496 -> 0 | K469: ='RESUMEN TOTAL'!Q496 -> 0 | L469: ='RESUMEN TOTAL'!R496 -> 0 | M469: ='RESUMEN TOTAL'!S496 -> 0 | ... AI469: ='RESUMEN TOTAL'!AO496 -> 0 | AJ469: ='RESUMEN TOTAL'!#REF! -> #REF!
A470: ='RESUMEN TOTAL'!A497 -> PARADAS SEGURAS | B470: ='RESUMEN TOTAL'!B497 -> 29 | C470: ='RESUMEN TOTAL'!#REF! -> #REF! | D470: ='RESUMEN TOTAL'!E497 -> GFIJA | E470: ='RESUMEN TOTAL'!F497 -> GPON | F470: ='RESUMEN TOTAL'!L497 -> 0 | G470: ='RESUMEN TOTAL'!M497 -> 0 | H470: ='RESUMEN TOTAL'!N497 -> 0 | I470: ='RESUMEN TOTAL'!O497 -> 0 | J470: ='RESUMEN TOTAL'!P497 -> 0 | K470: ='RESUMEN TOTAL'!Q497 -> 0 | L470: ='RESUMEN TOTAL'!R497 -> 0 | M470: ='RESUMEN TOTAL'!S497 -> 0 | ... AI470: ='RESUMEN TOTAL'!AO497 -> 0 | AJ470: ='RESUMEN TOTAL'!#REF! -> #REF!
...

Sheet APAGADOS ANTENA
C1: TOTAL PTO A FO
E2: APAGADOS | F2: =COUNTIFS(F5:F502, "=APAGADO",E5:E502,"=PTO A FO") -> 2 | G2: =COUNTIFS(G5:G502, "=APAGADO",E5:E502,"=PTO A FO") -> 2 | H2: =COUNTIFS(H5:H502, "=APAGADO",E5:E502,"=PTO A FO") -> 3 | I2: =COUNTIFS(I5:I502, "=APAGADO",E5:E502,"=PTO A FO") -> 3 | J2: =COUNTIFS(J5:J502, "=APAGADO",E5:E502,"=PTO A FO") -> 3 | K2: =COUNTIFS(K5:K502, "=APAGADO",E5:E502,"=PTO A FO") -> 4 | L2: =COUNTIFS(L5:L502, "=APAGADO",E5:E502,"=PTO A FO") -> 2 | M2: =COUNTIFS(M5:M502, "=APAGADO",E5:E502,"=PTO A FO") -> 3 | N2: =COUNTIFS(N5:N502, "=APAGADO",E5:E502,"=PTO A FO") -> 3 | O2: =COUNTIFS(O5:O502, "=APAGADO",E5:E502,"=PTO A FO") -> 3 | P2: =COUNTIFS(P5:P502, "=APAGADO",E5:E502,"=PTO A FO") -> 20 | Q2: =COUNTIFS(Q5:Q502, "=APAGADO",E5:E502,"=PTO A FO") -> 15 | R2: =COUNTIFS(R5:R502, "=APAGADO",E5:E502,"=PTO A FO") -> 9 | S2: =COUNTIFS(S5:S502, "=APAGADO",E5:E502,"=PTO A FO") -> 9 | T2: =COUNTIFS(T5:T502, "=APAGADO",E5:E502,"=PTO A FO") -> 9 | U2: =COUNTIFS(U5:U502, "=APAGADO",E5:E502,"=PTO A FO") -> 4 | V2: =COUNTIFS(V5:V502, "=APAGADO",E5:E502,"=PTO A FO") -> 5 | W2: =COUNTIFS(W5:W502, "=APAGADO",E5:E502,"=PTO A FO") -> 5 | X2: =COUNTIFS(X4:X502, "=APAGADO",E4:E502,"=PTO A FO") -> 5 | Y2: =COUNTIFS(Y5:Y502, "=APAGADO",E5:E502,"=PTO A FO") -> 4 | Z2: =COUNTIFS(Z5:Z502, "=APAGADO",E5:E502,"=PTO A FO") -> 5 | AA2: =COUNTIFS(AA5:AA502, "=APAGADO",E5:E502,"=PTO A FO") -> 5 | AB2: =COUNTIFS(AB5:AB502, "=APAGADO",E5:E502,"=PTO A FO") -> 3 | AC2: =COUNTIFS(AC4:AC602, "=APAGADO",E4:E602,"=PTO A FO") -> 0 | AD2: =COUNTIFS(AD5:AD502, "=APAGADO",E5:E502,"=PTO A FO") -> 0 | AE2: =COUNTIFS(AE5:AE502, "=APAGADO",E5:E502,"=PTO A FO") -> 0 | AF2: =COUNTIFS(AF5:AF502, "=APAGADO",E5:E502,"=PTO A FO") -> 0 | AG2: =COUNTIFS(AG5:AG502, "=APAGADO",E5:E502,"=PTO A FO") -> 0 | AH2: =COUNTIFS(AH5:AH502, "=APAGADO",E5:E502,"=PTO A FO") -> 0 | AI2: =COUNTIFS(AI5:AI502, "=APAGADO",E5:E502,"=PTO A FO") -> 0
A3: =ESTADISTICA!A1 -> Barrio | B3: =ESTADISTICA!B1 -> [Denominacion] | C3: =ESTADISTICA!C1 -> [Ubicacion] | D3: =ESTADISTICA!D1 -> [Tipo de Camara] | E3: =ESTADISTICA!E1 -> [Tipo de Conexion] | F3: =ESTADISTICA!F1 -> 45231 | G3: =ESTADISTICA!G1 -> 45232 | H3: =ESTADISTICA!H1 -> 45233 | ... AI3: =ESTADISTICA!AI1 -> 45260
A4: ='RESUMEN TOTAL'!A6 -> ALTAMIRA | B4: ='RESUMEN TOTAL'!B6 -> ALT02 | C4: ='RESUMEN TOTAL'!D6 -> Calchaqui y Lope de Vega | D4: ='RESUMEN TOTAL'!E6 -> Domo | E4: ='RESUMEN TOTAL'!F6 -> PTO A FO | F4: ='RESUMEN TOTAL'!L6 -> 0 | G4: ='RESUMEN TOTAL'!M6 -> 0 | H4: ='RESUMEN TOTAL'!N6 -> 0 | I4: ='RESUMEN TOTAL'!O6 -> 0 | J4: ='RESUMEN TOTAL'!P6 -> 0 | K4: ='RESUMEN TOTAL'!Q6 -> 0 | L4: ='RESUMEN TOTAL'!R6 -> 0 | M4: ='RESUMEN TOTAL'!S6 -> 0 | ... AI4: ='RESUMEN TOTAL'!AO6 -> 0 | AJ4: ='RESUMEN TOTAL'!#REF! -> #REF!
A5: ='RESUMEN TOTAL'!A7 -> ALTAMIRA | B5: ='RESUMEN TOTAL'!B7 -> ALT 03 | C5: ='RESUMEN TOTAL'!D7 -> Bombero Galarza y Necochea | D5: ='RESUMEN TOTAL'!E7 -> Domo | E5: ='RESUMEN TOTAL'!F7 -> Fibra Optica | F5: ='RESUMEN TOTAL'!L7 -> 0 | G5: ='RESUMEN TOTAL'!M7 -> 0 | H5: ='RESUMEN TOTAL'!N7 -> 0 | I5: ='RESUMEN TOTAL'!O7 -> 0 | J5: ='RESUMEN TOTAL'!P7 -> 0 | K5: ='RESUMEN TOTAL'!Q7 -> 0 | L5: ='RESUMEN TOTAL'!R7 -> 0 | M5: ='RESUMEN TOTAL'!S7 -> 0 | ... AI5: ='RESUMEN TOTAL'!AO7 -> 0 | AJ5: ='RESUMEN TOTAL'!#REF! -> #REF!
A6: ='RESUMEN TOTAL'!A8 -> ALTAMIRA | B6: ='RESUMEN TOTAL'!B8 -> ALT 04 | C6: ='RESUMEN TOTAL'!D8 -> Francia y Necochea | D6: ='RESUMEN TOTAL'!E8 -> Domo | E6: ='RESUMEN TOTAL'!F8 -> Fibra Optica | F6: ='RESUMEN TOTAL'!L8 -> 0 | G6: ='RESUMEN TOTAL'!M8 -> 0 | H6: ='RESUMEN TOTAL'!N8 -> 0 | I6: ='RESUMEN TOTAL'!O8 -> 0 | J6: ='RESUMEN TOTAL'!P8 -> 0 | K6: ='RESUMEN TOTAL'!Q8 -> 0 | L6: ='RESUMEN TOTAL'!R8 -> 0 | M6: ='RESUMEN TOTAL'!S8 -> 0 | ... AI6: ='RESUMEN TOTAL'!AO8 -> 0 | AJ6: ='RESUMEN TOTAL'!#REF! -> #REF!
A7: ='RESUMEN TOTAL'!A9 -> ALTAMIRA | B7: ='RESUMEN TOTAL'!B9 -> ALT05 | C7: ='RESUMEN TOTAL'!D9 -> Av. Calchaqui y Bombero Galarza | D7: ='RESUMEN TOTAL'!E9 -> Domo | E7: ='RESUMEN TOTAL'!F9 -> PTO A FO | F7: ='RESUMEN TOTAL'!L9 -> 0 | G7: ='RESUMEN TOTAL'!M9 -> 0 | H7: ='RESUMEN TOTAL'!N9 -> 0 | I7: ='RESUMEN TOTAL'!O9 -> 0 | J7: ='RESUMEN TOTAL'!P9 -> 0 | K7: ='RESUMEN TOTAL'!Q9 -> 0 | L7: ='RESUMEN TOTAL'!R9 -> 0 | M7: ='RESUMEN TOTAL'!S9 -> 0 | ... AI7: ='RESUMEN TOTAL'!AO9 -> 0 | AJ7: ='RESUMEN TOTAL'!#REF! -> #REF!
A8: ='RESUMEN TOTAL'!A10 -> ALTAMIRA | B8: ='RESUMEN TOTAL'!B10 -> ALT 06 | C8: ='RESUMEN TOTAL'!D10 -> LOPE DE VEGA Y NECOCHEA | D8: ='RESUMEN TOTAL'!E10 -> Domo | E8: ='RESUMEN TOTAL'!F10 -> PTO A FO | F8: ='RESUMEN TOTAL'!L10 -> 0 | G8: ='RESUMEN TOTAL'!M10 -> 0 | H8: ='RESUMEN TOTAL'!N10 -> 0 | I8: ='RESUMEN TOTAL'!O10 -> 0 | J8: ='RESUMEN TOTAL'!P10 -> 0 | K8: ='RESUMEN TOTAL'!Q10 -> 0 | L8: ='RESUMEN TOTAL'!R10 -> 0 | M8: ='RESUMEN TOTAL'!S10 -> 0 | ... AI8: ='RESUMEN TOTAL'!AO10 -> 0 | AJ8: ='RESUMEN TOTAL'!#REF! -> #REF!
A9: ='RESUMEN TOTAL'!A11 -> ALTAMIRA | B9: ='RESUMEN TOTAL'!B11 -> ALT07 | C9: ='RESUMEN TOTAL'!D11 -> AV. CALCHAQUI Y AV. DEL TRABAJO | D9: ='RESUMEN TOTAL'!E11 -> DOMO | E9: ='RESUMEN TOTAL'!F11 -> PTO A FO | F9: ='RESUMEN TOTAL'!L11 -> 0 | G9: ='RESUMEN TOTAL'!M11 -> 0 | H9: ='RESUMEN TOTAL'!N11 -> 0 | I9: ='RESUMEN TOTAL'!O11 -> 0 | J9: ='RESUMEN TOTAL'!P11 -> 0 | K9: ='RESUMEN TOTAL'!Q11 -> 0 | L9: ='RESUMEN TOTAL'!R11 -> 0 | M9: ='RESUMEN TOTAL'!S11 -> 0 | ... AI9: ='RESUMEN TOTAL'!AO11 -> 0 | AJ9: ='RESUMEN TOTAL'!#REF! -> #REF!
A10: ='RESUMEN TOTAL'!A12 -> ALTAMIRA | B10: ='RESUMEN TOTAL'!B12 -> ALT 08 | C10: ='RESUMEN TOTAL'!D12 -> HUMAITA Y NECOCHEA | D10: ='RESUMEN TOTAL'!E12 -> DOMO | E10: ='RESUMEN TOTAL'!F12 -> Fibra Optica | F10: ='RESUMEN TOTAL'!L12 -> 0 | G10: ='RESUMEN TOTAL'!M12 -> 0 | H10: ='RESUMEN TOTAL'!N12 -> 0 | I10: ='RESUMEN TOTAL'!O12 -> 0 | J10: ='RESUMEN TOTAL'!P12 -> 0 | K10: ='RESUMEN TOTAL'!Q12 -> 0 | L10: ='RESUMEN TOTAL'!R12 -> 0 | M10: ='RESUMEN TOTAL'!S12 -> 0 | ... AI10: ='RESUMEN TOTAL'!AO12 -> 0 | AJ10: ='RESUMEN TOTAL'!#REF! -> #REF!
A11: ='RESUMEN TOTAL'!A13 -> ALTAMIRA | B11: ='RESUMEN TOTAL'!B13 -> ALT 09 | C11: ='RESUMEN TOTAL'!D13 -> NECOCHEA Y CURUPAITY | D11: ='RESUMEN TOTAL'!E13 -> DOMO | E11: ='RESUMEN TOTAL'!F13 -> Fibra Optica | F11: ='RESUMEN TOTAL'!L13 -> 0 | G11: ='RESUMEN TOTAL'!M13 -> 0 | H11: ='RESUMEN TOTAL'!N13 -> 0 | I11: ='RESUMEN TOTAL'!O13 -> 0 | J11: ='RESUMEN TOTAL'!P13 -> 0 | K11: ='RESUMEN TOTAL'!Q13 -> 0 | L11: ='RESUMEN TOTAL'!R13 -> 0 | M11: ='RESUMEN TOTAL'!S13 -> 0 | ... AI11: ='RESUMEN TOTAL'!AO13 -> 0 | AJ11: ='RESUMEN TOTAL'!#REF! -> #REF!
A12: ='RESUMEN TOTAL'!A14 -> ALTAMIRA | B12: ='RESUMEN TOTAL'!B14 -> ALT 10 | C12: ='RESUMEN TOTAL'!D14 -> Calchaqui y Francia | D12: ='RESUMEN TOTAL'!E14 -> Domo | E12: ='RESUMEN TOTAL'!F14 -> Radio | F12: ='RESUMEN TOTAL'!L14 -> APAGADO | G12: ='RESUMEN TOTAL'!M14 -> APAGADO | H12: ='RESUMEN TOTAL'!N14 -> APAGADO | I12: ='RESUMEN TOTAL'!O14 -> APAGADO | J12: ='RESUMEN TOTAL'!P14 -> APAGADO | K12: ='RESUMEN TOTAL'!Q14 -> APAGADO | L12: ='RESUMEN TOTAL'!R14 -> APAGADO | M12: ='RESUMEN TOTAL'!S14 -> APAGADO | ... AI12: ='RESUMEN TOTAL'!AO14 -> 0 | AJ12: ='RESUMEN TOTAL'!#REF! -> #REF!
A13: ='RESUMEN TOTAL'!A15 -> AGUSTIN RAMIREZ | B13: ='RESUMEN TOTAL'!B15 -> ARA 01 | C13: ='RESUMEN TOTAL'!D15 -> Malambo y Tranquera | D13: ='RESUMEN TOTAL'!E15 -> Domo | E13: ='RESUMEN TOTAL'!F15 -> Fibra Optica | F13: ='RESUMEN TOTAL'!L15 -> APAGADO | G13: ='RESUMEN TOTAL'!M15 -> APAGADO | H13: ='RESUMEN TOTAL'!N15 -> APAGADO | I13: ='RESUMEN TOTAL'!O15 -> APAGADO | J13: ='RESUMEN TOTAL'!P15 -> APAGADO | K13: ='RESUMEN TOTAL'!Q15 -> APAGADO | L13: ='RESUMEN TOTAL'!R15 -> APAGADO | M13: ='RESUMEN TOTAL'!S15 -> APAGADO | ... AI13: ='RESUMEN TOTAL'!AO15 -> 0 | AJ13: ='RESUMEN TOTAL'!#REF! -> #REF!
A14: ='RESUMEN TOTAL'!A16 -> BELGRANO | B14: ='RESUMEN TOTAL'!B16 -> BEL 01 | C14: ='RESUMEN TOTAL'!D16 -> San Martin y Dardo Rocha | D14: ='RESUMEN TOTAL'!E16 -> DOMO | E14: ='RESUMEN TOTAL'!F16 -> Fibra Optica | F14: ='RESUMEN TOTAL'!L16 -> 0 | G14: ='RESUMEN TOTAL'!M16 -> 0 | H14: ='RESUMEN TOTAL'!N16 -> 0 | I14: ='RESUMEN TOTAL'!O16 -> 0 | J14: ='RESUMEN TOTAL'!P16 -> 0 | K14: ='RESUMEN TOTAL'!Q16 -> 0 | L14: ='RESUMEN TOTAL'!R16 -> 0 | M14: ='RESUMEN TOTAL'!S16 -> 0 | ... AI14: ='RESUMEN TOTAL'!AO16 -> 0 | AJ14: ='RESUMEN TOTAL'!#REF! -> #REF!
A15: ='RESUMEN TOTAL'!A17 -> BELGRANO | B15: ='RESUMEN TOTAL'!B17 -> BEL 02 | C15: ='RESUMEN TOTAL'!D17 -> Guardia vieja y Fronteriz | D15: ='RESUMEN TOTAL'!E17 -> DOMO | E15: ='RESUMEN TOTAL'!F17 -> Fibra Optica | F15: ='RESUMEN TOTAL'!L17 -> 0 | G15: ='RESUMEN TOTAL'!M17 -> 0 | H15: ='RESUMEN TOTAL'!N17 -> 0 | I15: ='RESUMEN TOTAL'!O17 -> 0 | J15: ='RESUMEN TOTAL'!P17 -> 0 | K15: ='RESUMEN TOTAL'!Q17 -> 0 | L15: ='RESUMEN TOTAL'!R17 -> 0 | M15: ='RESUMEN TOTAL'!S17 -> 0 | ... AI15: ='RESUMEN TOTAL'!AO17 -> 0 | AJ15: ='RESUMEN TOTAL'!#REF! -> #REF!
... A122: ='RESUMEN TOTAL'!A124 -> DON JOSE | B122: ='RESUMEN TOTAL'!B124 -> DJ 07 | C122: ='RESUMEN TOTAL'!D124 -> Calle 414 y El Indio | D122: ='RESUMEN TOTAL'!E124 -> Fija | E122: ='RESUMEN TOTAL'!F124 -> PTO A FO | F122: ='RESUMEN TOTAL'!L124 -> 0 | G122: ='RESUMEN TOTAL'!M124 -> 0 | H122: ='RESUMEN TOTAL'!N124 -> 0 | I122: ='RESUMEN TOTAL'!O124 -> 0 | J122: ='RESUMEN TOTAL'!P124 -> 0 | K122: ='RESUMEN TOTAL'!Q124 -> 0 | L122: ='RESUMEN TOTAL'!R124 -> 0 | M122: ='RESUMEN TOTAL'!S124 -> 0 | ... AI122: ='RESUMEN TOTAL'!AO124 -> 0 | AJ122: ='RESUMEN TOTAL'!#REF! -> #REF!
A123: ='RESUMEN TOTAL'!A126 -> EL PARQUE | B123: ='RESUMEN TOTAL'!B126 -> EPQ 01 | C123: ='RESUMEN TOTAL'!D126 -> 1282 Y GRIERSON | D123: ='RESUMEN TOTAL'!E126 -> DOMO | E123: ='RESUMEN TOTAL'!F126 -> Fibra Optica | F123: ='RESUMEN TOTAL'!L126 -> 0 | G123: ='RESUMEN TOTAL'!M126 -> 0 | H123: ='RESUMEN TOTAL'!N126 -> 0 | I123: ='RESUMEN TOTAL'!O126 -> 0 | J123: ='RESUMEN TOTAL'!P126 -> 0 | K123: ='RESUMEN TOTAL'!Q126 -> 0 | L123: ='RESUMEN TOTAL'!R126 -> 0 | M123: ='RESUMEN TOTAL'!S126 -> 0 | ... AI123: ='RESUMEN TOTAL'!AO126 -> 0 | AJ123: ='RESUMEN TOTAL'!#REF! -> #REF!
A124: ='RESUMEN TOTAL'!A127 -> EL PARQUE | B124: ='RESUMEN TOTAL'!B127 -> EPQ 02 | C124: ='RESUMEN TOTAL'!D127 -> 1282 Y MASSE | D124: ='RESUMEN TOTAL'!E127 -> DOMO | E124: ='RESUMEN TOTAL'!F127 -> Fibra Optica | F124: ='RESUMEN TOTAL'!L127 -> 0 | G124: ='RESUMEN TOTAL'!M127 -> 0 | H124: ='RESUMEN TOTAL'!N127 -> 0 | I124: ='RESUMEN TOTAL'!O127 -> 0 | J124: ='RESUMEN TOTAL'!P127 -> 0 | K124: ='RESUMEN TOTAL'!Q127 -> 0 | L124: ='RESUMEN TOTAL'!R127 -> 0 | M124: ='RESUMEN TOTAL'!S127 -> 0 | ... AI124: ='RESUMEN TOTAL'!AO127 -> 0 | AJ124: ='RESUMEN TOTAL'!#REF! -> #REF!
A125: ='RESUMEN TOTAL'!A128 -> EL PARQUE | B125: ='RESUMEN TOTAL'!B128 -> EPQ 03 | C125: ='RESUMEN TOTAL'!D128 -> 1282 Y RP 36 | D125: ='RESUMEN TOTAL'!E128 -> Domo | E125: ='RESUMEN TOTAL'!F128 -> Fibra Optica | F125: ='RESUMEN TOTAL'!L128 -> 0 | G125: ='RESUMEN TOTAL'!M128 -> 0 | H125: ='RESUMEN TOTAL'!N128 -> 0 | I125: ='RESUMEN TOTAL'!O128 -> 0 | J125: ='RESUMEN TOTAL'!P128 -> 0 | K125: ='RESUMEN TOTAL'!Q128 -> 0 | L125: ='RESUMEN TOTAL'!R128 -> 0 | M125: ='RESUMEN TOTAL'!S128 -> 0 | ... AI125: ='RESUMEN TOTAL'!AO128 -> 0 | AJ125: ='RESUMEN TOTAL'!#REF! -> #REF!
A126: ='RESUMEN TOTAL'!A129 -> EL PARQUE | B126: ='RESUMEN TOTAL'!B129 -> EPQ 04 | C126: ='RESUMEN TOTAL'!D129 -> 1282 Y MORENO | D126: ='RESUMEN TOTAL'!E129 -> DOMO | E126: ='RESUMEN TOTAL'!F129 -> Fibra Optica | F126: ='RESUMEN TOTAL'!L129 -> 0 | G126: ='RESUMEN TOTAL'!M129 -> 0 | H126: ='RESUMEN TOTAL'!N129 -> 0 | I126: ='RESUMEN TOTAL'!O129 -> 0 | J126: ='RESUMEN TOTAL'!P129 -> 0 | K126: ='RESUMEN TOTAL'!Q129 -> 0 | L126: ='RESUMEN TOTAL'!R129 -> 0 | M126: ='RESUMEN TOTAL'!S129 -> 0 | ... AI126: ='RESUMEN TOTAL'!AO129 -> 0 | AJ126: ='RESUMEN TOTAL'!#REF! -> #REF!
A127: ='RESUMEN TOTAL'!A130 -> LA ESMERALDA | B127: ='RESUMEN TOTAL'!B130 -> ESM01 | C127: ='RESUMEN TOTAL'!D130 -> Cabello y Brasil | D127: ='RESUMEN TOTAL'!E130 -> Domo | E127: ='RESUMEN TOTAL'!F130 -> Radio | F127: ='RESUMEN TOTAL'!L130 -> 0 | G127: ='RESUMEN TOTAL'!M130 -> 0 | H127: ='RESUMEN TOTAL'!N130 -> 0 | I127: ='RESUMEN TOTAL'!O130 -> 0 | J127: ='RESUMEN TOTAL'!P130 -> 0 | K127: ='RESUMEN TOTAL'!Q130 -> 0 | L127: ='RESUMEN TOTAL'!R130 -> 0 | M127: ='RESUMEN TOTAL'!S130 -> 0 | ... AI127: ='RESUMEN TOTAL'!AO130 -> 0 | AJ127: ='RESUMEN TOTAL'!#REF! -> #REF!
A128: ='RESUMEN TOTAL'!A131 -> SAN JORGE | B128: ='RESUMEN TOTAL'!B131 -> ESM02 | C128: ='RESUMEN TOTAL'!D131 -> Novak y Cabello | D128: ='RESUMEN TOTAL'!E131 -> Domo | E128: ='RESUMEN TOTAL'!F131 -> PTO A FO | F128: ='RESUMEN TOTAL'!L131 -> 0 | G128: ='RESUMEN TOTAL'!M131 -> 0 | H128: ='RESUMEN TOTAL'!N131 -> 0 | I128: ='RESUMEN TOTAL'!O131 -> 0 | J128: ='RESUMEN TOTAL'!P131 -> 0 | K128: ='RESUMEN TOTAL'!Q131 -> 0 | L128: ='RESUMEN TOTAL'!R131 -> 0 | M128: ='RESUMEN TOTAL'!S131 -> 0 | ... AI128: ='RESUMEN TOTAL'!AO131 -> 0 | AJ128: ='RESUMEN TOTAL'!#REF! -> #REF!
A129: ='RESUMEN TOTAL'!A132 -> 0 | B129: ='RESUMEN TOTAL'!B132 -> ESM03 | C129: ='RESUMEN TOTAL'!D132 -> Novak y Humahuaca | D129: ='RESUMEN TOTAL'!E132 -> DOMO | E129: ='RESUMEN TOTAL'!F132 -> PTO A FO | F129: ='RESUMEN TOTAL'!L132 -> 0 | G129: ='RESUMEN TOTAL'!M132 -> 0 | H129: ='RESUMEN TOTAL'!N132 -> 0 | I129: ='RESUMEN TOTAL'!O132 -> 0 | J129: ='RESUMEN TOTAL'!P132 -> 0 | K129: ='RESUMEN TOTAL'!Q132 -> 0 | L129: ='RESUMEN TOTAL'!R132 -> 0 | M129: ='RESUMEN TOTAL'!S132 -> 0 | ... AI129: ='RESUMEN TOTAL'!AO132 -> 0 | AJ129: ='RESUMEN TOTAL'!#REF! -> #REF!
A130: ='RESUMEN TOTAL'!A133 -> LA ESMERALDA | B130: ='RESUMEN TOTAL'!B133 -> ESM04 | C130: ='RESUMEN TOTAL'!D133 -> Basualdo y Bengochea | D130: ='RESUMEN TOTAL'!E133 -> Domo | E130: ='RESUMEN TOTAL'!F133 -> Fibra Optica | F130: ='RESUMEN TOTAL'!L133 -> APAGADO | G130: ='RESUMEN TOTAL'!M133 -> APAGADO | H130: ='RESUMEN TOTAL'!N133 -> APAGADO | I130: ='RESUMEN TOTAL'!O133 -> APAGADO | J130: ='RESUMEN TOTAL'!P133 -> APAGADO | K130: ='RESUMEN TOTAL'!Q133 -> APAGADO | L130: ='RESUMEN TOTAL'!R133 -> APAGADO | M130: ='RESUMEN TOTAL'!S133 -> APAGADO | ... AI130: ='RESUMEN TOTAL'!AO133 -> 0 | AJ130: ='RESUMEN TOTAL'!#REF! -> #REF!
A131: ='RESUMEN TOTAL'!A134 -> LA ESMERALDA | B131: ='RESUMEN TOTAL'!B134 -> ESM05 | C131: ='RESUMEN TOTAL'!D134 -> Aniceto Diaz y Villar | D131: ='RESUMEN TOTAL'!E134 -> Domo | E131: ='RESUMEN TOTAL'!F134 -> Fibra Optica | F131: ='RESUMEN TOTAL'!L134 -> APAGADO | G131: ='RESUMEN TOTAL'!M134 -> APAGADO | H131: ='RESUMEN TOTAL'!N134 -> APAGADO | I131: ='RESUMEN TOTAL'!O134 -> APAGADO | J131: ='RESUMEN TOTAL'!P134 -> APAGADO | K131: ='RESUMEN TOTAL'!Q134 -> APAGADO | L131: ='RESUMEN TOTAL'!R134 -> APAGADO | M131: ='RESUMEN TOTAL'!S134 -> APAGADO | ... AI131: ='RESUMEN TOTAL'!AO134 -> 0 | AJ131: ='RESUMEN TOTAL'!#REF! -> #REF!
A132: ='RESUMEN TOTAL'!A135 -> LA ESMERALDA | B132: ='RESUMEN TOTAL'!B135 -> ESM06 | C132: ='RESUMEN TOTAL'!D135 -> Roselli y Cabello | D132: ='RESUMEN TOTAL'!E135 -> Domo | E132: ='RESUMEN TOTAL'!F135 -> Radio | F132: ='RESUMEN TOTAL'!L135 -> 0 | G132: ='RESUMEN TOTAL'!M135 -> 0 | H132: ='RESUMEN TOTAL'!N135 -> 0 | I132: ='RESUMEN TOTAL'!O135 -> 0 | J132: ='RESUMEN TOTAL'!P135 -> 0 | K132: ='RESUMEN TOTAL'!Q135 -> 0 | L132: ='RESUMEN TOTAL'!R135 -> 0 | M132: ='RESUMEN TOTAL'!S135 -> 0 | ... AI132: ='RESUMEN TOTAL'!AO135 -> 0 | AJ132: ='RESUMEN TOTAL'!#REF! -> #REF!
A133: ='RESUMEN TOTAL'!A136 -> LA ESMERALDA | B133: ='RESUMEN TOTAL'!B136 -> ESM07 | C133: ='RESUMEN TOTAL'!D136 -> AV. NOVAK Y SERRANO | D133: ='RESUMEN TOTAL'!E136 -> DOMO | E133: ='RESUMEN TOTAL'!F136 -> PTO A FO | F133: ='RESUMEN TOTAL'!L136 -> 0 | G133: ='RESUMEN TOTAL'!M136 -> 0 | H133: ='RESUMEN TOTAL'!N136 -> 0 | I133: ='RESUMEN TOTAL'!O136 -> 0 | J133: ='RESUMEN TOTAL'!P136 -> 0 | K133: ='RESUMEN TOTAL'!Q136 -> 0 | L133: ='RESUMEN TOTAL'!R136 -> 0 | M133: ='RESUMEN TOTAL'!S136 -> 0 | ... AI133: ='RESUMEN TOTAL'!AO136 -> 0 | AJ133: ='RESUMEN TOTAL'!#REF! -> #REF!
A134: ='RESUMEN TOTAL'!A137 -> LA ESMERALDA | B134: ='RESUMEN TOTAL'!B137 -> ESM 08 | C134: ='RESUMEN TOTAL'!D137 -> DAVINSON Y MORANCHEL | D134: ='RESUMEN TOTAL'!E137 -> FIJA | E134: ='RESUMEN TOTAL'!F137 -> Radio | F134: ='RESUMEN TOTAL'!L137 -> 0 | G134: ='RESUMEN TOTAL'!M137 -> 0 | H134: ='RESUMEN TOTAL'!N137 -> 0 | I134: ='RESUMEN TOTAL'!O137 -> 0 | J134: ='RESUMEN TOTAL'!P137 -> 0 | K134: ='RESUMEN TOTAL'!Q137 -> 0 | L134: ='RESUMEN TOTAL'!R137 -> 0 | M134: ='RESUMEN TOTAL'!S137 -> 0 | ... AI134: ='RESUMEN TOTAL'!AO137 -> 0 | AJ134: ='RESUMEN TOTAL'!#REF! -> #REF!
... A201: ='RESUMEN TOTAL'!A204 -> 0 | B201: ='RESUMEN TOTAL'!B204 -> MCUD 01 | C201: ='RESUMEN TOTAL'!D204 -> TINOGASTA Y SAN LORENZO | D201: ='RESUMEN TOTAL'!E204 -> Domo | E201: ='RESUMEN TOTAL'!F204 -> Fibra Optica | F201: ='RESUMEN TOTAL'!L204 -> 0 | G201: ='RESUMEN TOTAL'!M204 -> 0 | H201: ='RESUMEN TOTAL'!N204 -> 0 | I201: ='RESUMEN TOTAL'!O204 -> 0 | J201: ='RESUMEN TOTAL'!P204 -> 0 | K201: ='RESUMEN TOTAL'!Q204 -> 0 | L201: ='RESUMEN TOTAL'!R204 -> 0 | M201: ='RESUMEN TOTAL'!S204 -> 0 | ... AI201: ='RESUMEN TOTAL'!AO204 -> 0 | AJ201: ='RESUMEN TOTAL'!#REF! -> #REF!
A202: ='RESUMEN TOTAL'!A206 -> MARTIN FIERRO | B202: ='RESUMEN TOTAL'!B206 -> MFI 01 | C202: ='RESUMEN TOTAL'!D206 -> Belgrano y Sgto. Cabral | D202: ='RESUMEN TOTAL'!E206 -> Fija | E202: ='RESUMEN TOTAL'!F206 -> Fibra Optica | F202: ='RESUMEN TOTAL'!L206 -> 0 | G202: ='RESUMEN TOTAL'!M206 -> 0 | H202: ='RESUMEN TOTAL'!N206 -> 0 | I202: ='RESUMEN TOTAL'!O206 -> 0 | J202: ='RESUMEN TOTAL'!P206 -> 0 | K202: ='RESUMEN TOTAL'!Q206 -> 0 | L202: ='RESUMEN TOTAL'!R206 -> 0 | M202: ='RESUMEN TOTAL'!S206 -> 0 | ... AI202: ='RESUMEN TOTAL'!AO206 -> 0 | AJ202: ='RESUMEN TOTAL'!#REF! -> #REF!
A203: ='RESUMEN TOTAL'!A207 -> LOPEZ ROMERO | B203: ='RESUMEN TOTAL'!B207 -> MFI02 | C203: ='RESUMEN TOTAL'!D207 -> Calchaqui y Balcarce | D203: ='RESUMEN TOTAL'!E207 -> Fija | E203: ='RESUMEN TOTAL'!F207 -> Fibra Optica | F203: ='RESUMEN TOTAL'!L207 -> 0 | G203: ='RESUMEN TOTAL'!M207 -> 0 | H203: ='RESUMEN TOTAL'!N207 -> 0 | I203: ='RESUMEN TOTAL'!O207 -> 0 | J203: ='RESUMEN TOTAL'!P207 -> 0 | K203: ='RESUMEN TOTAL'!Q207 -> 0 | L203: ='RESUMEN TOTAL'!R207 -> 0 | M203: ='RESUMEN TOTAL'!S207 -> 0 | ... AI203: ='RESUMEN TOTAL'!AO207 -> 0 | AJ203: ='RESUMEN TOTAL'!#REF! -> #REF!
A204: ='RESUMEN TOTAL'!A208 -> SAN EMILIO | B204: ='RESUMEN TOTAL'!B208 -> MFI 03 | C204: ='RESUMEN TOTAL'!D208 -> Cno. Gral. Belgrano y Av. del Trabajo | D204: ='RESUMEN TOTAL'!E208 -> Domo | E204: ='RESUMEN TOTAL'!F208 -> Fibra Optica | F204: ='RESUMEN TOTAL'!L208 -> 0 | G204: ='RESUMEN TOTAL'!M208 -> 0 | H204: ='RESUMEN TOTAL'!N208 -> 0 | I204: ='RESUMEN TOTAL'!O208 -> 0 | J204: ='RESUMEN TOTAL'!P208 -> 0 | K204: ='RESUMEN TOTAL'!Q208 -> 0 | L204: ='RESUMEN TOTAL'!R208 -> 0 | M204: ='RESUMEN TOTAL'!S208 -> 0 | ... AI204: ='RESUMEN TOTAL'!AO208 -> 0 | AJ204: ='RESUMEN TOTAL'!#REF! -> #REF!
A205: ='RESUMEN TOTAL'!A209 -> MARTIN FIERRO | B205: ='RESUMEN TOTAL'!B209 -> MFI04 | C205: ='RESUMEN TOTAL'!D209 -> Calchaqui y balcarce | D205: ='RESUMEN TOTAL'!E209 -> Domo | E205: ='RESUMEN TOTAL'!F209 -> Fibra Optica | F205: ='RESUMEN TOTAL'!L209 -> 0 | G205: ='RESUMEN TOTAL'!M209 -> 0 | H205: ='RESUMEN TOTAL'!N209 -> 0 | I205: ='RESUMEN TOTAL'!O209 -> 0 | J205: ='RESUMEN TOTAL'!P209 -> 0 | K205: ='RESUMEN TOTAL'!Q209 -> 0 | L205: ='RESUMEN TOTAL'!R209 -> 0 | M205: ='RESUMEN TOTAL'!S209 -> 0 | ... AI205: ='RESUMEN TOTAL'!AO209 -> 0 | AJ205: ='RESUMEN TOTAL'!#REF! -> #REF!
A206: ='RESUMEN TOTAL'!A210 -> SAN EMILIO | B206: ='RESUMEN TOTAL'!B210 -> MFI 05 | C206: ='RESUMEN TOTAL'!D210 -> Cno. Gral. Belgrano y Guayaquil | D206: ='RESUMEN TOTAL'!E210 -> Domo | E206: ='RESUMEN TOTAL'!F210 -> Fibra Optica | F206: ='RESUMEN TOTAL'!L210 -> 0 | G206: ='RESUMEN TOTAL'!M210 -> 0 | H206: ='RESUMEN TOTAL'!N210 -> 0 | I206: ='RESUMEN TOTAL'!O210 -> 0 | J206: ='RESUMEN TOTAL'!P210 -> 0 | K206: ='RESUMEN TOTAL'!Q210 -> 0 | L206: ='RESUMEN TOTAL'!R210 -> 0 | M206: ='RESUMEN TOTAL'!S210 -> 0 | ... AI206: ='RESUMEN TOTAL'!AO210 -> 0 | AJ206: ='RESUMEN TOTAL'!#REF! -> #REF!
A207: ='RESUMEN TOTAL'!A211 -> SAN EMILIO | B207: ='RESUMEN TOTAL'!B211 -> MFI06 | C207: ='RESUMEN TOTAL'!D211 -> Con. Gral. Belgrano y Bombero Galarza | D207: ='RESUMEN TOTAL'!E211 -> DOMO | E207: ='RESUMEN TOTAL'!F211 -> Radio | F207: ='RESUMEN TOTAL'!L211 -> 0 | G207: ='RESUMEN TOTAL'!M211 -> 0 | H207: ='RESUMEN TOTAL'!N211 -> 0 | I207: ='RESUMEN TOTAL'!O211 -> 0 | J207: ='RESUMEN TOTAL'!P211 -> 0 | K207: ='RESUMEN TOTAL'!Q211 -> 0 | L207: ='RESUMEN TOTAL'!R211 -> 0 | M207: ='RESUMEN TOTAL'!S211 -> 0 | ... AI207: ='RESUMEN TOTAL'!AO211 -> 0 | AJ207: ='RESUMEN TOTAL'!#REF! -> #REF!
A208: ='RESUMEN TOTAL'!A212 -> MARTIN FIERRO | B208: ='RESUMEN TOTAL'!B212 -> MFI 07 | C208: ='RESUMEN TOTAL'!D212 -> Sargento Cabral y Carlos Gardel | D208: ='RESUMEN TOTAL'!E212 -> Domo | E208: ='RESUMEN TOTAL'!F212 -> PTO A FO | F208: ='RESUMEN TOTAL'!L212 -> 0 | G208: ='RESUMEN TOTAL'!M212 -> 0 | H208: ='RESUMEN TOTAL'!N212 -> 0 | I208: ='RESUMEN TOTAL'!O212 -> 0 | J208: ='RESUMEN TOTAL'!P212 -> 0 | K208: ='RESUMEN TOTAL'!Q212 -> 0 | L208: ='RESUMEN TOTAL'!R212 -> 0 | M208: ='RESUMEN TOTAL'!S212 -> 0 | ... AI208: ='RESUMEN TOTAL'!AO212 -> 0 | AJ208: ='RESUMEN TOTAL'!#REF! -> #REF!
A209: ='RESUMEN TOTAL'!A213 -> MARTIN FIERRO | B209: ='RESUMEN TOTAL'!B213 -> MFI 08 | C209: ='RESUMEN TOTAL'!D213 -> Braile y Batalla de Callao | D209: ='RESUMEN TOTAL'!E213 -> Domo | E209: ='RESUMEN TOTAL'!F213 -> PTO A FO | F209: ='RESUMEN TOTAL'!L213 -> 0 | G209: ='RESUMEN TOTAL'!M213 -> 0 | H209: ='RESUMEN TOTAL'!N213 -> 0 | I209: ='RESUMEN TOTAL'!O213 -> 0 | J209: ='RESUMEN TOTAL'!P213 -> 0 | K209: ='RESUMEN TOTAL'!Q213 -> 0 | L209: ='RESUMEN TOTAL'!R213 -> 0 | M209: ='RESUMEN TOTAL'!S213 -> 0 | ... AI209: ='RESUMEN TOTAL'!AO213 -> 0 | AJ209: ='RESUMEN TOTAL'!#REF! -> #REF!
A210: ='RESUMEN TOTAL'!A214 -> GOBERNADOR MONTEVERDE | B210: ='RESUMEN TOTAL'!B214 -> MON01 | C210: ='RESUMEN TOTAL'!D214 -> San Martin y Patricias Argentinas | D210: ='RESUMEN TOTAL'!E214 -> Fija | E210: ='RESUMEN TOTAL'!F214 -> Fibra Optica | F210: ='RESUMEN TOTAL'!L214 -> 0 | G210: ='RESUMEN TOTAL'!M214 -> 0 | H210: ='RESUMEN TOTAL'!N214 -> 0 | I210: ='RESUMEN TOTAL'!O214 -> 0 | J210: ='RESUMEN TOTAL'!P214 -> 0 | K210: ='RESUMEN TOTAL'!Q214 -> 0 | L210: ='RESUMEN TOTAL'!R214 -> 0 | M210: ='RESUMEN TOTAL'!S214 -> 0 | ... AI210: ='RESUMEN TOTAL'!AO214 -> 0 | AJ210: ='RESUMEN TOTAL'!#REF! -> #REF!
A211: ='RESUMEN TOTAL'!A215 -> GOBERNADOR MONTEVERDE | B211: ='RESUMEN TOTAL'!B215 -> MON02 | C211: ='RESUMEN TOTAL'!D215 -> Senzabello y Famatina | D211: ='RESUMEN TOTAL'!E215 -> Domo | E211: ='RESUMEN TOTAL'!F215 -> Radio | F211: ='RESUMEN TOTAL'!L215 -> 0 | G211: ='RESUMEN TOTAL'!M215 -> 0 | H211: ='RESUMEN TOTAL'!N215 -> 0 | I211: ='RESUMEN TOTAL'!O215 -> 0 | J211: ='RESUMEN TOTAL'!P215 -> 0 | K211: ='RESUMEN TOTAL'!Q215 -> 0 | L211: ='RESUMEN TOTAL'!R215 -> 0 | M211: ='RESUMEN TOTAL'!S215 -> 0 | ... AI211: ='RESUMEN TOTAL'!AO215 -> 0 | AJ211: ='RESUMEN TOTAL'!#REF! -> #REF!
A212: ='RESUMEN TOTAL'!A216 -> GOBERNADOR MONTEVERDE | B212: ='RESUMEN TOTAL'!B216 -> MON03 | C212: ='RESUMEN TOTAL'!D216 -> Senzabello y Guemes | D212: ='RESUMEN TOTAL'!E216 -> Domo | E212: ='RESUMEN TOTAL'!F216 -> Radio | F212: ='RESUMEN TOTAL'!L216 -> 0 | G212: ='RESUMEN TOTAL'!M216 -> 0 | H212: ='RESUMEN TOTAL'!N216 -> 0 | I212: ='RESUMEN TOTAL'!O216 -> 0 | J212: ='RESUMEN TOTAL'!P216 -> 0 | K212: ='RESUMEN TOTAL'!Q216 -> 0 | L212: ='RESUMEN TOTAL'!R216 -> 0 | M212: ='RESUMEN TOTAL'!S216 -> 0 | ... AI212: ='RESUMEN TOTAL'!AO216 -> 0 | AJ212: ='RESUMEN TOTAL'!#REF! -> #REF!
A213: ='RESUMEN TOTAL'!A217 -> GOBERNADOR MONTEVERDE | B213: ='RESUMEN TOTAL'!B217 -> MON04 | C213: ='RESUMEN TOTAL'!D217 -> Av. Yrigoyen y San Lorenzo | D213: ='RESUMEN TOTAL'!E217 -> Domo | E213: ='RESUMEN TOTAL'!F217 -> Radio | F213: ='RESUMEN TOTAL'!L217 -> 0 | G213: ='RESUMEN TOTAL'!M217 -> 0 | H213: ='RESUMEN TOTAL'!N217 -> 0 | I213: ='RESUMEN TOTAL'!O217 -> 0 | J213: ='RESUMEN TOTAL'!P217 -> 0 | K213: ='RESUMEN TOTAL'!Q217 -> 0 | L213: ='RESUMEN TOTAL'!R217 -> 0 | M213: ='RESUMEN TOTAL'!S217 -> 0 | ... AI213: ='RESUMEN TOTAL'!AO217 -> 0 | AJ213: ='RESUMEN TOTAL'!#REF! -> #REF!
... A268: ='RESUMEN TOTAL'!A272 -> RICARDO ROJAS | B268: ='RESUMEN TOTAL'!B272 -> RRJ 07 | C268: ='RESUMEN TOTAL'!D272 -> Constancio Vigil y Estanislao del Campo | D268: ='RESUMEN TOTAL'!E272 -> Domo | E268: ='RESUMEN TOTAL'!F272 -> Fibra Optica | F268: ='RESUMEN TOTAL'!L272 -> APAGADO | G268: ='RESUMEN TOTAL'!M272 -> 0 | H268: ='RESUMEN TOTAL'!N272 -> APAGADO | I268: ='RESUMEN TOTAL'!O272 -> APAGADO | J268: ='RESUMEN TOTAL'!P272 -> APAGADO | K268: ='RESUMEN TOTAL'!Q272 -> APAGADO | L268: ='RESUMEN TOTAL'!R272 -> 0 | M268: ='RESUMEN TOTAL'!S272 -> APAGADO | ... AI268: ='RESUMEN TOTAL'!AO272 -> 0 | AJ268: ='RESUMEN TOTAL'!#REF! -> #REF!
A269: ='RESUMEN TOTAL'!A273 -> RICARDO ROJAS | B269: ='RESUMEN TOTAL'!B273 -> RRJ 08 | C269: ='RESUMEN TOTAL'!D273 -> Constancio Vigil y Pablo Podesta | D269: ='RESUMEN TOTAL'!E273 -> Domo | E269: ='RESUMEN TOTAL'!F273 -> Fibra Optica | F269: ='RESUMEN TOTAL'!L273 -> APAGADO | G269: ='RESUMEN TOTAL'!M273 -> 0 | H269: ='RESUMEN TOTAL'!N273 -> APAGADO | I269: ='RESUMEN TOTAL'!O273 -> APAGADO | J269: ='RESUMEN TOTAL'!P273 -> APAGADO | K269: ='RESUMEN TOTAL'!Q273 -> APAGADO | L269: ='RESUMEN TOTAL'!R273 -> 0 | M269: ='RESUMEN TOTAL'!S273 -> APAGADO | ... U269: ='RESUMEN TOTAL'!AA273 -> 0 | V269: ='RESUMEN TOTAL'!AB274 -> APAGADO | W269: ='RESUMEN TOTAL'!AC273 -> 0 | X269: ='RESUMEN TOTAL'!AD273 -> 0 | Y269: ='RESUMEN TOTAL'!AE273 -> APAGADO | Z269: ='RESUMEN TOTAL'!AF273 -> APAGADO | AA269: ='RESUMEN TOTAL'!AG273 -> 0 | AB269: ='RESUMEN TOTAL'!AH273 -> 0 | AC269: ='RESUMEN TOTAL'!AI273 -> 0 | AD269: ='RESUMEN TOTAL'!AJ273 -> 0 | ... AI269: ='RESUMEN TOTAL'!AO273 -> 0 | AJ269: ='RESUMEN TOTAL'!#REF! -> #REF!
A270: ='RESUMEN TOTAL'!A274 -> RICARDO ROJAS | B270: ='RESUMEN TOTAL'!B274 -> RRJ 09 | C270: ='RESUMEN TOTAL'!D274 -> Constancio Vigil y Jose Ingeniero | D270: ='RESUMEN TOTAL'!E274 -> Domo | E270: ='RESUMEN TOTAL'!F274 -> Fibra Optica | F270: ='RESUMEN TOTAL'!L274 -> APAGADO | G270: ='RESUMEN TOTAL'!M274 -> 0 | H270: ='RESUMEN TOTAL'!N274 -> APAGADO | I270: ='RESUMEN TOTAL'!O274 -> APAGADO | J270: ='RESUMEN TOTAL'!P274 -> APAGADO | K270: ='RESUMEN TOTAL'!Q274 -> APAGADO | L270: ='RESUMEN TOTAL'!R274 -> APAGADO | M270: ='RESUMEN TOTAL'!S274 -> APAGADO | ... U270: ='RESUMEN TOTAL'!AA274 -> APAGADO | V270: ='RESUMEN TOTAL'!#REF! -> #REF! | W270: ='RESUMEN TOTAL'!AC274 -> APAGADO | X270: ='RESUMEN TOTAL'!AD274 -> APAGADO | Y270: ='RESUMEN TOTAL'!AE274 -> APAGADO | Z270: ='RESUMEN TOTAL'!AF274 -> APAGADO | AA270: ='RESUMEN TOTAL'!AG274 -> APAGADO | AB270: ='RESUMEN TOTAL'!AH274 -> APAGADO | AC270: ='RESUMEN TOTAL'!AI274 -> 0 | AD270: ='RESUMEN TOTAL'!AJ274 -> 0 | ... AI270: ='RESUMEN TOTAL'!AO274 -> 0 | AJ270: ='RESUMEN TOTAL'!#REF! -> #REF!
A271: ='RESUMEN TOTAL'!A275 -> RICARDO ROJAS | B271: ='RESUMEN TOTAL'!B275 -> RRJ 10 | C271: ='RESUMEN TOTAL'!D275 -> LUGONES Y OBLIGADO | D271: ='RESUMEN TOTAL'!E275 -> Domo | E271: ='RESUMEN TOTAL'!F275 -> Fibra Optica | F271: ='RESUMEN TOTAL'!L275 -> APAGADO | G271: ='RESUMEN TOTAL'!M275 -> 0 | H271: ='RESUMEN TOTAL'!N275 -> APAGADO | I271: ='RESUMEN TOTAL'!O275 -> APAGADO | J271: ='RESUMEN TOTAL'!P275 -> APAGADO | K271: ='RESUMEN TOTAL'!Q275 -> APAGADO | L271: ='RESUMEN TOTAL'!R275 -> 0 | M271: ='RESUMEN TOTAL'!S275 -> APAGADO | ... AI271: ='RESUMEN TOTAL'!AO275 -> 0 | AJ271: ='RESUMEN TOTAL'!#REF! -> #REF!
A272: ='RESUMEN TOTAL'!A276 -> RICARDO ROJAS | B272: ='RESUMEN TOTAL'!B276 -> RRJ 11 | C272: ='RESUMEN TOTAL'!D276 -> LUGONES Y OBLIGADO | D272: ='RESUMEN TOTAL'!E276 -> Domo | E272: ='RESUMEN TOTAL'!F276 -> Fibra Optica | F272: ='RESUMEN TOTAL'!L276 -> APAGADO | G272: ='RESUMEN TOTAL'!M276 -> 0 | H272: ='RESUMEN TOTAL'!N276 -> APAGADO | I272: ='RESUMEN TOTAL'!O276 -> APAGADO | J272: ='RESUMEN TOTAL'!P276 -> APAGADO | K272: ='RESUMEN TOTAL'!Q276 -> APAGADO | L272: ='RESUMEN TOTAL'!R276 -> 0 | M272: ='RESUMEN TOTAL'!S276 -> APAGADO | ... AI272: ='RESUMEN TOTAL'!AO276 -> 0 | AJ272: ='RESUMEN TOTAL'!#REF! -> #REF!
A273: ='RESUMEN TOTAL'!A277 -> RICARDO ROJAS | B273: ='RESUMEN TOTAL'!B277 -> RRJ 12 | C273: ='RESUMEN TOTAL'!D277 -> FADER Y DIAGONAL LOS POETAS | D273: ='RESUMEN TOTAL'!E277 -> DOMO | E273: ='RESUMEN TOTAL'!F277 -> Fibra Optica | F273: ='RESUMEN TOTAL'!L277 -> APAGADO | G273: ='RESUMEN TOTAL'!M277 -> 0 | H273: ='RESUMEN TOTAL'!N277 -> APAGADO | I273: ='RESUMEN TOTAL'!O277 -> APAGADO | J273: ='RESUMEN TOTAL'!P277 -> APAGADO | K273: ='RESUMEN TOTAL'!Q277 -> APAGADO | L273: ='RESUMEN TOTAL'!R277 -> 0 | M273: ='RESUMEN TOTAL'!S277 -> APAGADO | ... AI273: ='RESUMEN TOTAL'!AO277 -> 0 | AJ273: ='RESUMEN TOTAL'!#REF! -> #REF!
A274: ='RESUMEN TOTAL'!A278 -> RICARDO ROJAS | B274: ='RESUMEN TOTAL'!B278 -> RRJ 13 | C274: ='RESUMEN TOTAL'!D278 -> LUJAN Y DIAGONAL LOS POETAS | D274: ='RESUMEN TOTAL'!E278 -> Fija | E274: ='RESUMEN TOTAL'!F278 -> Fibra Optica | F274: ='RESUMEN TOTAL'!L278 -> APAGADO | G274: ='RESUMEN TOTAL'!M278 -> 0 | H274: ='RESUMEN TOTAL'!N278 -> APAGADO | I274: ='RESUMEN TOTAL'!O278 -> APAGADO | J274: ='RESUMEN TOTAL'!P278 -> APAGADO | K274: ='RESUMEN TOTAL'!Q278 -> APAGADO | L274: ='RESUMEN TOTAL'!R278 -> 0 | M274: ='RESUMEN TOTAL'!S278 -> APAGADO | ... AI274: ='RESUMEN TOTAL'!AO278 -> 0 | AJ274: ='RESUMEN TOTAL'!#REF! -> #REF!
A275: ='RESUMEN TOTAL'!A279 -> SANTA ANA | B275: ='RESUMEN TOTAL'!B279 -> SAN 02 | C275: ='RESUMEN TOTAL'!D279 -> HUDSON Y SUIPACHA | D275: ='RESUMEN TOTAL'!E279 -> Fija 2 | E275: ='RESUMEN TOTAL'!F279 -> Fibra Optica | F275: ='RESUMEN TOTAL'!L279 -> APAGADO | G275: ='RESUMEN TOTAL'!M279 -> 0 | H275: ='RESUMEN TOTAL'!N279 -> APAGADO | I275: ='RESUMEN TOTAL'!O279 -> APAGADO | J275: ='RESUMEN TOTAL'!P279 -> APAGADO | K275: ='RESUMEN TOTAL'!Q279 -> APAGADO | L275: ='RESUMEN TOTAL'!R279 -> 0 | M275: ='RESUMEN TOTAL'!S279 -> 0 | ... AI275: ='RESUMEN TOTAL'!AO279 -> 0 | AJ275: ='RESUMEN TOTAL'!#REF! -> #REF!
A276: ='RESUMEN TOTAL'!A280 -> SANTA ANA | B276: ='RESUMEN TOTAL'!B280 -> SAN01 | C276: ='RESUMEN TOTAL'!D280 -> HUDSON Y SUIPACHA | D276: ='RESUMEN TOTAL'!E280 -> Fija 1 | E276: ='RESUMEN TOTAL'!F280 -> Fibra Optica | F276: ='RESUMEN TOTAL'!L280 -> APAGADO | G276: ='RESUMEN TOTAL'!M280 -> 0 | H276: ='RESUMEN TOTAL'!N280 -> APAGADO | I276: ='RESUMEN TOTAL'!O280 -> APAGADO | J276: ='RESUMEN TOTAL'!P280 -> APAGADO | K276: ='RESUMEN TOTAL'!Q280 -> APAGADO | L276: ='RESUMEN TOTAL'!R280 -> 0 | M276: ='RESUMEN TOTAL'!S280 -> 0 | ... AI276: ='RESUMEN TOTAL'!AO280 -> 0 | AJ276: ='RESUMEN TOTAL'!#REF! -> #REF!
A277: ='RESUMEN TOTAL'!A281 -> PRESIDENTE SARMIENTO | B277: ='RESUMEN TOTAL'!B281 -> SAR01 | C277: ='RESUMEN TOTAL'!D281 -> Storni Y Sanchez de Loria | D277: ='RESUMEN TOTAL'!E281 -> Domo | E277: ='RESUMEN TOTAL'!F281 -> Fibra Optica | F277: ='RESUMEN TOTAL'!L281 -> 0 | G277: ='RESUMEN TOTAL'!M281 -> 0 | H277: ='RESUMEN TOTAL'!N281 -> 0 | I277: ='RESUMEN TOTAL'!O281 -> 0 | J277: ='RESUMEN TOTAL'!P281 -> 0 | K277: ='RESUMEN TOTAL'!Q281 -> 0 | L277: ='RESUMEN TOTAL'!R281 -> 0 | M277: ='RESUMEN TOTAL'!S281 -> 0 | ... AI277: ='RESUMEN TOTAL'!AO281 -> 0 | AJ277: ='RESUMEN TOTAL'!#REF! -> #REF!
A278: ='RESUMEN TOTAL'!A282 -> PRESIDENTE SARMIENTO | B278: ='RESUMEN TOTAL'!B282 -> SAR 02 (fija 1) | C278: ='RESUMEN TOTAL'!D282 -> DARDO ROCHA Y GABRIELA MISTRAL | D278: ='RESUMEN TOTAL'!E282 -> Fija | E278: ='RESUMEN TOTAL'!F282 -> Fibra Optica | F278: ='RESUMEN TOTAL'!L282 -> 0 | G278: ='RESUMEN TOTAL'!M282 -> 0 | H278: ='RESUMEN TOTAL'!N282 -> 0 | I278: ='RESUMEN TOTAL'!O282 -> 0 | J278: ='RESUMEN TOTAL'!P282 -> 0 | K278: ='RESUMEN TOTAL'!Q282 -> 0 | L278: ='RESUMEN TOTAL'!R282 -> 0 | M278: ='RESUMEN TOTAL'!S282 -> 0 | ... AI278: ='RESUMEN TOTAL'!AO282 -> 0 | AJ278: ='RESUMEN TOTAL'!#REF! -> #REF!
A279: ='RESUMEN TOTAL'!A283 -> PRESIDENTE SARMIENTO | B279: ='RESUMEN TOTAL'!B283 -> SAR 03 (fija 2) | C279: ='RESUMEN TOTAL'!D283 -> DARDO ROCHA Y GABRIELA MISTRAL | D279: ='RESUMEN TOTAL'!E283 -> Fija | E279: ='RESUMEN TOTAL'!F283 -> Fibra Optica | F279: ='RESUMEN TOTAL'!L283 -> 0 | G279: ='RESUMEN TOTAL'!M283 -> 0 | H279: ='RESUMEN TOTAL'!N283 -> 0 | I279: ='RESUMEN TOTAL'!O283 -> 0 | J279: ='RESUMEN TOTAL'!P283 -> 0 | K279: ='RESUMEN TOTAL'!Q283 -> 0 | L279: ='RESUMEN TOTAL'!R283 -> 0 | M279: ='RESUMEN TOTAL'!S283 -> 0 | ... AI279: ='RESUMEN TOTAL'!AO283 -> 0 | AJ279: ='RESUMEN TOTAL'!#REF! -> #REF!
A280: ='RESUMEN TOTAL'!A284 -> PRESIDENTE SARMIENTO | B280: ='RESUMEN TOTAL'!B284 -> SAR 04 | C280: ='RESUMEN TOTAL'!D284 -> MONTES DE OCA Y ALVARADO | D280: ='RESUMEN TOTAL'!E284 -> Domo | E280: ='RESUMEN TOTAL'!F284 -> Fibra Optica | F280: ='RESUMEN TOTAL'!L284 -> 0 | G280: ='RESUMEN TOTAL'!M284 -> 0 | H280: ='RESUMEN TOTAL'!N284 -> 0 | I280: ='RESUMEN TOTAL'!O284 -> 0 | J280: ='RESUMEN TOTAL'!P284 -> 0 | K280: ='RESUMEN TOTAL'!Q284 -> 0 | L280: ='RESUMEN TOTAL'!R284 -> 0 | M280: ='RESUMEN TOTAL'!S284 -> 0 | ... AI280: ='RESUMEN TOTAL'!AO284 -> 0 | AJ280: ='RESUMEN TOTAL'!#REF! -> #REF!
A281: ='RESUMEN TOTAL'!A285 -> PRESIDENTE SARMIENTO | B281: ='RESUMEN TOTAL'!B285 -> SAR 05 | C281: ='RESUMEN TOTAL'!D285 -> ALVARADO Y ROCHA | D281: ='RESUMEN TOTAL'!E285 -> Domo | E281: ='RESUMEN TOTAL'!F285 -> Fibra Optica | F281: ='RESUMEN TOTAL'!L285 -> 0 | G281: ='RESUMEN TOTAL'!M285 -> 0 | H281: ='RESUMEN TOTAL'!N285 -> 0 | I281: ='RESUMEN TOTAL'!O285 -> 0 | J281: ='RESUMEN TOTAL'!P285 -> 0 | K281: ='RESUMEN TOTAL'!Q285 -> 0 | L281: ='RESUMEN TOTAL'!R285 -> 0 | M281: ='RESUMEN TOTAL'!S285 -> 0 | ... AI281: ='RESUMEN TOTAL'!AO285 -> 0 | AJ281: ='RESUMEN TOTAL'!#REF! -> #REF!
A282: ='RESUMEN TOTAL'!A286 -> PRESIDENTE SARMIENTO | B282: ='RESUMEN TOTAL'!B286 -> SAR 06 | C282: ='RESUMEN TOTAL'!D286 -> Necochea y Lorenzini | D282: ='RESUMEN TOTAL'!E286 -> Fija | E282: ='RESUMEN TOTAL'!F286 -> Fibra Optica | F282: ='RESUMEN TOTAL'!L286 -> 0 | G282: ='RESUMEN TOTAL'!M286 -> 0 | H282: ='RESUMEN TOTAL'!N286 -> 0 | I282: ='RESUMEN TOTAL'!O286 -> 0 | J282: ='RESUMEN TOTAL'!P286 -> 0 | K282: ='RESUMEN TOTAL'!Q286 -> 0 | L282: ='RESUMEN TOTAL'!R286 -> 0 | M282: ='RESUMEN TOTAL'!S286 -> 0 | ... AI282: ='RESUMEN TOTAL'!AO286 -> 0 | AJ282: ='RESUMEN TOTAL'!#REF! -> #REF!
... A295: ='RESUMEN TOTAL'!A299 -> SAN EMILIO | B295: ='RESUMEN TOTAL'!B299 -> SEMI05 | C295: ='RESUMEN TOTAL'!D299 -> Av Del Trabajo y Carlos Gardel | D295: ='RESUMEN TOTAL'!E299 -> DOMO | E295: ='RESUMEN TOTAL'!F299 -> PTO A FO | F295: ='RESUMEN TOTAL'!L299 -> 0 | G295: ='RESUMEN TOTAL'!M299 -> 0 | H295: ='RESUMEN TOTAL'!N299 -> 0 | I295: ='RESUMEN TOTAL'!O299 -> 0 | J295: ='RESUMEN TOTAL'!P299 -> 0 | K295: ='RESUMEN TOTAL'!Q299 -> 0 | L295: ='RESUMEN TOTAL'!R299 -> 0 | M295: ='RESUMEN TOTAL'!S299 -> 0 | ... AI295: ='RESUMEN TOTAL'!AO299 -> 0 | AJ295: ='RESUMEN TOTAL'!#REF! -> #REF!
A296: ='RESUMEN TOTAL'!A301 -> LA SIRENA | B296: ='RESUMEN TOTAL'!B301 -> SIR01 | C296: ='RESUMEN TOTAL'!D301 -> Moran y Calle 14 | D296: ='RESUMEN TOTAL'!E301 -> DOMO | E296: ='RESUMEN TOTAL'!F301 -> Radio | F296: ='RESUMEN TOTAL'!L301 -> 0 | G296: ='RESUMEN TOTAL'!M301 -> 0 | H296: ='RESUMEN TOTAL'!N301 -> 0 | I296: ='RESUMEN TOTAL'!O301 -> 0 | J296: ='RESUMEN TOTAL'!P301 -> 0 | K296: ='RESUMEN TOTAL'!Q301 -> 0 | L296: ='RESUMEN TOTAL'!R301 -> 0 | M296: ='RESUMEN TOTAL'!S301 -> 0 | ... AI296: ='RESUMEN TOTAL'!AO301 -> 0 | AJ296: ='RESUMEN TOTAL'!#REF! -> #REF!
A297: ='RESUMEN TOTAL'!A302 -> SAN EDUARDO | B297: ='RESUMEN TOTAL'!B302 -> SIR 02 | C297: ='RESUMEN TOTAL'!D302 -> Victorino de la Plaza y Argentina | D297: ='RESUMEN TOTAL'!E302 -> Domo | E297: ='RESUMEN TOTAL'!F302 -> Radio | F297: ='RESUMEN TOTAL'!L302 -> 0 | G297: ='RESUMEN TOTAL'!M302 -> 0 | H297: ='RESUMEN TOTAL'!N302 -> 0 | I297: ='RESUMEN TOTAL'!O302 -> 0 | J297: ='RESUMEN TOTAL'!P302 -> 0 | K297: ='RESUMEN TOTAL'!Q302 -> 0 | L297: ='RESUMEN TOTAL'!R302 -> 0 | M297: ='RESUMEN TOTAL'!S302 -> 0 | ... AI297: ='RESUMEN TOTAL'!AO302 -> 0 | AJ297: ='RESUMEN TOTAL'!#REF! -> #REF!
A298: ='RESUMEN TOTAL'!A303 -> SAN EDUARDO | B298: ='RESUMEN TOTAL'!B303 -> SIR 03 | C298: ='RESUMEN TOTAL'!D303 -> MONTES Y LONARDI | D298: ='RESUMEN TOTAL'!E303 -> DOMO | E298: ='RESUMEN TOTAL'!F303 -> Radio | F298: ='RESUMEN TOTAL'!L303 -> 0 | G298: ='RESUMEN TOTAL'!M303 -> 0 | H298: ='RESUMEN TOTAL'!N303 -> 0 | I298: ='RESUMEN TOTAL'!O303 -> 0 | J298: ='RESUMEN TOTAL'!P303 -> 0 | K298: ='RESUMEN TOTAL'!Q303 -> 0 | L298: ='RESUMEN TOTAL'!R303 -> 0 | M298: ='RESUMEN TOTAL'!S303 -> 0 | ... AI298: ='RESUMEN TOTAL'!AO303 -> 0 | AJ298: ='RESUMEN TOTAL'!#REF! -> #REF!
A299: ='RESUMEN TOTAL'!A304 -> LA SIRENA | B299: ='RESUMEN TOTAL'!B304 -> SIR 04 | C299: ='RESUMEN TOTAL'!D304 -> AV. MONTEVERDE Y MORAN | D299: ='RESUMEN TOTAL'!E304 -> Domo | E299: ='RESUMEN TOTAL'!F304 -> Fibra Optica | F299: ='RESUMEN TOTAL'!L304 -> 0 | G299: ='RESUMEN TOTAL'!M304 -> 0 | H299: ='RESUMEN TOTAL'!N304 -> 0 | I299: ='RESUMEN TOTAL'!O304 -> 0 | J299: ='RESUMEN TOTAL'!P304 -> 0 | K299: ='RESUMEN TOTAL'!Q304 -> 0 | L299: ='RESUMEN TOTAL'!R304 -> 0 | M299: ='RESUMEN TOTAL'!S304 -> 0 | ... AI299: ='RESUMEN TOTAL'!AO304 -> 0 | AJ299: ='RESUMEN TOTAL'!#REF! -> #REF!
A300: ='RESUMEN TOTAL'!A305 -> LA SIRENA | B300: ='RESUMEN TOTAL'!B305 -> SIR 05 (FIJA 01) | C300: ='RESUMEN TOTAL'!D305 -> AV. MONTEVERDE Y MORAN | D300: ='RESUMEN TOTAL'!E305 -> Fija | E300: ='RESUMEN TOTAL'!F305 -> Fibra Optica | F300: ='RESUMEN TOTAL'!L305 -> 0 | G300: ='RESUMEN TOTAL'!M305 -> 0 | H300: ='RESUMEN TOTAL'!N305 -> 0 | I300: ='RESUMEN TOTAL'!O305 -> 0 | J300: ='RESUMEN TOTAL'!P305 -> 0 | K300: ='RESUMEN TOTAL'!Q305 -> 0 | L300: ='RESUMEN TOTAL'!R305 -> 0 | M300: ='RESUMEN TOTAL'!S305 -> 0 | ... AI300: ='RESUMEN TOTAL'!AO305 -> 0 | AJ300: ='RESUMEN TOTAL'!#REF! -> #REF!
A301: ='RESUMEN TOTAL'!A306 -> LA SIRENA | B301: ='RESUMEN TOTAL'!B306 -> SIR 06 (FIJA 02) | C301: ='RESUMEN TOTAL'!D306 -> AV. MONTEVERDE Y MORAN | D301: ='RESUMEN TOTAL'!E306 -> Fija | E301: ='RESUMEN TOTAL'!F306 -> Fibra Optica | F301: ='RESUMEN TOTAL'!L306 -> 0 | G301: ='RESUMEN TOTAL'!M306 -> 0 | H301: ='RESUMEN TOTAL'!N306 -> 0 | I301: ='RESUMEN TOTAL'!O306 -> 0 | J301: ='RESUMEN TOTAL'!P306 -> 0 | K301: ='RESUMEN TOTAL'!Q306 -> 0 | L301: ='RESUMEN TOTAL'!R306 -> 0 | M301: ='RESUMEN TOTAL'!S306 -> 0 | ... AI301: ='RESUMEN TOTAL'!AO306 -> 0 | AJ301: ='RESUMEN TOTAL'!#REF! -> #REF!
A302: ='RESUMEN TOTAL'!A307 -> VILLA AURORA | B302: ='RESUMEN TOTAL'!B307 -> SIR07 (fija 1) | C302: ='RESUMEN TOTAL'!D307 -> MONTEVERDE Y URIBURU | D302: ='RESUMEN TOTAL'!E307 -> Fija | E302: ='RESUMEN TOTAL'!F307 -> Fibra Optica | F302: ='RESUMEN TOTAL'!L307 -> 0 | G302: ='RESUMEN TOTAL'!M307 -> 0 | H302: ='RESUMEN TOTAL'!N307 -> 0 | I302: ='RESUMEN TOTAL'!O307 -> 0 | J302: ='RESUMEN TOTAL'!P307 -> 0 | K302: ='RESUMEN TOTAL'!Q307 -> 0 | L302: ='RESUMEN TOTAL'!R307 -> 0 | M302: ='RESUMEN TOTAL'!S307 -> 0 | ... AI302: ='RESUMEN TOTAL'!AO307 -> 0 | AJ302: ='RESUMEN TOTAL'!#REF! -> #REF!
A303: ='RESUMEN TOTAL'!A308 -> VILLA AURORA | B303: ='RESUMEN TOTAL'!B308 -> SIR08 (fija 2) | C303: ='RESUMEN TOTAL'!D308 -> MONTEVERDE Y URIBURU | D303: ='RESUMEN TOTAL'!E308 -> Fija | E303: ='RESUMEN TOTAL'!F308 -> Fibra Optica | F303: ='RESUMEN TOTAL'!L308 -> 0 | G303: ='RESUMEN TOTAL'!M308 -> 0 | H303: ='RESUMEN TOTAL'!N308 -> 0 | I303: ='RESUMEN TOTAL'!O308 -> 0 | J303: ='RESUMEN TOTAL'!P308 -> 0 | K303: ='RESUMEN TOTAL'!Q308 -> 0 | L303: ='RESUMEN TOTAL'!R308 -> 0 | M303: ='RESUMEN TOTAL'!S308 -> 0 | ... AI303: ='RESUMEN TOTAL'!AO308 -> 0 | AJ303: ='RESUMEN TOTAL'!#REF! -> #REF!
A304: ='RESUMEN TOTAL'!A309 -> LA SIRENA | B304: ='RESUMEN TOTAL'!B309 -> SIR09 (fija 1) | C304: ='RESUMEN TOTAL'!D309 -> GUIDO SPANO Y MORAN | D304: ='RESUMEN TOTAL'!E309 -> Fija | E304: ='RESUMEN TOTAL'!F309 -> Fibra Optica | F304: ='RESUMEN TOTAL'!L309 -> 0 | G304: ='RESUMEN TOTAL'!M309 -> 0 | H304: ='RESUMEN TOTAL'!N309 -> 0 | I304: ='RESUMEN TOTAL'!O309 -> 0 | J304: ='RESUMEN TOTAL'!P309 -> 0 | K304: ='RESUMEN TOTAL'!Q309 -> 0 | L304: ='RESUMEN TOTAL'!R309 -> 0 | M304: ='RESUMEN TOTAL'!S309 -> 0 | ... AI304: ='RESUMEN TOTAL'!AO309 -> 0 | AJ304: ='RESUMEN TOTAL'!#REF! -> #REF!
A305: ='RESUMEN TOTAL'!A310 -> LA SIRENA | B305: ='RESUMEN TOTAL'!B310 -> SIR10 (fija 2) | C305: ='RESUMEN TOTAL'!D310 -> GUIDO SPANO Y MORAN | D305: ='RESUMEN TOTAL'!E310 -> Fija | E305: ='RESUMEN TOTAL'!F310 -> Fibra Optica | F305: ='RESUMEN TOTAL'!L310 -> 0 | G305: ='RESUMEN TOTAL'!M310 -> 0 | H305: ='RESUMEN TOTAL'!N310 -> 0 | I305: ='RESUMEN TOTAL'!O310 -> 0 | J305: ='RESUMEN TOTAL'!P310 -> 0 | K305: ='RESUMEN TOTAL'!Q310 -> 0 | L305: ='RESUMEN TOTAL'!R310 -> 0 | M305: ='RESUMEN TOTAL'!S310 -> 0 | ... AI305: ='RESUMEN TOTAL'!AO310 -> 0 | AJ305: ='RESUMEN TOTAL'!#REF! -> #REF!
A306: ='RESUMEN TOTAL'!A311 -> LA SIRENA | B306: ='RESUMEN TOTAL'!B311 -> SIR11 (fija 1) | C306: ='RESUMEN TOTAL'!D311 -> LARREA Y GUARDIA NACIONAL | D306: ='RESUMEN TOTAL'!E311 -> Fija | E306: ='RESUMEN TOTAL'!F311 -> Fibra Optica | F306: ='RESUMEN TOTAL'!L311 -> 0 | G306: ='RESUMEN TOTAL'!M311 -> 0 | H306: ='RESUMEN TOTAL'!N311 -> 0 | I306: ='RESUMEN TOTAL'!O311 -> 0 | J306: ='RESUMEN TOTAL'!P311 -> 0 | K306: ='RESUMEN TOTAL'!Q311 -> 0 | L306: ='RESUMEN TOTAL'!R311 -> 0 | M306: ='RESUMEN TOTAL'!S311 -> 0 | ... AI306: ='RESUMEN TOTAL'!AO311 -> 0 | AJ306: ='RESUMEN TOTAL'!#REF! -> #REF!
A307: ='RESUMEN TOTAL'!A312 -> LA SIRENA | B307: ='RESUMEN TOTAL'!B312 -> SIR12 (fija 2) | C307: ='RESUMEN TOTAL'!D312 -> LARREA Y GUARDIA NACIONAL | D307: ='RESUMEN TOTAL'!E312 -> Fija | E307: ='RESUMEN TOTAL'!F312 -> Fibra Optica | F307: ='RESUMEN TOTAL'!L312 -> 0 | G307: ='RESUMEN TOTAL'!M312 -> 0 | H307: ='RESUMEN TOTAL'!N312 -> 0 | I307: ='RESUMEN TOTAL'!O312 -> 0 | J307: ='RESUMEN TOTAL'!P312 -> 0 | K307: ='RESUMEN TOTAL'!Q312 -> 0 | L307: ='RESUMEN TOTAL'!R312 -> 0 | M307: ='RESUMEN TOTAL'!S312 -> 0 | ... AI307: ='RESUMEN TOTAL'!AO312 -> 0 | AJ307: ='RESUMEN TOTAL'!#REF! -> #REF!
... A425: ='RESUMEN TOTAL'!A430 -> VILLA ANGELICA | B425: ='RESUMEN TOTAL'!B430 -> VDPL06 | C425: ='RESUMEN TOTAL'!D430 -> Thevenet e/ Islas Orcadas y Gardel | D425: ='RESUMEN TOTAL'!E430 -> Domo | E425: ='RESUMEN TOTAL'!F430 -> Radio | F425: ='RESUMEN TOTAL'!L430 -> 0 | G425: ='RESUMEN TOTAL'!M430 -> 0 | H425: ='RESUMEN TOTAL'!N430 -> 0 | I425: ='RESUMEN TOTAL'!O430 -> 0 | J425: ='RESUMEN TOTAL'!P430 -> 0 | K425: ='RESUMEN TOTAL'!Q430 -> 0 | L425: ='RESUMEN TOTAL'!R430 -> 0 | M425: ='RESUMEN TOTAL'!S430 -> 0 | ... AI425: ='RESUMEN TOTAL'!AO430 -> 0 | AJ425: ='RESUMEN TOTAL'!#REF! -> #REF!
