Workbook
Name _25_de_agosto: 'RESUMEN TOTAL'!$A$4:$D$386
Name _25_de_agosto_3: 'RESUMEN TOTAL'!$A$4:$D$398
Name BONOMOcam: Hoja1!$B$2
Name CANTIDAD_DE_CAMARAS: 'RESUMEN TOTAL'!$B$1
Name COSEIDIcam: Hoja1!$B$4

Sheet RESUMEN TOTAL
A1: CANTIDAD DE CAMARAS | B1: =COUNTA(B5:B622) -> 534 | D1: PORCIENTO DE CAIDAS | L1: =(L3)/(L2+L3) -> 0.18913858 | M1: =(M3)/(M2+M3) -> 0.18726592 | N1: =(N3)/(N2+N3) -> 0.17041199 | O1: =(O3)/(O2+O3) -> 0.16104869 | P1: =(P3)/(P2+P3) -> 0.16479401 | Q1: =(Q3)/(Q2+Q3) -> 0.16479401 | R1: =(R3)/(R2+R3) -> 0.15730337 | S1: =(S3)/(S2+S3) -> 0.15917603 | ... X1: =(X3)/(X2+X3) -> 0.15168539 | Z1: =(Z3)/(Z2+Z3) -> 0.16104869 | AA1: =(AA3)/(AA2+AA3) -> 0.14044944 | AB1: =(AB3)/(AB2+AB3) -> 0.16479401 | AC1: =(AC3)/(AC2+AC3) -> 0.15168539 | AD1: =(AD3)/(AD2+AD3) -> 0.16853933 | AE1: =(AE3)/(AE2+AE3) -> 0.15543071 | AF1: =(AF3)/(AF2+AF3) -> 0.15917603 | AG1: =(AG3)/(AG2+AG3) -> 0.15917603 | ... AP1: =(AP3)/(AP2+AP3) -> 0
D2: FUNCIONAN | L2: =B1-L3 -> 433 | M2: =CANTIDAD_DE_CAMARAS-M3 -> 434 | N2: =CANTIDAD_DE_CAMARAS-N3 -> 443 | O2: =CANTIDAD_DE_CAMARAS-O3 -> 448 | P2: =CANTIDAD_DE_CAMARAS-P3 -> 446 | Q2: =CANTIDAD_DE_CAMARAS-Q3 -> 446 | R2: =CANTIDAD_DE_CAMARAS-R3 -> 450 | S2: =CANTIDAD_DE_CAMARAS-S3 -> 449 | T2: =CANTIDAD_DE_CAMARAS-T3 -> 459 | ... AP2: =CANTIDAD_DE_CAMARAS-AP3 -> 534
D3: CAIDAS | L3: =COUNTIF(L4:L622, "apagado") -> 101 | M3: =COUNTIF(M4:M622, "apagado") -> 100 | N3: =COUNTIF(N4:N622, "apagado") -> 91 | O3: =COUNTIF(O4:O622, "apagado") -> 86 | P3: =COUNTIF(P4:P622, "apagado") -> 88 | Q3: =COUNTIF(Q4:Q622, "apagado") -> 88 | R3: =COUNTIF(R4:R622, "apagado") -> 84 | S3: =COUNTIF(S4:S622, "apagado") -> 85 | ... W3: =COUNTIF(W4:W622, "apagado") -> 72 | X3: =COUNTIF(X4:X522, "apagado") -> 81 | Y3: =COUNTIF(Y4:Y522, "apagado") -> 71 | Z3: =COUNTIF(Z4:Z622, "apagado") -> 86 | AA3: =COUNTIF(AA4:AA622, "apagado") -> 75 | AB3: =COUNTIF(AB4:AB622, "apagado") -> 88 | AC3: =COUNTIF(AC4:AC622, "apagado") -> 81 | AD3: =COUNTIF(AD4:AD622, "apagado") -> 90 | AE3: =COUNTIF(AE4:AE622, "apagado") -> 83 | AF3: =COUNTIF(AF4:AF622, "apagado") -> 85 | AG3: =COUNTIF(AG4:AG622, "apagado") -> 85 | ... AP3: =COUNTIF(AP4:AP622, "apagado") -> 0
A4: Barrio | B4: [Denominacion] | C4: [Empresa Mantenimiento] | D4: [Ubicacion] | E4: [Tipo de Camara] | F4: [Tipo de Conexion] | G4: Destino | I4: DIAS FUNCIONANDO | J4: DIAS CAIDA | K4: EFECTIVIDAD | L4: 45292 | M4: 45293 | N4: 45294 | O4: 45295 | P4: 45296 | Q4: 45297 | R4: 45298 | S4: 45299 | T4: 45300 | U4: 45301 | V4: 45302 | W4: 45303 | X4: 45304 | Y4: 45305 | Z4: 45306 | AA4: 45307 | AB4: 45308 | AC4: 45309 | AD4: 45310 | AE4: 45311 | AF4: 45312 | AG4: 45313 | AH4: 45314 | AI4: 45315 | AJ4: 45316 | AK4: 45317 | AL4: 45318 | AM4: 45319 | AN4: 45320 | AO4: 45321 | AP4: 45322
A5: PARADAS SEGURAS | B5: 11 | C5: IPCOMS | D5: THEVENET Y BS. AS. SUR | E5: GFIJA | F5: GPON | I5: =COUNTIF(L5:AM5,"") -> 28 | J5: =COUNTIF(L5:AM5,"APAGADO") -> 0 | K5: =(I5)/(J5+I5) -> 1
A6: PARADAS SEGURAS | B6: 12 | C6: IPCOMS | D6: THEVENET E ISLAS ORCADAS NORTE | E6: GFIJA | F6: GPON | H6: 10.20.40.139 | I6: =COUNTIF(L6:AM6,"") -> 2 | J6: =COUNTIF(L6:AM6,"APAGADO") -> 26 | K6: =(I6)/(J6+I6) -> 0.071428571 | L6: APAGADO | M6: APAGADO | N6: APAGADO | O6: APAGADO | P6: APAGADO | Q6: APAGADO | R6: APAGADO | S6: APAGADO | T6: APAGADO | U6: APAGADO | V6: APAGADO | W6: APAGADO | X6: APAGADO | Y6: APAGADO | Z6: APAGADO | AA6: APAGADO | AB6: APAGADO | AC6: APAGADO | AD6: APAGADO | AE6: APAGADO | AF6: APAGADO | AG6: APAGADO | AH6: APAGADO | AI6: APAGADO | AJ6: APAGADO | AK6: APAGADO
A7: PARADAS SEGURAS | B7: 13 | C7: IPCOMS | D7: THEVENET Y GRANADEROS NORTE | E7: GFIJA | F7: GPON | H7: 10.20.40.140 | I7: =COUNTIF(L7:AM7,"") -> 2 | J7: =COUNTIF(L7:AM7,"APAGADO") -> 26 | K7: =(I7)/(J7+I7) -> 0.071428571 | L7: APAGADO | M7: APAGADO | N7: APAGADO | O7: APAGADO | P7: APAGADO | Q7: APAGADO | R7: APAGADO | S7: APAGADO | T7: APAGADO | U7: APAGADO | V7: APAGADO | W7: APAGADO | X7: APAGADO | Y7: APAGADO | Z7: APAGADO | AA7: APAGADO | AB7: APAGADO | AC7: APAGADO | AD7: APAGADO | AE7: APAGADO | AF7: APAGADO | AG7: APAGADO | AH7: APAGADO | AI7: APAGADO | AJ7: APAGADO | AK7: APAGADO
A8: PARADAS SEGURAS | B8: 14 | C8: IPCOMS | D8: THEVENET Y BERUTI NORTE | E8: GFIJA | F8: GPON | H8: 10:20:40:134 | I8: =COUNTIF(L8:AM8,"") -> 27 | J8: =COUNTIF(L8:AM8,"APAGADO") -> 1 | K8: =(I8)/(J8+I8) -> 0.96428571 | AD8: APAGADO
A9: PARADAS SEGURAS | B9: 15 | C9: IPCOMS | D9: THEVENET Y BERUTI SUR | E9: GFIJA | F9: GPON | H9: 10.20.40.135 | I9: =COUNTIF(L9:AM9,"") -> 22 | J9: =COUNTIF(L9:AM9,"APAGADO") -> 6 | K9: =(I9)/(J9+I9) -> 0.78571429 | L9: APAGADO | M9: APAGADO | N9: APAGADO | O9: APAGADO | P9: APAGADO | Q9: APAGADO
A10: PARADAS SEGURAS | B10: 16 | C10: IPCOMS | D10: THEVENET Y BRAILE NORTE | E10: GFIJA | F10: GPON | H10: 10.20.40.136 | I10: =COUNTIF(L10:AM10,"") -> 28 | J10: =COUNTIF(L10:AM10,"APAGADO") -> 0 | K10: =(I10)/(J10+I10) -> 1
A11: PARADAS SEGURAS | B11: 17 | C11: IPCOMS | D11: THEVENET Y ARENALES NORTE | E11: GFIJA | F11: GPON | H11: 10.20.40.132 | I11: =COUNTIF(L11:AM11,"") -> 22 | J11: =COUNTIF(L11:AM11,"APAGADO") -> 6 | K11: =(I11)/(J11+I11) -> 0.78571429 | L11: APAGADO | M11: APAGADO | N11: APAGADO | O11: APAGADO | P11: APAGADO | Q11: APAGADO
A12: PARADAS SEGURAS | B12: 18 | C12: IPCOMS | D12: THEVENET Y ARENALES SUR | E12: GFIJA | F12: GPON | H12: 10.20.40.133 | I12: =COUNTIF(L12:AM12,"") -> 28 | J12: =COUNTIF(L12:AM12,"APAGADO") -> 0 | K12: =(I12)/(J12+I12) -> 1
A13: PARADAS SEGURAS | B13: 19 | C13: IPCOMS | D13: THEVENET Y GORRITI NORTE | E13: GFIJA | F13: GPON | H13: 10.20.40.137 | I13: =COUNTIF(L13:AM13,"") -> 28 | J13: =COUNTIF(L13:AM13,"APAGADO") -> 0 | K13: =(I13)/(J13+I13) -> 1
A14: PARADAS SEGURAS | B14: 20 | C14: IPCOMS | D14: THEVENET Y GORRITI SUR | E14: GFIJA | F14: GPON | H14: 10.20.40.138 | I14: =COUNTIF(L14:AM14,"") -> 28 | J14: =COUNTIF(L14:AM14,"APAGADO") -> 0 | K14: =(I14)/(J14+I14) -> 1
A15: PARADAS SEGURAS | B15: 21 | C15: IPCOMS | D15: HUDSON Y CABILDO OESTE | E15: GFIJA | F15: GPON | H15: 10.20.40.105 | I15: =COUNTIF(L15:AM15,"") -> 28 | J15: =COUNTIF(L15:AM15,"APAGADO") -> 0 | K15: =(I15)/(J15+I15) -> 1
A16: PARADAS SEGURAS | B16: 22 | C16: IPCOMS | D16: HUDSON Y CABILDO ESTE | E16: GFIJA | F16: GPON | H16: 10.20.40.106 | I16: =COUNTIF(L16:AM16,"") -> 23 | J16: =COUNTIF(L16:AM16,"APAGADO") -> 5 | K16: =(I16)/(J16+I16) -> 0.82142857 | M16: APAGADO | N16: APAGADO | O16: APAGADO | P16: APAGADO | Q16: APAGADO
A17: PARADAS SEGURAS | B17: 23 | C17: IPCOMS | D17: HUDSON Y SAN NICOLAS OESTE | E17: GFIJA | F17: GPON | H17: 10.20.40.107 | I17: =COUNTIF(L17:AM17,"") -> 28 | J17: =COUNTIF(L17:AM17,"APAGADO") -> 0 | K17: =(I17)/(J17+I17) -> 1
A18: PARADAS SEGURAS | B18: 24 | C18: IPCOMS | D18: HUDSON Y ALDAO ESTE | E18: GFIJA | F18: GPON | H18: 10.20.40.118 | I18: =COUNTIF(L18:AM18,"") -> 28 | J18: =COUNTIF(L18:AM18,"APAGADO") -> 0 | K18: =(I18)/(J18+I18) -> 1
A19: PARADAS SEGURAS | B19: 25 | C19: IPCOMS | D19: HUDSON Y RIO JACHAL | E19: GFIJA | F19: GPON | H19: 10.20.40.119 | I19: =COUNTIF(L19:AM19,"") -> 28 | J19: =COUNTIF(L19:AM19,"APAGADO") -> 0 | K19: =(I19)/(J19+I19) -> 1
A20: PARADAS SEGURAS | B20: 26 | C20: IPCOMS | D20: HUDSON Y RIO COLORADO OESTE | E20: GFIJA | F20: GPON | H20: 10.20.40.108 | I20: =COUNTIF(L20:AM20,"") -> 28 | J20: =COUNTIF(L20:AM20,"APAGADO") -> 0 | K20: =(I20)/(J20+I20) -> 1
A21: PARADAS SEGURAS | B21: 27 | C21: IPCOMS | D21: HUDON Y 818 ESTE | E21: GFIJA | F21: GPON | H21: 10.20.40.109 | I21: =COUNTIF(L21:AM21,"") -> 2 | J21: =COUNTIF(L21:AM21,"APAGADO") -> 26 | K21: =(I21)/(J21+I21) -> 0.071428571 | L21: APAGADO | M21: APAGADO | N21: APAGADO | O21: APAGADO | P21: APAGADO | Q21: APAGADO | R21: APAGADO | S21: APAGADO | T21: APAGADO | U21: APAGADO | V21: APAGADO | W21: APAGADO | X21: APAGADO | Y21: APAGADO | Z21: APAGADO | AA21: APAGADO | AB21: APAGADO | AC21: APAGADO | AD21: APAGADO | AE21: APAGADO | AF21: APAGADO | AG21: APAGADO | AH21: APAGADO | AI21: APAGADO | AJ21: APAGADO | AK21: APAGADO
A22: PARADAS SEGURAS | B22: 28 | C22: IPCOMS | D22: HUDSON Y RIO TRAFUL OESTE | E22: GFIJA | F22: GPON | H22: 10.20.40.110 | I22: =COUNTIF(L22:AM22,"") -> 28 | J22: =COUNTIF(L22:AM22,"APAGADO") -> 0 | K22: =(I22)/(J22+I22) -> 1
A23: PARADAS SEGURAS | B23: 29 | C23: IPCOMS | D23: HUDSON Y ESTOMBA ESTE | E23: GFIJA | F23: GPON | H23: 10.20.40.111 | I23: =COUNTIF(L23:AM23,"") -> 19 | J23: =COUNTIF(L23:AM23,"APAGADO") -> 9 | K23: =(I23)/(J23+I23) -> 0.67857143 | AC23: APAGADO | AD23: APAGADO | AE23: APAGADO | AF23: APAGADO | AG23: APAGADO | AH23: APAGADO | AI23: APAGADO | AJ23: APAGADO | AK23: APAGADO
A24: PARADAS SEGURAS | B24: 30 | C24: IPCOMS | D24: HUDSON Y PICHEUTA OESTE | E24: GFIJA | F24: GPON | H24: 10.20.40.112 | I24: =COUNTIF(L24:AM24,"") -> 2 | J24: =COUNTIF(L24:AM24,"APAGADO") -> 26 | K24: =(I24)/(J24+I24) -> 0.071428571 | L24: APAGADO | M24: APAGADO | N24: APAGADO | O24: APAGADO | P24: APAGADO | Q24: APAGADO | R24: APAGADO | S24: APAGADO | T24: APAGADO | U24: APAGADO | V24: APAGADO | W24: APAGADO | X24: APAGADO | Y24: APAGADO | Z24: APAGADO | AA24: APAGADO | AB24: APAGADO | AC24: APAGADO | AD24: APAGADO | AE24: APAGADO | AF24: APAGADO | AG24: APAGADO | AH24: APAGADO | AI24: APAGADO | AJ24: APAGADO | AK24: APAGADO
A25: PARADAS SEGURAS | B25: 31 | C25: IPCOMS | D25: HUDSON Y 830 ESTE | E25: GFIJA | F25: GPON | H25: 10.20.40.113 | I25: =COUNTIF(L25:AM25,"") -> 28 | J25: =COUNTIF(L25:AM25,"APAGADO") -> 0 | K25: =(I25)/(J25+I25) -> 1
A26: PARADAS SEGURAS | B26: 11 I | C26: IPCOMS | D26: THEVENET Y BS. AS. SUR | E26: INTERCOMUNICADOR | F26: GPON | I26: =COUNTIF(L26:AM26,"") -> 28 | J26: =COUNTIF(L26:AM26,"APAGADO") -> 0 | K26: =(I26)/(J26+I26) -> 1
A27: PARADAS SEGURAS | B27: 12 I | C27: IPCOMS | D27: THEVENET E ISLAS ORCADAS NORTE | E27: INTERCOMUNICADOR | F27: GPON | H27: 10.20.40.87 | I27: =COUNTIF(L27:AM27,"") -> 3 | J27: =COUNTIF(L27:AM27,"APAGADO") -> 25 | K27: =(I27)/(J27+I27) -> 0.10714286 | L27: APAGADO | M27: APAGADO | N27: APAGADO | O27: APAGADO | P27: APAGADO | Q27: APAGADO | R27: APAGADO | S27: APAGADO | T27: APAGADO | U27: APAGADO | V27: APAGADO | W27: APAGADO | X27: APAGADO | Y27: APAGADO | Z27: APAGADO | AA27: APAGADO | AB27: APAGADO | AC27: APAGADO | AE27: APAGADO | AF27: APAGADO | AG27: APAGADO | AH27: APAGADO | AI27: APAGADO | AJ27: APAGADO | AK27: APAGADO
A28: PARADAS SEGURAS | B28: 13 I | C28: IPCOMS | D28: THEVENET Y GRANADEROS NORTE | E28: INTERCOMUNICADOR | F28: GPON | I28: =COUNTIF(L28:AM28,"") -> 27 | J28: =COUNTIF(L28:AM28,"APAGADO") -> 1 | K28: =(I28)/(J28+I28) -> 0.96428571 | AC28: APAGADO
A29: PARADAS SEGURAS | B29: 14 I | C29: IPCOMS | D29: THEVENET Y BERUTI NORTE | E29: INTERCOMUNICADOR | F29: GPON | H29: 10:20:40:82 | I29: =COUNTIF(L29:AM29,"") -> 28 | J29: =COUNTIF(L29:AM29,"APAGADO") -> 0 | K29: =(I29)/(J29+I29) -> 1
A30: PARADAS SEGURAS | B30: 15 I | C30: IPCOMS | D30: THEVENET Y BERUTI SUR | E30: INTERCOMUNICADOR | F30: GPON | H30: 10.20.40.83 | I30: =COUNTIF(L30:AM30,"") -> 22 | J30: =COUNTIF(L30:AM30,"APAGADO") -> 6 | K30: =(I30)/(J30+I30) -> 0.78571429 | L30: APAGADO | M30: APAGADO | N30: APAGADO | O30: APAGADO | P30: APAGADO | Q30: APAGADO
A31: PARADAS SEGURAS | B31: 16 I | C31: IPCOMS | D31: THEVENET Y BRAILE NORTE | E31: INTERCOMUNICADOR | F31: GPON | H31: 10.20.40.84 | I31: =COUNTIF(L31:AM31,"") -> 28 | J31: =COUNTIF(L31:AM31,"APAGADO") -> 0 | K31: =(I31)/(J31+I31) -> 1
A32: PARADAS SEGURAS | B32: 17 I | C32: IPCOMS | D32: THEVENET Y ARENALES NORTE | E32: INTERCOMUNICADOR | F32: GPON | H32: 10.20.40.80 | I32: =COUNTIF(L32:AM32,"") -> 22 | J32: =COUNTIF(L32:AM32,"APAGADO") -> 6 | K32: =(I32)/(J32+I32) -> 0.78571429 | L32: APAGADO | M32: APAGADO | N32: APAGADO | O32: APAGADO | P32: APAGADO | Q32: APAGADO
A33: PARADAS SEGURAS | B33: 18 I | C33: IPCOMS | D33: THEVENET Y ARENALES SUR | E33: INTERCOMUNICADOR | F33: GPON | H33: 10.20.40.81 | I33: =COUNTIF(L33:AM33,"") -> 28 | J33: =COUNTIF(L33:AM33,"APAGADO") -> 0 | K33: =(I33)/(J33+I33) -> 1
A34: PARADAS SEGURAS | B34: 19 I | C34: IPCOMS | D34: THEVENET Y GORRITI NORTE | E34: INTERCOMUNICADOR | F34: GPON | H34: 10.20.40.85 | I34: =COUNTIF(L34:AM34,"") -> 28 | J34: =COUNTIF(L34:AM34,"APAGADO") -> 0 | K34: =(I34)/(J34+I34) -> 1
A35: PARADAS SEGURAS | B35: 20 I | C35: IPCOMS | D35: THEVENET Y GORRITI SUR | E35: INTERCOMUNICADOR | F35: GPON | H35: 10.20.40.86 | I35: =COUNTIF(L35:AM35,"") -> 28 | J35: =COUNTIF(L35:AM35,"APAGADO") -> 0 | K35: =(I35)/(J35+I35) -> 1
A36: PARADAS SEGURAS | B36: 21 I | C36: IPCOMS | D36: HUDSON Y CABILDO OESTE | E36: INTERCOMUNICADOR | F36: GPON | H36: 10.20.40.53 | I36: =COUNTIF(L36:AM36,"") -> 28 | J36: =COUNTIF(L36:AM36,"APAGADO") -> 0 | K36: =(I36)/(J36+I36) -> 1
A37: PARADAS SEGURAS | B37: 22 I | C37: IPCOMS | D37: HUDSON Y CABILDO ESTE | E37: INTERCOMUNICADOR | F37: GPON | H37: 10.20.40.54 | I37: =COUNTIF(L37:AM37,"") -> 23 | J37: =COUNTIF(L37:AM37,"APAGADO") -> 5 | K37: =(I37)/(J37+I37) -> 0.82142857 | M37: APAGADO | N37: APAGADO | O37: APAGADO | P37: APAGADO | Q37: APAGADO
A38: PARADAS SEGURAS | B38: 23 I | C38: IPCOMS | D38: HUDSON Y SAN NICOLAS OESTE | E38: INTERCOMUNICADOR | F38: GPON | H38: 10.20.40.55 | I38: =COUNTIF(L38:AM38,"") -> 28 | J38: =COUNTIF(L38:AM38,"APAGADO") -> 0 | K38: =(I38)/(J38+I38) -> 1
A39: PARADAS SEGURAS | B39: 24 I | C39: IPCOMS | D39: HUDSON Y ALDAO ESTE | E39: INTERCOMUNICADOR | F39: GPON | H39: 10.20.40.56 | I39: =COUNTIF(L39:AM39,"") -> 28 | J39: =COUNTIF(L39:AM39,"APAGADO") -> 0 | K39: =(I39)/(J39+I39) -> 1
A40: PARADAS SEGURAS | B40: 25 I | C40: IPCOMS | D40: HUDSON Y RIO JACHAL | E40: INTERCOMUNICADOR | F40: GPON | H40: 10.20.40.57 | I40: =COUNTIF(L40:AM40,"") -> 28 | J40: =COUNTIF(L40:AM40,"APAGADO") -> 0 | K40: =(I40)/(J40+I40) -> 1
A41: PARADAS SEGURAS | B41: 26 I | C41: IPCOMS | D41: HUDSON Y RIO COLORADO OESTE | E41: INTERCOMUNICADOR | F41: GPON | H41: 10.20.40.58 | I41: =COUNTIF(L41:AM41,"") -> 28 | J41: =COUNTIF(L41:AM41,"APAGADO") -> 0 | K41: =(I41)/(J41+I41) -> 1
A42: PARADAS SEGURAS | B42: 27 I | C42: IPCOMS | D42: HUDON Y 818 ESTE | E42: INTERCOMUNICADOR | F42: GPON | H42: 10.20.40.59 | I42: =COUNTIF(L42:AM42,"") -> 3 | J42: =COUNTIF(L42:AM42,"APAGADO") -> 25 | K42: =(I42)/(J42+I42) -> 0.10714286 | L42: APAGADO | M42: APAGADO | N42: APAGADO | O42: APAGADO | P42: APAGADO | Q42: APAGADO | R42: APAGADO | S42: APAGADO | T42: APAGADO | U42: APAGADO | V42: APAGADO | W42: APAGADO | X42: APAGADO | Y42: APAGADO | Z42: APAGADO | AA42: APAGADO | AB42: APAGADO | AD42: APAGADO | AE42: APAGADO | AF42: APAGADO | AG42: APAGADO | AH42: APAGADO | AI42: APAGADO | AJ42: APAGADO | AK42: APAGADO
A43: PARADAS SEGURAS | B43: 28 I | C43: IPCOMS | D43: HUDSON Y RIO TRAFUL OESTE | E43: INTERCOMUNICADOR | F43: GPON | H43: 10.20.40.60 | I43: =COUNTIF(L43:AM43,"") -> 28 | J43: =COUNTIF(L43:AM43,"APAGADO") -> 0 | K43: =(I43)/(J43+I43) -> 1
A44: PARADAS SEGURAS | B44: 29 I | C44: IPCOMS | D44: HUDSON Y ESTOMBA ESTE | E44: INTERCOMUNICADOR | F44: GPON | H44: 10.20.40.61 | I44: =COUNTIF(L44:AM44,"") -> 18 | J44: =COUNTIF(L44:AM44,"APAGADO") -> 10 | K44: =(I44)/(J44+I44) -> 0.64285714 | AB44: APAGADO | AC44: APAGADO | AD44: APAGADO | AE44: APAGADO | AF44: APAGADO | AG44: APAGADO | AH44: APAGADO | AI44: APAGADO | AJ44: APAGADO | AK44: APAGADO
A45: PARADAS SEGURAS | B45: 30 I | C45: IPCOMS | D45: HUDSON Y PICHEUTA OESTE | E45: INTERCOMUNICADOR | F45: GPON | H45: 10.20.40.62 | I45: =COUNTIF(L45:AM45,"") -> 2 | J45: =COUNTIF(L45:AM45,"APAGADO") -> 26 | K45: =(I45)/(J45+I45) -> 0.071428571 | L45: APAGADO | M45: APAGADO | N45: APAGADO | O45: APAGADO | P45: APAGADO | Q45: APAGADO | R45: APAGADO | S45: APAGADO | T45: APAGADO | U45: APAGADO | V45: APAGADO | W45: APAGADO | X45: APAGADO | Y45: APAGADO | Z45: APAGADO | AA45: APAGADO | AB45: APAGADO | AC45: APAGADO | AD45: APAGADO | AE45: APAGADO | AF45: APAGADO | AG45: APAGADO | AH45: APAGADO | AI45: APAGADO | AJ45: APAGADO | AK45: APAGADO
A46: PARADAS SEGURAS | B46: 31 I | C46: IPCOMS | D46: HUDSON Y 830 ESTE | E46: INTERCOMUNICADOR | F46: GPON | H46: 10.20.40.63 | I46: =COUNTIF(L46:AM46,"") -> 28 | J46: =COUNTIF(L46:AM46,"APAGADO") -> 0 | K46: =(I46)/(J46+I46) -> 1
A47: PARADAS SEGURAS | B47: 32 C | C47: IPCOMS | D47: Hudson y 834 oeste | E47: GFIJA | F47: GPON | H47: 10.20.40.114 | I47: =COUNTIF(L47:AM47,"") -> 28 | J47: =COUNTIF(L47:AM47,"APAGADO") -> 0 | K47: =(I47)/(J47+I47) -> 1
A48: PARADAS SEGURAS | B48: 32 I | C48: IPCOMS | D48: Hudson y 834 oeste | E48: INTERCOMUNICADOR | F48: GPON | H48: 10.20.40.64 | I48: =COUNTIF(L48:AM48,"") -> 28 | J48: =COUNTIF(L48:AM48,"APAGADO") -> 0 | K48: =(I48)/(J48+I48) -> 1
A49: PARADAS SEGURAS | B49: 33 C | C49: IPCOMS | D49: Hudson y 834 este | E49: GFIJA | F49: GPON | H49: 10.20.40.116 | I49: =COUNTIF(L49:AM49,"") -> 3 | J49: =COUNTIF(L49:AM49,"APAGADO") -> 25 | K49: =(I49)/(J49+I49) -> 0.10714286 | L49: APAGADO | M49: APAGADO | N49: APAGADO | O49: APAGADO | P49: APAGADO | Q49: APAGADO | R49: APAGADO | S49: APAGADO | T49: APAGADO | U49: APAGADO | V49: APAGADO | W49: APAGADO | X49: APAGADO | Y49: APAGADO | Z49: APAGADO | AA49: APAGADO | AB49: APAGADO | AC49: APAGADO | AD49: APAGADO | AE49: APAGADO | AF49: APAGADO | AG49: APAGADO | AH49: APAGADO | AJ49: APAGADO | AK49: APAGADO
A50: PARADAS SEGURAS | B50: 33 I | C50: IPCOMS | D50: Hudson y 834 este | E50: INTERCOMUNICADOR | F50: GPON | H50: 10.20.40.65 | I50: =COUNTIF(L50:AM50,"") -> 28 | J50: =COUNTIF(L50:AM50,"APAGADO") -> 0 | K50: =(I50)/(J50+I50) -> 1
A51: PARADAS SEGURAS | B51: 34 C | C51: IPCOMS | D51: Hudson y Suipacha oeste | E51: GFIJA | F51: GPON | H51: 10.20.40.115 | I51: =COUNTIF(L51:AM51,"") -> 25 | J51: =COUNTIF(L51:AM51,"APAGADO") -> 3 | K51: =(I51)/(J51+I51) -> 0.89285714 | T51: APAGADO | U51: APAGADO | AC51: APAGADO
A52: PARADAS SEGURAS | B52: 34 I | C52: IPCOMS | D52: Hudson y Suipacha oeste | E52: INTERCOMUNICADOR | F52: GPON | H52: 10.20.40.66 | I52: =COUNTIF(L52:AM52,"") -> 5 | J52: =COUNTIF(L52:AM52,"APAGADO") -> 23 | K52: =(I52)/(J52+I52) -> 0.17857143 | L52: APAGADO | M52: APAGADO | N52: APAGADO | O52: APAGADO | P52: APAGADO | Q52: APAGADO | R52: APAGADO | S52: APAGADO | V52: APAGADO | W52: APAGADO | X52: APAGADO | Y52: APAGADO | Z52: APAGADO | AA52: APAGADO | AB52: APAGADO | AD52: APAGADO | AE52: APAGADO | AF52: APAGADO | AG52: APAGADO | AH52: APAGADO | AI52: APAGADO | AJ52: APAGADO | AK52: APAGADO
A53: PARADAS SEGURAS | B53: 35 C | C53: IPCOMS | D53: Hudson y Suipacha este | E53: GFIJA | F53: GPON | H53: 10.20.40.117 | I53: =COUNTIF(L53:AM53,"") -> 2 | J53: =COUNTIF(L53:AM53,"APAGADO") -> 26 | K53: =(I53)/(J53+I53) -> 0.071428571 | L53: APAGADO | M53: APAGADO | N53: APAGADO | O53: APAGADO | P53: APAGADO | Q53: APAGADO | R53: APAGADO | S53: APAGADO | T53: APAGADO | U53: APAGADO | V53: APAGADO | W53: APAGADO | X53: APAGADO | Y53: APAGADO | Z53: APAGADO | AA53: APAGADO | AB53: APAGADO | AC53: APAGADO | AD53: APAGADO | AE53: APAGADO | AF53: APAGADO | AG53: APAGADO | AH53: APAGADO | AI53: APAGADO | AJ53: APAGADO | AK53: APAGADO
A54: PARADAS SEGURAS | B54: 35 I | C54: IPCOMS | D54: Hudson y Suipacha este | E54: INTERCOMUNICADOR | F54: GPON | H54: 10.20.40.67 | I54: =COUNTIF(L54:AM54,"") -> 9 | J54: =COUNTIF(L54:AM54,"APAGADO") -> 19 | K54: =(I54)/(J54+I54) -> 0.32142857 | R54: APAGADO | S54: APAGADO | T54: APAGADO | U54: APAGADO | W54: APAGADO | X54: APAGADO | Y54: APAGADO | Z54: APAGADO | AA54: APAGADO | AB54: APAGADO | AC54: APAGADO | AD54: APAGADO | AE54: APAGADO | AF54: APAGADO | AG54: APAGADO | AH54: APAGADO | AI54: APAGADO | AJ54: APAGADO | AK54: APAGADO
A55: PARADAS SEGURAS | B55: 36 C | C55: IPCOMS | D55: Hubson y Transol | E55: GFIJA | F55: GPON | I55: =COUNTIF(L55:AM55,"") -> 22 | J55: =COUNTIF(L55:AM55,"APAGADO") -> 6 | K55: =(I55)/(J55+I55) -> 0.78571429 | L55: APAGADO | M55: APAGADO | N55: APAGADO | O55: APAGADO | P55: APAGADO | Q55: APAGADO
A56: PARADAS SEGURAS | B56: 36 I | C56: IPCOMS | D56: Hubson y Transol | E56: INTERCOMUNICADOR | F56: GPON | I56: =COUNTIF(L56:AM56,"") -> 22 | J56: =COUNTIF(L56:AM56,"APAGADO") -> 6 | K56: =(I56)/(J56+I56) -> 0.78571429 | L56: APAGADO | M56: APAGADO | N56: APAGADO | O56: APAGADO | P56: APAGADO | Q56: APAGADO
A57: PARADAS SEGURAS | B57: 37 C | C57: IPCOMS | D57: Hudson y Jose Ingeniero Este | E57: GFIJA | F57: GPON | H57: 10.20.40.121 | I57: =COUNTIF(L57:AM57,"") -> 28 | J57: =COUNTIF(L57:AM57,"APAGADO") -> 0 | K57: =(I57)/(J57+I57) -> 1
A58: PARADAS SEGURAS | B58: 37 I | C58: IPCOMS | D58: Hudson y Jose Ingeniero Este | E58: INTERCOMUNICADOR | F58: GPON | H58: 10.20.40.69 | I58: =COUNTIF(L58:AM58,"") -> 28 | J58: =COUNTIF(L58:AM58,"APAGADO") -> 0 | K58: =(I58)/(J58+I58) -> 1
A59: PARADAS SEGURAS | B59: 38 C | C59: IPCOMS | D59: Hudson y Cacheuta Oeste | E59: GFIJA | F59: GPON | H59: 10.20.40.122 | I59: =COUNTIF(L59:AM59,"") -> 28 | J59: =COUNTIF(L59:AM59,"APAGADO") -> 0 | K59: =(I59)/(J59+I59) -> 1
A60: PARADAS SEGURAS | B60: 38 I | C60: IPCOMS | D60: Hudson y Cacheuta Oeste | E60: INTERCOMUNICADOR | F60: GPON | H60: 10.20.40.70 | I60: =COUNTIF(L60:AM60,"") -> 28 | J60: =COUNTIF(L60:AM60,"APAGADO") -> 0 | K60: =(I60)/(J60+I60) -> 1
A61: PARADAS SEGURAS | B61: 39 C | C61: IPCOMS | D61: Hudson y Groussac Este | E61: GFIJA | F61: GPON | H61: 10.20.40.123 | I61: =COUNTIF(L61:AM61,"") -> 28 | J61: =COUNTIF(L61:AM61,"APAGADO") -> 0 | K61: =(I61)/(J61+I61) -> 1
A62: PARADAS SEGURAS | B62: 39 I | C62: IPCOMS | D62: Hudson y Groussac Este | E62: INTERCOMUNICADOR | F62: GPON | H62: 10.20.40.71 | I62: =COUNTIF(L62:AM62,"") -> 28 | J62: =COUNTIF(L62:AM62,"APAGADO") -> 0 | K62: =(I62)/(J62+I62) -> 1
A63: PARADAS SEGURAS | B63: 40 C | C63: IPCOMS | D63: Hudson y Groussac Oeste | E63: GFIJA | F63: GPON | H63: 10.20.40.124 | I63: =COUNTIF(L63:AM63,"") -> 2 | J63: =COUNTIF(L63:AM63,"APAGADO") -> 26 | K63: =(I63)/(J63+I63) -> 0.071428571 | L63: APAGADO | M63: APAGADO | N63: APAGADO | O63: APAGADO | P63: APAGADO | Q63: APAGADO | R63: APAGADO | S63: APAGADO | T63: APAGADO | U63: APAGADO | V63: APAGADO | W63: APAGADO | X63: APAGADO | Y63: APAGADO | Z63: APAGADO | AA63: APAGADO | AB63: APAGADO | AC63: APAGADO | AD63: APAGADO | AE63: APAGADO | AF63: APAGADO | AG63: APAGADO | AH63: APAGADO | AI63: APAGADO | AJ63: APAGADO | AK63: APAGADO
A64: PARADAS SEGURAS | B64: 40 I | C64: IPCOMS | D64: Hudson y Groussac Oeste | E64: INTERCOMUNICADOR | F64: GPON | H64: 10.20.40.72 | I64: =COUNTIF(L64:AM64,"") -> 2 | J64: =COUNTIF(L64:AM64,"APAGADO") -> 26 | K64: =(I64)/(J64+I64) -> 0.071428571 | L64: APAGADO | M64: APAGADO | N64: APAGADO | O64: APAGADO | P64: APAGADO | Q64: APAGADO | R64: APAGADO | S64: APAGADO | T64: APAGADO | U64: APAGADO | V64: APAGADO | W64: APAGADO | X64: APAGADO | Y64: APAGADO | Z64: APAGADO | AA64: APAGADO | AB64: APAGADO | AC64: APAGADO | AD64: APAGADO | AE64: APAGADO | AF64: APAGADO | AG64: APAGADO | AH64: APAGADO | AI64: APAGADO | AJ64: APAGADO | AK64: APAGADO
A65: PARADAS SEGURAS | B65: 41 C | C65: IPCOMS | D65: Hudson y Dumas Este | E65: GFIJA | F65: GPON | H65: 10.20.40.125 | I65: =COUNTIF(L65:AM65,"") -> 2 | J65: =COUNTIF(L65:AM65,"APAGADO") -> 26 | K65: =(I65)/(J65+I65) -> 0.071428571 | L65: APAGADO | M65: APAGADO | N65: APAGADO | O65: APAGADO | P65: APAGADO | Q65: APAGADO | R65: APAGADO | S65: APAGADO | T65: APAGADO | U65: APAGADO | V65: APAGADO | W65: APAGADO | X65: APAGADO | Y65: APAGADO | Z65: APAGADO | AA65: APAGADO | AB65: APAGADO | AC65: APAGADO | AD65: APAGADO | AE65: APAGADO | AF65: APAGADO | AG65: APAGADO | AH65: APAGADO | AI65: APAGADO | AJ65: APAGADO | AK65: APAGADO
A66: PARADAS SEGURAS | B66: 41 I | C66: IPCOMS | D66: Hudson y Dumas Este | E66: INTERCOMUNICADOR | F66: GPON | H66: 10.20.40.73 | I66: =COUNTIF(L66:AM66,"") -> 2 | J66: =COUNTIF(L66:AM66,"APAGADO") -> 26 | K66: =(I66)/(J66+I66) -> 0.071428571 | L66: APAGADO | M66: APAGADO | N66: APAGADO | O66: APAGADO | P66: APAGADO | Q66: APAGADO | R66: APAGADO | S66: APAGADO | T66: APAGADO | U66: APAGADO | V66: APAGADO | W66: APAGADO | X66: APAGADO | Y66: APAGADO | Z66: APAGADO | AA66: APAGADO | AB66: APAGADO | AC66: APAGADO | AD66: APAGADO | AE66: APAGADO | AF66: APAGADO | AG66: APAGADO | AH66: APAGADO | AI66: APAGADO | AJ66: APAGADO | AK66: APAGADO
A67: PARADAS SEGURAS | B67: 42 C | C67: IPCOMS | D67: Hudson y Dumas Oeste | E67: GFIJA | F67: GPON | H67: 10.20.40.126 | I67: =COUNTIF(L67:AM67,"") -> 28 | J67: =COUNTIF(L67:AM67,"APAGADO") -> 0 | K67: =(I67)/(J67+I67) -> 1
A68: PARADAS SEGURAS | B68: 42 I | C68: IPCOMS | D68: Hudson y Dumas Oeste | E68: INTERCOMUNICADOR | F68: GPON | H68: 10.20.40.74 | I68: =COUNTIF(L68:AM68,"") -> 28 | J68: =COUNTIF(L68:AM68,"APAGADO") -> 0 | K68: =(I68)/(J68+I68) -> 1
A69: PARADAS SEGURAS | B69: 43 C | C69: IPCOMS | D69: Hudson y Manuel de Falla Este | E69: GFIJA | F69: GPON | H69: 10.20.40.127 | I69: =COUNTIF(L69:AM69,"") -> 28 | J69: =COUNTIF(L69:AM69,"APAGADO") -> 0 | K69: =(I69)/(J69+I69) -> 1
A70: PARADAS SEGURAS | B70: 43 I | C70: IPCOMS | D70: Hudson y Manuel de Falla Este | E70: INTERCOMUNICADOR | F70: GPON | H70: 10.20.40.75 | I70: =COUNTIF(L70:AM70,"") -> 28 | J70: =COUNTIF(L70:AM70,"APAGADO") -> 0 | K70: =(I70)/(J70+I70) -> 1
A71: PARADAS SEGURAS | B71: 45 C | C71: IPCOMS | D71: Hudson y Benito Perez Galdos Este | E71: GFIJA | F71: GPON | H71: 10.20.40.129 | I71: =COUNTIF(L71:AM71,"") -> 28 | J71: =COUNTIF(L71:AM71,"APAGADO") -> 0 | K71: =(I71)/(J71+I71) -> 1
A72: PARADAS SEGURAS | B72: 45 I | C72: IPCOMS | D72: Hudson y Benito Perez Galdos Este | E72: INTERCOMUNICADOR | F72: GPON | H72: 10.20.40.77 | I72: =COUNTIF(L72:AM72,"") -> 28 | J72: =COUNTIF(L72:AM72,"APAGADO") -> 0 | K72: =(I72)/(J72+I72) -> 1
A73: PARADAS SEGURAS | B73: 46 C | C73: IPCOMS | D73: Hudson y Avenida Bosques Este | E73: GFIJA | F73: GPON | H73: 10.20.40.130 | I73: =COUNTIF(L73:AM73,"") -> 28 | J73: =COUNTIF(L73:AM73,"APAGADO") -> 0 | K73: =(I73)/(J73+I73) -> 1
A74: PARADAS SEGURAS | B74: 46 I | C74: IPCOMS | D74: Hudson y Avenida Bosques Este | E74: INTERCOMUNICADOR | F74: GPON | H74: 10.20.40.78 | I74: =COUNTIF(L74:AM74,"") -> 28 | J74: =COUNTIF(L74:AM74,"APAGADO") -> 0 | K74: =(I74)/(J74+I74) -> 1
A75: PARADAS SEGURAS | B75: 47 C | C75: IPCOMS | D75: Hudson y Avenida Bosques Oeste | E75: GFIJA | F75: GPON | H75: 10.20.40.131 | I75: =COUNTIF(L75:AM75,"") -> 28 | J75: =COUNTIF(L75:AM75,"APAGADO") -> 0 | K75: =(I75)/(J75+I75) -> 1
A76: PARADAS SEGURAS | B76: 47 I | C76: IPCOMS | D76: Hudson y Avenida Bosques Oeste | E76: INTERCOMUNICADOR | F76: GPON | H76: 10.20.40.79 | I76: =COUNTIF(L76:AM76,"") -> 28 | J76: =COUNTIF(L76:AM76,"APAGADO") -> 0 | K76: =(I76)/(J76+I76) -> 1
A77: PARADAS SEGURAS | B77: 64 C | C77: IPCOMS | D77: Lujan y Combate de los Pozos | E77: GFIJA | F77: GPON | H77: 10.20.40.84 | I77: =COUNTIF(L77:AM77,"") -> 28 | J77: =COUNTIF(L77:AM77,"APAGADO") -> 0 | K77: =(I77)/(J77+I77) -> 1
A78: PARADAS SEGURAS | B78: 64 I | C78: IPCOMS | D78: Lujan y Combate de los Pozos | E78: INTERCOMUNICADOR | F78: GPON | H78: 10.20.40.85 | I78: =COUNTIF(L78:AM78,"") -> 28 | J78: =COUNTIF(L78:AM78,"APAGADO") -> 0 | K78: =(I78)/(J78+I78) -> 1
... A84: ALTAMIRA | B84: ALT 04 | C84: BONOMO | D84: Francia y Necochea | E84: Domo | F84: Fibra Optica | H84: 172.20.12.55 | I84: =COUNTIF(L84:AM84,"") -> 28 | J84: =COUNTIF(L84:AM84,"APAGADO") -> 0 | K84: =(I84)/(J84+I84) -> 1
A85: ALTAMIRA | B85: ALT 06 | C85: BONOMO | D85: LOPE DE VEGA Y NECOCHEA | E85: Domo | F85: PTO A FO | G85: NECOCHEA Y GALARZA | H85: 172.20.12.12 | I85: =COUNTIF(L85:AM85,"") -> 28 | J85: =COUNTIF(L85:AM85,"APAGADO") -> 0 | K85: =(I85)/(J85+I85) -> 1
A86: ALTAMIRA | B86: ALT 08 | C86: BONOMO | D86: HUMAITA Y NECOCHEA | E86: DOMO | F86: Fibra Optica | H86: 172.20.11.215 | I86: =COUNTIF(L86:AM86,"") -> 28 | J86: =COUNTIF(L86:AM86,"APAGADO") -> 0 | K86: =(I86)/(J86+I86) -> 1
A87: ALTAMIRA | B87: ALT 09 | C87: BONOMO | D87: NECOCHEA Y CURUPAITY | E87: DOMO | F87: Fibra Optica | H87: 172.20.11.216 | I87: =COUNTIF(L87:AM87,"") -> 28 | J87: =COUNTIF(L87:AM87,"APAGADO") -> 0 | K87: =(I87)/(J87+I87) -> 1
A88: ALTAMIRA | B88: ALT 10 | C88: BONOMO | D88: Calchaqui y Francia | E88: Domo | F88: Radio | H88: 172.20.12.156 | I88: =COUNTIF(L88:AM88,"") -> 18 | J88: =COUNTIF(L88:AM88,"APAGADO") -> 10 | K88: =(I88)/(J88+I88) -> 0.64285714 | L88: APAGADO | M88: APAGADO | N88: APAGADO | P88: APAGADO | Q88: APAGADO | W88: APAGADO | Z88: APAGADO | AB88: APAGADO | AD88: APAGADO | AE88: APAGADO
A89: ALTAMIRA | B89: ALT01 | C89: BONOMO | D89: Calchaqui y Sgto. Cabral | E89: Domo | F89: Fibra Optica | H89: 172.20.10.6 | I89: =COUNTIF(L89:AM89,"") -> 28 | J89: =COUNTIF(L89:AM89,"APAGADO") -> 0 | K89: =(I89)/(J89+I89) -> 1
A90: ALTAMIRA | B90: ALT02 | C90: BONOMO | D90: Calchaqui y Lope de Vega | E90: Domo | F90: PTO A FO | G90: CABRAL Y CALCHAQUI | H90: 172.20.12.218 | I90: =COUNTIF(L90:AM90,"") -> 28 | J90: =COUNTIF(L90:AM90,"APAGADO") -> 0 | K90: =(I90)/(J90+I90) -> 1
A91: ALTAMIRA | B91: ALT05 | C91: BONOMO | D91: Av. Calchaqui y Bombero Galarza | E91: Domo | F91: PTO A FO | G91: NECOCHEA Y GALARZA | H91: 172.20.12.216 | I91: =COUNTIF(L91:AM91,"") -> 23 | J91: =COUNTIF(L91:AM91,"APAGADO") -> 5 | K91: =(I91)/(J91+I91) -> 0.82142857 | L91: APAGADO | N91: APAGADO | W91: APAGADO | Z91: APAGADO | AB91: APAGADO
A92: ALTAMIRA | B92: ALT07 | C92: BONOMO | D92: AV. CALCHAQUI Y AV. DEL TRABAJO | E92: DOMO | F92: PTO A FO | G92: CABRAL Y CALCHAQUI | H92: 172.20.10.57 | I92: =COUNTIF(L92:AM92,"") -> 28 | J92: =COUNTIF(L92:AM92,"APAGADO") -> 0 | K92: =(I92)/(J92+I92) -> 1
A93: AGUSTIN RAMIREZ | B93: ARA 01 | C93: BONOMO | D93: Malambo y Tranquera | E93: Domo | F93: Fibra Optica | H93: 172.20.12.110 | I93: =COUNTIF(L93:AM93,"") -> 28 | J93: =COUNTIF(L93:AM93,"APAGADO") -> 0 | K93: =(I93)/(J93+I93) -> 1
A94: BELGRANO | B94: BEL 01 | C94: BONOMO | D94: San Martin y Dardo Rocha | E94: DOMO | F94: Fibra Optica | H94: 172.20.12.64 | I94: =COUNTIF(L94:AM94,"") -> 28 | J94: =COUNTIF(L94:AM94,"APAGADO") -> 0 | K94: =(I94)/(J94+I94) -> 1
A95: BELGRANO | B95: BEL 02 | C95: BONOMO | D95: Guardia vieja y Fronteriz | E95: DOMO | F95: Fibra Optica | I95: =COUNTIF(L95:AM95,"") -> 28 | J95: =COUNTIF(L95:AM95,"APAGADO") -> 0 | K95: =(I95)/(J95+I95) -> 1
A96: BOSQUES CENTRO | B96: BOSQC 01 | C96: COSEIDI | D96: LUIS AGOTE E/DANUNCIO Y CAMPOAMOR | E96: Fija | F96: Radio | H96: 172.20.11.15 | I96: =COUNTIF(L96:AM96,"") -> 26 | J96: =COUNTIF(L96:AM96,"APAGADO") -> 2 | K96: =(I96)/(J96+I96) -> 0.92857143 | L96: APAGADO | M96: APAGADO
A97: BOSQUES CENTRO | B97: BOSQC 02 | C97: COSEIDI | D97: LUIS AGOTE E/DANUNCIO Y CAMPOAMOR | E97: Fija | F97: Radio | H97: 172.20.11.16 | I97: =COUNTIF(L97:AM97,"") -> 26 | J97: =COUNTIF(L97:AM97,"APAGADO") -> 2 | K97: =(I97)/(J97+I97) -> 0.92857143 | L97: APAGADO | M97: APAGADO
A98: BOSQUES CENTRO | B98: BOSQC 03 | C98: COSEIDI | D98: BENAVENTE Y LUIS AGOTE | E98: Fija | F98: Radio | H98: 172.20.11.13 | I98: =COUNTIF(L98:AM98,"") -> 26 | J98: =COUNTIF(L98:AM98,"APAGADO") -> 2 | K98: =(I98)/(J98+I98) -> 0.92857143 | L98: APAGADO | M98: APAGADO
A99: BOSQUES CENTRO | B99: BOSQC 04 | C99: COSEIDI | D99: BENAVENTE Y LUIS AGOTE | E99: Fija | F99: Radio | H99: 172.20.11.113 | I99: =COUNTIF(L99:AM99,"") -> 26 | J99: =COUNTIF(L99:AM99,"APAGADO") -> 2 | K99: =(I99)/(J99+I99) -> 0.92857143 | L99: APAGADO | M99: APAGADO
A100: BOSQUES CENTRO | B100: BOSQC 05 | C100: COSEIDI | D100: LUIS AGOTE Y RUTA 36 | E100: Fija | F100: Radio | H100: 172.20.11.17 | I100: =COUNTIF(L100:AM100,"") -> 28 | J100: =COUNTIF(L100:AM100,"APAGADO") -> 0 | K100: =(I100)/(J100+I100) -> 1
A101: BOSQUES CENTRO | B101: BOSQC 06 | C101: COSEIDI | D101: LUIS AGOTE Y RUTA 36 | E101: Fija | F101: Radio | H101: 172.20.11.18 | I101: =COUNTIF(L101:AM101,"") -> 28 | J101: =COUNTIF(L101:AM101,"APAGADO") -> 0 | K101: =(I101)/(J101+I101) -> 1
A102: CENTRO | B102: CEN 05 | C102: BONOMO | D102: Bocuzzi e/España y San Martin | E102: DOMO | F102: Fibra Optica | H102: 172.20.10.200 | I102: =COUNTIF(L102:AM102,"") -> 26 | J102: =COUNTIF(L102:AM102,"APAGADO") -> 2 | K102: =(I102)/(J102+I102) -> 0.92857143 | X102: APAGADO | Z102: APAGADO
A103: CENTRO | B103: CEN 12 | C103: BONOMO | D103: Monteagudo y Mitre | E103: Domo | F103: Fibra Optica | H103: 172.20.10.23 | I103: =COUNTIF(L103:AM103,"") -> 28 | J103: =COUNTIF(L103:AM103,"APAGADO") -> 0 | K103: =(I103)/(J103+I103) -> 1
A104: CENTRO | B104: CEN 13 | C104: BONOMO | D104: 25 de Mayo y Maipu | E104: DOMO | F104: Fibra Optica | H104: 172.20.10.20 | I104: =COUNTIF(L104:AM104,"") -> 28 | J104: =COUNTIF(L104:AM104,"APAGADO") -> 0 | K104: =(I104)/(J104+I104) -> 1
A105: CENTRO | B105: CEN 37 | C105: BONOMO | D105: Diagonal Granaderos y Monteagudo | E105: Domo | F105: Fibra Optica | H105: 172.20.12.52 | I105: =COUNTIF(L105:AM105,"") -> 28 | J105: =COUNTIF(L105:AM105,"APAGADO") -> 0 | K105: =(I105)/(J105+I105) -> 1
...

Sheet ESTADISTICA
A1: ='RESUMEN TOTAL'!A4 -> Barrio | B1: ='RESUMEN TOTAL'!B4 -> [Denominacion] | C1: ='RESUMEN TOTAL'!D4 -> [Ubicacion] | D1: ='RESUMEN TOTAL'!E4 -> [Tipo de Camara] | E1: ='RESUMEN TOTAL'!F4 -> [Tipo de Conexion] | F1: ='RESUMEN TOTAL'!L4 -> 45292 | G1: ='RESUMEN TOTAL'!M4 -> 45293 | H1: ='RESUMEN TOTAL'!N4 -> 45294 | I1: ='RESUMEN TOTAL'!O4 -> 45295 | J1: ='RESUMEN TOTAL'!P4 -> 45296 | K1: ='RESUMEN TOTAL'!Q4 -> 45297 | L1: ='RESUMEN TOTAL'!R4 -> 45298 | M1: ='RESUMEN TOTAL'!S4 -> 45299 | ... AI1: ='RESUMEN TOTAL'!AO4 -> 45321 | AJ1: ='RESUMEN TOTAL'!#REF! -> #REF!
A2: ='RESUMEN TOTAL'!A5 -> PARADAS SEGURAS | B2: ='RESUMEN TOTAL'!B5 -> 11 | C2: ='RESUMEN TOTAL'!D5 -> THEVENET Y BS. AS. SUR | D2: ='RESUMEN TOTAL'!E5 -> GFIJA | E2: ='RESUMEN TOTAL'!F5 -> GPON | F2: ='RESUMEN TOTAL'!L5 -> 0 | G2: ='RESUMEN TOTAL'!M5 -> 0 | H2: ='RESUMEN TOTAL'!N5 -> 0 | I2: ='RESUMEN TOTAL'!O5 -> 0 | J2: ='RESUMEN TOTAL'!P5 -> 0 | K2: ='RESUMEN TOTAL'!Q5 -> 0 | L2: ='RESUMEN TOTAL'!R5 -> 0 | M2: ='RESUMEN TOTAL'!S5 -> 0 | ... AI2: ='RESUMEN TOTAL'!AO5 -> 0 | AJ2: ='RESUMEN TOTAL'!#REF! -> #REF!
A3: ='RESUMEN TOTAL'!A6 -> PARADAS SEGURAS | B3: ='RESUMEN TOTAL'!B6 -> 12 | C3: ='RESUMEN TOTAL'!D6 -> THEVENET E ISLAS ORCADAS NORTE | D3: ='RESUMEN TOTAL'!E6 -> GFIJA | E3: ='RESUMEN TOTAL'!F6 -> GPON | F3: ='RESUMEN TOTAL'!L6 -> APAGADO | G3: ='RESUMEN TOTAL'!M6 -> APAGADO | H3: ='RESUMEN TOTAL'!N6 -> APAGADO | I3: ='RESUMEN TOTAL'!O6 -> APAGADO | J3: ='RESUMEN TOTAL'!P6 -> APAGADO | K3: ='RESUMEN TOTAL'!Q6 -> APAGADO | L3: ='RESUMEN TOTAL'!R6 -> APAGADO | M3: ='RESUMEN TOTAL'!S6 -> APAGADO | ... AI3: ='RESUMEN TOTAL'!AO6 -> 0 | AJ3: ='RESUMEN TOTAL'!#REF! -> #REF!
A4: ='RESUMEN TOTAL'!A7 -> PARADAS SEGURAS | B4: ='RESUMEN TOTAL'!B7 -> 13 | C4: ='RESUMEN TOTAL'!D7 -> THEVENET Y GRANADEROS NORTE | D4: ='RESUMEN TOTAL'!E7 -> GFIJA | E4: ='RESUMEN TOTAL'!F7 -> GPON | F4: ='RESUMEN TOTAL'!L7 -> APAGADO | G4: ='RESUMEN TOTAL'!M7 -> APAGADO | H4: ='RESUMEN TOTAL'!N7 -> APAGADO | I4: ='RESUMEN TOTAL'!O7 -> APAGADO | J4: ='RESUMEN TOTAL'!P7 -> APAGADO | K4: ='RESUMEN TOTAL'!Q7 -> APAGADO | L4: ='RESUMEN TOTAL'!R7 -> APAGADO | M4: ='RESUMEN TOTAL'!S7 -> APAGADO | ... AI4: ='RESUMEN TOTAL'!AO7 -> 0 | AJ4: ='RESUMEN TOTAL'!#REF! -> #REF!
A5: ='RESUMEN TOTAL'!A8 -> PARADAS SEGURAS | B5: ='RESUMEN TOTAL'!B8 -> 14 | C5: ='RESUMEN TOTAL'!D8 -> THEVENET Y BERUTI NORTE | D5: ='RESUMEN TOTAL'!E8 -> GFIJA | E5: ='RESUMEN TOTAL'!F8 -> GPON | F5: ='RESUMEN TOTAL'!L8 -> 0 | G5: ='RESUMEN TOTAL'!M8 -> 0 | H5: ='RESUMEN TOTAL'!N8 -> 0 | I5: ='RESUMEN TOTAL'!O8 -> 0 | J5: ='RESUMEN TOTAL'!P8 -> 0 | K5: ='RESUMEN TOTAL'!Q8 -> 0 | L5: ='RESUMEN TOTAL'!R8 -> 0 | M5: ='RESUMEN TOTAL'!S8 -> 0 | ... AI5: ='RESUMEN TOTAL'!AO8 -> 0 | AJ5: ='RESUMEN TOTAL'!#REF! -> #REF!
A6: ='RESUMEN TOTAL'!A9 -> PARADAS SEGURAS | B6: ='RESUMEN TOTAL'!B9 -> 15 | C6: ='RESUMEN TOTAL'!D9 -> THEVENET Y BERUTI SUR | D6: ='RESUMEN TOTAL'!E9 -> GFIJA | E6: ='RESUMEN TOTAL'!F9 -> GPON | F6: ='RESUMEN TOTAL'!L9 -> APAGADO | G6: ='RESUMEN TOTAL'!M9 -> APAGADO | H6: ='RESUMEN TOTAL'!N9 -> APAGADO | I6: ='RESUMEN TOTAL'!O9 -> APAGADO | J6: ='RESUMEN TOTAL'!P9 -> APAGADO | K6: ='RESUMEN TOTAL'!Q9 -> APAGADO | L6: ='RESUMEN TOTAL'!R9 -> 0 | M6: ='RESUMEN TOTAL'!S9 -> 0 | ... AI6: ='RESUMEN TOTAL'!AO9 -> 0 | AJ6: ='RESUMEN TOTAL'!#REF! -> #REF!
A7: ='RESUMEN TOTAL'!A10 -> PARADAS SEGURAS | B7: ='RESUMEN TOTAL'!B10 -> 16 | C7: ='RESUMEN TOTAL'!D10 -> THEVENET Y BRAILE NORTE | D7: ='RESUMEN TOTAL'!E10 -> GFIJA | E7: ='RESUMEN TOTAL'!F10 -> GPON | F7: ='RESUMEN TOTAL'!L10 -> 0 | G7: ='RESUMEN TOTAL'!M10 -> 0 | H7: ='RESUMEN TOTAL'!N10 -> 0 | I7: ='RESUMEN TOTAL'!O10 -> 0 | J7: ='RESUMEN TOTAL'!P10 -> 0 | K7: ='RESUMEN TOTAL'!Q10 -> 0 | L7: ='RESUMEN TOTAL'!R10 -> 0 | M7: ='RESUMEN TOTAL'!S10 -> 0 | ... AI7: ='RESUMEN TOTAL'!AO10 -> 0 | AJ7: ='RESUMEN TOTAL'!#REF! -> #REF!
A8: ='RESUMEN TOTAL'!A11 -> PARADAS SEGURAS | B8: ='RESUMEN TOTAL'!B11 -> 17 | C8: ='RESUMEN TOTAL'!D11 -> THEVENET Y ARENALES NORTE | D8: ='RESUMEN TOTAL'!E11 -> GFIJA | E8: ='RESUMEN TOTAL'!F11 -> GPON | F8: ='RESUMEN TOTAL'!L11 -> APAGADO | G8: ='RESUMEN TOTAL'!M11 -> APAGADO | H8: ='RESUMEN TOTAL'!N11 -> APAGADO | I8: ='RESUMEN TOTAL'!O11 -> APAGADO | J8: ='RESUMEN TOTAL'!P11 -> APAGADO | K8: ='RESUMEN TOTAL'!Q11 -> APAGADO | L8: ='RESUMEN TOTAL'!R11 -> 0 | M8: ='RESUMEN TOTAL'!S11 -> 0 | ... AI8: ='RESUMEN TOTAL'!AO11 -> 0 | AJ8: ='RESUMEN TOTAL'!#REF! -> #REF!
A9: ='RESUMEN TOTAL'!A12 -> PARADAS SEGURAS | B9: ='RESUMEN TOTAL'!B12 -> 18 | C9: ='RESUMEN TOTAL'!D12 -> THEVENET Y ARENALES SUR | D9: ='RESUMEN TOTAL'!E12 -> GFIJA | E9: ='RESUMEN TOTAL'!F12 -> GPON | F9: ='RESUMEN TOTAL'!L12 -> 0 | G9: ='RESUMEN TOTAL'!M12 -> 0 | H9: ='RESUMEN TOTAL'!N12 -> 0 | I9: ='RESUMEN TOTAL'!O12 -> 0 | J9: ='RESUMEN TOTAL'!P12 -> 0 | K9: ='RESUMEN TOTAL'!Q12 -> 0 | L9: ='RESUMEN TOTAL'!R12 -> 0 | M9: ='RESUMEN TOTAL'!S12 -> 0 | ... AI9: ='RESUMEN TOTAL'!AO12 -> 0 | AJ9: ='RESUMEN TOTAL'!#REF! -> #REF!
A10: ='RESUMEN TOTAL'!A13 -> PARADAS SEGURAS | B10: ='RESUMEN TOTAL'!B13 -> 19 | C10: ='RESUMEN TOTAL'!D13 -> THEVENET Y GORRITI NORTE | D10: ='RESUMEN TOTAL'!E13 -> GFIJA | E10: ='RESUMEN TOTAL'!F13 -> GPON | F10: ='RESUMEN TOTAL'!L13 -> 0 | G10: ='RESUMEN TOTAL'!M13 -> 0 | H10: ='RESUMEN TOTAL'!N13 -> 0 | I10: ='RESUMEN TOTAL'!O13 -> 0 | J10: ='RESUMEN TOTAL'!P13 -> 0 | K10: ='RESUMEN TOTAL'!Q13 -> 0 | L10: ='RESUMEN TOTAL'!R13 -> 0 | M10: ='RESUMEN TOTAL'!S13 -> 0 | ... AI10: ='RESUMEN TOTAL'!AO13 -> 0 | AJ10: ='RESUMEN TOTAL'!#REF! -> #REF!
A11: ='RESUMEN TOTAL'!A14 -> PARADAS SEGURAS | B11: ='RESUMEN TOTAL'!B14 -> 20 | C11: ='RESUMEN TOTAL'!D14 -> THEVENET Y GORRITI SUR | D11: ='RESUMEN TOTAL'!E14 -> GFIJA | E11: ='RESUMEN TOTAL'!F14 -> GPON | F11: ='RESUMEN TOTAL'!L14 -> 0 | G11: ='RESUMEN TOTAL'!M14 -> 0 | H11: ='RESUMEN TOTAL'!N14 -> 0 | I11: ='RESUMEN TOTAL'!O14 -> 0 | J11: ='RESUMEN TOTAL'!P14 -> 0 | K11: ='RESUMEN TOTAL'!Q14 -> 0 | L11: ='RESUMEN TOTAL'!R14 -> 0 | M11: ='RESUMEN TOTAL'!S14 -> 0 | ... AI11: ='RESUMEN TOTAL'!AO14 -> 0 | AJ11: ='RESUMEN TOTAL'!#REF! -> #REF!
A12: ='RESUMEN TOTAL'!A15 -> PARADAS SEGURAS | B12: ='RESUMEN TOTAL'!B15 -> 21 | C12: ='RESUMEN TOTAL'!D15 -> HUDSON Y CABILDO OESTE | D12: ='RESUMEN TOTAL'!E15 -> GFIJA | E12: ='RESUMEN TOTAL'!F15 -> GPON | F12: ='RESUMEN TOTAL'!L15 -> 0 | G12: ='RESUMEN TOTAL'!M15 -> 0 | H12: ='RESUMEN TOTAL'!N15 -> 0 | I12: ='RESUMEN TOTAL'!O15 -> 0 | J12: ='RESUMEN TOTAL'!P15 -> 0 | K12: ='RESUMEN TOTAL'!Q15 -> 0 | L12: ='RESUMEN TOTAL'!R15 -> 0 | M12: ='RESUMEN TOTAL'!S15 -> 0 | ... AI12: ='RESUMEN TOTAL'!AO15 -> 0 | AJ12: ='RESUMEN TOTAL'!#REF! -> #REF!
... A67: ='RESUMEN TOTAL'!A70 -> PARADAS SEGURAS | B67: ='RESUMEN TOTAL'!B70 -> 43 I | C67: ='RESUMEN TOTAL'!D70 -> Hudson y Manuel de Falla Este | D67: ='RESUMEN TOTAL'!E70 -> INTERCOMUNICADOR | E67: ='RESUMEN TOTAL'!F70 -> GPON | F67: ='RESUMEN TOTAL'!L70 -> 0 | G67: ='RESUMEN TOTAL'!M70 -> 0 | H67: ='RESUMEN TOTAL'!N70 -> 0 | I67: ='RESUMEN TOTAL'!O70 -> 0 | J67: ='RESUMEN TOTAL'!P70 -> 0 | K67: ='RESUMEN TOTAL'!Q70 -> 0 | L67: ='RESUMEN TOTAL'!R70 -> 0 | M67: ='RESUMEN TOTAL'!S70 -> 0 | ... AI67: ='RESUMEN TOTAL'!AO70 -> 0 | AJ67: ='RESUMEN TOTAL'!#REF! -> #REF!
A68: ='RESUMEN TOTAL'!A71 -> PARADAS SEGURAS | B68: ='RESUMEN TOTAL'!B71 -> 45 C | C68: ='RESUMEN TOTAL'!D71 -> Hudson y Benito Perez Galdos Este | D68: ='RESUMEN TOTAL'!E71 -> GFIJA | E68: ='RESUMEN TOTAL'!F71 -> GPON | F68: ='RESUMEN TOTAL'!L71 -> 0 | G68: ='RESUMEN TOTAL'!M71 -> 0 | H68: ='RESUMEN TOTAL'!N71 -> 0 | I68: ='RESUMEN TOTAL'!O71 -> 0 | J68: ='RESUMEN TOTAL'!P71 -> 0 | K68: ='RESUMEN TOTAL'!Q71 -> 0 | L68: ='RESUMEN TOTAL'!R71 -> 0 | M68: ='RESUMEN TOTAL'!S71 -> 0 | ... Z68: ='RESUMEN TOTAL'!AF71 -> 0 | AA68: ='RESUMEN TOTAL'!AG546 -> 0 | AB68: ='RESUMEN TOTAL'!AH71 -> 0 | AC68: ='RESUMEN TOTAL'!AI71 -> 0 | AD68: ='RESUMEN TOTAL'!AJ71 -> 0 | AE68: ='RESUMEN TOTAL'!AK71 -> 0 | AF68: ='RESUMEN TOTAL'!AL71 -> 0 | AG68: ='RESUMEN TOTAL'!AM71 -> 0 | AH68: ='RESUMEN TOTAL'!AN71 -> 0 | AI68: ='RESUMEN TOTAL'!AO71 -> 0 | AJ68: ='RESUMEN TOTAL'!#REF! -> #REF!
A69: ='RESUMEN TOTAL'!A72 -> PARADAS SEGURAS | B69: ='RESUMEN TOTAL'!B72 -> 45 I | C69: ='RESUMEN TOTAL'!D72 -> Hudson y Benito Perez Galdos Este | D69: ='RESUMEN TOTAL'!E72 -> INTERCOMUNICADOR | E69: ='RESUMEN TOTAL'!F72 -> GPON | F69: ='RESUMEN TOTAL'!L72 -> 0 | G69: ='RESUMEN TOTAL'!M72 -> 0 | H69: ='RESUMEN TOTAL'!N72 -> 0 | I69: ='RESUMEN TOTAL'!O72 -> 0 | J69: ='RESUMEN TOTAL'!P72 -> 0 | K69: ='RESUMEN TOTAL'!Q72 -> 0 | L69: ='RESUMEN TOTAL'!R72 -> 0 | M69: ='RESUMEN TOTAL'!S72 -> 0 | ... AI69: ='RESUMEN TOTAL'!AO72 -> 0 | AJ69: ='RESUMEN TOTAL'!#REF! -> #REF!
A70: ='RESUMEN TOTAL'!A73 -> PARADAS SEGURAS | B70: ='RESUMEN TOTAL'!B73 -> 46 C | C70: ='RESUMEN TOTAL'!D73 -> Hudson y Avenida Bosques Este | D70: ='RESUMEN TOTAL'!E73 -> GFIJA | E70: ='RESUMEN TOTAL'!F73 -> GPON | F70: ='RESUMEN TOTAL'!L73 -> 0 | G70: ='RESUMEN TOTAL'!M73 -> 0 | H70: ='RESUMEN TOTAL'!N73 -> 0 | I70: ='RESUMEN TOTAL'!O73 -> 0 | J70: ='RESUMEN TOTAL'!P73 -> 0 | K70: ='RESUMEN TOTAL'!Q73 -> 0 | L70: ='RESUMEN TOTAL'!R73 -> 0 | M70: ='RESUMEN TOTAL'!S73 -> 0 | ... AI70: ='RESUMEN TOTAL'!AO73 -> 0 | AJ70: ='RESUMEN TOTAL'!#REF! -> #REF!
A71: ='RESUMEN TOTAL'!A74 -> PARADAS SEGURAS | B71: ='RESUMEN TOTAL'!B74 -> 46 I | C71: ='RESUMEN TOTAL'!D74 -> Hudson y Avenida Bosques Este | D71: ='RESUMEN TOTAL'!E74 -> INTERCOMUNICADOR | E71: ='RESUMEN TOTAL'!F74 -> GPON | F71: ='RESUMEN TOTAL'!L74 -> 0 | G71: ='RESUMEN TOTAL'!M74 -> 0 | H71: ='RESUMEN TOTAL'!N74 -> 0 | I71: ='RESUMEN TOTAL'!O74 -> 0 | J71: ='RESUMEN TOTAL'!P74 -> 0 | K71: ='RESUMEN TOTAL'!Q74 -> 0 | L71: ='RESUMEN TOTAL'!R74 -> 0 | M71: ='RESUMEN TOTAL'!S74 -> 0 | ... AI71: ='RESUMEN TOTAL'!AO74 -> 0 | AJ71: ='RESUMEN TOTAL'!#REF! -> #REF!
A72: ='RESUMEN TOTAL'!A75 -> PARADAS SEGURAS | B72: ='RESUMEN TOTAL'!B75 -> 47 C | C72: ='RESUMEN TOTAL'!D75 -> Hudson y Avenida Bosques Oeste | D72: ='RESUMEN TOTAL'!E75 -> GFIJA | E72: ='RESUMEN TOTAL'!F75 -> GPON | F72: ='RESUMEN TOTAL'!L75 -> 0 | G72: ='RESUMEN TOTAL'!M75 -> 0 | H72: ='RESUMEN TOTAL'!N75 -> 0 | I72: ='RESUMEN TOTAL'!O75 -> 0 | J72: ='RESUMEN TOTAL'!P75 -> 0 | K72: ='RESUMEN TOTAL'!Q75 -> 0 | L72: ='RESUMEN TOTAL'!R75 -> 0 | M72: ='RESUMEN TOTAL'!S75 -> 0 | ... AI72: ='RESUMEN TOTAL'!AO75 -> 0 | AJ72: ='RESUMEN TOTAL'!#REF! -> #REF!
A73: ='RESUMEN TOTAL'!A76 -> PARADAS SEGURAS | B73: ='RESUMEN TOTAL'!B76 -> 47 I | C73: ='RESUMEN TOTAL'!D76 -> Hudson y Avenida Bosques Oeste | D73: ='RESUMEN TOTAL'!E76 -> INTERCOMUNICADOR | E73: ='RESUMEN TOTAL'!F76 -> GPON | F73: ='RESUMEN TOTAL'!L76 -> 0 | G73: ='RESUMEN TOTAL'!M76 -> 0 | H73: ='RESUMEN TOTAL'!N76 -> 0 | I73: ='RESUMEN TOTAL'!O76 -> 0 | J73: ='RESUMEN TOTAL'!P76 -> 0 | K73: ='RESUMEN TOTAL'!Q76 -> 0 | L73: ='RESUMEN TOTAL'!R76 -> 0 | M73: ='RESUMEN TOTAL'!S76 -> 0 | ... AI73: ='RESUMEN TOTAL'!AO76 -> 0 | AJ73: ='RESUMEN TOTAL'!#REF! -> #REF!
A74: ='RESUMEN TOTAL'!A77 -> PARADAS SEGURAS | B74: ='RESUMEN TOTAL'!B77 -> 64 C | C74: ='RESUMEN TOTAL'!D77 -> Lujan y Combate de los Pozos | D74: ='RESUMEN TOTAL'!E77 -> GFIJA | E74: ='RESUMEN TOTAL'!F77 -> GPON | F74: ='RESUMEN TOTAL'!L77 -> 0 | G74: ='RESUMEN TOTAL'!M77 -> 0 | H74: ='RESUMEN TOTAL'!N77 -> 0 | I74: ='RESUMEN TOTAL'!O77 -> 0 | J74: ='RESUMEN TOTAL'!P77 -> 0 | K74: ='RESUMEN TOTAL'!Q77 -> 0 | L74: ='RESUMEN TOTAL'!R77 -> 0 | M74: ='RESUMEN TOTAL'!S77 -> 0 | ... AI74: ='RESUMEN TOTAL'!AO77 -> 0 | AJ74: ='RESUMEN TOTAL'!#REF! -> #REF!
A75: ='RESUMEN TOTAL'!A78 -> PARADAS SEGURAS | B75: ='RESUMEN TOTAL'!B78 -> 64 I | C75: ='RESUMEN TOTAL'!D78 -> Lujan y Combate de los Pozos | D75: ='RESUMEN TOTAL'!E78 -> INTERCOMUNICADOR | E75: ='RESUMEN TOTAL'!F78 -> GPON | F75: ='RESUMEN TOTAL'!L78 -> 0 | G75: ='RESUMEN TOTAL'!M78 -> 0 | H75: ='RESUMEN TOTAL'!N78 -> 0 | I75: ='RESUMEN TOTAL'!O78 -> 0 | J75: ='RESUMEN TOTAL'!P78 -> 0 | K75: ='RESUMEN TOTAL'!Q78 -> 0 | L75: ='RESUMEN TOTAL'!R78 -> 0 | M75: ='RESUMEN TOTAL'!S78 -> 0 | ... AI75: ='RESUMEN TOTAL'!AO78 -> 0 | AJ75: ='RESUMEN TOTAL'!#REF! -> #REF!
A76: ='RESUMEN TOTAL'!A79 -> PARADAS SEGURAS | B76: ='RESUMEN TOTAL'!B79 -> 65 C | C76: ='RESUMEN TOTAL'!D79 -> Lujan y Combate de los Pozos | D76: ='RESUMEN TOTAL'!E79 -> GFIJA | E76: ='RESUMEN TOTAL'!F79 -> GPON | F76: ='RESUMEN TOTAL'!L79 -> 0 | G76: ='RESUMEN TOTAL'!M79 -> 0 | H76: ='RESUMEN TOTAL'!N79 -> 0 | I76: ='RESUMEN TOTAL'!O79 -> 0 | J76: ='RESUMEN TOTAL'!P79 -> 0 | K76: ='RESUMEN TOTAL'!Q79 -> 0 | L76: ='RESUMEN TOTAL'!R79 -> 0 | M76: ='RESUMEN TOTAL'!S79 -> 0 | ... AI76: ='RESUMEN TOTAL'!AO79 -> 0 | AJ76: ='RESUMEN TOTAL'!#REF! -> #REF!
A77: ='RESUMEN TOTAL'!A80 -> PARADAS SEGURAS | B77: ='RESUMEN TOTAL'!B80 -> 65 I | C77: ='RESUMEN TOTAL'!D80 -> Lujan y Combate de los Pozos | D77: ='RESUMEN TOTAL'!E80 -> INTERCOMUNICADOR | E77: ='RESUMEN TOTAL'!F80 -> GPON | F77: ='RESUMEN TOTAL'!L80 -> 0 | G77: ='RESUMEN TOTAL'!M80 -> 0 | H77: ='RESUMEN TOTAL'!N80 -> 0 | I77: ='RESUMEN TOTAL'!O80 -> 0 | J77: ='RESUMEN TOTAL'!P80 -> 0 | K77: ='RESUMEN TOTAL'!Q80 -> 0 | L77: ='RESUMEN TOTAL'!R80 -> 0 | M77: ='RESUMEN TOTAL'!S80 -> 0 | ... AI77: ='RESUMEN TOTAL'!AO80 -> 0 | AJ77: ='RESUMEN TOTAL'!#REF! -> #REF!
A78: ='RESUMEN TOTAL'!A81 -> PARADAS SEGURAS | B78: ='RESUMEN TOTAL'!B81 -> 67 C | C78: ='RESUMEN TOTAL'!D81 -> Lujan y 907 A | D78: ='RESUMEN TOTAL'!E81 -> GFIJA | E78: ='RESUMEN TOTAL'!F81 -> GPON | F78: ='RESUMEN TOTAL'!L81 -> 0 | G78: ='RESUMEN TOTAL'!M81 -> 0 | H78: ='RESUMEN TOTAL'!N81 -> 0 | I78: ='RESUMEN TOTAL'!O81 -> 0 | J78: ='RESUMEN TOTAL'!P81 -> 0 | K78: ='RESUMEN TOTAL'!Q81 -> 0 | L78: ='RESUMEN TOTAL'!R81 -> 0 | M78: ='RESUMEN TOTAL'!S81 -> 0 | ... AI78: ='RESUMEN TOTAL'!AO81 -> 0 | AJ78: ='RESUMEN TOTAL'!#REF! -> #REF!
A79: ='RESUMEN TOTAL'!A82 -> PARADAS SEGURAS | B79: ='RESUMEN TOTAL'!B82 -> 67 I | C79: ='RESUMEN TOTAL'!D82 -> Lujan y 907 A | D79: ='RESUMEN TOTAL'!E82 -> INTERCOMUNICADOR | E79: ='RESUMEN TOTAL'!F82 -> GPON | F79: ='RESUMEN TOTAL'!L82 -> 0 | G79: ='RESUMEN TOTAL'!M82 -> 0 | H79: ='RESUMEN TOTAL'!N82 -> 0 | I79: ='RESUMEN TOTAL'!O82 -> 0 | J79: ='RESUMEN TOTAL'!P82 -> 0 | K79: ='RESUMEN TOTAL'!Q82 -> 0 | L79: ='RESUMEN TOTAL'!R82 -> 0 | M79: ='RESUMEN TOTAL'!S82 -> 0 | ... AI79: ='RESUMEN TOTAL'!AO82 -> 0 | AJ79: ='RESUMEN TOTAL'!#REF! -> #REF!
A80: ='RESUMEN TOTAL'!A83 -> ALTAMIRA | B80: ='RESUMEN TOTAL'!B83 -> ALT 03 | C80: ='RESUMEN TOTAL'!D83 -> Bombero Galarza y Necochea | D80: ='RESUMEN TOTAL'!E83 -> Domo | E80: ='RESUMEN TOTAL'!F83 -> Fibra Optica | F80: ='RESUMEN TOTAL'!L83 -> 0 | G80: ='RESUMEN TOTAL'!M83 -> 0 | H80: ='RESUMEN TOTAL'!N83 -> 0 | I80: ='RESUMEN TOTAL'!O83 -> 0 | J80: ='RESUMEN TOTAL'!P83 -> 0 | K80: ='RESUMEN TOTAL'!Q83 -> 0 | L80: ='RESUMEN TOTAL'!R83 -> 0 | M80: ='RESUMEN TOTAL'!S83 -> 0 | ... AI80: ='RESUMEN TOTAL'!AO83 -> 0 | AJ80: ='RESUMEN TOTAL'!#REF! -> #REF!
... A121: ='RESUMEN TOTAL'!A124 -> CENTRO | B121: ='RESUMEN TOTAL'!B124 -> CEN 79 | C121: ='RESUMEN TOTAL'!D124 -> Diag. Constituyente y Brown | D121: ='RESUMEN TOTAL'!E124 -> Fija | E121: ='RESUMEN TOTAL'!F124 -> Fibra Optica | F121: ='RESUMEN TOTAL'!L124 -> 0 | G121: ='RESUMEN TOTAL'!M124 -> 0 | H121: ='RESUMEN TOTAL'!N124 -> 0 | I121: ='RESUMEN TOTAL'!O124 -> 0 | J121: ='RESUMEN TOTAL'!P124 -> 0 | K121: ='RESUMEN TOTAL'!Q124 -> 0 | L121: ='RESUMEN TOTAL'!R124 -> 0 | M121: ='RESUMEN TOTAL'!S124 -> 0 | ... AI121: ='RESUMEN TOTAL'!AO124 -> 0 | AJ121: ='RESUMEN TOTAL'!#REF! -> #REF!
A122: ='RESUMEN TOTAL'!A126 -> CENTRO | B122: ='RESUMEN TOTAL'!B126 -> CEN 81 | C122: ='RESUMEN TOTAL'!D126 -> Alberdi y A.del Valle | D122: ='RESUMEN TOTAL'!E126 -> Fija | E122: ='RESUMEN TOTAL'!F126 -> Fibra Optica | F122: ='RESUMEN TOTAL'!L126 -> 0 | G122: ='RESUMEN TOTAL'!M126 -> 0 | H122: ='RESUMEN TOTAL'!N126 -> 0 | I122: ='RESUMEN TOTAL'!O126 -> 0 | J122: ='RESUMEN TOTAL'!P126 -> 0 | K122: ='RESUMEN TOTAL'!Q126 -> 0 | L122: ='RESUMEN TOTAL'!R126 -> 0 | M122: ='RESUMEN TOTAL'!S126 -> 0 | ... AI122: ='RESUMEN TOTAL'!AO126 -> 0 | AJ122: ='RESUMEN TOTAL'!#REF! -> #REF!
A123: ='RESUMEN TOTAL'!A127 -> CENTRO | B123: ='RESUMEN TOTAL'!B127 -> CEN 82 | C123: ='RESUMEN TOTAL'!D127 -> DORREGO Y BOUREL | D123: ='RESUMEN TOTAL'!E127 -> Domo | E123: ='RESUMEN TOTAL'!F127 -> Fibra Optica | F123: ='RESUMEN TOTAL'!L127 -> 0 | G123: ='RESUMEN TOTAL'!M127 -> 0 | H123: ='RESUMEN TOTAL'!N127 -> 0 | I123: ='RESUMEN TOTAL'!O127 -> 0 | J123: ='RESUMEN TOTAL'!P127 -> 0 | K123: ='RESUMEN TOTAL'!Q127 -> 0 | L123: ='RESUMEN TOTAL'!R127 -> 0 | M123: ='RESUMEN TOTAL'!S127 -> 0 | ... AI123: ='RESUMEN TOTAL'!AO127 -> 0 | AJ123: ='RESUMEN TOTAL'!#REF! -> #REF!
A124: ='RESUMEN TOTAL'!A128 -> CENTRO | B124: ='RESUMEN TOTAL'!B128 -> CEN 84 | C124: ='RESUMEN TOTAL'!D128 -> 25 DE MAYO Y MAIPU | D124: ='RESUMEN TOTAL'!E128 -> Fija | E124: ='RESUMEN TOTAL'!F128 -> Fibra Optica | F124: ='RESUMEN TOTAL'!L128 -> APAGADO | G124: ='RESUMEN TOTAL'!M128 -> APAGADO | H124: ='RESUMEN TOTAL'!N128 -> APAGADO | I124: ='RESUMEN TOTAL'!O128 -> APAGADO | J124: ='RESUMEN TOTAL'!P128 -> APAGADO | K124: ='RESUMEN TOTAL'!Q128 -> APAGADO | L124: ='RESUMEN TOTAL'!R128 -> APAGADO | M124: ='RESUMEN TOTAL'!S128 -> APAGADO | ... AI124: ='RESUMEN TOTAL'!AO128 -> 0 | AJ124: ='RESUMEN TOTAL'!#REF! -> #REF!
A125: ='RESUMEN TOTAL'!A129 -> CENTRO | B125: ='RESUMEN TOTAL'!B129 -> CEN 85 | C125: ='RESUMEN TOTAL'!D129 -> PTE PERON E/ PRINGLES Y BROWN | D125: ='RESUMEN TOTAL'!E129 -> Fija | E125: ='RESUMEN TOTAL'!F129 -> Fibra Optica | F125: ='RESUMEN TOTAL'!L129 -> 0 | G125: ='RESUMEN TOTAL'!M129 -> 0 | H125: ='RESUMEN TOTAL'!N129 -> 0 | I125: ='RESUMEN TOTAL'!O129 -> 0 | J125: ='RESUMEN TOTAL'!P129 -> 0 | K125: ='RESUMEN TOTAL'!Q129 -> 0 | L125: ='RESUMEN TOTAL'!R129 -> 0 | M125: ='RESUMEN TOTAL'!S129 -> 0 | ... AI125: ='RESUMEN TOTAL'!AO129 -> 0 | AJ125: ='RESUMEN TOTAL'!#REF! -> #REF!
A126: ='RESUMEN TOTAL'!A130 -> CENTRO | B126: ='RESUMEN TOTAL'!B130 -> CEN 86 | C126: ='RESUMEN TOTAL'!D130 -> Monteagudo y Bocuzzi | D126: ='RESUMEN TOTAL'!E130 -> Fija | E126: ='RESUMEN TOTAL'!F130 -> Fibra Optica | F126: ='RESUMEN TOTAL'!L130 -> 0 | G126: ='RESUMEN TOTAL'!M130 -> 0 | H126: ='RESUMEN TOTAL'!N130 -> 0 | I126: ='RESUMEN TOTAL'!O130 -> 0 | J126: ='RESUMEN TOTAL'!P130 -> 0 | K126: ='RESUMEN TOTAL'!Q130 -> 0 | L126: ='RESUMEN TOTAL'!R130 -> 0 | M126: ='RESUMEN TOTAL'!S130 -> 0 | ... AI126: ='RESUMEN TOTAL'!AO130 -> 0 | AJ126: ='RESUMEN TOTAL'!#REF! -> #REF!
A127: ='RESUMEN TOTAL'!A131 -> CENTRO | B127: ='RESUMEN TOTAL'!B131 -> CEN01 | C127: ='RESUMEN TOTAL'!D131 -> San Martin y 9 de Julio | D127: ='RESUMEN TOTAL'!E131 -> Fija | E127: ='RESUMEN TOTAL'!F131 -> Fibra Optica | F127: ='RESUMEN TOTAL'!L131 -> 0 | G127: ='RESUMEN TOTAL'!M131 -> 0 | H127: ='RESUMEN TOTAL'!N131 -> APAGADO | I127: ='RESUMEN TOTAL'!O131 -> APAGADO | J127: ='RESUMEN TOTAL'!P131 -> APAGADO | K127: ='RESUMEN TOTAL'!Q131 -> APAGADO | L127: ='RESUMEN TOTAL'!R131 -> APAGADO | M127: ='RESUMEN TOTAL'!S131 -> APAGADO | ... AI127: ='RESUMEN TOTAL'!AO131 -> 0 | AJ127: ='RESUMEN TOTAL'!#REF! -> #REF!
A128: ='RESUMEN TOTAL'!A132 -> CENTRO | B128: ='RESUMEN TOTAL'!B132 -> CEN02 | C128: ='RESUMEN TOTAL'!D132 -> San Martin y Almafuerte | D128: ='RESUMEN TOTAL'!E132 -> Fija | E128: ='RESUMEN TOTAL'!F132 -> Fibra Optica | F128: ='RESUMEN TOTAL'!L132 -> 0 | G128: ='RESUMEN TOTAL'!M132 -> 0 | H128: ='RESUMEN TOTAL'!N132 -> 0 | I128: ='RESUMEN TOTAL'!O132 -> 0 | J128: ='RESUMEN TOTAL'!P132 -> 0 | K128: ='RESUMEN TOTAL'!Q132 -> 0 | L128: ='RESUMEN TOTAL'!R132 -> 0 | M128: ='RESUMEN TOTAL'!S132 -> 0 | ... AI128: ='RESUMEN TOTAL'!AO132 -> 0 | AJ128: ='RESUMEN TOTAL'!#REF! -> #REF!
A129: ='RESUMEN TOTAL'!A133 -> CENTRO | B129: ='RESUMEN TOTAL'!B133 -> CEN03 | C129: ='RESUMEN TOTAL'!D133 -> San Martin y Sallares | D129: ='RESUMEN TOTAL'!E133 -> Domo | E129: ='RESUMEN TOTAL'!F133 -> Fibra Optica | F129: ='RESUMEN TOTAL'!L133 -> 0 | G129: ='RESUMEN TOTAL'!M133 -> 0 | H129: ='RESUMEN TOTAL'!N133 -> 0 | I129: ='RESUMEN TOTAL'!O133 -> 0 | J129: ='RESUMEN TOTAL'!P133 -> 0 | K129: ='RESUMEN TOTAL'!Q133 -> 0 | L129: ='RESUMEN TOTAL'!R133 -> 0 | M129: ='RESUMEN TOTAL'!S133 -> 0 | ... AI129: ='RESUMEN TOTAL'!AO133 -> 0 | AJ129: ='RESUMEN TOTAL'!#REF! -> #REF!
A130: ='RESUMEN TOTAL'!A134 -> CENTRO | B130: ='RESUMEN TOTAL'!B134 -> CEN04 | C130: ='RESUMEN TOTAL'!D134 -> San Martin y Contreras | D130: ='RESUMEN TOTAL'!E134 -> Domo | E130: ='RESUMEN TOTAL'!F134 -> Fibra Optica | F130: ='RESUMEN TOTAL'!L134 -> 0 | G130: ='RESUMEN TOTAL'!M134 -> 0 | H130: ='RESUMEN TOTAL'!N134 -> 0 | I130: ='RESUMEN TOTAL'!O134 -> 0 | J130: ='RESUMEN TOTAL'!P134 -> 0 | K130: ='RESUMEN TOTAL'!Q134 -> 0 | L130: ='RESUMEN TOTAL'!R134 -> 0 | M130: ='RESUMEN TOTAL'!S134 -> 0 | ... AI130: ='RESUMEN TOTAL'!AO134 -> 0 | AJ130: ='RESUMEN TOTAL'!#REF! -> #REF!
A131: ='RESUMEN TOTAL'!A135 -> CENTRO | B131: ='RESUMEN TOTAL'!B135 -> CEN06 | C131: ='RESUMEN TOTAL'!D135 -> Monteagudo y A.del Valle | D131: ='RESUMEN TOTAL'!E135 -> Fija | E131: ='RESUMEN TOTAL'!F135 -> Fibra Optica | F131: ='RESUMEN TOTAL'!L135 -> 0 | G131: ='RESUMEN TOTAL'!M135 -> 0 | H131: ='RESUMEN TOTAL'!N135 -> 0 | I131: ='RESUMEN TOTAL'!O135 -> 0 | J131: ='RESUMEN TOTAL'!P135 -> 0 | K131: ='RESUMEN TOTAL'!Q135 -> 0 | L131: ='RESUMEN TOTAL'!R135 -> 0 | M131: ='RESUMEN TOTAL'!S135 -> 0 | ... AI131: ='RESUMEN TOTAL'!AO135 -> 0 | AJ131: ='RESUMEN TOTAL'!#REF! -> #REF!
A132: ='RESUMEN TOTAL'!A136 -> CENTRO | B132: ='RESUMEN TOTAL'!B136 -> CEN07 | C132: ='RESUMEN TOTAL'!D136 -> San Martin y Guemes | D132: ='RESUMEN TOTAL'!E136 -> DOMO | E132: ='RESUMEN TOTAL'!F136 -> Fibra Optica | F132: ='RESUMEN TOTAL'!L136 -> APAGADO | G132: ='RESUMEN TOTAL'!M136 -> APAGADO | H132: ='RESUMEN TOTAL'!N136 -> 0 | I132: ='RESUMEN TOTAL'!O136 -> 0 | J132: ='RESUMEN TOTAL'!P136 -> 0 | K132: ='RESUMEN TOTAL'!Q136 -> 0 | L132: ='RESUMEN TOTAL'!R136 -> 0 | M132: ='RESUMEN TOTAL'!S136 -> 0 | ... AI132: ='RESUMEN TOTAL'!AO136 -> 0 | AJ132: ='RESUMEN TOTAL'!#REF! -> #REF!
A133: ='RESUMEN TOTAL'!A137 -> CENTRO | B133: ='RESUMEN TOTAL'!B137 -> CEN08 | C133: ='RESUMEN TOTAL'!D137 -> San Martin y Pte.Peron | D133: ='RESUMEN TOTAL'!E137 -> Domo | E133: ='RESUMEN TOTAL'!F137 -> Fibra Optica | F133: ='RESUMEN TOTAL'!L137 -> 0 | G133: ='RESUMEN TOTAL'!M137 -> 0 | H133: ='RESUMEN TOTAL'!N137 -> 0 | I133: ='RESUMEN TOTAL'!O137 -> 0 | J133: ='RESUMEN TOTAL'!P137 -> 0 | K133: ='RESUMEN TOTAL'!Q137 -> 0 | L133: ='RESUMEN TOTAL'!R137 -> 0 | M133: ='RESUMEN TOTAL'!S137 -> 0 | ... AI133: ='RESUMEN TOTAL'!AO137 -> 0 | AJ133: ='RESUMEN TOTAL'!#REF! -> #REF!
... A200: ='RESUMEN TOTAL'!A204 -> EL PARQUE | B200: ='RESUMEN TOTAL'!B204 -> EPQ 01 | C200: ='RESUMEN TOTAL'!D204 -> 1282 Y GRIERSON | D200: ='RESUMEN TOTAL'!E204 -> DOMO | E200: ='RESUMEN TOTAL'!F204 -> Fibra Optica | F200: ='RESUMEN TOTAL'!L204 -> 0 | G200: ='RESUMEN TOTAL'!M204 -> 0 | H200: ='RESUMEN TOTAL'!N204 -> 0 | I200: ='RESUMEN TOTAL'!O204 -> 0 | J200: ='RESUMEN TOTAL'!P204 -> 0 | K200: ='RESUMEN TOTAL'!Q204 -> 0 | L200: ='RESUMEN TOTAL'!R204 -> 0 | M200: ='RESUMEN TOTAL'!S204 -> 0 | ... AI200: ='RESUMEN TOTAL'!AO204 -> 0 | AJ200: ='RESUMEN TOTAL'!#REF! -> #REF!
A201: ='RESUMEN TOTAL'!A206 -> EL PARQUE | B201: ='RESUMEN TOTAL'!B206 -> EPQ 03 | C201: ='RESUMEN TOTAL'!D206 -> 1282 Y RP 36 | D201: ='RESUMEN TOTAL'!E206 -> Domo | E201: ='RESUMEN TOTAL'!F206 -> Fibra Optica | F201: ='RESUMEN TOTAL'!L206 -> APAGADO | G201: ='RESUMEN TOTAL'!M206 -> APAGADO | H201: ='RESUMEN TOTAL'!N206 -> APAGADO | I201: ='RESUMEN TOTAL'!O206 -> APAGADO | J201: ='RESUMEN TOTAL'!P206 -> APAGADO | K201: ='RESUMEN TOTAL'!Q206 -> APAGADO | L201: ='RESUMEN TOTAL'!R206 -> APAGADO | M201: ='RESUMEN TOTAL'!S206 -> APAGADO | ... AI201: ='RESUMEN TOTAL'!AO206 -> 0 | AJ201: ='RESUMEN TOTAL'!#REF! -> #REF!
A202: ='RESUMEN TOTAL'!A207 -> EL PARQUE | B202: ='RESUMEN TOTAL'!B207 -> EPQ 04 | C202: ='RESUMEN TOTAL'!D207 -> 1282 Y MORENO | D202: ='RESUMEN TOTAL'!E207 -> DOMO | E202: ='RESUMEN TOTAL'!F207 -> Fibra Optica | F202: ='RESUMEN TOTAL'!L207 -> 0 | G202: ='RESUMEN TOTAL'!M207 -> 0 | H202: ='RESUMEN TOTAL'!N207 -> 0 | I202: ='RESUMEN TOTAL'!O207 -> 0 | J202: ='RESUMEN TOTAL'!P207 -> 0 | K202: ='RESUMEN TOTAL'!Q207 -> 0 | L202: ='RESUMEN TOTAL'!R207 -> 0 | M202: ='RESUMEN TOTAL'!S207 -> 0 | ... AI202: ='RESUMEN TOTAL'!AO207 -> 0 | AJ202: ='RESUMEN TOTAL'!#REF! -> #REF!
A203: ='RESUMEN TOTAL'!A208 -> LA ESMERALDA | B203: ='RESUMEN TOTAL'!B208 -> ESM 08 | C203: ='RESUMEN TOTAL'!D208 -> DAVINSON Y MORANCHEL | D203: ='RESUMEN TOTAL'!E208 -> FIJA | E203: ='RESUMEN TOTAL'!F208 -> Radio | F203: ='RESUMEN TOTAL'!L208 -> 0 | G203: ='RESUMEN TOTAL'!M208 -> 0 | H203: ='RESUMEN TOTAL'!N208 -> 0 | I203: ='RESUMEN TOTAL'!O208 -> 0 | J203: ='RESUMEN TOTAL'!P208 -> 0 | K203: ='RESUMEN TOTAL'!Q208 -> 0 | L203: ='RESUMEN TOTAL'!R208 -> 0 | M203: ='RESUMEN TOTAL'!S208 -> 0 | ... AI203: ='RESUMEN TOTAL'!AO208 -> 0 | AJ203: ='RESUMEN TOTAL'!#REF! -> #REF!
A204: ='RESUMEN TOTAL'!A209 -> LA ESMERALDA | B204: ='RESUMEN TOTAL'!B209 -> ESM 13 | C204: ='RESUMEN TOTAL'!D209 -> Barzi y Serrano | D204: ='RESUMEN TOTAL'!E209 -> fija | E204: ='RESUMEN TOTAL'!F209 -> Fibra Optica | F204: ='RESUMEN TOTAL'!L209 -> APAGADO | G204: ='RESUMEN TOTAL'!M209 -> APAGADO | H204: ='RESUMEN TOTAL'!N209 -> APAGADO | I204: ='RESUMEN TOTAL'!O209 -> APAGADO | J204: ='RESUMEN TOTAL'!P209 -> 0 | K204: ='RESUMEN TOTAL'!Q209 -> 0 | L204: ='RESUMEN TOTAL'!R209 -> 0 | M204: ='RESUMEN TOTAL'!S209 -> 0 | ... AI204: ='RESUMEN TOTAL'!AO209 -> 0 | AJ204: ='RESUMEN TOTAL'!#REF! -> #REF!
A205: ='RESUMEN TOTAL'!A210 -> LA ESMERALDA | B205: ='RESUMEN TOTAL'!B210 -> ESM 14 | C205: ='RESUMEN TOTAL'!D210 -> Barzi y Serrano | D205: ='RESUMEN TOTAL'!E210 -> fija | E205: ='RESUMEN TOTAL'!F210 -> Fibra Optica | F205: ='RESUMEN TOTAL'!L210 -> 0 | G205: ='RESUMEN TOTAL'!M210 -> 0 | H205: ='RESUMEN TOTAL'!N210 -> 0 | I205: ='RESUMEN TOTAL'!O210 -> 0 | J205: ='RESUMEN TOTAL'!P210 -> 0 | K205: ='RESUMEN TOTAL'!Q210 -> 0 | L205: ='RESUMEN TOTAL'!R210 -> 0 | M205: ='RESUMEN TOTAL'!S210 -> 0 | ... AI205: ='RESUMEN TOTAL'!AO210 -> 0 | AJ205: ='RESUMEN TOTAL'!#REF! -> #REF!
A206: ='RESUMEN TOTAL'!A211 -> LA ESMERALDA | B206: ='RESUMEN TOTAL'!B211 -> ESM 15 | C206: ='RESUMEN TOTAL'!D211 -> Basualdo y Lieja | D206: ='RESUMEN TOTAL'!E211 -> Fija | E206: ='RESUMEN TOTAL'!F211 -> Fibra Optica | F206: ='RESUMEN TOTAL'!L211 -> 0 | G206: ='RESUMEN TOTAL'!M211 -> 0 | H206: ='RESUMEN TOTAL'!N211 -> 0 | I206: ='RESUMEN TOTAL'!O211 -> 0 | J206: ='RESUMEN TOTAL'!P211 -> 0 | K206: ='RESUMEN TOTAL'!Q211 -> 0 | L206: ='RESUMEN TOTAL'!R211 -> 0 | M206: ='RESUMEN TOTAL'!S211 -> 0 | ... AI206: ='RESUMEN TOTAL'!AO211 -> 0 | AJ206: ='RESUMEN TOTAL'!#REF! -> #REF!
A207: ='RESUMEN TOTAL'!A212 -> LA ESMERALDA | B207: ='RESUMEN TOTAL'!B212 -> ESM 16 | C207: ='RESUMEN TOTAL'!D212 -> Basualdo y Lieja | D207: ='RESUMEN TOTAL'!E212 -> Fija | E207: ='RESUMEN TOTAL'!F212 -> Fibra Optica | F207: ='RESUMEN TOTAL'!L212 -> 0 | G207: ='RESUMEN TOTAL'!M212 -> 0 | H207: ='RESUMEN TOTAL'!N212 -> 0 | I207: ='RESUMEN TOTAL'!O212 -> 0 | J207: ='RESUMEN TOTAL'!P212 -> 0 | K207: ='RESUMEN TOTAL'!Q212 -> 0 | L207: ='RESUMEN TOTAL'!R212 -> 0 | M207: ='RESUMEN TOTAL'!S212 -> 0 | ... AI207: ='RESUMEN TOTAL'!AO212 -> 0 | AJ207: ='RESUMEN TOTAL'!#REF! -> #REF!
A208: ='RESUMEN TOTAL'!A213 -> LA ESMERALDA | B208: ='RESUMEN TOTAL'!B213 -> ESM01 | C208: ='RESUMEN TOTAL'!D213 -> Cabello y Brasil | D208: ='RESUMEN TOTAL'!E213 -> Domo | E208: ='RESUMEN TOTAL'!F213 -> Radio | F208: ='RESUMEN TOTAL'!L213 -> 0 | G208: ='RESUMEN TOTAL'!M213 -> 0 | H208: ='RESUMEN TOTAL'!N213 -> 0 | I208: ='RESUMEN TOTAL'!O213 -> 0 | J208: ='RESUMEN TOTAL'!P213 -> 0 | K208: ='RESUMEN TOTAL'!Q213 -> 0 | L208: ='RESUMEN TOTAL'!R213 -> 0 | M208: ='RESUMEN TOTAL'!S213 -> 0 | ... AI208: ='RESUMEN TOTAL'!AO213 -> 0 | AJ208: ='RESUMEN TOTAL'!#REF! -> #REF!
A209: ='RESUMEN TOTAL'!A214 -> SAN JORGE | B209: ='RESUMEN TOTAL'!B214 -> ESM02 | C209: ='RESUMEN TOTAL'!D214 -> Novak y Cabello | D209: ='RESUMEN TOTAL'!E214 -> Domo | E209: ='RESUMEN TOTAL'!F214 -> PTO A FO | F209: ='RESUMEN TOTAL'!L214 -> 0 | G209: ='RESUMEN TOTAL'!M214 -> 0 | H209: ='RESUMEN TOTAL'!N214 -> 0 | I209: ='RESUMEN TOTAL'!O214 -> 0 | J209: ='RESUMEN TOTAL'!P214 -> 0 | K209: ='RESUMEN TOTAL'!Q214 -> 0 | L209: ='RESUMEN TOTAL'!R214 -> 0 | M209: ='RESUMEN TOTAL'!S214 -> 0 | ... AI209: ='RESUMEN TOTAL'!AO214 -> 0 | AJ209: ='RESUMEN TOTAL'!#REF! -> #REF!
A210: ='RESUMEN TOTAL'!A215 -> 0 | B210: ='RESUMEN TOTAL'!B215 -> ESM03 | C210: ='RESUMEN TOTAL'!D215 -> Novak y Humahuaca | D210: ='RESUMEN TOTAL'!E215 -> DOMO | E210: ='RESUMEN TOTAL'!F215 -> PTO A FO | F210: ='RESUMEN TOTAL'!L215 -> 0 | G210: ='RESUMEN TOTAL'!M215 -> 0 | H210: ='RESUMEN TOTAL'!N215 -> 0 | I210: ='RESUMEN TOTAL'!O215 -> 0 | J210: ='RESUMEN TOTAL'!P215 -> 0 | K210: ='RESUMEN TOTAL'!Q215 -> 0 | L210: ='RESUMEN TOTAL'!R215 -> 0 | M210: ='RESUMEN TOTAL'!S215 -> 0 | ... AI210: ='RESUMEN TOTAL'!AO215 -> 0 | AJ210: ='RESUMEN TOTAL'!#REF! -> #REF!
A211: ='RESUMEN TOTAL'!A216 -> LA ESMERALDA | B211: ='RESUMEN TOTAL'!B216 -> ESM04 | C211: ='RESUMEN TOTAL'!D216 -> Basualdo y Bengochea | D211: ='RESUMEN TOTAL'!E216 -> Domo | E211: ='RESUMEN TOTAL'!F216 -> Fibra Optica | F211: ='RESUMEN TOTAL'!L216 -> APAGADO | G211: ='RESUMEN TOTAL'!M216 -> APAGADO | H211: ='RESUMEN TOTAL'!N216 -> APAGADO | I211: ='RESUMEN TOTAL'!O216 -> APAGADO | J211: ='RESUMEN TOTAL'!P216 -> APAGADO | K211: ='RESUMEN TOTAL'!Q216 -> APAGADO | L211: ='RESUMEN TOTAL'!R216 -> APAGADO | M211: ='RESUMEN TOTAL'!S216 -> APAGADO | ... AI211: ='RESUMEN TOTAL'!AO216 -> 0 | AJ211: ='RESUMEN TOTAL'!#REF! -> #REF!
A212: ='RESUMEN TOTAL'!A217 -> LA ESMERALDA | B212: ='RESUMEN TOTAL'!B217 -> ESM05 | C212: ='RESUMEN TOTAL'!D217 -> Aniceto Diaz y Villar | D212: ='RESUMEN TOTAL'!E217 -> Domo | E212: ='RESUMEN TOTAL'!F217 -> Fibra Optica | F212: ='RESUMEN TOTAL'!L217 -> APAGADO | G212: ='RESUMEN TOTAL'!M217 -> APAGADO | H212: ='RESUMEN TOTAL'!N217 -> APAGADO | I212: ='RESUMEN TOTAL'!O217 -> APAGADO | J212: ='RESUMEN TOTAL'!P217 -> APAGADO | K212: ='RESUMEN TOTAL'!Q217 -> APAGADO | L212: ='RESUMEN TOTAL'!R217 -> APAGADO | M212: ='RESUMEN TOTAL'!S217 -> APAGADO | ... AI212: ='RESUMEN TOTAL'!AO217 -> 0 | AJ212: ='RESUMEN TOTAL'!#REF! -> #REF!
... A267: ='RESUMEN TOTAL'!A272 -> LUJAN | B267: ='RESUMEN TOTAL'!B272 -> LUJ 01 | C267: ='RESUMEN TOTAL'!D272 -> ñandu y Los Pinos | D267: ='RESUMEN TOTAL'!E272 -> Domo | E267: ='RESUMEN TOTAL'!F272 -> Radio | F267: ='RESUMEN TOTAL'!L272 -> 0 | G267: ='RESUMEN TOTAL'!M272 -> 0 | H267: ='RESUMEN TOTAL'!N272 -> 0 | I267: ='RESUMEN TOTAL'!O272 -> 0 | J267: ='RESUMEN TOTAL'!P272 -> 0 | K267: ='RESUMEN TOTAL'!Q272 -> 0 | L267: ='RESUMEN TOTAL'!R272 -> 0 | M267: ='RESUMEN TOTAL'!S272 -> 0 | ... AI267: ='RESUMEN TOTAL'!AO272 -> 0 | AJ267: ='RESUMEN TOTAL'!#REF! -> #REF!
A268: ='RESUMEN TOTAL'!A273 -> VILLA ARGENTINA | B268: ='RESUMEN TOTAL'!B273 -> LUJ 02 | C268: ='RESUMEN TOTAL'!D273 -> DIAG. LOS TILOS Y 527 | D268: ='RESUMEN TOTAL'!E273 -> DOMO | E268: ='RESUMEN TOTAL'!F273 -> PTO A FO | F268: ='RESUMEN TOTAL'!L273 -> APAGADO | G268: ='RESUMEN TOTAL'!M273 -> APAGADO | H268: ='RESUMEN TOTAL'!N273 -> APAGADO | I268: ='RESUMEN TOTAL'!O273 -> APAGADO | J268: ='RESUMEN TOTAL'!P273 -> APAGADO | K268: ='RESUMEN TOTAL'!Q273 -> APAGADO | L268: ='RESUMEN TOTAL'!R273 -> APAGADO | M268: ='RESUMEN TOTAL'!S273 -> APAGADO | ... U268: ='RESUMEN TOTAL'!AA273 -> APAGADO | V268: ='RESUMEN TOTAL'!AB274 -> 0 | W268: ='RESUMEN TOTAL'!AC273 -> APAGADO | X268: ='RESUMEN TOTAL'!AD273 -> APAGADO | Y268: ='RESUMEN TOTAL'!AE273 -> APAGADO | Z268: ='RESUMEN TOTAL'!AF273 -> APAGADO | AA268: ='RESUMEN TOTAL'!AG273 -> APAGADO | AB268: ='RESUMEN TOTAL'!AH273 -> APAGADO | AC268: ='RESUMEN TOTAL'!AI273 -> APAGADO | AD268: ='RESUMEN TOTAL'!AJ273 -> APAGADO | ... AI268: ='RESUMEN TOTAL'!AO273 -> 0 | AJ268: ='RESUMEN TOTAL'!#REF! -> #REF!
A269: ='RESUMEN TOTAL'!A274 -> LUJAN | B269: ='RESUMEN TOTAL'!B274 -> LUJ03 | C269: ='RESUMEN TOTAL'!D274 -> LOS PINOS Y LOS TILOS | D269: ='RESUMEN TOTAL'!E274 -> DOMO | E269: ='RESUMEN TOTAL'!F274 -> Fibra Optica | F269: ='RESUMEN TOTAL'!L274 -> 0 | G269: ='RESUMEN TOTAL'!M274 -> 0 | H269: ='RESUMEN TOTAL'!N274 -> 0 | I269: ='RESUMEN TOTAL'!O274 -> 0 | J269: ='RESUMEN TOTAL'!P274 -> 0 | K269: ='RESUMEN TOTAL'!Q274 -> 0 | L269: ='RESUMEN TOTAL'!R274 -> 0 | M269: ='RESUMEN TOTAL'!S274 -> 0 | ... U269: ='RESUMEN TOTAL'!AA274 -> 0 | V269: ='RESUMEN TOTAL'!#REF! -> #REF! | W269: ='RESUMEN TOTAL'!AC274 -> 0 | X269: ='RESUMEN TOTAL'!AD274 -> 0 | Y269: ='RESUMEN TOTAL'!AE274 -> 0 | Z269: ='RESUMEN TOTAL'!AF274 -> 0 | AA269: ='RESUMEN TOTAL'!AG274 -> 0 | AB269: ='RESUMEN TOTAL'!AH274 -> 0 | AC269: ='RESUMEN TOTAL'!AI274 -> APAGADO | AD269: ='RESUMEN TOTAL'!AJ274 -> 0 | ... AI269: ='RESUMEN TOTAL'!AO274 -> 0 | AJ269: ='RESUMEN TOTAL'!#REF! -> #REF!
A270: ='RESUMEN TOTAL'!A275 -> PRESIDENTE PERON (PEPSI) | B270: ='RESUMEN TOTAL'!B275 -> MAR 01 | C270: ='RESUMEN TOTAL'!D275 -> RP36 Y LA ESMERALDA | D270: ='RESUMEN TOTAL'!E275 -> DOMO | E270: ='RESUMEN TOTAL'!F275 -> PTO A FO | F270: ='RESUMEN TOTAL'!L275 -> APAGADO | G270: ='RESUMEN TOTAL'!M275 -> APAGADO | H270: ='RESUMEN TOTAL'!N275 -> APAGADO | I270: ='RESUMEN TOTAL'!O275 -> APAGADO | J270: ='RESUMEN TOTAL'!P275 -> APAGADO | K270: ='RESUMEN TOTAL'!Q275 -> APAGADO | L270: ='RESUMEN TOTAL'!R275 -> APAGADO | M270: ='RESUMEN TOTAL'!S275 -> APAGADO | ... AI270: ='RESUMEN TOTAL'!AO275 -> 0 | AJ270: ='RESUMEN TOTAL'!#REF! -> #REF!
A271: ='RESUMEN TOTAL'!A276 -> RICARDO ROJAS | B271: ='RESUMEN TOTAL'!B276 -> MAR 02 (FIJA1) | C271: ='RESUMEN TOTAL'!D276 -> LUJAN Y PATAGONES | D271: ='RESUMEN TOTAL'!E276 -> Fija | E271: ='RESUMEN TOTAL'!F276 -> Fibra Optica | F271: ='RESUMEN TOTAL'!L276 -> 0 | G271: ='RESUMEN TOTAL'!M276 -> 0 | H271: ='RESUMEN TOTAL'!N276 -> 0 | I271: ='RESUMEN TOTAL'!O276 -> 0 | J271: ='RESUMEN TOTAL'!P276 -> 0 | K271: ='RESUMEN TOTAL'!Q276 -> 0 | L271: ='RESUMEN TOTAL'!R276 -> 0 | M271: ='RESUMEN TOTAL'!S276 -> 0 | ... AI271: ='RESUMEN TOTAL'!AO276 -> 0 | AJ271: ='RESUMEN TOTAL'!#REF! -> #REF!
A272: ='RESUMEN TOTAL'!A277 -> LAS MARGARITAS | B272: ='RESUMEN TOTAL'!B277 -> MAR 03(FIJA 2) | C272: ='RESUMEN TOTAL'!D277 -> LUJAN Y PATAGONES | D272: ='RESUMEN TOTAL'!E277 -> Fija | E272: ='RESUMEN TOTAL'!F277 -> Fibra Optica | F272: ='RESUMEN TOTAL'!L277 -> 0 | G272: ='RESUMEN TOTAL'!M277 -> 0 | H272: ='RESUMEN TOTAL'!N277 -> 0 | I272: ='RESUMEN TOTAL'!O277 -> 0 | J272: ='RESUMEN TOTAL'!P277 -> 0 | K272: ='RESUMEN TOTAL'!Q277 -> 0 | L272: ='RESUMEN TOTAL'!R277 -> 0 | M272: ='RESUMEN TOTAL'!S277 -> 0 | ... AI272: ='RESUMEN TOTAL'!AO277 -> 0 | AJ272: ='RESUMEN TOTAL'!#REF! -> #REF!
A273: ='RESUMEN TOTAL'!A278 -> MAYOL | B273: ='RESUMEN TOTAL'!B278 -> MAY 01 | C273: ='RESUMEN TOTAL'!D278 -> Eva Peron y Cabildo | D273: ='RESUMEN TOTAL'!E278 -> Domo | E273: ='RESUMEN TOTAL'!F278 -> Radio | F273: ='RESUMEN TOTAL'!L278 -> 0 | G273: ='RESUMEN TOTAL'!M278 -> 0 | H273: ='RESUMEN TOTAL'!N278 -> 0 | I273: ='RESUMEN TOTAL'!O278 -> 0 | J273: ='RESUMEN TOTAL'!P278 -> 0 | K273: ='RESUMEN TOTAL'!Q278 -> 0 | L273: ='RESUMEN TOTAL'!R278 -> 0 | M273: ='RESUMEN TOTAL'!S278 -> 0 | ... AI273: ='RESUMEN TOTAL'!AO278 -> 0 | AJ273: ='RESUMEN TOTAL'!#REF! -> #REF!
A274: ='RESUMEN TOTAL'!A279 -> MAYOL | B274: ='RESUMEN TOTAL'!B279 -> MAY 02 | C274: ='RESUMEN TOTAL'!D279 -> EVA PERON Y MONTEVIDEO | D274: ='RESUMEN TOTAL'!E279 -> Domo | E274: ='RESUMEN TOTAL'!F279 -> Radio | F274: ='RESUMEN TOTAL'!L279 -> 0 | G274: ='RESUMEN TOTAL'!M279 -> 0 | H274: ='RESUMEN TOTAL'!N279 -> 0 | I274: ='RESUMEN TOTAL'!O279 -> 0 | J274: ='RESUMEN TOTAL'!P279 -> 0 | K274: ='RESUMEN TOTAL'!Q279 -> 0 | L274: ='RESUMEN TOTAL'!R279 -> 0 | M274: ='RESUMEN TOTAL'!S279 -> 0 | ... AI274: ='RESUMEN TOTAL'!AO279 -> 0 | AJ274: ='RESUMEN TOTAL'!#REF! -> #REF!
A275: ='RESUMEN TOTAL'!A280 -> MAYOL | B275: ='RESUMEN TOTAL'!B280 -> MAY 03 | C275: ='RESUMEN TOTAL'!D280 -> CHAÑAR Y SAN NICOLAS | D275: ='RESUMEN TOTAL'!E280 -> DOMO | E275: ='RESUMEN TOTAL'!F280 -> PTO A FO | F275: ='RESUMEN TOTAL'!L280 -> APAGADO | G275: ='RESUMEN TOTAL'!M280 -> APAGADO | H275: ='RESUMEN TOTAL'!N280 -> APAGADO | I275: ='RESUMEN TOTAL'!O280 -> APAGADO | J275: ='RESUMEN TOTAL'!P280 -> APAGADO | K275: ='RESUMEN TOTAL'!Q280 -> APAGADO | L275: ='RESUMEN TOTAL'!R280 -> APAGADO | M275: ='RESUMEN TOTAL'!S280 -> APAGADO | ... AI275: ='RESUMEN TOTAL'!AO280 -> 0 | AJ275: ='RESUMEN TOTAL'!#REF! -> #REF!
A276: ='RESUMEN TOTAL'!A281 -> MAYOL | B276: ='RESUMEN TOTAL'!B281 -> MAY 04 | C276: ='RESUMEN TOTAL'!D281 -> MAR CHIQUITA Y RIO JACHAL | D276: ='RESUMEN TOTAL'!E281 -> DOMO | E276: ='RESUMEN TOTAL'!F281 -> Radio | F276: ='RESUMEN TOTAL'!L281 -> 0 | G276: ='RESUMEN TOTAL'!M281 -> 0 | H276: ='RESUMEN TOTAL'!N281 -> 0 | I276: ='RESUMEN TOTAL'!O281 -> 0 | J276: ='RESUMEN TOTAL'!P281 -> 0 | K276: ='RESUMEN TOTAL'!Q281 -> 0 | L276: ='RESUMEN TOTAL'!R281 -> 0 | M276: ='RESUMEN TOTAL'!S281 -> 0 | ... AI276: ='RESUMEN TOTAL'!AO281 -> 0 | AJ276: ='RESUMEN TOTAL'!#REF! -> #REF!
A277: ='RESUMEN TOTAL'!A282 -> MONTE CUDINE | B277: ='RESUMEN TOTAL'!B282 -> MCUD 01 | C277: ='RESUMEN TOTAL'!D282 -> TINOGASTA Y SAN LORENZO | D277: ='RESUMEN TOTAL'!E282 -> Domo | E277: ='RESUMEN TOTAL'!F282 -> Fibra Optica | F277: ='RESUMEN TOTAL'!L282 -> 0 | G277: ='RESUMEN TOTAL'!M282 -> 0 | H277: ='RESUMEN TOTAL'!N282 -> 0 | I277: ='RESUMEN TOTAL'!O282 -> 0 | J277: ='RESUMEN TOTAL'!P282 -> 0 | K277: ='RESUMEN TOTAL'!Q282 -> 0 | L277: ='RESUMEN TOTAL'!R282 -> 0 | M277: ='RESUMEN TOTAL'!S282 -> 0 | ... AI277: ='RESUMEN TOTAL'!AO282 -> 0 | AJ277: ='RESUMEN TOTAL'!#REF! -> #REF!
A278: ='RESUMEN TOTAL'!A283 -> MONTE CUDINE | B278: ='RESUMEN TOTAL'!B283 -> MCUD 02 | C278: ='RESUMEN TOTAL'!D283 -> CALLE 115 A Y 158 | D278: ='RESUMEN TOTAL'!E283 -> DOMO | E278: ='RESUMEN TOTAL'!F283 -> Fibra Optica | F278: ='RESUMEN TOTAL'!L283 -> APAGADO | G278: ='RESUMEN TOTAL'!M283 -> APAGADO | H278: ='RESUMEN TOTAL'!N283 -> APAGADO | I278: ='RESUMEN TOTAL'!O283 -> APAGADO | J278: ='RESUMEN TOTAL'!P283 -> APAGADO | K278: ='RESUMEN TOTAL'!Q283 -> APAGADO | L278: ='RESUMEN TOTAL'!R283 -> APAGADO | M278: ='RESUMEN TOTAL'!S283 -> APAGADO | ... AI278: ='RESUMEN TOTAL'!AO283 -> 0 | AJ278: ='RESUMEN TOTAL'!#REF! -> #REF!
A279: ='RESUMEN TOTAL'!A284 -> MARTIN FIERRO | B279: ='RESUMEN TOTAL'!B284 -> MFI 01 | C279: ='RESUMEN TOTAL'!D284 -> Belgrano y Sgto. Cabral | D279: ='RESUMEN TOTAL'!E284 -> Fija | E279: ='RESUMEN TOTAL'!F284 -> Fibra Optica | F279: ='RESUMEN TOTAL'!L284 -> 0 | G279: ='RESUMEN TOTAL'!M284 -> 0 | H279: ='RESUMEN TOTAL'!N284 -> 0 | I279: ='RESUMEN TOTAL'!O284 -> 0 | J279: ='RESUMEN TOTAL'!P284 -> 0 | K279: ='RESUMEN TOTAL'!Q284 -> 0 | L279: ='RESUMEN TOTAL'!R284 -> 0 | M279: ='RESUMEN TOTAL'!S284 -> 0 | ... AI279: ='RESUMEN TOTAL'!AO284 -> 0 | AJ279: ='RESUMEN TOTAL'!#REF! -> #REF!
A280: ='RESUMEN TOTAL'!A285 -> SAN EMILIO | B280: ='RESUMEN TOTAL'!B285 -> MFI 03 | C280: ='RESUMEN TOTAL'!D285 -> Cno. Gral. Belgrano y Av. del Trabajo | D280: ='RESUMEN TOTAL'!E285 -> Domo | E280: ='RESUMEN TOTAL'!F285 -> Fibra Optica | F280: ='RESUMEN TOTAL'!L285 -> 0 | G280: ='RESUMEN TOTAL'!M285 -> 0 | H280: ='RESUMEN TOTAL'!N285 -> 0 | I280: ='RESUMEN TOTAL'!O285 -> 0 | J280: ='RESUMEN TOTAL'!P285 -> 0 | K280: ='RESUMEN TOTAL'!Q285 -> 0 | L280: ='RESUMEN TOTAL'!R285 -> 0 | M280: ='RESUMEN TOTAL'!S285 -> 0 | ... AI280: ='RESUMEN TOTAL'!AO285 -> 0 | AJ280: ='RESUMEN TOTAL'!#REF! -> #REF!
A281: ='RESUMEN TOTAL'!A286 -> SAN EMILIO | B281: ='RESUMEN TOTAL'!B286 -> MFI 05 | C281: ='RESUMEN TOTAL'!D286 -> Cno. Gral. Belgrano y Guayaquil | D281: ='RESUMEN TOTAL'!E286 -> Domo | E281: ='RESUMEN TOTAL'!F286 -> Fibra Optica | F281: ='RESUMEN TOTAL'!L286 -> 0 | G281: ='RESUMEN TOTAL'!M286 -> 0 | H281: ='RESUMEN TOTAL'!N286 -> 0 | I281: ='RESUMEN TOTAL'!O286 -> 0 | J281: ='RESUMEN TOTAL'!P286 -> 0 | K281: ='RESUMEN TOTAL'!Q286 -> 0 | L281: ='RESUMEN TOTAL'!R286 -> 0 | M281: ='RESUMEN TOTAL'!S286 -> 0 | ... AI281: ='RESUMEN TOTAL'!AO286 -> 0 | AJ281: ='RESUMEN TOTAL'!#REF! -> #REF!
... A294: ='RESUMEN TOTAL'!A299 -> 9 DE JULIO | B294: ='RESUMEN TOTAL'!B299 -> NJU03 | C294: ='RESUMEN TOTAL'!D299 -> San Juan y Parrillo | D294: ='RESUMEN TOTAL'!E299 -> Domo | E294: ='RESUMEN TOTAL'!F299 -> PTO A FO | F294: ='RESUMEN TOTAL'!L299 -> 0 | G294: ='RESUMEN TOTAL'!M299 -> 0 | H294: ='RESUMEN TOTAL'!N299 -> 0 | I294: ='RESUMEN TOTAL'!O299 -> 0 | J294: ='RESUMEN TOTAL'!P299 -> 0 | K294: ='RESUMEN TOTAL'!Q299 -> 0 | L294: ='RESUMEN TOTAL'!R299 -> 0 | M294: ='RESUMEN TOTAL'!S299 -> 0 | ... AI294: ='RESUMEN TOTAL'!AO299 -> 0 | AJ294: ='RESUMEN TOTAL'!#REF! -> #REF!
A295: ='RESUMEN TOTAL'!A301 -> ZEBALLOS CENTRO | B295: ='RESUMEN TOTAL'!B301 -> NJU05 | C295: ='RESUMEN TOTAL'!D301 -> Ituzaingo y Alem | D295: ='RESUMEN TOTAL'!E301 -> Domo | E295: ='RESUMEN TOTAL'!F301 -> Radio | F295: ='RESUMEN TOTAL'!L301 -> APAGADO | G295: ='RESUMEN TOTAL'!M301 -> APAGADO | H295: ='RESUMEN TOTAL'!N301 -> 0 | I295: ='RESUMEN TOTAL'!O301 -> 0 | J295: ='RESUMEN TOTAL'!P301 -> 0 | K295: ='RESUMEN TOTAL'!Q301 -> 0 | L295: ='RESUMEN TOTAL'!R301 -> 0 | M295: ='RESUMEN TOTAL'!S301 -> 0 | ... AI295: ='RESUMEN TOTAL'!AO301 -> 0 | AJ295: ='RESUMEN TOTAL'!#REF! -> #REF!
A296: ='RESUMEN TOTAL'!A302 -> CENTRO | B296: ='RESUMEN TOTAL'!B302 -> NJU06 | C296: ='RESUMEN TOTAL'!D302 -> Sallares y Rodo | D296: ='RESUMEN TOTAL'!E302 -> Domo | E296: ='RESUMEN TOTAL'!F302 -> Fibra Optica | F296: ='RESUMEN TOTAL'!L302 -> 0 | G296: ='RESUMEN TOTAL'!M302 -> 0 | H296: ='RESUMEN TOTAL'!N302 -> 0 | I296: ='RESUMEN TOTAL'!O302 -> 0 | J296: ='RESUMEN TOTAL'!P302 -> 0 | K296: ='RESUMEN TOTAL'!Q302 -> 0 | L296: ='RESUMEN TOTAL'!R302 -> 0 | M296: ='RESUMEN TOTAL'!S302 -> 0 | ... AI296: ='RESUMEN TOTAL'!AO302 -> 0 | AJ296: ='RESUMEN TOTAL'!#REF! -> #REF!
A297: ='RESUMEN TOTAL'!A303 -> 9 DE JULIO | B297: ='RESUMEN TOTAL'!B303 -> NJU07 | C297: ='RESUMEN TOTAL'!D303 -> Gral. Juan Domingo Peron y Parrillo | D297: ='RESUMEN TOTAL'!E303 -> Domo | E297: ='RESUMEN TOTAL'!F303 -> Fibra Optica | F297: ='RESUMEN TOTAL'!L303 -> 0 | G297: ='RESUMEN TOTAL'!M303 -> 0 | H297: ='RESUMEN TOTAL'!N303 -> 0 | I297: ='RESUMEN TOTAL'!O303 -> 0 | J297: ='RESUMEN TOTAL'!P303 -> 0 | K297: ='RESUMEN TOTAL'!Q303 -> 0 | L297: ='RESUMEN TOTAL'!R303 -> 0 | M297: ='RESUMEN TOTAL'!S303 -> 0 | ... AI297: ='RESUMEN TOTAL'!AO303 -> 0 | AJ297: ='RESUMEN TOTAL'!#REF! -> #REF!
A298: ='RESUMEN TOTAL'!A304 -> 9 DE JULIO | B298: ='RESUMEN TOTAL'!B304 -> NJU09 | C298: ='RESUMEN TOTAL'!D304 -> PARRILLO Y CONTRERAS | D298: ='RESUMEN TOTAL'!E304 -> DOMO | E298: ='RESUMEN TOTAL'!F304 -> Fibra Optica | F298: ='RESUMEN TOTAL'!L304 -> 0 | G298: ='RESUMEN TOTAL'!M304 -> 0 | H298: ='RESUMEN TOTAL'!N304 -> 0 | I298: ='RESUMEN TOTAL'!O304 -> 0 | J298: ='RESUMEN TOTAL'!P304 -> 0 | K298: ='RESUMEN TOTAL'!Q304 -> 0 | L298: ='RESUMEN TOTAL'!R304 -> 0 | M298: ='RESUMEN TOTAL'!S304 -> 0 | ... AI298: ='RESUMEN TOTAL'!AO304 -> 0 | AJ298: ='RESUMEN TOTAL'!#REF! -> #REF!
A299: ='RESUMEN TOTAL'!A305 -> PICO DE ORO | B299: ='RESUMEN TOTAL'!B305 -> PCO 01 | C299: ='RESUMEN TOTAL'!D305 -> CEMENTERIO | D299: ='RESUMEN TOTAL'!E305 -> DOMO | E299: ='RESUMEN TOTAL'!F305 -> Fibra Optica | F299: ='RESUMEN TOTAL'!L305 -> 0 | G299: ='RESUMEN TOTAL'!M305 -> 0 | H299: ='RESUMEN TOTAL'!N305 -> 0 | I299: ='RESUMEN TOTAL'!O305 -> 0 | J299: ='RESUMEN TOTAL'!P305 -> 0 | K299: ='RESUMEN TOTAL'!Q305 -> 0 | L299: ='RESUMEN TOTAL'!R305 -> 0 | M299: ='RESUMEN TOTAL'!S305 -> 0 | ... AI299: ='RESUMEN TOTAL'!AO305 -> 0 | AJ299: ='RESUMEN TOTAL'!#REF! -> #REF!
A300: ='RESUMEN TOTAL'!A306 -> PICO DE ORO | B300: ='RESUMEN TOTAL'!B306 -> PCO02 (fija 1) | C300: ='RESUMEN TOTAL'!D306 -> SICILIA E/ VIENA Y VARSOVIA | D300: ='RESUMEN TOTAL'!E306 -> Fija | E300: ='RESUMEN TOTAL'!F306 -> Fibra Optica | F300: ='RESUMEN TOTAL'!L306 -> 0 | G300: ='RESUMEN TOTAL'!M306 -> 0 | H300: ='RESUMEN TOTAL'!N306 -> 0 | I300: ='RESUMEN TOTAL'!O306 -> 0 | J300: ='RESUMEN TOTAL'!P306 -> 0 | K300: ='RESUMEN TOTAL'!Q306 -> 0 | L300: ='RESUMEN TOTAL'!R306 -> 0 | M300: ='RESUMEN TOTAL'!S306 -> 0 | ... AI300: ='RESUMEN TOTAL'!AO306 -> 0 | AJ300: ='RESUMEN TOTAL'!#REF! -> #REF!
A301: ='RESUMEN TOTAL'!A307 -> PICO DE ORO | B301: ='RESUMEN TOTAL'!B307 -> PCO03 (fija 2) | C301: ='RESUMEN TOTAL'!D307 -> SICILIA E/ VIENA Y VARSOVIA | D301: ='RESUMEN TOTAL'!E307 -> Fija | E301: ='RESUMEN TOTAL'!F307 -> Fibra Optica | F301: ='RESUMEN TOTAL'!L307 -> 0 | G301: ='RESUMEN TOTAL'!M307 -> 0 | H301: ='RESUMEN TOTAL'!N307 -> 0 | I301: ='RESUMEN TOTAL'!O307 -> 0 | J301: ='RESUMEN TOTAL'!P307 -> 0 | K301: ='RESUMEN TOTAL'!Q307 -> 0 | L301: ='RESUMEN TOTAL'!R307 -> 0 | M301: ='RESUMEN TOTAL'!S307 -> 0 | ... AI301: ='RESUMEN TOTAL'!AO307 -> 0 | AJ301: ='RESUMEN TOTAL'!#REF! -> #REF!
A302: ='RESUMEN TOTAL'!A308 -> PICO DE ORO | B302: ='RESUMEN TOTAL'!B308 -> PCO04 (fija 1) | C302: ='RESUMEN TOTAL'!D308 -> BERNA Y POLONIA | D302: ='RESUMEN TOTAL'!E308 -> Fija | E302: ='RESUMEN TOTAL'!F308 -> Fibra Optica | F302: ='RESUMEN TOTAL'!L308 -> 0 | G302: ='RESUMEN TOTAL'!M308 -> 0 | H302: ='RESUMEN TOTAL'!N308 -> 0 | I302: ='RESUMEN TOTAL'!O308 -> 0 | J302: ='RESUMEN TOTAL'!P308 -> 0 | K302: ='RESUMEN TOTAL'!Q308 -> 0 | L302: ='RESUMEN TOTAL'!R308 -> 0 | M302: ='RESUMEN TOTAL'!S308 -> 0 | ... AI302: ='RESUMEN TOTAL'!AO308 -> 0 | AJ302: ='RESUMEN TOTAL'!#REF! -> #REF!
A303: ='RESUMEN TOTAL'!A309 -> PICO DE ORO | B303: ='RESUMEN TOTAL'!B309 -> PCO05 (fija 2) | C303: ='RESUMEN TOTAL'!D309 -> BERNA Y POLONIA | D303: ='RESUMEN TOTAL'!E309 -> Fija | E303: ='RESUMEN TOTAL'!F309 -> Fibra Optica | F303: ='RESUMEN TOTAL'!L309 -> 0 | G303: ='RESUMEN TOTAL'!M309 -> 0 | H303: ='RESUMEN TOTAL'!N309 -> 0 | I303: ='RESUMEN TOTAL'!O309 -> 0 | J303: ='RESUMEN TOTAL'!P309 -> 0 | K303: ='RESUMEN TOTAL'!Q309 -> 0 | L303: ='RESUMEN TOTAL'!R309 -> 0 | M303: ='RESUMEN TOTAL'!S309 -> 0 | ... AI303: ='RESUMEN TOTAL'!AO309 -> 0 | AJ303: ='RESUMEN TOTAL'!#REF! -> #REF!
A304: ='RESUMEN TOTAL'!A310 -> AGUSTIN RAMIREZ | B304: ='RESUMEN TOTAL'!B310 -> PUNTO SEGURO - AGUSTIN RAMIREZ (domo) | C304: ='RESUMEN TOTAL'!D310 -> EL MALAMBO Y LA TRANQUERA | D304: ='RESUMEN TOTAL'!E310 -> DOMO | E304: ='RESUMEN TOTAL'!F310 -> Fibra Optica | F304: ='RESUMEN TOTAL'!L310 -> 0 | G304: ='RESUMEN TOTAL'!M310 -> 0 | H304: ='RESUMEN TOTAL'!N310 -> 0 | I304: ='RESUMEN TOTAL'!O310 -> 0 | J304: ='RESUMEN TOTAL'!P310 -> 0 | K304: ='RESUMEN TOTAL'!Q310 -> 0 | L304: ='RESUMEN TOTAL'!R310 -> 0 | M304: ='RESUMEN TOTAL'!S310 -> 0 | ... AI304: ='RESUMEN TOTAL'!AO310 -> 0 | AJ304: ='RESUMEN TOTAL'!#REF! -> #REF!
A305: ='RESUMEN TOTAL'!A311 -> AGUSTIN RAMIREZ | B305: ='RESUMEN TOTAL'!B311 -> PUNTO SEGURO - AGUSTIN RAMIREZ (fija) | C305: ='RESUMEN TOTAL'!D311 -> EL MALAMBO Y LA TRANQUERA | D305: ='RESUMEN TOTAL'!E311 -> Fija | E305: ='RESUMEN TOTAL'!F311 -> Fibra Optica | F305: ='RESUMEN TOTAL'!L311 -> 0 | G305: ='RESUMEN TOTAL'!M311 -> 0 | H305: ='RESUMEN TOTAL'!N311 -> 0 | I305: ='RESUMEN TOTAL'!O311 -> 0 | J305: ='RESUMEN TOTAL'!P311 -> 0 | K305: ='RESUMEN TOTAL'!Q311 -> 0 | L305: ='RESUMEN TOTAL'!R311 -> 0 | M305: ='RESUMEN TOTAL'!S311 -> 0 | ... AI305: ='RESUMEN TOTAL'!AO311 -> 0 | AJ305: ='RESUMEN TOTAL'!#REF! -> #REF!
A306: ='RESUMEN TOTAL'!A312 -> EL PARQUE | B306: ='RESUMEN TOTAL'!B312 -> PUNTO SEGURO - EL PARQUE (domo) | C306: ='RESUMEN TOTAL'!D312 -> CALLE 1282 Y 1201 | D306: ='RESUMEN TOTAL'!E312 -> DOMO | E306: ='RESUMEN TOTAL'!F312 -> Fibra Optica | F306: ='RESUMEN TOTAL'!L312 -> APAGADO | G306: ='RESUMEN TOTAL'!M312 -> APAGADO | H306: ='RESUMEN TOTAL'!N312 -> APAGADO | I306: ='RESUMEN TOTAL'!O312 -> APAGADO | J306: ='RESUMEN TOTAL'!P312 -> APAGADO | K306: ='RESUMEN TOTAL'!Q312 -> APAGADO | L306: ='RESUMEN TOTAL'!R312 -> APAGADO | M306: ='RESUMEN TOTAL'!S312 -> 0 | ... AI306: ='RESUMEN TOTAL'!AO312 -> 0 | AJ306: ='RESUMEN TOTAL'!#REF! -> #REF!
... A424: ='RESUMEN TOTAL'!A430 -> SANTA ROSA | B424: ='RESUMEN TOTAL'!B430 -> SRO07 | C424: ='RESUMEN TOTAL'!D430 -> NOVAK Y BELGICA | D424: ='RESUMEN TOTAL'!E430 -> Domo | E424: ='RESUMEN TOTAL'!F430 -> Fibra Optica | F424: ='RESUMEN TOTAL'!L430 -> 0 | G424: ='RESUMEN TOTAL'!M430 -> 0 | H424: ='RESUMEN TOTAL'!N430 -> 0 | I424: ='RESUMEN TOTAL'!O430 -> 0 | J424: ='RESUMEN TOTAL'!P430 -> 0 | K424: ='RESUMEN TOTAL'!Q430 -> 0 | L424: ='RESUMEN TOTAL'!R430 -> 0 | M424: ='RESUMEN TOTAL'!S430 -> 0 | ... AI424: ='RESUMEN TOTAL'!AO430 -> 0 | AJ424: ='RESUMEN TOTAL'!#REF! -> #REF!
A425: ='RESUMEN TOTAL'!A432 -> SANTA ROSA | B425: ='RESUMEN TOTAL'!B432 -> SRO10 | C425: ='RESUMEN TOTAL'!D432 -> DINAMARCA Y MILAN | D425: ='RESUMEN TOTAL'!E432 -> DOMO | E425: ='RESUMEN TOTAL'!F432 -> Radio | F425: ='RESUMEN TOTAL'!L432 -> 0 | G425: ='RESUMEN TOTAL'!M432 -> 0 | H425: ='RESUMEN TOTAL'!N432 -> 0 | I425: ='RESUMEN TOTAL'!O432 -> 0 | J425: ='RESUMEN TOTAL'!P432 -> 0 | K425: ='RESUMEN TOTAL'!Q432 -> 0 | L425: ='RESUMEN TOTAL'!R432 -> 0 | M425: ='RESUMEN TOTAL'!S432 -> 0 | ... AI425: ='RESUMEN TOTAL'!AO432 -> 0 | AJ425: ='RESUMEN TOTAL'!#REF! -> #REF!
A426: ='RESUMEN TOTAL'!A433 -> SANTA ROSA | B426: ='RESUMEN TOTAL'!B433 -> SRO12 | C426: ='RESUMEN TOTAL'!D433 -> YUGOSLAVIA Y PAYSANDU | D426: ='RESUMEN TOTAL'!E433 -> DOMO | E426: ='RESUMEN TOTAL'!F433 -> Radio | F426: ='RESUMEN TOTAL'!L433 -> APAGADO | G426: ='RESUMEN TOTAL'!M433 -> APAGADO | H426: ='RESUMEN TOTAL'!N433 -> APAGADO | I426: ='RESUMEN TOTAL'!O433 -> APAGADO | J426: ='RESUMEN TOTAL'!P433 -> 0 | K426: ='RESUMEN TOTAL'!Q433 -> 0 | L426: ='RESUMEN TOTAL'!R433 -> 0 | M426: ='RESUMEN TOTAL'!S433 -> 0 | ... AI426: ='RESUMEN TOTAL'!AO433 -> 0 | AJ426: ='RESUMEN TOTAL'!#REF! -> #REF!
A427: ='RESUMEN TOTAL'!A434 -> SANTA ROSA | B427: ='RESUMEN TOTAL'!B434 -> SRO15 | C427: ='RESUMEN TOTAL'!D434 -> NOVAK Y TIRANA (614) | D427: ='RESUMEN TOTAL'!E434 -> DOMO | E427: ='RESUMEN TOTAL'!F434 -> Fibra Optica | F427: ='RESUMEN TOTAL'!L434 -> APAGADO | G427: ='RESUMEN TOTAL'!M434 -> APAGADO | H427: ='RESUMEN TOTAL'!N434 -> APAGADO | I427: ='RESUMEN TOTAL'!O434 -> APAGADO | J427: ='RESUMEN TOTAL'!P434 -> APAGADO | K427: ='RESUMEN TOTAL'!Q434 -> APAGADO | L427: ='RESUMEN TOTAL'!R434 -> APAGADO | M427: ='RESUMEN TOTAL'!S434 -> APAGADO | ... AI427: ='RESUMEN TOTAL'!AO434 -> 0 | AJ427: ='RESUMEN TOTAL'!#REF! -> #REF!
A428: ='RESUMEN TOTAL'!A435 -> SANTA ROSA | B428: ='RESUMEN TOTAL'!B435 -> SRO16 (fija 1) | C428: ='RESUMEN TOTAL'!D435 -> ANDORRA E/ BELGICA Y SAN MARINO | D428: ='RESUMEN TOTAL'!E435 -> Fija | E428: ='RESUMEN TOTAL'!F435 -> Fibra Optica | F428: ='RESUMEN TOTAL'!L435 -> 0 | G428: ='RESUMEN TOTAL'!M435 -> 0 | H428: ='RESUMEN TOTAL'!N435 -> 0 | I428: ='RESUMEN TOTAL'!O435 -> 0 | J428: ='RESUMEN TOTAL'!P435 -> 0 | K428: ='RESUMEN TOTAL'!Q435 -> 0 | L428: ='RESUMEN TOTAL'!R435 -> 0 | M428: ='RESUMEN TOTAL'!S435 -> 0 | ... AI428: ='RESUMEN TOTAL'!AO435 -> 0 | AJ428: ='RESUMEN TOTAL'!#REF! -> #REF!
A429: ='RESUMEN TOTAL'!A436 -> SANTA ROSA | B429: ='RESUMEN TOTAL'!B436 -> SRO17 (fija 2) | C429: ='RESUMEN TOTAL'!D436 -> ANDORRA E/ BELGICA Y SAN MARINO | D429: ='RESUMEN TOTAL'!E436 -> Fija | E429: ='RESUMEN TOTAL'!F436 -> Fibra Optica | F429: ='RESUMEN TOTAL'!L436 -> 0 | G429: ='RESUMEN TOTAL'!M436 -> 0 | H429: ='RESUMEN TOTAL'!N436 -> 0 | I429: ='RESUMEN TOTAL'!O436 -> 0 | J429: ='RESUMEN TOTAL'!P436 -> 0 | K429: ='RESUMEN TOTAL'!Q436 -> 0 | L429: ='RESUMEN TOTAL'!R436 -> 0 | M429: ='RESUMEN TOTAL'!S436 -> 0 | ... AI429: ='RESUMEN TOTAL'!AO436 -> 0 | AJ429: ='RESUMEN TOTAL'!#REF! -> #REF!
A430: ='RESUMEN TOTAL'!A437 -> SANTA ROSA | B430: ='RESUMEN TOTAL'!B437 -> SRO20 | C430: ='RESUMEN TOTAL'!D437 -> NOVAK Y BONN | D430: ='RESUMEN TOTAL'!E437 -> Fija | E430: ='RESUMEN TOTAL'!F437 -> Fibra Optica | F430: ='RESUMEN TOTAL'!L437 -> 0 | G430: ='RESUMEN TOTAL'!M437 -> 0 | H430: ='RESUMEN TOTAL'!N437 -> 0 | I430: ='RESUMEN TOTAL'!O437 -> 0 | J430: ='RESUMEN TOTAL'!P437 -> 0 | K430: ='RESUMEN TOTAL'!Q437 -> 0 | L430: ='RESUMEN TOTAL'!R437 -> 0 | M430: ='RESUMEN TOTAL'!S437 -> 0 | ... AI430: ='RESUMEN TOTAL'!AO437 -> 0 | AJ430: ='RESUMEN TOTAL'!#REF! -> #REF!
A431: ='RESUMEN TOTAL'!A438 -> SANTA ROSA | B431: ='RESUMEN TOTAL'!B438 -> SRO21 | C431: ='RESUMEN TOTAL'!D438 -> NOVAK Y BONN | D431: ='RESUMEN TOTAL'!E438 -> Fija | E431: ='RESUMEN TOTAL'!F438 -> Fibra Optica | F431: ='RESUMEN TOTAL'!L438 -> 0 | G431: ='RESUMEN TOTAL'!M438 -> 0 | H431: ='RESUMEN TOTAL'!N438 -> 0 | I431: ='RESUMEN TOTAL'!O438 -> 0 | J431: ='RESUMEN TOTAL'!P438 -> 0 | K431: ='RESUMEN TOTAL'!Q438 -> 0 | L431: ='RESUMEN TOTAL'!R438 -> 0 | M431: ='RESUMEN TOTAL'!S438 -> 0 | ... AI431: ='RESUMEN TOTAL'!AO438 -> 0 | AJ431: ='RESUMEN TOTAL'!#REF! -> #REF!
A432: ='RESUMEN TOTAL'!A439 -> SAN RUDECINDO | B432: ='RESUMEN TOTAL'!B439 -> SRU01 (fija 1) | C432: ='RESUMEN TOTAL'!D439 -> HERNANDARIAS Y AMBATO | D432: ='RESUMEN TOTAL'!E439 -> Fija | E432: ='RESUMEN TOTAL'!F439 -> Fibra Optica | F432: ='RESUMEN TOTAL'!L439 -> 0 | G432: ='RESUMEN TOTAL'!M439 -> 0 | H432: ='RESUMEN TOTAL'!N439 -> 0 | I432: ='RESUMEN TOTAL'!O439 -> 0 | J432: ='RESUMEN TOTAL'!P439 -> 0 | K432: ='RESUMEN TOTAL'!Q439 -> 0 | L432: ='RESUMEN TOTAL'!R439 -> 0 | M432: ='RESUMEN TOTAL'!S439 -> 0 | ... AI432: ='RESUMEN TOTAL'!AO439 -> 0 | AJ432: ='RESUMEN TOTAL'!#REF! -> #REF!
A433: ='RESUMEN TOTAL'!A440 -> SAN RUDECINDO | B433: ='RESUMEN TOTAL'!B440 -> SRU02 (fija 2) | C433: ='RESUMEN TOTAL'!D440 -> HERNANDARIAS Y AMBATO | D433: ='RESUMEN TOTAL'!E440 -> Fija | E433: ='RESUMEN TOTAL'!F440 -> Fibra Optica | F433: ='RESUMEN TOTAL'!L440 -> 0 | G433: ='RESUMEN TOTAL'!M440 -> 0 | H433: ='RESUMEN TOTAL'!N440 -> 0 | I433: ='RESUMEN TOTAL'!O440 -> 0 | J433: ='RESUMEN TOTAL'!P440 -> 0 | K433: ='RESUMEN TOTAL'!Q440 -> 0 | L433: ='RESUMEN TOTAL'!R440 -> 0 | M433: ='RESUMEN TOTAL'!S440 -> 0 | ... AI433: ='RESUMEN TOTAL'!AO440 -> 0 | AJ433: ='RESUMEN TOTAL'!#REF! -> #REF!
A434: ='RESUMEN TOTAL'!A441 -> SAN RUDECINDO | B434: ='RESUMEN TOTAL'!B441 -> SRU03 | C434: ='RESUMEN TOTAL'!D441 -> SANTA SOFIA Y LUIS AGOTE | D434: ='RESUMEN TOTAL'!E441 -> DOMO | E434: ='RESUMEN TOTAL'!F441 -> Fibra Optica | F434: ='RESUMEN TOTAL'!L441 -> 0 | G434: ='RESUMEN TOTAL'!M441 -> 0 | H434: ='RESUMEN TOTAL'!N441 -> 0 | I434: ='RESUMEN TOTAL'!O441 -> 0 | J434: ='RESUMEN TOTAL'!P441 -> 0 | K434: ='RESUMEN TOTAL'!Q441 -> 0 | L434: ='RESUMEN TOTAL'!R441 -> 0 | M434: ='RESUMEN TOTAL'!S441 -> 0 | ... AI434: ='RESUMEN TOTAL'!AO441 -> 0 | AJ434: ='RESUMEN TOTAL'!#REF! -> #REF!
A435: ='RESUMEN TOTAL'!A442 -> PRESIDENTE SARMIENTO | B435: ='RESUMEN TOTAL'!B442 -> VANG 09 | C435: ='RESUMEN TOTAL'!D442 -> Ruta 36 y Senzabello | D435: ='RESUMEN TOTAL'!E442 -> Domo | E435: ='RESUMEN TOTAL'!F442 -> PTO A FO | F435: ='RESUMEN TOTAL'!L442 -> 0 | G435: ='RESUMEN TOTAL'!M442 -> 0 | H435: ='RESUMEN TOTAL'!N442 -> 0 | I435: ='RESUMEN TOTAL'!O442 -> 0 | J435: ='RESUMEN TOTAL'!P442 -> 0 | K435: ='RESUMEN TOTAL'!Q442 -> 0 | L435: ='RESUMEN TOTAL'!R442 -> 0 | M435: ='RESUMEN TOTAL'!S442 -> 0 | ... AI435: ='RESUMEN TOTAL'!AO442 -> 0 | AJ435: ='RESUMEN TOTAL'!#REF! -> #REF!
A436: ='RESUMEN TOTAL'!A443 -> VILLA ANGELICA | B436: ='RESUMEN TOTAL'!B443 -> VANG01 | C436: ='RESUMEN TOTAL'!D443 -> Senzabello y Necochea | D436: ='RESUMEN TOTAL'!E443 -> Domo | E436: ='RESUMEN TOTAL'!F443 -> PTO A FO | F436: ='RESUMEN TOTAL'!L443 -> 0 | G436: ='RESUMEN TOTAL'!M443 -> 0 | H436: ='RESUMEN TOTAL'!N443 -> 0 | I436: ='RESUMEN TOTAL'!O443 -> 0 | J436: ='RESUMEN TOTAL'!P443 -> 0 | K436: ='RESUMEN TOTAL'!Q443 -> 0 | L436: ='RESUMEN TOTAL'!R443 -> 0 | M436: ='RESUMEN TOTAL'!S443 -> 0 | ... AI436: ='RESUMEN TOTAL'!AO443 -> 0 | AJ436: ='RESUMEN TOTAL'!#REF! -> #REF!
... A453: ='RESUMEN TOTAL'!A460 -> VILLA ARGENTINA | B453: ='RESUMEN TOTAL'!B460 -> VAR04 (fija 2) | C453: ='RESUMEN TOTAL'!D460 -> 509 y 546 | D453: ='RESUMEN TOTAL'!E460 -> Fija | E453: ='RESUMEN TOTAL'!F460 -> Radio | F453: ='RESUMEN TOTAL'!L460 -> 0 | G453: ='RESUMEN TOTAL'!M460 -> 0 | H453: ='RESUMEN TOTAL'!N460 -> 0 | I453: ='RESUMEN TOTAL'!O460 -> 0 | J453: ='RESUMEN TOTAL'!P460 -> 0 | K453: ='RESUMEN TOTAL'!Q460 -> 0 | L453: ='RESUMEN TOTAL'!R460 -> 0 | M453: ='RESUMEN TOTAL'!S460 -> 0 | ... AI453: ='RESUMEN TOTAL'!AO460 -> 0 | AJ453: ='RESUMEN TOTAL'!#REF! -> #REF!
A454: ='RESUMEN TOTAL'!A481 -> VILLA VATTEONE CENTRO | B454: ='RESUMEN TOTAL'!B481 -> VAT02 | C454: ='RESUMEN TOTAL'!D481 -> Eva Peron y 12 de Octubre | D454: ='RESUMEN TOTAL'!E481 -> Domo | E454: ='RESUMEN TOTAL'!F481 -> Fibra Optica | F454: ='RESUMEN TOTAL'!L481 -> 0 | G454: ='RESUMEN TOTAL'!M481 -> 0 | H454: ='RESUMEN TOTAL'!N481 -> 0 | I454: ='RESUMEN TOTAL'!O481 -> 0 | J454: ='RESUMEN TOTAL'!P481 -> 0 | K454: ='RESUMEN TOTAL'!Q481 -> 0 | L454: ='RESUMEN TOTAL'!R481 -> 0 | M454: ='RESUMEN TOTAL'!S481 -> 0 | ... AI454: ='RESUMEN TOTAL'!AO481 -> 0 | AJ454: ='RESUMEN TOTAL'!#REF! -> #REF!
A455: ='RESUMEN TOTAL'!A482 -> VILLA VATTEONE CENTRO | B455: ='RESUMEN TOTAL'!B482 -> VAT03 | C455: ='RESUMEN TOTAL'!D482 -> Lavalle y Belgrano | D455: ='RESUMEN TOTAL'!E482 -> Domo | E455: ='RESUMEN TOTAL'!F482 -> Fibra Optica | F455: ='RESUMEN TOTAL'!L482 -> 0 | G455: ='RESUMEN TOTAL'!M482 -> 0 | H455: ='RESUMEN TOTAL'!N482 -> 0 | I455: ='RESUMEN TOTAL'!O482 -> 0 | J455: ='RESUMEN TOTAL'!P482 -> 0 | K455: ='RESUMEN TOTAL'!Q482 -> 0 | L455: ='RESUMEN TOTAL'!R482 -> 0 | M455: ='RESUMEN TOTAL'!S482 -> 0 | ... AI455: ='RESUMEN TOTAL'!AO482 -> 0 | AJ455: ='RESUMEN TOTAL'!#REF! -> #REF!
A456: ='RESUMEN TOTAL'!A483 -> VILLA VATTEONE CENTRO | B456: ='RESUMEN TOTAL'!B483 -> VAT04 | C456: ='RESUMEN TOTAL'!D483 -> Lavalle y Entre Rios | D456: ='RESUMEN TOTAL'!E483 -> Domo | E456: ='RESUMEN TOTAL'!F483 -> Fibra Optica | F456: ='RESUMEN TOTAL'!L483 -> 0 | G456: ='RESUMEN TOTAL'!M483 -> 0 | H456: ='RESUMEN TOTAL'!N483 -> 0 | I456: ='RESUMEN TOTAL'!O483 -> 0 | J456: ='RESUMEN TOTAL'!P483 -> 0 | K456: ='RESUMEN TOTAL'!Q483 -> 0 | L456: ='RESUMEN TOTAL'!R483 -> 0 | M456: ='RESUMEN TOTAL'!S483 -> 0 | ... AI456: ='RESUMEN TOTAL'!AO483 -> 0 | AJ456: ='RESUMEN TOTAL'!#REF! -> #REF!
A457: ='RESUMEN TOTAL'!A484 -> VILLA VATTEONE CENTRO | B457: ='RESUMEN TOTAL'!B484 -> VAT05 | C457: ='RESUMEN TOTAL'!D484 -> Lavalle y Colombia | D457: ='RESUMEN TOTAL'!E484 -> Domo | E457: ='RESUMEN TOTAL'!F484 -> Radio | F457: ='RESUMEN TOTAL'!L484 -> 0 | G457: ='RESUMEN TOTAL'!M484 -> 0 | H457: ='RESUMEN TOTAL'!N484 -> 0 | I457: ='RESUMEN TOTAL'!O484 -> 0 | J457: ='RESUMEN TOTAL'!P484 -> 0 | K457: ='RESUMEN TOTAL'!Q484 -> 0 | L457: ='RESUMEN TOTAL'!R484 -> 0 | M457: ='RESUMEN TOTAL'!S484 -> 0 | ... AI457: ='RESUMEN TOTAL'!AO484 -> 0 | AJ457: ='RESUMEN TOTAL'!#REF! -> #REF!
A458: ='RESUMEN TOTAL'!A485 -> VILLA VATTEONE CENTRO | B458: ='RESUMEN TOTAL'!B485 -> VAT06 | C458: ='RESUMEN TOTAL'!D485 -> Eva Peron y Pueyrredon | D458: ='RESUMEN TOTAL'!E485 -> Domo | E458: ='RESUMEN TOTAL'!F485 -> Fibra Optica | F458: ='RESUMEN TOTAL'!L485 -> 0 | G458: ='RESUMEN TOTAL'!M485 -> 0 | H458: ='RESUMEN TOTAL'!N485 -> 0 | I458: ='RESUMEN TOTAL'!O485 -> 0 | J458: ='RESUMEN TOTAL'!P485 -> 0 | K458: ='RESUMEN TOTAL'!Q485 -> 0 | L458: ='RESUMEN TOTAL'!R485 -> 0 | M458: ='RESUMEN TOTAL'!S485 -> 0 | ... AI458: ='RESUMEN TOTAL'!AO485 -> 0 | AJ458: ='RESUMEN TOTAL'!#REF! -> #REF!
A459: ='RESUMEN TOTAL'!A486 -> VILLA VATTEONE CENTRO | B459: ='RESUMEN TOTAL'!B486 -> VAT07 | C459: ='RESUMEN TOTAL'!D486 -> Eva Peron y Lavalle | D459: ='RESUMEN TOTAL'!E486 -> 0 | E459: ='RESUMEN TOTAL'!F486 -> Fibra Optica | F459: ='RESUMEN TOTAL'!L486 -> 0 | G459: ='RESUMEN TOTAL'!M486 -> 0 | H459: ='RESUMEN TOTAL'!N486 -> 0 | I459: ='RESUMEN TOTAL'!O486 -> 0 | J459: ='RESUMEN TOTAL'!P486 -> 0 | K459: ='RESUMEN TOTAL'!Q486 -> 0 | L459: ='RESUMEN TOTAL'!R486 -> 0 | M459: ='RESUMEN TOTAL'!S486 -> 0 | ... AI459: ='RESUMEN TOTAL'!AO486 -> 0 | AJ459: ='RESUMEN TOTAL'!#REF! -> #REF!
...

Sheet APAGADOS
E1: APAGADOS | F1: =COUNTIF(F3:F403, "APAGADO") -> 75 | G1: =COUNTIF(G3:G403, "APAGADO") -> 72 | H1: =COUNTIF(H3:H503, "APAGADO") -> 82 | I1: =COUNTIF(I3:I403, "APAGADO") -> 62 | J1: =COUNTIF(J3:J403, "APAGADO") -> 64 | K1: =COUNTIF(K3:K403, "APAGADO") -> 64 | L1: =COUNTIF(L3:L403, "APAGADO") -> 57 | M1: =COUNTIF(M3:M403, "APAGADO") -> 58 | N1: =COUNTIF(N3:N403, "APAGADO") -> 51 | O1: =COUNTIF(O3:O403, "APAGADO") -> 53 | P1: =COUNTIF(P3:P403, "APAGADO") -> 47 | ... AD1: =COUNTIF(AD3:AD403, "APAGADO") -> 52 | AE1: =COUNTIF(AE3:AE503, "APAGADO") -> 61 | AF1: =COUNTIF(AF3:AF403, "APAGADO") -> 0 | AG1: =COUNTIF(AG3:AG403, "APAGADO") -> 0 | AH1: =COUNTIF(AH3:AH403, "APAGADO") -> 0 | AI1: =COUNTIF(AI3:AI403, "APAGADO") -> 0 | AJ1: =COUNTIF(AJ3:AJ403, "APAGADO") -> 0
A2: =ESTADISTICA!A1 -> Barrio | B2: =ESTADISTICA!B1 -> [Denominacion] | C2: =ESTADISTICA!C1 -> [Ubicacion] | D2: =ESTADISTICA!D1 -> [Tipo de Camara] | E2: =ESTADISTICA!E1 -> [Tipo de Conexion] | F2: =ESTADISTICA!F1 -> 45292 | G2: =ESTADISTICA!G1 -> 45293 | H2: =ESTADISTICA!H1 -> 45294 | ... AJ2: =ESTADISTICA!AJ1 -> #REF!
A3: =ESTADISTICA!A2 -> PARADAS SEGURAS | B3: =ESTADISTICA!B2 -> 11 | C3: =ESTADISTICA!C2 -> THEVENET Y BS. AS. SUR | D3: =ESTADISTICA!D2 -> GFIJA | E3: =ESTADISTICA!E2 -> GPON | F3: =ESTADISTICA!F2 -> 0 | G3: =ESTADISTICA!G2 -> 0 | H3: =ESTADISTICA!H2 -> 0 | ... AJ3: =ESTADISTICA!AJ2 -> #REF!
A4: =ESTADISTICA!A3 -> PARADAS SEGURAS | B4: =ESTADISTICA!B3 -> 12 | C4: =ESTADISTICA!C3 -> THEVENET E ISLAS ORCADAS NORTE | D4: =ESTADISTICA!D3 -> GFIJA | E4: =ESTADISTICA!E3 -> GPON | F4: =ESTADISTICA!F3 -> APAGADO | G4: =ESTADISTICA!G3 -> APAGADO | H4: =ESTADISTICA!H3 -> APAGADO | ... AJ4: =ESTADISTICA!AJ3 -> #REF!
A5: =ESTADISTICA!A4 -> PARADAS SEGURAS | B5: =ESTADISTICA!B4 -> 13 | C5: =ESTADISTICA!C4 -> THEVENET Y GRANADEROS NORTE | D5: =ESTADISTICA!D4 -> GFIJA | E5: =ESTADISTICA!E4 -> GPON | F5: =ESTADISTICA!F4 -> APAGADO | G5: =ESTADISTICA!G4 -> APAGADO | H5: =ESTADISTICA!H4 -> APAGADO | ... AJ5: =ESTADISTICA!AJ4 -> #REF!
A6: =ESTADISTICA!A5 -> PARADAS SEGURAS | B6: =ESTADISTICA!B5 -> 14 | C6: =ESTADISTICA!C5 -> THEVENET Y BERUTI NORTE | D6: =ESTADISTICA!D5 -> GFIJA | E6: =ESTADISTICA!E5 -> GPON | F6: =ESTADISTICA!F5 -> 0 | G6: =ESTADISTICA!G5 -> 0 | H6: =ESTADISTICA!H5 -> 0 | ... AJ6: =ESTADISTICA!AJ5 -> #REF!
A7: =ESTADISTICA!A6 -> PARADAS SEGURAS | B7: =ESTADISTICA!B6 -> 15 | C7: =ESTADISTICA!C6 -> THEVENET Y BERUTI SUR | D7: =ESTADISTICA!D6 -> GFIJA | E7: =ESTADISTICA!E6 -> GPON | F7: =ESTADISTICA!F6 -> APAGADO | G7: =ESTADISTICA!G6 -> APAGADO | H7: =ESTADISTICA!H6 -> APAGADO | ... AJ7: =ESTADISTICA!AJ6 -> #REF!
A8: =ESTADISTICA!A7 -> PARADAS SEGURAS | B8: =ESTADISTICA!B7 -> 16 | C8: =ESTADISTICA!C7 -> THEVENET Y BRAILE NORTE | D8: =ESTADISTICA!D7 -> GFIJA | E8: =ESTADISTICA!E7 -> GPON | F8: =ESTADISTICA!F7 -> 0 | G8: =ESTADISTICA!G7 -> 0 | H8: =ESTADISTICA!H7 -> 0 | ... AJ8: =ESTADISTICA!AJ7 -> #REF!
A9: =ESTADISTICA!A8 -> PARADAS SEGURAS | B9: =ESTADISTICA!B8 -> 17 | C9: =ESTADISTICA!C8 -> THEVENET Y ARENALES NORTE | D9: =ESTADISTICA!D8 -> GFIJA | E9: =ESTADISTICA!E8 -> GPON | F9: =ESTADISTICA!F8 -> APAGADO | G9: =ESTADISTICA!G8 -> APAGADO | H9: =ESTADISTICA!H8 -> APAGADO | ... AJ9: =ESTADISTICA!AJ8 -> #REF!
A10: =ESTADISTICA!A9 -> PARADAS SEGURAS | B10: =ESTADISTICA!B9 -> 18 | C10: =ESTADISTICA!C9 -> THEVENET Y ARENALES SUR | D10: =ESTADISTICA!D9 -> GFIJA | E10: =ESTADISTICA!E9 -> GPON | F10: =ESTADISTICA!F9 -> 0 | G10: =ESTADISTICA!G9 -> 0 | H10: =ESTADISTICA!H9 -> 0 | ... AJ10: =ESTADISTICA!AJ9 -> #REF!
A11: =ESTADISTICA!A10 -> PARADAS SEGURAS | B11: =ESTADISTICA!B10 -> 19 | C11: =ESTADISTICA!C10 -> THEVENET Y GORRITI NORTE | D11: =ESTADISTICA!D10 -> GFIJA | E11: =ESTADISTICA!E10 -> GPON | F11: =ESTADISTICA!F10 -> 0 | G11: =ESTADISTICA!G10 -> 0 | H11: =ESTADISTICA!H10 -> 0 | ... AJ11: =ESTADISTICA!AJ10 -> #REF!
A12: =ESTADISTICA!A11 -> PARADAS SEGURAS | B12: =ESTADISTICA!B11 -> 20 | C12: =ESTADISTICA!C11 -> THEVENET Y GORRITI SUR | D12: =ESTADISTICA!D11 -> GFIJA | E12: =ESTADISTICA!E11 -> GPON | F12: =ESTADISTICA!F11 -> 0 | G12: =ESTADISTICA!G11 -> 0 | H12: =ESTADISTICA!H11 -> 0 | ... AJ12: =ESTADISTICA!AJ11 -> #REF!
A13: =ESTADISTICA!A12 -> PARADAS SEGURAS | B13: =ESTADISTICA!B12 -> 21 | C13: =ESTADISTICA!C12 -> HUDSON Y CABILDO OESTE | D13: =ESTADISTICA!D12 -> GFIJA | E13: =ESTADISTICA!E12 -> GPON | F13: =ESTADISTICA!F12 -> 0 | G13: =ESTADISTICA!G12 -> 0 | H13: =ESTADISTICA!H12 -> 0 | ... AJ13: =ESTADISTICA!AJ12 -> #REF!
... A207: =ESTADISTICA!A206 -> LA ESMERALDA | B207: =ESTADISTICA!B206 -> ESM 15 | C207: =ESTADISTICA!C206 -> Basualdo y Lieja | D207: =ESTADISTICA!D206 -> Fija | E207: =ESTADISTICA!E206 -> Fibra Optica | F207: =ESTADISTICA!F206 -> 0 | G207: =ESTADISTICA!G206 -> 0 | H207: =ESTADISTICA!H206 -> 0 | ... AJ207: =ESTADISTICA!AJ206 -> #REF!
A208: =ESTADISTICA!A208 -> LA ESMERALDA | B208: =ESTADISTICA!B208 -> ESM01 | C208: =ESTADISTICA!C208 -> Cabello y Brasil | D208: =ESTADISTICA!D208 -> Domo | E208: =ESTADISTICA!E208 -> Radio | F208: =ESTADISTICA!F208 -> 0 | G208: =ESTADISTICA!G208 -> 0 | H208: =ESTADISTICA!H208 -> 0 | ... AJ208: =ESTADISTICA!AJ208 -> #REF!
A209: =ESTADISTICA!A209 -> SAN JORGE | B209: =ESTADISTICA!B209 -> ESM02 | C209: =ESTADISTICA!C209 -> Novak y Cabello | D209: =ESTADISTICA!D209 -> Domo | E209: =ESTADISTICA!E209 -> PTO A FO | F209: =ESTADISTICA!F209 -> 0 | G209: =ESTADISTICA!G209 -> 0 | H209: =ESTADISTICA!H209 -> 0 | ... AJ209: =ESTADISTICA!AJ209 -> #REF!
A210: =ESTADISTICA!A210 -> 0 | B210: =ESTADISTICA!B210 -> ESM03 | C210: =ESTADISTICA!C210 -> Novak y Humahuaca | D210: =ESTADISTICA!D210 -> DOMO | E210: =ESTADISTICA!E210 -> PTO A FO | F210: =ESTADISTICA!F210 -> 0 | G210: =ESTADISTICA!G210 -> 0 | H210: =ESTADISTICA!H210 -> 0 | ... AJ210: =ESTADISTICA!AJ210 -> #REF!
A211: =ESTADISTICA!A211 -> LA ESMERALDA | B211: =ESTADISTICA!B211 -> ESM04 | C211: =ESTADISTICA!C211 -> Basualdo y Bengochea | D211: =ESTADISTICA!D211 -> Domo | E211: =ESTADISTICA!E211 -> Fibra Optica | F211: =ESTADISTICA!F211 -> APAGADO | G211: =ESTADISTICA!G211 -> APAGADO | H211: =ESTADISTICA!H211 -> APAGADO | ... AJ211: =ESTADISTICA!AJ211 -> #REF!
A212: =ESTADISTICA!A212 -> LA ESMERALDA | B212: =ESTADISTICA!B212 -> ESM05 | C212: =ESTADISTICA!C212 -> Aniceto Diaz y Villar | D212: =ESTADISTICA!D212 -> Domo | E212: =ESTADISTICA!E212 -> Fibra Optica | F212: =ESTADISTICA!F212 -> APAGADO | G212: =ESTADISTICA!G212 -> APAGADO | H212: =ESTADISTICA!H212 -> APAGADO | ... AJ212: =ESTADISTICA!AJ212 -> #REF!
A213: =ESTADISTICA!A213 -> LA ESMERALDA | B213: =ESTADISTICA!B213 -> ESM06 | C213: =ESTADISTICA!C213 -> Roselli y Cabello | D213: =ESTADISTICA!D213 -> Domo | E213: =ESTADISTICA!E213 -> Radio | F213: =ESTADISTICA!F213 -> 0 | G213: =ESTADISTICA!G213 -> 0 | H213: =ESTADISTICA!H213 -> 0 | ... AJ213: =ESTADISTICA!AJ213 -> #REF!
A214: =ESTADISTICA!A214 -> LA ESMERALDA | B214: =ESTADISTICA!B214 -> ESM07 | C214: =ESTADISTICA!C214 -> AV. NOVAK Y SERRANO | D214: =ESTADISTICA!D214 -> DOMO | E214: =ESTADISTICA!E214 -> PTO A FO | F214: =ESTADISTICA!F214 -> 0 | G214: =ESTADISTICA!G214 -> 0 | H214: =ESTADISTICA!H214 -> 0 | ... AJ214: =ESTADISTICA!AJ214 -> #REF!
A215: =ESTADISTICA!A215 -> LA ESMERALDA | B215: =ESTADISTICA!B215 -> ESM09 (fija 1) | C215: =ESTADISTICA!C215 -> EEUU Y CABELLO | D215: =ESTADISTICA!D215 -> Fija | E215: =ESTADISTICA!E215 -> Fibra Optica | F215: =ESTADISTICA!F215 -> 0 | G215: =ESTADISTICA!G215 -> 0 | H215: =ESTADISTICA!H215 -> 0 | ... AJ215: =ESTADISTICA!AJ215 -> #REF!
A216: =ESTADISTICA!A216 -> LA ESMERALDA | B216: =ESTADISTICA!B216 -> ESM10 (fija 2) | C216: =ESTADISTICA!C216 -> EEUU Y CABELLO | D216: =ESTADISTICA!D216 -> Fija | E216: =ESTADISTICA!E216 -> Fibra Optica | F216: =ESTADISTICA!F216 -> 0 | G216: =ESTADISTICA!G216 -> 0 | H216: =ESTADISTICA!H216 -> 0 | ... AJ216: =ESTADISTICA!AJ216 -> #REF!
A217: =ESTADISTICA!A217 -> LA ESMERALDA | B217: =ESTADISTICA!B217 -> ESM11 (fija 1) | C217: =ESTADISTICA!C217 -> NOVAK Y LAMBARDI | D217: =ESTADISTICA!D217 -> Fija | E217: =ESTADISTICA!E217 -> Fibra Optica | F217: =ESTADISTICA!F217 -> 0 | G217: =ESTADISTICA!G217 -> 0 | H217: =ESTADISTICA!H217 -> 0 | ... AJ217: =ESTADISTICA!AJ217 -> #REF!
A218: =ESTADISTICA!A218 -> LA ESMERALDA | B218: =ESTADISTICA!B218 -> ESM12 (fija 2) | C218: =ESTADISTICA!C218 -> NOVAK Y LAMBARDI | D218: =ESTADISTICA!D218 -> Fija | E218: =ESTADISTICA!E218 -> Fibra Optica | F218: =ESTADISTICA!F218 -> 0 | G218: =ESTADISTICA!G218 -> 0 | H218: =ESTADISTICA!H218 -> 0 | ... AJ218: =ESTADISTICA!AJ218 -> #REF!
A219: =ESTADISTICA!A219 -> INGENIERO ALLAN | B219: =ESTADISTICA!B219 -> INA 01 | C219: =ESTADISTICA!C219 -> 1138 Y 1155 | D219: =ESTADISTICA!D219 -> DOMO | E219: =ESTADISTICA!E219 -> Fibra Optica | F219: =ESTADISTICA!F219 -> 0 | G219: =ESTADISTICA!G219 -> 0 | H219: =ESTADISTICA!H219 -> 0 | ... AJ219: =ESTADISTICA!AJ219 -> #REF!
... A516: =ESTADISTICA!A516 -> 0 | B516: =ESTADISTICA!B516 -> 0 | C516: =ESTADISTICA!C516 -> 0 | D516: =ESTADISTICA!D516 -> 0 | E516: =ESTADISTICA!E516 -> 0 | F516: =ESTADISTICA!F516 -> 0 | G516: =ESTADISTICA!G516 -> 0 | H516: =ESTADISTICA!H516 -> 0 | ... AJ516: =ESTADISTICA!AJ516 -> #REF!

Sheet APAGADOS FIBRA
C1: TOTAL FIBRA | D1: =COUNTIFS(E4:E401,"=Fibra Optica") -> 221
E2: APAGADOS | F2: =COUNTIFS(F4:F501, "=APAGADO",E4:E501,"=Fibra Optica") -> 41 | G2: =COUNTIFS(G4:G501, "=APAGADO",E4:E501,"=Fibra Optica") -> 42 | H2: =COUNTIFS(H4:H501, "=APAGADO",E4:E501,"=Fibra Optica") -> 42 | I2: =COUNTIFS(I4:I501, "=APAGADO",E4:E501,"=Fibra Optica") -> 38 | J2: =COUNTIFS(J4:J501, "=APAGADO",E4:E501,"=Fibra Optica") -> 41 | K2: =COUNTIFS(K4:K501, "=APAGADO",E4:E501,"=Fibra Optica") -> 41 | L2: =COUNTIFS(L4:L501, "=APAGADO",E4:E501,"=Fibra Optica") -> 44 | M2: =COUNTIFS(M4:M501, "=APAGADO",E4:E501,"=Fibra Optica") -> 44 | N2: =COUNTIFS(N4:N501, "=APAGADO",E4:E501,"=Fibra Optica") -> 39 | O2: =COUNTIFS(O4:O501, "=APAGADO",E4:E501,"=Fibra Optica") -> 42 | P2: =COUNTIFS(P4:P601, "=APAGADO",E4:E601,"=Fibra Optica") -> 33 | Q2: =COUNTIFS(Q4:Q501, "=APAGADO",E4:E501,"=Fibra Optica") -> 32 | R2: =COUNTIFS(R4:R501, "=APAGADO",E4:E501,"=Fibra Optica") -> 43 | S2: =COUNTIFS(S4:S501, "=APAGADO",E4:E501,"=Fibra Optica") -> 34 | T2: =COUNTIFS(T4:T501, "=APAGADO",E4:E501,"=Fibra Optica") -> 45 | U2: =COUNTIFS(U4:U501, "=APAGADO",E4:E501,"=Fibra Optica") -> 36 | V2: =COUNTIFS(V4:V501, "=APAGADO",E4:E501,"=Fibra Optica") -> 37 | W2: =COUNTIFS(W4:W501, "=APAGADO",E4:E501,"=Fibra Optica") -> 37 | X2: =COUNTIFS(X4:X501, "=APAGADO",E4:E501,"=Fibra Optica") -> 37 | Y2: =COUNTIFS(Y4:Y501, "=APAGADO",E4:E501,"=Fibra Optica") -> 34 | Z2: =COUNTIFS(Z4:Z501, "=APAGADO",E4:E501,"=Fibra Optica") -> 34 | AA2: =COUNTIFS(AA4:AA501, "=APAGADO",E4:E501,"=Fibra Optica") -> 34 | AB2: =COUNTIFS(AB4:AB501, "=APAGADO",E4:E501,"=Fibra Optica") -> 34 | AC2: =COUNTIFS(AC4:AC601, "=APAGADO",E4:E601,"=Fibra Optica") -> 36 | AD2: =COUNTIFS(AD4:AD501, "=APAGADO",E4:E501,"=Fibra Optica") -> 35 | AE2: =COUNTIFS(AE4:AE501, "=APAGADO",E4:E501,"=Fibra Optica") -> 31 | AF2: =COUNTIFS(AF4:AF501, "=APAGADO",E4:E501,"=Fibra Optica") -> 0 | AG2: =COUNTIFS(AG4:AG501, "=APAGADO",E4:E501,"=Fibra Optica") -> 0 | AH2: =COUNTIFS(AH4:AH501, "=APAGADO",E4:E501,"=Fibra Optica") -> 0 | AI2: =COUNTIFS(AI4:AI401, "=APAGADO",E4:E401,"=Fibra Optica") -> 0 | AJ2: =COUNTIFS(AJ4:AJ401, "=APAGADO",F4:F401,"=Fibra Optica") -> 0
A3: =ESTADISTICA!A1 -> Barrio | B3: =ESTADISTICA!B1 -> [Denominacion] | C3: =ESTADISTICA!C1 -> [Ubicacion] | D3: =ESTADISTICA!D1 -> [Tipo de Camara] | E3: =ESTADISTICA!E1 -> [Tipo de Conexion] | F3: =ESTADISTICA!F1 -> 45292 | G3: =ESTADISTICA!G1 -> 45293 | H3: =ESTADISTICA!H1 -> 45294 | ... AJ3: =ESTADISTICA!AJ1 -> #REF!
A4: ='RESUMEN TOTAL'!A7 -> PARADAS SEGURAS | B4: ='RESUMEN TOTAL'!B7 -> 13 | C4: ='RESUMEN TOTAL'!D7 -> THEVENET Y GRANADEROS NORTE | D4: ='RESUMEN TOTAL'!E7 -> GFIJA | E4: ='RESUMEN TOTAL'!F7 -> GPON | F4: ='RESUMEN TOTAL'!L7 -> APAGADO | G4: ='RESUMEN TOTAL'!M7 -> APAGADO | H4: ='RESUMEN TOTAL'!N7 -> APAGADO | I4: ='RESUMEN TOTAL'!O7 -> APAGADO | J4: ='RESUMEN TOTAL'!P7 -> APAGADO | K4: ='RESUMEN TOTAL'!Q7 -> APAGADO | L4: ='RESUMEN TOTAL'!R7 -> APAGADO | M4: ='RESUMEN TOTAL'!S7 -> APAGADO | ... AI4: ='RESUMEN TOTAL'!AO7 -> 0 | AJ4: ='RESUMEN TOTAL'!#REF! -> #REF!
A5: ='RESUMEN TOTAL'!A8 -> PARADAS SEGURAS | B5: ='RESUMEN TOTAL'!B8 -> 14 | C5: ='RESUMEN TOTAL'!D8 -> THEVENET Y BERUTI NORTE | D5: ='RESUMEN TOTAL'!E8 -> GFIJA | E5: ='RESUMEN TOTAL'!F8 -> GPON | F5: ='RESUMEN TOTAL'!L8 -> 0 | G5: ='RESUMEN TOTAL'!M8 -> 0 | H5: ='RESUMEN TOTAL'!N8 -> 0 | I5: ='RESUMEN TOTAL'!O8 -> 0 | J5: ='RESUMEN TOTAL'!P8 -> 0 | K5: ='RESUMEN TOTAL'!Q8 -> 0 | L5: ='RESUMEN TOTAL'!R8 -> 0 | M5: ='RESUMEN TOTAL'!S8 -> 0 | ... AI5: ='RESUMEN TOTAL'!AO8 -> 0 | AJ5: ='RESUMEN TOTAL'!#REF! -> #REF!
A6: ='RESUMEN TOTAL'!A9 -> PARADAS SEGURAS | B6: ='RESUMEN TOTAL'!B9 -> 15 | C6: ='RESUMEN TOTAL'!D9 -> THEVENET Y BERUTI SUR | D6: ='RESUMEN TOTAL'!E9 -> GFIJA | E6: ='RESUMEN TOTAL'!F9 -> GPON | F6: ='RESUMEN TOTAL'!L9 -> APAGADO | G6: ='RESUMEN TOTAL'!M9 -> APAGADO | H6: ='RESUMEN TOTAL'!N9 -> APAGADO | I6: ='RESUMEN TOTAL'!O9 -> APAGADO | J6: ='RESUMEN TOTAL'!P9 -> APAGADO | K6: ='RESUMEN TOTAL'!Q9 -> APAGADO | L6: ='RESUMEN TOTAL'!R9 -> 0 | M6: ='RESUMEN TOTAL'!S9 -> 0 | ... AI6: ='RESUMEN TOTAL'!AO9 -> 0 | AJ6: ='RESUMEN TOTAL'!#REF! -> #REF!
A7: ='RESUMEN TOTAL'!A10 -> PARADAS SEGURAS | B7: ='RESUMEN TOTAL'!B10 -> 16 | C7: ='RESUMEN TOTAL'!D10 -> THEVENET Y BRAILE NORTE | D7: ='RESUMEN TOTAL'!E10 -> GFIJA | E7: ='RESUMEN TOTAL'!F10 -> GPON | F7: ='RESUMEN TOTAL'!L10 -> 0 | G7: ='RESUMEN TOTAL'!M10 -> 0 | H7: ='RESUMEN TOTAL'!N10 -> 0 | I7: ='RESUMEN TOTAL'!O10 -> 0 | J7: ='RESUMEN TOTAL'!P10 -> 0 | K7: ='RESUMEN TOTAL'!Q10 -> 0 | L7: ='RESUMEN TOTAL'!R10 -> 0 | M7: ='RESUMEN TOTAL'!S10 -> 0 | ... AI7: ='RESUMEN TOTAL'!AO10 -> 0 | AJ7: ='RESUMEN TOTAL'!#REF! -> #REF!
A8: ='RESUMEN TOTAL'!A11 -> PARADAS SEGURAS | B8: ='RESUMEN TOTAL'!B11 -> 17 | C8: ='RESUMEN TOTAL'!D11 -> THEVENET Y ARENALES NORTE | D8: ='RESUMEN TOTAL'!E11 -> GFIJA | E8: ='RESUMEN TOTAL'!F11 -> GPON | F8: ='RESUMEN TOTAL'!L11 -> APAGADO | G8: ='RESUMEN TOTAL'!M11 -> APAGADO | H8: ='RESUMEN TOTAL'!N11 -> APAGADO | I8: ='RESUMEN TOTAL'!O11 -> APAGADO | J8: ='RESUMEN TOTAL'!P11 -> APAGADO | K8: ='RESUMEN TOTAL'!Q11 -> APAGADO | L8: ='RESUMEN TOTAL'!R11 -> 0 | M8: ='RESUMEN TOTAL'!S11 -> 0 | ... AI8: ='RESUMEN TOTAL'!AO11 -> 0 | AJ8: ='RESUMEN TOTAL'!#REF! -> #REF!
A9: ='RESUMEN TOTAL'!A12 -> PARADAS SEGURAS | B9: ='RESUMEN TOTAL'!B12 -> 18 | C9: ='RESUMEN TOTAL'!D12 -> THEVENET Y ARENALES SUR | D9: ='RESUMEN TOTAL'!E12 -> GFIJA | E9: ='RESUMEN TOTAL'!F12 -> GPON | F9: ='RESUMEN TOTAL'!L12 -> 0 | G9: ='RESUMEN TOTAL'!M12 -> 0 | H9: ='RESUMEN TOTAL'!N12 -> 0 | I9: ='RESUMEN TOTAL'!O12 -> 0 | J9: ='RESUMEN TOTAL'!P12 -> 0 | K9: ='RESUMEN TOTAL'!Q12 -> 0 | L9: ='RESUMEN TOTAL'!R12 -> 0 | M9: ='RESUMEN TOTAL'!S12 -> 0 | ... AI9: ='RESUMEN TOTAL'!AO12 -> 0 | AJ9: ='RESUMEN TOTAL'!#REF! -> #REF!
A10: ='RESUMEN TOTAL'!A13 -> PARADAS SEGURAS | B10: ='RESUMEN TOTAL'!B13 -> 19 | C10: ='RESUMEN TOTAL'!D13 -> THEVENET Y GORRITI NORTE | D10: ='RESUMEN TOTAL'!E13 -> GFIJA | E10: ='RESUMEN TOTAL'!F13 -> GPON | F10: ='RESUMEN TOTAL'!L13 -> 0 | G10: ='RESUMEN TOTAL'!M13 -> 0 | H10: ='RESUMEN TOTAL'!N13 -> 0 | I10: ='RESUMEN TOTAL'!O13 -> 0 | J10: ='RESUMEN TOTAL'!P13 -> 0 | K10: ='RESUMEN TOTAL'!Q13 -> 0 | L10: ='RESUMEN TOTAL'!R13 -> 0 | M10: ='RESUMEN TOTAL'!S13 -> 0 | ... AI10: ='RESUMEN TOTAL'!AO13 -> 0 | AJ10: ='RESUMEN TOTAL'!#REF! -> #REF!
A11: ='RESUMEN TOTAL'!A14 -> PARADAS SEGURAS | B11: ='RESUMEN TOTAL'!B14 -> 20 | C11: ='RESUMEN TOTAL'!D14 -> THEVENET Y GORRITI SUR | D11: ='RESUMEN TOTAL'!E14 -> GFIJA | E11: ='RESUMEN TOTAL'!F14 -> GPON | F11: ='RESUMEN TOTAL'!L14 -> 0 | G11: ='RESUMEN TOTAL'!M14 -> 0 | H11: ='RESUMEN TOTAL'!N14 -> 0 | I11: ='RESUMEN TOTAL'!O14 -> 0 | J11: ='RESUMEN TOTAL'!P14 -> 0 | K11: ='RESUMEN TOTAL'!Q14 -> 0 | L11: ='RESUMEN TOTAL'!R14 -> 0 | M11: ='RESUMEN TOTAL'!S14 -> 0 | ... AI11: ='RESUMEN TOTAL'!AO14 -> 0 | AJ11: ='RESUMEN TOTAL'!#REF! -> #REF!
A12: ='RESUMEN TOTAL'!A15 -> PARADAS SEGURAS | B12: ='RESUMEN TOTAL'!B15 -> 21 | C12: ='RESUMEN TOTAL'!D15 -> HUDSON Y CABILDO OESTE | D12: ='RESUMEN TOTAL'!E15 -> GFIJA | E12: ='RESUMEN TOTAL'!F15 -> GPON | F12: ='RESUMEN TOTAL'!L15 -> 0 | G12: ='RESUMEN TOTAL'!M15 -> 0 | H12: ='RESUMEN TOTAL'!N15 -> 0 | I12: ='RESUMEN TOTAL'!O15 -> 0 | J12: ='RESUMEN TOTAL'!P15 -> 0 | K12: ='RESUMEN TOTAL'!Q15 -> 0 | L12: ='RESUMEN TOTAL'!R15 -> 0 | M12: ='RESUMEN TOTAL'!S15 -> 0 | ... AI12: ='RESUMEN TOTAL'!AO15 -> 0 | AJ12: ='RESUMEN TOTAL'!#REF! -> #REF!
A13: ='RESUMEN TOTAL'!A16 -> PARADAS SEGURAS | B13: ='RESUMEN TOTAL'!B16 -> 22 | C13: ='RESUMEN TOTAL'!D16 -> HUDSON Y CABILDO ESTE | D13: ='RESUMEN TOTAL'!E16 -> GFIJA | E13: ='RESUMEN TOTAL'!F16 -> GPON | F13: ='RESUMEN TOTAL'!L16 -> 0 | G13: ='RESUMEN TOTAL'!M16 -> APAGADO | H13: ='RESUMEN TOTAL'!N16 -> APAGADO | I13: ='RESUMEN TOTAL'!O16 -> APAGADO | J13: ='RESUMEN TOTAL'!P16 -> APAGADO | K13: ='RESUMEN TOTAL'!Q16 -> APAGADO | L13: ='RESUMEN TOTAL'!R16 -> 0 | M13: ='RESUMEN TOTAL'!S16 -> 0 | ... AI13: ='RESUMEN TOTAL'!AO16 -> 0 | AJ13: ='RESUMEN TOTAL'!#REF! -> #REF!
A14: ='RESUMEN TOTAL'!A17 -> PARADAS SEGURAS | B14: ='RESUMEN TOTAL'!B17 -> 23 | C14: ='RESUMEN TOTAL'!D17 -> HUDSON Y SAN NICOLAS OESTE | D14: ='RESUMEN TOTAL'!E17 -> GFIJA | E14: ='RESUMEN TOTAL'!F17 -> GPON | F14: ='RESUMEN TOTAL'!L17 -> 0 | G14: ='RESUMEN TOTAL'!M17 -> 0 | H14: ='RESUMEN TOTAL'!N17 -> 0 | I14: ='RESUMEN TOTAL'!O17 -> 0 | J14: ='RESUMEN TOTAL'!P17 -> 0 | K14: ='RESUMEN TOTAL'!Q17 -> 0 | L14: ='RESUMEN TOTAL'!R17 -> 0 | M14: ='RESUMEN TOTAL'!S17 -> 0 | ... AI14: ='RESUMEN TOTAL'!AO17 -> 0 | AJ14: ='RESUMEN TOTAL'!#REF! -> #REF!
A15: ='RESUMEN TOTAL'!A18 -> PARADAS SEGURAS | B15: ='RESUMEN TOTAL'!B18 -> 24 | C15: ='RESUMEN TOTAL'!D18 -> HUDSON Y ALDAO ESTE | D15: ='RESUMEN TOTAL'!E18 -> GFIJA | E15: ='RESUMEN TOTAL'!F18 -> GPON | F15: ='RESUMEN TOTAL'!L18 -> 0 | G15: ='RESUMEN TOTAL'!M18 -> 0 | H15: ='RESUMEN TOTAL'!N18 -> 0 | I15: ='RESUMEN TOTAL'!O18 -> 0 | J15: ='RESUMEN TOTAL'!P18 -> 0 | K15: ='RESUMEN TOTAL'!Q18 -> 0 | L15: ='RESUMEN TOTAL'!R18 -> 0 | M15: ='RESUMEN TOTAL'!S18 -> 0 | ... AI15: ='RESUMEN TOTAL'!AO18 -> 0 | AJ15: ='RESUMEN TOTAL'!#REF! -> #REF!
... A67: ='RESUMEN TOTAL'!A70 -> PARADAS SEGURAS | B67: ='RESUMEN TOTAL'!B70 -> 43 I | C67: ='RESUMEN TOTAL'!D70 -> Hudson y Manuel de Falla Este | D67: ='RESUMEN TOTAL'!E70 -> INTERCOMUNICADOR | E67: ='RESUMEN TOTAL'!F70 -> GPON | F67: ='RESUMEN TOTAL'!L70 -> 0 | G67: ='RESUMEN TOTAL'!M70 -> 0 | H67: ='RESUMEN TOTAL'!N70 -> 0 | I67: ='RESUMEN TOTAL'!O70 -> 0 | J67: ='RESUMEN TOTAL'!P70 -> 0 | K67: ='RESUMEN TOTAL'!Q70 -> 0 | L67: ='RESUMEN TOTAL'!R70 -> 0 | M67: ='RESUMEN TOTAL'!S70 -> 0 | ... AI67: ='RESUMEN TOTAL'!AO70 -> 0 | AJ67: ='RESUMEN TOTAL'!#REF! -> #REF!
A68: ='RESUMEN TOTAL'!A71 -> PARADAS SEGURAS | B68: ='RESUMEN TOTAL'!B71 -> 45 C | C68: ='RESUMEN TOTAL'!D71 -> Hudson y Benito Perez Galdos Este | D68: ='RESUMEN TOTAL'!E71 -> GFIJA | E68: ='RESUMEN TOTAL'!F71 -> GPON | F68: ='RESUMEN TOTAL'!L71 -> 0 | G68: ='RESUMEN TOTAL'!M71 -> 0 | H68: ='RESUMEN TOTAL'!N71 -> 0 | I68: ='RESUMEN TOTAL'!O71 -> 0 | J68: ='RESUMEN TOTAL'!P71 -> 0 | K68: ='RESUMEN TOTAL'!Q71 -> 0 | L68: ='RESUMEN TOTAL'!R71 -> 0 | M68: ='RESUMEN TOTAL'!S71 -> 0 | ... Z68: ='RESUMEN TOTAL'!AF71 -> 0 | AA68: ='RESUMEN TOTAL'!AG546 -> 0 | AB68: ='RESUMEN TOTAL'!AH71 -> 0 | AC68: ='RESUMEN TOTAL'!AI71 -> 0 | AD68: ='RESUMEN TOTAL'!AJ71 -> 0 | AE68: ='RESUMEN TOTAL'!AK71 -> 0 | AF68: ='RESUMEN TOTAL'!AL71 -> 0 | AG68: ='RESUMEN TOTAL'!AM71 -> 0 | AH68: ='RESUMEN TOTAL'!AN71 -> 0 | AI68: ='RESUMEN TOTAL'!AO71 -> 0 | AJ68: ='RESUMEN TOTAL'!#REF! -> #REF!
A69: ='RESUMEN TOTAL'!A72 -> PARADAS SEGURAS | B69: ='RESUMEN TOTAL'!B72 -> 45 I | C69: ='RESUMEN TOTAL'!D72 -> Hudson y Benito Perez Galdos Este | D69: ='RESUMEN TOTAL'!E72 -> INTERCOMUNICADOR | E69: ='RESUMEN TOTAL'!F72 -> GPON | F69: ='RESUMEN TOTAL'!L72 -> 0 | G69: ='RESUMEN TOTAL'!M72 -> 0 | H69: ='RESUMEN TOTAL'!N72 -> 0 | I69: ='RESUMEN TOTAL'!O72 -> 0 | J69: ='RESUMEN TOTAL'!P72 -> 0 | K69: ='RESUMEN TOTAL'!Q72 -> 0 | L69: ='RESUMEN TOTAL'!R72 -> 0 | M69: ='RESUMEN TOTAL'!S72 -> 0 | ... AI69: ='RESUMEN TOTAL'!AO72 -> 0 | AJ69: ='RESUMEN TOTAL'!#REF! -> #REF!
A70: ='RESUMEN TOTAL'!A73 -> PARADAS SEGURAS | B70: ='RESUMEN TOTAL'!B73 -> 46 C | C70: ='RESUMEN TOTAL'!D73 -> Hudson y Avenida Bosques Este | D70: ='RESUMEN TOTAL'!E73 -> GFIJA | E70: ='RESUMEN TOTAL'!F73 -> GPON | F70: ='RESUMEN TOTAL'!L73 -> 0 | G70: ='RESUMEN TOTAL'!M73 -> 0 | H70: ='RESUMEN TOTAL'!N73 -> 0 | I70: ='RESUMEN TOTAL'!O73 -> 0 | J70: ='RESUMEN TOTAL'!P73 -> 0 | K70: ='RESUMEN TOTAL'!Q73 -> 0 | L70: ='RESUMEN TOTAL'!R73 -> 0 | M70: ='RESUMEN TOTAL'!S73 -> 0 | ... AI70: ='RESUMEN TOTAL'!AO73 -> 0 | AJ70: ='RESUMEN TOTAL'!#REF! -> #REF!
A71: ='RESUMEN TOTAL'!A74 -> PARADAS SEGURAS | B71: ='RESUMEN TOTAL'!B74 -> 46 I | C71: ='RESUMEN TOTAL'!D74 -> Hudson y Avenida Bosques Este | D71: ='RESUMEN TOTAL'!E74 -> INTERCOMUNICADOR | E71: ='RESUMEN TOTAL'!F74 -> GPON | F71: ='RESUMEN TOTAL'!L74 -> 0 | G71: ='RESUMEN TOTAL'!M74 -> 0 | H71: ='RESUMEN TOTAL'!N74 -> 0 | I71: ='RESUMEN TOTAL'!O74 -> 0 | J71: ='RESUMEN TOTAL'!P74 -> 0 | K71: ='RESUMEN TOTAL'!Q74 -> 0 | L71: ='RESUMEN TOTAL'!R74 -> 0 | M71: ='RESUMEN TOTAL'!S74 -> 0 | ... AI71: ='RESUMEN TOTAL'!AO74 -> 0 | AJ71: ='RESUMEN TOTAL'!#REF! -> #REF!
A72: ='RESUMEN TOTAL'!A75 -> PARADAS SEGURAS | B72: ='RESUMEN TOTAL'!B75 -> 47 C | C72: ='RESUMEN TOTAL'!D75 -> Hudson y Avenida Bosques Oeste | D72: ='RESUMEN TOTAL'!E75 -> GFIJA | E72: ='RESUMEN TOTAL'!F75 -> GPON | F72: ='RESUMEN TOTAL'!L75 -> 0 | G72: ='RESUMEN TOTAL'!M75 -> 0 | H72: ='RESUMEN TOTAL'!N75 -> 0 | I72: ='RESUMEN TOTAL'!O75 -> 0 | J72: ='RESUMEN TOTAL'!P75 -> 0 | K72: ='RESUMEN TOTAL'!Q75 -> 0 | L72: ='RESUMEN TOTAL'!R75 -> 0 | M72: ='RESUMEN TOTAL'!S75 -> 0 | ... AI72: ='RESUMEN TOTAL'!AO75 -> 0 | AJ72: ='RESUMEN TOTAL'!#REF! -> #REF!
A73: ='RESUMEN TOTAL'!A76 -> PARADAS SEGURAS | B73: ='RESUMEN TOTAL'!B76 -> 47 I | C73: ='RESUMEN TOTAL'!D76 -> Hudson y Avenida Bosques Oeste | D73: ='RESUMEN TOTAL'!E76 -> INTERCOMUNICADOR | E73: ='RESUMEN TOTAL'!F76 -> GPON | F73: ='RESUMEN TOTAL'!L76 -> 0 | G73: ='RESUMEN TOTAL'!M76 -> 0 | H73: ='RESUMEN TOTAL'!N76 -> 0 | I73: ='RESUMEN TOTAL'!O76 -> 0 | J73: ='RESUMEN TOTAL'!P76 -> 0 | K73: ='RESUMEN TOTAL'!Q76 -> 0 | L73: ='RESUMEN TOTAL'!R76 -> 0 | M73: ='RESUMEN TOTAL'!S76 -> 0 | ... AI73: ='RESUMEN TOTAL'!AO76 -> 0 | AJ73: ='RESUMEN TOTAL'!#REF! -> #REF!
A74: ='RESUMEN TOTAL'!A77 -> PARADAS SEGURAS | B74: ='RESUMEN TOTAL'!B77 -> 64 C | C74: ='RESUMEN TOTAL'!D77 -> Lujan y Combate de los Pozos | D74: ='RESUMEN TOTAL'!E77 -> GFIJA | E74: ='RESUMEN TOTAL'!F77 -> GPON | F74: ='RESUMEN TOTAL'!L77 -> 0 | G74: ='RESUMEN TOTAL'!M77 -> 0 | H74: ='RESUMEN TOTAL'!N77 -> 0 | I74: ='RESUMEN TOTAL'!O77 -> 0 | J74: ='RESUMEN TOTAL'!P77 -> 0 | K74: ='RESUMEN TOTAL'!Q77 -> 0 | L74: ='RESUMEN TOTAL'!R77 -> 0 | M74: ='RESUMEN TOTAL'!S77 -> 0 | ... AI74: ='RESUMEN TOTAL'!AO77 -> 0 | AJ74: ='RESUMEN TOTAL'!#REF! -> #REF!
A75: ='RESUMEN TOTAL'!A78 -> PARADAS SEGURAS | B75: ='RESUMEN TOTAL'!B78 -> 64 I | C75: ='RESUMEN TOTAL'!D78 -> Lujan y Combate de los Pozos | D75: ='RESUMEN TOTAL'!E78 -> INTERCOMUNICADOR | E75: ='RESUMEN TOTAL'!F78 -> GPON | F75: ='RESUMEN TOTAL'!L78 -> 0 | G75: ='RESUMEN TOTAL'!M78 -> 0 | H75: ='RESUMEN TOTAL'!N78 -> 0 | I75: ='RESUMEN TOTAL'!O78 -> 0 | J75: ='RESUMEN TOTAL'!P78 -> 0 | K75: ='RESUMEN TOTAL'!Q78 -> 0 | L75: ='RESUMEN TOTAL'!R78 -> 0 | M75: ='RESUMEN TOTAL'!S78 -> 0 | ... AI75: ='RESUMEN TOTAL'!AO78 -> 0 | AJ75: ='RESUMEN TOTAL'!#REF! -> #REF!
A76: ='RESUMEN TOTAL'!A79 -> PARADAS SEGURAS | B76: ='RESUMEN TOTAL'!B79 -> 65 C | C76: ='RESUMEN TOTAL'!D79 -> Lujan y Combate de los Pozos | D76: ='RESUMEN TOTAL'!E79 -> GFIJA | E76: ='RESUMEN TOTAL'!F79 -> GPON | F76: ='RESUMEN TOTAL'!L79 -> 0 | G76: ='RESUMEN TOTAL'!M79 -> 0 | H76: ='RESUMEN TOTAL'!N79 -> 0 | I76: ='RESUMEN TOTAL'!O79 -> 0 | J76: ='RESUMEN TOTAL'!P79 -> 0 | K76: ='RESUMEN TOTAL'!Q79 -> 0 | L76: ='RESUMEN TOTAL'!R79 -> 0 | M76: ='RESUMEN TOTAL'!S79 -> 0 | ... AI76: ='RESUMEN TOTAL'!AO79 -> 0 | AJ76: ='RESUMEN TOTAL'!#REF! -> #REF!
A77: ='RESUMEN TOTAL'!A80 -> PARADAS SEGURAS | B77: ='RESUMEN TOTAL'!B80 -> 65 I | C77: ='RESUMEN TOTAL'!D80 -> Lujan y Combate de los Pozos | D77: ='RESUMEN TOTAL'!E80 -> INTERCOMUNICADOR | E77: ='RESUMEN TOTAL'!F80 -> GPON | F77: ='RESUMEN TOTAL'!L80 -> 0 | G77: ='RESUMEN TOTAL'!M80 -> 0 | H77: ='RESUMEN TOTAL'!N80 -> 0 | I77: ='RESUMEN TOTAL'!O80 -> 0 | J77: ='RESUMEN TOTAL'!P80 -> 0 | K77: ='RESUMEN TOTAL'!Q80 -> 0 | L77: ='RESUMEN TOTAL'!R80 -> 0 | M77: ='RESUMEN TOTAL'!S80 -> 0 | ... AI77: ='RESUMEN TOTAL'!AO80 -> 0 | AJ77: ='RESUMEN TOTAL'!#REF! -> #REF!
A78: ='RESUMEN TOTAL'!A81 -> PARADAS SEGURAS | B78: ='RESUMEN TOTAL'!B81 -> 67 C | C78: ='RESUMEN TOTAL'!D81 -> Lujan y 907 A | D78: ='RESUMEN TOTAL'!E81 -> GFIJA | E78: ='RESUMEN TOTAL'!F81 -> GPON | F78: ='RESUMEN TOTAL'!L81 -> 0 | G78: ='RESUMEN TOTAL'!M81 -> 0 | H78: ='RESUMEN TOTAL'!N81 -> 0 | I78: ='RESUMEN TOTAL'!O81 -> 0 | J78: ='RESUMEN TOTAL'!P81 -> 0 | K78: ='RESUMEN TOTAL'!Q81 -> 0 | L78: ='RESUMEN TOTAL'!R81 -> 0 | M78: ='RESUMEN TOTAL'!S81 -> 0 | ... AI78: ='RESUMEN TOTAL'!AO81 -> 0 | AJ78: ='RESUMEN TOTAL'!#REF! -> #REF!
A79: ='RESUMEN TOTAL'!A82 -> PARADAS SEGURAS | B79: ='RESUMEN TOTAL'!B82 -> 67 I | C79: ='RESUMEN TOTAL'!D82 -> Lujan y 907 A | D79: ='RESUMEN TOTAL'!E82 -> INTERCOMUNICADOR | E79: ='RESUMEN TOTAL'!F82 -> GPON | F79: ='RESUMEN TOTAL'!L82 -> 0 | G79: ='RESUMEN TOTAL'!M82 -> 0 | H79: ='RESUMEN TOTAL'!N82 -> 0 | I79: ='RESUMEN TOTAL'!O82 -> 0 | J79: ='RESUMEN TOTAL'!P82 -> 0 | K79: ='RESUMEN TOTAL'!Q82 -> 0 | L79: ='RESUMEN TOTAL'!R82 -> 0 | M79: ='RESUMEN TOTAL'!S82 -> 0 | ... AI79: ='RESUMEN TOTAL'!AO82 -> 0 | AJ79: ='RESUMEN TOTAL'!#REF! -> #REF!
A80: ='RESUMEN TOTAL'!A83 -> ALTAMIRA | B80: ='RESUMEN TOTAL'!B83 -> ALT 03 | C80: ='RESUMEN TOTAL'!D83 -> Bombero Galarza y Necochea | D80: ='RESUMEN TOTAL'!E83 -> Domo | E80: ='RESUMEN TOTAL'!F83 -> Fibra Optica | F80: ='RESUMEN TOTAL'!L83 -> 0 | G80: ='RESUMEN TOTAL'!M83 -> 0 | H80: ='RESUMEN TOTAL'!N83 -> 0 | I80: ='RESUMEN TOTAL'!O83 -> 0 | J80: ='RESUMEN TOTAL'!P83 -> 0 | K80: ='RESUMEN TOTAL'!Q83 -> 0 | L80: ='RESUMEN TOTAL'!R83 -> 0 | M80: ='RESUMEN TOTAL'!S83 -> 0 | ... AI80: ='RESUMEN TOTAL'!AO83 -> 0 | AJ80: ='RESUMEN TOTAL'!#REF! -> #REF!
... A121: ='RESUMEN TOTAL'!A124 -> CENTRO | B121: ='RESUMEN TOTAL'!B124 -> CEN 79 | C121: ='RESUMEN TOTAL'!D124 -> Diag. Constituyente y Brown | D121: ='RESUMEN TOTAL'!E124 -> Fija | E121: ='RESUMEN TOTAL'!F124 -> Fibra Optica | F121: ='RESUMEN TOTAL'!L124 -> 0 | G121: ='RESUMEN TOTAL'!M124 -> 0 | H121: ='RESUMEN TOTAL'!N124 -> 0 | I121: ='RESUMEN TOTAL'!O124 -> 0 | J121: ='RESUMEN TOTAL'!P124 -> 0 | K121: ='RESUMEN TOTAL'!Q124 -> 0 | L121: ='RESUMEN TOTAL'!R124 -> 0 | M121: ='RESUMEN TOTAL'!S124 -> 0 | ... AI121: ='RESUMEN TOTAL'!AO124 -> 0 | AJ121: ='RESUMEN TOTAL'!#REF! -> #REF!
A122: ='RESUMEN TOTAL'!A126 -> CENTRO | B122: ='RESUMEN TOTAL'!B126 -> CEN 81 | C122: ='RESUMEN TOTAL'!D126 -> Alberdi y A.del Valle | D122: ='RESUMEN TOTAL'!E126 -> Fija | E122: ='RESUMEN TOTAL'!F126 -> Fibra Optica | F122: ='RESUMEN TOTAL'!L126 -> 0 | G122: ='RESUMEN TOTAL'!M126 -> 0 | H122: ='RESUMEN TOTAL'!N126 -> 0 | I122: ='RESUMEN TOTAL'!O126 -> 0 | J122: ='RESUMEN TOTAL'!P126 -> 0 | K122: ='RESUMEN TOTAL'!Q126 -> 0 | L122: ='RESUMEN TOTAL'!R126 -> 0 | M122: ='RESUMEN TOTAL'!S126 -> 0 | ... AI122: ='RESUMEN TOTAL'!AO126 -> 0 | AJ122: ='RESUMEN TOTAL'!#REF! -> #REF!
A123: ='RESUMEN TOTAL'!A127 -> CENTRO | B123: ='RESUMEN TOTAL'!B127 -> CEN 82 | C123: ='RESUMEN TOTAL'!D127 -> DORREGO Y BOUREL | D123: ='RESUMEN TOTAL'!E127 -> Domo | E123: ='RESUMEN TOTAL'!F127 -> Fibra Optica | F123: ='RESUMEN TOTAL'!L127 -> 0 | G123: ='RESUMEN TOTAL'!M127 -> 0 | H123: ='RESUMEN TOTAL'!N127 -> 0 | I123: ='RESUMEN TOTAL'!O127 -> 0 | J123: ='RESUMEN TOTAL'!P127 -> 0 | K123: ='RESUMEN TOTAL'!Q127 -> 0 | L123: ='RESUMEN TOTAL'!R127 -> 0 | M123: ='RESUMEN TOTAL'!S127 -> 0 | ... AI123: ='RESUMEN TOTAL'!AO127 -> 0 | AJ123: ='RESUMEN TOTAL'!#REF! -> #REF!
A124: ='RESUMEN TOTAL'!A128 -> CENTRO | B124: ='RESUMEN TOTAL'!B128 -> CEN 84 | C124: ='RESUMEN TOTAL'!D128 -> 25 DE MAYO Y MAIPU | D124: ='RESUMEN TOTAL'!E128 -> Fija | E124: ='RESUMEN TOTAL'!F128 -> Fibra Optica | F124: ='RESUMEN TOTAL'!L128 -> APAGADO | G124: ='RESUMEN TOTAL'!M128 -> APAGADO | H124: ='RESUMEN TOTAL'!N128 -> APAGADO | I124: ='RESUMEN TOTAL'!O128 -> APAGADO | J124: ='RESUMEN TOTAL'!P128 -> APAGADO | K124: ='RESUMEN TOTAL'!Q128 -> APAGADO | L124: ='RESUMEN TOTAL'!R128 -> APAGADO | M124: ='RESUMEN TOTAL'!S128 -> APAGADO | ... AI124: ='RESUMEN TOTAL'!AO128 -> 0 | AJ124: ='RESUMEN TOTAL'!#REF! -> #REF!
A125: ='RESUMEN TOTAL'!A129 -> CENTRO | B125: ='RESUMEN TOTAL'!B129 -> CEN 85 | C125: ='RESUMEN TOTAL'!D129 -> PTE PERON E/ PRINGLES Y BROWN | D125: ='RESUMEN TOTAL'!E129 -> Fija | E125: ='RESUMEN TOTAL'!F129 -> Fibra Optica | F125: ='RESUMEN TOTAL'!L129 -> 0 | G125: ='RESUMEN TOTAL'!M129 -> 0 | H125: ='RESUMEN TOTAL'!N129 -> 0 | I125: ='RESUMEN TOTAL'!O129 -> 0 | J125: ='RESUMEN TOTAL'!P129 -> 0 | K125: ='RESUMEN TOTAL'!Q129 -> 0 | L125: ='RESUMEN TOTAL'!R129 -> 0 | M125: ='RESUMEN TOTAL'!S129 -> 0 | ... AI125: ='RESUMEN TOTAL'!AO129 -> 0 | AJ125: ='RESUMEN TOTAL'!#REF! -> #REF!
A126: ='RESUMEN TOTAL'!A130 -> CENTRO | B126: ='RESUMEN TOTAL'!B130 -> CEN 86 | C126: ='RESUMEN TOTAL'!D130 -> Monteagudo y Bocuzzi | D126: ='RESUMEN TOTAL'!E130 -> Fija | E126: ='RESUMEN TOTAL'!F130 -> Fibra Optica | F126: ='RESUMEN TOTAL'!L130 -> 0 | G126: ='RESUMEN TOTAL'!M130 -> 0 | H126: ='RESUMEN TOTAL'!N130 -> 0 | I126: ='RESUMEN TOTAL'!O130 -> 0 | J126: ='RESUMEN TOTAL'!P130 -> 0 | K126: ='RESUMEN TOTAL'!Q130 -> 0 | L126: ='RESUMEN TOTAL'!R130 -> 0 | M126: ='RESUMEN TOTAL'!S130 -> 0 | ... AI126: ='RESUMEN TOTAL'!AO130 -> 0 | AJ126: ='RESUMEN TOTAL'!#REF! -> #REF!
A127: ='RESUMEN TOTAL'!A131 -> CENTRO | B127: ='RESUMEN TOTAL'!B131 -> CEN01 | C127: ='RESUMEN TOTAL'!D131 -> San Martin y 9 de Julio | D127: ='RESUMEN TOTAL'!E131 -> Fija | E127: ='RESUMEN TOTAL'!F131 -> Fibra Optica | F127: ='RESUMEN TOTAL'!L131 -> 0 | G127: ='RESUMEN TOTAL'!M131 -> 0 | H127: ='RESUMEN TOTAL'!N131 -> APAGADO | I127: ='RESUMEN TOTAL'!O131 -> APAGADO | J127: ='RESUMEN TOTAL'!P131 -> APAGADO | K127: ='RESUMEN TOTAL'!Q131 -> APAGADO | L127: ='RESUMEN TOTAL'!R131 -> APAGADO | M127: ='RESUMEN TOTAL'!S131 -> APAGADO | ... AI127: ='RESUMEN TOTAL'!AO131 -> 0 | AJ127: ='RESUMEN TOTAL'!#REF! -> #REF!
A128: ='RESUMEN TOTAL'!A132 -> CENTRO | B128: ='RESUMEN TOTAL'!B132 -> CEN02 | C128: ='RESUMEN TOTAL'!D132 -> San Martin y Almafuerte | D128: ='RESUMEN TOTAL'!E132 -> Fija | E128: ='RESUMEN TOTAL'!F132 -> Fibra Optica | F128: ='RESUMEN TOTAL'!L132 -> 0 | G128: ='RESUMEN TOTAL'!M132 -> 0 | H128: ='RESUMEN TOTAL'!N132 -> 0 | I128: ='RESUMEN TOTAL'!O132 -> 0 | J128: ='RESUMEN TOTAL'!P132 -> 0 | K128: ='RESUMEN TOTAL'!Q132 -> 0 | L128: ='RESUMEN TOTAL'!R132 -> 0 | M128: ='RESUMEN TOTAL'!S132 -> 0 | ... AI128: ='RESUMEN TOTAL'!AO132 -> 0 | AJ128: ='RESUMEN TOTAL'!#REF! -> #REF!
A129: ='RESUMEN TOTAL'!A133 -> CENTRO | B129: ='RESUMEN TOTAL'!B133 -> CEN03 | C129: ='RESUMEN TOTAL'!D133 -> San Martin y Sallares | D129: ='RESUMEN TOTAL'!E133 -> Domo | E129: ='RESUMEN TOTAL'!F133 -> Fibra Optica | F129: ='RESUMEN TOTAL'!L133 -> 0 | G129: ='RESUMEN TOTAL'!M133 -> 0 | H129: ='RESUMEN TOTAL'!N133 -> 0 | I129: ='RESUMEN TOTAL'!O133 -> 0 | J129: ='RESUMEN TOTAL'!P133 -> 0 | K129: ='RESUMEN TOTAL'!Q133 -> 0 | L129: ='RESUMEN TOTAL'!R133 -> 0 | M129: ='RESUMEN TOTAL'!S133 -> 0 | ... AI129: ='RESUMEN TOTAL'!AO133 -> 0 | AJ129: ='RESUMEN TOTAL'!#REF! -> #REF!
A130: ='RESUMEN TOTAL'!A134 -> CENTRO | B130: ='RESUMEN TOTAL'!B134 -> CEN04 | C130: ='RESUMEN TOTAL'!D134 -> San Martin y Contreras | D130: ='RESUMEN TOTAL'!E134 -> Domo | E130: ='RESUMEN TOTAL'!F134 -> Fibra Optica | F130: ='RESUMEN TOTAL'!L134 -> 0 | G130: ='RESUMEN TOTAL'!M134 -> 0 | H130: ='RESUMEN TOTAL'!N134 -> 0 | I130: ='RESUMEN TOTAL'!O134 -> 0 | J130: ='RESUMEN TOTAL'!P134 -> 0 | K130: ='RESUMEN TOTAL'!Q134 -> 0 | L130: ='RESUMEN TOTAL'!R134 -> 0 | M130: ='RESUMEN TOTAL'!S134 -> 0 | ... AI130: ='RESUMEN TOTAL'!AO134 -> 0 | AJ130: ='RESUMEN TOTAL'!#REF! -> #REF!
A131: ='RESUMEN TOTAL'!A135 -> CENTRO | B131: ='RESUMEN TOTAL'!B135 -> CEN06 | C131: ='RESUMEN TOTAL'!D135 -> Monteagudo y A.del Valle | D131: ='RESUMEN TOTAL'!E135 -> Fija | E131: ='RESUMEN TOTAL'!F135 -> Fibra Optica | F131: ='RESUMEN TOTAL'!L135 -> 0 | G131: ='RESUMEN TOTAL'!M135 -> 0 | H131: ='RESUMEN TOTAL'!N135 -> 0 | I131: ='RESUMEN TOTAL'!O135 -> 0 | J131: ='RESUMEN TOTAL'!P135 -> 0 | K131: ='RESUMEN TOTAL'!Q135 -> 0 | L131: ='RESUMEN TOTAL'!R135 -> 0 | M131: ='RESUMEN TOTAL'!S135 -> 0 | ... AI131: ='RESUMEN TOTAL'!AO135 -> 0 | AJ131: ='RESUMEN TOTAL'!#REF! -> #REF!
A132: ='RESUMEN TOTAL'!A136 -> CENTRO | B132: ='RESUMEN TOTAL'!B136 -> CEN07 | C132: ='RESUMEN TOTAL'!D136 -> San Martin y Guemes | D132: ='RESUMEN TOTAL'!E136 -> DOMO | E132: ='RESUMEN TOTAL'!F136 -> Fibra Optica | F132: ='RESUMEN TOTAL'!L136 -> APAGADO | G132: ='RESUMEN TOTAL'!M136 -> APAGADO | H132: ='RESUMEN TOTAL'!N136 -> 0 | I132: ='RESUMEN TOTAL'!O136 -> 0 | J132: ='RESUMEN TOTAL'!P136 -> 0 | K132: ='RESUMEN TOTAL'!Q136 -> 0 | L132: ='RESUMEN TOTAL'!R136 -> 0 | M132: ='RESUMEN TOTAL'!S136 -> 0 | ... AI132: ='RESUMEN TOTAL'!AO136 -> 0 | AJ132: ='RESUMEN TOTAL'!#REF! -> #REF!
A133: ='RESUMEN TOTAL'!A137 -> CENTRO | B133: ='RESUMEN TOTAL'!B137 -> CEN08 | C133: ='RESUMEN TOTAL'!D137 -> San Martin y Pte.Peron | D133: ='RESUMEN TOTAL'!E137 -> Domo | E133: ='RESUMEN TOTAL'!F137 -> Fibra Optica | F133: ='RESUMEN TOTAL'!L137 -> 0 | G133: ='RESUMEN TOTAL'!M137 -> 0 | H133: ='RESUMEN TOTAL'!N137 -> 0 | I133: ='RESUMEN TOTAL'!O137 -> 0 | J133: ='RESUMEN TOTAL'!P137 -> 0 | K133: ='RESUMEN TOTAL'!Q137 -> 0 | L133: ='RESUMEN TOTAL'!R137 -> 0 | M133: ='RESUMEN TOTAL'!S137 -> 0 | ... AI133: ='RESUMEN TOTAL'!AO137 -> 0 | AJ133: ='RESUMEN TOTAL'!#REF! -> #REF!
... A200: ='RESUMEN TOTAL'!A204 -> EL PARQUE | B200: ='RESUMEN TOTAL'!B204 -> EPQ 01 | C200: ='RESUMEN TOTAL'!D204 -> 1282 Y GRIERSON | D200: ='RESUMEN TOTAL'!E204 -> DOMO | E200: ='RESUMEN TOTAL'!F204 -> Fibra Optica | F200: ='RESUMEN TOTAL'!L204 -> 0 | G200: ='RESUMEN TOTAL'!M204 -> 0 | H200: ='RESUMEN TOTAL'!N204 -> 0 | I200: ='RESUMEN TOTAL'!O204 -> 0 | J200: ='RESUMEN TOTAL'!P204 -> 0 | K200: ='RESUMEN TOTAL'!Q204 -> 0 | L200: ='RESUMEN TOTAL'!R204 -> 0 | M200: ='RESUMEN TOTAL'!S204 -> 0 | ... AI200: ='RESUMEN TOTAL'!AO204 -> 0 | AJ200: ='RESUMEN TOTAL'!#REF! -> #REF!
A201: ='RESUMEN TOTAL'!A206 -> EL PARQUE | B201: ='RESUMEN TOTAL'!B206 -> EPQ 03 | C201: ='RESUMEN TOTAL'!D206 -> 1282 Y RP 36 | D201: ='RESUMEN TOTAL'!E206 -> Domo | E201: ='RESUMEN TOTAL'!F206 -> Fibra Optica | F201: ='RESUMEN TOTAL'!L206 -> APAGADO | G201: ='RESUMEN TOTAL'!M206 -> APAGADO | H201: ='RESUMEN TOTAL'!N206 -> APAGADO | I201: ='RESUMEN TOTAL'!O206 -> APAGADO | J201: ='RESUMEN TOTAL'!P206 -> APAGADO | K201: ='RESUMEN TOTAL'!Q206 -> APAGADO | L201: ='RESUMEN TOTAL'!R206 -> APAGADO | M201: ='RESUMEN TOTAL'!S206 -> APAGADO | ... AI201: ='RESUMEN TOTAL'!AO206 -> 0 | AJ201: ='RESUMEN TOTAL'!#REF! -> #REF!
A202: ='RESUMEN TOTAL'!A207 -> EL PARQUE | B202: ='RESUMEN TOTAL'!B207 -> EPQ 04 | C202: ='RESUMEN TOTAL'!D207 -> 1282 Y MORENO | D202: ='RESUMEN TOTAL'!E207 -> DOMO | E202: ='RESUMEN TOTAL'!F207 -> Fibra Optica | F202: ='RESUMEN TOTAL'!L207 -> 0 | G202: ='RESUMEN TOTAL'!M207 -> 0 | H202: ='RESUMEN TOTAL'!N207 -> 0 | I202: ='RESUMEN TOTAL'!O207 -> 0 | J202: ='RESUMEN TOTAL'!P207 -> 0 | K202: ='RESUMEN TOTAL'!Q207 -> 0 | L202: ='RESUMEN TOTAL'!R207 -> 0 | M202: ='RESUMEN TOTAL'!S207 -> 0 | ... AI202: ='RESUMEN TOTAL'!AO207 -> 0 | AJ202: ='RESUMEN TOTAL'!#REF! -> #REF!
A203: ='RESUMEN TOTAL'!A208 -> LA ESMERALDA | B203: ='RESUMEN TOTAL'!B208 -> ESM 08 | C203: ='RESUMEN TOTAL'!D208 -> DAVINSON Y MORANCHEL | D203: ='RESUMEN TOTAL'!E208 -> FIJA | E203: ='RESUMEN TOTAL'!F208 -> Radio | F203: ='RESUMEN TOTAL'!L208 -> 0 | G203: ='RESUMEN TOTAL'!M208 -> 0 | H203: ='RESUMEN TOTAL'!N208 -> 0 | I203: ='RESUMEN TOTAL'!O208 -> 0 | J203: ='RESUMEN TOTAL'!P208 -> 0 | K203: ='RESUMEN TOTAL'!Q208 -> 0 | L203: ='RESUMEN TOTAL'!R208 -> 0 | M203: ='RESUMEN TOTAL'!S208 -> 0 | ... AI203: ='RESUMEN TOTAL'!AO208 -> 0 | AJ203: ='RESUMEN TOTAL'!#REF! -> #REF!
A204: ='RESUMEN TOTAL'!A209 -> LA ESMERALDA | B204: ='RESUMEN TOTAL'!B209 -> ESM 13 | C204: ='RESUMEN TOTAL'!D209 -> Barzi y Serrano | D204: ='RESUMEN TOTAL'!E209 -> fija | E204: ='RESUMEN TOTAL'!F209 -> Fibra Optica | F204: ='RESUMEN TOTAL'!L209 -> APAGADO | G204: ='RESUMEN TOTAL'!M209 -> APAGADO | H204: ='RESUMEN TOTAL'!N209 -> APAGADO | I204: ='RESUMEN TOTAL'!O209 -> APAGADO | J204: ='RESUMEN TOTAL'!P209 -> 0 | K204: ='RESUMEN TOTAL'!Q209 -> 0 | L204: ='RESUMEN TOTAL'!R209 -> 0 | M204: ='RESUMEN TOTAL'!S209 -> 0 | ... AI204: ='RESUMEN TOTAL'!AO209 -> 0 | AJ204: ='RESUMEN TOTAL'!#REF! -> #REF!
A205: ='RESUMEN TOTAL'!A210 -> LA ESMERALDA | B205: ='RESUMEN TOTAL'!B210 -> ESM 14 | C205: ='RESUMEN TOTAL'!D210 -> Barzi y Serrano | D205: ='RESUMEN TOTAL'!E210 -> fija | E205: ='RESUMEN TOTAL'!F210 -> Fibra Optica | F205: ='RESUMEN TOTAL'!L210 -> 0 | G205: ='RESUMEN TOTAL'!M210 -> 0 | H205: ='RESUMEN TOTAL'!N210 -> 0 | I205: ='RESUMEN TOTAL'!O210 -> 0 | J205: ='RESUMEN TOTAL'!P210 -> 0 | K205: ='RESUMEN TOTAL'!Q210 -> 0 | L205: ='RESUMEN TOTAL'!R210 -> 0 | M205: ='RESUMEN TOTAL'!S210 -> 0 | ... AI205: ='RESUMEN TOTAL'!AO210 -> 0 | AJ205: ='RESUMEN TOTAL'!#REF! -> #REF!
A206: ='RESUMEN TOTAL'!A211 -> LA ESMERALDA | B206: ='RESUMEN TOTAL'!B211 -> ESM 15 | C206: ='RESUMEN TOTAL'!D211 -> Basualdo y Lieja | D206: ='RESUMEN TOTAL'!E211 -> Fija | E206: ='RESUMEN TOTAL'!F211 -> Fibra Optica | F206: ='RESUMEN TOTAL'!L211 -> 0 | G206: ='RESUMEN TOTAL'!M211 -> 0 | H206: ='RESUMEN TOTAL'!N211 -> 0 | I206: ='RESUMEN TOTAL'!O211 -> 0 | J206: ='RESUMEN TOTAL'!P211 -> 0 | K206: ='RESUMEN TOTAL'!Q211 -> 0 | L206: ='RESUMEN TOTAL'!R211 -> 0 | M206: ='RESUMEN TOTAL'!S211 -> 0 | ... AI206: ='RESUMEN TOTAL'!AO211 -> 0 | AJ206: ='RESUMEN TOTAL'!#REF! -> #REF!
A207: ='RESUMEN TOTAL'!A212 -> LA ESMERALDA | B207: ='RESUMEN TOTAL'!B212 -> ESM 16 | C207: ='RESUMEN TOTAL'!D212 -> Basualdo y Lieja | D207: ='RESUMEN TOTAL'!E212 -> Fija | E207: ='RESUMEN TOTAL'!F212 -> Fibra Optica | F207: ='RESUMEN TOTAL'!L212 -> 0 | G207: ='RESUMEN TOTAL'!M212 -> 0 | H207: ='RESUMEN TOTAL'!N212 -> 0 | I207: ='RESUMEN TOTAL'!O212 -> 0 | J207: ='RESUMEN TOTAL'!P212 -> 0 | K207: ='RESUMEN TOTAL'!Q212 -> 0 | L207: ='RESUMEN TOTAL'!R212 -> 0 | M207: ='RESUMEN TOTAL'!S212 -> 0 | ... AI207: ='RESUMEN TOTAL'!AO212 -> 0 | AJ207: ='RESUMEN TOTAL'!#REF! -> #REF!
A208: ='RESUMEN TOTAL'!A213 -> LA ESMERALDA | B208: ='RESUMEN TOTAL'!B213 -> ESM01 | C208: ='RESUMEN TOTAL'!D213 -> Cabello y Brasil | D208: ='RESUMEN TOTAL'!E213 -> Domo | E208: ='RESUMEN TOTAL'!F213 -> Radio | F208: ='RESUMEN TOTAL'!L213 -> 0 | G208: ='RESUMEN TOTAL'!M213 -> 0 | H208: ='RESUMEN TOTAL'!N213 -> 0 | I208: ='RESUMEN TOTAL'!O213 -> 0 | J208: ='RESUMEN TOTAL'!P213 -> 0 | K208: ='RESUMEN TOTAL'!Q213 -> 0 | L208: ='RESUMEN TOTAL'!R213 -> 0 | M208: ='RESUMEN TOTAL'!S213 -> 0 | ... AI208: ='RESUMEN TOTAL'!AO213 -> 0 | AJ208: ='RESUMEN TOTAL'!#REF! -> #REF!
A209: ='RESUMEN TOTAL'!A214 -> SAN JORGE | B209: ='RESUMEN TOTAL'!B214 -> ESM02 | C209: ='RESUMEN TOTAL'!D214 -> Novak y Cabello | D209: ='RESUMEN TOTAL'!E214 -> Domo | E209: ='RESUMEN TOTAL'!F214 -> PTO A FO | F209: ='RESUMEN TOTAL'!L214 -> 0 | G209: ='RESUMEN TOTAL'!M214 -> 0 | H209: ='RESUMEN TOTAL'!N214 -> 0 | I209: ='RESUMEN TOTAL'!O214 -> 0 | J209: ='RESUMEN TOTAL'!P214 -> 0 | K209: ='RESUMEN TOTAL'!Q214 -> 0 | L209: ='RESUMEN TOTAL'!R214 -> 0 | M209: ='RESUMEN TOTAL'!S214 -> 0 | ... AI209: ='RESUMEN TOTAL'!AO214 -> 0 | AJ209: ='RESUMEN TOTAL'!#REF! -> #REF!
A210: ='RESUMEN TOTAL'!A215 -> 0 | B210: ='RESUMEN TOTAL'!B215 -> ESM03 | C210: ='RESUMEN TOTAL'!D215 -> Novak y Humahuaca | D210: ='RESUMEN TOTAL'!E215 -> DOMO | E210: ='RESUMEN TOTAL'!F215 -> PTO A FO | F210: ='RESUMEN TOTAL'!L215 -> 0 | G210: ='RESUMEN TOTAL'!M215 -> 0 | H210: ='RESUMEN TOTAL'!N215 -> 0 | I210: ='RESUMEN TOTAL'!O215 -> 0 | J210: ='RESUMEN TOTAL'!P215 -> 0 | K210: ='RESUMEN TOTAL'!Q215 -> 0 | L210: ='RESUMEN TOTAL'!R215 -> 0 | M210: ='RESUMEN TOTAL'!S215 -> 0 | ... AI210: ='RESUMEN TOTAL'!AO215 -> 0 | AJ210: ='RESUMEN TOTAL'!#REF! -> #REF!
A211: ='RESUMEN TOTAL'!A216 -> LA ESMERALDA | B211: ='RESUMEN TOTAL'!B216 -> ESM04 | C211: ='RESUMEN TOTAL'!D216 -> Basualdo y Bengochea | D211: ='RESUMEN TOTAL'!E216 -> Domo | E211: ='RESUMEN TOTAL'!F216 -> Fibra Optica | F211: ='RESUMEN TOTAL'!L216 -> APAGADO | G211: ='RESUMEN TOTAL'!M216 -> APAGADO | H211: ='RESUMEN TOTAL'!N216 -> APAGADO | I211: ='RESUMEN TOTAL'!O216 -> APAGADO | J211: ='RESUMEN TOTAL'!P216 -> APAGADO | K211: ='RESUMEN TOTAL'!Q216 -> APAGADO | L211: ='RESUMEN TOTAL'!R216 -> APAGADO | M211: ='RESUMEN TOTAL'!S216 -> APAGADO | ... AI211: ='RESUMEN TOTAL'!AO216 -> 0 | AJ211: ='RESUMEN TOTAL'!#REF! -> #REF!
A212: ='RESUMEN TOTAL'!A217 -> LA ESMERALDA | B212: ='RESUMEN TOTAL'!B217 -> ESM05 | C212: ='RESUMEN TOTAL'!D217 -> Aniceto Diaz y Villar | D212: ='RESUMEN TOTAL'!E217 -> Domo | E212: ='RESUMEN TOTAL'!F217 -> Fibra Optica | F212: ='RESUMEN TOTAL'!L217 -> APAGADO | G212: ='RESUMEN TOTAL'!M217 -> APAGADO | H212: ='RESUMEN TOTAL'!N217 -> APAGADO | I212: ='RESUMEN TOTAL'!O217 -> APAGADO | J212: ='RESUMEN TOTAL'!P217 -> APAGADO | K212: ='RESUMEN TOTAL'!Q217 -> APAGADO | L212: ='RESUMEN TOTAL'!R217 -> APAGADO | M212: ='RESUMEN TOTAL'!S217 -> APAGADO | ... AI212: ='RESUMEN TOTAL'!AO217 -> 0 | AJ212: ='RESUMEN TOTAL'!#REF! -> #REF!
... A267: ='RESUMEN TOTAL'!A272 -> LUJAN | B267: ='RESUMEN TOTAL'!B272 -> LUJ 01 | C267: ='RESUMEN TOTAL'!D272 -> ñandu y Los Pinos | D267: ='RESUMEN TOTAL'!E272 -> Domo | E267: ='RESUMEN TOTAL'!F272 -> Radio | F267: ='RESUMEN TOTAL'!L272 -> 0 | G267: ='RESUMEN TOTAL'!M272 -> 0 | H267: ='RESUMEN TOTAL'!N272 -> 0 | I267: ='RESUMEN TOTAL'!O272 -> 0 | J267: ='RESUMEN TOTAL'!P272 -> 0 | K267: ='RESUMEN TOTAL'!Q272 -> 0 | L267: ='RESUMEN TOTAL'!R272 -> 0 | M267: ='RESUMEN TOTAL'!S272 -> 0 | ... AI267: ='RESUMEN TOTAL'!AO272 -> 0 | AJ267: ='RESUMEN TOTAL'!#REF! -> #REF!
A268: ='RESUMEN TOTAL'!A273 -> VILLA ARGENTINA | B268: ='RESUMEN TOTAL'!B273 -> LUJ 02 | C268: ='RESUMEN TOTAL'!D273 -> DIAG. LOS TILOS Y 527 | D268: ='RESUMEN TOTAL'!E273 -> DOMO | E268: ='RESUMEN TOTAL'!F273 -> PTO A FO | F268: ='RESUMEN TOTAL'!L273 -> APAGADO | G268: ='RESUMEN TOTAL'!M273 -> APAGADO | H268: ='RESUMEN TOTAL'!N273 -> APAGADO | I268: ='RESUMEN TOTAL'!O273 -> APAGADO | J268: ='RESUMEN TOTAL'!P273 -> APAGADO | K268: ='RESUMEN TOTAL'!Q273 -> APAGADO | L268: ='RESUMEN TOTAL'!R273 -> APAGADO | M268: ='RESUMEN TOTAL'!S273 -> APAGADO | ... U268: ='RESUMEN TOTAL'!AA273 -> APAGADO | V268: ='RESUMEN TOTAL'!AB274 -> 0 | W268: ='RESUMEN TOTAL'!AC273 -> APAGADO | X268: ='RESUMEN TOTAL'!AD273 -> APAGADO | Y268: ='RESUMEN TOTAL'!AE273 -> APAGADO | Z268: ='RESUMEN TOTAL'!AF273 -> APAGADO | AA268: ='RESUMEN TOTAL'!AG273 -> APAGADO | AB268: ='RESUMEN TOTAL'!AH273 -> APAGADO | AC268: ='RESUMEN TOTAL'!AI273 -> APAGADO | AD268: ='RESUMEN TOTAL'!AJ273 -> APAGADO | ... AI268: ='RESUMEN TOTAL'!AO273 -> 0 | AJ268: ='RESUMEN TOTAL'!#REF! -> #REF!
A269: ='RESUMEN TOTAL'!A274 -> LUJAN | B269: ='RESUMEN TOTAL'!B274 -> LUJ03 | C269: ='RESUMEN TOTAL'!D274 -> LOS PINOS Y LOS TILOS | D269: ='RESUMEN TOTAL'!E274 -> DOMO | E269: ='RESUMEN TOTAL'!F274 -> Fibra Optica | F269: ='RESUMEN TOTAL'!L274 -> 0 | G269: ='RESUMEN TOTAL'!M274 -> 0 | H269: ='RESUMEN TOTAL'!N274 -> 0 | I269: ='RESUMEN TOTAL'!O274 -> 0 | J269: ='RESUMEN TOTAL'!P274 -> 0 | K269: ='RESUMEN TOTAL'!Q274 -> 0 | L269: ='RESUMEN TOTAL'!R274 -> 0 | M269: ='RESUMEN TOTAL'!S274 -> 0 | ... U269: ='RESUMEN TOTAL'!AA274 -> 0 | V269: ='RESUMEN TOTAL'!#REF! -> #REF! | W269: ='RESUMEN TOTAL'!AC274 -> 0 | X269: ='RESUMEN TOTAL'!AD274 -> 0 | Y269: ='RESUMEN TOTAL'!AE274 -> 0 | Z269: ='RESUMEN TOTAL'!AF274 -> 0 | AA269: ='RESUMEN TOTAL'!AG274 -> 0 | AB269: ='RESUMEN TOTAL'!AH274 -> 0 | AC269: ='RESUMEN TOTAL'!AI274 -> APAGADO | AD269: ='RESUMEN TOTAL'!AJ274 -> 0 | ... AI269: ='RESUMEN TOTAL'!AO274 -> 0 | AJ269: ='RESUMEN TOTAL'!#REF! -> #REF!
A270: ='RESUMEN TOTAL'!A275 -> PRESIDENTE PERON (PEPSI) | B270: ='RESUMEN TOTAL'!B275 -> MAR 01 | C270: ='RESUMEN TOTAL'!D275 -> RP36 Y LA ESMERALDA | D270: ='RESUMEN TOTAL'!E275 -> DOMO | E270: ='RESUMEN TOTAL'!F275 -> PTO A FO | F270: ='RESUMEN TOTAL'!L275 -> APAGADO | G270: ='RESUMEN TOTAL'!M275 -> APAGADO | H270: ='RESUMEN TOTAL'!N275 -> APAGADO | I270: ='RESUMEN TOTAL'!O275 -> APAGADO | J270: ='RESUMEN TOTAL'!P275 -> APAGADO | K270: ='RESUMEN TOTAL'!Q275 -> APAGADO | L270: ='RESUMEN TOTAL'!R275 -> APAGADO | M270: ='RESUMEN TOTAL'!S275 -> APAGADO | ... AI270: ='RESUMEN TOTAL'!AO275 -> 0 | AJ270: ='RESUMEN TOTAL'!#REF! -> #REF!
A271: ='RESUMEN TOTAL'!A276 -> RICARDO ROJAS | B271: ='RESUMEN TOTAL'!B276 -> MAR 02 (FIJA1) | C271: ='RESUMEN TOTAL'!D276 -> LUJAN Y PATAGONES | D271: ='RESUMEN TOTAL'!E276 -> Fija | E271: ='RESUMEN TOTAL'!F276 -> Fibra Optica | F271: ='RESUMEN TOTAL'!L276 -> 0 | G271: ='RESUMEN TOTAL'!M276 -> 0 | H271: ='RESUMEN TOTAL'!N276 -> 0 | I271: ='RESUMEN TOTAL'!O276 -> 0 | J271: ='RESUMEN TOTAL'!P276 -> 0 | K271: ='RESUMEN TOTAL'!Q276 -> 0 | L271: ='RESUMEN TOTAL'!R276 -> 0 | M271: ='RESUMEN TOTAL'!S276 -> 0 | ... AI271: ='RESUMEN TOTAL'!AO276 -> 0 | AJ271: ='RESUMEN TOTAL'!#REF! -> #REF!
A272: ='RESUMEN TOTAL'!A277 -> LAS MARGARITAS | B272: ='RESUMEN TOTAL'!B277 -> MAR 03(FIJA 2) | C272: ='RESUMEN TOTAL'!D277 -> LUJAN Y PATAGONES | D272: ='RESUMEN TOTAL'!E277 -> Fija | E272: ='RESUMEN TOTAL'!F277 -> Fibra Optica | F272: ='RESUMEN TOTAL'!L277 -> 0 | G272: ='RESUMEN TOTAL'!M277 -> 0 | H272: ='RESUMEN TOTAL'!N277 -> 0 | I272: ='RESUMEN TOTAL'!O277 -> 0 | J272: ='RESUMEN TOTAL'!P277 -> 0 | K272: ='RESUMEN TOTAL'!Q277 -> 0 | L272: ='RESUMEN TOTAL'!R277 -> 0 | M272: ='RESUMEN TOTAL'!S277 -> 0 | ... AI272: ='RESUMEN TOTAL'!AO277 -> 0 | AJ272: ='RESUMEN TOTAL'!#REF! -> #REF!
A273: ='RESUMEN TOTAL'!A278 -> MAYOL | B273: ='RESUMEN TOTAL'!B278 -> MAY 01 | C273: ='RESUMEN TOTAL'!D278 -> Eva Peron y Cabildo | D273: ='RESUMEN TOTAL'!E278 -> Domo | E273: ='RESUMEN TOTAL'!F278 -> Radio | F273: ='RESUMEN TOTAL'!L278 -> 0 | G273: ='RESUMEN TOTAL'!M278 -> 0 | H273: ='RESUMEN TOTAL'!N278 -> 0 | I273: ='RESUMEN TOTAL'!O278 -> 0 | J273: ='RESUMEN TOTAL'!P278 -> 0 | K273: ='RESUMEN TOTAL'!Q278 -> 0 | L273: ='RESUMEN TOTAL'!R278 -> 0 | M273: ='RESUMEN TOTAL'!S278 -> 0 | ... AI273: ='RESUMEN TOTAL'!AO278 -> 0 | AJ273: ='RESUMEN TOTAL'!#REF! -> #REF!
A274: ='RESUMEN TOTAL'!A279 -> MAYOL | B274: ='RESUMEN TOTAL'!B279 -> MAY 02 | C274: ='RESUMEN TOTAL'!D279 -> EVA PERON Y MONTEVIDEO | D274: ='RESUMEN TOTAL'!E279 -> Domo | E274: ='RESUMEN TOTAL'!F279 -> Radio | F274: ='RESUMEN TOTAL'!L279 -> 0 | G274: ='RESUMEN TOTAL'!M279 -> 0 | H274: ='RESUMEN TOTAL'!N279 -> 0 | I274: ='RESUMEN TOTAL'!O279 -> 0 | J274: ='RESUMEN TOTAL'!P279 -> 0 | K274: ='RESUMEN TOTAL'!Q279 -> 0 | L274: ='RESUMEN TOTAL'!R279 -> 0 | M274: ='RESUMEN TOTAL'!S279 -> 0 | ... AI274: ='RESUMEN TOTAL'!AO279 -> 0 | AJ274: ='RESUMEN TOTAL'!#REF! -> #REF!
A275: ='RESUMEN TOTAL'!A280 -> MAYOL | B275: ='RESUMEN TOTAL'!B280 -> MAY 03 | C275: ='RESUMEN TOTAL'!D280 -> CHAÑAR Y SAN NICOLAS | D275: ='RESUMEN TOTAL'!E280 -> DOMO | E275: ='RESUMEN TOTAL'!F280 -> PTO A FO | F275: ='RESUMEN TOTAL'!L280 -> APAGADO | G275: ='RESUMEN TOTAL'!M280 -> APAGADO | H275: ='RESUMEN TOTAL'!N280 -> APAGADO | I275: ='RESUMEN TOTAL'!O280 -> APAGADO | J275: ='RESUMEN TOTAL'!P280 -> APAGADO | K275: ='RESUMEN TOTAL'!Q280 -> APAGADO | L275: ='RESUMEN TOTAL'!R280 -> APAGADO | M275: ='RESUMEN TOTAL'!S280 -> APAGADO | ... AI275: ='RESUMEN TOTAL'!AO280 -> 0 | AJ275: ='RESUMEN TOTAL'!#REF! -> #REF!
A276: ='RESUMEN TOTAL'!A281 -> MAYOL | B276: ='RESUMEN TOTAL'!B281 -> MAY 04 | C276: ='RESUMEN TOTAL'!D281 -> MAR CHIQUITA Y RIO JACHAL | D276: ='RESUMEN TOTAL'!E281 -> DOMO | E276: ='RESUMEN TOTAL'!F281 -> Radio | F276: ='RESUMEN TOTAL'!L281 -> 0 | G276: ='RESUMEN TOTAL'!M281 -> 0 | H276: ='RESUMEN TOTAL'!N281 -> 0 | I276: ='RESUMEN TOTAL'!O281 -> 0 | J276: ='RESUMEN TOTAL'!P281 -> 0 | K276: ='RESUMEN TOTAL'!Q281 -> 0 | L276: ='RESUMEN TOTAL'!R281 -> 0 | M276: ='RESUMEN TOTAL'!S281 -> 0 | ... AI276: ='RESUMEN TOTAL'!AO281 -> 0 | AJ276: ='RESUMEN TOTAL'!#REF! -> #REF!
A277: ='RESUMEN TOTAL'!A282 -> MONTE CUDINE | B277: ='RESUMEN TOTAL'!B282 -> MCUD 01 | C277: ='RESUMEN TOTAL'!D282 -> TINOGASTA Y SAN LORENZO | D277: ='RESUMEN TOTAL'!E282 -> Domo | E277: ='RESUMEN TOTAL'!F282 -> Fibra Optica | F277: ='RESUMEN TOTAL'!L282 -> 0 | G277: ='RESUMEN TOTAL'!M282 -> 0 | H277: ='RESUMEN TOTAL'!N282 -> 0 | I277: ='RESUMEN TOTAL'!O282 -> 0 | J277: ='RESUMEN TOTAL'!P282 -> 0 | K277: ='RESUMEN TOTAL'!Q282 -> 0 | L277: ='RESUMEN TOTAL'!R282 -> 0 | M277: ='RESUMEN TOTAL'!S282 -> 0 | ... AI277: ='RESUMEN TOTAL'!AO282 -> 0 | AJ277: ='RESUMEN TOTAL'!#REF! -> #REF!
A278: ='RESUMEN TOTAL'!A283 -> MONTE CUDINE | B278: ='RESUMEN TOTAL'!B283 -> MCUD 02 | C278: ='RESUMEN TOTAL'!D283 -> CALLE 115 A Y 158 | D278: ='RESUMEN TOTAL'!E283 -> DOMO | E278: ='RESUMEN TOTAL'!F283 -> Fibra Optica | F278: ='RESUMEN TOTAL'!L283 -> APAGADO | G278: ='RESUMEN TOTAL'!M283 -> APAGADO | H278: ='RESUMEN TOTAL'!N283 -> APAGADO | I278: ='RESUMEN TOTAL'!O283 -> APAGADO | J278: ='RESUMEN TOTAL'!P283 -> APAGADO | K278: ='RESUMEN TOTAL'!Q283 -> APAGADO | L278: ='RESUMEN TOTAL'!R283 -> APAGADO | M278: ='RESUMEN TOTAL'!S283 -> APAGADO | ... AI278: ='RESUMEN TOTAL'!AO283 -> 0 | AJ278: ='RESUMEN TOTAL'!#REF! -> #REF!
A279: ='RESUMEN TOTAL'!A284 -> MARTIN FIERRO | B279: ='RESUMEN TOTAL'!B284 -> MFI 01 | C279: ='RESUMEN TOTAL'!D284 -> Belgrano y Sgto. Cabral | D279: ='RESUMEN TOTAL'!E284 -> Fija | E279: ='RESUMEN TOTAL'!F284 -> Fibra Optica | F279: ='RESUMEN TOTAL'!L284 -> 0 | G279: ='RESUMEN TOTAL'!M284 -> 0 | H279: ='RESUMEN TOTAL'!N284 -> 0 | I279: ='RESUMEN TOTAL'!O284 -> 0 | J279: ='RESUMEN TOTAL'!P284 -> 0 | K279: ='RESUMEN TOTAL'!Q284 -> 0 | L279: ='RESUMEN TOTAL'!R284 -> 0 | M279: ='RESUMEN TOTAL'!S284 -> 0 | ... AI279: ='RESUMEN TOTAL'!AO284 -> 0 | AJ279: ='RESUMEN TOTAL'!#REF! -> #REF!
A280: ='RESUMEN TOTAL'!A285 -> SAN EMILIO | B280: ='RESUMEN TOTAL'!B285 -> MFI 03 | C280: ='RESUMEN TOTAL'!D285 -> Cno. Gral. Belgrano y Av. del Trabajo | D280: ='RESUMEN TOTAL'!E285 -> Domo | E280: ='RESUMEN TOTAL'!F285 -> Fibra Optica | F280: ='RESUMEN TOTAL'!L285 -> 0 | G280: ='RESUMEN TOTAL'!M285 -> 0 | H280: ='RESUMEN TOTAL'!N285 -> 0 | I280: ='RESUMEN TOTAL'!O285 -> 0 | J280: ='RESUMEN TOTAL'!P285 -> 0 | K280: ='RESUMEN TOTAL'!Q285 -> 0 | L280: ='RESUMEN TOTAL'!R285 -> 0 | M280: ='RESUMEN TOTAL'!S285 -> 0 | ... AI280: ='RESUMEN TOTAL'!AO285 -> 0 | AJ280: ='RESUMEN TOTAL'!#REF! -> #REF!
A281: ='RESUMEN TOTAL'!A286 -> SAN EMILIO | B281: ='RESUMEN TOTAL'!B286 -> MFI 05 | C281: ='RESUMEN TOTAL'!D286 -> Cno. Gral. Belgrano y Guayaquil | D281: ='RESUMEN TOTAL'!E286 -> Domo | E281: ='RESUMEN TOTAL'!F286 -> Fibra Optica | F281: ='RESUMEN TOTAL'!L286 -> 0 | G281: ='RESUMEN TOTAL'!M286 -> 0 | H281: ='RESUMEN TOTAL'!N286 -> 0 | I281: ='RESUMEN TOTAL'!O286 -> 0 | J281: ='RESUMEN TOTAL'!P286 -> 0 | K281: ='RESUMEN TOTAL'!Q286 -> 0 | L281: ='RESUMEN TOTAL'!R286 -> 0 | M281: ='RESUMEN TOTAL'!S286 -> 0 | ... AI281: ='RESUMEN TOTAL'!AO286 -> 0 | AJ281: ='RESUMEN TOTAL'!#REF! -> #REF!
... A294: ='RESUMEN TOTAL'!A299 -> 9 DE JULIO | B294: ='RESUMEN TOTAL'!B299 -> NJU03 | C294: ='RESUMEN TOTAL'!D299 -> San Juan y Parrillo | D294: ='RESUMEN TOTAL'!E299 -> Domo | E294: ='RESUMEN TOTAL'!F299 -> PTO A FO | F294: ='RESUMEN TOTAL'!L299 -> 0 | G294: ='RESUMEN TOTAL'!M299 -> 0 | H294: ='RESUMEN TOTAL'!N299 -> 0 | I294: ='RESUMEN TOTAL'!O299 -> 0 | J294: ='RESUMEN TOTAL'!P299 -> 0 | K294: ='RESUMEN TOTAL'!Q299 -> 0 | L294: ='RESUMEN TOTAL'!R299 -> 0 | M294: ='RESUMEN TOTAL'!S299 -> 0 | ... AI294: ='RESUMEN TOTAL'!AO299 -> 0 | AJ294: ='RESUMEN TOTAL'!#REF! -> #REF!
A295: ='RESUMEN TOTAL'!A301 -> ZEBALLOS CENTRO | B295: ='RESUMEN TOTAL'!B301 -> NJU05 | C295: ='RESUMEN TOTAL'!D301 -> Ituzaingo y Alem | D295: ='RESUMEN TOTAL'!E301 -> Domo | E295: ='RESUMEN TOTAL'!F301 -> Radio | F295: ='RESUMEN TOTAL'!L301 -> APAGADO | G295: ='RESUMEN TOTAL'!M301 -> APAGADO | H295: ='RESUMEN TOTAL'!N301 -> 0 | I295: ='RESUMEN TOTAL'!O301 -> 0 | J295: ='RESUMEN TOTAL'!P301 -> 0 | K295: ='RESUMEN TOTAL'!Q301 -> 0 | L295: ='RESUMEN TOTAL'!R301 -> 0 | M295: ='RESUMEN TOTAL'!S301 -> 0 | ... AI295: ='RESUMEN TOTAL'!AO301 -> 0 | AJ295: ='RESUMEN TOTAL'!#REF! -> #REF!
A296: ='RESUMEN TOTAL'!A302 -> CENTRO | B296: ='RESUMEN TOTAL'!B302 -> NJU06 | C296: ='RESUMEN TOTAL'!D302 -> Sallares y Rodo | D296: ='RESUMEN TOTAL'!E302 -> Domo | E296: ='RESUMEN TOTAL'!F302 -> Fibra Optica | F296: ='RESUMEN TOTAL'!L302 -> 0 | G296: ='RESUMEN TOTAL'!M302 -> 0 | H296: ='RESUMEN TOTAL'!N302 -> 0 | I296: ='RESUMEN TOTAL'!O302 -> 0 | J296: ='RESUMEN TOTAL'!P302 -> 0 | K296: ='RESUMEN TOTAL'!Q302 -> 0 | L296: ='RESUMEN TOTAL'!R302 -> 0 | M296: ='RESUMEN TOTAL'!S302 -> 0 | ... AI296: ='RESUMEN TOTAL'!AO302 -> 0 | AJ296: ='RESUMEN TOTAL'!#REF! -> #REF!
A297: ='RESUMEN TOTAL'!A303 -> 9 DE JULIO | B297: ='RESUMEN TOTAL'!B303 -> NJU07 | C297: ='RESUMEN TOTAL'!D303 -> Gral. Juan Domingo Peron y Parrillo | D297: ='RESUMEN TOTAL'!E303 -> Domo | E297: ='RESUMEN TOTAL'!F303 -> Fibra Optica | F297: ='RESUMEN TOTAL'!L303 -> 0 | G297: ='RESUMEN TOTAL'!M303 -> 0 | H297: ='RESUMEN TOTAL'!N303 -> 0 | I297: ='RESUMEN TOTAL'!O303 -> 0 | J297: ='RESUMEN TOTAL'!P303 -> 0 | K297: ='RESUMEN TOTAL'!Q303 -> 0 | L297: ='RESUMEN TOTAL'!R303 -> 0 | M297: ='RESUMEN TOTAL'!S303 -> 0 | ... AI297: ='RESUMEN TOTAL'!AO303 -> 0 | AJ297: ='RESUMEN TOTAL'!#REF! -> #REF!
A298: ='RESUMEN TOTAL'!A304 -> 9 DE JULIO | B298: ='RESUMEN TOTAL'!B304 -> NJU09 | C298: ='RESUMEN TOTAL'!D304 -> PARRILLO Y CONTRERAS | D298: ='RESUMEN TOTAL'!E304 -> DOMO | E298: ='RESUMEN TOTAL'!F304 -> Fibra Optica | F298: ='RESUMEN TOTAL'!L304 -> 0 | G298: ='RESUMEN TOTAL'!M304 -> 0 | H298: ='RESUMEN TOTAL'!N304 -> 0 | I298: ='RESUMEN TOTAL'!O304 -> 0 | J298: ='RESUMEN TOTAL'!P304 -> 0 | K298: ='RESUMEN TOTAL'!Q304 -> 0 | L298: ='RESUMEN TOTAL'!R304 -> 0 | M298: ='RESUMEN TOTAL'!S304 -> 0 | ... AI298: ='RESUMEN TOTAL'!AO304 -> 0 | AJ298: ='RESUMEN TOTAL'!#REF! -> #REF!
A299: ='RESUMEN TOTAL'!A305 -> PICO DE ORO | B299: ='RESUMEN TOTAL'!B305 -> PCO 01 | C299: ='RESUMEN TOTAL'!D305 -> CEMENTERIO | D299: ='RESUMEN TOTAL'!E305 -> DOMO | E299: ='RESUMEN TOTAL'!F305 -> Fibra Optica | F299: ='RESUMEN TOTAL'!L305 -> 0 | G299: ='RESUMEN TOTAL'!M305 -> 0 | H299: ='RESUMEN TOTAL'!N305 -> 0 | I299: ='RESUMEN TOTAL'!O305 -> 0 | J299: ='RESUMEN TOTAL'!P305 -> 0 | K299: ='RESUMEN TOTAL'!Q305 -> 0 | L299: ='RESUMEN TOTAL'!R305 -> 0 | M299: ='RESUMEN TOTAL'!S305 -> 0 | ... AI299: ='RESUMEN TOTAL'!AO305 -> 0 | AJ299: ='RESUMEN TOTAL'!#REF! -> #REF!
A300: ='RESUMEN TOTAL'!A306 -> PICO DE ORO | B300: ='RESUMEN TOTAL'!B306 -> PCO02 (fija 1) | C300: ='RESUMEN TOTAL'!D306 -> SICILIA E/ VIENA Y VARSOVIA | D300: ='RESUMEN TOTAL'!E306 -> Fija | E300: ='RESUMEN TOTAL'!F306 -> Fibra Optica | F300: ='RESUMEN TOTAL'!L306 -> 0 | G300: ='RESUMEN TOTAL'!M306 -> 0 | H300: ='RESUMEN TOTAL'!N306 -> 0 | I300: ='RESUMEN TOTAL'!O306 -> 0 | J300: ='RESUMEN TOTAL'!P306 -> 0 | K300: ='RESUMEN TOTAL'!Q306 -> 0 | L300: ='RESUMEN TOTAL'!R306 -> 0 | M300: ='RESUMEN TOTAL'!S306 -> 0 | ... AI300: ='RESUMEN TOTAL'!AO306 -> 0 | AJ300: ='RESUMEN TOTAL'!#REF! -> #REF!
A301: ='RESUMEN TOTAL'!A307 -> PICO DE ORO | B301: ='RESUMEN TOTAL'!B307 -> PCO03 (fija 2) | C301: ='RESUMEN TOTAL'!D307 -> SICILIA E/ VIENA Y VARSOVIA | D301: ='RESUMEN TOTAL'!E307 -> Fija | E301: ='RESUMEN TOTAL'!F307 -> Fibra Optica | F301: ='RESUMEN TOTAL'!L307 -> 0 | G301: ='RESUMEN TOTAL'!M307 -> 0 | H301: ='RESUMEN TOTAL'!N307 -> 0 | I301: ='RESUMEN TOTAL'!O307 -> 0 | J301: ='RESUMEN TOTAL'!P307 -> 0 | K301: ='RESUMEN TOTAL'!Q307 -> 0 | L301: ='RESUMEN TOTAL'!R307 -> 0 | M301: ='RESUMEN TOTAL'!S307 -> 0 | ... AI301: ='RESUMEN TOTAL'!AO307 -> 0 | AJ301: ='RESUMEN TOTAL'!#REF! -> #REF!
A302: ='RESUMEN TOTAL'!A308 -> PICO DE ORO | B302: ='RESUMEN TOTAL'!B308 -> PCO04 (fija 1) | C302: ='RESUMEN TOTAL'!D308 -> BERNA Y POLONIA | D302: ='RESUMEN TOTAL'!E308 -> Fija | E302: ='RESUMEN TOTAL'!F308 -> Fibra Optica | F302: ='RESUMEN TOTAL'!L308 -> 0 | G302: ='RESUMEN TOTAL'!M308 -> 0 | H302: ='RESUMEN TOTAL'!N308 -> 0 | I302: ='RESUMEN TOTAL'!O308 -> 0 | J302: ='RESUMEN TOTAL'!P308 -> 0 | K302: ='RESUMEN TOTAL'!Q308 -> 0 | L302: ='RESUMEN TOTAL'!R308 -> 0 | M302: ='RESUMEN TOTAL'!S308 -> 0 | ... AI302: ='RESUMEN TOTAL'!AO308 -> 0 | AJ302: ='RESUMEN TOTAL'!#REF! -> #REF!
A303: ='RESUMEN TOTAL'!A309 -> PICO DE ORO | B303: ='RESUMEN TOTAL'!B309 -> PCO05 (fija 2) | C303: ='RESUMEN TOTAL'!D309 -> BERNA Y POLONIA | D303: ='RESUMEN TOTAL'!E309 -> Fija | E303: ='RESUMEN TOTAL'!F309 -> Fibra Optica | F303: ='RESUMEN TOTAL'!L309 -> 0 | G303: ='RESUMEN TOTAL'!M309 -> 0 | H303: ='RESUMEN TOTAL'!N309 -> 0 | I303: ='RESUMEN TOTAL'!O309 -> 0 | J303: ='RESUMEN TOTAL'!P309 -> 0 | K303: ='RESUMEN TOTAL'!Q309 -> 0 | L303: ='RESUMEN TOTAL'!R309 -> 0 | M303: ='RESUMEN TOTAL'!S309 -> 0 | ... AI303: ='RESUMEN TOTAL'!AO309 -> 0 | AJ303: ='RESUMEN TOTAL'!#REF! -> #REF!
A304: ='RESUMEN TOTAL'!A310 -> AGUSTIN RAMIREZ | B304: ='RESUMEN TOTAL'!B310 -> PUNTO SEGURO - AGUSTIN RAMIREZ (domo) | C304: ='RESUMEN TOTAL'!D310 -> EL MALAMBO Y LA TRANQUERA | D304: ='RESUMEN TOTAL'!E310 -> DOMO | E304: ='RESUMEN TOTAL'!F310 -> Fibra Optica | F304: ='RESUMEN TOTAL'!L310 -> 0 | G304: ='RESUMEN TOTAL'!M310 -> 0 | H304: ='RESUMEN TOTAL'!N310 -> 0 | I304: ='RESUMEN TOTAL'!O310 -> 0 | J304: ='RESUMEN TOTAL'!P310 -> 0 | K304: ='RESUMEN TOTAL'!Q310 -> 0 | L304: ='RESUMEN TOTAL'!R310 -> 0 | M304: ='RESUMEN TOTAL'!S310 -> 0 | ... AI304: ='RESUMEN TOTAL'!AO310 -> 0 | AJ304: ='RESUMEN TOTAL'!#REF! -> #REF!
A305: ='RESUMEN TOTAL'!A311 -> AGUSTIN RAMIREZ | B305: ='RESUMEN TOTAL'!B311 -> PUNTO SEGURO - AGUSTIN RAMIREZ (fija) | C305: ='RESUMEN TOTAL'!D311 -> EL MALAMBO Y LA TRANQUERA | D305: ='RESUMEN TOTAL'!E311 -> Fija | E305: ='RESUMEN TOTAL'!F311 -> Fibra Optica | F305: ='RESUMEN TOTAL'!L311 -> 0 | G305: ='RESUMEN TOTAL'!M311 -> 0 | H305: ='RESUMEN TOTAL'!N311 -> 0 | I305: ='RESUMEN TOTAL'!O311 -> 0 | J305: ='RESUMEN TOTAL'!P311 -> 0 | K305: ='RESUMEN TOTAL'!Q311 -> 0 | L305: ='RESUMEN TOTAL'!R311 -> 0 | M305: ='RESUMEN TOTAL'!S311 -> 0 | ... AI305: ='RESUMEN TOTAL'!AO311 -> 0 | AJ305: ='RESUMEN TOTAL'!#REF! -> #REF!
A306: ='RESUMEN TOTAL'!A312 -> EL PARQUE | B306: ='RESUMEN TOTAL'!B312 -> PUNTO SEGURO - EL PARQUE (domo) | C306: ='RESUMEN TOTAL'!D312 -> CALLE 1282 Y 1201 | D306: ='RESUMEN TOTAL'!E312 -> DOMO | E306: ='RESUMEN TOTAL'!F312 -> Fibra Optica | F306: ='RESUMEN TOTAL'!L312 -> APAGADO | G306: ='RESUMEN TOTAL'!M312 -> APAGADO | H306: ='RESUMEN TOTAL'!N312 -> APAGADO | I306: ='RESUMEN TOTAL'!O312 -> APAGADO | J306: ='RESUMEN TOTAL'!P312 -> APAGADO | K306: ='RESUMEN TOTAL'!Q312 -> APAGADO | L306: ='RESUMEN TOTAL'!R312 -> APAGADO | M306: ='RESUMEN TOTAL'!S312 -> 0 | ... AI306: ='RESUMEN TOTAL'!AO312 -> 0 | AJ306: ='RESUMEN TOTAL'!#REF! -> #REF!
... A424: ='RESUMEN TOTAL'!A430 -> SANTA ROSA | B424: ='RESUMEN TOTAL'!B430 -> SRO07 | C424: ='RESUMEN TOTAL'!D430 -> NOVAK Y BELGICA | D424: ='RESUMEN TOTAL'!E430 -> Domo | E424: ='RESUMEN TOTAL'!F430 -> Fibra Optica | F424: ='RESUMEN TOTAL'!L430 -> 0 | G424: ='RESUMEN TOTAL'!M430 -> 0 | H424: ='RESUMEN TOTAL'!N430 -> 0 | I424: ='RESUMEN TOTAL'!O430 -> 0 | J424: ='RESUMEN TOTAL'!P430 -> 0 | K424: ='RESUMEN TOTAL'!Q430 -> 0 | L424: ='RESUMEN TOTAL'!R430 -> 0 | M424: ='RESUMEN TOTAL'!S430 -> 0 | ... AI424: ='RESUMEN TOTAL'!AO430 -> 0 | AJ424: ='RESUMEN TOTAL'!#REF! -> #REF!
A425: ='RESUMEN TOTAL'!A432 -> SANTA ROSA | B425: ='RESUMEN TOTAL'!B432 -> SRO10 | C425: ='RESUMEN TOTAL'!D432 -> DINAMARCA Y MILAN | D425: ='RESUMEN TOTAL'!E432 -> DOMO | E425: ='RESUMEN TOTAL'!F432 -> Radio | F425: ='RESUMEN TOTAL'!L432 -> 0 | G425: ='RESUMEN TOTAL'!M432 -> 0 | H425: ='RESUMEN TOTAL'!N432 -> 0 | I425: ='RESUMEN TOTAL'!O432 -> 0 | J425: ='RESUMEN TOTAL'!P432 -> 0 | K425: ='RESUMEN TOTAL'!Q432 -> 0 | L425: ='RESUMEN TOTAL'!R432 -> 0 | M425: ='RESUMEN TOTAL'!S432 -> 0 | ... AI425: ='RESUMEN TOTAL'!AO432 -> 0 | AJ425: ='RESUMEN TOTAL'!#REF! -> #REF!
A426: ='RESUMEN TOTAL'!A433 -> SANTA ROSA | B426: ='RESUMEN TOTAL'!B433 -> SRO12 | C426: ='RESUMEN TOTAL'!D433 -> YUGOSLAVIA Y PAYSANDU | D426: ='RESUMEN TOTAL'!E433 -> DOMO | E426: ='RESUMEN TOTAL'!F433 -> Radio | F426: ='RESUMEN TOTAL'!L433 -> APAGADO | G426: ='RESUMEN TOTAL'!M433 -> APAGADO | H426: ='RESUMEN TOTAL'!N433 -> APAGADO | I426: ='RESUMEN TOTAL'!O433 -> APAGADO | J426: ='RESUMEN TOTAL'!P433 -> 0 | K426: ='RESUMEN TOTAL'!Q433 -> 0 | L426: ='RESUMEN TOTAL'!R433 -> 0 | M426: ='RESUMEN TOTAL'!S433 -> 0 | ... AI426: ='RESUMEN TOTAL'!AO433 -> 0 | AJ426: ='RESUMEN TOTAL'!#REF! -> #REF!
A427: ='RESUMEN TOTAL'!A434 -> SANTA ROSA | B427: ='RESUMEN TOTAL'!B434 -> SRO15 | C427: ='RESUMEN TOTAL'!D434 -> NOVAK Y TIRANA (614) | D427: ='RESUMEN TOTAL'!E434 -> DOMO | E427: ='RESUMEN TOTAL'!F434 -> Fibra Optica | F427: ='RESUMEN TOTAL'!L434 -> APAGADO | G427: ='RESUMEN TOTAL'!M434 -> APAGADO | H427: ='RESUMEN TOTAL'!N434 -> APAGADO | I427: ='RESUMEN TOTAL'!O434 -> APAGADO | J427: ='RESUMEN TOTAL'!P434 -> APAGADO | K427: ='RESUMEN TOTAL'!Q434 -> APAGADO | L427: ='RESUMEN TOTAL'!R434 -> APAGADO | M427: ='RESUMEN TOTAL'!S434 -> APAGADO | ... AI427: ='RESUMEN TOTAL'!AO434 -> 0 | AJ427: ='RESUMEN TOTAL'!#REF! -> #REF!
A428: ='RESUMEN TOTAL'!A435 -> SANTA ROSA | B428: ='RESUMEN TOTAL'!B435 -> SRO16 (fija 1) | C428: ='RESUMEN TOTAL'!D435 -> ANDORRA E/ BELGICA Y SAN MARINO | D428: ='RESUMEN TOTAL'!E435 -> Fija | E428: ='RESUMEN TOTAL'!F435 -> Fibra Optica | F428: ='RESUMEN TOTAL'!L435 -> 0 | G428: ='RESUMEN TOTAL'!M435 -> 0 | H428: ='RESUMEN TOTAL'!N435 -> 0 | I428: ='RESUMEN TOTAL'!O435 -> 0 | J428: ='RESUMEN TOTAL'!P435 -> 0 | K428: ='RESUMEN TOTAL'!Q435 -> 0 | L428: ='RESUMEN TOTAL'!R435 -> 0 | M428: ='RESUMEN TOTAL'!S435 -> 0 | ... AI428: ='RESUMEN TOTAL'!AO435 -> 0 | AJ428: ='RESUMEN TOTAL'!#REF! -> #REF!
A429: ='RESUMEN TOTAL'!A436 -> SANTA ROSA | B429: ='RESUMEN TOTAL'!B436 -> SRO17 (fija 2) | C429: ='RESUMEN TOTAL'!D436 -> ANDORRA E/ BELGICA Y SAN MARINO | D429: ='RESUMEN TOTAL'!E436 -> Fija | E429: ='RESUMEN TOTAL'!F436 -> Fibra Optica | F429: ='RESUMEN TOTAL'!L436 -> 0 | G429: ='RESUMEN TOTAL'!M436 -> 0 | H429: ='RESUMEN TOTAL'!N436 -> 0 | I429: ='RESUMEN TOTAL'!O436 -> 0 | J429: ='RESUMEN TOTAL'!P436 -> 0 | K429: ='RESUMEN TOTAL'!Q436 -> 0 | L429: ='RESUMEN TOTAL'!R436 -> 0 | M429: ='RESUMEN TOTAL'!S436 -> 0 | ... AI429: ='RESUMEN TOTAL'!AO436 -> 0 | AJ429: ='RESUMEN TOTAL'!#REF! -> #REF!
A430: ='RESUMEN TOTAL'!A437 -> SANTA ROSA | B430: ='RESUMEN TOTAL'!B437 -> SRO20 | C430: ='RESUMEN TOTAL'!D437 -> NOVAK Y BONN | D430: ='RESUMEN TOTAL'!E437 -> Fija | E430: ='RESUMEN TOTAL'!F437 -> Fibra Optica | F430: ='RESUMEN TOTAL'!L437 -> 0 | G430: ='RESUMEN TOTAL'!M437 -> 0 | H430: ='RESUMEN TOTAL'!N437 -> 0 | I430: ='RESUMEN TOTAL'!O437 -> 0 | J430: ='RESUMEN TOTAL'!P437 -> 0 | K430: ='RESUMEN TOTAL'!Q437 -> 0 | L430: ='RESUMEN TOTAL'!R437 -> 0 | M430: ='RESUMEN TOTAL'!S437 -> 0 | ... AI430: ='RESUMEN TOTAL'!AO437 -> 0 | AJ430: ='RESUMEN TOTAL'!#REF! -> #REF!
A431: ='RESUMEN TOTAL'!A438 -> SANTA ROSA | B431: ='RESUMEN TOTAL'!B438 -> SRO21 | C431: ='RESUMEN TOTAL'!D438 -> NOVAK Y BONN | D431: ='RESUMEN TOTAL'!E438 -> Fija | E431: ='RESUMEN TOTAL'!F438 -> Fibra Optica | F431: ='RESUMEN TOTAL'!L438 -> 0 | G431: ='RESUMEN TOTAL'!M438 -> 0 | H431: ='RESUMEN TOTAL'!N438 -> 0 | I431: ='RESUMEN TOTAL'!O438 -> 0 | J431: ='RESUMEN TOTAL'!P438 -> 0 | K431: ='RESUMEN TOTAL'!Q438 -> 0 | L431: ='RESUMEN TOTAL'!R438 -> 0 | M431: ='RESUMEN TOTAL'!S438 -> 0 | ... AI431: ='RESUMEN TOTAL'!AO438 -> 0 | AJ431: ='RESUMEN TOTAL'!#REF! -> #REF!
A432: ='RESUMEN TOTAL'!A439 -> SAN RUDECINDO | B432: ='RESUMEN TOTAL'!B439 -> SRU01 (fija 1) | C432: ='RESUMEN TOTAL'!D439 -> HERNANDARIAS Y AMBATO | D432: ='RESUMEN TOTAL'!E439 -> Fija | E432: ='RESUMEN TOTAL'!F439 -> Fibra Optica | F432: ='RESUMEN TOTAL'!L439 -> 0 | G432: ='RESUMEN TOTAL'!M439 -> 0 | H432: ='RESUMEN TOTAL'!N439 -> 0 | I432: ='RESUMEN TOTAL'!O439 -> 0 | J432: ='RESUMEN TOTAL'!P439 -> 0 | K432: ='RESUMEN TOTAL'!Q439 -> 0 | L432: ='RESUMEN TOTAL'!R439 -> 0 | M432: ='RESUMEN TOTAL'!S439 -> 0 | ... AI432: ='RESUMEN TOTAL'!AO439 -> 0 | AJ432: ='RESUMEN TOTAL'!#REF! -> #REF!
A433: ='RESUMEN TOTAL'!A440 -> SAN RUDECINDO | B433: ='RESUMEN TOTAL'!B440 -> SRU02 (fija 2) | C433: ='RESUMEN TOTAL'!D440 -> HERNANDARIAS Y AMBATO | D433: ='RESUMEN TOTAL'!E440 -> Fija | E433: ='RESUMEN TOTAL'!F440 -> Fibra Optica | F433: ='RESUMEN TOTAL'!L440 -> 0 | G433: ='RESUMEN TOTAL'!M440 -> 0 | H433: ='RESUMEN TOTAL'!N440 -> 0 | I433: ='RESUMEN TOTAL'!O440 -> 0 | J433: ='RESUMEN TOTAL'!P440 -> 0 | K433: ='RESUMEN TOTAL'!Q440 -> 0 | L433: ='RESUMEN TOTAL'!R440 -> 0 | M433: ='RESUMEN TOTAL'!S440 -> 0 | ... AI433: ='RESUMEN TOTAL'!AO440 -> 0 | AJ433: ='RESUMEN TOTAL'!#REF! -> #REF!
A434: ='RESUMEN TOTAL'!A441 -> SAN RUDECINDO | B434: ='RESUMEN TOTAL'!B441 -> SRU03 | C434: ='RESUMEN TOTAL'!D441 -> SANTA SOFIA Y LUIS AGOTE | D434: ='RESUMEN TOTAL'!E441 -> DOMO | E434: ='RESUMEN TOTAL'!F441 -> Fibra Optica | F434: ='RESUMEN TOTAL'!L441 -> 0 | G434: ='RESUMEN TOTAL'!M441 -> 0 | H434: ='RESUMEN TOTAL'!N441 -> 0 | I434: ='RESUMEN TOTAL'!O441 -> 0 | J434: ='RESUMEN TOTAL'!P441 -> 0 | K434: ='RESUMEN TOTAL'!Q441 -> 0 | L434: ='RESUMEN TOTAL'!R441 -> 0 | M434: ='RESUMEN TOTAL'!S441 -> 0 | ... AI434: ='RESUMEN TOTAL'!AO441 -> 0 | AJ434: ='RESUMEN TOTAL'!#REF! -> #REF!
A435: ='RESUMEN TOTAL'!A442 -> PRESIDENTE SARMIENTO | B435: ='RESUMEN TOTAL'!B442 -> VANG 09 | C435: ='RESUMEN TOTAL'!D442 -> Ruta 36 y Senzabello | D435: ='RESUMEN TOTAL'!E442 -> Domo | E435: ='RESUMEN TOTAL'!F442 -> PTO A FO | F435: ='RESUMEN TOTAL'!L442 -> 0 | G435: ='RESUMEN TOTAL'!M442 -> 0 | H435: ='RESUMEN TOTAL'!N442 -> 0 | I435: ='RESUMEN TOTAL'!O442 -> 0 | J435: ='RESUMEN TOTAL'!P442 -> 0 | K435: ='RESUMEN TOTAL'!Q442 -> 0 | L435: ='RESUMEN TOTAL'!R442 -> 0 | M435: ='RESUMEN TOTAL'!S442 -> 0 | ... AI435: ='RESUMEN TOTAL'!AO442 -> 0 | AJ435: ='RESUMEN TOTAL'!#REF! -> #REF!
A436: ='RESUMEN TOTAL'!A443 -> VILLA ANGELICA | B436: ='RESUMEN TOTAL'!B443 -> VANG01 | C436: ='RESUMEN TOTAL'!D443 -> Senzabello y Necochea | D436: ='RESUMEN TOTAL'!E443 -> Domo | E436: ='RESUMEN TOTAL'!F443 -> PTO A FO | F436: ='RESUMEN TOTAL'!L443 -> 0 | G436: ='RESUMEN TOTAL'!M443 -> 0 | H436: ='RESUMEN TOTAL'!N443 -> 0 | I436: ='RESUMEN TOTAL'!O443 -> 0 | J436: ='RESUMEN TOTAL'!P443 -> 0 | K436: ='RESUMEN TOTAL'!Q443 -> 0 | L436: ='RESUMEN TOTAL'!R443 -> 0 | M436: ='RESUMEN TOTAL'!S443 -> 0 | ... AI436: ='RESUMEN TOTAL'!AO443 -> 0 | AJ436: ='RESUMEN TOTAL'!#REF! -> #REF!
... A453: ='RESUMEN TOTAL'!A460 -> VILLA ARGENTINA | B453: ='RESUMEN TOTAL'!B460 -> VAR04 (fija 2) | C453: ='RESUMEN TOTAL'!D460 -> 509 y 546 | D453: ='RESUMEN TOTAL'!E460 -> Fija | E453: ='RESUMEN TOTAL'!F460 -> Radio | F453: ='RESUMEN TOTAL'!L460 -> 0 | G453: ='RESUMEN TOTAL'!M460 -> 0 | H453: ='RESUMEN TOTAL'!N460 -> 0 | I453: ='RESUMEN TOTAL'!O460 -> 0 | J453: ='RESUMEN TOTAL'!P460 -> 0 | K453: ='RESUMEN TOTAL'!Q460 -> 0 | L453: ='RESUMEN TOTAL'!R460 -> 0 | M453: ='RESUMEN TOTAL'!S460 -> 0 | ... AI453: ='RESUMEN TOTAL'!AO460 -> 0 | AJ453: ='RESUMEN TOTAL'!#REF! -> #REF!
A454: ='RESUMEN TOTAL'!A481 -> VILLA VATTEONE CENTRO | B454: ='RESUMEN TOTAL'!B481 -> VAT02 | C454: ='RESUMEN TOTAL'!D481 -> Eva Peron y 12 de Octubre | D454: ='RESUMEN TOTAL'!E481 -> Domo | E454: ='RESUMEN TOTAL'!F481 -> Fibra Optica | F454: ='RESUMEN TOTAL'!L481 -> 0 | G454: ='RESUMEN TOTAL'!M481 -> 0 | H454: ='RESUMEN TOTAL'!N481 -> 0 | I454: ='RESUMEN TOTAL'!O481 -> 0 | J454: ='RESUMEN TOTAL'!P481 -> 0 | K454: ='RESUMEN TOTAL'!Q481 -> 0 | L454: ='RESUMEN TOTAL'!R481 -> 0 | M454: ='RESUMEN TOTAL'!S481 -> 0 | ... AI454: ='RESUMEN TOTAL'!AO481 -> 0 | AJ454: ='RESUMEN TOTAL'!#REF! -> #REF!
A455: ='RESUMEN TOTAL'!A482 -> VILLA VATTEONE CENTRO | B455: ='RESUMEN TOTAL'!B482 -> VAT03 | C455: ='RESUMEN TOTAL'!D482 -> Lavalle y Belgrano | D455: ='RESUMEN TOTAL'!E482 -> Domo | E455: ='RESUMEN TOTAL'!F482 -> Fibra Optica | F455: ='RESUMEN TOTAL'!L482 -> 0 | G455: ='RESUMEN TOTAL'!M482 -> 0 | H455: ='RESUMEN TOTAL'!N482 -> 0 | I455: ='RESUMEN TOTAL'!O482 -> 0 | J455: ='RESUMEN TOTAL'!P482 -> 0 | K455: ='RESUMEN TOTAL'!Q482 -> 0 | L455: ='RESUMEN TOTAL'!R482 -> 0 | M455: ='RESUMEN TOTAL'!S482 -> 0 | ... AI455: ='RESUMEN TOTAL'!AO482 -> 0 | AJ455: ='RESUMEN TOTAL'!#REF! -> #REF!
A456: ='RESUMEN TOTAL'!A483 -> VILLA VATTEONE CENTRO | B456: ='RESUMEN TOTAL'!B483 -> VAT04 | C456: ='RESUMEN TOTAL'!D483 -> Lavalle y Entre Rios | D456: ='RESUMEN TOTAL'!E483 -> Domo | E456: ='RESUMEN TOTAL'!F483 -> Fibra Optica | F456: ='RESUMEN TOTAL'!L483 -> 0 | G456: ='RESUMEN TOTAL'!M483 -> 0 | H456: ='RESUMEN TOTAL'!N483 -> 0 | I456: ='RESUMEN TOTAL'!O483 -> 0 | J456: ='RESUMEN TOTAL'!P483 -> 0 | K456: ='RESUMEN TOTAL'!Q483 -> 0 | L456: ='RESUMEN TOTAL'!R483 -> 0 | M456: ='RESUMEN TOTAL'!S483 -> 0 | ... AI456: ='RESUMEN TOTAL'!AO483 -> 0 | AJ456: ='RESUMEN TOTAL'!#REF! -> #REF!
...

Sheet APAGADOS ANTENA
C1: TOTAL PTO A FO
E2: APAGADOS | F2: =COUNTIFS(F5:F502, "=APAGADO",E5:E502,"=PTO A FO") -> 9 | G2: =COUNTIFS(G5:G502, "=APAGADO",E5:E502,"=PTO A FO") -> 8 | H2: =COUNTIFS(H5:H502, "=APAGADO",E5:E502,"=PTO A FO") -> 9 | I2: =COUNTIFS(I5:I502, "=APAGADO",E5:E502,"=PTO A FO") -> 10 | J2: =COUNTIFS(J5:J502, "=APAGADO",E5:E502,"=PTO A FO") -> 10 | K2: =COUNTIFS(K5:K502, "=APAGADO",E5:E502,"=PTO A FO") -> 10 | L2: =COUNTIFS(L5:L502, "=APAGADO",E5:E502,"=PTO A FO") -> 10 | M2: =COUNTIFS(M5:M502, "=APAGADO",E5:E502,"=PTO A FO") -> 10 | N2: =COUNTIFS(N5:N502, "=APAGADO",E5:E502,"=PTO A FO") -> 6 | O2: =COUNTIFS(O5:O502, "=APAGADO",E5:E502,"=PTO A FO") -> 6 | P2: =COUNTIFS(P5:P502, "=APAGADO",E5:E502,"=PTO A FO") -> 6 | Q2: =COUNTIFS(Q5:Q502, "=APAGADO",E5:E502,"=PTO A FO") -> 7 | R2: =COUNTIFS(R5:R502, "=APAGADO",E5:E502,"=PTO A FO") -> 6 | S2: =COUNTIFS(S5:S502, "=APAGADO",E5:E502,"=PTO A FO") -> 5 | T2: =COUNTIFS(T5:T502, "=APAGADO",E5:E502,"=PTO A FO") -> 7 | U2: =COUNTIFS(U5:U502, "=APAGADO",E5:E502,"=PTO A FO") -> 7 | V2: =COUNTIFS(V5:V502, "=APAGADO",E5:E502,"=PTO A FO") -> 7 | W2: =COUNTIFS(W5:W502, "=APAGADO",E5:E502,"=PTO A FO") -> 6 | X2: =COUNTIFS(X4:X502, "=APAGADO",E4:E502,"=PTO A FO") -> 6 | Y2: =COUNTIFS(Y5:Y502, "=APAGADO",E5:E502,"=PTO A FO") -> 6 | Z2: =COUNTIFS(Z5:Z502, "=APAGADO",E5:E502,"=PTO A FO") -> 7 | AA2: =COUNTIFS(AA5:AA502, "=APAGADO",E5:E502,"=PTO A FO") -> 7 | AB2: =COUNTIFS(AB5:AB502, "=APAGADO",E5:E502,"=PTO A FO") -> 7 | AC2: =COUNTIFS(AC4:AC602, "=APAGADO",E4:E602,"=PTO A FO") -> 7 | AD2: =COUNTIFS(AD5:AD502, "=APAGADO",E5:E502,"=PTO A FO") -> 9 | AE2: =COUNTIFS(AE5:AE502, "=APAGADO",E5:E502,"=PTO A FO") -> 6 | AF2: =COUNTIFS(AF5:AF502, "=APAGADO",E5:E502,"=PTO A FO") -> 0 | AG2: =COUNTIFS(AG5:AG502, "=APAGADO",E5:E502,"=PTO A FO") -> 0 | AH2: =COUNTIFS(AH5:AH502, "=APAGADO",E5:E502,"=PTO A FO") -> 0 | AI2: =COUNTIFS(AI5:AI502, "=APAGADO",E5:E502,"=PTO A FO") -> 0
A3: =ESTADISTICA!A1 -> Barrio | B3: =ESTADISTICA!B1 -> [Denominacion] | C3: =ESTADISTICA!C1 -> [Ubicacion] | D3: =ESTADISTICA!D1 -> [Tipo de Camara] | E3: =ESTADISTICA!E1 -> [Tipo de Conexion] | F3: =ESTADISTICA!F1 -> 45292 | G3: =ESTADISTICA!G1 -> 45293 | H3: =ESTADISTICA!H1 -> 45294 | ... AI3: =ESTADISTICA!AI1 -> 45321
A4: ='RESUMEN TOTAL'!A6 -> PARADAS SEGURAS | B4: ='RESUMEN TOTAL'!B6 -> 12 | C4: ='RESUMEN TOTAL'!D6 -> THEVENET E ISLAS ORCADAS NORTE | D4: ='RESUMEN TOTAL'!E6 -> GFIJA | E4: ='RESUMEN TOTAL'!F6 -> GPON | F4: ='RESUMEN TOTAL'!L6 -> APAGADO | G4: ='RESUMEN TOTAL'!M6 -> APAGADO | H4: ='RESUMEN TOTAL'!N6 -> APAGADO | I4: ='RESUMEN TOTAL'!O6 -> APAGADO | J4: ='RESUMEN TOTAL'!P6 -> APAGADO | K4: ='RESUMEN TOTAL'!Q6 -> APAGADO | L4: ='RESUMEN TOTAL'!R6 -> APAGADO | M4: ='RESUMEN TOTAL'!S6 -> APAGADO | ... AI4: ='RESUMEN TOTAL'!AO6 -> 0 | AJ4: ='RESUMEN TOTAL'!#REF! -> #REF!
A5: ='RESUMEN TOTAL'!A7 -> PARADAS SEGURAS | B5: ='RESUMEN TOTAL'!B7 -> 13 | C5: ='RESUMEN TOTAL'!D7 -> THEVENET Y GRANADEROS NORTE | D5: ='RESUMEN TOTAL'!E7 -> GFIJA | E5: ='RESUMEN TOTAL'!F7 -> GPON | F5: ='RESUMEN TOTAL'!L7 -> APAGADO | G5: ='RESUMEN TOTAL'!M7 -> APAGADO | H5: ='RESUMEN TOTAL'!N7 -> APAGADO | I5: ='RESUMEN TOTAL'!O7 -> APAGADO | J5: ='RESUMEN TOTAL'!P7 -> APAGADO | K5: ='RESUMEN TOTAL'!Q7 -> APAGADO | L5: ='RESUMEN TOTAL'!R7 -> APAGADO | M5: ='RESUMEN TOTAL'!S7 -> APAGADO | ... AI5: ='RESUMEN TOTAL'!AO7 -> 0 | AJ5: ='RESUMEN TOTAL'!#REF! -> #REF!
A6: ='RESUMEN TOTAL'!A8 -> PARADAS SEGURAS | B6: ='RESUMEN TOTAL'!B8 -> 14 | C6: ='RESUMEN TOTAL'!D8 -> THEVENET Y BERUTI NORTE | D6: ='RESUMEN TOTAL'!E8 -> GFIJA | E6: ='RESUMEN TOTAL'!F8 -> GPON | F6: ='RESUMEN TOTAL'!L8 -> 0 | G6: ='RESUMEN TOTAL'!M8 -> 0 | H6: ='RESUMEN TOTAL'!N8 -> 0 | I6: ='RESUMEN TOTAL'!O8 -> 0 | J6: ='RESUMEN TOTAL'!P8 -> 0 | K6: ='RESUMEN TOTAL'!Q8 -> 0 | L6: ='RESUMEN TOTAL'!R8 -> 0 | M6: ='RESUMEN TOTAL'!S8 -> 0 | ... AI6: ='RESUMEN TOTAL'!AO8 -> 0 | AJ6: ='RESUMEN TOTAL'!#REF! -> #REF!
A7: ='RESUMEN TOTAL'!A9 -> PARADAS SEGURAS | B7: ='RESUMEN TOTAL'!B9 -> 15 | C7: ='RESUMEN TOTAL'!D9 -> THEVENET Y BERUTI SUR | D7: ='RESUMEN TOTAL'!E9 -> GFIJA | E7: ='RESUMEN TOTAL'!F9 -> GPON | F7: ='RESUMEN TOTAL'!L9 -> APAGADO | G7: ='RESUMEN TOTAL'!M9 -> APAGADO | H7: ='RESUMEN TOTAL'!N9 -> APAGADO | I7: ='RESUMEN TOTAL'!O9 -> APAGADO | J7: ='RESUMEN TOTAL'!P9 -> APAGADO | K7: ='RESUMEN TOTAL'!Q9 -> APAGADO | L7: ='RESUMEN TOTAL'!R9 -> 0 | M7: ='RESUMEN TOTAL'!S9 -> 0 | ... AI7: ='RESUMEN TOTAL'!AO9 -> 0 | AJ7: ='RESUMEN TOTAL'!#REF! -> #REF!
A8: ='RESUMEN TOTAL'!A10 -> PARADAS SEGURAS | B8: ='RESUMEN TOTAL'!B10 -> 16 | C8: ='RESUMEN TOTAL'!D10 -> THEVENET Y BRAILE NORTE | D8: ='RESUMEN TOTAL'!E10 -> GFIJA | E8: ='RESUMEN TOTAL'!F10 -> GPON | F8: ='RESUMEN TOTAL'!L10 -> 0 | G8: ='RESUMEN TOTAL'!M10 -> 0 | H8: ='RESUMEN TOTAL'!N10 -> 0 | I8: ='RESUMEN TOTAL'!O10 -> 0 | J8: ='RESUMEN TOTAL'!P10 -> 0 | K8: ='RESUMEN TOTAL'!Q10 -> 0 | L8: ='RESUMEN TOTAL'!R10 -> 0 | M8: ='RESUMEN TOTAL'!S10 -> 0 | ... AI8: ='RESUMEN TOTAL'!AO10 -> 0 | AJ8: ='RESUMEN TOTAL'!#REF! -> #REF!
A9: ='RESUMEN TOTAL'!A11 -> PARADAS SEGURAS | B9: ='RESUMEN TOTAL'!B11 -> 17 | C9: ='RESUMEN TOTAL'!D11 -> THEVENET Y ARENALES NORTE | D9: ='RESUMEN TOTAL'!E11 -> GFIJA | E9: ='RESUMEN TOTAL'!F11 -> GPON | F9: ='RESUMEN TOTAL'!L11 -> APAGADO | G9: ='RESUMEN TOTAL'!M11 -> APAGADO | H9: ='RESUMEN TOTAL'!N11 -> APAGADO | I9: ='RESUMEN TOTAL'!O11 -> APAGADO | J9: ='RESUMEN TOTAL'!P11 -> APAGADO | K9: ='RESUMEN TOTAL'!Q11 -> APAGADO | L9: ='RESUMEN TOTAL'!R11 -> 0 | M9: ='RESUMEN TOTAL'!S11 -> 0 | ... AI9: ='RESUMEN TOTAL'!AO11 -> 0 | AJ9: ='RESUMEN TOTAL'!#REF! -> #REF!
A10: ='RESUMEN TOTAL'!A12 -> PARADAS SEGURAS | B10: ='RESUMEN TOTAL'!B12 -> 18 | C10: ='RESUMEN TOTAL'!D12 -> THEVENET Y ARENALES SUR | D10: ='RESUMEN TOTAL'!E12 -> GFIJA | E10: ='RESUMEN TOTAL'!F12 -> GPON | F10: ='RESUMEN TOTAL'!L12 -> 0 | G10: ='RESUMEN TOTAL'!M12 -> 0 | H10: ='RESUMEN TOTAL'!N12 -> 0 | I10: ='RESUMEN TOTAL'!O12 -> 0 | J10: ='RESUMEN TOTAL'!P12 -> 0 | K10: ='RESUMEN TOTAL'!Q12 -> 0 | L10: ='RESUMEN TOTAL'!R12 -> 0 | M10: ='RESUMEN TOTAL'!S12 -> 0 | ... AI10: ='RESUMEN TOTAL'!AO12 -> 0 | AJ10: ='RESUMEN TOTAL'!#REF! -> #REF!
A11: ='RESUMEN TOTAL'!A13 -> PARADAS SEGURAS | B11: ='RESUMEN TOTAL'!B13 -> 19 | C11: ='RESUMEN TOTAL'!D13 -> THEVENET Y GORRITI NORTE | D11: ='RESUMEN TOTAL'!E13 -> GFIJA | E11: ='RESUMEN TOTAL'!F13 -> GPON | F11: ='RESUMEN TOTAL'!L13 -> 0 | G11: ='RESUMEN TOTAL'!M13 -> 0 | H11: ='RESUMEN TOTAL'!N13 -> 0 | I11: ='RESUMEN TOTAL'!O13 -> 0 | J11: ='RESUMEN TOTAL'!P13 -> 0 | K11: ='RESUMEN TOTAL'!Q13 -> 0 | L11: ='RESUMEN TOTAL'!R13 -> 0 | M11: ='RESUMEN TOTAL'!S13 -> 0 | ... AI11: ='RESUMEN TOTAL'!AO13 -> 0 | AJ11: ='RESUMEN TOTAL'!#REF! -> #REF!
A12: ='RESUMEN TOTAL'!A14 -> PARADAS SEGURAS | B12: ='RESUMEN TOTAL'!B14 -> 20 | C12: ='RESUMEN TOTAL'!D14 -> THEVENET Y GORRITI SUR | D12: ='RESUMEN TOTAL'!E14 -> GFIJA | E12: ='RESUMEN TOTAL'!F14 -> GPON | F12: ='RESUMEN TOTAL'!L14 -> 0 | G12: ='RESUMEN TOTAL'!M14 -> 0 | H12: ='RESUMEN TOTAL'!N14 -> 0 | I12: ='RESUMEN TOTAL'!O14 -> 0 | J12: ='RESUMEN TOTAL'!P14 -> 0 | K12: ='RESUMEN TOTAL'!Q14 -> 0 | L12: ='RESUMEN TOTAL'!R14 -> 0 | M12: ='RESUMEN TOTAL'!S14 -> 0 | ... AI12: ='RESUMEN TOTAL'!AO14 -> 0 | AJ12: ='RESUMEN TOTAL'!#REF! -> #REF!
A13: ='RESUMEN TOTAL'!A15 -> PARADAS SEGURAS | B13: ='RESUMEN TOTAL'!B15 -> 21 | C13: ='RESUMEN TOTAL'!D15 -> HUDSON Y CABILDO OESTE | D13: ='RESUMEN TOTAL'!E15 -> GFIJA | E13: ='RESUMEN TOTAL'!F15 -> GPON | F13: ='RESUMEN TOTAL'!L15 -> 0 | G13: ='RESUMEN TOTAL'!M15 -> 0 | H13: ='RESUMEN TOTAL'!N15 -> 0 | I13: ='RESUMEN TOTAL'!O15 -> 0 | J13: ='RESUMEN TOTAL'!P15 -> 0 | K13: ='RESUMEN TOTAL'!Q15 -> 0 | L13: ='RESUMEN TOTAL'!R15 -> 0 | M13: ='RESUMEN TOTAL'!S15 -> 0 | ... AI13: ='RESUMEN TOTAL'!AO15 -> 0 | AJ13: ='RESUMEN TOTAL'!#REF! -> #REF!
A14: ='RESUMEN TOTAL'!A16 -> PARADAS SEGURAS | B14: ='RESUMEN TOTAL'!B16 -> 22 | C14: ='RESUMEN TOTAL'!D16 -> HUDSON Y CABILDO ESTE | D14: ='RESUMEN TOTAL'!E16 -> GFIJA | E14: ='RESUMEN TOTAL'!F16 -> GPON | F14: ='RESUMEN TOTAL'!L16 -> 0 | G14: ='RESUMEN TOTAL'!M16 -> APAGADO | H14: ='RESUMEN TOTAL'!N16 -> APAGADO | I14: ='RESUMEN TOTAL'!O16 -> APAGADO | J14: ='RESUMEN TOTAL'!P16 -> APAGADO | K14: ='RESUMEN TOTAL'!Q16 -> APAGADO | L14: ='RESUMEN TOTAL'!R16 -> 0 | M14: ='RESUMEN TOTAL'!S16 -> 0 | ... AI14: ='RESUMEN TOTAL'!AO16 -> 0 | AJ14: ='RESUMEN TOTAL'!#REF! -> #REF!
A15: ='RESUMEN TOTAL'!A17 -> PARADAS SEGURAS | B15: ='RESUMEN TOTAL'!B17 -> 23 | C15: ='RESUMEN TOTAL'!D17 -> HUDSON Y SAN NICOLAS OESTE | D15: ='RESUMEN TOTAL'!E17 -> GFIJA | E15: ='RESUMEN TOTAL'!F17 -> GPON | F15: ='RESUMEN TOTAL'!L17 -> 0 | G15: ='RESUMEN TOTAL'!M17 -> 0 | H15: ='RESUMEN TOTAL'!N17 -> 0 | I15: ='RESUMEN TOTAL'!O17 -> 0 | J15: ='RESUMEN TOTAL'!P17 -> 0 | K15: ='RESUMEN TOTAL'!Q17 -> 0 | L15: ='RESUMEN TOTAL'!R17 -> 0 | M15: ='RESUMEN TOTAL'!S17 -> 0 | ... AI15: ='RESUMEN TOTAL'!AO17 -> 0 | AJ15: ='RESUMEN TOTAL'!#REF! -> #REF!
... A68: ='RESUMEN TOTAL'!A70 -> PARADAS SEGURAS | B68: ='RESUMEN TOTAL'!B70 -> 43 I | C68: ='RESUMEN TOTAL'!D70 -> Hudson y Manuel de Falla Este | D68: ='RESUMEN TOTAL'!E70 -> INTERCOMUNICADOR | E68: ='RESUMEN TOTAL'!F70 -> GPON | F68: ='RESUMEN TOTAL'!L70 -> 0 | G68: ='RESUMEN TOTAL'!M70 -> 0 | H68: ='RESUMEN TOTAL'!N70 -> 0 | I68: ='RESUMEN TOTAL'!O70 -> 0 | J68: ='RESUMEN TOTAL'!P70 -> 0 | K68: ='RESUMEN TOTAL'!Q70 -> 0 | L68: ='RESUMEN TOTAL'!R70 -> 0 | M68: ='RESUMEN TOTAL'!S70 -> 0 | ... AI68: ='RESUMEN TOTAL'!AO70 -> 0 | AJ68: ='RESUMEN TOTAL'!#REF! -> #REF!
A69: ='RESUMEN TOTAL'!A71 -> PARADAS SEGURAS | B69: ='RESUMEN TOTAL'!B71 -> 45 C | C69: ='RESUMEN TOTAL'!D71 -> Hudson y Benito Perez Galdos Este | D69: ='RESUMEN TOTAL'!E71 -> GFIJA | E69: ='RESUMEN TOTAL'!F71 -> GPON | F69: ='RESUMEN TOTAL'!L71 -> 0 | G69: ='RESUMEN TOTAL'!M71 -> 0 | H69: ='RESUMEN TOTAL'!N71 -> 0 | I69: ='RESUMEN TOTAL'!O71 -> 0 | J69: ='RESUMEN TOTAL'!P71 -> 0 | K69: ='RESUMEN TOTAL'!Q71 -> 0 | L69: ='RESUMEN TOTAL'!R71 -> 0 | M69: ='RESUMEN TOTAL'!S71 -> 0 | ... Z69: ='RESUMEN TOTAL'!AF71 -> 0 | AA69: ='RESUMEN TOTAL'!AG546 -> 0 | AB69: ='RESUMEN TOTAL'!AH71 -> 0 | AC69: ='RESUMEN TOTAL'!AI71 -> 0 | AD69: ='RESUMEN TOTAL'!AJ71 -> 0 | AE69: ='RESUMEN TOTAL'!AK71 -> 0 | AF69: ='RESUMEN TOTAL'!AL71 -> 0 | AG69: ='RESUMEN TOTAL'!AM71 -> 0 | AH69: ='RESUMEN TOTAL'!AN71 -> 0 | AI69: ='RESUMEN TOTAL'!AO71 -> 0 | AJ69: ='RESUMEN TOTAL'!#REF! -> #REF!
A70: ='RESUMEN TOTAL'!A72 -> PARADAS SEGURAS | B70: ='RESUMEN TOTAL'!B72 -> 45 I | C70: ='RESUMEN TOTAL'!D72 -> Hudson y Benito Perez Galdos Este | D70: ='RESUMEN TOTAL'!E72 -> INTERCOMUNICADOR | E70: ='RESUMEN TOTAL'!F72 -> GPON | F70: ='RESUMEN TOTAL'!L72 -> 0 | G70: ='RESUMEN TOTAL'!M72 -> 0 | H70: ='RESUMEN TOTAL'!N72 -> 0 | I70: ='RESUMEN TOTAL'!O72 -> 0 | J70: ='RESUMEN TOTAL'!P72 -> 0 | K70: ='RESUMEN TOTAL'!Q72 -> 0 | L70: ='RESUMEN TOTAL'!R72 -> 0 | M70: ='RESUMEN TOTAL'!S72 -> 0 | ... AI70: ='RESUMEN TOTAL'!AO72 -> 0 | AJ70: ='RESUMEN TOTAL'!#REF! -> #REF!
A71: ='RESUMEN TOTAL'!A73 -> PARADAS SEGURAS | B71: ='RESUMEN TOTAL'!B73 -> 46 C | C71: ='RESUMEN TOTAL'!D73 -> Hudson y Avenida Bosques Este | D71: ='RESUMEN TOTAL'!E73 -> GFIJA | E71: ='RESUMEN TOTAL'!F73 -> GPON | F71: ='RESUMEN TOTAL'!L73 -> 0 | G71: ='RESUMEN TOTAL'!M73 -> 0 | H71: ='RESUMEN TOTAL'!N73 -> 0 | I71: ='RESUMEN TOTAL'!O73 -> 0 | J71: ='RESUMEN TOTAL'!P73 -> 0 | K71: ='RESUMEN TOTAL'!Q73 -> 0 | L71: ='RESUMEN TOTAL'!R73 -> 0 | M71: ='RESUMEN TOTAL'!S73 -> 0 | ... AI71: ='RESUMEN TOTAL'!AO73 -> 0 | AJ71: ='RESUMEN TOTAL'!#REF! -> #REF!
A72: ='RESUMEN TOTAL'!A74 -> PARADAS SEGURAS | B72: ='RESUMEN TOTAL'!B74 -> 46 I | C72: ='RESUMEN TOTAL'!D74 -> Hudson y Avenida Bosques Este | D72: ='RESUMEN TOTAL'!E74 -> INTERCOMUNICADOR | E72: ='RESUMEN TOTAL'!F74 -> GPON | F72: ='RESUMEN TOTAL'!L74 -> 0 | G72: ='RESUMEN TOTAL'!M74 -> 0 | H72: ='RESUMEN TOTAL'!N74 -> 0 | I72: ='RESUMEN TOTAL'!O74 -> 0 | J72: ='RESUMEN TOTAL'!P74 -> 0 | K72: ='RESUMEN TOTAL'!Q74 -> 0 | L72: ='RESUMEN TOTAL'!R74 -> 0 | M72: ='RESUMEN TOTAL'!S74 -> 0 | ... AI72: ='RESUMEN TOTAL'!AO74 -> 0 | AJ72: ='RESUMEN TOTAL'!#REF! -> #REF!
A73: ='RESUMEN TOTAL'!A75 -> PARADAS SEGURAS | B73: ='RESUMEN TOTAL'!B75 -> 47 C | C73: ='RESUMEN TOTAL'!D75 -> Hudson y Avenida Bosques Oeste | D73: ='RESUMEN TOTAL'!E75 -> GFIJA | E73: ='RESUMEN TOTAL'!F75 -> GPON | F73: ='RESUMEN TOTAL'!L75 -> 0 | G73: ='RESUMEN TOTAL'!M75 -> 0 | H73: ='RESUMEN TOTAL'!N75 -> 0 | I73: ='RESUMEN TOTAL'!O75 -> 0 | J73: ='RESUMEN TOTAL'!P75 -> 0 | K73: ='RESUMEN TOTAL'!Q75 -> 0 | L73: ='RESUMEN TOTAL'!R75 -> 0 | M73: ='RESUMEN TOTAL'!S75 -> 0 | ... AI73: ='RESUMEN TOTAL'!AO75 -> 0 | AJ73: ='RESUMEN TOTAL'!#REF! -> #REF!
A74: ='RESUMEN TOTAL'!A76 -> PARADAS SEGURAS | B74: ='RESUMEN TOTAL'!B76 -> 47 I | C74: ='RESUMEN TOTAL'!D76 -> Hudson y Avenida Bosques Oeste | D74: ='RESUMEN TOTAL'!E76 -> INTERCOMUNICADOR | E74: ='RESUMEN TOTAL'!F76 -> GPON | F74: ='RESUMEN TOTAL'!L76 -> 0 | G74: ='RESUMEN TOTAL'!M76 -> 0 | H74: ='RESUMEN TOTAL'!N76 -> 0 | I74: ='RESUMEN TOTAL'!O76 -> 0 | J74: ='RESUMEN TOTAL'!P76 -> 0 | K74: ='RESUMEN TOTAL'!Q76 -> 0 | L74: ='RESUMEN TOTAL'!R76 -> 0 | M74: ='RESUMEN TOTAL'!S76 -> 0 | ... AI74: ='RESUMEN TOTAL'!AO76 -> 0 | AJ74: ='RESUMEN TOTAL'!#REF! -> #REF!
A75: ='RESUMEN TOTAL'!A77 -> PARADAS SEGURAS | B75: ='RESUMEN TOTAL'!B77 -> 64 C | C75: ='RESUMEN TOTAL'!D77 -> Lujan y Combate de los Pozos | D75: ='RESUMEN TOTAL'!E77 -> GFIJA | E75: ='RESUMEN TOTAL'!F77 -> GPON | F75: ='RESUMEN TOTAL'!L77 -> 0 | G75: ='RESUMEN TOTAL'!M77 -> 0 | H75: ='RESUMEN TOTAL'!N77 -> 0 | I75: ='RESUMEN TOTAL'!O77 -> 0 | J75: ='RESUMEN TOTAL'!P77 -> 0 | K75: ='RESUMEN TOTAL'!Q77 -> 0 | L75: ='RESUMEN TOTAL'!R77 -> 0 | M75: ='RESUMEN TOTAL'!S77 -> 0 | ... AI75: ='RESUMEN TOTAL'!AO77 -> 0 | AJ75: ='RESUMEN TOTAL'!#REF! -> #REF!
A76: ='RESUMEN TOTAL'!A78 -> PARADAS SEGURAS | B76: ='RESUMEN TOTAL'!B78 -> 64 I | C76: ='RESUMEN TOTAL'!D78 -> Lujan y Combate de los Pozos | D76: ='RESUMEN TOTAL'!E78 -> INTERCOMUNICADOR | E76: ='RESUMEN TOTAL'!F78 -> GPON | F76: ='RESUMEN TOTAL'!L78 -> 0 | G76: ='RESUMEN TOTAL'!M78 -> 0 | H76: ='RESUMEN TOTAL'!N78 -> 0 | I76: ='RESUMEN TOTAL'!O78 -> 0 | J76: ='RESUMEN TOTAL'!P78 -> 0 | K76: ='RESUMEN TOTAL'!Q78 -> 0 | L76: ='RESUMEN TOTAL'!R78 -> 0 | M76: ='RESUMEN TOTAL'!S78 -> 0 | ... AI76: ='RESUMEN TOTAL'!AO78 -> 0 | AJ76: ='RESUMEN TOTAL'!#REF! -> #REF!
A77: ='RESUMEN TOTAL'!A79 -> PARADAS SEGURAS | B77: ='RESUMEN TOTAL'!B79 -> 65 C | C77: ='RESUMEN TOTAL'!D79 -> Lujan y Combate de los Pozos | D77: ='RESUMEN TOTAL'!E79 -> GFIJA | E77: ='RESUMEN TOTAL'!F79 -> GPON | F77: ='RESUMEN TOTAL'!L79 -> 0 | G77: ='RESUMEN TOTAL'!M79 -> 0 | H77: ='RESUMEN TOTAL'!N79 -> 0 | I77: ='RESUMEN TOTAL'!O79 -> 0 | J77: ='RESUMEN TOTAL'!P79 -> 0 | K77: ='RESUMEN TOTAL'!Q79 -> 0 | L77: ='RESUMEN TOTAL'!R79 -> 0 | M77: ='RESUMEN TOTAL'!S79 -> 0 | ... AI77: ='RESUMEN TOTAL'!AO79 -> 0 | AJ77: ='RESUMEN TOTAL'!#REF! -> #REF!
A78: ='RESUMEN TOTAL'!A80 -> PARADAS SEGURAS | B78: ='RESUMEN TOTAL'!B80 -> 65 I | C78: ='RESUMEN TOTAL'!D80 -> Lujan y Combate de los Pozos | D78: ='RESUMEN TOTAL'!E80 -> INTERCOMUNICADOR | E78: ='RESUMEN TOTAL'!F80 -> GPON | F78: ='RESUMEN TOTAL'!L80 -> 0 | G78: ='RESUMEN TOTAL'!M80 -> 0 | H78: ='RESUMEN TOTAL'!N80 -> 0 | I78: ='RESUMEN TOTAL'!O80 -> 0 | J78: ='RESUMEN TOTAL'!P80 -> 0 | K78: ='RESUMEN TOTAL'!Q80 -> 0 | L78: ='RESUMEN TOTAL'!R80 -> 0 | M78: ='RESUMEN TOTAL'!S80 -> 0 | ... AI78: ='RESUMEN TOTAL'!AO80 -> 0 | AJ78: ='RESUMEN TOTAL'!#REF! -> #REF!
A79: ='RESUMEN TOTAL'!A81 -> PARADAS SEGURAS | B79: ='RESUMEN TOTAL'!B81 -> 67 C | C79: ='RESUMEN TOTAL'!D81 -> Lujan y 907 A | D79: ='RESUMEN TOTAL'!E81 -> GFIJA | E79: ='RESUMEN TOTAL'!F81 -> GPON | F79: ='RESUMEN TOTAL'!L81 -> 0 | G79: ='RESUMEN TOTAL'!M81 -> 0 | H79: ='RESUMEN TOTAL'!N81 -> 0 | I79: ='RESUMEN TOTAL'!O81 -> 0 | J79: ='RESUMEN TOTAL'!P81 -> 0 | K79: ='RESUMEN TOTAL'!Q81 -> 0 | L79: ='RESUMEN TOTAL'!R81 -> 0 | M79: ='RESUMEN TOTAL'!S81 -> 0 | ... AI79: ='RESUMEN TOTAL'!AO81 -> 0 | AJ79: ='RESUMEN TOTAL'!#REF! -> #REF!
A80: ='RESUMEN TOTAL'!A82 -> PARADAS SEGURAS | B80: ='RESUMEN TOTAL'!B82 -> 67 I | C80: ='RESUMEN TOTAL'!D82 -> Lujan y 907 A | D80: ='RESUMEN TOTAL'!E82 -> INTERCOMUNICADOR | E80: ='RESUMEN TOTAL'!F82 -> GPON | F80: ='RESUMEN TOTAL'!L82 -> 0 | G80: ='RESUMEN TOTAL'!M82 -> 0 | H80: ='RESUMEN TOTAL'!N82 -> 0 | I80: ='RESUMEN TOTAL'!O82 -> 0 | J80: ='RESUMEN TOTAL'!P82 -> 0 | K80: ='RESUMEN TOTAL'!Q82 -> 0 | L80: ='RESUMEN TOTAL'!R82 -> 0 | M80: ='RESUMEN TOTAL'!S82 -> 0 | ... AI80: ='RESUMEN TOTAL'!AO82 -> 0 | AJ80: ='RESUMEN TOTAL'!#REF! -> #REF!
A81: ='RESUMEN TOTAL'!A83 -> ALTAMIRA | B81: ='RESUMEN TOTAL'!B83 -> ALT 03 | C81: ='RESUMEN TOTAL'!D83 -> Bombero Galarza y Necochea | D81: ='RESUMEN TOTAL'!E83 -> Domo | E81: ='RESUMEN TOTAL'!F83 -> Fibra Optica | F81: ='RESUMEN TOTAL'!L83 -> 0 | G81: ='RESUMEN TOTAL'!M83 -> 0 | H81: ='RESUMEN TOTAL'!N83 -> 0 | I81: ='RESUMEN TOTAL'!O83 -> 0 | J81: ='RESUMEN TOTAL'!P83 -> 0 | K81: ='RESUMEN TOTAL'!Q83 -> 0 | L81: ='RESUMEN TOTAL'!R83 -> 0 | M81: ='RESUMEN TOTAL'!S83 -> 0 | ... AI81: ='RESUMEN TOTAL'!AO83 -> 0 | AJ81: ='RESUMEN TOTAL'!#REF! -> #REF!
... A122: ='RESUMEN TOTAL'!A124 -> CENTRO | B122: ='RESUMEN TOTAL'!B124 -> CEN 79 | C122: ='RESUMEN TOTAL'!D124 -> Diag. Constituyente y Brown | D122: ='RESUMEN TOTAL'!E124 -> Fija | E122: ='RESUMEN TOTAL'!F124 -> Fibra Optica | F122: ='RESUMEN TOTAL'!L124 -> 0 | G122: ='RESUMEN TOTAL'!M124 -> 0 | H122: ='RESUMEN TOTAL'!N124 -> 0 | I122: ='RESUMEN TOTAL'!O124 -> 0 | J122: ='RESUMEN TOTAL'!P124 -> 0 | K122: ='RESUMEN TOTAL'!Q124 -> 0 | L122: ='RESUMEN TOTAL'!R124 -> 0 | M122: ='RESUMEN TOTAL'!S124 -> 0 | ... AI122: ='RESUMEN TOTAL'!AO124 -> 0 | AJ122: ='RESUMEN TOTAL'!#REF! -> #REF!
A123: ='RESUMEN TOTAL'!A126 -> CENTRO | B123: ='RESUMEN TOTAL'!B126 -> CEN 81 | C123: ='RESUMEN TOTAL'!D126 -> Alberdi y A.del Valle | D123: ='RESUMEN TOTAL'!E126 -> Fija | E123: ='RESUMEN TOTAL'!F126 -> Fibra Optica | F123: ='RESUMEN TOTAL'!L126 -> 0 | G123: ='RESUMEN TOTAL'!M126 -> 0 | H123: ='RESUMEN TOTAL'!N126 -> 0 | I123: ='RESUMEN TOTAL'!O126 -> 0 | J123: ='RESUMEN TOTAL'!P126 -> 0 | K123: ='RESUMEN TOTAL'!Q126 -> 0 | L123: ='RESUMEN TOTAL'!R126 -> 0 | M123: ='RESUMEN TOTAL'!S126 -> 0 | ... AI123: ='RESUMEN TOTAL'!AO126 -> 0 | AJ123: ='RESUMEN TOTAL'!#REF! -> #REF!
A124: ='RESUMEN TOTAL'!A127 -> CENTRO | B124: ='RESUMEN TOTAL'!B127 -> CEN 82 | C124: ='RESUMEN TOTAL'!D127 -> DORREGO Y BOUREL | D124: ='RESUMEN TOTAL'!E127 -> Domo | E124: ='RESUMEN TOTAL'!F127 -> Fibra Optica | F124: ='RESUMEN TOTAL'!L127 -> 0 | G124: ='RESUMEN TOTAL'!M127 -> 0 | H124: ='RESUMEN TOTAL'!N127 -> 0 | I124: ='RESUMEN TOTAL'!O127 -> 0 | J124: ='RESUMEN TOTAL'!P127 -> 0 | K124: ='RESUMEN TOTAL'!Q127 -> 0 | L124: ='RESUMEN TOTAL'!R127 -> 0 | M124: ='RESUMEN TOTAL'!S127 -> 0 | ... AI124: ='RESUMEN TOTAL'!AO127 -> 0 | AJ124: ='RESUMEN TOTAL'!#REF! -> #REF!
A125: ='RESUMEN TOTAL'!A128 -> CENTRO | B125: ='RESUMEN TOTAL'!B128 -> CEN 84 | C125: ='RESUMEN TOTAL'!D128 -> 25 DE MAYO Y MAIPU | D125: ='RESUMEN TOTAL'!E128 -> Fija | E125: ='RESUMEN TOTAL'!F128 -> Fibra Optica | F125: ='RESUMEN TOTAL'!L128 -> APAGADO | G125: ='RESUMEN TOTAL'!M128 -> APAGADO | H125: ='RESUMEN TOTAL'!N128 -> APAGADO | I125: ='RESUMEN TOTAL'!O128 -> APAGADO | J125: ='RESUMEN TOTAL'!P128 -> APAGADO | K125: ='RESUMEN TOTAL'!Q128 -> APAGADO | L125: ='RESUMEN TOTAL'!R128 -> APAGADO | M125: ='RESUMEN TOTAL'!S128 -> APAGADO | ... AI125: ='RESUMEN TOTAL'!AO128 -> 0 | AJ125: ='RESUMEN TOTAL'!#REF! -> #REF!
A126: ='RESUMEN TOTAL'!A129 -> CENTRO | B126: ='RESUMEN TOTAL'!B129 -> CEN 85 | C126: ='RESUMEN TOTAL'!D129 -> PTE PERON E/ PRINGLES Y BROWN | D126: ='RESUMEN TOTAL'!E129 -> Fija | E126: ='RESUMEN TOTAL'!F129 -> Fibra Optica | F126: ='RESUMEN TOTAL'!L129 -> 0 | G126: ='RESUMEN TOTAL'!M129 -> 0 | H126: ='RESUMEN TOTAL'!N129 -> 0 | I126: ='RESUMEN TOTAL'!O129 -> 0 | J126: ='RESUMEN TOTAL'!P129 -> 0 | K126: ='RESUMEN TOTAL'!Q129 -> 0 | L126: ='RESUMEN TOTAL'!R129 -> 0 | M126: ='RESUMEN TOTAL'!S129 -> 0 | ... AI126: ='RESUMEN TOTAL'!AO129 -> 0 | AJ126: ='RESUMEN TOTAL'!#REF! -> #REF!
A127: ='RESUMEN TOTAL'!A130 -> CENTRO | B127: ='RESUMEN TOTAL'!B130 -> CEN 86 | C127: ='RESUMEN TOTAL'!D130 -> Monteagudo y Bocuzzi | D127: ='RESUMEN TOTAL'!E130 -> Fija | E127: ='RESUMEN TOTAL'!F130 -> Fibra Optica | F127: ='RESUMEN TOTAL'!L130 -> 0 | G127: ='RESUMEN TOTAL'!M130 -> 0 | H127: ='RESUMEN TOTAL'!N130 -> 0 | I127: ='RESUMEN TOTAL'!O130 -> 0 | J127: ='RESUMEN TOTAL'!P130 -> 0 | K127: ='RESUMEN TOTAL'!Q130 -> 0 | L127: ='RESUMEN TOTAL'!R130 -> 0 | M127: ='RESUMEN TOTAL'!S130 -> 0 | ... AI127: ='RESUMEN TOTAL'!AO130 -> 0 | AJ127: ='RESUMEN TOTAL'!#REF! -> #REF!
A128: ='RESUMEN TOTAL'!A131 -> CENTRO | B128: ='RESUMEN TOTAL'!B131 -> CEN01 | C128: ='RESUMEN TOTAL'!D131 -> San Martin y 9 de Julio | D128: ='RESUMEN TOTAL'!E131 -> Fija | E128: ='RESUMEN TOTAL'!F131 -> Fibra Optica | F128: ='RESUMEN TOTAL'!L131 -> 0 | G128: ='RESUMEN TOTAL'!M131 -> 0 | H128: ='RESUMEN TOTAL'!N131 -> APAGADO | I128: ='RESUMEN TOTAL'!O131 -> APAGADO | J128: ='RESUMEN TOTAL'!P131 -> APAGADO | K128: ='RESUMEN TOTAL'!Q131 -> APAGADO | L128: ='RESUMEN TOTAL'!R131 -> APAGADO | M128: ='RESUMEN TOTAL'!S131 -> APAGADO | ... AI128: ='RESUMEN TOTAL'!AO131 -> 0 | AJ128: ='RESUMEN TOTAL'!#REF! -> #REF!
A129: ='RESUMEN TOTAL'!A132 -> CENTRO | B129: ='RESUMEN TOTAL'!B132 -> CEN02 | C129: ='RESUMEN TOTAL'!D132 -> San Martin y Almafuerte | D129: ='RESUMEN TOTAL'!E132 -> Fija | E129: ='RESUMEN TOTAL'!F132 -> Fibra Optica | F129: ='RESUMEN TOTAL'!L132 -> 0 | G129: ='RESUMEN TOTAL'!M132 -> 0 | H129: ='RESUMEN TOTAL'!N132 -> 0 | I129: ='RESUMEN TOTAL'!O132 -> 0 | J129: ='RESUMEN TOTAL'!P132 -> 0 | K129: ='RESUMEN TOTAL'!Q132 -> 0 | L129: ='RESUMEN TOTAL'!R132 -> 0 | M129: ='RESUMEN TOTAL'!S132 -> 0 | ... AI129: ='RESUMEN TOTAL'!AO132 -> 0 | AJ129: ='RESUMEN TOTAL'!#REF! -> #REF!
A130: ='RESUMEN TOTAL'!A133 -> CENTRO | B130: ='RESUMEN TOTAL'!B133 -> CEN03 | C130: ='RESUMEN TOTAL'!D133 -> San Martin y Sallares | D130: ='RESUMEN TOTAL'!E133 -> Domo | E130: ='RESUMEN TOTAL'!F133 -> Fibra Optica | F130: ='RESUMEN TOTAL'!L133 -> 0 | G130: ='RESUMEN TOTAL'!M133 -> 0 | H130: ='RESUMEN TOTAL'!N133 -> 0 | I130: ='RESUMEN TOTAL'!O133 -> 0 | J130: ='RESUMEN TOTAL'!P133 -> 0 | K130: ='RESUMEN TOTAL'!Q133 -> 0 | L130: ='RESUMEN TOTAL'!R133 -> 0 | M130: ='RESUMEN TOTAL'!S133 -> 0 | ... AI130: ='RESUMEN TOTAL'!AO133 -> 0 | AJ130: ='RESUMEN TOTAL'!#REF! -> #REF!
A131: ='RESUMEN TOTAL'!A134 -> CENTRO | B131: ='RESUMEN TOTAL'!B134 -> CEN04 | C131: ='RESUMEN TOTAL'!D134 -> San Martin y Contreras | D131: ='RESUMEN TOTAL'!E134 -> Domo | E131: ='RESUMEN TOTAL'!F134 -> Fibra Optica | F131: ='RESUMEN TOTAL'!L134 -> 0 | G131: ='RESUMEN TOTAL'!M134 -> 0 | H131: ='RESUMEN TOTAL'!N134 -> 0 | I131: ='RESUMEN TOTAL'!O134 -> 0 | J131: ='RESUMEN TOTAL'!P134 -> 0 | K131: ='RESUMEN TOTAL'!Q134 -> 0 | L131: ='RESUMEN TOTAL'!R134 -> 0 | M131: ='RESUMEN TOTAL'!S134 -> 0 | ... AI131: ='RESUMEN TOTAL'!AO134 -> 0 | AJ131: ='RESUMEN TOTAL'!#REF! -> #REF!
A132: ='RESUMEN TOTAL'!A135 -> CENTRO | B132: ='RESUMEN TOTAL'!B135 -> CEN06 | C132: ='RESUMEN TOTAL'!D135 -> Monteagudo y A.del Valle | D132: ='RESUMEN TOTAL'!E135 -> Fija | E132: ='RESUMEN TOTAL'!F135 -> Fibra Optica | F132: ='RESUMEN TOTAL'!L135 -> 0 | G132: ='RESUMEN TOTAL'!M135 -> 0 | H132: ='RESUMEN TOTAL'!N135 -> 0 | I132: ='RESUMEN TOTAL'!O135 -> 0 | J132: ='RESUMEN TOTAL'!P135 -> 0 | K132: ='RESUMEN TOTAL'!Q135 -> 0 | L132: ='RESUMEN TOTAL'!R135 -> 0 | M132: ='RESUMEN TOTAL'!S135 -> 0 | ... AI132: ='RESUMEN TOTAL'!AO135 -> 0 | AJ132: ='RESUMEN TOTAL'!#REF! -> #REF!
A133: ='RESUMEN TOTAL'!A136 -> CENTRO | B133: ='RESUMEN TOTAL'!B136 -> CEN07 | C133: ='RESUMEN TOTAL'!D136 -> San Martin y Guemes | D133: ='RESUMEN TOTAL'!E136 -> DOMO | E133: ='RESUMEN TOTAL'!F136 -> Fibra Optica | F133: ='RESUMEN TOTAL'!L136 -> APAGADO | G133: ='RESUMEN TOTAL'!M136 -> APAGADO | H133: ='RESUMEN TOTAL'!N136 -> 0 | I133: ='RESUMEN TOTAL'!O136 -> 0 | J133: ='RESUMEN TOTAL'!P136 -> 0 | K133: ='RESUMEN TOTAL'!Q136 -> 0 | L133: ='RESUMEN TOTAL'!R136 -> 0 | M133: ='RESUMEN TOTAL'!S136 -> 0 | ... AI133: ='RESUMEN TOTAL'!AO136 -> 0 | AJ133: ='RESUMEN TOTAL'!#REF! -> #REF!
A134: ='RESUMEN TOTAL'!A137 -> CENTRO | B134: ='RESUMEN TOTAL'!B137 -> CEN08 | C134: ='RESUMEN TOTAL'!D137 -> San Martin y Pte.Peron | D134: ='RESUMEN TOTAL'!E137 -> Domo | E134: ='RESUMEN TOTAL'!F137 -> Fibra Optica | F134: ='RESUMEN TOTAL'!L137 -> 0 | G134: ='RESUMEN TOTAL'!M137 -> 0 | H134: ='RESUMEN TOTAL'!N137 -> 0 | I134: ='RESUMEN TOTAL'!O137 -> 0 | J134: ='RESUMEN TOTAL'!P137 -> 0 | K134: ='RESUMEN TOTAL'!Q137 -> 0 | L134: ='RESUMEN TOTAL'!R137 -> 0 | M134: ='RESUMEN TOTAL'!S137 -> 0 | ... AI134: ='RESUMEN TOTAL'!AO137 -> 0 | AJ134: ='RESUMEN TOTAL'!#REF! -> #REF!
... A201: ='RESUMEN TOTAL'!A204 -> EL PARQUE | B201: ='RESUMEN TOTAL'!B204 -> EPQ 01 | C201: ='RESUMEN TOTAL'!D204 -> 1282 Y GRIERSON | D201: ='RESUMEN TOTAL'!E204 -> DOMO | E201: ='RESUMEN TOTAL'!F204 -> Fibra Optica | F201: ='RESUMEN TOTAL'!L204 -> 0 | G201: ='RESUMEN TOTAL'!M204 -> 0 | H201: ='RESUMEN TOTAL'!N204 -> 0 | I201: ='RESUMEN TOTAL'!O204 -> 0 | J201: ='RESUMEN TOTAL'!P204 -> 0 | K201: ='RESUMEN TOTAL'!Q204 -> 0 | L201: ='RESUMEN TOTAL'!R204 -> 0 | M201: ='RESUMEN TOTAL'!S204 -> 0 | ... AI201: ='RESUMEN TOTAL'!AO204 -> 0 | AJ201: ='RESUMEN TOTAL'!#REF! -> #REF!
A202: ='RESUMEN TOTAL'!A206 -> EL PARQUE | B202: ='RESUMEN TOTAL'!B206 -> EPQ 03 | C202: ='RESUMEN TOTAL'!D206 -> 1282 Y RP 36 | D202: ='RESUMEN TOTAL'!E206 -> Domo | E202: ='RESUMEN TOTAL'!F206 -> Fibra Optica | F202: ='RESUMEN TOTAL'!L206 -> APAGADO | G202: ='RESUMEN TOTAL'!M206 -> APAGADO | H202: ='RESUMEN TOTAL'!N206 -> APAGADO | I202: ='RESUMEN TOTAL'!O206 -> APAGADO | J202: ='RESUMEN TOTAL'!P206 -> APAGADO | K202: ='RESUMEN TOTAL'!Q206 -> APAGADO | L202: ='RESUMEN TOTAL'!R206 -> APAGADO | M202: ='RESUMEN TOTAL'!S206 -> APAGADO | ... AI202: ='RESUMEN TOTAL'!AO206 -> 0 | AJ202: ='RESUMEN TOTAL'!#REF! -> #REF!
A203: ='RESUMEN TOTAL'!A207 -> EL PARQUE | B203: ='RESUMEN TOTAL'!B207 -> EPQ 04 | C203: ='RESUMEN TOTAL'!D207 -> 1282 Y MORENO | D203: ='RESUMEN TOTAL'!E207 -> DOMO | E203: ='RESUMEN TOTAL'!F207 -> Fibra Optica | F203: ='RESUMEN TOTAL'!L207 -> 0 | G203: ='RESUMEN TOTAL'!M207 -> 0 | H203: ='RESUMEN TOTAL'!N207 -> 0 | I203: ='RESUMEN TOTAL'!O207 -> 0 | J203: ='RESUMEN TOTAL'!P207 -> 0 | K203: ='RESUMEN TOTAL'!Q207 -> 0 | L203: ='RESUMEN TOTAL'!R207 -> 0 | M203: ='RESUMEN TOTAL'!S207 -> 0 | ... AI203: ='RESUMEN TOTAL'!AO207 -> 0 | AJ203: ='RESUMEN TOTAL'!#REF! -> #REF!
A204: ='RESUMEN TOTAL'!A208 -> LA ESMERALDA | B204: ='RESUMEN TOTAL'!B208 -> ESM 08 | C204: ='RESUMEN TOTAL'!D208 -> DAVINSON Y MORANCHEL | D204: ='RESUMEN TOTAL'!E208 -> FIJA | E204: ='RESUMEN TOTAL'!F208 -> Radio | F204: ='RESUMEN TOTAL'!L208 -> 0 | G204: ='RESUMEN TOTAL'!M208 -> 0 | H204: ='RESUMEN TOTAL'!N208 -> 0 | I204: ='RESUMEN TOTAL'!O208 -> 0 | J204: ='RESUMEN TOTAL'!P208 -> 0 | K204: ='RESUMEN TOTAL'!Q208 -> 0 | L204: ='RESUMEN TOTAL'!R208 -> 0 | M204: ='RESUMEN TOTAL'!S208 -> 0 | ... AI204: ='RESUMEN TOTAL'!AO208 -> 0 | AJ204: ='RESUMEN TOTAL'!#REF! -> #REF!
A205: ='RESUMEN TOTAL'!A209 -> LA ESMERALDA | B205: ='RESUMEN TOTAL'!B209 -> ESM 13 | C205: ='RESUMEN TOTAL'!D209 -> Barzi y Serrano | D205: ='RESUMEN TOTAL'!E209 -> fija | E205: ='RESUMEN TOTAL'!F209 -> Fibra Optica | F205: ='RESUMEN TOTAL'!L209 -> APAGADO | G205: ='RESUMEN TOTAL'!M209 -> APAGADO | H205: ='RESUMEN TOTAL'!N209 -> APAGADO | I205: ='RESUMEN TOTAL'!O209 -> APAGADO | J205: ='RESUMEN TOTAL'!P209 -> 0 | K205: ='RESUMEN TOTAL'!Q209 -> 0 | L205: ='RESUMEN TOTAL'!R209 -> 0 | M205: ='RESUMEN TOTAL'!S209 -> 0 | ... AI205: ='RESUMEN TOTAL'!AO209 -> 0 | AJ205: ='RESUMEN TOTAL'!#REF! -> #REF!
A206: ='RESUMEN TOTAL'!A210 -> LA ESMERALDA | B206: ='RESUMEN TOTAL'!B210 -> ESM 14 | C206: ='RESUMEN TOTAL'!D210 -> Barzi y Serrano | D206: ='RESUMEN TOTAL'!E210 -> fija | E206: ='RESUMEN TOTAL'!F210 -> Fibra Optica | F206: ='RESUMEN TOTAL'!L210 -> 0 | G206: ='RESUMEN TOTAL'!M210 -> 0 | H206: ='RESUMEN TOTAL'!N210 -> 0 | I206: ='RESUMEN TOTAL'!O210 -> 0 | J206: ='RESUMEN TOTAL'!P210 -> 0 | K206: ='RESUMEN TOTAL'!Q210 -> 0 | L206: ='RESUMEN TOTAL'!R210 -> 0 | M206: ='RESUMEN TOTAL'!S210 -> 0 | ... AI206: ='RESUMEN TOTAL'!AO210 -> 0 | AJ206: ='RESUMEN TOTAL'!#REF! -> #REF!
A207: ='RESUMEN TOTAL'!A211 -> LA ESMERALDA | B207: ='RESUMEN TOTAL'!B211 -> ESM 15 | C207: ='RESUMEN TOTAL'!D211 -> Basualdo y Lieja | D207: ='RESUMEN TOTAL'!E211 -> Fija | E207: ='RESUMEN TOTAL'!F211 -> Fibra Optica | F207: ='RESUMEN TOTAL'!L211 -> 0 | G207: ='RESUMEN TOTAL'!M211 -> 0 | H207: ='RESUMEN TOTAL'!N211 -> 0 | I207: ='RESUMEN TOTAL'!O211 -> 0 | J207: ='RESUMEN TOTAL'!P211 -> 0 | K207: ='RESUMEN TOTAL'!Q211 -> 0 | L207: ='RESUMEN TOTAL'!R211 -> 0 | M207: ='RESUMEN TOTAL'!S211 -> 0 | ... AI207: ='RESUMEN TOTAL'!AO211 -> 0 | AJ207: ='RESUMEN TOTAL'!#REF! -> #REF!
A208: ='RESUMEN TOTAL'!A212 -> LA ESMERALDA | B208: ='RESUMEN TOTAL'!B212 -> ESM 16 | C208: ='RESUMEN TOTAL'!D212 -> Basualdo y Lieja | D208: ='RESUMEN TOTAL'!E212 -> Fija | E208: ='RESUMEN TOTAL'!F212 -> Fibra Optica | F208: ='RESUMEN TOTAL'!L212 -> 0 | G208: ='RESUMEN TOTAL'!M212 -> 0 | H208: ='RESUMEN TOTAL'!N212 -> 0 | I208: ='RESUMEN TOTAL'!O212 -> 0 | J208: ='RESUMEN TOTAL'!P212 -> 0 | K208: ='RESUMEN TOTAL'!Q212 -> 0 | L208: ='RESUMEN TOTAL'!R212 -> 0 | M208: ='RESUMEN TOTAL'!S212 -> 0 | ... AI208: ='RESUMEN TOTAL'!AO212 -> 0 | AJ208: ='RESUMEN TOTAL'!#REF! -> #REF!
A209: ='RESUMEN TOTAL'!A213 -> LA ESMERALDA | B209: ='RESUMEN TOTAL'!B213 -> ESM01 | C209: ='RESUMEN TOTAL'!D213 -> Cabello y Brasil | D209: ='RESUMEN TOTAL'!E213 -> Domo | E209: ='RESUMEN TOTAL'!F213 -> Radio | F209: ='RESUMEN TOTAL'!L213 -> 0 | G209: ='RESUMEN TOTAL'!M213 -> 0 | H209: ='RESUMEN TOTAL'!N213 -> 0 | I209: ='RESUMEN TOTAL'!O213 -> 0 | J209: ='RESUMEN TOTAL'!P213 -> 0 | K209: ='RESUMEN TOTAL'!Q213 -> 0 | L209: ='RESUMEN TOTAL'!R213 -> 0 | M209: ='RESUMEN TOTAL'!S213 -> 0 | ... AI209: ='RESUMEN TOTAL'!AO213 -> 0 | AJ209: ='RESUMEN TOTAL'!#REF! -> #REF!
A210: ='RESUMEN TOTAL'!A214 -> SAN JORGE | B210: ='RESUMEN TOTAL'!B214 -> ESM02 | C210: ='RESUMEN TOTAL'!D214 -> Novak y Cabello | D210: ='RESUMEN TOTAL'!E214 -> Domo | E210: ='RESUMEN TOTAL'!F214 -> PTO A FO | F210: ='RESUMEN TOTAL'!L214 -> 0 | G210: ='RESUMEN TOTAL'!M214 -> 0 | H210: ='RESUMEN TOTAL'!N214 -> 0 | I210: ='RESUMEN TOTAL'!O214 -> 0 | J210: ='RESUMEN TOTAL'!P214 -> 0 | K210: ='RESUMEN TOTAL'!Q214 -> 0 | L210: ='RESUMEN TOTAL'!R214 -> 0 | M210: ='RESUMEN TOTAL'!S214 -> 0 | ... AI210: ='RESUMEN TOTAL'!AO214 -> 0 | AJ210: ='RESUMEN TOTAL'!#REF! -> #REF!
A211: ='RESUMEN TOTAL'!A215 -> 0 | B211: ='RESUMEN TOTAL'!B215 -> ESM03 | C211: ='RESUMEN TOTAL'!D215 -> Novak y Humahuaca | D211: ='RESUMEN TOTAL'!E215 -> DOMO | E211: ='RESUMEN TOTAL'!F215 -> PTO A FO | F211: ='RESUMEN TOTAL'!L215 -> 0 | G211: ='RESUMEN TOTAL'!M215 -> 0 | H211: ='RESUMEN TOTAL'!N215 -> 0 | I211: ='RESUMEN TOTAL'!O215 -> 0 | J211: ='RESUMEN TOTAL'!P215 -> 0 | K211: ='RESUMEN TOTAL'!Q215 -> 0 | L211: ='RESUMEN TOTAL'!R215 -> 0 | M211: ='RESUMEN TOTAL'!S215 -> 0 | ... AI211: ='RESUMEN TOTAL'!AO215 -> 0 | AJ211: ='RESUMEN TOTAL'!#REF! -> #REF!
A212: ='RESUMEN TOTAL'!A216 -> LA ESMERALDA | B212: ='RESUMEN TOTAL'!B216 -> ESM04 | C212: ='RESUMEN TOTAL'!D216 -> Basualdo y Bengochea | D212: ='RESUMEN TOTAL'!E216 -> Domo | E212: ='RESUMEN TOTAL'!F216 -> Fibra Optica | F212: ='RESUMEN TOTAL'!L216 -> APAGADO | G212: ='RESUMEN TOTAL'!M216 -> APAGADO | H212: ='RESUMEN TOTAL'!N216 -> APAGADO | I212: ='RESUMEN TOTAL'!O216 -> APAGADO | J212: ='RESUMEN TOTAL'!P216 -> APAGADO | K212: ='RESUMEN TOTAL'!Q216 -> APAGADO | L212: ='RESUMEN TOTAL'!R216 -> APAGADO | M212: ='RESUMEN TOTAL'!S216 -> APAGADO | ... AI212: ='RESUMEN TOTAL'!AO216 -> 0 | AJ212: ='RESUMEN TOTAL'!#REF! -> #REF!
A213: ='RESUMEN TOTAL'!A217 -> LA ESMERALDA | B213: ='RESUMEN TOTAL'!B217 -> ESM05 | C213: ='RESUMEN TOTAL'!D217 -> Aniceto Diaz y Villar | D213: ='RESUMEN TOTAL'!E217 -> Domo | E213: ='RESUMEN TOTAL'!F217 -> Fibra Optica | F213: ='RESUMEN TOTAL'!L217 -> APAGADO | G213: ='RESUMEN TOTAL'!M217 -> APAGADO | H213: ='RESUMEN TOTAL'!N217 -> APAGADO | I213: ='RESUMEN TOTAL'!O217 -> APAGADO | J213: ='RESUMEN TOTAL'!P217 -> APAGADO | K213: ='RESUMEN TOTAL'!Q217 -> APAGADO | L213: ='RESUMEN TOTAL'!R217 -> APAGADO | M213: ='RESUMEN TOTAL'!S217 -> APAGADO | ... AI213: ='RESUMEN TOTAL'!AO217 -> 0 | AJ213: ='RESUMEN TOTAL'!#REF! -> #REF!
... A268: ='RESUMEN TOTAL'!A272 -> LUJAN | B268: ='RESUMEN TOTAL'!B272 -> LUJ 01 | C268: ='RESUMEN TOTAL'!D272 -> ñandu y Los Pinos | D268: ='RESUMEN TOTAL'!E272 -> Domo | E268: ='RESUMEN TOTAL'!F272 -> Radio | F268: ='RESUMEN TOTAL'!L272 -> 0 | G268: ='RESUMEN TOTAL'!M272 -> 0 | H268: ='RESUMEN TOTAL'!N272 -> 0 | I268: ='RESUMEN TOTAL'!O272 -> 0 | J268: ='RESUMEN TOTAL'!P272 -> 0 | K268: ='RESUMEN TOTAL'!Q272 -> 0 | L268: ='RESUMEN TOTAL'!R272 -> 0 | M268: ='RESUMEN TOTAL'!S272 -> 0 | ... AI268: ='RESUMEN TOTAL'!AO272 -> 0 | AJ268: ='RESUMEN TOTAL'!#REF! -> #REF!
A269: ='RESUMEN TOTAL'!A273 -> VILLA ARGENTINA | B269: ='RESUMEN TOTAL'!B273 -> LUJ 02 | C269: ='RESUMEN TOTAL'!D273 -> DIAG. LOS TILOS Y 527 | D269: ='RESUMEN TOTAL'!E273 -> DOMO | E269: ='RESUMEN TOTAL'!F273 -> PTO A FO | F269: ='RESUMEN TOTAL'!L273 -> APAGADO | G269: ='RESUMEN TOTAL'!M273 -> APAGADO | H269: ='RESUMEN TOTAL'!N273 -> APAGADO | I269: ='RESUMEN TOTAL'!O273 -> APAGADO | J269: ='RESUMEN TOTAL'!P273 -> APAGADO | K269: ='RESUMEN TOTAL'!Q273 -> APAGADO | L269: ='RESUMEN TOTAL'!R273 -> APAGADO | M269: ='RESUMEN TOTAL'!S273 -> APAGADO | ... U269: ='RESUMEN TOTAL'!AA273 -> APAGADO | V269: ='RESUMEN TOTAL'!AB274 -> 0 | W269: ='RESUMEN TOTAL'!AC273 -> APAGADO | X269: ='RESUMEN TOTAL'!AD273 -> APAGADO | Y269: ='RESUMEN TOTAL'!AE273 -> APAGADO | Z269: ='RESUMEN TOTAL'!AF273 -> APAGADO | AA269: ='RESUMEN TOTAL'!AG273 -> APAGADO | AB269: ='RESUMEN TOTAL'!AH273 -> APAGADO | AC269: ='RESUMEN TOTAL'!AI273 -> APAGADO | AD269: ='RESUMEN TOTAL'!AJ273 -> APAGADO | ... AI269: ='RESUMEN TOTAL'!AO273 -> 0 | AJ269: ='RESUMEN TOTAL'!#REF! -> #REF!
A270: ='RESUMEN TOTAL'!A274 -> LUJAN | B270: ='RESUMEN TOTAL'!B274 -> LUJ03 | C270: ='RESUMEN TOTAL'!D274 -> LOS PINOS Y LOS TILOS | D270: ='RESUMEN TOTAL'!E274 -> DOMO | E270: ='RESUMEN TOTAL'!F274 -> Fibra Optica | F270: ='RESUMEN TOTAL'!L274 -> 0 | G270: ='RESUMEN TOTAL'!M274 -> 0 | H270: ='RESUMEN TOTAL'!N274 -> 0 | I270: ='RESUMEN TOTAL'!O274 -> 0 | J270: ='RESUMEN TOTAL'!P274 -> 0 | K270: ='RESUMEN TOTAL'!Q274 -> 0 | L270: ='RESUMEN TOTAL'!R274 -> 0 | M270: ='RESUMEN TOTAL'!S274 -> 0 | ... U270: ='RESUMEN TOTAL'!AA274 -> 0 | V270: ='RESUMEN TOTAL'!#REF! -> #REF! | W270: ='RESUMEN TOTAL'!AC274 -> 0 | X270: ='RESUMEN TOTAL'!AD274 -> 0 | Y270: ='RESUMEN TOTAL'!AE274 -> 0 | Z270: ='RESUMEN TOTAL'!AF274 -> 0 | AA270: ='RESUMEN TOTAL'!AG274 -> 0 | AB270: ='RESUMEN TOTAL'!AH274 -> 0 | AC270: ='RESUMEN TOTAL'!AI274 -> APAGADO | AD270: ='RESUMEN TOTAL'!AJ274 -> 0 | ... AI270: ='RESUMEN TOTAL'!AO274 -> 0 | AJ270: ='RESUMEN TOTAL'!#REF! -> #REF!
A271: ='RESUMEN TOTAL'!A275 -> PRESIDENTE PERON (PEPSI) | B271: ='RESUMEN TOTAL'!B275 -> MAR 01 | C271: ='RESUMEN TOTAL'!D275 -> RP36 Y LA ESMERALDA | D271: ='RESUMEN TOTAL'!E275 -> DOMO | E271: ='RESUMEN TOTAL'!F275 -> PTO A FO | F271: ='RESUMEN TOTAL'!L275 -> APAGADO | G271: ='RESUMEN TOTAL'!M275 -> APAGADO | H271: ='RESUMEN TOTAL'!N275 -> APAGADO | I271: ='RESUMEN TOTAL'!O275 -> APAGADO | J271: ='RESUMEN TOTAL'!P275 -> APAGADO | K271: ='RESUMEN TOTAL'!Q275 -> APAGADO | L271: ='RESUMEN TOTAL'!R275 -> APAGADO | M271: ='RESUMEN TOTAL'!S275 -> APAGADO | ... AI271: ='RESUMEN TOTAL'!AO275 -> 0 | AJ271: ='RESUMEN TOTAL'!#REF! -> #REF!
A272: ='RESUMEN TOTAL'!A276 -> RICARDO ROJAS | B272: ='RESUMEN TOTAL'!B276 -> MAR 02 (FIJA1) | C272: ='RESUMEN TOTAL'!D276 -> LUJAN Y PATAGONES | D272: ='RESUMEN TOTAL'!E276 -> Fija | E272: ='RESUMEN TOTAL'!F276 -> Fibra Optica | F272: ='RESUMEN TOTAL'!L276 -> 0 | G272: ='RESUMEN TOTAL'!M276 -> 0 | H272: ='RESUMEN TOTAL'!N276 -> 0 | I272: ='RESUMEN TOTAL'!O276 -> 0 | J272: ='RESUMEN TOTAL'!P276 -> 0 | K272: ='RESUMEN TOTAL'!Q276 -> 0 | L272: ='RESUMEN TOTAL'!R276 -> 0 | M272: ='RESUMEN TOTAL'!S276 -> 0 | ... AI272: ='RESUMEN TOTAL'!AO276 -> 0 | AJ272: ='RESUMEN TOTAL'!#REF! -> #REF!
A273: ='RESUMEN TOTAL'!A277 -> LAS MARGARITAS | B273: ='RESUMEN TOTAL'!B277 -> MAR 03(FIJA 2) | C273: ='RESUMEN TOTAL'!D277 -> LUJAN Y PATAGONES | D273: ='RESUMEN TOTAL'!E277 -> Fija | E273: ='RESUMEN TOTAL'!F277 -> Fibra Optica | F273: ='RESUMEN TOTAL'!L277 -> 0 | G273: ='RESUMEN TOTAL'!M277 -> 0 | H273: ='RESUMEN TOTAL'!N277 -> 0 | I273: ='RESUMEN TOTAL'!O277 -> 0 | J273: ='RESUMEN TOTAL'!P277 -> 0 | K273: ='RESUMEN TOTAL'!Q277 -> 0 | L273: ='RESUMEN TOTAL'!R277 -> 0 | M273: ='RESUMEN TOTAL'!S277 -> 0 | ... AI273: ='RESUMEN TOTAL'!AO277 -> 0 | AJ273: ='RESUMEN TOTAL'!#REF! -> #REF!
A274: ='RESUMEN TOTAL'!A278 -> MAYOL | B274: ='RESUMEN TOTAL'!B278 -> MAY 01 | C274: ='RESUMEN TOTAL'!D278 -> Eva Peron y Cabildo | D274: ='RESUMEN TOTAL'!E278 -> Domo | E274: ='RESUMEN TOTAL'!F278 -> Radio | F274: ='RESUMEN TOTAL'!L278 -> 0 | G274: ='RESUMEN TOTAL'!M278 -> 0 | H274: ='RESUMEN TOTAL'!N278 -> 0 | I274: ='RESUMEN TOTAL'!O278 -> 0 | J274: ='RESUMEN TOTAL'!P278 -> 0 | K274: ='RESUMEN TOTAL'!Q278 -> 0 | L274: ='RESUMEN TOTAL'!R278 -> 0 | M274: ='RESUMEN TOTAL'!S278 -> 0 | ... AI274: ='RESUMEN TOTAL'!AO278 -> 0 | AJ274: ='RESUMEN TOTAL'!#REF! -> #REF!
A275: ='RESUMEN TOTAL'!A279 -> MAYOL | B275: ='RESUMEN TOTAL'!B279 -> MAY 02 | C275: ='RESUMEN TOTAL'!D279 -> EVA PERON Y MONTEVIDEO | D275: ='RESUMEN TOTAL'!E279 -> Domo | E275: ='RESUMEN TOTAL'!F279 -> Radio | F275: ='RESUMEN TOTAL'!L279 -> 0 | G275: ='RESUMEN TOTAL'!M279 -> 0 | H275: ='RESUMEN TOTAL'!N279 -> 0 | I275: ='RESUMEN TOTAL'!O279 -> 0 | J275: ='RESUMEN TOTAL'!P279 -> 0 | K275: ='RESUMEN TOTAL'!Q279 -> 0 | L275: ='RESUMEN TOTAL'!R279 -> 0 | M275: ='RESUMEN TOTAL'!S279 -> 0 | ... AI275: ='RESUMEN TOTAL'!AO279 -> 0 | AJ275: ='RESUMEN TOTAL'!#REF! -> #REF!
A276: ='RESUMEN TOTAL'!A280 -> MAYOL | B276: ='RESUMEN TOTAL'!B280 -> MAY 03 | C276: ='RESUMEN TOTAL'!D280 -> CHAÑAR Y SAN NICOLAS | D276: ='RESUMEN TOTAL'!E280 -> DOMO | E276: ='RESUMEN TOTAL'!F280 -> PTO A FO | F276: ='RESUMEN TOTAL'!L280 -> APAGADO | G276: ='RESUMEN TOTAL'!M280 -> APAGADO | H276: ='RESUMEN TOTAL'!N280 -> APAGADO | I276: ='RESUMEN TOTAL'!O280 -> APAGADO | J276: ='RESUMEN TOTAL'!P280 -> APAGADO | K276: ='RESUMEN TOTAL'!Q280 -> APAGADO | L276: ='RESUMEN TOTAL'!R280 -> APAGADO | M276: ='RESUMEN TOTAL'!S280 -> APAGADO | ... AI276: ='RESUMEN TOTAL'!AO280 -> 0 | AJ276: ='RESUMEN TOTAL'!#REF! -> #REF!
