Workbook
Name _25_de_agosto: 'RESUMEN TOTAL'!$A$4:$D$349
Name BONOMOcam: Hoja1!$B$2
Name COSEIDIcam: Hoja1!$B$4

Sheet RESUMEN TOTAL
A1: CANTIDAD DE CAMARAS | B1: =COUNTA(B5:B527) -> 392 | D1: PORCIENTO DE CAIDAS | K1: =(K3)/(K2+K3) -> 0.10026385 | L1: =(L3)/(L2+L3) -> 0.10817942 | M1: =(M3)/(M2+M3) -> 0.081794195 | N1: =(N3)/(N2+N3) -> 0.089709763 | P1: =(P3)/(P2+P3) -> 0.13720317 | Q1: =(Q3)/(Q2+Q3) -> 0.19261214 | R1: =(R3)/(R2+R3) -> 0.13192612 | S1: =(S3)/(S2+S3) -> 0.13456464 | T1: =(T3)/(T2+T3) -> 0.16886544 | U1: =(U3)/(U2+U3) -> 0.10133333 | V1: =(V3)/(V2+V3) -> 0.12 | W1: =(W3)/(W2+W3) -> 0.074666667 | ... AO1: =(AO3)/(AO2+AO3) -> 0
D2: FUNCIONAN | K2: =COUNTIF(K5:K379, "") -> 341 | L2: =COUNTIF(L5:L379, "") -> 338 | M2: =COUNTIF(M5:M379, "") -> 348 | N2: =COUNTIF(N5:N379, "") -> 345 | P2: =COUNTIF(P5:P379, "") -> 327 | Q2: =COUNTIF(Q5:Q379, "") -> 306 | R2: =COUNTIF(R5:R379, "") -> 329 | S2: =COUNTIF(S5:S379, "") -> 328 | T2: =COUNTIF(T5:T379, "") -> 315 | U2: =COUNTIF(U5:U379, "") -> 337 | V2: =COUNTIF(V5:V379, "") -> 330 | W2: =COUNTIF(W5:W379, "") -> 347 | ... AO2: =COUNTIF(AO5:AO379, "") -> 375
D3: CAIDAS | K3: =COUNTIF(K4:K447, "apagado") -> 38 | L3: =COUNTIF(L4:L447, "apagado") -> 41 | M3: =COUNTIF(M4:M447, "apagado") -> 31 | N3: =COUNTIF(N4:N447, "apagado") -> 34 | P3: =COUNTIF(P4:P447, "apagado") -> 52 | Q3: =COUNTIF(Q4:Q447, "apagado") -> 73 | R3: =COUNTIF(R4:R447, "apagado") -> 50 | S3: =COUNTIF(S4:S447, "apagado") -> 51 | T3: =COUNTIF(T4:T447, "apagado") -> 64 | U3: =COUNTIF(U4:U447, "apagado") -> 38 | V3: =COUNTIF(V4:V447, "apagado") -> 45 | W3: =COUNTIF(W4:W447, "apagado") -> 28 | ... AO3: =COUNTIF(AO4:AO447, "apagado") -> 0
A4: Barrio | B4: [Denominacion] | C4: [Empresa Mantenimiento] | D4: [Ubicacion] | E4: [Tipo de Camara] | F4: [Tipo de Conexion] | H4: DIAS FUNCIONANDO | I4: DIAS CAIDA | J4: EFECTIVIDAD | K4: 44774 | L4: 44775 | M4: 44776 | N4: 44777 | O4: 44778 | P4: 44779 | Q4: 44780 | R4: 44781 | S4: 44782 | T4: 44783 | U4: 44784 | V4: 44785 | W4: 44786 | X4: 44787 | Y4: 44788 | Z4: 44789 | AA4: 44790 | AB4: 44791 | AC4: 44792 | AD4: 44793 | AE4: 44794 | AF4: 44795 | AG4: 44796 | AH4: 44797 | AI4: 44798 | AJ4: 44799 | AK4: 44800 | AL4: 44801 | AM4: 44802 | AN4: 44803 | AO4: 44804
A5: ALTAMIRA | B5: ALT 03 | C5: BONOMO | D5: Bombero Galarza y Necochea | E5: Domo | F5: FIBRA OPTICA | G5: 172.20.12.54 | H5: =COUNTIF(K5:AN5,"") -> 23 | I5: =COUNTIF(K5:AL5,"APAGADO") -> 7 | J5: =(H5)/(I5+H5) -> 0.76666667 | P5: APAGADO | Q5: APAGADO | R5: APAGADO | S5: APAGADO | T5: APAGADO | U5: APAGADO | V5: APAGADO
A6: ALTAMIRA | B6: ALT 04 | C6: BONOMO | D6: Francia y Necochea | E6: Domo | F6: FIBRA OPTICA | G6: 172.20.12.55 | H6: =COUNTIF(K6:AN6,"") -> 23 | I6: =COUNTIF(K6:AL6,"APAGADO") -> 7 | J6: =(H6)/(I6+H6) -> 0.76666667 | P6: APAGADO | Q6: APAGADO | R6: APAGADO | S6: APAGADO | T6: APAGADO | U6: APAGADO | V6: APAGADO
A7: ALTAMIRA | B7: ALT 06 | C7: BONOMO | D7: LOPE DE VEGA Y NECOCHEA | E7: Domo | F7: PTO A FO | G7: 172.20.12.12 | H7: =COUNTIF(K7:AN7,"") -> 19 | I7: =COUNTIF(K7:AL7,"APAGADO") -> 11 | J7: =(H7)/(I7+H7) -> 0.63333333 | P7: APAGADO | Q7: APAGADO | R7: APAGADO | S7: APAGADO | T7: APAGADO | U7: APAGADO | V7: APAGADO | Y7: APAGADO | AI7: APAGADO | AJ7: APAGADO | AK7: APAGADO
A8: ALTAMIRA | B8: ALT 08 | C8: BONOMO | D8: HUMAITA Y NECOCHEA | E8: DOMO | F8: Fibra Optica | G8: 172.20.11.215 | H8: =COUNTIF(K8:AN8,"") -> 23 | I8: =COUNTIF(K8:AL8,"APAGADO") -> 7 | J8: =(H8)/(I8+H8) -> 0.76666667 | P8: APAGADO | Q8: APAGADO | R8: APAGADO | S8: APAGADO | T8: APAGADO | U8: APAGADO | V8: APAGADO
A9: ALTAMIRA | B9: ALT 09 | C9: BONOMO | D9: NECOCHEA Y CURUPAITY | E9: DOMO | F9: Fibra Optica | G9: 172.20.11.216 | H9: =COUNTIF(K9:AN9,"") -> 23 | I9: =COUNTIF(K9:AL9,"APAGADO") -> 7 | J9: =(H9)/(I9+H9) -> 0.76666667 | P9: APAGADO | Q9: APAGADO | R9: APAGADO | S9: APAGADO | T9: APAGADO | U9: APAGADO | V9: APAGADO
A10: ALTAMIRA | B10: ALT 10 | C10: BONOMO | D10: Calchaqui y Francia | E10: Domo | F10: Radio | H10: =COUNTIF(K10:AN10,"") -> 20 | I10: =COUNTIF(K10:AL10,"APAGADO") -> 9 | J10: =(H10)/(I10+H10) -> 0.68965517 | AD10: APAGADO | AE10: APAGADO | AF10: APAGADO | AG10: APAGADO | AH10: APAGADO | AI10: APAGADO | AJ10: APAGADO | AK10: APAGADO | AL10: APAGADO | AM10: APAGADO
A11: ALTAMIRA | B11: ALT01 | C11: BONOMO | D11: Calchaqui y Sgto. Cabral | E11: Domo | F11: Fibra Optica | G11: 172.20.10.6 | H11: =COUNTIF(K11:AN11,"") -> 30 | I11: =COUNTIF(K11:AL11,"APAGADO") -> 0 | J11: =(H11)/(I11+H11) -> 1
A12: ALTAMIRA | B12: ALT02 | C12: BONOMO | D12: Calchaqui y Lope de Vega | E12: Domo | F12: PTO A FO | G12: 172.20.12.218 | H12: =COUNTIF(K12:AN12,"") -> 30 | I12: =COUNTIF(K12:AL12,"APAGADO") -> 0 | J12: =(H12)/(I12+H12) -> 1
A13: ALTAMIRA | B13: ALT05 | C13: BONOMO | D13: Av. Calchaqui y Bombero Galarza | E13: Domo | F13: PTO A FO | G13: 172.20.12.216 | H13: =COUNTIF(K13:AN13,"") -> 20 | I13: =COUNTIF(K13:AL13,"APAGADO") -> 9 | J13: =(H13)/(I13+H13) -> 0.68965517 | AD13: APAGADO | AE13: APAGADO | AF13: APAGADO | AG13: APAGADO | AH13: APAGADO | AI13: APAGADO | AJ13: APAGADO | AK13: APAGADO | AL13: APAGADO | AM13: APAGADO
A14: ALTAMIRA | B14: ALT07 | C14: BONOMO | D14: AV. CALCHAQUI Y AV. DEL TRABAJO | E14: DOMO | F14: PTO A FO | G14: 172.20.10.57 | H14: =COUNTIF(K14:AN14,"") -> 30 | I14: =COUNTIF(K14:AL14,"APAGADO") -> 0 | J14: =(H14)/(I14+H14) -> 1
A15: AGUSTIN RAMIREZ | B15: ARA 01 | C15: COSEIDI | D15: Malambo y Tranquera | E15: Domo | F15: FIBRA OPTICA | G15: 172.20.12.110 | H15: =COUNTIF(K15:AN15,"") -> 28 | I15: =COUNTIF(K15:AL15,"APAGADO") -> 2 | J15: =(H15)/(I15+H15) -> 0.93333333 | L15: APAGADO | P15: APAGADO
A16: BELGRANO | B16: BEL 01 | C16: BONOMO | D16: San Martin y Dardo Rocha | E16: DOMO | F16: FIBRA OPTICA | G16: 172.20.12.64 | H16: =COUNTIF(K16:AN16,"") -> 24 | I16: =COUNTIF(K16:AL16,"APAGADO") -> 6 | J16: =(H16)/(I16+H16) -> 0.8 | L16: APAGADO | W16: APAGADO | X16: APAGADO | Y16: APAGADO | AJ16: APAGADO | AK16: APAGADO
A17: CENTRO | B17: CEN 05 | C17: BONOMO | D17: Bocuzzi e/España y San Martin | E17: DOMO | F17: Fibra Optica | G17: 172.20.10.200 | H17: =COUNTIF(K17:AN17,"") -> 30 | I17: =COUNTIF(K17:AL17,"APAGADO") -> 0 | J17: =(H17)/(I17+H17) -> 1
A18: CENTRO | B18: CEN 12 | C18: BONOMO | D18: Monteagudo y Mitre | E18: Domo | F18: Fibra Optica | G18: 172.20.10.23 | H18: =COUNTIF(K18:AN18,"") -> 30 | I18: =COUNTIF(K18:AL18,"APAGADO") -> 0 | J18: =(H18)/(I18+H18) -> 1
A19: CENTRO | B19: CEN 13 | C19: BONOMO | D19: 25 de Mayo y Maipu | E19: DOMO | F19: Fibra Optica | G19: 172.20.10.20 | H19: =COUNTIF(K19:AN19,"") -> 30 | I19: =COUNTIF(K19:AL19,"APAGADO") -> 0 | J19: =(H19)/(I19+H19) -> 1
A20: CENTRO | B20: CEN 37 | C20: BONOMO | D20: Diagonal Granaderos y Monteagudo | E20: Domo | F20: Fibra Optica | G20: 172.20.12.52 | H20: =COUNTIF(K20:AN20,"") -> 30 | I20: =COUNTIF(K20:AL20,"APAGADO") -> 0 | J20: =(H20)/(I20+H20) -> 1
A21: CENTRO | B21: CEN 50 | C21: BONOMO | D21: Av. San Martin y Newbery | E21: Domo | F21: Radio | G21: 172.20.200.184 | H21: =COUNTIF(K21:AN21,"") -> 30 | I21: =COUNTIF(K21:AL21,"APAGADO") -> 0 | J21: =(H21)/(I21+H21) -> 1
A22: CENTRO | B22: CEN 51 | C22: BONOMO | D22: ILLIA Y LAS HERAS | E22: FIJA | F22: Fibra Optica | G22: 172.20.11.29 | H22: =COUNTIF(K22:AN22,"") -> 30 | I22: =COUNTIF(K22:AL22,"APAGADO") -> 0 | J22: =(H22)/(I22+H22) -> 1
A23: CENTRO | B23: CEN 53 | C23: BONOMO | D23: GUTIERREZ Y BROWN | E23: Domo | F23: Radio | G23: 172.20.200.166 | H23: =COUNTIF(K23:AN23,"") -> 30 | I23: =COUNTIF(K23:AL23,"APAGADO") -> 0 | J23: =(H23)/(I23+H23) -> 1
A24: CENTRO | B24: CEN 54 | C24: BONOMO | D24: GUTIERREZ Y PRINGLES | E24: Domo | F24: Radio | G24: 172.20.200.165 | H24: =COUNTIF(K24:AN24,"") -> 30 | I24: =COUNTIF(K24:AL24,"APAGADO") -> 0 | J24: =(H24)/(I24+H24) -> 1
A25: CENTRO | B25: CEN 55 | C25: BONOMO | D25: BOUREL Y URQUIZA | E25: Domo | F25: Radio | G25: 172.20.200.163 | H25: =COUNTIF(K25:AN25,"") -> 30 | I25: =COUNTIF(K25:AL25,"APAGADO") -> 0 | J25: =(H25)/(I25+H25) -> 1
A26: CENTRO | B26: CEN 56 | C26: BONOMO | D26: Newbery y Falucho | E26: DOMO | F26: Radio | G26: 172.20.200.161 | H26: =COUNTIF(K26:AN26,"") -> 29 | I26: =COUNTIF(K26:AL26,"APAGADO") -> 1 | J26: =(H26)/(I26+H26) -> 0.96666667 | P26: APAGADO
A27: CENTRO | B27: CEN 57 | C27: BONOMO | D27: 25 DE MAYO Y DORREGO | E27: DOMO | F27: Radio | G27: 172.20.200.199 | H27: =COUNTIF(K27:AN27,"") -> 30 | I27: =COUNTIF(K27:AL27,"APAGADO") -> 0 | J27: =(H27)/(I27+H27) -> 1
A28: CENTRO | B28: CEN 58 | C28: BONOMO | D28: EEUU Y MORENO | E28: DOMO | F28: FIBRA OPTICA | G28: 172.20.11.84 | H28: =COUNTIF(K28:AN28,"") -> 30 | I28: =COUNTIF(K28:AL28,"APAGADO") -> 0 | J28: =(H28)/(I28+H28) -> 1
A29: CENTRO | B29: CEN 60 | C29: BONOMO | D29: RECONQUISTA Y ILLIA | E29: DOMO | F29: PTO A FO | G29: 172.20.12.67 | H29: =COUNTIF(K29:AN29,"") -> 30 | I29: =COUNTIF(K29:AL29,"APAGADO") -> 0 | J29: =(H29)/(I29+H29) -> 1
A30: CENTRO | B30: CEN 61 | C30: BONOMO | D30: BOUREL Y MAIPU | E30: DOMO | F30: Radio | G30: 172.20.200.159 | H30: =COUNTIF(K30:AN30,"") -> 30 | I30: =COUNTIF(K30:AL30,"APAGADO") -> 0 | J30: =(H30)/(I30+H30) -> 1
A31: CENTRO | B31: CEN 65 | C31: BONOMO | D31: SAN MARTIN Y JUAN PERON | E31: FIJA | F31: Fibra Optica | G31: 172.20.11.135 | H31: =COUNTIF(K31:AN31,"") -> 13 | I31: =COUNTIF(K31:AL31,"APAGADO") -> 16 | J31: =(H31)/(I31+H31) -> 0.44827586 | K31: APAGADO | L31: APAGADO | M31: APAGADO | N31: APAGADO | P31: APAGADO | Q31: APAGADO | R31: APAGADO | S31: APAGADO | T31: APAGADO | V31: APAGADO | Z31: APAGADO | AB31: APAGADO | AC31: APAGADO | AD31: APAGADO | AE31: APAGADO | AG31: APAGADO | AM31: APAGADO
A32: CENTRO | B32: CEN 70 | C32: BONOMO | D32: RIVADAVIA Y 25 MAYO | E32: Domo | F32: Fibra Optica | G32: 172.20.11.221 | H32: =COUNTIF(K32:AN32,"") -> 30 | I32: =COUNTIF(K32:AL32,"APAGADO") -> 0 | J32: =(H32)/(I32+H32) -> 1
A33: CENTRO | B33: CEN 71 | C33: BONOMO | D33: MORENO Y BOUREL | E33: Domo | F33: Fibra Optica | G33: 172.20.11.220 | H33: =COUNTIF(K33:AN33,"") -> 30 | I33: =COUNTIF(K33:AL33,"APAGADO") -> 0 | J33: =(H33)/(I33+H33) -> 1
A34: CENTRO | B34: CEN 72 | C34: BONOMO | D34: MORENO Y 25 DE MAYO | E34: Domo | F34: Fibra Optica | G34: 172.20.11.219 | H34: =COUNTIF(K34:AN34,"") -> 1 | I34: =COUNTIF(K34:AL34,"APAGADO") -> 28 | J34: =(H34)/(I34+H34) -> 0.034482759 | K34: APAGADO | L34: APAGADO | M34: APAGADO | N34: APAGADO | O34: APAGADO | P34: APAGADO | Q34: APAGADO | R34: APAGADO | S34: APAGADO | T34: APAGADO | U34: APAGADO | V34: APAGADO | W34: APAGADO | X34: APAGADO | Y34: APAGADO | Z34: APAGADO | AA34: APAGADO | AB34: APAGADO | AC34: APAGADO | AD34: APAGADO | AE34: APAGADO | AF34: APAGADO | AG34: APAGADO | AH34: APAGADO | AI34: APAGADO | AJ34: APAGADO | AK34: APAGADO | AL34: APAGADO | AM34: APAGADO
A35: CENTRO | B35: CEN 75 | C35: BONOMO | D35: 25 DE MAYO Y CASTELLI | E35: Domo | F35: Fibra Optica | H35: =COUNTIF(K35:AN35,"") -> 30 | I35: =COUNTIF(K35:AL35,"APAGADO") -> 0 | J35: =(H35)/(I35+H35) -> 1
A36: CENTRO | B36: CEN 76 | C36: BONOMO | D36: ESPAÑA E/MITRE Y BOCUZZI | E36: Fija | F36: Fibra Optica | H36: =COUNTIF(K36:AN36,"") -> 30 | I36: =COUNTIF(K36:AL36,"APAGADO") -> 0 | J36: =(H36)/(I36+H36) -> 1
A37: CENTRO | B37: CEN01 | C37: BONOMO | D37: San Martin y 9 de Julio | E37: Fija | F37: Fibra Optica | G37: 172.20.11.10 | H37: =COUNTIF(K37:AN37,"") -> 30 | I37: =COUNTIF(K37:AL37,"APAGADO") -> 0 | J37: =(H37)/(I37+H37) -> 1
A38: CENTRO | B38: CEN02 | C38: BONOMO | D38: San Martin y Almafuerte | E38: Fija | F38: Fibra Optica | G38: 172.20.11.11 | H38: =COUNTIF(K38:AN38,"") -> 30 | I38: =COUNTIF(K38:AL38,"APAGADO") -> 0 | J38: =(H38)/(I38+H38) -> 1
A39: CENTRO | B39: CEN03 | C39: BONOMO | D39: San Martin y Sallares | E39: Domo | F39: Fibra Optica | G39: 172.20.12.30 | H39: =COUNTIF(K39:AN39,"") -> 30 | I39: =COUNTIF(K39:AL39,"APAGADO") -> 0 | J39: =(H39)/(I39+H39) -> 1
A40: CENTRO | B40: CEN04 | C40: BONOMO | D40: San Martin y Contreras | E40: Domo | F40: Fibra Optica | G40: 172.20.12.29 | H40: =COUNTIF(K40:AN40,"") -> 30 | I40: =COUNTIF(K40:AL40,"APAGADO") -> 0 | J40: =(H40)/(I40+H40) -> 1
A41: CENTRO | B41: CEN06 | C41: BONOMO | D41: Monteagudo y A.del Valle | E41: Fija | F41: Fibra Optica | G41: 172.20.10.02 | H41: =COUNTIF(K41:AN41,"") -> 30 | I41: =COUNTIF(K41:AL41,"APAGADO") -> 0 | J41: =(H41)/(I41+H41) -> 1
A42: CENTRO | B42: CEN07 | C42: BONOMO | D42: San Martin y Guemes | E42: DOMO | F42: Fibra Optica | G42: 172.20.11.20 | H42: =COUNTIF(K42:AN42,"") -> 30 | I42: =COUNTIF(K42:AL42,"APAGADO") -> 0 | J42: =(H42)/(I42+H42) -> 1
A43: CENTRO | B43: CEN08 | C43: BONOMO | D43: San Martin y Pte.Peron | E43: Domo | F43: Fibra Optica | G43: 172.20.11.21 | H43: =COUNTIF(K43:AN43,"") -> 30 | I43: =COUNTIF(K43:AL43,"APAGADO") -> 0 | J43: =(H43)/(I43+H43) -> 1
A44: CENTRO | B44: CEN09 | C44: BONOMO | D44: Chacabuco y 25 de Mayo | E44: Domo | F44: Fibra Optica | G44: 172.20.11.22 | H44: =COUNTIF(K44:AN44,"") -> 30 | I44: =COUNTIF(K44:AL44,"APAGADO") -> 0 | J44: =(H44)/(I44+H44) -> 1
A45: CENTRO | B45: CEN10 | C45: BONOMO | D45: Monteagudo y Pte. Peron | E45: Domo | F45: Fibra Optica | G45: 172.20.11.23 | H45: =COUNTIF(K45:AN45,"") -> 30 | I45: =COUNTIF(K45:AL45,"APAGADO") -> 0 | J45: =(H45)/(I45+H45) -> 1
A46: CENTRO | B46: CEN11 | C46: BONOMO | D46: Monteagudo y Bocuzzi | E46: Domo | F46: Fibra Optica | G46: 172.20.10.24 | H46: =COUNTIF(K46:AN46,"") -> 30 | I46: =COUNTIF(K46:AL46,"APAGADO") -> 0 | J46: =(H46)/(I46+H46) -> 1
A47: CENTRO | B47: CEN14 | C47: BONOMO | D47: Pte.Peron e/Pringles y Brown | E47: Domo | F47: Fibra Optica | G47: 172.20.10.21 | H47: =COUNTIF(K47:AN47,"") -> 30 | I47: =COUNTIF(K47:AL47,"APAGADO") -> 0 | J47: =(H47)/(I47+H47) -> 1
A48: CENTRO | B48: CEN15 | C48: BONOMO | D48: Alberdi y A.del Valle | E48: Domo | F48: Fibra Optica | G48: 172.20.10.35 | H48: =COUNTIF(K48:AN48,"") -> 30 | I48: =COUNTIF(K48:AL48,"APAGADO") -> 0 | J48: =(H48)/(I48+H48) -> 1
A49: CENTRO | B49: CEN16 | C49: BONOMO | D49: San Martin y Pte. Peron | E49: Fija | F49: Fibra Optica | G49: 172.20.12.36 | H49: =COUNTIF(K49:AN49,"") -> 30 | I49: =COUNTIF(K49:AL49,"APAGADO") -> 0 | J49: =(H49)/(I49+H49) -> 1
B50: CEN17 | C50: BONOMO | D50: San Martin y Mitre | E50: Domo | F50: PTO A FO | G50: 172.20.12.200 | H50: =COUNTIF(K50:AN50,"") -> 30 | I50: =COUNTIF(K50:AL50,"APAGADO") -> 0 | J50: =(H50)/(I50+H50) -> 1
A51: CENTRO | B51: CEN18 | C51: BONOMO | D51: Monteagudo e/Mitre y Sallares | E51: Fija | F51: Fibra Optica | G51: 172.20.10.26 | H51: =COUNTIF(K51:AN51,"") -> 30 | I51: =COUNTIF(K51:AL51,"APAGADO") -> 0 | J51: =(H51)/(I51+H51) -> 1
A52: CENTRO | B52: CEN19 | C52: BONOMO | D52: Chacabuco y 25 de Mayo | E52: Fija | F52: Fibra Optica | G52: 172.20.10.27 | H52: =COUNTIF(K52:AN52,"") -> 30 | I52: =COUNTIF(K52:AL52,"APAGADO") -> 0 | J52: =(H52)/(I52+H52) -> 1
A53: LOMAS DE MONTEVERDE | B53: CEN20 | C53: BONOMO | D53: Pte. Illia y Las Heras | E53: Domo | F53: Fibra Optica | G53: 172.20.10.33 | H53: =COUNTIF(K53:AN53,"") -> 30 | I53: =COUNTIF(K53:AL53,"APAGADO") -> 0 | J53: =(H53)/(I53+H53) -> 1
A54: CENTRO | B54: CEN21 | C54: BONOMO | D54: Misiones y Urquiza | E54: Fija | F54: Radio | G54: 172.20.200.132 | H54: =COUNTIF(K54:AN54,"") -> 30 | I54: =COUNTIF(K54:AL54,"APAGADO") -> 0 | J54: =(H54)/(I54+H54) -> 1
A55: CENTRO | B55: CEN22 | C55: BONOMO | D55: Las Heras y Chacabuco | E55: Domo | F55: Radio | G55: 172.20.200.125 | H55: =COUNTIF(K55:AN55,"") -> 30 | I55: =COUNTIF(K55:AL55,"APAGADO") -> 0 | J55: =(H55)/(I55+H55) -> 1
A56: CENTRO | B56: CEN23 | C56: BONOMO | D56: Sallares y Monteagudo | E56: Domo | F56: Fibra Optica | G56: 172.20.12.05 | H56: =COUNTIF(K56:AN56,"") -> 30 | I56: =COUNTIF(K56:AL56,"APAGADO") -> 0 | J56: =(H56)/(I56+H56) -> 1
A57: CENTRO | B57: CEN24 | C57: BONOMO | D57: Sallares y España | E57: Domo | F57: Fibra Optica | G57: 172.20.12.04 | H57: =COUNTIF(K57:AN57,"") -> 30 | I57: =COUNTIF(K57:AL57,"APAGADO") -> 0 | J57: =(H57)/(I57+H57) -> 1
A58: CENTRO | B58: CEN25 | C58: BONOMO | D58: SAN MARTIN Y 9 DE JULIO | E58: Domo | F58: Fibra Optica | G58: 172.20.12.02 | H58: =COUNTIF(K58:AN58,"") -> 30 | I58: =COUNTIF(K58:AL58,"APAGADO") -> 0 | J58: =(H58)/(I58+H58) -> 1
A59: CENTRO | B59: CEN26 | C59: BONOMO | D59: Mitre y España | E59: Domo | F59: Fibra Optica | G59: 172.20.12.06 | H59: =COUNTIF(K59:AN59,"") -> 30 | I59: =COUNTIF(K59:AL59,"APAGADO") -> 0 | J59: =(H59)/(I59+H59) -> 1
A60: CENTRO | B60: CEN27 | C60: BONOMO | D60: San Juan y España | E60: Domo | F60: Fibra Optica | G60: 172.20.12.37 | H60: =COUNTIF(K60:AN60,"") -> 30 | I60: =COUNTIF(K60:AL60,"APAGADO") -> 0 | J60: =(H60)/(I60+H60) -> 1
A61: CENTRO | B61: CEN28 | C61: BONOMO | D61: Mitre y Alberdi | E61: Domo | F61: Fibra Optica | G61: 172.20.12.38 | H61: =COUNTIF(K61:AN61,"") -> 30 | I61: =COUNTIF(K61:AL61,"APAGADO") -> 0 | J61: =(H61)/(I61+H61) -> 1
A62: CENTRO | B62: CEN29 | C62: BONOMO | D62: Alberdi y San Juan | E62: Domo | F62: Fibra Optica | G62: 172.20.12.40 | H62: =COUNTIF(K62:AN62,"") -> 30 | I62: =COUNTIF(K62:AL62,"APAGADO") -> 0 | J62: =(H62)/(I62+H62) -> 1
... A66: CENTRO | B66: CEN33 | C66: BONOMO | D66: Peron y Alberdi | E66: Domo | F66: Fibra Optica | G66: 172.20.12.47 | H66: =COUNTIF(K66:AN66,"") -> 30 | I66: =COUNTIF(K66:AL66,"APAGADO") -> 0 | J66: =(H66)/(I66+H66) -> 1
A67: CENTRO | B67: CEN34 | C67: BONOMO | D67: Peron y España | E67: Domo | F67: Fibra Optica | G67: 172.20.12.49 | H67: =COUNTIF(K67:AN67,"") -> 1 | I67: =COUNTIF(K67:AL67,"APAGADO") -> 28 | J67: =(H67)/(I67+H67) -> 0.034482759 | K67: APAGADO | L67: APAGADO | M67: APAGADO | N67: APAGADO | O67: APAGADO | P67: APAGADO | Q67: APAGADO | R67: APAGADO | S67: APAGADO | T67: APAGADO | U67: APAGADO | V67: APAGADO | W67: APAGADO | X67: APAGADO | Y67: APAGADO | Z67: APAGADO | AA67: APAGADO | AB67: APAGADO | AC67: APAGADO | AD67: APAGADO | AE67: APAGADO | AF67: APAGADO | AG67: APAGADO | AH67: APAGADO | AI67: APAGADO | AJ67: APAGADO | AK67: APAGADO | AL67: APAGADO | AM67: APAGADO
A68: CENTRO | B68: CEN35 | C68: BONOMO | D68: España y Marmol | E68: Domo | F68: Fibra Optica | G68: 172.20.12.50 | H68: =COUNTIF(K68:AN68,"") -> 30 | I68: =COUNTIF(K68:AL68,"APAGADO") -> 0 | J68: =(H68)/(I68+H68) -> 1
A69: CENTRO | B69: CEN36 | C69: BONOMO | D69: España y 9 de Julio | E69: Domo | F69: Fibra Optica | G69: 172.20.12.51 | H69: =COUNTIF(K69:AN69,"") -> 30 | I69: =COUNTIF(K69:AL69,"APAGADO") -> 0 | J69: =(H69)/(I69+H69) -> 1
A70: CENTRO | B70: CEN38 | C70: BONOMO | D70: Diagonal Constituyentes y Almafuerte | E70: Domo | F70: Fibra Optica | G70: 172.20.12.53 | H70: =COUNTIF(K70:AN70,"") -> 30 | I70: =COUNTIF(K70:AL70,"APAGADO") -> 0 | J70: =(H70)/(I70+H70) -> 1
A71: CENTRO | B71: CEN39 | C71: BONOMO | D71: San Martin y Alem | E71: Domo | F71: Fibra Optica | G71: 172.20.12.56 | H71: =COUNTIF(K71:AN71,"") -> 30 | I71: =COUNTIF(K71:AL71,"APAGADO") -> 0 | J71: =(H71)/(I71+H71) -> 1
A72: CENTRO | B72: CEN40 | C72: BONOMO | D72: Contreras y Monteagudo | E72: Domo | F72: Fibra Optica | G72: 172.20.12.57 | H72: =COUNTIF(K72:AN72,"") -> 30 | I72: =COUNTIF(K72:AL72,"APAGADO") -> 0 | J72: =(H72)/(I72+H72) -> 1
A73: CENTRO | B73: CEN41 | C73: BONOMO | D73: Contreras y Alberdi | E73: Domo | F73: Fibra Optica | G73: 172.20.12.58 | H73: =COUNTIF(K73:AN73,"") -> 30 | I73: =COUNTIF(K73:AL73,"APAGADO") -> 0 | J73: =(H73)/(I73+H73) -> 1
A74: CENTRO | B74: CEN42 | C74: BONOMO | D74: Diagonal Constituyentes y Alem | E74: Domo | F74: Fibra Optica | G74: 172.20.12.59 | H74: =COUNTIF(K74:AN74,"") -> 30 | I74: =COUNTIF(K74:AL74,"APAGADO") -> 0 | J74: =(H74)/(I74+H74) -> 1
A75: CENTRO | B75: CEN43 | C75: BONOMO | D75: Sallares y Alberdi | E75: Domo | F75: Fibra Optica | G75: 172.20.12.61 | H75: =COUNTIF(K75:AN75,"") -> 30 | I75: =COUNTIF(K75:AL75,"APAGADO") -> 0 | J75: =(H75)/(I75+H75) -> 1
A76: CENTRO | B76: CEN44 | C76: BONOMO | D76: Mitre y Brown | E76: Domo | F76: Fibra Optica | G76: 172.20.12.62 | H76: =COUNTIF(K76:AN76,"") -> 26 | I76: =COUNTIF(K76:AL76,"APAGADO") -> 3 | J76: =(H76)/(I76+H76) -> 0.89655172 | AB76: APAGADO | AC76: APAGADO | AL76: APAGADO | AM76: APAGADO
A77: CENTRO | B77: CEN45 (fija 1) | C77: BONOMO | D77: EEUU Y MORENO | E77: Fija | F77: Fibra Optica | G77: 172.20.11.74 | H77: =COUNTIF(K77:AN77,"") -> 30 | I77: =COUNTIF(K77:AL77,"APAGADO") -> 0 | J77: =(H77)/(I77+H77) -> 1
A78: CENTRO | B78: CEN46 (fija 2) | C78: BONOMO | D78: EEUU Y MORENO | E78: Fija | F78: Fibra Optica | G78: 172.20.11.75 | H78: =COUNTIF(K78:AN78,"") -> 30 | I78: =COUNTIF(K78:AL78,"APAGADO") -> 0 | J78: =(H78)/(I78+H78) -> 1
A79: CENTRO | B79: CEN47 | C79: BONOMO | D79: Sallares y Brown | E79: Domo | F79: Fibra Optica | G79: 172.20.12.65 | H79: =COUNTIF(K79:AN79,"") -> 21 | I79: =COUNTIF(K79:AL79,"APAGADO") -> 8 | J79: =(H79)/(I79+H79) -> 0.72413793 | AB79: APAGADO | AC79: APAGADO | AD79: APAGADO | AE79: APAGADO | AF79: APAGADO | AG79: APAGADO | AH79: APAGADO | AL79: APAGADO | AM79: APAGADO
A80: CENTRO | B80: CEN48 | C80: BONOMO | D80: Velez Sarsfield y Las Heras | E80: Domo | F80: Radio | G80: 172.20.200.181 | H80: =COUNTIF(K80:AN80,"") -> 29 | I80: =COUNTIF(K80:AL80,"APAGADO") -> 1 | J80: =(H80)/(I80+H80) -> 0.96666667 | R80: APAGADO
A81: CENTRO | B81: CEN49 | C81: BONOMO | D81: Av. San Martin y Florencio Sanchez | E81: Domo | F81: Radio | G81: 172.20.200.182 | H81: =COUNTIF(K81:AN81,"") -> 30 | I81: =COUNTIF(K81:AL81,"APAGADO") -> 0 | J81: =(H81)/(I81+H81) -> 1
A82: CENTRO | B82: CEN52 | C82: BONOMO | D82: San Martin y Almafuerte (ex San Martin y Dorrego) | E82: DOMO | F82: Radio | G82: 172.20.200.191 | H82: =COUNTIF(K82:AN82,"") -> 30 | I82: =COUNTIF(K82:AL82,"APAGADO") -> 0 | J82: =(H82)/(I82+H82) -> 1
A83: CENTRO | B83: CEN59 | C83: BONOMO | D83: CHACABUCO Y BOUREL | E83: DOMO | F83: Radio | G83: 172.20.200.188 | H83: =COUNTIF(K83:AN83,"") -> 30 | I83: =COUNTIF(K83:AL83,"APAGADO") -> 0 | J83: =(H83)/(I83+H83) -> 1
A84: CENTRO | B84: CEN62 | C84: BONOMO | D84: ESPAÑA Y ALEM | E84: DOMO | F84: PTO A FO | G84: 172.20.12.82 | H84: =COUNTIF(K84:AN84,"") -> 30 | I84: =COUNTIF(K84:AL84,"APAGADO") -> 0 | J84: =(H84)/(I84+H84) -> 1
A85: CENTRO | B85: CEN63 | C85: BONOMO | D85: SAN MARTIN Y URQUIZA | E85: DOMO | F85: Fibra Optica | G85: 172.20.11.112 | H85: =COUNTIF(K85:AN85,"") -> 30 | I85: =COUNTIF(K85:AL85,"APAGADO") -> 0 | J85: =(H85)/(I85+H85) -> 1
A86: CENTRO | B86: CEN64 | C86: BONOMO | D86: SAN MARTIN Y BOCCUZZI | E86: FIJA | F86: Fibra Optica | G86: 172.20.11.134 | H86: =COUNTIF(K86:AN86,"") -> 30 | I86: =COUNTIF(K86:AL86,"APAGADO") -> 0 | J86: =(H86)/(I86+H86) -> 1
A87: CENTRO | B87: CEN66 | C87: BONOMO | D87: SAN MARTIN Y JUAN PERON | E87: FIJA | F87: Fibra Optica | G87: 172.20.11.136 | H87: =COUNTIF(K87:AN87,"") -> 13 | I87: =COUNTIF(K87:AL87,"APAGADO") -> 16 | J87: =(H87)/(I87+H87) -> 0.44827586 | K87: APAGADO | L87: APAGADO | M87: APAGADO | N87: APAGADO | P87: APAGADO | Q87: APAGADO | R87: APAGADO | S87: APAGADO | T87: APAGADO | V87: APAGADO | Z87: APAGADO | AB87: APAGADO | AC87: APAGADO | AD87: APAGADO | AE87: APAGADO | AG87: APAGADO | AM87: APAGADO
A88: CENTRO | B88: CEN67 (fija 1) | C88: BONOMO | D88: 9 DE JULIO Y BROWN | E88: Fija | F88: Fibra Optica | G88: 172.20.11.188 | H88: =COUNTIF(K88:AN88,"") -> 30 | I88: =COUNTIF(K88:AL88,"APAGADO") -> 0 | J88: =(H88)/(I88+H88) -> 1
A89: CENTRO | B89: CEN68 (fija 2) | C89: BONOMO | D89: 9 DE JULIO Y BROWN | E89: Fija | F89: Fibra Optica | G89: 172.20.11.189 | H89: =COUNTIF(K89:AN89,"") -> 30 | I89: =COUNTIF(K89:AL89,"APAGADO") -> 0 | J89: =(H89)/(I89+H89) -> 1
A90: CENTRO | B90: CEN69 | C90: BONOMO | D90: RIVADAVIA Y BOUREL | E90: DOMO | F90: Fibra Optica | G90: 172.20.11.222 | H90: =COUNTIF(K90:AN90,"") -> 30 | I90: =COUNTIF(K90:AL90,"APAGADO") -> 0 | J90: =(H90)/(I90+H90) -> 1
A91: CENTRO | B91: CEN73 | C91: BONOMO | D91: BOUREL Y DEFENSA | E91: DOMO | F91: Fibra Optica | G91: 172.20.11.223 | H91: =COUNTIF(K91:AN91,"") -> 30 | I91: =COUNTIF(K91:AL91,"APAGADO") -> 0 | J91: =(H91)/(I91+H91) -> 1
A92: CENTRO | B92: CEN74 | C92: BONOMO | D92: Las Heras y Maipu | E92: Domo | F92: FIBRA OPTICA | G92: 172.20.11.53 | H92: =COUNTIF(K92:AN92,"") -> 30 | I92: =COUNTIF(K92:AL92,"APAGADO") -> 0 | J92: =(H92)/(I92+H92) -> 1
A93: SAN NICOLAS | B93: CHA01 | C93: BONOMO | D93: Novak y Pte Illia | E93: Domo | F93: Radio | G93: 172.20.200.126 | H93: =COUNTIF(K93:AN93,"") -> 30 | I93: =COUNTIF(K93:AL93,"APAGADO") -> 0 | J93: =(H93)/(I93+H93) -> 1
A94: CHACABUCO | B94: CHA02 | C94: BONOMO | D94: Pte. Illia y Posadas | E94: Domo | F94: Radio | G94: 172.20.200.186 | H94: =COUNTIF(K94:AN94,"") -> 30 | I94: =COUNTIF(K94:AL94,"APAGADO") -> 0 | J94: =(H94)/(I94+H94) -> 1
A95: CHACABUCO | B95: CHA03 | C95: BONOMO | D95: MAIPU Y ALVAREZ THOMAS | E95: DOMO | F95: Fibra Optica | G95: 172.20.11.71 | H95: =COUNTIF(K95:AN95,"") -> 30 | I95: =COUNTIF(K95:AL95,"APAGADO") -> 0 | J95: =(H95)/(I95+H95) -> 1
A96: CHACABUCO | B96: CHA04 | C96: BONOMO | D96: ESTADOS UNIDOS DE A. E ILLIA | E96: DOMO | F96: Fibra Optica | G96: 172.20.11.191 | H96: =COUNTIF(K96:AN96,"") -> 9 | I96: =COUNTIF(K96:AL96,"APAGADO") -> 20 | J96: =(H96)/(I96+H96) -> 0.31034483 | S96: APAGADO | T96: APAGADO | U96: APAGADO | V96: APAGADO | W96: APAGADO | X96: APAGADO | Y96: APAGADO | Z96: APAGADO | AA96: APAGADO | AB96: APAGADO | AC96: APAGADO | AD96: APAGADO | AE96: APAGADO | AF96: APAGADO | AG96: APAGADO | AH96: APAGADO | AI96: APAGADO | AJ96: APAGADO | AK96: APAGADO | AL96: APAGADO | AM96: APAGADO
A97: LA COLORADA ESTE | B97: COL 03 | C97: COSEIDI | D97: CARIBONI Y LA ANCIANIDAD | E97: DOMO | F97: Radio | G97: 10.20.30.37 | H97: =COUNTIF(K97:AN97,"") -> 28 | I97: =COUNTIF(K97:AL97,"APAGADO") -> 2 | J97: =(H97)/(I97+H97) -> 0.93333333 | Q97: APAGADO | AL97: APAGADO
A98: VILLA MONICA NUEVA | B98: COL01 | C98: COSEIDI | D98: Eva Peron y Cariboni | E98: Domo | F98: Radio | G98: 172.20.200.177 | H98: =COUNTIF(K98:AN98,"") -> 30 | I98: =COUNTIF(K98:AL98,"APAGADO") -> 0 | J98: =(H98)/(I98+H98) -> 1
A99: LA COLORADA ESTE | B99: COL02 | C99: COSEIDI | D99: Av. Eva Peron y Pompeya | E99: Domo | F99: Radio | G99: 172.20.200.192 | H99: =COUNTIF(K99:AN99,"") -> 30 | I99: =COUNTIF(K99:AL99,"APAGADO") -> 0 | J99: =(H99)/(I99+H99) -> 1
A100: DON JOSE | B100: DJO 02 (fija 1) | C100: BONOMO | D100: DONATO ALVAREZ Y EL APERO | E100: Fija | F100: PTO A FO | G100: 172.20.12.97 | H100: =COUNTIF(K100:AN100,"") -> 28 | I100: =COUNTIF(K100:AL100,"APAGADO") -> 1 | J100: =(H100)/(I100+H100) -> 0.96551724 | T100: APAGADO
A101: DON JOSE | B101: DJO 03 (fija 2) | C101: BONOMO | D101: DONATO ALVAREZ Y EL APERO | E101: Fija | F101: PTO A FO | G101: 172.20.12.98 | H101: =COUNTIF(K101:AN101,"") -> 29 | I101: =COUNTIF(K101:AL101,"APAGADO") -> 1 | J101: =(H101)/(I101+H101) -> 0.96666667 | T101: APAGADO
A102: DON JOSE | B102: DJO 04 (Fija 1) | C102: BONOMO | D102: MONTEVERDE Y EL INDIO | E102: Fija | F102: Radio | H102: =COUNTIF(K102:AN102,"") -> 29 | I102: =COUNTIF(K102:AL102,"APAGADO") -> 1 | J102: =(H102)/(I102+H102) -> 0.96666667 | T102: APAGADO
A103: DON JOSE | B103: DJO 05 (Fija 2) | C103: BONOMO | D103: MONTEVERDE Y EL INDIO | E103: Fija | F103: Radio | H103: =COUNTIF(K103:AN103,"") -> 29 | I103: =COUNTIF(K103:AL103,"APAGADO") -> 1 | J103: =(H103)/(I103+H103) -> 0.96666667 | T103: APAGADO
...

Sheet ESTADISTICA
A1: ='RESUMEN TOTAL'!A4 -> Barrio | B1: ='RESUMEN TOTAL'!B4 -> [Denominacion] | C1: ='RESUMEN TOTAL'!D4 -> [Ubicacion] | D1: ='RESUMEN TOTAL'!E4 -> [Tipo de Camara] | E1: ='RESUMEN TOTAL'!F4 -> [Tipo de Conexion] | F1: ='RESUMEN TOTAL'!K4 -> 44774 | G1: ='RESUMEN TOTAL'!L4 -> 44775 | H1: ='RESUMEN TOTAL'!M4 -> 44776 | I1: ='RESUMEN TOTAL'!N4 -> 44777 | J1: ='RESUMEN TOTAL'!O4 -> 44778 | K1: ='RESUMEN TOTAL'!P4 -> 44779 | L1: ='RESUMEN TOTAL'!Q4 -> 44780 | M1: ='RESUMEN TOTAL'!R4 -> 44781 | ... AI1: ='RESUMEN TOTAL'!AN4 -> 44803
A2: ='RESUMEN TOTAL'!A5 -> ALTAMIRA | B2: ='RESUMEN TOTAL'!B5 -> ALT 03 | C2: ='RESUMEN TOTAL'!D5 -> Bombero Galarza y Necochea | D2: ='RESUMEN TOTAL'!E5 -> Domo | E2: ='RESUMEN TOTAL'!F5 -> FIBRA OPTICA | F2: ='RESUMEN TOTAL'!K5 -> 0 | G2: ='RESUMEN TOTAL'!L5 -> 0 | H2: ='RESUMEN TOTAL'!M5 -> 0 | I2: ='RESUMEN TOTAL'!N5 -> 0 | J2: ='RESUMEN TOTAL'!O5 -> 0 | K2: ='RESUMEN TOTAL'!P5 -> APAGADO | L2: ='RESUMEN TOTAL'!Q5 -> APAGADO | M2: ='RESUMEN TOTAL'!R5 -> APAGADO | ... AI2: ='RESUMEN TOTAL'!AN5 -> 0
A3: ='RESUMEN TOTAL'!A6 -> ALTAMIRA | B3: ='RESUMEN TOTAL'!B6 -> ALT 04 | C3: ='RESUMEN TOTAL'!D6 -> Francia y Necochea | D3: ='RESUMEN TOTAL'!E6 -> Domo | E3: ='RESUMEN TOTAL'!F6 -> FIBRA OPTICA | F3: ='RESUMEN TOTAL'!K6 -> 0 | G3: ='RESUMEN TOTAL'!L6 -> 0 | H3: ='RESUMEN TOTAL'!M6 -> 0 | I3: ='RESUMEN TOTAL'!N6 -> 0 | J3: ='RESUMEN TOTAL'!O6 -> 0 | K3: ='RESUMEN TOTAL'!P6 -> APAGADO | L3: ='RESUMEN TOTAL'!Q6 -> APAGADO | M3: ='RESUMEN TOTAL'!R6 -> APAGADO | ... AI3: ='RESUMEN TOTAL'!AN6 -> 0
A4: ='RESUMEN TOTAL'!A7 -> ALTAMIRA | B4: ='RESUMEN TOTAL'!B7 -> ALT 06 | C4: ='RESUMEN TOTAL'!D7 -> LOPE DE VEGA Y NECOCHEA | D4: ='RESUMEN TOTAL'!E7 -> Domo | E4: ='RESUMEN TOTAL'!F7 -> PTO A FO | F4: ='RESUMEN TOTAL'!K7 -> 0 | G4: ='RESUMEN TOTAL'!L7 -> 0 | H4: ='RESUMEN TOTAL'!M7 -> 0 | I4: ='RESUMEN TOTAL'!N7 -> 0 | J4: ='RESUMEN TOTAL'!O7 -> 0 | K4: ='RESUMEN TOTAL'!P7 -> APAGADO | L4: ='RESUMEN TOTAL'!Q7 -> APAGADO | M4: ='RESUMEN TOTAL'!R7 -> APAGADO | ... AI4: ='RESUMEN TOTAL'!AN7 -> 0
A5: ='RESUMEN TOTAL'!A8 -> ALTAMIRA | B5: ='RESUMEN TOTAL'!B8 -> ALT 08 | C5: ='RESUMEN TOTAL'!D8 -> HUMAITA Y NECOCHEA | D5: ='RESUMEN TOTAL'!E8 -> DOMO | E5: ='RESUMEN TOTAL'!F8 -> Fibra Optica | F5: ='RESUMEN TOTAL'!K8 -> 0 | G5: ='RESUMEN TOTAL'!L8 -> 0 | H5: ='RESUMEN TOTAL'!M8 -> 0 | I5: ='RESUMEN TOTAL'!N8 -> 0 | J5: ='RESUMEN TOTAL'!O8 -> 0 | K5: ='RESUMEN TOTAL'!P8 -> APAGADO | L5: ='RESUMEN TOTAL'!Q8 -> APAGADO | M5: ='RESUMEN TOTAL'!R8 -> APAGADO | ... AI5: ='RESUMEN TOTAL'!AN8 -> 0
A6: ='RESUMEN TOTAL'!A9 -> ALTAMIRA | B6: ='RESUMEN TOTAL'!B9 -> ALT 09 | C6: ='RESUMEN TOTAL'!D9 -> NECOCHEA Y CURUPAITY | D6: ='RESUMEN TOTAL'!E9 -> DOMO | E6: ='RESUMEN TOTAL'!F9 -> Fibra Optica | F6: ='RESUMEN TOTAL'!K9 -> 0 | G6: ='RESUMEN TOTAL'!L9 -> 0 | H6: ='RESUMEN TOTAL'!M9 -> 0 | I6: ='RESUMEN TOTAL'!N9 -> 0 | J6: ='RESUMEN TOTAL'!O9 -> 0 | K6: ='RESUMEN TOTAL'!P9 -> APAGADO | L6: ='RESUMEN TOTAL'!Q9 -> APAGADO | M6: ='RESUMEN TOTAL'!R9 -> APAGADO | ... AI6: ='RESUMEN TOTAL'!AN9 -> 0
A7: ='RESUMEN TOTAL'!A10 -> ALTAMIRA | B7: ='RESUMEN TOTAL'!B10 -> ALT 10 | C7: ='RESUMEN TOTAL'!D10 -> Calchaqui y Francia | D7: ='RESUMEN TOTAL'!E10 -> Domo | E7: ='RESUMEN TOTAL'!F10 -> Radio | F7: ='RESUMEN TOTAL'!K10 -> 0 | G7: ='RESUMEN TOTAL'!L10 -> 0 | H7: ='RESUMEN TOTAL'!M10 -> 0 | I7: ='RESUMEN TOTAL'!N10 -> 0 | J7: ='RESUMEN TOTAL'!O10 -> 0 | K7: ='RESUMEN TOTAL'!P10 -> 0 | L7: ='RESUMEN TOTAL'!Q10 -> 0 | M7: ='RESUMEN TOTAL'!R10 -> 0 | ... AI7: ='RESUMEN TOTAL'!AN10 -> 0
A8: ='RESUMEN TOTAL'!A11 -> ALTAMIRA | B8: ='RESUMEN TOTAL'!B11 -> ALT01 | C8: ='RESUMEN TOTAL'!D11 -> Calchaqui y Sgto. Cabral | D8: ='RESUMEN TOTAL'!E11 -> Domo | E8: ='RESUMEN TOTAL'!F11 -> Fibra Optica | F8: ='RESUMEN TOTAL'!K11 -> 0 | G8: ='RESUMEN TOTAL'!L11 -> 0 | H8: ='RESUMEN TOTAL'!M11 -> 0 | I8: ='RESUMEN TOTAL'!N11 -> 0 | J8: ='RESUMEN TOTAL'!O11 -> 0 | K8: ='RESUMEN TOTAL'!P11 -> 0 | L8: ='RESUMEN TOTAL'!Q11 -> 0 | M8: ='RESUMEN TOTAL'!R11 -> 0 | ... AI8: ='RESUMEN TOTAL'!AN11 -> 0
A9: ='RESUMEN TOTAL'!A12 -> ALTAMIRA | B9: ='RESUMEN TOTAL'!B12 -> ALT02 | C9: ='RESUMEN TOTAL'!D12 -> Calchaqui y Lope de Vega | D9: ='RESUMEN TOTAL'!E12 -> Domo | E9: ='RESUMEN TOTAL'!F12 -> PTO A FO | F9: ='RESUMEN TOTAL'!K12 -> 0 | G9: ='RESUMEN TOTAL'!L12 -> 0 | H9: ='RESUMEN TOTAL'!M12 -> 0 | I9: ='RESUMEN TOTAL'!N12 -> 0 | J9: ='RESUMEN TOTAL'!O12 -> 0 | K9: ='RESUMEN TOTAL'!P12 -> 0 | L9: ='RESUMEN TOTAL'!Q12 -> 0 | M9: ='RESUMEN TOTAL'!R12 -> 0 | ... AI9: ='RESUMEN TOTAL'!AN12 -> 0
A10: ='RESUMEN TOTAL'!A13 -> ALTAMIRA | B10: ='RESUMEN TOTAL'!B13 -> ALT05 | C10: ='RESUMEN TOTAL'!D13 -> Av. Calchaqui y Bombero Galarza | D10: ='RESUMEN TOTAL'!E13 -> Domo | E10: ='RESUMEN TOTAL'!F13 -> PTO A FO | F10: ='RESUMEN TOTAL'!K13 -> 0 | G10: ='RESUMEN TOTAL'!L13 -> 0 | H10: ='RESUMEN TOTAL'!M13 -> 0 | I10: ='RESUMEN TOTAL'!N13 -> 0 | J10: ='RESUMEN TOTAL'!O13 -> 0 | K10: ='RESUMEN TOTAL'!P13 -> 0 | L10: ='RESUMEN TOTAL'!Q13 -> 0 | M10: ='RESUMEN TOTAL'!R13 -> 0 | ... AI10: ='RESUMEN TOTAL'!AN13 -> 0
A11: ='RESUMEN TOTAL'!A14 -> ALTAMIRA | B11: ='RESUMEN TOTAL'!B14 -> ALT07 | C11: ='RESUMEN TOTAL'!D14 -> AV. CALCHAQUI Y AV. DEL TRABAJO | D11: ='RESUMEN TOTAL'!E14 -> DOMO | E11: ='RESUMEN TOTAL'!F14 -> PTO A FO | F11: ='RESUMEN TOTAL'!K14 -> 0 | G11: ='RESUMEN TOTAL'!L14 -> 0 | H11: ='RESUMEN TOTAL'!M14 -> 0 | I11: ='RESUMEN TOTAL'!N14 -> 0 | J11: ='RESUMEN TOTAL'!O14 -> 0 | K11: ='RESUMEN TOTAL'!P14 -> 0 | L11: ='RESUMEN TOTAL'!Q14 -> 0 | M11: ='RESUMEN TOTAL'!R14 -> 0 | ... AI11: ='RESUMEN TOTAL'!AN14 -> 0
A12: ='RESUMEN TOTAL'!A15 -> AGUSTIN RAMIREZ | B12: ='RESUMEN TOTAL'!B15 -> ARA 01 | C12: ='RESUMEN TOTAL'!D15 -> Malambo y Tranquera | D12: ='RESUMEN TOTAL'!E15 -> Domo | E12: ='RESUMEN TOTAL'!F15 -> FIBRA OPTICA | F12: ='RESUMEN TOTAL'!K15 -> 0 | G12: ='RESUMEN TOTAL'!L15 -> APAGADO | H12: ='RESUMEN TOTAL'!M15 -> 0 | I12: ='RESUMEN TOTAL'!N15 -> 0 | J12: ='RESUMEN TOTAL'!O15 -> 0 | K12: ='RESUMEN TOTAL'!P15 -> APAGADO | L12: ='RESUMEN TOTAL'!Q15 -> 0 | M12: ='RESUMEN TOTAL'!R15 -> 0 | ... AI12: ='RESUMEN TOTAL'!AN15 -> 0
... A399: ='RESUMEN TOTAL'!A402 -> 0 | B399: ='RESUMEN TOTAL'!B402 -> 0 | C399: ='RESUMEN TOTAL'!D402 -> 0 | D399: ='RESUMEN TOTAL'!E402 -> 0 | E399: ='RESUMEN TOTAL'!F402 -> 0 | F399: ='RESUMEN TOTAL'!K402 -> 0 | G399: ='RESUMEN TOTAL'!L402 -> 0 | H399: ='RESUMEN TOTAL'!M402 -> 0 | I399: ='RESUMEN TOTAL'!N402 -> 0 | J399: ='RESUMEN TOTAL'!O402 -> 0 | K399: ='RESUMEN TOTAL'!P402 -> 0 | L399: ='RESUMEN TOTAL'!Q402 -> 0 | M399: ='RESUMEN TOTAL'!R402 -> 0 | ... AI399: ='RESUMEN TOTAL'!AN402 -> 0

Sheet APAGADOS
E1: APAGADOS | F1: =COUNTIF(F3:F400, "APAGADO") -> 38 | G1: =COUNTIF(G3:G400, "APAGADO") -> 41 | H1: =COUNTIF(H3:H400, "APAGADO") -> 31 | I1: =COUNTIF(I3:I400, "APAGADO") -> 34 | J1: =COUNTIF(J3:J400, "APAGADO") -> 30 | K1: =COUNTIF(K3:K400, "APAGADO") -> 52 | L1: =COUNTIF(L3:L400, "APAGADO") -> 73 | M1: =COUNTIF(M3:M400, "APAGADO") -> 50 | ... AI1: =COUNTIF(AI3:AI400, "APAGADO") -> 0
A2: =ESTADISTICA!A1 -> Barrio | B2: =ESTADISTICA!B1 -> [Denominacion] | C2: =ESTADISTICA!C1 -> [Ubicacion] | D2: =ESTADISTICA!D1 -> [Tipo de Camara] | E2: =ESTADISTICA!E1 -> [Tipo de Conexion] | F2: =ESTADISTICA!F1 -> 44774 | G2: =ESTADISTICA!G1 -> 44775 | H2: =ESTADISTICA!H1 -> 44776 | ... AI2: =ESTADISTICA!AI1 -> 44803
A3: =ESTADISTICA!A2 -> ALTAMIRA | B3: =ESTADISTICA!B2 -> ALT 03 | C3: =ESTADISTICA!C2 -> Bombero Galarza y Necochea | D3: =ESTADISTICA!D2 -> Domo | E3: =ESTADISTICA!E2 -> FIBRA OPTICA | F3: =ESTADISTICA!F2 -> 0 | G3: =ESTADISTICA!G2 -> 0 | H3: =ESTADISTICA!H2 -> 0 | ... AI3: =ESTADISTICA!AI2 -> 0
A4: =ESTADISTICA!A3 -> ALTAMIRA | B4: =ESTADISTICA!B3 -> ALT 04 | C4: =ESTADISTICA!C3 -> Francia y Necochea | D4: =ESTADISTICA!D3 -> Domo | E4: =ESTADISTICA!E3 -> FIBRA OPTICA | F4: =ESTADISTICA!F3 -> 0 | G4: =ESTADISTICA!G3 -> 0 | H4: =ESTADISTICA!H3 -> 0 | ... AI4: =ESTADISTICA!AI3 -> 0
A5: =ESTADISTICA!A4 -> ALTAMIRA | B5: =ESTADISTICA!B4 -> ALT 06 | C5: =ESTADISTICA!C4 -> LOPE DE VEGA Y NECOCHEA | D5: =ESTADISTICA!D4 -> Domo | E5: =ESTADISTICA!E4 -> PTO A FO | F5: =ESTADISTICA!F4 -> 0 | G5: =ESTADISTICA!G4 -> 0 | H5: =ESTADISTICA!H4 -> 0 | ... AI5: =ESTADISTICA!AI4 -> 0
A6: =ESTADISTICA!A5 -> ALTAMIRA | B6: =ESTADISTICA!B5 -> ALT 08 | C6: =ESTADISTICA!C5 -> HUMAITA Y NECOCHEA | D6: =ESTADISTICA!D5 -> DOMO | E6: =ESTADISTICA!E5 -> Fibra Optica | F6: =ESTADISTICA!F5 -> 0 | G6: =ESTADISTICA!G5 -> 0 | H6: =ESTADISTICA!H5 -> 0 | ... AI6: =ESTADISTICA!AI5 -> 0
A7: =ESTADISTICA!A6 -> ALTAMIRA | B7: =ESTADISTICA!B6 -> ALT 09 | C7: =ESTADISTICA!C6 -> NECOCHEA Y CURUPAITY | D7: =ESTADISTICA!D6 -> DOMO | E7: =ESTADISTICA!E6 -> Fibra Optica | F7: =ESTADISTICA!F6 -> 0 | G7: =ESTADISTICA!G6 -> 0 | H7: =ESTADISTICA!H6 -> 0 | ... AI7: =ESTADISTICA!AI6 -> 0
A8: =ESTADISTICA!A7 -> ALTAMIRA | B8: =ESTADISTICA!B7 -> ALT 10 | C8: =ESTADISTICA!C7 -> Calchaqui y Francia | D8: =ESTADISTICA!D7 -> Domo | E8: =ESTADISTICA!E7 -> Radio | F8: =ESTADISTICA!F7 -> 0 | G8: =ESTADISTICA!G7 -> 0 | H8: =ESTADISTICA!H7 -> 0 | ... AI8: =ESTADISTICA!AI7 -> 0
A9: =ESTADISTICA!A8 -> ALTAMIRA | B9: =ESTADISTICA!B8 -> ALT01 | C9: =ESTADISTICA!C8 -> Calchaqui y Sgto. Cabral | D9: =ESTADISTICA!D8 -> Domo | E9: =ESTADISTICA!E8 -> Fibra Optica | F9: =ESTADISTICA!F8 -> 0 | G9: =ESTADISTICA!G8 -> 0 | H9: =ESTADISTICA!H8 -> 0 | ... AI9: =ESTADISTICA!AI8 -> 0
A10: =ESTADISTICA!A9 -> ALTAMIRA | B10: =ESTADISTICA!B9 -> ALT02 | C10: =ESTADISTICA!C9 -> Calchaqui y Lope de Vega | D10: =ESTADISTICA!D9 -> Domo | E10: =ESTADISTICA!E9 -> PTO A FO | F10: =ESTADISTICA!F9 -> 0 | G10: =ESTADISTICA!G9 -> 0 | H10: =ESTADISTICA!H9 -> 0 | ... AI10: =ESTADISTICA!AI9 -> 0
A11: =ESTADISTICA!A10 -> ALTAMIRA | B11: =ESTADISTICA!B10 -> ALT05 | C11: =ESTADISTICA!C10 -> Av. Calchaqui y Bombero Galarza | D11: =ESTADISTICA!D10 -> Domo | E11: =ESTADISTICA!E10 -> PTO A FO | F11: =ESTADISTICA!F10 -> 0 | G11: =ESTADISTICA!G10 -> 0 | H11: =ESTADISTICA!H10 -> 0 | ... AI11: =ESTADISTICA!AI10 -> 0
A12: =ESTADISTICA!A11 -> ALTAMIRA | B12: =ESTADISTICA!B11 -> ALT07 | C12: =ESTADISTICA!C11 -> AV. CALCHAQUI Y AV. DEL TRABAJO | D12: =ESTADISTICA!D11 -> DOMO | E12: =ESTADISTICA!E11 -> PTO A FO | F12: =ESTADISTICA!F11 -> 0 | G12: =ESTADISTICA!G11 -> 0 | H12: =ESTADISTICA!H11 -> 0 | ... AI12: =ESTADISTICA!AI11 -> 0
A13: =ESTADISTICA!A12 -> AGUSTIN RAMIREZ | B13: =ESTADISTICA!B12 -> ARA 01 | C13: =ESTADISTICA!C12 -> Malambo y Tranquera | D13: =ESTADISTICA!D12 -> Domo | E13: =ESTADISTICA!E12 -> FIBRA OPTICA | F13: =ESTADISTICA!F12 -> 0 | G13: =ESTADISTICA!G12 -> APAGADO | H13: =ESTADISTICA!H12 -> 0 | ... AI13: =ESTADISTICA!AI12 -> 0
... A401: =ESTADISTICA!A400 -> 0 | B401: =ESTADISTICA!B400 -> 0 | C401: =ESTADISTICA!C400 -> 0 | D401: =ESTADISTICA!D400 -> 0 | E401: =ESTADISTICA!E400 -> 0 | F401: =ESTADISTICA!F400 -> 0 | G401: =ESTADISTICA!G400 -> 0 | H401: =ESTADISTICA!H400 -> 0 | ... AI401: =ESTADISTICA!AI400 -> 0

Sheet APAGADOS FIBRA
C1: TOTAL FIBRA | D1: =COUNTIFS(E4:E400,"=Fibra Optica") -> 261
E2: APAGADOS | F2: =COUNTIFS(F4:F400, "=APAGADO",E4:E400,"=Fibra Optica") -> 31 | G2: =COUNTIFS(G4:G400, "=APAGADO",E4:E400,"=Fibra Optica") -> 35 | H2: =COUNTIFS(H4:H400, "=APAGADO",E4:E400,"=Fibra Optica") -> 25 | I2: =COUNTIFS(I4:I400, "=APAGADO",E4:E400,"=Fibra Optica") -> 28 | J2: =COUNTIFS(J4:J400, "=APAGADO",E4:E400,"=Fibra Optica") -> 25 | K2: =COUNTIFS(K4:K400, "=APAGADO",E4:E400,"=Fibra Optica") -> 44 | L2: =COUNTIFS(L4:L400, "=APAGADO",E4:E400,"=Fibra Optica") -> 66 | M2: =COUNTIFS(M4:M400, "=APAGADO",E4:E400,"=Fibra Optica") -> 43 | N2: =COUNTIFS(N4:N400, "=APAGADO",E4:E400,"=Fibra Optica") -> 45 | O2: =COUNTIFS(O4:O400, "=APAGADO",E4:E400,"=Fibra Optica") -> 48 | P2: =COUNTIFS(P4:P400, "=APAGADO",E4:E400,"=Fibra Optica") -> 33 | Q2: =COUNTIFS(Q4:Q400, "=APAGADO",E4:E400,"=Fibra Optica") -> 38 | R2: =COUNTIFS(R4:R400, "=APAGADO",E4:E400,"=Fibra Optica") -> 25 | S2: =COUNTIFS(S4:S400, "=APAGADO",E4:E400,"=Fibra Optica") -> 26 | T2: =COUNTIFS(T4:T400, "=APAGADO",E4:E400,"=Fibra Optica") -> 27 | U2: =COUNTIFS(U4:U400, "=APAGADO",E4:E400,"=Fibra Optica") -> 31 | V2: =COUNTIFS(V4:V400, "=APAGADO",E4:E400,"=Fibra Optica") -> 25 | W2: =COUNTIFS(W4:W400, "=APAGADO",E4:E400,"=Fibra Optica") -> 30 | X2: =COUNTIFS(X4:X400, "=APAGADO",E4:E400,"=Fibra Optica") -> 30 | Y2: =COUNTIFS(Y4:Y400, "=APAGADO",E4:E400,"=Fibra Optica") -> 28 | Z2: =COUNTIFS(Z4:Z400, "=APAGADO",E4:E400,"=Fibra Optica") -> 28 | AA2: =COUNTIFS(AA4:AA400, "=APAGADO",E4:E400,"=Fibra Optica") -> 27 | AB2: =COUNTIFS(AB4:AB400, "=APAGADO",E4:E400,"=Fibra Optica") -> 30 | AC2: =COUNTIFS(AC4:AC400, "=APAGADO",E4:E400,"=Fibra Optica") -> 25 | AD2: =COUNTIFS(AD4:AD400, "=APAGADO",E4:E400,"=Fibra Optica") -> 24 | AE2: =COUNTIFS(AE4:AE400, "=APAGADO",E4:E400,"=Fibra Optica") -> 25 | AF2: =COUNTIFS(AF4:AF400, "=APAGADO",E4:E400,"=Fibra Optica") -> 34 | AG2: =COUNTIFS(AG4:AG400, "=APAGADO",E4:E400,"=Fibra Optica") -> 31 | AH2: =COUNTIFS(AH4:AH400, "=APAGADO",E4:E400,"=Fibra Optica") -> 35 | AI2: =COUNTIFS(AI4:AI400, "=APAGADO",E4:E400,"=Fibra Optica") -> 0
A3: =ESTADISTICA!A1 -> Barrio | B3: =ESTADISTICA!B1 -> [Denominacion] | C3: =ESTADISTICA!C1 -> [Ubicacion] | D3: =ESTADISTICA!D1 -> [Tipo de Camara] | E3: =ESTADISTICA!E1 -> [Tipo de Conexion] | F3: =ESTADISTICA!F1 -> 44774 | G3: =ESTADISTICA!G1 -> 44775 | H3: =ESTADISTICA!H1 -> 44776 | ... AI3: =ESTADISTICA!AI1 -> 44803
A4: =ESTADISTICA!A2 -> ALTAMIRA | B4: =ESTADISTICA!B2 -> ALT 03 | C4: =ESTADISTICA!C2 -> Bombero Galarza y Necochea | D4: =ESTADISTICA!D2 -> Domo | E4: =ESTADISTICA!E2 -> FIBRA OPTICA | F4: =ESTADISTICA!F2 -> 0 | G4: =ESTADISTICA!G2 -> 0 | H4: =ESTADISTICA!H2 -> 0 | ... AI4: =ESTADISTICA!AI2 -> 0
A5: =ESTADISTICA!A3 -> ALTAMIRA | B5: =ESTADISTICA!B3 -> ALT 04 | C5: =ESTADISTICA!C3 -> Francia y Necochea | D5: =ESTADISTICA!D3 -> Domo | E5: =ESTADISTICA!E3 -> FIBRA OPTICA | F5: =ESTADISTICA!F3 -> 0 | G5: =ESTADISTICA!G3 -> 0 | H5: =ESTADISTICA!H3 -> 0 | ... AI5: =ESTADISTICA!AI3 -> 0
A6: =ESTADISTICA!A4 -> ALTAMIRA | B6: =ESTADISTICA!B4 -> ALT 06 | C6: =ESTADISTICA!C4 -> LOPE DE VEGA Y NECOCHEA | D6: =ESTADISTICA!D4 -> Domo | E6: =ESTADISTICA!E4 -> PTO A FO | F6: =ESTADISTICA!F4 -> 0 | G6: =ESTADISTICA!G4 -> 0 | H6: =ESTADISTICA!H4 -> 0 | ... AI6: =ESTADISTICA!AI4 -> 0
A7: =ESTADISTICA!A5 -> ALTAMIRA | B7: =ESTADISTICA!B5 -> ALT 08 | C7: =ESTADISTICA!C5 -> HUMAITA Y NECOCHEA | D7: =ESTADISTICA!D5 -> DOMO | E7: =ESTADISTICA!E5 -> Fibra Optica | F7: =ESTADISTICA!F5 -> 0 | G7: =ESTADISTICA!G5 -> 0 | H7: =ESTADISTICA!H5 -> 0 | ... AI7: =ESTADISTICA!AI5 -> 0
A8: =ESTADISTICA!A6 -> ALTAMIRA | B8: =ESTADISTICA!B6 -> ALT 09 | C8: =ESTADISTICA!C6 -> NECOCHEA Y CURUPAITY | D8: =ESTADISTICA!D6 -> DOMO | E8: =ESTADISTICA!E6 -> Fibra Optica | F8: =ESTADISTICA!F6 -> 0 | G8: =ESTADISTICA!G6 -> 0 | H8: =ESTADISTICA!H6 -> 0 | ... AI8: =ESTADISTICA!AI6 -> 0
A9: =ESTADISTICA!A7 -> ALTAMIRA | B9: =ESTADISTICA!B7 -> ALT 10 | C9: =ESTADISTICA!C7 -> Calchaqui y Francia | D9: =ESTADISTICA!D7 -> Domo | E9: =ESTADISTICA!E7 -> Radio | F9: =ESTADISTICA!F7 -> 0 | G9: =ESTADISTICA!G7 -> 0 | H9: =ESTADISTICA!H7 -> 0 | ... AI9: =ESTADISTICA!AI7 -> 0
A10: =ESTADISTICA!A8 -> ALTAMIRA | B10: =ESTADISTICA!B8 -> ALT01 | C10: =ESTADISTICA!C8 -> Calchaqui y Sgto. Cabral | D10: =ESTADISTICA!D8 -> Domo | E10: =ESTADISTICA!E8 -> Fibra Optica | F10: =ESTADISTICA!F8 -> 0 | G10: =ESTADISTICA!G8 -> 0 | H10: =ESTADISTICA!H8 -> 0 | ... AI10: =ESTADISTICA!AI8 -> 0
A11: =ESTADISTICA!A9 -> ALTAMIRA | B11: =ESTADISTICA!B9 -> ALT02 | C11: =ESTADISTICA!C9 -> Calchaqui y Lope de Vega | D11: =ESTADISTICA!D9 -> Domo | E11: =ESTADISTICA!E9 -> PTO A FO | F11: =ESTADISTICA!F9 -> 0 | G11: =ESTADISTICA!G9 -> 0 | H11: =ESTADISTICA!H9 -> 0 | ... AI11: =ESTADISTICA!AI9 -> 0
A12: =ESTADISTICA!A10 -> ALTAMIRA | B12: =ESTADISTICA!B10 -> ALT05 | C12: =ESTADISTICA!C10 -> Av. Calchaqui y Bombero Galarza | D12: =ESTADISTICA!D10 -> Domo | E12: =ESTADISTICA!E10 -> PTO A FO | F12: =ESTADISTICA!F10 -> 0 | G12: =ESTADISTICA!G10 -> 0 | H12: =ESTADISTICA!H10 -> 0 | ... AI12: =ESTADISTICA!AI10 -> 0
A13: =ESTADISTICA!A11 -> ALTAMIRA | B13: =ESTADISTICA!B11 -> ALT07 | C13: =ESTADISTICA!C11 -> AV. CALCHAQUI Y AV. DEL TRABAJO | D13: =ESTADISTICA!D11 -> DOMO | E13: =ESTADISTICA!E11 -> PTO A FO | F13: =ESTADISTICA!F11 -> 0 | G13: =ESTADISTICA!G11 -> 0 | H13: =ESTADISTICA!H11 -> 0 | ... AI13: =ESTADISTICA!AI11 -> 0
A14: =ESTADISTICA!A12 -> AGUSTIN RAMIREZ | B14: =ESTADISTICA!B12 -> ARA 01 | C14: =ESTADISTICA!C12 -> Malambo y Tranquera | D14: =ESTADISTICA!D12 -> Domo | E14: =ESTADISTICA!E12 -> FIBRA OPTICA | F14: =ESTADISTICA!F12 -> 0 | G14: =ESTADISTICA!G12 -> APAGADO | H14: =ESTADISTICA!H12 -> 0 | ... AI14: =ESTADISTICA!AI12 -> 0
... A400: =ESTADISTICA!A398 -> 0 | B400: =ESTADISTICA!B398 -> 0 | C400: =ESTADISTICA!C398 -> 0 | D400: =ESTADISTICA!D398 -> 0 | E400: =ESTADISTICA!E398 -> 0 | F400: =ESTADISTICA!F398 -> 0 | G400: =ESTADISTICA!G398 -> 0 | H400: =ESTADISTICA!H398 -> 0 | ... AI400: =ESTADISTICA!AI398 -> 0

Sheet APAGADOS ANTENA
C1: TOTAL PTO A FO
E2: APAGADOS | F2: =COUNTIFS(F4:F400, "=APAGADO",E4:E400,"=PTO A FO") -> 3 | G2: =COUNTIFS(G4:G400, "=APAGADO",E4:E400,"=PTO A FO") -> 2 | H2: =COUNTIFS(H4:H400, "=APAGADO",E4:E400,"=PTO A FO") -> 3 | I2: =COUNTIFS(I4:I400, "=APAGADO",E4:E400,"=PTO A FO") -> 3 | J2: =COUNTIFS(J4:J400, "=APAGADO",E4:E400,"=PTO A FO") -> 2 | K2: =COUNTIFS(K4:K400, "=APAGADO",E4:E400,"=PTO A FO") -> 3 | L2: =COUNTIFS(L4:L400, "=APAGADO",E4:E400,"=PTO A FO") -> 2 | M2: =COUNTIFS(M4:M400, "=APAGADO",E4:E400,"=PTO A FO") -> 2 | N2: =COUNTIFS(N4:N400, "=APAGADO",E4:E400,"=PTO A FO") -> 2 | O2: =COUNTIFS(O4:O500, "=APAGADO",E4:E500,"=PTO A FO") -> 10 | P2: =COUNTIFS(P4:P400, "=APAGADO",E4:E400,"=PTO A FO") -> 1 | Q2: =COUNTIFS(Q4:Q400, "=APAGADO",E4:E400,"=PTO A FO") -> 2 | R2: =COUNTIFS(R4:R400, "=APAGADO",E4:E400,"=PTO A FO") -> 0 | S2: =COUNTIFS(S4:S400, "=APAGADO",E4:E400,"=PTO A FO") -> 1 | T2: =COUNTIFS(T4:T400, "=APAGADO",E4:E400,"=PTO A FO") -> 3 | U2: =COUNTIFS(U4:U400, "=APAGADO",E4:E400,"=PTO A FO") -> 2 | V2: =COUNTIFS(V4:V400, "=APAGADO",E4:E400,"=PTO A FO") -> 2 | W2: =COUNTIFS(W4:W400, "=APAGADO",E4:E400,"=PTO A FO") -> 2 | X2: =COUNTIFS(X4:X400, "=APAGADO",E4:E400,"=PTO A FO") -> 2 | Y2: =COUNTIFS(Y4:Y400, "=APAGADO",E4:E400,"=PTO A FO") -> 3 | Z2: =COUNTIFS(Z4:Z400, "=APAGADO",E4:E400,"=PTO A FO") -> 3 | AA2: =COUNTIFS(AA4:AA400, "=APAGADO",E4:E400,"=PTO A FO") -> 2 | AB2: =COUNTIFS(AB4:AB400, "=APAGADO",E4:E400,"=PTO A FO") -> 2 | AC2: =COUNTIFS(AC4:AC400, "=APAGADO",E4:E400,"=PTO A FO") -> 1 | AD2: =COUNTIFS(AD4:AD400, "=APAGADO",E4:E400,"=PTO A FO") -> 2 | AE2: =COUNTIFS(AE4:AE400, "=APAGADO",E4:E400,"=PTO A FO") -> 2 | AF2: =COUNTIFS(AF4:AF400, "=APAGADO",E4:E400,"=PTO A FO") -> 4 | AG2: =COUNTIFS(AG4:AG400, "=APAGADO",E4:E400,"=PTO A FO") -> 3 | AH2: =COUNTIFS(AH4:AH400, "=APAGADO",E4:E400,"=PTO A FO") -> 2 | AI2: =COUNTIFS(AI4:AI400, "=APAGADO",E4:E400,"=PTO A FO") -> 0
A3: =ESTADISTICA!A1 -> Barrio | B3: =ESTADISTICA!B1 -> [Denominacion] | C3: =ESTADISTICA!C1 -> [Ubicacion] | D3: =ESTADISTICA!D1 -> [Tipo de Camara] | E3: =ESTADISTICA!E1 -> [Tipo de Conexion] | F3: =ESTADISTICA!F1 -> 44774 | G3: =ESTADISTICA!G1 -> 44775 | H3: =ESTADISTICA!H1 -> 44776 | ... AI3: =ESTADISTICA!AI1 -> 44803
A4: =ESTADISTICA!A2 -> ALTAMIRA | B4: =ESTADISTICA!B2 -> ALT 03 | C4: =ESTADISTICA!C2 -> Bombero Galarza y Necochea | D4: =ESTADISTICA!D2 -> Domo | E4: =ESTADISTICA!E2 -> FIBRA OPTICA | F4: =ESTADISTICA!F2 -> 0 | G4: =ESTADISTICA!G2 -> 0 | H4: =ESTADISTICA!H2 -> 0 | ... AI4: =ESTADISTICA!AI2 -> 0
A5: =ESTADISTICA!A3 -> ALTAMIRA | B5: =ESTADISTICA!B3 -> ALT 04 | C5: =ESTADISTICA!C3 -> Francia y Necochea | D5: =ESTADISTICA!D3 -> Domo | E5: =ESTADISTICA!E3 -> FIBRA OPTICA | F5: =ESTADISTICA!F3 -> 0 | G5: =ESTADISTICA!G3 -> 0 | H5: =ESTADISTICA!H3 -> 0 | ... AI5: =ESTADISTICA!AI3 -> 0
A6: =ESTADISTICA!A4 -> ALTAMIRA | B6: =ESTADISTICA!B4 -> ALT 06 | C6: =ESTADISTICA!C4 -> LOPE DE VEGA Y NECOCHEA | D6: =ESTADISTICA!D4 -> Domo | E6: =ESTADISTICA!E4 -> PTO A FO | F6: =ESTADISTICA!F4 -> 0 | G6: =ESTADISTICA!G4 -> 0 | H6: =ESTADISTICA!H4 -> 0 | ... AI6: =ESTADISTICA!AI4 -> 0
A7: =ESTADISTICA!A5 -> ALTAMIRA | B7: =ESTADISTICA!B5 -> ALT 08 | C7: =ESTADISTICA!C5 -> HUMAITA Y NECOCHEA | D7: =ESTADISTICA!D5 -> DOMO | E7: =ESTADISTICA!E5 -> Fibra Optica | F7: =ESTADISTICA!F5 -> 0 | G7: =ESTADISTICA!G5 -> 0 | H7: =ESTADISTICA!H5 -> 0 | ... AI7: =ESTADISTICA!AI5 -> 0
A8: =ESTADISTICA!A6 -> ALTAMIRA | B8: =ESTADISTICA!B6 -> ALT 09 | C8: =ESTADISTICA!C6 -> NECOCHEA Y CURUPAITY | D8: =ESTADISTICA!D6 -> DOMO | E8: =ESTADISTICA!E6 -> Fibra Optica | F8: =ESTADISTICA!F6 -> 0 | G8: =ESTADISTICA!G6 -> 0 | H8: =ESTADISTICA!H6 -> 0 | ... AI8: =ESTADISTICA!AI6 -> 0
A9: =ESTADISTICA!A7 -> ALTAMIRA | B9: =ESTADISTICA!B7 -> ALT 10 | C9: =ESTADISTICA!C7 -> Calchaqui y Francia | D9: =ESTADISTICA!D7 -> Domo | E9: =ESTADISTICA!E7 -> Radio | F9: =ESTADISTICA!F7 -> 0 | G9: =ESTADISTICA!G7 -> 0 | H9: =ESTADISTICA!H7 -> 0 | ... AI9: =ESTADISTICA!AI7 -> 0
A10: =ESTADISTICA!A8 -> ALTAMIRA | B10: =ESTADISTICA!B8 -> ALT01 | C10: =ESTADISTICA!C8 -> Calchaqui y Sgto. Cabral | D10: =ESTADISTICA!D8 -> Domo | E10: =ESTADISTICA!E8 -> Fibra Optica | F10: =ESTADISTICA!F8 -> 0 | G10: =ESTADISTICA!G8 -> 0 | H10: =ESTADISTICA!H8 -> 0 | ... AI10: =ESTADISTICA!AI8 -> 0
A11: =ESTADISTICA!A9 -> ALTAMIRA | B11: =ESTADISTICA!B9 -> ALT02 | C11: =ESTADISTICA!C9 -> Calchaqui y Lope de Vega | D11: =ESTADISTICA!D9 -> Domo | E11: =ESTADISTICA!E9 -> PTO A FO | F11: =ESTADISTICA!F9 -> 0 | G11: =ESTADISTICA!G9 -> 0 | H11: =ESTADISTICA!H9 -> 0 | ... AI11: =ESTADISTICA!AI9 -> 0
A12: =ESTADISTICA!A10 -> ALTAMIRA | B12: =ESTADISTICA!B10 -> ALT05 | C12: =ESTADISTICA!C10 -> Av. Calchaqui y Bombero Galarza | D12: =ESTADISTICA!D10 -> Domo | E12: =ESTADISTICA!E10 -> PTO A FO | F12: =ESTADISTICA!F10 -> 0 | G12: =ESTADISTICA!G10 -> 0 | H12: =ESTADISTICA!H10 -> 0 | ... AI12: =ESTADISTICA!AI10 -> 0
A13: =ESTADISTICA!A11 -> ALTAMIRA | B13: =ESTADISTICA!B11 -> ALT07 | C13: =ESTADISTICA!C11 -> AV. CALCHAQUI Y AV. DEL TRABAJO | D13: =ESTADISTICA!D11 -> DOMO | E13: =ESTADISTICA!E11 -> PTO A FO | F13: =ESTADISTICA!F11 -> 0 | G13: =ESTADISTICA!G11 -> 0 | H13: =ESTADISTICA!H11 -> 0 | ... AI13: =ESTADISTICA!AI11 -> 0
A14: =ESTADISTICA!A12 -> AGUSTIN RAMIREZ | B14: =ESTADISTICA!B12 -> ARA 01 | C14: =ESTADISTICA!C12 -> Malambo y Tranquera | D14: =ESTADISTICA!D12 -> Domo | E14: =ESTADISTICA!E12 -> FIBRA OPTICA | F14: =ESTADISTICA!F12 -> 0 | G14: =ESTADISTICA!G12 -> APAGADO | H14: =ESTADISTICA!H12 -> 0 | ... AI14: =ESTADISTICA!AI12 -> 0
... A278: =ESTADISTICA!A276 -> SAN JORGE | B278: =ESTADISTICA!B276 -> SJO07 (fija 1) | C278: =ESTADISTICA!C276 -> 503 Y 556 | D278: =ESTADISTICA!D276 -> Fija | E278: =ESTADISTICA!E276 -> Fibra Optica | F278: =ESTADISTICA!F276 -> 0 | G278: =ESTADISTICA!G276 -> 0 | H278: =ESTADISTICA!H276 -> 0 | ... AI278: =ESTADISTICA!AI276 -> 0
B279: =ESTADISTICA!B277 -> SJO08 (fija 2) | C279: =ESTADISTICA!C277 -> 503 Y 556 | D279: =ESTADISTICA!D277 -> Fija | E279: =ESTADISTICA!E277 -> Fibra Optica | F279: =ESTADISTICA!F277 -> 0 | G279: =ESTADISTICA!G277 -> 0 | H279: =ESTADISTICA!H277 -> 0 | I279: =ESTADISTICA!I277 -> 0 | ... AI279: =ESTADISTICA!AI277 -> 0
A280: =ESTADISTICA!A278 -> SANTO TOMAS | B280: =ESTADISTICA!B278 -> SJU01 | C280: =ESTADISTICA!C278 -> Ruta 36 y Pte.Peron | D280: =ESTADISTICA!D278 -> Domo | E280: =ESTADISTICA!E278 -> Radio | F280: =ESTADISTICA!F278 -> 0 | G280: =ESTADISTICA!G278 -> 0 | H280: =ESTADISTICA!H278 -> 0 | ... AI280: =ESTADISTICA!AI278 -> 0
A281: =ESTADISTICA!A279 -> VILLA GENERAL SAN MARTIN | B281: =ESTADISTICA!B279 -> SMA 03 | C281: =ESTADISTICA!C279 -> ROSARIO Y SAN NICOLAS | D281: =ESTADISTICA!D279 -> Domo | E281: =ESTADISTICA!E279 -> Radio | F281: =ESTADISTICA!F279 -> 0 | G281: =ESTADISTICA!G279 -> 0 | H281: =ESTADISTICA!H279 -> 0 | ... AI281: =ESTADISTICA!AI279 -> 0
A282: =ESTADISTICA!A280 -> VILLA GENERAL SAN MARTIN | B282: =ESTADISTICA!B280 -> SMA 04 | C282: =ESTADISTICA!C280 -> HUDSON Y MONTEVIDEO | D282: =ESTADISTICA!D280 -> FIJA | E282: =ESTADISTICA!E280 -> Radio | F282: =ESTADISTICA!F280 -> 0 | G282: =ESTADISTICA!G280 -> 0 | H282: =ESTADISTICA!H280 -> 0 | ... AI282: =ESTADISTICA!AI280 -> 0
A283: =ESTADISTICA!A281 -> VILLA GENERAL SAN MARTIN | B283: =ESTADISTICA!B281 -> SMA 06 | C283: =ESTADISTICA!C281 -> AV. HUDSON Y RIO IGUAZU | D283: =ESTADISTICA!D281 -> DOMO | E283: =ESTADISTICA!E281 -> Fibra Optica | F283: =ESTADISTICA!F281 -> 0 | G283: =ESTADISTICA!G281 -> 0 | H283: =ESTADISTICA!H281 -> 0 | ... AI283: =ESTADISTICA!AI281 -> 0
A284: =ESTADISTICA!A282 -> VILLA GENERAL SAN MARTIN | B284: =ESTADISTICA!B282 -> SMA 07 | C284: =ESTADISTICA!C282 -> AV. HUDSON Y RIO TURBIO | D284: =ESTADISTICA!D282 -> DOMO | E284: =ESTADISTICA!E282 -> Fibra Optica | F284: =ESTADISTICA!F282 -> 0 | G284: =ESTADISTICA!G282 -> 0 | H284: =ESTADISTICA!H282 -> 0 | ... AI284: =ESTADISTICA!AI282 -> 0
A285: =ESTADISTICA!A283 -> VILLA GENERAL SAN MARTIN | B285: =ESTADISTICA!B283 -> SMA01 | C285: =ESTADISTICA!C283 -> Hudson y Montevideo | D285: =ESTADISTICA!D283 -> DOMO | E285: =ESTADISTICA!E283 -> Radio | F285: =ESTADISTICA!F283 -> 0 | G285: =ESTADISTICA!G283 -> 0 | H285: =ESTADISTICA!H283 -> 0 | ... AI285: =ESTADISTICA!AI283 -> 0
A286: =ESTADISTICA!A284 -> VILLA GENERAL SAN MARTIN | B286: =ESTADISTICA!B284 -> SMA02 | C286: =ESTADISTICA!C284 -> Hudson y San Nicolas | D286: =ESTADISTICA!D284 -> Domo | E286: =ESTADISTICA!E284 -> Radio | F286: =ESTADISTICA!F284 -> 0 | G286: =ESTADISTICA!G284 -> 0 | H286: =ESTADISTICA!H284 -> 0 | ... AI286: =ESTADISTICA!AI284 -> 0
A287: =ESTADISTICA!A285 -> VILLA GENERAL SAN MARTIN | B287: =ESTADISTICA!B285 -> SMA05 | C287: =ESTADISTICA!C285 -> MONTEVIDEO Y VILLEGAS | D287: =ESTADISTICA!D285 -> DOMO | E287: =ESTADISTICA!E285 -> PTO A FO | F287: =ESTADISTICA!F285 -> 0 | G287: =ESTADISTICA!G285 -> 0 | H287: =ESTADISTICA!H285 -> 0 | ... AI287: =ESTADISTICA!AI285 -> 0
A288: =ESTADISTICA!A286 -> SAN NICOLAS | B288: =ESTADISTICA!B286 -> SNI 03 (fija 1) | C288: =ESTADISTICA!C286 -> SARRATEA Y LOS TREBOLES | D288: =ESTADISTICA!D286 -> Fija | E288: =ESTADISTICA!E286 -> Fibra Optica | F288: =ESTADISTICA!F286 -> APAGADO | G288: =ESTADISTICA!G286 -> APAGADO | H288: =ESTADISTICA!H286 -> 0 | ... AI288: =ESTADISTICA!AI286 -> 0
A289: =ESTADISTICA!A287 -> SAN NICOLAS | B289: =ESTADISTICA!B287 -> SNI 04 (fija 2) | C289: =ESTADISTICA!C287 -> SARRATEA Y LOS TREBOLES | D289: =ESTADISTICA!D287 -> Fija | E289: =ESTADISTICA!E287 -> Fibra Optica | F289: =ESTADISTICA!F287 -> APAGADO | G289: =ESTADISTICA!G287 -> APAGADO | H289: =ESTADISTICA!H287 -> 0 | ... AI289: =ESTADISTICA!AI287 -> 0
A290: =ESTADISTICA!A288 -> SAN NICOLAS | B290: =ESTADISTICA!B288 -> SNI01 (fija 1) | C290: =ESTADISTICA!C288 -> SARRATEA E/ EEUU DE A. Y AGRELO | D290: =ESTADISTICA!D288 -> Fija | E290: =ESTADISTICA!E288 -> Fibra Optica | F290: =ESTADISTICA!F288 -> APAGADO | G290: =ESTADISTICA!G288 -> APAGADO | H290: =ESTADISTICA!H288 -> 0 | ... AI290: =ESTADISTICA!AI288 -> 0
A291: =ESTADISTICA!A289 -> SAN NICOLAS | B291: =ESTADISTICA!B289 -> SNI02 (fija 2) | C291: =ESTADISTICA!C289 -> SARRATEA E/ EEUU DE A. Y AGRELO | D291: =ESTADISTICA!D289 -> Fija | E291: =ESTADISTICA!E289 -> Fibra Optica | F291: =ESTADISTICA!F289 -> APAGADO | G291: =ESTADISTICA!G289 -> APAGADO | H291: =ESTADISTICA!H289 -> 0 | ... AI291: =ESTADISTICA!AI289 -> 0
... A454: =ESTADISTICA!A452 -> 0 | B454: =ESTADISTICA!B452 -> 0 | C454: =ESTADISTICA!C452 -> 0 | D454: =ESTADISTICA!D452 -> 0 | E454: =ESTADISTICA!E452 -> 0 | F454: =ESTADISTICA!F452 -> 0 | G454: =ESTADISTICA!G452 -> 0 | H454: =ESTADISTICA!H452 -> 0 | ... AI454: =ESTADISTICA!AI452 -> 0

Sheet APAGADOS RADIO
C1: TOTAL RADIO | D1: =COUNTIFS(E4:E400,"=radio") -> 94
E2: APAGADOS | F2: =COUNTIFS(F4:F500, "=APAGADO",E4:E500,"=radio") -> 4 | G2: =COUNTIFS(G4:G500, "=APAGADO",E4:E500,"=radio") -> 4 | H2: =COUNTIFS(H4:H500, "=APAGADO",E4:E500,"=radio") -> 3 | I2: =COUNTIFS(I4:I500, "=APAGADO",E4:E500,"=radio") -> 3 | J2: =COUNTIFS(J4:J500, "=APAGADO",E4:E500,"=radio") -> 3 | K2: =COUNTIFS(K4:K500, "=APAGADO",E4:E500,"=radio") -> 5 | L2: =COUNTIFS(L4:L500, "=APAGADO",E4:E500,"=radio") -> 5 | M2: =COUNTIFS(M4:M500, "=APAGADO",E4:E500,"=radio") -> 5 | N2: =COUNTIFS(N4:N500, "=APAGADO",E4:E500,"=radio") -> 4 | O2: =COUNTIFS(O4:O500, "=APAGADO",E4:E500,"=radio") -> 6 | P2: =COUNTIFS(P4:P500, "=APAGADO",E4:E500,"=radio") -> 4 | Q2: =COUNTIFS(Q4:Q367, "=APAGADO",E4:E367,"=radio") -> 4 | R2: =COUNTIFS(R4:R367, "=APAGADO",E4:E367,"=radio") -> 3 | S2: =COUNTIFS(S4:S367, "=APAGADO",E4:E367,"=radio") -> 4 | T2: =COUNTIFS(T4:T367, "=APAGADO",E4:E367,"=radio") -> 4 | U2: =COUNTIFS(U4:U367, "=APAGADO",E4:E367,"=radio") -> 3 | V2: =COUNTIFS(V4:V367, "=APAGADO",E4:E367,"=radio") -> 3 | W2: =COUNTIFS(W4:W367, "=APAGADO",E4:E367,"=radio") -> 3 | X2: =COUNTIFS(X4:X367, "=APAGADO",E4:E367,"=radio") -> 3 | Y2: =COUNTIFS(Y4:Y367, "=APAGADO",E4:E367,"=radio") -> 4 | Z2: =COUNTIFS(Z4:Z367, "=APAGADO",E4:E367,"=radio") -> 4 | AA2: =COUNTIFS(AA4:AA367, "=APAGADO",E4:E367,"=radio") -> 4 | AB2: =COUNTIFS(AB4:AB367, "=APAGADO",E4:E367,"=radio") -> 4 | AC2: =COUNTIFS(AC4:AC367, "=APAGADO",E4:E367,"=radio") -> 4 | AD2: =COUNTIFS(AD4:AD367, "=APAGADO",E4:E367,"=radio") -> 4 | AE2: =COUNTIFS(AE4:AE367, "=APAGADO",E4:E367,"=radio") -> 6 | AF2: =COUNTIFS(AF4:AF367, "=APAGADO",E4:E367,"=radio") -> 4 | AG2: =COUNTIFS(AG4:AG367, "=APAGADO",E4:E367,"=radio") -> 4 | AH2: =COUNTIFS(AH4:AH400, "=APAGADO",E4:E400,"=radio") -> 5 | AI2: =COUNTIFS(AI4:AI367, "=APAGADO",E4:E367,"=radio") -> 0
A3: =ESTADISTICA!A1 -> Barrio | B3: =ESTADISTICA!B1 -> [Denominacion] | C3: =ESTADISTICA!C1 -> [Ubicacion] | D3: =ESTADISTICA!D1 -> [Tipo de Camara] | E3: =ESTADISTICA!E1 -> [Tipo de Conexion] | F3: =ESTADISTICA!F1 -> 44774 | G3: =ESTADISTICA!G1 -> 44775 | H3: =ESTADISTICA!H1 -> 44776 | ... AI3: =ESTADISTICA!AI1 -> 44803
A4: =ESTADISTICA!A2 -> ALTAMIRA | B4: =ESTADISTICA!B2 -> ALT 03 | C4: =ESTADISTICA!C2 -> Bombero Galarza y Necochea | D4: =ESTADISTICA!D2 -> Domo | E4: =ESTADISTICA!E2 -> FIBRA OPTICA | F4: =ESTADISTICA!F2 -> 0 | G4: =ESTADISTICA!G2 -> 0 | H4: =ESTADISTICA!H2 -> 0 | ... AI4: =ESTADISTICA!AI2 -> 0
A5: =ESTADISTICA!A3 -> ALTAMIRA | B5: =ESTADISTICA!B3 -> ALT 04 | C5: =ESTADISTICA!C3 -> Francia y Necochea | D5: =ESTADISTICA!D3 -> Domo | E5: =ESTADISTICA!E3 -> FIBRA OPTICA | F5: =ESTADISTICA!F3 -> 0 | G5: =ESTADISTICA!G3 -> 0 | H5: =ESTADISTICA!H3 -> 0 | ... AI5: =ESTADISTICA!AI3 -> 0
A6: =ESTADISTICA!A4 -> ALTAMIRA | B6: =ESTADISTICA!B4 -> ALT 06 | C6: =ESTADISTICA!C4 -> LOPE DE VEGA Y NECOCHEA | D6: =ESTADISTICA!D4 -> Domo | E6: =ESTADISTICA!E4 -> PTO A FO | F6: =ESTADISTICA!F4 -> 0 | G6: =ESTADISTICA!G4 -> 0 | H6: =ESTADISTICA!H4 -> 0 | ... AI6: =ESTADISTICA!AI4 -> 0
A7: =ESTADISTICA!A5 -> ALTAMIRA | B7: =ESTADISTICA!B5 -> ALT 08 | C7: =ESTADISTICA!C5 -> HUMAITA Y NECOCHEA | D7: =ESTADISTICA!D5 -> DOMO | E7: =ESTADISTICA!E5 -> Fibra Optica | F7: =ESTADISTICA!F5 -> 0 | G7: =ESTADISTICA!G5 -> 0 | H7: =ESTADISTICA!H5 -> 0 | ... AI7: =ESTADISTICA!AI5 -> 0
A8: =ESTADISTICA!A6 -> ALTAMIRA | B8: =ESTADISTICA!B6 -> ALT 09 | C8: =ESTADISTICA!C6 -> NECOCHEA Y CURUPAITY | D8: =ESTADISTICA!D6 -> DOMO | E8: =ESTADISTICA!E6 -> Fibra Optica | F8: =ESTADISTICA!F6 -> 0 | G8: =ESTADISTICA!G6 -> 0 | H8: =ESTADISTICA!H6 -> 0 | ... AI8: =ESTADISTICA!AI6 -> 0
A9: =ESTADISTICA!A7 -> ALTAMIRA | B9: =ESTADISTICA!B7 -> ALT 10 | C9: =ESTADISTICA!C7 -> Calchaqui y Francia | D9: =ESTADISTICA!D7 -> Domo | E9: =ESTADISTICA!E7 -> Radio | F9: =ESTADISTICA!F7 -> 0 | G9: =ESTADISTICA!G7 -> 0 | H9: =ESTADISTICA!H7 -> 0 | ... AI9: =ESTADISTICA!AI7 -> 0
A10: =ESTADISTICA!A8 -> ALTAMIRA | B10: =ESTADISTICA!B8 -> ALT01 | C10: =ESTADISTICA!C8 -> Calchaqui y Sgto. Cabral | D10: =ESTADISTICA!D8 -> Domo | E10: =ESTADISTICA!E8 -> Fibra Optica | F10: =ESTADISTICA!F8 -> 0 | G10: =ESTADISTICA!G8 -> 0 | H10: =ESTADISTICA!H8 -> 0 | ... AI10: =ESTADISTICA!AI8 -> 0
A11: =ESTADISTICA!A9 -> ALTAMIRA | B11: =ESTADISTICA!B9 -> ALT02 | C11: =ESTADISTICA!C9 -> Calchaqui y Lope de Vega | D11: =ESTADISTICA!D9 -> Domo | E11: =ESTADISTICA!E9 -> PTO A FO | F11: =ESTADISTICA!F9 -> 0 | G11: =ESTADISTICA!G9 -> 0 | H11: =ESTADISTICA!H9 -> 0 | ... AI11: =ESTADISTICA!AI9 -> 0
A12: =ESTADISTICA!A10 -> ALTAMIRA | B12: =ESTADISTICA!B10 -> ALT05 | C12: =ESTADISTICA!C10 -> Av. Calchaqui y Bombero Galarza | D12: =ESTADISTICA!D10 -> Domo | E12: =ESTADISTICA!E10 -> PTO A FO | F12: =ESTADISTICA!F10 -> 0 | G12: =ESTADISTICA!G10 -> 0 | H12: =ESTADISTICA!H10 -> 0 | ... AI12: =ESTADISTICA!AI10 -> 0
A13: =ESTADISTICA!A11 -> ALTAMIRA | B13: =ESTADISTICA!B11 -> ALT07 | C13: =ESTADISTICA!C11 -> AV. CALCHAQUI Y AV. DEL TRABAJO | D13: =ESTADISTICA!D11 -> DOMO | E13: =ESTADISTICA!E11 -> PTO A FO | F13: =ESTADISTICA!F11 -> 0 | G13: =ESTADISTICA!G11 -> 0 | H13: =ESTADISTICA!H11 -> 0 | ... AI13: =ESTADISTICA!AI11 -> 0
A14: =ESTADISTICA!A12 -> AGUSTIN RAMIREZ | B14: =ESTADISTICA!B12 -> ARA 01 | C14: =ESTADISTICA!C12 -> Malambo y Tranquera | D14: =ESTADISTICA!D12 -> Domo | E14: =ESTADISTICA!E12 -> FIBRA OPTICA | F14: =ESTADISTICA!F12 -> 0 | G14: =ESTADISTICA!G12 -> APAGADO | H14: =ESTADISTICA!H12 -> 0 | ... AI14: =ESTADISTICA!AI12 -> 0
... A278: =ESTADISTICA!A276 -> SAN JORGE | B278: =ESTADISTICA!B276 -> SJO07 (fija 1) | C278: =ESTADISTICA!C276 -> 503 Y 556 | D278: =ESTADISTICA!D276 -> Fija | E278: =ESTADISTICA!E276 -> Fibra Optica | F278: =ESTADISTICA!F276 -> 0 | G278: =ESTADISTICA!G276 -> 0 | H278: =ESTADISTICA!H276 -> 0 | ... AI278: =ESTADISTICA!AI276 -> 0
B279: =ESTADISTICA!B277 -> SJO08 (fija 2) | C279: =ESTADISTICA!C277 -> 503 Y 556 | D279: =ESTADISTICA!D277 -> Fija | E279: =ESTADISTICA!E277 -> Fibra Optica | F279: =ESTADISTICA!F277 -> 0 | G279: =ESTADISTICA!G277 -> 0 | H279: =ESTADISTICA!H277 -> 0 | I279: =ESTADISTICA!I277 -> 0 | ... AI279: =ESTADISTICA!AI277 -> 0
A280: =ESTADISTICA!A278 -> SANTO TOMAS | B280: =ESTADISTICA!B278 -> SJU01 | C280: =ESTADISTICA!C278 -> Ruta 36 y Pte.Peron | D280: =ESTADISTICA!D278 -> Domo | E280: =ESTADISTICA!E278 -> Radio | F280: =ESTADISTICA!F278 -> 0 | G280: =ESTADISTICA!G278 -> 0 | H280: =ESTADISTICA!H278 -> 0 | ... AI280: =ESTADISTICA!AI278 -> 0
A281: =ESTADISTICA!A279 -> VILLA GENERAL SAN MARTIN | B281: =ESTADISTICA!B279 -> SMA 03 | C281: =ESTADISTICA!C279 -> ROSARIO Y SAN NICOLAS | D281: =ESTADISTICA!D279 -> Domo | E281: =ESTADISTICA!E279 -> Radio | F281: =ESTADISTICA!F279 -> 0 | G281: =ESTADISTICA!G279 -> 0 | H281: =ESTADISTICA!H279 -> 0 | ... AI281: =ESTADISTICA!AI279 -> 0
A282: =ESTADISTICA!A280 -> VILLA GENERAL SAN MARTIN | B282: =ESTADISTICA!B280 -> SMA 04 | C282: =ESTADISTICA!C280 -> HUDSON Y MONTEVIDEO | D282: =ESTADISTICA!D280 -> FIJA | E282: =ESTADISTICA!E280 -> Radio | F282: =ESTADISTICA!F280 -> 0 | G282: =ESTADISTICA!G280 -> 0 | H282: =ESTADISTICA!H280 -> 0 | ... AI282: =ESTADISTICA!AI280 -> 0
A283: =ESTADISTICA!A281 -> VILLA GENERAL SAN MARTIN | B283: =ESTADISTICA!B281 -> SMA 06 | C283: =ESTADISTICA!C281 -> AV. HUDSON Y RIO IGUAZU | D283: =ESTADISTICA!D281 -> DOMO | E283: =ESTADISTICA!E281 -> Fibra Optica | F283: =ESTADISTICA!F281 -> 0 | G283: =ESTADISTICA!G281 -> 0 | H283: =ESTADISTICA!H281 -> 0 | ... AI283: =ESTADISTICA!AI281 -> 0
A284: =ESTADISTICA!A282 -> VILLA GENERAL SAN MARTIN | B284: =ESTADISTICA!B282 -> SMA 07 | C284: =ESTADISTICA!C282 -> AV. HUDSON Y RIO TURBIO | D284: =ESTADISTICA!D282 -> DOMO | E284: =ESTADISTICA!E282 -> Fibra Optica | F284: =ESTADISTICA!F282 -> 0 | G284: =ESTADISTICA!G282 -> 0 | H284: =ESTADISTICA!H282 -> 0 | ... AI284: =ESTADISTICA!AI282 -> 0
A285: =ESTADISTICA!A283 -> VILLA GENERAL SAN MARTIN | B285: =ESTADISTICA!B283 -> SMA01 | C285: =ESTADISTICA!C283 -> Hudson y Montevideo | D285: =ESTADISTICA!D283 -> DOMO | E285: =ESTADISTICA!E283 -> Radio | F285: =ESTADISTICA!F283 -> 0 | G285: =ESTADISTICA!G283 -> 0 | H285: =ESTADISTICA!H283 -> 0 | ... AI285: =ESTADISTICA!AI283 -> 0
A286: =ESTADISTICA!A284 -> VILLA GENERAL SAN MARTIN | B286: =ESTADISTICA!B284 -> SMA02 | C286: =ESTADISTICA!C284 -> Hudson y San Nicolas | D286: =ESTADISTICA!D284 -> Domo | E286: =ESTADISTICA!E284 -> Radio | F286: =ESTADISTICA!F284 -> 0 | G286: =ESTADISTICA!G284 -> 0 | H286: =ESTADISTICA!H284 -> 0 | ... AI286: =ESTADISTICA!AI284 -> 0
A287: =ESTADISTICA!A285 -> VILLA GENERAL SAN MARTIN | B287: =ESTADISTICA!B285 -> SMA05 | C287: =ESTADISTICA!C285 -> MONTEVIDEO Y VILLEGAS | D287: =ESTADISTICA!D285 -> DOMO | E287: =ESTADISTICA!E285 -> PTO A FO | F287: =ESTADISTICA!F285 -> 0 | G287: =ESTADISTICA!G285 -> 0 | H287: =ESTADISTICA!H285 -> 0 | ... AI287: =ESTADISTICA!AI285 -> 0
A288: =ESTADISTICA!A286 -> SAN NICOLAS | B288: =ESTADISTICA!B286 -> SNI 03 (fija 1) | C288: =ESTADISTICA!C286 -> SARRATEA Y LOS TREBOLES | D288: =ESTADISTICA!D286 -> Fija | E288: =ESTADISTICA!E286 -> Fibra Optica | F288: =ESTADISTICA!F286 -> APAGADO | G288: =ESTADISTICA!G286 -> APAGADO | H288: =ESTADISTICA!H286 -> 0 | ... AI288: =ESTADISTICA!AI286 -> 0
A289: =ESTADISTICA!A287 -> SAN NICOLAS | B289: =ESTADISTICA!B287 -> SNI 04 (fija 2) | C289: =ESTADISTICA!C287 -> SARRATEA Y LOS TREBOLES | D289: =ESTADISTICA!D287 -> Fija | E289: =ESTADISTICA!E287 -> Fibra Optica | F289: =ESTADISTICA!F287 -> APAGADO | G289: =ESTADISTICA!G287 -> APAGADO | H289: =ESTADISTICA!H287 -> 0 | ... AI289: =ESTADISTICA!AI287 -> 0
A290: =ESTADISTICA!A288 -> SAN NICOLAS | B290: =ESTADISTICA!B288 -> SNI01 (fija 1) | C290: =ESTADISTICA!C288 -> SARRATEA E/ EEUU DE A. Y AGRELO | D290: =ESTADISTICA!D288 -> Fija | E290: =ESTADISTICA!E288 -> Fibra Optica | F290: =ESTADISTICA!F288 -> APAGADO | G290: =ESTADISTICA!G288 -> APAGADO | H290: =ESTADISTICA!H288 -> 0 | ... AI290: =ESTADISTICA!AI288 -> 0
A291: =ESTADISTICA!A289 -> SAN NICOLAS | B291: =ESTADISTICA!B289 -> SNI02 (fija 2) | C291: =ESTADISTICA!C289 -> SARRATEA E/ EEUU DE A. Y AGRELO | D291: =ESTADISTICA!D289 -> Fija | E291: =ESTADISTICA!E289 -> Fibra Optica | F291: =ESTADISTICA!F289 -> APAGADO | G291: =ESTADISTICA!G289 -> APAGADO | H291: =ESTADISTICA!H289 -> 0 | ... AI291: =ESTADISTICA!AI289 -> 0
... A400: =ESTADISTICA!A398 -> 0 | B400: =ESTADISTICA!B398 -> 0 | C400: =ESTADISTICA!C398 -> 0 | D400: =ESTADISTICA!D398 -> 0 | E400: =ESTADISTICA!E398 -> 0 | F400: =ESTADISTICA!F398 -> 0 | G400: =ESTADISTICA!G398 -> 0 | H400: =ESTADISTICA!H398 -> 0 | ... AI400: =ESTADISTICA!AI398 -> 0

Sheet BARRAS

Sheet GRAFICO2

Sheet informe
B1: CANTIDAD | D1: %
A2: TOTAL | B2: 392 | E2: 44782
A3: CAIDAS | B3: 51 | C3: 51 | D3: =C3/B2 -> 0.13010204 | G3: MAY 03 | H3: CHAÑAR Y SAN NICOLAS | I3: DOMO | J3: PTP A FO | K3: 172.20.10.18 | L3: Se llega por ping y por web | M3: 44753
A4: LLEGAMOS NOSOTROS | B4: 2 | C4: =B3-B4 -> 49 | D4: =C4/B2 -> 0.125 | G4: NJU03 | H4: San Juan y Parrillo | I4: Domo | J4: PTP A FO | K4: 172.20.10.45 | L4: Se llega por ping y por web
A5: NO ESTA LA CAMARA | B5: 2 | C5: =C4-B5 -> 47 | D5: =C5/B2 -> 0.11989796 | G5: VAT 12 | H5: 12 DE OCTUBRE Y CHACO | I5: DOMO | J5: PTP A FO | K5: 172.20.12.127 | L5: se llega por ping y por web (No Video Display)
A6: RADIO | B6: 4 | C6: =C5-B6 -> 43 | D6: =C6/B2 -> 0.10969388 | G6: Punto Seguro - San Jorge (Domo) | H6: CALLE 523 E/ 554 Y 556 | I6: DOMO | J6: PTP A FO | K6: 172.20.12.101 | L6: Se llega por ping y por web (DAHUA)
A7: TOTAL | B7: 392 | E7: 44783 | G7: PUNTO SEGURO - SANTA ROSA (domo) | H7: BRUSELAS Y SICILIA | I7: DOMO | J7: Fibra Optica | K7: 172.20.12.145 | L7: Se llega por ping y por web (DAHUA)
A8: CAIDAS | B8: 64 | C8: 64 | D8: =C8/B7 -> 0.16326531 | G8: PUNTO SEGURO - SANTA ROSA (fija) | H8: BRUSELAS Y SICILIA | I8: Fija | J8: Fibra Optica | K8: 172.20.12.146 | L8: Se llega por ping y por web (DAHUA)
A9: LLEGAMOS NOSOTROS | B9: 2 | C9: =B8-B9 -> 62 | D9: =C9/B7 -> 0.15816327
A10: NO ESTA LA CAMARA | B10: 2 | C10: =C9-B10 -> 60 | D10: =C10/B7 -> 0.15306122 | G10: ALT06 | H10: LOPE DE VEGA Y NECOCHEA | I10: Domo | J10: PTP A FO | K10: 172.20.12.12 | L10: Se llega por ping y por web | M10: 44755
A11: RADIO | B11: 6 | C11: =C10-B11 -> 54 | D11: =C11/B7 -> 0.1377551 | G11: ESM04 | H11: Basualdo y Bengochea | I11: Domo | J11: Fibra Optica | K11: 172.20.12.46 | L11: Se llega por ping y por web
A12: TOTAL | B12: 392 | E12: 44784 | G12: LRO 01 | H12: H. IRIGOYEN Y BRAILE | I12: FIJA | J12: Fibra Optica | K12: 172.20.10.36 | L12: Se llega por ping y por web
A13: CAIDAS | B13: 38 | C13: 38 | D13: =C13/B12 -> 0.096938776 | G13: VAU01 | H13: San Martin y Monteverde | I13: Domo | J13: Fibra Optica | K13: 172.20.10.07 | L13: Se llega por ping y por web pide login
A14: LLEGAMOS NOSOTROS | B14: 2 | C14: =B13-B14 -> 36 | D14: =C14/B12 -> 0.091836735 | G14: Punto Seguro - San Jorge (Domo) | H14: CALLE 523 E/ 554 Y 556 | I14: DOMO | J14: PTP A FO | K14: 172.20.12.101 | L14: Se llega por ping y por web (DAHUA)
A15: NO ESTA LA CAMARA | B15: 2 | C15: =C14-B15 -> 34 | D15: =C15/B12 -> 0.086734694 | G15: PUNTO SEGURO - SANTA ROSA (fija) | H15: BRUSELAS Y SICILIA | I15: Fija | J15: Fibra Optica | K15: 172.20.12.146 | L15: Se llega por ping y por web (DAHUA)
A16: RADIO | B16: 4 | C16: =C15-B16 -> 30 | D16: =C16/B12 -> 0.076530612 | G16: ALT06 | H16: LOPE DE VEGA Y NECOCHEA | I16: Domo | J16: PTP A FO | K16: 172.20.12.12 | L16: Se llega por pimg y por web | M16: 44763
A17: TOTAL | B17: 392 | E17: 44790 | G17: ESM04 | H17: Basualdo y Bengochea | I17: Domo | J17: Fibra Optica | K17: 172.20.12.46 | L17: Se llega por ping y por web
A18: CAIDAS | B18: 30 | C18: 30 | D18: =C18/B17 -> 0.076530612 | G18: VLA04 | H18: ESPORA Y MARTIN GRASS | I18: DOMO | J18: Fibra Optica | K18: 172.20.11.163 | L18: Se llega por ping y por web (login)
A19: LLEGAMOS NOSOTROS | B19: 3 | C19: =B18-B19 -> 27 | D19: =C19/B17 -> 0.068877551 | G19: PUNTO SEGURO - SANTA ROSA (fija) | H19: BRUSELAS Y SICILIA | I19: Fija | J19: Fibra Optica | K19: 172.20.12.146 | L19: Se llega por ping y por web (DAHUA)
A20: NO ESTA LA CAMARA | B20: 2 | C20: =C19-B20 -> 25 | D20: =C20/B17 -> 0.06377551
A21: RADIO | B21: 2 | C21: =C20-B21 -> 23 | D21: =C21/B17 -> 0.058673469
A22: TOTAL | B22: 392 | E22: 44791
A23: CAIDAS | B23: 35 | C23: 35 | D23: =C23/B22 -> 0.089285714
A24: LLEGAMOS NOSOTROS | B24: 3 | C24: =B23-B24 -> 32 | D24: =C24/B22 -> 0.081632653
A25: NO ESTA LA CAMARA | B25: 2 | C25: =C24-B25 -> 30 | D25: =C25/B22 -> 0.076530612
A26: RADIO | B26: 3 | C26: =C25-B26 -> 27 | D26: =C26/B22 -> 0.068877551
A27: TOTAL | B27: 392 | E27: 44795
A28: CAIDAS | B28: 33 | C28: 33 | D28: =C28/B27 -> 0.084183673
A29: LLEGAMOS NOSOTROS | B29: 3 | C29: =B28-B29 -> 30 | D29: =C29/B27 -> 0.076530612
A30: NO ESTA LA CAMARA | B30: 2 | C30: =C29-B30 -> 28 | D30: =C30/B27 -> 0.071428571
A31: RADIO | B31: 4 | C31: =C30-B31 -> 24 | D31: =C31/B27 -> 0.06122449 | G31: VAT07 | H31: COSEIDI | I31: Eva Peron y Lavalle | J31: DOMO | K31: PTP A FO | L31: 172.20.11.26 | M31: Se llega por ping y se visualiza por web | N31: 44790
A32: TOTAL | B32: 392 | E32: 44796 | G32: VAT23 (fija 1) | H32: COSEIDI | I32: EVA PERON Y "EL TUNEL" (BAJO NIVEL) | J32: Fija | K32: Fibra Optica | L32: 172.20.11.139 | M32: Se llega por ping y por web pide login
A33: CAIDAS | B33: 36 | C33: 36 | D33: =C33/B32 -> 0.091836735 | G33: VAT24 (fija 2) | H33: COSEIDI | I33: EVA PERON Y "EL TUNEL" (BAJO NIVEL) | J33: Fija | K33: Fibra Optica | L33: 172.20.11.140 | M33: Se llega por ping y por web pide login
A34: LLEGAMOS NOSOTROS | B34: 3 | C34: =B33-B34 -> 33 | D34: =C34/B32 -> 0.084183673
A35: NO ESTA LA CAMARA | B35: 2 | C35: =C34-B35 -> 31 | D35: =C35/B32 -> 0.079081633
A36: RADIO | B36: 4 | C36: =C35-B36 -> 27 | D36: =C36/B32 -> 0.068877551
A37: TOTAL | B37: 392 | E37: 44797
A38: CAIDAS | B38: 30 | C38: 30 | D38: =C38/B37 -> 0.076530612
A39: LLEGAMOS NOSOTROS | B39: 3 | C39: =B38-B39 -> 27 | D39: =C39/B37 -> 0.068877551
A40: NO ESTA LA CAMARA | B40: 2 | C40: =C39-B40 -> 25 | D40: =C40/B37 -> 0.06377551
A41: RADIO | B41: 4 | C41: =C40-B41 -> 21 | D41: =C41/B37 -> 0.053571429
A42: TOTAL | B42: 392 | E42: 44798
A43: CAIDAS | B43: 30 | C43: 30 | D43: =C43/B42 -> 0.076530612
A44: LLEGAMOS NOSOTROS | B44: 3 | C44: =B43-B44 -> 27 | D44: =C44/B42 -> 0.068877551
A45: NO ESTA LA CAMARA | B45: 2 | C45: =C44-B45 -> 25 | D45: =C45/B42 -> 0.06377551
A46: RADIO | B46: 4 | C46: =C45-B46 -> 21 | D46: =C46/B42 -> 0.053571429
A47: TOTAL | B47: 392 | E47: 44802
A48: CAIDAS | B48: 42 | C48: 42 | D48: =C48/B47 -> 0.10714286
A49: LLEGAMOS NOSOTROS | B49: 3 | C49: =B48-B49 -> 39 | D49: =C49/B47 -> 0.099489796
A50: NO ESTA LA CAMARA | B50: 2 | C50: =C49-B50 -> 37 | D50: =C50/B47 -> 0.094387755
A51: RADIO | B51: 5 | C51: =C50-B51 -> 32 | D51: =C51/B47 -> 0.081632653

Sheet PORCENTAJE

Sheet AUXILIAR
A1: FECHA | B1: RADIO | C1: FIBRA | D1: ANTENA | E1: TOTAL APAGADOS | F1: INSTALADAS | G1: % APAGADOS
A2: ='APAGADOS RADIO'!F3 -> 44774 | B2: ='APAGADOS RADIO'!F2+D2 -> 7 | C2: ='APAGADOS FIBRA'!F2 -> 31 | D2: ='APAGADOS ANTENA'!F2 -> 3 | E2: =B2+C2 -> 38 | F2: ='RESUMEN TOTAL'!B1 -> 392 | G2: =E2/F2 -> 0.096938776
A3: ='APAGADOS RADIO'!G3 -> 44775 | B3: ='APAGADOS RADIO'!G2+D3 -> 6 | C3: ='APAGADOS FIBRA'!G2 -> 35 | D3: ='APAGADOS ANTENA'!G2 -> 2 | E3: =B3+C3 -> 41 | F3: ='RESUMEN TOTAL'!B1 -> 392 | G3: =E3/F3 -> 0.10459184
A4: ='APAGADOS RADIO'!H3 -> 44776 | B4: ='APAGADOS RADIO'!H2+D4 -> 6 | C4: ='APAGADOS FIBRA'!H2 -> 25 | D4: ='APAGADOS ANTENA'!H2 -> 3 | E4: =B4+C4 -> 31 | F4: ='RESUMEN TOTAL'!B1 -> 392 | G4: =E4/F4 -> 0.079081633
A5: ='APAGADOS RADIO'!I3 -> 44777 | B5: ='APAGADOS RADIO'!I2+D5 -> 6 | C5: ='APAGADOS FIBRA'!I2 -> 28 | D5: ='APAGADOS ANTENA'!I2 -> 3 | E5: =B5+C5 -> 34 | F5: ='RESUMEN TOTAL'!B1 -> 392 | G5: =E5/F5 -> 0.086734694
A6: ='APAGADOS RADIO'!J3 -> 44778 | B6: ='APAGADOS RADIO'!J2+D6 -> 5 | C6: ='APAGADOS FIBRA'!J2 -> 25 | D6: ='APAGADOS ANTENA'!J2 -> 2 | E6: =B6+C6 -> 30 | F6: ='RESUMEN TOTAL'!B1 -> 392 | G6: =E6/F6 -> 0.076530612
A7: ='APAGADOS RADIO'!K3 -> 44779 | B7: 8 | C7: 24 | D7: 3 | E7: 32 | F7: ='RESUMEN TOTAL'!B1 -> 392 | G7: =E7/F7 -> 0.081632653
A8: ='APAGADOS RADIO'!L3 -> 44780 | B8: ='APAGADOS RADIO'!L2+D8 -> 7 | C8: ='APAGADOS FIBRA'!L2 -> 66 | D8: ='APAGADOS ANTENA'!L2 -> 2 | E8: =B8+C8 -> 73 | F8: ='RESUMEN TOTAL'!B1 -> 392 | G8: =E8/F8 -> 0.18622449
A9: ='APAGADOS RADIO'!M3 -> 44781 | B9: ='APAGADOS RADIO'!M2+D9 -> 7 | C9: ='APAGADOS FIBRA'!M2 -> 43 | D9: ='APAGADOS ANTENA'!M2 -> 2 | E9: =B9+C9 -> 50 | F9: ='RESUMEN TOTAL'!B1 -> 392 | G9: =E9/F9 -> 0.12755102
A10: ='APAGADOS RADIO'!N3 -> 44782 | B10: ='APAGADOS RADIO'!N2+D10 -> 6 | C10: ='APAGADOS FIBRA'!N2 -> 45 | D10: ='APAGADOS ANTENA'!N2 -> 2 | E10: =B10+C10 -> 51 | F10: ='RESUMEN TOTAL'!B1 -> 392 | G10: =E10/F10 -> 0.13010204
A11: ='APAGADOS RADIO'!O3 -> 44783 | B11: ='APAGADOS RADIO'!O2+D11 -> 16 | C11: ='APAGADOS FIBRA'!O2 -> 48 | D11: ='APAGADOS ANTENA'!O2 -> 10 | E11: =B11+C11 -> 64 | F11: ='RESUMEN TOTAL'!B1 -> 392 | G11: =E11/F11 -> 0.16326531
A12: ='APAGADOS RADIO'!P3 -> 44784 | B12: ='APAGADOS RADIO'!P2+D12 -> 5 | C12: ='APAGADOS FIBRA'!P2 -> 33 | D12: ='APAGADOS ANTENA'!P2 -> 1 | E12: =B12+C12 -> 38 | F12: ='RESUMEN TOTAL'!B1 -> 392 | G12: =E12/F12 -> 0.096938776
A13: ='APAGADOS RADIO'!Q3 -> 44785 | B13: ='APAGADOS RADIO'!Q2+D13 -> 6 | C13: ='APAGADOS FIBRA'!Q2 -> 38 | D13: ='APAGADOS ANTENA'!Q2 -> 2 | E13: =B13+C13 -> 44 | F13: ='RESUMEN TOTAL'!B1 -> 392 | G13: =E13/F13 -> 0.1122449
A14: ='APAGADOS RADIO'!R3 -> 44786 | B14: ='APAGADOS RADIO'!R2+D14 -> 3 | C14: ='APAGADOS FIBRA'!R2 -> 25 | D14: ='APAGADOS ANTENA'!R2 -> 0 | E14: =B14+C14 -> 28 | F14: ='RESUMEN TOTAL'!B1 -> 392 | G14: =E14/F14 -> 0.071428571
A15: ='APAGADOS RADIO'!S3 -> 44787 | B15: ='APAGADOS RADIO'!S2+D15 -> 5 | C15: ='APAGADOS FIBRA'!S2 -> 26 | D15: ='APAGADOS ANTENA'!S2 -> 1 | E15: =B15+C15 -> 31 | F15: ='RESUMEN TOTAL'!B1 -> 392 | G15: =E15/F15 -> 0.079081633
A16: ='APAGADOS RADIO'!T3 -> 44788 | B16: ='APAGADOS RADIO'!T2+D16 -> 7 | C16: ='APAGADOS FIBRA'!T2 -> 27 | D16: ='APAGADOS ANTENA'!T2 -> 3 | E16: =B16+C16 -> 34 | F16: ='RESUMEN TOTAL'!B1 -> 392 | G16: =E16/F16 -> 0.086734694
A17: ='APAGADOS RADIO'!U3 -> 44789 | B17: ='APAGADOS RADIO'!U2+D17 -> 5 | C17: ='APAGADOS FIBRA'!U2 -> 31 | D17: ='APAGADOS ANTENA'!U2 -> 2 | E17: =B17+C17 -> 36 | F17: ='RESUMEN TOTAL'!B1 -> 392 | G17: =E17/F17 -> 0.091836735
A18: ='APAGADOS RADIO'!V3 -> 44790 | B18: ='APAGADOS RADIO'!V2+D18 -> 5 | C18: ='APAGADOS FIBRA'!V2 -> 25 | D18: ='APAGADOS ANTENA'!V2 -> 2 | E18: =B18+C18 -> 30 | F18: ='RESUMEN TOTAL'!B1 -> 392 | G18: =E18/F18 -> 0.076530612
A19: ='APAGADOS RADIO'!W3 -> 44791 | B19: ='APAGADOS RADIO'!W2+D19 -> 5 | C19: ='APAGADOS FIBRA'!W2 -> 30 | D19: ='APAGADOS ANTENA'!W2 -> 2 | E19: =B19+C19 -> 35 | F19: ='RESUMEN TOTAL'!B1 -> 392 | G19: =E19/F19 -> 0.089285714
A20: ='APAGADOS RADIO'!X3 -> 44792 | B20: ='APAGADOS RADIO'!X2+D20 -> 5 | C20: ='APAGADOS FIBRA'!X2 -> 30 | D20: ='APAGADOS ANTENA'!X2 -> 2 | E20: =B20+C20 -> 35 | F20: ='RESUMEN TOTAL'!B1 -> 392 | G20: =E20/F20 -> 0.089285714
A21: ='APAGADOS RADIO'!Y3 -> 44793 | B21: ='APAGADOS RADIO'!Y2+D21 -> 7 | C21: ='APAGADOS FIBRA'!Y2 -> 28 | D21: ='APAGADOS ANTENA'!Y2 -> 3 | E21: =B21+C21 -> 35 | F21: ='RESUMEN TOTAL'!B1 -> 392 | G21: =E21/F21 -> 0.089285714
A22: ='APAGADOS RADIO'!Z3 -> 44794 | B22: ='APAGADOS RADIO'!Z2+D22 -> 7 | C22: ='APAGADOS FIBRA'!Z2 -> 28 | D22: ='APAGADOS ANTENA'!Z2 -> 3 | E22: =B22+C22 -> 35 | F22: ='RESUMEN TOTAL'!B1 -> 392 | G22: =E22/F22 -> 0.089285714
A23: ='APAGADOS RADIO'!AA3 -> 44795 | B23: ='APAGADOS RADIO'!AA2+D23 -> 6 | C23: ='APAGADOS FIBRA'!AA2 -> 27 | D23: ='APAGADOS ANTENA'!AA2 -> 2 | E23: =B23+C23 -> 33 | F23: ='RESUMEN TOTAL'!B1 -> 392 | G23: =E23/F23 -> 0.084183673
A24: ='APAGADOS RADIO'!AB3 -> 44796 | B24: ='APAGADOS RADIO'!AB2+D24 -> 6 | C24: ='APAGADOS FIBRA'!AB2 -> 30 | D24: ='APAGADOS ANTENA'!AB2 -> 2 | E24: =B24+C24 -> 36 | F24: ='RESUMEN TOTAL'!B1 -> 392 | G24: =E24/F24 -> 0.091836735
A25: ='APAGADOS RADIO'!AC3 -> 44797 | B25: ='APAGADOS RADIO'!AC2+D25 -> 5 | C25: ='APAGADOS FIBRA'!AC2 -> 25 | D25: ='APAGADOS ANTENA'!AC2 -> 1 | E25: =B25+C25 -> 30 | F25: ='RESUMEN TOTAL'!B1 -> 392 | G25: =E25/F25 -> 0.076530612
A26: ='APAGADOS RADIO'!AD3 -> 44798 | B26: ='APAGADOS RADIO'!AD2+D26 -> 6 | C26: ='APAGADOS FIBRA'!AD2 -> 24 | D26: ='APAGADOS ANTENA'!AD2 -> 2 | E26: =B26+C26 -> 30 | F26: ='RESUMEN TOTAL'!B1 -> 392 | G26: =E26/F26 -> 0.076530612
A27: ='APAGADOS RADIO'!AE3 -> 44799 | B27: ='APAGADOS RADIO'!AE2+D27 -> 8 | C27: ='APAGADOS FIBRA'!AE2 -> 25 | D27: ='APAGADOS ANTENA'!AE2 -> 2 | E27: =B27+C27 -> 33 | F27: ='RESUMEN TOTAL'!B1 -> 392 | G27: =E27/F27 -> 0.084183673
A28: ='APAGADOS RADIO'!AF3 -> 44800 | B28: ='APAGADOS RADIO'!AF2+D28 -> 8 | C28: ='APAGADOS FIBRA'!AF2 -> 34 | D28: ='APAGADOS ANTENA'!AF2 -> 4 | E28: =B28+C28 -> 42 | F28: ='RESUMEN TOTAL'!B1 -> 392 | G28: =E28/F28 -> 0.10714286
A29: ='APAGADOS RADIO'!AG3 -> 44801 | B29: ='APAGADOS RADIO'!AG2+D29 -> 7 | C29: ='APAGADOS FIBRA'!AG2 -> 31 | D29: ='APAGADOS ANTENA'!AG2 -> 3 | E29: =B29+C29 -> 38 | F29: ='RESUMEN TOTAL'!B1 -> 392 | G29: =E29/F29 -> 0.096938776
A30: ='APAGADOS RADIO'!AH3 -> 44802 | B30: ='APAGADOS RADIO'!AH2+D30 -> 7 | C30: ='APAGADOS FIBRA'!AH2 -> 35 | D30: ='APAGADOS ANTENA'!AH2 -> 2 | E30: =B30+C30 -> 42 | F30: ='RESUMEN TOTAL'!B1 -> 392 | G30: =E30/F30 -> 0.10714286
A31: ='APAGADOS RADIO'!AI3 -> 44803

Sheet Hoja1
B1: CAMARAS
A2: BONOMO | B2: =COUNTIFS('RESUMEN TOTAL'!C5:C396,"=BONOMO") -> 212 | F2: 44774 | G2: 44775 | H2: 44776 | I2: 44777 | J2: 44778 | K2: 44779 | L2: 44780 | M2: 44781 | N2: 44782 | O2: 44783 | P2: 44784 | Q2: 44785 | R2: 44786 | S2: 44787 | T2: 44788 | U2: 44789 | V2: 44790 | W2: 44791 | X2: 44792 | Y2: 44793 | Z2: 44794 | AA2: 44795 | AB2: 44796 | AC2: 44797 | AD2: 44798 | AE2: 44799 | AF2: 44800 | AG2: 44801 | AH2: 44802 | AI2: 44803 | AJ2: 44804
D3: BONOMO | E3: APAGADAS BONOMO | F3: =COUNTIFS('RESUMEN TOTAL'!C5:C396, "=BONOMO",'RESUMEN TOTAL'!K5:K396,"=APAGADO") -> 26 | G3: =COUNTIFS('RESUMEN TOTAL'!C5:C396, "=BONOMO",'RESUMEN TOTAL'!L5:L396,"=APAGADO") -> 27 | H3: =COUNTIFS('RESUMEN TOTAL'!C5:C396, "=BONOMO",'RESUMEN TOTAL'!M5:M396,"=APAGADO") -> 20 | I3: =COUNTIFS('RESUMEN TOTAL'!C5:C396, "=BONOMO",'RESUMEN TOTAL'!N5:N396,"=APAGADO") -> 21 | J3: =COUNTIFS('RESUMEN TOTAL'!C5:C396, "=BONOMO",'RESUMEN TOTAL'!O5:O396,"=APAGADO") -> 16 | K3: =COUNTIFS('RESUMEN TOTAL'!C5:C396, "=BONOMO",'RESUMEN TOTAL'!P5:P396,"=APAGADO") -> 34 | L3: =COUNTIFS('RESUMEN TOTAL'!C5:C396, "=BONOMO",'RESUMEN TOTAL'!Q5:Q396,"=APAGADO") -> 31 | M3: =COUNTIFS('RESUMEN TOTAL'!C5:C396, "=BONOMO",'RESUMEN TOTAL'!R5:R396,"=APAGADO") -> 31 | N3: =COUNTIFS('RESUMEN TOTAL'!C5:C396, "=BONOMO",'RESUMEN TOTAL'!S5:S396,"=APAGADO") -> 35 | O3: =COUNTIFS('RESUMEN TOTAL'!C5:C396, "=BONOMO",'RESUMEN TOTAL'!T5:T396,"=APAGADO") -> 45 | P3: =COUNTIFS('RESUMEN TOTAL'!C5:C396, "=BONOMO",'RESUMEN TOTAL'!U5:U396,"=APAGADO") -> 28 | Q3: =COUNTIFS('RESUMEN TOTAL'!C5:C396, "=BONOMO",'RESUMEN TOTAL'!V5:V396,"=APAGADO") -> 34 | R3: =COUNTIFS('RESUMEN TOTAL'!C5:C396, "=BONOMO",'RESUMEN TOTAL'!W5:W396,"=APAGADO") -> 17 | S3: =COUNTIFS('RESUMEN TOTAL'!C5:C396, "=BONOMO",'RESUMEN TOTAL'!X5:X396,"=APAGADO") -> 20 | T3: =COUNTIFS('RESUMEN TOTAL'!C5:C396, "=BONOMO",'RESUMEN TOTAL'!Y5:Y396,"=APAGADO") -> 20 | U3: =COUNTIFS('RESUMEN TOTAL'!C5:C396, "=BONOMO",'RESUMEN TOTAL'!Z5:Z396,"=APAGADO") -> 23 | V3: =COUNTIFS('RESUMEN TOTAL'!C5:C396, "=BONOMO",'RESUMEN TOTAL'!AA5:AA396,"=APAGADO") -> 21 | W3: =COUNTIFS('RESUMEN TOTAL'!C5:C396, "=BONOMO",'RESUMEN TOTAL'!AB5:AB396,"=APAGADO") -> 26 | X3: =COUNTIFS('RESUMEN TOTAL'!C5:C396, "=BONOMO",'RESUMEN TOTAL'!AC5:AC396,"=APAGADO") -> 26 | Y3: =COUNTIFS('RESUMEN TOTAL'!C5:C396, "=BONOMO",'RESUMEN TOTAL'!AD5:AD396,"=APAGADO") -> 26 | Z3: =COUNTIFS('RESUMEN TOTAL'!C5:C396, "=BONOMO",'RESUMEN TOTAL'!AE5:AE396,"=APAGADO") -> 26 | AA3: =COUNTIFS('RESUMEN TOTAL'!C5:C396, "=BONOMO",'RESUMEN TOTAL'!AF5:AF396,"=APAGADO") -> 24 | AB3: =COUNTIFS('RESUMEN TOTAL'!C5:C396, "=BONOMO",'RESUMEN TOTAL'!AG5:AG396,"=APAGADO") -> 27 | AC3: =COUNTIFS('RESUMEN TOTAL'!C5:C396, "=BONOMO",'RESUMEN TOTAL'!AH5:AH396,"=APAGADO") -> 22 | AD3: =COUNTIFS('RESUMEN TOTAL'!C5:C396, "=BONOMO",'RESUMEN TOTAL'!AI5:AI396,"=APAGADO") -> 23 | AE3: =COUNTIFS('RESUMEN TOTAL'!C5:C396, "=BONOMO",'RESUMEN TOTAL'!AJ5:AJ396,"=APAGADO") -> 25 | AF3: =COUNTIFS('RESUMEN TOTAL'!C5:C396, "=BONOMO",'RESUMEN TOTAL'!AK5:AK396,"=APAGADO") -> 25 | AG3: =COUNTIFS('RESUMEN TOTAL'!C5:C396, "=BONOMO",'RESUMEN TOTAL'!AL5:AL396,"=APAGADO") -> 24 | AH3: =COUNTIFS('RESUMEN TOTAL'!C5:C396, "=BONOMO",'RESUMEN TOTAL'!AM5:AM396,"=APAGADO") -> 30 | AI3: =COUNTIFS('RESUMEN TOTAL'!C5:C396, "=BONOMO",'RESUMEN TOTAL'!AN5:AN396,"=APAGADO") -> 0 | AJ3: =COUNTIFS('RESUMEN TOTAL'!C5:C396, "=BONOMO",'RESUMEN TOTAL'!AO5:AO396,"=APAGADO") -> 0
A4: COSEIDI | B4: =COUNTIFS('RESUMEN TOTAL'!C5:C396,"=COSEIDI") -> 180 | E4: % BONOMO | F4: =F3/BONOMOcam -> 0.12264151 | G4: =G3/BONOMOcam -> 0.12735849 | H4: =H3/BONOMOcam -> 0.094339623 | I4: =I3/BONOMOcam -> 0.099056604 | J4: =J3/BONOMOcam -> 0.075471698 | K4: =K3/BONOMOcam -> 0.16037736 | L4: =L3/BONOMOcam -> 0.14622642 | M4: =M3/BONOMOcam -> 0.14622642 | ... AJ4: =AJ3/BONOMOcam -> 0
D5: COSEIDI | E5: APAGADAS COSEIDI | F5: =COUNTIFS('RESUMEN TOTAL'!C7:C398, "=COSEIDI",'RESUMEN TOTAL'!K7:K398,"=APAGADO") -> 12 | G5: =COUNTIFS('RESUMEN TOTAL'!C7:C398, "=COSEIDI",'RESUMEN TOTAL'!L7:L398,"=APAGADO") -> 14 | H5: =COUNTIFS('RESUMEN TOTAL'!C7:C398, "=COSEIDI",'RESUMEN TOTAL'!M7:M398,"=APAGADO") -> 11 | I5: =COUNTIFS('RESUMEN TOTAL'!C7:C398, "=COSEIDI",'RESUMEN TOTAL'!N7:N398,"=APAGADO") -> 13 | J5: =COUNTIFS('RESUMEN TOTAL'!C7:C398, "=COSEIDI",'RESUMEN TOTAL'!O7:O398,"=APAGADO") -> 14 | K5: =COUNTIFS('RESUMEN TOTAL'!C7:C398, "=COSEIDI",'RESUMEN TOTAL'!P7:P398,"=APAGADO") -> 18 | L5: =COUNTIFS('RESUMEN TOTAL'!C7:C398, "=COSEIDI",'RESUMEN TOTAL'!Q7:Q398,"=APAGADO") -> 42 | M5: =COUNTIFS('RESUMEN TOTAL'!C7:C398, "=COSEIDI",'RESUMEN TOTAL'!R7:R398,"=APAGADO") -> 19 | N5: =COUNTIFS('RESUMEN TOTAL'!C7:C398, "=COSEIDI",'RESUMEN TOTAL'!S7:S398,"=APAGADO") -> 16 | O5: =COUNTIFS('RESUMEN TOTAL'!C7:C398, "=COSEIDI",'RESUMEN TOTAL'!T7:T398,"=APAGADO") -> 19 | P5: =COUNTIFS('RESUMEN TOTAL'!C7:C398, "=COSEIDI",'RESUMEN TOTAL'!U7:U398,"=APAGADO") -> 10 | Q5: =COUNTIFS('RESUMEN TOTAL'!C7:C398, "=COSEIDI",'RESUMEN TOTAL'!V7:V398,"=APAGADO") -> 11 | R5: =COUNTIFS('RESUMEN TOTAL'!C7:C398, "=COSEIDI",'RESUMEN TOTAL'!W7:W398,"=APAGADO") -> 11 | S5: =COUNTIFS('RESUMEN TOTAL'!C7:C398, "=COSEIDI",'RESUMEN TOTAL'!X7:X398,"=APAGADO") -> 11 | T5: =COUNTIFS('RESUMEN TOTAL'!C7:C398, "=COSEIDI",'RESUMEN TOTAL'!Y7:Y398,"=APAGADO") -> 14 | U5: =COUNTIFS('RESUMEN TOTAL'!C7:C398, "=COSEIDI",'RESUMEN TOTAL'!Z7:Z398,"=APAGADO") -> 13 | V5: =COUNTIFS('RESUMEN TOTAL'!C7:C398, "=COSEIDI",'RESUMEN TOTAL'!AA7:AA398,"=APAGADO") -> 9 | W5: =COUNTIFS('RESUMEN TOTAL'!C7:C398, "=COSEIDI",'RESUMEN TOTAL'!AB7:AB398,"=APAGADO") -> 9 | X5: =COUNTIFS('RESUMEN TOTAL'!C7:C398, "=COSEIDI",'RESUMEN TOTAL'!AC7:AC398,"=APAGADO") -> 9 | Y5: =COUNTIFS('RESUMEN TOTAL'!C7:C398, "=COSEIDI",'RESUMEN TOTAL'!AD7:AD398,"=APAGADO") -> 9 | Z5: =COUNTIFS('RESUMEN TOTAL'!C7:C398, "=COSEIDI",'RESUMEN TOTAL'!AE7:AE398,"=APAGADO") -> 9 | AA5: =COUNTIFS('RESUMEN TOTAL'!C7:C398, "=COSEIDI",'RESUMEN TOTAL'!AF7:AF398,"=APAGADO") -> 9 | AB5: =COUNTIFS('RESUMEN TOTAL'!C7:C398, "=COSEIDI",'RESUMEN TOTAL'!AG7:AG398,"=APAGADO") -> 9 | AC5: =COUNTIFS('RESUMEN TOTAL'!C7:C398, "=COSEIDI",'RESUMEN TOTAL'!AH7:AH398,"=APAGADO") -> 8 | AD5: =COUNTIFS('RESUMEN TOTAL'!C7:C398, "=COSEIDI",'RESUMEN TOTAL'!AI7:AI398,"=APAGADO") -> 7 | AE5: =COUNTIFS('RESUMEN TOTAL'!C7:C398, "=COSEIDI",'RESUMEN TOTAL'!AJ7:AJ398,"=APAGADO") -> 8 | AF5: =COUNTIFS('RESUMEN TOTAL'!C7:C398, "=COSEIDI",'RESUMEN TOTAL'!AK7:AK398,"=APAGADO") -> 17 | AG5: =COUNTIFS('RESUMEN TOTAL'!C7:C398, "=COSEIDI",'RESUMEN TOTAL'!AL7:AL398,"=APAGADO") -> 14 | AH5: =COUNTIFS('RESUMEN TOTAL'!C7:C398, "=COSEIDI",'RESUMEN TOTAL'!AM7:AM398,"=APAGADO") -> 12 | AI5: =COUNTIFS('RESUMEN TOTAL'!C7:C398, "=COSEIDI",'RESUMEN TOTAL'!AN7:AN398,"=APAGADO") -> 0 | AJ5: =COUNTIFS('RESUMEN TOTAL'!C7:C398, "=COSEIDI",'RESUMEN TOTAL'!AO7:AO398,"=APAGADO") -> 0
E6: % COSEIDI | F6: =F5/COSEIDIcam -> 0.066666667 | G6: =G5/COSEIDIcam -> 0.077777778 | H6: =H5/COSEIDIcam -> 0.061111111 | I6: =I5/COSEIDIcam -> 0.072222222 | J6: =J5/COSEIDIcam -> 0.077777778 | K6: =K5/COSEIDIcam -> 0.1 | L6: =L5/COSEIDIcam -> 0.23333333 | M6: =M5/COSEIDIcam -> 0.10555556 | ... AJ6: =AJ5/COSEIDIcam -> 0
