Workbook
Name _25_de_agosto: 'RESUMEN TOTAL'!$A$4:$D$383
Name _25_de_agosto_3: 'RESUMEN TOTAL'!$A$4:$D$395
Name BONOMOcam: Hoja1!$B$2
Name CANTIDAD_DE_CAMARAS: 'RESUMEN TOTAL'!$B$1
Name COSEIDIcam: Hoja1!$B$4

Sheet RESUMEN TOTAL
A1: CANTIDAD DE CAMARAS | B1: =COUNTA(B5:B600) -> 482 | D1: PORCIENTO DE CAIDAS | L1: =(L3)/(L2+L3) -> 0.070539419 | M1: =(M3)/(M2+M3) -> 0.06846473 | N1: =(N3)/(N2+N3) -> 0.056016598 | O1: =(O3)/(O2+O3) -> 0.13485477 | P1: =(P3)/(P2+P3) -> 0.045643154 | Q1: =(Q3)/(Q2+Q3) -> 0.043568465 | R1: =(R3)/(R2+R3) -> 0.039419087 | S1: =(S3)/(S2+S3) -> 0.053941909 | ... X1: =(X3)/(X2+X3) -> 0.076763485 | Z1: =(Z3)/(Z2+Z3) -> 0.076763485 | AA1: =(AA3)/(AA2+AA3) -> 0.056016598 | AB1: =(AB3)/(AB2+AB3) -> 0.10788382 | AC1: =(AC3)/(AC2+AC3) -> 0.12240664 | AD1: =(AD3)/(AD2+AD3) -> 0.20746888 | AE1: =(AE3)/(AE2+AE3) -> 0.19709544 | AF1: =(AF3)/(AF2+AF3) -> 0.19087137 | AG1: =(AG3)/(AG2+AG3) -> 0.2033195 | ... AP1: =(AP3)/(AP2+AP3) -> 0
D2: FUNCIONAN | L2: =B1-L3 -> 448 | M2: =CANTIDAD_DE_CAMARAS-M3 -> 449 | N2: =CANTIDAD_DE_CAMARAS-N3 -> 455 | O2: =CANTIDAD_DE_CAMARAS-O3 -> 417 | P2: =CANTIDAD_DE_CAMARAS-P3 -> 460 | Q2: =CANTIDAD_DE_CAMARAS-Q3 -> 461 | R2: =CANTIDAD_DE_CAMARAS-R3 -> 463 | S2: =CANTIDAD_DE_CAMARAS-S3 -> 456 | T2: =CANTIDAD_DE_CAMARAS-T3 -> 432 | ... AP2: =CANTIDAD_DE_CAMARAS-AP3 -> 482
D3: CAIDAS | L3: =COUNTIF(L4:L600, "apagado") -> 34 | M3: =COUNTIF(M4:M600, "apagado") -> 33 | N3: =COUNTIF(N4:N600, "apagado") -> 27 | O3: =COUNTIF(O4:O600, "apagado") -> 65 | P3: =COUNTIF(P4:P600, "apagado") -> 22 | Q3: =COUNTIF(Q4:Q600, "apagado") -> 21 | R3: =COUNTIF(R4:R600, "apagado") -> 19 | S3: =COUNTIF(S4:S600, "apagado") -> 26 | ... W3: =COUNTIF(W4:W600, "apagado") -> 63 | X3: =COUNTIF(X4:X498, "apagado") -> 37 | Y3: =COUNTIF(Y4:Y498, "apagado") -> 33 | Z3: =COUNTIF(Z4:Z600, "apagado") -> 37 | AA3: =COUNTIF(AA4:AA600, "apagado") -> 27 | AB3: =COUNTIF(AB4:AB600, "apagado") -> 52 | AC3: =COUNTIF(AC4:AC600, "apagado") -> 59 | AD3: =COUNTIF(AD4:AD600, "apagado") -> 100 | AE3: =COUNTIF(AE4:AE600, "apagado") -> 95 | AF3: =COUNTIF(AF4:AF600, "apagado") -> 92 | AG3: =COUNTIF(AG4:AG600, "apagado") -> 98 | ... AP3: =COUNTIF(AP4:AP600, "apagado") -> 0
A4: Barrio | B4: [Denominacion] | C4: [Empresa Mantenimiento] | D4: [Ubicacion] | E4: [Tipo de Camara] | F4: [Tipo de Conexion] | G4: Destino | I4: DIAS FUNCIONANDO | J4: DIAS CAIDA | K4: EFECTIVIDAD | L4: 45139 | M4: 45140 | N4: 45141 | O4: 45142 | P4: 45143 | Q4: 45144 | R4: 45145 | S4: 45146 | T4: 45147 | U4: 45148 | V4: 45149 | W4: 45150 | X4: 45151 | Y4: 45152 | Z4: 45153 | AA4: 45154 | AB4: 45155 | AC4: 45156 | AD4: 45157 | AE4: 45158 | AF4: 45159 | AG4: 45160 | AH4: 45161 | AI4: 45162 | AJ4: 45163 | AK4: 45164 | AL4: 45165 | AM4: 45166 | AN4: 45167 | AO4: 45168 | AP4: 45169
A5: ALTAMIRA | B5: ALT01 | C5: BONOMO | D5: Calchaqui y Sgto. Cabral | E5: Domo | F5: Fibra Optica | H5: 172.20.10.6 | I5: =COUNTIF(L5:AM5,"") -> 27 | J5: =COUNTIF(L5:AM5,"APAGADO") -> 1 | K5: =(I5)/(J5+I5) -> 0.96428571 | O5: APAGADO
A6: ALTAMIRA | B6: ALT02 | C6: BONOMO | D6: Calchaqui y Lope de Vega | E6: Domo | F6: PTO A FO | G6: CABRAL Y CALCHAQUI | H6: 172.20.12.218 | I6: =COUNTIF(L6:AM6,"") -> 26 | J6: =COUNTIF(L6:AM6,"APAGADO") -> 2 | K6: =(I6)/(J6+I6) -> 0.92857143 | O6: APAGADO | Q6: APAGADO
A7: ALTAMIRA | B7: ALT 03 | C7: BONOMO | D7: Bombero Galarza y Necochea | E7: Domo | F7: Fibra Optica | H7: 172.20.12.54 | I7: =COUNTIF(L7:AM7,"") -> 27 | J7: =COUNTIF(L7:AM7,"APAGADO") -> 1 | K7: =(I7)/(J7+I7) -> 0.96428571 | O7: APAGADO
A8: ALTAMIRA | B8: ALT 04 | C8: BONOMO | D8: Francia y Necochea | E8: Domo | F8: Fibra Optica | H8: 172.20.12.55 | I8: =COUNTIF(L8:AM8,"") -> 27 | J8: =COUNTIF(L8:AM8,"APAGADO") -> 1 | K8: =(I8)/(J8+I8) -> 0.96428571 | O8: APAGADO
A9: ALTAMIRA | B9: ALT05 | C9: BONOMO | D9: Av. Calchaqui y Bombero Galarza | E9: Domo | F9: PTO A FO | G9: NECOCHEA Y GALARZA | H9: 172.20.12.216 | I9: =COUNTIF(L9:AM9,"") -> 27 | J9: =COUNTIF(L9:AM9,"APAGADO") -> 1 | K9: =(I9)/(J9+I9) -> 0.96428571 | O9: APAGADO
A10: ALTAMIRA | B10: ALT 06 | C10: BONOMO | D10: LOPE DE VEGA Y NECOCHEA | E10: Domo | F10: PTO A FO | G10: NECOCHEA Y GALARZA | H10: 172.20.12.12 | I10: =COUNTIF(L10:AM10,"") -> 27 | J10: =COUNTIF(L10:AM10,"APAGADO") -> 1 | K10: =(I10)/(J10+I10) -> 0.96428571 | O10: APAGADO
A11: ALTAMIRA | B11: ALT07 | C11: BONOMO | D11: AV. CALCHAQUI Y AV. DEL TRABAJO | E11: DOMO | F11: PTO A FO | G11: CABRAL Y CALCHAQUI | H11: 172.20.10.57 | I11: =COUNTIF(L11:AM11,"") -> 27 | J11: =COUNTIF(L11:AM11,"APAGADO") -> 1 | K11: =(I11)/(J11+I11) -> 0.96428571 | O11: APAGADO
A12: ALTAMIRA | B12: ALT 08 | C12: BONOMO | D12: HUMAITA Y NECOCHEA | E12: DOMO | F12: Fibra Optica | H12: 172.20.11.215 | I12: =COUNTIF(L12:AM12,"") -> 27 | J12: =COUNTIF(L12:AM12,"APAGADO") -> 1 | K12: =(I12)/(J12+I12) -> 0.96428571 | O12: APAGADO
A13: ALTAMIRA | B13: ALT 09 | C13: BONOMO | D13: NECOCHEA Y CURUPAITY | E13: DOMO | F13: Fibra Optica | H13: 172.20.11.216 | I13: =COUNTIF(L13:AM13,"") -> 27 | J13: =COUNTIF(L13:AM13,"APAGADO") -> 1 | K13: =(I13)/(J13+I13) -> 0.96428571 | O13: APAGADO
A14: ALTAMIRA | B14: ALT 10 | C14: BONOMO | D14: Calchaqui y Francia | E14: Domo | F14: Radio | H14: 172.20.12.156 | I14: =COUNTIF(L14:AM14,"") -> 27 | J14: =COUNTIF(L14:AM14,"APAGADO") -> 1 | K14: =(I14)/(J14+I14) -> 0.96428571 | O14: APAGADO
A15: AGUSTIN RAMIREZ | B15: ARA 01 | C15: COSEIDI | D15: Malambo y Tranquera | E15: Domo | F15: Fibra Optica | H15: 172.20.12.110 | I15: =COUNTIF(L15:AM15,"") -> 1 | J15: =COUNTIF(L15:AM15,"APAGADO") -> 27 | K15: =(I15)/(J15+I15) -> 0.035714286 | L15: APAGADO | M15: APAGADO | N15: APAGADO | O15: APAGADO | Q15: APAGADO | R15: APAGADO | S15: APAGADO | T15: APAGADO | U15: APAGADO | V15: APAGADO | W15: APAGADO | X15: APAGADO | Y15: APAGADO | Z15: APAGADO | AA15: APAGADO | AB15: APAGADO | AC15: APAGADO | AD15: APAGADO | AE15: APAGADO | AF15: APAGADO | AG15: APAGADO | AH15: APAGADO | AI15: APAGADO | AJ15: APAGADO | AK15: APAGADO | AL15: APAGADO | AM15: APAGADO | AN15: APAGADO | AO15: APAGADO
A16: BELGRANO | B16: BEL 01 | C16: BONOMO | D16: San Martin y Dardo Rocha | E16: DOMO | F16: Fibra Optica | H16: 172.20.12.64 | I16: =COUNTIF(L16:AM16,"") -> 28 | J16: =COUNTIF(L16:AM16,"APAGADO") -> 0 | K16: =(I16)/(J16+I16) -> 1
A17: BELGRANO | B17: BEL 02 | C17: BONOMO | D17: Guardia vieja y Fronteriz | E17: DOMO | F17: Fibra Optica | I17: =COUNTIF(L17:AM17,"") -> 28 | J17: =COUNTIF(L17:AM17,"APAGADO") -> 0 | K17: =(I17)/(J17+I17) -> 1
A18: BOSQUES CENTRO | B18: BOSQC 01 | C18: COSEIDI | D18: LUIS AGOTE E/DANUNCIO Y CAMPOAMOR | E18: Fija | F18: Radio | H18: 172.20.11.15 | I18: =COUNTIF(L18:AM18,"") -> 22 | J18: =COUNTIF(L18:AM18,"APAGADO") -> 6 | K18: =(I18)/(J18+I18) -> 0.78571429 | W18: APAGADO | AD18: APAGADO | AE18: APAGADO | AF18: APAGADO | AG18: APAGADO | AH18: APAGADO
A19: BOSQUES CENTRO | B19: BOSQC 02 | C19: COSEIDI | D19: LUIS AGOTE E/DANUNCIO Y CAMPOAMOR | E19: Fija | F19: Radio | H19: 172.20.11.16 | I19: =COUNTIF(L19:AM19,"") -> 22 | J19: =COUNTIF(L19:AM19,"APAGADO") -> 6 | K19: =(I19)/(J19+I19) -> 0.78571429 | W19: APAGADO | AD19: APAGADO | AE19: APAGADO | AF19: APAGADO | AG19: APAGADO | AH19: APAGADO
A20: BOSQUES CENTRO | B20: BOSQC 03 | C20: COSEIDI | D20: BENAVENTE Y LUIS AGOTE | E20: Fija | F20: Radio | H20: 172.20.11.13 | I20: =COUNTIF(L20:AM20,"") -> 22 | J20: =COUNTIF(L20:AM20,"APAGADO") -> 6 | K20: =(I20)/(J20+I20) -> 0.78571429 | W20: APAGADO | AD20: APAGADO | AE20: APAGADO | AF20: APAGADO | AG20: APAGADO | AH20: APAGADO
A21: BOSQUES CENTRO | B21: BOSQC 04 | C21: COSEIDI | D21: BENAVENTE Y LUIS AGOTE | E21: Fija | F21: Radio | H21: 172.20.11.113 | I21: =COUNTIF(L21:AM21,"") -> 22 | J21: =COUNTIF(L21:AM21,"APAGADO") -> 6 | K21: =(I21)/(J21+I21) -> 0.78571429 | W21: APAGADO | AD21: APAGADO | AE21: APAGADO | AF21: APAGADO | AG21: APAGADO | AH21: APAGADO
A22: BOSQUES CENTRO | B22: BOSQC 05 | C22: COSEIDI | D22: LUIS AGOTE Y RUTA 36 | E22: Fija | F22: Radio | H22: 172.20.11.17 | I22: =COUNTIF(L22:AM22,"") -> 22 | J22: =COUNTIF(L22:AM22,"APAGADO") -> 6 | K22: =(I22)/(J22+I22) -> 0.78571429 | W22: APAGADO | AD22: APAGADO | AE22: APAGADO | AF22: APAGADO | AG22: APAGADO | AH22: APAGADO
A23: BOSQUES CENTRO | B23: BOSQC 06 | C23: COSEIDI | D23: LUIS AGOTE Y RUTA 36 | E23: Fija | F23: Radio | H23: 172.20.11.18 | I23: =COUNTIF(L23:AM23,"") -> 24 | J23: =COUNTIF(L23:AM23,"APAGADO") -> 4 | K23: =(I23)/(J23+I23) -> 0.85714286 | W23: APAGADO | AD23: APAGADO | AE23: APAGADO | AF23: APAGADO
A24: CENTRO | B24: CEN01 | C24: BONOMO | D24: San Martin y 9 de Julio | E24: Fija | F24: Fibra Optica | H24: 172.20.11.10 | I24: =COUNTIF(L24:AM24,"") -> 28 | J24: =COUNTIF(L24:AM24,"APAGADO") -> 0 | K24: =(I24)/(J24+I24) -> 1
A25: CENTRO | B25: CEN02 | C25: BONOMO | D25: San Martin y Almafuerte | E25: Fija | F25: Fibra Optica | H25: 172.20.11.11 | I25: =COUNTIF(L25:AM25,"") -> 28 | J25: =COUNTIF(L25:AM25,"APAGADO") -> 0 | K25: =(I25)/(J25+I25) -> 1
A26: CENTRO | B26: CEN03 | C26: BONOMO | D26: San Martin y Sallares | E26: Domo | F26: Fibra Optica | H26: 172.20.12.30 | I26: =COUNTIF(L26:AM26,"") -> 28 | J26: =COUNTIF(L26:AM26,"APAGADO") -> 0 | K26: =(I26)/(J26+I26) -> 1
A27: CENTRO | B27: CEN04 | C27: BONOMO | D27: San Martin y Contreras | E27: Domo | F27: Fibra Optica | H27: 172.20.12.29 | I27: =COUNTIF(L27:AM27,"") -> 28 | J27: =COUNTIF(L27:AM27,"APAGADO") -> 0 | K27: =(I27)/(J27+I27) -> 1
A28: CENTRO | B28: CEN 05 | C28: BONOMO | D28: Bocuzzi e/España y San Martin | E28: DOMO | F28: Fibra Optica | H28: 172.20.10.200 | I28: =COUNTIF(L28:AM28,"") -> 27 | J28: =COUNTIF(L28:AM28,"APAGADO") -> 1 | K28: =(I28)/(J28+I28) -> 0.96428571 | Z28: APAGADO
A29: CENTRO | B29: CEN06 | C29: BONOMO | D29: Monteagudo y A.del Valle | E29: Fija | F29: Fibra Optica | H29: 172.20.10.02 | I29: =COUNTIF(L29:AM29,"") -> 28 | J29: =COUNTIF(L29:AM29,"APAGADO") -> 0 | K29: =(I29)/(J29+I29) -> 1
A30: CENTRO | B30: CEN07 | C30: BONOMO | D30: San Martin y Guemes | E30: DOMO | F30: Fibra Optica | H30: 172.20.11.20 | I30: =COUNTIF(L30:AM30,"") -> 28 | J30: =COUNTIF(L30:AM30,"APAGADO") -> 0 | K30: =(I30)/(J30+I30) -> 1
A31: CENTRO | B31: CEN08 | C31: BONOMO | D31: San Martin y Pte.Peron | E31: Domo | F31: Fibra Optica | H31: 172.20.11.21 | I31: =COUNTIF(L31:AM31,"") -> 28 | J31: =COUNTIF(L31:AM31,"APAGADO") -> 0 | K31: =(I31)/(J31+I31) -> 1
A32: CENTRO | B32: CEN09 | C32: BONOMO | D32: Chacabuco y 25 de Mayo | E32: Domo | F32: Fibra Optica | H32: 172.20.11.22 | I32: =COUNTIF(L32:AM32,"") -> 28 | J32: =COUNTIF(L32:AM32,"APAGADO") -> 0 | K32: =(I32)/(J32+I32) -> 1
A33: CENTRO | B33: CEN10 | C33: BONOMO | D33: Monteagudo y Pte. Peron | E33: Domo | F33: Fibra Optica | H33: 172.20.11.23 | I33: =COUNTIF(L33:AM33,"") -> 28 | J33: =COUNTIF(L33:AM33,"APAGADO") -> 0 | K33: =(I33)/(J33+I33) -> 1
A34: CENTRO | B34: CEN11 | C34: BONOMO | D34: Monteagudo y Bocuzzi | E34: Domo | F34: Fibra Optica | H34: 172.20.10.24 | I34: =COUNTIF(L34:AM34,"") -> 28 | J34: =COUNTIF(L34:AM34,"APAGADO") -> 0 | K34: =(I34)/(J34+I34) -> 1
A35: CENTRO | B35: CEN 12 | C35: BONOMO | D35: Monteagudo y Mitre | E35: Domo | F35: Fibra Optica | H35: 172.20.10.23 | I35: =COUNTIF(L35:AM35,"") -> 28 | J35: =COUNTIF(L35:AM35,"APAGADO") -> 0 | K35: =(I35)/(J35+I35) -> 1
A36: CENTRO | B36: CEN 13 | C36: BONOMO | D36: 25 de Mayo y Maipu | E36: DOMO | F36: Fibra Optica | H36: 172.20.10.20 | I36: =COUNTIF(L36:AM36,"") -> 28 | J36: =COUNTIF(L36:AM36,"APAGADO") -> 0 | K36: =(I36)/(J36+I36) -> 1
A37: CENTRO | B37: CEN14 | C37: BONOMO | D37: Pte.Peron e/Pringles y Brown | E37: Domo | F37: Fibra Optica | H37: 172.20.10.21 | I37: =COUNTIF(L37:AM37,"") -> 28 | J37: =COUNTIF(L37:AM37,"APAGADO") -> 0 | K37: =(I37)/(J37+I37) -> 1
A38: CENTRO | B38: CEN15 | C38: BONOMO | D38: Alberdi y A.del Valle | E38: Domo | F38: Fibra Optica | H38: 172.20.10.35 | I38: =COUNTIF(L38:AM38,"") -> 28 | J38: =COUNTIF(L38:AM38,"APAGADO") -> 0 | K38: =(I38)/(J38+I38) -> 1
A39: CENTRO | B39: CEN16 | C39: BONOMO | D39: San Martin y Pte. Peron | E39: Fija | F39: Fibra Optica | H39: 172.20.12.36 | I39: =COUNTIF(L39:AM39,"") -> 28 | J39: =COUNTIF(L39:AM39,"APAGADO") -> 0 | K39: =(I39)/(J39+I39) -> 1
A40: CENTRO | B40: CEN17 | C40: BONOMO | D40: San Martin y Mitre | E40: Domo | F40: PTO A FO | G40: SAN MARTIN Y SALLARES | H40: 172.20.12.200 | I40: =COUNTIF(L40:AM40,"") -> 26 | J40: =COUNTIF(L40:AM40,"APAGADO") -> 2 | K40: =(I40)/(J40+I40) -> 0.92857143 | U40: APAGADO | V40: APAGADO
A41: CENTRO | B41: CEN18 | C41: BONOMO | D41: Monteagudo e/Mitre y Sallares | E41: Fija | F41: Fibra Optica | H41: 172.20.10.26 | I41: =COUNTIF(L41:AM41,"") -> 28 | J41: =COUNTIF(L41:AM41,"APAGADO") -> 0 | K41: =(I41)/(J41+I41) -> 1
A42: CENTRO | B42: CEN19 | C42: BONOMO | D42: Chacabuco y 25 de Mayo | E42: Fija | F42: Fibra Optica | H42: 172.20.10.27 | I42: =COUNTIF(L42:AM42,"") -> 28 | J42: =COUNTIF(L42:AM42,"APAGADO") -> 0 | K42: =(I42)/(J42+I42) -> 1
A43: LOMAS DE MONTEVERDE | B43: CEN20 | C43: BONOMO | D43: Pte. Illia y Las Heras | E43: Domo | F43: Fibra Optica | H43: 172.20.10.33 | I43: =COUNTIF(L43:AM43,"") -> 28 | J43: =COUNTIF(L43:AM43,"APAGADO") -> 0 | K43: =(I43)/(J43+I43) -> 1
A44: CENTRO | B44: CEN21 | C44: BONOMO | D44: Misiones y Urquiza | E44: Fija | F44: Radio | H44: 172.20.200.132 | I44: =COUNTIF(L44:AM44,"") -> 28 | J44: =COUNTIF(L44:AM44,"APAGADO") -> 0 | K44: =(I44)/(J44+I44) -> 1
A45: CENTRO | B45: CEN22 | C45: BONOMO | D45: Las Heras y Chacabuco | E45: Domo | F45: Radio | H45: 172.20.200.125 | I45: =COUNTIF(L45:AM45,"") -> 28 | J45: =COUNTIF(L45:AM45,"APAGADO") -> 0 | K45: =(I45)/(J45+I45) -> 1
A46: CENTRO | B46: CEN23 | C46: BONOMO | D46: Sallares y Monteagudo | E46: Domo | F46: Fibra Optica | H46: 172.20.12.05 | I46: =COUNTIF(L46:AM46,"") -> 28 | J46: =COUNTIF(L46:AM46,"APAGADO") -> 0 | K46: =(I46)/(J46+I46) -> 1
A47: CENTRO | B47: CEN24 | C47: BONOMO | D47: Sallares y España | E47: Domo | F47: Fibra Optica | H47: 172.20.12.04 | I47: =COUNTIF(L47:AM47,"") -> 28 | J47: =COUNTIF(L47:AM47,"APAGADO") -> 0 | K47: =(I47)/(J47+I47) -> 1
A48: CENTRO | B48: CEN25 | C48: BONOMO | D48: SAN MARTIN Y 9 DE JULIO | E48: Domo | F48: Fibra Optica | H48: 172.20.12.02 | I48: =COUNTIF(L48:AM48,"") -> 28 | J48: =COUNTIF(L48:AM48,"APAGADO") -> 0 | K48: =(I48)/(J48+I48) -> 1
A49: CENTRO | B49: CEN26 | C49: BONOMO | D49: Mitre y España | E49: Domo | F49: Fibra Optica | H49: 172.20.12.06 | I49: =COUNTIF(L49:AM49,"") -> 28 | J49: =COUNTIF(L49:AM49,"APAGADO") -> 0 | K49: =(I49)/(J49+I49) -> 1
A50: CENTRO | B50: CEN27 | C50: BONOMO | D50: San Juan y España | E50: Domo | F50: Fibra Optica | H50: 172.20.12.37 | I50: =COUNTIF(L50:AM50,"") -> 28 | J50: =COUNTIF(L50:AM50,"APAGADO") -> 0 | K50: =(I50)/(J50+I50) -> 1
A51: CENTRO | B51: CEN28 | C51: BONOMO | D51: Mitre y Alberdi | E51: Domo | F51: Fibra Optica | H51: 172.20.12.38 | I51: =COUNTIF(L51:AM51,"") -> 28 | J51: =COUNTIF(L51:AM51,"APAGADO") -> 0 | K51: =(I51)/(J51+I51) -> 1
A52: CENTRO | B52: CEN29 | C52: BONOMO | D52: Alberdi y San Juan | E52: Domo | F52: Fibra Optica | H52: 172.20.12.40 | I52: =COUNTIF(L52:AM52,"") -> 28 | J52: =COUNTIF(L52:AM52,"APAGADO") -> 0 | K52: =(I52)/(J52+I52) -> 1
... A54: CENTRO | B54: CEN31 | C54: BONOMO | D54: Mitre e/Monteagudo y Alberdi | E54: Domo | F54: Fibra Optica | H54: 172.20.12.41 | I54: =COUNTIF(L54:AM54,"") -> 28 | J54: =COUNTIF(L54:AM54,"APAGADO") -> 0 | K54: =(I54)/(J54+I54) -> 1
A55: CENTRO | B55: CEN32 | C55: BONOMO | D55: Aristobulo del Valle y España | E55: Domo | F55: Fibra Optica | H55: 172.20.12.42 | I55: =COUNTIF(L55:AM55,"") -> 22 | J55: =COUNTIF(L55:AM55,"APAGADO") -> 6 | K55: =(I55)/(J55+I55) -> 0.78571429 | R55: APAGADO | W55: APAGADO | X55: APAGADO | AD55: APAGADO | AE55: APAGADO | AK55: APAGADO
A56: CENTRO | B56: CEN33 | C56: BONOMO | D56: Peron y Alberdi | E56: Domo | F56: Fibra Optica | H56: 172.20.12.47 | I56: =COUNTIF(L56:AM56,"") -> 24 | J56: =COUNTIF(L56:AM56,"APAGADO") -> 4 | K56: =(I56)/(J56+I56) -> 0.85714286 | AD56: APAGADO | AE56: APAGADO | AF56: APAGADO | AG56: APAGADO
A57: CENTRO | B57: CEN34 | C57: BONOMO | D57: Peron y España | E57: Domo | F57: Fibra Optica | H57: 172.20.12.49 | I57: =COUNTIF(L57:AM57,"") -> 28 | J57: =COUNTIF(L57:AM57,"APAGADO") -> 0 | K57: =(I57)/(J57+I57) -> 1
A58: CENTRO | B58: CEN35 | C58: BONOMO | D58: España y Marmol | E58: Domo | F58: Fibra Optica | H58: 172.20.12.50 | I58: =COUNTIF(L58:AM58,"") -> 28 | J58: =COUNTIF(L58:AM58,"APAGADO") -> 0 | K58: =(I58)/(J58+I58) -> 1
A59: CENTRO | B59: CEN36 | C59: BONOMO | D59: España y 9 de Julio | E59: Domo | F59: Fibra Optica | H59: 172.20.12.51 | I59: =COUNTIF(L59:AM59,"") -> 28 | J59: =COUNTIF(L59:AM59,"APAGADO") -> 0 | K59: =(I59)/(J59+I59) -> 1
A60: CENTRO | B60: CEN 37 | C60: BONOMO | D60: Diagonal Granaderos y Monteagudo | E60: Domo | F60: Fibra Optica | H60: 172.20.12.52 | I60: =COUNTIF(L60:AM60,"") -> 28 | J60: =COUNTIF(L60:AM60,"APAGADO") -> 0 | K60: =(I60)/(J60+I60) -> 1
A61: CENTRO | B61: CEN38 | C61: BONOMO | D61: Diagonal Constituyentes y Almafuerte | E61: Domo | F61: Fibra Optica | H61: 172.20.12.53 | I61: =COUNTIF(L61:AM61,"") -> 28 | J61: =COUNTIF(L61:AM61,"APAGADO") -> 0 | K61: =(I61)/(J61+I61) -> 1
A62: CENTRO | B62: CEN39 | C62: BONOMO | D62: San Martin y Alem | E62: Domo | F62: Fibra Optica | H62: 172.20.12.56 | I62: =COUNTIF(L62:AM62,"") -> 28 | J62: =COUNTIF(L62:AM62,"APAGADO") -> 0 | K62: =(I62)/(J62+I62) -> 1
A63: CENTRO | B63: CEN40 | C63: BONOMO | D63: Contreras y Monteagudo | E63: Domo | F63: Fibra Optica | H63: 172.20.12.57 | I63: =COUNTIF(L63:AM63,"") -> 28 | J63: =COUNTIF(L63:AM63,"APAGADO") -> 0 | K63: =(I63)/(J63+I63) -> 1
A64: CENTRO | B64: CEN41 | C64: BONOMO | D64: Contreras y Alberdi | E64: Domo | F64: Fibra Optica | H64: 172.20.12.58 | I64: =COUNTIF(L64:AM64,"") -> 28 | J64: =COUNTIF(L64:AM64,"APAGADO") -> 0 | K64: =(I64)/(J64+I64) -> 1
A65: CENTRO | B65: CEN42 | C65: BONOMO | D65: Diagonal Constituyentes y Alem | E65: Domo | F65: Fibra Optica | H65: 172.20.12.59 | I65: =COUNTIF(L65:AM65,"") -> 28 | J65: =COUNTIF(L65:AM65,"APAGADO") -> 0 | K65: =(I65)/(J65+I65) -> 1
A66: CENTRO | B66: CEN43 | C66: BONOMO | D66: Sallares y Alberdi | E66: Domo | F66: Fibra Optica | H66: 172.20.12.61 | I66: =COUNTIF(L66:AM66,"") -> 27 | J66: =COUNTIF(L66:AM66,"APAGADO") -> 1 | K66: =(I66)/(J66+I66) -> 0.96428571 | V66: APAGADO
A67: CENTRO | B67: CEN44 | C67: BONOMO | D67: Mitre y Brown | E67: Domo | F67: Fibra Optica | H67: 172.20.12.62 | I67: =COUNTIF(L67:AM67,"") -> 7 | J67: =COUNTIF(L67:AM67,"APAGADO") -> 21 | K67: =(I67)/(J67+I67) -> 0.25 | Q67: APAGADO | T67: APAGADO | U67: APAGADO | V67: APAGADO | W67: APAGADO | X67: APAGADO | Y67: APAGADO | Z67: APAGADO | AA67: APAGADO | AB67: APAGADO | AC67: APAGADO | AD67: APAGADO | AE67: APAGADO | AF67: APAGADO | AG67: APAGADO | AH67: APAGADO | AI67: APAGADO | AJ67: APAGADO | AK67: APAGADO | AL67: APAGADO | AM67: APAGADO | AN67: APAGADO | AO67: APAGADO
A68: CENTRO | B68: CEN45 (fija 1) | C68: BONOMO | D68: EEUU Y MORENO | E68: Fija | F68: Fibra Optica | H68: 172.20.11.74 | I68: =COUNTIF(L68:AM68,"") -> 28 | J68: =COUNTIF(L68:AM68,"APAGADO") -> 0 | K68: =(I68)/(J68+I68) -> 1
A69: CENTRO | B69: CEN46 (fija 2) | C69: BONOMO | D69: EEUU Y MORENO | E69: Fija | F69: Fibra Optica | H69: 172.20.11.75 | I69: =COUNTIF(L69:AM69,"") -> 28 | J69: =COUNTIF(L69:AM69,"APAGADO") -> 0 | K69: =(I69)/(J69+I69) -> 1
A70: CENTRO | B70: CEN47 | C70: BONOMO | D70: Sallares y Brown | E70: Domo | F70: Fibra Optica | H70: 172.20.12.65 | I70: =COUNTIF(L70:AM70,"") -> 7 | J70: =COUNTIF(L70:AM70,"APAGADO") -> 21 | K70: =(I70)/(J70+I70) -> 0.25 | Q70: APAGADO | T70: APAGADO | U70: APAGADO | V70: APAGADO | W70: APAGADO | X70: APAGADO | Y70: APAGADO | Z70: APAGADO | AA70: APAGADO | AB70: APAGADO | AC70: APAGADO | AD70: APAGADO | AE70: APAGADO | AF70: APAGADO | AG70: APAGADO | AH70: APAGADO | AI70: APAGADO | AJ70: APAGADO | AK70: APAGADO | AL70: APAGADO | AM70: APAGADO | AN70: APAGADO | AO70: APAGADO
A71: CENTRO | B71: CEN48 | C71: BONOMO | D71: Velez Sarsfield y Las Heras | E71: Domo | F71: Radio | H71: 172.20.200.181 | I71: =COUNTIF(L71:AM71,"") -> 28 | J71: =COUNTIF(L71:AM71,"APAGADO") -> 0 | K71: =(I71)/(J71+I71) -> 1
A72: CENTRO | B72: CEN49 | C72: BONOMO | D72: Av. San Martin y Florencio Sanchez | E72: Domo | F72: Radio | H72: 172.20.200.182 | I72: =COUNTIF(L72:AM72,"") -> 28 | J72: =COUNTIF(L72:AM72,"APAGADO") -> 0 | K72: =(I72)/(J72+I72) -> 1
A73: CENTRO | B73: CEN 50 | C73: BONOMO | D73: Av. San Martin y Newbery | E73: Domo | F73: Radio | H73: 172.20.200.184 | I73: =COUNTIF(L73:AM73,"") -> 28 | J73: =COUNTIF(L73:AM73,"APAGADO") -> 0 | K73: =(I73)/(J73+I73) -> 1
A74: CENTRO | B74: CEN 51 | C74: BONOMO | D74: ILLIA Y LAS HERAS | E74: FIJA | F74: Fibra Optica | H74: 172.20.11.29 | I74: =COUNTIF(L74:AM74,"") -> 28 | J74: =COUNTIF(L74:AM74,"APAGADO") -> 0 | K74: =(I74)/(J74+I74) -> 1
A75: CENTRO | B75: CEN52 | C75: BONOMO | D75: San Martin y Almafuerte (ex San Martin y Dorrego) | E75: DOMO | F75: Radio | H75: 172.20.200.191 | I75: =COUNTIF(L75:AM75,"") -> 28 | J75: =COUNTIF(L75:AM75,"APAGADO") -> 0 | K75: =(I75)/(J75+I75) -> 1
A76: CENTRO | B76: CEN 53 | C76: BONOMO | D76: GUTIERREZ Y BROWN | E76: Domo | F76: Radio | H76: 172.20.200.166 | I76: =COUNTIF(L76:AM76,"") -> 28 | J76: =COUNTIF(L76:AM76,"APAGADO") -> 0 | K76: =(I76)/(J76+I76) -> 1
A77: CENTRO | B77: CEN 54 | C77: BONOMO | D77: GUTIERREZ Y PRINGLES | E77: Domo | F77: Radio | H77: 172.20.200.165 | I77: =COUNTIF(L77:AM77,"") -> 28 | J77: =COUNTIF(L77:AM77,"APAGADO") -> 0 | K77: =(I77)/(J77+I77) -> 1
A78: CENTRO | B78: CEN 55 | C78: BONOMO | D78: BOUREL Y URQUIZA | E78: Domo | F78: Radio | H78: 172.20.200.163 | I78: =COUNTIF(L78:AM78,"") -> 17 | J78: =COUNTIF(L78:AM78,"APAGADO") -> 11 | K78: =(I78)/(J78+I78) -> 0.60714286 | AC78: APAGADO | AD78: APAGADO | AE78: APAGADO | AF78: APAGADO | AG78: APAGADO | AH78: APAGADO | AI78: APAGADO | AJ78: APAGADO | AK78: APAGADO | AL78: APAGADO | AM78: APAGADO | AN78: APAGADO | AO78: APAGADO
A79: CENTRO | B79: CEN 56 | C79: BONOMO | D79: Newbery y Falucho | E79: DOMO | F79: Radio | H79: 172.20.200.161 | I79: =COUNTIF(L79:AM79,"") -> 21 | J79: =COUNTIF(L79:AM79,"APAGADO") -> 7 | K79: =(I79)/(J79+I79) -> 0.75 | L79: APAGADO | M79: APAGADO | AB79: APAGADO | AF79: APAGADO | AI79: APAGADO | AK79: APAGADO | AL79: APAGADO
A80: CENTRO | B80: CEN 57 | C80: BONOMO | D80: 25 DE MAYO Y DORREGO | E80: DOMO | F80: Radio | H80: 172.20.200.199 | I80: =COUNTIF(L80:AM80,"") -> 28 | J80: =COUNTIF(L80:AM80,"APAGADO") -> 0 | K80: =(I80)/(J80+I80) -> 1
A81: CENTRO | B81: CEN 58 | C81: BONOMO | D81: EEUU Y MORENO | E81: DOMO | F81: Fibra Optica | H81: 172.20.11.84 | I81: =COUNTIF(L81:AM81,"") -> 28 | J81: =COUNTIF(L81:AM81,"APAGADO") -> 0 | K81: =(I81)/(J81+I81) -> 1
A82: CENTRO | B82: CEN59 | C82: BONOMO | D82: CHACABUCO Y BOUREL | E82: DOMO | F82: Radio | H82: 172.20.200.188 | I82: =COUNTIF(L82:AM82,"") -> 28 | J82: =COUNTIF(L82:AM82,"APAGADO") -> 0 | K82: =(I82)/(J82+I82) -> 1
A83: CENTRO | B83: CEN 60 | C83: BONOMO | D83: RECONQUISTA Y ILLIA | E83: DOMO | F83: PTO A FO | G83: ILLIA Y LAS HERAS | H83: 172.20.12.67 | I83: =COUNTIF(L83:AM83,"") -> 21 | J83: =COUNTIF(L83:AM83,"APAGADO") -> 7 | K83: =(I83)/(J83+I83) -> 0.75 | V83: APAGADO | W83: APAGADO | X83: APAGADO | Y83: APAGADO | Z83: APAGADO | AA83: APAGADO | AB83: APAGADO
A84: CENTRO | B84: CEN 61 | C84: BONOMO | D84: BOUREL Y MAIPU | E84: DOMO | F84: Radio | H84: 172.20.200.159 | I84: =COUNTIF(L84:AM84,"") -> 23 | J84: =COUNTIF(L84:AM84,"APAGADO") -> 5 | K84: =(I84)/(J84+I84) -> 0.82142857 | AC84: APAGADO | AD84: APAGADO | AE84: APAGADO | AF84: APAGADO | AG84: APAGADO
A85: CENTRO | B85: CEN62 | C85: BONOMO | D85: ESPAÑA Y ALEM | E85: DOMO | F85: PTO A FO | G85: SAN MARTIN Y ALEM | H85: 172.20.12.82 | I85: =COUNTIF(L85:AM85,"") -> 28 | J85: =COUNTIF(L85:AM85,"APAGADO") -> 0 | K85: =(I85)/(J85+I85) -> 1
A86: CENTRO | B86: CEN63 | C86: BONOMO | D86: SAN MARTIN Y URQUIZA | E86: DOMO | F86: Fibra Optica | H86: 172.20.11.112 | I86: =COUNTIF(L86:AM86,"") -> 28 | J86: =COUNTIF(L86:AM86,"APAGADO") -> 0 | K86: =(I86)/(J86+I86) -> 1
A87: CENTRO | B87: CEN64 | C87: BONOMO | D87: SAN MARTIN Y BOCCUZZI | E87: FIJA | F87: Fibra Optica | H87: 172.20.11.134 | I87: =COUNTIF(L87:AM87,"") -> 27 | J87: =COUNTIF(L87:AM87,"APAGADO") -> 1 | K87: =(I87)/(J87+I87) -> 0.96428571 | Z87: APAGADO
A88: CENTRO | B88: CEN 65 | C88: BONOMO | D88: SAN MARTIN Y JUAN PERON | E88: FIJA | F88: Fibra Optica | H88: 172.20.11.135 | I88: =COUNTIF(L88:AM88,"") -> 28 | J88: =COUNTIF(L88:AM88,"APAGADO") -> 0 | K88: =(I88)/(J88+I88) -> 1
A89: CENTRO | B89: CEN66 | C89: BONOMO | D89: SAN MARTIN Y JUAN PERON | E89: FIJA | F89: Fibra Optica | H89: 172.20.11.136 | I89: =COUNTIF(L89:AM89,"") -> 28 | J89: =COUNTIF(L89:AM89,"APAGADO") -> 0 | K89: =(I89)/(J89+I89) -> 1
A90: CENTRO | B90: CEN67 (fija 1) | C90: BONOMO | D90: 9 DE JULIO Y BROWN | E90: Fija | F90: Fibra Optica | H90: 172.20.11.188 | I90: =COUNTIF(L90:AM90,"") -> 28 | J90: =COUNTIF(L90:AM90,"APAGADO") -> 0 | K90: =(I90)/(J90+I90) -> 1
A91: CENTRO | B91: CEN68 (fija 2) | C91: BONOMO | D91: 9 DE JULIO Y BROWN | E91: Fija | F91: Fibra Optica | H91: 172.20.11.189 | I91: =COUNTIF(L91:AM91,"") -> 28 | J91: =COUNTIF(L91:AM91,"APAGADO") -> 0 | K91: =(I91)/(J91+I91) -> 1
A92: CENTRO | B92: CEN69 | C92: BONOMO | D92: RIVADAVIA Y BOUREL | E92: DOMO | F92: Fibra Optica | H92: 172.20.11.222 | I92: =COUNTIF(L92:AM92,"") -> 28 | J92: =COUNTIF(L92:AM92,"APAGADO") -> 0 | K92: =(I92)/(J92+I92) -> 1
A93: CENTRO | B93: CEN 70 | C93: BONOMO | D93: RIVADAVIA Y 25 MAYO | E93: Domo | F93: Fibra Optica | H93: 172.20.11.221 | I93: =COUNTIF(L93:AM93,"") -> 28 | J93: =COUNTIF(L93:AM93,"APAGADO") -> 0 | K93: =(I93)/(J93+I93) -> 1
A94: CENTRO | B94: CEN 71 | C94: BONOMO | D94: MORENO Y BOUREL | E94: Domo | F94: Fibra Optica | H94: 172.20.11.220 | I94: =COUNTIF(L94:AM94,"") -> 28 | J94: =COUNTIF(L94:AM94,"APAGADO") -> 0 | K94: =(I94)/(J94+I94) -> 1
A95: CENTRO | B95: CEN 72 | C95: BONOMO | D95: MORENO Y 25 DE MAYO | E95: Domo | F95: Fibra Optica | H95: 172.20.11.219 | I95: =COUNTIF(L95:AM95,"") -> 28 | J95: =COUNTIF(L95:AM95,"APAGADO") -> 0 | K95: =(I95)/(J95+I95) -> 1
A96: CENTRO | B96: CEN73 | C96: BONOMO | D96: BOUREL Y DEFENSA | E96: DOMO | F96: Fibra Optica | H96: 172.20.11.223 | I96: =COUNTIF(L96:AM96,"") -> 28 | J96: =COUNTIF(L96:AM96,"APAGADO") -> 0 | K96: =(I96)/(J96+I96) -> 1
A97: CENTRO | B97: CEN74 | C97: BONOMO | D97: Las Heras y Maipu | E97: Domo | F97: Fibra Optica | H97: 172.20.11.53 | I97: =COUNTIF(L97:AM97,"") -> 27 | J97: =COUNTIF(L97:AM97,"APAGADO") -> 1 | K97: =(I97)/(J97+I97) -> 0.96428571 | AE97: APAGADO
A98: CENTRO | B98: CEN 75 | C98: BONOMO | D98: 25 DE MAYO Y CASTELLI | E98: Domo | F98: Fibra Optica | H98: 172.20.11.114 | I98: =COUNTIF(L98:AM98,"") -> 28 | J98: =COUNTIF(L98:AM98,"APAGADO") -> 0 | K98: =(I98)/(J98+I98) -> 1
A99: CENTRO | B99: CEN 76 | C99: BONOMO | D99: ESPAÑA E/MITRE Y BOCUZZI | E99: Fija | F99: Fibra Optica | H99: 172-20.11.110 | I99: =COUNTIF(L99:AM99,"") -> 28 | J99: =COUNTIF(L99:AM99,"APAGADO") -> 0 | K99: =(I99)/(J99+I99) -> 1
A100: CENTRO | B100: CEN 77 | C100: BONOMO | D100: Monteagudo e/ Mitre y Boccuzzi | E100: Fija | F100: Fibra Optica | H100: 172.20.11.241 | I100: =COUNTIF(L100:AM100,"") -> 28 | J100: =COUNTIF(L100:AM100,"APAGADO") -> 0 | K100: =(I100)/(J100+I100) -> 1
A101: CENTRO | B101: CEN 78 | C101: BONOMO | D101: Mitre e/Monteagudo y Alberdi | E101: Fija | F101: Fibra Optica | H101: 172.20.11.240 | I101: =COUNTIF(L101:AM101,"") -> 28 | J101: =COUNTIF(L101:AM101,"APAGADO") -> 0 | K101: =(I101)/(J101+I101) -> 1
...

Sheet ESTADISTICA
A1: ='RESUMEN TOTAL'!A4 -> Barrio | B1: ='RESUMEN TOTAL'!B4 -> [Denominacion] | C1: ='RESUMEN TOTAL'!D4 -> [Ubicacion] | D1: ='RESUMEN TOTAL'!E4 -> [Tipo de Camara] | E1: ='RESUMEN TOTAL'!F4 -> [Tipo de Conexion] | F1: ='RESUMEN TOTAL'!L4 -> 45139 | G1: ='RESUMEN TOTAL'!M4 -> 45140 | H1: ='RESUMEN TOTAL'!N4 -> 45141 | I1: ='RESUMEN TOTAL'!O4 -> 45142 | J1: ='RESUMEN TOTAL'!P4 -> 45143 | K1: ='RESUMEN TOTAL'!Q4 -> 45144 | L1: ='RESUMEN TOTAL'!R4 -> 45145 | M1: ='RESUMEN TOTAL'!S4 -> 45146 | ... AI1: ='RESUMEN TOTAL'!AO4 -> 45168 | AJ1: ='RESUMEN TOTAL'!#REF! -> #REF!
A2: ='RESUMEN TOTAL'!A5 -> ALTAMIRA | B2: ='RESUMEN TOTAL'!B5 -> ALT01 | C2: ='RESUMEN TOTAL'!D5 -> Calchaqui y Sgto. Cabral | D2: ='RESUMEN TOTAL'!E5 -> Domo | E2: ='RESUMEN TOTAL'!F5 -> Fibra Optica | F2: ='RESUMEN TOTAL'!L5 -> 0 | G2: ='RESUMEN TOTAL'!M5 -> 0 | H2: ='RESUMEN TOTAL'!N5 -> 0 | I2: ='RESUMEN TOTAL'!O5 -> APAGADO | J2: ='RESUMEN TOTAL'!P5 -> 0 | K2: ='RESUMEN TOTAL'!Q5 -> 0 | L2: ='RESUMEN TOTAL'!R5 -> 0 | M2: ='RESUMEN TOTAL'!S5 -> 0 | ... AI2: ='RESUMEN TOTAL'!AO5 -> 0 | AJ2: ='RESUMEN TOTAL'!#REF! -> #REF!
A3: ='RESUMEN TOTAL'!A6 -> ALTAMIRA | B3: ='RESUMEN TOTAL'!B6 -> ALT02 | C3: ='RESUMEN TOTAL'!D6 -> Calchaqui y Lope de Vega | D3: ='RESUMEN TOTAL'!E6 -> Domo | E3: ='RESUMEN TOTAL'!F6 -> PTO A FO | F3: ='RESUMEN TOTAL'!L6 -> 0 | G3: ='RESUMEN TOTAL'!M6 -> 0 | H3: ='RESUMEN TOTAL'!N6 -> 0 | I3: ='RESUMEN TOTAL'!O6 -> APAGADO | J3: ='RESUMEN TOTAL'!P6 -> 0 | K3: ='RESUMEN TOTAL'!Q6 -> APAGADO | L3: ='RESUMEN TOTAL'!R6 -> 0 | M3: ='RESUMEN TOTAL'!S6 -> 0 | ... AI3: ='RESUMEN TOTAL'!AO6 -> 0 | AJ3: ='RESUMEN TOTAL'!#REF! -> #REF!
A4: ='RESUMEN TOTAL'!A7 -> ALTAMIRA | B4: ='RESUMEN TOTAL'!B7 -> ALT 03 | C4: ='RESUMEN TOTAL'!D7 -> Bombero Galarza y Necochea | D4: ='RESUMEN TOTAL'!E7 -> Domo | E4: ='RESUMEN TOTAL'!F7 -> Fibra Optica | F4: ='RESUMEN TOTAL'!L7 -> 0 | G4: ='RESUMEN TOTAL'!M7 -> 0 | H4: ='RESUMEN TOTAL'!N7 -> 0 | I4: ='RESUMEN TOTAL'!O7 -> APAGADO | J4: ='RESUMEN TOTAL'!P7 -> 0 | K4: ='RESUMEN TOTAL'!Q7 -> 0 | L4: ='RESUMEN TOTAL'!R7 -> 0 | M4: ='RESUMEN TOTAL'!S7 -> 0 | ... AI4: ='RESUMEN TOTAL'!AO7 -> 0 | AJ4: ='RESUMEN TOTAL'!#REF! -> #REF!
A5: ='RESUMEN TOTAL'!A8 -> ALTAMIRA | B5: ='RESUMEN TOTAL'!B8 -> ALT 04 | C5: ='RESUMEN TOTAL'!D8 -> Francia y Necochea | D5: ='RESUMEN TOTAL'!E8 -> Domo | E5: ='RESUMEN TOTAL'!F8 -> Fibra Optica | F5: ='RESUMEN TOTAL'!L8 -> 0 | G5: ='RESUMEN TOTAL'!M8 -> 0 | H5: ='RESUMEN TOTAL'!N8 -> 0 | I5: ='RESUMEN TOTAL'!O8 -> APAGADO | J5: ='RESUMEN TOTAL'!P8 -> 0 | K5: ='RESUMEN TOTAL'!Q8 -> 0 | L5: ='RESUMEN TOTAL'!R8 -> 0 | M5: ='RESUMEN TOTAL'!S8 -> 0 | ... AI5: ='RESUMEN TOTAL'!AO8 -> 0 | AJ5: ='RESUMEN TOTAL'!#REF! -> #REF!
A6: ='RESUMEN TOTAL'!A9 -> ALTAMIRA | B6: ='RESUMEN TOTAL'!B9 -> ALT05 | C6: ='RESUMEN TOTAL'!D9 -> Av. Calchaqui y Bombero Galarza | D6: ='RESUMEN TOTAL'!E9 -> Domo | E6: ='RESUMEN TOTAL'!F9 -> PTO A FO | F6: ='RESUMEN TOTAL'!L9 -> 0 | G6: ='RESUMEN TOTAL'!M9 -> 0 | H6: ='RESUMEN TOTAL'!N9 -> 0 | I6: ='RESUMEN TOTAL'!O9 -> APAGADO | J6: ='RESUMEN TOTAL'!P9 -> 0 | K6: ='RESUMEN TOTAL'!Q9 -> 0 | L6: ='RESUMEN TOTAL'!R9 -> 0 | M6: ='RESUMEN TOTAL'!S9 -> 0 | ... AI6: ='RESUMEN TOTAL'!AO9 -> 0 | AJ6: ='RESUMEN TOTAL'!#REF! -> #REF!
A7: ='RESUMEN TOTAL'!A10 -> ALTAMIRA | B7: ='RESUMEN TOTAL'!B10 -> ALT 06 | C7: ='RESUMEN TOTAL'!D10 -> LOPE DE VEGA Y NECOCHEA | D7: ='RESUMEN TOTAL'!E10 -> Domo | E7: ='RESUMEN TOTAL'!F10 -> PTO A FO | F7: ='RESUMEN TOTAL'!L10 -> 0 | G7: ='RESUMEN TOTAL'!M10 -> 0 | H7: ='RESUMEN TOTAL'!N10 -> 0 | I7: ='RESUMEN TOTAL'!O10 -> APAGADO | J7: ='RESUMEN TOTAL'!P10 -> 0 | K7: ='RESUMEN TOTAL'!Q10 -> 0 | L7: ='RESUMEN TOTAL'!R10 -> 0 | M7: ='RESUMEN TOTAL'!S10 -> 0 | ... AI7: ='RESUMEN TOTAL'!AO10 -> 0 | AJ7: ='RESUMEN TOTAL'!#REF! -> #REF!
A8: ='RESUMEN TOTAL'!A11 -> ALTAMIRA | B8: ='RESUMEN TOTAL'!B11 -> ALT07 | C8: ='RESUMEN TOTAL'!D11 -> AV. CALCHAQUI Y AV. DEL TRABAJO | D8: ='RESUMEN TOTAL'!E11 -> DOMO | E8: ='RESUMEN TOTAL'!F11 -> PTO A FO | F8: ='RESUMEN TOTAL'!L11 -> 0 | G8: ='RESUMEN TOTAL'!M11 -> 0 | H8: ='RESUMEN TOTAL'!N11 -> 0 | I8: ='RESUMEN TOTAL'!O11 -> APAGADO | J8: ='RESUMEN TOTAL'!P11 -> 0 | K8: ='RESUMEN TOTAL'!Q11 -> 0 | L8: ='RESUMEN TOTAL'!R11 -> 0 | M8: ='RESUMEN TOTAL'!S11 -> 0 | ... AI8: ='RESUMEN TOTAL'!AO11 -> 0 | AJ8: ='RESUMEN TOTAL'!#REF! -> #REF!
A9: ='RESUMEN TOTAL'!A12 -> ALTAMIRA | B9: ='RESUMEN TOTAL'!B12 -> ALT 08 | C9: ='RESUMEN TOTAL'!D12 -> HUMAITA Y NECOCHEA | D9: ='RESUMEN TOTAL'!E12 -> DOMO | E9: ='RESUMEN TOTAL'!F12 -> Fibra Optica | F9: ='RESUMEN TOTAL'!L12 -> 0 | G9: ='RESUMEN TOTAL'!M12 -> 0 | H9: ='RESUMEN TOTAL'!N12 -> 0 | I9: ='RESUMEN TOTAL'!O12 -> APAGADO | J9: ='RESUMEN TOTAL'!P12 -> 0 | K9: ='RESUMEN TOTAL'!Q12 -> 0 | L9: ='RESUMEN TOTAL'!R12 -> 0 | M9: ='RESUMEN TOTAL'!S12 -> 0 | ... AI9: ='RESUMEN TOTAL'!AO12 -> 0 | AJ9: ='RESUMEN TOTAL'!#REF! -> #REF!
A10: ='RESUMEN TOTAL'!A13 -> ALTAMIRA | B10: ='RESUMEN TOTAL'!B13 -> ALT 09 | C10: ='RESUMEN TOTAL'!D13 -> NECOCHEA Y CURUPAITY | D10: ='RESUMEN TOTAL'!E13 -> DOMO | E10: ='RESUMEN TOTAL'!F13 -> Fibra Optica | F10: ='RESUMEN TOTAL'!L13 -> 0 | G10: ='RESUMEN TOTAL'!M13 -> 0 | H10: ='RESUMEN TOTAL'!N13 -> 0 | I10: ='RESUMEN TOTAL'!O13 -> APAGADO | J10: ='RESUMEN TOTAL'!P13 -> 0 | K10: ='RESUMEN TOTAL'!Q13 -> 0 | L10: ='RESUMEN TOTAL'!R13 -> 0 | M10: ='RESUMEN TOTAL'!S13 -> 0 | ... AI10: ='RESUMEN TOTAL'!AO13 -> 0 | AJ10: ='RESUMEN TOTAL'!#REF! -> #REF!
A11: ='RESUMEN TOTAL'!A14 -> ALTAMIRA | B11: ='RESUMEN TOTAL'!B14 -> ALT 10 | C11: ='RESUMEN TOTAL'!D14 -> Calchaqui y Francia | D11: ='RESUMEN TOTAL'!E14 -> Domo | E11: ='RESUMEN TOTAL'!F14 -> Radio | F11: ='RESUMEN TOTAL'!L14 -> 0 | G11: ='RESUMEN TOTAL'!M14 -> 0 | H11: ='RESUMEN TOTAL'!N14 -> 0 | I11: ='RESUMEN TOTAL'!O14 -> APAGADO | J11: ='RESUMEN TOTAL'!P14 -> 0 | K11: ='RESUMEN TOTAL'!Q14 -> 0 | L11: ='RESUMEN TOTAL'!R14 -> 0 | M11: ='RESUMEN TOTAL'!S14 -> 0 | ... AI11: ='RESUMEN TOTAL'!AO14 -> 0 | AJ11: ='RESUMEN TOTAL'!#REF! -> #REF!
A12: ='RESUMEN TOTAL'!A15 -> AGUSTIN RAMIREZ | B12: ='RESUMEN TOTAL'!B15 -> ARA 01 | C12: ='RESUMEN TOTAL'!D15 -> Malambo y Tranquera | D12: ='RESUMEN TOTAL'!E15 -> Domo | E12: ='RESUMEN TOTAL'!F15 -> Fibra Optica | F12: ='RESUMEN TOTAL'!L15 -> APAGADO | G12: ='RESUMEN TOTAL'!M15 -> APAGADO | H12: ='RESUMEN TOTAL'!N15 -> APAGADO | I12: ='RESUMEN TOTAL'!O15 -> APAGADO | J12: ='RESUMEN TOTAL'!P15 -> 0 | K12: ='RESUMEN TOTAL'!Q15 -> APAGADO | L12: ='RESUMEN TOTAL'!R15 -> APAGADO | M12: ='RESUMEN TOTAL'!S15 -> APAGADO | ... AI12: ='RESUMEN TOTAL'!AO15 -> APAGADO | AJ12: ='RESUMEN TOTAL'!#REF! -> #REF!
... A464: ='RESUMEN TOTAL'!A467 -> PARADAS SEGURAS | B464: ='RESUMEN TOTAL'!B467 -> 26 | C464: ='RESUMEN TOTAL'!D467 -> HUDSON Y RIO COLORADO OESTE | D464: ='RESUMEN TOTAL'!E467 -> GFIJA | E464: ='RESUMEN TOTAL'!F467 -> GPON | F464: ='RESUMEN TOTAL'!L467 -> 0 | G464: ='RESUMEN TOTAL'!M467 -> 0 | H464: ='RESUMEN TOTAL'!N467 -> 0 | I464: ='RESUMEN TOTAL'!O467 -> 0 | J464: ='RESUMEN TOTAL'!P467 -> 0 | K464: ='RESUMEN TOTAL'!Q467 -> 0 | L464: ='RESUMEN TOTAL'!R467 -> 0 | M464: ='RESUMEN TOTAL'!S467 -> 0 | ... AI464: ='RESUMEN TOTAL'!AO467 -> 0 | AJ464: ='RESUMEN TOTAL'!#REF! -> #REF!
A465: ='RESUMEN TOTAL'!A468 -> PARADAS SEGURAS | B465: ='RESUMEN TOTAL'!B468 -> 26 I | C465: ='RESUMEN TOTAL'!D469 -> HUDON Y 818 ESTE | D465: ='RESUMEN TOTAL'!E468 -> INTERCOMUNICADOR | E465: ='RESUMEN TOTAL'!F468 -> GPON | F465: ='RESUMEN TOTAL'!L468 -> 0 | G465: ='RESUMEN TOTAL'!M468 -> 0 | H465: ='RESUMEN TOTAL'!N468 -> 0 | I465: ='RESUMEN TOTAL'!O468 -> 0 | J465: ='RESUMEN TOTAL'!P468 -> 0 | K465: ='RESUMEN TOTAL'!Q468 -> 0 | L465: ='RESUMEN TOTAL'!R468 -> 0 | M465: ='RESUMEN TOTAL'!S468 -> 0 | ... AI465: ='RESUMEN TOTAL'!AO468 -> 0 | AJ465: ='RESUMEN TOTAL'!#REF! -> #REF!
A466: ='RESUMEN TOTAL'!A469 -> PARADAS SEGURAS | B466: ='RESUMEN TOTAL'!B469 -> 27 | C466: ='RESUMEN TOTAL'!D471 -> HUDSON Y RIO TRAFUL OESTE | D466: ='RESUMEN TOTAL'!E469 -> GFIJA | E466: ='RESUMEN TOTAL'!F469 -> GPON | F466: ='RESUMEN TOTAL'!L469 -> 0 | G466: ='RESUMEN TOTAL'!M469 -> 0 | H466: ='RESUMEN TOTAL'!N469 -> 0 | I466: ='RESUMEN TOTAL'!O469 -> 0 | J466: ='RESUMEN TOTAL'!P469 -> 0 | K466: ='RESUMEN TOTAL'!Q469 -> 0 | L466: ='RESUMEN TOTAL'!R469 -> 0 | M466: ='RESUMEN TOTAL'!S469 -> 0 | ... AI466: ='RESUMEN TOTAL'!AO469 -> 0 | AJ466: ='RESUMEN TOTAL'!#REF! -> #REF!
A467: ='RESUMEN TOTAL'!A470 -> PARADAS SEGURAS | B467: ='RESUMEN TOTAL'!B470 -> 27 I | C467: ='RESUMEN TOTAL'!D473 -> HUDSON Y ESTOMBA ESTE | D467: ='RESUMEN TOTAL'!E470 -> INTERCOMUNICADOR | E467: ='RESUMEN TOTAL'!F470 -> GPON | F467: ='RESUMEN TOTAL'!L470 -> 0 | G467: ='RESUMEN TOTAL'!M470 -> 0 | H467: ='RESUMEN TOTAL'!N470 -> 0 | I467: ='RESUMEN TOTAL'!O470 -> 0 | J467: ='RESUMEN TOTAL'!P470 -> 0 | K467: ='RESUMEN TOTAL'!Q470 -> 0 | L467: ='RESUMEN TOTAL'!R470 -> 0 | M467: ='RESUMEN TOTAL'!S470 -> 0 | ... AI467: ='RESUMEN TOTAL'!AO470 -> 0 | AJ467: ='RESUMEN TOTAL'!#REF! -> #REF!
A468: ='RESUMEN TOTAL'!A471 -> PARADAS SEGURAS | B468: ='RESUMEN TOTAL'!B471 -> 28 | C468: ='RESUMEN TOTAL'!D475 -> HUDSON Y PICHEUTA OESTE | D468: ='RESUMEN TOTAL'!E471 -> GFIJA | E468: ='RESUMEN TOTAL'!F471 -> GPON | F468: ='RESUMEN TOTAL'!L471 -> 0 | G468: ='RESUMEN TOTAL'!M471 -> 0 | H468: ='RESUMEN TOTAL'!N471 -> 0 | I468: ='RESUMEN TOTAL'!O471 -> 0 | J468: ='RESUMEN TOTAL'!P471 -> 0 | K468: ='RESUMEN TOTAL'!Q471 -> 0 | L468: ='RESUMEN TOTAL'!R471 -> 0 | M468: ='RESUMEN TOTAL'!S471 -> 0 | ... AI468: ='RESUMEN TOTAL'!AO471 -> 0 | AJ468: ='RESUMEN TOTAL'!#REF! -> #REF!
A469: ='RESUMEN TOTAL'!A472 -> PARADAS SEGURAS | B469: ='RESUMEN TOTAL'!B472 -> 28 I | C469: ='RESUMEN TOTAL'!D477 -> HUDSON Y 830 ESTE | D469: ='RESUMEN TOTAL'!E472 -> INTERCOMUNICADOR | E469: ='RESUMEN TOTAL'!F472 -> GPON | F469: ='RESUMEN TOTAL'!L472 -> 0 | G469: ='RESUMEN TOTAL'!M472 -> 0 | H469: ='RESUMEN TOTAL'!N472 -> 0 | I469: ='RESUMEN TOTAL'!O472 -> 0 | J469: ='RESUMEN TOTAL'!P472 -> 0 | K469: ='RESUMEN TOTAL'!Q472 -> 0 | L469: ='RESUMEN TOTAL'!R472 -> 0 | M469: ='RESUMEN TOTAL'!S472 -> 0 | ... AI469: ='RESUMEN TOTAL'!AO472 -> 0 | AJ469: ='RESUMEN TOTAL'!#REF! -> #REF!
A470: ='RESUMEN TOTAL'!A473 -> PARADAS SEGURAS | B470: ='RESUMEN TOTAL'!B473 -> 29 | C470: ='RESUMEN TOTAL'!#REF! -> #REF! | D470: ='RESUMEN TOTAL'!E473 -> GFIJA | E470: ='RESUMEN TOTAL'!F473 -> GPON | F470: ='RESUMEN TOTAL'!L473 -> 0 | G470: ='RESUMEN TOTAL'!M473 -> 0 | H470: ='RESUMEN TOTAL'!N473 -> 0 | I470: ='RESUMEN TOTAL'!O473 -> 0 | J470: ='RESUMEN TOTAL'!P473 -> 0 | K470: ='RESUMEN TOTAL'!Q473 -> 0 | L470: ='RESUMEN TOTAL'!R473 -> 0 | M470: ='RESUMEN TOTAL'!S473 -> 0 | ... AI470: ='RESUMEN TOTAL'!AO473 -> 0 | AJ470: ='RESUMEN TOTAL'!#REF! -> #REF!
A471: ='RESUMEN TOTAL'!A474 -> PARADAS SEGURAS | B471: ='RESUMEN TOTAL'!B474 -> 29 I | C471: ='RESUMEN TOTAL'!#REF! -> #REF! | D471: ='RESUMEN TOTAL'!E474 -> INTERCOMUNICADOR | E471: ='RESUMEN TOTAL'!F474 -> GPON | F471: ='RESUMEN TOTAL'!L474 -> 0 | G471: ='RESUMEN TOTAL'!M474 -> 0 | H471: ='RESUMEN TOTAL'!N474 -> 0 | I471: ='RESUMEN TOTAL'!O474 -> 0 | J471: ='RESUMEN TOTAL'!P474 -> 0 | K471: ='RESUMEN TOTAL'!Q474 -> 0 | L471: ='RESUMEN TOTAL'!R474 -> 0 | M471: ='RESUMEN TOTAL'!S474 -> 0 | ... AI471: ='RESUMEN TOTAL'!AO474 -> 0 | AJ471: ='RESUMEN TOTAL'!#REF! -> #REF!
A472: ='RESUMEN TOTAL'!A475 -> PARADAS SEGURAS | B472: ='RESUMEN TOTAL'!B475 -> 30 | C472: ='RESUMEN TOTAL'!#REF! -> #REF! | D472: ='RESUMEN TOTAL'!E475 -> GFIJA | E472: ='RESUMEN TOTAL'!F475 -> GPON | F472: ='RESUMEN TOTAL'!L475 -> 0 | G472: ='RESUMEN TOTAL'!M475 -> 0 | H472: ='RESUMEN TOTAL'!N475 -> 0 | I472: ='RESUMEN TOTAL'!O475 -> 0 | J472: ='RESUMEN TOTAL'!P475 -> 0 | K472: ='RESUMEN TOTAL'!Q475 -> 0 | L472: ='RESUMEN TOTAL'!R475 -> 0 | M472: ='RESUMEN TOTAL'!S475 -> 0 | ... AI472: ='RESUMEN TOTAL'!AO475 -> APAGADO | AJ472: ='RESUMEN TOTAL'!#REF! -> #REF!
A473: ='RESUMEN TOTAL'!A476 -> PARADAS SEGURAS | B473: ='RESUMEN TOTAL'!B476 -> 30 I | C473: ='RESUMEN TOTAL'!D476 -> HUDSON Y PICHEUTA OESTE | D473: ='RESUMEN TOTAL'!E476 -> INTERCOMUNICADOR | E473: ='RESUMEN TOTAL'!F476 -> GPON | F473: ='RESUMEN TOTAL'!L476 -> 0 | G473: ='RESUMEN TOTAL'!M476 -> 0 | H473: ='RESUMEN TOTAL'!N476 -> 0 | I473: ='RESUMEN TOTAL'!O476 -> 0 | J473: ='RESUMEN TOTAL'!P476 -> 0 | K473: ='RESUMEN TOTAL'!Q476 -> 0 | L473: ='RESUMEN TOTAL'!R476 -> 0 | M473: ='RESUMEN TOTAL'!S476 -> 0 | ... AI473: ='RESUMEN TOTAL'!AO476 -> APAGADO | AJ473: ='RESUMEN TOTAL'!#REF! -> #REF!
A474: ='RESUMEN TOTAL'!A477 -> PARADAS SEGURAS | B474: ='RESUMEN TOTAL'!B477 -> 31 | C474: ='RESUMEN TOTAL'!#REF! -> #REF! | D474: ='RESUMEN TOTAL'!E477 -> GFIJA | E474: ='RESUMEN TOTAL'!F477 -> GPON | F474: ='RESUMEN TOTAL'!L477 -> 0 | G474: ='RESUMEN TOTAL'!M477 -> 0 | H474: ='RESUMEN TOTAL'!N477 -> 0 | I474: ='RESUMEN TOTAL'!O477 -> 0 | J474: ='RESUMEN TOTAL'!P477 -> 0 | K474: ='RESUMEN TOTAL'!Q477 -> 0 | L474: ='RESUMEN TOTAL'!R477 -> 0 | M474: ='RESUMEN TOTAL'!S477 -> 0 | ... AI474: ='RESUMEN TOTAL'!AO477 -> APAGADO | AJ474: ='RESUMEN TOTAL'!#REF! -> #REF!
A475: ='RESUMEN TOTAL'!A478 -> PARADAS SEGURAS | B475: ='RESUMEN TOTAL'!B478 -> 31 I | C475: ='RESUMEN TOTAL'!#REF! -> #REF! | D475: ='RESUMEN TOTAL'!E478 -> INTERCOMUNICADOR | E475: ='RESUMEN TOTAL'!F478 -> GPON | F475: ='RESUMEN TOTAL'!L478 -> 0 | G475: ='RESUMEN TOTAL'!M478 -> 0 | H475: ='RESUMEN TOTAL'!N478 -> 0 | I475: ='RESUMEN TOTAL'!O478 -> 0 | J475: ='RESUMEN TOTAL'!P478 -> 0 | K475: ='RESUMEN TOTAL'!Q478 -> 0 | L475: ='RESUMEN TOTAL'!R478 -> 0 | M475: ='RESUMEN TOTAL'!S478 -> 0 | ... AI475: ='RESUMEN TOTAL'!AO478 -> APAGADO | AJ475: ='RESUMEN TOTAL'!#REF! -> #REF!
A476: ='RESUMEN TOTAL'!A479 -> PARADAS SEGURAS | B476: ='RESUMEN TOTAL'!B479 -> 32 | C476: ='RESUMEN TOTAL'!D479 -> Hudson y 834 oeste | D476: ='RESUMEN TOTAL'!E479 -> GFIJA | E476: ='RESUMEN TOTAL'!F479 -> GPON | F476: ='RESUMEN TOTAL'!L479 -> 0 | G476: ='RESUMEN TOTAL'!M479 -> 0 | H476: ='RESUMEN TOTAL'!N479 -> 0 | I476: ='RESUMEN TOTAL'!O479 -> 0 | J476: ='RESUMEN TOTAL'!P479 -> 0 | K476: ='RESUMEN TOTAL'!Q479 -> 0 | L476: ='RESUMEN TOTAL'!R479 -> 0 | M476: ='RESUMEN TOTAL'!S479 -> 0 | ... AI476: ='RESUMEN TOTAL'!AO479 -> 0 | AJ476: ='RESUMEN TOTAL'!#REF! -> #REF!
A477: ='RESUMEN TOTAL'!A480 -> PARADAS SEGURAS | B477: ='RESUMEN TOTAL'!B480 -> 32 I | C477: ='RESUMEN TOTAL'!D480 -> Hudson y 834 oeste | D477: ='RESUMEN TOTAL'!E480 -> INTERCOMUNICADOR | E477: ='RESUMEN TOTAL'!F480 -> GPON | F477: ='RESUMEN TOTAL'!L480 -> 0 | G477: ='RESUMEN TOTAL'!M480 -> 0 | H477: ='RESUMEN TOTAL'!N480 -> 0 | I477: ='RESUMEN TOTAL'!O480 -> APAGADO | J477: ='RESUMEN TOTAL'!P480 -> APAGADO | K477: ='RESUMEN TOTAL'!Q480 -> APAGADO | L477: ='RESUMEN TOTAL'!R480 -> APAGADO | M477: ='RESUMEN TOTAL'!S480 -> APAGADO | ... AI477: ='RESUMEN TOTAL'!AO480 -> 0 | AJ477: ='RESUMEN TOTAL'!#REF! -> #REF!
A478: ='RESUMEN TOTAL'!A481 -> PARADAS SEGURAS | B478: ='RESUMEN TOTAL'!B481 -> 33 C | C478: ='RESUMEN TOTAL'!D481 -> Hudson y Suipacha este | D478: ='RESUMEN TOTAL'!E481 -> GFIJA | E478: ='RESUMEN TOTAL'!F481 -> GPON | F478: ='RESUMEN TOTAL'!L481 -> 0 | G478: ='RESUMEN TOTAL'!M481 -> 0 | H478: ='RESUMEN TOTAL'!N481 -> 0 | I478: ='RESUMEN TOTAL'!O481 -> APAGADO | J478: ='RESUMEN TOTAL'!P481 -> APAGADO | K478: ='RESUMEN TOTAL'!Q481 -> APAGADO | L478: ='RESUMEN TOTAL'!R481 -> APAGADO | M478: ='RESUMEN TOTAL'!S481 -> APAGADO | ... AI478: ='RESUMEN TOTAL'!AO481 -> 0 | AJ478: ='RESUMEN TOTAL'!#REF! -> #REF!
A479: ='RESUMEN TOTAL'!A482 -> PARADAS SEGURAS | B479: ='RESUMEN TOTAL'!B482 -> 33 I | C479: ='RESUMEN TOTAL'!D482 -> Hudson y Suipacha este | D479: ='RESUMEN TOTAL'!E482 -> INTERCOMUNICADOR | E479: ='RESUMEN TOTAL'!F482 -> GPON | F479: ='RESUMEN TOTAL'!L482 -> 0 | G479: ='RESUMEN TOTAL'!M482 -> 0 | H479: ='RESUMEN TOTAL'!N482 -> 0 | I479: ='RESUMEN TOTAL'!O482 -> APAGADO | J479: ='RESUMEN TOTAL'!P482 -> APAGADO | K479: ='RESUMEN TOTAL'!Q482 -> APAGADO | L479: ='RESUMEN TOTAL'!R482 -> APAGADO | M479: ='RESUMEN TOTAL'!S482 -> APAGADO | ... AI479: ='RESUMEN TOTAL'!AO482 -> 0 | AJ479: ='RESUMEN TOTAL'!#REF! -> #REF!
A480: ='RESUMEN TOTAL'!A483 -> PARADAS SEGURAS | B480: ='RESUMEN TOTAL'!B483 -> 34 C | C480: ='RESUMEN TOTAL'!D483 -> Hudson y Suipacha oeste | D480: ='RESUMEN TOTAL'!E483 -> GFIJA | E480: ='RESUMEN TOTAL'!F483 -> GPON | F480: ='RESUMEN TOTAL'!L483 -> 0 | G480: ='RESUMEN TOTAL'!M483 -> 0 | H480: ='RESUMEN TOTAL'!N483 -> 0 | I480: ='RESUMEN TOTAL'!O483 -> 0 | J480: ='RESUMEN TOTAL'!P483 -> 0 | K480: ='RESUMEN TOTAL'!Q483 -> 0 | L480: ='RESUMEN TOTAL'!R483 -> 0 | M480: ='RESUMEN TOTAL'!S483 -> 0 | ... AI480: ='RESUMEN TOTAL'!AO483 -> 0 | AJ480: ='RESUMEN TOTAL'!#REF! -> #REF!
A481: ='RESUMEN TOTAL'!A484 -> PARADAS SEGURAS | B481: ='RESUMEN TOTAL'!B484 -> 34 I | C481: ='RESUMEN TOTAL'!D484 -> Hudson y Suipacha oeste | D481: ='RESUMEN TOTAL'!E484 -> INTERCOMUNICADOR | E481: ='RESUMEN TOTAL'!F484 -> GPON | F481: ='RESUMEN TOTAL'!L484 -> 0 | G481: ='RESUMEN TOTAL'!M484 -> 0 | H481: ='RESUMEN TOTAL'!N484 -> 0 | I481: ='RESUMEN TOTAL'!O484 -> APAGADO | J481: ='RESUMEN TOTAL'!P484 -> APAGADO | K481: ='RESUMEN TOTAL'!Q484 -> APAGADO | L481: ='RESUMEN TOTAL'!R484 -> APAGADO | M481: ='RESUMEN TOTAL'!S484 -> APAGADO | ... AI481: ='RESUMEN TOTAL'!AO484 -> 0 | AJ481: ='RESUMEN TOTAL'!#REF! -> #REF!
A482: ='RESUMEN TOTAL'!A485 -> PARADAS SEGURAS | B482: ='RESUMEN TOTAL'!B485 -> 35 C | C482: ='RESUMEN TOTAL'!D485 -> Hudson y Suipacha este | D482: ='RESUMEN TOTAL'!E485 -> GFIJA | E482: ='RESUMEN TOTAL'!F485 -> GPON | F482: ='RESUMEN TOTAL'!L485 -> 0 | G482: ='RESUMEN TOTAL'!M485 -> 0 | H482: ='RESUMEN TOTAL'!N485 -> 0 | I482: ='RESUMEN TOTAL'!O485 -> APAGADO | J482: ='RESUMEN TOTAL'!P485 -> APAGADO | K482: ='RESUMEN TOTAL'!Q485 -> APAGADO | L482: ='RESUMEN TOTAL'!R485 -> APAGADO | M482: ='RESUMEN TOTAL'!S485 -> APAGADO | ... AI482: ='RESUMEN TOTAL'!AO485 -> APAGADO | AJ482: ='RESUMEN TOTAL'!#REF! -> #REF!
A483: ='RESUMEN TOTAL'!A486 -> PARADAS SEGURAS | B483: ='RESUMEN TOTAL'!B486 -> 35 I | C483: ='RESUMEN TOTAL'!D486 -> Hudson y Suipacha este | D483: ='RESUMEN TOTAL'!E486 -> INTERCOMUNICADOR | E483: ='RESUMEN TOTAL'!F486 -> GPON | F483: ='RESUMEN TOTAL'!L486 -> 0 | G483: ='RESUMEN TOTAL'!M486 -> 0 | H483: ='RESUMEN TOTAL'!N486 -> 0 | I483: ='RESUMEN TOTAL'!O486 -> APAGADO | J483: ='RESUMEN TOTAL'!P486 -> APAGADO | K483: ='RESUMEN TOTAL'!Q486 -> APAGADO | L483: ='RESUMEN TOTAL'!R486 -> APAGADO | M483: ='RESUMEN TOTAL'!S486 -> APAGADO | ... AI483: ='RESUMEN TOTAL'!AO486 -> 0 | AJ483: ='RESUMEN TOTAL'!#REF! -> #REF!
A484: ='RESUMEN TOTAL'!A487 -> 0 | B484: ='RESUMEN TOTAL'!B487 -> 0 | C484: ='RESUMEN TOTAL'!D487 -> 0 | D484: ='RESUMEN TOTAL'!E487 -> 0 | E484: ='RESUMEN TOTAL'!F487 -> 0 | F484: ='RESUMEN TOTAL'!L487 -> 0 | G484: ='RESUMEN TOTAL'!M487 -> 0 | H484: ='RESUMEN TOTAL'!N487 -> 0 | I484: ='RESUMEN TOTAL'!O487 -> 0 | J484: ='RESUMEN TOTAL'!P487 -> 0 | K484: ='RESUMEN TOTAL'!Q487 -> 0 | L484: ='RESUMEN TOTAL'!R487 -> 0 | M484: ='RESUMEN TOTAL'!S487 -> 0 | ... AI484: ='RESUMEN TOTAL'!AO487 -> 0 | AJ484: ='RESUMEN TOTAL'!#REF! -> #REF!
A485: ='RESUMEN TOTAL'!A488 -> 0 | B485: ='RESUMEN TOTAL'!B488 -> 0 | C485: ='RESUMEN TOTAL'!D488 -> 0 | D485: ='RESUMEN TOTAL'!E488 -> 0 | E485: ='RESUMEN TOTAL'!F488 -> 0 | F485: ='RESUMEN TOTAL'!L488 -> 0 | G485: ='RESUMEN TOTAL'!M488 -> 0 | H485: ='RESUMEN TOTAL'!N488 -> 0 | I485: ='RESUMEN TOTAL'!O488 -> 0 | J485: ='RESUMEN TOTAL'!P488 -> 0 | K485: ='RESUMEN TOTAL'!Q488 -> 0 | L485: ='RESUMEN TOTAL'!R488 -> 0 | M485: ='RESUMEN TOTAL'!S488 -> 0 | ... AI485: ='RESUMEN TOTAL'!AO488 -> 0 | AJ485: ='RESUMEN TOTAL'!#REF! -> #REF!
A486: ='RESUMEN TOTAL'!A489 -> 0 | B486: ='RESUMEN TOTAL'!B489 -> 0 | C486: ='RESUMEN TOTAL'!D489 -> 0 | D486: ='RESUMEN TOTAL'!E489 -> 0 | E486: ='RESUMEN TOTAL'!F489 -> 0 | F486: ='RESUMEN TOTAL'!L489 -> 0 | G486: ='RESUMEN TOTAL'!M489 -> 0 | H486: ='RESUMEN TOTAL'!N489 -> 0 | I486: ='RESUMEN TOTAL'!O489 -> 0 | J486: ='RESUMEN TOTAL'!P489 -> 0 | K486: ='RESUMEN TOTAL'!Q489 -> 0 | L486: ='RESUMEN TOTAL'!R489 -> 0 | M486: ='RESUMEN TOTAL'!S489 -> 0 | ... AI486: ='RESUMEN TOTAL'!AO489 -> 0 | AJ486: ='RESUMEN TOTAL'!#REF! -> #REF!
A487: ='RESUMEN TOTAL'!A490 -> 0 | B487: ='RESUMEN TOTAL'!B490 -> 0 | C487: ='RESUMEN TOTAL'!D490 -> 0 | D487: ='RESUMEN TOTAL'!E490 -> 0 | E487: ='RESUMEN TOTAL'!F490 -> 0 | F487: ='RESUMEN TOTAL'!L490 -> 0 | G487: ='RESUMEN TOTAL'!M490 -> 0 | H487: ='RESUMEN TOTAL'!N490 -> 0 | I487: ='RESUMEN TOTAL'!O490 -> 0 | J487: ='RESUMEN TOTAL'!P490 -> 0 | K487: ='RESUMEN TOTAL'!Q490 -> 0 | L487: ='RESUMEN TOTAL'!R490 -> 0 | M487: ='RESUMEN TOTAL'!S490 -> 0 | ... AI487: ='RESUMEN TOTAL'!AO490 -> 0 | AJ487: ='RESUMEN TOTAL'!#REF! -> #REF!
... A638: ='RESUMEN TOTAL'!A641 -> 0 | B638: ='RESUMEN TOTAL'!B641 -> 0 | C638: ='RESUMEN TOTAL'!D641 -> 0 | D638: ='RESUMEN TOTAL'!E641 -> 0 | E638: ='RESUMEN TOTAL'!F641 -> 0 | F638: ='RESUMEN TOTAL'!L641 -> 0 | G638: ='RESUMEN TOTAL'!M641 -> 0 | H638: ='RESUMEN TOTAL'!N641 -> 0 | I638: ='RESUMEN TOTAL'!O641 -> 0 | J638: ='RESUMEN TOTAL'!P641 -> 0 | K638: ='RESUMEN TOTAL'!Q641 -> 0 | L638: ='RESUMEN TOTAL'!R641 -> 0 | M638: ='RESUMEN TOTAL'!S641 -> 0 | ... AI638: ='RESUMEN TOTAL'!AO641 -> 0 | AJ638: ='RESUMEN TOTAL'!#REF! -> #REF!

Sheet APAGADOS
E1: APAGADOS | F1: =COUNTIF(F3:F403, "APAGADO") -> 31 | G1: =COUNTIF(G3:G403, "APAGADO") -> 30 | H1: =COUNTIF(H3:H503, "APAGADO") -> 27 | I1: =COUNTIF(I3:I403, "APAGADO") -> 57 | J1: =COUNTIF(J3:J403, "APAGADO") -> 16 | K1: =COUNTIF(K3:K403, "APAGADO") -> 15 | L1: =COUNTIF(L3:L403, "APAGADO") -> 13 | M1: =COUNTIF(M3:M403, "APAGADO") -> 19 | N1: =COUNTIF(N3:N403, "APAGADO") -> 38 | O1: =COUNTIF(O3:O403, "APAGADO") -> 37 | P1: =COUNTIF(P3:P403, "APAGADO") -> 27 | ... AD1: =COUNTIF(AD3:AD403, "APAGADO") -> 17 | AE1: =COUNTIF(AE3:AE503, "APAGADO") -> 32 | AF1: =COUNTIF(AF3:AF403, "APAGADO") -> 19 | AG1: =COUNTIF(AG3:AG403, "APAGADO") -> 18 | AH1: =COUNTIF(AH3:AH403, "APAGADO") -> 18 | AI1: =COUNTIF(AI3:AI403, "APAGADO") -> 16 | AJ1: =COUNTIF(AJ3:AJ403, "APAGADO") -> 0
A2: =ESTADISTICA!A1 -> Barrio | B2: =ESTADISTICA!B1 -> [Denominacion] | C2: =ESTADISTICA!C1 -> [Ubicacion] | D2: =ESTADISTICA!D1 -> [Tipo de Camara] | E2: =ESTADISTICA!E1 -> [Tipo de Conexion] | F2: =ESTADISTICA!F1 -> 45139 | G2: =ESTADISTICA!G1 -> 45140 | H2: =ESTADISTICA!H1 -> 45141 | ... AJ2: =ESTADISTICA!AJ1 -> #REF!
A3: =ESTADISTICA!A2 -> ALTAMIRA | B3: =ESTADISTICA!B2 -> ALT01 | C3: =ESTADISTICA!C2 -> Calchaqui y Sgto. Cabral | D3: =ESTADISTICA!D2 -> Domo | E3: =ESTADISTICA!E2 -> Fibra Optica | F3: =ESTADISTICA!F2 -> 0 | G3: =ESTADISTICA!G2 -> 0 | H3: =ESTADISTICA!H2 -> 0 | ... AJ3: =ESTADISTICA!AJ2 -> #REF!
A4: =ESTADISTICA!A3 -> ALTAMIRA | B4: =ESTADISTICA!B3 -> ALT02 | C4: =ESTADISTICA!C3 -> Calchaqui y Lope de Vega | D4: =ESTADISTICA!D3 -> Domo | E4: =ESTADISTICA!E3 -> PTO A FO | F4: =ESTADISTICA!F3 -> 0 | G4: =ESTADISTICA!G3 -> 0 | H4: =ESTADISTICA!H3 -> 0 | ... AJ4: =ESTADISTICA!AJ3 -> #REF!
A5: =ESTADISTICA!A4 -> ALTAMIRA | B5: =ESTADISTICA!B4 -> ALT 03 | C5: =ESTADISTICA!C4 -> Bombero Galarza y Necochea | D5: =ESTADISTICA!D4 -> Domo | E5: =ESTADISTICA!E4 -> Fibra Optica | F5: =ESTADISTICA!F4 -> 0 | G5: =ESTADISTICA!G4 -> 0 | H5: =ESTADISTICA!H4 -> 0 | ... AJ5: =ESTADISTICA!AJ4 -> #REF!
A6: =ESTADISTICA!A5 -> ALTAMIRA | B6: =ESTADISTICA!B5 -> ALT 04 | C6: =ESTADISTICA!C5 -> Francia y Necochea | D6: =ESTADISTICA!D5 -> Domo | E6: =ESTADISTICA!E5 -> Fibra Optica | F6: =ESTADISTICA!F5 -> 0 | G6: =ESTADISTICA!G5 -> 0 | H6: =ESTADISTICA!H5 -> 0 | ... AJ6: =ESTADISTICA!AJ5 -> #REF!
A7: =ESTADISTICA!A6 -> ALTAMIRA | B7: =ESTADISTICA!B6 -> ALT05 | C7: =ESTADISTICA!C6 -> Av. Calchaqui y Bombero Galarza | D7: =ESTADISTICA!D6 -> Domo | E7: =ESTADISTICA!E6 -> PTO A FO | F7: =ESTADISTICA!F6 -> 0 | G7: =ESTADISTICA!G6 -> 0 | H7: =ESTADISTICA!H6 -> 0 | ... AJ7: =ESTADISTICA!AJ6 -> #REF!
A8: =ESTADISTICA!A7 -> ALTAMIRA | B8: =ESTADISTICA!B7 -> ALT 06 | C8: =ESTADISTICA!C7 -> LOPE DE VEGA Y NECOCHEA | D8: =ESTADISTICA!D7 -> Domo | E8: =ESTADISTICA!E7 -> PTO A FO | F8: =ESTADISTICA!F7 -> 0 | G8: =ESTADISTICA!G7 -> 0 | H8: =ESTADISTICA!H7 -> 0 | ... AJ8: =ESTADISTICA!AJ7 -> #REF!
A9: =ESTADISTICA!A8 -> ALTAMIRA | B9: =ESTADISTICA!B8 -> ALT07 | C9: =ESTADISTICA!C8 -> AV. CALCHAQUI Y AV. DEL TRABAJO | D9: =ESTADISTICA!D8 -> DOMO | E9: =ESTADISTICA!E8 -> PTO A FO | F9: =ESTADISTICA!F8 -> 0 | G9: =ESTADISTICA!G8 -> 0 | H9: =ESTADISTICA!H8 -> 0 | ... AJ9: =ESTADISTICA!AJ8 -> #REF!
A10: =ESTADISTICA!A9 -> ALTAMIRA | B10: =ESTADISTICA!B9 -> ALT 08 | C10: =ESTADISTICA!C9 -> HUMAITA Y NECOCHEA | D10: =ESTADISTICA!D9 -> DOMO | E10: =ESTADISTICA!E9 -> Fibra Optica | F10: =ESTADISTICA!F9 -> 0 | G10: =ESTADISTICA!G9 -> 0 | H10: =ESTADISTICA!H9 -> 0 | ... AJ10: =ESTADISTICA!AJ9 -> #REF!
A11: =ESTADISTICA!A10 -> ALTAMIRA | B11: =ESTADISTICA!B10 -> ALT 09 | C11: =ESTADISTICA!C10 -> NECOCHEA Y CURUPAITY | D11: =ESTADISTICA!D10 -> DOMO | E11: =ESTADISTICA!E10 -> Fibra Optica | F11: =ESTADISTICA!F10 -> 0 | G11: =ESTADISTICA!G10 -> 0 | H11: =ESTADISTICA!H10 -> 0 | ... AJ11: =ESTADISTICA!AJ10 -> #REF!
A12: =ESTADISTICA!A11 -> ALTAMIRA | B12: =ESTADISTICA!B11 -> ALT 10 | C12: =ESTADISTICA!C11 -> Calchaqui y Francia | D12: =ESTADISTICA!D11 -> Domo | E12: =ESTADISTICA!E11 -> Radio | F12: =ESTADISTICA!F11 -> 0 | G12: =ESTADISTICA!G11 -> 0 | H12: =ESTADISTICA!H11 -> 0 | ... AJ12: =ESTADISTICA!AJ11 -> #REF!
A13: =ESTADISTICA!A12 -> AGUSTIN RAMIREZ | B13: =ESTADISTICA!B12 -> ARA 01 | C13: =ESTADISTICA!C12 -> Malambo y Tranquera | D13: =ESTADISTICA!D12 -> Domo | E13: =ESTADISTICA!E12 -> Fibra Optica | F13: =ESTADISTICA!F12 -> APAGADO | G13: =ESTADISTICA!G12 -> APAGADO | H13: =ESTADISTICA!H12 -> APAGADO | ... AJ13: =ESTADISTICA!AJ12 -> #REF!
... A207: =ESTADISTICA!A206 -> SAN EMILIO | B207: =ESTADISTICA!B206 -> MFI06 | C207: =ESTADISTICA!C206 -> Con. Gral. Belgrano y Bombero Galarza | D207: =ESTADISTICA!D206 -> DOMO | E207: =ESTADISTICA!E206 -> Radio | F207: =ESTADISTICA!F206 -> 0 | G207: =ESTADISTICA!G206 -> 0 | H207: =ESTADISTICA!H206 -> 0 | ... AJ207: =ESTADISTICA!AJ206 -> #REF!
A208: =ESTADISTICA!A208 -> MARTIN FIERRO | B208: =ESTADISTICA!B208 -> MFI 08 | C208: =ESTADISTICA!C208 -> Braile y Batalla de Callao | D208: =ESTADISTICA!D208 -> Domo | E208: =ESTADISTICA!E208 -> PTO A FO | F208: =ESTADISTICA!F208 -> 0 | G208: =ESTADISTICA!G208 -> 0 | H208: =ESTADISTICA!H208 -> 0 | ... AJ208: =ESTADISTICA!AJ208 -> #REF!
A209: =ESTADISTICA!A209 -> GOBERNADOR MONTEVERDE | B209: =ESTADISTICA!B209 -> MON01 | C209: =ESTADISTICA!C209 -> San Martin y Patricias Argentinas | D209: =ESTADISTICA!D209 -> Fija | E209: =ESTADISTICA!E209 -> Fibra Optica | F209: =ESTADISTICA!F209 -> 0 | G209: =ESTADISTICA!G209 -> 0 | H209: =ESTADISTICA!H209 -> 0 | ... AJ209: =ESTADISTICA!AJ209 -> #REF!
A210: =ESTADISTICA!A210 -> GOBERNADOR MONTEVERDE | B210: =ESTADISTICA!B210 -> MON02 | C210: =ESTADISTICA!C210 -> Senzabello y Famatina | D210: =ESTADISTICA!D210 -> Domo | E210: =ESTADISTICA!E210 -> Radio | F210: =ESTADISTICA!F210 -> 0 | G210: =ESTADISTICA!G210 -> 0 | H210: =ESTADISTICA!H210 -> 0 | ... AJ210: =ESTADISTICA!AJ210 -> #REF!
A211: =ESTADISTICA!A211 -> GOBERNADOR MONTEVERDE | B211: =ESTADISTICA!B211 -> MON03 | C211: =ESTADISTICA!C211 -> Senzabello y Guemes | D211: =ESTADISTICA!D211 -> Domo | E211: =ESTADISTICA!E211 -> Radio | F211: =ESTADISTICA!F211 -> 0 | G211: =ESTADISTICA!G211 -> 0 | H211: =ESTADISTICA!H211 -> 0 | ... AJ211: =ESTADISTICA!AJ211 -> #REF!
A212: =ESTADISTICA!A212 -> GOBERNADOR MONTEVERDE | B212: =ESTADISTICA!B212 -> MON04 | C212: =ESTADISTICA!C212 -> Av. Yrigoyen y San Lorenzo | D212: =ESTADISTICA!D212 -> Domo | E212: =ESTADISTICA!E212 -> Radio | F212: =ESTADISTICA!F212 -> 0 | G212: =ESTADISTICA!G212 -> 0 | H212: =ESTADISTICA!H212 -> 0 | ... AJ212: =ESTADISTICA!AJ212 -> #REF!
A213: =ESTADISTICA!A213 -> 9 DE JULIO | B213: =ESTADISTICA!B213 -> NJU 01 | C213: =ESTADISTICA!C213 -> Sallares y Parrillo | D213: =ESTADISTICA!D213 -> Domo | E213: =ESTADISTICA!E213 -> Fibra Optica | F213: =ESTADISTICA!F213 -> 0 | G213: =ESTADISTICA!G213 -> 0 | H213: =ESTADISTICA!H213 -> 0 | ... AJ213: =ESTADISTICA!AJ213 -> #REF!
A214: =ESTADISTICA!A214 -> 9 DE JULIO | B214: =ESTADISTICA!B214 -> NJU02 | C214: =ESTADISTICA!C214 -> Ituzaingo y Boccuzzi | D214: =ESTADISTICA!D214 -> Domo | E214: =ESTADISTICA!E214 -> Radio | F214: =ESTADISTICA!F214 -> 0 | G214: =ESTADISTICA!G214 -> 0 | H214: =ESTADISTICA!H214 -> 0 | ... AJ214: =ESTADISTICA!AJ214 -> #REF!
A215: =ESTADISTICA!A215 -> 9 DE JULIO | B215: =ESTADISTICA!B215 -> NJU03 | C215: =ESTADISTICA!C215 -> San Juan y Parrillo | D215: =ESTADISTICA!D215 -> Domo | E215: =ESTADISTICA!E215 -> PTO A FO | F215: =ESTADISTICA!F215 -> 0 | G215: =ESTADISTICA!G215 -> 0 | H215: =ESTADISTICA!H215 -> 0 | ... AJ215: =ESTADISTICA!AJ215 -> #REF!
A216: =ESTADISTICA!A216 -> 9 DE JULIO | B216: =ESTADISTICA!B216 -> NJU04 | C216: =ESTADISTICA!C216 -> Ituzaingo y 214 A | D216: =ESTADISTICA!D216 -> Domo | E216: =ESTADISTICA!E216 -> Radio | F216: =ESTADISTICA!F216 -> 0 | G216: =ESTADISTICA!G216 -> 0 | H216: =ESTADISTICA!H216 -> 0 | ... AJ216: =ESTADISTICA!AJ216 -> #REF!
A217: =ESTADISTICA!A217 -> ZEBALLOS CENTRO | B217: =ESTADISTICA!B217 -> NJU05 | C217: =ESTADISTICA!C217 -> Ituzaingo y Alem | D217: =ESTADISTICA!D217 -> Domo | E217: =ESTADISTICA!E217 -> Radio | F217: =ESTADISTICA!F217 -> 0 | G217: =ESTADISTICA!G217 -> 0 | H217: =ESTADISTICA!H217 -> 0 | ... AJ217: =ESTADISTICA!AJ217 -> #REF!
A218: =ESTADISTICA!A218 -> CENTRO | B218: =ESTADISTICA!B218 -> NJU06 | C218: =ESTADISTICA!C218 -> Sallares y Rodo | D218: =ESTADISTICA!D218 -> Domo | E218: =ESTADISTICA!E218 -> Fibra Optica | F218: =ESTADISTICA!F218 -> 0 | G218: =ESTADISTICA!G218 -> 0 | H218: =ESTADISTICA!H218 -> 0 | ... AJ218: =ESTADISTICA!AJ218 -> #REF!
A219: =ESTADISTICA!A219 -> 9 DE JULIO | B219: =ESTADISTICA!B219 -> NJU07 | C219: =ESTADISTICA!C219 -> Gral. Juan Domingo Peron y Parrillo | D219: =ESTADISTICA!D219 -> Domo | E219: =ESTADISTICA!E219 -> Fibra Optica | F219: =ESTADISTICA!F219 -> 0 | G219: =ESTADISTICA!G219 -> 0 | H219: =ESTADISTICA!H219 -> 0 | ... AJ219: =ESTADISTICA!AJ219 -> #REF!
... A516: =ESTADISTICA!A516 -> 0 | B516: =ESTADISTICA!B516 -> 0 | C516: =ESTADISTICA!C516 -> 0 | D516: =ESTADISTICA!D516 -> 0 | E516: =ESTADISTICA!E516 -> 0 | F516: =ESTADISTICA!F516 -> 0 | G516: =ESTADISTICA!G516 -> 0 | H516: =ESTADISTICA!H516 -> 0 | ... AJ516: =ESTADISTICA!AJ516 -> #REF!

Sheet APAGADOS FIBRA
C1: TOTAL FIBRA | D1: =COUNTIFS(E4:E401,"=Fibra Optica") -> 272
E2: APAGADOS | F2: =COUNTIFS(F4:F501, "=APAGADO",E4:E501,"=Fibra Optica") -> 26 | G2: =COUNTIFS(G4:G501, "=APAGADO",E4:E501,"=Fibra Optica") -> 26 | H2: =COUNTIFS(H4:H501, "=APAGADO",E4:E501,"=Fibra Optica") -> 25 | I2: =COUNTIFS(I4:I501, "=APAGADO",E4:E501,"=Fibra Optica") -> 45 | J2: =COUNTIFS(J4:J501, "=APAGADO",E4:E501,"=Fibra Optica") -> 13 | K2: =COUNTIFS(K4:K501, "=APAGADO",E4:E501,"=Fibra Optica") -> 12 | L2: =COUNTIFS(L4:L501, "=APAGADO",E4:E501,"=Fibra Optica") -> 12 | M2: =COUNTIFS(M4:M501, "=APAGADO",E4:E501,"=Fibra Optica") -> 16 | N2: =COUNTIFS(N4:N501, "=APAGADO",E4:E501,"=Fibra Optica") -> 42 | O2: =COUNTIFS(O4:O501, "=APAGADO",E4:E501,"=Fibra Optica") -> 40 | P2: =COUNTIFS(P4:P501, "=APAGADO",E4:E501,"=Fibra Optica") -> 20 | Q2: =COUNTIFS(Q4:Q501, "=APAGADO",E4:E501,"=Fibra Optica") -> 47 | R2: =COUNTIFS(R4:R501, "=APAGADO",E4:E501,"=Fibra Optica") -> 28 | S2: =COUNTIFS(S4:S501, "=APAGADO",E4:E501,"=Fibra Optica") -> 23 | T2: =COUNTIFS(T4:T501, "=APAGADO",E4:E501,"=Fibra Optica") -> 24 | U2: =COUNTIFS(U4:U501, "=APAGADO",E4:E501,"=Fibra Optica") -> 17 | V2: =COUNTIFS(V4:V501, "=APAGADO",E4:E501,"=Fibra Optica") -> 32 | W2: =COUNTIFS(W4:W501, "=APAGADO",E4:E501,"=Fibra Optica") -> 40 | X2: =COUNTIFS(X4:X501, "=APAGADO",E4:E501,"=Fibra Optica") -> 68 | Y2: =COUNTIFS(Y4:Y501, "=APAGADO",E4:E501,"=Fibra Optica") -> 60 | Z2: =COUNTIFS(Z4:Z501, "=APAGADO",E4:E501,"=Fibra Optica") -> 59 | AA2: =COUNTIFS(AA4:AA501, "=APAGADO",E4:E501,"=Fibra Optica") -> 61 | AB2: =COUNTIFS(AB4:AB501, "=APAGADO",E4:E501,"=Fibra Optica") -> 51 | AC2: =COUNTIFS(AC4:AC601, "=APAGADO",E4:E601,"=Fibra Optica") -> 25 | AD2: =COUNTIFS(AD4:AD501, "=APAGADO",E4:E501,"=Fibra Optica") -> 17 | AE2: =COUNTIFS(AE4:AE501, "=APAGADO",E4:E501,"=Fibra Optica") -> 18 | AF2: =COUNTIFS(AF4:AF501, "=APAGADO",E4:E501,"=Fibra Optica") -> 17 | AG2: =COUNTIFS(AG4:AG501, "=APAGADO",E4:E501,"=Fibra Optica") -> 17 | AH2: =COUNTIFS(AH4:AH501, "=APAGADO",E4:E501,"=Fibra Optica") -> 16 | AI2: =COUNTIFS(AI4:AI401, "=APAGADO",E4:E401,"=Fibra Optica") -> 14 | AJ2: =COUNTIFS(AJ4:AJ401, "=APAGADO",F4:F401,"=Fibra Optica") -> 0
A3: =ESTADISTICA!A1 -> Barrio | B3: =ESTADISTICA!B1 -> [Denominacion] | C3: =ESTADISTICA!C1 -> [Ubicacion] | D3: =ESTADISTICA!D1 -> [Tipo de Camara] | E3: =ESTADISTICA!E1 -> [Tipo de Conexion] | F3: =ESTADISTICA!F1 -> 45139 | G3: =ESTADISTICA!G1 -> 45140 | H3: =ESTADISTICA!H1 -> 45141 | ... AJ3: =ESTADISTICA!AJ1 -> #REF!
A4: ='RESUMEN TOTAL'!A7 -> ALTAMIRA | B4: ='RESUMEN TOTAL'!B7 -> ALT 03 | C4: ='RESUMEN TOTAL'!D7 -> Bombero Galarza y Necochea | D4: ='RESUMEN TOTAL'!E7 -> Domo | E4: ='RESUMEN TOTAL'!F7 -> Fibra Optica | F4: ='RESUMEN TOTAL'!L7 -> 0 | G4: ='RESUMEN TOTAL'!M7 -> 0 | H4: ='RESUMEN TOTAL'!N7 -> 0 | I4: ='RESUMEN TOTAL'!O7 -> APAGADO | J4: ='RESUMEN TOTAL'!P7 -> 0 | K4: ='RESUMEN TOTAL'!Q7 -> 0 | L4: ='RESUMEN TOTAL'!R7 -> 0 | M4: ='RESUMEN TOTAL'!S7 -> 0 | ... AI4: ='RESUMEN TOTAL'!AO7 -> 0 | AJ4: ='RESUMEN TOTAL'!#REF! -> #REF!
A5: ='RESUMEN TOTAL'!A8 -> ALTAMIRA | B5: ='RESUMEN TOTAL'!B8 -> ALT 04 | C5: ='RESUMEN TOTAL'!D8 -> Francia y Necochea | D5: ='RESUMEN TOTAL'!E8 -> Domo | E5: ='RESUMEN TOTAL'!F8 -> Fibra Optica | F5: ='RESUMEN TOTAL'!L8 -> 0 | G5: ='RESUMEN TOTAL'!M8 -> 0 | H5: ='RESUMEN TOTAL'!N8 -> 0 | I5: ='RESUMEN TOTAL'!O8 -> APAGADO | J5: ='RESUMEN TOTAL'!P8 -> 0 | K5: ='RESUMEN TOTAL'!Q8 -> 0 | L5: ='RESUMEN TOTAL'!R8 -> 0 | M5: ='RESUMEN TOTAL'!S8 -> 0 | ... AI5: ='RESUMEN TOTAL'!AO8 -> 0 | AJ5: ='RESUMEN TOTAL'!#REF! -> #REF!
A6: ='RESUMEN TOTAL'!A9 -> ALTAMIRA | B6: ='RESUMEN TOTAL'!B9 -> ALT05 | C6: ='RESUMEN TOTAL'!D9 -> Av. Calchaqui y Bombero Galarza | D6: ='RESUMEN TOTAL'!E9 -> Domo | E6: ='RESUMEN TOTAL'!F9 -> PTO A FO | F6: ='RESUMEN TOTAL'!L9 -> 0 | G6: ='RESUMEN TOTAL'!M9 -> 0 | H6: ='RESUMEN TOTAL'!N9 -> 0 | I6: ='RESUMEN TOTAL'!O9 -> APAGADO | J6: ='RESUMEN TOTAL'!P9 -> 0 | K6: ='RESUMEN TOTAL'!Q9 -> 0 | L6: ='RESUMEN TOTAL'!R9 -> 0 | M6: ='RESUMEN TOTAL'!S9 -> 0 | ... AI6: ='RESUMEN TOTAL'!AO9 -> 0 | AJ6: ='RESUMEN TOTAL'!#REF! -> #REF!
A7: ='RESUMEN TOTAL'!A10 -> ALTAMIRA | B7: ='RESUMEN TOTAL'!B10 -> ALT 06 | C7: ='RESUMEN TOTAL'!D10 -> LOPE DE VEGA Y NECOCHEA | D7: ='RESUMEN TOTAL'!E10 -> Domo | E7: ='RESUMEN TOTAL'!F10 -> PTO A FO | F7: ='RESUMEN TOTAL'!L10 -> 0 | G7: ='RESUMEN TOTAL'!M10 -> 0 | H7: ='RESUMEN TOTAL'!N10 -> 0 | I7: ='RESUMEN TOTAL'!O10 -> APAGADO | J7: ='RESUMEN TOTAL'!P10 -> 0 | K7: ='RESUMEN TOTAL'!Q10 -> 0 | L7: ='RESUMEN TOTAL'!R10 -> 0 | M7: ='RESUMEN TOTAL'!S10 -> 0 | ... AI7: ='RESUMEN TOTAL'!AO10 -> 0 | AJ7: ='RESUMEN TOTAL'!#REF! -> #REF!
A8: ='RESUMEN TOTAL'!A11 -> ALTAMIRA | B8: ='RESUMEN TOTAL'!B11 -> ALT07 | C8: ='RESUMEN TOTAL'!D11 -> AV. CALCHAQUI Y AV. DEL TRABAJO | D8: ='RESUMEN TOTAL'!E11 -> DOMO | E8: ='RESUMEN TOTAL'!F11 -> PTO A FO | F8: ='RESUMEN TOTAL'!L11 -> 0 | G8: ='RESUMEN TOTAL'!M11 -> 0 | H8: ='RESUMEN TOTAL'!N11 -> 0 | I8: ='RESUMEN TOTAL'!O11 -> APAGADO | J8: ='RESUMEN TOTAL'!P11 -> 0 | K8: ='RESUMEN TOTAL'!Q11 -> 0 | L8: ='RESUMEN TOTAL'!R11 -> 0 | M8: ='RESUMEN TOTAL'!S11 -> 0 | ... AI8: ='RESUMEN TOTAL'!AO11 -> 0 | AJ8: ='RESUMEN TOTAL'!#REF! -> #REF!
A9: ='RESUMEN TOTAL'!A12 -> ALTAMIRA | B9: ='RESUMEN TOTAL'!B12 -> ALT 08 | C9: ='RESUMEN TOTAL'!D12 -> HUMAITA Y NECOCHEA | D9: ='RESUMEN TOTAL'!E12 -> DOMO | E9: ='RESUMEN TOTAL'!F12 -> Fibra Optica | F9: ='RESUMEN TOTAL'!L12 -> 0 | G9: ='RESUMEN TOTAL'!M12 -> 0 | H9: ='RESUMEN TOTAL'!N12 -> 0 | I9: ='RESUMEN TOTAL'!O12 -> APAGADO | J9: ='RESUMEN TOTAL'!P12 -> 0 | K9: ='RESUMEN TOTAL'!Q12 -> 0 | L9: ='RESUMEN TOTAL'!R12 -> 0 | M9: ='RESUMEN TOTAL'!S12 -> 0 | ... AI9: ='RESUMEN TOTAL'!AO12 -> 0 | AJ9: ='RESUMEN TOTAL'!#REF! -> #REF!
A10: ='RESUMEN TOTAL'!A13 -> ALTAMIRA | B10: ='RESUMEN TOTAL'!B13 -> ALT 09 | C10: ='RESUMEN TOTAL'!D13 -> NECOCHEA Y CURUPAITY | D10: ='RESUMEN TOTAL'!E13 -> DOMO | E10: ='RESUMEN TOTAL'!F13 -> Fibra Optica | F10: ='RESUMEN TOTAL'!L13 -> 0 | G10: ='RESUMEN TOTAL'!M13 -> 0 | H10: ='RESUMEN TOTAL'!N13 -> 0 | I10: ='RESUMEN TOTAL'!O13 -> APAGADO | J10: ='RESUMEN TOTAL'!P13 -> 0 | K10: ='RESUMEN TOTAL'!Q13 -> 0 | L10: ='RESUMEN TOTAL'!R13 -> 0 | M10: ='RESUMEN TOTAL'!S13 -> 0 | ... AI10: ='RESUMEN TOTAL'!AO13 -> 0 | AJ10: ='RESUMEN TOTAL'!#REF! -> #REF!
A11: ='RESUMEN TOTAL'!A14 -> ALTAMIRA | B11: ='RESUMEN TOTAL'!B14 -> ALT 10 | C11: ='RESUMEN TOTAL'!D14 -> Calchaqui y Francia | D11: ='RESUMEN TOTAL'!E14 -> Domo | E11: ='RESUMEN TOTAL'!F14 -> Radio | F11: ='RESUMEN TOTAL'!L14 -> 0 | G11: ='RESUMEN TOTAL'!M14 -> 0 | H11: ='RESUMEN TOTAL'!N14 -> 0 | I11: ='RESUMEN TOTAL'!O14 -> APAGADO | J11: ='RESUMEN TOTAL'!P14 -> 0 | K11: ='RESUMEN TOTAL'!Q14 -> 0 | L11: ='RESUMEN TOTAL'!R14 -> 0 | M11: ='RESUMEN TOTAL'!S14 -> 0 | ... AI11: ='RESUMEN TOTAL'!AO14 -> 0 | AJ11: ='RESUMEN TOTAL'!#REF! -> #REF!
A12: ='RESUMEN TOTAL'!A15 -> AGUSTIN RAMIREZ | B12: ='RESUMEN TOTAL'!B15 -> ARA 01 | C12: ='RESUMEN TOTAL'!D15 -> Malambo y Tranquera | D12: ='RESUMEN TOTAL'!E15 -> Domo | E12: ='RESUMEN TOTAL'!F15 -> Fibra Optica | F12: ='RESUMEN TOTAL'!L15 -> APAGADO | G12: ='RESUMEN TOTAL'!M15 -> APAGADO | H12: ='RESUMEN TOTAL'!N15 -> APAGADO | I12: ='RESUMEN TOTAL'!O15 -> APAGADO | J12: ='RESUMEN TOTAL'!P15 -> 0 | K12: ='RESUMEN TOTAL'!Q15 -> APAGADO | L12: ='RESUMEN TOTAL'!R15 -> APAGADO | M12: ='RESUMEN TOTAL'!S15 -> APAGADO | ... AI12: ='RESUMEN TOTAL'!AO15 -> APAGADO | AJ12: ='RESUMEN TOTAL'!#REF! -> #REF!
A13: ='RESUMEN TOTAL'!A16 -> BELGRANO | B13: ='RESUMEN TOTAL'!B16 -> BEL 01 | C13: ='RESUMEN TOTAL'!D16 -> San Martin y Dardo Rocha | D13: ='RESUMEN TOTAL'!E16 -> DOMO | E13: ='RESUMEN TOTAL'!F16 -> Fibra Optica | F13: ='RESUMEN TOTAL'!L16 -> 0 | G13: ='RESUMEN TOTAL'!M16 -> 0 | H13: ='RESUMEN TOTAL'!N16 -> 0 | I13: ='RESUMEN TOTAL'!O16 -> 0 | J13: ='RESUMEN TOTAL'!P16 -> 0 | K13: ='RESUMEN TOTAL'!Q16 -> 0 | L13: ='RESUMEN TOTAL'!R16 -> 0 | M13: ='RESUMEN TOTAL'!S16 -> 0 | ... AI13: ='RESUMEN TOTAL'!AO16 -> 0 | AJ13: ='RESUMEN TOTAL'!#REF! -> #REF!
A14: ='RESUMEN TOTAL'!A17 -> BELGRANO | B14: ='RESUMEN TOTAL'!B17 -> BEL 02 | C14: ='RESUMEN TOTAL'!D17 -> Guardia vieja y Fronteriz | D14: ='RESUMEN TOTAL'!E17 -> DOMO | E14: ='RESUMEN TOTAL'!F17 -> Fibra Optica | F14: ='RESUMEN TOTAL'!L17 -> 0 | G14: ='RESUMEN TOTAL'!M17 -> 0 | H14: ='RESUMEN TOTAL'!N17 -> 0 | I14: ='RESUMEN TOTAL'!O17 -> 0 | J14: ='RESUMEN TOTAL'!P17 -> 0 | K14: ='RESUMEN TOTAL'!Q17 -> 0 | L14: ='RESUMEN TOTAL'!R17 -> 0 | M14: ='RESUMEN TOTAL'!S17 -> 0 | ... AI14: ='RESUMEN TOTAL'!AO17 -> 0 | AJ14: ='RESUMEN TOTAL'!#REF! -> #REF!
A15: ='RESUMEN TOTAL'!A18 -> BOSQUES CENTRO | B15: ='RESUMEN TOTAL'!B18 -> BOSQC 01 | C15: ='RESUMEN TOTAL'!D18 -> LUIS AGOTE E/DANUNCIO Y CAMPOAMOR | D15: ='RESUMEN TOTAL'!E18 -> Fija | E15: ='RESUMEN TOTAL'!F18 -> Radio | F15: ='RESUMEN TOTAL'!L18 -> 0 | G15: ='RESUMEN TOTAL'!M18 -> 0 | H15: ='RESUMEN TOTAL'!N18 -> 0 | I15: ='RESUMEN TOTAL'!O18 -> 0 | J15: ='RESUMEN TOTAL'!P18 -> 0 | K15: ='RESUMEN TOTAL'!Q18 -> 0 | L15: ='RESUMEN TOTAL'!R18 -> 0 | M15: ='RESUMEN TOTAL'!S18 -> 0 | ... AI15: ='RESUMEN TOTAL'!AO18 -> 0 | AJ15: ='RESUMEN TOTAL'!#REF! -> #REF!
... A464: ='RESUMEN TOTAL'!A467 -> PARADAS SEGURAS | B464: ='RESUMEN TOTAL'!B467 -> 26 | C464: ='RESUMEN TOTAL'!D467 -> HUDSON Y RIO COLORADO OESTE | D464: ='RESUMEN TOTAL'!E467 -> GFIJA | E464: ='RESUMEN TOTAL'!F467 -> GPON | F464: ='RESUMEN TOTAL'!L467 -> 0 | G464: ='RESUMEN TOTAL'!M467 -> 0 | H464: ='RESUMEN TOTAL'!N467 -> 0 | I464: ='RESUMEN TOTAL'!O467 -> 0 | J464: ='RESUMEN TOTAL'!P467 -> 0 | K464: ='RESUMEN TOTAL'!Q467 -> 0 | L464: ='RESUMEN TOTAL'!R467 -> 0 | M464: ='RESUMEN TOTAL'!S467 -> 0 | ... AI464: ='RESUMEN TOTAL'!AO467 -> 0 | AJ464: ='RESUMEN TOTAL'!#REF! -> #REF!
A465: ='RESUMEN TOTAL'!A468 -> PARADAS SEGURAS | B465: ='RESUMEN TOTAL'!B468 -> 26 I | C465: ='RESUMEN TOTAL'!D469 -> HUDON Y 818 ESTE | D465: ='RESUMEN TOTAL'!E468 -> INTERCOMUNICADOR | E465: ='RESUMEN TOTAL'!F468 -> GPON | F465: ='RESUMEN TOTAL'!L468 -> 0 | G465: ='RESUMEN TOTAL'!M468 -> 0 | H465: ='RESUMEN TOTAL'!N468 -> 0 | I465: ='RESUMEN TOTAL'!O468 -> 0 | J465: ='RESUMEN TOTAL'!P468 -> 0 | K465: ='RESUMEN TOTAL'!Q468 -> 0 | L465: ='RESUMEN TOTAL'!R468 -> 0 | M465: ='RESUMEN TOTAL'!S468 -> 0 | ... AI465: ='RESUMEN TOTAL'!AO468 -> 0 | AJ465: ='RESUMEN TOTAL'!#REF! -> #REF!
A466: ='RESUMEN TOTAL'!A469 -> PARADAS SEGURAS | B466: ='RESUMEN TOTAL'!B469 -> 27 | C466: ='RESUMEN TOTAL'!D471 -> HUDSON Y RIO TRAFUL OESTE | D466: ='RESUMEN TOTAL'!E469 -> GFIJA | E466: ='RESUMEN TOTAL'!F469 -> GPON | F466: ='RESUMEN TOTAL'!L469 -> 0 | G466: ='RESUMEN TOTAL'!M469 -> 0 | H466: ='RESUMEN TOTAL'!N469 -> 0 | I466: ='RESUMEN TOTAL'!O469 -> 0 | J466: ='RESUMEN TOTAL'!P469 -> 0 | K466: ='RESUMEN TOTAL'!Q469 -> 0 | L466: ='RESUMEN TOTAL'!R469 -> 0 | M466: ='RESUMEN TOTAL'!S469 -> 0 | ... AI466: ='RESUMEN TOTAL'!AO469 -> 0 | AJ466: ='RESUMEN TOTAL'!#REF! -> #REF!
A467: ='RESUMEN TOTAL'!A470 -> PARADAS SEGURAS | B467: ='RESUMEN TOTAL'!B470 -> 27 I | C467: ='RESUMEN TOTAL'!D473 -> HUDSON Y ESTOMBA ESTE | D467: ='RESUMEN TOTAL'!E470 -> INTERCOMUNICADOR | E467: ='RESUMEN TOTAL'!F470 -> GPON | F467: ='RESUMEN TOTAL'!L470 -> 0 | G467: ='RESUMEN TOTAL'!M470 -> 0 | H467: ='RESUMEN TOTAL'!N470 -> 0 | I467: ='RESUMEN TOTAL'!O470 -> 0 | J467: ='RESUMEN TOTAL'!P470 -> 0 | K467: ='RESUMEN TOTAL'!Q470 -> 0 | L467: ='RESUMEN TOTAL'!R470 -> 0 | M467: ='RESUMEN TOTAL'!S470 -> 0 | ... AI467: ='RESUMEN TOTAL'!AO470 -> 0 | AJ467: ='RESUMEN TOTAL'!#REF! -> #REF!
A468: ='RESUMEN TOTAL'!A471 -> PARADAS SEGURAS | B468: ='RESUMEN TOTAL'!B471 -> 28 | C468: ='RESUMEN TOTAL'!D475 -> HUDSON Y PICHEUTA OESTE | D468: ='RESUMEN TOTAL'!E471 -> GFIJA | E468: ='RESUMEN TOTAL'!F471 -> GPON | F468: ='RESUMEN TOTAL'!L471 -> 0 | G468: ='RESUMEN TOTAL'!M471 -> 0 | H468: ='RESUMEN TOTAL'!N471 -> 0 | I468: ='RESUMEN TOTAL'!O471 -> 0 | J468: ='RESUMEN TOTAL'!P471 -> 0 | K468: ='RESUMEN TOTAL'!Q471 -> 0 | L468: ='RESUMEN TOTAL'!R471 -> 0 | M468: ='RESUMEN TOTAL'!S471 -> 0 | ... AI468: ='RESUMEN TOTAL'!AO471 -> 0 | AJ468: ='RESUMEN TOTAL'!#REF! -> #REF!
A469: ='RESUMEN TOTAL'!A472 -> PARADAS SEGURAS | B469: ='RESUMEN TOTAL'!B472 -> 28 I | C469: ='RESUMEN TOTAL'!D477 -> HUDSON Y 830 ESTE | D469: ='RESUMEN TOTAL'!E472 -> INTERCOMUNICADOR | E469: ='RESUMEN TOTAL'!F472 -> GPON | F469: ='RESUMEN TOTAL'!L472 -> 0 | G469: ='RESUMEN TOTAL'!M472 -> 0 | H469: ='RESUMEN TOTAL'!N472 -> 0 | I469: ='RESUMEN TOTAL'!O472 -> 0 | J469: ='RESUMEN TOTAL'!P472 -> 0 | K469: ='RESUMEN TOTAL'!Q472 -> 0 | L469: ='RESUMEN TOTAL'!R472 -> 0 | M469: ='RESUMEN TOTAL'!S472 -> 0 | ... AI469: ='RESUMEN TOTAL'!AO472 -> 0 | AJ469: ='RESUMEN TOTAL'!#REF! -> #REF!
A470: ='RESUMEN TOTAL'!A473 -> PARADAS SEGURAS | B470: ='RESUMEN TOTAL'!B473 -> 29 | C470: ='RESUMEN TOTAL'!#REF! -> #REF! | D470: ='RESUMEN TOTAL'!E473 -> GFIJA | E470: ='RESUMEN TOTAL'!F473 -> GPON | F470: ='RESUMEN TOTAL'!L473 -> 0 | G470: ='RESUMEN TOTAL'!M473 -> 0 | H470: ='RESUMEN TOTAL'!N473 -> 0 | I470: ='RESUMEN TOTAL'!O473 -> 0 | J470: ='RESUMEN TOTAL'!P473 -> 0 | K470: ='RESUMEN TOTAL'!Q473 -> 0 | L470: ='RESUMEN TOTAL'!R473 -> 0 | M470: ='RESUMEN TOTAL'!S473 -> 0 | ... AI470: ='RESUMEN TOTAL'!AO473 -> 0 | AJ470: ='RESUMEN TOTAL'!#REF! -> #REF!
A471: ='RESUMEN TOTAL'!A474 -> PARADAS SEGURAS | B471: ='RESUMEN TOTAL'!B474 -> 29 I | C471: ='RESUMEN TOTAL'!#REF! -> #REF! | D471: ='RESUMEN TOTAL'!E474 -> INTERCOMUNICADOR | E471: ='RESUMEN TOTAL'!F474 -> GPON | F471: ='RESUMEN TOTAL'!L474 -> 0 | G471: ='RESUMEN TOTAL'!M474 -> 0 | H471: ='RESUMEN TOTAL'!N474 -> 0 | I471: ='RESUMEN TOTAL'!O474 -> 0 | J471: ='RESUMEN TOTAL'!P474 -> 0 | K471: ='RESUMEN TOTAL'!Q474 -> 0 | L471: ='RESUMEN TOTAL'!R474 -> 0 | M471: ='RESUMEN TOTAL'!S474 -> 0 | ... AI471: ='RESUMEN TOTAL'!AO474 -> 0 | AJ471: ='RESUMEN TOTAL'!#REF! -> #REF!
A472: ='RESUMEN TOTAL'!A475 -> PARADAS SEGURAS | B472: ='RESUMEN TOTAL'!B475 -> 30 | C472: ='RESUMEN TOTAL'!#REF! -> #REF! | D472: ='RESUMEN TOTAL'!E475 -> GFIJA | E472: ='RESUMEN TOTAL'!F475 -> GPON | F472: ='RESUMEN TOTAL'!L475 -> 0 | G472: ='RESUMEN TOTAL'!M475 -> 0 | H472: ='RESUMEN TOTAL'!N475 -> 0 | I472: ='RESUMEN TOTAL'!O475 -> 0 | J472: ='RESUMEN TOTAL'!P475 -> 0 | K472: ='RESUMEN TOTAL'!Q475 -> 0 | L472: ='RESUMEN TOTAL'!R475 -> 0 | M472: ='RESUMEN TOTAL'!S475 -> 0 | ... AI472: ='RESUMEN TOTAL'!AO475 -> APAGADO | AJ472: ='RESUMEN TOTAL'!#REF! -> #REF!
A473: ='RESUMEN TOTAL'!A476 -> PARADAS SEGURAS | B473: ='RESUMEN TOTAL'!B476 -> 30 I | C473: ='RESUMEN TOTAL'!D476 -> HUDSON Y PICHEUTA OESTE | D473: ='RESUMEN TOTAL'!E476 -> INTERCOMUNICADOR | E473: ='RESUMEN TOTAL'!F476 -> GPON | F473: ='RESUMEN TOTAL'!L476 -> 0 | G473: ='RESUMEN TOTAL'!M476 -> 0 | H473: ='RESUMEN TOTAL'!N476 -> 0 | I473: ='RESUMEN TOTAL'!O476 -> 0 | J473: ='RESUMEN TOTAL'!P476 -> 0 | K473: ='RESUMEN TOTAL'!Q476 -> 0 | L473: ='RESUMEN TOTAL'!R476 -> 0 | M473: ='RESUMEN TOTAL'!S476 -> 0 | ... AI473: ='RESUMEN TOTAL'!AO476 -> APAGADO | AJ473: ='RESUMEN TOTAL'!#REF! -> #REF!
A474: ='RESUMEN TOTAL'!A477 -> PARADAS SEGURAS | B474: ='RESUMEN TOTAL'!B477 -> 31 | C474: ='RESUMEN TOTAL'!#REF! -> #REF! | D474: ='RESUMEN TOTAL'!E477 -> GFIJA | E474: ='RESUMEN TOTAL'!F477 -> GPON | F474: ='RESUMEN TOTAL'!L477 -> 0 | G474: ='RESUMEN TOTAL'!M477 -> 0 | H474: ='RESUMEN TOTAL'!N477 -> 0 | I474: ='RESUMEN TOTAL'!O477 -> 0 | J474: ='RESUMEN TOTAL'!P477 -> 0 | K474: ='RESUMEN TOTAL'!Q477 -> 0 | L474: ='RESUMEN TOTAL'!R477 -> 0 | M474: ='RESUMEN TOTAL'!S477 -> 0 | ... AI474: ='RESUMEN TOTAL'!AO477 -> APAGADO | AJ474: ='RESUMEN TOTAL'!#REF! -> #REF!
A475: ='RESUMEN TOTAL'!A478 -> PARADAS SEGURAS | B475: ='RESUMEN TOTAL'!B478 -> 31 I | C475: ='RESUMEN TOTAL'!#REF! -> #REF! | D475: ='RESUMEN TOTAL'!E478 -> INTERCOMUNICADOR | E475: ='RESUMEN TOTAL'!F478 -> GPON | F475: ='RESUMEN TOTAL'!L478 -> 0 | G475: ='RESUMEN TOTAL'!M478 -> 0 | H475: ='RESUMEN TOTAL'!N478 -> 0 | I475: ='RESUMEN TOTAL'!O478 -> 0 | J475: ='RESUMEN TOTAL'!P478 -> 0 | K475: ='RESUMEN TOTAL'!Q478 -> 0 | L475: ='RESUMEN TOTAL'!R478 -> 0 | M475: ='RESUMEN TOTAL'!S478 -> 0 | ... AI475: ='RESUMEN TOTAL'!AO478 -> APAGADO | AJ475: ='RESUMEN TOTAL'!#REF! -> #REF!
A476: ='RESUMEN TOTAL'!A479 -> PARADAS SEGURAS | B476: ='RESUMEN TOTAL'!B479 -> 32 | C476: ='RESUMEN TOTAL'!D479 -> Hudson y 834 oeste | D476: ='RESUMEN TOTAL'!E479 -> GFIJA | E476: ='RESUMEN TOTAL'!F479 -> GPON | F476: ='RESUMEN TOTAL'!L479 -> 0 | G476: ='RESUMEN TOTAL'!M479 -> 0 | H476: ='RESUMEN TOTAL'!N479 -> 0 | I476: ='RESUMEN TOTAL'!O479 -> 0 | J476: ='RESUMEN TOTAL'!P479 -> 0 | K476: ='RESUMEN TOTAL'!Q479 -> 0 | L476: ='RESUMEN TOTAL'!R479 -> 0 | M476: ='RESUMEN TOTAL'!S479 -> 0 | ... AI476: ='RESUMEN TOTAL'!AO479 -> 0 | AJ476: ='RESUMEN TOTAL'!#REF! -> #REF!
A477: ='RESUMEN TOTAL'!A480 -> PARADAS SEGURAS | B477: ='RESUMEN TOTAL'!B480 -> 32 I | C477: ='RESUMEN TOTAL'!D480 -> Hudson y 834 oeste | D477: ='RESUMEN TOTAL'!E480 -> INTERCOMUNICADOR | E477: ='RESUMEN TOTAL'!F480 -> GPON | F477: ='RESUMEN TOTAL'!L480 -> 0 | G477: ='RESUMEN TOTAL'!M480 -> 0 | H477: ='RESUMEN TOTAL'!N480 -> 0 | I477: ='RESUMEN TOTAL'!O480 -> APAGADO | J477: ='RESUMEN TOTAL'!P480 -> APAGADO | K477: ='RESUMEN TOTAL'!Q480 -> APAGADO | L477: ='RESUMEN TOTAL'!R480 -> APAGADO | M477: ='RESUMEN TOTAL'!S480 -> APAGADO | ... AI477: ='RESUMEN TOTAL'!AO480 -> 0 | AJ477: ='RESUMEN TOTAL'!#REF! -> #REF!
A478: ='RESUMEN TOTAL'!A481 -> PARADAS SEGURAS | B478: ='RESUMEN TOTAL'!B481 -> 33 C | C478: ='RESUMEN TOTAL'!D481 -> Hudson y Suipacha este | D478: ='RESUMEN TOTAL'!E481 -> GFIJA | E478: ='RESUMEN TOTAL'!F481 -> GPON | F478: ='RESUMEN TOTAL'!L481 -> 0 | G478: ='RESUMEN TOTAL'!M481 -> 0 | H478: ='RESUMEN TOTAL'!N481 -> 0 | I478: ='RESUMEN TOTAL'!O481 -> APAGADO | J478: ='RESUMEN TOTAL'!P481 -> APAGADO | K478: ='RESUMEN TOTAL'!Q481 -> APAGADO | L478: ='RESUMEN TOTAL'!R481 -> APAGADO | M478: ='RESUMEN TOTAL'!S481 -> APAGADO | ... AI478: ='RESUMEN TOTAL'!AO481 -> 0 | AJ478: ='RESUMEN TOTAL'!#REF! -> #REF!
A479: ='RESUMEN TOTAL'!A482 -> PARADAS SEGURAS | B479: ='RESUMEN TOTAL'!B482 -> 33 I | C479: ='RESUMEN TOTAL'!D482 -> Hudson y Suipacha este | D479: ='RESUMEN TOTAL'!E482 -> INTERCOMUNICADOR | E479: ='RESUMEN TOTAL'!F482 -> GPON | F479: ='RESUMEN TOTAL'!L482 -> 0 | G479: ='RESUMEN TOTAL'!M482 -> 0 | H479: ='RESUMEN TOTAL'!N482 -> 0 | I479: ='RESUMEN TOTAL'!O482 -> APAGADO | J479: ='RESUMEN TOTAL'!P482 -> APAGADO | K479: ='RESUMEN TOTAL'!Q482 -> APAGADO | L479: ='RESUMEN TOTAL'!R482 -> APAGADO | M479: ='RESUMEN TOTAL'!S482 -> APAGADO | ... AI479: ='RESUMEN TOTAL'!AO482 -> 0 | AJ479: ='RESUMEN TOTAL'!#REF! -> #REF!
A480: ='RESUMEN TOTAL'!A483 -> PARADAS SEGURAS | B480: ='RESUMEN TOTAL'!B483 -> 34 C | C480: ='RESUMEN TOTAL'!D483 -> Hudson y Suipacha oeste | D480: ='RESUMEN TOTAL'!E483 -> GFIJA | E480: ='RESUMEN TOTAL'!F483 -> GPON | F480: ='RESUMEN TOTAL'!L483 -> 0 | G480: ='RESUMEN TOTAL'!M483 -> 0 | H480: ='RESUMEN TOTAL'!N483 -> 0 | I480: ='RESUMEN TOTAL'!O483 -> 0 | J480: ='RESUMEN TOTAL'!P483 -> 0 | K480: ='RESUMEN TOTAL'!Q483 -> 0 | L480: ='RESUMEN TOTAL'!R483 -> 0 | M480: ='RESUMEN TOTAL'!S483 -> 0 | ... AI480: ='RESUMEN TOTAL'!AO483 -> 0 | AJ480: ='RESUMEN TOTAL'!#REF! -> #REF!
A481: ='RESUMEN TOTAL'!A484 -> PARADAS SEGURAS | B481: ='RESUMEN TOTAL'!B484 -> 34 I | C481: ='RESUMEN TOTAL'!D484 -> Hudson y Suipacha oeste | D481: ='RESUMEN TOTAL'!E484 -> INTERCOMUNICADOR | E481: ='RESUMEN TOTAL'!F484 -> GPON | F481: ='RESUMEN TOTAL'!L484 -> 0 | G481: ='RESUMEN TOTAL'!M484 -> 0 | H481: ='RESUMEN TOTAL'!N484 -> 0 | I481: ='RESUMEN TOTAL'!O484 -> APAGADO | J481: ='RESUMEN TOTAL'!P484 -> APAGADO | K481: ='RESUMEN TOTAL'!Q484 -> APAGADO | L481: ='RESUMEN TOTAL'!R484 -> APAGADO | M481: ='RESUMEN TOTAL'!S484 -> APAGADO | ... AI481: ='RESUMEN TOTAL'!AO484 -> 0 | AJ481: ='RESUMEN TOTAL'!#REF! -> #REF!
A482: ='RESUMEN TOTAL'!A485 -> PARADAS SEGURAS | B482: ='RESUMEN TOTAL'!B485 -> 35 C | C482: ='RESUMEN TOTAL'!D485 -> Hudson y Suipacha este | D482: ='RESUMEN TOTAL'!E485 -> GFIJA | E482: ='RESUMEN TOTAL'!F485 -> GPON | F482: ='RESUMEN TOTAL'!L485 -> 0 | G482: ='RESUMEN TOTAL'!M485 -> 0 | H482: ='RESUMEN TOTAL'!N485 -> 0 | I482: ='RESUMEN TOTAL'!O485 -> APAGADO | J482: ='RESUMEN TOTAL'!P485 -> APAGADO | K482: ='RESUMEN TOTAL'!Q485 -> APAGADO | L482: ='RESUMEN TOTAL'!R485 -> APAGADO | M482: ='RESUMEN TOTAL'!S485 -> APAGADO | ... AI482: ='RESUMEN TOTAL'!AO485 -> APAGADO | AJ482: ='RESUMEN TOTAL'!#REF! -> #REF!
A483: ='RESUMEN TOTAL'!A486 -> PARADAS SEGURAS | B483: ='RESUMEN TOTAL'!B486 -> 35 I | C483: ='RESUMEN TOTAL'!D486 -> Hudson y Suipacha este | D483: ='RESUMEN TOTAL'!E486 -> INTERCOMUNICADOR | E483: ='RESUMEN TOTAL'!F486 -> GPON | F483: ='RESUMEN TOTAL'!L486 -> 0 | G483: ='RESUMEN TOTAL'!M486 -> 0 | H483: ='RESUMEN TOTAL'!N486 -> 0 | I483: ='RESUMEN TOTAL'!O486 -> APAGADO | J483: ='RESUMEN TOTAL'!P486 -> APAGADO | K483: ='RESUMEN TOTAL'!Q486 -> APAGADO | L483: ='RESUMEN TOTAL'!R486 -> APAGADO | M483: ='RESUMEN TOTAL'!S486 -> APAGADO | ... AI483: ='RESUMEN TOTAL'!AO486 -> 0 | AJ483: ='RESUMEN TOTAL'!#REF! -> #REF!
A484: ='RESUMEN TOTAL'!A487 -> 0 | B484: ='RESUMEN TOTAL'!B487 -> 0 | C484: ='RESUMEN TOTAL'!D487 -> 0 | D484: ='RESUMEN TOTAL'!E487 -> 0 | E484: ='RESUMEN TOTAL'!F487 -> 0 | F484: ='RESUMEN TOTAL'!L487 -> 0 | G484: ='RESUMEN TOTAL'!M487 -> 0 | H484: ='RESUMEN TOTAL'!N487 -> 0 | I484: ='RESUMEN TOTAL'!O487 -> 0 | J484: ='RESUMEN TOTAL'!P487 -> 0 | K484: ='RESUMEN TOTAL'!Q487 -> 0 | L484: ='RESUMEN TOTAL'!R487 -> 0 | M484: ='RESUMEN TOTAL'!S487 -> 0 | ... AI484: ='RESUMEN TOTAL'!AO487 -> 0 | AJ484: ='RESUMEN TOTAL'!#REF! -> #REF!
A485: ='RESUMEN TOTAL'!A488 -> 0 | B485: ='RESUMEN TOTAL'!B488 -> 0 | C485: ='RESUMEN TOTAL'!D488 -> 0 | D485: ='RESUMEN TOTAL'!E488 -> 0 | E485: ='RESUMEN TOTAL'!F488 -> 0 | F485: ='RESUMEN TOTAL'!L488 -> 0 | G485: ='RESUMEN TOTAL'!M488 -> 0 | H485: ='RESUMEN TOTAL'!N488 -> 0 | I485: ='RESUMEN TOTAL'!O488 -> 0 | J485: ='RESUMEN TOTAL'!P488 -> 0 | K485: ='RESUMEN TOTAL'!Q488 -> 0 | L485: ='RESUMEN TOTAL'!R488 -> 0 | M485: ='RESUMEN TOTAL'!S488 -> 0 | ... AI485: ='RESUMEN TOTAL'!AO488 -> 0 | AJ485: ='RESUMEN TOTAL'!#REF! -> #REF!
A486: ='RESUMEN TOTAL'!A489 -> 0 | B486: ='RESUMEN TOTAL'!B489 -> 0 | C486: ='RESUMEN TOTAL'!D489 -> 0 | D486: ='RESUMEN TOTAL'!E489 -> 0 | E486: ='RESUMEN TOTAL'!F489 -> 0 | F486: ='RESUMEN TOTAL'!L489 -> 0 | G486: ='RESUMEN TOTAL'!M489 -> 0 | H486: ='RESUMEN TOTAL'!N489 -> 0 | I486: ='RESUMEN TOTAL'!O489 -> 0 | J486: ='RESUMEN TOTAL'!P489 -> 0 | K486: ='RESUMEN TOTAL'!Q489 -> 0 | L486: ='RESUMEN TOTAL'!R489 -> 0 | M486: ='RESUMEN TOTAL'!S489 -> 0 | ... AI486: ='RESUMEN TOTAL'!AO489 -> 0 | AJ486: ='RESUMEN TOTAL'!#REF! -> #REF!
A487: ='RESUMEN TOTAL'!A490 -> 0 | B487: ='RESUMEN TOTAL'!B490 -> 0 | C487: ='RESUMEN TOTAL'!D490 -> 0 | D487: ='RESUMEN TOTAL'!E490 -> 0 | E487: ='RESUMEN TOTAL'!F490 -> 0 | F487: ='RESUMEN TOTAL'!L490 -> 0 | G487: ='RESUMEN TOTAL'!M490 -> 0 | H487: ='RESUMEN TOTAL'!N490 -> 0 | I487: ='RESUMEN TOTAL'!O490 -> 0 | J487: ='RESUMEN TOTAL'!P490 -> 0 | K487: ='RESUMEN TOTAL'!Q490 -> 0 | L487: ='RESUMEN TOTAL'!R490 -> 0 | M487: ='RESUMEN TOTAL'!S490 -> 0 | ... AI487: ='RESUMEN TOTAL'!AO490 -> 0 | AJ487: ='RESUMEN TOTAL'!#REF! -> #REF!
... A603: ='RESUMEN TOTAL'!A606 -> 0 | B603: ='RESUMEN TOTAL'!B606 -> 0 | C603: ='RESUMEN TOTAL'!D606 -> 0 | D603: ='RESUMEN TOTAL'!E606 -> 0 | E603: ='RESUMEN TOTAL'!F606 -> 0 | F603: ='RESUMEN TOTAL'!L606 -> 0 | G603: ='RESUMEN TOTAL'!M606 -> 0 | H603: ='RESUMEN TOTAL'!N606 -> 0 | I603: ='RESUMEN TOTAL'!O606 -> 0 | J603: ='RESUMEN TOTAL'!P606 -> 0 | K603: ='RESUMEN TOTAL'!Q606 -> 0 | L603: ='RESUMEN TOTAL'!R606 -> 0 | M603: ='RESUMEN TOTAL'!S606 -> 0 | ... AI603: ='RESUMEN TOTAL'!AO606 -> 0 | AJ603: ='RESUMEN TOTAL'!#REF! -> #REF!

Sheet APAGADOS ANTENA
C1: TOTAL PTO A FO
E2: APAGADOS | F2: =COUNTIFS(F5:F502, "=APAGADO",E5:E502,"=PTO A FO") -> 1 | G2: =COUNTIFS(G5:G502, "=APAGADO",E5:E502,"=PTO A FO") -> 0 | H2: =COUNTIFS(H5:H502, "=APAGADO",E5:E502,"=PTO A FO") -> 0 | I2: =COUNTIFS(I5:I502, "=APAGADO",E5:E502,"=PTO A FO") -> 6 | J2: =COUNTIFS(J5:J502, "=APAGADO",E5:E502,"=PTO A FO") -> 1 | K2: =COUNTIFS(K5:K502, "=APAGADO",E5:E502,"=PTO A FO") -> 1 | L2: =COUNTIFS(L5:L502, "=APAGADO",E5:E502,"=PTO A FO") -> 0 | M2: =COUNTIFS(M5:M502, "=APAGADO",E5:E502,"=PTO A FO") -> 1 | N2: =COUNTIFS(N5:N502, "=APAGADO",E5:E502,"=PTO A FO") -> 2 | O2: =COUNTIFS(O5:O502, "=APAGADO",E5:E502,"=PTO A FO") -> 3 | P2: =COUNTIFS(P5:P502, "=APAGADO",E5:E502,"=PTO A FO") -> 6 | Q2: =COUNTIFS(Q5:Q502, "=APAGADO",E5:E502,"=PTO A FO") -> 4 | R2: =COUNTIFS(R5:R502, "=APAGADO",E5:E502,"=PTO A FO") -> 4 | S2: =COUNTIFS(S5:S502, "=APAGADO",E5:E502,"=PTO A FO") -> 5 | T2: =COUNTIFS(T5:T502, "=APAGADO",E5:E502,"=PTO A FO") -> 8 | U2: =COUNTIFS(U5:U502, "=APAGADO",E5:E502,"=PTO A FO") -> 5 | V2: =COUNTIFS(V5:V502, "=APAGADO",E5:E502,"=PTO A FO") -> 5 | W2: =COUNTIFS(W5:W502, "=APAGADO",E5:E502,"=PTO A FO") -> 1 | X2: =COUNTIFS(X4:X502, "=APAGADO",E4:E502,"=PTO A FO") -> 2 | Y2: =COUNTIFS(Y5:Y502, "=APAGADO",E5:E502,"=PTO A FO") -> 2 | Z2: =COUNTIFS(Z5:Z502, "=APAGADO",E5:E502,"=PTO A FO") -> 2 | AA2: =COUNTIFS(AA5:AA502, "=APAGADO",E5:E502,"=PTO A FO") -> 2 | AB2: =COUNTIFS(AB5:AB502, "=APAGADO",E5:E502,"=PTO A FO") -> 1 | AC2: =COUNTIFS(AC4:AC602, "=APAGADO",E4:E602,"=PTO A FO") -> 1 | AD2: =COUNTIFS(AD5:AD502, "=APAGADO",E5:E502,"=PTO A FO") -> 0 | AE2: =COUNTIFS(AE5:AE502, "=APAGADO",E5:E502,"=PTO A FO") -> 0 | AF2: =COUNTIFS(AF5:AF502, "=APAGADO",E5:E502,"=PTO A FO") -> 0 | AG2: =COUNTIFS(AG5:AG502, "=APAGADO",E5:E502,"=PTO A FO") -> 0 | AH2: =COUNTIFS(AH5:AH502, "=APAGADO",E5:E502,"=PTO A FO") -> 0 | AI2: =COUNTIFS(AI5:AI502, "=APAGADO",E5:E502,"=PTO A FO") -> 0
A3: =ESTADISTICA!A1 -> Barrio | B3: =ESTADISTICA!B1 -> [Denominacion] | C3: =ESTADISTICA!C1 -> [Ubicacion] | D3: =ESTADISTICA!D1 -> [Tipo de Camara] | E3: =ESTADISTICA!E1 -> [Tipo de Conexion] | F3: =ESTADISTICA!F1 -> 45139 | G3: =ESTADISTICA!G1 -> 45140 | H3: =ESTADISTICA!H1 -> 45141 | ... AI3: =ESTADISTICA!AI1 -> 45168
A4: ='RESUMEN TOTAL'!A6 -> ALTAMIRA | B4: ='RESUMEN TOTAL'!B6 -> ALT02 | C4: ='RESUMEN TOTAL'!D6 -> Calchaqui y Lope de Vega | D4: ='RESUMEN TOTAL'!E6 -> Domo | E4: ='RESUMEN TOTAL'!F6 -> PTO A FO | F4: ='RESUMEN TOTAL'!L6 -> 0 | G4: ='RESUMEN TOTAL'!M6 -> 0 | H4: ='RESUMEN TOTAL'!N6 -> 0 | I4: ='RESUMEN TOTAL'!O6 -> APAGADO | J4: ='RESUMEN TOTAL'!P6 -> 0 | K4: ='RESUMEN TOTAL'!Q6 -> APAGADO | L4: ='RESUMEN TOTAL'!R6 -> 0 | M4: ='RESUMEN TOTAL'!S6 -> 0 | ... AI4: ='RESUMEN TOTAL'!AO6 -> 0 | AJ4: ='RESUMEN TOTAL'!#REF! -> #REF!
A5: ='RESUMEN TOTAL'!A7 -> ALTAMIRA | B5: ='RESUMEN TOTAL'!B7 -> ALT 03 | C5: ='RESUMEN TOTAL'!D7 -> Bombero Galarza y Necochea | D5: ='RESUMEN TOTAL'!E7 -> Domo | E5: ='RESUMEN TOTAL'!F7 -> Fibra Optica | F5: ='RESUMEN TOTAL'!L7 -> 0 | G5: ='RESUMEN TOTAL'!M7 -> 0 | H5: ='RESUMEN TOTAL'!N7 -> 0 | I5: ='RESUMEN TOTAL'!O7 -> APAGADO | J5: ='RESUMEN TOTAL'!P7 -> 0 | K5: ='RESUMEN TOTAL'!Q7 -> 0 | L5: ='RESUMEN TOTAL'!R7 -> 0 | M5: ='RESUMEN TOTAL'!S7 -> 0 | ... AI5: ='RESUMEN TOTAL'!AO7 -> 0 | AJ5: ='RESUMEN TOTAL'!#REF! -> #REF!
A6: ='RESUMEN TOTAL'!A8 -> ALTAMIRA | B6: ='RESUMEN TOTAL'!B8 -> ALT 04 | C6: ='RESUMEN TOTAL'!D8 -> Francia y Necochea | D6: ='RESUMEN TOTAL'!E8 -> Domo | E6: ='RESUMEN TOTAL'!F8 -> Fibra Optica | F6: ='RESUMEN TOTAL'!L8 -> 0 | G6: ='RESUMEN TOTAL'!M8 -> 0 | H6: ='RESUMEN TOTAL'!N8 -> 0 | I6: ='RESUMEN TOTAL'!O8 -> APAGADO | J6: ='RESUMEN TOTAL'!P8 -> 0 | K6: ='RESUMEN TOTAL'!Q8 -> 0 | L6: ='RESUMEN TOTAL'!R8 -> 0 | M6: ='RESUMEN TOTAL'!S8 -> 0 | ... AI6: ='RESUMEN TOTAL'!AO8 -> 0 | AJ6: ='RESUMEN TOTAL'!#REF! -> #REF!
A7: ='RESUMEN TOTAL'!A9 -> ALTAMIRA | B7: ='RESUMEN TOTAL'!B9 -> ALT05 | C7: ='RESUMEN TOTAL'!D9 -> Av. Calchaqui y Bombero Galarza | D7: ='RESUMEN TOTAL'!E9 -> Domo | E7: ='RESUMEN TOTAL'!F9 -> PTO A FO | F7: ='RESUMEN TOTAL'!L9 -> 0 | G7: ='RESUMEN TOTAL'!M9 -> 0 | H7: ='RESUMEN TOTAL'!N9 -> 0 | I7: ='RESUMEN TOTAL'!O9 -> APAGADO | J7: ='RESUMEN TOTAL'!P9 -> 0 | K7: ='RESUMEN TOTAL'!Q9 -> 0 | L7: ='RESUMEN TOTAL'!R9 -> 0 | M7: ='RESUMEN TOTAL'!S9 -> 0 | ... AI7: ='RESUMEN TOTAL'!AO9 -> 0 | AJ7: ='RESUMEN TOTAL'!#REF! -> #REF!
A8: ='RESUMEN TOTAL'!A10 -> ALTAMIRA | B8: ='RESUMEN TOTAL'!B10 -> ALT 06 | C8: ='RESUMEN TOTAL'!D10 -> LOPE DE VEGA Y NECOCHEA | D8: ='RESUMEN TOTAL'!E10 -> Domo | E8: ='RESUMEN TOTAL'!F10 -> PTO A FO | F8: ='RESUMEN TOTAL'!L10 -> 0 | G8: ='RESUMEN TOTAL'!M10 -> 0 | H8: ='RESUMEN TOTAL'!N10 -> 0 | I8: ='RESUMEN TOTAL'!O10 -> APAGADO | J8: ='RESUMEN TOTAL'!P10 -> 0 | K8: ='RESUMEN TOTAL'!Q10 -> 0 | L8: ='RESUMEN TOTAL'!R10 -> 0 | M8: ='RESUMEN TOTAL'!S10 -> 0 | ... AI8: ='RESUMEN TOTAL'!AO10 -> 0 | AJ8: ='RESUMEN TOTAL'!#REF! -> #REF!
A9: ='RESUMEN TOTAL'!A11 -> ALTAMIRA | B9: ='RESUMEN TOTAL'!B11 -> ALT07 | C9: ='RESUMEN TOTAL'!D11 -> AV. CALCHAQUI Y AV. DEL TRABAJO | D9: ='RESUMEN TOTAL'!E11 -> DOMO | E9: ='RESUMEN TOTAL'!F11 -> PTO A FO | F9: ='RESUMEN TOTAL'!L11 -> 0 | G9: ='RESUMEN TOTAL'!M11 -> 0 | H9: ='RESUMEN TOTAL'!N11 -> 0 | I9: ='RESUMEN TOTAL'!O11 -> APAGADO | J9: ='RESUMEN TOTAL'!P11 -> 0 | K9: ='RESUMEN TOTAL'!Q11 -> 0 | L9: ='RESUMEN TOTAL'!R11 -> 0 | M9: ='RESUMEN TOTAL'!S11 -> 0 | ... AI9: ='RESUMEN TOTAL'!AO11 -> 0 | AJ9: ='RESUMEN TOTAL'!#REF! -> #REF!
A10: ='RESUMEN TOTAL'!A12 -> ALTAMIRA | B10: ='RESUMEN TOTAL'!B12 -> ALT 08 | C10: ='RESUMEN TOTAL'!D12 -> HUMAITA Y NECOCHEA | D10: ='RESUMEN TOTAL'!E12 -> DOMO | E10: ='RESUMEN TOTAL'!F12 -> Fibra Optica | F10: ='RESUMEN TOTAL'!L12 -> 0 | G10: ='RESUMEN TOTAL'!M12 -> 0 | H10: ='RESUMEN TOTAL'!N12 -> 0 | I10: ='RESUMEN TOTAL'!O12 -> APAGADO | J10: ='RESUMEN TOTAL'!P12 -> 0 | K10: ='RESUMEN TOTAL'!Q12 -> 0 | L10: ='RESUMEN TOTAL'!R12 -> 0 | M10: ='RESUMEN TOTAL'!S12 -> 0 | ... AI10: ='RESUMEN TOTAL'!AO12 -> 0 | AJ10: ='RESUMEN TOTAL'!#REF! -> #REF!
A11: ='RESUMEN TOTAL'!A13 -> ALTAMIRA | B11: ='RESUMEN TOTAL'!B13 -> ALT 09 | C11: ='RESUMEN TOTAL'!D13 -> NECOCHEA Y CURUPAITY | D11: ='RESUMEN TOTAL'!E13 -> DOMO | E11: ='RESUMEN TOTAL'!F13 -> Fibra Optica | F11: ='RESUMEN TOTAL'!L13 -> 0 | G11: ='RESUMEN TOTAL'!M13 -> 0 | H11: ='RESUMEN TOTAL'!N13 -> 0 | I11: ='RESUMEN TOTAL'!O13 -> APAGADO | J11: ='RESUMEN TOTAL'!P13 -> 0 | K11: ='RESUMEN TOTAL'!Q13 -> 0 | L11: ='RESUMEN TOTAL'!R13 -> 0 | M11: ='RESUMEN TOTAL'!S13 -> 0 | ... AI11: ='RESUMEN TOTAL'!AO13 -> 0 | AJ11: ='RESUMEN TOTAL'!#REF! -> #REF!
A12: ='RESUMEN TOTAL'!A14 -> ALTAMIRA | B12: ='RESUMEN TOTAL'!B14 -> ALT 10 | C12: ='RESUMEN TOTAL'!D14 -> Calchaqui y Francia | D12: ='RESUMEN TOTAL'!E14 -> Domo | E12: ='RESUMEN TOTAL'!F14 -> Radio | F12: ='RESUMEN TOTAL'!L14 -> 0 | G12: ='RESUMEN TOTAL'!M14 -> 0 | H12: ='RESUMEN TOTAL'!N14 -> 0 | I12: ='RESUMEN TOTAL'!O14 -> APAGADO | J12: ='RESUMEN TOTAL'!P14 -> 0 | K12: ='RESUMEN TOTAL'!Q14 -> 0 | L12: ='RESUMEN TOTAL'!R14 -> 0 | M12: ='RESUMEN TOTAL'!S14 -> 0 | ... AI12: ='RESUMEN TOTAL'!AO14 -> 0 | AJ12: ='RESUMEN TOTAL'!#REF! -> #REF!
A13: ='RESUMEN TOTAL'!A15 -> AGUSTIN RAMIREZ | B13: ='RESUMEN TOTAL'!B15 -> ARA 01 | C13: ='RESUMEN TOTAL'!D15 -> Malambo y Tranquera | D13: ='RESUMEN TOTAL'!E15 -> Domo | E13: ='RESUMEN TOTAL'!F15 -> Fibra Optica | F13: ='RESUMEN TOTAL'!L15 -> APAGADO | G13: ='RESUMEN TOTAL'!M15 -> APAGADO | H13: ='RESUMEN TOTAL'!N15 -> APAGADO | I13: ='RESUMEN TOTAL'!O15 -> APAGADO | J13: ='RESUMEN TOTAL'!P15 -> 0 | K13: ='RESUMEN TOTAL'!Q15 -> APAGADO | L13: ='RESUMEN TOTAL'!R15 -> APAGADO | M13: ='RESUMEN TOTAL'!S15 -> APAGADO | ... AI13: ='RESUMEN TOTAL'!AO15 -> APAGADO | AJ13: ='RESUMEN TOTAL'!#REF! -> #REF!
A14: ='RESUMEN TOTAL'!A16 -> BELGRANO | B14: ='RESUMEN TOTAL'!B16 -> BEL 01 | C14: ='RESUMEN TOTAL'!D16 -> San Martin y Dardo Rocha | D14: ='RESUMEN TOTAL'!E16 -> DOMO | E14: ='RESUMEN TOTAL'!F16 -> Fibra Optica | F14: ='RESUMEN TOTAL'!L16 -> 0 | G14: ='RESUMEN TOTAL'!M16 -> 0 | H14: ='RESUMEN TOTAL'!N16 -> 0 | I14: ='RESUMEN TOTAL'!O16 -> 0 | J14: ='RESUMEN TOTAL'!P16 -> 0 | K14: ='RESUMEN TOTAL'!Q16 -> 0 | L14: ='RESUMEN TOTAL'!R16 -> 0 | M14: ='RESUMEN TOTAL'!S16 -> 0 | ... AI14: ='RESUMEN TOTAL'!AO16 -> 0 | AJ14: ='RESUMEN TOTAL'!#REF! -> #REF!
A15: ='RESUMEN TOTAL'!A17 -> BELGRANO | B15: ='RESUMEN TOTAL'!B17 -> BEL 02 | C15: ='RESUMEN TOTAL'!D17 -> Guardia vieja y Fronteriz | D15: ='RESUMEN TOTAL'!E17 -> DOMO | E15: ='RESUMEN TOTAL'!F17 -> Fibra Optica | F15: ='RESUMEN TOTAL'!L17 -> 0 | G15: ='RESUMEN TOTAL'!M17 -> 0 | H15: ='RESUMEN TOTAL'!N17 -> 0 | I15: ='RESUMEN TOTAL'!O17 -> 0 | J15: ='RESUMEN TOTAL'!P17 -> 0 | K15: ='RESUMEN TOTAL'!Q17 -> 0 | L15: ='RESUMEN TOTAL'!R17 -> 0 | M15: ='RESUMEN TOTAL'!S17 -> 0 | ... AI15: ='RESUMEN TOTAL'!AO17 -> 0 | AJ15: ='RESUMEN TOTAL'!#REF! -> #REF!
... A465: ='RESUMEN TOTAL'!A467 -> PARADAS SEGURAS | B465: ='RESUMEN TOTAL'!B467 -> 26 | C465: ='RESUMEN TOTAL'!D467 -> HUDSON Y RIO COLORADO OESTE | D465: ='RESUMEN TOTAL'!E467 -> GFIJA | E465: ='RESUMEN TOTAL'!F467 -> GPON | F465: ='RESUMEN TOTAL'!L467 -> 0 | G465: ='RESUMEN TOTAL'!M467 -> 0 | H465: ='RESUMEN TOTAL'!N467 -> 0 | I465: ='RESUMEN TOTAL'!O467 -> 0 | J465: ='RESUMEN TOTAL'!P467 -> 0 | K465: ='RESUMEN TOTAL'!Q467 -> 0 | L465: ='RESUMEN TOTAL'!R467 -> 0 | M465: ='RESUMEN TOTAL'!S467 -> 0 | ... AI465: ='RESUMEN TOTAL'!AO467 -> 0 | AJ465: ='RESUMEN TOTAL'!#REF! -> #REF!
A466: ='RESUMEN TOTAL'!A468 -> PARADAS SEGURAS | B466: ='RESUMEN TOTAL'!B468 -> 26 I | C466: ='RESUMEN TOTAL'!D469 -> HUDON Y 818 ESTE | D466: ='RESUMEN TOTAL'!E468 -> INTERCOMUNICADOR | E466: ='RESUMEN TOTAL'!F468 -> GPON | F466: ='RESUMEN TOTAL'!L468 -> 0 | G466: ='RESUMEN TOTAL'!M468 -> 0 | H466: ='RESUMEN TOTAL'!N468 -> 0 | I466: ='RESUMEN TOTAL'!O468 -> 0 | J466: ='RESUMEN TOTAL'!P468 -> 0 | K466: ='RESUMEN TOTAL'!Q468 -> 0 | L466: ='RESUMEN TOTAL'!R468 -> 0 | M466: ='RESUMEN TOTAL'!S468 -> 0 | ... AI466: ='RESUMEN TOTAL'!AO468 -> 0 | AJ466: ='RESUMEN TOTAL'!#REF! -> #REF!
A467: ='RESUMEN TOTAL'!A469 -> PARADAS SEGURAS | B467: ='RESUMEN TOTAL'!B469 -> 27 | C467: ='RESUMEN TOTAL'!D471 -> HUDSON Y RIO TRAFUL OESTE | D467: ='RESUMEN TOTAL'!E469 -> GFIJA | E467: ='RESUMEN TOTAL'!F469 -> GPON | F467: ='RESUMEN TOTAL'!L469 -> 0 | G467: ='RESUMEN TOTAL'!M469 -> 0 | H467: ='RESUMEN TOTAL'!N469 -> 0 | I467: ='RESUMEN TOTAL'!O469 -> 0 | J467: ='RESUMEN TOTAL'!P469 -> 0 | K467: ='RESUMEN TOTAL'!Q469 -> 0 | L467: ='RESUMEN TOTAL'!R469 -> 0 | M467: ='RESUMEN TOTAL'!S469 -> 0 | ... AI467: ='RESUMEN TOTAL'!AO469 -> 0 | AJ467: ='RESUMEN TOTAL'!#REF! -> #REF!
A468: ='RESUMEN TOTAL'!A470 -> PARADAS SEGURAS | B468: ='RESUMEN TOTAL'!B470 -> 27 I | C468: ='RESUMEN TOTAL'!D473 -> HUDSON Y ESTOMBA ESTE | D468: ='RESUMEN TOTAL'!E470 -> INTERCOMUNICADOR | E468: ='RESUMEN TOTAL'!F470 -> GPON | F468: ='RESUMEN TOTAL'!L470 -> 0 | G468: ='RESUMEN TOTAL'!M470 -> 0 | H468: ='RESUMEN TOTAL'!N470 -> 0 | I468: ='RESUMEN TOTAL'!O470 -> 0 | J468: ='RESUMEN TOTAL'!P470 -> 0 | K468: ='RESUMEN TOTAL'!Q470 -> 0 | L468: ='RESUMEN TOTAL'!R470 -> 0 | M468: ='RESUMEN TOTAL'!S470 -> 0 | ... AI468: ='RESUMEN TOTAL'!AO470 -> 0 | AJ468: ='RESUMEN TOTAL'!#REF! -> #REF!
A469: ='RESUMEN TOTAL'!A471 -> PARADAS SEGURAS | B469: ='RESUMEN TOTAL'!B471 -> 28 | C469: ='RESUMEN TOTAL'!D475 -> HUDSON Y PICHEUTA OESTE | D469: ='RESUMEN TOTAL'!E471 -> GFIJA | E469: ='RESUMEN TOTAL'!F471 -> GPON | F469: ='RESUMEN TOTAL'!L471 -> 0 | G469: ='RESUMEN TOTAL'!M471 -> 0 | H469: ='RESUMEN TOTAL'!N471 -> 0 | I469: ='RESUMEN TOTAL'!O471 -> 0 | J469: ='RESUMEN TOTAL'!P471 -> 0 | K469: ='RESUMEN TOTAL'!Q471 -> 0 | L469: ='RESUMEN TOTAL'!R471 -> 0 | M469: ='RESUMEN TOTAL'!S471 -> 0 | ... AI469: ='RESUMEN TOTAL'!AO471 -> 0 | AJ469: ='RESUMEN TOTAL'!#REF! -> #REF!
A470: ='RESUMEN TOTAL'!A472 -> PARADAS SEGURAS | B470: ='RESUMEN TOTAL'!B472 -> 28 I | C470: ='RESUMEN TOTAL'!D477 -> HUDSON Y 830 ESTE | D470: ='RESUMEN TOTAL'!E472 -> INTERCOMUNICADOR | E470: ='RESUMEN TOTAL'!F472 -> GPON | F470: ='RESUMEN TOTAL'!L472 -> 0 | G470: ='RESUMEN TOTAL'!M472 -> 0 | H470: ='RESUMEN TOTAL'!N472 -> 0 | I470: ='RESUMEN TOTAL'!O472 -> 0 | J470: ='RESUMEN TOTAL'!P472 -> 0 | K470: ='RESUMEN TOTAL'!Q472 -> 0 | L470: ='RESUMEN TOTAL'!R472 -> 0 | M470: ='RESUMEN TOTAL'!S472 -> 0 | ... AI470: ='RESUMEN TOTAL'!AO472 -> 0 | AJ470: ='RESUMEN TOTAL'!#REF! -> #REF!
A471: ='RESUMEN TOTAL'!A473 -> PARADAS SEGURAS | B471: ='RESUMEN TOTAL'!B473 -> 29 | C471: ='RESUMEN TOTAL'!#REF! -> #REF! | D471: ='RESUMEN TOTAL'!E473 -> GFIJA | E471: ='RESUMEN TOTAL'!F473 -> GPON | F471: ='RESUMEN TOTAL'!L473 -> 0 | G471: ='RESUMEN TOTAL'!M473 -> 0 | H471: ='RESUMEN TOTAL'!N473 -> 0 | I471: ='RESUMEN TOTAL'!O473 -> 0 | J471: ='RESUMEN TOTAL'!P473 -> 0 | K471: ='RESUMEN TOTAL'!Q473 -> 0 | L471: ='RESUMEN TOTAL'!R473 -> 0 | M471: ='RESUMEN TOTAL'!S473 -> 0 | ... AI471: ='RESUMEN TOTAL'!AO473 -> 0 | AJ471: ='RESUMEN TOTAL'!#REF! -> #REF!
A472: ='RESUMEN TOTAL'!A474 -> PARADAS SEGURAS | B472: ='RESUMEN TOTAL'!B474 -> 29 I | C472: ='RESUMEN TOTAL'!#REF! -> #REF! | D472: ='RESUMEN TOTAL'!E474 -> INTERCOMUNICADOR | E472: ='RESUMEN TOTAL'!F474 -> GPON | F472: ='RESUMEN TOTAL'!L474 -> 0 | G472: ='RESUMEN TOTAL'!M474 -> 0 | H472: ='RESUMEN TOTAL'!N474 -> 0 | I472: ='RESUMEN TOTAL'!O474 -> 0 | J472: ='RESUMEN TOTAL'!P474 -> 0 | K472: ='RESUMEN TOTAL'!Q474 -> 0 | L472: ='RESUMEN TOTAL'!R474 -> 0 | M472: ='RESUMEN TOTAL'!S474 -> 0 | ... AI472: ='RESUMEN TOTAL'!AO474 -> 0 | AJ472: ='RESUMEN TOTAL'!#REF! -> #REF!
A473: ='RESUMEN TOTAL'!A475 -> PARADAS SEGURAS | B473: ='RESUMEN TOTAL'!B475 -> 30 | C473: ='RESUMEN TOTAL'!#REF! -> #REF! | D473: ='RESUMEN TOTAL'!E475 -> GFIJA | E473: ='RESUMEN TOTAL'!F475 -> GPON | F473: ='RESUMEN TOTAL'!L475 -> 0 | G473: ='RESUMEN TOTAL'!M475 -> 0 | H473: ='RESUMEN TOTAL'!N475 -> 0 | I473: ='RESUMEN TOTAL'!O475 -> 0 | J473: ='RESUMEN TOTAL'!P475 -> 0 | K473: ='RESUMEN TOTAL'!Q475 -> 0 | L473: ='RESUMEN TOTAL'!R475 -> 0 | M473: ='RESUMEN TOTAL'!S475 -> 0 | ... AI473: ='RESUMEN TOTAL'!AO475 -> APAGADO | AJ473: ='RESUMEN TOTAL'!#REF! -> #REF!
A474: ='RESUMEN TOTAL'!A476 -> PARADAS SEGURAS | B474: ='RESUMEN TOTAL'!B476 -> 30 I | C474: ='RESUMEN TOTAL'!D476 -> HUDSON Y PICHEUTA OESTE | D474: ='RESUMEN TOTAL'!E476 -> INTERCOMUNICADOR | E474: ='RESUMEN TOTAL'!F476 -> GPON | F474: ='RESUMEN TOTAL'!L476 -> 0 | G474: ='RESUMEN TOTAL'!M476 -> 0 | H474: ='RESUMEN TOTAL'!N476 -> 0 | I474: ='RESUMEN TOTAL'!O476 -> 0 | J474: ='RESUMEN TOTAL'!P476 -> 0 | K474: ='RESUMEN TOTAL'!Q476 -> 0 | L474: ='RESUMEN TOTAL'!R476 -> 0 | M474: ='RESUMEN TOTAL'!S476 -> 0 | ... AI474: ='RESUMEN TOTAL'!AO476 -> APAGADO | AJ474: ='RESUMEN TOTAL'!#REF! -> #REF!
A475: ='RESUMEN TOTAL'!A477 -> PARADAS SEGURAS | B475: ='RESUMEN TOTAL'!B477 -> 31 | C475: ='RESUMEN TOTAL'!#REF! -> #REF! | D475: ='RESUMEN TOTAL'!E477 -> GFIJA | E475: ='RESUMEN TOTAL'!F477 -> GPON | F475: ='RESUMEN TOTAL'!L477 -> 0 | G475: ='RESUMEN TOTAL'!M477 -> 0 | H475: ='RESUMEN TOTAL'!N477 -> 0 | I475: ='RESUMEN TOTAL'!O477 -> 0 | J475: ='RESUMEN TOTAL'!P477 -> 0 | K475: ='RESUMEN TOTAL'!Q477 -> 0 | L475: ='RESUMEN TOTAL'!R477 -> 0 | M475: ='RESUMEN TOTAL'!S477 -> 0 | ... AI475: ='RESUMEN TOTAL'!AO477 -> APAGADO | AJ475: ='RESUMEN TOTAL'!#REF! -> #REF!
A476: ='RESUMEN TOTAL'!A478 -> PARADAS SEGURAS | B476: ='RESUMEN TOTAL'!B478 -> 31 I | C476: ='RESUMEN TOTAL'!#REF! -> #REF! | D476: ='RESUMEN TOTAL'!E478 -> INTERCOMUNICADOR | E476: ='RESUMEN TOTAL'!F478 -> GPON | F476: ='RESUMEN TOTAL'!L478 -> 0 | G476: ='RESUMEN TOTAL'!M478 -> 0 | H476: ='RESUMEN TOTAL'!N478 -> 0 | I476: ='RESUMEN TOTAL'!O478 -> 0 | J476: ='RESUMEN TOTAL'!P478 -> 0 | K476: ='RESUMEN TOTAL'!Q478 -> 0 | L476: ='RESUMEN TOTAL'!R478 -> 0 | M476: ='RESUMEN TOTAL'!S478 -> 0 | ... AI476: ='RESUMEN TOTAL'!AO478 -> APAGADO | AJ476: ='RESUMEN TOTAL'!#REF! -> #REF!
A477: ='RESUMEN TOTAL'!A479 -> PARADAS SEGURAS | B477: ='RESUMEN TOTAL'!B479 -> 32 | C477: ='RESUMEN TOTAL'!D479 -> Hudson y 834 oeste | D477: ='RESUMEN TOTAL'!E479 -> GFIJA | E477: ='RESUMEN TOTAL'!F479 -> GPON | F477: ='RESUMEN TOTAL'!L479 -> 0 | G477: ='RESUMEN TOTAL'!M479 -> 0 | H477: ='RESUMEN TOTAL'!N479 -> 0 | I477: ='RESUMEN TOTAL'!O479 -> 0 | J477: ='RESUMEN TOTAL'!P479 -> 0 | K477: ='RESUMEN TOTAL'!Q479 -> 0 | L477: ='RESUMEN TOTAL'!R479 -> 0 | M477: ='RESUMEN TOTAL'!S479 -> 0 | ... AI477: ='RESUMEN TOTAL'!AO479 -> 0 | AJ477: ='RESUMEN TOTAL'!#REF! -> #REF!
A478: ='RESUMEN TOTAL'!A480 -> PARADAS SEGURAS | B478: ='RESUMEN TOTAL'!B480 -> 32 I | C478: ='RESUMEN TOTAL'!D480 -> Hudson y 834 oeste | D478: ='RESUMEN TOTAL'!E480 -> INTERCOMUNICADOR | E478: ='RESUMEN TOTAL'!F480 -> GPON | F478: ='RESUMEN TOTAL'!L480 -> 0 | G478: ='RESUMEN TOTAL'!M480 -> 0 | H478: ='RESUMEN TOTAL'!N480 -> 0 | I478: ='RESUMEN TOTAL'!O480 -> APAGADO | J478: ='RESUMEN TOTAL'!P480 -> APAGADO | K478: ='RESUMEN TOTAL'!Q480 -> APAGADO | L478: ='RESUMEN TOTAL'!R480 -> APAGADO | M478: ='RESUMEN TOTAL'!S480 -> APAGADO | ... AI478: ='RESUMEN TOTAL'!AO480 -> 0 | AJ478: ='RESUMEN TOTAL'!#REF! -> #REF!
A479: ='RESUMEN TOTAL'!A481 -> PARADAS SEGURAS | B479: ='RESUMEN TOTAL'!B481 -> 33 C | C479: ='RESUMEN TOTAL'!D481 -> Hudson y Suipacha este | D479: ='RESUMEN TOTAL'!E481 -> GFIJA | E479: ='RESUMEN TOTAL'!F481 -> GPON | F479: ='RESUMEN TOTAL'!L481 -> 0 | G479: ='RESUMEN TOTAL'!M481 -> 0 | H479: ='RESUMEN TOTAL'!N481 -> 0 | I479: ='RESUMEN TOTAL'!O481 -> APAGADO | J479: ='RESUMEN TOTAL'!P481 -> APAGADO | K479: ='RESUMEN TOTAL'!Q481 -> APAGADO | L479: ='RESUMEN TOTAL'!R481 -> APAGADO | M479: ='RESUMEN TOTAL'!S481 -> APAGADO | ... AI479: ='RESUMEN TOTAL'!AO481 -> 0 | AJ479: ='RESUMEN TOTAL'!#REF! -> #REF!
A480: ='RESUMEN TOTAL'!A482 -> PARADAS SEGURAS | B480: ='RESUMEN TOTAL'!B482 -> 33 I | C480: ='RESUMEN TOTAL'!D482 -> Hudson y Suipacha este | D480: ='RESUMEN TOTAL'!E482 -> INTERCOMUNICADOR | E480: ='RESUMEN TOTAL'!F482 -> GPON | F480: ='RESUMEN TOTAL'!L482 -> 0 | G480: ='RESUMEN TOTAL'!M482 -> 0 | H480: ='RESUMEN TOTAL'!N482 -> 0 | I480: ='RESUMEN TOTAL'!O482 -> APAGADO | J480: ='RESUMEN TOTAL'!P482 -> APAGADO | K480: ='RESUMEN TOTAL'!Q482 -> APAGADO | L480: ='RESUMEN TOTAL'!R482 -> APAGADO | M480: ='RESUMEN TOTAL'!S482 -> APAGADO | ... AI480: ='RESUMEN TOTAL'!AO482 -> 0 | AJ480: ='RESUMEN TOTAL'!#REF! -> #REF!
A481: ='RESUMEN TOTAL'!A483 -> PARADAS SEGURAS | B481: ='RESUMEN TOTAL'!B483 -> 34 C | C481: ='RESUMEN TOTAL'!D483 -> Hudson y Suipacha oeste | D481: ='RESUMEN TOTAL'!E483 -> GFIJA | E481: ='RESUMEN TOTAL'!F483 -> GPON | F481: ='RESUMEN TOTAL'!L483 -> 0 | G481: ='RESUMEN TOTAL'!M483 -> 0 | H481: ='RESUMEN TOTAL'!N483 -> 0 | I481: ='RESUMEN TOTAL'!O483 -> 0 | J481: ='RESUMEN TOTAL'!P483 -> 0 | K481: ='RESUMEN TOTAL'!Q483 -> 0 | L481: ='RESUMEN TOTAL'!R483 -> 0 | M481: ='RESUMEN TOTAL'!S483 -> 0 | ... AI481: ='RESUMEN TOTAL'!AO483 -> 0 | AJ481: ='RESUMEN TOTAL'!#REF! -> #REF!
A482: ='RESUMEN TOTAL'!A484 -> PARADAS SEGURAS | B482: ='RESUMEN TOTAL'!B484 -> 34 I | C482: ='RESUMEN TOTAL'!D484 -> Hudson y Suipacha oeste | D482: ='RESUMEN TOTAL'!E484 -> INTERCOMUNICADOR | E482: ='RESUMEN TOTAL'!F484 -> GPON | F482: ='RESUMEN TOTAL'!L484 -> 0 | G482: ='RESUMEN TOTAL'!M484 -> 0 | H482: ='RESUMEN TOTAL'!N484 -> 0 | I482: ='RESUMEN TOTAL'!O484 -> APAGADO | J482: ='RESUMEN TOTAL'!P484 -> APAGADO | K482: ='RESUMEN TOTAL'!Q484 -> APAGADO | L482: ='RESUMEN TOTAL'!R484 -> APAGADO | M482: ='RESUMEN TOTAL'!S484 -> APAGADO | ... AI482: ='RESUMEN TOTAL'!AO484 -> 0 | AJ482: ='RESUMEN TOTAL'!#REF! -> #REF!
A483: ='RESUMEN TOTAL'!A485 -> PARADAS SEGURAS | B483: ='RESUMEN TOTAL'!B485 -> 35 C | C483: ='RESUMEN TOTAL'!D485 -> Hudson y Suipacha este | D483: ='RESUMEN TOTAL'!E485 -> GFIJA | E483: ='RESUMEN TOTAL'!F485 -> GPON | F483: ='RESUMEN TOTAL'!L485 -> 0 | G483: ='RESUMEN TOTAL'!M485 -> 0 | H483: ='RESUMEN TOTAL'!N485 -> 0 | I483: ='RESUMEN TOTAL'!O485 -> APAGADO | J483: ='RESUMEN TOTAL'!P485 -> APAGADO | K483: ='RESUMEN TOTAL'!Q485 -> APAGADO | L483: ='RESUMEN TOTAL'!R485 -> APAGADO | M483: ='RESUMEN TOTAL'!S485 -> APAGADO | ... AI483: ='RESUMEN TOTAL'!AO485 -> APAGADO | AJ483: ='RESUMEN TOTAL'!#REF! -> #REF!
A484: ='RESUMEN TOTAL'!A486 -> PARADAS SEGURAS | B484: ='RESUMEN TOTAL'!B486 -> 35 I | C484: ='RESUMEN TOTAL'!D486 -> Hudson y Suipacha este | D484: ='RESUMEN TOTAL'!E486 -> INTERCOMUNICADOR | E484: ='RESUMEN TOTAL'!F486 -> GPON | F484: ='RESUMEN TOTAL'!L486 -> 0 | G484: ='RESUMEN TOTAL'!M486 -> 0 | H484: ='RESUMEN TOTAL'!N486 -> 0 | I484: ='RESUMEN TOTAL'!O486 -> APAGADO | J484: ='RESUMEN TOTAL'!P486 -> APAGADO | K484: ='RESUMEN TOTAL'!Q486 -> APAGADO | L484: ='RESUMEN TOTAL'!R486 -> APAGADO | M484: ='RESUMEN TOTAL'!S486 -> APAGADO | ... AI484: ='RESUMEN TOTAL'!AO486 -> 0 | AJ484: ='RESUMEN TOTAL'!#REF! -> #REF!
A485: ='RESUMEN TOTAL'!A487 -> 0 | B485: ='RESUMEN TOTAL'!B487 -> 0 | C485: ='RESUMEN TOTAL'!D487 -> 0 | D485: ='RESUMEN TOTAL'!E487 -> 0 | E485: ='RESUMEN TOTAL'!F487 -> 0 | F485: ='RESUMEN TOTAL'!L487 -> 0 | G485: ='RESUMEN TOTAL'!M487 -> 0 | H485: ='RESUMEN TOTAL'!N487 -> 0 | I485: ='RESUMEN TOTAL'!O487 -> 0 | J485: ='RESUMEN TOTAL'!P487 -> 0 | K485: ='RESUMEN TOTAL'!Q487 -> 0 | L485: ='RESUMEN TOTAL'!R487 -> 0 | M485: ='RESUMEN TOTAL'!S487 -> 0 | ... AI485: ='RESUMEN TOTAL'!AO487 -> 0 | AJ485: ='RESUMEN TOTAL'!#REF! -> #REF!
A486: ='RESUMEN TOTAL'!A488 -> 0 | B486: ='RESUMEN TOTAL'!B488 -> 0 | C486: ='RESUMEN TOTAL'!D488 -> 0 | D486: ='RESUMEN TOTAL'!E488 -> 0 | E486: ='RESUMEN TOTAL'!F488 -> 0 | F486: ='RESUMEN TOTAL'!L488 -> 0 | G486: ='RESUMEN TOTAL'!M488 -> 0 | H486: ='RESUMEN TOTAL'!N488 -> 0 | I486: ='RESUMEN TOTAL'!O488 -> 0 | J486: ='RESUMEN TOTAL'!P488 -> 0 | K486: ='RESUMEN TOTAL'!Q488 -> 0 | L486: ='RESUMEN TOTAL'!R488 -> 0 | M486: ='RESUMEN TOTAL'!S488 -> 0 | ... AI486: ='RESUMEN TOTAL'!AO488 -> 0 | AJ486: ='RESUMEN TOTAL'!#REF! -> #REF!
A487: ='RESUMEN TOTAL'!A489 -> 0 | B487: ='RESUMEN TOTAL'!B489 -> 0 | C487: ='RESUMEN TOTAL'!D489 -> 0 | D487: ='RESUMEN TOTAL'!E489 -> 0 | E487: ='RESUMEN TOTAL'!F489 -> 0 | F487: ='RESUMEN TOTAL'!L489 -> 0 | G487: ='RESUMEN TOTAL'!M489 -> 0 | H487: ='RESUMEN TOTAL'!N489 -> 0 | I487: ='RESUMEN TOTAL'!O489 -> 0 | J487: ='RESUMEN TOTAL'!P489 -> 0 | K487: ='RESUMEN TOTAL'!Q489 -> 0 | L487: ='RESUMEN TOTAL'!R489 -> 0 | M487: ='RESUMEN TOTAL'!S489 -> 0 | ... AI487: ='RESUMEN TOTAL'!AO489 -> 0 | AJ487: ='RESUMEN TOTAL'!#REF! -> #REF!
A488: ='RESUMEN TOTAL'!A490 -> 0 | B488: ='RESUMEN TOTAL'!B490 -> 0 | C488: ='RESUMEN TOTAL'!D490 -> 0 | D488: ='RESUMEN TOTAL'!E490 -> 0 | E488: ='RESUMEN TOTAL'!F490 -> 0 | F488: ='RESUMEN TOTAL'!L490 -> 0 | G488: ='RESUMEN TOTAL'!M490 -> 0 | H488: ='RESUMEN TOTAL'!N490 -> 0 | I488: ='RESUMEN TOTAL'!O490 -> 0 | J488: ='RESUMEN TOTAL'!P490 -> 0 | K488: ='RESUMEN TOTAL'!Q490 -> 0 | L488: ='RESUMEN TOTAL'!R490 -> 0 | M488: ='RESUMEN TOTAL'!S490 -> 0 | ... AI488: ='RESUMEN TOTAL'!AO490 -> 0 | AJ488: ='RESUMEN TOTAL'!#REF! -> #REF!
... A604: ='RESUMEN TOTAL'!A606 -> 0 | B604: ='RESUMEN TOTAL'!B606 -> 0 | C604: ='RESUMEN TOTAL'!D606 -> 0 | D604: ='RESUMEN TOTAL'!E606 -> 0 | E604: ='RESUMEN TOTAL'!F606 -> 0 | F604: ='RESUMEN TOTAL'!L606 -> 0 | G604: ='RESUMEN TOTAL'!M606 -> 0 | H604: ='RESUMEN TOTAL'!N606 -> 0 | I604: ='RESUMEN TOTAL'!O606 -> 0 | J604: ='RESUMEN TOTAL'!P606 -> 0 | K604: ='RESUMEN TOTAL'!Q606 -> 0 | L604: ='RESUMEN TOTAL'!R606 -> 0 | M604: ='RESUMEN TOTAL'!S606 -> 0 | ... AI604: ='RESUMEN TOTAL'!AO606 -> 0 | AJ604: ='RESUMEN TOTAL'!#REF! -> #REF!

Sheet APAGADOS RADIO
C1: TOTAL RADIO | D1: =COUNTIFS(E4:E400,"=radio") -> 89
E2: APAGADOS | F2: =COUNTIFS(F4:F500, "=APAGADO",E4:E500,"=radio") -> 4 | G2: =COUNTIFS(G4:G500, "=APAGADO",E4:E500,"=radio") -> 4 | H2: =COUNTIFS(H4:H500, "=APAGADO",E4:E500,"=radio") -> 2 | I2: =COUNTIFS(I4:I500, "=APAGADO",E4:E500,"=radio") -> 4 | J2: =COUNTIFS(J4:J500, "=APAGADO",E4:E500,"=radio") -> 2 | K2: =COUNTIFS(K4:K500, "=APAGADO",E4:E500,"=radio") -> 1 | L2: =COUNTIFS(L4:L500, "=APAGADO",E4:E500,"=radio") -> 1 | M2: =COUNTIFS(M4:M500, "=APAGADO",E4:E500,"=radio") -> 3 | N2: =COUNTIFS(N4:N500, "=APAGADO",E4:E500,"=radio") -> 2 | O2: =COUNTIFS(O4:O500, "=APAGADO",E4:E500,"=radio") -> 2 | P2: =COUNTIFS(P4:P500, "=APAGADO",E4:E500,"=radio") -> 1 | Q2: =COUNTIFS(Q4:Q367, "=APAGADO",E4:E367,"=radio") -> 8 | R2: =COUNTIFS(R4:R500, "=APAGADO",E4:E500,"=radio") -> 1 | S2: =COUNTIFS(S4:S500, "=APAGADO",E4:E500,"=radio") -> 1 | T2: =COUNTIFS(T4:T500, "=APAGADO",E4:E500,"=radio") -> 1 | U2: =COUNTIFS(U4:U500, "=APAGADO",E4:E500,"=radio") -> 1 | V2: =COUNTIFS(V4:V500, "=APAGADO",E4:E500,"=radio") -> 8 | W2: =COUNTIFS(W4:W500, "=APAGADO",E4:E500,"=radio") -> 8 | X2: =COUNTIFS(X4:X500, "=APAGADO",E4:E500,"=radio") -> 20 | Y2: =COUNTIFS(Y4:Y500, "=APAGADO",E4:E500,"=radio") -> 23 | Z2: =COUNTIFS(Z4:Z500, "=APAGADO",E4:E500,"=radio") -> 20 | AA2: =COUNTIFS(AA4:AA500, "=APAGADO",E4:E500,"=radio") -> 23 | AB2: =COUNTIFS(AB4:AB500, "=APAGADO",E4:E500,"=radio") -> 9 | AC2: =COUNTIFS(AC4:AC600, "=APAGADO",E4:E600,"=radio") -> 6 | AD2: =COUNTIFS(AD4:AD500, "=APAGADO",E4:E500,"=radio") -> 3 | AE2: =COUNTIFS(AE4:AE500, "=APAGADO",E4:E500,"=radio") -> 5 | AF2: =COUNTIFS(AF4:AF600, "=APAGADO",E4:E600,"=radio") -> 5 | AG2: =COUNTIFS(AG4:AG500, "=APAGADO",E4:E500,"=radio") -> 4 | AH2: =COUNTIFS(AH4:AH500, "=APAGADO",F4:F500,"=radio") -> 0 | AI2: =COUNTIFS(AI4:AI500, "=APAGADO",G4:G500,"=radio") -> 0 | AJ2: =COUNTIFS(AJ4:AJ500, "=APAGADO",H4:H500,"=radio") -> 0
A3: =ESTADISTICA!A1 -> Barrio | B3: =ESTADISTICA!B1 -> [Denominacion] | C3: =ESTADISTICA!C1 -> [Ubicacion] | D3: =ESTADISTICA!D1 -> [Tipo de Camara] | E3: =ESTADISTICA!E1 -> [Tipo de Conexion] | F3: =ESTADISTICA!F1 -> 45139 | G3: =ESTADISTICA!G1 -> 45140 | H3: =ESTADISTICA!H1 -> 45141 | ... AJ3: =ESTADISTICA!AJ1 -> #REF!
A4: ='RESUMEN TOTAL'!A7 -> ALTAMIRA | B4: ='RESUMEN TOTAL'!B7 -> ALT 03 | C4: ='RESUMEN TOTAL'!D7 -> Bombero Galarza y Necochea | D4: ='RESUMEN TOTAL'!E7 -> Domo | E4: ='RESUMEN TOTAL'!F7 -> Fibra Optica | F4: ='RESUMEN TOTAL'!L7 -> 0 | G4: ='RESUMEN TOTAL'!M7 -> 0 | H4: ='RESUMEN TOTAL'!N7 -> 0 | I4: ='RESUMEN TOTAL'!O7 -> APAGADO | J4: ='RESUMEN TOTAL'!P7 -> 0 | K4: ='RESUMEN TOTAL'!Q7 -> 0 | L4: ='RESUMEN TOTAL'!R7 -> 0 | M4: ='RESUMEN TOTAL'!S7 -> 0 | ... AJ4: ='RESUMEN TOTAL'!AP7 -> 0
A5: ='RESUMEN TOTAL'!A8 -> ALTAMIRA | B5: ='RESUMEN TOTAL'!B8 -> ALT 04 | C5: ='RESUMEN TOTAL'!D8 -> Francia y Necochea | D5: ='RESUMEN TOTAL'!E8 -> Domo | E5: ='RESUMEN TOTAL'!F8 -> Fibra Optica | F5: ='RESUMEN TOTAL'!L8 -> 0 | G5: ='RESUMEN TOTAL'!M8 -> 0 | H5: ='RESUMEN TOTAL'!N8 -> 0 | I5: ='RESUMEN TOTAL'!O8 -> APAGADO | J5: ='RESUMEN TOTAL'!P8 -> 0 | K5: ='RESUMEN TOTAL'!Q8 -> 0 | L5: ='RESUMEN TOTAL'!R8 -> 0 | M5: ='RESUMEN TOTAL'!S8 -> 0 | ... AJ5: ='RESUMEN TOTAL'!AP8 -> 0
A6: ='RESUMEN TOTAL'!A9 -> ALTAMIRA | B6: ='RESUMEN TOTAL'!B9 -> ALT05 | C6: ='RESUMEN TOTAL'!D9 -> Av. Calchaqui y Bombero Galarza | D6: ='RESUMEN TOTAL'!E9 -> Domo | E6: ='RESUMEN TOTAL'!F9 -> PTO A FO | F6: ='RESUMEN TOTAL'!L9 -> 0 | G6: ='RESUMEN TOTAL'!M9 -> 0 | H6: ='RESUMEN TOTAL'!N9 -> 0 | I6: ='RESUMEN TOTAL'!O9 -> APAGADO | J6: ='RESUMEN TOTAL'!P9 -> 0 | K6: ='RESUMEN TOTAL'!Q9 -> 0 | L6: ='RESUMEN TOTAL'!R9 -> 0 | M6: ='RESUMEN TOTAL'!S9 -> 0 | ... AJ6: ='RESUMEN TOTAL'!AP9 -> 0
A7: ='RESUMEN TOTAL'!A10 -> ALTAMIRA | B7: ='RESUMEN TOTAL'!B10 -> ALT 06 | C7: ='RESUMEN TOTAL'!D10 -> LOPE DE VEGA Y NECOCHEA | D7: ='RESUMEN TOTAL'!E10 -> Domo | E7: ='RESUMEN TOTAL'!F10 -> PTO A FO | F7: ='RESUMEN TOTAL'!L10 -> 0 | G7: ='RESUMEN TOTAL'!M10 -> 0 | H7: ='RESUMEN TOTAL'!N10 -> 0 | I7: ='RESUMEN TOTAL'!O10 -> APAGADO | J7: ='RESUMEN TOTAL'!P10 -> 0 | K7: ='RESUMEN TOTAL'!Q10 -> 0 | L7: ='RESUMEN TOTAL'!R10 -> 0 | M7: ='RESUMEN TOTAL'!S10 -> 0 | ... AJ7: ='RESUMEN TOTAL'!AP10 -> 0
A8: ='RESUMEN TOTAL'!A11 -> ALTAMIRA | B8: ='RESUMEN TOTAL'!B11 -> ALT07 | C8: ='RESUMEN TOTAL'!D11 -> AV. CALCHAQUI Y AV. DEL TRABAJO | D8: ='RESUMEN TOTAL'!E11 -> DOMO | E8: ='RESUMEN TOTAL'!F11 -> PTO A FO | F8: ='RESUMEN TOTAL'!L11 -> 0 | G8: ='RESUMEN TOTAL'!M11 -> 0 | H8: ='RESUMEN TOTAL'!N11 -> 0 | I8: ='RESUMEN TOTAL'!O11 -> APAGADO | J8: ='RESUMEN TOTAL'!P11 -> 0 | K8: ='RESUMEN TOTAL'!Q11 -> 0 | L8: ='RESUMEN TOTAL'!R11 -> 0 | M8: ='RESUMEN TOTAL'!S11 -> 0 | ... AJ8: ='RESUMEN TOTAL'!AP11 -> 0
A9: ='RESUMEN TOTAL'!A12 -> ALTAMIRA | B9: ='RESUMEN TOTAL'!B12 -> ALT 08 | C9: ='RESUMEN TOTAL'!D12 -> HUMAITA Y NECOCHEA | D9: ='RESUMEN TOTAL'!E12 -> DOMO | E9: ='RESUMEN TOTAL'!F12 -> Fibra Optica | F9: ='RESUMEN TOTAL'!L12 -> 0 | G9: ='RESUMEN TOTAL'!M12 -> 0 | H9: ='RESUMEN TOTAL'!N12 -> 0 | I9: ='RESUMEN TOTAL'!O12 -> APAGADO | J9: ='RESUMEN TOTAL'!P12 -> 0 | K9: ='RESUMEN TOTAL'!Q12 -> 0 | L9: ='RESUMEN TOTAL'!R12 -> 0 | M9: ='RESUMEN TOTAL'!S12 -> 0 | ... AJ9: ='RESUMEN TOTAL'!AP12 -> 0
A10: ='RESUMEN TOTAL'!A13 -> ALTAMIRA | B10: ='RESUMEN TOTAL'!B13 -> ALT 09 | C10: ='RESUMEN TOTAL'!D13 -> NECOCHEA Y CURUPAITY | D10: ='RESUMEN TOTAL'!E13 -> DOMO | E10: ='RESUMEN TOTAL'!F13 -> Fibra Optica | F10: ='RESUMEN TOTAL'!L13 -> 0 | G10: ='RESUMEN TOTAL'!M13 -> 0 | H10: ='RESUMEN TOTAL'!N13 -> 0 | I10: ='RESUMEN TOTAL'!O13 -> APAGADO | J10: ='RESUMEN TOTAL'!P13 -> 0 | K10: ='RESUMEN TOTAL'!Q13 -> 0 | L10: ='RESUMEN TOTAL'!R13 -> 0 | M10: ='RESUMEN TOTAL'!S13 -> 0 | ... AJ10: ='RESUMEN TOTAL'!AP13 -> 0
A11: ='RESUMEN TOTAL'!A14 -> ALTAMIRA | B11: ='RESUMEN TOTAL'!B14 -> ALT 10 | C11: ='RESUMEN TOTAL'!D14 -> Calchaqui y Francia | D11: ='RESUMEN TOTAL'!E14 -> Domo | E11: ='RESUMEN TOTAL'!F14 -> Radio | F11: ='RESUMEN TOTAL'!L14 -> 0 | G11: ='RESUMEN TOTAL'!M14 -> 0 | H11: ='RESUMEN TOTAL'!N14 -> 0 | I11: ='RESUMEN TOTAL'!O14 -> APAGADO | J11: ='RESUMEN TOTAL'!P14 -> 0 | K11: ='RESUMEN TOTAL'!Q14 -> 0 | L11: ='RESUMEN TOTAL'!R14 -> 0 | M11: ='RESUMEN TOTAL'!S14 -> 0 | ... AJ11: ='RESUMEN TOTAL'!AP14 -> 0
A12: ='RESUMEN TOTAL'!A15 -> AGUSTIN RAMIREZ | B12: ='RESUMEN TOTAL'!B15 -> ARA 01 | C12: ='RESUMEN TOTAL'!D15 -> Malambo y Tranquera | D12: ='RESUMEN TOTAL'!E15 -> Domo | E12: ='RESUMEN TOTAL'!F15 -> Fibra Optica | F12: ='RESUMEN TOTAL'!L15 -> APAGADO | G12: ='RESUMEN TOTAL'!M15 -> APAGADO | H12: ='RESUMEN TOTAL'!N15 -> APAGADO | I12: ='RESUMEN TOTAL'!O15 -> APAGADO | J12: ='RESUMEN TOTAL'!P15 -> 0 | K12: ='RESUMEN TOTAL'!Q15 -> APAGADO | L12: ='RESUMEN TOTAL'!R15 -> APAGADO | M12: ='RESUMEN TOTAL'!S15 -> APAGADO | ... AJ12: ='RESUMEN TOTAL'!AP15 -> 0
A13: ='RESUMEN TOTAL'!A16 -> BELGRANO | B13: ='RESUMEN TOTAL'!B16 -> BEL 01 | C13: ='RESUMEN TOTAL'!D16 -> San Martin y Dardo Rocha | D13: ='RESUMEN TOTAL'!E16 -> DOMO | E13: ='RESUMEN TOTAL'!F16 -> Fibra Optica | F13: ='RESUMEN TOTAL'!L16 -> 0 | G13: ='RESUMEN TOTAL'!M16 -> 0 | H13: ='RESUMEN TOTAL'!N16 -> 0 | I13: ='RESUMEN TOTAL'!O16 -> 0 | J13: ='RESUMEN TOTAL'!P16 -> 0 | K13: ='RESUMEN TOTAL'!Q16 -> 0 | L13: ='RESUMEN TOTAL'!R16 -> 0 | M13: ='RESUMEN TOTAL'!S16 -> 0 | ... AJ13: ='RESUMEN TOTAL'!AP16 -> 0
A14: ='RESUMEN TOTAL'!A17 -> BELGRANO | B14: ='RESUMEN TOTAL'!B17 -> BEL 02 | C14: ='RESUMEN TOTAL'!D17 -> Guardia vieja y Fronteriz | D14: ='RESUMEN TOTAL'!E17 -> DOMO | E14: ='RESUMEN TOTAL'!F17 -> Fibra Optica | F14: ='RESUMEN TOTAL'!L17 -> 0 | G14: ='RESUMEN TOTAL'!M17 -> 0 | H14: ='RESUMEN TOTAL'!N17 -> 0 | I14: ='RESUMEN TOTAL'!O17 -> 0 | J14: ='RESUMEN TOTAL'!P17 -> 0 | K14: ='RESUMEN TOTAL'!Q17 -> 0 | L14: ='RESUMEN TOTAL'!R17 -> 0 | M14: ='RESUMEN TOTAL'!S17 -> 0 | ... AJ14: ='RESUMEN TOTAL'!AP17 -> 0
A15: ='RESUMEN TOTAL'!A18 -> BOSQUES CENTRO | B15: ='RESUMEN TOTAL'!B18 -> BOSQC 01 | C15: ='RESUMEN TOTAL'!D18 -> LUIS AGOTE E/DANUNCIO Y CAMPOAMOR | D15: ='RESUMEN TOTAL'!E18 -> Fija | E15: ='RESUMEN TOTAL'!F18 -> Radio | F15: ='RESUMEN TOTAL'!L18 -> 0 | G15: ='RESUMEN TOTAL'!M18 -> 0 | H15: ='RESUMEN TOTAL'!N18 -> 0 | I15: ='RESUMEN TOTAL'!O18 -> 0 | J15: ='RESUMEN TOTAL'!P18 -> 0 | K15: ='RESUMEN TOTAL'!Q18 -> 0 | L15: ='RESUMEN TOTAL'!R18 -> 0 | M15: ='RESUMEN TOTAL'!S18 -> 0 | ... AJ15: ='RESUMEN TOTAL'!AP18 -> 0
... A464: ='RESUMEN TOTAL'!A467 -> PARADAS SEGURAS | B464: ='RESUMEN TOTAL'!B467 -> 26 | C464: ='RESUMEN TOTAL'!D467 -> HUDSON Y RIO COLORADO OESTE | D464: ='RESUMEN TOTAL'!E467 -> GFIJA | E464: ='RESUMEN TOTAL'!F467 -> GPON | F464: ='RESUMEN TOTAL'!L467 -> 0 | G464: ='RESUMEN TOTAL'!M467 -> 0 | H464: ='RESUMEN TOTAL'!N467 -> 0 | I464: ='RESUMEN TOTAL'!O467 -> 0 | J464: ='RESUMEN TOTAL'!P467 -> 0 | K464: ='RESUMEN TOTAL'!Q467 -> 0 | L464: ='RESUMEN TOTAL'!R467 -> 0 | M464: ='RESUMEN TOTAL'!S467 -> 0 | ... AJ464: ='RESUMEN TOTAL'!AP467 -> 0
A465: ='RESUMEN TOTAL'!A468 -> PARADAS SEGURAS | B465: ='RESUMEN TOTAL'!B468 -> 26 I | C465: ='RESUMEN TOTAL'!D469 -> HUDON Y 818 ESTE | D465: ='RESUMEN TOTAL'!E468 -> INTERCOMUNICADOR | E465: ='RESUMEN TOTAL'!F468 -> GPON | F465: ='RESUMEN TOTAL'!L468 -> 0 | G465: ='RESUMEN TOTAL'!M468 -> 0 | H465: ='RESUMEN TOTAL'!N468 -> 0 | I465: ='RESUMEN TOTAL'!O468 -> 0 | J465: ='RESUMEN TOTAL'!P468 -> 0 | K465: ='RESUMEN TOTAL'!Q468 -> 0 | L465: ='RESUMEN TOTAL'!R468 -> 0 | M465: ='RESUMEN TOTAL'!S468 -> 0 | ... AJ465: ='RESUMEN TOTAL'!AP468 -> 0
A466: ='RESUMEN TOTAL'!A469 -> PARADAS SEGURAS | B466: ='RESUMEN TOTAL'!B469 -> 27 | C466: ='RESUMEN TOTAL'!D471 -> HUDSON Y RIO TRAFUL OESTE | D466: ='RESUMEN TOTAL'!E469 -> GFIJA | E466: ='RESUMEN TOTAL'!F469 -> GPON | F466: ='RESUMEN TOTAL'!L469 -> 0 | G466: ='RESUMEN TOTAL'!M469 -> 0 | H466: ='RESUMEN TOTAL'!N469 -> 0 | I466: ='RESUMEN TOTAL'!O469 -> 0 | J466: ='RESUMEN TOTAL'!P469 -> 0 | K466: ='RESUMEN TOTAL'!Q469 -> 0 | L466: ='RESUMEN TOTAL'!R469 -> 0 | M466: ='RESUMEN TOTAL'!S469 -> 0 | ... AJ466: ='RESUMEN TOTAL'!AP469 -> 0
A467: ='RESUMEN TOTAL'!A470 -> PARADAS SEGURAS | B467: ='RESUMEN TOTAL'!B470 -> 27 I | C467: ='RESUMEN TOTAL'!D473 -> HUDSON Y ESTOMBA ESTE | D467: ='RESUMEN TOTAL'!E470 -> INTERCOMUNICADOR | E467: ='RESUMEN TOTAL'!F470 -> GPON | F467: ='RESUMEN TOTAL'!L470 -> 0 | G467: ='RESUMEN TOTAL'!M470 -> 0 | H467: ='RESUMEN TOTAL'!N470 -> 0 | I467: ='RESUMEN TOTAL'!O470 -> 0 | J467: ='RESUMEN TOTAL'!P470 -> 0 | K467: ='RESUMEN TOTAL'!Q470 -> 0 | L467: ='RESUMEN TOTAL'!R470 -> 0 | M467: ='RESUMEN TOTAL'!S470 -> 0 | ... AJ467: ='RESUMEN TOTAL'!AP470 -> 0
A468: ='RESUMEN TOTAL'!A471 -> PARADAS SEGURAS | B468: ='RESUMEN TOTAL'!B471 -> 28 | C468: ='RESUMEN TOTAL'!D475 -> HUDSON Y PICHEUTA OESTE | D468: ='RESUMEN TOTAL'!E471 -> GFIJA | E468: ='RESUMEN TOTAL'!F471 -> GPON | F468: ='RESUMEN TOTAL'!L471 -> 0 | G468: ='RESUMEN TOTAL'!M471 -> 0 | H468: ='RESUMEN TOTAL'!N471 -> 0 | I468: ='RESUMEN TOTAL'!O471 -> 0 | J468: ='RESUMEN TOTAL'!P471 -> 0 | K468: ='RESUMEN TOTAL'!Q471 -> 0 | L468: ='RESUMEN TOTAL'!R471 -> 0 | M468: ='RESUMEN TOTAL'!S471 -> 0 | ... AJ468: ='RESUMEN TOTAL'!AP471 -> 0
A469: ='RESUMEN TOTAL'!A472 -> PARADAS SEGURAS | B469: ='RESUMEN TOTAL'!B472 -> 28 I | C469: ='RESUMEN TOTAL'!D477 -> HUDSON Y 830 ESTE | D469: ='RESUMEN TOTAL'!E472 -> INTERCOMUNICADOR | E469: ='RESUMEN TOTAL'!F472 -> GPON | F469: ='RESUMEN TOTAL'!L472 -> 0 | G469: ='RESUMEN TOTAL'!M472 -> 0 | H469: ='RESUMEN TOTAL'!N472 -> 0 | I469: ='RESUMEN TOTAL'!O472 -> 0 | J469: ='RESUMEN TOTAL'!P472 -> 0 | K469: ='RESUMEN TOTAL'!Q472 -> 0 | L469: ='RESUMEN TOTAL'!R472 -> 0 | M469: ='RESUMEN TOTAL'!S472 -> 0 | ... AJ469: ='RESUMEN TOTAL'!AP472 -> 0
A470: ='RESUMEN TOTAL'!A473 -> PARADAS SEGURAS | B470: ='RESUMEN TOTAL'!B473 -> 29 | C470: ='RESUMEN TOTAL'!#REF! -> #REF! | D470: ='RESUMEN TOTAL'!E473 -> GFIJA | E470: ='RESUMEN TOTAL'!F473 -> GPON | F470: ='RESUMEN TOTAL'!L473 -> 0 | G470: ='RESUMEN TOTAL'!M473 -> 0 | H470: ='RESUMEN TOTAL'!N473 -> 0 | I470: ='RESUMEN TOTAL'!O473 -> 0 | J470: ='RESUMEN TOTAL'!P473 -> 0 | K470: ='RESUMEN TOTAL'!Q473 -> 0 | L470: ='RESUMEN TOTAL'!R473 -> 0 | M470: ='RESUMEN TOTAL'!S473 -> 0 | ... AJ470: ='RESUMEN TOTAL'!AP473 -> 0
A471: ='RESUMEN TOTAL'!A474 -> PARADAS SEGURAS | B471: ='RESUMEN TOTAL'!B474 -> 29 I | C471: ='RESUMEN TOTAL'!#REF! -> #REF! | D471: ='RESUMEN TOTAL'!E474 -> INTERCOMUNICADOR | E471: ='RESUMEN TOTAL'!F474 -> GPON | F471: ='RESUMEN TOTAL'!L474 -> 0 | G471: ='RESUMEN TOTAL'!M474 -> 0 | H471: ='RESUMEN TOTAL'!N474 -> 0 | I471: ='RESUMEN TOTAL'!O474 -> 0 | J471: ='RESUMEN TOTAL'!P474 -> 0 | K471: ='RESUMEN TOTAL'!Q474 -> 0 | L471: ='RESUMEN TOTAL'!R474 -> 0 | M471: ='RESUMEN TOTAL'!S474 -> 0 | ... AJ471: ='RESUMEN TOTAL'!AP474 -> 0
A472: ='RESUMEN TOTAL'!A475 -> PARADAS SEGURAS | B472: ='RESUMEN TOTAL'!B475 -> 30 | C472: ='RESUMEN TOTAL'!#REF! -> #REF! | D472: ='RESUMEN TOTAL'!E475 -> GFIJA | E472: ='RESUMEN TOTAL'!F475 -> GPON | F472: ='RESUMEN TOTAL'!L475 -> 0 | G472: ='RESUMEN TOTAL'!M475 -> 0 | H472: ='RESUMEN TOTAL'!N475 -> 0 | I472: ='RESUMEN TOTAL'!O475 -> 0 | J472: ='RESUMEN TOTAL'!P475 -> 0 | K472: ='RESUMEN TOTAL'!Q475 -> 0 | L472: ='RESUMEN TOTAL'!R475 -> 0 | M472: ='RESUMEN TOTAL'!S475 -> 0 | ... AJ472: ='RESUMEN TOTAL'!AP475 -> 0
A473: ='RESUMEN TOTAL'!A476 -> PARADAS SEGURAS | B473: ='RESUMEN TOTAL'!B476 -> 30 I | C473: ='RESUMEN TOTAL'!D476 -> HUDSON Y PICHEUTA OESTE | D473: ='RESUMEN TOTAL'!E476 -> INTERCOMUNICADOR | E473: ='RESUMEN TOTAL'!F476 -> GPON | F473: ='RESUMEN TOTAL'!L476 -> 0 | G473: ='RESUMEN TOTAL'!M476 -> 0 | H473: ='RESUMEN TOTAL'!N476 -> 0 | I473: ='RESUMEN TOTAL'!O476 -> 0 | J473: ='RESUMEN TOTAL'!P476 -> 0 | K473: ='RESUMEN TOTAL'!Q476 -> 0 | L473: ='RESUMEN TOTAL'!R476 -> 0 | M473: ='RESUMEN TOTAL'!S476 -> 0 | ... AJ473: ='RESUMEN TOTAL'!AP476 -> 0
A474: ='RESUMEN TOTAL'!A477 -> PARADAS SEGURAS | B474: ='RESUMEN TOTAL'!B477 -> 31 | C474: ='RESUMEN TOTAL'!#REF! -> #REF! | D474: ='RESUMEN TOTAL'!E477 -> GFIJA | E474: ='RESUMEN TOTAL'!F477 -> GPON | F474: ='RESUMEN TOTAL'!L477 -> 0 | G474: ='RESUMEN TOTAL'!M477 -> 0 | H474: ='RESUMEN TOTAL'!N477 -> 0 | I474: ='RESUMEN TOTAL'!O477 -> 0 | J474: ='RESUMEN TOTAL'!P477 -> 0 | K474: ='RESUMEN TOTAL'!Q477 -> 0 | L474: ='RESUMEN TOTAL'!R477 -> 0 | M474: ='RESUMEN TOTAL'!S477 -> 0 | ... AJ474: ='RESUMEN TOTAL'!AP477 -> 0
A475: ='RESUMEN TOTAL'!A478 -> PARADAS SEGURAS | B475: ='RESUMEN TOTAL'!B478 -> 31 I | C475: ='RESUMEN TOTAL'!#REF! -> #REF! | D475: ='RESUMEN TOTAL'!E478 -> INTERCOMUNICADOR | E475: ='RESUMEN TOTAL'!F478 -> GPON | F475: ='RESUMEN TOTAL'!L478 -> 0 | G475: ='RESUMEN TOTAL'!M478 -> 0 | H475: ='RESUMEN TOTAL'!N478 -> 0 | I475: ='RESUMEN TOTAL'!O478 -> 0 | J475: ='RESUMEN TOTAL'!P478 -> 0 | K475: ='RESUMEN TOTAL'!Q478 -> 0 | L475: ='RESUMEN TOTAL'!R478 -> 0 | M475: ='RESUMEN TOTAL'!S478 -> 0 | ... AJ475: ='RESUMEN TOTAL'!AP478 -> 0
A476: ='RESUMEN TOTAL'!A479 -> PARADAS SEGURAS | B476: ='RESUMEN TOTAL'!B479 -> 32 | C476: ='RESUMEN TOTAL'!D479 -> Hudson y 834 oeste | D476: ='RESUMEN TOTAL'!E479 -> GFIJA | E476: ='RESUMEN TOTAL'!F479 -> GPON | F476: ='RESUMEN TOTAL'!L479 -> 0 | G476: ='RESUMEN TOTAL'!M479 -> 0 | H476: ='RESUMEN TOTAL'!N479 -> 0 | I476: ='RESUMEN TOTAL'!O479 -> 0 | J476: ='RESUMEN TOTAL'!P479 -> 0 | K476: ='RESUMEN TOTAL'!Q479 -> 0 | L476: ='RESUMEN TOTAL'!R479 -> 0 | M476: ='RESUMEN TOTAL'!S479 -> 0 | ... AJ476: ='RESUMEN TOTAL'!AP479 -> 0
A477: ='RESUMEN TOTAL'!A480 -> PARADAS SEGURAS | B477: ='RESUMEN TOTAL'!B480 -> 32 I | C477: ='RESUMEN TOTAL'!D480 -> Hudson y 834 oeste | D477: ='RESUMEN TOTAL'!E480 -> INTERCOMUNICADOR | E477: ='RESUMEN TOTAL'!F480 -> GPON | F477: ='RESUMEN TOTAL'!L480 -> 0 | G477: ='RESUMEN TOTAL'!M480 -> 0 | H477: ='RESUMEN TOTAL'!N480 -> 0 | I477: ='RESUMEN TOTAL'!O480 -> APAGADO | J477: ='RESUMEN TOTAL'!P480 -> APAGADO | K477: ='RESUMEN TOTAL'!Q480 -> APAGADO | L477: ='RESUMEN TOTAL'!R480 -> APAGADO | M477: ='RESUMEN TOTAL'!S480 -> APAGADO | ... AJ477: ='RESUMEN TOTAL'!AP480 -> 0
A478: ='RESUMEN TOTAL'!A481 -> PARADAS SEGURAS | B478: ='RESUMEN TOTAL'!B481 -> 33 C | C478: ='RESUMEN TOTAL'!D481 -> Hudson y Suipacha este | D478: ='RESUMEN TOTAL'!E481 -> GFIJA | E478: ='RESUMEN TOTAL'!F481 -> GPON | F478: ='RESUMEN TOTAL'!L481 -> 0 | G478: ='RESUMEN TOTAL'!M481 -> 0 | H478: ='RESUMEN TOTAL'!N481 -> 0 | I478: ='RESUMEN TOTAL'!O481 -> APAGADO | J478: ='RESUMEN TOTAL'!P481 -> APAGADO | K478: ='RESUMEN TOTAL'!Q481 -> APAGADO | L478: ='RESUMEN TOTAL'!R481 -> APAGADO | M478: ='RESUMEN TOTAL'!S481 -> APAGADO | ... AJ478: ='RESUMEN TOTAL'!AP481 -> 0
A479: ='RESUMEN TOTAL'!A482 -> PARADAS SEGURAS | B479: ='RESUMEN TOTAL'!B482 -> 33 I | C479: ='RESUMEN TOTAL'!D482 -> Hudson y Suipacha este | D479: ='RESUMEN TOTAL'!E482 -> INTERCOMUNICADOR | E479: ='RESUMEN TOTAL'!F482 -> GPON | F479: ='RESUMEN TOTAL'!L482 -> 0 | G479: ='RESUMEN TOTAL'!M482 -> 0 | H479: ='RESUMEN TOTAL'!N482 -> 0 | I479: ='RESUMEN TOTAL'!O482 -> APAGADO | J479: ='RESUMEN TOTAL'!P482 -> APAGADO | K479: ='RESUMEN TOTAL'!Q482 -> APAGADO | L479: ='RESUMEN TOTAL'!R482 -> APAGADO | M479: ='RESUMEN TOTAL'!S482 -> APAGADO | ... AJ479: ='RESUMEN TOTAL'!AP482 -> 0
A480: ='RESUMEN TOTAL'!A483 -> PARADAS SEGURAS | B480: ='RESUMEN TOTAL'!B483 -> 34 C | C480: ='RESUMEN TOTAL'!D483 -> Hudson y Suipacha oeste | D480: ='RESUMEN TOTAL'!E483 -> GFIJA | E480: ='RESUMEN TOTAL'!F483 -> GPON | F480: ='RESUMEN TOTAL'!L483 -> 0 | G480: ='RESUMEN TOTAL'!M483 -> 0 | H480: ='RESUMEN TOTAL'!N483 -> 0 | I480: ='RESUMEN TOTAL'!O483 -> 0 | J480: ='RESUMEN TOTAL'!P483 -> 0 | K480: ='RESUMEN TOTAL'!Q483 -> 0 | L480: ='RESUMEN TOTAL'!R483 -> 0 | M480: ='RESUMEN TOTAL'!S483 -> 0 | ... AJ480: ='RESUMEN TOTAL'!AP483 -> 0
A481: ='RESUMEN TOTAL'!A484 -> PARADAS SEGURAS | B481: ='RESUMEN TOTAL'!B484 -> 34 I | C481: ='RESUMEN TOTAL'!D484 -> Hudson y Suipacha oeste | D481: ='RESUMEN TOTAL'!E484 -> INTERCOMUNICADOR | E481: ='RESUMEN TOTAL'!F484 -> GPON | F481: ='RESUMEN TOTAL'!L484 -> 0 | G481: ='RESUMEN TOTAL'!M484 -> 0 | H481: ='RESUMEN TOTAL'!N484 -> 0 | I481: ='RESUMEN TOTAL'!O484 -> APAGADO | J481: ='RESUMEN TOTAL'!P484 -> APAGADO | K481: ='RESUMEN TOTAL'!Q484 -> APAGADO | L481: ='RESUMEN TOTAL'!R484 -> APAGADO | M481: ='RESUMEN TOTAL'!S484 -> APAGADO | ... AJ481: ='RESUMEN TOTAL'!AP484 -> 0
A482: ='RESUMEN TOTAL'!A485 -> PARADAS SEGURAS | B482: ='RESUMEN TOTAL'!B485 -> 35 C | C482: ='RESUMEN TOTAL'!D485 -> Hudson y Suipacha este | D482: ='RESUMEN TOTAL'!E485 -> GFIJA | E482: ='RESUMEN TOTAL'!F485 -> GPON | F482: ='RESUMEN TOTAL'!L485 -> 0 | G482: ='RESUMEN TOTAL'!M485 -> 0 | H482: ='RESUMEN TOTAL'!N485 -> 0 | I482: ='RESUMEN TOTAL'!O485 -> APAGADO | J482: ='RESUMEN TOTAL'!P485 -> APAGADO | K482: ='RESUMEN TOTAL'!Q485 -> APAGADO | L482: ='RESUMEN TOTAL'!R485 -> APAGADO | M482: ='RESUMEN TOTAL'!S485 -> APAGADO | ... AJ482: ='RESUMEN TOTAL'!AP485 -> 0
A483: ='RESUMEN TOTAL'!A486 -> PARADAS SEGURAS | B483: ='RESUMEN TOTAL'!B486 -> 35 I | C483: ='RESUMEN TOTAL'!D486 -> Hudson y Suipacha este | D483: ='RESUMEN TOTAL'!E486 -> INTERCOMUNICADOR | E483: ='RESUMEN TOTAL'!F486 -> GPON | F483: ='RESUMEN TOTAL'!L486 -> 0 | G483: ='RESUMEN TOTAL'!M486 -> 0 | H483: ='RESUMEN TOTAL'!N486 -> 0 | I483: ='RESUMEN TOTAL'!O486 -> APAGADO | J483: ='RESUMEN TOTAL'!P486 -> APAGADO | K483: ='RESUMEN TOTAL'!Q486 -> APAGADO | L483: ='RESUMEN TOTAL'!R486 -> APAGADO | M483: ='RESUMEN TOTAL'!S486 -> APAGADO | ... AJ483: ='RESUMEN TOTAL'!AP486 -> 0
A484: ='RESUMEN TOTAL'!A487 -> 0 | B484: ='RESUMEN TOTAL'!B487 -> 0 | C484: ='RESUMEN TOTAL'!D487 -> 0 | D484: ='RESUMEN TOTAL'!E487 -> 0 | E484: ='RESUMEN TOTAL'!F487 -> 0 | F484: ='RESUMEN TOTAL'!L487 -> 0 | G484: ='RESUMEN TOTAL'!M487 -> 0 | H484: ='RESUMEN TOTAL'!N487 -> 0 | I484: ='RESUMEN TOTAL'!O487 -> 0 | J484: ='RESUMEN TOTAL'!P487 -> 0 | K484: ='RESUMEN TOTAL'!Q487 -> 0 | L484: ='RESUMEN TOTAL'!R487 -> 0 | M484: ='RESUMEN TOTAL'!S487 -> 0 | ... AJ484: ='RESUMEN TOTAL'!AP487 -> 0
A485: ='RESUMEN TOTAL'!A488 -> 0 | B485: ='RESUMEN TOTAL'!B488 -> 0 | C485: ='RESUMEN TOTAL'!D488 -> 0 | D485: ='RESUMEN TOTAL'!E488 -> 0 | E485: ='RESUMEN TOTAL'!F488 -> 0 | F485: ='RESUMEN TOTAL'!L488 -> 0 | G485: ='RESUMEN TOTAL'!M488 -> 0 | H485: ='RESUMEN TOTAL'!N488 -> 0 | I485: ='RESUMEN TOTAL'!O488 -> 0 | J485: ='RESUMEN TOTAL'!P488 -> 0 | K485: ='RESUMEN TOTAL'!Q488 -> 0 | L485: ='RESUMEN TOTAL'!R488 -> 0 | M485: ='RESUMEN TOTAL'!S488 -> 0 | ... AJ485: ='RESUMEN TOTAL'!AP488 -> 0
A486: ='RESUMEN TOTAL'!A489 -> 0 | B486: ='RESUMEN TOTAL'!B489 -> 0 | C486: ='RESUMEN TOTAL'!D489 -> 0 | D486: ='RESUMEN TOTAL'!E489 -> 0 | E486: ='RESUMEN TOTAL'!F489 -> 0 | F486: ='RESUMEN TOTAL'!L489 -> 0 | G486: ='RESUMEN TOTAL'!M489 -> 0 | H486: ='RESUMEN TOTAL'!N489 -> 0 | I486: ='RESUMEN TOTAL'!O489 -> 0 | J486: ='RESUMEN TOTAL'!P489 -> 0 | K486: ='RESUMEN TOTAL'!Q489 -> 0 | L486: ='RESUMEN TOTAL'!R489 -> 0 | M486: ='RESUMEN TOTAL'!S489 -> 0 | ... AJ486: ='RESUMEN TOTAL'!AP489 -> 0
A487: ='RESUMEN TOTAL'!A490 -> 0 | B487: ='RESUMEN TOTAL'!B490 -> 0 | C487: ='RESUMEN TOTAL'!D490 -> 0 | D487: ='RESUMEN TOTAL'!E490 -> 0 | E487: ='RESUMEN TOTAL'!F490 -> 0 | F487: ='RESUMEN TOTAL'!L490 -> 0 | G487: ='RESUMEN TOTAL'!M490 -> 0 | H487: ='RESUMEN TOTAL'!N490 -> 0 | I487: ='RESUMEN TOTAL'!O490 -> 0 | J487: ='RESUMEN TOTAL'!P490 -> 0 | K487: ='RESUMEN TOTAL'!Q490 -> 0 | L487: ='RESUMEN TOTAL'!R490 -> 0 | M487: ='RESUMEN TOTAL'!S490 -> 0 | ... AJ487: ='RESUMEN TOTAL'!AP490 -> 0
... A686: ='RESUMEN TOTAL'!A689 -> 0 | B686: ='RESUMEN TOTAL'!B689 -> 0 | C686: ='RESUMEN TOTAL'!D689 -> 0 | D686: ='RESUMEN TOTAL'!E689 -> 0 | E686: ='RESUMEN TOTAL'!F689 -> 0 | F686: ='RESUMEN TOTAL'!L689 -> 0 | G686: ='RESUMEN TOTAL'!M689 -> 0 | H686: ='RESUMEN TOTAL'!N689 -> 0 | I686: ='RESUMEN TOTAL'!O689 -> 0 | J686: ='RESUMEN TOTAL'!P689 -> 0 | K686: ='RESUMEN TOTAL'!Q689 -> 0 | L686: ='RESUMEN TOTAL'!R689 -> 0 | M686: ='RESUMEN TOTAL'!S689 -> 0 | ... AJ686: ='RESUMEN TOTAL'!AP689 -> 0

Sheet BARRAS

Sheet PORCENTAJE

Sheet AUXILIAR
A1: FECHA | B1: RADIO | C1: FIBRA | D1: ANTENA | E1: TOTAL APAGADOS | F1: INSTALADAS | G1: % APAGADOS
A2: ='APAGADOS RADIO'!F3 -> 45139 | B2: ='APAGADOS RADIO'!F2+D2 -> 5 | C2: ='APAGADOS FIBRA'!F2 -> 26 | D2: ='APAGADOS ANTENA'!F2 -> 1 | E2: =B2+C2 -> 31 | F2: ='RESUMEN TOTAL'!B1 -> 482 | G2: =E2/F2 -> 0.064315353
A3: ='APAGADOS RADIO'!G3 -> 45140 | B3: ='APAGADOS RADIO'!G2+D3 -> 4 | C3: ='APAGADOS FIBRA'!G2 -> 26 | D3: ='APAGADOS ANTENA'!G2 -> 0 | E3: =B3+C3 -> 30 | F3: ='RESUMEN TOTAL'!B1 -> 482 | G3: =E3/F3 -> 0.062240664
A4: ='APAGADOS RADIO'!H3 -> 45141 | B4: ='APAGADOS RADIO'!H2+D4 -> 2 | C4: ='APAGADOS FIBRA'!H2 -> 25 | D4: ='APAGADOS ANTENA'!H2 -> 0 | E4: =B4+C4 -> 27 | F4: ='RESUMEN TOTAL'!B1 -> 482 | G4: =E4/F4 -> 0.056016598
A5: ='APAGADOS RADIO'!I3 -> 45142 | B5: ='APAGADOS RADIO'!I2+D5 -> 10 | C5: ='APAGADOS FIBRA'!I2 -> 45 | D5: ='APAGADOS ANTENA'!I2 -> 6 | E5: =B5+C5 -> 55 | F5: ='RESUMEN TOTAL'!B1 -> 482 | G5: =E5/F5 -> 0.11410788
A6: ='APAGADOS RADIO'!J3 -> 45143 | B6: ='APAGADOS RADIO'!J2+D6 -> 3 | C6: ='APAGADOS FIBRA'!J2 -> 13 | D6: ='APAGADOS ANTENA'!J2 -> 1 | E6: =B6+C6 -> 16 | F6: ='RESUMEN TOTAL'!B1 -> 482 | G6: =E6/F6 -> 0.033195021
A7: ='APAGADOS RADIO'!K3 -> 45144 | B7: ='APAGADOS RADIO'!K2+D7 -> 2 | C7: ='APAGADOS FIBRA'!K2 -> 12 | D7: ='APAGADOS ANTENA'!K2 -> 1 | E7: =B7+C7 -> 14 | F7: ='RESUMEN TOTAL'!B1 -> 482 | G7: =E7/F7 -> 0.029045643
A8: ='APAGADOS RADIO'!L3 -> 45145 | B8: ='APAGADOS RADIO'!L2+D8 -> 1 | C8: ='APAGADOS FIBRA'!L2 -> 12 | D8: ='APAGADOS ANTENA'!L2 -> 0 | E8: =B8+C8 -> 13 | F8: ='RESUMEN TOTAL'!B1 -> 482 | G8: =E8/F8 -> 0.026970954
A9: ='APAGADOS RADIO'!M3 -> 45146 | B9: ='APAGADOS RADIO'!M2+D9 -> 4 | C9: ='APAGADOS FIBRA'!M2 -> 16 | D9: ='APAGADOS ANTENA'!M2 -> 1 | E9: =B9+C9 -> 20 | F9: ='RESUMEN TOTAL'!B1 -> 482 | G9: =E9/F9 -> 0.041493776
A10: ='APAGADOS RADIO'!N3 -> 45147 | B10: ='APAGADOS RADIO'!N2+D10 -> 4 | C10: ='APAGADOS FIBRA'!N2 -> 42 | D10: ='APAGADOS ANTENA'!N2 -> 2 | E10: =B10+C10 -> 46 | F10: ='RESUMEN TOTAL'!B1 -> 482 | G10: =E10/F10 -> 0.095435685
A11: ='APAGADOS RADIO'!O3 -> 45148 | B11: ='APAGADOS RADIO'!O2+D11 -> 5 | C11: ='APAGADOS FIBRA'!O2 -> 40 | D11: ='APAGADOS ANTENA'!O2 -> 3 | E11: =B11+C11 -> 45 | F11: ='RESUMEN TOTAL'!B1 -> 482 | G11: =E11/F11 -> 0.093360996
A12: ='APAGADOS RADIO'!P3 -> 45149 | B12: ='APAGADOS RADIO'!P2+D12 -> 7 | C12: ='APAGADOS FIBRA'!P2 -> 20 | D12: ='APAGADOS ANTENA'!P2 -> 6 | E12: =B12+C12 -> 27 | F12: ='RESUMEN TOTAL'!B1 -> 482 | G12: =E12/F12 -> 0.056016598
A13: ='APAGADOS RADIO'!Q3 -> 45150 | B13: ='APAGADOS RADIO'!Q2+D13 -> 12 | C13: ='APAGADOS FIBRA'!Q2 -> 47 | D13: ='APAGADOS ANTENA'!Q2 -> 4 | E13: =B13+C13 -> 59 | F13: ='RESUMEN TOTAL'!B1 -> 482 | G13: =E13/F13 -> 0.12240664
A14: ='APAGADOS RADIO'!R3 -> 45151 | B14: ='APAGADOS RADIO'!R2+D14 -> 5 | C14: ='APAGADOS FIBRA'!R2 -> 28 | D14: ='APAGADOS ANTENA'!R2 -> 4 | E14: =B14+C14 -> 33 | F14: ='RESUMEN TOTAL'!B1 -> 482 | G14: =E14/F14 -> 0.06846473
A15: ='APAGADOS RADIO'!S3 -> 45152 | B15: ='APAGADOS RADIO'!S2+D15 -> 6 | C15: ='APAGADOS FIBRA'!S2 -> 23 | D15: ='APAGADOS ANTENA'!S2 -> 5 | E15: =B15+C15 -> 29 | F15: ='RESUMEN TOTAL'!B1 -> 482 | G15: =E15/F15 -> 0.060165975
A16: ='APAGADOS RADIO'!T3 -> 45153 | B16: ='APAGADOS RADIO'!T2+D16 -> 9 | C16: ='APAGADOS FIBRA'!T2 -> 24 | D16: ='APAGADOS ANTENA'!T2 -> 8 | E16: =B16+C16 -> 33 | F16: ='RESUMEN TOTAL'!B1 -> 482 | G16: =E16/F16 -> 0.06846473
A17: ='APAGADOS RADIO'!U3 -> 45154 | B17: ='APAGADOS RADIO'!U2+D17 -> 6 | C17: ='APAGADOS FIBRA'!U2 -> 17 | D17: ='APAGADOS ANTENA'!U2 -> 5 | E17: =B17+C17 -> 23 | F17: ='RESUMEN TOTAL'!B1 -> 482 | G17: =E17/F17 -> 0.047717842
A18: ='APAGADOS RADIO'!V3 -> 45155 | B18: ='APAGADOS RADIO'!V2+D18 -> 13 | C18: ='APAGADOS FIBRA'!V2 -> 32 | D18: ='APAGADOS ANTENA'!V2 -> 5 | E18: =B18+C18 -> 45 | F18: ='RESUMEN TOTAL'!B1 -> 482 | G18: =E18/F18 -> 0.093360996
A19: ='APAGADOS RADIO'!W3 -> 45156 | B19: ='APAGADOS RADIO'!W2+D19 -> 9 | C19: ='APAGADOS FIBRA'!W2 -> 40 | D19: ='APAGADOS ANTENA'!W2 -> 1 | E19: =B19+C19 -> 49 | F19: ='RESUMEN TOTAL'!B1 -> 482 | G19: =E19/F19 -> 0.10165975
A20: ='APAGADOS RADIO'!X3 -> 45157 | B20: ='APAGADOS RADIO'!X2+D20 -> 22 | C20: ='APAGADOS FIBRA'!X2 -> 68 | D20: ='APAGADOS ANTENA'!X2 -> 2 | E20: =B20+C20 -> 90 | F20: ='RESUMEN TOTAL'!B1 -> 482 | G20: =E20/F20 -> 0.18672199
A21: ='APAGADOS RADIO'!Y3 -> 45158 | B21: ='APAGADOS RADIO'!Y2+D21 -> 25 | C21: ='APAGADOS FIBRA'!Y2 -> 60 | D21: ='APAGADOS ANTENA'!Y2 -> 2 | E21: =B21+C21 -> 85 | F21: ='RESUMEN TOTAL'!B1 -> 482 | G21: =E21/F21 -> 0.17634855
A22: ='APAGADOS RADIO'!Z3 -> 45159 | B22: ='APAGADOS RADIO'!Z2+D22 -> 22 | C22: ='APAGADOS FIBRA'!Z2 -> 59 | D22: ='APAGADOS ANTENA'!Z2 -> 2 | E22: =B22+C22 -> 81 | F22: ='RESUMEN TOTAL'!B1 -> 482 | G22: =E22/F22 -> 0.16804979
A23: ='APAGADOS RADIO'!AA3 -> 45160 | B23: ='APAGADOS RADIO'!AA2+D23 -> 25 | C23: ='APAGADOS FIBRA'!AA2 -> 61 | D23: ='APAGADOS ANTENA'!AA2 -> 2 | E23: =B23+C23 -> 86 | F23: ='RESUMEN TOTAL'!B1 -> 482 | G23: =E23/F23 -> 0.17842324
A24: ='APAGADOS RADIO'!AB3 -> 45161 | B24: ='APAGADOS RADIO'!AB2+D24 -> 10 | C24: ='APAGADOS FIBRA'!AB2 -> 51 | D24: ='APAGADOS ANTENA'!AB2 -> 1 | E24: =B24+C24 -> 61 | F24: ='RESUMEN TOTAL'!B1 -> 482 | G24: =E24/F24 -> 0.12655602
A25: ='APAGADOS RADIO'!AC3 -> 45162 | B25: ='APAGADOS RADIO'!AC2+D25 -> 7 | C25: ='APAGADOS FIBRA'!AC2 -> 25 | D25: ='APAGADOS ANTENA'!AC2 -> 1 | E25: =B25+C25 -> 32 | F25: ='RESUMEN TOTAL'!B1 -> 482 | G25: =E25/F25 -> 0.066390041
A26: ='APAGADOS RADIO'!AD3 -> 45163 | B26: ='APAGADOS RADIO'!AD2+D26 -> 3 | C26: ='APAGADOS FIBRA'!AD2 -> 17 | D26: ='APAGADOS ANTENA'!AD2 -> 0 | E26: =B26+C26 -> 20 | F26: ='RESUMEN TOTAL'!B1 -> 482 | G26: =E26/F26 -> 0.041493776
A27: ='APAGADOS RADIO'!AE3 -> 45164 | B27: ='APAGADOS RADIO'!AE2+D27 -> 5 | C27: ='APAGADOS FIBRA'!AE2 -> 18 | D27: ='APAGADOS ANTENA'!AE2 -> 0 | E27: =B27+C27 -> 23 | F27: ='RESUMEN TOTAL'!B1 -> 482 | G27: =E27/F27 -> 0.047717842
A28: ='APAGADOS RADIO'!AF3 -> 45165 | B28: ='APAGADOS RADIO'!AF2+D28 -> 5 | C28: ='APAGADOS FIBRA'!AF2 -> 17 | D28: ='APAGADOS ANTENA'!AF2 -> 0 | E28: =B28+C28 -> 22 | F28: ='RESUMEN TOTAL'!B1 -> 482 | G28: =E28/F28 -> 0.045643154
A29: ='APAGADOS RADIO'!AG3 -> 45166 | B29: ='APAGADOS RADIO'!AG2+D29 -> 4 | C29: ='APAGADOS FIBRA'!AG2 -> 17 | D29: ='APAGADOS ANTENA'!AG2 -> 0 | E29: =B29+C29 -> 21 | F29: ='RESUMEN TOTAL'!B1 -> 482 | G29: =E29/F29 -> 0.043568465
A30: ='APAGADOS RADIO'!AH3 -> 45167 | B30: ='APAGADOS RADIO'!AH2+D30 -> 0 | C30: ='APAGADOS FIBRA'!AH2 -> 16 | D30: ='APAGADOS ANTENA'!AH2 -> 0 | E30: =B30+C30 -> 16 | F30: ='RESUMEN TOTAL'!B1 -> 482 | G30: =E30/F30 -> 0.033195021
A31: ='APAGADOS RADIO'!AI3 -> 45168 | B31: ='APAGADOS RADIO'!AI2+D31 -> 0 | C31: ='APAGADOS FIBRA'!AI2 -> 14 | D31: ='APAGADOS ANTENA'!AI2 -> 0 | E31: =B31+C31 -> 14 | F31: ='RESUMEN TOTAL'!B1 -> 482 | G31: =E31/F31 -> 0.029045643
A32: ='APAGADOS RADIO'!AJ3 -> #REF!
A34: =A1 -> FECHA | B34: PARADAS | C34: GFIJAS | D34: INTERCOMUNICADORES | E34: APAGADAS FIJAS | F34: APAGADAS INTERC | G34: TOTAL FALLAS
A35: =A2 -> 45139 | B35: =paradas!D1 -> 15 | C35: =paradas!K1 -> 15 | D35: =paradas!O1 -> 15 | E35: =paradas!F2 -> 2 | F35: =paradas!F3 -> 1 | G35: =E35+F35 -> 3
A36: =A3 -> 45140 | B36: =paradas!D1 -> 15 | C36: =paradas!K1 -> 15 | D36: =paradas!O1 -> 15 | E36: =paradas!G2 -> 2 | F36: =paradas!G3 -> 1 | G36: =E36+F36 -> 3
A37: =A4 -> 45141 | B37: =paradas!D1 -> 15 | C37: =paradas!K1 -> 15 | D37: =paradas!O1 -> 15 | E37: =paradas!H2 -> 0 | F37: =paradas!H3 -> 0 | G37: =E37+F37 -> 0
A38: =A5 -> 45142 | B38: =paradas!D1 -> 15 | C38: =paradas!K1 -> 15 | D38: =paradas!O1 -> 15 | E38: =paradas!I2 -> 3 | F38: =paradas!I3 -> 5 | G38: =E38+F38 -> 8
A39: =A6 -> 45143 | B39: =paradas!D1 -> 15 | C39: =paradas!K1 -> 15 | D39: =paradas!O1 -> 15 | E39: =paradas!J2 -> 2 | F39: =paradas!J3 -> 4 | G39: =E39+F39 -> 6
A40: =A7 -> 45144 | B40: =paradas!D1 -> 15 | C40: =paradas!K1 -> 15 | D40: =paradas!O1 -> 15 | E40: =paradas!K2 -> 2 | F40: =paradas!K3 -> 4 | G40: =E40+F40 -> 6
A41: =A8 -> 45145 | B41: =paradas!D1 -> 15 | C41: =paradas!K1 -> 15 | D41: =paradas!O1 -> 15 | E41: =paradas!L2 -> 2 | F41: =paradas!L3 -> 4 | G41: =E41+F41 -> 6
A42: =A9 -> 45146 | B42: =paradas!D1 -> 15 | C42: =paradas!K1 -> 15 | D42: =paradas!O1 -> 15 | E42: =paradas!M2 -> 2 | F42: =paradas!M3 -> 4 | G42: =E42+F42 -> 6
A43: =A10 -> 45147 | B43: =paradas!D1 -> 15 | C43: =paradas!K1 -> 15 | D43: =paradas!O1 -> 15 | E43: =paradas!N2 -> 2 | F43: =paradas!N3 -> 2 | G43: =E43+F43 -> 4
A44: =A11 -> 45148 | B44: =paradas!D1 -> 15 | C44: =paradas!K1 -> 15 | D44: =paradas!O1 -> 15 | E44: =paradas!O2 -> 2 | F44: =paradas!O3 -> 2 | G44: =E44+F44 -> 4
A45: =A12 -> 45149 | B45: =paradas!D1 -> 15 | C45: =paradas!K1 -> 15 | D45: =paradas!O1 -> 15 | E45: =paradas!P2 -> 1 | F45: =paradas!P3 -> 1 | G45: =E45+F45 -> 2
A46: =A13 -> 45150 | B46: =paradas!D1 -> 15 | C46: =paradas!K1 -> 15 | D46: =paradas!O1 -> 15 | E46: =paradas!Q2 -> 2 | F46: =paradas!Q3 -> 2 | G46: =E46+F46 -> 4
A47: =A14 -> 45151 | B47: =paradas!D1 -> 15 | C47: =paradas!K1 -> 15 | D47: =paradas!O1 -> 15 | E47: =paradas!R2 -> 2 | F47: =paradas!R3 -> 2 | G47: =E47+F47 -> 4
A48: =A15 -> 45152 | B48: =paradas!D1 -> 15 | C48: =paradas!K1 -> 15 | D48: =paradas!O1 -> 15 | E48: =paradas!S2 -> 2 | F48: =paradas!S3 -> 2 | G48: =E48+F48 -> 4
A49: =A16 -> 45153 | B49: =paradas!D1 -> 15 | C49: =paradas!K1 -> 15 | D49: =paradas!O1 -> 15 | E49: =paradas!T2 -> 2 | F49: =paradas!T3 -> 2 | G49: =E49+F49 -> 4
A50: =A17 -> 45154 | B50: =paradas!D1 -> 15 | C50: =paradas!K1 -> 15 | D50: =paradas!O1 -> 15 | E50: =paradas!U2 -> 2 | F50: =paradas!U3 -> 2 | G50: =E50+F50 -> 4
A51: =A18 -> 45155 | B51: =paradas!D1 -> 15 | C51: =paradas!K1 -> 15 | D51: =paradas!O1 -> 15 | E51: =paradas!V2 -> 4 | F51: =paradas!V3 -> 3 | G51: =E51+F51 -> 7
A52: =A19 -> 45156 | B52: =paradas!D1 -> 15 | C52: =paradas!K1 -> 15 | D52: =paradas!O1 -> 15 | E52: =paradas!W2 -> 6 | F52: =paradas!W3 -> 4 | G52: =E52+F52 -> 10
A53: =A20 -> 45157 | B53: =paradas!D1 -> 15 | C53: =paradas!K1 -> 15 | D53: =paradas!O1 -> 15 | E53: =paradas!X2 -> 5 | F53: =paradas!X3 -> 5 | G53: =E53+F53 -> 10
A54: =A21 -> 45158 | B54: =paradas!D1 -> 15 | C54: =paradas!K1 -> 15 | D54: =paradas!O1 -> 15 | E54: =paradas!Y2 -> 4 | F54: =paradas!Y3 -> 6 | G54: =E54+F54 -> 10
A55: =A22 -> 45159 | B55: =paradas!D1 -> 15 | C55: =paradas!K1 -> 15 | D55: =paradas!O1 -> 15 | E55: =paradas!Z2 -> 5 | F55: =paradas!Z3 -> 6 | G55: =paradas!AB2 -> 5
A56: =A23 -> 45160 | B56: =paradas!D1 -> 15 | C56: =paradas!K1 -> 15 | D56: =paradas!O1 -> 15 | E56: =paradas!AA2 -> 6 | F56: =paradas!AA3 -> 6 | G56: =E56+F56 -> 12
A57: =A24 -> 45161 | B57: =paradas!D1 -> 15 | C57: =paradas!K1 -> 15 | D57: =paradas!O1 -> 15 | E57: =paradas!AB2 -> 5 | F57: =paradas!AB3 -> 4 | G57: =E57+F57 -> 9
A58: =A25 -> 45162 | B58: =paradas!D1 -> 15 | C58: =paradas!K1 -> 15 | D58: =paradas!O1 -> 15 | E58: =paradas!AC2 -> 3 | F58: =paradas!AC3 -> 4 | G58: =E58+F58 -> 7
A59: =A26 -> 45163 | B59: =paradas!D1 -> 15 | C59: =paradas!K1 -> 15 | D59: =paradas!O1 -> 15 | E59: =paradas!AD2 -> 4 | F59: =paradas!AD3 -> 3 | G59: =E59+F59 -> 7
A60: =A27 -> 45164 | B60: =paradas!D1 -> 15 | C60: =paradas!K1 -> 15 | D60: =paradas!O1 -> 15 | E60: =paradas!AE2 -> 5 | F60: =paradas!AE3 -> 0 | G60: =E60+F60 -> 5
A61: =A28 -> 45165 | B61: =paradas!D1 -> 15 | C61: =paradas!K1 -> 15 | D61: =paradas!O1 -> 15 | E61: =paradas!AF2 -> 5 | F61: =paradas!AF3 -> 4 | G61: =E61+F61 -> 9
A62: =A29 -> 45166 | B62: =paradas!D1 -> 15 | C62: =paradas!K1 -> 15 | D62: =paradas!O1 -> 15 | E62: =paradas!AG2 -> 5 | F62: =paradas!AG3 -> 4 | G62: =E62+F62 -> 9
A63: =A30 -> 45167 | B63: =paradas!D1 -> 15 | C63: =paradas!K1 -> 15 | D63: =paradas!O1 -> 15 | E63: =paradas!AH2 -> 5 | F63: =paradas!AH3 -> 4 | G63: =E63+F63 -> 9
A64: =A31 -> 45168 | B64: =paradas!D1 -> 15 | C64: =paradas!K1 -> 15 | D64: =paradas!O1 -> 15 | E64: =paradas!AI2 -> 5 | F64: =paradas!AI3 -> 4 | G64: =E64+F64 -> 9
A65: =A32 -> #REF! | B65: =paradas!D1 -> 15 | C65: =paradas!K1 -> 15 | D65: =paradas!O1 -> 15 | E65: =paradas!AJ2 -> 0 | F65: =paradas!AAJ3 -> 0 | G65: =E65+F65 -> 0

Sheet informe
C1: CANTIDAD | E1: %
B2: TOTAL | C2: 474 | F2: 45139 | G2: PARADAS SEGURAS
B3: CAIDAS | C3: 31 | D3: =C3 -> 31 | E3: =D3/C2 -> 0.065400844 | H3: TOTAL | I3: SIN FUNCIONAR | J3: %
B4: LLEGAMOS NOSOTROS | C4: 2 | D4: =D3-C4 -> 29 | E4: =D4/C2 -> 0.061181435 | G4: PARADAS | H4: 11
B5: NO ESTA LA CAMARA | C5: 1 | D5: =D4-C5 -> 28 | E5: =D5/C2 -> 0.05907173 | G5: CAMARAS | H5: 11 | I5: 2 | J5: =I5/H5 -> 0.18181818
B6: RADIO | C6: 4 | D6: =D5-C6 -> 24 | E6: =D6/C2 -> 0.050632911 | G6: INTERCOMUNICADORES | H6: 11 | I6: 1 | J6: =I6/H6 -> 0.090909091
B7: BONOMO | C7: 8 | E7: 0.03 | G7: DISPOSITIVOS | H7: 22 | I7: 3 | J7: =I7/H7 -> 0.13636364
B8: COSEIDI | C8: 23 | E8: 0.11 | G8: FALLAS TOTALES | H8: 3
B9: TOTAL | C9: 474 | F9: 45140 | G9: PARADAS SEGURAS
B10: CAIDAS | C10: 30 | D10: =C10 -> 30 | E10: =D10/C9 -> 0.063291139 | H10: TOTAL | I10: SIN FUNCIONAR | J10: %
B11: LLEGAMOS NOSOTROS | C11: 1 | D11: =D10-C11 -> 29 | E11: =D11/C9 -> 0.061181435 | G11: PARADAS | H11: 11
B12: NO ESTA LA CAMARA | C12: 1 | D12: =D11-C12 -> 28 | E12: =D12/C9 -> 0.05907173 | G12: CAMARAS | H12: 11 | I12: 2 | J12: =I12/H12 -> 0.18181818
B13: RADIO | C13: 4 | D13: =D12-C13 -> 24 | E13: =D13/C9 -> 0.050632911 | G13: INTERCOMUNICADORES | H13: 11 | I13: 1 | J13: =I13/H13 -> 0.090909091
B14: BONOMO | C14: 7 | E14: 0.03 | G14: DISPOSITIVOS | H14: 22 | I14: 3 | J14: =I14/H14 -> 0.13636364
B15: COSEIDI | C15: 23 | E15: 0.11 | G15: FALLAS TOTALES | H15: 3
B16: TOTAL | C16: =AUXILIAR!F4 -> 482 | F16: 45141 | G16: PARADAS SEGURAS
B17: CAIDAS | C17: 27 | D17: =C17 -> 27 | E17: =D17/C16 -> 0.056016598 | H17: TOTAL | I17: SIN FUNCIONAR | J17: %
B18: LLEGAMOS NOSOTROS | C18: 2 | D18: =D17-C18 -> 25 | E18: =D18/C16 -> 0.05186722 | G18: PARADAS | H18: 11
B19: NO ESTA LA CAMARA | C19: 1 | D19: =D18-C19 -> 24 | E19: =D19/C16 -> 0.049792531 | G19: CAMARAS | H19: 11 | I19: 2 | J19: =I19/H19 -> 0.18181818
B20: RADIO | C20: 2 | D20: =D19-C20 -> 22 | E20: =D20/C16 -> 0.045643154 | G20: INTERCOMUNICADORES | H20: 11 | I20: 1 | J20: =I20/H20 -> 0.090909091
B21: BONOMO | C21: =Hoja1!H3 -> 7 | E21: =Hoja1!H4 -> 0.02892562 | G21: DISPOSITIVOS | H21: 22 | I21: 3 | J21: =I21/H21 -> 0.13636364
B22: COSEIDI | C22: =Hoja1!H5 -> 20 | E22: 0.1 | G22: FALLAS TOTALES | H22: 3
B23: TOTAL | C23: =AUXILIAR!F5 -> 482 | F23: 45142 | G23: PARADAS SEGURAS
B24: CAIDAS | C24: 57 | D24: =C24 -> 57 | E24: =D24/C23 -> 0.11825726 | H24: TOTAL | I24: SIN FUNCIONAR | J24: %
B25: LLEGAMOS NOSOTROS | C25: 1 | D25: =D24-C25 -> 56 | E25: =D25/C23 -> 0.11618257 | G25: PARADAS | H25: 14
B26: NO ESTA LA CAMARA | C26: 1 | D26: =D25-C26 -> 55 | E26: =D26/C23 -> 0.11410788 | G26: CAMARAS | H26: 14 | I26: 2 | J26: =I26/H26 -> 0.14285714
B27: RADIO | C27: 4 | D27: =D26-C27 -> 51 | E27: =D27/C23 -> 0.10580913 | G27: INTERCOMUNICADORES | H27: 14 | I27: 4 | J27: =I27/H27 -> 0.28571429
B28: BONOMO | C28: =Hoja1!I3 -> 46 | E28: =Hoja1!I4 -> 0.19008264 | G28: DISPOSITIVOS | H28: 28 | I28: 6 | J28: =I28/H28 -> 0.21428571
B29: COSEIDI | C29: =Hoja1!I5 -> 11 | E29: =Hoja1!I6 -> 0.052380952 | G29: FALLAS TOTALES | H29: 6
B30: TOTAL | C30: =AUXILIAR!F6 -> 482 | F30: 45143 | G30: PARADAS SEGURAS
B31: CAIDAS | D31: =C31 -> 0 | E31: =D31/C30 -> 0 | H31: TOTAL | I31: SIN FUNCIONAR | J31: %
B32: LLEGAMOS NOSOTROS | D32: =D31-C32 -> 0 | E32: =D32/C30 -> 0 | G32: PARADAS | H32: =AUXILIAR!#REF! -> #REF!
B33: NO ESTA LA CAMARA | C33: 1 | D33: =D32-C33 -> -1 | E33: =D33/C30 -> -0.0020746888 | G33: CAMARAS | H33: =AUXILIAR!#REF! -> #REF! | I33: =AUXILIAR!#REF! -> #REF! | J33: =I33/H33 -> #REF!
B34: RADIO | D34: =D33-C34 -> -1 | E34: =D34/C30 -> -0.0020746888 | G34: INTERCOMUNICADORES | H34: =AUXILIAR!#REF! -> #REF! | I34: =AUXILIAR!#REF! -> #REF! | J34: =I34/H34 -> #REF!
B35: BONOMO | C35: =Hoja1!J3 -> 5 | E35: =Hoja1!J4 -> 0.020661157 | G35: DISPOSITIVOS | H35: =paradas!#REF! -> #REF! | I35: =paradas!#REF!+paradas!#REF! -> #REF! | J35: =I35/H35 -> #REF!
B36: COSEIDI | C36: =Hoja1!J5 -> 11 | E36: =Hoja1!J6 -> 0.052380952 | G36: FALLAS TOTALES | H36: =AUXILIAR!#REF! -> #REF!
B37: TOTAL | C37: 448 | F37: 45144 | G37: PARADAS SEGURAS
B38: CAIDAS | C38: =AUXILIAR!E7 -> 14 | D38: =C38 -> 14 | E38: =D38/C37 -> 0.03125 | H38: TOTAL | I38: SIN FUNCIONAR | J38: %
B39: LLEGAMOS NOSOTROS | C39: 3 | D39: =D38-C39 -> 11 | E39: =D39/C37 -> 0.024553571 | G39: PARADAS | H39: =AUXILIAR!#REF! -> #REF!
B40: NO ESTA LA CAMARA | C40: 1 | E40: =D40/C37 -> 0 | G40: CAMARAS | H40: =AUXILIAR!#REF! -> #REF! | I40: =AUXILIAR!#REF! -> #REF! | J40: =I40/H40 -> #REF!
B41: RADIO | C41: 4 | D41: =D40-C41 -> -4 | E41: =D41/C37 -> -0.0089285714 | G41: INTERCOMUNICADORES | H41: =AUXILIAR!#REF! -> #REF! | I41: =AUXILIAR!#REF! -> #REF! | J41: =I41/H41 -> #REF!
B42: BONOMO | C42: =Hoja1!K3 -> 7 | E42: =Hoja1!K4 -> 0.02892562 | G42: DISPOSITIVOS | H42: =paradas!#REF! -> #REF! | I42: =paradas!#REF!+paradas!#REF! -> #REF! | J42: =I42/H42 -> #REF!
B43: COSEIDI | C43: =Hoja1!K5 -> 8 | E43: =Hoja1!K6 -> 0.038095238 | G43: FALLAS TOTALES | H43: =AUXILIAR!#REF! -> #REF!
B44: TOTAL | C44: =AUXILIAR!F8 -> 482 | F44: 45145 | G44: PARADAS SEGURAS
B45: CAIDAS | C45: =AUXILIAR!E8 -> 13 | D45: =C45 -> 13 | E45: =D45/C44 -> 0.026970954 | H45: TOTAL | I45: SIN FUNCIONAR | J45: %
B46: LLEGAMOS NOSOTROS | C46: 4 | D46: =D45-C46 -> 9 | E46: =D46/C44 -> 0.018672199 | G46: PARADAS | H46: 14
B47: NO ESTA LA CAMARA | C47: 1 | D47: =D46-C47 -> 8 | E47: =D47/C44 -> 0.01659751 | G47: CAMARAS | H47: 14 | I47: 3 | J47: =I47/H47 -> 0.21428571
B48: RADIO | C48: =AUXILIAR!B8 -> 1 | D48: =D47-C48 -> 7 | E48: =D48/C44 -> 0.014522822 | G48: INTERCOMUNICADORES | H48: 14 | I48: 4 | J48: =I48/H48 -> 0.28571429
B49: BONOMO | C49: =Hoja1!L3 -> 7 | E49: =Hoja1!L4 -> 0.02892562 | G49: DISPOSITIVOS | H49: 28 | I49: 7 | J49: =I49/H49 -> 0.25
B50: COSEIDI | C50: =Hoja1!L5 -> 6 | E50: 0.05 | G50: FALLAS TOTALES | H50: 7
B51: TOTAL | C51: =AUXILIAR!F9 -> 482 | F51: 45146 | G51: PARADAS SEGURAS
B52: CAIDAS | C52: =AUXILIAR!E9 -> 20 | D52: =C52 -> 20 | E52: =D52/C51 -> 0.041493776 | H52: TOTAL | I52: SIN FUNCIONAR | J52: %
B53: LLEGAMOS NOSOTROS | C53: 2 | D53: =D52-C53 -> 18 | E53: =D53/C51 -> 0.037344398 | G53: PARADAS | H53: 14
B54: NO ESTA LA CAMARA | C54: 1 | D54: =D53-C54 -> 17 | E54: =D54/C51 -> 0.03526971 | G54: CAMARAS | H54: 14 | I54: 3 | J54: =I54/H54 -> 0.21428571
B55: RADIO | C55: 3 | D55: =D54-C55 -> 14 | E55: =D55/C51 -> 0.029045643 | G55: INTERCOMUNICADORES | H55: 14 | I55: 5 | J55: =I55/H55 -> 0.35714286
B56: BONOMO | C56: =Hoja1!M3 -> 8 | E56: =Hoja1!M4 -> 0.033057851 | G56: DISPOSITIVOS | H56: 28 | I56: 8 | J56: =I56/H56 -> 0.28571429
B57: COSEIDI | C57: =Hoja1!M5 -> 12 | E57: =Hoja1!M6 -> 0.057142857 | G57: FALLAS TOTALES | H57: 8
B58: TOTAL | C58: =AUXILIAR!F10 -> 482 | F58: 45147 | G58: PARADAS SEGURAS
B59: CAIDAS | C59: =AUXILIAR!E10 -> 46 | D59: =C59 -> 46 | E59: =D59/C58 -> 0.095435685 | H59: TOTAL | I59: SIN FUNCIONAR | J59: %
B60: LLEGAMOS NOSOTROS | C60: 0 | D60: =D59-C60 -> 46 | E60: =D60/C58 -> 0.095435685 | G60: PARADAS | H60: 14
B61: NO ESTA LA CAMARA | C61: 1 | D61: =D60-C61 -> 45 | E61: =D61/C58 -> 0.093360996 | G61: CAMARAS | H61: 14 | I61: 2 | J61: =I61/H61 -> 0.14285714
B62: RADIO | C62: 2 | D62: =D61-C62 -> 43 | E62: =D62/C58 -> 0.089211618 | G62: INTERCOMUNICADORES | H62: 14 | I62: 2 | J62: =I62/H62 -> 0.14285714
B63: BONOMO | C63: =Hoja1!N3 -> 38 | E63: =Hoja1!N4 -> 0.15702479 | G63: DISPOSITIVOS | H63: 28 | I63: 2 | J63: =I63/H63 -> 0.071428571
B64: COSEIDI | C64: =Hoja1!N5 -> 8 | E64: =Hoja1!N6 -> 0.038095238 | G64: FALLAS TOTALES | H64: 2
B65: TOTAL | C65: =AUXILIAR!F11 -> 482 | F65: 45148 | G65: PARADAS SEGURAS
B66: CAIDAS | C66: =AUXILIAR!E11 -> 45 | D66: =C66 -> 45 | E66: =D66/C65 -> 0.093360996 | H66: TOTAL | I66: SIN FUNCIONAR | J66: %
B67: LLEGAMOS NOSOTROS | C67: 2 | D67: =D66-C67 -> 43 | E67: =D67/C65 -> 0.089211618 | G67: PARADAS | H67: 14
B68: NO ESTA LA CAMARA | C68: 1 | D68: =D67-C68 -> 42 | E68: =D68/C65 -> 0.087136929 | G68: CAMARAS | H68: 14 | I68: 2 | J68: =I68/H68 -> 0.14285714
B69: RADIO | C69: 2 | D69: =D68-C69 -> 40 | E69: =D69/C65 -> 0.082987552 | G69: INTERCOMUNICADORES | H69: 14 | I69: 2 | J69: =I69/H69 -> 0.14285714
B70: BONOMO | C70: =Hoja1!O3 -> 38 | E70: =Hoja1!O4 -> 0.15702479 | G70: DISPOSITIVOS | H70: 28 | I70: 2 | J70: =I70/H70 -> 0.071428571
B71: COSEIDI | C71: =Hoja1!O5 -> 7 | E71: 0.06 | G71: FALLAS TOTALES | H71: 2
B72: TOTAL | C72: =AUXILIAR!F12 -> 482 | F72: 45149 | G72: PARADAS SEGURAS
B73: CAIDAS | C73: 27 | D73: =C73 -> 27 | E73: =D73/C72 -> 0.056016598 | H73: TOTAL | I73: SIN FUNCIONAR | J73: %
B74: LLEGAMOS NOSOTROS | C74: 0 | D74: =D73-C74 -> 27 | E74: =D74/C72 -> 0.056016598 | G74: PARADAS | H74: 14
B75: NO ESTA LA CAMARA | C75: 1 | D75: =D74-C75 -> 26 | E75: =D75/C72 -> 0.053941909 | G75: CAMARAS | H75: 14 | I75: 2 | J75: =I75/H75 -> 0.14285714
B76: RADIO | C76: 2 | D76: =D75-C76 -> 24 | E76: =D76/C72 -> 0.049792531 | G76: INTERCOMUNICADORES | H76: 14 | I76: 2 | J76: =I76/H76 -> 0.14285714
B77: BONOMO | C77: =Hoja1!P3 -> 20 | E77: =Hoja1!P4 -> 0.082644628 | G77: DISPOSITIVOS | H77: 28 | I77: 2 | J77: =I77/H77 -> 0.071428571
B78: COSEIDI | C78: =Hoja1!P5 -> 7 | E78: 0.16 | G78: FALLAS TOTALES | H78: 2
B79: TOTAL | C79: =AUXILIAR!F13 -> 482 | F79: 45150 | G79: PARADAS SEGURAS
B80: CAIDAS | C80: 46 | D80: =C80 -> 46 | E80: =D80/C79 -> 0.095435685 | H80: TOTAL | I80: SIN FUNCIONAR | J80: %
B81: LLEGAMOS NOSOTROS | C81: 3 | D81: =D80-C81 -> 43 | E81: =D81/C79 -> 0.089211618 | G81: PARADAS | H81: =AUXILIAR!B34 -> PARADAS
B82: NO ESTA LA CAMARA | C82: 1 | D82: =D81-C82 -> 42 | E82: =D82/C79 -> 0.087136929 | G82: CAMARAS | H82: =AUXILIAR!C34 -> GFIJAS | I82: =AUXILIAR!E34 -> APAGADAS FIJAS | J82: =I82/H82 -> #VALUE!
B83: RADIO | C83: 9 | D83: =D82-C83 -> 33 | E83: =D83/C79 -> 0.06846473 | G83: INTERCOMUNICADORES | H83: =AUXILIAR!D34 -> INTERCOMUNICADORES | I83: =AUXILIAR!F34 -> APAGADAS INTERC | J83: =I83/H83 -> #VALUE!
B84: BONOMO | C84: =Hoja1!Q3 -> 19 | E84: =Hoja1!Q4 -> 0.078512397 | G84: DISPOSITIVOS | H84: =paradas!#REF! -> #REF! | I84: =paradas!#REF!+paradas!#REF! -> #REF! | J84: =I84/H84 -> #REF!
B85: COSEIDI | C85: =Hoja1!Q5 -> 40 | E85: 0.17 | G85: FALLAS TOTALES | H85: =AUXILIAR!G34 -> TOTAL FALLAS
B86: TOTAL | C86: =AUXILIAR!F14 -> 482 | F86: 45151 | G86: PARADAS SEGURAS
B87: CAIDAS | C87: 71 | D87: =C87 -> 71 | E87: =D87/C86 -> 0.1473029 | H87: TOTAL | I87: SIN FUNCIONAR | J87: %
B88: LLEGAMOS NOSOTROS | C88: 4 | D88: =D87-C88 -> 67 | E88: =D88/C86 -> 0.13900415 | G88: PARADAS | H88: =AUXILIAR!B41 -> 15
B89: NO ESTA LA CAMARA | C89: 1 | D89: =D88-C89 -> 66 | E89: =D89/C86 -> 0.13692946 | G89: CAMARAS | H89: =AUXILIAR!C41 -> 15 | I89: =AUXILIAR!E41 -> 2 | J89: =I89/H89 -> 0.13333333
B90: RADIO | C90: 14 | D90: =D89-C90 -> 52 | E90: =D90/C86 -> 0.10788382 | G90: INTERCOMUNICADORES | H90: =AUXILIAR!D41 -> 15 | I90: =AUXILIAR!F41 -> 4 | J90: =I90/H90 -> 0.26666667
B91: BONOMO | C91: 16 | E91: 0.07 | G91: DISPOSITIVOS | H91: =paradas!#REF! -> #REF! | I91: =paradas!#REF!+paradas!#REF! -> #REF! | J91: =I91/H91 -> #REF!
B92: COSEIDI | C92: =Hoja1!R5 -> 10 | E92: =Hoja1!R6 -> 0.047619048 | G92: FALLAS TOTALES | H92: =AUXILIAR!G41 -> 6
B93: TOTAL | C93: =AUXILIAR!F15 -> 482 | F93: 45152 | G93: PARADAS SEGURAS
B94: CAIDAS | C94: 29 | D94: =C94 -> 29 | E94: =D94/C93 -> 0.060165975 | H94: TOTAL | I94: SIN FUNCIONAR | J94: %
B95: LLEGAMOS NOSOTROS | C95: 3 | D95: =D94-C95 -> 26 | E95: =D95/C93 -> 0.053941909 | G95: PARADAS | H95: 14
B96: NO ESTA LA CAMARA | C96: 1 | D96: =D95-C96 -> 25 | E96: =D96/C93 -> 0.05186722 | G96: CAMARAS | H96: 14 | I96: 2 | J96: =I96/H96 -> 0.14285714
B97: RADIO | C97: 1 | D97: =D96-C97 -> 24 | E97: =D97/C93 -> 0.049792531 | G97: INTERCOMUNICADORES | H97: 14 | I97: 2 | J97: =I97/H97 -> 0.14285714
B98: BONOMO | C98: =Hoja1!S3 -> 21 | E98: =Hoja1!S4 -> 0.08677686 | G98: DISPOSITIVOS | H98: 28 | I98: 2 | J98: =I98/H98 -> 0.071428571
B99: COSEIDI | C99: =Hoja1!S5 -> 8 | E99: 0.23 | G99: FALLAS TOTALES | H99: 2
B100: TOTAL | C100: =AUXILIAR!F16 -> 482 | F100: 45153 | G100: PARADAS SEGURAS
...

Sheet GRAFICO2

Sheet Hoja1
B1: CAMARAS
A2: BONOMO | B2: =COUNTIFS('RESUMEN TOTAL'!C5:C517,"=BONOMO") -> 242 | F2: 45139 | G2: 45140 | H2: 45141 | I2: 45142 | J2: 45143 | K2: 45144 | L2: 45145 | M2: 45146 | N2: 45147 | O2: 45148 | P2: 45149 | Q2: 45150 | R2: 45151 | S2: 45152 | T2: 45153 | U2: 45154 | V2: 45155 | W2: 45156 | X2: 45157 | Y2: 45158 | Z2: 45159 | AA2: 45160 | AB2: 45161 | AC2: 45162 | AD2: 45163 | AE2: 45164 | AF2: 45165 | AG2: 45166 | AH2: 45167 | AI2: 45168 | AJ2: 45169
D3: BONOMO | E3: APAGADAS BONOMO | F3: 8 | G3: =COUNTIFS('RESUMEN TOTAL'!C5:C518, "=BONOMO",'RESUMEN TOTAL'!M5:M518,"=APAGADO") -> 8 | H3: =COUNTIFS('RESUMEN TOTAL'!C5:C518, "=BONOMO",'RESUMEN TOTAL'!N5:N518,"=APAGADO") -> 7 | I3: =COUNTIFS('RESUMEN TOTAL'!C5:C518, "=BONOMO",'RESUMEN TOTAL'!O5:O518,"=APAGADO") -> 46 | J3: =COUNTIFS('RESUMEN TOTAL'!C5:C518, "=BONOMO",'RESUMEN TOTAL'!P5:P518,"=APAGADO") -> 5 | K3: =COUNTIFS('RESUMEN TOTAL'!C5:C518, "=BONOMO",'RESUMEN TOTAL'!Q5:Q518,"=APAGADO") -> 7 | L3: =COUNTIFS('RESUMEN TOTAL'!C5:C518, "=BONOMO",'RESUMEN TOTAL'!R5:R518,"=APAGADO") -> 7 | M3: =COUNTIFS('RESUMEN TOTAL'!C5:C518, "=BONOMO",'RESUMEN TOTAL'!S5:S518,"=APAGADO") -> 8 | N3: =COUNTIFS('RESUMEN TOTAL'!C5:C518, "=BONOMO",'RESUMEN TOTAL'!T5:T518,"=APAGADO") -> 38 | O3: =COUNTIFS('RESUMEN TOTAL'!C5:C518, "=BONOMO",'RESUMEN TOTAL'!U5:U518,"=APAGADO") -> 38 | P3: =COUNTIFS('RESUMEN TOTAL'!C5:C518, "=BONOMO",'RESUMEN TOTAL'!V5:V518,"=APAGADO") -> 20 | Q3: =COUNTIFS('RESUMEN TOTAL'!C5:C518, "=BONOMO",'RESUMEN TOTAL'!W5:W518,"=APAGADO") -> 19 | R3: =COUNTIFS('RESUMEN TOTAL'!D5:D518, "=BONOMO",'RESUMEN TOTAL'!X5:X518,"=APAGADO") -> 0 | S3: =COUNTIFS('RESUMEN TOTAL'!C5:C518, "=BONOMO",'RESUMEN TOTAL'!Y5:Y518,"=APAGADO") -> 21 | T3: =COUNTIFS('RESUMEN TOTAL'!C5:C518, "=BONOMO",'RESUMEN TOTAL'!Z5:Z518,"=APAGADO") -> 17 | U3: =COUNTIFS('RESUMEN TOTAL'!C5:C518, "=BONOMO",'RESUMEN TOTAL'!AA5:AA518,"=APAGADO") -> 15 | V3: =COUNTIFS('RESUMEN TOTAL'!C5:C518, "=BONOMO",'RESUMEN TOTAL'!AB5:AB518,"=APAGADO") -> 19 | W3: =COUNTIFS('RESUMEN TOTAL'!C5:C518, "=BONOMO",'RESUMEN TOTAL'!AC5:AC518,"=APAGADO") -> 15 | X3: =COUNTIFS('RESUMEN TOTAL'!C5:C518, "=BONOMO",'RESUMEN TOTAL'!AD5:AD518,"=APAGADO") -> 18 | Y3: =COUNTIFS('RESUMEN TOTAL'!C5:C518, "=BONOMO",'RESUMEN TOTAL'!AE5:AE518,"=APAGADO") -> 23 | Z3: =COUNTIFS('RESUMEN TOTAL'!D5:D518, "=BONOMO",'RESUMEN TOTAL'!AF5:AF518,"=APAGADO") -> 0 | AA3: =COUNTIFS('RESUMEN TOTAL'!C5:C518, "=BONOMO",'RESUMEN TOTAL'!AG5:AG518,"=APAGADO") -> 21 | AB3: =COUNTIFS('RESUMEN TOTAL'!C5:C518, "=BONOMO",'RESUMEN TOTAL'!AH5:AH518,"=APAGADO") -> 15 | AC3: =COUNTIFS('RESUMEN TOTAL'!C5:C518, "=BONOMO",'RESUMEN TOTAL'!AI5:AI518,"=APAGADO") -> 15 | AD3: =COUNTIFS('RESUMEN TOTAL'!C5:C518, "=BONOMO",'RESUMEN TOTAL'!AJ5:AJ518,"=APAGADO") -> 10 | AE3: =COUNTIFS('RESUMEN TOTAL'!C5:C518, "=BONOMO",'RESUMEN TOTAL'!AK5:AK518,"=APAGADO") -> 13 | AF3: =COUNTIFS('RESUMEN TOTAL'!C5:C518, "=BONOMO",'RESUMEN TOTAL'!AL5:AL518,"=APAGADO") -> 11 | AG3: =COUNTIFS('RESUMEN TOTAL'!C5:C518, "=BONOMO",'RESUMEN TOTAL'!AM5:AM518,"=APAGADO") -> 11 | AH3: 10 | AI3: 11 | AJ3: 7
A4: COSEIDI | B4: =COUNTIFS('RESUMEN TOTAL'!C5:C517,"=COSEIDI") -> 210 | E4: % BONOMO | F4: 0.03 | G4: =G3/BONOMOcam -> 0.033057851 | H4: =H3/BONOMOcam -> 0.02892562 | I4: =I3/BONOMOcam -> 0.19008264 | J4: =J3/BONOMOcam -> 0.020661157 | K4: =K3/BONOMOcam -> 0.02892562 | L4: =L3/BONOMOcam -> 0.02892562 | M4: =M3/BONOMOcam -> 0.033057851 | N4: =N3/BONOMOcam -> 0.15702479 | ... AJ4: =AJ3/BONOMOcam -> 0.02892562
D5: COSEIDI | E5: APAGADAS COSEIDI | F5: =COUNTIFS('RESUMEN TOTAL'!C5:C514, "=COSEIDI",'RESUMEN TOTAL'!L5:L514,"=APAGADO") -> 22 | G5: =COUNTIFS('RESUMEN TOTAL'!C3:C514, "=COSEIDI",'RESUMEN TOTAL'!M3:M514,"=APAGADO") -> 22 | H5: =COUNTIFS('RESUMEN TOTAL'!C5:C502, "=COSEIDI",'RESUMEN TOTAL'!N5:N502,"=APAGADO") -> 20 | I5: =COUNTIFS('RESUMEN TOTAL'!C5:C502, "=COSEIDI",'RESUMEN TOTAL'!O5:O502,"=APAGADO") -> 11 | J5: =COUNTIFS('RESUMEN TOTAL'!C5:C502, "=COSEIDI",'RESUMEN TOTAL'!P5:P502,"=APAGADO") -> 11 | K5: =COUNTIFS('RESUMEN TOTAL'!C5:C502, "=COSEIDI",'RESUMEN TOTAL'!Q5:Q502,"=APAGADO") -> 8 | L5: =COUNTIFS('RESUMEN TOTAL'!C5:C502, "=COSEIDI",'RESUMEN TOTAL'!R5:R502,"=APAGADO") -> 6 | M5: =COUNTIFS('RESUMEN TOTAL'!C5:C502, "=COSEIDI",'RESUMEN TOTAL'!S5:S502,"=APAGADO") -> 12 | N5: =COUNTIFS('RESUMEN TOTAL'!C5:C502, "=COSEIDI",'RESUMEN TOTAL'!T5:T502,"=APAGADO") -> 8 | O5: =COUNTIFS('RESUMEN TOTAL'!C5:C502, "=COSEIDI",'RESUMEN TOTAL'!U5:U502,"=APAGADO") -> 7 | P5: =COUNTIFS('RESUMEN TOTAL'!C5:C502, "=COSEIDI",'RESUMEN TOTAL'!V5:V502,"=APAGADO") -> 7 | Q5: =COUNTIFS('RESUMEN TOTAL'!C5:C502, "=COSEIDI",'RESUMEN TOTAL'!W5:W502,"=APAGADO") -> 40 | R5: =COUNTIFS('RESUMEN TOTAL'!C5:C502, "=COSEIDI",'RESUMEN TOTAL'!X5:X502,"=APAGADO") -> 10 | S5: =COUNTIFS('RESUMEN TOTAL'!C5:C502, "=COSEIDI",'RESUMEN TOTAL'!Y5:Y502,"=APAGADO") -> 8 | T5: =COUNTIFS('RESUMEN TOTAL'!C5:C502, "=COSEIDI",'RESUMEN TOTAL'!Z5:Z502,"=APAGADO") -> 16 | U5: =COUNTIFS('RESUMEN TOTAL'!C5:C502, "=COSEIDI",'RESUMEN TOTAL'!AA5:AA502,"=APAGADO") -> 8 | V5: =COUNTIFS('RESUMEN TOTAL'!C5:C502, "=COSEIDI",'RESUMEN TOTAL'!AB5:AB502,"=APAGADO") -> 26 | W5: =COUNTIFS('RESUMEN TOTAL'!C5:C502, "=COSEIDI",'RESUMEN TOTAL'!AC5:AC502,"=APAGADO") -> 34 | X5: =COUNTIFS('RESUMEN TOTAL'!C5:C502, "=COSEIDI",'RESUMEN TOTAL'!AD5:AD502,"=APAGADO") -> 72 | Y5: =COUNTIFS('RESUMEN TOTAL'!C5:C502, "=COSEIDI",'RESUMEN TOTAL'!AE5:AE502,"=APAGADO") -> 62 | Z5: =COUNTIFS('RESUMEN TOTAL'!C5:C502, "=COSEIDI",'RESUMEN TOTAL'!AF5:AF502,"=APAGADO") -> 59 | AA5: =COUNTIFS('RESUMEN TOTAL'!C5:C502, "=COSEIDI",'RESUMEN TOTAL'!AG5:AG502,"=APAGADO") -> 65 | AB5: =COUNTIFS('RESUMEN TOTAL'!C5:C502, "=COSEIDI",'RESUMEN TOTAL'!AH5:AH502,"=APAGADO") -> 46 | AC5: =COUNTIFS('RESUMEN TOTAL'!C5:C502, "=COSEIDI",'RESUMEN TOTAL'!AI5:AI502,"=APAGADO") -> 17 | AD5: =COUNTIFS('RESUMEN TOTAL'!C5:C502, "=COSEIDI",'RESUMEN TOTAL'!AJ5:AJ502,"=APAGADO") -> 10 | AE5: =COUNTIFS('RESUMEN TOTAL'!C5:C502, "=COSEIDI",'RESUMEN TOTAL'!AK5:AK502,"=APAGADO") -> 10 | AF5: =COUNTIFS('RESUMEN TOTAL'!C5:C502, "=COSEIDI",'RESUMEN TOTAL'!AL5:AL502,"=APAGADO") -> 11 | AG5: =COUNTIFS('RESUMEN TOTAL'!C5:C502, "=COSEIDI",'RESUMEN TOTAL'!AM5:AM502,"=APAGADO") -> 10 | AH5: =COUNTIFS('RESUMEN TOTAL'!C5:C502, "=COSEIDI",'RESUMEN TOTAL'!AN5:AN502,"=APAGADO") -> 10 | AI5: 7 | AJ5: 20
E6: % COSEIDI | F6: =F5/COSEIDIcam -> 0.1047619 | G6: =G5/COSEIDIcam -> 0.1047619 | H6: =H5/COSEIDIcam -> 0.095238095 | I6: =I5/COSEIDIcam -> 0.052380952 | J6: =J5/COSEIDIcam -> 0.052380952 | K6: =K5/COSEIDIcam -> 0.038095238 | L6: =L5/COSEIDIcam -> 0.028571429 | M6: =M5/COSEIDIcam -> 0.057142857 | ... AG6: =AG5/COSEIDIcam -> 0.047619048 | AJ6: =AJ5/COSEIDIcam -> 0.095238095

Sheet paradas
C1: TOTAL PARADAS | D1: =COUNTIFS(E5:E601,"=GPON")/2 -> 15 | E1: TOTAL DE CAMARAS EN PARADAS | H1: =COUNTIFS(E5:E601,"=GPON") -> 30 | I1: TOTAL DE CAMARAS | K1: =COUNTIFS(D5:D601,"=GFIJA") -> 15 | L1: TOTAL DE INTERCOMUNICADORES | O1: =COUNTIFS(D5:D601,"=INTERCOMUNICADOR") -> 15
E2: FIJAS | F2: =COUNTIFS(F4:F600, "=APAGADO",D4:D600,"=GFIJA") -> 2 | G2: =COUNTIFS(G4:G600, "=APAGADO",D4:D600,"=GFIJA") -> 2 | H2: =COUNTIFS(H4:H600, "=APAGADO",D4:D600,"=GFIJA") -> 0 | I2: =COUNTIFS(I4:I600, "=APAGADO",D4:D600,"=GFIJA") -> 3 | J2: =COUNTIFS(J4:J600, "=APAGADO",D4:D600,"=GFIJA") -> 2 | K2: =COUNTIFS(K4:K600, "=APAGADO",D4:D600,"=GFIJA") -> 2 | L2: =COUNTIFS(L4:L600, "=APAGADO",D4:D600,"=GFIJA") -> 2 | M2: =COUNTIFS(M4:M600, "=APAGADO",D4:D600,"=GFIJA") -> 2 | N2: =COUNTIFS(N4:N600, "=APAGADO",D4:D600,"=GFIJA") -> 2 | O2: =COUNTIFS(O4:O600, "=APAGADO",D4:D600,"=GFIJA") -> 2 | P2: =COUNTIFS(P4:P600, "=APAGADO",D4:D600,"=GFIJA") -> 1 | Q2: =COUNTIFS(Q4:Q600, "=APAGADO",D4:D600,"=GFIJA") -> 2 | R2: =COUNTIFS(R4:R600, "=APAGADO",D4:D600,"=GFIJA") -> 2 | S2: =COUNTIFS(S4:S600, "=APAGADO",D4:D600,"=GFIJA") -> 2 | T2: =COUNTIFS(T4:T600, "=APAGADO",D4:D600,"=GFIJA") -> 2 | U2: =COUNTIFS(U4:U600, "=APAGADO",D4:D600,"=GFIJA") -> 2 | V2: =COUNTIFS(V4:V600, "=APAGADO",D4:D600,"=GFIJA") -> 4 | W2: =COUNTIFS(W4:W600, "=APAGADO",D4:D600,"=GFIJA") -> 6 | X2: =COUNTIFS(X4:X600, "=APAGADO",D4:D600,"=GFIJA") -> 5 | Y2: =COUNTIFS(Y4:Y600, "=APAGADO",D4:D600,"=GFIJA") -> 4 | Z2: =COUNTIFS(Z4:Z600, "=APAGADO",D4:D600,"=GFIJA") -> 5 | AA2: =COUNTIFS(AA4:AA600, "=APAGADO",D4:D600,"=GFIJA") -> 6 | AB2: =COUNTIFS(AB4:AB600, "=APAGADO",D4:D600,"=GFIJA") -> 5 | AC2: =COUNTIFS(AC4:AC600, "=APAGADO",D4:D600,"=GFIJA") -> 3 | AD2: =COUNTIFS(AD4:AD600, "=APAGADO",D4:D600,"=GFIJA") -> 4 | AE2: =COUNTIFS(AE4:AE600, "=APAGADO",D4:D600,"=GFIJA") -> 5 | AF2: =COUNTIFS(AF4:AF600, "=APAGADO",D4:D600,"=GFIJA") -> 5 | AG2: =COUNTIFS(AG4:AG600, "=APAGADO",D4:D600,"=GFIJA") -> 5 | AH2: =COUNTIFS(AH4:AH600, "=APAGADO",D4:D600,"=GFIJA") -> 5 | AI2: =COUNTIFS(AI4:AI600, "=APAGADO",D4:D600,"=GFIJA") -> 5 | AJ2: =COUNTIFS(AJ4:AJ600, "=APAGADO",D4:D600,"=GFIJA") -> 0
E3: INTERCOMUNICADOR | F3: =COUNTIFS(F6:F602, "=APAGADO",D4:D600,"=INTERCOMUNICADOR") -> 1 | G3: =COUNTIFS(G6:G602, "=APAGADO",D4:D600,"=INTERCOMUNICADOR") -> 1 | H3: =COUNTIFS(H6:H602, "=APAGADO",D4:D600,"=INTERCOMUNICADOR") -> 0 | I3: =COUNTIFS(I6:I602, "=APAGADO",D4:D600,"=INTERCOMUNICADOR") -> 5 | J3: =COUNTIFS(J6:J602, "=APAGADO",D4:D600,"=INTERCOMUNICADOR") -> 4 | K3: =COUNTIFS(K6:K602, "=APAGADO",D4:D600,"=INTERCOMUNICADOR") -> 4 | L3: =COUNTIFS(L6:L602, "=APAGADO",D4:D600,"=INTERCOMUNICADOR") -> 4 | M3: =COUNTIFS(M6:M602, "=APAGADO",D4:D600,"=INTERCOMUNICADOR") -> 4 | N3: =COUNTIFS(N6:N602, "=APAGADO",D4:D600,"=INTERCOMUNICADOR") -> 2 | O3: =COUNTIFS(O6:O602, "=APAGADO",D4:D600,"=INTERCOMUNICADOR") -> 2 | P3: =COUNTIFS(P6:P602, "=APAGADO",D4:D600,"=INTERCOMUNICADOR") -> 1 | Q3: =COUNTIFS(Q6:Q602, "=APAGADO",D4:D600,"=INTERCOMUNICADOR") -> 2 | R3: =COUNTIFS(R6:R602, "=APAGADO",D4:D600,"=INTERCOMUNICADOR") -> 2 | S3: =COUNTIFS(S6:S602, "=APAGADO",D4:D600,"=INTERCOMUNICADOR") -> 2 | T3: =COUNTIFS(T6:T602, "=APAGADO",D4:D600,"=INTERCOMUNICADOR") -> 2 | U3: =COUNTIFS(U6:U602, "=APAGADO",D4:D600,"=INTERCOMUNICADOR") -> 2 | V3: =COUNTIFS(V6:V602, "=APAGADO",D4:D600,"=INTERCOMUNICADOR") -> 3 | W3: =COUNTIFS(W6:W602, "=APAGADO",D4:D600,"=INTERCOMUNICADOR") -> 4 | X3: =COUNTIFS(X6:X602, "=APAGADO",D4:D600,"=INTERCOMUNICADOR") -> 5 | Y3: =COUNTIFS(Y6:Y602, "=APAGADO",D4:D600,"=INTERCOMUNICADOR") -> 6 | Z3: =COUNTIFS(Z6:Z602, "=APAGADO",D4:D600,"=INTERCOMUNICADOR") -> 6 | AA3: =COUNTIFS(AA6:AA602, "=APAGADO",D4:D600,"=INTERCOMUNICADOR") -> 6 | AB3: =COUNTIFS(AB6:AB602, "=APAGADO",D4:D600,"=INTERCOMUNICADOR") -> 4 | AC3: =COUNTIFS(AC6:AC602, "=APAGADO",D4:D600,"=INTERCOMUNICADOR") -> 4 | AD3: =COUNTIFS(AD6:AD602, "=APAGADO",D4:D600,"=INTERCOMUNICADOR") -> 3 | AE3: =COUNTIFS(AE6:AE602, "=APAGADO",K4:K600,"=INTERCOMUNICADOR") -> 0 | AF3: =COUNTIFS(AF6:AF602, "=APAGADO",D4:D600,"=INTERCOMUNICADOR") -> 4 | AG3: =COUNTIFS(AG6:AG602, "=APAGADO",D4:D600,"=INTERCOMUNICADOR") -> 4 | AH3: =COUNTIFS(AH6:AH602, "=APAGADO",D4:D600,"=INTERCOMUNICADOR") -> 4 | AI3: =COUNTIFS(AI6:AI602, "=APAGADO",D4:D600,"=INTERCOMUNICADOR") -> 4 | AJ3: =COUNTIFS(AJ6:AJ602, "=APAGADO",D4:D600,"=INTERCOMUNICADOR") -> 0
A4: ='RESUMEN TOTAL'!A4 -> Barrio | B4: ='RESUMEN TOTAL'!B4 -> [Denominacion] | C4: ='RESUMEN TOTAL'!D4 -> [Ubicacion] | D4: ='RESUMEN TOTAL'!E4 -> [Tipo de Camara] | E4: ='RESUMEN TOTAL'!F4 -> [Tipo de Conexion] | F4: ='RESUMEN TOTAL'!L4 -> 45139 | G4: ='RESUMEN TOTAL'!M4 -> 45140 | H4: ='RESUMEN TOTAL'!N4 -> 45141 | I4: ='RESUMEN TOTAL'!O4 -> 45142 | J4: ='RESUMEN TOTAL'!P4 -> 45143 | K4: ='RESUMEN TOTAL'!Q4 -> 45144 | L4: ='RESUMEN TOTAL'!R4 -> 45145 | M4: ='RESUMEN TOTAL'!S4 -> 45146 | ... AJ4: ='RESUMEN TOTAL'!AP4 -> 45169
A5: ='RESUMEN TOTAL'!A5 -> ALTAMIRA | B5: ='RESUMEN TOTAL'!B5 -> ALT01 | C5: ='RESUMEN TOTAL'!D5 -> Calchaqui y Sgto. Cabral | D5: ='RESUMEN TOTAL'!E5 -> Domo | E5: ='RESUMEN TOTAL'!F5 -> Fibra Optica | F5: ='RESUMEN TOTAL'!L5 -> 0 | G5: ='RESUMEN TOTAL'!M5 -> 0 | H5: ='RESUMEN TOTAL'!N5 -> 0 | I5: ='RESUMEN TOTAL'!O5 -> APAGADO | J5: ='RESUMEN TOTAL'!P5 -> 0 | K5: ='RESUMEN TOTAL'!Q5 -> 0 | L5: ='RESUMEN TOTAL'!R5 -> 0 | M5: ='RESUMEN TOTAL'!S5 -> 0 | ... AJ5: ='RESUMEN TOTAL'!AP5 -> 0
A6: ='RESUMEN TOTAL'!A6 -> ALTAMIRA | B6: ='RESUMEN TOTAL'!B6 -> ALT02 | C6: ='RESUMEN TOTAL'!D6 -> Calchaqui y Lope de Vega | D6: ='RESUMEN TOTAL'!E6 -> Domo | E6: ='RESUMEN TOTAL'!F6 -> PTO A FO | F6: ='RESUMEN TOTAL'!L6 -> 0 | G6: ='RESUMEN TOTAL'!M6 -> 0 | H6: ='RESUMEN TOTAL'!N6 -> 0 | I6: ='RESUMEN TOTAL'!O6 -> APAGADO | J6: ='RESUMEN TOTAL'!P6 -> 0 | K6: ='RESUMEN TOTAL'!Q6 -> APAGADO | L6: ='RESUMEN TOTAL'!R6 -> 0 | M6: ='RESUMEN TOTAL'!S6 -> 0 | ... AJ6: ='RESUMEN TOTAL'!AP6 -> 0
A7: ='RESUMEN TOTAL'!A7 -> ALTAMIRA | B7: ='RESUMEN TOTAL'!B7 -> ALT 03 | C7: ='RESUMEN TOTAL'!D7 -> Bombero Galarza y Necochea | D7: ='RESUMEN TOTAL'!E7 -> Domo | E7: ='RESUMEN TOTAL'!F7 -> Fibra Optica | F7: ='RESUMEN TOTAL'!L7 -> 0 | G7: ='RESUMEN TOTAL'!M7 -> 0 | H7: ='RESUMEN TOTAL'!N7 -> 0 | I7: ='RESUMEN TOTAL'!O7 -> APAGADO | J7: ='RESUMEN TOTAL'!P7 -> 0 | K7: ='RESUMEN TOTAL'!Q7 -> 0 | L7: ='RESUMEN TOTAL'!R7 -> 0 | M7: ='RESUMEN TOTAL'!S7 -> 0 | ... AJ7: ='RESUMEN TOTAL'!AP7 -> 0
A8: ='RESUMEN TOTAL'!A8 -> ALTAMIRA | B8: ='RESUMEN TOTAL'!B8 -> ALT 04 | C8: ='RESUMEN TOTAL'!D8 -> Francia y Necochea | D8: ='RESUMEN TOTAL'!E8 -> Domo | E8: ='RESUMEN TOTAL'!F8 -> Fibra Optica | F8: ='RESUMEN TOTAL'!L8 -> 0 | G8: ='RESUMEN TOTAL'!M8 -> 0 | H8: ='RESUMEN TOTAL'!N8 -> 0 | I8: ='RESUMEN TOTAL'!O8 -> APAGADO | J8: ='RESUMEN TOTAL'!P8 -> 0 | K8: ='RESUMEN TOTAL'!Q8 -> 0 | L8: ='RESUMEN TOTAL'!R8 -> 0 | M8: ='RESUMEN TOTAL'!S8 -> 0 | ... AJ8: ='RESUMEN TOTAL'!AP8 -> 0
A9: ='RESUMEN TOTAL'!A9 -> ALTAMIRA | B9: ='RESUMEN TOTAL'!B9 -> ALT05 | C9: ='RESUMEN TOTAL'!D9 -> Av. Calchaqui y Bombero Galarza | D9: ='RESUMEN TOTAL'!E9 -> Domo | E9: ='RESUMEN TOTAL'!F9 -> PTO A FO | F9: ='RESUMEN TOTAL'!L9 -> 0 | G9: ='RESUMEN TOTAL'!M9 -> 0 | H9: ='RESUMEN TOTAL'!N9 -> 0 | I9: ='RESUMEN TOTAL'!O9 -> APAGADO | J9: ='RESUMEN TOTAL'!P9 -> 0 | K9: ='RESUMEN TOTAL'!Q9 -> 0 | L9: ='RESUMEN TOTAL'!R9 -> 0 | M9: ='RESUMEN TOTAL'!S9 -> 0 | ... AJ9: ='RESUMEN TOTAL'!AP9 -> 0
A10: ='RESUMEN TOTAL'!A10 -> ALTAMIRA | B10: ='RESUMEN TOTAL'!B10 -> ALT 06 | C10: ='RESUMEN TOTAL'!D10 -> LOPE DE VEGA Y NECOCHEA | D10: ='RESUMEN TOTAL'!E10 -> Domo | E10: ='RESUMEN TOTAL'!F10 -> PTO A FO | F10: ='RESUMEN TOTAL'!L10 -> 0 | G10: ='RESUMEN TOTAL'!M10 -> 0 | H10: ='RESUMEN TOTAL'!N10 -> 0 | I10: ='RESUMEN TOTAL'!O10 -> APAGADO | J10: ='RESUMEN TOTAL'!P10 -> 0 | K10: ='RESUMEN TOTAL'!Q10 -> 0 | L10: ='RESUMEN TOTAL'!R10 -> 0 | M10: ='RESUMEN TOTAL'!S10 -> 0 | ... AJ10: ='RESUMEN TOTAL'!AP10 -> 0
A11: ='RESUMEN TOTAL'!A11 -> ALTAMIRA | B11: ='RESUMEN TOTAL'!B11 -> ALT07 | C11: ='RESUMEN TOTAL'!D11 -> AV. CALCHAQUI Y AV. DEL TRABAJO | D11: ='RESUMEN TOTAL'!E11 -> DOMO | E11: ='RESUMEN TOTAL'!F11 -> PTO A FO | F11: ='RESUMEN TOTAL'!L11 -> 0 | G11: ='RESUMEN TOTAL'!M11 -> 0 | H11: ='RESUMEN TOTAL'!N11 -> 0 | I11: ='RESUMEN TOTAL'!O11 -> APAGADO | J11: ='RESUMEN TOTAL'!P11 -> 0 | K11: ='RESUMEN TOTAL'!Q11 -> 0 | L11: ='RESUMEN TOTAL'!R11 -> 0 | M11: ='RESUMEN TOTAL'!S11 -> 0 | ... AJ11: ='RESUMEN TOTAL'!AP11 -> 0
A12: ='RESUMEN TOTAL'!A12 -> ALTAMIRA | B12: ='RESUMEN TOTAL'!B12 -> ALT 08 | C12: ='RESUMEN TOTAL'!D12 -> HUMAITA Y NECOCHEA | D12: ='RESUMEN TOTAL'!E12 -> DOMO | E12: ='RESUMEN TOTAL'!F12 -> Fibra Optica | F12: ='RESUMEN TOTAL'!L12 -> 0 | G12: ='RESUMEN TOTAL'!M12 -> 0 | H12: ='RESUMEN TOTAL'!N12 -> 0 | I12: ='RESUMEN TOTAL'!O12 -> APAGADO | J12: ='RESUMEN TOTAL'!P12 -> 0 | K12: ='RESUMEN TOTAL'!Q12 -> 0 | L12: ='RESUMEN TOTAL'!R12 -> 0 | M12: ='RESUMEN TOTAL'!S12 -> 0 | ... AJ12: ='RESUMEN TOTAL'!AP12 -> 0
A13: ='RESUMEN TOTAL'!A13 -> ALTAMIRA | B13: ='RESUMEN TOTAL'!B13 -> ALT 09 | C13: ='RESUMEN TOTAL'!D13 -> NECOCHEA Y CURUPAITY | D13: ='RESUMEN TOTAL'!E13 -> DOMO | E13: ='RESUMEN TOTAL'!F13 -> Fibra Optica | F13: ='RESUMEN TOTAL'!L13 -> 0 | G13: ='RESUMEN TOTAL'!M13 -> 0 | H13: ='RESUMEN TOTAL'!N13 -> 0 | I13: ='RESUMEN TOTAL'!O13 -> APAGADO | J13: ='RESUMEN TOTAL'!P13 -> 0 | K13: ='RESUMEN TOTAL'!Q13 -> 0 | L13: ='RESUMEN TOTAL'!R13 -> 0 | M13: ='RESUMEN TOTAL'!S13 -> 0 | ... AJ13: ='RESUMEN TOTAL'!AP13 -> 0
A14: ='RESUMEN TOTAL'!A14 -> ALTAMIRA | B14: ='RESUMEN TOTAL'!B14 -> ALT 10 | C14: ='RESUMEN TOTAL'!D14 -> Calchaqui y Francia | D14: ='RESUMEN TOTAL'!E14 -> Domo | E14: ='RESUMEN TOTAL'!F14 -> Radio | F14: ='RESUMEN TOTAL'!L14 -> 0 | G14: ='RESUMEN TOTAL'!M14 -> 0 | H14: ='RESUMEN TOTAL'!N14 -> 0 | I14: ='RESUMEN TOTAL'!O14 -> APAGADO | J14: ='RESUMEN TOTAL'!P14 -> 0 | K14: ='RESUMEN TOTAL'!Q14 -> 0 | L14: ='RESUMEN TOTAL'!R14 -> 0 | M14: ='RESUMEN TOTAL'!S14 -> 0 | ... AJ14: ='RESUMEN TOTAL'!AP14 -> 0
A15: ='RESUMEN TOTAL'!A15 -> AGUSTIN RAMIREZ | B15: ='RESUMEN TOTAL'!B15 -> ARA 01 | C15: ='RESUMEN TOTAL'!D15 -> Malambo y Tranquera | D15: ='RESUMEN TOTAL'!E15 -> Domo | E15: ='RESUMEN TOTAL'!F15 -> Fibra Optica | F15: ='RESUMEN TOTAL'!L15 -> APAGADO | G15: ='RESUMEN TOTAL'!M15 -> APAGADO | H15: ='RESUMEN TOTAL'!N15 -> APAGADO | I15: ='RESUMEN TOTAL'!O15 -> APAGADO | J15: ='RESUMEN TOTAL'!P15 -> 0 | K15: ='RESUMEN TOTAL'!Q15 -> APAGADO | L15: ='RESUMEN TOTAL'!R15 -> APAGADO | M15: ='RESUMEN TOTAL'!S15 -> APAGADO | ... AJ15: ='RESUMEN TOTAL'!AP15 -> 0
... A640: ='RESUMEN TOTAL'!A640 -> 0 | B640: ='RESUMEN TOTAL'!B640 -> 0 | C640: ='RESUMEN TOTAL'!D640 -> 0 | D640: ='RESUMEN TOTAL'!E640 -> 0 | E640: ='RESUMEN TOTAL'!F640 -> 0 | F640: ='RESUMEN TOTAL'!L640 -> 0 | G640: ='RESUMEN TOTAL'!M640 -> 0 | H640: ='RESUMEN TOTAL'!N640 -> 0 | I640: ='RESUMEN TOTAL'!O640 -> 0 | J640: ='RESUMEN TOTAL'!P640 -> 0 | K640: ='RESUMEN TOTAL'!Q640 -> 0 | L640: ='RESUMEN TOTAL'!R640 -> 0 | M640: ='RESUMEN TOTAL'!S640 -> 0 | ... AJ640: ='RESUMEN TOTAL'!AP640 -> 0
