Workbook
Name _25_de_agosto: 'RESUMEN TOTAL'!$A$4:$D$389
Name _25_de_agosto_3: 'RESUMEN TOTAL'!$A$4:$D$401
Name _30_mar: 'APAGADOS ANTENA'!$AI$3
Name BONOMOcam: Hoja1!$B$2
Name CANTIDAD_DE_CAMARAS: 'RESUMEN TOTAL'!$B$1
Name COSEIDIcam: Hoja1!$B$4

Sheet RESUMEN TOTAL
A1: CANTIDAD DE CAMARAS | B1: =COUNTA(B5:B625) -> 539 | D1: PORCIENTO DE CAIDAS | L1: =(L3)/(L2+L3) -> 0.22655123 | M1: =(M3)/(M2+M3) -> 0.22318841 | N1: =(N3)/(N2+N3) -> 0.22093023 | O1: =(O3)/(O2+O3) -> 0.21176471 | P1: =(P3)/(P2+P3) -> 0.18167939 | Q1: =(Q3)/(Q2+Q3) -> 0.18541033 | R1: =(R3)/(R2+R3) -> 0.19033233 | S1: =(S3)/(S2+S3) -> 0.21522694 | ... X1: =(X3)/(X2+X3) -> 0 | Z1: =(Z3)/(Z2+Z3) -> 0.20119225 | AA1: =(AA3)/(AA2+AA3) -> 0.2 | AB1: =(AB3)/(AB2+AB3) -> 0.1964018 | AC1: =(AC3)/(AC2+AC3) -> 0.1951952 | AD1: =(AD3)/(AD2+AD3) -> 0.17917305 | AE1: =(AE3)/(AE2+AE3) -> 0.17917305 | AF1: =(AF3)/(AF2+AF3) -> 0.18042813 | AG1: =(AG3)/(AG2+AG3) -> 0.17538462 | ... AO1: =(AO3)/(AO2+AO3) -> 0.17665131
D2: FUNCIONAN | L2: 536 | M2: 536 | N2: 536 | O2: 536 | P2: 536 | Q2: 536 | R2: 536 | S2: 536 | T2: 536 | U2: 536 | V2: 536 | W2: 536 | X2: 536 | Y2: 536 | Z2: 536 | AA2: 536 | AB2: 536 | AC2: 536 | AD2: 536 | AE2: 536 | AF2: 536 | AG2: 536 | AH2: 536 | AI2: 536 | AJ2: 536 | AK2: 536 | AL2: 536 | AM2: 536 | AN2: 536 | AO2: 536
D3: CAIDAS | L3: =COUNTIF(L4:L625, "apagado") -> 157 | M3: =COUNTIF(M4:M625, "apagado") -> 154 | N3: =COUNTIF(N4:N625, "apagado") -> 152 | O3: =COUNTIF(O4:O625, "apagado") -> 144 | P3: =COUNTIF(P4:P625, "apagado") -> 119 | Q3: =COUNTIF(Q4:Q625, "apagado") -> 122 | R3: =COUNTIF(R4:R625, "apagado") -> 126 | S3: =COUNTIF(S4:S625, "apagado") -> 147 | ... W3: =COUNTIF(W4:W625, "apagado") -> 116 | X3: =COUNTIF(X4:X525, "apagado") -> 0 | Y3: =COUNTIF(Y4:Y525, "apagado") -> 146 | Z3: =COUNTIF(Z4:Z625, "apagado") -> 135 | AA3: =COUNTIF(AA4:AA625, "apagado") -> 134 | AB3: =COUNTIF(AB4:AB625, "apagado") -> 131 | AC3: =COUNTIF(AC4:AC625, "apagado") -> 130 | AD3: =COUNTIF(AD4:AD625, "apagado") -> 117 | AE3: =COUNTIF(AE4:AE625, "apagado") -> 117 | AF3: =COUNTIF(AF4:AF625, "apagado") -> 118 | AG3: =COUNTIF(AG4:AG625, "apagado") -> 114 | ... AO3: =COUNTIF(AO4:AO625, "apagado") -> 115
A4: Barrio | B4: [Denominacion] | C4: [Empresa Mantenimiento] | D4: [Ubicacion] | E4: [Tipo de Camara] | F4: [Tipo de Conexion] | G4: Destino | I4: DIAS FUNCIONANDO | J4: DIAS CAIDA | K4: EFECTIVIDAD | L4: 45383 | M4: 45384 | N4: 45385 | O4: 45386 | P4: 45387 | Q4: 45388 | R4: 45389 | S4: 45390 | T4: 45391 | U4: 45392 | V4: 45393 | W4: 45394 | X4: 45395 | Y4: 45396 | Z4: 45397 | AA4: 45398 | AB4: 45399 | AC4: 45400 | AD4: 45401 | AE4: 45402 | AF4: 45403 | AG4: 45404 | AH4: 45405 | AI4: 45406 | AJ4: 45407 | AK4: 45408 | AL4: 45409 | AM4: 45410 | AN4: 45411 | AO4: 45412
A5: ALTAMIRA | B5: ALT01 | C5: BONOMO | D5: Calchaqui y Sgto. Cabral | E5: Domo | F5: Fibra Optica | H5: 172.20.10.6 | I5: =COUNTIF(L5:AM5,"") -> 18 | J5: =COUNTIF(L5:AM5,"APAGADO") -> 10 | K5: =(I5)/(J5+I5) -> 0.64285714 | Y5: APAGADO | AA5: APAGADO | AB5: APAGADO | AC5: APAGADO | AD5: APAGADO | AE5: APAGADO | AF5: APAGADO | AG5: APAGADO | AH5: APAGADO | AI5: APAGADO
A6: ALTAMIRA | B6: ALT02 | C6: BONOMO | D6: Calchaqui y Lope de Vega | E6: Domo | F6: PTO A FO | G6: CABRAL Y CALCHAQUI | H6: 172.20.12.218 | I6: =COUNTIF(L6:AM6,"") -> 18 | J6: =COUNTIF(L6:AM6,"APAGADO") -> 10 | K6: =(I6)/(J6+I6) -> 0.64285714 | Y6: APAGADO | AA6: APAGADO | AB6: APAGADO | AC6: APAGADO | AD6: APAGADO | AE6: APAGADO | AF6: APAGADO | AG6: APAGADO | AH6: APAGADO | AI6: APAGADO
A7: ALTAMIRA | B7: ALT 03 | C7: BONOMO | D7: Bombero Galarza y Necochea | E7: Domo | F7: Fibra Optica | H7: 172.20.12.54 | I7: =COUNTIF(L7:AM7,"") -> 18 | J7: =COUNTIF(L7:AM7,"APAGADO") -> 10 | K7: =(I7)/(J7+I7) -> 0.64285714 | Y7: APAGADO | AA7: APAGADO | AB7: APAGADO | AC7: APAGADO | AD7: APAGADO | AE7: APAGADO | AF7: APAGADO | AG7: APAGADO | AH7: APAGADO | AI7: APAGADO
A8: ALTAMIRA | B8: ALT 04 | C8: BONOMO | D8: Francia y Necochea | E8: Domo | F8: Fibra Optica | H8: 172.20.12.55 | I8: =COUNTIF(L8:AM8,"") -> 18 | J8: =COUNTIF(L8:AM8,"APAGADO") -> 10 | K8: =(I8)/(J8+I8) -> 0.64285714 | Y8: APAGADO | AA8: APAGADO | AB8: APAGADO | AC8: APAGADO | AD8: APAGADO | AE8: APAGADO | AF8: APAGADO | AG8: APAGADO | AH8: APAGADO | AI8: APAGADO
A9: ALTAMIRA | B9: ALT05 | C9: BONOMO | D9: Av. Calchaqui y Bombero Galarza | E9: Domo | F9: PTO A FO | G9: NECOCHEA Y GALARZA | H9: 172.20.12.216 | I9: =COUNTIF(L9:AM9,"") -> 18 | J9: =COUNTIF(L9:AM9,"APAGADO") -> 10 | K9: =(I9)/(J9+I9) -> 0.64285714 | Y9: APAGADO | AA9: APAGADO | AB9: APAGADO | AC9: APAGADO | AD9: APAGADO | AE9: APAGADO | AF9: APAGADO | AG9: APAGADO | AH9: APAGADO | AI9: APAGADO
A10: ALTAMIRA | B10: ALT 06 | C10: BONOMO | D10: LOPE DE VEGA Y NECOCHEA | E10: Domo | F10: PTO A FO | G10: NECOCHEA Y GALARZA | H10: 172.20.12.12 | I10: =COUNTIF(L10:AM10,"") -> 18 | J10: =COUNTIF(L10:AM10,"APAGADO") -> 10 | K10: =(I10)/(J10+I10) -> 0.64285714 | Y10: APAGADO | AA10: APAGADO | AB10: APAGADO | AC10: APAGADO | AD10: APAGADO | AE10: APAGADO | AF10: APAGADO | AG10: APAGADO | AH10: APAGADO | AI10: APAGADO
A11: ALTAMIRA | B11: ALT07 | C11: BONOMO | D11: AV. CALCHAQUI Y AV. DEL TRABAJO | E11: DOMO | F11: PTO A FO | G11: CABRAL Y CALCHAQUI | H11: 172.20.10.57 | I11: =COUNTIF(L11:AM11,"") -> 18 | J11: =COUNTIF(L11:AM11,"APAGADO") -> 10 | K11: =(I11)/(J11+I11) -> 0.64285714 | Y11: APAGADO | AA11: APAGADO | AB11: APAGADO | AC11: APAGADO | AD11: APAGADO | AE11: APAGADO | AF11: APAGADO | AG11: APAGADO | AH11: APAGADO | AI11: APAGADO
A12: ALTAMIRA | B12: ALT 08 | C12: BONOMO | D12: HUMAITA Y NECOCHEA | E12: DOMO | F12: Fibra Optica | H12: 172.20.11.215 | I12: =COUNTIF(L12:AM12,"") -> 18 | J12: =COUNTIF(L12:AM12,"APAGADO") -> 10 | K12: =(I12)/(J12+I12) -> 0.64285714 | Y12: APAGADO | AA12: APAGADO | AB12: APAGADO | AC12: APAGADO | AD12: APAGADO | AE12: APAGADO | AF12: APAGADO | AG12: APAGADO | AH12: APAGADO | AI12: APAGADO
A13: ALTAMIRA | B13: ALT 09 | C13: BONOMO | D13: NECOCHEA Y CURUPAITY | E13: DOMO | F13: Fibra Optica | H13: 172.20.11.216 | I13: =COUNTIF(L13:AM13,"") -> 3 | J13: =COUNTIF(L13:AM13,"APAGADO") -> 25 | K13: =(I13)/(J13+I13) -> 0.10714286 | L13: APAGADO | M13: APAGADO | N13: APAGADO | O13: APAGADO | P13: APAGADO | Q13: APAGADO | R13: APAGADO | S13: APAGADO | T13: APAGADO | U13: APAGADO | V13: APAGADO | W13: APAGADO | Y13: APAGADO | Z13: APAGADO | AA13: APAGADO | AB13: APAGADO | AC13: APAGADO | AD13: APAGADO | AE13: APAGADO | AF13: APAGADO | AG13: APAGADO | AH13: APAGADO | AI13: APAGADO | AJ13: APAGADO | AK13: APAGADO | AO13: APAGADO
A14: ALTAMIRA | B14: ALT 10 | C14: BONOMO | D14: Calchaqui y Francia | E14: Domo | F14: Radio | H14: 172.20.12.156 | I14: =COUNTIF(L14:AM14,"") -> 18 | J14: =COUNTIF(L14:AM14,"APAGADO") -> 10 | K14: =(I14)/(J14+I14) -> 0.64285714 | Y14: APAGADO | AA14: APAGADO | AB14: APAGADO | AC14: APAGADO | AD14: APAGADO | AE14: APAGADO | AF14: APAGADO | AG14: APAGADO | AH14: APAGADO | AI14: APAGADO
A15: AGUSTIN RAMIREZ | B15: ARA 01 | C15: BONOMO | D15: Malambo y Tranquera | E15: Domo | F15: Fibra Optica | H15: 172.20.12.110 | I15: =COUNTIF(L15:AM15,"") -> 5 | J15: =COUNTIF(L15:AM15,"APAGADO") -> 23 | K15: =(I15)/(J15+I15) -> 0.17857143 | L15: APAGADO | M15: APAGADO | N15: APAGADO | O15: APAGADO | P15: APAGADO | Q15: APAGADO | R15: APAGADO | S15: APAGADO | T15: APAGADO | U15: APAGADO | V15: APAGADO | W15: APAGADO | Y15: APAGADO | Z15: APAGADO | AA15: APAGADO | AB15: APAGADO | AC15: APAGADO | AD15: APAGADO | AE15: APAGADO | AF15: APAGADO | AG15: APAGADO | AH15: APAGADO | AI15: APAGADO
A16: BELGRANO | B16: BEL 01 | C16: BONOMO | D16: San Martin y Dardo Rocha | E16: DOMO | F16: Fibra Optica | H16: 172.20.12.64 | I16: =COUNTIF(L16:AM16,"") -> 21 | J16: =COUNTIF(L16:AM16,"APAGADO") -> 7 | K16: =(I16)/(J16+I16) -> 0.75 | AE16: APAGADO | AF16: APAGADO | AG16: APAGADO | AH16: APAGADO | AI16: APAGADO | AJ16: APAGADO | AK16: APAGADO | AO16: APAGADO
A17: BELGRANO | B17: BEL 02 | C17: BONOMO | D17: Guardia vieja y Fronteriz | E17: DOMO | F17: Fibra Optica | I17: =COUNTIF(L17:AM17,"") -> 21 | J17: =COUNTIF(L17:AM17,"APAGADO") -> 7 | K17: =(I17)/(J17+I17) -> 0.75 | AE17: APAGADO | AF17: APAGADO | AG17: APAGADO | AH17: APAGADO | AI17: APAGADO | AJ17: APAGADO | AK17: APAGADO | AO17: APAGADO
A18: BOSQUES CENTRO | B18: BOSQC 01 | C18: COSEIDI | D18: LUIS AGOTE E/DANUNCIO Y CAMPOAMOR | E18: Fija | F18: Radio | H18: 172.20.11.15 | I18: =COUNTIF(L18:AM18,"") -> 28 | J18: =COUNTIF(L18:AM18,"APAGADO") -> 0 | K18: =(I18)/(J18+I18) -> 1
A19: BOSQUES CENTRO | B19: BOSQC 02 | C19: COSEIDI | D19: LUIS AGOTE E/DANUNCIO Y CAMPOAMOR | E19: Fija | F19: Radio | H19: 172.20.11.16 | I19: =COUNTIF(L19:AM19,"") -> 28 | J19: =COUNTIF(L19:AM19,"APAGADO") -> 0 | K19: =(I19)/(J19+I19) -> 1
A20: BOSQUES CENTRO | B20: BOSQC 03 | C20: COSEIDI | D20: BENAVENTE Y LUIS AGOTE | E20: Fija | F20: Radio | H20: 172.20.11.13 | I20: =COUNTIF(L20:AM20,"") -> 28 | J20: =COUNTIF(L20:AM20,"APAGADO") -> 0 | K20: =(I20)/(J20+I20) -> 1
A21: BOSQUES CENTRO | B21: BOSQC 04 | C21: COSEIDI | D21: BENAVENTE Y LUIS AGOTE | E21: Fija | F21: Radio | H21: 172.20.11.113 | I21: =COUNTIF(L21:AM21,"") -> 28 | J21: =COUNTIF(L21:AM21,"APAGADO") -> 0 | K21: =(I21)/(J21+I21) -> 1
A22: BOSQUES CENTRO | B22: BOSQC 05 | C22: COSEIDI | D22: LUIS AGOTE Y RUTA 36 | E22: Fija | F22: Radio | H22: 172.20.11.17 | I22: =COUNTIF(L22:AM22,"") -> 28 | J22: =COUNTIF(L22:AM22,"APAGADO") -> 0 | K22: =(I22)/(J22+I22) -> 1
A23: BOSQUES CENTRO | B23: BOSQC 06 | C23: COSEIDI | D23: LUIS AGOTE Y RUTA 36 | E23: Fija | F23: Radio | H23: 172.20.11.18 | I23: =COUNTIF(L23:AM23,"") -> 28 | J23: =COUNTIF(L23:AM23,"APAGADO") -> 0 | K23: =(I23)/(J23+I23) -> 1
A24: CENTRO | B24: CEN01 | C24: BONOMO | D24: San Martin y 9 de Julio | E24: Fija | F24: Fibra Optica | H24: 172.20.11.10 | I24: =COUNTIF(L24:AM24,"") -> 3 | J24: =COUNTIF(L24:AM24,"APAGADO") -> 25 | K24: =(I24)/(J24+I24) -> 0.10714286 | L24: APAGADO | M24: APAGADO | N24: APAGADO | O24: APAGADO | P24: APAGADO | Q24: APAGADO | R24: APAGADO | S24: APAGADO | T24: APAGADO | U24: APAGADO | V24: APAGADO | W24: APAGADO | Y24: APAGADO | Z24: APAGADO | AA24: APAGADO | AB24: APAGADO | AC24: APAGADO | AD24: APAGADO | AE24: APAGADO | AF24: APAGADO | AG24: APAGADO | AH24: APAGADO | AI24: APAGADO | AJ24: APAGADO | AK24: APAGADO | AO24: APAGADO
A25: CENTRO | B25: CEN02 | C25: BONOMO | D25: San Martin y Almafuerte | E25: Fija | F25: Fibra Optica | H25: 172.20.11.11 | I25: =COUNTIF(L25:AM25,"") -> 3 | J25: =COUNTIF(L25:AM25,"APAGADO") -> 25 | K25: =(I25)/(J25+I25) -> 0.10714286 | L25: APAGADO | M25: APAGADO | N25: APAGADO | O25: APAGADO | P25: APAGADO | Q25: APAGADO | R25: APAGADO | S25: APAGADO | T25: APAGADO | U25: APAGADO | V25: APAGADO | W25: APAGADO | Y25: APAGADO | Z25: APAGADO | AA25: APAGADO | AB25: APAGADO | AC25: APAGADO | AD25: APAGADO | AE25: APAGADO | AF25: APAGADO | AG25: APAGADO | AH25: APAGADO | AI25: APAGADO | AJ25: APAGADO | AK25: APAGADO | AO25: APAGADO
A26: CENTRO | B26: CEN03 | C26: BONOMO | D26: San Martin y Sallares | E26: Domo | F26: Fibra Optica | H26: 172.20.12.30 | I26: =COUNTIF(L26:AM26,"") -> 28 | J26: =COUNTIF(L26:AM26,"APAGADO") -> 0 | K26: =(I26)/(J26+I26) -> 1
A27: CENTRO | B27: CEN04 | C27: BONOMO | D27: San Martin y Contreras | E27: Domo | F27: Fibra Optica | H27: 172.20.12.29 | I27: =COUNTIF(L27:AM27,"") -> 28 | J27: =COUNTIF(L27:AM27,"APAGADO") -> 0 | K27: =(I27)/(J27+I27) -> 1
A28: CENTRO | B28: CEN 05 | C28: BONOMO | D28: Bocuzzi e/España y San Martin | E28: DOMO | F28: Fibra Optica | H28: 172.20.10.200 | I28: =COUNTIF(L28:AM28,"") -> 11 | J28: =COUNTIF(L28:AM28,"APAGADO") -> 17 | K28: =(I28)/(J28+I28) -> 0.39285714 | L28: APAGADO | M28: APAGADO | N28: APAGADO | O28: APAGADO | P28: APAGADO | Q28: APAGADO | R28: APAGADO | S28: APAGADO | T28: APAGADO | U28: APAGADO | V28: APAGADO | W28: APAGADO | Y28: APAGADO | Z28: APAGADO | AA28: APAGADO | AB28: APAGADO | AC28: APAGADO
A29: CENTRO | B29: CEN06 | C29: BONOMO | D29: Monteagudo y A.del Valle | E29: Fija | F29: Fibra Optica | H29: 172.20.10.02 | I29: =COUNTIF(L29:AM29,"") -> 3 | J29: =COUNTIF(L29:AM29,"APAGADO") -> 25 | K29: =(I29)/(J29+I29) -> 0.10714286 | L29: APAGADO | M29: APAGADO | N29: APAGADO | O29: APAGADO | P29: APAGADO | Q29: APAGADO | R29: APAGADO | S29: APAGADO | T29: APAGADO | U29: APAGADO | V29: APAGADO | W29: APAGADO | Y29: APAGADO | Z29: APAGADO | AA29: APAGADO | AB29: APAGADO | AC29: APAGADO | AD29: APAGADO | AE29: APAGADO | AF29: APAGADO | AG29: APAGADO | AH29: APAGADO | AI29: APAGADO | AJ29: APAGADO | AK29: APAGADO | AO29: APAGADO
A30: CENTRO | B30: CEN07 | C30: BONOMO | D30: San Martin y Guemes | E30: DOMO | F30: Fibra Optica | H30: 172.20.11.20 | I30: =COUNTIF(L30:AM30,"") -> 28 | J30: =COUNTIF(L30:AM30,"APAGADO") -> 0 | K30: =(I30)/(J30+I30) -> 1
A31: CENTRO | B31: CEN08 | C31: BONOMO | D31: San Martin y Pte.Peron | E31: Domo | F31: Fibra Optica | H31: 172.20.11.21 | I31: =COUNTIF(L31:AM31,"") -> 28 | J31: =COUNTIF(L31:AM31,"APAGADO") -> 0 | K31: =(I31)/(J31+I31) -> 1 | AO31: APAGADO
A32: CENTRO | B32: CEN09 | C32: BONOMO | D32: Chacabuco y 25 de Mayo | E32: Domo | F32: Fibra Optica | H32: 172.20.11.22 | I32: =COUNTIF(L32:AM32,"") -> 28 | J32: =COUNTIF(L32:AM32,"APAGADO") -> 0 | K32: =(I32)/(J32+I32) -> 1
A33: CENTRO | B33: CEN10 | C33: BONOMO | D33: Monteagudo y Pte. Peron | E33: Domo | F33: Fibra Optica | H33: 172.20.11.23 | I33: =COUNTIF(L33:AM33,"") -> 28 | J33: =COUNTIF(L33:AM33,"APAGADO") -> 0 | K33: =(I33)/(J33+I33) -> 1
A34: CENTRO | B34: CEN11 | C34: BONOMO | D34: Monteagudo y Bocuzzi | E34: Domo | F34: Fibra Optica | H34: 172.20.10.24 | I34: =COUNTIF(L34:AM34,"") -> 28 | J34: =COUNTIF(L34:AM34,"APAGADO") -> 0 | K34: =(I34)/(J34+I34) -> 1
A35: CENTRO | B35: CEN 12 | C35: BONOMO | D35: Monteagudo y Mitre | E35: Domo | F35: Fibra Optica | H35: 172.20.10.23 | I35: =COUNTIF(L35:AM35,"") -> 28 | J35: =COUNTIF(L35:AM35,"APAGADO") -> 0 | K35: =(I35)/(J35+I35) -> 1
A36: CENTRO | B36: CEN 13 | C36: BONOMO | D36: 25 de Mayo y Maipu | E36: DOMO | F36: Fibra Optica | H36: 172.20.10.20 | I36: =COUNTIF(L36:AM36,"") -> 28 | J36: =COUNTIF(L36:AM36,"APAGADO") -> 0 | K36: =(I36)/(J36+I36) -> 1
A37: CENTRO | B37: CEN14 | C37: BONOMO | D37: Pte.Peron e/Pringles y Brown | E37: Domo | F37: Fibra Optica | H37: 172.20.10.94 | I37: =COUNTIF(L37:AM37,"") -> 28 | J37: =COUNTIF(L37:AM37,"APAGADO") -> 0 | K37: =(I37)/(J37+I37) -> 1
A38: CENTRO | B38: CEN15 | C38: BONOMO | D38: Alberdi y A.del Valle | E38: Domo | F38: Fibra Optica | H38: 172.20.10.35 | I38: =COUNTIF(L38:AM38,"") -> 28 | J38: =COUNTIF(L38:AM38,"APAGADO") -> 0 | K38: =(I38)/(J38+I38) -> 1
A39: CENTRO | B39: CEN16 | C39: BONOMO | D39: San Martin y Pte. Peron | E39: Fija | F39: Fibra Optica | H39: 172.20.12.36 | I39: =COUNTIF(L39:AM39,"") -> 28 | J39: =COUNTIF(L39:AM39,"APAGADO") -> 0 | K39: =(I39)/(J39+I39) -> 1 | AO39: APAGADO
A40: CENTRO | B40: CEN17 | C40: BONOMO | D40: San Martin y Mitre | E40: Domo | F40: PTO A FO | G40: SAN MARTIN Y SALLARES | H40: 172.20.12.200 | I40: =COUNTIF(L40:AM40,"") -> 28 | J40: =COUNTIF(L40:AM40,"APAGADO") -> 0 | K40: =(I40)/(J40+I40) -> 1
A41: CENTRO | B41: CEN18 | C41: BONOMO | D41: Monteagudo e/Mitre y Sallares | E41: Fija | F41: Fibra Optica | H41: 172.20.10.26 | I41: =COUNTIF(L41:AM41,"") -> 28 | J41: =COUNTIF(L41:AM41,"APAGADO") -> 0 | K41: =(I41)/(J41+I41) -> 1
A42: CENTRO | B42: CEN19 | C42: BONOMO | D42: Chacabuco y 25 de Mayo | E42: Fija | F42: Fibra Optica | H42: 172.20.10.27 | I42: =COUNTIF(L42:AM42,"") -> 28 | J42: =COUNTIF(L42:AM42,"APAGADO") -> 0 | K42: =(I42)/(J42+I42) -> 1
A43: LOMAS DE MONTEVERDE | B43: CEN20 | C43: BONOMO | D43: Pte. Illia y Las Heras | E43: Domo | F43: Fibra Optica | H43: 172.20.10.33 | I43: =COUNTIF(L43:AM43,"") -> 28 | J43: =COUNTIF(L43:AM43,"APAGADO") -> 0 | K43: =(I43)/(J43+I43) -> 1
A44: CENTRO | B44: CEN21 | C44: BONOMO | D44: Misiones y Urquiza | E44: Fija | F44: Radio | H44: 172.20.200.132 | I44: =COUNTIF(L44:AM44,"") -> 28 | J44: =COUNTIF(L44:AM44,"APAGADO") -> 0 | K44: =(I44)/(J44+I44) -> 1
A45: CENTRO | B45: CEN22 | C45: BONOMO | D45: Las Heras y Chacabuco | E45: Domo | F45: Radio | H45: 172.20.200.125 | I45: =COUNTIF(L45:AM45,"") -> 28 | J45: =COUNTIF(L45:AM45,"APAGADO") -> 0 | K45: =(I45)/(J45+I45) -> 1
A46: CENTRO | B46: CEN23 | C46: BONOMO | D46: Sallares y Monteagudo | E46: Domo | F46: Fibra Optica | H46: 172.20.12.05 | I46: =COUNTIF(L46:AM46,"") -> 28 | J46: =COUNTIF(L46:AM46,"APAGADO") -> 0 | K46: =(I46)/(J46+I46) -> 1
A47: CENTRO | B47: CEN24 | C47: BONOMO | D47: Sallares y España | E47: Domo | F47: Fibra Optica | H47: 172.20.12.04 | I47: =COUNTIF(L47:AM47,"") -> 27 | J47: =COUNTIF(L47:AM47,"APAGADO") -> 1 | K47: =(I47)/(J47+I47) -> 0.96428571 | AK47: APAGADO
A48: CENTRO | B48: CEN25 | C48: BONOMO | D48: SAN MARTIN Y 9 DE JULIO | E48: Domo | F48: Fibra Optica | H48: 172.20.12.02 | I48: =COUNTIF(L48:AM48,"") -> 28 | J48: =COUNTIF(L48:AM48,"APAGADO") -> 0 | K48: =(I48)/(J48+I48) -> 1
A49: CENTRO | B49: CEN26 | C49: BONOMO | D49: Mitre y España | E49: Domo | F49: Fibra Optica | H49: 172.20.12.06 | I49: =COUNTIF(L49:AM49,"") -> 28 | J49: =COUNTIF(L49:AM49,"APAGADO") -> 0 | K49: =(I49)/(J49+I49) -> 1
A50: CENTRO | B50: CEN27 | C50: BONOMO | D50: San Juan y España | E50: Domo | F50: Fibra Optica | H50: 172.20.12.37 | I50: =COUNTIF(L50:AM50,"") -> 28 | J50: =COUNTIF(L50:AM50,"APAGADO") -> 0 | K50: =(I50)/(J50+I50) -> 1
A51: CENTRO | B51: CEN28 | C51: BONOMO | D51: Mitre y Alberdi | E51: Domo | F51: Fibra Optica | H51: 172.20.12.38 | I51: =COUNTIF(L51:AM51,"") -> 28 | J51: =COUNTIF(L51:AM51,"APAGADO") -> 0 | K51: =(I51)/(J51+I51) -> 1
A52: CENTRO | B52: CEN29 | C52: BONOMO | D52: Alberdi y San Juan | E52: Domo | F52: Fibra Optica | H52: 172.20.12.40 | I52: =COUNTIF(L52:AM52,"") -> 28 | J52: =COUNTIF(L52:AM52,"APAGADO") -> 0 | K52: =(I52)/(J52+I52) -> 1
A53: CENTRO | B53: CEN30 | C53: BONOMO | D53: Mitre y Pringles | E53: Domo | F53: Fibra Optica | H53: 172.20.12.39 | I53: =COUNTIF(L53:AM53,"") -> 28 | J53: =COUNTIF(L53:AM53,"APAGADO") -> 0 | K53: =(I53)/(J53+I53) -> 1
A54: CENTRO | B54: CEN31 | C54: BONOMO | D54: Mitre e/Monteagudo y Alberdi | E54: Domo | F54: Fibra Optica | H54: 172.20.12.41 | I54: =COUNTIF(L54:AM54,"") -> 28 | J54: =COUNTIF(L54:AM54,"APAGADO") -> 0 | K54: =(I54)/(J54+I54) -> 1
A55: CENTRO | B55: CEN32 | C55: BONOMO | D55: Aristobulo del Valle y España | E55: Domo | F55: Fibra Optica | H55: 172.20.12.42 | I55: =COUNTIF(L55:AM55,"") -> 27 | J55: =COUNTIF(L55:AM55,"APAGADO") -> 1 | K55: =(I55)/(J55+I55) -> 0.96428571 | Z55: APAGADO
A56: CENTRO | B56: CEN33 | C56: BONOMO | D56: Peron y Alberdi | E56: Domo | F56: Fibra Optica | H56: 172.20.12.47 | I56: =COUNTIF(L56:AM56,"") -> 28 | J56: =COUNTIF(L56:AM56,"APAGADO") -> 0 | K56: =(I56)/(J56+I56) -> 1
A57: CENTRO | B57: CEN34 | C57: BONOMO | D57: Peron y España | E57: Domo | F57: Fibra Optica | H57: 172.20.12.49 | I57: =COUNTIF(L57:AM57,"") -> 28 | J57: =COUNTIF(L57:AM57,"APAGADO") -> 0 | K57: =(I57)/(J57+I57) -> 1
A58: CENTRO | B58: CEN35 | C58: BONOMO | D58: España y Marmol | E58: Domo | F58: Fibra Optica | H58: 172.20.12.50 | I58: =COUNTIF(L58:AM58,"") -> 28 | J58: =COUNTIF(L58:AM58,"APAGADO") -> 0 | K58: =(I58)/(J58+I58) -> 1
A59: CENTRO | B59: CEN36 | C59: BONOMO | D59: España y 9 de Julio | E59: Domo | F59: Fibra Optica | H59: 172.20.12.51 | I59: =COUNTIF(L59:AM59,"") -> 28 | J59: =COUNTIF(L59:AM59,"APAGADO") -> 0 | K59: =(I59)/(J59+I59) -> 1
A60: CENTRO | B60: CEN 37 | C60: BONOMO | D60: Diagonal Granaderos y Monteagudo | E60: Domo | F60: Fibra Optica | H60: 172.20.12.52 | I60: =COUNTIF(L60:AM60,"") -> 28 | J60: =COUNTIF(L60:AM60,"APAGADO") -> 0 | K60: =(I60)/(J60+I60) -> 1
A61: CENTRO | B61: CEN38 | C61: BONOMO | D61: Diagonal Constituyentes y Almafuerte | E61: Domo | F61: Fibra Optica | H61: 172.20.12.53 | I61: =COUNTIF(L61:AM61,"") -> 27 | J61: =COUNTIF(L61:AM61,"APAGADO") -> 1 | K61: =(I61)/(J61+I61) -> 0.96428571 | AK61: APAGADO
A62: CENTRO | B62: CEN39 | C62: BONOMO | D62: San Martin y Alem | E62: Domo | F62: Fibra Optica | H62: 172.20.12.56 | I62: =COUNTIF(L62:AM62,"") -> 28 | J62: =COUNTIF(L62:AM62,"APAGADO") -> 0 | K62: =(I62)/(J62+I62) -> 1
A63: CENTRO | B63: CEN40 | C63: BONOMO | D63: Contreras y Monteagudo | E63: Domo | F63: Fibra Optica | H63: 172.20.12.57 | I63: =COUNTIF(L63:AM63,"") -> 28 | J63: =COUNTIF(L63:AM63,"APAGADO") -> 0 | K63: =(I63)/(J63+I63) -> 1
A64: CENTRO | B64: CEN41 | C64: BONOMO | D64: Contreras y Alberdi | E64: Domo | F64: Fibra Optica | H64: 172.20.12.58 | I64: =COUNTIF(L64:AM64,"") -> 28 | J64: =COUNTIF(L64:AM64,"APAGADO") -> 0 | K64: =(I64)/(J64+I64) -> 1
A65: CENTRO | B65: CEN42 | C65: BONOMO | D65: Diagonal Constituyentes y Alem | E65: Domo | F65: Fibra Optica | H65: 172.20.12.59 | I65: =COUNTIF(L65:AM65,"") -> 3 | J65: =COUNTIF(L65:AM65,"APAGADO") -> 25 | K65: =(I65)/(J65+I65) -> 0.10714286 | L65: APAGADO | M65: APAGADO | N65: APAGADO | O65: APAGADO | P65: APAGADO | Q65: APAGADO | R65: APAGADO | S65: APAGADO | T65: APAGADO | U65: APAGADO | V65: APAGADO | W65: APAGADO | Y65: APAGADO | Z65: APAGADO | AA65: APAGADO | AB65: APAGADO | AC65: APAGADO | AD65: APAGADO | AE65: APAGADO | AF65: APAGADO | AG65: APAGADO | AH65: APAGADO | AI65: APAGADO | AJ65: APAGADO | AK65: APAGADO | AO65: APAGADO
A66: CENTRO | B66: CEN43 | C66: BONOMO | D66: Sallares y Alberdi | E66: Domo | F66: Fibra Optica | H66: 172.20.12.61 | I66: =COUNTIF(L66:AM66,"") -> 28 | J66: =COUNTIF(L66:AM66,"APAGADO") -> 0 | K66: =(I66)/(J66+I66) -> 1
A67: CENTRO | B67: CEN44 | C67: BONOMO | D67: Mitre y Brown | E67: Domo | F67: Fibra Optica | H67: 172.20.12.62 | I67: =COUNTIF(L67:AM67,"") -> 28 | J67: =COUNTIF(L67:AM67,"APAGADO") -> 0 | K67: =(I67)/(J67+I67) -> 1
A68: CENTRO | B68: CEN45 (fija 1) | C68: BONOMO | D68: EEUU Y MORENO | E68: Fija | F68: Fibra Optica | H68: 172.20.11.74 | I68: =COUNTIF(L68:AM68,"") -> 28 | J68: =COUNTIF(L68:AM68,"APAGADO") -> 0 | K68: =(I68)/(J68+I68) -> 1
A69: CENTRO | B69: CEN46 (fija 2) | C69: BONOMO | D69: EEUU Y MORENO | E69: Fija | F69: Fibra Optica | H69: 172.20.11.75 | I69: =COUNTIF(L69:AM69,"") -> 28 | J69: =COUNTIF(L69:AM69,"APAGADO") -> 0 | K69: =(I69)/(J69+I69) -> 1
A70: CENTRO | B70: CEN47 | C70: BONOMO | D70: Sallares y Brown | E70: Domo | F70: Fibra Optica | H70: 172.20.12.65 | I70: =COUNTIF(L70:AM70,"") -> 24 | J70: =COUNTIF(L70:AM70,"APAGADO") -> 4 | K70: =(I70)/(J70+I70) -> 0.85714286 | P70: APAGADO | Q70: APAGADO | R70: APAGADO | U70: APAGADO
A71: CENTRO | B71: CEN48 | C71: BONOMO | D71: Velez Sarsfield y Las Heras | E71: Domo | F71: Radio | H71: 172.20.200.181 | I71: =COUNTIF(L71:AM71,"") -> 28 | J71: =COUNTIF(L71:AM71,"APAGADO") -> 0 | K71: =(I71)/(J71+I71) -> 1
A72: CENTRO | B72: CEN49 | C72: BONOMO | D72: Av. San Martin y Florencio Sanchez | E72: Domo | F72: Radio | H72: 172.20.200.182 | I72: =COUNTIF(L72:AM72,"") -> 28 | J72: =COUNTIF(L72:AM72,"APAGADO") -> 0 | K72: =(I72)/(J72+I72) -> 1
A73: CENTRO | B73: CEN 50 | C73: BONOMO | D73: Av. San Martin y Newbery | E73: Domo | F73: Radio | H73: 172.20.200.184 | I73: =COUNTIF(L73:AM73,"") -> 26 | J73: =COUNTIF(L73:AM73,"APAGADO") -> 2 | K73: =(I73)/(J73+I73) -> 0.92857143 | R73: APAGADO | S73: APAGADO
A74: CENTRO | B74: CEN 51 | C74: BONOMO | D74: ILLIA Y LAS HERAS | E74: FIJA | F74: Fibra Optica | H74: 172.20.11.29 | I74: =COUNTIF(L74:AM74,"") -> 28 | J74: =COUNTIF(L74:AM74,"APAGADO") -> 0 | K74: =(I74)/(J74+I74) -> 1
A75: CENTRO | B75: CEN52 | C75: BONOMO | D75: San Martin y Almafuerte (ex San Martin y Dorrego) | E75: DOMO | F75: Radio | H75: 172.20.200.191 | I75: =COUNTIF(L75:AM75,"") -> 28 | J75: =COUNTIF(L75:AM75,"APAGADO") -> 0 | K75: =(I75)/(J75+I75) -> 1
A76: CENTRO | B76: CEN 53 | C76: BONOMO | D76: GUTIERREZ Y BROWN | E76: Domo | F76: Radio | H76: 172.20.200.166 | I76: =COUNTIF(L76:AM76,"") -> 28 | J76: =COUNTIF(L76:AM76,"APAGADO") -> 0 | K76: =(I76)/(J76+I76) -> 1
A77: CENTRO | B77: CEN 54 | C77: BONOMO | D77: GUTIERREZ Y PRINGLES | E77: Domo | F77: Radio | H77: 172.20.200.165 | I77: =COUNTIF(L77:AM77,"") -> 27 | J77: =COUNTIF(L77:AM77,"APAGADO") -> 1 | K77: =(I77)/(J77+I77) -> 0.96428571 | AC77: APAGADO
A78: CENTRO | B78: CEN 55 | C78: BONOMO | D78: BOUREL Y URQUIZA | E78: Domo | F78: Radio | H78: 172.20.200.163 | I78: =COUNTIF(L78:AM78,"") -> 28 | J78: =COUNTIF(L78:AM78,"APAGADO") -> 0 | K78: =(I78)/(J78+I78) -> 1
A79: CENTRO | B79: CEN 56 | C79: BONOMO | D79: Newbery y Falucho | E79: DOMO | F79: Radio | H79: 172.20.200.161 | I79: =COUNTIF(L79:AM79,"") -> 26 | J79: =COUNTIF(L79:AM79,"APAGADO") -> 2 | K79: =(I79)/(J79+I79) -> 0.92857143 | AF79: APAGADO | AK79: APAGADO
A80: CENTRO | B80: CEN 57 | C80: BONOMO | D80: 25 DE MAYO Y DORREGO | E80: DOMO | F80: Radio | H80: 172.20.200.199 | I80: =COUNTIF(L80:AM80,"") -> 28 | J80: =COUNTIF(L80:AM80,"APAGADO") -> 0 | K80: =(I80)/(J80+I80) -> 1
A81: CENTRO | B81: CEN 58 | C81: BONOMO | D81: EEUU Y MORENO | E81: DOMO | F81: Fibra Optica | H81: 172.20.11.84 | I81: =COUNTIF(L81:AM81,"") -> 28 | J81: =COUNTIF(L81:AM81,"APAGADO") -> 0 | K81: =(I81)/(J81+I81) -> 1
A82: CENTRO | B82: CEN59 | C82: BONOMO | D82: CHACABUCO Y BOUREL | E82: DOMO | F82: Radio | H82: 172.20.200.188 | I82: =COUNTIF(L82:AM82,"") -> 28 | J82: =COUNTIF(L82:AM82,"APAGADO") -> 0 | K82: =(I82)/(J82+I82) -> 1
A83: CENTRO | B83: CEN 60 | C83: BONOMO | D83: RECONQUISTA Y ILLIA | E83: DOMO | F83: PTO A FO | G83: ILLIA Y LAS HERAS | H83: 172.20.12.67 | I83: =COUNTIF(L83:AM83,"") -> 28 | J83: =COUNTIF(L83:AM83,"APAGADO") -> 0 | K83: =(I83)/(J83+I83) -> 1
A84: CENTRO | B84: CEN 61 | C84: BONOMO | D84: BOUREL Y MAIPU | E84: DOMO | F84: Radio | H84: 172.20.200.159 | I84: =COUNTIF(L84:AM84,"") -> 28 | J84: =COUNTIF(L84:AM84,"APAGADO") -> 0 | K84: =(I84)/(J84+I84) -> 1
A85: CENTRO | B85: CEN62 | C85: BONOMO | D85: ESPAÑA Y ALEM | E85: DOMO | F85: PTO A FO | G85: SAN MARTIN Y ALEM | H85: 172.20.12.82 | I85: =COUNTIF(L85:AM85,"") -> 28 | J85: =COUNTIF(L85:AM85,"APAGADO") -> 0 | K85: =(I85)/(J85+I85) -> 1
A86: CENTRO | B86: CEN63 | C86: BONOMO | D86: SAN MARTIN Y URQUIZA | E86: DOMO | F86: Fibra Optica | H86: 172.20.11.112 | I86: =COUNTIF(L86:AM86,"") -> 28 | J86: =COUNTIF(L86:AM86,"APAGADO") -> 0 | K86: =(I86)/(J86+I86) -> 1
A87: CENTRO | B87: CEN64 | C87: BONOMO | D87: SAN MARTIN Y BOCCUZZI | E87: FIJA | F87: Fibra Optica | H87: 172.20.11.134 | I87: =COUNTIF(L87:AM87,"") -> 28 | J87: =COUNTIF(L87:AM87,"APAGADO") -> 0 | K87: =(I87)/(J87+I87) -> 1
A88: CENTRO | B88: CEN 65 | C88: BONOMO | D88: SAN MARTIN Y JUAN PERON | E88: FIJA | F88: Fibra Optica | H88: 172.20.11.135 | I88: =COUNTIF(L88:AM88,"") -> 28 | J88: =COUNTIF(L88:AM88,"APAGADO") -> 0 | K88: =(I88)/(J88+I88) -> 1
A89: CENTRO | B89: CEN66 | C89: BONOMO | D89: SAN MARTIN Y JUAN PERON | E89: FIJA | F89: Fibra Optica | H89: 172.20.11.136 | I89: =COUNTIF(L89:AM89,"") -> 28 | J89: =COUNTIF(L89:AM89,"APAGADO") -> 0 | K89: =(I89)/(J89+I89) -> 1
A90: CENTRO | B90: CEN67 (fija 1) | C90: BONOMO | D90: 9 DE JULIO Y BROWN | E90: Fija | F90: Fibra Optica | H90: 172.20.11.188 | I90: =COUNTIF(L90:AM90,"") -> 4 | J90: =COUNTIF(L90:AM90,"APAGADO") -> 24 | K90: =(I90)/(J90+I90) -> 0.14285714 | L90: APAGADO | M90: APAGADO | N90: APAGADO | O90: APAGADO | P90: APAGADO | Q90: APAGADO | R90: APAGADO | S90: APAGADO | T90: APAGADO | U90: APAGADO | V90: APAGADO | W90: APAGADO | Y90: APAGADO | Z90: APAGADO | AA90: APAGADO | AB90: APAGADO | AC90: APAGADO | AD90: APAGADO | AE90: APAGADO | AF90: APAGADO | AG90: APAGADO | AH90: APAGADO | AI90: APAGADO | AJ90: APAGADO | AO90: APAGADO
A91: CENTRO | B91: CEN68 (fija 2) | C91: BONOMO | D91: 9 DE JULIO Y BROWN | E91: Fija | F91: Fibra Optica | H91: 172.20.11.189 | I91: =COUNTIF(L91:AM91,"") -> 4 | J91: =COUNTIF(L91:AM91,"APAGADO") -> 24 | K91: =(I91)/(J91+I91) -> 0.14285714 | L91: APAGADO | M91: APAGADO | N91: APAGADO | O91: APAGADO | P91: APAGADO | Q91: APAGADO | R91: APAGADO | S91: APAGADO | T91: APAGADO | U91: APAGADO | V91: APAGADO | W91: APAGADO | Y91: APAGADO | Z91: APAGADO | AA91: APAGADO | AB91: APAGADO | AC91: APAGADO | AD91: APAGADO | AE91: APAGADO | AF91: APAGADO | AG91: APAGADO | AH91: APAGADO | AI91: APAGADO | AJ91: APAGADO | AO91: APAGADO
A92: CENTRO | B92: CEN69 | C92: BONOMO | D92: RIVADAVIA Y BOUREL | E92: DOMO | F92: Fibra Optica | H92: 172.20.11.222 | I92: =COUNTIF(L92:AM92,"") -> 28 | J92: =COUNTIF(L92:AM92,"APAGADO") -> 0 | K92: =(I92)/(J92+I92) -> 1
A93: CENTRO | B93: CEN 70 | C93: BONOMO | D93: RIVADAVIA Y 25 MAYO | E93: Domo | F93: Fibra Optica | H93: 172.20.11.221 | I93: =COUNTIF(L93:AM93,"") -> 28 | J93: =COUNTIF(L93:AM93,"APAGADO") -> 0 | K93: =(I93)/(J93+I93) -> 1
A94: CENTRO | B94: CEN 71 | C94: BONOMO | D94: MORENO Y BOUREL | E94: Domo | F94: Fibra Optica | H94: 172.20.11.220 | I94: =COUNTIF(L94:AM94,"") -> 28 | J94: =COUNTIF(L94:AM94,"APAGADO") -> 0 | K94: =(I94)/(J94+I94) -> 1
A95: CENTRO | B95: CEN 72 | C95: BONOMO | D95: MORENO Y 25 DE MAYO | E95: Domo | F95: Fibra Optica | H95: 172.20.11.219 | I95: =COUNTIF(L95:AM95,"") -> 28 | J95: =COUNTIF(L95:AM95,"APAGADO") -> 0 | K95: =(I95)/(J95+I95) -> 1
A96: CENTRO | B96: CEN73 | C96: BONOMO | D96: BOUREL Y DEFENSA | E96: DOMO | F96: Fibra Optica | H96: 172.20.11.223 | I96: =COUNTIF(L96:AM96,"") -> 28 | J96: =COUNTIF(L96:AM96,"APAGADO") -> 0 | K96: =(I96)/(J96+I96) -> 1
A97: CENTRO | B97: CEN74 | C97: BONOMO | D97: Las Heras y Maipu | E97: Domo | F97: Fibra Optica | H97: 172.20.11.53 | I97: =COUNTIF(L97:AM97,"") -> 28 | J97: =COUNTIF(L97:AM97,"APAGADO") -> 0 | K97: =(I97)/(J97+I97) -> 1
A98: CENTRO | B98: CEN 75 | C98: BONOMO | D98: 25 DE MAYO Y CASTELLI | E98: Domo | F98: Fibra Optica | H98: 172.20.11.114 | I98: =COUNTIF(L98:AM98,"") -> 28 | J98: =COUNTIF(L98:AM98,"APAGADO") -> 0 | K98: =(I98)/(J98+I98) -> 1
A99: CENTRO | B99: CEN 76 | C99: BONOMO | D99: ESPAÑA E/MITRE Y BOCUZZI | E99: Fija | F99: Fibra Optica | H99: 172-20.11.110 | I99: =COUNTIF(L99:AM99,"") -> 23 | J99: =COUNTIF(L99:AM99,"APAGADO") -> 5 | K99: =(I99)/(J99+I99) -> 0.82142857 | L99: APAGADO | M99: APAGADO | N99: APAGADO | O99: APAGADO | AK99: APAGADO
A100: CENTRO | B100: CEN 77 | C100: BONOMO | D100: Monteagudo e/ Mitre y Boccuzzi | E100: Fija | F100: Fibra Optica | H100: 172.20.11.241 | I100: =COUNTIF(L100:AM100,"") -> 28 | J100: =COUNTIF(L100:AM100,"APAGADO") -> 0 | K100: =(I100)/(J100+I100) -> 1
...

Sheet Hoja3

Sheet ESTADISTICA
A1: ='RESUMEN TOTAL'!A4 -> Barrio | B1: ='RESUMEN TOTAL'!B4 -> [Denominacion] | C1: ='RESUMEN TOTAL'!D4 -> [Ubicacion] | D1: ='RESUMEN TOTAL'!E4 -> [Tipo de Camara] | E1: ='RESUMEN TOTAL'!F4 -> [Tipo de Conexion] | F1: ='RESUMEN TOTAL'!L4 -> 45383 | G1: ='RESUMEN TOTAL'!M4 -> 45384 | H1: ='RESUMEN TOTAL'!N4 -> 45385 | I1: ='RESUMEN TOTAL'!O4 -> 45386 | J1: ='RESUMEN TOTAL'!P4 -> 45387 | K1: ='RESUMEN TOTAL'!Q4 -> 45388 | L1: ='RESUMEN TOTAL'!R4 -> 45389 | M1: ='RESUMEN TOTAL'!S4 -> 45390 | ... AH1: ='RESUMEN TOTAL'!AN4 -> 45411
A2: ='RESUMEN TOTAL'!A5 -> ALTAMIRA | B2: ='RESUMEN TOTAL'!B5 -> ALT01 | C2: ='RESUMEN TOTAL'!D5 -> Calchaqui y Sgto. Cabral | D2: ='RESUMEN TOTAL'!E5 -> Domo | E2: ='RESUMEN TOTAL'!F5 -> Fibra Optica | F2: ='RESUMEN TOTAL'!L5 -> 0 | G2: ='RESUMEN TOTAL'!M5 -> 0 | H2: ='RESUMEN TOTAL'!N5 -> 0 | I2: ='RESUMEN TOTAL'!O5 -> 0 | J2: ='RESUMEN TOTAL'!P5 -> 0 | K2: ='RESUMEN TOTAL'!Q5 -> 0 | L2: ='RESUMEN TOTAL'!R5 -> 0 | M2: ='RESUMEN TOTAL'!S5 -> 0 | ... AH2: ='RESUMEN TOTAL'!AN5 -> 0
A3: ='RESUMEN TOTAL'!A6 -> ALTAMIRA | B3: ='RESUMEN TOTAL'!B6 -> ALT02 | C3: ='RESUMEN TOTAL'!D6 -> Calchaqui y Lope de Vega | D3: ='RESUMEN TOTAL'!E6 -> Domo | E3: ='RESUMEN TOTAL'!F6 -> PTO A FO | F3: ='RESUMEN TOTAL'!L6 -> 0 | G3: ='RESUMEN TOTAL'!M6 -> 0 | H3: ='RESUMEN TOTAL'!N6 -> 0 | I3: ='RESUMEN TOTAL'!O6 -> 0 | J3: ='RESUMEN TOTAL'!P6 -> 0 | K3: ='RESUMEN TOTAL'!Q6 -> 0 | L3: ='RESUMEN TOTAL'!R6 -> 0 | M3: ='RESUMEN TOTAL'!S6 -> 0 | ... AH3: ='RESUMEN TOTAL'!AN6 -> 0
A4: ='RESUMEN TOTAL'!A7 -> ALTAMIRA | B4: ='RESUMEN TOTAL'!B7 -> ALT 03 | C4: ='RESUMEN TOTAL'!D7 -> Bombero Galarza y Necochea | D4: ='RESUMEN TOTAL'!E7 -> Domo | E4: ='RESUMEN TOTAL'!F7 -> Fibra Optica | F4: ='RESUMEN TOTAL'!L7 -> 0 | G4: ='RESUMEN TOTAL'!M7 -> 0 | H4: ='RESUMEN TOTAL'!N7 -> 0 | I4: ='RESUMEN TOTAL'!O7 -> 0 | J4: ='RESUMEN TOTAL'!P7 -> 0 | K4: ='RESUMEN TOTAL'!Q7 -> 0 | L4: ='RESUMEN TOTAL'!R7 -> 0 | M4: ='RESUMEN TOTAL'!S7 -> 0 | ... AH4: ='RESUMEN TOTAL'!AN7 -> 0
A5: ='RESUMEN TOTAL'!A8 -> ALTAMIRA | B5: ='RESUMEN TOTAL'!B8 -> ALT 04 | C5: ='RESUMEN TOTAL'!D8 -> Francia y Necochea | D5: ='RESUMEN TOTAL'!E8 -> Domo | E5: ='RESUMEN TOTAL'!F8 -> Fibra Optica | F5: ='RESUMEN TOTAL'!L8 -> 0 | G5: ='RESUMEN TOTAL'!M8 -> 0 | H5: ='RESUMEN TOTAL'!N8 -> 0 | I5: ='RESUMEN TOTAL'!O8 -> 0 | J5: ='RESUMEN TOTAL'!P8 -> 0 | K5: ='RESUMEN TOTAL'!Q8 -> 0 | L5: ='RESUMEN TOTAL'!R8 -> 0 | M5: ='RESUMEN TOTAL'!S8 -> 0 | ... AH5: ='RESUMEN TOTAL'!AN8 -> 0
A6: ='RESUMEN TOTAL'!A9 -> ALTAMIRA | B6: ='RESUMEN TOTAL'!B9 -> ALT05 | C6: ='RESUMEN TOTAL'!D9 -> Av. Calchaqui y Bombero Galarza | D6: ='RESUMEN TOTAL'!E9 -> Domo | E6: ='RESUMEN TOTAL'!F9 -> PTO A FO | F6: ='RESUMEN TOTAL'!L9 -> 0 | G6: ='RESUMEN TOTAL'!M9 -> 0 | H6: ='RESUMEN TOTAL'!N9 -> 0 | I6: ='RESUMEN TOTAL'!O9 -> 0 | J6: ='RESUMEN TOTAL'!P9 -> 0 | K6: ='RESUMEN TOTAL'!Q9 -> 0 | L6: ='RESUMEN TOTAL'!R9 -> 0 | M6: ='RESUMEN TOTAL'!S9 -> 0 | ... AH6: ='RESUMEN TOTAL'!AN9 -> 0
A7: ='RESUMEN TOTAL'!A10 -> ALTAMIRA | B7: ='RESUMEN TOTAL'!B10 -> ALT 06 | C7: ='RESUMEN TOTAL'!D10 -> LOPE DE VEGA Y NECOCHEA | D7: ='RESUMEN TOTAL'!E10 -> Domo | E7: ='RESUMEN TOTAL'!F10 -> PTO A FO | F7: ='RESUMEN TOTAL'!L10 -> 0 | G7: ='RESUMEN TOTAL'!M10 -> 0 | H7: ='RESUMEN TOTAL'!N10 -> 0 | I7: ='RESUMEN TOTAL'!O10 -> 0 | J7: ='RESUMEN TOTAL'!P10 -> 0 | K7: ='RESUMEN TOTAL'!Q10 -> 0 | L7: ='RESUMEN TOTAL'!R10 -> 0 | M7: ='RESUMEN TOTAL'!S10 -> 0 | ... AH7: ='RESUMEN TOTAL'!AN10 -> 0
A8: ='RESUMEN TOTAL'!A11 -> ALTAMIRA | B8: ='RESUMEN TOTAL'!B11 -> ALT07 | C8: ='RESUMEN TOTAL'!D11 -> AV. CALCHAQUI Y AV. DEL TRABAJO | D8: ='RESUMEN TOTAL'!E11 -> DOMO | E8: ='RESUMEN TOTAL'!F11 -> PTO A FO | F8: ='RESUMEN TOTAL'!L11 -> 0 | G8: ='RESUMEN TOTAL'!M11 -> 0 | H8: ='RESUMEN TOTAL'!N11 -> 0 | I8: ='RESUMEN TOTAL'!O11 -> 0 | J8: ='RESUMEN TOTAL'!P11 -> 0 | K8: ='RESUMEN TOTAL'!Q11 -> 0 | L8: ='RESUMEN TOTAL'!R11 -> 0 | M8: ='RESUMEN TOTAL'!S11 -> 0 | ... AH8: ='RESUMEN TOTAL'!AN11 -> 0
A9: ='RESUMEN TOTAL'!A12 -> ALTAMIRA | B9: ='RESUMEN TOTAL'!B12 -> ALT 08 | C9: ='RESUMEN TOTAL'!D12 -> HUMAITA Y NECOCHEA | D9: ='RESUMEN TOTAL'!E12 -> DOMO | E9: ='RESUMEN TOTAL'!F12 -> Fibra Optica | F9: ='RESUMEN TOTAL'!L12 -> 0 | G9: ='RESUMEN TOTAL'!M12 -> 0 | H9: ='RESUMEN TOTAL'!N12 -> 0 | I9: ='RESUMEN TOTAL'!O12 -> 0 | J9: ='RESUMEN TOTAL'!P12 -> 0 | K9: ='RESUMEN TOTAL'!Q12 -> 0 | L9: ='RESUMEN TOTAL'!R12 -> 0 | M9: ='RESUMEN TOTAL'!S12 -> 0 | ... AH9: ='RESUMEN TOTAL'!AN12 -> 0
A10: ='RESUMEN TOTAL'!A13 -> ALTAMIRA | B10: ='RESUMEN TOTAL'!B13 -> ALT 09 | C10: ='RESUMEN TOTAL'!D13 -> NECOCHEA Y CURUPAITY | D10: ='RESUMEN TOTAL'!E13 -> DOMO | E10: ='RESUMEN TOTAL'!F13 -> Fibra Optica | F10: ='RESUMEN TOTAL'!L13 -> APAGADO | G10: ='RESUMEN TOTAL'!M13 -> APAGADO | H10: ='RESUMEN TOTAL'!N13 -> APAGADO | I10: ='RESUMEN TOTAL'!O13 -> APAGADO | J10: ='RESUMEN TOTAL'!P13 -> APAGADO | K10: ='RESUMEN TOTAL'!Q13 -> APAGADO | L10: ='RESUMEN TOTAL'!R13 -> APAGADO | M10: ='RESUMEN TOTAL'!S13 -> APAGADO | ... AH10: ='RESUMEN TOTAL'!AN13 -> 0
A11: ='RESUMEN TOTAL'!A14 -> ALTAMIRA | B11: ='RESUMEN TOTAL'!B14 -> ALT 10 | C11: ='RESUMEN TOTAL'!D14 -> Calchaqui y Francia | D11: ='RESUMEN TOTAL'!E14 -> Domo | E11: ='RESUMEN TOTAL'!F14 -> Radio | F11: ='RESUMEN TOTAL'!L14 -> 0 | G11: ='RESUMEN TOTAL'!M14 -> 0 | H11: ='RESUMEN TOTAL'!N14 -> 0 | I11: ='RESUMEN TOTAL'!O14 -> 0 | J11: ='RESUMEN TOTAL'!P14 -> 0 | K11: ='RESUMEN TOTAL'!Q14 -> 0 | L11: ='RESUMEN TOTAL'!R14 -> 0 | M11: ='RESUMEN TOTAL'!S14 -> 0 | ... AH11: ='RESUMEN TOTAL'!AN14 -> 0
A12: ='RESUMEN TOTAL'!A15 -> AGUSTIN RAMIREZ | B12: ='RESUMEN TOTAL'!B15 -> ARA 01 | C12: ='RESUMEN TOTAL'!D15 -> Malambo y Tranquera | D12: ='RESUMEN TOTAL'!E15 -> Domo | E12: ='RESUMEN TOTAL'!F15 -> Fibra Optica | F12: ='RESUMEN TOTAL'!L15 -> APAGADO | G12: ='RESUMEN TOTAL'!M15 -> APAGADO | H12: ='RESUMEN TOTAL'!N15 -> APAGADO | I12: ='RESUMEN TOTAL'!O15 -> APAGADO | J12: ='RESUMEN TOTAL'!P15 -> APAGADO | K12: ='RESUMEN TOTAL'!Q15 -> APAGADO | L12: ='RESUMEN TOTAL'!R15 -> APAGADO | M12: ='RESUMEN TOTAL'!S15 -> APAGADO | ... AH12: ='RESUMEN TOTAL'!AN15 -> 0
... A25: ='RESUMEN TOTAL'!A28 -> CENTRO | B25: ='RESUMEN TOTAL'!B28 -> CEN 05 | C25: ='RESUMEN TOTAL'!D28 -> Bocuzzi e/España y San Martin | D25: ='RESUMEN TOTAL'!E28 -> DOMO | E25: ='RESUMEN TOTAL'!F28 -> Fibra Optica | F25: ='RESUMEN TOTAL'!L28 -> APAGADO | G25: ='RESUMEN TOTAL'!M28 -> APAGADO | H25: ='RESUMEN TOTAL'!N28 -> APAGADO | I25: ='RESUMEN TOTAL'!O28 -> APAGADO | J25: ='RESUMEN TOTAL'!P28 -> APAGADO | K25: ='RESUMEN TOTAL'!Q28 -> APAGADO | L25: ='RESUMEN TOTAL'!R28 -> APAGADO | M25: ='RESUMEN TOTAL'!S28 -> APAGADO | ... AH25: ='RESUMEN TOTAL'!AN28 -> 0
A26: ='RESUMEN TOTAL'!A29 -> CENTRO | B26: ='RESUMEN TOTAL'!B29 -> CEN06 | C26: ='RESUMEN TOTAL'!D29 -> Monteagudo y A.del Valle | D26: ='RESUMEN TOTAL'!E29 -> Fija | E26: ='RESUMEN TOTAL'!F29 -> Fibra Optica | F26: ='RESUMEN TOTAL'!L29 -> APAGADO | G26: ='RESUMEN TOTAL'!M29 -> APAGADO | H26: ='RESUMEN TOTAL'!N29 -> APAGADO | I26: ='RESUMEN TOTAL'!O29 -> APAGADO | J26: ='RESUMEN TOTAL'!P29 -> APAGADO | K26: ='RESUMEN TOTAL'!Q29 -> APAGADO | L26: ='RESUMEN TOTAL'!R29 -> APAGADO | M26: ='RESUMEN TOTAL'!S29 -> APAGADO | ... AG26: ='RESUMEN TOTAL'!AM29 -> 0 | AH26: ='RESUMEN TOTAL'!#REF! -> #REF!
A27: ='RESUMEN TOTAL'!A30 -> CENTRO | B27: ='RESUMEN TOTAL'!B30 -> CEN07 | C27: ='RESUMEN TOTAL'!D30 -> San Martin y Guemes | D27: ='RESUMEN TOTAL'!E30 -> DOMO | E27: ='RESUMEN TOTAL'!F30 -> Fibra Optica | F27: ='RESUMEN TOTAL'!L30 -> 0 | G27: ='RESUMEN TOTAL'!M30 -> 0 | H27: ='RESUMEN TOTAL'!N30 -> 0 | I27: ='RESUMEN TOTAL'!O30 -> 0 | J27: ='RESUMEN TOTAL'!P30 -> 0 | K27: ='RESUMEN TOTAL'!Q30 -> 0 | L27: ='RESUMEN TOTAL'!R30 -> 0 | M27: ='RESUMEN TOTAL'!S30 -> 0 | ... AH27: ='RESUMEN TOTAL'!AN30 -> 0
A28: ='RESUMEN TOTAL'!A31 -> CENTRO | B28: ='RESUMEN TOTAL'!B31 -> CEN08 | C28: ='RESUMEN TOTAL'!D31 -> San Martin y Pte.Peron | D28: ='RESUMEN TOTAL'!E31 -> Domo | E28: ='RESUMEN TOTAL'!F31 -> Fibra Optica | F28: ='RESUMEN TOTAL'!L31 -> 0 | G28: ='RESUMEN TOTAL'!M31 -> 0 | H28: ='RESUMEN TOTAL'!N31 -> 0 | I28: ='RESUMEN TOTAL'!O31 -> 0 | J28: ='RESUMEN TOTAL'!P31 -> 0 | K28: ='RESUMEN TOTAL'!Q31 -> 0 | L28: ='RESUMEN TOTAL'!R31 -> 0 | M28: ='RESUMEN TOTAL'!S31 -> 0 | ... AG28: ='RESUMEN TOTAL'!AM31 -> 0 | AH28: ='RESUMEN TOTAL'!#REF! -> #REF!
A29: ='RESUMEN TOTAL'!A32 -> CENTRO | B29: ='RESUMEN TOTAL'!B32 -> CEN09 | C29: ='RESUMEN TOTAL'!D32 -> Chacabuco y 25 de Mayo | D29: ='RESUMEN TOTAL'!E32 -> Domo | E29: ='RESUMEN TOTAL'!F32 -> Fibra Optica | F29: ='RESUMEN TOTAL'!L32 -> 0 | G29: ='RESUMEN TOTAL'!M32 -> 0 | H29: ='RESUMEN TOTAL'!N32 -> 0 | I29: ='RESUMEN TOTAL'!O32 -> 0 | J29: ='RESUMEN TOTAL'!P32 -> 0 | K29: ='RESUMEN TOTAL'!Q32 -> 0 | L29: ='RESUMEN TOTAL'!R32 -> 0 | M29: ='RESUMEN TOTAL'!S32 -> 0 | ... AH29: ='RESUMEN TOTAL'!AN32 -> 0
A30: ='RESUMEN TOTAL'!A33 -> CENTRO | B30: ='RESUMEN TOTAL'!B33 -> CEN10 | C30: ='RESUMEN TOTAL'!D33 -> Monteagudo y Pte. Peron | D30: ='RESUMEN TOTAL'!E33 -> Domo | E30: ='RESUMEN TOTAL'!F33 -> Fibra Optica | F30: ='RESUMEN TOTAL'!L33 -> 0 | G30: ='RESUMEN TOTAL'!M33 -> 0 | H30: ='RESUMEN TOTAL'!N33 -> 0 | I30: ='RESUMEN TOTAL'!O33 -> 0 | J30: ='RESUMEN TOTAL'!P33 -> 0 | K30: ='RESUMEN TOTAL'!Q33 -> 0 | L30: ='RESUMEN TOTAL'!R33 -> 0 | M30: ='RESUMEN TOTAL'!S33 -> 0 | ... AH30: ='RESUMEN TOTAL'!AN33 -> 0
A31: ='RESUMEN TOTAL'!A34 -> CENTRO | B31: ='RESUMEN TOTAL'!B34 -> CEN11 | C31: ='RESUMEN TOTAL'!D34 -> Monteagudo y Bocuzzi | D31: ='RESUMEN TOTAL'!E34 -> Domo | E31: ='RESUMEN TOTAL'!F34 -> Fibra Optica | F31: ='RESUMEN TOTAL'!L34 -> 0 | G31: ='RESUMEN TOTAL'!M34 -> 0 | H31: ='RESUMEN TOTAL'!N34 -> 0 | I31: ='RESUMEN TOTAL'!O34 -> 0 | J31: ='RESUMEN TOTAL'!P34 -> 0 | K31: ='RESUMEN TOTAL'!Q34 -> 0 | L31: ='RESUMEN TOTAL'!R34 -> 0 | M31: ='RESUMEN TOTAL'!S34 -> 0 | ... AH31: ='RESUMEN TOTAL'!AN34 -> 0
A32: ='RESUMEN TOTAL'!A35 -> CENTRO | B32: ='RESUMEN TOTAL'!B35 -> CEN 12 | C32: ='RESUMEN TOTAL'!D35 -> Monteagudo y Mitre | D32: ='RESUMEN TOTAL'!E35 -> Domo | E32: ='RESUMEN TOTAL'!F35 -> Fibra Optica | F32: ='RESUMEN TOTAL'!L35 -> 0 | G32: ='RESUMEN TOTAL'!M35 -> 0 | H32: ='RESUMEN TOTAL'!N35 -> 0 | I32: ='RESUMEN TOTAL'!O35 -> 0 | J32: ='RESUMEN TOTAL'!P35 -> 0 | K32: ='RESUMEN TOTAL'!Q35 -> 0 | L32: ='RESUMEN TOTAL'!R35 -> 0 | M32: ='RESUMEN TOTAL'!S35 -> 0 | ... AH32: ='RESUMEN TOTAL'!AN35 -> 0
A33: ='RESUMEN TOTAL'!A36 -> CENTRO | B33: ='RESUMEN TOTAL'!B36 -> CEN 13 | C33: ='RESUMEN TOTAL'!D36 -> 25 de Mayo y Maipu | D33: ='RESUMEN TOTAL'!E36 -> DOMO | E33: ='RESUMEN TOTAL'!F36 -> Fibra Optica | F33: ='RESUMEN TOTAL'!L36 -> 0 | G33: ='RESUMEN TOTAL'!M36 -> 0 | H33: ='RESUMEN TOTAL'!N36 -> 0 | I33: ='RESUMEN TOTAL'!O36 -> 0 | J33: ='RESUMEN TOTAL'!P36 -> 0 | K33: ='RESUMEN TOTAL'!Q36 -> 0 | L33: ='RESUMEN TOTAL'!R36 -> 0 | M33: ='RESUMEN TOTAL'!S36 -> 0 | ... AH33: ='RESUMEN TOTAL'!AN36 -> 0
A34: ='RESUMEN TOTAL'!A37 -> CENTRO | B34: ='RESUMEN TOTAL'!B37 -> CEN14 | C34: ='RESUMEN TOTAL'!D37 -> Pte.Peron e/Pringles y Brown | D34: ='RESUMEN TOTAL'!E37 -> Domo | E34: ='RESUMEN TOTAL'!F37 -> Fibra Optica | F34: ='RESUMEN TOTAL'!L37 -> 0 | G34: ='RESUMEN TOTAL'!M37 -> 0 | H34: ='RESUMEN TOTAL'!N37 -> 0 | I34: ='RESUMEN TOTAL'!O37 -> 0 | J34: ='RESUMEN TOTAL'!P37 -> 0 | K34: ='RESUMEN TOTAL'!Q37 -> 0 | L34: ='RESUMEN TOTAL'!R37 -> 0 | M34: ='RESUMEN TOTAL'!S37 -> 0 | ... AH34: ='RESUMEN TOTAL'!AN37 -> 0
A35: ='RESUMEN TOTAL'!A38 -> CENTRO | B35: ='RESUMEN TOTAL'!B38 -> CEN15 | C35: ='RESUMEN TOTAL'!D38 -> Alberdi y A.del Valle | D35: ='RESUMEN TOTAL'!E38 -> Domo | E35: ='RESUMEN TOTAL'!F38 -> Fibra Optica | F35: ='RESUMEN TOTAL'!L38 -> 0 | G35: ='RESUMEN TOTAL'!M38 -> 0 | H35: ='RESUMEN TOTAL'!N38 -> 0 | I35: ='RESUMEN TOTAL'!O38 -> 0 | J35: ='RESUMEN TOTAL'!P38 -> 0 | K35: ='RESUMEN TOTAL'!Q38 -> 0 | L35: ='RESUMEN TOTAL'!R38 -> 0 | M35: ='RESUMEN TOTAL'!S38 -> 0 | ... AH35: ='RESUMEN TOTAL'!AN38 -> 0
A36: ='RESUMEN TOTAL'!A39 -> CENTRO | B36: ='RESUMEN TOTAL'!B39 -> CEN16 | C36: ='RESUMEN TOTAL'!D39 -> San Martin y Pte. Peron | D36: ='RESUMEN TOTAL'!E39 -> Fija | E36: ='RESUMEN TOTAL'!F39 -> Fibra Optica | F36: ='RESUMEN TOTAL'!L39 -> 0 | G36: ='RESUMEN TOTAL'!M39 -> 0 | H36: ='RESUMEN TOTAL'!N39 -> 0 | I36: ='RESUMEN TOTAL'!O39 -> 0 | J36: ='RESUMEN TOTAL'!P39 -> 0 | K36: ='RESUMEN TOTAL'!Q39 -> 0 | L36: ='RESUMEN TOTAL'!R39 -> 0 | M36: ='RESUMEN TOTAL'!S39 -> 0 | ... AG36: ='RESUMEN TOTAL'!AM39 -> 0 | AH36: ='RESUMEN TOTAL'!#REF! -> #REF!
A37: ='RESUMEN TOTAL'!A40 -> CENTRO | B37: ='RESUMEN TOTAL'!B40 -> CEN17 | C37: ='RESUMEN TOTAL'!D40 -> San Martin y Mitre | D37: ='RESUMEN TOTAL'!E40 -> Domo | E37: ='RESUMEN TOTAL'!F40 -> PTO A FO | F37: ='RESUMEN TOTAL'!L40 -> 0 | G37: ='RESUMEN TOTAL'!M40 -> 0 | H37: ='RESUMEN TOTAL'!N40 -> 0 | I37: ='RESUMEN TOTAL'!O40 -> 0 | J37: ='RESUMEN TOTAL'!P40 -> 0 | K37: ='RESUMEN TOTAL'!Q40 -> 0 | L37: ='RESUMEN TOTAL'!R40 -> 0 | M37: ='RESUMEN TOTAL'!S40 -> 0 | ... AH37: ='RESUMEN TOTAL'!AN40 -> 0
A38: ='RESUMEN TOTAL'!A41 -> CENTRO | B38: ='RESUMEN TOTAL'!B41 -> CEN18 | C38: ='RESUMEN TOTAL'!D41 -> Monteagudo e/Mitre y Sallares | D38: ='RESUMEN TOTAL'!E41 -> Fija | E38: ='RESUMEN TOTAL'!F41 -> Fibra Optica | F38: ='RESUMEN TOTAL'!L41 -> 0 | G38: ='RESUMEN TOTAL'!M41 -> 0 | H38: ='RESUMEN TOTAL'!N41 -> 0 | I38: ='RESUMEN TOTAL'!O41 -> 0 | J38: ='RESUMEN TOTAL'!P41 -> 0 | K38: ='RESUMEN TOTAL'!Q41 -> 0 | L38: ='RESUMEN TOTAL'!R41 -> 0 | M38: ='RESUMEN TOTAL'!S41 -> 0 | ... AH38: ='RESUMEN TOTAL'!AN41 -> 0
A39: ='RESUMEN TOTAL'!A42 -> CENTRO | B39: ='RESUMEN TOTAL'!B42 -> CEN19 | C39: ='RESUMEN TOTAL'!D42 -> Chacabuco y 25 de Mayo | D39: ='RESUMEN TOTAL'!E42 -> Fija | E39: ='RESUMEN TOTAL'!F42 -> Fibra Optica | F39: ='RESUMEN TOTAL'!L42 -> 0 | G39: ='RESUMEN TOTAL'!M42 -> 0 | H39: ='RESUMEN TOTAL'!N42 -> 0 | I39: ='RESUMEN TOTAL'!O42 -> 0 | J39: ='RESUMEN TOTAL'!P42 -> 0 | K39: ='RESUMEN TOTAL'!Q42 -> 0 | L39: ='RESUMEN TOTAL'!R42 -> 0 | M39: ='RESUMEN TOTAL'!S42 -> 0 | ... AH39: ='RESUMEN TOTAL'!AN42 -> 0
A40: ='RESUMEN TOTAL'!A43 -> LOMAS DE MONTEVERDE | B40: ='RESUMEN TOTAL'!B43 -> CEN20 | C40: ='RESUMEN TOTAL'!D43 -> Pte. Illia y Las Heras | D40: ='RESUMEN TOTAL'!E43 -> Domo | E40: ='RESUMEN TOTAL'!F43 -> Fibra Optica | F40: ='RESUMEN TOTAL'!L43 -> 0 | G40: ='RESUMEN TOTAL'!M43 -> 0 | H40: ='RESUMEN TOTAL'!N43 -> 0 | I40: ='RESUMEN TOTAL'!O43 -> 0 | J40: ='RESUMEN TOTAL'!P43 -> 0 | K40: ='RESUMEN TOTAL'!Q43 -> 0 | L40: ='RESUMEN TOTAL'!R43 -> 0 | M40: ='RESUMEN TOTAL'!S43 -> 0 | ... AH40: ='RESUMEN TOTAL'!AN43 -> 0
A41: ='RESUMEN TOTAL'!A44 -> CENTRO | B41: ='RESUMEN TOTAL'!B44 -> CEN21 | C41: ='RESUMEN TOTAL'!D44 -> Misiones y Urquiza | D41: ='RESUMEN TOTAL'!E44 -> Fija | E41: ='RESUMEN TOTAL'!F44 -> Radio | F41: ='RESUMEN TOTAL'!L44 -> 0 | G41: ='RESUMEN TOTAL'!M44 -> 0 | H41: ='RESUMEN TOTAL'!N44 -> 0 | I41: ='RESUMEN TOTAL'!O44 -> 0 | J41: ='RESUMEN TOTAL'!P44 -> 0 | K41: ='RESUMEN TOTAL'!Q44 -> 0 | L41: ='RESUMEN TOTAL'!R44 -> 0 | M41: ='RESUMEN TOTAL'!S44 -> 0 | ... AH41: ='RESUMEN TOTAL'!AN44 -> 0
A42: ='RESUMEN TOTAL'!A45 -> CENTRO | B42: ='RESUMEN TOTAL'!B45 -> CEN22 | C42: ='RESUMEN TOTAL'!D45 -> Las Heras y Chacabuco | D42: ='RESUMEN TOTAL'!E45 -> Domo | E42: ='RESUMEN TOTAL'!F45 -> Radio | F42: ='RESUMEN TOTAL'!L45 -> 0 | G42: ='RESUMEN TOTAL'!M45 -> 0 | H42: ='RESUMEN TOTAL'!N45 -> 0 | I42: ='RESUMEN TOTAL'!O45 -> 0 | J42: ='RESUMEN TOTAL'!P45 -> 0 | K42: ='RESUMEN TOTAL'!Q45 -> 0 | L42: ='RESUMEN TOTAL'!R45 -> 0 | M42: ='RESUMEN TOTAL'!S45 -> 0 | ... AH42: ='RESUMEN TOTAL'!AN45 -> 0
A43: ='RESUMEN TOTAL'!A46 -> CENTRO | B43: ='RESUMEN TOTAL'!B46 -> CEN23 | C43: ='RESUMEN TOTAL'!D46 -> Sallares y Monteagudo | D43: ='RESUMEN TOTAL'!E46 -> Domo | E43: ='RESUMEN TOTAL'!F46 -> Fibra Optica | F43: ='RESUMEN TOTAL'!L46 -> 0 | G43: ='RESUMEN TOTAL'!M46 -> 0 | H43: ='RESUMEN TOTAL'!N46 -> 0 | I43: ='RESUMEN TOTAL'!O46 -> 0 | J43: ='RESUMEN TOTAL'!P46 -> 0 | K43: ='RESUMEN TOTAL'!Q46 -> 0 | L43: ='RESUMEN TOTAL'!R46 -> 0 | M43: ='RESUMEN TOTAL'!S46 -> 0 | ... AH43: ='RESUMEN TOTAL'!AN46 -> 0
A44: ='RESUMEN TOTAL'!A47 -> CENTRO | B44: ='RESUMEN TOTAL'!B47 -> CEN24 | C44: ='RESUMEN TOTAL'!D47 -> Sallares y España | D44: ='RESUMEN TOTAL'!E47 -> Domo | E44: ='RESUMEN TOTAL'!F47 -> Fibra Optica | F44: ='RESUMEN TOTAL'!L47 -> 0 | G44: ='RESUMEN TOTAL'!M47 -> 0 | H44: ='RESUMEN TOTAL'!N47 -> 0 | I44: ='RESUMEN TOTAL'!O47 -> 0 | J44: ='RESUMEN TOTAL'!P47 -> 0 | K44: ='RESUMEN TOTAL'!Q47 -> 0 | L44: ='RESUMEN TOTAL'!R47 -> 0 | M44: ='RESUMEN TOTAL'!S47 -> 0 | ... AH44: ='RESUMEN TOTAL'!AN47 -> 0
A45: ='RESUMEN TOTAL'!A48 -> CENTRO | B45: ='RESUMEN TOTAL'!B48 -> CEN25 | C45: ='RESUMEN TOTAL'!D48 -> SAN MARTIN Y 9 DE JULIO | D45: ='RESUMEN TOTAL'!E48 -> Domo | E45: ='RESUMEN TOTAL'!F48 -> Fibra Optica | F45: ='RESUMEN TOTAL'!L48 -> 0 | G45: ='RESUMEN TOTAL'!M48 -> 0 | H45: ='RESUMEN TOTAL'!N48 -> 0 | I45: ='RESUMEN TOTAL'!O48 -> 0 | J45: ='RESUMEN TOTAL'!P48 -> 0 | K45: ='RESUMEN TOTAL'!Q48 -> 0 | L45: ='RESUMEN TOTAL'!R48 -> 0 | M45: ='RESUMEN TOTAL'!S48 -> 0 | ... AH45: ='RESUMEN TOTAL'!AN48 -> 0
A46: ='RESUMEN TOTAL'!A49 -> CENTRO | B46: ='RESUMEN TOTAL'!B49 -> CEN26 | C46: ='RESUMEN TOTAL'!D49 -> Mitre y España | D46: ='RESUMEN TOTAL'!E49 -> Domo | E46: ='RESUMEN TOTAL'!F49 -> Fibra Optica | F46: ='RESUMEN TOTAL'!L49 -> 0 | G46: ='RESUMEN TOTAL'!M49 -> 0 | H46: ='RESUMEN TOTAL'!N49 -> 0 | I46: ='RESUMEN TOTAL'!O49 -> 0 | J46: ='RESUMEN TOTAL'!P49 -> 0 | K46: ='RESUMEN TOTAL'!Q49 -> 0 | L46: ='RESUMEN TOTAL'!R49 -> 0 | M46: ='RESUMEN TOTAL'!S49 -> 0 | ... AH46: ='RESUMEN TOTAL'!AN49 -> 0
A47: ='RESUMEN TOTAL'!A50 -> CENTRO | B47: ='RESUMEN TOTAL'!B50 -> CEN27 | C47: ='RESUMEN TOTAL'!D50 -> San Juan y España | D47: ='RESUMEN TOTAL'!E50 -> Domo | E47: ='RESUMEN TOTAL'!F50 -> Fibra Optica | F47: ='RESUMEN TOTAL'!L50 -> 0 | G47: ='RESUMEN TOTAL'!M50 -> 0 | H47: ='RESUMEN TOTAL'!N50 -> 0 | I47: ='RESUMEN TOTAL'!O50 -> 0 | J47: ='RESUMEN TOTAL'!P50 -> 0 | K47: ='RESUMEN TOTAL'!Q50 -> 0 | L47: ='RESUMEN TOTAL'!R50 -> 0 | M47: ='RESUMEN TOTAL'!S50 -> 0 | ... AH47: ='RESUMEN TOTAL'!AN50 -> 0
A48: ='RESUMEN TOTAL'!A51 -> CENTRO | B48: ='RESUMEN TOTAL'!B51 -> CEN28 | C48: ='RESUMEN TOTAL'!D51 -> Mitre y Alberdi | D48: ='RESUMEN TOTAL'!E51 -> Domo | E48: ='RESUMEN TOTAL'!F51 -> Fibra Optica | F48: ='RESUMEN TOTAL'!L51 -> 0 | G48: ='RESUMEN TOTAL'!M51 -> 0 | H48: ='RESUMEN TOTAL'!N51 -> 0 | I48: ='RESUMEN TOTAL'!O51 -> 0 | J48: ='RESUMEN TOTAL'!P51 -> 0 | K48: ='RESUMEN TOTAL'!Q51 -> 0 | L48: ='RESUMEN TOTAL'!R51 -> 0 | M48: ='RESUMEN TOTAL'!S51 -> 0 | ... AH48: ='RESUMEN TOTAL'!AN51 -> 0
... A61: ='RESUMEN TOTAL'!A64 -> CENTRO | B61: ='RESUMEN TOTAL'!B64 -> CEN41 | C61: ='RESUMEN TOTAL'!D64 -> Contreras y Alberdi | D61: ='RESUMEN TOTAL'!E64 -> Domo | E61: ='RESUMEN TOTAL'!F64 -> Fibra Optica | F61: ='RESUMEN TOTAL'!L64 -> 0 | G61: ='RESUMEN TOTAL'!M64 -> 0 | H61: ='RESUMEN TOTAL'!N64 -> 0 | I61: ='RESUMEN TOTAL'!O64 -> 0 | J61: ='RESUMEN TOTAL'!P64 -> 0 | K61: ='RESUMEN TOTAL'!Q64 -> 0 | L61: ='RESUMEN TOTAL'!R64 -> 0 | M61: ='RESUMEN TOTAL'!S64 -> 0 | ... AH61: ='RESUMEN TOTAL'!AN64 -> 0
A62: ='RESUMEN TOTAL'!A65 -> CENTRO | B62: ='RESUMEN TOTAL'!B65 -> CEN42 | C62: ='RESUMEN TOTAL'!D65 -> Diagonal Constituyentes y Alem | D62: ='RESUMEN TOTAL'!E65 -> Domo | E62: ='RESUMEN TOTAL'!F65 -> Fibra Optica | F62: ='RESUMEN TOTAL'!L65 -> APAGADO | G62: ='RESUMEN TOTAL'!M65 -> APAGADO | H62: ='RESUMEN TOTAL'!N65 -> APAGADO | I62: ='RESUMEN TOTAL'!O65 -> APAGADO | J62: ='RESUMEN TOTAL'!P65 -> APAGADO | K62: ='RESUMEN TOTAL'!Q65 -> APAGADO | L62: ='RESUMEN TOTAL'!R65 -> APAGADO | M62: ='RESUMEN TOTAL'!S65 -> APAGADO | ... AG62: ='RESUMEN TOTAL'!AM65 -> 0 | AH62: ='RESUMEN TOTAL'!#REF! -> #REF!
A63: ='RESUMEN TOTAL'!A66 -> CENTRO | B63: ='RESUMEN TOTAL'!B66 -> CEN43 | C63: ='RESUMEN TOTAL'!D66 -> Sallares y Alberdi | D63: ='RESUMEN TOTAL'!E66 -> Domo | E63: ='RESUMEN TOTAL'!F66 -> Fibra Optica | F63: ='RESUMEN TOTAL'!L66 -> 0 | G63: ='RESUMEN TOTAL'!M66 -> 0 | H63: ='RESUMEN TOTAL'!N66 -> 0 | I63: ='RESUMEN TOTAL'!O66 -> 0 | J63: ='RESUMEN TOTAL'!P66 -> 0 | K63: ='RESUMEN TOTAL'!Q66 -> 0 | L63: ='RESUMEN TOTAL'!R66 -> 0 | M63: ='RESUMEN TOTAL'!S66 -> 0 | ... AH63: ='RESUMEN TOTAL'!AN66 -> 0
A64: ='RESUMEN TOTAL'!A67 -> CENTRO | B64: ='RESUMEN TOTAL'!B67 -> CEN44 | C64: ='RESUMEN TOTAL'!D67 -> Mitre y Brown | D64: ='RESUMEN TOTAL'!E67 -> Domo | E64: ='RESUMEN TOTAL'!F67 -> Fibra Optica | F64: ='RESUMEN TOTAL'!L67 -> 0 | G64: ='RESUMEN TOTAL'!M67 -> 0 | H64: ='RESUMEN TOTAL'!N67 -> 0 | I64: ='RESUMEN TOTAL'!O67 -> 0 | J64: ='RESUMEN TOTAL'!P67 -> 0 | K64: ='RESUMEN TOTAL'!Q67 -> 0 | L64: ='RESUMEN TOTAL'!R67 -> 0 | M64: ='RESUMEN TOTAL'!S67 -> 0 | ... AH64: ='RESUMEN TOTAL'!AN67 -> 0
A65: ='RESUMEN TOTAL'!A68 -> CENTRO | B65: ='RESUMEN TOTAL'!B68 -> CEN45 (fija 1) | C65: ='RESUMEN TOTAL'!D68 -> EEUU Y MORENO | D65: ='RESUMEN TOTAL'!E68 -> Fija | E65: ='RESUMEN TOTAL'!F68 -> Fibra Optica | F65: ='RESUMEN TOTAL'!L68 -> 0 | G65: ='RESUMEN TOTAL'!M68 -> 0 | H65: ='RESUMEN TOTAL'!N68 -> 0 | I65: ='RESUMEN TOTAL'!O68 -> 0 | J65: ='RESUMEN TOTAL'!P68 -> 0 | K65: ='RESUMEN TOTAL'!Q68 -> 0 | L65: ='RESUMEN TOTAL'!R68 -> 0 | M65: ='RESUMEN TOTAL'!S68 -> 0 | ... AH65: ='RESUMEN TOTAL'!AN68 -> 0
A66: ='RESUMEN TOTAL'!A69 -> CENTRO | B66: ='RESUMEN TOTAL'!B69 -> CEN46 (fija 2) | C66: ='RESUMEN TOTAL'!D69 -> EEUU Y MORENO | D66: ='RESUMEN TOTAL'!E69 -> Fija | E66: ='RESUMEN TOTAL'!F69 -> Fibra Optica | F66: ='RESUMEN TOTAL'!L69 -> 0 | G66: ='RESUMEN TOTAL'!M69 -> 0 | H66: ='RESUMEN TOTAL'!N69 -> 0 | I66: ='RESUMEN TOTAL'!O69 -> 0 | J66: ='RESUMEN TOTAL'!P69 -> 0 | K66: ='RESUMEN TOTAL'!Q69 -> 0 | L66: ='RESUMEN TOTAL'!R69 -> 0 | M66: ='RESUMEN TOTAL'!S69 -> 0 | ... AH66: ='RESUMEN TOTAL'!AN69 -> 0
A67: ='RESUMEN TOTAL'!A70 -> CENTRO | B67: ='RESUMEN TOTAL'!B70 -> CEN47 | C67: ='RESUMEN TOTAL'!D70 -> Sallares y Brown | D67: ='RESUMEN TOTAL'!E70 -> Domo | E67: ='RESUMEN TOTAL'!F70 -> Fibra Optica | F67: ='RESUMEN TOTAL'!L70 -> 0 | G67: ='RESUMEN TOTAL'!M70 -> 0 | H67: ='RESUMEN TOTAL'!N70 -> 0 | I67: ='RESUMEN TOTAL'!O70 -> 0 | J67: ='RESUMEN TOTAL'!P70 -> APAGADO | K67: ='RESUMEN TOTAL'!Q70 -> APAGADO | L67: ='RESUMEN TOTAL'!R70 -> APAGADO | M67: ='RESUMEN TOTAL'!S70 -> 0 | ... AH67: ='RESUMEN TOTAL'!AN70 -> 0
A68: ='RESUMEN TOTAL'!A71 -> CENTRO | B68: ='RESUMEN TOTAL'!B71 -> CEN48 | C68: ='RESUMEN TOTAL'!D71 -> Velez Sarsfield y Las Heras | D68: ='RESUMEN TOTAL'!E71 -> Domo | E68: ='RESUMEN TOTAL'!F71 -> Radio | F68: ='RESUMEN TOTAL'!L71 -> 0 | G68: ='RESUMEN TOTAL'!M71 -> 0 | H68: ='RESUMEN TOTAL'!N71 -> 0 | I68: ='RESUMEN TOTAL'!O71 -> 0 | J68: ='RESUMEN TOTAL'!P71 -> 0 | K68: ='RESUMEN TOTAL'!Q71 -> 0 | L68: ='RESUMEN TOTAL'!R71 -> 0 | M68: ='RESUMEN TOTAL'!S71 -> 0 | ... AH68: ='RESUMEN TOTAL'!AN71 -> 0
A69: ='RESUMEN TOTAL'!A72 -> CENTRO | B69: ='RESUMEN TOTAL'!B72 -> CEN49 | C69: ='RESUMEN TOTAL'!D72 -> Av. San Martin y Florencio Sanchez | D69: ='RESUMEN TOTAL'!E72 -> Domo | E69: ='RESUMEN TOTAL'!F72 -> Radio | F69: ='RESUMEN TOTAL'!L72 -> 0 | G69: ='RESUMEN TOTAL'!M72 -> 0 | H69: ='RESUMEN TOTAL'!N72 -> 0 | I69: ='RESUMEN TOTAL'!O72 -> 0 | J69: ='RESUMEN TOTAL'!P72 -> 0 | K69: ='RESUMEN TOTAL'!Q72 -> 0 | L69: ='RESUMEN TOTAL'!R72 -> 0 | M69: ='RESUMEN TOTAL'!S72 -> 0 | ... AH69: ='RESUMEN TOTAL'!AN72 -> 0
A70: ='RESUMEN TOTAL'!A73 -> CENTRO | B70: ='RESUMEN TOTAL'!B73 -> CEN 50 | C70: ='RESUMEN TOTAL'!D73 -> Av. San Martin y Newbery | D70: ='RESUMEN TOTAL'!E73 -> Domo | E70: ='RESUMEN TOTAL'!F73 -> Radio | F70: ='RESUMEN TOTAL'!L73 -> 0 | G70: ='RESUMEN TOTAL'!M73 -> 0 | H70: ='RESUMEN TOTAL'!N73 -> 0 | I70: ='RESUMEN TOTAL'!O73 -> 0 | J70: ='RESUMEN TOTAL'!P73 -> 0 | K70: ='RESUMEN TOTAL'!Q73 -> 0 | L70: ='RESUMEN TOTAL'!R73 -> APAGADO | M70: ='RESUMEN TOTAL'!S73 -> APAGADO | ... AH70: ='RESUMEN TOTAL'!AN73 -> 0
A71: ='RESUMEN TOTAL'!A74 -> CENTRO | B71: ='RESUMEN TOTAL'!B74 -> CEN 51 | C71: ='RESUMEN TOTAL'!D74 -> ILLIA Y LAS HERAS | D71: ='RESUMEN TOTAL'!E74 -> FIJA | E71: ='RESUMEN TOTAL'!F74 -> Fibra Optica | F71: ='RESUMEN TOTAL'!L74 -> 0 | G71: ='RESUMEN TOTAL'!M74 -> 0 | H71: ='RESUMEN TOTAL'!N74 -> 0 | I71: ='RESUMEN TOTAL'!O74 -> 0 | J71: ='RESUMEN TOTAL'!P74 -> 0 | K71: ='RESUMEN TOTAL'!Q74 -> 0 | L71: ='RESUMEN TOTAL'!R74 -> 0 | M71: ='RESUMEN TOTAL'!S74 -> 0 | ... AH71: ='RESUMEN TOTAL'!AN74 -> 0
A72: ='RESUMEN TOTAL'!A75 -> CENTRO | B72: ='RESUMEN TOTAL'!B75 -> CEN52 | C72: ='RESUMEN TOTAL'!D75 -> San Martin y Almafuerte (ex San Martin y Dorrego) | D72: ='RESUMEN TOTAL'!E75 -> DOMO | E72: ='RESUMEN TOTAL'!F75 -> Radio | F72: ='RESUMEN TOTAL'!L75 -> 0 | G72: ='RESUMEN TOTAL'!M75 -> 0 | H72: ='RESUMEN TOTAL'!N75 -> 0 | I72: ='RESUMEN TOTAL'!O75 -> 0 | J72: ='RESUMEN TOTAL'!P75 -> 0 | K72: ='RESUMEN TOTAL'!Q75 -> 0 | L72: ='RESUMEN TOTAL'!R75 -> 0 | M72: ='RESUMEN TOTAL'!S75 -> 0 | ... AH72: ='RESUMEN TOTAL'!AN75 -> 0
A73: ='RESUMEN TOTAL'!A76 -> CENTRO | B73: ='RESUMEN TOTAL'!B76 -> CEN 53 | C73: ='RESUMEN TOTAL'!D76 -> GUTIERREZ Y BROWN | D73: ='RESUMEN TOTAL'!E76 -> Domo | E73: ='RESUMEN TOTAL'!F76 -> Radio | F73: ='RESUMEN TOTAL'!L76 -> 0 | G73: ='RESUMEN TOTAL'!M76 -> 0 | H73: ='RESUMEN TOTAL'!N76 -> 0 | I73: ='RESUMEN TOTAL'!O76 -> 0 | J73: ='RESUMEN TOTAL'!P76 -> 0 | K73: ='RESUMEN TOTAL'!Q76 -> 0 | L73: ='RESUMEN TOTAL'!R76 -> 0 | M73: ='RESUMEN TOTAL'!S76 -> 0 | ... AH73: ='RESUMEN TOTAL'!AN76 -> 0
A74: ='RESUMEN TOTAL'!A77 -> CENTRO | B74: ='RESUMEN TOTAL'!B77 -> CEN 54 | C74: ='RESUMEN TOTAL'!D77 -> GUTIERREZ Y PRINGLES | D74: ='RESUMEN TOTAL'!E77 -> Domo | E74: ='RESUMEN TOTAL'!F77 -> Radio | F74: ='RESUMEN TOTAL'!L77 -> 0 | G74: ='RESUMEN TOTAL'!M77 -> 0 | H74: ='RESUMEN TOTAL'!N77 -> 0 | I74: ='RESUMEN TOTAL'!O77 -> 0 | J74: ='RESUMEN TOTAL'!P77 -> 0 | K74: ='RESUMEN TOTAL'!Q77 -> 0 | L74: ='RESUMEN TOTAL'!R77 -> 0 | M74: ='RESUMEN TOTAL'!S77 -> 0 | ... AH74: ='RESUMEN TOTAL'!AN77 -> 0
... A86: ='RESUMEN TOTAL'!A89 -> CENTRO | B86: ='RESUMEN TOTAL'!B89 -> CEN66 | C86: ='RESUMEN TOTAL'!D89 -> SAN MARTIN Y JUAN PERON | D86: ='RESUMEN TOTAL'!E89 -> FIJA | E86: ='RESUMEN TOTAL'!F89 -> Fibra Optica | F86: ='RESUMEN TOTAL'!L89 -> 0 | G86: ='RESUMEN TOTAL'!M89 -> 0 | H86: ='RESUMEN TOTAL'!N89 -> 0 | I86: ='RESUMEN TOTAL'!O89 -> 0 | J86: ='RESUMEN TOTAL'!P89 -> 0 | K86: ='RESUMEN TOTAL'!Q89 -> 0 | L86: ='RESUMEN TOTAL'!R89 -> 0 | M86: ='RESUMEN TOTAL'!S89 -> 0 | ... AH86: ='RESUMEN TOTAL'!AN89 -> 0
A87: ='RESUMEN TOTAL'!A90 -> CENTRO | B87: ='RESUMEN TOTAL'!B90 -> CEN67 (fija 1) | C87: ='RESUMEN TOTAL'!D90 -> 9 DE JULIO Y BROWN | D87: ='RESUMEN TOTAL'!E90 -> Fija | E87: ='RESUMEN TOTAL'!F90 -> Fibra Optica | F87: ='RESUMEN TOTAL'!L90 -> APAGADO | G87: ='RESUMEN TOTAL'!M90 -> APAGADO | H87: ='RESUMEN TOTAL'!N90 -> APAGADO | I87: ='RESUMEN TOTAL'!O90 -> APAGADO | J87: ='RESUMEN TOTAL'!P90 -> APAGADO | K87: ='RESUMEN TOTAL'!Q90 -> APAGADO | L87: ='RESUMEN TOTAL'!R90 -> APAGADO | M87: ='RESUMEN TOTAL'!S90 -> APAGADO | ... AG87: ='RESUMEN TOTAL'!AM90 -> 0 | AH87: ='RESUMEN TOTAL'!#REF! -> #REF!
A88: ='RESUMEN TOTAL'!A91 -> CENTRO | B88: ='RESUMEN TOTAL'!B91 -> CEN68 (fija 2) | C88: ='RESUMEN TOTAL'!D91 -> 9 DE JULIO Y BROWN | D88: ='RESUMEN TOTAL'!E91 -> Fija | E88: ='RESUMEN TOTAL'!F91 -> Fibra Optica | F88: ='RESUMEN TOTAL'!L91 -> APAGADO | G88: ='RESUMEN TOTAL'!M91 -> APAGADO | H88: ='RESUMEN TOTAL'!N91 -> APAGADO | I88: ='RESUMEN TOTAL'!O91 -> APAGADO | J88: ='RESUMEN TOTAL'!P91 -> APAGADO | K88: ='RESUMEN TOTAL'!Q91 -> APAGADO | L88: ='RESUMEN TOTAL'!R91 -> APAGADO | M88: ='RESUMEN TOTAL'!S91 -> APAGADO | ... AG88: ='RESUMEN TOTAL'!AM91 -> 0 | AH88: ='RESUMEN TOTAL'!#REF! -> #REF!
A89: ='RESUMEN TOTAL'!A92 -> CENTRO | B89: ='RESUMEN TOTAL'!B92 -> CEN69 | C89: ='RESUMEN TOTAL'!D92 -> RIVADAVIA Y BOUREL | D89: ='RESUMEN TOTAL'!E92 -> DOMO | E89: ='RESUMEN TOTAL'!F92 -> Fibra Optica | F89: ='RESUMEN TOTAL'!L92 -> 0 | G89: ='RESUMEN TOTAL'!M92 -> 0 | H89: ='RESUMEN TOTAL'!N92 -> 0 | I89: ='RESUMEN TOTAL'!O92 -> 0 | J89: ='RESUMEN TOTAL'!P92 -> 0 | K89: ='RESUMEN TOTAL'!Q92 -> 0 | L89: ='RESUMEN TOTAL'!R92 -> 0 | M89: ='RESUMEN TOTAL'!S92 -> 0 | ... AH89: ='RESUMEN TOTAL'!AN92 -> 0
A90: ='RESUMEN TOTAL'!A93 -> CENTRO | B90: ='RESUMEN TOTAL'!B93 -> CEN 70 | C90: ='RESUMEN TOTAL'!D93 -> RIVADAVIA Y 25 MAYO | D90: ='RESUMEN TOTAL'!E93 -> Domo | E90: ='RESUMEN TOTAL'!F93 -> Fibra Optica | F90: ='RESUMEN TOTAL'!L93 -> 0 | G90: ='RESUMEN TOTAL'!M93 -> 0 | H90: ='RESUMEN TOTAL'!N93 -> 0 | I90: ='RESUMEN TOTAL'!O93 -> 0 | J90: ='RESUMEN TOTAL'!P93 -> 0 | K90: ='RESUMEN TOTAL'!Q93 -> 0 | L90: ='RESUMEN TOTAL'!R93 -> 0 | M90: ='RESUMEN TOTAL'!S93 -> 0 | ... AH90: ='RESUMEN TOTAL'!AN93 -> 0
A91: ='RESUMEN TOTAL'!A94 -> CENTRO | B91: ='RESUMEN TOTAL'!B94 -> CEN 71 | C91: ='RESUMEN TOTAL'!D94 -> MORENO Y BOUREL | D91: ='RESUMEN TOTAL'!E94 -> Domo | E91: ='RESUMEN TOTAL'!F94 -> Fibra Optica | F91: ='RESUMEN TOTAL'!L94 -> 0 | G91: ='RESUMEN TOTAL'!M94 -> 0 | H91: ='RESUMEN TOTAL'!N94 -> 0 | I91: ='RESUMEN TOTAL'!O94 -> 0 | J91: ='RESUMEN TOTAL'!P94 -> 0 | K91: ='RESUMEN TOTAL'!Q94 -> 0 | L91: ='RESUMEN TOTAL'!R94 -> 0 | M91: ='RESUMEN TOTAL'!S94 -> 0 | ... AH91: ='RESUMEN TOTAL'!AN94 -> 0
A92: ='RESUMEN TOTAL'!A95 -> CENTRO | B92: ='RESUMEN TOTAL'!B95 -> CEN 72 | C92: ='RESUMEN TOTAL'!D95 -> MORENO Y 25 DE MAYO | D92: ='RESUMEN TOTAL'!E95 -> Domo | E92: ='RESUMEN TOTAL'!F95 -> Fibra Optica | F92: ='RESUMEN TOTAL'!L95 -> 0 | G92: ='RESUMEN TOTAL'!M95 -> 0 | H92: ='RESUMEN TOTAL'!N95 -> 0 | I92: ='RESUMEN TOTAL'!O95 -> 0 | J92: ='RESUMEN TOTAL'!P95 -> 0 | K92: ='RESUMEN TOTAL'!Q95 -> 0 | L92: ='RESUMEN TOTAL'!R95 -> 0 | M92: ='RESUMEN TOTAL'!S95 -> 0 | ... AH92: ='RESUMEN TOTAL'!AN95 -> 0
A93: ='RESUMEN TOTAL'!A96 -> CENTRO | B93: ='RESUMEN TOTAL'!B96 -> CEN73 | C93: ='RESUMEN TOTAL'!D96 -> BOUREL Y DEFENSA | D93: ='RESUMEN TOTAL'!E96 -> DOMO | E93: ='RESUMEN TOTAL'!F96 -> Fibra Optica | F93: ='RESUMEN TOTAL'!L96 -> 0 | G93: ='RESUMEN TOTAL'!M96 -> 0 | H93: ='RESUMEN TOTAL'!N96 -> 0 | I93: ='RESUMEN TOTAL'!O96 -> 0 | J93: ='RESUMEN TOTAL'!P96 -> 0 | K93: ='RESUMEN TOTAL'!Q96 -> 0 | L93: ='RESUMEN TOTAL'!R96 -> 0 | M93: ='RESUMEN TOTAL'!S96 -> 0 | ... AH93: ='RESUMEN TOTAL'!AN96 -> 0
A94: ='RESUMEN TOTAL'!A97 -> CENTRO | B94: ='RESUMEN TOTAL'!B97 -> CEN74 | C94: ='RESUMEN TOTAL'!D97 -> Las Heras y Maipu | D94: ='RESUMEN TOTAL'!E97 -> Domo | E94: ='RESUMEN TOTAL'!F97 -> Fibra Optica | F94: ='RESUMEN TOTAL'!L97 -> 0 | G94: ='RESUMEN TOTAL'!M97 -> 0 | H94: ='RESUMEN TOTAL'!N97 -> 0 | I94: ='RESUMEN TOTAL'!O97 -> 0 | J94: ='RESUMEN TOTAL'!P97 -> 0 | K94: ='RESUMEN TOTAL'!Q97 -> 0 | L94: ='RESUMEN TOTAL'!R97 -> 0 | M94: ='RESUMEN TOTAL'!S97 -> 0 | ... AH94: ='RESUMEN TOTAL'!AN97 -> 0
A95: ='RESUMEN TOTAL'!A98 -> CENTRO | B95: ='RESUMEN TOTAL'!B98 -> CEN 75 | C95: ='RESUMEN TOTAL'!D98 -> 25 DE MAYO Y CASTELLI | D95: ='RESUMEN TOTAL'!E98 -> Domo | E95: ='RESUMEN TOTAL'!F98 -> Fibra Optica | F95: ='RESUMEN TOTAL'!L98 -> 0 | G95: ='RESUMEN TOTAL'!M98 -> 0 | H95: ='RESUMEN TOTAL'!N98 -> 0 | I95: ='RESUMEN TOTAL'!O98 -> 0 | J95: ='RESUMEN TOTAL'!P98 -> 0 | K95: ='RESUMEN TOTAL'!Q98 -> 0 | L95: ='RESUMEN TOTAL'!R98 -> 0 | M95: ='RESUMEN TOTAL'!S98 -> 0 | ... AH95: ='RESUMEN TOTAL'!AN98 -> 0
A96: ='RESUMEN TOTAL'!A99 -> CENTRO | B96: ='RESUMEN TOTAL'!B99 -> CEN 76 | C96: ='RESUMEN TOTAL'!D99 -> ESPAÑA E/MITRE Y BOCUZZI | D96: ='RESUMEN TOTAL'!E99 -> Fija | E96: ='RESUMEN TOTAL'!F99 -> Fibra Optica | F96: ='RESUMEN TOTAL'!L99 -> APAGADO | G96: ='RESUMEN TOTAL'!M99 -> APAGADO | H96: ='RESUMEN TOTAL'!N99 -> APAGADO | I96: ='RESUMEN TOTAL'!O99 -> APAGADO | J96: ='RESUMEN TOTAL'!P99 -> 0 | K96: ='RESUMEN TOTAL'!Q99 -> 0 | L96: ='RESUMEN TOTAL'!R99 -> 0 | M96: ='RESUMEN TOTAL'!S99 -> 0 | ... AH96: ='RESUMEN TOTAL'!AN99 -> 0
A97: ='RESUMEN TOTAL'!A100 -> CENTRO | B97: ='RESUMEN TOTAL'!B100 -> CEN 77 | C97: ='RESUMEN TOTAL'!D100 -> Monteagudo e/ Mitre y Boccuzzi | D97: ='RESUMEN TOTAL'!E100 -> Fija | E97: ='RESUMEN TOTAL'!F100 -> Fibra Optica | F97: ='RESUMEN TOTAL'!L100 -> 0 | G97: ='RESUMEN TOTAL'!M100 -> 0 | H97: ='RESUMEN TOTAL'!N100 -> 0 | I97: ='RESUMEN TOTAL'!O100 -> 0 | J97: ='RESUMEN TOTAL'!P100 -> 0 | K97: ='RESUMEN TOTAL'!Q100 -> 0 | L97: ='RESUMEN TOTAL'!R100 -> 0 | M97: ='RESUMEN TOTAL'!S100 -> 0 | ... AH97: ='RESUMEN TOTAL'!AN100 -> 0
A98: ='RESUMEN TOTAL'!A101 -> CENTRO | B98: ='RESUMEN TOTAL'!B101 -> CEN 78 | C98: ='RESUMEN TOTAL'!D101 -> Mitre e/Monteagudo y Alberdi | D98: ='RESUMEN TOTAL'!E101 -> Fija | E98: ='RESUMEN TOTAL'!F101 -> Fibra Optica | F98: ='RESUMEN TOTAL'!L101 -> 0 | G98: ='RESUMEN TOTAL'!M101 -> 0 | H98: ='RESUMEN TOTAL'!N101 -> 0 | I98: ='RESUMEN TOTAL'!O101 -> 0 | J98: ='RESUMEN TOTAL'!P101 -> 0 | K98: ='RESUMEN TOTAL'!Q101 -> 0 | L98: ='RESUMEN TOTAL'!R101 -> 0 | M98: ='RESUMEN TOTAL'!S101 -> 0 | ... AH98: ='RESUMEN TOTAL'!AN101 -> 0
A99: ='RESUMEN TOTAL'!A102 -> CENTRO | B99: ='RESUMEN TOTAL'!B102 -> CEN 79 | C99: ='RESUMEN TOTAL'!D102 -> Diag. Constituyente y Brown | D99: ='RESUMEN TOTAL'!E102 -> Fija | E99: ='RESUMEN TOTAL'!F102 -> Fibra Optica | F99: ='RESUMEN TOTAL'!L102 -> 0 | G99: ='RESUMEN TOTAL'!M102 -> 0 | H99: ='RESUMEN TOTAL'!N102 -> 0 | I99: ='RESUMEN TOTAL'!O102 -> 0 | J99: ='RESUMEN TOTAL'!P102 -> 0 | K99: ='RESUMEN TOTAL'!Q102 -> 0 | L99: ='RESUMEN TOTAL'!R102 -> 0 | M99: ='RESUMEN TOTAL'!S102 -> 0 | ... AH99: ='RESUMEN TOTAL'!AN102 -> 0
A100: ='RESUMEN TOTAL'!A103 -> CENTRO | B100: ='RESUMEN TOTAL'!B103 -> CEN 80 | C100: ='RESUMEN TOTAL'!D103 -> Diag. Constituyente y Brown | D100: ='RESUMEN TOTAL'!E103 -> Fija | E100: ='RESUMEN TOTAL'!F103 -> Fibra Optica | F100: ='RESUMEN TOTAL'!L103 -> 0 | G100: ='RESUMEN TOTAL'!M103 -> 0 | H100: ='RESUMEN TOTAL'!N103 -> 0 | I100: ='RESUMEN TOTAL'!O103 -> 0 | J100: ='RESUMEN TOTAL'!P103 -> 0 | K100: ='RESUMEN TOTAL'!Q103 -> 0 | L100: ='RESUMEN TOTAL'!R103 -> 0 | M100: ='RESUMEN TOTAL'!S103 -> 0 | ... AH100: ='RESUMEN TOTAL'!AN103 -> 0
... A102: ='RESUMEN TOTAL'!A105 -> CENTRO | B102: ='RESUMEN TOTAL'!B105 -> CEN 82 | C102: ='RESUMEN TOTAL'!D105 -> DORREGO Y BOUREL | D102: ='RESUMEN TOTAL'!E105 -> Domo | E102: ='RESUMEN TOTAL'!F105 -> Fibra Optica | F102: ='RESUMEN TOTAL'!L105 -> 0 | G102: ='RESUMEN TOTAL'!M105 -> 0 | H102: ='RESUMEN TOTAL'!N105 -> 0 | I102: ='RESUMEN TOTAL'!O105 -> 0 | J102: ='RESUMEN TOTAL'!P105 -> 0 | K102: ='RESUMEN TOTAL'!Q105 -> 0 | L102: ='RESUMEN TOTAL'!R105 -> 0 | M102: ='RESUMEN TOTAL'!S105 -> 0 | ... AH102: ='RESUMEN TOTAL'!AN105 -> 0
A103: ='RESUMEN TOTAL'!A106 -> CENTRO | B103: ='RESUMEN TOTAL'!B106 -> CEN83 | C103: ='RESUMEN TOTAL'!D106 -> RECONQUISTA Y 25 DE MAYO | D103: ='RESUMEN TOTAL'!E106 -> Domo | E103: ='RESUMEN TOTAL'!F106 -> Radio | F103: ='RESUMEN TOTAL'!L106 -> APAGADO | G103: ='RESUMEN TOTAL'!M106 -> APAGADO | H103: ='RESUMEN TOTAL'!N106 -> APAGADO | I103: ='RESUMEN TOTAL'!O106 -> APAGADO | J103: ='RESUMEN TOTAL'!P106 -> APAGADO | K103: ='RESUMEN TOTAL'!Q106 -> APAGADO | L103: ='RESUMEN TOTAL'!R106 -> APAGADO | M103: ='RESUMEN TOTAL'!S106 -> APAGADO | ... AG103: ='RESUMEN TOTAL'!AM106 -> 0 | AH103: ='RESUMEN TOTAL'!#REF! -> #REF!
A104: ='RESUMEN TOTAL'!A107 -> CENTRO | B104: ='RESUMEN TOTAL'!B107 -> CEN 84 | C104: ='RESUMEN TOTAL'!D107 -> 25 DE MAYO Y MAIPU | D104: ='RESUMEN TOTAL'!E107 -> Fija | E104: ='RESUMEN TOTAL'!F107 -> Fibra Optica | F104: ='RESUMEN TOTAL'!L107 -> 0 | G104: ='RESUMEN TOTAL'!M107 -> 0 | H104: ='RESUMEN TOTAL'!N107 -> 0 | I104: ='RESUMEN TOTAL'!O107 -> 0 | J104: ='RESUMEN TOTAL'!P107 -> 0 | K104: ='RESUMEN TOTAL'!Q107 -> 0 | L104: ='RESUMEN TOTAL'!R107 -> 0 | M104: ='RESUMEN TOTAL'!S107 -> 0 | ... AH104: ='RESUMEN TOTAL'!AN107 -> 0
A105: ='RESUMEN TOTAL'!A108 -> CENTRO | B105: ='RESUMEN TOTAL'!B108 -> CEN 85 | C105: ='RESUMEN TOTAL'!D108 -> PTE PERON E/ PRINGLES Y BROWN | D105: ='RESUMEN TOTAL'!E108 -> Fija | E105: ='RESUMEN TOTAL'!F108 -> Fibra Optica | F105: ='RESUMEN TOTAL'!L108 -> 0 | G105: ='RESUMEN TOTAL'!M108 -> 0 | H105: ='RESUMEN TOTAL'!N108 -> 0 | I105: ='RESUMEN TOTAL'!O108 -> 0 | J105: ='RESUMEN TOTAL'!P108 -> 0 | K105: ='RESUMEN TOTAL'!Q108 -> 0 | L105: ='RESUMEN TOTAL'!R108 -> 0 | M105: ='RESUMEN TOTAL'!S108 -> 0 | ... AH105: ='RESUMEN TOTAL'!AN108 -> 0
A106: ='RESUMEN TOTAL'!A109 -> CENTRO | B106: ='RESUMEN TOTAL'!B109 -> CEN 86 | C106: ='RESUMEN TOTAL'!D109 -> Monteagudo y Bocuzzi | D106: ='RESUMEN TOTAL'!E109 -> Fija | E106: ='RESUMEN TOTAL'!F109 -> Fibra Optica | F106: ='RESUMEN TOTAL'!L109 -> APAGADO | G106: ='RESUMEN TOTAL'!M109 -> APAGADO | H106: ='RESUMEN TOTAL'!N109 -> APAGADO | I106: ='RESUMEN TOTAL'!O109 -> APAGADO | J106: ='RESUMEN TOTAL'!P109 -> 0 | K106: ='RESUMEN TOTAL'!Q109 -> 0 | L106: ='RESUMEN TOTAL'!R109 -> 0 | M106: ='RESUMEN TOTAL'!S109 -> 0 | ... AH106: ='RESUMEN TOTAL'!AN109 -> 0
A107: ='RESUMEN TOTAL'!A110 -> CENTRO | B107: ='RESUMEN TOTAL'!B110 -> CEN87 | C107: ='RESUMEN TOTAL'!D110 -> 25 DE MAYO Y NEWBERY | D107: ='RESUMEN TOTAL'!E110 -> Domo | E107: ='RESUMEN TOTAL'!F110 -> GPON | F107: ='RESUMEN TOTAL'!L110 -> APAGADO | G107: ='RESUMEN TOTAL'!M110 -> APAGADO | H107: ='RESUMEN TOTAL'!N110 -> APAGADO | I107: ='RESUMEN TOTAL'!O110 -> APAGADO | J107: ='RESUMEN TOTAL'!P110 -> APAGADO | K107: ='RESUMEN TOTAL'!Q110 -> APAGADO | L107: ='RESUMEN TOTAL'!R110 -> APAGADO | M107: ='RESUMEN TOTAL'!S110 -> APAGADO | ... AH107: ='RESUMEN TOTAL'!AN110 -> 0
A108: ='RESUMEN TOTAL'!A111 -> SAN NICOLAS | B108: ='RESUMEN TOTAL'!B111 -> CHA01 | C108: ='RESUMEN TOTAL'!D111 -> Novak y Pte Illia | D108: ='RESUMEN TOTAL'!E111 -> Domo | E108: ='RESUMEN TOTAL'!F111 -> Radio | F108: ='RESUMEN TOTAL'!L111 -> 0 | G108: ='RESUMEN TOTAL'!M111 -> 0 | H108: ='RESUMEN TOTAL'!N111 -> 0 | I108: ='RESUMEN TOTAL'!O111 -> 0 | J108: ='RESUMEN TOTAL'!P111 -> 0 | K108: ='RESUMEN TOTAL'!Q111 -> 0 | L108: ='RESUMEN TOTAL'!R111 -> 0 | M108: ='RESUMEN TOTAL'!S111 -> 0 | ... AH108: ='RESUMEN TOTAL'!AN111 -> 0
A109: ='RESUMEN TOTAL'!A112 -> CHACABUCO | B109: ='RESUMEN TOTAL'!B112 -> CHA02 | C109: ='RESUMEN TOTAL'!D112 -> Pte. Illia y Posadas | D109: ='RESUMEN TOTAL'!E112 -> Domo | E109: ='RESUMEN TOTAL'!F112 -> Radio | F109: ='RESUMEN TOTAL'!L112 -> APAGADO | G109: ='RESUMEN TOTAL'!M112 -> APAGADO | H109: ='RESUMEN TOTAL'!N112 -> APAGADO | I109: ='RESUMEN TOTAL'!O112 -> APAGADO | J109: ='RESUMEN TOTAL'!P112 -> APAGADO | K109: ='RESUMEN TOTAL'!Q112 -> APAGADO | L109: ='RESUMEN TOTAL'!R112 -> APAGADO | M109: ='RESUMEN TOTAL'!S112 -> APAGADO | ... AG109: ='RESUMEN TOTAL'!AM112 -> 0 | AH109: ='RESUMEN TOTAL'!#REF! -> #REF!
A110: ='RESUMEN TOTAL'!A113 -> CHACABUCO | B110: ='RESUMEN TOTAL'!B113 -> CHA03 | C110: ='RESUMEN TOTAL'!D113 -> MAIPU Y ALVAREZ THOMAS | D110: ='RESUMEN TOTAL'!E113 -> DOMO | E110: ='RESUMEN TOTAL'!F113 -> Fibra Optica | F110: ='RESUMEN TOTAL'!L113 -> 0 | G110: ='RESUMEN TOTAL'!M113 -> 0 | H110: ='RESUMEN TOTAL'!N113 -> 0 | I110: ='RESUMEN TOTAL'!O113 -> 0 | J110: ='RESUMEN TOTAL'!P113 -> 0 | K110: ='RESUMEN TOTAL'!Q113 -> 0 | L110: ='RESUMEN TOTAL'!R113 -> 0 | M110: ='RESUMEN TOTAL'!S113 -> 0 | ... AH110: ='RESUMEN TOTAL'!AN113 -> 0
A111: ='RESUMEN TOTAL'!A114 -> CHACABUCO | B111: ='RESUMEN TOTAL'!B114 -> CHA04 | C111: ='RESUMEN TOTAL'!D114 -> ESTADOS UNIDOS DE A. E ILLIA | D111: ='RESUMEN TOTAL'!E114 -> DOMO | E111: ='RESUMEN TOTAL'!F114 -> Fibra Optica | F111: ='RESUMEN TOTAL'!L114 -> APAGADO | G111: ='RESUMEN TOTAL'!M114 -> APAGADO | H111: ='RESUMEN TOTAL'!N114 -> APAGADO | I111: ='RESUMEN TOTAL'!O114 -> APAGADO | J111: ='RESUMEN TOTAL'!P114 -> APAGADO | K111: ='RESUMEN TOTAL'!Q114 -> APAGADO | L111: ='RESUMEN TOTAL'!R114 -> APAGADO | M111: ='RESUMEN TOTAL'!S114 -> APAGADO | ... AG111: ='RESUMEN TOTAL'!AM114 -> 0 | AH111: ='RESUMEN TOTAL'!#REF! -> #REF!
A112: ='RESUMEN TOTAL'!A115 -> VILLA MONICA NUEVA | B112: ='RESUMEN TOTAL'!B115 -> COL01 | C112: ='RESUMEN TOTAL'!D115 -> Eva Peron y Cariboni | D112: ='RESUMEN TOTAL'!E115 -> Domo | E112: ='RESUMEN TOTAL'!F115 -> Radio | F112: ='RESUMEN TOTAL'!L115 -> APAGADO | G112: ='RESUMEN TOTAL'!M115 -> APAGADO | H112: ='RESUMEN TOTAL'!N115 -> APAGADO | I112: ='RESUMEN TOTAL'!O115 -> APAGADO | J112: ='RESUMEN TOTAL'!P115 -> 0 | K112: ='RESUMEN TOTAL'!Q115 -> 0 | L112: ='RESUMEN TOTAL'!R115 -> 0 | M112: ='RESUMEN TOTAL'!S115 -> APAGADO | ... AH112: ='RESUMEN TOTAL'!AN115 -> 0
A113: ='RESUMEN TOTAL'!A116 -> LA COLORADA ESTE | B113: ='RESUMEN TOTAL'!B116 -> COL02 | C113: ='RESUMEN TOTAL'!D116 -> Av. Eva Peron y Pompeya | D113: ='RESUMEN TOTAL'!E116 -> Domo | E113: ='RESUMEN TOTAL'!F116 -> Radio | F113: ='RESUMEN TOTAL'!L116 -> APAGADO | G113: ='RESUMEN TOTAL'!M116 -> APAGADO | H113: ='RESUMEN TOTAL'!N116 -> APAGADO | I113: ='RESUMEN TOTAL'!O116 -> APAGADO | J113: ='RESUMEN TOTAL'!P116 -> 0 | K113: ='RESUMEN TOTAL'!Q116 -> 0 | L113: ='RESUMEN TOTAL'!R116 -> 0 | M113: ='RESUMEN TOTAL'!S116 -> APAGADO | ... AH113: ='RESUMEN TOTAL'!AN116 -> 0
A114: ='RESUMEN TOTAL'!A117 -> LA COLORADA ESTE | B114: ='RESUMEN TOTAL'!B117 -> COL 03 | C114: ='RESUMEN TOTAL'!D117 -> CARIBONI Y LA ANCIANIDAD | D114: ='RESUMEN TOTAL'!E117 -> DOMO | E114: ='RESUMEN TOTAL'!F117 -> Radio | F114: ='RESUMEN TOTAL'!L117 -> 0 | G114: ='RESUMEN TOTAL'!M117 -> 0 | H114: ='RESUMEN TOTAL'!N117 -> 0 | I114: ='RESUMEN TOTAL'!O117 -> 0 | J114: ='RESUMEN TOTAL'!P117 -> 0 | K114: ='RESUMEN TOTAL'!Q117 -> 0 | L114: ='RESUMEN TOTAL'!R117 -> 0 | M114: ='RESUMEN TOTAL'!S117 -> APAGADO | ... AH114: ='RESUMEN TOTAL'!AN117 -> 0
A115: ='RESUMEN TOTAL'!A118 -> LA COLORADA ESTE | B115: ='RESUMEN TOTAL'!B118 -> COL 04 | C115: ='RESUMEN TOTAL'!D118 -> EVA PERON Y SAVIO | D115: ='RESUMEN TOTAL'!E118 -> Domo | E115: ='RESUMEN TOTAL'!F118 -> Fibra Optica | F115: ='RESUMEN TOTAL'!L118 -> 0 | G115: ='RESUMEN TOTAL'!M118 -> APAGADO | H115: ='RESUMEN TOTAL'!N118 -> APAGADO | I115: ='RESUMEN TOTAL'!O118 -> APAGADO | J115: ='RESUMEN TOTAL'!P118 -> 0 | K115: ='RESUMEN TOTAL'!Q118 -> 0 | L115: ='RESUMEN TOTAL'!R118 -> 0 | M115: ='RESUMEN TOTAL'!S118 -> APAGADO | ... AH115: ='RESUMEN TOTAL'!AN118 -> 0
A116: ='RESUMEN TOTAL'!A119 -> DON JOSE | B116: ='RESUMEN TOTAL'!B119 -> DJO01 | C116: ='RESUMEN TOTAL'!D119 -> Monteverde y Donato Alvarez | D116: ='RESUMEN TOTAL'!E119 -> Domo | E116: ='RESUMEN TOTAL'!F119 -> Radio | F116: ='RESUMEN TOTAL'!L119 -> 0 | G116: ='RESUMEN TOTAL'!M119 -> 0 | H116: ='RESUMEN TOTAL'!N119 -> 0 | I116: ='RESUMEN TOTAL'!O119 -> 0 | J116: ='RESUMEN TOTAL'!P119 -> 0 | K116: ='RESUMEN TOTAL'!Q119 -> 0 | L116: ='RESUMEN TOTAL'!R119 -> 0 | M116: ='RESUMEN TOTAL'!S119 -> 0 | ... AH116: ='RESUMEN TOTAL'!AN119 -> 0
A117: ='RESUMEN TOTAL'!A120 -> DON JOSE | B117: ='RESUMEN TOTAL'!B120 -> DJO 02 (fija 1) | C117: ='RESUMEN TOTAL'!D120 -> DONATO ALVAREZ Y EL APERO | D117: ='RESUMEN TOTAL'!E120 -> Fija | E117: ='RESUMEN TOTAL'!F120 -> PTO A FO | F117: ='RESUMEN TOTAL'!L120 -> 0 | G117: ='RESUMEN TOTAL'!M120 -> 0 | H117: ='RESUMEN TOTAL'!N120 -> 0 | I117: ='RESUMEN TOTAL'!O120 -> 0 | J117: ='RESUMEN TOTAL'!P120 -> 0 | K117: ='RESUMEN TOTAL'!Q120 -> 0 | L117: ='RESUMEN TOTAL'!R120 -> 0 | M117: ='RESUMEN TOTAL'!S120 -> 0 | ... AH117: ='RESUMEN TOTAL'!AN120 -> 0
A118: ='RESUMEN TOTAL'!A121 -> DON JOSE | B118: ='RESUMEN TOTAL'!B121 -> DJO 03 (fija 2) | C118: ='RESUMEN TOTAL'!D121 -> DONATO ALVAREZ Y EL APERO | D118: ='RESUMEN TOTAL'!E121 -> Fija | E118: ='RESUMEN TOTAL'!F121 -> PTO A FO | F118: ='RESUMEN TOTAL'!L121 -> 0 | G118: ='RESUMEN TOTAL'!M121 -> 0 | H118: ='RESUMEN TOTAL'!N121 -> 0 | I118: ='RESUMEN TOTAL'!O121 -> 0 | J118: ='RESUMEN TOTAL'!P121 -> 0 | K118: ='RESUMEN TOTAL'!Q121 -> 0 | L118: ='RESUMEN TOTAL'!R121 -> 0 | M118: ='RESUMEN TOTAL'!S121 -> 0 | ... AH118: ='RESUMEN TOTAL'!AN121 -> 0
A119: ='RESUMEN TOTAL'!A122 -> DON JOSE | B119: ='RESUMEN TOTAL'!B122 -> DJO 04 (Fija 1) | C119: ='RESUMEN TOTAL'!D122 -> MONTEVERDE Y EL INDIO | D119: ='RESUMEN TOTAL'!E122 -> Fija | E119: ='RESUMEN TOTAL'!F122 -> PTO A FO | F119: ='RESUMEN TOTAL'!L122 -> 0 | G119: ='RESUMEN TOTAL'!M122 -> 0 | H119: ='RESUMEN TOTAL'!N122 -> 0 | I119: ='RESUMEN TOTAL'!O122 -> 0 | J119: ='RESUMEN TOTAL'!P122 -> 0 | K119: ='RESUMEN TOTAL'!Q122 -> 0 | L119: ='RESUMEN TOTAL'!R122 -> 0 | M119: ='RESUMEN TOTAL'!S122 -> 0 | ... AG119: ='RESUMEN TOTAL'!AM122 -> 0 | AH119: ='RESUMEN TOTAL'!#REF! -> #REF!
A120: ='RESUMEN TOTAL'!A123 -> DON JOSE | B120: ='RESUMEN TOTAL'!B123 -> DJO 05 (Fija 2) | C120: ='RESUMEN TOTAL'!D123 -> MONTEVERDE Y EL INDIO | D120: ='RESUMEN TOTAL'!E123 -> Fija | E120: ='RESUMEN TOTAL'!F123 -> PTO A FO | F120: ='RESUMEN TOTAL'!L123 -> 0 | G120: ='RESUMEN TOTAL'!M123 -> 0 | H120: ='RESUMEN TOTAL'!N123 -> 0 | I120: ='RESUMEN TOTAL'!O123 -> 0 | J120: ='RESUMEN TOTAL'!P123 -> 0 | K120: ='RESUMEN TOTAL'!Q123 -> 0 | L120: ='RESUMEN TOTAL'!R123 -> 0 | M120: ='RESUMEN TOTAL'!S123 -> 0 | ... AG120: ='RESUMEN TOTAL'!AM123 -> 0 | AH120: ='RESUMEN TOTAL'!#REF! -> #REF!
A121: ='RESUMEN TOTAL'!A124 -> DON JOSE | B121: ='RESUMEN TOTAL'!B124 -> DJ O6 | C121: ='RESUMEN TOTAL'!D124 -> Calle 414 y El Indio | D121: ='RESUMEN TOTAL'!E124 -> Fija | E121: ='RESUMEN TOTAL'!F124 -> PTO A FO | F121: ='RESUMEN TOTAL'!L124 -> 0 | G121: ='RESUMEN TOTAL'!M124 -> 0 | H121: ='RESUMEN TOTAL'!N124 -> 0 | I121: ='RESUMEN TOTAL'!O124 -> 0 | J121: ='RESUMEN TOTAL'!P124 -> 0 | K121: ='RESUMEN TOTAL'!Q124 -> 0 | L121: ='RESUMEN TOTAL'!R124 -> 0 | M121: ='RESUMEN TOTAL'!S124 -> 0 | ... AH121: ='RESUMEN TOTAL'!AN124 -> 0
A122: ='RESUMEN TOTAL'!A125 -> DON JOSE | B122: ='RESUMEN TOTAL'!B125 -> DJ 07 | C122: ='RESUMEN TOTAL'!D125 -> Calle 414 y El Indio | D122: ='RESUMEN TOTAL'!E125 -> Fija | E122: ='RESUMEN TOTAL'!F125 -> PTO A FO | F122: ='RESUMEN TOTAL'!L125 -> 0 | G122: ='RESUMEN TOTAL'!M125 -> 0 | H122: ='RESUMEN TOTAL'!N125 -> 0 | I122: ='RESUMEN TOTAL'!O125 -> 0 | J122: ='RESUMEN TOTAL'!P125 -> 0 | K122: ='RESUMEN TOTAL'!Q125 -> 0 | L122: ='RESUMEN TOTAL'!R125 -> 0 | M122: ='RESUMEN TOTAL'!S125 -> 0 | ... AH122: ='RESUMEN TOTAL'!AN125 -> 0
A123: ='RESUMEN TOTAL'!A126 -> DON ORIONE | B123: ='RESUMEN TOTAL'!B126 -> DORIO1 | C123: ='RESUMEN TOTAL'!D126 -> AV Bosques Y Theran | D123: ='RESUMEN TOTAL'!E126 -> Domo | E123: ='RESUMEN TOTAL'!F126 -> GPON | F123: ='RESUMEN TOTAL'!L126 -> 0 | G123: ='RESUMEN TOTAL'!M126 -> 0 | H123: ='RESUMEN TOTAL'!N126 -> 0 | I123: ='RESUMEN TOTAL'!O126 -> 0 | J123: ='RESUMEN TOTAL'!P126 -> 0 | K123: ='RESUMEN TOTAL'!Q126 -> 0 | L123: ='RESUMEN TOTAL'!R126 -> 0 | M123: ='RESUMEN TOTAL'!S126 -> 0 | ... AH123: ='RESUMEN TOTAL'!AN126 -> 0
A124: ='RESUMEN TOTAL'!A127 -> EL PARQUE | B124: ='RESUMEN TOTAL'!B127 -> EPQ 01 | C124: ='RESUMEN TOTAL'!D127 -> 1282 Y GRIERSON | D124: ='RESUMEN TOTAL'!E127 -> DOMO | E124: ='RESUMEN TOTAL'!F127 -> Fibra Optica | F124: ='RESUMEN TOTAL'!L127 -> APAGADO | G124: ='RESUMEN TOTAL'!M127 -> APAGADO | H124: ='RESUMEN TOTAL'!N127 -> APAGADO | I124: ='RESUMEN TOTAL'!O127 -> APAGADO | J124: ='RESUMEN TOTAL'!P127 -> APAGADO | K124: ='RESUMEN TOTAL'!Q127 -> APAGADO | L124: ='RESUMEN TOTAL'!R127 -> APAGADO | M124: ='RESUMEN TOTAL'!S127 -> APAGADO | ... AH124: ='RESUMEN TOTAL'!AN127 -> 0
A125: ='RESUMEN TOTAL'!A128 -> EL PARQUE | B125: ='RESUMEN TOTAL'!B128 -> EPQ 02 | C125: ='RESUMEN TOTAL'!D128 -> 1282 Y MASSE | D125: ='RESUMEN TOTAL'!E128 -> DOMO | E125: ='RESUMEN TOTAL'!F128 -> Fibra Optica | F125: ='RESUMEN TOTAL'!L128 -> 0 | G125: ='RESUMEN TOTAL'!M128 -> 0 | H125: ='RESUMEN TOTAL'!N128 -> 0 | I125: ='RESUMEN TOTAL'!O128 -> 0 | J125: ='RESUMEN TOTAL'!P128 -> 0 | K125: ='RESUMEN TOTAL'!Q128 -> APAGADO | L125: ='RESUMEN TOTAL'!R128 -> APAGADO | M125: ='RESUMEN TOTAL'!S128 -> APAGADO | ... AH125: ='RESUMEN TOTAL'!AN128 -> 0
A126: ='RESUMEN TOTAL'!A129 -> EL PARQUE | B126: ='RESUMEN TOTAL'!B129 -> EPQ 03 | C126: ='RESUMEN TOTAL'!D129 -> 1282 Y RP 36 | D126: ='RESUMEN TOTAL'!E129 -> Domo | E126: ='RESUMEN TOTAL'!F129 -> Fibra Optica | F126: ='RESUMEN TOTAL'!L129 -> APAGADO | G126: ='RESUMEN TOTAL'!M129 -> APAGADO | H126: ='RESUMEN TOTAL'!N129 -> APAGADO | I126: ='RESUMEN TOTAL'!O129 -> APAGADO | J126: ='RESUMEN TOTAL'!P129 -> APAGADO | K126: ='RESUMEN TOTAL'!Q129 -> APAGADO | L126: ='RESUMEN TOTAL'!R129 -> APAGADO | M126: ='RESUMEN TOTAL'!S129 -> APAGADO | ... AG126: ='RESUMEN TOTAL'!AM129 -> 0 | AH126: ='RESUMEN TOTAL'!#REF! -> #REF!
A127: ='RESUMEN TOTAL'!A130 -> EL PARQUE | B127: ='RESUMEN TOTAL'!B130 -> EPQ 04 | C127: ='RESUMEN TOTAL'!D130 -> 1282 Y MORENO | D127: ='RESUMEN TOTAL'!E130 -> DOMO | E127: ='RESUMEN TOTAL'!F130 -> Fibra Optica | F127: ='RESUMEN TOTAL'!L130 -> 0 | G127: ='RESUMEN TOTAL'!M130 -> 0 | H127: ='RESUMEN TOTAL'!N130 -> 0 | I127: ='RESUMEN TOTAL'!O130 -> 0 | J127: ='RESUMEN TOTAL'!P130 -> 0 | K127: ='RESUMEN TOTAL'!Q130 -> APAGADO | L127: ='RESUMEN TOTAL'!R130 -> APAGADO | M127: ='RESUMEN TOTAL'!S130 -> APAGADO | ... AH127: ='RESUMEN TOTAL'!AN130 -> 0
A128: ='RESUMEN TOTAL'!A131 -> LA ESMERALDA | B128: ='RESUMEN TOTAL'!B131 -> ESM01 | C128: ='RESUMEN TOTAL'!D131 -> Cabello y Brasil | D128: ='RESUMEN TOTAL'!E131 -> Domo | E128: ='RESUMEN TOTAL'!F131 -> Radio | F128: ='RESUMEN TOTAL'!L131 -> 0 | G128: ='RESUMEN TOTAL'!M131 -> 0 | H128: ='RESUMEN TOTAL'!N131 -> 0 | I128: ='RESUMEN TOTAL'!O131 -> 0 | J128: ='RESUMEN TOTAL'!P131 -> 0 | K128: ='RESUMEN TOTAL'!Q131 -> 0 | L128: ='RESUMEN TOTAL'!R131 -> 0 | M128: ='RESUMEN TOTAL'!S131 -> 0 | ... AH128: ='RESUMEN TOTAL'!AN131 -> 0
A129: ='RESUMEN TOTAL'!A132 -> SAN JORGE | B129: ='RESUMEN TOTAL'!B132 -> ESM02 | C129: ='RESUMEN TOTAL'!D132 -> Novak y Cabello | D129: ='RESUMEN TOTAL'!E132 -> Domo | E129: ='RESUMEN TOTAL'!F132 -> PTO A FO | F129: ='RESUMEN TOTAL'!L132 -> 0 | G129: ='RESUMEN TOTAL'!M132 -> 0 | H129: ='RESUMEN TOTAL'!N132 -> 0 | I129: ='RESUMEN TOTAL'!O132 -> 0 | J129: ='RESUMEN TOTAL'!P132 -> 0 | K129: ='RESUMEN TOTAL'!Q132 -> 0 | L129: ='RESUMEN TOTAL'!R132 -> 0 | M129: ='RESUMEN TOTAL'!S132 -> 0 | ... AH129: ='RESUMEN TOTAL'!AN132 -> 0
A130: ='RESUMEN TOTAL'!A133 -> 0 | B130: ='RESUMEN TOTAL'!B133 -> ESM03 | C130: ='RESUMEN TOTAL'!D133 -> Novak y Humahuaca | D130: ='RESUMEN TOTAL'!E133 -> DOMO | E130: ='RESUMEN TOTAL'!F133 -> PTO A FO | F130: ='RESUMEN TOTAL'!L133 -> 0 | G130: ='RESUMEN TOTAL'!M133 -> 0 | H130: ='RESUMEN TOTAL'!N133 -> 0 | I130: ='RESUMEN TOTAL'!O133 -> 0 | J130: ='RESUMEN TOTAL'!P133 -> 0 | K130: ='RESUMEN TOTAL'!Q133 -> 0 | L130: ='RESUMEN TOTAL'!R133 -> 0 | M130: ='RESUMEN TOTAL'!S133 -> 0 | ... AH130: ='RESUMEN TOTAL'!AN133 -> 0
A131: ='RESUMEN TOTAL'!A134 -> LA ESMERALDA | B131: ='RESUMEN TOTAL'!B134 -> ESM04 | C131: ='RESUMEN TOTAL'!D134 -> Basualdo y Bengochea | D131: ='RESUMEN TOTAL'!E134 -> Domo | E131: ='RESUMEN TOTAL'!F134 -> Fibra Optica | F131: ='RESUMEN TOTAL'!L134 -> APAGADO | G131: ='RESUMEN TOTAL'!M134 -> APAGADO | H131: ='RESUMEN TOTAL'!N134 -> APAGADO | I131: ='RESUMEN TOTAL'!O134 -> APAGADO | J131: ='RESUMEN TOTAL'!P134 -> APAGADO | K131: ='RESUMEN TOTAL'!Q134 -> APAGADO | L131: ='RESUMEN TOTAL'!R134 -> APAGADO | M131: ='RESUMEN TOTAL'!S134 -> APAGADO | ... AG131: ='RESUMEN TOTAL'!AM134 -> 0 | AH131: ='RESUMEN TOTAL'!#REF! -> #REF!
A132: ='RESUMEN TOTAL'!A135 -> LA ESMERALDA | B132: ='RESUMEN TOTAL'!B135 -> ESM05 | C132: ='RESUMEN TOTAL'!D135 -> Aniceto Diaz y Villar | D132: ='RESUMEN TOTAL'!E135 -> Domo | E132: ='RESUMEN TOTAL'!F135 -> Fibra Optica | F132: ='RESUMEN TOTAL'!L135 -> APAGADO | G132: ='RESUMEN TOTAL'!M135 -> APAGADO | H132: ='RESUMEN TOTAL'!N135 -> APAGADO | I132: ='RESUMEN TOTAL'!O135 -> APAGADO | J132: ='RESUMEN TOTAL'!P135 -> APAGADO | K132: ='RESUMEN TOTAL'!Q135 -> APAGADO | L132: ='RESUMEN TOTAL'!R135 -> APAGADO | M132: ='RESUMEN TOTAL'!S135 -> APAGADO | ... AG132: ='RESUMEN TOTAL'!AM135 -> 0 | AH132: ='RESUMEN TOTAL'!#REF! -> #REF!
A133: ='RESUMEN TOTAL'!A136 -> LA ESMERALDA | B133: ='RESUMEN TOTAL'!B136 -> ESM06 | C133: ='RESUMEN TOTAL'!D136 -> Roselli y Cabello | D133: ='RESUMEN TOTAL'!E136 -> Domo | E133: ='RESUMEN TOTAL'!F136 -> Radio | F133: ='RESUMEN TOTAL'!L136 -> 0 | G133: ='RESUMEN TOTAL'!M136 -> 0 | H133: ='RESUMEN TOTAL'!N136 -> 0 | I133: ='RESUMEN TOTAL'!O136 -> 0 | J133: ='RESUMEN TOTAL'!P136 -> 0 | K133: ='RESUMEN TOTAL'!Q136 -> 0 | L133: ='RESUMEN TOTAL'!R136 -> 0 | M133: ='RESUMEN TOTAL'!S136 -> 0 | ... AH133: ='RESUMEN TOTAL'!AN136 -> 0
A134: ='RESUMEN TOTAL'!A137 -> LA ESMERALDA | B134: ='RESUMEN TOTAL'!B137 -> ESM07 | C134: ='RESUMEN TOTAL'!D137 -> AV. NOVAK Y SERRANO | D134: ='RESUMEN TOTAL'!E137 -> DOMO | E134: ='RESUMEN TOTAL'!F137 -> PTO A FO | F134: ='RESUMEN TOTAL'!L137 -> 0 | G134: ='RESUMEN TOTAL'!M137 -> 0 | H134: ='RESUMEN TOTAL'!N137 -> 0 | I134: ='RESUMEN TOTAL'!O137 -> 0 | J134: ='RESUMEN TOTAL'!P137 -> 0 | K134: ='RESUMEN TOTAL'!Q137 -> 0 | L134: ='RESUMEN TOTAL'!R137 -> 0 | M134: ='RESUMEN TOTAL'!S137 -> 0 | ... AH134: ='RESUMEN TOTAL'!AN137 -> 0
A135: ='RESUMEN TOTAL'!A138 -> LA ESMERALDA | B135: ='RESUMEN TOTAL'!B138 -> ESM 08 | C135: ='RESUMEN TOTAL'!D138 -> DAVINSON Y MORANCHEL | D135: ='RESUMEN TOTAL'!E138 -> FIJA | E135: ='RESUMEN TOTAL'!F138 -> Radio | F135: ='RESUMEN TOTAL'!L138 -> 0 | G135: ='RESUMEN TOTAL'!M138 -> 0 | H135: ='RESUMEN TOTAL'!N138 -> 0 | I135: ='RESUMEN TOTAL'!O138 -> 0 | J135: ='RESUMEN TOTAL'!P138 -> 0 | K135: ='RESUMEN TOTAL'!Q138 -> 0 | L135: ='RESUMEN TOTAL'!R138 -> 0 | M135: ='RESUMEN TOTAL'!S138 -> 0 | ... AH135: ='RESUMEN TOTAL'!AN138 -> 0
A136: ='RESUMEN TOTAL'!A139 -> LA ESMERALDA | B136: ='RESUMEN TOTAL'!B139 -> ESM09 (fija 1) | C136: ='RESUMEN TOTAL'!D139 -> EEUU Y CABELLO | D136: ='RESUMEN TOTAL'!E139 -> Fija | E136: ='RESUMEN TOTAL'!F139 -> Fibra Optica | F136: ='RESUMEN TOTAL'!L139 -> 0 | G136: ='RESUMEN TOTAL'!M139 -> 0 | H136: ='RESUMEN TOTAL'!N139 -> 0 | I136: ='RESUMEN TOTAL'!O139 -> 0 | J136: ='RESUMEN TOTAL'!P139 -> 0 | K136: ='RESUMEN TOTAL'!Q139 -> 0 | L136: ='RESUMEN TOTAL'!R139 -> 0 | M136: ='RESUMEN TOTAL'!S139 -> 0 | ... AH136: ='RESUMEN TOTAL'!AN139 -> 0
...

Sheet APAGADOS
E1: APAGADOS | F1: =COUNTIF(F3:F403, "APAGADO") -> 90 | G1: =COUNTIF(G3:G403, "APAGADO") -> 87 | H1: =COUNTIF(H3:H503, "APAGADO") -> 128 | I1: =COUNTIF(I3:I403, "APAGADO") -> 82 | J1: =COUNTIF(J3:J403, "APAGADO") -> 63 | K1: =COUNTIF(K3:K403, "APAGADO") -> 73 | L1: =COUNTIF(L3:L403, "APAGADO") -> 77 | M1: =COUNTIF(M3:M403, "APAGADO") -> 91 | N1: =COUNTIF(N3:N403, "APAGADO") -> 74 | O1: =COUNTIF(O3:O403, "APAGADO") -> 79 | P1: =COUNTIF(P3:P403, "APAGADO") -> 64 | ... AD1: =COUNTIF(AD3:AD403, "APAGADO") -> 59 | AE1: =COUNTIF(AE3:AE503, "APAGADO") -> 120 | AF1: =COUNTIF(AF3:AF403, "APAGADO") -> 0 | AG1: =COUNTIF(AG3:AG403, "APAGADO") -> 0 | AH1: =COUNTIF(AH3:AH403, "APAGADO") -> 0 | AI1: =COUNTIF(AI3:AI403, "APAGADO") -> 0
A2: =ESTADISTICA!A1 -> Barrio | B2: =ESTADISTICA!B1 -> [Denominacion] | C2: =ESTADISTICA!C1 -> [Ubicacion] | D2: =ESTADISTICA!D1 -> [Tipo de Camara] | E2: =ESTADISTICA!E1 -> [Tipo de Conexion] | F2: =ESTADISTICA!F1 -> 45383 | G2: =ESTADISTICA!G1 -> 45384 | H2: =ESTADISTICA!H1 -> 45385 | ... AH2: =ESTADISTICA!AH1 -> 45411 | AI2: 121
A3: =ESTADISTICA!A2 -> ALTAMIRA | B3: =ESTADISTICA!B2 -> ALT01 | C3: =ESTADISTICA!C2 -> Calchaqui y Sgto. Cabral | D3: =ESTADISTICA!D2 -> Domo | E3: =ESTADISTICA!E2 -> Fibra Optica | F3: =ESTADISTICA!F2 -> 0 | G3: =ESTADISTICA!G2 -> 0 | H3: =ESTADISTICA!H2 -> 0 | ... AI3: =ESTADISTICA!AI2 -> 0
A4: =ESTADISTICA!A3 -> ALTAMIRA | B4: =ESTADISTICA!B3 -> ALT02 | C4: =ESTADISTICA!C3 -> Calchaqui y Lope de Vega | D4: =ESTADISTICA!D3 -> Domo | E4: =ESTADISTICA!E3 -> PTO A FO | F4: =ESTADISTICA!F3 -> 0 | G4: =ESTADISTICA!G3 -> 0 | H4: =ESTADISTICA!H3 -> 0 | ... AI4: =ESTADISTICA!AI3 -> 0
A5: =ESTADISTICA!A4 -> ALTAMIRA | B5: =ESTADISTICA!B4 -> ALT 03 | C5: =ESTADISTICA!C4 -> Bombero Galarza y Necochea | D5: =ESTADISTICA!D4 -> Domo | E5: =ESTADISTICA!E4 -> Fibra Optica | F5: =ESTADISTICA!F4 -> 0 | G5: =ESTADISTICA!G4 -> 0 | H5: =ESTADISTICA!H4 -> 0 | ... AI5: =ESTADISTICA!AI4 -> 0
A6: =ESTADISTICA!A5 -> ALTAMIRA | B6: =ESTADISTICA!B5 -> ALT 04 | C6: =ESTADISTICA!C5 -> Francia y Necochea | D6: =ESTADISTICA!D5 -> Domo | E6: =ESTADISTICA!E5 -> Fibra Optica | F6: =ESTADISTICA!F5 -> 0 | G6: =ESTADISTICA!G5 -> 0 | H6: =ESTADISTICA!H5 -> 0 | ... AI6: =ESTADISTICA!AI5 -> 0
A7: =ESTADISTICA!A6 -> ALTAMIRA | B7: =ESTADISTICA!B6 -> ALT05 | C7: =ESTADISTICA!C6 -> Av. Calchaqui y Bombero Galarza | D7: =ESTADISTICA!D6 -> Domo | E7: =ESTADISTICA!E6 -> PTO A FO | F7: =ESTADISTICA!F6 -> 0 | G7: =ESTADISTICA!G6 -> 0 | H7: =ESTADISTICA!H6 -> 0 | ... AI7: =ESTADISTICA!AI6 -> 0
A8: =ESTADISTICA!A7 -> ALTAMIRA | B8: =ESTADISTICA!B7 -> ALT 06 | C8: =ESTADISTICA!C7 -> LOPE DE VEGA Y NECOCHEA | D8: =ESTADISTICA!D7 -> Domo | E8: =ESTADISTICA!E7 -> PTO A FO | F8: =ESTADISTICA!F7 -> 0 | G8: =ESTADISTICA!G7 -> 0 | H8: =ESTADISTICA!H7 -> 0 | ... AI8: =ESTADISTICA!AI7 -> 0
A9: =ESTADISTICA!A8 -> ALTAMIRA | B9: =ESTADISTICA!B8 -> ALT07 | C9: =ESTADISTICA!C8 -> AV. CALCHAQUI Y AV. DEL TRABAJO | D9: =ESTADISTICA!D8 -> DOMO | E9: =ESTADISTICA!E8 -> PTO A FO | F9: =ESTADISTICA!F8 -> 0 | G9: =ESTADISTICA!G8 -> 0 | H9: =ESTADISTICA!H8 -> 0 | ... AI9: =ESTADISTICA!AI8 -> 0
A10: =ESTADISTICA!A9 -> ALTAMIRA | B10: =ESTADISTICA!B9 -> ALT 08 | C10: =ESTADISTICA!C9 -> HUMAITA Y NECOCHEA | D10: =ESTADISTICA!D9 -> DOMO | E10: =ESTADISTICA!E9 -> Fibra Optica | F10: =ESTADISTICA!F9 -> 0 | G10: =ESTADISTICA!G9 -> 0 | H10: =ESTADISTICA!H9 -> 0 | ... AI10: =ESTADISTICA!AI9 -> 0
A11: =ESTADISTICA!A10 -> ALTAMIRA | B11: =ESTADISTICA!B10 -> ALT 09 | C11: =ESTADISTICA!C10 -> NECOCHEA Y CURUPAITY | D11: =ESTADISTICA!D10 -> DOMO | E11: =ESTADISTICA!E10 -> Fibra Optica | F11: =ESTADISTICA!F10 -> APAGADO | G11: =ESTADISTICA!G10 -> APAGADO | H11: =ESTADISTICA!H10 -> APAGADO | ... AI11: =ESTADISTICA!AI10 -> 0
A12: =ESTADISTICA!A11 -> ALTAMIRA | B12: =ESTADISTICA!B11 -> ALT 10 | C12: =ESTADISTICA!C11 -> Calchaqui y Francia | D12: =ESTADISTICA!D11 -> Domo | E12: =ESTADISTICA!E11 -> Radio | F12: =ESTADISTICA!F11 -> 0 | G12: =ESTADISTICA!G11 -> 0 | H12: =ESTADISTICA!H11 -> 0 | ... AI12: =ESTADISTICA!AI11 -> 0
A13: =ESTADISTICA!A12 -> AGUSTIN RAMIREZ | B13: =ESTADISTICA!B12 -> ARA 01 | C13: =ESTADISTICA!C12 -> Malambo y Tranquera | D13: =ESTADISTICA!D12 -> Domo | E13: =ESTADISTICA!E12 -> Fibra Optica | F13: =ESTADISTICA!F12 -> APAGADO | G13: =ESTADISTICA!G12 -> APAGADO | H13: =ESTADISTICA!H12 -> APAGADO | ... AI13: =ESTADISTICA!AI12 -> 0
A14: =ESTADISTICA!A13 -> BELGRANO | B14: =ESTADISTICA!B13 -> BEL 01 | C14: =ESTADISTICA!C13 -> San Martin y Dardo Rocha | D14: =ESTADISTICA!D13 -> DOMO | E14: =ESTADISTICA!E13 -> Fibra Optica | F14: =ESTADISTICA!F13 -> 0 | G14: =ESTADISTICA!G13 -> 0 | H14: =ESTADISTICA!H13 -> 0 | ... AI14: =ESTADISTICA!AI13 -> 0
... A207: =ESTADISTICA!A206 -> LOPEZ ROMERO | B207: =ESTADISTICA!B206 -> MFI02 | C207: =ESTADISTICA!C206 -> Calchaqui y Balcarce | D207: =ESTADISTICA!D206 -> Fija | E207: =ESTADISTICA!E206 -> Fibra Optica | F207: =ESTADISTICA!F206 -> 0 | G207: =ESTADISTICA!G206 -> 0 | H207: =ESTADISTICA!H206 -> 0 | ... AI207: =ESTADISTICA!AI206 -> 0
A208: =ESTADISTICA!A208 -> MARTIN FIERRO | B208: =ESTADISTICA!B208 -> MFI04 | C208: =ESTADISTICA!C208 -> Calchaqui y balcarce | D208: =ESTADISTICA!D208 -> Domo | E208: =ESTADISTICA!E208 -> Fibra Optica | F208: =ESTADISTICA!F208 -> 0 | G208: =ESTADISTICA!G208 -> 0 | H208: =ESTADISTICA!H208 -> 0 | ... AI208: =ESTADISTICA!AI208 -> 0
A209: =ESTADISTICA!A209 -> SAN EMILIO | B209: =ESTADISTICA!B209 -> MFI 05 | C209: =ESTADISTICA!C209 -> Cno. Gral. Belgrano y Guayaquil | D209: =ESTADISTICA!D209 -> Domo | E209: =ESTADISTICA!E209 -> Fibra Optica | F209: =ESTADISTICA!F209 -> 0 | G209: =ESTADISTICA!G209 -> 0 | H209: =ESTADISTICA!H209 -> 0 | ... AI209: =ESTADISTICA!AI209 -> 0
A210: =ESTADISTICA!A210 -> SAN EMILIO | B210: =ESTADISTICA!B210 -> MFI06 | C210: =ESTADISTICA!C210 -> Con. Gral. Belgrano y Bombero Galarza | D210: =ESTADISTICA!D210 -> DOMO | E210: =ESTADISTICA!E210 -> Radio | F210: =ESTADISTICA!F210 -> APAGADO | G210: =ESTADISTICA!G210 -> APAGADO | H210: =ESTADISTICA!H210 -> APAGADO | ... AI210: =ESTADISTICA!AI210 -> 0
A211: =ESTADISTICA!A211 -> MARTIN FIERRO | B211: =ESTADISTICA!B211 -> MFI 07 | C211: =ESTADISTICA!C211 -> Sargento Cabral y Carlos Gardel | D211: =ESTADISTICA!D211 -> Domo | E211: =ESTADISTICA!E211 -> PTO A FO | F211: =ESTADISTICA!F211 -> 0 | G211: =ESTADISTICA!G211 -> 0 | H211: =ESTADISTICA!H211 -> 0 | ... AI211: =ESTADISTICA!AI211 -> 0
A212: =ESTADISTICA!A212 -> MARTIN FIERRO | B212: =ESTADISTICA!B212 -> MFI 08 | C212: =ESTADISTICA!C212 -> Braile y Batalla de Callao | D212: =ESTADISTICA!D212 -> Domo | E212: =ESTADISTICA!E212 -> PTO A FO | F212: =ESTADISTICA!F212 -> 0 | G212: =ESTADISTICA!G212 -> 0 | H212: =ESTADISTICA!H212 -> 0 | ... AI212: =ESTADISTICA!AI212 -> 0
A213: =ESTADISTICA!A213 -> GOBERNADOR MONTEVERDE | B213: =ESTADISTICA!B213 -> MON01 | C213: =ESTADISTICA!C213 -> San Martin y Patricias Argentinas | D213: =ESTADISTICA!D213 -> Fija | E213: =ESTADISTICA!E213 -> Fibra Optica | F213: =ESTADISTICA!F213 -> 0 | G213: =ESTADISTICA!G213 -> 0 | H213: =ESTADISTICA!H213 -> 0 | ... AI213: =ESTADISTICA!AI213 -> 0
A214: =ESTADISTICA!A214 -> GOBERNADOR MONTEVERDE | B214: =ESTADISTICA!B214 -> MON02 | C214: =ESTADISTICA!C214 -> Senzabello y Famatina | D214: =ESTADISTICA!D214 -> Domo | E214: =ESTADISTICA!E214 -> Radio | F214: =ESTADISTICA!F214 -> 0 | G214: =ESTADISTICA!G214 -> 0 | H214: =ESTADISTICA!H214 -> 0 | ... AI214: =ESTADISTICA!AI214 -> 0
A215: =ESTADISTICA!A215 -> GOBERNADOR MONTEVERDE | B215: =ESTADISTICA!B215 -> MON03 | C215: =ESTADISTICA!C215 -> Senzabello y Guemes | D215: =ESTADISTICA!D215 -> Domo | E215: =ESTADISTICA!E215 -> Radio | F215: =ESTADISTICA!F215 -> 0 | G215: =ESTADISTICA!G215 -> 0 | H215: =ESTADISTICA!H215 -> 0 | ... AI215: =ESTADISTICA!AI215 -> 0
A216: =ESTADISTICA!A216 -> GOBERNADOR MONTEVERDE | B216: =ESTADISTICA!B216 -> MON04 | C216: =ESTADISTICA!C216 -> Av. Yrigoyen y San Lorenzo | D216: =ESTADISTICA!D216 -> Domo | E216: =ESTADISTICA!E216 -> Radio | F216: =ESTADISTICA!F216 -> 0 | G216: =ESTADISTICA!G216 -> 0 | H216: =ESTADISTICA!H216 -> 0 | ... AI216: =ESTADISTICA!AI216 -> 0
A217: =ESTADISTICA!A217 -> 9 DE JULIO | B217: =ESTADISTICA!B217 -> NJU 01 | C217: =ESTADISTICA!C217 -> Sallares y Parrillo | D217: =ESTADISTICA!D217 -> Domo | E217: =ESTADISTICA!E217 -> Fibra Optica | F217: =ESTADISTICA!F217 -> 0 | G217: =ESTADISTICA!G217 -> 0 | H217: =ESTADISTICA!H217 -> 0 | ... AI217: =ESTADISTICA!AI217 -> 0
A218: =ESTADISTICA!A218 -> 9 DE JULIO | B218: =ESTADISTICA!B218 -> NJU02 | C218: =ESTADISTICA!C218 -> Ituzaingo y Boccuzzi | D218: =ESTADISTICA!D218 -> Domo | E218: =ESTADISTICA!E218 -> Radio | F218: =ESTADISTICA!F218 -> 0 | G218: =ESTADISTICA!G218 -> 0 | H218: =ESTADISTICA!H218 -> 0 | ... AI218: =ESTADISTICA!AI218 -> 0
A219: =ESTADISTICA!A219 -> 9 DE JULIO | B219: =ESTADISTICA!B219 -> NJU03 | C219: =ESTADISTICA!C219 -> San Juan y Parrillo | D219: =ESTADISTICA!D219 -> Domo | E219: =ESTADISTICA!E219 -> PTO A FO | F219: =ESTADISTICA!F219 -> 0 | G219: =ESTADISTICA!G219 -> 0 | H219: =ESTADISTICA!H219 -> 0 | ... AI219: =ESTADISTICA!AI219 -> 0
... A516: =ESTADISTICA!A516 -> PARADAS SEGURAS | B516: =ESTADISTICA!B516 -> 39 C | C516: =ESTADISTICA!C516 -> Hudson y Groussac Este | D516: =ESTADISTICA!D516 -> GFIJA | E516: =ESTADISTICA!E516 -> GPON | F516: =ESTADISTICA!F516 -> APAGADO | G516: =ESTADISTICA!G516 -> APAGADO | H516: =ESTADISTICA!H516 -> APAGADO | ... AI516: =ESTADISTICA!AI516 -> 0

Sheet APAGADOS FIBRA
C1: TOTAL FIBRA | D1: =COUNTIFS(E4:E401,"=Fibra Optica") -> 270
E2: APAGADOS | F2: =COUNTIFS(F4:F501, "=APAGADO",E4:E501,"=Fibra Optica") -> 86 | G2: =COUNTIFS(G4:G501, "=APAGADO",E4:E501,"=Fibra Optica") -> 82 | H2: =COUNTIFS(H4:H501, "=APAGADO",E4:E501,"=Fibra Optica") -> 81 | I2: =COUNTIFS(I4:I501, "=APAGADO",E4:E501,"=Fibra Optica") -> 76 | J2: =COUNTIFS(J4:J501, "=APAGADO",E4:E501,"=Fibra Optica") -> 65 | K2: =COUNTIFS(K4:K501, "=APAGADO",E4:E501,"=Fibra Optica") -> 67 | L2: =COUNTIFS(L4:L501, "=APAGADO",E4:E501,"=Fibra Optica") -> 71 | M2: =COUNTIFS(M4:M501, "=APAGADO",E4:E501,"=Fibra Optica") -> 89 | N2: =COUNTIFS(N4:N501, "=APAGADO",E4:E501,"=Fibra Optica") -> 68 | O2: =COUNTIFS(O4:O501, "=APAGADO",E4:E501,"=Fibra Optica") -> 78 | P2: =COUNTIFS(P4:P601, "=APAGADO",E4:E601,"=Fibra Optica") -> 58 | Q2: =COUNTIFS(Q4:Q501, "=APAGADO",E4:E501,"=Fibra Optica") -> 60 | R2: =COUNTIFS(R4:R501, "=APAGADO",E4:E501,"=Fibra Optica") -> 0 | S2: =COUNTIFS(S4:S501, "=APAGADO",E4:E501,"=Fibra Optica") -> 93 | T2: =COUNTIFS(T4:T501, "=APAGADO",E4:E501,"=Fibra Optica") -> 81 | U2: =COUNTIFS(U4:U501, "=APAGADO",E4:E501,"=Fibra Optica") -> 75 | V2: =COUNTIFS(V4:V501, "=APAGADO",E4:E501,"=Fibra Optica") -> 76 | W2: =COUNTIFS(W4:W501, "=APAGADO",E4:E501,"=Fibra Optica") -> 70 | X2: =COUNTIFS(X4:X501, "=APAGADO",E4:E501,"=Fibra Optica") -> 63 | Y2: =COUNTIFS(Y4:Y501, "=APAGADO",E4:E501,"=Fibra Optica") -> 64 | Z2: =COUNTIFS(Z4:Z501, "=APAGADO",E4:E501,"=Fibra Optica") -> 64 | AA2: =COUNTIFS(AA4:AA501, "=APAGADO",E4:E501,"=Fibra Optica") -> 63 | AB2: =COUNTIFS(AB4:AB501, "=APAGADO",E4:E501,"=Fibra Optica") -> 66 | AC2: =COUNTIFS(AC4:AC601, "=APAGADO",E4:E601,"=Fibra Optica") -> 64 | AD2: =COUNTIFS(AD4:AD501, "=APAGADO",E4:E501,"=Fibra Optica") -> 56 | AE2: =COUNTIFS(AE4:AE501, "=APAGADO",E4:E501,"=Fibra Optica") -> 69 | AF2: =COUNTIFS(AF4:AF501, "=APAGADO",E4:E501,"=Fibra Optica") -> 0 | AG2: =COUNTIFS(AG4:AG501, "=APAGADO",E4:E501,"=Fibra Optica") -> 0 | AH2: =COUNTIFS(AH4:AH501, "=APAGADO",E4:E501,"=Fibra Optica") -> 0 | AI2: =COUNTIFS(AI4:AI501, "=APAGADO",F4:F501,"=Fibra Optica") -> 0
A3: =ESTADISTICA!A1 -> Barrio | B3: =ESTADISTICA!B1 -> [Denominacion] | C3: =ESTADISTICA!C1 -> [Ubicacion] | D3: =ESTADISTICA!D1 -> [Tipo de Camara] | E3: =ESTADISTICA!E1 -> [Tipo de Conexion] | F3: =ESTADISTICA!F1 -> 45383 | G3: =ESTADISTICA!G1 -> 45384 | H3: =ESTADISTICA!H1 -> 45385 | ... AH3: =ESTADISTICA!AH1 -> 45411 | AI3: 30
A4: ='RESUMEN TOTAL'!A7 -> ALTAMIRA | B4: ='RESUMEN TOTAL'!B7 -> ALT 03 | C4: ='RESUMEN TOTAL'!D7 -> Bombero Galarza y Necochea | D4: ='RESUMEN TOTAL'!E7 -> Domo | E4: ='RESUMEN TOTAL'!F7 -> Fibra Optica | F4: ='RESUMEN TOTAL'!L7 -> 0 | G4: ='RESUMEN TOTAL'!M7 -> 0 | H4: ='RESUMEN TOTAL'!N7 -> 0 | I4: ='RESUMEN TOTAL'!O7 -> 0 | J4: ='RESUMEN TOTAL'!P7 -> 0 | K4: ='RESUMEN TOTAL'!Q7 -> 0 | L4: ='RESUMEN TOTAL'!R7 -> 0 | M4: ='RESUMEN TOTAL'!S7 -> 0 | ... AI4: ='RESUMEN TOTAL'!AO7 -> 0
A5: ='RESUMEN TOTAL'!A8 -> ALTAMIRA | B5: ='RESUMEN TOTAL'!B8 -> ALT 04 | C5: ='RESUMEN TOTAL'!D8 -> Francia y Necochea | D5: ='RESUMEN TOTAL'!E8 -> Domo | E5: ='RESUMEN TOTAL'!F8 -> Fibra Optica | F5: ='RESUMEN TOTAL'!L8 -> 0 | G5: ='RESUMEN TOTAL'!M8 -> 0 | H5: ='RESUMEN TOTAL'!N8 -> 0 | I5: ='RESUMEN TOTAL'!O8 -> 0 | J5: ='RESUMEN TOTAL'!P8 -> 0 | K5: ='RESUMEN TOTAL'!Q8 -> 0 | L5: ='RESUMEN TOTAL'!R8 -> 0 | M5: ='RESUMEN TOTAL'!S8 -> 0 | ... AI5: ='RESUMEN TOTAL'!AO8 -> 0
A6: ='RESUMEN TOTAL'!A9 -> ALTAMIRA | B6: ='RESUMEN TOTAL'!B9 -> ALT05 | C6: ='RESUMEN TOTAL'!D9 -> Av. Calchaqui y Bombero Galarza | D6: ='RESUMEN TOTAL'!E9 -> Domo | E6: ='RESUMEN TOTAL'!F9 -> PTO A FO | F6: ='RESUMEN TOTAL'!L9 -> 0 | G6: ='RESUMEN TOTAL'!M9 -> 0 | H6: ='RESUMEN TOTAL'!N9 -> 0 | I6: ='RESUMEN TOTAL'!O9 -> 0 | J6: ='RESUMEN TOTAL'!P9 -> 0 | K6: ='RESUMEN TOTAL'!Q9 -> 0 | L6: ='RESUMEN TOTAL'!R9 -> 0 | M6: ='RESUMEN TOTAL'!S9 -> 0 | ... AI6: ='RESUMEN TOTAL'!AO9 -> 0
A7: ='RESUMEN TOTAL'!A10 -> ALTAMIRA | B7: ='RESUMEN TOTAL'!B10 -> ALT 06 | C7: ='RESUMEN TOTAL'!D10 -> LOPE DE VEGA Y NECOCHEA | D7: ='RESUMEN TOTAL'!E10 -> Domo | E7: ='RESUMEN TOTAL'!F10 -> PTO A FO | F7: ='RESUMEN TOTAL'!L10 -> 0 | G7: ='RESUMEN TOTAL'!M10 -> 0 | H7: ='RESUMEN TOTAL'!N10 -> 0 | I7: ='RESUMEN TOTAL'!O10 -> 0 | J7: ='RESUMEN TOTAL'!P10 -> 0 | K7: ='RESUMEN TOTAL'!Q10 -> 0 | L7: ='RESUMEN TOTAL'!R10 -> 0 | M7: ='RESUMEN TOTAL'!S10 -> 0 | ... AI7: ='RESUMEN TOTAL'!AO10 -> 0
A8: ='RESUMEN TOTAL'!A11 -> ALTAMIRA | B8: ='RESUMEN TOTAL'!B11 -> ALT07 | C8: ='RESUMEN TOTAL'!D11 -> AV. CALCHAQUI Y AV. DEL TRABAJO | D8: ='RESUMEN TOTAL'!E11 -> DOMO | E8: ='RESUMEN TOTAL'!F11 -> PTO A FO | F8: ='RESUMEN TOTAL'!L11 -> 0 | G8: ='RESUMEN TOTAL'!M11 -> 0 | H8: ='RESUMEN TOTAL'!N11 -> 0 | I8: ='RESUMEN TOTAL'!O11 -> 0 | J8: ='RESUMEN TOTAL'!P11 -> 0 | K8: ='RESUMEN TOTAL'!Q11 -> 0 | L8: ='RESUMEN TOTAL'!R11 -> 0 | M8: ='RESUMEN TOTAL'!S11 -> 0 | ... AI8: ='RESUMEN TOTAL'!AO11 -> 0
A9: ='RESUMEN TOTAL'!A12 -> ALTAMIRA | B9: ='RESUMEN TOTAL'!B12 -> ALT 08 | C9: ='RESUMEN TOTAL'!D12 -> HUMAITA Y NECOCHEA | D9: ='RESUMEN TOTAL'!E12 -> DOMO | E9: ='RESUMEN TOTAL'!F12 -> Fibra Optica | F9: ='RESUMEN TOTAL'!L12 -> 0 | G9: ='RESUMEN TOTAL'!M12 -> 0 | H9: ='RESUMEN TOTAL'!N12 -> 0 | I9: ='RESUMEN TOTAL'!O12 -> 0 | J9: ='RESUMEN TOTAL'!P12 -> 0 | K9: ='RESUMEN TOTAL'!Q12 -> 0 | L9: ='RESUMEN TOTAL'!R12 -> 0 | M9: ='RESUMEN TOTAL'!S12 -> 0 | ... AI9: ='RESUMEN TOTAL'!AO12 -> 0
A10: ='RESUMEN TOTAL'!A13 -> ALTAMIRA | B10: ='RESUMEN TOTAL'!B13 -> ALT 09 | C10: ='RESUMEN TOTAL'!D13 -> NECOCHEA Y CURUPAITY | D10: ='RESUMEN TOTAL'!E13 -> DOMO | E10: ='RESUMEN TOTAL'!F13 -> Fibra Optica | F10: ='RESUMEN TOTAL'!L13 -> APAGADO | G10: ='RESUMEN TOTAL'!M13 -> APAGADO | H10: ='RESUMEN TOTAL'!N13 -> APAGADO | I10: ='RESUMEN TOTAL'!O13 -> APAGADO | J10: ='RESUMEN TOTAL'!P13 -> APAGADO | K10: ='RESUMEN TOTAL'!Q13 -> APAGADO | L10: ='RESUMEN TOTAL'!R13 -> APAGADO | M10: ='RESUMEN TOTAL'!S13 -> APAGADO | ... AI10: ='RESUMEN TOTAL'!AO13 -> APAGADO
A11: ='RESUMEN TOTAL'!A14 -> ALTAMIRA | B11: ='RESUMEN TOTAL'!B14 -> ALT 10 | C11: ='RESUMEN TOTAL'!D14 -> Calchaqui y Francia | D11: ='RESUMEN TOTAL'!E14 -> Domo | E11: ='RESUMEN TOTAL'!F14 -> Radio | F11: ='RESUMEN TOTAL'!L14 -> 0 | G11: ='RESUMEN TOTAL'!M14 -> 0 | H11: ='RESUMEN TOTAL'!N14 -> 0 | I11: ='RESUMEN TOTAL'!O14 -> 0 | J11: ='RESUMEN TOTAL'!P14 -> 0 | K11: ='RESUMEN TOTAL'!Q14 -> 0 | L11: ='RESUMEN TOTAL'!R14 -> 0 | M11: ='RESUMEN TOTAL'!S14 -> 0 | ... AI11: ='RESUMEN TOTAL'!AO14 -> 0
A12: ='RESUMEN TOTAL'!A15 -> AGUSTIN RAMIREZ | B12: ='RESUMEN TOTAL'!B15 -> ARA 01 | C12: ='RESUMEN TOTAL'!D15 -> Malambo y Tranquera | D12: ='RESUMEN TOTAL'!E15 -> Domo | E12: ='RESUMEN TOTAL'!F15 -> Fibra Optica | F12: ='RESUMEN TOTAL'!L15 -> APAGADO | G12: ='RESUMEN TOTAL'!M15 -> APAGADO | H12: ='RESUMEN TOTAL'!N15 -> APAGADO | I12: ='RESUMEN TOTAL'!O15 -> APAGADO | J12: ='RESUMEN TOTAL'!P15 -> APAGADO | K12: ='RESUMEN TOTAL'!Q15 -> APAGADO | L12: ='RESUMEN TOTAL'!R15 -> APAGADO | M12: ='RESUMEN TOTAL'!S15 -> APAGADO | ... AI12: ='RESUMEN TOTAL'!AO15 -> 0
A13: ='RESUMEN TOTAL'!A16 -> BELGRANO | B13: ='RESUMEN TOTAL'!B16 -> BEL 01 | C13: ='RESUMEN TOTAL'!D16 -> San Martin y Dardo Rocha | D13: ='RESUMEN TOTAL'!E16 -> DOMO | E13: ='RESUMEN TOTAL'!F16 -> Fibra Optica | F13: ='RESUMEN TOTAL'!L16 -> 0 | G13: ='RESUMEN TOTAL'!M16 -> 0 | H13: ='RESUMEN TOTAL'!N16 -> 0 | I13: ='RESUMEN TOTAL'!O16 -> 0 | J13: ='RESUMEN TOTAL'!P16 -> 0 | K13: ='RESUMEN TOTAL'!Q16 -> 0 | L13: ='RESUMEN TOTAL'!R16 -> 0 | M13: ='RESUMEN TOTAL'!S16 -> 0 | ... AI13: ='RESUMEN TOTAL'!AO16 -> APAGADO
A14: ='RESUMEN TOTAL'!A17 -> BELGRANO | B14: ='RESUMEN TOTAL'!B17 -> BEL 02 | C14: ='RESUMEN TOTAL'!D17 -> Guardia vieja y Fronteriz | D14: ='RESUMEN TOTAL'!E17 -> DOMO | E14: ='RESUMEN TOTAL'!F17 -> Fibra Optica | F14: ='RESUMEN TOTAL'!L17 -> 0 | G14: ='RESUMEN TOTAL'!M17 -> 0 | H14: ='RESUMEN TOTAL'!N17 -> 0 | I14: ='RESUMEN TOTAL'!O17 -> 0 | J14: ='RESUMEN TOTAL'!P17 -> 0 | K14: ='RESUMEN TOTAL'!Q17 -> 0 | L14: ='RESUMEN TOTAL'!R17 -> 0 | M14: ='RESUMEN TOTAL'!S17 -> 0 | ... AI14: ='RESUMEN TOTAL'!AO17 -> APAGADO
A15: ='RESUMEN TOTAL'!A18 -> BOSQUES CENTRO | B15: ='RESUMEN TOTAL'!B18 -> BOSQC 01 | C15: ='RESUMEN TOTAL'!D18 -> LUIS AGOTE E/DANUNCIO Y CAMPOAMOR | D15: ='RESUMEN TOTAL'!E18 -> Fija | E15: ='RESUMEN TOTAL'!F18 -> Radio | F15: ='RESUMEN TOTAL'!L18 -> 0 | G15: ='RESUMEN TOTAL'!M18 -> 0 | H15: ='RESUMEN TOTAL'!N18 -> 0 | I15: ='RESUMEN TOTAL'!O18 -> 0 | J15: ='RESUMEN TOTAL'!P18 -> 0 | K15: ='RESUMEN TOTAL'!Q18 -> 0 | L15: ='RESUMEN TOTAL'!R18 -> 0 | M15: ='RESUMEN TOTAL'!S18 -> 0 | ... AI15: ='RESUMEN TOTAL'!AO18 -> 0
... A25: ='RESUMEN TOTAL'!A28 -> CENTRO | B25: ='RESUMEN TOTAL'!B28 -> CEN 05 | C25: ='RESUMEN TOTAL'!D28 -> Bocuzzi e/España y San Martin | D25: ='RESUMEN TOTAL'!E28 -> DOMO | E25: ='RESUMEN TOTAL'!F28 -> Fibra Optica | F25: ='RESUMEN TOTAL'!L28 -> APAGADO | G25: ='RESUMEN TOTAL'!M28 -> APAGADO | H25: ='RESUMEN TOTAL'!N28 -> APAGADO | I25: ='RESUMEN TOTAL'!O28 -> APAGADO | J25: ='RESUMEN TOTAL'!P28 -> APAGADO | K25: ='RESUMEN TOTAL'!Q28 -> APAGADO | L25: ='RESUMEN TOTAL'!R28 -> APAGADO | M25: ='RESUMEN TOTAL'!S28 -> APAGADO | ... AI25: ='RESUMEN TOTAL'!AO28 -> 0
A26: ='RESUMEN TOTAL'!A29 -> CENTRO | B26: ='RESUMEN TOTAL'!B29 -> CEN06 | C26: ='RESUMEN TOTAL'!D29 -> Monteagudo y A.del Valle | D26: ='RESUMEN TOTAL'!E29 -> Fija | E26: ='RESUMEN TOTAL'!F29 -> Fibra Optica | F26: ='RESUMEN TOTAL'!L29 -> APAGADO | G26: ='RESUMEN TOTAL'!M29 -> APAGADO | H26: ='RESUMEN TOTAL'!N29 -> APAGADO | I26: ='RESUMEN TOTAL'!O29 -> APAGADO | J26: ='RESUMEN TOTAL'!P29 -> APAGADO | K26: ='RESUMEN TOTAL'!Q29 -> APAGADO | L26: ='RESUMEN TOTAL'!R29 -> APAGADO | M26: ='RESUMEN TOTAL'!S29 -> APAGADO | ... AG26: ='RESUMEN TOTAL'!AM29 -> 0 | AH26: ='RESUMEN TOTAL'!#REF! -> #REF! | AI26: ='RESUMEN TOTAL'!AN29 -> 0
A27: ='RESUMEN TOTAL'!A30 -> CENTRO | B27: ='RESUMEN TOTAL'!B30 -> CEN07 | C27: ='RESUMEN TOTAL'!D30 -> San Martin y Guemes | D27: ='RESUMEN TOTAL'!E30 -> DOMO | E27: ='RESUMEN TOTAL'!F30 -> Fibra Optica | F27: ='RESUMEN TOTAL'!L30 -> 0 | G27: ='RESUMEN TOTAL'!M30 -> 0 | H27: ='RESUMEN TOTAL'!N30 -> 0 | I27: ='RESUMEN TOTAL'!O30 -> 0 | J27: ='RESUMEN TOTAL'!P30 -> 0 | K27: ='RESUMEN TOTAL'!Q30 -> 0 | L27: ='RESUMEN TOTAL'!R30 -> 0 | M27: ='RESUMEN TOTAL'!S30 -> 0 | ... AI27: ='RESUMEN TOTAL'!AO30 -> 0
A28: ='RESUMEN TOTAL'!A31 -> CENTRO | B28: ='RESUMEN TOTAL'!B31 -> CEN08 | C28: ='RESUMEN TOTAL'!D31 -> San Martin y Pte.Peron | D28: ='RESUMEN TOTAL'!E31 -> Domo | E28: ='RESUMEN TOTAL'!F31 -> Fibra Optica | F28: ='RESUMEN TOTAL'!L31 -> 0 | G28: ='RESUMEN TOTAL'!M31 -> 0 | H28: ='RESUMEN TOTAL'!N31 -> 0 | I28: ='RESUMEN TOTAL'!O31 -> 0 | J28: ='RESUMEN TOTAL'!P31 -> 0 | K28: ='RESUMEN TOTAL'!Q31 -> 0 | L28: ='RESUMEN TOTAL'!R31 -> 0 | M28: ='RESUMEN TOTAL'!S31 -> 0 | ... AG28: ='RESUMEN TOTAL'!AM31 -> 0 | AH28: ='RESUMEN TOTAL'!#REF! -> #REF! | AI28: ='RESUMEN TOTAL'!AN31 -> 0
A29: ='RESUMEN TOTAL'!A32 -> CENTRO | B29: ='RESUMEN TOTAL'!B32 -> CEN09 | C29: ='RESUMEN TOTAL'!D32 -> Chacabuco y 25 de Mayo | D29: ='RESUMEN TOTAL'!E32 -> Domo | E29: ='RESUMEN TOTAL'!F32 -> Fibra Optica | F29: ='RESUMEN TOTAL'!L32 -> 0 | G29: ='RESUMEN TOTAL'!M32 -> 0 | H29: ='RESUMEN TOTAL'!N32 -> 0 | I29: ='RESUMEN TOTAL'!O32 -> 0 | J29: ='RESUMEN TOTAL'!P32 -> 0 | K29: ='RESUMEN TOTAL'!Q32 -> 0 | L29: ='RESUMEN TOTAL'!R32 -> 0 | M29: ='RESUMEN TOTAL'!S32 -> 0 | ... AI29: ='RESUMEN TOTAL'!AO32 -> 0
A30: ='RESUMEN TOTAL'!A33 -> CENTRO | B30: ='RESUMEN TOTAL'!B33 -> CEN10 | C30: ='RESUMEN TOTAL'!D33 -> Monteagudo y Pte. Peron | D30: ='RESUMEN TOTAL'!E33 -> Domo | E30: ='RESUMEN TOTAL'!F33 -> Fibra Optica | F30: ='RESUMEN TOTAL'!L33 -> 0 | G30: ='RESUMEN TOTAL'!M33 -> 0 | H30: ='RESUMEN TOTAL'!N33 -> 0 | I30: ='RESUMEN TOTAL'!O33 -> 0 | J30: ='RESUMEN TOTAL'!P33 -> 0 | K30: ='RESUMEN TOTAL'!Q33 -> 0 | L30: ='RESUMEN TOTAL'!R33 -> 0 | M30: ='RESUMEN TOTAL'!S33 -> 0 | ... AI30: ='RESUMEN TOTAL'!AO33 -> 0
A31: ='RESUMEN TOTAL'!A34 -> CENTRO | B31: ='RESUMEN TOTAL'!B34 -> CEN11 | C31: ='RESUMEN TOTAL'!D34 -> Monteagudo y Bocuzzi | D31: ='RESUMEN TOTAL'!E34 -> Domo | E31: ='RESUMEN TOTAL'!F34 -> Fibra Optica | F31: ='RESUMEN TOTAL'!L34 -> 0 | G31: ='RESUMEN TOTAL'!M34 -> 0 | H31: ='RESUMEN TOTAL'!N34 -> 0 | I31: ='RESUMEN TOTAL'!O34 -> 0 | J31: ='RESUMEN TOTAL'!P34 -> 0 | K31: ='RESUMEN TOTAL'!Q34 -> 0 | L31: ='RESUMEN TOTAL'!R34 -> 0 | M31: ='RESUMEN TOTAL'!S34 -> 0 | ... AI31: ='RESUMEN TOTAL'!AO34 -> 0
A32: ='RESUMEN TOTAL'!A35 -> CENTRO | B32: ='RESUMEN TOTAL'!B35 -> CEN 12 | C32: ='RESUMEN TOTAL'!D35 -> Monteagudo y Mitre | D32: ='RESUMEN TOTAL'!E35 -> Domo | E32: ='RESUMEN TOTAL'!F35 -> Fibra Optica | F32: ='RESUMEN TOTAL'!L35 -> 0 | G32: ='RESUMEN TOTAL'!M35 -> 0 | H32: ='RESUMEN TOTAL'!N35 -> 0 | I32: ='RESUMEN TOTAL'!O35 -> 0 | J32: ='RESUMEN TOTAL'!P35 -> 0 | K32: ='RESUMEN TOTAL'!Q35 -> 0 | L32: ='RESUMEN TOTAL'!R35 -> 0 | M32: ='RESUMEN TOTAL'!S35 -> 0 | ... AI32: ='RESUMEN TOTAL'!AO35 -> 0
A33: ='RESUMEN TOTAL'!A36 -> CENTRO | B33: ='RESUMEN TOTAL'!B36 -> CEN 13 | C33: ='RESUMEN TOTAL'!D36 -> 25 de Mayo y Maipu | D33: ='RESUMEN TOTAL'!E36 -> DOMO | E33: ='RESUMEN TOTAL'!F36 -> Fibra Optica | F33: ='RESUMEN TOTAL'!L36 -> 0 | G33: ='RESUMEN TOTAL'!M36 -> 0 | H33: ='RESUMEN TOTAL'!N36 -> 0 | I33: ='RESUMEN TOTAL'!O36 -> 0 | J33: ='RESUMEN TOTAL'!P36 -> 0 | K33: ='RESUMEN TOTAL'!Q36 -> 0 | L33: ='RESUMEN TOTAL'!R36 -> 0 | M33: ='RESUMEN TOTAL'!S36 -> 0 | ... AI33: ='RESUMEN TOTAL'!AO36 -> 0
A34: ='RESUMEN TOTAL'!A37 -> CENTRO | B34: ='RESUMEN TOTAL'!B37 -> CEN14 | C34: ='RESUMEN TOTAL'!D37 -> Pte.Peron e/Pringles y Brown | D34: ='RESUMEN TOTAL'!E37 -> Domo | E34: ='RESUMEN TOTAL'!F37 -> Fibra Optica | F34: ='RESUMEN TOTAL'!L37 -> 0 | G34: ='RESUMEN TOTAL'!M37 -> 0 | H34: ='RESUMEN TOTAL'!N37 -> 0 | I34: ='RESUMEN TOTAL'!O37 -> 0 | J34: ='RESUMEN TOTAL'!P37 -> 0 | K34: ='RESUMEN TOTAL'!Q37 -> 0 | L34: ='RESUMEN TOTAL'!R37 -> 0 | M34: ='RESUMEN TOTAL'!S37 -> 0 | ... AI34: ='RESUMEN TOTAL'!AO37 -> 0
A35: ='RESUMEN TOTAL'!A38 -> CENTRO | B35: ='RESUMEN TOTAL'!B38 -> CEN15 | C35: ='RESUMEN TOTAL'!D38 -> Alberdi y A.del Valle | D35: ='RESUMEN TOTAL'!E38 -> Domo | E35: ='RESUMEN TOTAL'!F38 -> Fibra Optica | F35: ='RESUMEN TOTAL'!L38 -> 0 | G35: ='RESUMEN TOTAL'!M38 -> 0 | H35: ='RESUMEN TOTAL'!N38 -> 0 | I35: ='RESUMEN TOTAL'!O38 -> 0 | J35: ='RESUMEN TOTAL'!P38 -> 0 | K35: ='RESUMEN TOTAL'!Q38 -> 0 | L35: ='RESUMEN TOTAL'!R38 -> 0 | M35: ='RESUMEN TOTAL'!S38 -> 0 | ... AI35: ='RESUMEN TOTAL'!AO38 -> 0
A36: ='RESUMEN TOTAL'!A39 -> CENTRO | B36: ='RESUMEN TOTAL'!B39 -> CEN16 | C36: ='RESUMEN TOTAL'!D39 -> San Martin y Pte. Peron | D36: ='RESUMEN TOTAL'!E39 -> Fija | E36: ='RESUMEN TOTAL'!F39 -> Fibra Optica | F36: ='RESUMEN TOTAL'!L39 -> 0 | G36: ='RESUMEN TOTAL'!M39 -> 0 | H36: ='RESUMEN TOTAL'!N39 -> 0 | I36: ='RESUMEN TOTAL'!O39 -> 0 | J36: ='RESUMEN TOTAL'!P39 -> 0 | K36: ='RESUMEN TOTAL'!Q39 -> 0 | L36: ='RESUMEN TOTAL'!R39 -> 0 | M36: ='RESUMEN TOTAL'!S39 -> 0 | ... AG36: ='RESUMEN TOTAL'!AM39 -> 0 | AH36: ='RESUMEN TOTAL'!#REF! -> #REF! | AI36: ='RESUMEN TOTAL'!AN39 -> 0
A37: ='RESUMEN TOTAL'!A40 -> CENTRO | B37: ='RESUMEN TOTAL'!B40 -> CEN17 | C37: ='RESUMEN TOTAL'!D40 -> San Martin y Mitre | D37: ='RESUMEN TOTAL'!E40 -> Domo | E37: ='RESUMEN TOTAL'!F40 -> PTO A FO | F37: ='RESUMEN TOTAL'!L40 -> 0 | G37: ='RESUMEN TOTAL'!M40 -> 0 | H37: ='RESUMEN TOTAL'!N40 -> 0 | I37: ='RESUMEN TOTAL'!O40 -> 0 | J37: ='RESUMEN TOTAL'!P40 -> 0 | K37: ='RESUMEN TOTAL'!Q40 -> 0 | L37: ='RESUMEN TOTAL'!R40 -> 0 | M37: ='RESUMEN TOTAL'!S40 -> 0 | ... AI37: ='RESUMEN TOTAL'!AO40 -> 0
A38: ='RESUMEN TOTAL'!A41 -> CENTRO | B38: ='RESUMEN TOTAL'!B41 -> CEN18 | C38: ='RESUMEN TOTAL'!D41 -> Monteagudo e/Mitre y Sallares | D38: ='RESUMEN TOTAL'!E41 -> Fija | E38: ='RESUMEN TOTAL'!F41 -> Fibra Optica | F38: ='RESUMEN TOTAL'!L41 -> 0 | G38: ='RESUMEN TOTAL'!M41 -> 0 | H38: ='RESUMEN TOTAL'!N41 -> 0 | I38: ='RESUMEN TOTAL'!O41 -> 0 | J38: ='RESUMEN TOTAL'!P41 -> 0 | K38: ='RESUMEN TOTAL'!Q41 -> 0 | L38: ='RESUMEN TOTAL'!R41 -> 0 | M38: ='RESUMEN TOTAL'!S41 -> 0 | ... AI38: ='RESUMEN TOTAL'!AO41 -> 0
A39: ='RESUMEN TOTAL'!A42 -> CENTRO | B39: ='RESUMEN TOTAL'!B42 -> CEN19 | C39: ='RESUMEN TOTAL'!D42 -> Chacabuco y 25 de Mayo | D39: ='RESUMEN TOTAL'!E42 -> Fija | E39: ='RESUMEN TOTAL'!F42 -> Fibra Optica | F39: ='RESUMEN TOTAL'!L42 -> 0 | G39: ='RESUMEN TOTAL'!M42 -> 0 | H39: ='RESUMEN TOTAL'!N42 -> 0 | I39: ='RESUMEN TOTAL'!O42 -> 0 | J39: ='RESUMEN TOTAL'!P42 -> 0 | K39: ='RESUMEN TOTAL'!Q42 -> 0 | L39: ='RESUMEN TOTAL'!R42 -> 0 | M39: ='RESUMEN TOTAL'!S42 -> 0 | ... AI39: ='RESUMEN TOTAL'!AO42 -> 0
A40: ='RESUMEN TOTAL'!A43 -> LOMAS DE MONTEVERDE | B40: ='RESUMEN TOTAL'!B43 -> CEN20 | C40: ='RESUMEN TOTAL'!D43 -> Pte. Illia y Las Heras | D40: ='RESUMEN TOTAL'!E43 -> Domo | E40: ='RESUMEN TOTAL'!F43 -> Fibra Optica | F40: ='RESUMEN TOTAL'!L43 -> 0 | G40: ='RESUMEN TOTAL'!M43 -> 0 | H40: ='RESUMEN TOTAL'!N43 -> 0 | I40: ='RESUMEN TOTAL'!O43 -> 0 | J40: ='RESUMEN TOTAL'!P43 -> 0 | K40: ='RESUMEN TOTAL'!Q43 -> 0 | L40: ='RESUMEN TOTAL'!R43 -> 0 | M40: ='RESUMEN TOTAL'!S43 -> 0 | ... AI40: ='RESUMEN TOTAL'!AO43 -> 0
A41: ='RESUMEN TOTAL'!A44 -> CENTRO | B41: ='RESUMEN TOTAL'!B44 -> CEN21 | C41: ='RESUMEN TOTAL'!D44 -> Misiones y Urquiza | D41: ='RESUMEN TOTAL'!E44 -> Fija | E41: ='RESUMEN TOTAL'!F44 -> Radio | F41: ='RESUMEN TOTAL'!L44 -> 0 | G41: ='RESUMEN TOTAL'!M44 -> 0 | H41: ='RESUMEN TOTAL'!N44 -> 0 | I41: ='RESUMEN TOTAL'!O44 -> 0 | J41: ='RESUMEN TOTAL'!P44 -> 0 | K41: ='RESUMEN TOTAL'!Q44 -> 0 | L41: ='RESUMEN TOTAL'!R44 -> 0 | M41: ='RESUMEN TOTAL'!S44 -> 0 | ... AI41: ='RESUMEN TOTAL'!AO44 -> 0
A42: ='RESUMEN TOTAL'!A45 -> CENTRO | B42: ='RESUMEN TOTAL'!B45 -> CEN22 | C42: ='RESUMEN TOTAL'!D45 -> Las Heras y Chacabuco | D42: ='RESUMEN TOTAL'!E45 -> Domo | E42: ='RESUMEN TOTAL'!F45 -> Radio | F42: ='RESUMEN TOTAL'!L45 -> 0 | G42: ='RESUMEN TOTAL'!M45 -> 0 | H42: ='RESUMEN TOTAL'!N45 -> 0 | I42: ='RESUMEN TOTAL'!O45 -> 0 | J42: ='RESUMEN TOTAL'!P45 -> 0 | K42: ='RESUMEN TOTAL'!Q45 -> 0 | L42: ='RESUMEN TOTAL'!R45 -> 0 | M42: ='RESUMEN TOTAL'!S45 -> 0 | ... AI42: ='RESUMEN TOTAL'!AO45 -> 0
A43: ='RESUMEN TOTAL'!A46 -> CENTRO | B43: ='RESUMEN TOTAL'!B46 -> CEN23 | C43: ='RESUMEN TOTAL'!D46 -> Sallares y Monteagudo | D43: ='RESUMEN TOTAL'!E46 -> Domo | E43: ='RESUMEN TOTAL'!F46 -> Fibra Optica | F43: ='RESUMEN TOTAL'!L46 -> 0 | G43: ='RESUMEN TOTAL'!M46 -> 0 | H43: ='RESUMEN TOTAL'!N46 -> 0 | I43: ='RESUMEN TOTAL'!O46 -> 0 | J43: ='RESUMEN TOTAL'!P46 -> 0 | K43: ='RESUMEN TOTAL'!Q46 -> 0 | L43: ='RESUMEN TOTAL'!R46 -> 0 | M43: ='RESUMEN TOTAL'!S46 -> 0 | ... AI43: ='RESUMEN TOTAL'!AO46 -> 0
A44: ='RESUMEN TOTAL'!A47 -> CENTRO | B44: ='RESUMEN TOTAL'!B47 -> CEN24 | C44: ='RESUMEN TOTAL'!D47 -> Sallares y España | D44: ='RESUMEN TOTAL'!E47 -> Domo | E44: ='RESUMEN TOTAL'!F47 -> Fibra Optica | F44: ='RESUMEN TOTAL'!L47 -> 0 | G44: ='RESUMEN TOTAL'!M47 -> 0 | H44: ='RESUMEN TOTAL'!N47 -> 0 | I44: ='RESUMEN TOTAL'!O47 -> 0 | J44: ='RESUMEN TOTAL'!P47 -> 0 | K44: ='RESUMEN TOTAL'!Q47 -> 0 | L44: ='RESUMEN TOTAL'!R47 -> 0 | M44: ='RESUMEN TOTAL'!S47 -> 0 | ... AI44: ='RESUMEN TOTAL'!AO47 -> 0
A45: ='RESUMEN TOTAL'!A48 -> CENTRO | B45: ='RESUMEN TOTAL'!B48 -> CEN25 | C45: ='RESUMEN TOTAL'!D48 -> SAN MARTIN Y 9 DE JULIO | D45: ='RESUMEN TOTAL'!E48 -> Domo | E45: ='RESUMEN TOTAL'!F48 -> Fibra Optica | F45: ='RESUMEN TOTAL'!L48 -> 0 | G45: ='RESUMEN TOTAL'!M48 -> 0 | H45: ='RESUMEN TOTAL'!N48 -> 0 | I45: ='RESUMEN TOTAL'!O48 -> 0 | J45: ='RESUMEN TOTAL'!P48 -> 0 | K45: ='RESUMEN TOTAL'!Q48 -> 0 | L45: ='RESUMEN TOTAL'!R48 -> 0 | M45: ='RESUMEN TOTAL'!S48 -> 0 | ... AI45: ='RESUMEN TOTAL'!AO48 -> 0
A46: ='RESUMEN TOTAL'!A49 -> CENTRO | B46: ='RESUMEN TOTAL'!B49 -> CEN26 | C46: ='RESUMEN TOTAL'!D49 -> Mitre y España | D46: ='RESUMEN TOTAL'!E49 -> Domo | E46: ='RESUMEN TOTAL'!F49 -> Fibra Optica | F46: ='RESUMEN TOTAL'!L49 -> 0 | G46: ='RESUMEN TOTAL'!M49 -> 0 | H46: ='RESUMEN TOTAL'!N49 -> 0 | I46: ='RESUMEN TOTAL'!O49 -> 0 | J46: ='RESUMEN TOTAL'!P49 -> 0 | K46: ='RESUMEN TOTAL'!Q49 -> 0 | L46: ='RESUMEN TOTAL'!R49 -> 0 | M46: ='RESUMEN TOTAL'!S49 -> 0 | ... AI46: ='RESUMEN TOTAL'!AO49 -> 0
A47: ='RESUMEN TOTAL'!A50 -> CENTRO | B47: ='RESUMEN TOTAL'!B50 -> CEN27 | C47: ='RESUMEN TOTAL'!D50 -> San Juan y España | D47: ='RESUMEN TOTAL'!E50 -> Domo | E47: ='RESUMEN TOTAL'!F50 -> Fibra Optica | F47: ='RESUMEN TOTAL'!L50 -> 0 | G47: ='RESUMEN TOTAL'!M50 -> 0 | H47: ='RESUMEN TOTAL'!N50 -> 0 | I47: ='RESUMEN TOTAL'!O50 -> 0 | J47: ='RESUMEN TOTAL'!P50 -> 0 | K47: ='RESUMEN TOTAL'!Q50 -> 0 | L47: ='RESUMEN TOTAL'!R50 -> 0 | M47: ='RESUMEN TOTAL'!S50 -> 0 | ... AI47: ='RESUMEN TOTAL'!AO50 -> 0
A48: ='RESUMEN TOTAL'!A51 -> CENTRO | B48: ='RESUMEN TOTAL'!B51 -> CEN28 | C48: ='RESUMEN TOTAL'!D51 -> Mitre y Alberdi | D48: ='RESUMEN TOTAL'!E51 -> Domo | E48: ='RESUMEN TOTAL'!F51 -> Fibra Optica | F48: ='RESUMEN TOTAL'!L51 -> 0 | G48: ='RESUMEN TOTAL'!M51 -> 0 | H48: ='RESUMEN TOTAL'!N51 -> 0 | I48: ='RESUMEN TOTAL'!O51 -> 0 | J48: ='RESUMEN TOTAL'!P51 -> 0 | K48: ='RESUMEN TOTAL'!Q51 -> 0 | L48: ='RESUMEN TOTAL'!R51 -> 0 | M48: ='RESUMEN TOTAL'!S51 -> 0 | ... AI48: ='RESUMEN TOTAL'!AO51 -> 0
... A61: ='RESUMEN TOTAL'!A64 -> CENTRO | B61: ='RESUMEN TOTAL'!B64 -> CEN41 | C61: ='RESUMEN TOTAL'!D64 -> Contreras y Alberdi | D61: ='RESUMEN TOTAL'!E64 -> Domo | E61: ='RESUMEN TOTAL'!F64 -> Fibra Optica | F61: ='RESUMEN TOTAL'!L64 -> 0 | G61: ='RESUMEN TOTAL'!M64 -> 0 | H61: ='RESUMEN TOTAL'!N64 -> 0 | I61: ='RESUMEN TOTAL'!O64 -> 0 | J61: ='RESUMEN TOTAL'!P64 -> 0 | K61: ='RESUMEN TOTAL'!Q64 -> 0 | L61: ='RESUMEN TOTAL'!R64 -> 0 | M61: ='RESUMEN TOTAL'!S64 -> 0 | ... AI61: ='RESUMEN TOTAL'!AO64 -> 0
A62: ='RESUMEN TOTAL'!A65 -> CENTRO | B62: ='RESUMEN TOTAL'!B65 -> CEN42 | C62: ='RESUMEN TOTAL'!D65 -> Diagonal Constituyentes y Alem | D62: ='RESUMEN TOTAL'!E65 -> Domo | E62: ='RESUMEN TOTAL'!F65 -> Fibra Optica | F62: ='RESUMEN TOTAL'!L65 -> APAGADO | G62: ='RESUMEN TOTAL'!M65 -> APAGADO | H62: ='RESUMEN TOTAL'!N65 -> APAGADO | I62: ='RESUMEN TOTAL'!O65 -> APAGADO | J62: ='RESUMEN TOTAL'!P65 -> APAGADO | K62: ='RESUMEN TOTAL'!Q65 -> APAGADO | L62: ='RESUMEN TOTAL'!R65 -> APAGADO | M62: ='RESUMEN TOTAL'!S65 -> APAGADO | ... AG62: ='RESUMEN TOTAL'!AM65 -> 0 | AH62: ='RESUMEN TOTAL'!#REF! -> #REF! | AI62: ='RESUMEN TOTAL'!AN65 -> 0
A63: ='RESUMEN TOTAL'!A66 -> CENTRO | B63: ='RESUMEN TOTAL'!B66 -> CEN43 | C63: ='RESUMEN TOTAL'!D66 -> Sallares y Alberdi | D63: ='RESUMEN TOTAL'!E66 -> Domo | E63: ='RESUMEN TOTAL'!F66 -> Fibra Optica | F63: ='RESUMEN TOTAL'!L66 -> 0 | G63: ='RESUMEN TOTAL'!M66 -> 0 | H63: ='RESUMEN TOTAL'!N66 -> 0 | I63: ='RESUMEN TOTAL'!O66 -> 0 | J63: ='RESUMEN TOTAL'!P66 -> 0 | K63: ='RESUMEN TOTAL'!Q66 -> 0 | L63: ='RESUMEN TOTAL'!R66 -> 0 | M63: ='RESUMEN TOTAL'!S66 -> 0 | ... AI63: ='RESUMEN TOTAL'!AO66 -> 0
A64: ='RESUMEN TOTAL'!A67 -> CENTRO | B64: ='RESUMEN TOTAL'!B67 -> CEN44 | C64: ='RESUMEN TOTAL'!D67 -> Mitre y Brown | D64: ='RESUMEN TOTAL'!E67 -> Domo | E64: ='RESUMEN TOTAL'!F67 -> Fibra Optica | F64: ='RESUMEN TOTAL'!L67 -> 0 | G64: ='RESUMEN TOTAL'!M67 -> 0 | H64: ='RESUMEN TOTAL'!N67 -> 0 | I64: ='RESUMEN TOTAL'!O67 -> 0 | J64: ='RESUMEN TOTAL'!P67 -> 0 | K64: ='RESUMEN TOTAL'!Q67 -> 0 | L64: ='RESUMEN TOTAL'!R67 -> 0 | M64: ='RESUMEN TOTAL'!S67 -> 0 | ... AI64: ='RESUMEN TOTAL'!AO67 -> 0
A65: ='RESUMEN TOTAL'!A68 -> CENTRO | B65: ='RESUMEN TOTAL'!B68 -> CEN45 (fija 1) | C65: ='RESUMEN TOTAL'!D68 -> EEUU Y MORENO | D65: ='RESUMEN TOTAL'!E68 -> Fija | E65: ='RESUMEN TOTAL'!F68 -> Fibra Optica | F65: ='RESUMEN TOTAL'!L68 -> 0 | G65: ='RESUMEN TOTAL'!M68 -> 0 | H65: ='RESUMEN TOTAL'!N68 -> 0 | I65: ='RESUMEN TOTAL'!O68 -> 0 | J65: ='RESUMEN TOTAL'!P68 -> 0 | K65: ='RESUMEN TOTAL'!Q68 -> 0 | L65: ='RESUMEN TOTAL'!R68 -> 0 | M65: ='RESUMEN TOTAL'!S68 -> 0 | ... AI65: ='RESUMEN TOTAL'!AO68 -> 0
A66: ='RESUMEN TOTAL'!A69 -> CENTRO | B66: ='RESUMEN TOTAL'!B69 -> CEN46 (fija 2) | C66: ='RESUMEN TOTAL'!D69 -> EEUU Y MORENO | D66: ='RESUMEN TOTAL'!E69 -> Fija | E66: ='RESUMEN TOTAL'!F69 -> Fibra Optica | F66: ='RESUMEN TOTAL'!L69 -> 0 | G66: ='RESUMEN TOTAL'!M69 -> 0 | H66: ='RESUMEN TOTAL'!N69 -> 0 | I66: ='RESUMEN TOTAL'!O69 -> 0 | J66: ='RESUMEN TOTAL'!P69 -> 0 | K66: ='RESUMEN TOTAL'!Q69 -> 0 | L66: ='RESUMEN TOTAL'!R69 -> 0 | M66: ='RESUMEN TOTAL'!S69 -> 0 | ... AI66: ='RESUMEN TOTAL'!AO69 -> 0
A67: ='RESUMEN TOTAL'!A70 -> CENTRO | B67: ='RESUMEN TOTAL'!B70 -> CEN47 | C67: ='RESUMEN TOTAL'!D70 -> Sallares y Brown | D67: ='RESUMEN TOTAL'!E70 -> Domo | E67: ='RESUMEN TOTAL'!F70 -> Fibra Optica | F67: ='RESUMEN TOTAL'!L70 -> 0 | G67: ='RESUMEN TOTAL'!M70 -> 0 | H67: ='RESUMEN TOTAL'!N70 -> 0 | I67: ='RESUMEN TOTAL'!O70 -> 0 | J67: ='RESUMEN TOTAL'!P70 -> APAGADO | K67: ='RESUMEN TOTAL'!Q70 -> APAGADO | L67: ='RESUMEN TOTAL'!R70 -> APAGADO | M67: ='RESUMEN TOTAL'!S70 -> 0 | ... AI67: ='RESUMEN TOTAL'!AO70 -> 0
A68: ='RESUMEN TOTAL'!A71 -> CENTRO | B68: ='RESUMEN TOTAL'!B71 -> CEN48 | C68: ='RESUMEN TOTAL'!D71 -> Velez Sarsfield y Las Heras | D68: ='RESUMEN TOTAL'!E71 -> Domo | E68: ='RESUMEN TOTAL'!F71 -> Radio | F68: ='RESUMEN TOTAL'!L71 -> 0 | G68: ='RESUMEN TOTAL'!M71 -> 0 | H68: ='RESUMEN TOTAL'!N71 -> 0 | I68: ='RESUMEN TOTAL'!O71 -> 0 | J68: ='RESUMEN TOTAL'!P71 -> 0 | K68: ='RESUMEN TOTAL'!Q71 -> 0 | L68: ='RESUMEN TOTAL'!R71 -> 0 | M68: ='RESUMEN TOTAL'!S71 -> 0 | ... Z68: ='RESUMEN TOTAL'!AF71 -> 0 | AA68: ='RESUMEN TOTAL'!AG549 -> 0 | AB68: ='RESUMEN TOTAL'!AH71 -> 0 | AC68: ='RESUMEN TOTAL'!AI71 -> 0 | AD68: ='RESUMEN TOTAL'!AJ71 -> 0 | AE68: ='RESUMEN TOTAL'!AK71 -> 0 | AF68: ='RESUMEN TOTAL'!AL71 -> 0 | AG68: ='RESUMEN TOTAL'!AM71 -> 0 | AH68: ='RESUMEN TOTAL'!AN71 -> 0 | AI68: ='RESUMEN TOTAL'!AO71 -> 0
A69: ='RESUMEN TOTAL'!A72 -> CENTRO | B69: ='RESUMEN TOTAL'!B72 -> CEN49 | C69: ='RESUMEN TOTAL'!D72 -> Av. San Martin y Florencio Sanchez | D69: ='RESUMEN TOTAL'!E72 -> Domo | E69: ='RESUMEN TOTAL'!F72 -> Radio | F69: ='RESUMEN TOTAL'!L72 -> 0 | G69: ='RESUMEN TOTAL'!M72 -> 0 | H69: ='RESUMEN TOTAL'!N72 -> 0 | I69: ='RESUMEN TOTAL'!O72 -> 0 | J69: ='RESUMEN TOTAL'!P72 -> 0 | K69: ='RESUMEN TOTAL'!Q72 -> 0 | L69: ='RESUMEN TOTAL'!R72 -> 0 | M69: ='RESUMEN TOTAL'!S72 -> 0 | ... AI69: ='RESUMEN TOTAL'!AO72 -> 0
A70: ='RESUMEN TOTAL'!A73 -> CENTRO | B70: ='RESUMEN TOTAL'!B73 -> CEN 50 | C70: ='RESUMEN TOTAL'!D73 -> Av. San Martin y Newbery | D70: ='RESUMEN TOTAL'!E73 -> Domo | E70: ='RESUMEN TOTAL'!F73 -> Radio | F70: ='RESUMEN TOTAL'!L73 -> 0 | G70: ='RESUMEN TOTAL'!M73 -> 0 | H70: ='RESUMEN TOTAL'!N73 -> 0 | I70: ='RESUMEN TOTAL'!O73 -> 0 | J70: ='RESUMEN TOTAL'!P73 -> 0 | K70: ='RESUMEN TOTAL'!Q73 -> 0 | L70: ='RESUMEN TOTAL'!R73 -> APAGADO | M70: ='RESUMEN TOTAL'!S73 -> APAGADO | ... AI70: ='RESUMEN TOTAL'!AO73 -> 0
A71: ='RESUMEN TOTAL'!A74 -> CENTRO | B71: ='RESUMEN TOTAL'!B74 -> CEN 51 | C71: ='RESUMEN TOTAL'!D74 -> ILLIA Y LAS HERAS | D71: ='RESUMEN TOTAL'!E74 -> FIJA | E71: ='RESUMEN TOTAL'!F74 -> Fibra Optica | F71: ='RESUMEN TOTAL'!L74 -> 0 | G71: ='RESUMEN TOTAL'!M74 -> 0 | H71: ='RESUMEN TOTAL'!N74 -> 0 | I71: ='RESUMEN TOTAL'!O74 -> 0 | J71: ='RESUMEN TOTAL'!P74 -> 0 | K71: ='RESUMEN TOTAL'!Q74 -> 0 | L71: ='RESUMEN TOTAL'!R74 -> 0 | M71: ='RESUMEN TOTAL'!S74 -> 0 | ... AI71: ='RESUMEN TOTAL'!AO74 -> 0
A72: ='RESUMEN TOTAL'!A75 -> CENTRO | B72: ='RESUMEN TOTAL'!B75 -> CEN52 | C72: ='RESUMEN TOTAL'!D75 -> San Martin y Almafuerte (ex San Martin y Dorrego) | D72: ='RESUMEN TOTAL'!E75 -> DOMO | E72: ='RESUMEN TOTAL'!F75 -> Radio | F72: ='RESUMEN TOTAL'!L75 -> 0 | G72: ='RESUMEN TOTAL'!M75 -> 0 | H72: ='RESUMEN TOTAL'!N75 -> 0 | I72: ='RESUMEN TOTAL'!O75 -> 0 | J72: ='RESUMEN TOTAL'!P75 -> 0 | K72: ='RESUMEN TOTAL'!Q75 -> 0 | L72: ='RESUMEN TOTAL'!R75 -> 0 | M72: ='RESUMEN TOTAL'!S75 -> 0 | ... AI72: ='RESUMEN TOTAL'!AO75 -> 0
A73: ='RESUMEN TOTAL'!A76 -> CENTRO | B73: ='RESUMEN TOTAL'!B76 -> CEN 53 | C73: ='RESUMEN TOTAL'!D76 -> GUTIERREZ Y BROWN | D73: ='RESUMEN TOTAL'!E76 -> Domo | E73: ='RESUMEN TOTAL'!F76 -> Radio | F73: ='RESUMEN TOTAL'!L76 -> 0 | G73: ='RESUMEN TOTAL'!M76 -> 0 | H73: ='RESUMEN TOTAL'!N76 -> 0 | I73: ='RESUMEN TOTAL'!O76 -> 0 | J73: ='RESUMEN TOTAL'!P76 -> 0 | K73: ='RESUMEN TOTAL'!Q76 -> 0 | L73: ='RESUMEN TOTAL'!R76 -> 0 | M73: ='RESUMEN TOTAL'!S76 -> 0 | ... AI73: ='RESUMEN TOTAL'!AO76 -> 0
A74: ='RESUMEN TOTAL'!A77 -> CENTRO | B74: ='RESUMEN TOTAL'!B77 -> CEN 54 | C74: ='RESUMEN TOTAL'!D77 -> GUTIERREZ Y PRINGLES | D74: ='RESUMEN TOTAL'!E77 -> Domo | E74: ='RESUMEN TOTAL'!F77 -> Radio | F74: ='RESUMEN TOTAL'!L77 -> 0 | G74: ='RESUMEN TOTAL'!M77 -> 0 | H74: ='RESUMEN TOTAL'!N77 -> 0 | I74: ='RESUMEN TOTAL'!O77 -> 0 | J74: ='RESUMEN TOTAL'!P77 -> 0 | K74: ='RESUMEN TOTAL'!Q77 -> 0 | L74: ='RESUMEN TOTAL'!R77 -> 0 | M74: ='RESUMEN TOTAL'!S77 -> 0 | ... AI74: ='RESUMEN TOTAL'!AO77 -> 0
A75: ='RESUMEN TOTAL'!A78 -> CENTRO | B75: ='RESUMEN TOTAL'!B78 -> CEN 55 | C75: ='RESUMEN TOTAL'!D78 -> BOUREL Y URQUIZA | D75: ='RESUMEN TOTAL'!E78 -> Domo | E75: ='RESUMEN TOTAL'!F78 -> Radio | F75: ='RESUMEN TOTAL'!L78 -> 0 | G75: ='RESUMEN TOTAL'!M78 -> 0 | H75: ='RESUMEN TOTAL'!N78 -> 0 | I75: ='RESUMEN TOTAL'!O78 -> 0 | J75: ='RESUMEN TOTAL'!P78 -> 0 | K75: ='RESUMEN TOTAL'!Q78 -> 0 | L75: ='RESUMEN TOTAL'!R78 -> 0 | M75: ='RESUMEN TOTAL'!S78 -> 0 | ... AI75: ='RESUMEN TOTAL'!AO78 -> 0
A76: ='RESUMEN TOTAL'!A79 -> CENTRO | B76: ='RESUMEN TOTAL'!B79 -> CEN 56 | C76: ='RESUMEN TOTAL'!D79 -> Newbery y Falucho | D76: ='RESUMEN TOTAL'!E79 -> DOMO | E76: ='RESUMEN TOTAL'!F79 -> Radio | F76: ='RESUMEN TOTAL'!L79 -> 0 | G76: ='RESUMEN TOTAL'!M79 -> 0 | H76: ='RESUMEN TOTAL'!N79 -> 0 | I76: ='RESUMEN TOTAL'!O79 -> 0 | J76: ='RESUMEN TOTAL'!P79 -> 0 | K76: ='RESUMEN TOTAL'!Q79 -> 0 | L76: ='RESUMEN TOTAL'!R79 -> 0 | M76: ='RESUMEN TOTAL'!S79 -> 0 | ... AI76: ='RESUMEN TOTAL'!AO79 -> 0
A77: ='RESUMEN TOTAL'!A80 -> CENTRO | B77: ='RESUMEN TOTAL'!B80 -> CEN 57 | C77: ='RESUMEN TOTAL'!D80 -> 25 DE MAYO Y DORREGO | D77: ='RESUMEN TOTAL'!E80 -> DOMO | E77: ='RESUMEN TOTAL'!F80 -> Radio | F77: ='RESUMEN TOTAL'!L80 -> 0 | G77: ='RESUMEN TOTAL'!M80 -> 0 | H77: ='RESUMEN TOTAL'!N80 -> 0 | I77: ='RESUMEN TOTAL'!O80 -> 0 | J77: ='RESUMEN TOTAL'!P80 -> 0 | K77: ='RESUMEN TOTAL'!Q80 -> 0 | L77: ='RESUMEN TOTAL'!R80 -> 0 | M77: ='RESUMEN TOTAL'!S80 -> 0 | ... AI77: ='RESUMEN TOTAL'!AO80 -> 0
A78: ='RESUMEN TOTAL'!A81 -> CENTRO | B78: ='RESUMEN TOTAL'!B81 -> CEN 58 | C78: ='RESUMEN TOTAL'!D81 -> EEUU Y MORENO | D78: ='RESUMEN TOTAL'!E81 -> DOMO | E78: ='RESUMEN TOTAL'!F81 -> Fibra Optica | F78: ='RESUMEN TOTAL'!L81 -> 0 | G78: ='RESUMEN TOTAL'!M81 -> 0 | H78: ='RESUMEN TOTAL'!N81 -> 0 | I78: ='RESUMEN TOTAL'!O81 -> 0 | J78: ='RESUMEN TOTAL'!P81 -> 0 | K78: ='RESUMEN TOTAL'!Q81 -> 0 | L78: ='RESUMEN TOTAL'!R81 -> 0 | M78: ='RESUMEN TOTAL'!S81 -> 0 | ... AI78: ='RESUMEN TOTAL'!AO81 -> 0
A79: ='RESUMEN TOTAL'!A82 -> CENTRO | B79: ='RESUMEN TOTAL'!B82 -> CEN59 | C79: ='RESUMEN TOTAL'!D82 -> CHACABUCO Y BOUREL | D79: ='RESUMEN TOTAL'!E82 -> DOMO | E79: ='RESUMEN TOTAL'!F82 -> Radio | F79: ='RESUMEN TOTAL'!L82 -> 0 | G79: ='RESUMEN TOTAL'!M82 -> 0 | H79: ='RESUMEN TOTAL'!N82 -> 0 | I79: ='RESUMEN TOTAL'!O82 -> 0 | J79: ='RESUMEN TOTAL'!P82 -> 0 | K79: ='RESUMEN TOTAL'!Q82 -> 0 | L79: ='RESUMEN TOTAL'!R82 -> 0 | M79: ='RESUMEN TOTAL'!S82 -> 0 | ... AI79: ='RESUMEN TOTAL'!AO82 -> 0
A80: ='RESUMEN TOTAL'!A83 -> CENTRO | B80: ='RESUMEN TOTAL'!B83 -> CEN 60 | C80: ='RESUMEN TOTAL'!D83 -> RECONQUISTA Y ILLIA | D80: ='RESUMEN TOTAL'!E83 -> DOMO | E80: ='RESUMEN TOTAL'!F83 -> PTO A FO | F80: ='RESUMEN TOTAL'!L83 -> 0 | G80: ='RESUMEN TOTAL'!M83 -> 0 | H80: ='RESUMEN TOTAL'!N83 -> 0 | I80: ='RESUMEN TOTAL'!O83 -> 0 | J80: ='RESUMEN TOTAL'!P83 -> 0 | K80: ='RESUMEN TOTAL'!Q83 -> 0 | L80: ='RESUMEN TOTAL'!R83 -> 0 | M80: ='RESUMEN TOTAL'!S83 -> 0 | ... AI80: ='RESUMEN TOTAL'!AO83 -> 0
... A86: ='RESUMEN TOTAL'!A89 -> CENTRO | B86: ='RESUMEN TOTAL'!B89 -> CEN66 | C86: ='RESUMEN TOTAL'!D89 -> SAN MARTIN Y JUAN PERON | D86: ='RESUMEN TOTAL'!E89 -> FIJA | E86: ='RESUMEN TOTAL'!F89 -> Fibra Optica | F86: ='RESUMEN TOTAL'!L89 -> 0 | G86: ='RESUMEN TOTAL'!M89 -> 0 | H86: ='RESUMEN TOTAL'!N89 -> 0 | I86: ='RESUMEN TOTAL'!O89 -> 0 | J86: ='RESUMEN TOTAL'!P89 -> 0 | K86: ='RESUMEN TOTAL'!Q89 -> 0 | L86: ='RESUMEN TOTAL'!R89 -> 0 | M86: ='RESUMEN TOTAL'!S89 -> 0 | ... AI86: ='RESUMEN TOTAL'!AO89 -> 0
A87: ='RESUMEN TOTAL'!A90 -> CENTRO | B87: ='RESUMEN TOTAL'!B90 -> CEN67 (fija 1) | C87: ='RESUMEN TOTAL'!D90 -> 9 DE JULIO Y BROWN | D87: ='RESUMEN TOTAL'!E90 -> Fija | E87: ='RESUMEN TOTAL'!F90 -> Fibra Optica | F87: ='RESUMEN TOTAL'!L90 -> APAGADO | G87: ='RESUMEN TOTAL'!M90 -> APAGADO | H87: ='RESUMEN TOTAL'!N90 -> APAGADO | I87: ='RESUMEN TOTAL'!O90 -> APAGADO | J87: ='RESUMEN TOTAL'!P90 -> APAGADO | K87: ='RESUMEN TOTAL'!Q90 -> APAGADO | L87: ='RESUMEN TOTAL'!R90 -> APAGADO | M87: ='RESUMEN TOTAL'!S90 -> APAGADO | ... AG87: ='RESUMEN TOTAL'!AM90 -> 0 | AH87: ='RESUMEN TOTAL'!#REF! -> #REF! | AI87: ='RESUMEN TOTAL'!AN90 -> 0
A88: ='RESUMEN TOTAL'!A91 -> CENTRO | B88: ='RESUMEN TOTAL'!B91 -> CEN68 (fija 2) | C88: ='RESUMEN TOTAL'!D91 -> 9 DE JULIO Y BROWN | D88: ='RESUMEN TOTAL'!E91 -> Fija | E88: ='RESUMEN TOTAL'!F91 -> Fibra Optica | F88: ='RESUMEN TOTAL'!L91 -> APAGADO | G88: ='RESUMEN TOTAL'!M91 -> APAGADO | H88: ='RESUMEN TOTAL'!N91 -> APAGADO | I88: ='RESUMEN TOTAL'!O91 -> APAGADO | J88: ='RESUMEN TOTAL'!P91 -> APAGADO | K88: ='RESUMEN TOTAL'!Q91 -> APAGADO | L88: ='RESUMEN TOTAL'!R91 -> APAGADO | M88: ='RESUMEN TOTAL'!S91 -> APAGADO | ... AG88: ='RESUMEN TOTAL'!AM91 -> 0 | AH88: ='RESUMEN TOTAL'!#REF! -> #REF! | AI88: ='RESUMEN TOTAL'!AN91 -> 0
A89: ='RESUMEN TOTAL'!A92 -> CENTRO | B89: ='RESUMEN TOTAL'!B92 -> CEN69 | C89: ='RESUMEN TOTAL'!D92 -> RIVADAVIA Y BOUREL | D89: ='RESUMEN TOTAL'!E92 -> DOMO | E89: ='RESUMEN TOTAL'!F92 -> Fibra Optica | F89: ='RESUMEN TOTAL'!L92 -> 0 | G89: ='RESUMEN TOTAL'!M92 -> 0 | H89: ='RESUMEN TOTAL'!N92 -> 0 | I89: ='RESUMEN TOTAL'!O92 -> 0 | J89: ='RESUMEN TOTAL'!P92 -> 0 | K89: ='RESUMEN TOTAL'!Q92 -> 0 | L89: ='RESUMEN TOTAL'!R92 -> 0 | M89: ='RESUMEN TOTAL'!S92 -> 0 | ... AI89: ='RESUMEN TOTAL'!AO92 -> 0
A90: ='RESUMEN TOTAL'!A93 -> CENTRO | B90: ='RESUMEN TOTAL'!B93 -> CEN 70 | C90: ='RESUMEN TOTAL'!D93 -> RIVADAVIA Y 25 MAYO | D90: ='RESUMEN TOTAL'!E93 -> Domo | E90: ='RESUMEN TOTAL'!F93 -> Fibra Optica | F90: ='RESUMEN TOTAL'!L93 -> 0 | G90: ='RESUMEN TOTAL'!M93 -> 0 | H90: ='RESUMEN TOTAL'!N93 -> 0 | I90: ='RESUMEN TOTAL'!O93 -> 0 | J90: ='RESUMEN TOTAL'!P93 -> 0 | K90: ='RESUMEN TOTAL'!Q93 -> 0 | L90: ='RESUMEN TOTAL'!R93 -> 0 | M90: ='RESUMEN TOTAL'!S93 -> 0 | ... AI90: ='RESUMEN TOTAL'!AO93 -> 0
A91: ='RESUMEN TOTAL'!A94 -> CENTRO | B91: ='RESUMEN TOTAL'!B94 -> CEN 71 | C91: ='RESUMEN TOTAL'!D94 -> MORENO Y BOUREL | D91: ='RESUMEN TOTAL'!E94 -> Domo | E91: ='RESUMEN TOTAL'!F94 -> Fibra Optica | F91: ='RESUMEN TOTAL'!L94 -> 0 | G91: ='RESUMEN TOTAL'!M94 -> 0 | H91: ='RESUMEN TOTAL'!N94 -> 0 | I91: ='RESUMEN TOTAL'!O94 -> 0 | J91: ='RESUMEN TOTAL'!P94 -> 0 | K91: ='RESUMEN TOTAL'!Q94 -> 0 | L91: ='RESUMEN TOTAL'!R94 -> 0 | M91: ='RESUMEN TOTAL'!S94 -> 0 | ... AI91: ='RESUMEN TOTAL'!AO94 -> 0
A92: ='RESUMEN TOTAL'!A95 -> CENTRO | B92: ='RESUMEN TOTAL'!B95 -> CEN 72 | C92: ='RESUMEN TOTAL'!D95 -> MORENO Y 25 DE MAYO | D92: ='RESUMEN TOTAL'!E95 -> Domo | E92: ='RESUMEN TOTAL'!F95 -> Fibra Optica | F92: ='RESUMEN TOTAL'!L95 -> 0 | G92: ='RESUMEN TOTAL'!M95 -> 0 | H92: ='RESUMEN TOTAL'!N95 -> 0 | I92: ='RESUMEN TOTAL'!O95 -> 0 | J92: ='RESUMEN TOTAL'!P95 -> 0 | K92: ='RESUMEN TOTAL'!Q95 -> 0 | L92: ='RESUMEN TOTAL'!R95 -> 0 | M92: ='RESUMEN TOTAL'!S95 -> 0 | ... AI92: ='RESUMEN TOTAL'!AO95 -> 0
A93: ='RESUMEN TOTAL'!A96 -> CENTRO | B93: ='RESUMEN TOTAL'!B96 -> CEN73 | C93: ='RESUMEN TOTAL'!D96 -> BOUREL Y DEFENSA | D93: ='RESUMEN TOTAL'!E96 -> DOMO | E93: ='RESUMEN TOTAL'!F96 -> Fibra Optica | F93: ='RESUMEN TOTAL'!L96 -> 0 | G93: ='RESUMEN TOTAL'!M96 -> 0 | H93: ='RESUMEN TOTAL'!N96 -> 0 | I93: ='RESUMEN TOTAL'!O96 -> 0 | J93: ='RESUMEN TOTAL'!P96 -> 0 | K93: ='RESUMEN TOTAL'!Q96 -> 0 | L93: ='RESUMEN TOTAL'!R96 -> 0 | M93: ='RESUMEN TOTAL'!S96 -> 0 | ... AI93: ='RESUMEN TOTAL'!AO96 -> 0
A94: ='RESUMEN TOTAL'!A97 -> CENTRO | B94: ='RESUMEN TOTAL'!B97 -> CEN74 | C94: ='RESUMEN TOTAL'!D97 -> Las Heras y Maipu | D94: ='RESUMEN TOTAL'!E97 -> Domo | E94: ='RESUMEN TOTAL'!F97 -> Fibra Optica | F94: ='RESUMEN TOTAL'!L97 -> 0 | G94: ='RESUMEN TOTAL'!M97 -> 0 | H94: ='RESUMEN TOTAL'!N97 -> 0 | I94: ='RESUMEN TOTAL'!O97 -> 0 | J94: ='RESUMEN TOTAL'!P97 -> 0 | K94: ='RESUMEN TOTAL'!Q97 -> 0 | L94: ='RESUMEN TOTAL'!R97 -> 0 | M94: ='RESUMEN TOTAL'!S97 -> 0 | ... AI94: ='RESUMEN TOTAL'!AO97 -> 0
A95: ='RESUMEN TOTAL'!A98 -> CENTRO | B95: ='RESUMEN TOTAL'!B98 -> CEN 75 | C95: ='RESUMEN TOTAL'!D98 -> 25 DE MAYO Y CASTELLI | D95: ='RESUMEN TOTAL'!E98 -> Domo | E95: ='RESUMEN TOTAL'!F98 -> Fibra Optica | F95: ='RESUMEN TOTAL'!L98 -> 0 | G95: ='RESUMEN TOTAL'!M98 -> 0 | H95: ='RESUMEN TOTAL'!N98 -> 0 | I95: ='RESUMEN TOTAL'!O98 -> 0 | J95: ='RESUMEN TOTAL'!P98 -> 0 | K95: ='RESUMEN TOTAL'!Q98 -> 0 | L95: ='RESUMEN TOTAL'!R98 -> 0 | M95: ='RESUMEN TOTAL'!S98 -> 0 | ... AI95: ='RESUMEN TOTAL'!AO98 -> 0
A96: ='RESUMEN TOTAL'!A99 -> CENTRO | B96: ='RESUMEN TOTAL'!B99 -> CEN 76 | C96: ='RESUMEN TOTAL'!D99 -> ESPAÑA E/MITRE Y BOCUZZI | D96: ='RESUMEN TOTAL'!E99 -> Fija | E96: ='RESUMEN TOTAL'!F99 -> Fibra Optica | F96: ='RESUMEN TOTAL'!L99 -> APAGADO | G96: ='RESUMEN TOTAL'!M99 -> APAGADO | H96: ='RESUMEN TOTAL'!N99 -> APAGADO | I96: ='RESUMEN TOTAL'!O99 -> APAGADO | J96: ='RESUMEN TOTAL'!P99 -> 0 | K96: ='RESUMEN TOTAL'!Q99 -> 0 | L96: ='RESUMEN TOTAL'!R99 -> 0 | M96: ='RESUMEN TOTAL'!S99 -> 0 | ... AI96: ='RESUMEN TOTAL'!AO99 -> 0
A97: ='RESUMEN TOTAL'!A100 -> CENTRO | B97: ='RESUMEN TOTAL'!B100 -> CEN 77 | C97: ='RESUMEN TOTAL'!D100 -> Monteagudo e/ Mitre y Boccuzzi | D97: ='RESUMEN TOTAL'!E100 -> Fija | E97: ='RESUMEN TOTAL'!F100 -> Fibra Optica | F97: ='RESUMEN TOTAL'!L100 -> 0 | G97: ='RESUMEN TOTAL'!M100 -> 0 | H97: ='RESUMEN TOTAL'!N100 -> 0 | I97: ='RESUMEN TOTAL'!O100 -> 0 | J97: ='RESUMEN TOTAL'!P100 -> 0 | K97: ='RESUMEN TOTAL'!Q100 -> 0 | L97: ='RESUMEN TOTAL'!R100 -> 0 | M97: ='RESUMEN TOTAL'!S100 -> 0 | ... AI97: ='RESUMEN TOTAL'!AO100 -> 0
A98: ='RESUMEN TOTAL'!A101 -> CENTRO | B98: ='RESUMEN TOTAL'!B101 -> CEN 78 | C98: ='RESUMEN TOTAL'!D101 -> Mitre e/Monteagudo y Alberdi | D98: ='RESUMEN TOTAL'!E101 -> Fija | E98: ='RESUMEN TOTAL'!F101 -> Fibra Optica | F98: ='RESUMEN TOTAL'!L101 -> 0 | G98: ='RESUMEN TOTAL'!M101 -> 0 | H98: ='RESUMEN TOTAL'!N101 -> 0 | I98: ='RESUMEN TOTAL'!O101 -> 0 | J98: ='RESUMEN TOTAL'!P101 -> 0 | K98: ='RESUMEN TOTAL'!Q101 -> 0 | L98: ='RESUMEN TOTAL'!R101 -> 0 | M98: ='RESUMEN TOTAL'!S101 -> 0 | ... AI98: ='RESUMEN TOTAL'!AO101 -> 0
A99: ='RESUMEN TOTAL'!A102 -> CENTRO | B99: ='RESUMEN TOTAL'!B102 -> CEN 79 | C99: ='RESUMEN TOTAL'!D102 -> Diag. Constituyente y Brown | D99: ='RESUMEN TOTAL'!E102 -> Fija | E99: ='RESUMEN TOTAL'!F102 -> Fibra Optica | F99: ='RESUMEN TOTAL'!L102 -> 0 | G99: ='RESUMEN TOTAL'!M102 -> 0 | H99: ='RESUMEN TOTAL'!N102 -> 0 | I99: ='RESUMEN TOTAL'!O102 -> 0 | J99: ='RESUMEN TOTAL'!P102 -> 0 | K99: ='RESUMEN TOTAL'!Q102 -> 0 | L99: ='RESUMEN TOTAL'!R102 -> 0 | M99: ='RESUMEN TOTAL'!S102 -> 0 | ... AI99: ='RESUMEN TOTAL'!AO102 -> 0
A100: ='RESUMEN TOTAL'!A103 -> CENTRO | B100: ='RESUMEN TOTAL'!B103 -> CEN 80 | C100: ='RESUMEN TOTAL'!D103 -> Diag. Constituyente y Brown | D100: ='RESUMEN TOTAL'!E103 -> Fija | E100: ='RESUMEN TOTAL'!F103 -> Fibra Optica | F100: ='RESUMEN TOTAL'!L103 -> 0 | G100: ='RESUMEN TOTAL'!M103 -> 0 | H100: ='RESUMEN TOTAL'!N103 -> 0 | I100: ='RESUMEN TOTAL'!O103 -> 0 | J100: ='RESUMEN TOTAL'!P103 -> 0 | K100: ='RESUMEN TOTAL'!Q103 -> 0 | L100: ='RESUMEN TOTAL'!R103 -> 0 | M100: ='RESUMEN TOTAL'!S103 -> 0 | ... AI100: ='RESUMEN TOTAL'!AO103 -> 0
... A102: ='RESUMEN TOTAL'!A105 -> CENTRO | B102: ='RESUMEN TOTAL'!B105 -> CEN 82 | C102: ='RESUMEN TOTAL'!D105 -> DORREGO Y BOUREL | D102: ='RESUMEN TOTAL'!E105 -> Domo | E102: ='RESUMEN TOTAL'!F105 -> Fibra Optica | F102: ='RESUMEN TOTAL'!L105 -> 0 | G102: ='RESUMEN TOTAL'!M105 -> 0 | H102: ='RESUMEN TOTAL'!N105 -> 0 | I102: ='RESUMEN TOTAL'!O105 -> 0 | J102: ='RESUMEN TOTAL'!P105 -> 0 | K102: ='RESUMEN TOTAL'!Q105 -> 0 | L102: ='RESUMEN TOTAL'!R105 -> 0 | M102: ='RESUMEN TOTAL'!S105 -> 0 | ... AI102: ='RESUMEN TOTAL'!AO105 -> 0
A103: ='RESUMEN TOTAL'!A106 -> CENTRO | B103: ='RESUMEN TOTAL'!B106 -> CEN83 | C103: ='RESUMEN TOTAL'!D106 -> RECONQUISTA Y 25 DE MAYO | D103: ='RESUMEN TOTAL'!E106 -> Domo | E103: ='RESUMEN TOTAL'!F106 -> Radio | F103: ='RESUMEN TOTAL'!L106 -> APAGADO | G103: ='RESUMEN TOTAL'!M106 -> APAGADO | H103: ='RESUMEN TOTAL'!N106 -> APAGADO | I103: ='RESUMEN TOTAL'!O106 -> APAGADO | J103: ='RESUMEN TOTAL'!P106 -> APAGADO | K103: ='RESUMEN TOTAL'!Q106 -> APAGADO | L103: ='RESUMEN TOTAL'!R106 -> APAGADO | M103: ='RESUMEN TOTAL'!S106 -> APAGADO | ... AG103: ='RESUMEN TOTAL'!AM106 -> 0 | AH103: ='RESUMEN TOTAL'!#REF! -> #REF! | AI103: ='RESUMEN TOTAL'!AN106 -> 0
A104: ='RESUMEN TOTAL'!A107 -> CENTRO | B104: ='RESUMEN TOTAL'!B107 -> CEN 84 | C104: ='RESUMEN TOTAL'!D107 -> 25 DE MAYO Y MAIPU | D104: ='RESUMEN TOTAL'!E107 -> Fija | E104: ='RESUMEN TOTAL'!F107 -> Fibra Optica | F104: ='RESUMEN TOTAL'!L107 -> 0 | G104: ='RESUMEN TOTAL'!M107 -> 0 | H104: ='RESUMEN TOTAL'!N107 -> 0 | I104: ='RESUMEN TOTAL'!O107 -> 0 | J104: ='RESUMEN TOTAL'!P107 -> 0 | K104: ='RESUMEN TOTAL'!Q107 -> 0 | L104: ='RESUMEN TOTAL'!R107 -> 0 | M104: ='RESUMEN TOTAL'!S107 -> 0 | ... AI104: ='RESUMEN TOTAL'!AO107 -> 0
A105: ='RESUMEN TOTAL'!A108 -> CENTRO | B105: ='RESUMEN TOTAL'!B108 -> CEN 85 | C105: ='RESUMEN TOTAL'!D108 -> PTE PERON E/ PRINGLES Y BROWN | D105: ='RESUMEN TOTAL'!E108 -> Fija | E105: ='RESUMEN TOTAL'!F108 -> Fibra Optica | F105: ='RESUMEN TOTAL'!L108 -> 0 | G105: ='RESUMEN TOTAL'!M108 -> 0 | H105: ='RESUMEN TOTAL'!N108 -> 0 | I105: ='RESUMEN TOTAL'!O108 -> 0 | J105: ='RESUMEN TOTAL'!P108 -> 0 | K105: ='RESUMEN TOTAL'!Q108 -> 0 | L105: ='RESUMEN TOTAL'!R108 -> 0 | M105: ='RESUMEN TOTAL'!S108 -> 0 | ... AI105: ='RESUMEN TOTAL'!AO108 -> 0
A106: ='RESUMEN TOTAL'!A109 -> CENTRO | B106: ='RESUMEN TOTAL'!B109 -> CEN 86 | C106: ='RESUMEN TOTAL'!D109 -> Monteagudo y Bocuzzi | D106: ='RESUMEN TOTAL'!E109 -> Fija | E106: ='RESUMEN TOTAL'!F109 -> Fibra Optica | F106: ='RESUMEN TOTAL'!L109 -> APAGADO | G106: ='RESUMEN TOTAL'!M109 -> APAGADO | H106: ='RESUMEN TOTAL'!N109 -> APAGADO | I106: ='RESUMEN TOTAL'!O109 -> APAGADO | J106: ='RESUMEN TOTAL'!P109 -> 0 | K106: ='RESUMEN TOTAL'!Q109 -> 0 | L106: ='RESUMEN TOTAL'!R109 -> 0 | M106: ='RESUMEN TOTAL'!S109 -> 0 | ... AI106: ='RESUMEN TOTAL'!AO109 -> 0
A107: ='RESUMEN TOTAL'!A111 -> SAN NICOLAS | B107: ='RESUMEN TOTAL'!B111 -> CHA01 | C107: ='RESUMEN TOTAL'!D111 -> Novak y Pte Illia | D107: ='RESUMEN TOTAL'!E111 -> Domo | E107: ='RESUMEN TOTAL'!F111 -> Radio | F107: ='RESUMEN TOTAL'!L111 -> 0 | G107: ='RESUMEN TOTAL'!M111 -> 0 | H107: ='RESUMEN TOTAL'!N111 -> 0 | I107: ='RESUMEN TOTAL'!O111 -> 0 | J107: ='RESUMEN TOTAL'!P111 -> 0 | K107: ='RESUMEN TOTAL'!Q111 -> 0 | L107: ='RESUMEN TOTAL'!R111 -> 0 | M107: ='RESUMEN TOTAL'!S111 -> 0 | ... AI107: ='RESUMEN TOTAL'!AO111 -> 0
A108: ='RESUMEN TOTAL'!A112 -> CHACABUCO | B108: ='RESUMEN TOTAL'!B112 -> CHA02 | C108: ='RESUMEN TOTAL'!D112 -> Pte. Illia y Posadas | D108: ='RESUMEN TOTAL'!E112 -> Domo | E108: ='RESUMEN TOTAL'!F112 -> Radio | F108: ='RESUMEN TOTAL'!L112 -> APAGADO | G108: ='RESUMEN TOTAL'!M112 -> APAGADO | H108: ='RESUMEN TOTAL'!N112 -> APAGADO | I108: ='RESUMEN TOTAL'!O112 -> APAGADO | J108: ='RESUMEN TOTAL'!P112 -> APAGADO | K108: ='RESUMEN TOTAL'!Q112 -> APAGADO | L108: ='RESUMEN TOTAL'!R112 -> APAGADO | M108: ='RESUMEN TOTAL'!S112 -> APAGADO | ... AG108: ='RESUMEN TOTAL'!AM112 -> 0 | AH108: ='RESUMEN TOTAL'!#REF! -> #REF! | AI108: ='RESUMEN TOTAL'!AN112 -> 0
A109: ='RESUMEN TOTAL'!A113 -> CHACABUCO | B109: ='RESUMEN TOTAL'!B113 -> CHA03 | C109: ='RESUMEN TOTAL'!D113 -> MAIPU Y ALVAREZ THOMAS | D109: ='RESUMEN TOTAL'!E113 -> DOMO | E109: ='RESUMEN TOTAL'!F113 -> Fibra Optica | F109: ='RESUMEN TOTAL'!L113 -> 0 | G109: ='RESUMEN TOTAL'!M113 -> 0 | H109: ='RESUMEN TOTAL'!N113 -> 0 | I109: ='RESUMEN TOTAL'!O113 -> 0 | J109: ='RESUMEN TOTAL'!P113 -> 0 | K109: ='RESUMEN TOTAL'!Q113 -> 0 | L109: ='RESUMEN TOTAL'!R113 -> 0 | M109: ='RESUMEN TOTAL'!S113 -> 0 | ... AI109: ='RESUMEN TOTAL'!AO113 -> 0
A110: ='RESUMEN TOTAL'!A114 -> CHACABUCO | B110: ='RESUMEN TOTAL'!B114 -> CHA04 | C110: ='RESUMEN TOTAL'!D114 -> ESTADOS UNIDOS DE A. E ILLIA | D110: ='RESUMEN TOTAL'!E114 -> DOMO | E110: ='RESUMEN TOTAL'!F114 -> Fibra Optica | F110: ='RESUMEN TOTAL'!L114 -> APAGADO | G110: ='RESUMEN TOTAL'!M114 -> APAGADO | H110: ='RESUMEN TOTAL'!N114 -> APAGADO | I110: ='RESUMEN TOTAL'!O114 -> APAGADO | J110: ='RESUMEN TOTAL'!P114 -> APAGADO | K110: ='RESUMEN TOTAL'!Q114 -> APAGADO | L110: ='RESUMEN TOTAL'!R114 -> APAGADO | M110: ='RESUMEN TOTAL'!S114 -> APAGADO | ... AG110: ='RESUMEN TOTAL'!AM114 -> 0 | AH110: ='RESUMEN TOTAL'!#REF! -> #REF! | AI110: ='RESUMEN TOTAL'!AN114 -> 0
A111: ='RESUMEN TOTAL'!A115 -> VILLA MONICA NUEVA | B111: ='RESUMEN TOTAL'!B115 -> COL01 | C111: ='RESUMEN TOTAL'!D115 -> Eva Peron y Cariboni | D111: ='RESUMEN TOTAL'!E115 -> Domo | E111: ='RESUMEN TOTAL'!F115 -> Radio | F111: ='RESUMEN TOTAL'!L115 -> APAGADO | G111: ='RESUMEN TOTAL'!M115 -> APAGADO | H111: ='RESUMEN TOTAL'!N115 -> APAGADO | I111: ='RESUMEN TOTAL'!O115 -> APAGADO | J111: ='RESUMEN TOTAL'!P115 -> 0 | K111: ='RESUMEN TOTAL'!Q115 -> 0 | L111: ='RESUMEN TOTAL'!R115 -> 0 | M111: ='RESUMEN TOTAL'!S115 -> APAGADO | ... AI111: ='RESUMEN TOTAL'!AO115 -> 0
A112: ='RESUMEN TOTAL'!A116 -> LA COLORADA ESTE | B112: ='RESUMEN TOTAL'!B116 -> COL02 | C112: ='RESUMEN TOTAL'!D116 -> Av. Eva Peron y Pompeya | D112: ='RESUMEN TOTAL'!E116 -> Domo | E112: ='RESUMEN TOTAL'!F116 -> Radio | F112: ='RESUMEN TOTAL'!L116 -> APAGADO | G112: ='RESUMEN TOTAL'!M116 -> APAGADO | H112: ='RESUMEN TOTAL'!N116 -> APAGADO | I112: ='RESUMEN TOTAL'!O116 -> APAGADO | J112: ='RESUMEN TOTAL'!P116 -> 0 | K112: ='RESUMEN TOTAL'!Q116 -> 0 | L112: ='RESUMEN TOTAL'!R116 -> 0 | M112: ='RESUMEN TOTAL'!S116 -> APAGADO | ... AI112: ='RESUMEN TOTAL'!AO116 -> 0
A113: ='RESUMEN TOTAL'!A117 -> LA COLORADA ESTE | B113: ='RESUMEN TOTAL'!B117 -> COL 03 | C113: ='RESUMEN TOTAL'!D117 -> CARIBONI Y LA ANCIANIDAD | D113: ='RESUMEN TOTAL'!E117 -> DOMO | E113: ='RESUMEN TOTAL'!F117 -> Radio | F113: ='RESUMEN TOTAL'!L117 -> 0 | G113: ='RESUMEN TOTAL'!M117 -> 0 | H113: ='RESUMEN TOTAL'!N117 -> 0 | I113: ='RESUMEN TOTAL'!O117 -> 0 | J113: ='RESUMEN TOTAL'!P117 -> 0 | K113: ='RESUMEN TOTAL'!Q117 -> 0 | L113: ='RESUMEN TOTAL'!R117 -> 0 | M113: ='RESUMEN TOTAL'!S117 -> APAGADO | ... AI113: ='RESUMEN TOTAL'!AO117 -> 0
A114: ='RESUMEN TOTAL'!A118 -> LA COLORADA ESTE | B114: ='RESUMEN TOTAL'!B118 -> COL 04 | C114: ='RESUMEN TOTAL'!D118 -> EVA PERON Y SAVIO | D114: ='RESUMEN TOTAL'!E118 -> Domo | E114: ='RESUMEN TOTAL'!F118 -> Fibra Optica | F114: ='RESUMEN TOTAL'!L118 -> 0 | G114: ='RESUMEN TOTAL'!M118 -> APAGADO | H114: ='RESUMEN TOTAL'!N118 -> APAGADO | I114: ='RESUMEN TOTAL'!O118 -> APAGADO | J114: ='RESUMEN TOTAL'!P118 -> 0 | K114: ='RESUMEN TOTAL'!Q118 -> 0 | L114: ='RESUMEN TOTAL'!R118 -> 0 | M114: ='RESUMEN TOTAL'!S118 -> APAGADO | ... AI114: ='RESUMEN TOTAL'!AO118 -> 0
A115: ='RESUMEN TOTAL'!A119 -> DON JOSE | B115: ='RESUMEN TOTAL'!B119 -> DJO01 | C115: ='RESUMEN TOTAL'!D119 -> Monteverde y Donato Alvarez | D115: ='RESUMEN TOTAL'!E119 -> Domo | E115: ='RESUMEN TOTAL'!F119 -> Radio | F115: ='RESUMEN TOTAL'!L119 -> 0 | G115: ='RESUMEN TOTAL'!M119 -> 0 | H115: ='RESUMEN TOTAL'!N119 -> 0 | I115: ='RESUMEN TOTAL'!O119 -> 0 | J115: ='RESUMEN TOTAL'!P119 -> 0 | K115: ='RESUMEN TOTAL'!Q119 -> 0 | L115: ='RESUMEN TOTAL'!R119 -> 0 | M115: ='RESUMEN TOTAL'!S119 -> 0 | ... AI115: ='RESUMEN TOTAL'!AO119 -> 0
A116: ='RESUMEN TOTAL'!A120 -> DON JOSE | B116: ='RESUMEN TOTAL'!B120 -> DJO 02 (fija 1) | C116: ='RESUMEN TOTAL'!D120 -> DONATO ALVAREZ Y EL APERO | D116: ='RESUMEN TOTAL'!E120 -> Fija | E116: ='RESUMEN TOTAL'!F120 -> PTO A FO | F116: ='RESUMEN TOTAL'!L120 -> 0 | G116: ='RESUMEN TOTAL'!M120 -> 0 | H116: ='RESUMEN TOTAL'!N120 -> 0 | I116: ='RESUMEN TOTAL'!O120 -> 0 | J116: ='RESUMEN TOTAL'!P120 -> 0 | K116: ='RESUMEN TOTAL'!Q120 -> 0 | L116: ='RESUMEN TOTAL'!R120 -> 0 | M116: ='RESUMEN TOTAL'!S120 -> 0 | ... AI116: ='RESUMEN TOTAL'!AO120 -> 0
A117: ='RESUMEN TOTAL'!A121 -> DON JOSE | B117: ='RESUMEN TOTAL'!B121 -> DJO 03 (fija 2) | C117: ='RESUMEN TOTAL'!D121 -> DONATO ALVAREZ Y EL APERO | D117: ='RESUMEN TOTAL'!E121 -> Fija | E117: ='RESUMEN TOTAL'!F121 -> PTO A FO | F117: ='RESUMEN TOTAL'!L121 -> 0 | G117: ='RESUMEN TOTAL'!M121 -> 0 | H117: ='RESUMEN TOTAL'!N121 -> 0 | I117: ='RESUMEN TOTAL'!O121 -> 0 | J117: ='RESUMEN TOTAL'!P121 -> 0 | K117: ='RESUMEN TOTAL'!Q121 -> 0 | L117: ='RESUMEN TOTAL'!R121 -> 0 | M117: ='RESUMEN TOTAL'!S121 -> 0 | ... AI117: ='RESUMEN TOTAL'!AO121 -> 0
A118: ='RESUMEN TOTAL'!A122 -> DON JOSE | B118: ='RESUMEN TOTAL'!B122 -> DJO 04 (Fija 1) | C118: ='RESUMEN TOTAL'!D122 -> MONTEVERDE Y EL INDIO | D118: ='RESUMEN TOTAL'!E122 -> Fija | E118: ='RESUMEN TOTAL'!F122 -> PTO A FO | F118: ='RESUMEN TOTAL'!L122 -> 0 | G118: ='RESUMEN TOTAL'!M122 -> 0 | H118: ='RESUMEN TOTAL'!N122 -> 0 | I118: ='RESUMEN TOTAL'!O122 -> 0 | J118: ='RESUMEN TOTAL'!P122 -> 0 | K118: ='RESUMEN TOTAL'!Q122 -> 0 | L118: ='RESUMEN TOTAL'!R122 -> 0 | M118: ='RESUMEN TOTAL'!S122 -> 0 | ... AG118: ='RESUMEN TOTAL'!AM122 -> 0 | AH118: ='RESUMEN TOTAL'!#REF! -> #REF! | AI118: ='RESUMEN TOTAL'!AN122 -> 0
A119: ='RESUMEN TOTAL'!A123 -> DON JOSE | B119: ='RESUMEN TOTAL'!B123 -> DJO 05 (Fija 2) | C119: ='RESUMEN TOTAL'!D123 -> MONTEVERDE Y EL INDIO | D119: ='RESUMEN TOTAL'!E123 -> Fija | E119: ='RESUMEN TOTAL'!F123 -> PTO A FO | F119: ='RESUMEN TOTAL'!L123 -> 0 | G119: ='RESUMEN TOTAL'!M123 -> 0 | H119: ='RESUMEN TOTAL'!N123 -> 0 | I119: ='RESUMEN TOTAL'!O123 -> 0 | J119: ='RESUMEN TOTAL'!P123 -> 0 | K119: ='RESUMEN TOTAL'!Q123 -> 0 | L119: ='RESUMEN TOTAL'!R123 -> 0 | M119: ='RESUMEN TOTAL'!S123 -> 0 | ... AG119: ='RESUMEN TOTAL'!AM123 -> 0 | AH119: ='RESUMEN TOTAL'!#REF! -> #REF! | AI119: ='RESUMEN TOTAL'!AN123 -> 0
A120: ='RESUMEN TOTAL'!A124 -> DON JOSE | B120: ='RESUMEN TOTAL'!B124 -> DJ O6 | C120: ='RESUMEN TOTAL'!D124 -> Calle 414 y El Indio | D120: ='RESUMEN TOTAL'!E124 -> Fija | E120: ='RESUMEN TOTAL'!F124 -> PTO A FO | F120: ='RESUMEN TOTAL'!L124 -> 0 | G120: ='RESUMEN TOTAL'!M124 -> 0 | H120: ='RESUMEN TOTAL'!N124 -> 0 | I120: ='RESUMEN TOTAL'!O124 -> 0 | J120: ='RESUMEN TOTAL'!P124 -> 0 | K120: ='RESUMEN TOTAL'!Q124 -> 0 | L120: ='RESUMEN TOTAL'!R124 -> 0 | M120: ='RESUMEN TOTAL'!S124 -> 0 | ... AI120: ='RESUMEN TOTAL'!AO124 -> 0
A121: ='RESUMEN TOTAL'!A125 -> DON JOSE | B121: ='RESUMEN TOTAL'!B125 -> DJ 07 | C121: ='RESUMEN TOTAL'!D125 -> Calle 414 y El Indio | D121: ='RESUMEN TOTAL'!E125 -> Fija | E121: ='RESUMEN TOTAL'!F125 -> PTO A FO | F121: ='RESUMEN TOTAL'!L125 -> 0 | G121: ='RESUMEN TOTAL'!M125 -> 0 | H121: ='RESUMEN TOTAL'!N125 -> 0 | I121: ='RESUMEN TOTAL'!O125 -> 0 | J121: ='RESUMEN TOTAL'!P125 -> 0 | K121: ='RESUMEN TOTAL'!Q125 -> 0 | L121: ='RESUMEN TOTAL'!R125 -> 0 | M121: ='RESUMEN TOTAL'!S125 -> 0 | ... AI121: ='RESUMEN TOTAL'!AO125 -> 0
A122: ='RESUMEN TOTAL'!A127 -> EL PARQUE | B122: ='RESUMEN TOTAL'!B127 -> EPQ 01 | C122: ='RESUMEN TOTAL'!D127 -> 1282 Y GRIERSON | D122: ='RESUMEN TOTAL'!E127 -> DOMO | E122: ='RESUMEN TOTAL'!F127 -> Fibra Optica | F122: ='RESUMEN TOTAL'!L127 -> APAGADO | G122: ='RESUMEN TOTAL'!M127 -> APAGADO | H122: ='RESUMEN TOTAL'!N127 -> APAGADO | I122: ='RESUMEN TOTAL'!O127 -> APAGADO | J122: ='RESUMEN TOTAL'!P127 -> APAGADO | K122: ='RESUMEN TOTAL'!Q127 -> APAGADO | L122: ='RESUMEN TOTAL'!R127 -> APAGADO | M122: ='RESUMEN TOTAL'!S127 -> APAGADO | ... AI122: ='RESUMEN TOTAL'!AO127 -> 0
A123: ='RESUMEN TOTAL'!A128 -> EL PARQUE | B123: ='RESUMEN TOTAL'!B128 -> EPQ 02 | C123: ='RESUMEN TOTAL'!D128 -> 1282 Y MASSE | D123: ='RESUMEN TOTAL'!E128 -> DOMO | E123: ='RESUMEN TOTAL'!F128 -> Fibra Optica | F123: ='RESUMEN TOTAL'!L128 -> 0 | G123: ='RESUMEN TOTAL'!M128 -> 0 | H123: ='RESUMEN TOTAL'!N128 -> 0 | I123: ='RESUMEN TOTAL'!O128 -> 0 | J123: ='RESUMEN TOTAL'!P128 -> 0 | K123: ='RESUMEN TOTAL'!Q128 -> APAGADO | L123: ='RESUMEN TOTAL'!R128 -> APAGADO | M123: ='RESUMEN TOTAL'!S128 -> APAGADO | ... AI123: ='RESUMEN TOTAL'!AO128 -> 0
A124: ='RESUMEN TOTAL'!A129 -> EL PARQUE | B124: ='RESUMEN TOTAL'!B129 -> EPQ 03 | C124: ='RESUMEN TOTAL'!D129 -> 1282 Y RP 36 | D124: ='RESUMEN TOTAL'!E129 -> Domo | E124: ='RESUMEN TOTAL'!F129 -> Fibra Optica | F124: ='RESUMEN TOTAL'!L129 -> APAGADO | G124: ='RESUMEN TOTAL'!M129 -> APAGADO | H124: ='RESUMEN TOTAL'!N129 -> APAGADO | I124: ='RESUMEN TOTAL'!O129 -> APAGADO | J124: ='RESUMEN TOTAL'!P129 -> APAGADO | K124: ='RESUMEN TOTAL'!Q129 -> APAGADO | L124: ='RESUMEN TOTAL'!R129 -> APAGADO | M124: ='RESUMEN TOTAL'!S129 -> APAGADO | ... AG124: ='RESUMEN TOTAL'!AM129 -> 0 | AH124: ='RESUMEN TOTAL'!#REF! -> #REF! | AI124: ='RESUMEN TOTAL'!AN129 -> 0
A125: ='RESUMEN TOTAL'!A130 -> EL PARQUE | B125: ='RESUMEN TOTAL'!B130 -> EPQ 04 | C125: ='RESUMEN TOTAL'!D130 -> 1282 Y MORENO | D125: ='RESUMEN TOTAL'!E130 -> DOMO | E125: ='RESUMEN TOTAL'!F130 -> Fibra Optica | F125: ='RESUMEN TOTAL'!L130 -> 0 | G125: ='RESUMEN TOTAL'!M130 -> 0 | H125: ='RESUMEN TOTAL'!N130 -> 0 | I125: ='RESUMEN TOTAL'!O130 -> 0 | J125: ='RESUMEN TOTAL'!P130 -> 0 | K125: ='RESUMEN TOTAL'!Q130 -> APAGADO | L125: ='RESUMEN TOTAL'!R130 -> APAGADO | M125: ='RESUMEN TOTAL'!S130 -> APAGADO | ... AI125: ='RESUMEN TOTAL'!AO130 -> 0
A126: ='RESUMEN TOTAL'!A131 -> LA ESMERALDA | B126: ='RESUMEN TOTAL'!B131 -> ESM01 | C126: ='RESUMEN TOTAL'!D131 -> Cabello y Brasil | D126: ='RESUMEN TOTAL'!E131 -> Domo | E126: ='RESUMEN TOTAL'!F131 -> Radio | F126: ='RESUMEN TOTAL'!L131 -> 0 | G126: ='RESUMEN TOTAL'!M131 -> 0 | H126: ='RESUMEN TOTAL'!N131 -> 0 | I126: ='RESUMEN TOTAL'!O131 -> 0 | J126: ='RESUMEN TOTAL'!P131 -> 0 | K126: ='RESUMEN TOTAL'!Q131 -> 0 | L126: ='RESUMEN TOTAL'!R131 -> 0 | M126: ='RESUMEN TOTAL'!S131 -> 0 | ... AI126: ='RESUMEN TOTAL'!AO131 -> 0
A127: ='RESUMEN TOTAL'!A132 -> SAN JORGE | B127: ='RESUMEN TOTAL'!B132 -> ESM02 | C127: ='RESUMEN TOTAL'!D132 -> Novak y Cabello | D127: ='RESUMEN TOTAL'!E132 -> Domo | E127: ='RESUMEN TOTAL'!F132 -> PTO A FO | F127: ='RESUMEN TOTAL'!L132 -> 0 | G127: ='RESUMEN TOTAL'!M132 -> 0 | H127: ='RESUMEN TOTAL'!N132 -> 0 | I127: ='RESUMEN TOTAL'!O132 -> 0 | J127: ='RESUMEN TOTAL'!P132 -> 0 | K127: ='RESUMEN TOTAL'!Q132 -> 0 | L127: ='RESUMEN TOTAL'!R132 -> 0 | M127: ='RESUMEN TOTAL'!S132 -> 0 | ... AI127: ='RESUMEN TOTAL'!AO132 -> 0
...

Sheet APAGADOS ANTENA
C1: TOTAL PTO A FO
E2: APAGADOS | F2: =COUNTIFS(F5:F502, "=APAGADO",E5:E502,"=PTO A FO") -> 6 | G2: =COUNTIFS(G5:G502, "=APAGADO",E5:E502,"=PTO A FO") -> 6 | H2: =COUNTIFS(H5:H502, "=APAGADO",E5:E502,"=PTO A FO") -> 6 | I2: =COUNTIFS(I5:I602, "=APAGADO",E5:E602,"=PTO A FO") -> 6 | J2: =COUNTIFS(J5:J502, "=APAGADO",E5:E502,"=PTO A FO") -> 6 | K2: =COUNTIFS(K5:K502, "=APAGADO",E5:E502,"=PTO A FO") -> 7 | L2: =COUNTIFS(L5:L502, "=APAGADO",E5:E502,"=PTO A FO") -> 7 | M2: =COUNTIFS(M5:M502, "=APAGADO",E5:E502,"=PTO A FO") -> 7 | N2: =COUNTIFS(N5:N502, "=APAGADO",E5:E502,"=PTO A FO") -> 7 | O2: =COUNTIFS(O5:O502, "=APAGADO",E5:E502,"=PTO A FO") -> 7 | P2: =COUNTIFS(P5:P502, "=APAGADO",E5:E502,"=PTO A FO") -> 7 | Q2: =COUNTIFS(Q5:Q502, "=APAGADO",E5:E502,"=PTO A FO") -> 8 | R2: =COUNTIFS(R5:R502, "=APAGADO",E5:E502,"=PTO A FO") -> 0 | S2: =COUNTIFS(S5:S502, "=APAGADO",E5:E502,"=PTO A FO") -> 11 | T2: =COUNTIFS(T5:T502, "=APAGADO",E5:E502,"=PTO A FO") -> 5 | U2: =COUNTIFS(U5:U502, "=APAGADO",E5:E502,"=PTO A FO") -> 8 | V2: =COUNTIFS(V5:V502, "=APAGADO",E5:E502,"=PTO A FO") -> 8 | W2: =COUNTIFS(W5:W502, "=APAGADO",E5:E502,"=PTO A FO") -> 8 | X2: =COUNTIFS(X4:X502, "=APAGADO",E4:E502,"=PTO A FO") -> 9 | Y2: =COUNTIFS(Y5:Y502, "=APAGADO",E5:E502,"=PTO A FO") -> 8 | Z2: =COUNTIFS(Z5:Z502, "=APAGADO",E5:E502,"=PTO A FO") -> 8 | AA2: =COUNTIFS(AA5:AA502, "=APAGADO",E5:E502,"=PTO A FO") -> 8 | AB2: =COUNTIFS(AB5:AB502, "=APAGADO",E5:E502,"=PTO A FO") -> 8 | AC2: =COUNTIFS(AC4:AC602, "=APAGADO",E4:E602,"=PTO A FO") -> 9 | AD2: =COUNTIFS(AD5:AD502, "=APAGADO",E5:E502,"=PTO A FO") -> 6 | AE2: =COUNTIFS(AE5:AE502, "=APAGADO",E5:E502,"=PTO A FO") -> 8 | AF2: =COUNTIFS(AF5:AF502, "=APAGADO",E5:E502,"=PTO A FO") -> 0 | AG2: =COUNTIFS(AG5:AG502, "=APAGADO",E5:E502,"=PTO A FO") -> 0 | AH2: =COUNTIFS(AH5:AH502, "=APAGADO",E5:E502,"=PTO A FO") -> 0 | AI2: =COUNTIFS(AI5:AI502, "=APAGADO",F5:F502,"=PTO A FO") -> 0
A3: =ESTADISTICA!A1 -> Barrio | B3: =ESTADISTICA!B1 -> [Denominacion] | C3: =ESTADISTICA!C1 -> [Ubicacion] | D3: =ESTADISTICA!D1 -> [Tipo de Camara] | E3: =ESTADISTICA!E1 -> [Tipo de Conexion] | F3: =ESTADISTICA!F1 -> 45383 | G3: =ESTADISTICA!G1 -> 45384 | H3: =ESTADISTICA!H1 -> 45385 | ... AH3: =ESTADISTICA!AH1 -> 45411 | AI3: 45412
A4: ='RESUMEN TOTAL'!A6 -> ALTAMIRA | B4: ='RESUMEN TOTAL'!B6 -> ALT02 | C4: ='RESUMEN TOTAL'!D6 -> Calchaqui y Lope de Vega | D4: ='RESUMEN TOTAL'!E6 -> Domo | E4: ='RESUMEN TOTAL'!F6 -> PTO A FO | F4: ='RESUMEN TOTAL'!L6 -> 0 | G4: ='RESUMEN TOTAL'!M6 -> 0 | H4: ='RESUMEN TOTAL'!N6 -> 0 | I4: ='RESUMEN TOTAL'!O6 -> 0 | J4: ='RESUMEN TOTAL'!P6 -> 0 | K4: ='RESUMEN TOTAL'!Q6 -> 0 | L4: ='RESUMEN TOTAL'!R6 -> 0 | M4: ='RESUMEN TOTAL'!S6 -> 0 | ... AI4: ='RESUMEN TOTAL'!AO6 -> 0
A5: ='RESUMEN TOTAL'!A7 -> ALTAMIRA | B5: ='RESUMEN TOTAL'!B7 -> ALT 03 | C5: ='RESUMEN TOTAL'!D7 -> Bombero Galarza y Necochea | D5: ='RESUMEN TOTAL'!E7 -> Domo | E5: ='RESUMEN TOTAL'!F7 -> Fibra Optica | F5: ='RESUMEN TOTAL'!L7 -> 0 | G5: ='RESUMEN TOTAL'!M7 -> 0 | H5: ='RESUMEN TOTAL'!N7 -> 0 | I5: ='RESUMEN TOTAL'!O7 -> 0 | J5: ='RESUMEN TOTAL'!P7 -> 0 | K5: ='RESUMEN TOTAL'!Q7 -> 0 | L5: ='RESUMEN TOTAL'!R7 -> 0 | M5: ='RESUMEN TOTAL'!S7 -> 0 | ... AI5: ='RESUMEN TOTAL'!AO7 -> 0
A6: ='RESUMEN TOTAL'!A8 -> ALTAMIRA | B6: ='RESUMEN TOTAL'!B8 -> ALT 04 | C6: ='RESUMEN TOTAL'!D8 -> Francia y Necochea | D6: ='RESUMEN TOTAL'!E8 -> Domo | E6: ='RESUMEN TOTAL'!F8 -> Fibra Optica | F6: ='RESUMEN TOTAL'!L8 -> 0 | G6: ='RESUMEN TOTAL'!M8 -> 0 | H6: ='RESUMEN TOTAL'!N8 -> 0 | I6: ='RESUMEN TOTAL'!O8 -> 0 | J6: ='RESUMEN TOTAL'!P8 -> 0 | K6: ='RESUMEN TOTAL'!Q8 -> 0 | L6: ='RESUMEN TOTAL'!R8 -> 0 | M6: ='RESUMEN TOTAL'!S8 -> 0 | ... AI6: ='RESUMEN TOTAL'!AO8 -> 0
A7: ='RESUMEN TOTAL'!A9 -> ALTAMIRA | B7: ='RESUMEN TOTAL'!B9 -> ALT05 | C7: ='RESUMEN TOTAL'!D9 -> Av. Calchaqui y Bombero Galarza | D7: ='RESUMEN TOTAL'!E9 -> Domo | E7: ='RESUMEN TOTAL'!F9 -> PTO A FO | F7: ='RESUMEN TOTAL'!L9 -> 0 | G7: ='RESUMEN TOTAL'!M9 -> 0 | H7: ='RESUMEN TOTAL'!N9 -> 0 | I7: ='RESUMEN TOTAL'!O9 -> 0 | J7: ='RESUMEN TOTAL'!P9 -> 0 | K7: ='RESUMEN TOTAL'!Q9 -> 0 | L7: ='RESUMEN TOTAL'!R9 -> 0 | M7: ='RESUMEN TOTAL'!S9 -> 0 | ... AI7: ='RESUMEN TOTAL'!AO9 -> 0
A8: ='RESUMEN TOTAL'!A10 -> ALTAMIRA | B8: ='RESUMEN TOTAL'!B10 -> ALT 06 | C8: ='RESUMEN TOTAL'!D10 -> LOPE DE VEGA Y NECOCHEA | D8: ='RESUMEN TOTAL'!E10 -> Domo | E8: ='RESUMEN TOTAL'!F10 -> PTO A FO | F8: ='RESUMEN TOTAL'!L10 -> 0 | G8: ='RESUMEN TOTAL'!M10 -> 0 | H8: ='RESUMEN TOTAL'!N10 -> 0 | I8: ='RESUMEN TOTAL'!O10 -> 0 | J8: ='RESUMEN TOTAL'!P10 -> 0 | K8: ='RESUMEN TOTAL'!Q10 -> 0 | L8: ='RESUMEN TOTAL'!R10 -> 0 | M8: ='RESUMEN TOTAL'!S10 -> 0 | ... AI8: ='RESUMEN TOTAL'!AO10 -> 0
A9: ='RESUMEN TOTAL'!A11 -> ALTAMIRA | B9: ='RESUMEN TOTAL'!B11 -> ALT07 | C9: ='RESUMEN TOTAL'!D11 -> AV. CALCHAQUI Y AV. DEL TRABAJO | D9: ='RESUMEN TOTAL'!E11 -> DOMO | E9: ='RESUMEN TOTAL'!F11 -> PTO A FO | F9: ='RESUMEN TOTAL'!L11 -> 0 | G9: ='RESUMEN TOTAL'!M11 -> 0 | H9: ='RESUMEN TOTAL'!N11 -> 0 | I9: ='RESUMEN TOTAL'!O11 -> 0 | J9: ='RESUMEN TOTAL'!P11 -> 0 | K9: ='RESUMEN TOTAL'!Q11 -> 0 | L9: ='RESUMEN TOTAL'!R11 -> 0 | M9: ='RESUMEN TOTAL'!S11 -> 0 | ... AI9: ='RESUMEN TOTAL'!AO11 -> 0
A10: ='RESUMEN TOTAL'!A12 -> ALTAMIRA | B10: ='RESUMEN TOTAL'!B12 -> ALT 08 | C10: ='RESUMEN TOTAL'!D12 -> HUMAITA Y NECOCHEA | D10: ='RESUMEN TOTAL'!E12 -> DOMO | E10: ='RESUMEN TOTAL'!F12 -> Fibra Optica | F10: ='RESUMEN TOTAL'!L12 -> 0 | G10: ='RESUMEN TOTAL'!M12 -> 0 | H10: ='RESUMEN TOTAL'!N12 -> 0 | I10: ='RESUMEN TOTAL'!O12 -> 0 | J10: ='RESUMEN TOTAL'!P12 -> 0 | K10: ='RESUMEN TOTAL'!Q12 -> 0 | L10: ='RESUMEN TOTAL'!R12 -> 0 | M10: ='RESUMEN TOTAL'!S12 -> 0 | ... AI10: ='RESUMEN TOTAL'!AO12 -> 0
A11: ='RESUMEN TOTAL'!A13 -> ALTAMIRA | B11: ='RESUMEN TOTAL'!B13 -> ALT 09 | C11: ='RESUMEN TOTAL'!D13 -> NECOCHEA Y CURUPAITY | D11: ='RESUMEN TOTAL'!E13 -> DOMO | E11: ='RESUMEN TOTAL'!F13 -> Fibra Optica | F11: ='RESUMEN TOTAL'!L13 -> APAGADO | G11: ='RESUMEN TOTAL'!M13 -> APAGADO | H11: ='RESUMEN TOTAL'!N13 -> APAGADO | I11: ='RESUMEN TOTAL'!O13 -> APAGADO | J11: ='RESUMEN TOTAL'!P13 -> APAGADO | K11: ='RESUMEN TOTAL'!Q13 -> APAGADO | L11: ='RESUMEN TOTAL'!R13 -> APAGADO | M11: ='RESUMEN TOTAL'!S13 -> APAGADO | ... AI11: ='RESUMEN TOTAL'!AO13 -> APAGADO
A12: ='RESUMEN TOTAL'!A14 -> ALTAMIRA | B12: ='RESUMEN TOTAL'!B14 -> ALT 10 | C12: ='RESUMEN TOTAL'!D14 -> Calchaqui y Francia | D12: ='RESUMEN TOTAL'!E14 -> Domo | E12: ='RESUMEN TOTAL'!F14 -> Radio | F12: ='RESUMEN TOTAL'!L14 -> 0 | G12: ='RESUMEN TOTAL'!M14 -> 0 | H12: ='RESUMEN TOTAL'!N14 -> 0 | I12: ='RESUMEN TOTAL'!O14 -> 0 | J12: ='RESUMEN TOTAL'!P14 -> 0 | K12: ='RESUMEN TOTAL'!Q14 -> 0 | L12: ='RESUMEN TOTAL'!R14 -> 0 | M12: ='RESUMEN TOTAL'!S14 -> 0 | ... AI12: ='RESUMEN TOTAL'!AO14 -> 0
A13: ='RESUMEN TOTAL'!A15 -> AGUSTIN RAMIREZ | B13: ='RESUMEN TOTAL'!B15 -> ARA 01 | C13: ='RESUMEN TOTAL'!D15 -> Malambo y Tranquera | D13: ='RESUMEN TOTAL'!E15 -> Domo | E13: ='RESUMEN TOTAL'!F15 -> Fibra Optica | F13: ='RESUMEN TOTAL'!L15 -> APAGADO | G13: ='RESUMEN TOTAL'!M15 -> APAGADO | H13: ='RESUMEN TOTAL'!N15 -> APAGADO | I13: ='RESUMEN TOTAL'!O15 -> APAGADO | J13: ='RESUMEN TOTAL'!P15 -> APAGADO | K13: ='RESUMEN TOTAL'!Q15 -> APAGADO | L13: ='RESUMEN TOTAL'!R15 -> APAGADO | M13: ='RESUMEN TOTAL'!S15 -> APAGADO | ... AI13: ='RESUMEN TOTAL'!AO15 -> 0
A14: ='RESUMEN TOTAL'!A16 -> BELGRANO | B14: ='RESUMEN TOTAL'!B16 -> BEL 01 | C14: ='RESUMEN TOTAL'!D16 -> San Martin y Dardo Rocha | D14: ='RESUMEN TOTAL'!E16 -> DOMO | E14: ='RESUMEN TOTAL'!F16 -> Fibra Optica | F14: ='RESUMEN TOTAL'!L16 -> 0 | G14: ='RESUMEN TOTAL'!M16 -> 0 | H14: ='RESUMEN TOTAL'!N16 -> 0 | I14: ='RESUMEN TOTAL'!O16 -> 0 | J14: ='RESUMEN TOTAL'!P16 -> 0 | K14: ='RESUMEN TOTAL'!Q16 -> 0 | L14: ='RESUMEN TOTAL'!R16 -> 0 | M14: ='RESUMEN TOTAL'!S16 -> 0 | ... AI14: ='RESUMEN TOTAL'!AO16 -> APAGADO
A15: ='RESUMEN TOTAL'!A17 -> BELGRANO | B15: ='RESUMEN TOTAL'!B17 -> BEL 02 | C15: ='RESUMEN TOTAL'!D17 -> Guardia vieja y Fronteriz | D15: ='RESUMEN TOTAL'!E17 -> DOMO | E15: ='RESUMEN TOTAL'!F17 -> Fibra Optica | F15: ='RESUMEN TOTAL'!L17 -> 0 | G15: ='RESUMEN TOTAL'!M17 -> 0 | H15: ='RESUMEN TOTAL'!N17 -> 0 | I15: ='RESUMEN TOTAL'!O17 -> 0 | J15: ='RESUMEN TOTAL'!P17 -> 0 | K15: ='RESUMEN TOTAL'!Q17 -> 0 | L15: ='RESUMEN TOTAL'!R17 -> 0 | M15: ='RESUMEN TOTAL'!S17 -> 0 | ... AI15: ='RESUMEN TOTAL'!AO17 -> APAGADO
... A26: ='RESUMEN TOTAL'!A28 -> CENTRO | B26: ='RESUMEN TOTAL'!B28 -> CEN 05 | C26: ='RESUMEN TOTAL'!D28 -> Bocuzzi e/España y San Martin | D26: ='RESUMEN TOTAL'!E28 -> DOMO | E26: ='RESUMEN TOTAL'!F28 -> Fibra Optica | F26: ='RESUMEN TOTAL'!L28 -> APAGADO | G26: ='RESUMEN TOTAL'!M28 -> APAGADO | H26: ='RESUMEN TOTAL'!N28 -> APAGADO | I26: ='RESUMEN TOTAL'!O28 -> APAGADO | J26: ='RESUMEN TOTAL'!P28 -> APAGADO | K26: ='RESUMEN TOTAL'!Q28 -> APAGADO | L26: ='RESUMEN TOTAL'!R28 -> APAGADO | M26: ='RESUMEN TOTAL'!S28 -> APAGADO | ... AI26: ='RESUMEN TOTAL'!AO28 -> 0
A27: ='RESUMEN TOTAL'!A29 -> CENTRO | B27: ='RESUMEN TOTAL'!B29 -> CEN06 | C27: ='RESUMEN TOTAL'!D29 -> Monteagudo y A.del Valle | D27: ='RESUMEN TOTAL'!E29 -> Fija | E27: ='RESUMEN TOTAL'!F29 -> Fibra Optica | F27: ='RESUMEN TOTAL'!L29 -> APAGADO | G27: ='RESUMEN TOTAL'!M29 -> APAGADO | H27: ='RESUMEN TOTAL'!N29 -> APAGADO | I27: ='RESUMEN TOTAL'!O29 -> APAGADO | J27: ='RESUMEN TOTAL'!P29 -> APAGADO | K27: ='RESUMEN TOTAL'!Q29 -> APAGADO | L27: ='RESUMEN TOTAL'!R29 -> APAGADO | M27: ='RESUMEN TOTAL'!S29 -> APAGADO | ... AG27: ='RESUMEN TOTAL'!AM29 -> 0 | AH27: ='RESUMEN TOTAL'!#REF! -> #REF! | AI27: ='RESUMEN TOTAL'!AN29 -> 0
A28: ='RESUMEN TOTAL'!A30 -> CENTRO | B28: ='RESUMEN TOTAL'!B30 -> CEN07 | C28: ='RESUMEN TOTAL'!D30 -> San Martin y Guemes | D28: ='RESUMEN TOTAL'!E30 -> DOMO | E28: ='RESUMEN TOTAL'!F30 -> Fibra Optica | F28: ='RESUMEN TOTAL'!L30 -> 0 | G28: ='RESUMEN TOTAL'!M30 -> 0 | H28: ='RESUMEN TOTAL'!N30 -> 0 | I28: ='RESUMEN TOTAL'!O30 -> 0 | J28: ='RESUMEN TOTAL'!P30 -> 0 | K28: ='RESUMEN TOTAL'!Q30 -> 0 | L28: ='RESUMEN TOTAL'!R30 -> 0 | M28: ='RESUMEN TOTAL'!S30 -> 0 | ... AI28: ='RESUMEN TOTAL'!AO30 -> 0
A29: ='RESUMEN TOTAL'!A31 -> CENTRO | B29: ='RESUMEN TOTAL'!B31 -> CEN08 | C29: ='RESUMEN TOTAL'!D31 -> San Martin y Pte.Peron | D29: ='RESUMEN TOTAL'!E31 -> Domo | E29: ='RESUMEN TOTAL'!F31 -> Fibra Optica | F29: ='RESUMEN TOTAL'!L31 -> 0 | G29: ='RESUMEN TOTAL'!M31 -> 0 | H29: ='RESUMEN TOTAL'!N31 -> 0 | I29: ='RESUMEN TOTAL'!O31 -> 0 | J29: ='RESUMEN TOTAL'!P31 -> 0 | K29: ='RESUMEN TOTAL'!Q31 -> 0 | L29: ='RESUMEN TOTAL'!R31 -> 0 | M29: ='RESUMEN TOTAL'!S31 -> 0 | ... AG29: ='RESUMEN TOTAL'!AM31 -> 0 | AH29: ='RESUMEN TOTAL'!#REF! -> #REF! | AI29: ='RESUMEN TOTAL'!AN31 -> 0
A30: ='RESUMEN TOTAL'!A32 -> CENTRO | B30: ='RESUMEN TOTAL'!B32 -> CEN09 | C30: ='RESUMEN TOTAL'!D32 -> Chacabuco y 25 de Mayo | D30: ='RESUMEN TOTAL'!E32 -> Domo | E30: ='RESUMEN TOTAL'!F32 -> Fibra Optica | F30: ='RESUMEN TOTAL'!L32 -> 0 | G30: ='RESUMEN TOTAL'!M32 -> 0 | H30: ='RESUMEN TOTAL'!N32 -> 0 | I30: ='RESUMEN TOTAL'!O32 -> 0 | J30: ='RESUMEN TOTAL'!P32 -> 0 | K30: ='RESUMEN TOTAL'!Q32 -> 0 | L30: ='RESUMEN TOTAL'!R32 -> 0 | M30: ='RESUMEN TOTAL'!S32 -> 0 | ... AI30: ='RESUMEN TOTAL'!AO32 -> 0
A31: ='RESUMEN TOTAL'!A33 -> CENTRO | B31: ='RESUMEN TOTAL'!B33 -> CEN10 | C31: ='RESUMEN TOTAL'!D33 -> Monteagudo y Pte. Peron | D31: ='RESUMEN TOTAL'!E33 -> Domo | E31: ='RESUMEN TOTAL'!F33 -> Fibra Optica | F31: ='RESUMEN TOTAL'!L33 -> 0 | G31: ='RESUMEN TOTAL'!M33 -> 0 | H31: ='RESUMEN TOTAL'!N33 -> 0 | I31: ='RESUMEN TOTAL'!O33 -> 0 | J31: ='RESUMEN TOTAL'!P33 -> 0 | K31: ='RESUMEN TOTAL'!Q33 -> 0 | L31: ='RESUMEN TOTAL'!R33 -> 0 | M31: ='RESUMEN TOTAL'!S33 -> 0 | ... AI31: ='RESUMEN TOTAL'!AO33 -> 0
A32: ='RESUMEN TOTAL'!A34 -> CENTRO | B32: ='RESUMEN TOTAL'!B34 -> CEN11 | C32: ='RESUMEN TOTAL'!D34 -> Monteagudo y Bocuzzi | D32: ='RESUMEN TOTAL'!E34 -> Domo | E32: ='RESUMEN TOTAL'!F34 -> Fibra Optica | F32: ='RESUMEN TOTAL'!L34 -> 0 | G32: ='RESUMEN TOTAL'!M34 -> 0 | H32: ='RESUMEN TOTAL'!N34 -> 0 | I32: ='RESUMEN TOTAL'!O34 -> 0 | J32: ='RESUMEN TOTAL'!P34 -> 0 | K32: ='RESUMEN TOTAL'!Q34 -> 0 | L32: ='RESUMEN TOTAL'!R34 -> 0 | M32: ='RESUMEN TOTAL'!S34 -> 0 | ... AI32: ='RESUMEN TOTAL'!AO34 -> 0
A33: ='RESUMEN TOTAL'!A35 -> CENTRO | B33: ='RESUMEN TOTAL'!B35 -> CEN 12 | C33: ='RESUMEN TOTAL'!D35 -> Monteagudo y Mitre | D33: ='RESUMEN TOTAL'!E35 -> Domo | E33: ='RESUMEN TOTAL'!F35 -> Fibra Optica | F33: ='RESUMEN TOTAL'!L35 -> 0 | G33: ='RESUMEN TOTAL'!M35 -> 0 | H33: ='RESUMEN TOTAL'!N35 -> 0 | I33: ='RESUMEN TOTAL'!O35 -> 0 | J33: ='RESUMEN TOTAL'!P35 -> 0 | K33: ='RESUMEN TOTAL'!Q35 -> 0 | L33: ='RESUMEN TOTAL'!R35 -> 0 | M33: ='RESUMEN TOTAL'!S35 -> 0 | ... AI33: ='RESUMEN TOTAL'!AO35 -> 0
A34: ='RESUMEN TOTAL'!A36 -> CENTRO | B34: ='RESUMEN TOTAL'!B36 -> CEN 13 | C34: ='RESUMEN TOTAL'!D36 -> 25 de Mayo y Maipu | D34: ='RESUMEN TOTAL'!E36 -> DOMO | E34: ='RESUMEN TOTAL'!F36 -> Fibra Optica | F34: ='RESUMEN TOTAL'!L36 -> 0 | G34: ='RESUMEN TOTAL'!M36 -> 0 | H34: ='RESUMEN TOTAL'!N36 -> 0 | I34: ='RESUMEN TOTAL'!O36 -> 0 | J34: ='RESUMEN TOTAL'!P36 -> 0 | K34: ='RESUMEN TOTAL'!Q36 -> 0 | L34: ='RESUMEN TOTAL'!R36 -> 0 | M34: ='RESUMEN TOTAL'!S36 -> 0 | ... AI34: ='RESUMEN TOTAL'!AO36 -> 0
A35: ='RESUMEN TOTAL'!A37 -> CENTRO | B35: ='RESUMEN TOTAL'!B37 -> CEN14 | C35: ='RESUMEN TOTAL'!D37 -> Pte.Peron e/Pringles y Brown | D35: ='RESUMEN TOTAL'!E37 -> Domo | E35: ='RESUMEN TOTAL'!F37 -> Fibra Optica | F35: ='RESUMEN TOTAL'!L37 -> 0 | G35: ='RESUMEN TOTAL'!M37 -> 0 | H35: ='RESUMEN TOTAL'!N37 -> 0 | I35: ='RESUMEN TOTAL'!O37 -> 0 | J35: ='RESUMEN TOTAL'!P37 -> 0 | K35: ='RESUMEN TOTAL'!Q37 -> 0 | L35: ='RESUMEN TOTAL'!R37 -> 0 | M35: ='RESUMEN TOTAL'!S37 -> 0 | ... AI35: ='RESUMEN TOTAL'!AO37 -> 0
A36: ='RESUMEN TOTAL'!A38 -> CENTRO | B36: ='RESUMEN TOTAL'!B38 -> CEN15 | C36: ='RESUMEN TOTAL'!D38 -> Alberdi y A.del Valle | D36: ='RESUMEN TOTAL'!E38 -> Domo | E36: ='RESUMEN TOTAL'!F38 -> Fibra Optica | F36: ='RESUMEN TOTAL'!L38 -> 0 | G36: ='RESUMEN TOTAL'!M38 -> 0 | H36: ='RESUMEN TOTAL'!N38 -> 0 | I36: ='RESUMEN TOTAL'!O38 -> 0 | J36: ='RESUMEN TOTAL'!P38 -> 0 | K36: ='RESUMEN TOTAL'!Q38 -> 0 | L36: ='RESUMEN TOTAL'!R38 -> 0 | M36: ='RESUMEN TOTAL'!S38 -> 0 | ... AI36: ='RESUMEN TOTAL'!AO38 -> 0
A37: ='RESUMEN TOTAL'!A39 -> CENTRO | B37: ='RESUMEN TOTAL'!B39 -> CEN16 | C37: ='RESUMEN TOTAL'!D39 -> San Martin y Pte. Peron | D37: ='RESUMEN TOTAL'!E39 -> Fija | E37: ='RESUMEN TOTAL'!F39 -> Fibra Optica | F37: ='RESUMEN TOTAL'!L39 -> 0 | G37: ='RESUMEN TOTAL'!M39 -> 0 | H37: ='RESUMEN TOTAL'!N39 -> 0 | I37: ='RESUMEN TOTAL'!O39 -> 0 | J37: ='RESUMEN TOTAL'!P39 -> 0 | K37: ='RESUMEN TOTAL'!Q39 -> 0 | L37: ='RESUMEN TOTAL'!R39 -> 0 | M37: ='RESUMEN TOTAL'!S39 -> 0 | ... AG37: ='RESUMEN TOTAL'!AM39 -> 0 | AH37: ='RESUMEN TOTAL'!#REF! -> #REF! | AI37: ='RESUMEN TOTAL'!AN39 -> 0
A38: ='RESUMEN TOTAL'!A40 -> CENTRO | B38: ='RESUMEN TOTAL'!B40 -> CEN17 | C38: ='RESUMEN TOTAL'!D40 -> San Martin y Mitre | D38: ='RESUMEN TOTAL'!E40 -> Domo | E38: ='RESUMEN TOTAL'!F40 -> PTO A FO | F38: ='RESUMEN TOTAL'!L40 -> 0 | G38: ='RESUMEN TOTAL'!M40 -> 0 | H38: ='RESUMEN TOTAL'!N40 -> 0 | I38: ='RESUMEN TOTAL'!O40 -> 0 | J38: ='RESUMEN TOTAL'!P40 -> 0 | K38: ='RESUMEN TOTAL'!Q40 -> 0 | L38: ='RESUMEN TOTAL'!R40 -> 0 | M38: ='RESUMEN TOTAL'!S40 -> 0 | ... AI38: ='RESUMEN TOTAL'!AO40 -> 0
A39: ='RESUMEN TOTAL'!A41 -> CENTRO | B39: ='RESUMEN TOTAL'!B41 -> CEN18 | C39: ='RESUMEN TOTAL'!D41 -> Monteagudo e/Mitre y Sallares | D39: ='RESUMEN TOTAL'!E41 -> Fija | E39: ='RESUMEN TOTAL'!F41 -> Fibra Optica | F39: ='RESUMEN TOTAL'!L41 -> 0 | G39: ='RESUMEN TOTAL'!M41 -> 0 | H39: ='RESUMEN TOTAL'!N41 -> 0 | I39: ='RESUMEN TOTAL'!O41 -> 0 | J39: ='RESUMEN TOTAL'!P41 -> 0 | K39: ='RESUMEN TOTAL'!Q41 -> 0 | L39: ='RESUMEN TOTAL'!R41 -> 0 | M39: ='RESUMEN TOTAL'!S41 -> 0 | ... AI39: ='RESUMEN TOTAL'!AO41 -> 0
A40: ='RESUMEN TOTAL'!A42 -> CENTRO | B40: ='RESUMEN TOTAL'!B42 -> CEN19 | C40: ='RESUMEN TOTAL'!D42 -> Chacabuco y 25 de Mayo | D40: ='RESUMEN TOTAL'!E42 -> Fija | E40: ='RESUMEN TOTAL'!F42 -> Fibra Optica | F40: ='RESUMEN TOTAL'!L42 -> 0 | G40: ='RESUMEN TOTAL'!M42 -> 0 | H40: ='RESUMEN TOTAL'!N42 -> 0 | I40: ='RESUMEN TOTAL'!O42 -> 0 | J40: ='RESUMEN TOTAL'!P42 -> 0 | K40: ='RESUMEN TOTAL'!Q42 -> 0 | L40: ='RESUMEN TOTAL'!R42 -> 0 | M40: ='RESUMEN TOTAL'!S42 -> 0 | ... AI40: ='RESUMEN TOTAL'!AO42 -> 0
A41: ='RESUMEN TOTAL'!A43 -> LOMAS DE MONTEVERDE | B41: ='RESUMEN TOTAL'!B43 -> CEN20 | C41: ='RESUMEN TOTAL'!D43 -> Pte. Illia y Las Heras | D41: ='RESUMEN TOTAL'!E43 -> Domo | E41: ='RESUMEN TOTAL'!F43 -> Fibra Optica | F41: ='RESUMEN TOTAL'!L43 -> 0 | G41: ='RESUMEN TOTAL'!M43 -> 0 | H41: ='RESUMEN TOTAL'!N43 -> 0 | I41: ='RESUMEN TOTAL'!O43 -> 0 | J41: ='RESUMEN TOTAL'!P43 -> 0 | K41: ='RESUMEN TOTAL'!Q43 -> 0 | L41: ='RESUMEN TOTAL'!R43 -> 0 | M41: ='RESUMEN TOTAL'!S43 -> 0 | ... AI41: ='RESUMEN TOTAL'!AO43 -> 0
A42: ='RESUMEN TOTAL'!A44 -> CENTRO | B42: ='RESUMEN TOTAL'!B44 -> CEN21 | C42: ='RESUMEN TOTAL'!D44 -> Misiones y Urquiza | D42: ='RESUMEN TOTAL'!E44 -> Fija | E42: ='RESUMEN TOTAL'!F44 -> Radio | F42: ='RESUMEN TOTAL'!L44 -> 0 | G42: ='RESUMEN TOTAL'!M44 -> 0 | H42: ='RESUMEN TOTAL'!N44 -> 0 | I42: ='RESUMEN TOTAL'!O44 -> 0 | J42: ='RESUMEN TOTAL'!P44 -> 0 | K42: ='RESUMEN TOTAL'!Q44 -> 0 | L42: ='RESUMEN TOTAL'!R44 -> 0 | M42: ='RESUMEN TOTAL'!S44 -> 0 | ... AI42: ='RESUMEN TOTAL'!AO44 -> 0
A43: ='RESUMEN TOTAL'!A45 -> CENTRO | B43: ='RESUMEN TOTAL'!B45 -> CEN22 | C43: ='RESUMEN TOTAL'!D45 -> Las Heras y Chacabuco | D43: ='RESUMEN TOTAL'!E45 -> Domo | E43: ='RESUMEN TOTAL'!F45 -> Radio | F43: ='RESUMEN TOTAL'!L45 -> 0 | G43: ='RESUMEN TOTAL'!M45 -> 0 | H43: ='RESUMEN TOTAL'!N45 -> 0 | I43: ='RESUMEN TOTAL'!O45 -> 0 | J43: ='RESUMEN TOTAL'!P45 -> 0 | K43: ='RESUMEN TOTAL'!Q45 -> 0 | L43: ='RESUMEN TOTAL'!R45 -> 0 | M43: ='RESUMEN TOTAL'!S45 -> 0 | ... AI43: ='RESUMEN TOTAL'!AO45 -> 0
A44: ='RESUMEN TOTAL'!A46 -> CENTRO | B44: ='RESUMEN TOTAL'!B46 -> CEN23 | C44: ='RESUMEN TOTAL'!D46 -> Sallares y Monteagudo | D44: ='RESUMEN TOTAL'!E46 -> Domo | E44: ='RESUMEN TOTAL'!F46 -> Fibra Optica | F44: ='RESUMEN TOTAL'!L46 -> 0 | G44: ='RESUMEN TOTAL'!M46 -> 0 | H44: ='RESUMEN TOTAL'!N46 -> 0 | I44: ='RESUMEN TOTAL'!O46 -> 0 | J44: ='RESUMEN TOTAL'!P46 -> 0 | K44: ='RESUMEN TOTAL'!Q46 -> 0 | L44: ='RESUMEN TOTAL'!R46 -> 0 | M44: ='RESUMEN TOTAL'!S46 -> 0 | ... AI44: ='RESUMEN TOTAL'!AO46 -> 0
A45: ='RESUMEN TOTAL'!A47 -> CENTRO | B45: ='RESUMEN TOTAL'!B47 -> CEN24 | C45: ='RESUMEN TOTAL'!D47 -> Sallares y España | D45: ='RESUMEN TOTAL'!E47 -> Domo | E45: ='RESUMEN TOTAL'!F47 -> Fibra Optica | F45: ='RESUMEN TOTAL'!L47 -> 0 | G45: ='RESUMEN TOTAL'!M47 -> 0 | H45: ='RESUMEN TOTAL'!N47 -> 0 | I45: ='RESUMEN TOTAL'!O47 -> 0 | J45: ='RESUMEN TOTAL'!P47 -> 0 | K45: ='RESUMEN TOTAL'!Q47 -> 0 | L45: ='RESUMEN TOTAL'!R47 -> 0 | M45: ='RESUMEN TOTAL'!S47 -> 0 | ... AI45: ='RESUMEN TOTAL'!AO47 -> 0
A46: ='RESUMEN TOTAL'!A48 -> CENTRO | B46: ='RESUMEN TOTAL'!B48 -> CEN25 | C46: ='RESUMEN TOTAL'!D48 -> SAN MARTIN Y 9 DE JULIO | D46: ='RESUMEN TOTAL'!E48 -> Domo | E46: ='RESUMEN TOTAL'!F48 -> Fibra Optica | F46: ='RESUMEN TOTAL'!L48 -> 0 | G46: ='RESUMEN TOTAL'!M48 -> 0 | H46: ='RESUMEN TOTAL'!N48 -> 0 | I46: ='RESUMEN TOTAL'!O48 -> 0 | J46: ='RESUMEN TOTAL'!P48 -> 0 | K46: ='RESUMEN TOTAL'!Q48 -> 0 | L46: ='RESUMEN TOTAL'!R48 -> 0 | M46: ='RESUMEN TOTAL'!S48 -> 0 | ... AI46: ='RESUMEN TOTAL'!AO48 -> 0
A47: ='RESUMEN TOTAL'!A49 -> CENTRO | B47: ='RESUMEN TOTAL'!B49 -> CEN26 | C47: ='RESUMEN TOTAL'!D49 -> Mitre y España | D47: ='RESUMEN TOTAL'!E49 -> Domo | E47: ='RESUMEN TOTAL'!F49 -> Fibra Optica | F47: ='RESUMEN TOTAL'!L49 -> 0 | G47: ='RESUMEN TOTAL'!M49 -> 0 | H47: ='RESUMEN TOTAL'!N49 -> 0 | I47: ='RESUMEN TOTAL'!O49 -> 0 | J47: ='RESUMEN TOTAL'!P49 -> 0 | K47: ='RESUMEN TOTAL'!Q49 -> 0 | L47: ='RESUMEN TOTAL'!R49 -> 0 | M47: ='RESUMEN TOTAL'!S49 -> 0 | ... AI47: ='RESUMEN TOTAL'!AO49 -> 0
A48: ='RESUMEN TOTAL'!A50 -> CENTRO | B48: ='RESUMEN TOTAL'!B50 -> CEN27 | C48: ='RESUMEN TOTAL'!D50 -> San Juan y España | D48: ='RESUMEN TOTAL'!E50 -> Domo | E48: ='RESUMEN TOTAL'!F50 -> Fibra Optica | F48: ='RESUMEN TOTAL'!L50 -> 0 | G48: ='RESUMEN TOTAL'!M50 -> 0 | H48: ='RESUMEN TOTAL'!N50 -> 0 | I48: ='RESUMEN TOTAL'!O50 -> 0 | J48: ='RESUMEN TOTAL'!P50 -> 0 | K48: ='RESUMEN TOTAL'!Q50 -> 0 | L48: ='RESUMEN TOTAL'!R50 -> 0 | M48: ='RESUMEN TOTAL'!S50 -> 0 | ... AI48: ='RESUMEN TOTAL'!AO50 -> 0
A49: ='RESUMEN TOTAL'!A51 -> CENTRO | B49: ='RESUMEN TOTAL'!B51 -> CEN28 | C49: ='RESUMEN TOTAL'!D51 -> Mitre y Alberdi | D49: ='RESUMEN TOTAL'!E51 -> Domo | E49: ='RESUMEN TOTAL'!F51 -> Fibra Optica | F49: ='RESUMEN TOTAL'!L51 -> 0 | G49: ='RESUMEN TOTAL'!M51 -> 0 | H49: ='RESUMEN TOTAL'!N51 -> 0 | I49: ='RESUMEN TOTAL'!O51 -> 0 | J49: ='RESUMEN TOTAL'!P51 -> 0 | K49: ='RESUMEN TOTAL'!Q51 -> 0 | L49: ='RESUMEN TOTAL'!R51 -> 0 | M49: ='RESUMEN TOTAL'!S51 -> 0 | ... AI49: ='RESUMEN TOTAL'!AO51 -> 0
... A62: ='RESUMEN TOTAL'!A64 -> CENTRO | B62: ='RESUMEN TOTAL'!B64 -> CEN41 | C62: ='RESUMEN TOTAL'!D64 -> Contreras y Alberdi | D62: ='RESUMEN TOTAL'!E64 -> Domo | E62: ='RESUMEN TOTAL'!F64 -> Fibra Optica | F62: ='RESUMEN TOTAL'!L64 -> 0 | G62: ='RESUMEN TOTAL'!M64 -> 0 | H62: ='RESUMEN TOTAL'!N64 -> 0 | I62: ='RESUMEN TOTAL'!O64 -> 0 | J62: ='RESUMEN TOTAL'!P64 -> 0 | K62: ='RESUMEN TOTAL'!Q64 -> 0 | L62: ='RESUMEN TOTAL'!R64 -> 0 | M62: ='RESUMEN TOTAL'!S64 -> 0 | ... AI62: ='RESUMEN TOTAL'!AO64 -> 0
A63: ='RESUMEN TOTAL'!A65 -> CENTRO | B63: ='RESUMEN TOTAL'!B65 -> CEN42 | C63: ='RESUMEN TOTAL'!D65 -> Diagonal Constituyentes y Alem | D63: ='RESUMEN TOTAL'!E65 -> Domo | E63: ='RESUMEN TOTAL'!F65 -> Fibra Optica | F63: ='RESUMEN TOTAL'!L65 -> APAGADO | G63: ='RESUMEN TOTAL'!M65 -> APAGADO | H63: ='RESUMEN TOTAL'!N65 -> APAGADO | I63: ='RESUMEN TOTAL'!O65 -> APAGADO | J63: ='RESUMEN TOTAL'!P65 -> APAGADO | K63: ='RESUMEN TOTAL'!Q65 -> APAGADO | L63: ='RESUMEN TOTAL'!R65 -> APAGADO | M63: ='RESUMEN TOTAL'!S65 -> APAGADO | ... AG63: ='RESUMEN TOTAL'!AM65 -> 0 | AH63: ='RESUMEN TOTAL'!#REF! -> #REF! | AI63: ='RESUMEN TOTAL'!AN65 -> 0
A64: ='RESUMEN TOTAL'!A66 -> CENTRO | B64: ='RESUMEN TOTAL'!B66 -> CEN43 | C64: ='RESUMEN TOTAL'!D66 -> Sallares y Alberdi | D64: ='RESUMEN TOTAL'!E66 -> Domo | E64: ='RESUMEN TOTAL'!F66 -> Fibra Optica | F64: ='RESUMEN TOTAL'!L66 -> 0 | G64: ='RESUMEN TOTAL'!M66 -> 0 | H64: ='RESUMEN TOTAL'!N66 -> 0 | I64: ='RESUMEN TOTAL'!O66 -> 0 | J64: ='RESUMEN TOTAL'!P66 -> 0 | K64: ='RESUMEN TOTAL'!Q66 -> 0 | L64: ='RESUMEN TOTAL'!R66 -> 0 | M64: ='RESUMEN TOTAL'!S66 -> 0 | ... AI64: ='RESUMEN TOTAL'!AO66 -> 0
A65: ='RESUMEN TOTAL'!A67 -> CENTRO | B65: ='RESUMEN TOTAL'!B67 -> CEN44 | C65: ='RESUMEN TOTAL'!D67 -> Mitre y Brown | D65: ='RESUMEN TOTAL'!E67 -> Domo | E65: ='RESUMEN TOTAL'!F67 -> Fibra Optica | F65: ='RESUMEN TOTAL'!L67 -> 0 | G65: ='RESUMEN TOTAL'!M67 -> 0 | H65: ='RESUMEN TOTAL'!N67 -> 0 | I65: ='RESUMEN TOTAL'!O67 -> 0 | J65: ='RESUMEN TOTAL'!P67 -> 0 | K65: ='RESUMEN TOTAL'!Q67 -> 0 | L65: ='RESUMEN TOTAL'!R67 -> 0 | M65: ='RESUMEN TOTAL'!S67 -> 0 | ... AI65: ='RESUMEN TOTAL'!AO67 -> 0
A66: ='RESUMEN TOTAL'!A68 -> CENTRO | B66: ='RESUMEN TOTAL'!B68 -> CEN45 (fija 1) | C66: ='RESUMEN TOTAL'!D68 -> EEUU Y MORENO | D66: ='RESUMEN TOTAL'!E68 -> Fija | E66: ='RESUMEN TOTAL'!F68 -> Fibra Optica | F66: ='RESUMEN TOTAL'!L68 -> 0 | G66: ='RESUMEN TOTAL'!M68 -> 0 | H66: ='RESUMEN TOTAL'!N68 -> 0 | I66: ='RESUMEN TOTAL'!O68 -> 0 | J66: ='RESUMEN TOTAL'!P68 -> 0 | K66: ='RESUMEN TOTAL'!Q68 -> 0 | L66: ='RESUMEN TOTAL'!R68 -> 0 | M66: ='RESUMEN TOTAL'!S68 -> 0 | ... AI66: ='RESUMEN TOTAL'!AO68 -> 0
A67: ='RESUMEN TOTAL'!A69 -> CENTRO | B67: ='RESUMEN TOTAL'!B69 -> CEN46 (fija 2) | C67: ='RESUMEN TOTAL'!D69 -> EEUU Y MORENO | D67: ='RESUMEN TOTAL'!E69 -> Fija | E67: ='RESUMEN TOTAL'!F69 -> Fibra Optica | F67: ='RESUMEN TOTAL'!L69 -> 0 | G67: ='RESUMEN TOTAL'!M69 -> 0 | H67: ='RESUMEN TOTAL'!N69 -> 0 | I67: ='RESUMEN TOTAL'!O69 -> 0 | J67: ='RESUMEN TOTAL'!P69 -> 0 | K67: ='RESUMEN TOTAL'!Q69 -> 0 | L67: ='RESUMEN TOTAL'!R69 -> 0 | M67: ='RESUMEN TOTAL'!S69 -> 0 | ... AI67: ='RESUMEN TOTAL'!AO69 -> 0
A68: ='RESUMEN TOTAL'!A70 -> CENTRO | B68: ='RESUMEN TOTAL'!B70 -> CEN47 | C68: ='RESUMEN TOTAL'!D70 -> Sallares y Brown | D68: ='RESUMEN TOTAL'!E70 -> Domo | E68: ='RESUMEN TOTAL'!F70 -> Fibra Optica | F68: ='RESUMEN TOTAL'!L70 -> 0 | G68: ='RESUMEN TOTAL'!M70 -> 0 | H68: ='RESUMEN TOTAL'!N70 -> 0 | I68: ='RESUMEN TOTAL'!O70 -> 0 | J68: ='RESUMEN TOTAL'!P70 -> APAGADO | K68: ='RESUMEN TOTAL'!Q70 -> APAGADO | L68: ='RESUMEN TOTAL'!R70 -> APAGADO | M68: ='RESUMEN TOTAL'!S70 -> 0 | ... AI68: ='RESUMEN TOTAL'!AO70 -> 0
A69: ='RESUMEN TOTAL'!A71 -> CENTRO | B69: ='RESUMEN TOTAL'!B71 -> CEN48 | C69: ='RESUMEN TOTAL'!D71 -> Velez Sarsfield y Las Heras | D69: ='RESUMEN TOTAL'!E71 -> Domo | E69: ='RESUMEN TOTAL'!F71 -> Radio | F69: ='RESUMEN TOTAL'!L71 -> 0 | G69: ='RESUMEN TOTAL'!M71 -> 0 | H69: ='RESUMEN TOTAL'!N71 -> 0 | I69: ='RESUMEN TOTAL'!O71 -> 0 | J69: ='RESUMEN TOTAL'!P71 -> 0 | K69: ='RESUMEN TOTAL'!Q71 -> 0 | L69: ='RESUMEN TOTAL'!R71 -> 0 | M69: ='RESUMEN TOTAL'!S71 -> 0 | ... Z69: ='RESUMEN TOTAL'!AF71 -> 0 | AA69: ='RESUMEN TOTAL'!AG549 -> 0 | AB69: ='RESUMEN TOTAL'!AH71 -> 0 | AC69: ='RESUMEN TOTAL'!AI71 -> 0 | AD69: ='RESUMEN TOTAL'!AJ71 -> 0 | AE69: ='RESUMEN TOTAL'!AK71 -> 0 | AF69: ='RESUMEN TOTAL'!AL71 -> 0 | AG69: ='RESUMEN TOTAL'!AM71 -> 0 | AH69: ='RESUMEN TOTAL'!AN71 -> 0 | AI69: ='RESUMEN TOTAL'!AO71 -> 0
A70: ='RESUMEN TOTAL'!A72 -> CENTRO | B70: ='RESUMEN TOTAL'!B72 -> CEN49 | C70: ='RESUMEN TOTAL'!D72 -> Av. San Martin y Florencio Sanchez | D70: ='RESUMEN TOTAL'!E72 -> Domo | E70: ='RESUMEN TOTAL'!F72 -> Radio | F70: ='RESUMEN TOTAL'!L72 -> 0 | G70: ='RESUMEN TOTAL'!M72 -> 0 | H70: ='RESUMEN TOTAL'!N72 -> 0 | I70: ='RESUMEN TOTAL'!O72 -> 0 | J70: ='RESUMEN TOTAL'!P72 -> 0 | K70: ='RESUMEN TOTAL'!Q72 -> 0 | L70: ='RESUMEN TOTAL'!R72 -> 0 | M70: ='RESUMEN TOTAL'!S72 -> 0 | ... AI70: ='RESUMEN TOTAL'!AO72 -> 0
A71: ='RESUMEN TOTAL'!A73 -> CENTRO | B71: ='RESUMEN TOTAL'!B73 -> CEN 50 | C71: ='RESUMEN TOTAL'!D73 -> Av. San Martin y Newbery | D71: ='RESUMEN TOTAL'!E73 -> Domo | E71: ='RESUMEN TOTAL'!F73 -> Radio | F71: ='RESUMEN TOTAL'!L73 -> 0 | G71: ='RESUMEN TOTAL'!M73 -> 0 | H71: ='RESUMEN TOTAL'!N73 -> 0 | I71: ='RESUMEN TOTAL'!O73 -> 0 | J71: ='RESUMEN TOTAL'!P73 -> 0 | K71: ='RESUMEN TOTAL'!Q73 -> 0 | L71: ='RESUMEN TOTAL'!R73 -> APAGADO | M71: ='RESUMEN TOTAL'!S73 -> APAGADO | ... AI71: ='RESUMEN TOTAL'!AO73 -> 0
A72: ='RESUMEN TOTAL'!A74 -> CENTRO | B72: ='RESUMEN TOTAL'!B74 -> CEN 51 | C72: ='RESUMEN TOTAL'!D74 -> ILLIA Y LAS HERAS | D72: ='RESUMEN TOTAL'!E74 -> FIJA | E72: ='RESUMEN TOTAL'!F74 -> Fibra Optica | F72: ='RESUMEN TOTAL'!L74 -> 0 | G72: ='RESUMEN TOTAL'!M74 -> 0 | H72: ='RESUMEN TOTAL'!N74 -> 0 | I72: ='RESUMEN TOTAL'!O74 -> 0 | J72: ='RESUMEN TOTAL'!P74 -> 0 | K72: ='RESUMEN TOTAL'!Q74 -> 0 | L72: ='RESUMEN TOTAL'!R74 -> 0 | M72: ='RESUMEN TOTAL'!S74 -> 0 | ... AI72: ='RESUMEN TOTAL'!AO74 -> 0
A73: ='RESUMEN TOTAL'!A75 -> CENTRO | B73: ='RESUMEN TOTAL'!B75 -> CEN52 | C73: ='RESUMEN TOTAL'!D75 -> San Martin y Almafuerte (ex San Martin y Dorrego) | D73: ='RESUMEN TOTAL'!E75 -> DOMO | E73: ='RESUMEN TOTAL'!F75 -> Radio | F73: ='RESUMEN TOTAL'!L75 -> 0 | G73: ='RESUMEN TOTAL'!M75 -> 0 | H73: ='RESUMEN TOTAL'!N75 -> 0 | I73: ='RESUMEN TOTAL'!O75 -> 0 | J73: ='RESUMEN TOTAL'!P75 -> 0 | K73: ='RESUMEN TOTAL'!Q75 -> 0 | L73: ='RESUMEN TOTAL'!R75 -> 0 | M73: ='RESUMEN TOTAL'!S75 -> 0 | ... AI73: ='RESUMEN TOTAL'!AO75 -> 0
A74: ='RESUMEN TOTAL'!A76 -> CENTRO | B74: ='RESUMEN TOTAL'!B76 -> CEN 53 | C74: ='RESUMEN TOTAL'!D76 -> GUTIERREZ Y BROWN | D74: ='RESUMEN TOTAL'!E76 -> Domo | E74: ='RESUMEN TOTAL'!F76 -> Radio | F74: ='RESUMEN TOTAL'!L76 -> 0 | G74: ='RESUMEN TOTAL'!M76 -> 0 | H74: ='RESUMEN TOTAL'!N76 -> 0 | I74: ='RESUMEN TOTAL'!O76 -> 0 | J74: ='RESUMEN TOTAL'!P76 -> 0 | K74: ='RESUMEN TOTAL'!Q76 -> 0 | L74: ='RESUMEN TOTAL'!R76 -> 0 | M74: ='RESUMEN TOTAL'!S76 -> 0 | ... AI74: ='RESUMEN TOTAL'!AO76 -> 0
A75: ='RESUMEN TOTAL'!A77 -> CENTRO | B75: ='RESUMEN TOTAL'!B77 -> CEN 54 | C75: ='RESUMEN TOTAL'!D77 -> GUTIERREZ Y PRINGLES | D75: ='RESUMEN TOTAL'!E77 -> Domo | E75: ='RESUMEN TOTAL'!F77 -> Radio | F75: ='RESUMEN TOTAL'!L77 -> 0 | G75: ='RESUMEN TOTAL'!M77 -> 0 | H75: ='RESUMEN TOTAL'!N77 -> 0 | I75: ='RESUMEN TOTAL'!O77 -> 0 | J75: ='RESUMEN TOTAL'!P77 -> 0 | K75: ='RESUMEN TOTAL'!Q77 -> 0 | L75: ='RESUMEN TOTAL'!R77 -> 0 | M75: ='RESUMEN TOTAL'!S77 -> 0 | ... AI75: ='RESUMEN TOTAL'!AO77 -> 0
A76: ='RESUMEN TOTAL'!A78 -> CENTRO | B76: ='RESUMEN TOTAL'!B78 -> CEN 55 | C76: ='RESUMEN TOTAL'!D78 -> BOUREL Y URQUIZA | D76: ='RESUMEN TOTAL'!E78 -> Domo | E76: ='RESUMEN TOTAL'!F78 -> Radio | F76: ='RESUMEN TOTAL'!L78 -> 0 | G76: ='RESUMEN TOTAL'!M78 -> 0 | H76: ='RESUMEN TOTAL'!N78 -> 0 | I76: ='RESUMEN TOTAL'!O78 -> 0 | J76: ='RESUMEN TOTAL'!P78 -> 0 | K76: ='RESUMEN TOTAL'!Q78 -> 0 | L76: ='RESUMEN TOTAL'!R78 -> 0 | M76: ='RESUMEN TOTAL'!S78 -> 0 | ... AI76: ='RESUMEN TOTAL'!AO78 -> 0
A77: ='RESUMEN TOTAL'!A79 -> CENTRO | B77: ='RESUMEN TOTAL'!B79 -> CEN 56 | C77: ='RESUMEN TOTAL'!D79 -> Newbery y Falucho | D77: ='RESUMEN TOTAL'!E79 -> DOMO | E77: ='RESUMEN TOTAL'!F79 -> Radio | F77: ='RESUMEN TOTAL'!L79 -> 0 | G77: ='RESUMEN TOTAL'!M79 -> 0 | H77: ='RESUMEN TOTAL'!N79 -> 0 | I77: ='RESUMEN TOTAL'!O79 -> 0 | J77: ='RESUMEN TOTAL'!P79 -> 0 | K77: ='RESUMEN TOTAL'!Q79 -> 0 | L77: ='RESUMEN TOTAL'!R79 -> 0 | M77: ='RESUMEN TOTAL'!S79 -> 0 | ... AI77: ='RESUMEN TOTAL'!AO79 -> 0
A78: ='RESUMEN TOTAL'!A80 -> CENTRO | B78: ='RESUMEN TOTAL'!B80 -> CEN 57 | C78: ='RESUMEN TOTAL'!D80 -> 25 DE MAYO Y DORREGO | D78: ='RESUMEN TOTAL'!E80 -> DOMO | E78: ='RESUMEN TOTAL'!F80 -> Radio | F78: ='RESUMEN TOTAL'!L80 -> 0 | G78: ='RESUMEN TOTAL'!M80 -> 0 | H78: ='RESUMEN TOTAL'!N80 -> 0 | I78: ='RESUMEN TOTAL'!O80 -> 0 | J78: ='RESUMEN TOTAL'!P80 -> 0 | K78: ='RESUMEN TOTAL'!Q80 -> 0 | L78: ='RESUMEN TOTAL'!R80 -> 0 | M78: ='RESUMEN TOTAL'!S80 -> 0 | ... AI78: ='RESUMEN TOTAL'!AO80 -> 0
A79: ='RESUMEN TOTAL'!A81 -> CENTRO | B79: ='RESUMEN TOTAL'!B81 -> CEN 58 | C79: ='RESUMEN TOTAL'!D81 -> EEUU Y MORENO | D79: ='RESUMEN TOTAL'!E81 -> DOMO | E79: ='RESUMEN TOTAL'!F81 -> Fibra Optica | F79: ='RESUMEN TOTAL'!L81 -> 0 | G79: ='RESUMEN TOTAL'!M81 -> 0 | H79: ='RESUMEN TOTAL'!N81 -> 0 | I79: ='RESUMEN TOTAL'!O81 -> 0 | J79: ='RESUMEN TOTAL'!P81 -> 0 | K79: ='RESUMEN TOTAL'!Q81 -> 0 | L79: ='RESUMEN TOTAL'!R81 -> 0 | M79: ='RESUMEN TOTAL'!S81 -> 0 | ... AI79: ='RESUMEN TOTAL'!AO81 -> 0
A80: ='RESUMEN TOTAL'!A82 -> CENTRO | B80: ='RESUMEN TOTAL'!B82 -> CEN59 | C80: ='RESUMEN TOTAL'!D82 -> CHACABUCO Y BOUREL | D80: ='RESUMEN TOTAL'!E82 -> DOMO | E80: ='RESUMEN TOTAL'!F82 -> Radio | F80: ='RESUMEN TOTAL'!L82 -> 0 | G80: ='RESUMEN TOTAL'!M82 -> 0 | H80: ='RESUMEN TOTAL'!N82 -> 0 | I80: ='RESUMEN TOTAL'!O82 -> 0 | J80: ='RESUMEN TOTAL'!P82 -> 0 | K80: ='RESUMEN TOTAL'!Q82 -> 0 | L80: ='RESUMEN TOTAL'!R82 -> 0 | M80: ='RESUMEN TOTAL'!S82 -> 0 | ... AI80: ='RESUMEN TOTAL'!AO82 -> 0
A81: ='RESUMEN TOTAL'!A83 -> CENTRO | B81: ='RESUMEN TOTAL'!B83 -> CEN 60 | C81: ='RESUMEN TOTAL'!D83 -> RECONQUISTA Y ILLIA | D81: ='RESUMEN TOTAL'!E83 -> DOMO | E81: ='RESUMEN TOTAL'!F83 -> PTO A FO | F81: ='RESUMEN TOTAL'!L83 -> 0 | G81: ='RESUMEN TOTAL'!M83 -> 0 | H81: ='RESUMEN TOTAL'!N83 -> 0 | I81: ='RESUMEN TOTAL'!O83 -> 0 | J81: ='RESUMEN TOTAL'!P83 -> 0 | K81: ='RESUMEN TOTAL'!Q83 -> 0 | L81: ='RESUMEN TOTAL'!R83 -> 0 | M81: ='RESUMEN TOTAL'!S83 -> 0 | ... AI81: ='RESUMEN TOTAL'!AO83 -> 0
... A87: ='RESUMEN TOTAL'!A89 -> CENTRO | B87: ='RESUMEN TOTAL'!B89 -> CEN66 | C87: ='RESUMEN TOTAL'!D89 -> SAN MARTIN Y JUAN PERON | D87: ='RESUMEN TOTAL'!E89 -> FIJA | E87: ='RESUMEN TOTAL'!F89 -> Fibra Optica | F87: ='RESUMEN TOTAL'!L89 -> 0 | G87: ='RESUMEN TOTAL'!M89 -> 0 | H87: ='RESUMEN TOTAL'!N89 -> 0 | I87: ='RESUMEN TOTAL'!O89 -> 0 | J87: ='RESUMEN TOTAL'!P89 -> 0 | K87: ='RESUMEN TOTAL'!Q89 -> 0 | L87: ='RESUMEN TOTAL'!R89 -> 0 | M87: ='RESUMEN TOTAL'!S89 -> 0 | ... AI87: ='RESUMEN TOTAL'!AO89 -> 0
A88: ='RESUMEN TOTAL'!A90 -> CENTRO | B88: ='RESUMEN TOTAL'!B90 -> CEN67 (fija 1) | C88: ='RESUMEN TOTAL'!D90 -> 9 DE JULIO Y BROWN | D88: ='RESUMEN TOTAL'!E90 -> Fija | E88: ='RESUMEN TOTAL'!F90 -> Fibra Optica | F88: ='RESUMEN TOTAL'!L90 -> APAGADO | G88: ='RESUMEN TOTAL'!M90 -> APAGADO | H88: ='RESUMEN TOTAL'!N90 -> APAGADO | I88: ='RESUMEN TOTAL'!O90 -> APAGADO | J88: ='RESUMEN TOTAL'!P90 -> APAGADO | K88: ='RESUMEN TOTAL'!Q90 -> APAGADO | L88: ='RESUMEN TOTAL'!R90 -> APAGADO | M88: ='RESUMEN TOTAL'!S90 -> APAGADO | ... AG88: ='RESUMEN TOTAL'!AM90 -> 0 | AH88: ='RESUMEN TOTAL'!#REF! -> #REF! | AI88: ='RESUMEN TOTAL'!AN90 -> 0
A89: ='RESUMEN TOTAL'!A91 -> CENTRO | B89: ='RESUMEN TOTAL'!B91 -> CEN68 (fija 2) | C89: ='RESUMEN TOTAL'!D91 -> 9 DE JULIO Y BROWN | D89: ='RESUMEN TOTAL'!E91 -> Fija | E89: ='RESUMEN TOTAL'!F91 -> Fibra Optica | F89: ='RESUMEN TOTAL'!L91 -> APAGADO | G89: ='RESUMEN TOTAL'!M91 -> APAGADO | H89: ='RESUMEN TOTAL'!N91 -> APAGADO | I89: ='RESUMEN TOTAL'!O91 -> APAGADO | J89: ='RESUMEN TOTAL'!P91 -> APAGADO | K89: ='RESUMEN TOTAL'!Q91 -> APAGADO | L89: ='RESUMEN TOTAL'!R91 -> APAGADO | M89: ='RESUMEN TOTAL'!S91 -> APAGADO | ... AG89: ='RESUMEN TOTAL'!AM91 -> 0 | AH89: ='RESUMEN TOTAL'!#REF! -> #REF! | AI89: ='RESUMEN TOTAL'!AN91 -> 0
A90: ='RESUMEN TOTAL'!A92 -> CENTRO | B90: ='RESUMEN TOTAL'!B92 -> CEN69 | C90: ='RESUMEN TOTAL'!D92 -> RIVADAVIA Y BOUREL | D90: ='RESUMEN TOTAL'!E92 -> DOMO | E90: ='RESUMEN TOTAL'!F92 -> Fibra Optica | F90: ='RESUMEN TOTAL'!L92 -> 0 | G90: ='RESUMEN TOTAL'!M92 -> 0 | H90: ='RESUMEN TOTAL'!N92 -> 0 | I90: ='RESUMEN TOTAL'!O92 -> 0 | J90: ='RESUMEN TOTAL'!P92 -> 0 | K90: ='RESUMEN TOTAL'!Q92 -> 0 | L90: ='RESUMEN TOTAL'!R92 -> 0 | M90: ='RESUMEN TOTAL'!S92 -> 0 | ... AI90: ='RESUMEN TOTAL'!AO92 -> 0
A91: ='RESUMEN TOTAL'!A93 -> CENTRO | B91: ='RESUMEN TOTAL'!B93 -> CEN 70 | C91: ='RESUMEN TOTAL'!D93 -> RIVADAVIA Y 25 MAYO | D91: ='RESUMEN TOTAL'!E93 -> Domo | E91: ='RESUMEN TOTAL'!F93 -> Fibra Optica | F91: ='RESUMEN TOTAL'!L93 -> 0 | G91: ='RESUMEN TOTAL'!M93 -> 0 | H91: ='RESUMEN TOTAL'!N93 -> 0 | I91: ='RESUMEN TOTAL'!O93 -> 0 | J91: ='RESUMEN TOTAL'!P93 -> 0 | K91: ='RESUMEN TOTAL'!Q93 -> 0 | L91: ='RESUMEN TOTAL'!R93 -> 0 | M91: ='RESUMEN TOTAL'!S93 -> 0 | ... AI91: ='RESUMEN TOTAL'!AO93 -> 0
A92: ='RESUMEN TOTAL'!A94 -> CENTRO | B92: ='RESUMEN TOTAL'!B94 -> CEN 71 | C92: ='RESUMEN TOTAL'!D94 -> MORENO Y BOUREL | D92: ='RESUMEN TOTAL'!E94 -> Domo | E92: ='RESUMEN TOTAL'!F94 -> Fibra Optica | F92: ='RESUMEN TOTAL'!L94 -> 0 | G92: ='RESUMEN TOTAL'!M94 -> 0 | H92: ='RESUMEN TOTAL'!N94 -> 0 | I92: ='RESUMEN TOTAL'!O94 -> 0 | J92: ='RESUMEN TOTAL'!P94 -> 0 | K92: ='RESUMEN TOTAL'!Q94 -> 0 | L92: ='RESUMEN TOTAL'!R94 -> 0 | M92: ='RESUMEN TOTAL'!S94 -> 0 | ... AI92: ='RESUMEN TOTAL'!AO94 -> 0
A93: ='RESUMEN TOTAL'!A95 -> CENTRO | B93: ='RESUMEN TOTAL'!B95 -> CEN 72 | C93: ='RESUMEN TOTAL'!D95 -> MORENO Y 25 DE MAYO | D93: ='RESUMEN TOTAL'!E95 -> Domo | E93: ='RESUMEN TOTAL'!F95 -> Fibra Optica | F93: ='RESUMEN TOTAL'!L95 -> 0 | G93: ='RESUMEN TOTAL'!M95 -> 0 | H93: ='RESUMEN TOTAL'!N95 -> 0 | I93: ='RESUMEN TOTAL'!O95 -> 0 | J93: ='RESUMEN TOTAL'!P95 -> 0 | K93: ='RESUMEN TOTAL'!Q95 -> 0 | L93: ='RESUMEN TOTAL'!R95 -> 0 | M93: ='RESUMEN TOTAL'!S95 -> 0 | ... AI93: ='RESUMEN TOTAL'!AO95 -> 0
A94: ='RESUMEN TOTAL'!A96 -> CENTRO | B94: ='RESUMEN TOTAL'!B96 -> CEN73 | C94: ='RESUMEN TOTAL'!D96 -> BOUREL Y DEFENSA | D94: ='RESUMEN TOTAL'!E96 -> DOMO | E94: ='RESUMEN TOTAL'!F96 -> Fibra Optica | F94: ='RESUMEN TOTAL'!L96 -> 0 | G94: ='RESUMEN TOTAL'!M96 -> 0 | H94: ='RESUMEN TOTAL'!N96 -> 0 | I94: ='RESUMEN TOTAL'!O96 -> 0 | J94: ='RESUMEN TOTAL'!P96 -> 0 | K94: ='RESUMEN TOTAL'!Q96 -> 0 | L94: ='RESUMEN TOTAL'!R96 -> 0 | M94: ='RESUMEN TOTAL'!S96 -> 0 | ... AI94: ='RESUMEN TOTAL'!AO96 -> 0
A95: ='RESUMEN TOTAL'!A97 -> CENTRO | B95: ='RESUMEN TOTAL'!B97 -> CEN74 | C95: ='RESUMEN TOTAL'!D97 -> Las Heras y Maipu | D95: ='RESUMEN TOTAL'!E97 -> Domo | E95: ='RESUMEN TOTAL'!F97 -> Fibra Optica | F95: ='RESUMEN TOTAL'!L97 -> 0 | G95: ='RESUMEN TOTAL'!M97 -> 0 | H95: ='RESUMEN TOTAL'!N97 -> 0 | I95: ='RESUMEN TOTAL'!O97 -> 0 | J95: ='RESUMEN TOTAL'!P97 -> 0 | K95: ='RESUMEN TOTAL'!Q97 -> 0 | L95: ='RESUMEN TOTAL'!R97 -> 0 | M95: ='RESUMEN TOTAL'!S97 -> 0 | ... AI95: ='RESUMEN TOTAL'!AO97 -> 0
A96: ='RESUMEN TOTAL'!A98 -> CENTRO | B96: ='RESUMEN TOTAL'!B98 -> CEN 75 | C96: ='RESUMEN TOTAL'!D98 -> 25 DE MAYO Y CASTELLI | D96: ='RESUMEN TOTAL'!E98 -> Domo | E96: ='RESUMEN TOTAL'!F98 -> Fibra Optica | F96: ='RESUMEN TOTAL'!L98 -> 0 | G96: ='RESUMEN TOTAL'!M98 -> 0 | H96: ='RESUMEN TOTAL'!N98 -> 0 | I96: ='RESUMEN TOTAL'!O98 -> 0 | J96: ='RESUMEN TOTAL'!P98 -> 0 | K96: ='RESUMEN TOTAL'!Q98 -> 0 | L96: ='RESUMEN TOTAL'!R98 -> 0 | M96: ='RESUMEN TOTAL'!S98 -> 0 | ... AI96: ='RESUMEN TOTAL'!AO98 -> 0
A97: ='RESUMEN TOTAL'!A99 -> CENTRO | B97: ='RESUMEN TOTAL'!B99 -> CEN 76 | C97: ='RESUMEN TOTAL'!D99 -> ESPAÑA E/MITRE Y BOCUZZI | D97: ='RESUMEN TOTAL'!E99 -> Fija | E97: ='RESUMEN TOTAL'!F99 -> Fibra Optica | F97: ='RESUMEN TOTAL'!L99 -> APAGADO | G97: ='RESUMEN TOTAL'!M99 -> APAGADO | H97: ='RESUMEN TOTAL'!N99 -> APAGADO | I97: ='RESUMEN TOTAL'!O99 -> APAGADO | J97: ='RESUMEN TOTAL'!P99 -> 0 | K97: ='RESUMEN TOTAL'!Q99 -> 0 | L97: ='RESUMEN TOTAL'!R99 -> 0 | M97: ='RESUMEN TOTAL'!S99 -> 0 | ... AI97: ='RESUMEN TOTAL'!AO99 -> 0
A98: ='RESUMEN TOTAL'!A100 -> CENTRO | B98: ='RESUMEN TOTAL'!B100 -> CEN 77 | C98: ='RESUMEN TOTAL'!D100 -> Monteagudo e/ Mitre y Boccuzzi | D98: ='RESUMEN TOTAL'!E100 -> Fija | E98: ='RESUMEN TOTAL'!F100 -> Fibra Optica | F98: ='RESUMEN TOTAL'!L100 -> 0 | G98: ='RESUMEN TOTAL'!M100 -> 0 | H98: ='RESUMEN TOTAL'!N100 -> 0 | I98: ='RESUMEN TOTAL'!O100 -> 0 | J98: ='RESUMEN TOTAL'!P100 -> 0 | K98: ='RESUMEN TOTAL'!Q100 -> 0 | L98: ='RESUMEN TOTAL'!R100 -> 0 | M98: ='RESUMEN TOTAL'!S100 -> 0 | ... AI98: ='RESUMEN TOTAL'!AO100 -> 0
A99: ='RESUMEN TOTAL'!A101 -> CENTRO | B99: ='RESUMEN TOTAL'!B101 -> CEN 78 | C99: ='RESUMEN TOTAL'!D101 -> Mitre e/Monteagudo y Alberdi | D99: ='RESUMEN TOTAL'!E101 -> Fija | E99: ='RESUMEN TOTAL'!F101 -> Fibra Optica | F99: ='RESUMEN TOTAL'!L101 -> 0 | G99: ='RESUMEN TOTAL'!M101 -> 0 | H99: ='RESUMEN TOTAL'!N101 -> 0 | I99: ='RESUMEN TOTAL'!O101 -> 0 | J99: ='RESUMEN TOTAL'!P101 -> 0 | K99: ='RESUMEN TOTAL'!Q101 -> 0 | L99: ='RESUMEN TOTAL'!R101 -> 0 | M99: ='RESUMEN TOTAL'!S101 -> 0 | ... AI99: ='RESUMEN TOTAL'!AO101 -> 0
A100: ='RESUMEN TOTAL'!A102 -> CENTRO | B100: ='RESUMEN TOTAL'!B102 -> CEN 79 | C100: ='RESUMEN TOTAL'!D102 -> Diag. Constituyente y Brown | D100: ='RESUMEN TOTAL'!E102 -> Fija | E100: ='RESUMEN TOTAL'!F102 -> Fibra Optica | F100: ='RESUMEN TOTAL'!L102 -> 0 | G100: ='RESUMEN TOTAL'!M102 -> 0 | H100: ='RESUMEN TOTAL'!N102 -> 0 | I100: ='RESUMEN TOTAL'!O102 -> 0 | J100: ='RESUMEN TOTAL'!P102 -> 0 | K100: ='RESUMEN TOTAL'!Q102 -> 0 | L100: ='RESUMEN TOTAL'!R102 -> 0 | M100: ='RESUMEN TOTAL'!S102 -> 0 | ... AI100: ='RESUMEN TOTAL'!AO102 -> 0
A101: ='RESUMEN TOTAL'!A103 -> CENTRO | B101: ='RESUMEN TOTAL'!B103 -> CEN 80 | C101: ='RESUMEN TOTAL'!D103 -> Diag. Constituyente y Brown | D101: ='RESUMEN TOTAL'!E103 -> Fija | E101: ='RESUMEN TOTAL'!F103 -> Fibra Optica | F101: ='RESUMEN TOTAL'!L103 -> 0 | G101: ='RESUMEN TOTAL'!M103 -> 0 | H101: ='RESUMEN TOTAL'!N103 -> 0 | I101: ='RESUMEN TOTAL'!O103 -> 0 | J101: ='RESUMEN TOTAL'!P103 -> 0 | K101: ='RESUMEN TOTAL'!Q103 -> 0 | L101: ='RESUMEN TOTAL'!R103 -> 0 | M101: ='RESUMEN TOTAL'!S103 -> 0 | ... AI101: ='RESUMEN TOTAL'!AO103 -> 0
... A103: ='RESUMEN TOTAL'!A105 -> CENTRO | B103: ='RESUMEN TOTAL'!B105 -> CEN 82 | C103: ='RESUMEN TOTAL'!D105 -> DORREGO Y BOUREL | D103: ='RESUMEN TOTAL'!E105 -> Domo | E103: ='RESUMEN TOTAL'!F105 -> Fibra Optica | F103: ='RESUMEN TOTAL'!L105 -> 0 | G103: ='RESUMEN TOTAL'!M105 -> 0 | H103: ='RESUMEN TOTAL'!N105 -> 0 | I103: ='RESUMEN TOTAL'!O105 -> 0 | J103: ='RESUMEN TOTAL'!P105 -> 0 | K103: ='RESUMEN TOTAL'!Q105 -> 0 | L103: ='RESUMEN TOTAL'!R105 -> 0 | M103: ='RESUMEN TOTAL'!S105 -> 0 | ... AI103: ='RESUMEN TOTAL'!AO105 -> 0
A104: ='RESUMEN TOTAL'!A106 -> CENTRO | B104: ='RESUMEN TOTAL'!B106 -> CEN83 | C104: ='RESUMEN TOTAL'!D106 -> RECONQUISTA Y 25 DE MAYO | D104: ='RESUMEN TOTAL'!E106 -> Domo | E104: ='RESUMEN TOTAL'!F106 -> Radio | F104: ='RESUMEN TOTAL'!L106 -> APAGADO | G104: ='RESUMEN TOTAL'!M106 -> APAGADO | H104: ='RESUMEN TOTAL'!N106 -> APAGADO | I104: ='RESUMEN TOTAL'!O106 -> APAGADO | J104: ='RESUMEN TOTAL'!P106 -> APAGADO | K104: ='RESUMEN TOTAL'!Q106 -> APAGADO | L104: ='RESUMEN TOTAL'!R106 -> APAGADO | M104: ='RESUMEN TOTAL'!S106 -> APAGADO | ... AG104: ='RESUMEN TOTAL'!AM106 -> 0 | AH104: ='RESUMEN TOTAL'!#REF! -> #REF! | AI104: ='RESUMEN TOTAL'!AN106 -> 0
A105: ='RESUMEN TOTAL'!A107 -> CENTRO | B105: ='RESUMEN TOTAL'!B107 -> CEN 84 | C105: ='RESUMEN TOTAL'!D107 -> 25 DE MAYO Y MAIPU | D105: ='RESUMEN TOTAL'!E107 -> Fija | E105: ='RESUMEN TOTAL'!F107 -> Fibra Optica | F105: ='RESUMEN TOTAL'!L107 -> 0 | G105: ='RESUMEN TOTAL'!M107 -> 0 | H105: ='RESUMEN TOTAL'!N107 -> 0 | I105: ='RESUMEN TOTAL'!O107 -> 0 | J105: ='RESUMEN TOTAL'!P107 -> 0 | K105: ='RESUMEN TOTAL'!Q107 -> 0 | L105: ='RESUMEN TOTAL'!R107 -> 0 | M105: ='RESUMEN TOTAL'!S107 -> 0 | ... AI105: ='RESUMEN TOTAL'!AO107 -> 0
A106: ='RESUMEN TOTAL'!A108 -> CENTRO | B106: ='RESUMEN TOTAL'!B108 -> CEN 85 | C106: ='RESUMEN TOTAL'!D108 -> PTE PERON E/ PRINGLES Y BROWN | D106: ='RESUMEN TOTAL'!E108 -> Fija | E106: ='RESUMEN TOTAL'!F108 -> Fibra Optica | F106: ='RESUMEN TOTAL'!L108 -> 0 | G106: ='RESUMEN TOTAL'!M108 -> 0 | H106: ='RESUMEN TOTAL'!N108 -> 0 | I106: ='RESUMEN TOTAL'!O108 -> 0 | J106: ='RESUMEN TOTAL'!P108 -> 0 | K106: ='RESUMEN TOTAL'!Q108 -> 0 | L106: ='RESUMEN TOTAL'!R108 -> 0 | M106: ='RESUMEN TOTAL'!S108 -> 0 | ... AI106: ='RESUMEN TOTAL'!AO108 -> 0
A107: ='RESUMEN TOTAL'!A109 -> CENTRO | B107: ='RESUMEN TOTAL'!B109 -> CEN 86 | C107: ='RESUMEN TOTAL'!D109 -> Monteagudo y Bocuzzi | D107: ='RESUMEN TOTAL'!E109 -> Fija | E107: ='RESUMEN TOTAL'!F109 -> Fibra Optica | F107: ='RESUMEN TOTAL'!L109 -> APAGADO | G107: ='RESUMEN TOTAL'!M109 -> APAGADO | H107: ='RESUMEN TOTAL'!N109 -> APAGADO | I107: ='RESUMEN TOTAL'!O109 -> APAGADO | J107: ='RESUMEN TOTAL'!P109 -> 0 | K107: ='RESUMEN TOTAL'!Q109 -> 0 | L107: ='RESUMEN TOTAL'!R109 -> 0 | M107: ='RESUMEN TOTAL'!S109 -> 0 | ... AI107: ='RESUMEN TOTAL'!AO109 -> 0
A108: ='RESUMEN TOTAL'!A111 -> SAN NICOLAS | B108: ='RESUMEN TOTAL'!B111 -> CHA01 | C108: ='RESUMEN TOTAL'!D111 -> Novak y Pte Illia | D108: ='RESUMEN TOTAL'!E111 -> Domo | E108: ='RESUMEN TOTAL'!F111 -> Radio | F108: ='RESUMEN TOTAL'!L111 -> 0 | G108: ='RESUMEN TOTAL'!M111 -> 0 | H108: ='RESUMEN TOTAL'!N111 -> 0 | I108: ='RESUMEN TOTAL'!O111 -> 0 | J108: ='RESUMEN TOTAL'!P111 -> 0 | K108: ='RESUMEN TOTAL'!Q111 -> 0 | L108: ='RESUMEN TOTAL'!R111 -> 0 | M108: ='RESUMEN TOTAL'!S111 -> 0 | ... AI108: ='RESUMEN TOTAL'!AO111 -> 0
A109: ='RESUMEN TOTAL'!A112 -> CHACABUCO | B109: ='RESUMEN TOTAL'!B112 -> CHA02 | C109: ='RESUMEN TOTAL'!D112 -> Pte. Illia y Posadas | D109: ='RESUMEN TOTAL'!E112 -> Domo | E109: ='RESUMEN TOTAL'!F112 -> Radio | F109: ='RESUMEN TOTAL'!L112 -> APAGADO | G109: ='RESUMEN TOTAL'!M112 -> APAGADO | H109: ='RESUMEN TOTAL'!N112 -> APAGADO | I109: ='RESUMEN TOTAL'!O112 -> APAGADO | J109: ='RESUMEN TOTAL'!P112 -> APAGADO | K109: ='RESUMEN TOTAL'!Q112 -> APAGADO | L109: ='RESUMEN TOTAL'!R112 -> APAGADO | M109: ='RESUMEN TOTAL'!S112 -> APAGADO | ... AG109: ='RESUMEN TOTAL'!AM112 -> 0 | AH109: ='RESUMEN TOTAL'!#REF! -> #REF! | AI109: ='RESUMEN TOTAL'!AN112 -> 0
A110: ='RESUMEN TOTAL'!A113 -> CHACABUCO | B110: ='RESUMEN TOTAL'!B113 -> CHA03 | C110: ='RESUMEN TOTAL'!D113 -> MAIPU Y ALVAREZ THOMAS | D110: ='RESUMEN TOTAL'!E113 -> DOMO | E110: ='RESUMEN TOTAL'!F113 -> Fibra Optica | F110: ='RESUMEN TOTAL'!L113 -> 0 | G110: ='RESUMEN TOTAL'!M113 -> 0 | H110: ='RESUMEN TOTAL'!N113 -> 0 | I110: ='RESUMEN TOTAL'!O113 -> 0 | J110: ='RESUMEN TOTAL'!P113 -> 0 | K110: ='RESUMEN TOTAL'!Q113 -> 0 | L110: ='RESUMEN TOTAL'!R113 -> 0 | M110: ='RESUMEN TOTAL'!S113 -> 0 | ... AI110: ='RESUMEN TOTAL'!AO113 -> 0
A111: ='RESUMEN TOTAL'!A114 -> CHACABUCO | B111: ='RESUMEN TOTAL'!B114 -> CHA04 | C111: ='RESUMEN TOTAL'!D114 -> ESTADOS UNIDOS DE A. E ILLIA | D111: ='RESUMEN TOTAL'!E114 -> DOMO | E111: ='RESUMEN TOTAL'!F114 -> Fibra Optica | F111: ='RESUMEN TOTAL'!L114 -> APAGADO | G111: ='RESUMEN TOTAL'!M114 -> APAGADO | H111: ='RESUMEN TOTAL'!N114 -> APAGADO | I111: ='RESUMEN TOTAL'!O114 -> APAGADO | J111: ='RESUMEN TOTAL'!P114 -> APAGADO | K111: ='RESUMEN TOTAL'!Q114 -> APAGADO | L111: ='RESUMEN TOTAL'!R114 -> APAGADO | M111: ='RESUMEN TOTAL'!S114 -> APAGADO | ... AG111: ='RESUMEN TOTAL'!AM114 -> 0 | AH111: ='RESUMEN TOTAL'!#REF! -> #REF! | AI111: ='RESUMEN TOTAL'!AN114 -> 0
A112: ='RESUMEN TOTAL'!A115 -> VILLA MONICA NUEVA | B112: ='RESUMEN TOTAL'!B115 -> COL01 | C112: ='RESUMEN TOTAL'!D115 -> Eva Peron y Cariboni | D112: ='RESUMEN TOTAL'!E115 -> Domo | E112: ='RESUMEN TOTAL'!F115 -> Radio | F112: ='RESUMEN TOTAL'!L115 -> APAGADO | G112: ='RESUMEN TOTAL'!M115 -> APAGADO | H112: ='RESUMEN TOTAL'!N115 -> APAGADO | I112: ='RESUMEN TOTAL'!O115 -> APAGADO | J112: ='RESUMEN TOTAL'!P115 -> 0 | K112: ='RESUMEN TOTAL'!Q115 -> 0 | L112: ='RESUMEN TOTAL'!R115 -> 0 | M112: ='RESUMEN TOTAL'!S115 -> APAGADO | ... AI112: ='RESUMEN TOTAL'!AO115 -> 0
A113: ='RESUMEN TOTAL'!A116 -> LA COLORADA ESTE | B113: ='RESUMEN TOTAL'!B116 -> COL02 | C113: ='RESUMEN TOTAL'!D116 -> Av. Eva Peron y Pompeya | D113: ='RESUMEN TOTAL'!E116 -> Domo | E113: ='RESUMEN TOTAL'!F116 -> Radio | F113: ='RESUMEN TOTAL'!L116 -> APAGADO | G113: ='RESUMEN TOTAL'!M116 -> APAGADO | H113: ='RESUMEN TOTAL'!N116 -> APAGADO | I113: ='RESUMEN TOTAL'!O116 -> APAGADO | J113: ='RESUMEN TOTAL'!P116 -> 0 | K113: ='RESUMEN TOTAL'!Q116 -> 0 | L113: ='RESUMEN TOTAL'!R116 -> 0 | M113: ='RESUMEN TOTAL'!S116 -> APAGADO | ... AI113: ='RESUMEN TOTAL'!AO116 -> 0
A114: ='RESUMEN TOTAL'!A117 -> LA COLORADA ESTE | B114: ='RESUMEN TOTAL'!B117 -> COL 03 | C114: ='RESUMEN TOTAL'!D117 -> CARIBONI Y LA ANCIANIDAD | D114: ='RESUMEN TOTAL'!E117 -> DOMO | E114: ='RESUMEN TOTAL'!F117 -> Radio | F114: ='RESUMEN TOTAL'!L117 -> 0 | G114: ='RESUMEN TOTAL'!M117 -> 0 | H114: ='RESUMEN TOTAL'!N117 -> 0 | I114: ='RESUMEN TOTAL'!O117 -> 0 | J114: ='RESUMEN TOTAL'!P117 -> 0 | K114: ='RESUMEN TOTAL'!Q117 -> 0 | L114: ='RESUMEN TOTAL'!R117 -> 0 | M114: ='RESUMEN TOTAL'!S117 -> APAGADO | ... AI114: ='RESUMEN TOTAL'!AO117 -> 0
A115: ='RESUMEN TOTAL'!A118 -> LA COLORADA ESTE | B115: ='RESUMEN TOTAL'!B118 -> COL 04 | C115: ='RESUMEN TOTAL'!D118 -> EVA PERON Y SAVIO | D115: ='RESUMEN TOTAL'!E118 -> Domo | E115: ='RESUMEN TOTAL'!F118 -> Fibra Optica | F115: ='RESUMEN TOTAL'!L118 -> 0 | G115: ='RESUMEN TOTAL'!M118 -> APAGADO | H115: ='RESUMEN TOTAL'!N118 -> APAGADO | I115: ='RESUMEN TOTAL'!O118 -> APAGADO | J115: ='RESUMEN TOTAL'!P118 -> 0 | K115: ='RESUMEN TOTAL'!Q118 -> 0 | L115: ='RESUMEN TOTAL'!R118 -> 0 | M115: ='RESUMEN TOTAL'!S118 -> APAGADO | ... AI115: ='RESUMEN TOTAL'!AO118 -> 0
A116: ='RESUMEN TOTAL'!A119 -> DON JOSE | B116: ='RESUMEN TOTAL'!B119 -> DJO01 | C116: ='RESUMEN TOTAL'!D119 -> Monteverde y Donato Alvarez | D116: ='RESUMEN TOTAL'!E119 -> Domo | E116: ='RESUMEN TOTAL'!F119 -> Radio | F116: ='RESUMEN TOTAL'!L119 -> 0 | G116: ='RESUMEN TOTAL'!M119 -> 0 | H116: ='RESUMEN TOTAL'!N119 -> 0 | I116: ='RESUMEN TOTAL'!O119 -> 0 | J116: ='RESUMEN TOTAL'!P119 -> 0 | K116: ='RESUMEN TOTAL'!Q119 -> 0 | L116: ='RESUMEN TOTAL'!R119 -> 0 | M116: ='RESUMEN TOTAL'!S119 -> 0 | ... AI116: ='RESUMEN TOTAL'!AO119 -> 0
A117: ='RESUMEN TOTAL'!A120 -> DON JOSE | B117: ='RESUMEN TOTAL'!B120 -> DJO 02 (fija 1) | C117: ='RESUMEN TOTAL'!D120 -> DONATO ALVAREZ Y EL APERO | D117: ='RESUMEN TOTAL'!E120 -> Fija | E117: ='RESUMEN TOTAL'!F120 -> PTO A FO | F117: ='RESUMEN TOTAL'!L120 -> 0 | G117: ='RESUMEN TOTAL'!M120 -> 0 | H117: ='RESUMEN TOTAL'!N120 -> 0 | I117: ='RESUMEN TOTAL'!O120 -> 0 | J117: ='RESUMEN TOTAL'!P120 -> 0 | K117: ='RESUMEN TOTAL'!Q120 -> 0 | L117: ='RESUMEN TOTAL'!R120 -> 0 | M117: ='RESUMEN TOTAL'!S120 -> 0 | ... AI117: ='RESUMEN TOTAL'!AO120 -> 0
A118: ='RESUMEN TOTAL'!A121 -> DON JOSE | B118: ='RESUMEN TOTAL'!B121 -> DJO 03 (fija 2) | C118: ='RESUMEN TOTAL'!D121 -> DONATO ALVAREZ Y EL APERO | D118: ='RESUMEN TOTAL'!E121 -> Fija | E118: ='RESUMEN TOTAL'!F121 -> PTO A FO | F118: ='RESUMEN TOTAL'!L121 -> 0 | G118: ='RESUMEN TOTAL'!M121 -> 0 | H118: ='RESUMEN TOTAL'!N121 -> 0 | I118: ='RESUMEN TOTAL'!O121 -> 0 | J118: ='RESUMEN TOTAL'!P121 -> 0 | K118: ='RESUMEN TOTAL'!Q121 -> 0 | L118: ='RESUMEN TOTAL'!R121 -> 0 | M118: ='RESUMEN TOTAL'!S121 -> 0 | ... AI118: ='RESUMEN TOTAL'!AO121 -> 0
A119: ='RESUMEN TOTAL'!A122 -> DON JOSE | B119: ='RESUMEN TOTAL'!B122 -> DJO 04 (Fija 1) | C119: ='RESUMEN TOTAL'!D122 -> MONTEVERDE Y EL INDIO | D119: ='RESUMEN TOTAL'!E122 -> Fija | E119: ='RESUMEN TOTAL'!F122 -> PTO A FO | F119: ='RESUMEN TOTAL'!L122 -> 0 | G119: ='RESUMEN TOTAL'!M122 -> 0 | H119: ='RESUMEN TOTAL'!N122 -> 0 | I119: ='RESUMEN TOTAL'!O122 -> 0 | J119: ='RESUMEN TOTAL'!P122 -> 0 | K119: ='RESUMEN TOTAL'!Q122 -> 0 | L119: ='RESUMEN TOTAL'!R122 -> 0 | M119: ='RESUMEN TOTAL'!S122 -> 0 | ... AG119: ='RESUMEN TOTAL'!AM122 -> 0 | AH119: ='RESUMEN TOTAL'!#REF! -> #REF! | AI119: ='RESUMEN TOTAL'!AN122 -> 0
A120: ='RESUMEN TOTAL'!A123 -> DON JOSE | B120: ='RESUMEN TOTAL'!B123 -> DJO 05 (Fija 2) | C120: ='RESUMEN TOTAL'!D123 -> MONTEVERDE Y EL INDIO | D120: ='RESUMEN TOTAL'!E123 -> Fija | E120: ='RESUMEN TOTAL'!F123 -> PTO A FO | F120: ='RESUMEN TOTAL'!L123 -> 0 | G120: ='RESUMEN TOTAL'!M123 -> 0 | H120: ='RESUMEN TOTAL'!N123 -> 0 | I120: ='RESUMEN TOTAL'!O123 -> 0 | J120: ='RESUMEN TOTAL'!P123 -> 0 | K120: ='RESUMEN TOTAL'!Q123 -> 0 | L120: ='RESUMEN TOTAL'!R123 -> 0 | M120: ='RESUMEN TOTAL'!S123 -> 0 | ... AG120: ='RESUMEN TOTAL'!AM123 -> 0 | AH120: ='RESUMEN TOTAL'!#REF! -> #REF! | AI120: ='RESUMEN TOTAL'!AN123 -> 0
A121: ='RESUMEN TOTAL'!A124 -> DON JOSE | B121: ='RESUMEN TOTAL'!B124 -> DJ O6 | C121: ='RESUMEN TOTAL'!D124 -> Calle 414 y El Indio | D121: ='RESUMEN TOTAL'!E124 -> Fija | E121: ='RESUMEN TOTAL'!F124 -> PTO A FO | F121: ='RESUMEN TOTAL'!L124 -> 0 | G121: ='RESUMEN TOTAL'!M124 -> 0 | H121: ='RESUMEN TOTAL'!N124 -> 0 | I121: ='RESUMEN TOTAL'!O124 -> 0 | J121: ='RESUMEN TOTAL'!P124 -> 0 | K121: ='RESUMEN TOTAL'!Q124 -> 0 | L121: ='RESUMEN TOTAL'!R124 -> 0 | M121: ='RESUMEN TOTAL'!S124 -> 0 | ... AI121: ='RESUMEN TOTAL'!AO124 -> 0
A122: ='RESUMEN TOTAL'!A125 -> DON JOSE | B122: ='RESUMEN TOTAL'!B125 -> DJ 07 | C122: ='RESUMEN TOTAL'!D125 -> Calle 414 y El Indio | D122: ='RESUMEN TOTAL'!E125 -> Fija | E122: ='RESUMEN TOTAL'!F125 -> PTO A FO | F122: ='RESUMEN TOTAL'!L125 -> 0 | G122: ='RESUMEN TOTAL'!M125 -> 0 | H122: ='RESUMEN TOTAL'!N125 -> 0 | I122: ='RESUMEN TOTAL'!O125 -> 0 | J122: ='RESUMEN TOTAL'!P125 -> 0 | K122: ='RESUMEN TOTAL'!Q125 -> 0 | L122: ='RESUMEN TOTAL'!R125 -> 0 | M122: ='RESUMEN TOTAL'!S125 -> 0 | ... AI122: ='RESUMEN TOTAL'!AO125 -> 0
A123: ='RESUMEN TOTAL'!A127 -> EL PARQUE | B123: ='RESUMEN TOTAL'!B127 -> EPQ 01 | C123: ='RESUMEN TOTAL'!D127 -> 1282 Y GRIERSON | D123: ='RESUMEN TOTAL'!E127 -> DOMO | E123: ='RESUMEN TOTAL'!F127 -> Fibra Optica | F123: ='RESUMEN TOTAL'!L127 -> APAGADO | G123: ='RESUMEN TOTAL'!M127 -> APAGADO | H123: ='RESUMEN TOTAL'!N127 -> APAGADO | I123: ='RESUMEN TOTAL'!O127 -> APAGADO | J123: ='RESUMEN TOTAL'!P127 -> APAGADO | K123: ='RESUMEN TOTAL'!Q127 -> APAGADO | L123: ='RESUMEN TOTAL'!R127 -> APAGADO | M123: ='RESUMEN TOTAL'!S127 -> APAGADO | ... AI123: ='RESUMEN TOTAL'!AO127 -> 0
A124: ='RESUMEN TOTAL'!A128 -> EL PARQUE | B124: ='RESUMEN TOTAL'!B128 -> EPQ 02 | C124: ='RESUMEN TOTAL'!D128 -> 1282 Y MASSE | D124: ='RESUMEN TOTAL'!E128 -> DOMO | E124: ='RESUMEN TOTAL'!F128 -> Fibra Optica | F124: ='RESUMEN TOTAL'!L128 -> 0 | G124: ='RESUMEN TOTAL'!M128 -> 0 | H124: ='RESUMEN TOTAL'!N128 -> 0 | I124: ='RESUMEN TOTAL'!O128 -> 0 | J124: ='RESUMEN TOTAL'!P128 -> 0 | K124: ='RESUMEN TOTAL'!Q128 -> APAGADO | L124: ='RESUMEN TOTAL'!R128 -> APAGADO | M124: ='RESUMEN TOTAL'!S128 -> APAGADO | ... AI124: ='RESUMEN TOTAL'!AO128 -> 0
