Workbook
Name _25_de_agosto: 'RESUMEN TOTAL'!$A$4:$D$363
Name _25_de_agosto_3: 'RESUMEN TOTAL'!$A$4:$D$375
Name BONOMOcam: Hoja1!$B$2
Name COSEIDIcam: Hoja1!$B$4

Sheet RESUMEN TOTAL
A1: CANTIDAD DE CAMARAS | B1: =COUNTA(B5:B530) -> 430 | D1: PORCIENTO DE CAIDAS | K1: =(K3)/(K2+K3) -> 0.093676815 | L1: =(L3)/(L2+L3) -> 0.093676815 | M1: =(M3)/(M2+M3) -> 0.38461538 | N1: =(N3)/(N2+N3) -> 0.1030445 | O1: =(O3)/(O2+O3) -> 0.088992974 | P1: =(P3)/(P2+P3) -> 0 | Q1: =(Q3)/(Q2+Q3) -> 0.084309133 | R1: =(R3)/(R2+R3) -> 0 | ... AO1: =(AO3)/(AO2+AO3) -> 0.095348837
D2: FUNCIONAN | K2: =COUNTIF(K7:K433, "") -> 387 | L2: =COUNTIF(L7:L433, "") -> 387 | M2: =COUNTIF(M7:M433, "") -> 264 | N2: =COUNTIF(N7:N433, "") -> 383 | O2: =COUNTIF(O7:O433, "") -> 389 | P2: =COUNTIF(P7:P433, "") -> 427 | Q2: =COUNTIF(Q7:Q433, "") -> 391 | R2: =COUNTIF(R7:R433, "") -> 427 | ... AE2: =COUNTIF(AE7:AE433, "") -> 384 | AF2: =COUNTIF(AF5:AF434, "") -> 384 | AG2: =COUNTIF(AG5:AG434, "") -> 373 | AH2: =COUNTIF(AH5:AH434, "") -> 388 | AI2: =COUNTIF(AI5:AI434, "") -> 388 | AJ2: =COUNTIF(AJ5:AJ434, "") -> 390 | AK2: =COUNTIF(AK5:AK434, "") -> 383 | AL2: =COUNTIF(AL5:AL434, "") -> 382 | AM2: =COUNTIF(AM5:AM434, "") -> 398 | ... AO2: =COUNTIF(AO5:AO434, "") -> 389
D3: CAIDAS | K3: =COUNTIF(K4:K450, "apagado") -> 40 | L3: =COUNTIF(L4:L450, "apagado") -> 40 | M3: =COUNTIF(M4:M450, "apagado") -> 165 | N3: =COUNTIF(N4:N450, "apagado") -> 44 | O3: =COUNTIF(O4:O450, "apagado") -> 38 | P3: =COUNTIF(P4:P450, "apagado") -> 0 | Q3: =COUNTIF(Q4:Q450, "apagado") -> 36 | R3: =COUNTIF(R4:R450, "apagado") -> 0 | ... AO3: =COUNTIF(AO4:AO450, "apagado") -> 41
A4: Barrio | B4: [Denominacion] | C4: [Empresa Mantenimiento] | D4: [Ubicacion] | E4: [Tipo de Camara] | F4: [Tipo de Conexion] | H4: DIAS FUNCIONANDO | I4: DIAS CAIDA | J4: EFECTIVIDAD | K4: 44835 | L4: 44836 | M4: 44837 | N4: 44838 | O4: 44839 | P4: 44840 | Q4: 44841 | R4: 44842 | S4: 44843 | T4: 44844 | U4: 44845 | V4: 44846 | W4: 44847 | X4: 44848 | Y4: 44849 | Z4: 44850 | AA4: 44851 | AB4: 44852 | AC4: 44853 | AD4: 44854 | AE4: 44855 | AF4: 44856 | AG4: 44857 | AH4: 44858 | AI4: 44859 | AJ4: 44860 | AK4: 44861 | AL4: 44862 | AM4: 44863 | AN4: 44864 | AO4: 44865
A5: ALTAMIRA | B5: ALT01 | C5: BONOMO | D5: Calchaqui y Sgto. Cabral | E5: Domo | F5: Fibra Optica | G5: 172.20.10.6 | H5: =COUNTIF(K5:AN5,"") -> 29 | I5: =COUNTIF(K5:AL5,"APAGADO") -> 1 | J5: =(H5)/(I5+H5) -> 0.96666667 | M5: APAGADO
A6: ALTAMIRA | B6: ALT02 | C6: BONOMO | D6: Calchaqui y Lope de Vega | E6: Domo | F6: PTO A FO | G6: 172.20.12.218 | H6: =COUNTIF(K6:AN6,"") -> 29 | I6: =COUNTIF(K6:AL6,"APAGADO") -> 1 | J6: =(H6)/(I6+H6) -> 0.96666667 | M6: APAGADO
A7: ALTAMIRA | B7: ALT 03 | C7: BONOMO | D7: Bombero Galarza y Necochea | E7: Domo | F7: FIBRA OPTICA | G7: 172.20.12.54 | H7: =COUNTIF(K7:AN7,"") -> 30 | I7: =COUNTIF(K7:AL7,"APAGADO") -> 0 | J7: =(H7)/(I7+H7) -> 1
A8: ALTAMIRA | B8: ALT 04 | C8: BONOMO | D8: Francia y Necochea | E8: Domo | F8: FIBRA OPTICA | G8: 172.20.12.55 | H8: =COUNTIF(K8:AN8,"") -> 25 | I8: =COUNTIF(K8:AL8,"APAGADO") -> 5 | J8: =(H8)/(I8+H8) -> 0.83333333 | K8: APAGADO | L8: APAGADO | M8: APAGADO | N8: APAGADO | O8: APAGADO
A9: ALTAMIRA | B9: ALT05 | C9: BONOMO | D9: Av. Calchaqui y Bombero Galarza | E9: Domo | F9: PTO A FO | G9: 172.20.12.216 | H9: =COUNTIF(K9:AN9,"") -> 8 | I9: =COUNTIF(K9:AL9,"APAGADO") -> 22 | J9: =(H9)/(I9+H9) -> 0.26666667 | K9: APAGADO | L9: APAGADO | M9: APAGADO | N9: APAGADO | O9: APAGADO | Q9: APAGADO | S9: APAGADO | T9: APAGADO | U9: APAGADO | V9: APAGADO | W9: APAGADO | X9: APAGADO | Y9: APAGADO | Z9: APAGADO | AB9: APAGADO | AC9: APAGADO | AD9: APAGADO | AE9: APAGADO | AF9: APAGADO | AG9: APAGADO | AH9: APAGADO | AI9: APAGADO
A10: ALTAMIRA | B10: ALT 06 | C10: BONOMO | D10: LOPE DE VEGA Y NECOCHEA | E10: Domo | F10: PTO A FO | G10: 172.20.12.12 | H10: =COUNTIF(K10:AN10,"") -> 28 | I10: =COUNTIF(K10:AL10,"APAGADO") -> 2 | J10: =(H10)/(I10+H10) -> 0.93333333 | M10: APAGADO | N10: APAGADO
A11: ALTAMIRA | B11: ALT07 | C11: BONOMO | D11: AV. CALCHAQUI Y AV. DEL TRABAJO | E11: DOMO | F11: PTO A FO | G11: 172.20.10.57 | H11: =COUNTIF(K11:AN11,"") -> 30 | I11: =COUNTIF(K11:AL11,"APAGADO") -> 0 | J11: =(H11)/(I11+H11) -> 1
A12: ALTAMIRA | B12: ALT 08 | C12: BONOMO | D12: HUMAITA Y NECOCHEA | E12: DOMO | F12: Fibra Optica | G12: 172.20.11.215 | H12: =COUNTIF(K12:AN12,"") -> 30 | I12: =COUNTIF(K12:AL12,"APAGADO") -> 0 | J12: =(H12)/(I12+H12) -> 1
A13: ALTAMIRA | B13: ALT 09 | C13: BONOMO | D13: NECOCHEA Y CURUPAITY | E13: DOMO | F13: Fibra Optica | G13: 172.20.11.216 | H13: =COUNTIF(K13:AN13,"") -> 30 | I13: =COUNTIF(K13:AL13,"APAGADO") -> 0 | J13: =(H13)/(I13+H13) -> 1
A14: ALTAMIRA | B14: ALT 10 | C14: BONOMO | D14: Calchaqui y Francia | E14: Domo | F14: Radio | H14: =COUNTIF(K14:AN14,"") -> 9 | I14: =COUNTIF(K14:AL14,"APAGADO") -> 21 | J14: =(H14)/(I14+H14) -> 0.3 | K14: APAGADO | L14: APAGADO | M14: APAGADO | N14: APAGADO | O14: APAGADO | Q14: APAGADO | S14: APAGADO | T14: APAGADO | U14: APAGADO | V14: APAGADO | W14: APAGADO | X14: APAGADO | Y14: APAGADO | Z14: APAGADO | AB14: APAGADO | AC14: APAGADO | AD14: APAGADO | AE14: APAGADO | AF14: APAGADO | AG14: APAGADO | AH14: APAGADO
A15: AGUSTIN RAMIREZ | B15: ARA 01 | C15: COSEIDI | D15: Malambo y Tranquera | E15: Domo | F15: FIBRA OPTICA | G15: 172.20.12.110 | H15: =COUNTIF(K15:AN15,"") -> 28 | I15: =COUNTIF(K15:AL15,"APAGADO") -> 2 | J15: =(H15)/(I15+H15) -> 0.93333333 | M15: APAGADO | AC15: APAGADO
A16: BELGRANO | B16: BEL 01 | C16: BONOMO | D16: San Martin y Dardo Rocha | E16: DOMO | F16: FIBRA OPTICA | G16: 172.20.12.64 | H16: =COUNTIF(K16:AN16,"") -> 4 | I16: =COUNTIF(K16:AL16,"APAGADO") -> 24 | J16: =(H16)/(I16+H16) -> 0.14285714 | K16: APAGADO | L16: APAGADO | M16: APAGADO | N16: APAGADO | O16: APAGADO | Q16: APAGADO | T16: APAGADO | U16: APAGADO | V16: APAGADO | W16: APAGADO | X16: APAGADO | Y16: APAGADO | Z16: APAGADO | AB16: APAGADO | AC16: APAGADO | AD16: APAGADO | AE16: APAGADO | AF16: APAGADO | AG16: APAGADO | AH16: APAGADO | AI16: APAGADO | AJ16: APAGADO | AK16: APAGADO | AL16: APAGADO | AM16: APAGADO | AN16: APAGADO
A17: BOSQUES CENTRO | B17: BOSQC 01 | C17: COSEIDI | D17: LUIS AGOTE E/DANUNCIO Y CAMPOAMOR | E17: Fija | F17: Radio | G17: 172.20.11.15 | H17: =COUNTIF(K17:AN17,"") -> 30 | I17: =COUNTIF(K17:AL17,"APAGADO") -> 0 | J17: =(H17)/(I17+H17) -> 1
A18: BOSQUES CENTRO | B18: BOSQC 02 | C18: COSEIDI | D18: LUIS AGOTE E/DANUNCIO Y CAMPOAMOR | E18: Fija | F18: Radio | G18: 172.20.11.16 | H18: =COUNTIF(K18:AN18,"") -> 30 | I18: =COUNTIF(K18:AL18,"APAGADO") -> 0 | J18: =(H18)/(I18+H18) -> 1
A19: BOSQUES CENTRO | B19: BOSQC 03 | C19: COSEIDI | D19: BENAVENTE Y LUIS AGOTE | E19: Fija | F19: Radio | G19: 172.20.11.13 | H19: =COUNTIF(K19:AN19,"") -> 30 | I19: =COUNTIF(K19:AL19,"APAGADO") -> 0 | J19: =(H19)/(I19+H19) -> 1
A20: BOSQUES CENTRO | B20: BOSQC 04 | C20: COSEIDI | D20: BENAVENTE Y LUIS AGOTE | E20: Fija | F20: Radio | G20: 172.20.11.113 | H20: =COUNTIF(K20:AN20,"") -> 30 | I20: =COUNTIF(K20:AL20,"APAGADO") -> 0 | J20: =(H20)/(I20+H20) -> 1
A21: BOSQUES CENTRO | B21: BOSQC 05 | C21: COSEIDI | D21: LUIS AGOTE Y RUTA 36 | E21: Fija | F21: Radio | G21: 172.20.11.17 | H21: =COUNTIF(K21:AN21,"") -> 30 | I21: =COUNTIF(K21:AL21,"APAGADO") -> 0 | J21: =(H21)/(I21+H21) -> 1
A22: BOSQUES CENTRO | B22: BOSQC 06 | C22: COSEIDI | D22: LUIS AGOTE Y RUTA 36 | E22: Fija | F22: Radio | G22: 172.20.11.18 | H22: =COUNTIF(K22:AN22,"") -> 30 | I22: =COUNTIF(K22:AL22,"APAGADO") -> 0 | J22: =(H22)/(I22+H22) -> 1
A23: CENTRO | B23: CEN01 | C23: BONOMO | D23: San Martin y 9 de Julio | E23: Fija | F23: Fibra Optica | G23: 172.20.11.10 | H23: =COUNTIF(K23:AN23,"") -> 29 | I23: =COUNTIF(K23:AL23,"APAGADO") -> 1 | J23: =(H23)/(I23+H23) -> 0.96666667 | M23: APAGADO
A24: CENTRO | B24: CEN02 | C24: BONOMO | D24: San Martin y Almafuerte | E24: Fija | F24: Fibra Optica | G24: 172.20.11.11 | H24: =COUNTIF(K24:AN24,"") -> 29 | I24: =COUNTIF(K24:AL24,"APAGADO") -> 1 | J24: =(H24)/(I24+H24) -> 0.96666667 | M24: APAGADO
A25: CENTRO | B25: CEN03 | C25: BONOMO | D25: San Martin y Sallares | E25: Domo | F25: Fibra Optica | G25: 172.20.12.30 | H25: =COUNTIF(K25:AN25,"") -> 29 | I25: =COUNTIF(K25:AL25,"APAGADO") -> 1 | J25: =(H25)/(I25+H25) -> 0.96666667 | M25: APAGADO
A26: CENTRO | B26: CEN04 | C26: BONOMO | D26: San Martin y Contreras | E26: Domo | F26: Fibra Optica | G26: 172.20.12.29 | H26: =COUNTIF(K26:AN26,"") -> 30 | I26: =COUNTIF(K26:AL26,"APAGADO") -> 0 | J26: =(H26)/(I26+H26) -> 1
A27: CENTRO | B27: CEN 05 | C27: BONOMO | D27: Bocuzzi e/España y San Martin | E27: DOMO | F27: Fibra Optica | G27: 172.20.10.200 | H27: =COUNTIF(K27:AN27,"") -> 29 | I27: =COUNTIF(K27:AL27,"APAGADO") -> 1 | J27: =(H27)/(I27+H27) -> 0.96666667 | M27: APAGADO
A28: CENTRO | B28: CEN06 | C28: BONOMO | D28: Monteagudo y A.del Valle | E28: Fija | F28: Fibra Optica | G28: 172.20.10.02 | H28: =COUNTIF(K28:AN28,"") -> 29 | I28: =COUNTIF(K28:AL28,"APAGADO") -> 1 | J28: =(H28)/(I28+H28) -> 0.96666667 | M28: APAGADO
A29: CENTRO | B29: CEN07 | C29: BONOMO | D29: San Martin y Guemes | E29: DOMO | F29: Fibra Optica | G29: 172.20.11.20 | H29: =COUNTIF(K29:AN29,"") -> 29 | I29: =COUNTIF(K29:AL29,"APAGADO") -> 1 | J29: =(H29)/(I29+H29) -> 0.96666667 | M29: APAGADO
A30: CENTRO | B30: CEN08 | C30: BONOMO | D30: San Martin y Pte.Peron | E30: Domo | F30: Fibra Optica | G30: 172.20.11.21 | H30: =COUNTIF(K30:AN30,"") -> 30 | I30: =COUNTIF(K30:AL30,"APAGADO") -> 0 | J30: =(H30)/(I30+H30) -> 1
A31: CENTRO | B31: CEN09 | C31: BONOMO | D31: Chacabuco y 25 de Mayo | E31: Domo | F31: Fibra Optica | G31: 172.20.11.22 | H31: =COUNTIF(K31:AN31,"") -> 30 | I31: =COUNTIF(K31:AL31,"APAGADO") -> 0 | J31: =(H31)/(I31+H31) -> 1
A32: CENTRO | B32: CEN10 | C32: BONOMO | D32: Monteagudo y Pte. Peron | E32: Domo | F32: Fibra Optica | G32: 172.20.11.23 | H32: =COUNTIF(K32:AN32,"") -> 29 | I32: =COUNTIF(K32:AL32,"APAGADO") -> 1 | J32: =(H32)/(I32+H32) -> 0.96666667 | M32: APAGADO
A33: CENTRO | B33: CEN11 | C33: BONOMO | D33: Monteagudo y Bocuzzi | E33: Domo | F33: Fibra Optica | G33: 172.20.10.24 | H33: =COUNTIF(K33:AN33,"") -> 30 | I33: =COUNTIF(K33:AL33,"APAGADO") -> 0 | J33: =(H33)/(I33+H33) -> 1
A34: CENTRO | B34: CEN 12 | C34: BONOMO | D34: Monteagudo y Mitre | E34: Domo | F34: Fibra Optica | G34: 172.20.10.23 | H34: =COUNTIF(K34:AN34,"") -> 11 | I34: =COUNTIF(K34:AL34,"APAGADO") -> 17 | J34: =(H34)/(I34+H34) -> 0.39285714 | N34: APAGADO | O34: APAGADO | W34: APAGADO | X34: APAGADO | Y34: APAGADO | Z34: APAGADO | AB34: APAGADO | AC34: APAGADO | AD34: APAGADO | AE34: APAGADO | AF34: APAGADO | AG34: APAGADO | AH34: APAGADO | AI34: APAGADO | AJ34: APAGADO | AK34: APAGADO | AL34: APAGADO | AM34: APAGADO | AN34: APAGADO | AO34: APAGADO
A35: CENTRO | B35: CEN 13 | C35: BONOMO | D35: 25 de Mayo y Maipu | E35: DOMO | F35: Fibra Optica | G35: 172.20.10.20 | H35: =COUNTIF(K35:AN35,"") -> 27 | I35: =COUNTIF(K35:AL35,"APAGADO") -> 3 | J35: =(H35)/(I35+H35) -> 0.9 | M35: APAGADO | Q35: APAGADO | AK35: APAGADO
A36: CENTRO | B36: CEN14 | C36: BONOMO | D36: Pte.Peron e/Pringles y Brown | E36: Domo | F36: Fibra Optica | G36: 172.20.10.21 | H36: =COUNTIF(K36:AN36,"") -> 30 | I36: =COUNTIF(K36:AL36,"APAGADO") -> 0 | J36: =(H36)/(I36+H36) -> 1
A37: CENTRO | B37: CEN15 | C37: BONOMO | D37: Alberdi y A.del Valle | E37: Domo | F37: Fibra Optica | G37: 172.20.10.35 | H37: =COUNTIF(K37:AN37,"") -> 4 | I37: =COUNTIF(K37:AL37,"APAGADO") -> 24 | J37: =(H37)/(I37+H37) -> 0.14285714 | K37: APAGADO | L37: APAGADO | M37: APAGADO | N37: APAGADO | O37: APAGADO | S37: APAGADO | T37: APAGADO | U37: APAGADO | V37: APAGADO | W37: APAGADO | X37: APAGADO | Y37: APAGADO | Z37: APAGADO | AB37: APAGADO | AC37: APAGADO | AD37: APAGADO | AE37: APAGADO | AF37: APAGADO | AG37: APAGADO | AH37: APAGADO | AI37: APAGADO | AJ37: APAGADO | AK37: APAGADO | AL37: APAGADO | AM37: APAGADO | AN37: APAGADO | AO37: APAGADO
A38: CENTRO | B38: CEN16 | C38: BONOMO | D38: San Martin y Pte. Peron | E38: Fija | F38: Fibra Optica | G38: 172.20.12.36 | H38: =COUNTIF(K38:AN38,"") -> 29 | I38: =COUNTIF(K38:AL38,"APAGADO") -> 1 | J38: =(H38)/(I38+H38) -> 0.96666667 | M38: APAGADO
A39: CENTRO | B39: CEN17 | C39: BONOMO | D39: San Martin y Mitre | E39: Domo | F39: PTO A FO | G39: 172.20.12.200 | H39: =COUNTIF(K39:AN39,"") -> 29 | I39: =COUNTIF(K39:AL39,"APAGADO") -> 1 | J39: =(H39)/(I39+H39) -> 0.96666667 | M39: APAGADO
A40: CENTRO | B40: CEN18 | C40: BONOMO | D40: Monteagudo e/Mitre y Sallares | E40: Fija | F40: Fibra Optica | G40: 172.20.10.26 | H40: =COUNTIF(K40:AN40,"") -> 4 | I40: =COUNTIF(K40:AL40,"APAGADO") -> 25 | J40: =(H40)/(I40+H40) -> 0.13793103 | K40: APAGADO | L40: APAGADO | M40: APAGADO | N40: APAGADO | O40: APAGADO | Q40: APAGADO | S40: APAGADO | T40: APAGADO | U40: APAGADO | V40: APAGADO | W40: APAGADO | X40: APAGADO | Y40: APAGADO | Z40: APAGADO | AB40: APAGADO | AC40: APAGADO | AD40: APAGADO | AE40: APAGADO | AF40: APAGADO | AG40: APAGADO | AH40: APAGADO | AI40: APAGADO | AJ40: APAGADO | AK40: APAGADO | AL40: APAGADO | AM40: APAGADO | AO40: APAGADO
A41: CENTRO | B41: CEN19 | C41: BONOMO | D41: Chacabuco y 25 de Mayo | E41: Fija | F41: Fibra Optica | G41: 172.20.10.27 | H41: =COUNTIF(K41:AN41,"") -> 30 | I41: =COUNTIF(K41:AL41,"APAGADO") -> 0 | J41: =(H41)/(I41+H41) -> 1
A42: LOMAS DE MONTEVERDE | B42: CEN20 | C42: BONOMO | D42: Pte. Illia y Las Heras | E42: Domo | F42: Fibra Optica | G42: 172.20.10.33 | H42: =COUNTIF(K42:AN42,"") -> 26 | I42: =COUNTIF(K42:AL42,"APAGADO") -> 4 | J42: =(H42)/(I42+H42) -> 0.86666667 | K42: APAGADO | L42: APAGADO | M42: APAGADO | N42: APAGADO
A43: CENTRO | B43: CEN21 | C43: BONOMO | D43: Misiones y Urquiza | E43: Fija | F43: Radio | G43: 172.20.200.132 | H43: =COUNTIF(K43:AN43,"") -> 29 | I43: =COUNTIF(K43:AL43,"APAGADO") -> 1 | J43: =(H43)/(I43+H43) -> 0.96666667 | M43: APAGADO
A44: CENTRO | B44: CEN22 | C44: BONOMO | D44: Las Heras y Chacabuco | E44: Domo | F44: Radio | G44: 172.20.200.125 | H44: =COUNTIF(K44:AN44,"") -> 30 | I44: =COUNTIF(K44:AL44,"APAGADO") -> 0 | J44: =(H44)/(I44+H44) -> 1
A45: CENTRO | B45: CEN23 | C45: BONOMO | D45: Sallares y Monteagudo | E45: Domo | F45: Fibra Optica | G45: 172.20.12.05 | H45: =COUNTIF(K45:AN45,"") -> 29 | I45: =COUNTIF(K45:AL45,"APAGADO") -> 1 | J45: =(H45)/(I45+H45) -> 0.96666667 | M45: APAGADO
A46: CENTRO | B46: CEN24 | C46: BONOMO | D46: Sallares y España | E46: Domo | F46: Fibra Optica | G46: 172.20.12.04 | H46: =COUNTIF(K46:AN46,"") -> 28 | I46: =COUNTIF(K46:AL46,"APAGADO") -> 2 | J46: =(H46)/(I46+H46) -> 0.93333333 | L46: APAGADO | N46: APAGADO
A47: CENTRO | B47: CEN25 | C47: BONOMO | D47: SAN MARTIN Y 9 DE JULIO | E47: Domo | F47: Fibra Optica | G47: 172.20.12.02 | H47: =COUNTIF(K47:AN47,"") -> 28 | I47: =COUNTIF(K47:AL47,"APAGADO") -> 2 | J47: =(H47)/(I47+H47) -> 0.93333333 | M47: APAGADO | N47: APAGADO
A48: CENTRO | B48: CEN26 | C48: BONOMO | D48: Mitre y España | E48: Domo | F48: Fibra Optica | G48: 172.20.12.06 | H48: =COUNTIF(K48:AN48,"") -> 3 | I48: =COUNTIF(K48:AL48,"APAGADO") -> 25 | J48: =(H48)/(I48+H48) -> 0.10714286 | K48: APAGADO | L48: APAGADO | M48: APAGADO | N48: APAGADO | O48: APAGADO | Q48: APAGADO | S48: APAGADO | T48: APAGADO | U48: APAGADO | V48: APAGADO | W48: APAGADO | X48: APAGADO | Y48: APAGADO | Z48: APAGADO | AB48: APAGADO | AC48: APAGADO | AD48: APAGADO | AE48: APAGADO | AF48: APAGADO | AG48: APAGADO | AH48: APAGADO | AI48: APAGADO | AJ48: APAGADO | AK48: APAGADO | AL48: APAGADO | AM48: APAGADO | AN48: APAGADO | AO48: APAGADO
A49: CENTRO | B49: CEN27 | C49: BONOMO | D49: San Juan y España | E49: Domo | F49: Fibra Optica | G49: 172.20.12.37 | H49: =COUNTIF(K49:AN49,"") -> 17 | I49: =COUNTIF(K49:AL49,"APAGADO") -> 11 | J49: =(H49)/(I49+H49) -> 0.60714286 | AB49: APAGADO | AC49: APAGADO | AD49: APAGADO | AE49: APAGADO | AF49: APAGADO | AG49: APAGADO | AH49: APAGADO | AI49: APAGADO | AJ49: APAGADO | AK49: APAGADO | AL49: APAGADO | AM49: APAGADO | AN49: APAGADO | AO49: APAGADO
A50: CENTRO | B50: CEN28 | C50: BONOMO | D50: Mitre y Alberdi | E50: Domo | F50: Fibra Optica | G50: 172.20.12.38 | H50: =COUNTIF(K50:AN50,"") -> 29 | I50: =COUNTIF(K50:AL50,"APAGADO") -> 1 | J50: =(H50)/(I50+H50) -> 0.96666667 | M50: APAGADO
A51: CENTRO | B51: CEN29 | C51: BONOMO | D51: Alberdi y San Juan | E51: Domo | F51: Fibra Optica | G51: 172.20.12.40 | H51: =COUNTIF(K51:AN51,"") -> 16 | I51: =COUNTIF(K51:AL51,"APAGADO") -> 12 | J51: =(H51)/(I51+H51) -> 0.57142857 | M51: APAGADO | AB51: APAGADO | AC51: APAGADO | AD51: APAGADO | AE51: APAGADO | AF51: APAGADO | AG51: APAGADO | AH51: APAGADO | AI51: APAGADO | AJ51: APAGADO | AK51: APAGADO | AL51: APAGADO | AM51: APAGADO | AN51: APAGADO | AO51: APAGADO
A52: CENTRO | B52: CEN30 | C52: BONOMO | D52: Mitre y Pringles | E52: Domo | F52: Fibra Optica | G52: 172.20.12.39 | H52: =COUNTIF(K52:AN52,"") -> 29 | I52: =COUNTIF(K52:AL52,"APAGADO") -> 1 | J52: =(H52)/(I52+H52) -> 0.96666667 | M52: APAGADO
A53: CENTRO | B53: CEN31 | C53: BONOMO | D53: Mitre e/Monteagudo y Alberdi | E53: Domo | F53: Fibra Optica | G53: 172.20.12.41 | H53: =COUNTIF(K53:AN53,"") -> 29 | I53: =COUNTIF(K53:AL53,"APAGADO") -> 1 | J53: =(H53)/(I53+H53) -> 0.96666667 | M53: APAGADO
A54: CENTRO | B54: CEN32 | C54: BONOMO | D54: Aristobulo del Valle y España | E54: Domo | F54: Fibra Optica | G54: 172.20.12.42 | H54: =COUNTIF(K54:AN54,"") -> 16 | I54: =COUNTIF(K54:AL54,"APAGADO") -> 12 | J54: =(H54)/(I54+H54) -> 0.57142857 | M54: APAGADO | AB54: APAGADO | AC54: APAGADO | AD54: APAGADO | AE54: APAGADO | AF54: APAGADO | AG54: APAGADO | AH54: APAGADO | AI54: APAGADO | AJ54: APAGADO | AK54: APAGADO | AL54: APAGADO | AM54: APAGADO | AN54: APAGADO | AO54: APAGADO
A55: CENTRO | B55: CEN33 | C55: BONOMO | D55: Peron y Alberdi | E55: Domo | F55: Fibra Optica | G55: 172.20.12.47 | H55: =COUNTIF(K55:AN55,"") -> 29 | I55: =COUNTIF(K55:AL55,"APAGADO") -> 1 | J55: =(H55)/(I55+H55) -> 0.96666667 | M55: APAGADO
A56: CENTRO | B56: CEN34 | C56: BONOMO | D56: Peron y España | E56: Domo | F56: Fibra Optica | G56: 172.20.12.49 | H56: =COUNTIF(K56:AN56,"") -> 5 | I56: =COUNTIF(K56:AL56,"APAGADO") -> 23 | J56: =(H56)/(I56+H56) -> 0.17857143 | M56: APAGADO | N56: APAGADO | O56: APAGADO | Q56: APAGADO | S56: APAGADO | T56: APAGADO | U56: APAGADO | V56: APAGADO | W56: APAGADO | X56: APAGADO | Y56: APAGADO | Z56: APAGADO | AB56: APAGADO | AC56: APAGADO | AD56: APAGADO | AE56: APAGADO | AF56: APAGADO | AG56: APAGADO | AH56: APAGADO | AI56: APAGADO | AJ56: APAGADO | AK56: APAGADO | AL56: APAGADO | AM56: APAGADO | AN56: APAGADO | AO56: APAGADO
A57: CENTRO | B57: CEN35 | C57: BONOMO | D57: España y Marmol | E57: Domo | F57: Fibra Optica | G57: 172.20.12.50 | H57: =COUNTIF(K57:AN57,"") -> 25 | I57: =COUNTIF(K57:AL57,"APAGADO") -> 3 | J57: =(H57)/(I57+H57) -> 0.89285714 | M57: APAGADO | AK57: APAGADO | AL57: APAGADO | AM57: APAGADO | AN57: APAGADO
A58: CENTRO | B58: CEN36 | C58: BONOMO | D58: España y 9 de Julio | E58: Domo | F58: Fibra Optica | G58: 172.20.12.51 | H58: =COUNTIF(K58:AN58,"") -> 30 | I58: =COUNTIF(K58:AL58,"APAGADO") -> 0 | J58: =(H58)/(I58+H58) -> 1
A59: CENTRO | B59: CEN 37 | C59: BONOMO | D59: Diagonal Granaderos y Monteagudo | E59: Domo | F59: Fibra Optica | G59: 172.20.12.52 | H59: =COUNTIF(K59:AN59,"") -> 29 | I59: =COUNTIF(K59:AL59,"APAGADO") -> 1 | J59: =(H59)/(I59+H59) -> 0.96666667 | M59: APAGADO
A60: CENTRO | B60: CEN38 | C60: BONOMO | D60: Diagonal Constituyentes y Almafuerte | E60: Domo | F60: Fibra Optica | G60: 172.20.12.53 | H60: =COUNTIF(K60:AN60,"") -> 30 | I60: =COUNTIF(K60:AL60,"APAGADO") -> 0 | J60: =(H60)/(I60+H60) -> 1
A61: CENTRO | B61: CEN39 | C61: BONOMO | D61: San Martin y Alem | E61: Domo | F61: Fibra Optica | G61: 172.20.12.56 | H61: =COUNTIF(K61:AN61,"") -> 29 | I61: =COUNTIF(K61:AL61,"APAGADO") -> 1 | J61: =(H61)/(I61+H61) -> 0.96666667 | M61: APAGADO
A62: CENTRO | B62: CEN40 | C62: BONOMO | D62: Contreras y Monteagudo | E62: Domo | F62: Fibra Optica | G62: 172.20.12.57 | H62: =COUNTIF(K62:AN62,"") -> 30 | I62: =COUNTIF(K62:AL62,"APAGADO") -> 0 | J62: =(H62)/(I62+H62) -> 1
A63: CENTRO | B63: CEN41 | C63: BONOMO | D63: Contreras y Alberdi | E63: Domo | F63: Fibra Optica | G63: 172.20.12.58 | H63: =COUNTIF(K63:AN63,"") -> 30 | I63: =COUNTIF(K63:AL63,"APAGADO") -> 0 | J63: =(H63)/(I63+H63) -> 1
A64: CENTRO | B64: CEN42 | C64: BONOMO | D64: Diagonal Constituyentes y Alem | E64: Domo | F64: Fibra Optica | G64: 172.20.12.59 | H64: =COUNTIF(K64:AN64,"") -> 30 | I64: =COUNTIF(K64:AL64,"APAGADO") -> 0 | J64: =(H64)/(I64+H64) -> 1
A65: CENTRO | B65: CEN43 | C65: BONOMO | D65: Sallares y Alberdi | E65: Domo | F65: Fibra Optica | G65: 172.20.12.61 | H65: =COUNTIF(K65:AN65,"") -> 30 | I65: =COUNTIF(K65:AL65,"APAGADO") -> 0 | J65: =(H65)/(I65+H65) -> 1
A66: CENTRO | B66: CEN44 | C66: BONOMO | D66: Mitre y Brown | E66: Domo | F66: Fibra Optica | G66: 172.20.12.62 | H66: =COUNTIF(K66:AN66,"") -> 28 | I66: =COUNTIF(K66:AL66,"APAGADO") -> 2 | J66: =(H66)/(I66+H66) -> 0.93333333 | S66: APAGADO | Z66: APAGADO | AO66: APAGADO
A67: CENTRO | B67: CEN45 (fija 1) | C67: BONOMO | D67: EEUU Y MORENO | E67: Fija | F67: Fibra Optica | G67: 172.20.11.74 | H67: =COUNTIF(K67:AN67,"") -> 30 | I67: =COUNTIF(K67:AL67,"APAGADO") -> 0 | J67: =(H67)/(I67+H67) -> 1
A68: CENTRO | B68: CEN46 (fija 2) | C68: BONOMO | D68: EEUU Y MORENO | E68: Fija | F68: Fibra Optica | G68: 172.20.11.75 | H68: =COUNTIF(K68:AN68,"") -> 30 | I68: =COUNTIF(K68:AL68,"APAGADO") -> 0 | J68: =(H68)/(I68+H68) -> 1
A69: CENTRO | B69: CEN47 | C69: BONOMO | D69: Sallares y Brown | E69: Domo | F69: Fibra Optica | G69: 172.20.12.65 | H69: =COUNTIF(K69:AN69,"") -> 3 | I69: =COUNTIF(K69:AL69,"APAGADO") -> 25 | J69: =(H69)/(I69+H69) -> 0.10714286 | K69: APAGADO | L69: APAGADO | M69: APAGADO | N69: APAGADO | O69: APAGADO | Q69: APAGADO | S69: APAGADO | T69: APAGADO | U69: APAGADO | V69: APAGADO | W69: APAGADO | X69: APAGADO | Y69: APAGADO | Z69: APAGADO | AB69: APAGADO | AC69: APAGADO | AD69: APAGADO | AE69: APAGADO | AF69: APAGADO | AG69: APAGADO | AH69: APAGADO | AI69: APAGADO | AJ69: APAGADO | AK69: APAGADO | AL69: APAGADO | AM69: APAGADO | AN69: APAGADO | AO69: APAGADO
A70: CENTRO | B70: CEN48 | C70: BONOMO | D70: Velez Sarsfield y Las Heras | E70: Domo | F70: Radio | G70: 172.20.200.181 | H70: =COUNTIF(K70:AN70,"") -> 30 | I70: =COUNTIF(K70:AL70,"APAGADO") -> 0 | J70: =(H70)/(I70+H70) -> 1
A71: CENTRO | B71: CEN49 | C71: BONOMO | D71: Av. San Martin y Florencio Sanchez | E71: Domo | F71: Radio | G71: 172.20.200.182 | H71: =COUNTIF(K71:AN71,"") -> 29 | I71: =COUNTIF(K71:AL71,"APAGADO") -> 1 | J71: =(H71)/(I71+H71) -> 0.96666667 | M71: APAGADO
A72: CENTRO | B72: CEN 50 | C72: BONOMO | D72: Av. San Martin y Newbery | E72: Domo | F72: Radio | G72: 172.20.200.184 | H72: =COUNTIF(K72:AN72,"") -> 24 | I72: =COUNTIF(K72:AL72,"APAGADO") -> 6 | J72: =(H72)/(I72+H72) -> 0.8 | K72: APAGADO | M72: APAGADO | AG72: APAGADO | AH72: APAGADO | AI72: APAGADO | AJ72: APAGADO
A73: CENTRO | B73: CEN 51 | C73: BONOMO | D73: ILLIA Y LAS HERAS | E73: FIJA | F73: Fibra Optica | G73: 172.20.11.29 | H73: =COUNTIF(K73:AN73,"") -> 30 | I73: =COUNTIF(K73:AL73,"APAGADO") -> 0 | J73: =(H73)/(I73+H73) -> 1
A74: CENTRO | B74: CEN52 | C74: BONOMO | D74: San Martin y Almafuerte (ex San Martin y Dorrego) | E74: DOMO | F74: Radio | G74: 172.20.200.191 | H74: =COUNTIF(K74:AN74,"") -> 30 | I74: =COUNTIF(K74:AL74,"APAGADO") -> 0 | J74: =(H74)/(I74+H74) -> 1
A75: CENTRO | B75: CEN 53 | C75: BONOMO | D75: GUTIERREZ Y BROWN | E75: Domo | F75: Radio | G75: 172.20.200.166 | H75: =COUNTIF(K75:AN75,"") -> 28 | I75: =COUNTIF(K75:AL75,"APAGADO") -> 2 | J75: =(H75)/(I75+H75) -> 0.93333333 | N75: APAGADO | W75: APAGADO | AO75: APAGADO
A76: CENTRO | B76: CEN 54 | C76: BONOMO | D76: GUTIERREZ Y PRINGLES | E76: Domo | F76: Radio | G76: 172.20.200.165 | H76: =COUNTIF(K76:AN76,"") -> 29 | I76: =COUNTIF(K76:AL76,"APAGADO") -> 1 | J76: =(H76)/(I76+H76) -> 0.96666667 | W76: APAGADO
A77: CENTRO | B77: CEN 55 | C77: BONOMO | D77: BOUREL Y URQUIZA | E77: Domo | F77: Radio | G77: 172.20.200.163 | H77: =COUNTIF(K77:AN77,"") -> 26 | I77: =COUNTIF(K77:AL77,"APAGADO") -> 4 | J77: =(H77)/(I77+H77) -> 0.86666667 | K77: APAGADO | V77: APAGADO | W77: APAGADO | AD77: APAGADO
A78: CENTRO | B78: CEN 56 | C78: BONOMO | D78: Newbery y Falucho | E78: DOMO | F78: Radio | G78: 172.20.200.161 | H78: =COUNTIF(K78:AN78,"") -> 30 | I78: =COUNTIF(K78:AL78,"APAGADO") -> 0 | J78: =(H78)/(I78+H78) -> 1
A79: CENTRO | B79: CEN 57 | C79: BONOMO | D79: 25 DE MAYO Y DORREGO | E79: DOMO | F79: Radio | G79: 172.20.200.199 | H79: =COUNTIF(K79:AN79,"") -> 30 | I79: =COUNTIF(K79:AL79,"APAGADO") -> 0 | J79: =(H79)/(I79+H79) -> 1
A80: CENTRO | B80: CEN 58 | C80: BONOMO | D80: EEUU Y MORENO | E80: DOMO | F80: FIBRA OPTICA | G80: 172.20.11.84 | H80: =COUNTIF(K80:AN80,"") -> 30 | I80: =COUNTIF(K80:AL80,"APAGADO") -> 0 | J80: =(H80)/(I80+H80) -> 1
A81: CENTRO | B81: CEN59 | C81: BONOMO | D81: CHACABUCO Y BOUREL | E81: DOMO | F81: Radio | G81: 172.20.200.188 | H81: =COUNTIF(K81:AN81,"") -> 30 | I81: =COUNTIF(K81:AL81,"APAGADO") -> 0 | J81: =(H81)/(I81+H81) -> 1
A82: CENTRO | B82: CEN 60 | C82: BONOMO | D82: RECONQUISTA Y ILLIA | E82: DOMO | F82: PTO A FO | G82: 172.20.12.67 | H82: =COUNTIF(K82:AN82,"") -> 29 | I82: =COUNTIF(K82:AL82,"APAGADO") -> 1 | J82: =(H82)/(I82+H82) -> 0.96666667 | AK82: APAGADO
A83: CENTRO | B83: CEN 61 | C83: BONOMO | D83: BOUREL Y MAIPU | E83: DOMO | F83: Radio | G83: 172.20.200.159 | H83: =COUNTIF(K83:AN83,"") -> 29 | I83: =COUNTIF(K83:AL83,"APAGADO") -> 1 | J83: =(H83)/(I83+H83) -> 0.96666667 | M83: APAGADO
A84: CENTRO | B84: CEN62 | C84: BONOMO | D84: ESPAÑA Y ALEM | E84: DOMO | F84: PTO A FO | G84: 172.20.12.82 | H84: =COUNTIF(K84:AN84,"") -> 30 | I84: =COUNTIF(K84:AL84,"APAGADO") -> 0 | J84: =(H84)/(I84+H84) -> 1
A85: CENTRO | B85: CEN63 | C85: BONOMO | D85: SAN MARTIN Y URQUIZA | E85: DOMO | F85: Fibra Optica | G85: 172.20.11.112 | H85: =COUNTIF(K85:AN85,"") -> 30 | I85: =COUNTIF(K85:AL85,"APAGADO") -> 0 | J85: =(H85)/(I85+H85) -> 1
A86: CENTRO | B86: CEN64 | C86: BONOMO | D86: SAN MARTIN Y BOCCUZZI | E86: FIJA | F86: Fibra Optica | G86: 172.20.11.134 | H86: =COUNTIF(K86:AN86,"") -> 30 | I86: =COUNTIF(K86:AL86,"APAGADO") -> 0 | J86: =(H86)/(I86+H86) -> 1
A87: CENTRO | B87: CEN 65 | C87: BONOMO | D87: SAN MARTIN Y JUAN PERON | E87: FIJA | F87: Fibra Optica | G87: 172.20.11.135 | H87: =COUNTIF(K87:AN87,"") -> 23 | I87: =COUNTIF(K87:AL87,"APAGADO") -> 7 | J87: =(H87)/(I87+H87) -> 0.76666667 | K87: APAGADO | M87: APAGADO | S87: APAGADO | T87: APAGADO | AF87: APAGADO | AG87: APAGADO | AL87: APAGADO | AO87: APAGADO
A88: CENTRO | B88: CEN66 | C88: BONOMO | D88: SAN MARTIN Y JUAN PERON | E88: FIJA | F88: Fibra Optica | G88: 172.20.11.136 | H88: =COUNTIF(K88:AN88,"") -> 23 | I88: =COUNTIF(K88:AL88,"APAGADO") -> 7 | J88: =(H88)/(I88+H88) -> 0.76666667 | K88: APAGADO | M88: APAGADO | S88: APAGADO | T88: APAGADO | AF88: APAGADO | AG88: APAGADO | AL88: APAGADO | AO88: APAGADO
A89: CENTRO | B89: CEN67 (fija 1) | C89: BONOMO | D89: 9 DE JULIO Y BROWN | E89: Fija | F89: Fibra Optica | G89: 172.20.11.188 | H89: =COUNTIF(K89:AN89,"") -> 30 | I89: =COUNTIF(K89:AL89,"APAGADO") -> 0 | J89: =(H89)/(I89+H89) -> 1
A90: CENTRO | B90: CEN68 (fija 2) | C90: BONOMO | D90: 9 DE JULIO Y BROWN | E90: Fija | F90: Fibra Optica | G90: 172.20.11.189 | H90: =COUNTIF(K90:AN90,"") -> 30 | I90: =COUNTIF(K90:AL90,"APAGADO") -> 0 | J90: =(H90)/(I90+H90) -> 1
A91: CENTRO | B91: CEN69 | C91: BONOMO | D91: RIVADAVIA Y BOUREL | E91: DOMO | F91: Fibra Optica | G91: 172.20.11.222 | H91: =COUNTIF(K91:AN91,"") -> 30 | I91: =COUNTIF(K91:AL91,"APAGADO") -> 0 | J91: =(H91)/(I91+H91) -> 1
A92: CENTRO | B92: CEN 70 | C92: BONOMO | D92: RIVADAVIA Y 25 MAYO | E92: Domo | F92: Fibra Optica | G92: 172.20.11.221 | H92: =COUNTIF(K92:AN92,"") -> 30 | I92: =COUNTIF(K92:AL92,"APAGADO") -> 0 | J92: =(H92)/(I92+H92) -> 1
A93: CENTRO | B93: CEN 71 | C93: BONOMO | D93: MORENO Y BOUREL | E93: Domo | F93: Fibra Optica | G93: 172.20.11.220 | H93: =COUNTIF(K93:AN93,"") -> 30 | I93: =COUNTIF(K93:AL93,"APAGADO") -> 0 | J93: =(H93)/(I93+H93) -> 1
A94: CENTRO | B94: CEN 72 | C94: BONOMO | D94: MORENO Y 25 DE MAYO | E94: Domo | F94: Fibra Optica | G94: 172.20.11.219 | H94: =COUNTIF(K94:AN94,"") -> 4 | I94: =COUNTIF(K94:AL94,"APAGADO") -> 25 | J94: =(H94)/(I94+H94) -> 0.13793103 | K94: APAGADO | L94: APAGADO | M94: APAGADO | N94: APAGADO | O94: APAGADO | Q94: APAGADO | S94: APAGADO | T94: APAGADO | U94: APAGADO | V94: APAGADO | W94: APAGADO | X94: APAGADO | Y94: APAGADO | Z94: APAGADO | AB94: APAGADO | AC94: APAGADO | AD94: APAGADO | AE94: APAGADO | AF94: APAGADO | AG94: APAGADO | AH94: APAGADO | AI94: APAGADO | AJ94: APAGADO | AK94: APAGADO | AL94: APAGADO | AN94: APAGADO | AO94: APAGADO
A95: CENTRO | B95: CEN73 | C95: BONOMO | D95: BOUREL Y DEFENSA | E95: DOMO | F95: Fibra Optica | G95: 172.20.11.223 | H95: =COUNTIF(K95:AN95,"") -> 29 | I95: =COUNTIF(K95:AL95,"APAGADO") -> 1 | J95: =(H95)/(I95+H95) -> 0.96666667 | M95: APAGADO
A96: CENTRO | B96: CEN74 | C96: BONOMO | D96: Las Heras y Maipu | E96: Domo | F96: FIBRA OPTICA | G96: 172.20.11.53 | H96: =COUNTIF(K96:AN96,"") -> 30 | I96: =COUNTIF(K96:AL96,"APAGADO") -> 0 | J96: =(H96)/(I96+H96) -> 1
A97: CENTRO | B97: CEN 75 | C97: BONOMO | D97: 25 DE MAYO Y CASTELLI | E97: Domo | F97: Fibra Optica | H97: =COUNTIF(K97:AN97,"") -> 30 | I97: =COUNTIF(K97:AL97,"APAGADO") -> 0 | J97: =(H97)/(I97+H97) -> 1
A98: CENTRO | B98: CEN 76 | C98: BONOMO | D98: ESPAÑA E/MITRE Y BOCUZZI | E98: Fija | F98: Fibra Optica | H98: =COUNTIF(K98:AN98,"") -> 17 | I98: =COUNTIF(K98:AL98,"APAGADO") -> 12 | J98: =(H98)/(I98+H98) -> 0.5862069 | M98: APAGADO | AB98: APAGADO | AC98: APAGADO | AD98: APAGADO | AE98: APAGADO | AF98: APAGADO | AG98: APAGADO | AH98: APAGADO | AI98: APAGADO | AJ98: APAGADO | AK98: APAGADO | AL98: APAGADO | AN98: APAGADO | AO98: APAGADO
A99: CENTRO | B99: CEN 77 | C99: BONOMO | D99: Monteagudo e/ Mitre y Boccuzzi | E99: Fija | F99: Fibra Optica | G99: 172.20.11.241 | H99: =COUNTIF(K99:AN99,"") -> 29 | I99: =COUNTIF(K99:AL99,"APAGADO") -> 1 | J99: =(H99)/(I99+H99) -> 0.96666667 | M99: APAGADO
A100: CENTRO | B100: CEN 78 | C100: BONOMO | D100: Mitre e/Monteagudo y Alberdi | E100: Fija | F100: Fibra Optica | G100: 172.20.11.240 | H100: =COUNTIF(K100:AN100,"") -> 30 | I100: =COUNTIF(K100:AL100,"APAGADO") -> 0 | J100: =(H100)/(I100+H100) -> 1
...

Sheet ESTADISTICA
A1: ='RESUMEN TOTAL'!A4 -> Barrio | B1: ='RESUMEN TOTAL'!B4 -> [Denominacion] | C1: ='RESUMEN TOTAL'!D4 -> [Ubicacion] | D1: ='RESUMEN TOTAL'!E4 -> [Tipo de Camara] | E1: ='RESUMEN TOTAL'!F4 -> [Tipo de Conexion] | F1: ='RESUMEN TOTAL'!K4 -> 44835 | G1: ='RESUMEN TOTAL'!L4 -> 44836 | H1: ='RESUMEN TOTAL'!M4 -> 44837 | I1: ='RESUMEN TOTAL'!N4 -> 44838 | J1: ='RESUMEN TOTAL'!O4 -> 44839 | K1: ='RESUMEN TOTAL'!P4 -> 44840 | L1: ='RESUMEN TOTAL'!Q4 -> 44841 | M1: ='RESUMEN TOTAL'!R4 -> 44842 | ... AI1: ='RESUMEN TOTAL'!AN4 -> 44864
A2: ='RESUMEN TOTAL'!A5 -> ALTAMIRA | B2: ='RESUMEN TOTAL'!B5 -> ALT01 | C2: ='RESUMEN TOTAL'!D5 -> Calchaqui y Sgto. Cabral | D2: ='RESUMEN TOTAL'!E5 -> Domo | E2: ='RESUMEN TOTAL'!F5 -> Fibra Optica | F2: ='RESUMEN TOTAL'!K5 -> 0 | G2: ='RESUMEN TOTAL'!L5 -> 0 | H2: ='RESUMEN TOTAL'!M5 -> APAGADO | I2: ='RESUMEN TOTAL'!N5 -> 0 | J2: ='RESUMEN TOTAL'!O5 -> 0 | K2: ='RESUMEN TOTAL'!P5 -> 0 | L2: ='RESUMEN TOTAL'!Q5 -> 0 | M2: ='RESUMEN TOTAL'!R5 -> 0 | ... AI2: ='RESUMEN TOTAL'!AN5 -> 0
A3: ='RESUMEN TOTAL'!A6 -> ALTAMIRA | B3: ='RESUMEN TOTAL'!B6 -> ALT02 | C3: ='RESUMEN TOTAL'!D6 -> Calchaqui y Lope de Vega | D3: ='RESUMEN TOTAL'!E6 -> Domo | E3: ='RESUMEN TOTAL'!F6 -> PTO A FO | F3: ='RESUMEN TOTAL'!K6 -> 0 | G3: ='RESUMEN TOTAL'!L6 -> 0 | H3: ='RESUMEN TOTAL'!M6 -> APAGADO | I3: ='RESUMEN TOTAL'!N6 -> 0 | J3: ='RESUMEN TOTAL'!O6 -> 0 | K3: ='RESUMEN TOTAL'!P6 -> 0 | L3: ='RESUMEN TOTAL'!Q6 -> 0 | M3: ='RESUMEN TOTAL'!R6 -> 0 | ... AI3: ='RESUMEN TOTAL'!AN6 -> 0
A4: ='RESUMEN TOTAL'!A7 -> ALTAMIRA | B4: ='RESUMEN TOTAL'!B7 -> ALT 03 | C4: ='RESUMEN TOTAL'!D7 -> Bombero Galarza y Necochea | D4: ='RESUMEN TOTAL'!E7 -> Domo | E4: ='RESUMEN TOTAL'!F7 -> FIBRA OPTICA | F4: ='RESUMEN TOTAL'!K7 -> 0 | G4: ='RESUMEN TOTAL'!L7 -> 0 | H4: ='RESUMEN TOTAL'!M7 -> 0 | I4: ='RESUMEN TOTAL'!N7 -> 0 | J4: ='RESUMEN TOTAL'!O7 -> 0 | K4: ='RESUMEN TOTAL'!P7 -> 0 | L4: ='RESUMEN TOTAL'!Q7 -> 0 | M4: ='RESUMEN TOTAL'!R7 -> 0 | ... AI4: ='RESUMEN TOTAL'!AN7 -> 0
A5: ='RESUMEN TOTAL'!A8 -> ALTAMIRA | B5: ='RESUMEN TOTAL'!B8 -> ALT 04 | C5: ='RESUMEN TOTAL'!D8 -> Francia y Necochea | D5: ='RESUMEN TOTAL'!E8 -> Domo | E5: ='RESUMEN TOTAL'!F8 -> FIBRA OPTICA | F5: ='RESUMEN TOTAL'!K8 -> APAGADO | G5: ='RESUMEN TOTAL'!L8 -> APAGADO | H5: ='RESUMEN TOTAL'!M8 -> APAGADO | I5: ='RESUMEN TOTAL'!N8 -> APAGADO | J5: ='RESUMEN TOTAL'!O8 -> APAGADO | K5: ='RESUMEN TOTAL'!P8 -> 0 | L5: ='RESUMEN TOTAL'!Q8 -> 0 | M5: ='RESUMEN TOTAL'!R8 -> 0 | ... AI5: ='RESUMEN TOTAL'!AN8 -> 0
A6: ='RESUMEN TOTAL'!A9 -> ALTAMIRA | B6: ='RESUMEN TOTAL'!B9 -> ALT05 | C6: ='RESUMEN TOTAL'!D9 -> Av. Calchaqui y Bombero Galarza | D6: ='RESUMEN TOTAL'!E9 -> Domo | E6: ='RESUMEN TOTAL'!F9 -> PTO A FO | F6: ='RESUMEN TOTAL'!K9 -> APAGADO | G6: ='RESUMEN TOTAL'!L9 -> APAGADO | H6: ='RESUMEN TOTAL'!M9 -> APAGADO | I6: ='RESUMEN TOTAL'!N9 -> APAGADO | J6: ='RESUMEN TOTAL'!O9 -> APAGADO | K6: ='RESUMEN TOTAL'!P9 -> 0 | L6: ='RESUMEN TOTAL'!Q9 -> APAGADO | M6: ='RESUMEN TOTAL'!R9 -> 0 | ... AI6: ='RESUMEN TOTAL'!AN9 -> 0
A7: ='RESUMEN TOTAL'!A10 -> ALTAMIRA | B7: ='RESUMEN TOTAL'!B10 -> ALT 06 | C7: ='RESUMEN TOTAL'!D10 -> LOPE DE VEGA Y NECOCHEA | D7: ='RESUMEN TOTAL'!E10 -> Domo | E7: ='RESUMEN TOTAL'!F10 -> PTO A FO | F7: ='RESUMEN TOTAL'!K10 -> 0 | G7: ='RESUMEN TOTAL'!L10 -> 0 | H7: ='RESUMEN TOTAL'!M10 -> APAGADO | I7: ='RESUMEN TOTAL'!N10 -> APAGADO | J7: ='RESUMEN TOTAL'!O10 -> 0 | K7: ='RESUMEN TOTAL'!P10 -> 0 | L7: ='RESUMEN TOTAL'!Q10 -> 0 | M7: ='RESUMEN TOTAL'!R10 -> 0 | ... AI7: ='RESUMEN TOTAL'!AN10 -> 0
A8: ='RESUMEN TOTAL'!A11 -> ALTAMIRA | B8: ='RESUMEN TOTAL'!B11 -> ALT07 | C8: ='RESUMEN TOTAL'!D11 -> AV. CALCHAQUI Y AV. DEL TRABAJO | D8: ='RESUMEN TOTAL'!E11 -> DOMO | E8: ='RESUMEN TOTAL'!F11 -> PTO A FO | F8: ='RESUMEN TOTAL'!K11 -> 0 | G8: ='RESUMEN TOTAL'!L11 -> 0 | H8: ='RESUMEN TOTAL'!M11 -> 0 | I8: ='RESUMEN TOTAL'!N11 -> 0 | J8: ='RESUMEN TOTAL'!O11 -> 0 | K8: ='RESUMEN TOTAL'!P11 -> 0 | L8: ='RESUMEN TOTAL'!Q11 -> 0 | M8: ='RESUMEN TOTAL'!R11 -> 0 | ... AI8: ='RESUMEN TOTAL'!AN11 -> 0
A9: ='RESUMEN TOTAL'!A12 -> ALTAMIRA | B9: ='RESUMEN TOTAL'!B12 -> ALT 08 | C9: ='RESUMEN TOTAL'!D12 -> HUMAITA Y NECOCHEA | D9: ='RESUMEN TOTAL'!E12 -> DOMO | E9: ='RESUMEN TOTAL'!F12 -> Fibra Optica | F9: ='RESUMEN TOTAL'!K12 -> 0 | G9: ='RESUMEN TOTAL'!L12 -> 0 | H9: ='RESUMEN TOTAL'!M12 -> 0 | I9: ='RESUMEN TOTAL'!N12 -> 0 | J9: ='RESUMEN TOTAL'!O12 -> 0 | K9: ='RESUMEN TOTAL'!P12 -> 0 | L9: ='RESUMEN TOTAL'!Q12 -> 0 | M9: ='RESUMEN TOTAL'!R12 -> 0 | ... AI9: ='RESUMEN TOTAL'!AN12 -> 0
A10: ='RESUMEN TOTAL'!A13 -> ALTAMIRA | B10: ='RESUMEN TOTAL'!B13 -> ALT 09 | C10: ='RESUMEN TOTAL'!D13 -> NECOCHEA Y CURUPAITY | D10: ='RESUMEN TOTAL'!E13 -> DOMO | E10: ='RESUMEN TOTAL'!F13 -> Fibra Optica | F10: ='RESUMEN TOTAL'!K13 -> 0 | G10: ='RESUMEN TOTAL'!L13 -> 0 | H10: ='RESUMEN TOTAL'!M13 -> 0 | I10: ='RESUMEN TOTAL'!N13 -> 0 | J10: ='RESUMEN TOTAL'!O13 -> 0 | K10: ='RESUMEN TOTAL'!P13 -> 0 | L10: ='RESUMEN TOTAL'!Q13 -> 0 | M10: ='RESUMEN TOTAL'!R13 -> 0 | ... AI10: ='RESUMEN TOTAL'!AN13 -> 0
A11: ='RESUMEN TOTAL'!A14 -> ALTAMIRA | B11: ='RESUMEN TOTAL'!B14 -> ALT 10 | C11: ='RESUMEN TOTAL'!D14 -> Calchaqui y Francia | D11: ='RESUMEN TOTAL'!E14 -> Domo | E11: ='RESUMEN TOTAL'!F14 -> Radio | F11: ='RESUMEN TOTAL'!K14 -> APAGADO | G11: ='RESUMEN TOTAL'!L14 -> APAGADO | H11: ='RESUMEN TOTAL'!M14 -> APAGADO | I11: ='RESUMEN TOTAL'!N14 -> APAGADO | J11: ='RESUMEN TOTAL'!O14 -> APAGADO | K11: ='RESUMEN TOTAL'!P14 -> 0 | L11: ='RESUMEN TOTAL'!Q14 -> APAGADO | M11: ='RESUMEN TOTAL'!R14 -> 0 | ... AI11: ='RESUMEN TOTAL'!AN14 -> 0
A12: ='RESUMEN TOTAL'!A15 -> AGUSTIN RAMIREZ | B12: ='RESUMEN TOTAL'!B15 -> ARA 01 | C12: ='RESUMEN TOTAL'!D15 -> Malambo y Tranquera | D12: ='RESUMEN TOTAL'!E15 -> Domo | E12: ='RESUMEN TOTAL'!F15 -> FIBRA OPTICA | F12: ='RESUMEN TOTAL'!K15 -> 0 | G12: ='RESUMEN TOTAL'!L15 -> 0 | H12: ='RESUMEN TOTAL'!M15 -> APAGADO | I12: ='RESUMEN TOTAL'!N15 -> 0 | J12: ='RESUMEN TOTAL'!O15 -> 0 | K12: ='RESUMEN TOTAL'!P15 -> 0 | L12: ='RESUMEN TOTAL'!Q15 -> 0 | M12: ='RESUMEN TOTAL'!R15 -> 0 | ... AI12: ='RESUMEN TOTAL'!AN15 -> 0
... A19: ='RESUMEN TOTAL'!A22 -> BOSQUES CENTRO | B19: ='RESUMEN TOTAL'!B22 -> BOSQC 06 | C19: ='RESUMEN TOTAL'!D22 -> LUIS AGOTE Y RUTA 36 | D19: ='RESUMEN TOTAL'!E22 -> Fija | E19: ='RESUMEN TOTAL'!F22 -> Radio | F19: ='RESUMEN TOTAL'!K22 -> 0 | G19: ='RESUMEN TOTAL'!L22 -> 0 | H19: ='RESUMEN TOTAL'!M22 -> 0 | I19: ='RESUMEN TOTAL'!N22 -> 0 | J19: ='RESUMEN TOTAL'!O22 -> 0 | K19: ='RESUMEN TOTAL'!P22 -> 0 | L19: ='RESUMEN TOTAL'!Q22 -> 0 | M19: ='RESUMEN TOTAL'!R22 -> 0 | ... AI19: ='RESUMEN TOTAL'!AN22 -> 0
A20: ='RESUMEN TOTAL'!A263 -> RICARDO ROJAS | B20: ='RESUMEN TOTAL'!B263 -> RRJ 12 | C20: ='RESUMEN TOTAL'!D263 -> FADER Y DIAGONAL LOS POETAS | D20: ='RESUMEN TOTAL'!E263 -> Fija | E20: ='RESUMEN TOTAL'!F263 -> Fibra Optica | F20: ='RESUMEN TOTAL'!K263 -> 0 | G20: ='RESUMEN TOTAL'!L263 -> 0 | H20: ='RESUMEN TOTAL'!M263 -> 0 | I20: ='RESUMEN TOTAL'!N263 -> 0 | J20: ='RESUMEN TOTAL'!O263 -> 0 | K20: ='RESUMEN TOTAL'!P263 -> 0 | L20: ='RESUMEN TOTAL'!Q263 -> 0 | M20: ='RESUMEN TOTAL'!R263 -> 0 | ... AI20: ='RESUMEN TOTAL'!AN263 -> 0
A21: ='RESUMEN TOTAL'!A23 -> CENTRO | B21: ='RESUMEN TOTAL'!B23 -> CEN01 | C21: ='RESUMEN TOTAL'!D23 -> San Martin y 9 de Julio | D21: ='RESUMEN TOTAL'!E23 -> Fija | E21: ='RESUMEN TOTAL'!F23 -> Fibra Optica | F21: ='RESUMEN TOTAL'!K23 -> 0 | G21: ='RESUMEN TOTAL'!L23 -> 0 | H21: ='RESUMEN TOTAL'!M23 -> APAGADO | I21: ='RESUMEN TOTAL'!N23 -> 0 | J21: ='RESUMEN TOTAL'!O23 -> 0 | K21: ='RESUMEN TOTAL'!P23 -> 0 | L21: ='RESUMEN TOTAL'!Q23 -> 0 | M21: ='RESUMEN TOTAL'!R23 -> 0 | ... AI21: ='RESUMEN TOTAL'!AN23 -> 0
A22: ='RESUMEN TOTAL'!A24 -> CENTRO | B22: ='RESUMEN TOTAL'!B24 -> CEN02 | C22: ='RESUMEN TOTAL'!D24 -> San Martin y Almafuerte | D22: ='RESUMEN TOTAL'!E24 -> Fija | E22: ='RESUMEN TOTAL'!F24 -> Fibra Optica | F22: ='RESUMEN TOTAL'!K24 -> 0 | G22: ='RESUMEN TOTAL'!L24 -> 0 | H22: ='RESUMEN TOTAL'!M24 -> APAGADO | I22: ='RESUMEN TOTAL'!N24 -> 0 | J22: ='RESUMEN TOTAL'!O24 -> 0 | K22: ='RESUMEN TOTAL'!P24 -> 0 | L22: ='RESUMEN TOTAL'!Q24 -> 0 | M22: ='RESUMEN TOTAL'!R24 -> 0 | ... AI22: ='RESUMEN TOTAL'!AN24 -> 0
A23: ='RESUMEN TOTAL'!A25 -> CENTRO | B23: ='RESUMEN TOTAL'!B25 -> CEN03 | C23: ='RESUMEN TOTAL'!D25 -> San Martin y Sallares | D23: ='RESUMEN TOTAL'!E25 -> Domo | E23: ='RESUMEN TOTAL'!F25 -> Fibra Optica | F23: ='RESUMEN TOTAL'!K25 -> 0 | G23: ='RESUMEN TOTAL'!L25 -> 0 | H23: ='RESUMEN TOTAL'!M25 -> APAGADO | I23: ='RESUMEN TOTAL'!N25 -> 0 | J23: ='RESUMEN TOTAL'!O25 -> 0 | K23: ='RESUMEN TOTAL'!P25 -> 0 | L23: ='RESUMEN TOTAL'!Q25 -> 0 | M23: ='RESUMEN TOTAL'!R25 -> 0 | ... AI23: ='RESUMEN TOTAL'!AN25 -> 0
A24: ='RESUMEN TOTAL'!A26 -> CENTRO | B24: ='RESUMEN TOTAL'!B26 -> CEN04 | C24: ='RESUMEN TOTAL'!D26 -> San Martin y Contreras | D24: ='RESUMEN TOTAL'!E26 -> Domo | E24: ='RESUMEN TOTAL'!F26 -> Fibra Optica | F24: ='RESUMEN TOTAL'!K26 -> 0 | G24: ='RESUMEN TOTAL'!L26 -> 0 | H24: ='RESUMEN TOTAL'!M26 -> 0 | I24: ='RESUMEN TOTAL'!N26 -> 0 | J24: ='RESUMEN TOTAL'!O26 -> 0 | K24: ='RESUMEN TOTAL'!P26 -> 0 | L24: ='RESUMEN TOTAL'!Q26 -> 0 | M24: ='RESUMEN TOTAL'!R26 -> 0 | ... AI24: ='RESUMEN TOTAL'!AN26 -> 0
A25: ='RESUMEN TOTAL'!A27 -> CENTRO | B25: ='RESUMEN TOTAL'!B27 -> CEN 05 | C25: ='RESUMEN TOTAL'!D27 -> Bocuzzi e/España y San Martin | D25: ='RESUMEN TOTAL'!E27 -> DOMO | E25: ='RESUMEN TOTAL'!F27 -> Fibra Optica | F25: ='RESUMEN TOTAL'!K27 -> 0 | G25: ='RESUMEN TOTAL'!L27 -> 0 | H25: ='RESUMEN TOTAL'!M27 -> APAGADO | I25: ='RESUMEN TOTAL'!N27 -> 0 | J25: ='RESUMEN TOTAL'!O27 -> 0 | K25: ='RESUMEN TOTAL'!P27 -> 0 | L25: ='RESUMEN TOTAL'!Q27 -> 0 | M25: ='RESUMEN TOTAL'!R27 -> 0 | ... AI25: ='RESUMEN TOTAL'!AN27 -> 0
A26: ='RESUMEN TOTAL'!A28 -> CENTRO | B26: ='RESUMEN TOTAL'!B28 -> CEN06 | C26: ='RESUMEN TOTAL'!D28 -> Monteagudo y A.del Valle | D26: ='RESUMEN TOTAL'!E28 -> Fija | E26: ='RESUMEN TOTAL'!F28 -> Fibra Optica | F26: ='RESUMEN TOTAL'!K28 -> 0 | G26: ='RESUMEN TOTAL'!L28 -> 0 | H26: ='RESUMEN TOTAL'!M28 -> APAGADO | I26: ='RESUMEN TOTAL'!N28 -> 0 | J26: ='RESUMEN TOTAL'!O28 -> 0 | K26: ='RESUMEN TOTAL'!P28 -> 0 | L26: ='RESUMEN TOTAL'!Q28 -> 0 | M26: ='RESUMEN TOTAL'!R28 -> 0 | ... AI26: ='RESUMEN TOTAL'!AN28 -> 0
A27: ='RESUMEN TOTAL'!A29 -> CENTRO | B27: ='RESUMEN TOTAL'!B29 -> CEN07 | C27: ='RESUMEN TOTAL'!D29 -> San Martin y Guemes | D27: ='RESUMEN TOTAL'!E29 -> DOMO | E27: ='RESUMEN TOTAL'!F29 -> Fibra Optica | F27: ='RESUMEN TOTAL'!K29 -> 0 | G27: ='RESUMEN TOTAL'!L29 -> 0 | H27: ='RESUMEN TOTAL'!M29 -> APAGADO | I27: ='RESUMEN TOTAL'!N29 -> 0 | J27: ='RESUMEN TOTAL'!O29 -> 0 | K27: ='RESUMEN TOTAL'!P29 -> 0 | L27: ='RESUMEN TOTAL'!Q29 -> 0 | M27: ='RESUMEN TOTAL'!R29 -> 0 | ... AI27: ='RESUMEN TOTAL'!AN29 -> 0
A28: ='RESUMEN TOTAL'!A30 -> CENTRO | B28: ='RESUMEN TOTAL'!B30 -> CEN08 | C28: ='RESUMEN TOTAL'!D30 -> San Martin y Pte.Peron | D28: ='RESUMEN TOTAL'!E30 -> Domo | E28: ='RESUMEN TOTAL'!F30 -> Fibra Optica | F28: ='RESUMEN TOTAL'!K30 -> 0 | G28: ='RESUMEN TOTAL'!L30 -> 0 | H28: ='RESUMEN TOTAL'!M30 -> 0 | I28: ='RESUMEN TOTAL'!N30 -> 0 | J28: ='RESUMEN TOTAL'!O30 -> 0 | K28: ='RESUMEN TOTAL'!P30 -> 0 | L28: ='RESUMEN TOTAL'!Q30 -> 0 | M28: ='RESUMEN TOTAL'!R30 -> 0 | ... AI28: ='RESUMEN TOTAL'!AN30 -> 0
A29: ='RESUMEN TOTAL'!A31 -> CENTRO | B29: ='RESUMEN TOTAL'!B31 -> CEN09 | C29: ='RESUMEN TOTAL'!D31 -> Chacabuco y 25 de Mayo | D29: ='RESUMEN TOTAL'!E31 -> Domo | E29: ='RESUMEN TOTAL'!F31 -> Fibra Optica | F29: ='RESUMEN TOTAL'!K31 -> 0 | G29: ='RESUMEN TOTAL'!L31 -> 0 | H29: ='RESUMEN TOTAL'!M31 -> 0 | I29: ='RESUMEN TOTAL'!N31 -> 0 | J29: ='RESUMEN TOTAL'!O31 -> 0 | K29: ='RESUMEN TOTAL'!P31 -> 0 | L29: ='RESUMEN TOTAL'!Q31 -> 0 | M29: ='RESUMEN TOTAL'!R31 -> 0 | ... AI29: ='RESUMEN TOTAL'!AN31 -> 0
A30: ='RESUMEN TOTAL'!A32 -> CENTRO | B30: ='RESUMEN TOTAL'!B32 -> CEN10 | C30: ='RESUMEN TOTAL'!D32 -> Monteagudo y Pte. Peron | D30: ='RESUMEN TOTAL'!E32 -> Domo | E30: ='RESUMEN TOTAL'!F32 -> Fibra Optica | F30: ='RESUMEN TOTAL'!K32 -> 0 | G30: ='RESUMEN TOTAL'!L32 -> 0 | H30: ='RESUMEN TOTAL'!M32 -> APAGADO | I30: ='RESUMEN TOTAL'!N32 -> 0 | J30: ='RESUMEN TOTAL'!O32 -> 0 | K30: ='RESUMEN TOTAL'!P32 -> 0 | L30: ='RESUMEN TOTAL'!Q32 -> 0 | M30: ='RESUMEN TOTAL'!R32 -> 0 | ... AI30: ='RESUMEN TOTAL'!AN32 -> 0
A31: ='RESUMEN TOTAL'!A33 -> CENTRO | B31: ='RESUMEN TOTAL'!B33 -> CEN11 | C31: ='RESUMEN TOTAL'!D33 -> Monteagudo y Bocuzzi | D31: ='RESUMEN TOTAL'!E33 -> Domo | E31: ='RESUMEN TOTAL'!F33 -> Fibra Optica | F31: ='RESUMEN TOTAL'!K33 -> 0 | G31: ='RESUMEN TOTAL'!L33 -> 0 | H31: ='RESUMEN TOTAL'!M33 -> 0 | I31: ='RESUMEN TOTAL'!N33 -> 0 | J31: ='RESUMEN TOTAL'!O33 -> 0 | K31: ='RESUMEN TOTAL'!P33 -> 0 | L31: ='RESUMEN TOTAL'!Q33 -> 0 | M31: ='RESUMEN TOTAL'!R33 -> 0 | ... AI31: ='RESUMEN TOTAL'!AN33 -> 0
A32: ='RESUMEN TOTAL'!A34 -> CENTRO | B32: ='RESUMEN TOTAL'!B34 -> CEN 12 | C32: ='RESUMEN TOTAL'!D34 -> Monteagudo y Mitre | D32: ='RESUMEN TOTAL'!E34 -> Domo | E32: ='RESUMEN TOTAL'!F34 -> Fibra Optica | F32: ='RESUMEN TOTAL'!K34 -> 0 | G32: ='RESUMEN TOTAL'!L34 -> 0 | H32: ='RESUMEN TOTAL'!M34 -> 0 | I32: ='RESUMEN TOTAL'!N34 -> APAGADO | J32: ='RESUMEN TOTAL'!O34 -> APAGADO | K32: ='RESUMEN TOTAL'!P34 -> 0 | L32: ='RESUMEN TOTAL'!Q34 -> 0 | M32: ='RESUMEN TOTAL'!R34 -> 0 | ... AI32: ='RESUMEN TOTAL'!AN34 -> APAGADO
... A260: ='RESUMEN TOTAL'!A262 -> RICARDO ROJAS | B260: ='RESUMEN TOTAL'!B262 -> RRJ 11 | C260: ='RESUMEN TOTAL'!D262 -> LUGONES Y OBLIGADO | D260: ='RESUMEN TOTAL'!E262 -> Domo | E260: ='RESUMEN TOTAL'!F262 -> Fibra Optica | F260: ='RESUMEN TOTAL'!K262 -> 0 | G260: ='RESUMEN TOTAL'!L262 -> 0 | H260: ='RESUMEN TOTAL'!M262 -> 0 | I260: ='RESUMEN TOTAL'!N262 -> 0 | J260: ='RESUMEN TOTAL'!O262 -> 0 | K260: ='RESUMEN TOTAL'!P262 -> 0 | L260: ='RESUMEN TOTAL'!Q262 -> 0 | M260: ='RESUMEN TOTAL'!R262 -> 0 | ... AI260: ='RESUMEN TOTAL'!AN262 -> 0
A261: ='RESUMEN TOTAL'!A264 -> SANTA ANA | B261: ='RESUMEN TOTAL'!B264 -> SAN 02 | C261: ='RESUMEN TOTAL'!D264 -> HUDSON Y SUIPACHA | D261: ='RESUMEN TOTAL'!E264 -> Fija 2 | E261: ='RESUMEN TOTAL'!F264 -> Fibra Optica | F261: ='RESUMEN TOTAL'!K264 -> 0 | G261: ='RESUMEN TOTAL'!L264 -> 0 | H261: ='RESUMEN TOTAL'!M264 -> 0 | I261: ='RESUMEN TOTAL'!N264 -> 0 | J261: ='RESUMEN TOTAL'!O264 -> 0 | K261: ='RESUMEN TOTAL'!P264 -> 0 | L261: ='RESUMEN TOTAL'!Q264 -> 0 | M261: ='RESUMEN TOTAL'!R264 -> 0 | ... AI261: ='RESUMEN TOTAL'!AN264 -> 0
A262: ='RESUMEN TOTAL'!A265 -> SANTA ANA | B262: ='RESUMEN TOTAL'!B265 -> SAN01 | C262: ='RESUMEN TOTAL'!D265 -> HUDSON Y SUIPACHA | D262: ='RESUMEN TOTAL'!E265 -> Fija 1 | E262: ='RESUMEN TOTAL'!F265 -> Fibra Optica | F262: ='RESUMEN TOTAL'!K265 -> 0 | G262: ='RESUMEN TOTAL'!L265 -> 0 | H262: ='RESUMEN TOTAL'!M265 -> 0 | I262: ='RESUMEN TOTAL'!N265 -> 0 | J262: ='RESUMEN TOTAL'!O265 -> 0 | K262: ='RESUMEN TOTAL'!P265 -> 0 | L262: ='RESUMEN TOTAL'!Q265 -> 0 | M262: ='RESUMEN TOTAL'!R265 -> 0 | ... AI262: ='RESUMEN TOTAL'!AN265 -> 0
A263: ='RESUMEN TOTAL'!A266 -> PRESIDENTE SARMIENTO | B263: ='RESUMEN TOTAL'!B266 -> SAR01 | C263: ='RESUMEN TOTAL'!D266 -> Storni Y Sanchez de Loria | D263: ='RESUMEN TOTAL'!E266 -> Domo | E263: ='RESUMEN TOTAL'!F266 -> Fibra Optica | F263: ='RESUMEN TOTAL'!K266 -> 0 | G263: ='RESUMEN TOTAL'!L266 -> 0 | H263: ='RESUMEN TOTAL'!M266 -> 0 | I263: ='RESUMEN TOTAL'!N266 -> 0 | J263: ='RESUMEN TOTAL'!O266 -> 0 | K263: ='RESUMEN TOTAL'!P266 -> 0 | L263: ='RESUMEN TOTAL'!Q266 -> 0 | M263: ='RESUMEN TOTAL'!R266 -> 0 | ... AI263: ='RESUMEN TOTAL'!AN266 -> 0
A264: ='RESUMEN TOTAL'!A267 -> PRESIDENTE SARMIENTO | B264: ='RESUMEN TOTAL'!B267 -> SAR 02 (fija 1) | C264: ='RESUMEN TOTAL'!D267 -> DARDO ROCHA Y GABRIELA MISTRAL | D264: ='RESUMEN TOTAL'!E267 -> Fija | E264: ='RESUMEN TOTAL'!F267 -> Fibra Optica | F264: ='RESUMEN TOTAL'!K267 -> 0 | G264: ='RESUMEN TOTAL'!L267 -> 0 | H264: ='RESUMEN TOTAL'!M267 -> 0 | I264: ='RESUMEN TOTAL'!N267 -> 0 | J264: ='RESUMEN TOTAL'!O267 -> 0 | K264: ='RESUMEN TOTAL'!P267 -> 0 | L264: ='RESUMEN TOTAL'!Q267 -> 0 | M264: ='RESUMEN TOTAL'!R267 -> 0 | ... AI264: ='RESUMEN TOTAL'!AN267 -> 0
A265: ='RESUMEN TOTAL'!A268 -> PRESIDENTE SARMIENTO | B265: ='RESUMEN TOTAL'!B268 -> SAR 03 (fija 2) | C265: ='RESUMEN TOTAL'!D268 -> DARDO ROCHA Y GABRIELA MISTRAL | D265: ='RESUMEN TOTAL'!E268 -> Fija | E265: ='RESUMEN TOTAL'!F268 -> Fibra Optica | F265: ='RESUMEN TOTAL'!K268 -> 0 | G265: ='RESUMEN TOTAL'!L268 -> 0 | H265: ='RESUMEN TOTAL'!M268 -> APAGADO | I265: ='RESUMEN TOTAL'!N268 -> 0 | J265: ='RESUMEN TOTAL'!O268 -> 0 | K265: ='RESUMEN TOTAL'!P268 -> 0 | L265: ='RESUMEN TOTAL'!Q268 -> 0 | M265: ='RESUMEN TOTAL'!R268 -> 0 | ... AI265: ='RESUMEN TOTAL'!AN268 -> 0
A266: ='RESUMEN TOTAL'!A269 -> PRESIDENTE SARMIENTO | B266: ='RESUMEN TOTAL'!B269 -> SAR 04 | C266: ='RESUMEN TOTAL'!D269 -> MONTES DE OCA Y ALVARADO | D266: ='RESUMEN TOTAL'!E269 -> Domo | E266: ='RESUMEN TOTAL'!F269 -> Fibra Optica | F266: ='RESUMEN TOTAL'!K269 -> 0 | G266: ='RESUMEN TOTAL'!L269 -> 0 | H266: ='RESUMEN TOTAL'!M269 -> APAGADO | I266: ='RESUMEN TOTAL'!N269 -> 0 | J266: ='RESUMEN TOTAL'!O269 -> 0 | K266: ='RESUMEN TOTAL'!P269 -> 0 | L266: ='RESUMEN TOTAL'!Q269 -> 0 | M266: ='RESUMEN TOTAL'!R269 -> 0 | ... AI266: ='RESUMEN TOTAL'!AN269 -> 0
A267: ='RESUMEN TOTAL'!A270 -> PRESIDENTE SARMIENTO | B267: ='RESUMEN TOTAL'!B270 -> SAR 05 | C267: ='RESUMEN TOTAL'!D270 -> ALVARADO Y ROCHA | D267: ='RESUMEN TOTAL'!E270 -> Domo | E267: ='RESUMEN TOTAL'!F270 -> Fibra Optica | F267: ='RESUMEN TOTAL'!K270 -> 0 | G267: ='RESUMEN TOTAL'!L270 -> 0 | H267: ='RESUMEN TOTAL'!M270 -> APAGADO | I267: ='RESUMEN TOTAL'!N270 -> 0 | J267: ='RESUMEN TOTAL'!O270 -> 0 | K267: ='RESUMEN TOTAL'!P270 -> 0 | L267: ='RESUMEN TOTAL'!Q270 -> 0 | M267: ='RESUMEN TOTAL'!R270 -> 0 | ... AI267: ='RESUMEN TOTAL'!AN270 -> 0
A268: ='RESUMEN TOTAL'!A271 -> PRESIDENTE SARMIENTO | B268: ='RESUMEN TOTAL'!B271 -> SAR 06 | C268: ='RESUMEN TOTAL'!D271 -> Necochea y Lorenzini | D268: ='RESUMEN TOTAL'!E271 -> Fija | E268: ='RESUMEN TOTAL'!F271 -> Fibra Optica | F268: ='RESUMEN TOTAL'!K271 -> 0 | G268: ='RESUMEN TOTAL'!L271 -> 0 | H268: ='RESUMEN TOTAL'!M271 -> 0 | I268: ='RESUMEN TOTAL'!N271 -> 0 | J268: ='RESUMEN TOTAL'!O271 -> 0 | K268: ='RESUMEN TOTAL'!P271 -> 0 | L268: ='RESUMEN TOTAL'!Q271 -> 0 | M268: ='RESUMEN TOTAL'!R271 -> 0 | ... AI268: ='RESUMEN TOTAL'!AN271 -> 0
A269: ='RESUMEN TOTAL'!A272 -> PRESIDENTE SARMIENTO | B269: ='RESUMEN TOTAL'!B272 -> SAR 07 | C269: ='RESUMEN TOTAL'!D272 -> Necochea y Lorenzini | D269: ='RESUMEN TOTAL'!E272 -> Fija | E269: ='RESUMEN TOTAL'!F272 -> Fibra Optica | F269: ='RESUMEN TOTAL'!K272 -> 0 | G269: ='RESUMEN TOTAL'!L272 -> 0 | H269: ='RESUMEN TOTAL'!M272 -> 0 | I269: ='RESUMEN TOTAL'!N272 -> 0 | J269: ='RESUMEN TOTAL'!O272 -> 0 | K269: ='RESUMEN TOTAL'!P272 -> 0 | L269: ='RESUMEN TOTAL'!Q272 -> 0 | M269: ='RESUMEN TOTAL'!R272 -> 0 | ... AI269: ='RESUMEN TOTAL'!AN272 -> 0
A270: ='RESUMEN TOTAL'!A273 -> PRESIDENTE SARMIENTO | B270: ='RESUMEN TOTAL'!B273 -> SAR 08 | C270: ='RESUMEN TOTAL'!D273 -> Necochea y Montes de Oca | D270: ='RESUMEN TOTAL'!E273 -> Fija | E270: ='RESUMEN TOTAL'!F273 -> Fibra Optica | F270: ='RESUMEN TOTAL'!K273 -> 0 | G270: ='RESUMEN TOTAL'!L273 -> 0 | H270: ='RESUMEN TOTAL'!M273 -> APAGADO | I270: ='RESUMEN TOTAL'!N273 -> 0 | J270: ='RESUMEN TOTAL'!O273 -> 0 | K270: ='RESUMEN TOTAL'!P273 -> 0 | L270: ='RESUMEN TOTAL'!Q273 -> 0 | M270: ='RESUMEN TOTAL'!R273 -> 0 | ... AI270: ='RESUMEN TOTAL'!AN273 -> 0
A271: ='RESUMEN TOTAL'!A274 -> PRESIDENTE SARMIENTO | B271: ='RESUMEN TOTAL'!B274 -> SAR 09 | C271: ='RESUMEN TOTAL'!D274 -> Necochea y Montes de Oca | D271: ='RESUMEN TOTAL'!E274 -> Fija | E271: ='RESUMEN TOTAL'!F274 -> Fibra Optica | F271: ='RESUMEN TOTAL'!K274 -> 0 | G271: ='RESUMEN TOTAL'!L274 -> 0 | H271: ='RESUMEN TOTAL'!M274 -> APAGADO | I271: ='RESUMEN TOTAL'!N274 -> 0 | J271: ='RESUMEN TOTAL'!O274 -> 0 | K271: ='RESUMEN TOTAL'!P274 -> 0 | L271: ='RESUMEN TOTAL'!Q274 -> 0 | M271: ='RESUMEN TOTAL'!R274 -> 0 | ... AI271: ='RESUMEN TOTAL'!AN274 -> 0
A272: ='RESUMEN TOTAL'!A275 -> SAN EDUARDO | B272: ='RESUMEN TOTAL'!B275 -> SEDU01 | C272: ='RESUMEN TOTAL'!D275 -> San Martin y Sperandio | D272: ='RESUMEN TOTAL'!E275 -> Domo | E272: ='RESUMEN TOTAL'!F275 -> Fibra Optica | F272: ='RESUMEN TOTAL'!K275 -> 0 | G272: ='RESUMEN TOTAL'!L275 -> 0 | H272: ='RESUMEN TOTAL'!M275 -> APAGADO | I272: ='RESUMEN TOTAL'!N275 -> 0 | J272: ='RESUMEN TOTAL'!O275 -> 0 | K272: ='RESUMEN TOTAL'!P275 -> 0 | L272: ='RESUMEN TOTAL'!Q275 -> 0 | M272: ='RESUMEN TOTAL'!R275 -> 0 | ... AI272: ='RESUMEN TOTAL'!AN275 -> 0
... A442: ='RESUMEN TOTAL'!A445 -> 0 | B442: ='RESUMEN TOTAL'!B445 -> 0 | C442: ='RESUMEN TOTAL'!D445 -> 0 | D442: ='RESUMEN TOTAL'!E445 -> 0 | E442: ='RESUMEN TOTAL'!F445 -> 0 | F442: ='RESUMEN TOTAL'!K445 -> 0 | G442: ='RESUMEN TOTAL'!L445 -> 0 | H442: ='RESUMEN TOTAL'!M445 -> 0 | I442: ='RESUMEN TOTAL'!N445 -> 0 | J442: ='RESUMEN TOTAL'!O445 -> 0 | K442: ='RESUMEN TOTAL'!P445 -> 0 | L442: ='RESUMEN TOTAL'!Q445 -> 0 | M442: ='RESUMEN TOTAL'!R445 -> 0 | ... AI442: ='RESUMEN TOTAL'!AN445 -> 0

Sheet APAGADOS
E1: APAGADOS | F1: =COUNTIF(F3:F400, "APAGADO") -> 39 | G1: =COUNTIF(G3:G400, "APAGADO") -> 39 | H1: =COUNTIF(H3:H400, "APAGADO") -> 157 | I1: =COUNTIF(I3:I400, "APAGADO") -> 43 | J1: =COUNTIF(J3:J400, "APAGADO") -> 37 | K1: =COUNTIF(K3:K400, "APAGADO") -> 0 | L1: =COUNTIF(L3:L400, "APAGADO") -> 35 | M1: =COUNTIF(M3:M400, "APAGADO") -> 0 | ... AI1: =COUNTIF(AI3:AI400, "APAGADO") -> 32
A2: =ESTADISTICA!A1 -> Barrio | B2: =ESTADISTICA!B1 -> [Denominacion] | C2: =ESTADISTICA!C1 -> [Ubicacion] | D2: =ESTADISTICA!D1 -> [Tipo de Camara] | E2: =ESTADISTICA!E1 -> [Tipo de Conexion] | F2: =ESTADISTICA!F1 -> 44835 | G2: =ESTADISTICA!G1 -> 44836 | H2: =ESTADISTICA!H1 -> 44837 | ... AI2: =ESTADISTICA!AI1 -> 44864
A3: =ESTADISTICA!A2 -> ALTAMIRA | B3: =ESTADISTICA!B2 -> ALT01 | C3: =ESTADISTICA!C2 -> Calchaqui y Sgto. Cabral | D3: =ESTADISTICA!D2 -> Domo | E3: =ESTADISTICA!E2 -> Fibra Optica | F3: =ESTADISTICA!F2 -> 0 | G3: =ESTADISTICA!G2 -> 0 | H3: =ESTADISTICA!H2 -> APAGADO | ... AI3: =ESTADISTICA!AI2 -> 0
A4: =ESTADISTICA!A3 -> ALTAMIRA | B4: =ESTADISTICA!B3 -> ALT02 | C4: =ESTADISTICA!C3 -> Calchaqui y Lope de Vega | D4: =ESTADISTICA!D3 -> Domo | E4: =ESTADISTICA!E3 -> PTO A FO | F4: =ESTADISTICA!F3 -> 0 | G4: =ESTADISTICA!G3 -> 0 | H4: =ESTADISTICA!H3 -> APAGADO | ... AI4: =ESTADISTICA!AI3 -> 0
A5: =ESTADISTICA!A4 -> ALTAMIRA | B5: =ESTADISTICA!B4 -> ALT 03 | C5: =ESTADISTICA!C4 -> Bombero Galarza y Necochea | D5: =ESTADISTICA!D4 -> Domo | E5: =ESTADISTICA!E4 -> FIBRA OPTICA | F5: =ESTADISTICA!F4 -> 0 | G5: =ESTADISTICA!G4 -> 0 | H5: =ESTADISTICA!H4 -> 0 | ... AI5: =ESTADISTICA!AI4 -> 0
A6: =ESTADISTICA!A5 -> ALTAMIRA | B6: =ESTADISTICA!B5 -> ALT 04 | C6: =ESTADISTICA!C5 -> Francia y Necochea | D6: =ESTADISTICA!D5 -> Domo | E6: =ESTADISTICA!E5 -> FIBRA OPTICA | F6: =ESTADISTICA!F5 -> APAGADO | G6: =ESTADISTICA!G5 -> APAGADO | H6: =ESTADISTICA!H5 -> APAGADO | ... AI6: =ESTADISTICA!AI5 -> 0
A7: =ESTADISTICA!A6 -> ALTAMIRA | B7: =ESTADISTICA!B6 -> ALT05 | C7: =ESTADISTICA!C6 -> Av. Calchaqui y Bombero Galarza | D7: =ESTADISTICA!D6 -> Domo | E7: =ESTADISTICA!E6 -> PTO A FO | F7: =ESTADISTICA!F6 -> APAGADO | G7: =ESTADISTICA!G6 -> APAGADO | H7: =ESTADISTICA!H6 -> APAGADO | ... AI7: =ESTADISTICA!AI6 -> 0
A8: =ESTADISTICA!A7 -> ALTAMIRA | B8: =ESTADISTICA!B7 -> ALT 06 | C8: =ESTADISTICA!C7 -> LOPE DE VEGA Y NECOCHEA | D8: =ESTADISTICA!D7 -> Domo | E8: =ESTADISTICA!E7 -> PTO A FO | F8: =ESTADISTICA!F7 -> 0 | G8: =ESTADISTICA!G7 -> 0 | H8: =ESTADISTICA!H7 -> APAGADO | ... AI8: =ESTADISTICA!AI7 -> 0
A9: =ESTADISTICA!A8 -> ALTAMIRA | B9: =ESTADISTICA!B8 -> ALT07 | C9: =ESTADISTICA!C8 -> AV. CALCHAQUI Y AV. DEL TRABAJO | D9: =ESTADISTICA!D8 -> DOMO | E9: =ESTADISTICA!E8 -> PTO A FO | F9: =ESTADISTICA!F8 -> 0 | G9: =ESTADISTICA!G8 -> 0 | H9: =ESTADISTICA!H8 -> 0 | ... AI9: =ESTADISTICA!AI8 -> 0
A10: =ESTADISTICA!A9 -> ALTAMIRA | B10: =ESTADISTICA!B9 -> ALT 08 | C10: =ESTADISTICA!C9 -> HUMAITA Y NECOCHEA | D10: =ESTADISTICA!D9 -> DOMO | E10: =ESTADISTICA!E9 -> Fibra Optica | F10: =ESTADISTICA!F9 -> 0 | G10: =ESTADISTICA!G9 -> 0 | H10: =ESTADISTICA!H9 -> 0 | ... AI10: =ESTADISTICA!AI9 -> 0
A11: =ESTADISTICA!A10 -> ALTAMIRA | B11: =ESTADISTICA!B10 -> ALT 09 | C11: =ESTADISTICA!C10 -> NECOCHEA Y CURUPAITY | D11: =ESTADISTICA!D10 -> DOMO | E11: =ESTADISTICA!E10 -> Fibra Optica | F11: =ESTADISTICA!F10 -> 0 | G11: =ESTADISTICA!G10 -> 0 | H11: =ESTADISTICA!H10 -> 0 | ... AI11: =ESTADISTICA!AI10 -> 0
A12: =ESTADISTICA!A11 -> ALTAMIRA | B12: =ESTADISTICA!B11 -> ALT 10 | C12: =ESTADISTICA!C11 -> Calchaqui y Francia | D12: =ESTADISTICA!D11 -> Domo | E12: =ESTADISTICA!E11 -> Radio | F12: =ESTADISTICA!F11 -> APAGADO | G12: =ESTADISTICA!G11 -> APAGADO | H12: =ESTADISTICA!H11 -> APAGADO | ... AI12: =ESTADISTICA!AI11 -> 0
A13: =ESTADISTICA!A12 -> AGUSTIN RAMIREZ | B13: =ESTADISTICA!B12 -> ARA 01 | C13: =ESTADISTICA!C12 -> Malambo y Tranquera | D13: =ESTADISTICA!D12 -> Domo | E13: =ESTADISTICA!E12 -> FIBRA OPTICA | F13: =ESTADISTICA!F12 -> 0 | G13: =ESTADISTICA!G12 -> 0 | H13: =ESTADISTICA!H12 -> APAGADO | ... AI13: =ESTADISTICA!AI12 -> 0
... A401: =ESTADISTICA!A400 -> VILLA DEL PLATA | B401: =ESTADISTICA!B400 -> VDPL03 | C401: =ESTADISTICA!C400 -> Neuquen y Alvarado | D401: =ESTADISTICA!D400 -> Domo | E401: =ESTADISTICA!E400 -> Radio | F401: =ESTADISTICA!F400 -> 0 | G401: =ESTADISTICA!G400 -> 0 | H401: =ESTADISTICA!H400 -> 0 | ... AI401: =ESTADISTICA!AI400 -> 0

Sheet APAGADOS FIBRA
C1: TOTAL FIBRA | D1: =COUNTIFS(E4:E400,"=Fibra Optica") -> 268
E2: APAGADOS | F2: =COUNTIFS(F4:F400, "=APAGADO",E4:E400,"=Fibra Optica") -> 32 | G2: =COUNTIFS(G4:G400, "=APAGADO",E4:E400,"=Fibra Optica") -> 34 | H2: =COUNTIFS(H4:H400, "=APAGADO",E4:E400,"=Fibra Optica") -> 99 | I2: =COUNTIFS(I4:I400, "=APAGADO",E4:E400,"=Fibra Optica") -> 34 | J2: =COUNTIFS(J4:J400, "=APAGADO",E4:E400,"=Fibra Optica") -> 31 | K2: =COUNTIFS(K4:K400, "=APAGADO",E4:E400,"=Fibra Optica") -> 0 | L2: =COUNTIFS(L4:L400, "=APAGADO",E4:E400,"=Fibra Optica") -> 31 | M2: =COUNTIFS(M4:M400, "=APAGADO",E4:E400,"=Fibra Optica") -> 0 | N2: =COUNTIFS(N4:N400, "=APAGADO",E4:E400,"=Fibra Optica") -> 38 | O2: =COUNTIFS(O4:O400, "=APAGADO",E4:E400,"=Fibra Optica") -> 37 | P2: =COUNTIFS(P4:P400, "=APAGADO",E4:E400,"=Fibra Optica") -> 37 | Q2: =COUNTIFS(Q4:Q400, "=APAGADO",E4:E400,"=Fibra Optica") -> 30 | R2: =COUNTIFS(R4:R400, "=APAGADO",E4:E400,"=Fibra Optica") -> 39 | S2: =COUNTIFS(S4:S400, "=APAGADO",E4:E400,"=Fibra Optica") -> 26 | T2: =COUNTIFS(T4:T400, "=APAGADO",E4:E400,"=Fibra Optica") -> 25 | U2: =COUNTIFS(U4:U400, "=APAGADO",E4:E400,"=Fibra Optica") -> 47 | V2: =COUNTIFS(V4:V400, "=APAGADO",E4:E400,"=Fibra Optica") -> 0 | W2: =COUNTIFS(W4:W400, "=APAGADO",E4:E400,"=Fibra Optica") -> 40 | X2: =COUNTIFS(X4:X400, "=APAGADO",E4:E400,"=Fibra Optica") -> 78 | Y2: =COUNTIFS(Y4:Y400, "=APAGADO",E4:E400,"=Fibra Optica") -> 38 | Z2: =COUNTIFS(Z4:Z400, "=APAGADO",E4:E400,"=Fibra Optica") -> 33 | AA2: =COUNTIFS(AA4:AA400, "=APAGADO",E4:E400,"=Fibra Optica") -> 32 | AB2: =COUNTIFS(AB4:AB400, "=APAGADO",E4:E400,"=Fibra Optica") -> 40 | AC2: =COUNTIFS(AC4:AC400, "=APAGADO",E4:E400,"=Fibra Optica") -> 31 | AD2: =COUNTIFS(AD4:AD400, "=APAGADO",E4:E400,"=Fibra Optica") -> 30 | AE2: =COUNTIFS(AE4:AE500, "=APAGADO",E4:E500,"=Fibra Optica") -> 34 | AF2: =COUNTIFS(AF4:AF500, "=APAGADO",E4:E500,"=Fibra Optica") -> 39 | AG2: =COUNTIFS(AG4:AG500, "=APAGADO",E4:E500,"=Fibra Optica") -> 42 | AH2: =COUNTIFS(AH4:AH400, "=APAGADO",E4:E400,"=Fibra Optica") -> 25 | AI2: =COUNTIFS(AI4:AI400, "=APAGADO",E4:E400,"=Fibra Optica") -> 27
A3: =ESTADISTICA!A1 -> Barrio | B3: =ESTADISTICA!B1 -> [Denominacion] | C3: =ESTADISTICA!C1 -> [Ubicacion] | D3: =ESTADISTICA!D1 -> [Tipo de Camara] | E3: =ESTADISTICA!E1 -> [Tipo de Conexion] | F3: =ESTADISTICA!F1 -> 44835 | G3: =ESTADISTICA!G1 -> 44836 | H3: =ESTADISTICA!H1 -> 44837 | ... AI3: =ESTADISTICA!AI1 -> 44864
A4: =ESTADISTICA!A2 -> ALTAMIRA | B4: =ESTADISTICA!B2 -> ALT01 | C4: =ESTADISTICA!C2 -> Calchaqui y Sgto. Cabral | D4: =ESTADISTICA!D2 -> Domo | E4: =ESTADISTICA!E2 -> Fibra Optica | F4: =ESTADISTICA!F2 -> 0 | G4: =ESTADISTICA!G2 -> 0 | H4: =ESTADISTICA!H2 -> APAGADO | ... AI4: =ESTADISTICA!AI2 -> 0
A5: =ESTADISTICA!A3 -> ALTAMIRA | B5: =ESTADISTICA!B3 -> ALT02 | C5: =ESTADISTICA!C3 -> Calchaqui y Lope de Vega | D5: =ESTADISTICA!D3 -> Domo | E5: =ESTADISTICA!E3 -> PTO A FO | F5: =ESTADISTICA!F3 -> 0 | G5: =ESTADISTICA!G3 -> 0 | H5: =ESTADISTICA!H3 -> APAGADO | ... AI5: =ESTADISTICA!AI3 -> 0
A6: =ESTADISTICA!A4 -> ALTAMIRA | B6: =ESTADISTICA!B4 -> ALT 03 | C6: =ESTADISTICA!C4 -> Bombero Galarza y Necochea | D6: =ESTADISTICA!D4 -> Domo | E6: =ESTADISTICA!E4 -> FIBRA OPTICA | F6: =ESTADISTICA!F4 -> 0 | G6: =ESTADISTICA!G4 -> 0 | H6: =ESTADISTICA!H4 -> 0 | ... AI6: =ESTADISTICA!AI4 -> 0
A7: =ESTADISTICA!A5 -> ALTAMIRA | B7: =ESTADISTICA!B5 -> ALT 04 | C7: =ESTADISTICA!C5 -> Francia y Necochea | D7: =ESTADISTICA!D5 -> Domo | E7: =ESTADISTICA!E5 -> FIBRA OPTICA | F7: =ESTADISTICA!F5 -> APAGADO | G7: =ESTADISTICA!G5 -> APAGADO | H7: =ESTADISTICA!H5 -> APAGADO | ... AI7: =ESTADISTICA!AI5 -> 0
A8: =ESTADISTICA!A6 -> ALTAMIRA | B8: =ESTADISTICA!B6 -> ALT05 | C8: =ESTADISTICA!C6 -> Av. Calchaqui y Bombero Galarza | D8: =ESTADISTICA!D6 -> Domo | E8: =ESTADISTICA!E6 -> PTO A FO | F8: =ESTADISTICA!F6 -> APAGADO | G8: =ESTADISTICA!G6 -> APAGADO | H8: =ESTADISTICA!H6 -> APAGADO | ... AI8: =ESTADISTICA!AI6 -> 0
A9: =ESTADISTICA!A7 -> ALTAMIRA | B9: =ESTADISTICA!B7 -> ALT 06 | C9: =ESTADISTICA!C7 -> LOPE DE VEGA Y NECOCHEA | D9: =ESTADISTICA!D7 -> Domo | E9: =ESTADISTICA!E7 -> PTO A FO | F9: =ESTADISTICA!F7 -> 0 | G9: =ESTADISTICA!G7 -> 0 | H9: =ESTADISTICA!H7 -> APAGADO | ... AI9: =ESTADISTICA!AI7 -> 0
A10: =ESTADISTICA!A8 -> ALTAMIRA | B10: =ESTADISTICA!B8 -> ALT07 | C10: =ESTADISTICA!C8 -> AV. CALCHAQUI Y AV. DEL TRABAJO | D10: =ESTADISTICA!D8 -> DOMO | E10: =ESTADISTICA!E8 -> PTO A FO | F10: =ESTADISTICA!F8 -> 0 | G10: =ESTADISTICA!G8 -> 0 | H10: =ESTADISTICA!H8 -> 0 | ... AI10: =ESTADISTICA!AI8 -> 0
A11: =ESTADISTICA!A9 -> ALTAMIRA | B11: =ESTADISTICA!B9 -> ALT 08 | C11: =ESTADISTICA!C9 -> HUMAITA Y NECOCHEA | D11: =ESTADISTICA!D9 -> DOMO | E11: =ESTADISTICA!E9 -> Fibra Optica | F11: =ESTADISTICA!F9 -> 0 | G11: =ESTADISTICA!G9 -> 0 | H11: =ESTADISTICA!H9 -> 0 | ... AI11: =ESTADISTICA!AI9 -> 0
A12: =ESTADISTICA!A10 -> ALTAMIRA | B12: =ESTADISTICA!B10 -> ALT 09 | C12: =ESTADISTICA!C10 -> NECOCHEA Y CURUPAITY | D12: =ESTADISTICA!D10 -> DOMO | E12: =ESTADISTICA!E10 -> Fibra Optica | F12: =ESTADISTICA!F10 -> 0 | G12: =ESTADISTICA!G10 -> 0 | H12: =ESTADISTICA!H10 -> 0 | ... AI12: =ESTADISTICA!AI10 -> 0
A13: =ESTADISTICA!A11 -> ALTAMIRA | B13: =ESTADISTICA!B11 -> ALT 10 | C13: =ESTADISTICA!C11 -> Calchaqui y Francia | D13: =ESTADISTICA!D11 -> Domo | E13: =ESTADISTICA!E11 -> Radio | F13: =ESTADISTICA!F11 -> APAGADO | G13: =ESTADISTICA!G11 -> APAGADO | H13: =ESTADISTICA!H11 -> APAGADO | ... AI13: =ESTADISTICA!AI11 -> 0
A14: =ESTADISTICA!A12 -> AGUSTIN RAMIREZ | B14: =ESTADISTICA!B12 -> ARA 01 | C14: =ESTADISTICA!C12 -> Malambo y Tranquera | D14: =ESTADISTICA!D12 -> Domo | E14: =ESTADISTICA!E12 -> FIBRA OPTICA | F14: =ESTADISTICA!F12 -> 0 | G14: =ESTADISTICA!G12 -> 0 | H14: =ESTADISTICA!H12 -> APAGADO | ... AI14: =ESTADISTICA!AI12 -> 0
... A435: =ESTADISTICA!A433 -> 0 | B435: =ESTADISTICA!B433 -> 0 | C435: =ESTADISTICA!C433 -> 0 | D435: =ESTADISTICA!D433 -> 0 | E435: =ESTADISTICA!E433 -> 0 | F435: =ESTADISTICA!F433 -> 0 | G435: =ESTADISTICA!G433 -> 0 | H435: =ESTADISTICA!H433 -> 0 | ... AI435: =ESTADISTICA!AI433 -> 0

Sheet APAGADOS ANTENA
C1: TOTAL PTO A FO
E2: APAGADOS | F2: =COUNTIFS(F4:F400, "=APAGADO",E4:E400,"=PTO A FO") -> 2 | G2: =COUNTIFS(G4:G400, "=APAGADO",E4:E400,"=PTO A FO") -> 3 | H2: =COUNTIFS(H4:H400, "=APAGADO",E4:E400,"=PTO A FO") -> 16 | I2: =COUNTIFS(I4:I400, "=APAGADO",E4:E400,"=PTO A FO") -> 4 | J2: =COUNTIFS(J4:J400, "=APAGADO",E4:E400,"=PTO A FO") -> 3 | K2: =COUNTIFS(K4:K400, "=APAGADO",E4:E400,"=PTO A FO") -> 0 | L2: =COUNTIFS(L4:L400, "=APAGADO",E4:E400,"=PTO A FO") -> 3 | M2: =COUNTIFS(M4:M400, "=APAGADO",E4:E400,"=PTO A FO") -> 0 | N2: =COUNTIFS(N4:N400, "=APAGADO",E4:E400,"=PTO A FO") -> 4 | O2: =COUNTIFS(O4:O500, "=APAGADO",E4:E500,"=PTO A FO") -> 5 | P2: =COUNTIFS(P4:P400, "=APAGADO",E4:E400,"=PTO A FO") -> 3 | Q2: =COUNTIFS(Q4:Q400, "=APAGADO",E4:E400,"=PTO A FO") -> 3 | R2: =COUNTIFS(R4:R400, "=APAGADO",E4:E400,"=PTO A FO") -> 3 | S2: =COUNTIFS(S4:S400, "=APAGADO",E4:E400,"=PTO A FO") -> 3 | T2: =COUNTIFS(T4:T400, "=APAGADO",E4:E400,"=PTO A FO") -> 4 | U2: =COUNTIFS(U4:U400, "=APAGADO",E4:E400,"=PTO A FO") -> 6 | V2: =COUNTIFS(V4:V400, "=APAGADO",E4:E400,"=PTO A FO") -> 0 | W2: =COUNTIFS(W4:W400, "=APAGADO",E4:E400,"=PTO A FO") -> 2 | X2: =COUNTIFS(X4:X400, "=APAGADO",E4:E400,"=PTO A FO") -> 11 | Y2: =COUNTIFS(Y4:Y400, "=APAGADO",E4:E400,"=PTO A FO") -> 3 | Z2: =COUNTIFS(Z4:Z400, "=APAGADO",E4:E400,"=PTO A FO") -> 3 | AA2: =COUNTIFS(AA4:AA400, "=APAGADO",E4:E400,"=PTO A FO") -> 5 | AB2: =COUNTIFS(AB4:AB400, "=APAGADO",E4:E400,"=PTO A FO") -> 5 | AC2: =COUNTIFS(AC4:AC400, "=APAGADO",E4:E400,"=PTO A FO") -> 3 | AD2: =COUNTIFS(AD4:AD400, "=APAGADO",E4:E400,"=PTO A FO") -> 3 | AE2: =COUNTIFS(AE4:AE500, "=APAGADO",E4:E500,"=PTO A FO") -> 3 | AF2: =COUNTIFS(AF4:AF500, "=APAGADO",E4:E500,"=PTO A FO") -> 5 | AG2: =COUNTIFS(AG4:AG500, "=APAGADO",E4:E500,"=PTO A FO") -> 4 | AH2: =COUNTIFS(AH4:AH400, "=APAGADO",E4:E400,"=PTO A FO") -> 1 | AI2: =COUNTIFS(AI4:AI400, "=APAGADO",E4:E400,"=PTO A FO") -> 1
A3: =ESTADISTICA!A1 -> Barrio | B3: =ESTADISTICA!B1 -> [Denominacion] | C3: =ESTADISTICA!C1 -> [Ubicacion] | D3: =ESTADISTICA!D1 -> [Tipo de Camara] | E3: =ESTADISTICA!E1 -> [Tipo de Conexion] | F3: =ESTADISTICA!F1 -> 44835 | G3: =ESTADISTICA!G1 -> 44836 | H3: =ESTADISTICA!H1 -> 44837 | ... AI3: =ESTADISTICA!AI1 -> 44864
A4: =ESTADISTICA!A2 -> ALTAMIRA | B4: =ESTADISTICA!B2 -> ALT01 | C4: =ESTADISTICA!C2 -> Calchaqui y Sgto. Cabral | D4: =ESTADISTICA!D2 -> Domo | E4: =ESTADISTICA!E2 -> Fibra Optica | F4: =ESTADISTICA!F2 -> 0 | G4: =ESTADISTICA!G2 -> 0 | H4: =ESTADISTICA!H2 -> APAGADO | ... AI4: =ESTADISTICA!AI2 -> 0
A5: =ESTADISTICA!A3 -> ALTAMIRA | B5: =ESTADISTICA!B3 -> ALT02 | C5: =ESTADISTICA!C3 -> Calchaqui y Lope de Vega | D5: =ESTADISTICA!D3 -> Domo | E5: =ESTADISTICA!E3 -> PTO A FO | F5: =ESTADISTICA!F3 -> 0 | G5: =ESTADISTICA!G3 -> 0 | H5: =ESTADISTICA!H3 -> APAGADO | ... AI5: =ESTADISTICA!AI3 -> 0
A6: =ESTADISTICA!A4 -> ALTAMIRA | B6: =ESTADISTICA!B4 -> ALT 03 | C6: =ESTADISTICA!C4 -> Bombero Galarza y Necochea | D6: =ESTADISTICA!D4 -> Domo | E6: =ESTADISTICA!E4 -> FIBRA OPTICA | F6: =ESTADISTICA!F4 -> 0 | G6: =ESTADISTICA!G4 -> 0 | H6: =ESTADISTICA!H4 -> 0 | ... AI6: =ESTADISTICA!AI4 -> 0
A7: =ESTADISTICA!A5 -> ALTAMIRA | B7: =ESTADISTICA!B5 -> ALT 04 | C7: =ESTADISTICA!C5 -> Francia y Necochea | D7: =ESTADISTICA!D5 -> Domo | E7: =ESTADISTICA!E5 -> FIBRA OPTICA | F7: =ESTADISTICA!F5 -> APAGADO | G7: =ESTADISTICA!G5 -> APAGADO | H7: =ESTADISTICA!H5 -> APAGADO | ... AI7: =ESTADISTICA!AI5 -> 0
A8: =ESTADISTICA!A6 -> ALTAMIRA | B8: =ESTADISTICA!B6 -> ALT05 | C8: =ESTADISTICA!C6 -> Av. Calchaqui y Bombero Galarza | D8: =ESTADISTICA!D6 -> Domo | E8: =ESTADISTICA!E6 -> PTO A FO | F8: =ESTADISTICA!F6 -> APAGADO | G8: =ESTADISTICA!G6 -> APAGADO | H8: =ESTADISTICA!H6 -> APAGADO | ... AI8: =ESTADISTICA!AI6 -> 0
A9: =ESTADISTICA!A7 -> ALTAMIRA | B9: =ESTADISTICA!B7 -> ALT 06 | C9: =ESTADISTICA!C7 -> LOPE DE VEGA Y NECOCHEA | D9: =ESTADISTICA!D7 -> Domo | E9: =ESTADISTICA!E7 -> PTO A FO | F9: =ESTADISTICA!F7 -> 0 | G9: =ESTADISTICA!G7 -> 0 | H9: =ESTADISTICA!H7 -> APAGADO | ... AI9: =ESTADISTICA!AI7 -> 0
A10: =ESTADISTICA!A8 -> ALTAMIRA | B10: =ESTADISTICA!B8 -> ALT07 | C10: =ESTADISTICA!C8 -> AV. CALCHAQUI Y AV. DEL TRABAJO | D10: =ESTADISTICA!D8 -> DOMO | E10: =ESTADISTICA!E8 -> PTO A FO | F10: =ESTADISTICA!F8 -> 0 | G10: =ESTADISTICA!G8 -> 0 | H10: =ESTADISTICA!H8 -> 0 | ... AI10: =ESTADISTICA!AI8 -> 0
A11: =ESTADISTICA!A9 -> ALTAMIRA | B11: =ESTADISTICA!B9 -> ALT 08 | C11: =ESTADISTICA!C9 -> HUMAITA Y NECOCHEA | D11: =ESTADISTICA!D9 -> DOMO | E11: =ESTADISTICA!E9 -> Fibra Optica | F11: =ESTADISTICA!F9 -> 0 | G11: =ESTADISTICA!G9 -> 0 | H11: =ESTADISTICA!H9 -> 0 | ... AI11: =ESTADISTICA!AI9 -> 0
A12: =ESTADISTICA!A10 -> ALTAMIRA | B12: =ESTADISTICA!B10 -> ALT 09 | C12: =ESTADISTICA!C10 -> NECOCHEA Y CURUPAITY | D12: =ESTADISTICA!D10 -> DOMO | E12: =ESTADISTICA!E10 -> Fibra Optica | F12: =ESTADISTICA!F10 -> 0 | G12: =ESTADISTICA!G10 -> 0 | H12: =ESTADISTICA!H10 -> 0 | ... AI12: =ESTADISTICA!AI10 -> 0
A13: =ESTADISTICA!A11 -> ALTAMIRA | B13: =ESTADISTICA!B11 -> ALT 10 | C13: =ESTADISTICA!C11 -> Calchaqui y Francia | D13: =ESTADISTICA!D11 -> Domo | E13: =ESTADISTICA!E11 -> Radio | F13: =ESTADISTICA!F11 -> APAGADO | G13: =ESTADISTICA!G11 -> APAGADO | H13: =ESTADISTICA!H11 -> APAGADO | ... AI13: =ESTADISTICA!AI11 -> 0
A14: =ESTADISTICA!A12 -> AGUSTIN RAMIREZ | B14: =ESTADISTICA!B12 -> ARA 01 | C14: =ESTADISTICA!C12 -> Malambo y Tranquera | D14: =ESTADISTICA!D12 -> Domo | E14: =ESTADISTICA!E12 -> FIBRA OPTICA | F14: =ESTADISTICA!F12 -> 0 | G14: =ESTADISTICA!G12 -> 0 | H14: =ESTADISTICA!H12 -> APAGADO | ... AI14: =ESTADISTICA!AI12 -> 0
... A278: =ESTADISTICA!A276 -> SAN EMILIO | B278: =ESTADISTICA!B276 -> SEMI 02 | C278: =ESTADISTICA!C276 -> Cno. Gral. Belgrano y Francia | D278: =ESTADISTICA!D276 -> Domo | E278: =ESTADISTICA!E276 -> FIBRA OPTICA | F278: =ESTADISTICA!F276 -> APAGADO | G278: =ESTADISTICA!G276 -> APAGADO | H278: =ESTADISTICA!H276 -> APAGADO | ... AI278: =ESTADISTICA!AI276 -> 0
B279: =ESTADISTICA!B277 -> SEMI03 (fija 1) | C279: =ESTADISTICA!C277 -> GORRITI E/ GALARZA Y LOPE DE VEGA | D279: =ESTADISTICA!D277 -> Fija | E279: =ESTADISTICA!E277 -> Fibra Optica | F279: =ESTADISTICA!F277 -> 0 | G279: =ESTADISTICA!G277 -> 0 | H279: =ESTADISTICA!H277 -> 0 | I279: =ESTADISTICA!I277 -> 0 | ... AI279: =ESTADISTICA!AI277 -> 0
A280: =ESTADISTICA!A278 -> SAN EMILIO | B280: =ESTADISTICA!B278 -> SEMI04 (fija 2) | C280: =ESTADISTICA!C278 -> GORRITI E/ GALARZA Y LOPE DE VEGA | D280: =ESTADISTICA!D278 -> Fija | E280: =ESTADISTICA!E278 -> Fibra Optica | F280: =ESTADISTICA!F278 -> 0 | G280: =ESTADISTICA!G278 -> 0 | H280: =ESTADISTICA!H278 -> 0 | ... AI280: =ESTADISTICA!AI278 -> 0
A281: =ESTADISTICA!A279 -> LA SIRENA | B281: =ESTADISTICA!B279 -> SIR01 | C281: =ESTADISTICA!C279 -> Moran y Calle 14 | D281: =ESTADISTICA!D279 -> DOMO | E281: =ESTADISTICA!E279 -> Radio | F281: =ESTADISTICA!F279 -> 0 | G281: =ESTADISTICA!G279 -> 0 | H281: =ESTADISTICA!H279 -> 0 | ... AI281: =ESTADISTICA!AI279 -> 0
A282: =ESTADISTICA!A280 -> SAN EDUARDO | B282: =ESTADISTICA!B280 -> SIR 02 | C282: =ESTADISTICA!C280 -> Victorino de la Plaza y Argentina | D282: =ESTADISTICA!D280 -> Domo | E282: =ESTADISTICA!E280 -> Radio | F282: =ESTADISTICA!F280 -> 0 | G282: =ESTADISTICA!G280 -> 0 | H282: =ESTADISTICA!H280 -> APAGADO | ... AI282: =ESTADISTICA!AI280 -> 0
A283: =ESTADISTICA!A281 -> SAN EDUARDO | B283: =ESTADISTICA!B281 -> SIR 03 | C283: =ESTADISTICA!C281 -> MONTES Y LONARDI | D283: =ESTADISTICA!D281 -> DOMO | E283: =ESTADISTICA!E281 -> Radio | F283: =ESTADISTICA!F281 -> 0 | G283: =ESTADISTICA!G281 -> 0 | H283: =ESTADISTICA!H281 -> 0 | ... AI283: =ESTADISTICA!AI281 -> 0
A284: =ESTADISTICA!A282 -> LA SIRENA | B284: =ESTADISTICA!B282 -> SIR 04 | C284: =ESTADISTICA!C282 -> AV. MONTEVERDE Y MORAN | D284: =ESTADISTICA!D282 -> Domo | E284: =ESTADISTICA!E282 -> Fibra Optica | F284: =ESTADISTICA!F282 -> 0 | G284: =ESTADISTICA!G282 -> 0 | H284: =ESTADISTICA!H282 -> 0 | ... AI284: =ESTADISTICA!AI282 -> 0
A285: =ESTADISTICA!A283 -> LA SIRENA | B285: =ESTADISTICA!B283 -> SIR 05 (FIJA 01) | C285: =ESTADISTICA!C283 -> AV. MONTEVERDE Y MORAN | D285: =ESTADISTICA!D283 -> Fija | E285: =ESTADISTICA!E283 -> Fibra Optica | F285: =ESTADISTICA!F283 -> 0 | G285: =ESTADISTICA!G283 -> 0 | H285: =ESTADISTICA!H283 -> 0 | ... AI285: =ESTADISTICA!AI283 -> 0
A286: =ESTADISTICA!A284 -> LA SIRENA | B286: =ESTADISTICA!B284 -> SIR 06 (FIJA 02) | C286: =ESTADISTICA!C284 -> AV. MONTEVERDE Y MORAN | D286: =ESTADISTICA!D284 -> Fija | E286: =ESTADISTICA!E284 -> Fibra Optica | F286: =ESTADISTICA!F284 -> 0 | G286: =ESTADISTICA!G284 -> 0 | H286: =ESTADISTICA!H284 -> 0 | ... AI286: =ESTADISTICA!AI284 -> 0
A287: =ESTADISTICA!A285 -> VILLA AURORA | B287: =ESTADISTICA!B285 -> SIR07 (fija 1) | C287: =ESTADISTICA!C285 -> MONTEVERDE Y URIBURU | D287: =ESTADISTICA!D285 -> Fija | E287: =ESTADISTICA!E285 -> Fibra Optica | F287: =ESTADISTICA!F285 -> 0 | G287: =ESTADISTICA!G285 -> 0 | H287: =ESTADISTICA!H285 -> 0 | ... AI287: =ESTADISTICA!AI285 -> 0
A288: =ESTADISTICA!A286 -> VILLA AURORA | B288: =ESTADISTICA!B286 -> SIR08 (fija 2) | C288: =ESTADISTICA!C286 -> MONTEVERDE Y URIBURU | D288: =ESTADISTICA!D286 -> Fija | E288: =ESTADISTICA!E286 -> Fibra Optica | F288: =ESTADISTICA!F286 -> 0 | G288: =ESTADISTICA!G286 -> 0 | H288: =ESTADISTICA!H286 -> 0 | ... AI288: =ESTADISTICA!AI286 -> 0
A289: =ESTADISTICA!A287 -> LA SIRENA | B289: =ESTADISTICA!B287 -> SIR09 (fija 1) | C289: =ESTADISTICA!C287 -> GUIDO SPANO Y MORAN | D289: =ESTADISTICA!D287 -> Fija | E289: =ESTADISTICA!E287 -> Fibra Optica | F289: =ESTADISTICA!F287 -> 0 | G289: =ESTADISTICA!G287 -> 0 | H289: =ESTADISTICA!H287 -> 0 | ... AI289: =ESTADISTICA!AI287 -> 0
A290: =ESTADISTICA!A288 -> LA SIRENA | B290: =ESTADISTICA!B288 -> SIR10 (fija 2) | C290: =ESTADISTICA!C288 -> GUIDO SPANO Y MORAN | D290: =ESTADISTICA!D288 -> Fija | E290: =ESTADISTICA!E288 -> Fibra Optica | F290: =ESTADISTICA!F288 -> 0 | G290: =ESTADISTICA!G288 -> 0 | H290: =ESTADISTICA!H288 -> 0 | ... AI290: =ESTADISTICA!AI288 -> 0
A291: =ESTADISTICA!A289 -> LA SIRENA | B291: =ESTADISTICA!B289 -> SIR11 (fija 1) | C291: =ESTADISTICA!C289 -> LARREA Y GUARDIA NACIONAL | D291: =ESTADISTICA!D289 -> Fija | E291: =ESTADISTICA!E289 -> Fibra Optica | F291: =ESTADISTICA!F289 -> 0 | G291: =ESTADISTICA!G289 -> 0 | H291: =ESTADISTICA!H289 -> 0 | ... AI291: =ESTADISTICA!AI289 -> 0
... A454: =ESTADISTICA!A452 -> 0 | B454: =ESTADISTICA!B452 -> 0 | C454: =ESTADISTICA!C452 -> 0 | D454: =ESTADISTICA!D452 -> 0 | E454: =ESTADISTICA!E452 -> 0 | F454: =ESTADISTICA!F452 -> 0 | G454: =ESTADISTICA!G452 -> 0 | H454: =ESTADISTICA!H452 -> 0 | ... AI454: =ESTADISTICA!AI452 -> 0

Sheet APAGADOS RADIO
C1: TOTAL RADIO | D1: =COUNTIFS(E4:E400,"=radio") -> 93
E2: APAGADOS | F2: =COUNTIFS(F4:F500, "=APAGADO",E4:E500,"=radio") -> 4 | G2: =COUNTIFS(G4:G500, "=APAGADO",E4:E500,"=radio") -> 1 | H2: =COUNTIFS(H4:H500, "=APAGADO",E4:E500,"=radio") -> 45 | I2: =COUNTIFS(I4:I500, "=APAGADO",E4:E500,"=radio") -> 4 | J2: =COUNTIFS(J4:J500, "=APAGADO",E4:E500,"=radio") -> 2 | K2: =COUNTIFS(K4:K500, "=APAGADO",E4:E500,"=radio") -> 0 | L2: =COUNTIFS(L4:L500, "=APAGADO",E4:E500,"=radio") -> 1 | M2: =COUNTIFS(M4:M500, "=APAGADO",E4:E500,"=radio") -> 0 | N2: =COUNTIFS(N4:N500, "=APAGADO",E4:E500,"=radio") -> 4 | O2: =COUNTIFS(O4:O500, "=APAGADO",E4:E500,"=radio") -> 3 | P2: =COUNTIFS(P4:P500, "=APAGADO",E4:E500,"=radio") -> 4 | Q2: =COUNTIFS(Q4:Q367, "=APAGADO",E4:E367,"=radio") -> 3 | R2: =COUNTIFS(R4:R367, "=APAGADO",E4:E367,"=radio") -> 8 | S2: =COUNTIFS(S4:S367, "=APAGADO",E4:E367,"=radio") -> 1 | T2: =COUNTIFS(T4:T367, "=APAGADO",E4:E367,"=radio") -> 2 | U2: =COUNTIFS(U4:U367, "=APAGADO",E4:E367,"=radio") -> 3 | V2: =COUNTIFS(V4:V367, "=APAGADO",E4:E367,"=radio") -> 0 | W2: =COUNTIFS(W4:W367, "=APAGADO",E4:E367,"=radio") -> 3 | X2: =COUNTIFS(X4:X367, "=APAGADO",E4:E367,"=radio") -> 5 | Y2: =COUNTIFS(Y4:Y367, "=APAGADO",E4:E367,"=radio") -> 7 | Z2: =COUNTIFS(Z4:Z367, "=APAGADO",E4:E367,"=radio") -> 2 | AA2: =COUNTIFS(AA4:AA367, "=APAGADO",E4:E367,"=radio") -> 4 | AB2: =COUNTIFS(AB4:AB367, "=APAGADO",E4:E367,"=radio") -> 8 | AC2: =COUNTIFS(AC4:AC367, "=APAGADO",E4:E367,"=radio") -> 3 | AD2: =COUNTIFS(AD4:AD367, "=APAGADO",E4:E367,"=radio") -> 4 | AE2: =COUNTIFS(AE4:AE500, "=APAGADO",E4:E500,"=radio") -> 3 | AF2: =COUNTIFS(AF4:AF500, "=APAGADO",E4:E500,"=radio") -> 3 | AG2: =COUNTIFS(AG4:AG500, "=APAGADO",E4:E500,"=radio") -> 2 | AH2: =COUNTIFS(AH4:AH400, "=APAGADO",E4:E400,"=radio") -> 1 | AI2: =COUNTIFS(AI4:AI500, "=APAGADO",E4:E500,"=radio") -> 3
A3: =ESTADISTICA!A1 -> Barrio | B3: =ESTADISTICA!B1 -> [Denominacion] | C3: =ESTADISTICA!C1 -> [Ubicacion] | D3: =ESTADISTICA!D1 -> [Tipo de Camara] | E3: =ESTADISTICA!E1 -> [Tipo de Conexion] | F3: =ESTADISTICA!F1 -> 44835 | G3: =ESTADISTICA!G1 -> 44836 | H3: =ESTADISTICA!H1 -> 44837 | ... AI3: =ESTADISTICA!AI1 -> 44864
A4: =ESTADISTICA!A2 -> ALTAMIRA | B4: =ESTADISTICA!B2 -> ALT01 | C4: =ESTADISTICA!C2 -> Calchaqui y Sgto. Cabral | D4: =ESTADISTICA!D2 -> Domo | E4: =ESTADISTICA!E2 -> Fibra Optica | F4: =ESTADISTICA!F2 -> 0 | G4: =ESTADISTICA!G2 -> 0 | H4: =ESTADISTICA!H2 -> APAGADO | ... AI4: =ESTADISTICA!AI2 -> 0
A5: =ESTADISTICA!A3 -> ALTAMIRA | B5: =ESTADISTICA!B3 -> ALT02 | C5: =ESTADISTICA!C3 -> Calchaqui y Lope de Vega | D5: =ESTADISTICA!D3 -> Domo | E5: =ESTADISTICA!E3 -> PTO A FO | F5: =ESTADISTICA!F3 -> 0 | G5: =ESTADISTICA!G3 -> 0 | H5: =ESTADISTICA!H3 -> APAGADO | ... AI5: =ESTADISTICA!AI3 -> 0
A6: =ESTADISTICA!A4 -> ALTAMIRA | B6: =ESTADISTICA!B4 -> ALT 03 | C6: =ESTADISTICA!C4 -> Bombero Galarza y Necochea | D6: =ESTADISTICA!D4 -> Domo | E6: =ESTADISTICA!E4 -> FIBRA OPTICA | F6: =ESTADISTICA!F4 -> 0 | G6: =ESTADISTICA!G4 -> 0 | H6: =ESTADISTICA!H4 -> 0 | ... AI6: =ESTADISTICA!AI4 -> 0
A7: =ESTADISTICA!A5 -> ALTAMIRA | B7: =ESTADISTICA!B5 -> ALT 04 | C7: =ESTADISTICA!C5 -> Francia y Necochea | D7: =ESTADISTICA!D5 -> Domo | E7: =ESTADISTICA!E5 -> FIBRA OPTICA | F7: =ESTADISTICA!F5 -> APAGADO | G7: =ESTADISTICA!G5 -> APAGADO | H7: =ESTADISTICA!H5 -> APAGADO | ... AI7: =ESTADISTICA!AI5 -> 0
A8: =ESTADISTICA!A6 -> ALTAMIRA | B8: =ESTADISTICA!B6 -> ALT05 | C8: =ESTADISTICA!C6 -> Av. Calchaqui y Bombero Galarza | D8: =ESTADISTICA!D6 -> Domo | E8: =ESTADISTICA!E6 -> PTO A FO | F8: =ESTADISTICA!F6 -> APAGADO | G8: =ESTADISTICA!G6 -> APAGADO | H8: =ESTADISTICA!H6 -> APAGADO | ... AI8: =ESTADISTICA!AI6 -> 0
A9: =ESTADISTICA!A7 -> ALTAMIRA | B9: =ESTADISTICA!B7 -> ALT 06 | C9: =ESTADISTICA!C7 -> LOPE DE VEGA Y NECOCHEA | D9: =ESTADISTICA!D7 -> Domo | E9: =ESTADISTICA!E7 -> PTO A FO | F9: =ESTADISTICA!F7 -> 0 | G9: =ESTADISTICA!G7 -> 0 | H9: =ESTADISTICA!H7 -> APAGADO | ... AI9: =ESTADISTICA!AI7 -> 0
A10: =ESTADISTICA!A8 -> ALTAMIRA | B10: =ESTADISTICA!B8 -> ALT07 | C10: =ESTADISTICA!C8 -> AV. CALCHAQUI Y AV. DEL TRABAJO | D10: =ESTADISTICA!D8 -> DOMO | E10: =ESTADISTICA!E8 -> PTO A FO | F10: =ESTADISTICA!F8 -> 0 | G10: =ESTADISTICA!G8 -> 0 | H10: =ESTADISTICA!H8 -> 0 | ... AI10: =ESTADISTICA!AI8 -> 0
A11: =ESTADISTICA!A9 -> ALTAMIRA | B11: =ESTADISTICA!B9 -> ALT 08 | C11: =ESTADISTICA!C9 -> HUMAITA Y NECOCHEA | D11: =ESTADISTICA!D9 -> DOMO | E11: =ESTADISTICA!E9 -> Fibra Optica | F11: =ESTADISTICA!F9 -> 0 | G11: =ESTADISTICA!G9 -> 0 | H11: =ESTADISTICA!H9 -> 0 | ... AI11: =ESTADISTICA!AI9 -> 0
A12: =ESTADISTICA!A10 -> ALTAMIRA | B12: =ESTADISTICA!B10 -> ALT 09 | C12: =ESTADISTICA!C10 -> NECOCHEA Y CURUPAITY | D12: =ESTADISTICA!D10 -> DOMO | E12: =ESTADISTICA!E10 -> Fibra Optica | F12: =ESTADISTICA!F10 -> 0 | G12: =ESTADISTICA!G10 -> 0 | H12: =ESTADISTICA!H10 -> 0 | ... AI12: =ESTADISTICA!AI10 -> 0
A13: =ESTADISTICA!A11 -> ALTAMIRA | B13: =ESTADISTICA!B11 -> ALT 10 | C13: =ESTADISTICA!C11 -> Calchaqui y Francia | D13: =ESTADISTICA!D11 -> Domo | E13: =ESTADISTICA!E11 -> Radio | F13: =ESTADISTICA!F11 -> APAGADO | G13: =ESTADISTICA!G11 -> APAGADO | H13: =ESTADISTICA!H11 -> APAGADO | ... AI13: =ESTADISTICA!AI11 -> 0
A14: =ESTADISTICA!A12 -> AGUSTIN RAMIREZ | B14: =ESTADISTICA!B12 -> ARA 01 | C14: =ESTADISTICA!C12 -> Malambo y Tranquera | D14: =ESTADISTICA!D12 -> Domo | E14: =ESTADISTICA!E12 -> FIBRA OPTICA | F14: =ESTADISTICA!F12 -> 0 | G14: =ESTADISTICA!G12 -> 0 | H14: =ESTADISTICA!H12 -> APAGADO | ... AI14: =ESTADISTICA!AI12 -> 0
... A278: =ESTADISTICA!A276 -> SAN EMILIO | B278: =ESTADISTICA!B276 -> SEMI 02 | C278: =ESTADISTICA!C276 -> Cno. Gral. Belgrano y Francia | D278: =ESTADISTICA!D276 -> Domo | E278: =ESTADISTICA!E276 -> FIBRA OPTICA | F278: =ESTADISTICA!F276 -> APAGADO | G278: =ESTADISTICA!G276 -> APAGADO | H278: =ESTADISTICA!H276 -> APAGADO | ... AI278: =ESTADISTICA!AI276 -> 0
B279: =ESTADISTICA!B277 -> SEMI03 (fija 1) | C279: =ESTADISTICA!C277 -> GORRITI E/ GALARZA Y LOPE DE VEGA | D279: =ESTADISTICA!D277 -> Fija | E279: =ESTADISTICA!E277 -> Fibra Optica | F279: =ESTADISTICA!F277 -> 0 | G279: =ESTADISTICA!G277 -> 0 | H279: =ESTADISTICA!H277 -> 0 | I279: =ESTADISTICA!I277 -> 0 | ... AI279: =ESTADISTICA!AI277 -> 0
A280: =ESTADISTICA!A278 -> SAN EMILIO | B280: =ESTADISTICA!B278 -> SEMI04 (fija 2) | C280: =ESTADISTICA!C278 -> GORRITI E/ GALARZA Y LOPE DE VEGA | D280: =ESTADISTICA!D278 -> Fija | E280: =ESTADISTICA!E278 -> Fibra Optica | F280: =ESTADISTICA!F278 -> 0 | G280: =ESTADISTICA!G278 -> 0 | H280: =ESTADISTICA!H278 -> 0 | ... AI280: =ESTADISTICA!AI278 -> 0
A281: =ESTADISTICA!A279 -> LA SIRENA | B281: =ESTADISTICA!B279 -> SIR01 | C281: =ESTADISTICA!C279 -> Moran y Calle 14 | D281: =ESTADISTICA!D279 -> DOMO | E281: =ESTADISTICA!E279 -> Radio | F281: =ESTADISTICA!F279 -> 0 | G281: =ESTADISTICA!G279 -> 0 | H281: =ESTADISTICA!H279 -> 0 | ... AI281: =ESTADISTICA!AI279 -> 0
A282: =ESTADISTICA!A280 -> SAN EDUARDO | B282: =ESTADISTICA!B280 -> SIR 02 | C282: =ESTADISTICA!C280 -> Victorino de la Plaza y Argentina | D282: =ESTADISTICA!D280 -> Domo | E282: =ESTADISTICA!E280 -> Radio | F282: =ESTADISTICA!F280 -> 0 | G282: =ESTADISTICA!G280 -> 0 | H282: =ESTADISTICA!H280 -> APAGADO | ... AI282: =ESTADISTICA!AI280 -> 0
A283: =ESTADISTICA!A281 -> SAN EDUARDO | B283: =ESTADISTICA!B281 -> SIR 03 | C283: =ESTADISTICA!C281 -> MONTES Y LONARDI | D283: =ESTADISTICA!D281 -> DOMO | E283: =ESTADISTICA!E281 -> Radio | F283: =ESTADISTICA!F281 -> 0 | G283: =ESTADISTICA!G281 -> 0 | H283: =ESTADISTICA!H281 -> 0 | ... AI283: =ESTADISTICA!AI281 -> 0
A284: =ESTADISTICA!A282 -> LA SIRENA | B284: =ESTADISTICA!B282 -> SIR 04 | C284: =ESTADISTICA!C282 -> AV. MONTEVERDE Y MORAN | D284: =ESTADISTICA!D282 -> Domo | E284: =ESTADISTICA!E282 -> Fibra Optica | F284: =ESTADISTICA!F282 -> 0 | G284: =ESTADISTICA!G282 -> 0 | H284: =ESTADISTICA!H282 -> 0 | ... AI284: =ESTADISTICA!AI282 -> 0
A285: =ESTADISTICA!A283 -> LA SIRENA | B285: =ESTADISTICA!B283 -> SIR 05 (FIJA 01) | C285: =ESTADISTICA!C283 -> AV. MONTEVERDE Y MORAN | D285: =ESTADISTICA!D283 -> Fija | E285: =ESTADISTICA!E283 -> Fibra Optica | F285: =ESTADISTICA!F283 -> 0 | G285: =ESTADISTICA!G283 -> 0 | H285: =ESTADISTICA!H283 -> 0 | ... AI285: =ESTADISTICA!AI283 -> 0
A286: =ESTADISTICA!A284 -> LA SIRENA | B286: =ESTADISTICA!B284 -> SIR 06 (FIJA 02) | C286: =ESTADISTICA!C284 -> AV. MONTEVERDE Y MORAN | D286: =ESTADISTICA!D284 -> Fija | E286: =ESTADISTICA!E284 -> Fibra Optica | F286: =ESTADISTICA!F284 -> 0 | G286: =ESTADISTICA!G284 -> 0 | H286: =ESTADISTICA!H284 -> 0 | ... AI286: =ESTADISTICA!AI284 -> 0
A287: =ESTADISTICA!A285 -> VILLA AURORA | B287: =ESTADISTICA!B285 -> SIR07 (fija 1) | C287: =ESTADISTICA!C285 -> MONTEVERDE Y URIBURU | D287: =ESTADISTICA!D285 -> Fija | E287: =ESTADISTICA!E285 -> Fibra Optica | F287: =ESTADISTICA!F285 -> 0 | G287: =ESTADISTICA!G285 -> 0 | H287: =ESTADISTICA!H285 -> 0 | ... AI287: =ESTADISTICA!AI285 -> 0
A288: =ESTADISTICA!A286 -> VILLA AURORA | B288: =ESTADISTICA!B286 -> SIR08 (fija 2) | C288: =ESTADISTICA!C286 -> MONTEVERDE Y URIBURU | D288: =ESTADISTICA!D286 -> Fija | E288: =ESTADISTICA!E286 -> Fibra Optica | F288: =ESTADISTICA!F286 -> 0 | G288: =ESTADISTICA!G286 -> 0 | H288: =ESTADISTICA!H286 -> 0 | ... AI288: =ESTADISTICA!AI286 -> 0
A289: =ESTADISTICA!A287 -> LA SIRENA | B289: =ESTADISTICA!B287 -> SIR09 (fija 1) | C289: =ESTADISTICA!C287 -> GUIDO SPANO Y MORAN | D289: =ESTADISTICA!D287 -> Fija | E289: =ESTADISTICA!E287 -> Fibra Optica | F289: =ESTADISTICA!F287 -> 0 | G289: =ESTADISTICA!G287 -> 0 | H289: =ESTADISTICA!H287 -> 0 | ... AI289: =ESTADISTICA!AI287 -> 0
A290: =ESTADISTICA!A288 -> LA SIRENA | B290: =ESTADISTICA!B288 -> SIR10 (fija 2) | C290: =ESTADISTICA!C288 -> GUIDO SPANO Y MORAN | D290: =ESTADISTICA!D288 -> Fija | E290: =ESTADISTICA!E288 -> Fibra Optica | F290: =ESTADISTICA!F288 -> 0 | G290: =ESTADISTICA!G288 -> 0 | H290: =ESTADISTICA!H288 -> 0 | ... AI290: =ESTADISTICA!AI288 -> 0
A291: =ESTADISTICA!A289 -> LA SIRENA | B291: =ESTADISTICA!B289 -> SIR11 (fija 1) | C291: =ESTADISTICA!C289 -> LARREA Y GUARDIA NACIONAL | D291: =ESTADISTICA!D289 -> Fija | E291: =ESTADISTICA!E289 -> Fibra Optica | F291: =ESTADISTICA!F289 -> 0 | G291: =ESTADISTICA!G289 -> 0 | H291: =ESTADISTICA!H289 -> 0 | ... AI291: =ESTADISTICA!AI289 -> 0
... A437: =ESTADISTICA!A435 -> 0 | B437: =ESTADISTICA!B435 -> 0 | C437: =ESTADISTICA!C435 -> 0 | D437: =ESTADISTICA!D435 -> 0 | E437: =ESTADISTICA!E435 -> 0 | F437: =ESTADISTICA!F435 -> 0 | G437: =ESTADISTICA!G435 -> 0 | H437: =ESTADISTICA!H435 -> 0 | ... AI437: =ESTADISTICA!AI435 -> 0

Sheet BARRAS

Sheet informe
B1: CANTIDAD | D1: %
A2: TOTAL | B2: 427 | E2: 44858
A3: CAIDAS | B3: 41 | C3: 41 | D3: =C3/B2 -> 0.096018735
A4: LLEGAMOS NOSOTROS | B4: 2 | C4: =C3-B4 -> 39 | D4: =C4/B2 -> 0.091334895
A5: NO ESTA LA CAMARA | B5: 2 | C5: =C4-B5 -> 37 | D5: =C5/B2 -> 0.086651054
A6: RADIO | B6: 3 | C6: =C5-B6 -> 34 | D6: =C6/B2 -> 0.079625293
A7: TOTAL | B7: 427 | E7: 44859
A8: CAIDAS | B8: 42 | C8: 42 | D8: =C8/B7 -> 0.098360656
A9: LLEGAMOS NOSOTROS | B9: 2 | C9: =C8-B9 -> 40 | D9: =C9/B7 -> 0.093676815
A10: NO ESTA LA CAMARA | B10: 1 | C10: =C9-B10 -> 39 | D10: =C10/B7 -> 0.091334895
A11: RADIO | B11: 4 | C11: =C10-B11 -> 35 | D11: =C11/B7 -> 0.081967213
A12: TOTAL | B12: 430 | E12: 44860
A13: CAIDAS | B13: 40 | C13: 40 | D13: =C13/B12 -> 0.093023256
A14: LLEGAMOS NOSOTROS | B14: 2 | C14: =C13-B14 -> 38 | D14: =C14/B12 -> 0.088372093
A15: NO ESTA LA CAMARA | B15: 1 | C15: =C14-B15 -> 37 | D15: =C15/B12 -> 0.086046512
A16: RADIO | B16: 3 | C16: =C15-B16 -> 34 | D16: =C16/B12 -> 0.079069767
A17: TOTAL | B17: 430 | E17: 44862
A18: CAIDAS | B18: 48 | C18: 48 | D18: =C18/B17 -> 0.11162791
A19: LLEGAMOS NOSOTROS | B19: 2 | C19: =C18-B19 -> 46 | D19: =C19/B17 -> 0.10697674
A20: NO ESTA LA CAMARA | B20: 1 | C20: =C19-B20 -> 45 | D20: =C20/B17 -> 0.10465116
A21: RADIO | B21: 2 | C21: =C20-B21 -> 43 | D21: =C21/B17 -> 0.1
A22: TOTAL
A23: CAIDAS
A24: LLEGAMOS NOSOTROS
A25: NO ESTA LA CAMARA
A26: RADIO
A27: TOTAL
A28: CAIDAS
A29: LLEGAMOS NOSOTROS
A30: NO ESTA LA CAMARA
A31: RADIO
A32: TOTAL
A33: CAIDAS
... A76: RADIO

Sheet GRAFICO2

Sheet PORCENTAJE

Sheet AUXILIAR
A1: FECHA | B1: RADIO | C1: FIBRA | D1: ANTENA | E1: TOTAL APAGADOS | F1: INSTALADAS | G1: % APAGADOS
A2: ='APAGADOS RADIO'!F3 -> 44835 | B2: ='APAGADOS RADIO'!F2+D2 -> 6 | C2: ='APAGADOS FIBRA'!F2 -> 32 | D2: ='APAGADOS ANTENA'!F2 -> 2 | E2: =B2+C2 -> 38 | F2: ='RESUMEN TOTAL'!B1 -> 430 | G2: =E2/F2 -> 0.088372093
A3: ='APAGADOS RADIO'!G3 -> 44836 | B3: ='APAGADOS RADIO'!G2+D3 -> 4 | C3: ='APAGADOS FIBRA'!G2 -> 34 | D3: ='APAGADOS ANTENA'!G2 -> 3 | E3: =B3+C3 -> 38 | F3: ='RESUMEN TOTAL'!B1 -> 430 | G3: =E3/F3 -> 0.088372093
A4: ='APAGADOS RADIO'!H3 -> 44837 | B4: ='APAGADOS RADIO'!H2+D4 -> 61 | C4: ='APAGADOS FIBRA'!H2 -> 99 | D4: ='APAGADOS ANTENA'!H2 -> 16 | E4: =B4+C4 -> 160 | F4: ='RESUMEN TOTAL'!B1 -> 430 | G4: =E4/F4 -> 0.37209302
A5: ='APAGADOS RADIO'!I3 -> 44838 | B5: ='APAGADOS RADIO'!I2+D5 -> 8 | C5: ='APAGADOS FIBRA'!I2 -> 34 | D5: ='APAGADOS ANTENA'!I2 -> 4 | E5: =B5+C5 -> 42 | F5: ='RESUMEN TOTAL'!B1 -> 430 | G5: =E5/F5 -> 0.097674419
A6: ='APAGADOS RADIO'!J3 -> 44839 | B6: ='APAGADOS RADIO'!J2+D6 -> 5 | C6: ='APAGADOS FIBRA'!J2 -> 31 | D6: ='APAGADOS ANTENA'!J2 -> 3 | E6: =B6+C6 -> 36 | F6: ='RESUMEN TOTAL'!B1 -> 430 | G6: =E6/F6 -> 0.08372093
A7: ='APAGADOS RADIO'!K3 -> 44840 | B7: 6 | C7: 31 | D7: 4 | E7: 37 | F7: 426 | G7: 0.08685446
A8: ='APAGADOS RADIO'!L3 -> 44841 | B8: ='APAGADOS RADIO'!L2+D8 -> 4 | C8: ='APAGADOS FIBRA'!L2 -> 31 | D8: ='APAGADOS ANTENA'!L2 -> 3 | E8: =B8+C8 -> 35 | F8: ='RESUMEN TOTAL'!B1 -> 430 | G8: =E8/F8 -> 0.081395349
A9: ='APAGADOS RADIO'!M3 -> 44842 | B9: 5 | C9: 30 | D9: 4 | E9: 35 | F9: 426 | G9: 0.082159624
A10: ='APAGADOS RADIO'!N3 -> 44843 | B10: ='APAGADOS RADIO'!N2+D10 -> 8 | C10: ='APAGADOS FIBRA'!N2 -> 38 | D10: ='APAGADOS ANTENA'!N2 -> 4 | E10: =B10+C10 -> 46 | F10: ='RESUMEN TOTAL'!B1 -> 430 | G10: =E10/F10 -> 0.10697674
A11: ='APAGADOS RADIO'!O3 -> 44844 | B11: ='APAGADOS RADIO'!O2+D11 -> 8 | C11: ='APAGADOS FIBRA'!O2 -> 37 | D11: ='APAGADOS ANTENA'!O2 -> 5 | E11: =B11+C11 -> 45 | F11: ='RESUMEN TOTAL'!B1 -> 430 | G11: =E11/F11 -> 0.10465116
A12: ='APAGADOS RADIO'!P3 -> 44845 | B12: ='APAGADOS RADIO'!P2+D12 -> 7 | C12: ='APAGADOS FIBRA'!P2 -> 37 | D12: ='APAGADOS ANTENA'!P2 -> 3 | E12: =B12+C12 -> 44 | F12: ='RESUMEN TOTAL'!B1 -> 430 | G12: =E12/F12 -> 0.10232558
A13: ='APAGADOS RADIO'!Q3 -> 44846 | B13: ='APAGADOS RADIO'!Q2+D13 -> 6 | C13: ='APAGADOS FIBRA'!Q2 -> 30 | D13: ='APAGADOS ANTENA'!Q2 -> 3 | E13: =B13+C13 -> 36 | F13: ='RESUMEN TOTAL'!B1 -> 430 | G13: =E13/F13 -> 0.08372093
A14: ='APAGADOS RADIO'!R3 -> 44847 | B14: ='APAGADOS RADIO'!R2+D14 -> 11 | C14: ='APAGADOS FIBRA'!R2 -> 39 | D14: ='APAGADOS ANTENA'!R2 -> 3 | E14: =B14+C14 -> 50 | F14: ='RESUMEN TOTAL'!B1 -> 430 | G14: =E14/F14 -> 0.11627907
A15: ='APAGADOS RADIO'!S3 -> 44848 | B15: ='APAGADOS RADIO'!S2+D15 -> 4 | C15: ='APAGADOS FIBRA'!S2 -> 26 | D15: ='APAGADOS ANTENA'!S2 -> 3 | E15: =B15+C15 -> 30 | F15: ='RESUMEN TOTAL'!B1 -> 430 | G15: =E15/F15 -> 0.069767442
A16: ='APAGADOS RADIO'!T3 -> 44849 | B16: ='APAGADOS RADIO'!T2+D16 -> 6 | C16: ='APAGADOS FIBRA'!T2 -> 25 | D16: ='APAGADOS ANTENA'!T2 -> 4 | E16: =B16+C16 -> 31 | F16: ='RESUMEN TOTAL'!B1 -> 430 | G16: =E16/F16 -> 0.072093023
A17: ='APAGADOS RADIO'!U3 -> 44850 | B17: ='APAGADOS RADIO'!U2+D17 -> 9 | C17: ='APAGADOS FIBRA'!U2 -> 47 | D17: ='APAGADOS ANTENA'!U2 -> 6 | E17: =B17+C17 -> 56 | F17: ='RESUMEN TOTAL'!B1 -> 430 | G17: =E17/F17 -> 0.13023256
A18: ='APAGADOS RADIO'!V3 -> 44851 | B18: 10 | C18: 47 | D18: 7 | E18: 57 | F18: ='RESUMEN TOTAL'!B1 -> 430 | G18: =E18/F18 -> 0.13255814
A19: ='APAGADOS RADIO'!W3 -> 44852 | B19: ='APAGADOS RADIO'!W2+D19 -> 5 | C19: ='APAGADOS FIBRA'!W2 -> 40 | D19: ='APAGADOS ANTENA'!W2 -> 2 | E19: =B19+C19 -> 45 | F19: ='RESUMEN TOTAL'!B1 -> 430 | G19: =E19/F19 -> 0.10465116
A20: ='APAGADOS RADIO'!X3 -> 44853 | B20: ='APAGADOS RADIO'!X2+D20 -> 16 | C20: ='APAGADOS FIBRA'!X2 -> 78 | D20: ='APAGADOS ANTENA'!X2 -> 11 | E20: =B20+C20 -> 94 | F20: ='RESUMEN TOTAL'!B1 -> 430 | G20: =E20/F20 -> 0.21860465
A21: ='APAGADOS RADIO'!Y3 -> 44854 | B21: ='APAGADOS RADIO'!Y2+D21 -> 10 | C21: ='APAGADOS FIBRA'!Y2 -> 38 | D21: ='APAGADOS ANTENA'!Y2 -> 3 | E21: =B21+C21 -> 48 | F21: ='RESUMEN TOTAL'!B1 -> 430 | G21: =E21/F21 -> 0.11162791
A22: ='APAGADOS RADIO'!Z3 -> 44855 | B22: ='APAGADOS RADIO'!Z2+D22 -> 5 | C22: ='APAGADOS FIBRA'!Z2 -> 33 | D22: ='APAGADOS ANTENA'!Z2 -> 3 | E22: =B22+C22 -> 38 | F22: ='RESUMEN TOTAL'!B1 -> 430 | G22: =E22/F22 -> 0.088372093
A23: ='APAGADOS RADIO'!AA3 -> 44856 | B23: ='APAGADOS RADIO'!AA2+D23 -> 9 | C23: ='APAGADOS FIBRA'!AA2 -> 32 | D23: ='APAGADOS ANTENA'!AA2 -> 5 | E23: =B23+C23 -> 41 | F23: ='RESUMEN TOTAL'!B1 -> 430 | G23: =E23/F23 -> 0.095348837
A24: ='APAGADOS RADIO'!AB3 -> 44857 | B24: ='APAGADOS RADIO'!AB2+D24 -> 13 | C24: ='APAGADOS FIBRA'!AB2 -> 40 | D24: ='APAGADOS ANTENA'!AB2 -> 5 | E24: =B24+C24 -> 53 | F24: ='RESUMEN TOTAL'!B1 -> 430 | G24: =E24/F24 -> 0.12325581
A25: ='APAGADOS RADIO'!AC3 -> 44858 | B25: ='APAGADOS RADIO'!AC2+D25 -> 6 | C25: ='APAGADOS FIBRA'!AC2 -> 31 | D25: ='APAGADOS ANTENA'!AC2 -> 3 | E25: =B25+C25 -> 37 | F25: ='RESUMEN TOTAL'!B1 -> 430 | G25: =E25/F25 -> 0.086046512
A26: ='APAGADOS RADIO'!AD3 -> 44859 | B26: ='APAGADOS RADIO'!AD2+D26 -> 7 | C26: ='APAGADOS FIBRA'!AD2 -> 30 | D26: ='APAGADOS ANTENA'!AD2 -> 3 | E26: =B26+C26 -> 37 | F26: ='RESUMEN TOTAL'!B1 -> 430 | G26: =E26/F26 -> 0.086046512
A27: ='APAGADOS RADIO'!AE3 -> 44860 | B27: ='APAGADOS RADIO'!AE2+D27 -> 6 | C27: ='APAGADOS FIBRA'!AE2 -> 34 | D27: ='APAGADOS ANTENA'!AE2 -> 3 | E27: =B27+C27 -> 40 | F27: ='RESUMEN TOTAL'!B1 -> 430 | G27: =E27/F27 -> 0.093023256
A28: ='APAGADOS RADIO'!AF3 -> 44861 | B28: ='APAGADOS RADIO'!AF2+D28 -> 8 | C28: ='APAGADOS FIBRA'!AF2 -> 39 | D28: ='APAGADOS ANTENA'!AF2 -> 5 | E28: =B28+C28 -> 47 | F28: ='RESUMEN TOTAL'!B1 -> 430 | G28: =E28/F28 -> 0.10930233
A29: ='APAGADOS RADIO'!AG3 -> 44862 | B29: ='APAGADOS RADIO'!AG2+D29 -> 6 | C29: ='APAGADOS FIBRA'!AG2 -> 42 | D29: ='APAGADOS ANTENA'!AG2 -> 4 | E29: =B29+C29 -> 48 | F29: ='RESUMEN TOTAL'!B1 -> 430 | G29: =E29/F29 -> 0.11162791
A30: ='APAGADOS RADIO'!AH3 -> 44863

Sheet Hoja2
C3: CAMARAS | D3: 44862
B4: BONOMO | C4: =COUNTIFS('RESUMEN TOTAL'!C5:C501,"=BONOMO") -> 225 | D4: 38
D5: 0.16888889
B6: COSEIDI | C6: =COUNTIFS('RESUMEN TOTAL'!C5:C501,"=COSEIDI") -> 205 | D6: 10
D7: 0.048780488

Sheet Hoja1
B1: CAMARAS
A2: BONOMO | B2: =COUNTIFS('RESUMEN TOTAL'!C5:C500,"=BONOMO") -> 225 | F2: 44835 | G2: 44836 | H2: 44837 | I2: 44838 | J2: 44839 | K2: 44840 | L2: 44841 | M2: 44842 | N2: 44843 | O2: 44844 | P2: 44845 | Q2: 44846 | R2: 44847 | S2: 44848 | T2: 44849 | U2: 44850 | V2: 44851 | W2: 44852 | X2: 44853 | Y2: 44854 | Z2: 44855 | AA2: 44856 | AB2: 44857 | AC2: 44858 | AD2: 44859 | AE2: 44860 | AF2: 44861 | AG2: 44862 | AH2: 44863 | AI2: 44864
D3: BONOMO | E3: APAGADAS BONOMO | F3: =COUNTIFS('RESUMEN TOTAL'!C7:C501, "=BONOMO",'RESUMEN TOTAL'!K7:K501,"=APAGADO") -> 37 | G3: =COUNTIFS('RESUMEN TOTAL'!C7:C501, "=BONOMO",'RESUMEN TOTAL'!L7:L501,"=APAGADO") -> 36 | H3: =COUNTIFS('RESUMEN TOTAL'!C7:C501, "=BONOMO",'RESUMEN TOTAL'!M7:M501,"=APAGADO") -> 107 | I3: =COUNTIFS('RESUMEN TOTAL'!C7:C501, "=BONOMO",'RESUMEN TOTAL'!N7:N501,"=APAGADO") -> 40 | J3: =COUNTIFS('RESUMEN TOTAL'!C7:C501, "=BONOMO",'RESUMEN TOTAL'!O7:O501,"=APAGADO") -> 35 | K3: 35 | L3: =COUNTIFS('RESUMEN TOTAL'!C7:C501, "=BONOMO",'RESUMEN TOTAL'!Q7:Q501,"=APAGADO") -> 33 | M3: 33 | N3: =COUNTIFS('RESUMEN TOTAL'!C7:C501, "=BONOMO",'RESUMEN TOTAL'!S7:S501,"=APAGADO") -> 41 | O3: =COUNTIFS('RESUMEN TOTAL'!C7:C501, "=BONOMO",'RESUMEN TOTAL'!T7:T501,"=APAGADO") -> 38 | P3: =COUNTIFS('RESUMEN TOTAL'!C7:C501, "=BONOMO",'RESUMEN TOTAL'!U7:U501,"=APAGADO") -> 37 | Q3: =COUNTIFS('RESUMEN TOTAL'!C7:C501, "=BONOMO",'RESUMEN TOTAL'!V7:V501,"=APAGADO") -> 35 | R3: =COUNTIFS('RESUMEN TOTAL'!C7:C501, "=BONOMO",'RESUMEN TOTAL'!W7:W501,"=APAGADO") -> 48 | S3: =COUNTIFS('RESUMEN TOTAL'!C7:C501, "=BONOMO",'RESUMEN TOTAL'!X7:X501,"=APAGADO") -> 29 | T3: =COUNTIFS('RESUMEN TOTAL'!C7:C501, "=BONOMO",'RESUMEN TOTAL'!Y7:Y501,"=APAGADO") -> 28 | U3: =COUNTIFS('RESUMEN TOTAL'!C7:C501, "=BONOMO",'RESUMEN TOTAL'!Z7:Z501,"=APAGADO") -> 36 | V3: 36 | W3: =COUNTIFS('RESUMEN TOTAL'!C7:C501, "=BONOMO",'RESUMEN TOTAL'!AB7:AB501,"=APAGADO") -> 35 | X3: =COUNTIFS('RESUMEN TOTAL'!C7:C501, "=BONOMO",'RESUMEN TOTAL'!AC7:AC501,"=APAGADO") -> 42 | Y3: =COUNTIFS('RESUMEN TOTAL'!C7:C501, "=BONOMO",'RESUMEN TOTAL'!AD7:AD501,"=APAGADO") -> 36 | Z3: =COUNTIFS('RESUMEN TOTAL'!C7:C501, "=BONOMO",'RESUMEN TOTAL'!AE7:AE501,"=APAGADO") -> 34 | AA3: =COUNTIFS('RESUMEN TOTAL'!C7:C501, "=BONOMO",'RESUMEN TOTAL'!AF7:AF501,"=APAGADO") -> 35 | AB3: =COUNTIFS('RESUMEN TOTAL'!C7:C501, "=BONOMO",'RESUMEN TOTAL'!AG7:AG501,"=APAGADO") -> 46 | AC3: =COUNTIFS('RESUMEN TOTAL'!C7:C501, "=BONOMO",'RESUMEN TOTAL'!AH7:AH501,"=APAGADO") -> 35 | AD3: =COUNTIFS('RESUMEN TOTAL'!C7:C501, "=BONOMO",'RESUMEN TOTAL'!AI7:AI501,"=APAGADO") -> 33 | AE3: =COUNTIFS('RESUMEN TOTAL'!C7:C501, "=BONOMO",'RESUMEN TOTAL'!AJ7:AJ501,"=APAGADO") -> 32 | AF3: =COUNTIFS('RESUMEN TOTAL'!C7:C501, "=BONOMO",'RESUMEN TOTAL'!AK7:AK501,"=APAGADO") -> 36 | AG3: =COUNTIFS('RESUMEN TOTAL'!C7:C501, "=BONOMO",'RESUMEN TOTAL'!AL7:AL501,"=APAGADO") -> 38 | AH3: =COUNTIFS('RESUMEN TOTAL'!C7:C501, "=BONOMO",'RESUMEN TOTAL'!AM7:AM501,"=APAGADO") -> 25 | AI3: =COUNTIFS('RESUMEN TOTAL'!C7:C501, "=BONOMO",'RESUMEN TOTAL'!AN7:AN501,"=APAGADO") -> 24
A4: COSEIDI | B4: =COUNTIFS('RESUMEN TOTAL'!C5:C500,"=COSEIDI") -> 205 | E4: % BONOMO | F4: =F3/BONOMOcam -> 0.16444444 | G4: =G3/BONOMOcam -> 0.16 | H4: =H3/BONOMOcam -> 0.47555556 | I4: =I3/BONOMOcam -> 0.17777778 | J4: =J3/BONOMOcam -> 0.15555556 | K4: 0.15555556 | L4: =L3/BONOMOcam -> 0.14666667 | M4: 0.14666667 | N4: =N3/BONOMOcam -> 0.18222222 | O4: =O3/BONOMOcam -> 0.16888889 | P4: =P3/BONOMOcam -> 0.16444444 | Q4: =Q3/BONOMOcam -> 0.15555556 | R4: =R3/BONOMOcam -> 0.21333333 | S4: =S3/BONOMOcam -> 0.12888889 | T4: =T3/BONOMOcam -> 0.12444444 | U4: =U3/BONOMOcam -> 0.16 | V4: 0.16 | W4: =W3/BONOMOcam -> 0.15555556 | X4: =X3/BONOMOcam -> 0.18666667 | Y4: =Y3/BONOMOcam -> 0.16 | Z4: =Z3/BONOMOcam -> 0.15111111 | AA4: =AA3/BONOMOcam -> 0.15555556 | AB4: =AB3/BONOMOcam -> 0.20444444 | AC4: =AC3/BONOMOcam -> 0.15555556 | AD4: =AD3/BONOMOcam -> 0.14666667 | ... AI4: =AI3/BONOMOcam -> 0.10666667
D5: COSEIDI | E5: APAGADAS COSEIDI | F5: =COUNTIFS('RESUMEN TOTAL'!C10:C421, "=COSEIDI",'RESUMEN TOTAL'!K10:K421,"=APAGADO") -> 3 | G5: =COUNTIFS('RESUMEN TOTAL'!C10:C421, "=COSEIDI",'RESUMEN TOTAL'!L10:L421,"=APAGADO") -> 4 | H5: =COUNTIFS('RESUMEN TOTAL'!C10:C421, "=COSEIDI",'RESUMEN TOTAL'!M10:M421,"=APAGADO") -> 49 | I5: =COUNTIFS('RESUMEN TOTAL'!C10:C421, "=COSEIDI",'RESUMEN TOTAL'!N10:N421,"=APAGADO") -> 4 | J5: =COUNTIFS('RESUMEN TOTAL'!C10:C421, "=COSEIDI",'RESUMEN TOTAL'!O10:O421,"=APAGADO") -> 3 | K5: 3 | L5: =COUNTIFS('RESUMEN TOTAL'!C10:C421, "=COSEIDI",'RESUMEN TOTAL'!Q10:Q421,"=APAGADO") -> 3 | M5: 3 | N5: =COUNTIFS('RESUMEN TOTAL'!C10:C421, "=COSEIDI",'RESUMEN TOTAL'!S10:S421,"=APAGADO") -> 7 | O5: =COUNTIFS('RESUMEN TOTAL'!C10:C421, "=COSEIDI",'RESUMEN TOTAL'!T10:T421,"=APAGADO") -> 8 | P5: =COUNTIFS('RESUMEN TOTAL'!C10:C421, "=COSEIDI",'RESUMEN TOTAL'!U10:U421,"=APAGADO") -> 9 | Q5: =COUNTIFS('RESUMEN TOTAL'!C10:C421, "=COSEIDI",'RESUMEN TOTAL'!V10:V421,"=APAGADO") -> 3 | R5: =COUNTIFS('RESUMEN TOTAL'!C10:C421, "=COSEIDI",'RESUMEN TOTAL'!W10:W421,"=APAGADO") -> 9 | S5: =COUNTIFS('RESUMEN TOTAL'!C10:C421, "=COSEIDI",'RESUMEN TOTAL'!X10:X421,"=APAGADO") -> 5 | T5: =COUNTIFS('RESUMEN TOTAL'!C10:C421, "=COSEIDI",'RESUMEN TOTAL'!Y10:Y421,"=APAGADO") -> 5 | U5: =COUNTIFS('RESUMEN TOTAL'!C10:C421, "=COSEIDI",'RESUMEN TOTAL'!Z10:Z421,"=APAGADO") -> 22 | V5: 22 | W5: =COUNTIFS('RESUMEN TOTAL'!C10:C421, "=COSEIDI",'RESUMEN TOTAL'!AB10:AB421,"=APAGADO") -> 12 | X5: =COUNTIFS('RESUMEN TOTAL'!C10:C421, "=COSEIDI",'RESUMEN TOTAL'!AC10:AC421,"=APAGADO") -> 54 | Y5: =COUNTIFS('RESUMEN TOTAL'!C10:C421, "=COSEIDI",'RESUMEN TOTAL'!AD10:AD421,"=APAGADO") -> 17 | Z5: =COUNTIFS('RESUMEN TOTAL'!C10:C421, "=COSEIDI",'RESUMEN TOTAL'!AE10:AE421,"=APAGADO") -> 9 | AA5: =COUNTIFS('RESUMEN TOTAL'!C10:C421, "=COSEIDI",'RESUMEN TOTAL'!AF10:AF421,"=APAGADO") -> 11 | AB5: =COUNTIFS('RESUMEN TOTAL'!C10:C421, "=COSEIDI",'RESUMEN TOTAL'!AG10:AG421,"=APAGADO") -> 11 | AC5: =COUNTIFS('RESUMEN TOTAL'!C10:C421, "=COSEIDI",'RESUMEN TOTAL'!AH10:AH421,"=APAGADO") -> 7 | AD5: =COUNTIFS('RESUMEN TOTAL'!C10:C421, "=COSEIDI",'RESUMEN TOTAL'!AI10:AI421,"=APAGADO") -> 9 | AE5: =COUNTIFS('RESUMEN TOTAL'!C10:C421, "=COSEIDI",'RESUMEN TOTAL'!AJ10:AJ421,"=APAGADO") -> 8 | AF5: =COUNTIFS('RESUMEN TOTAL'!C10:C421, "=COSEIDI",'RESUMEN TOTAL'!AK10:AK421,"=APAGADO") -> 11 | AG5: =COUNTIFS('RESUMEN TOTAL'!C10:C421, "=COSEIDI",'RESUMEN TOTAL'!AL10:AL421,"=APAGADO") -> 10 | AH5: =COUNTIFS('RESUMEN TOTAL'!C10:C421, "=COSEIDI",'RESUMEN TOTAL'!AM10:AM421,"=APAGADO") -> 7 | AI5: =COUNTIFS('RESUMEN TOTAL'!C10:C421, "=COSEIDI",'RESUMEN TOTAL'!AN10:AN421,"=APAGADO") -> 11
E6: % COSEIDI | F6: =F5/COSEIDIcam -> 0.014634146 | G6: =G5/COSEIDIcam -> 0.019512195 | H6: =H5/COSEIDIcam -> 0.23902439 | I6: =I5/COSEIDIcam -> 0.019512195 | J6: =J5/COSEIDIcam -> 0.014634146 | K6: 0.014634146 | L6: =L5/COSEIDIcam -> 0.014634146 | M6: 0.014634146 | N6: =N5/COSEIDIcam -> 0.034146341 | O6: =O5/COSEIDIcam -> 0.03902439 | P6: =P5/COSEIDIcam -> 0.043902439 | Q6: =Q5/COSEIDIcam -> 0.014634146 | R6: =R5/COSEIDIcam -> 0.043902439 | S6: =S5/COSEIDIcam -> 0.024390244 | T6: =T5/COSEIDIcam -> 0.024390244 | U6: =U5/COSEIDIcam -> 0.10731707 | V6: 0.10731707 | W6: =W5/COSEIDIcam -> 0.058536585 | X6: =X5/COSEIDIcam -> 0.26341463 | Y6: =Y5/COSEIDIcam -> 0.082926829 | Z6: =Z5/COSEIDIcam -> 0.043902439 | AA6: =AA5/COSEIDIcam -> 0.053658537 | AB6: =AB5/COSEIDIcam -> 0.053658537 | AC6: =AC5/COSEIDIcam -> 0.034146341 | AD6: =AD5/COSEIDIcam -> 0.043902439 | ... AI6: =AI5/COSEIDIcam -> 0.053658537
