Workbook
Name _25_de_agosto: 'RESUMEN TOTAL'!$A$4:$D$381
Name _25_de_agosto_3: 'RESUMEN TOTAL'!$A$4:$D$393
Name BONOMOcam: Hoja1!$B$2
Name CANTIDAD_DE_CAMARAS: 'RESUMEN TOTAL'!$B$1
Name COSEIDIcam: Hoja1!$B$4

Sheet RESUMEN TOTAL
A1: CANTIDAD DE CAMARAS | B1: =COUNTA(B5:B546) -> 450 | D1: PORCIENTO DE CAIDAS | L1: =(L3)/(L2+L3) -> 0 | M1: =(M3)/(M2+M3) -> 0 | N1: =(N3)/(N2+N3) -> 0 | O1: =(O3)/(O2+O3) -> 0 | P1: =(P3)/(P2+P3) -> 0 | Q1: =(Q3)/(Q2+Q3) -> 0.055555556 | R1: =(R3)/(R2+R3) -> 0.033333333 | S1: =(S3)/(S2+S3) -> 0 | ... X1: =(X3)/(X2+X3) -> 0.15777778 | Z1: =(Z3)/(Z2+Z3) -> 0 | AA1: =(AA3)/(AA2+AA3) -> 0 | AB1: =(AB3)/(AB2+AB3) -> 0 | AC1: =(AC3)/(AC2+AC3) -> 0 | AD1: =(AD3)/(AD2+AD3) -> 0 | AE1: =(AE3)/(AE2+AE3) -> 0 | AF1: =(AF3)/(AF2+AF3) -> 0 | AG1: =(AG3)/(AG2+AG3) -> 0 | ... AP1: =(AP3)/(AP2+AP3) -> 0
D2: FUNCIONAN | L2: =B1-L3 -> 450 | M2: =CANTIDAD_DE_CAMARAS-M3 -> 450 | N2: =CANTIDAD_DE_CAMARAS-N3 -> 450 | O2: =CANTIDAD_DE_CAMARAS-O3 -> 450 | P2: =CANTIDAD_DE_CAMARAS-P3 -> 450 | Q2: =CANTIDAD_DE_CAMARAS-Q3 -> 425 | R2: =CANTIDAD_DE_CAMARAS-R3 -> 435 | S2: =CANTIDAD_DE_CAMARAS-S3 -> 450 | T2: =CANTIDAD_DE_CAMARAS-T3 -> 450 | ... AP2: =CANTIDAD_DE_CAMARAS-AP3 -> 450
D3: CAIDAS | L3: =COUNTIF(L4:L466, "apagado") -> 0 | M3: =COUNTIF(M4:M466, "apagado") -> 0 | N3: =COUNTIF(N4:N466, "apagado") -> 0 | O3: =COUNTIF(O4:O466, "apagado") -> 0 | P3: =COUNTIF(P4:P466, "apagado") -> 0 | Q3: =COUNTIF(Q4:Q466, "apagado") -> 25 | R3: =COUNTIF(R4:R466, "apagado") -> 15 | S3: =COUNTIF(S4:S466, "apagado") -> 0 | ... AP3: =COUNTIF(AP4:AP466, "apagado") -> 0
A4: Barrio | B4: [Denominacion] | C4: [Empresa Mantenimiento] | D4: [Ubicacion] | E4: [Tipo de Camara] | F4: [Tipo de Conexion] | G4: Destino | I4: DIAS FUNCIONANDO | J4: DIAS CAIDA | K4: EFECTIVIDAD | L4: 45108 | M4: 45109 | N4: 45110 | O4: 45111 | P4: 45112 | Q4: 45113 | R4: 45114 | S4: 45115 | T4: 45116 | U4: 45117 | V4: 45118 | W4: 45119 | X4: 45120 | Y4: 45121 | Z4: 45122 | AA4: 45123 | AB4: 45124 | AC4: 45125 | AD4: 45126 | AE4: 45127 | AF4: 45128 | AG4: 45129 | AH4: 45130 | AI4: 45131 | AJ4: 45132 | AK4: 45133 | AL4: 45134 | AM4: 45135 | AN4: 45136 | AO4: 45137 | AP4: 45138
A5: ALTAMIRA | B5: ALT01 | C5: BONOMO | D5: Calchaqui y Sgto. Cabral | E5: Domo | F5: Fibra Optica | H5: 172.20.10.6 | I5: =COUNTIF(L5:AM5,"") -> 27 | J5: =COUNTIF(L5:AM5,"APAGADO") -> 1 | K5: =(I5)/(J5+I5) -> 0.96428571 | Y5: APAGADO
A6: ALTAMIRA | B6: ALT02 | C6: BONOMO | D6: Calchaqui y Lope de Vega | E6: Domo | F6: PTO A FO | G6: CABRAL Y CALCHAQUI | H6: 172.20.12.218 | I6: =COUNTIF(L6:AM6,"") -> 27 | J6: =COUNTIF(L6:AM6,"APAGADO") -> 1 | K6: =(I6)/(J6+I6) -> 0.96428571 | Y6: APAGADO
A7: ALTAMIRA | B7: ALT 03 | C7: BONOMO | D7: Bombero Galarza y Necochea | E7: Domo | F7: Fibra Optica | H7: 172.20.12.54 | I7: =COUNTIF(L7:AM7,"") -> 27 | J7: =COUNTIF(L7:AM7,"APAGADO") -> 1 | K7: =(I7)/(J7+I7) -> 0.96428571 | Y7: APAGADO
A8: ALTAMIRA | B8: ALT 04 | C8: BONOMO | D8: Francia y Necochea | E8: Domo | F8: Fibra Optica | H8: 172.20.12.55 | I8: =COUNTIF(L8:AM8,"") -> 27 | J8: =COUNTIF(L8:AM8,"APAGADO") -> 1 | K8: =(I8)/(J8+I8) -> 0.96428571 | Y8: APAGADO
A9: ALTAMIRA | B9: ALT05 | C9: BONOMO | D9: Av. Calchaqui y Bombero Galarza | E9: Domo | F9: PTO A FO | G9: NECOCHEA Y GALARZA | H9: 172.20.12.216 | I9: =COUNTIF(L9:AM9,"") -> 27 | J9: =COUNTIF(L9:AM9,"APAGADO") -> 1 | K9: =(I9)/(J9+I9) -> 0.96428571 | Y9: APAGADO
A10: ALTAMIRA | B10: ALT 06 | C10: BONOMO | D10: LOPE DE VEGA Y NECOCHEA | E10: Domo | F10: PTO A FO | G10: NECOCHEA Y GALARZA | H10: 172.20.12.12 | I10: =COUNTIF(L10:AM10,"") -> 27 | J10: =COUNTIF(L10:AM10,"APAGADO") -> 1 | K10: =(I10)/(J10+I10) -> 0.96428571 | Y10: APAGADO
A11: ALTAMIRA | B11: ALT07 | C11: BONOMO | D11: AV. CALCHAQUI Y AV. DEL TRABAJO | E11: DOMO | F11: PTO A FO | G11: CABRAL Y CALCHAQUI | H11: 172.20.10.57 | I11: =COUNTIF(L11:AM11,"") -> 27 | J11: =COUNTIF(L11:AM11,"APAGADO") -> 1 | K11: =(I11)/(J11+I11) -> 0.96428571 | Y11: APAGADO
A12: ALTAMIRA | B12: ALT 08 | C12: BONOMO | D12: HUMAITA Y NECOCHEA | E12: DOMO | F12: Fibra Optica | H12: 172.20.11.215 | I12: =COUNTIF(L12:AM12,"") -> 27 | J12: =COUNTIF(L12:AM12,"APAGADO") -> 1 | K12: =(I12)/(J12+I12) -> 0.96428571 | Y12: APAGADO
A13: ALTAMIRA | B13: ALT 09 | C13: BONOMO | D13: NECOCHEA Y CURUPAITY | E13: DOMO | F13: Fibra Optica | H13: 172.20.11.216 | I13: =COUNTIF(L13:AM13,"") -> 23 | J13: =COUNTIF(L13:AM13,"APAGADO") -> 5 | K13: =(I13)/(J13+I13) -> 0.82142857 | Q13: APAGADO | R13: APAGADO | U13: APAGADO | V13: APAGADO | Y13: APAGADO
A14: ALTAMIRA | B14: ALT 10 | C14: BONOMO | D14: Calchaqui y Francia | E14: Domo | F14: Radio | H14: 172.20.12.156 | I14: =COUNTIF(L14:AM14,"") -> 27 | J14: =COUNTIF(L14:AM14,"APAGADO") -> 1 | K14: =(I14)/(J14+I14) -> 0.96428571 | Y14: APAGADO
A15: AGUSTIN RAMIREZ | B15: ARA 01 | C15: COSEIDI | D15: Malambo y Tranquera | E15: Domo | F15: Fibra Optica | H15: 172.20.12.110 | I15: =COUNTIF(L15:AM15,"") -> 24 | J15: =COUNTIF(L15:AM15,"APAGADO") -> 4 | K15: =(I15)/(J15+I15) -> 0.85714286 | V15: APAGADO | W15: APAGADO | X15: APAGADO | Y15: APAGADO
A16: BELGRANO | B16: BEL 01 | C16: BONOMO | D16: San Martin y Dardo Rocha | E16: DOMO | F16: Fibra Optica | H16: 172.20.12.64 | I16: =COUNTIF(L16:AM16,"") -> 28 | J16: =COUNTIF(L16:AM16,"APAGADO") -> 0 | K16: =(I16)/(J16+I16) -> 1
A17: BELGRANO | B17: BEL 02 | C17: BONOMO | D17: Guardia vieja y Fronteriz | E17: DOMO | F17: Fibra Optica | I17: =COUNTIF(L17:AM17,"") -> 28 | J17: =COUNTIF(L17:AM17,"APAGADO") -> 0 | K17: =(I17)/(J17+I17) -> 1
A18: BOSQUES CENTRO | B18: BOSQC 01 | C18: COSEIDI | D18: LUIS AGOTE E/DANUNCIO Y CAMPOAMOR | E18: Fija | F18: Radio | H18: 172.20.11.15 | I18: =COUNTIF(L18:AM18,"") -> 28 | J18: =COUNTIF(L18:AM18,"APAGADO") -> 0 | K18: =(I18)/(J18+I18) -> 1
A19: BOSQUES CENTRO | B19: BOSQC 02 | C19: COSEIDI | D19: LUIS AGOTE E/DANUNCIO Y CAMPOAMOR | E19: Fija | F19: Radio | H19: 172.20.11.16 | I19: =COUNTIF(L19:AM19,"") -> 28 | J19: =COUNTIF(L19:AM19,"APAGADO") -> 0 | K19: =(I19)/(J19+I19) -> 1
A20: BOSQUES CENTRO | B20: BOSQC 03 | C20: COSEIDI | D20: BENAVENTE Y LUIS AGOTE | E20: Fija | F20: Radio | H20: 172.20.11.13 | I20: =COUNTIF(L20:AM20,"") -> 27 | J20: =COUNTIF(L20:AM20,"APAGADO") -> 1 | K20: =(I20)/(J20+I20) -> 0.96428571 | U20: APAGADO
A21: BOSQUES CENTRO | B21: BOSQC 04 | C21: COSEIDI | D21: BENAVENTE Y LUIS AGOTE | E21: Fija | F21: Radio | H21: 172.20.11.113 | I21: =COUNTIF(L21:AM21,"") -> 27 | J21: =COUNTIF(L21:AM21,"APAGADO") -> 1 | K21: =(I21)/(J21+I21) -> 0.96428571 | U21: APAGADO
A22: BOSQUES CENTRO | B22: BOSQC 05 | C22: COSEIDI | D22: LUIS AGOTE Y RUTA 36 | E22: Fija | F22: Radio | H22: 172.20.11.17 | I22: =COUNTIF(L22:AM22,"") -> 28 | J22: =COUNTIF(L22:AM22,"APAGADO") -> 0 | K22: =(I22)/(J22+I22) -> 1
A23: BOSQUES CENTRO | B23: BOSQC 06 | C23: COSEIDI | D23: LUIS AGOTE Y RUTA 36 | E23: Fija | F23: Radio | H23: 172.20.11.18 | I23: =COUNTIF(L23:AM23,"") -> 28 | J23: =COUNTIF(L23:AM23,"APAGADO") -> 0 | K23: =(I23)/(J23+I23) -> 1
A24: CENTRO | B24: CEN01 | C24: BONOMO | D24: San Martin y 9 de Julio | E24: Fija | F24: Fibra Optica | H24: 172.20.11.10 | I24: =COUNTIF(L24:AM24,"") -> 28 | J24: =COUNTIF(L24:AM24,"APAGADO") -> 0 | K24: =(I24)/(J24+I24) -> 1
A25: CENTRO | B25: CEN02 | C25: BONOMO | D25: San Martin y Almafuerte | E25: Fija | F25: Fibra Optica | H25: 172.20.11.11 | I25: =COUNTIF(L25:AM25,"") -> 28 | J25: =COUNTIF(L25:AM25,"APAGADO") -> 0 | K25: =(I25)/(J25+I25) -> 1
A26: CENTRO | B26: CEN03 | C26: BONOMO | D26: San Martin y Sallares | E26: Domo | F26: Fibra Optica | H26: 172.20.12.30 | I26: =COUNTIF(L26:AM26,"") -> 28 | J26: =COUNTIF(L26:AM26,"APAGADO") -> 0 | K26: =(I26)/(J26+I26) -> 1
A27: CENTRO | B27: CEN04 | C27: BONOMO | D27: San Martin y Contreras | E27: Domo | F27: Fibra Optica | H27: 172.20.12.29 | I27: =COUNTIF(L27:AM27,"") -> 28 | J27: =COUNTIF(L27:AM27,"APAGADO") -> 0 | K27: =(I27)/(J27+I27) -> 1
A28: CENTRO | B28: CEN 05 | C28: BONOMO | D28: Bocuzzi e/España y San Martin | E28: DOMO | F28: Fibra Optica | H28: 172.20.10.200 | I28: =COUNTIF(L28:AM28,"") -> 28 | J28: =COUNTIF(L28:AM28,"APAGADO") -> 0 | K28: =(I28)/(J28+I28) -> 1
A29: CENTRO | B29: CEN06 | C29: BONOMO | D29: Monteagudo y A.del Valle | E29: Fija | F29: Fibra Optica | H29: 172.20.10.02 | I29: =COUNTIF(L29:AM29,"") -> 28 | J29: =COUNTIF(L29:AM29,"APAGADO") -> 0 | K29: =(I29)/(J29+I29) -> 1
A30: CENTRO | B30: CEN07 | C30: BONOMO | D30: San Martin y Guemes | E30: DOMO | F30: Fibra Optica | H30: 172.20.11.20 | I30: =COUNTIF(L30:AM30,"") -> 28 | J30: =COUNTIF(L30:AM30,"APAGADO") -> 0 | K30: =(I30)/(J30+I30) -> 1
A31: CENTRO | B31: CEN08 | C31: BONOMO | D31: San Martin y Pte.Peron | E31: Domo | F31: Fibra Optica | H31: 172.20.11.21 | I31: =COUNTIF(L31:AM31,"") -> 28 | J31: =COUNTIF(L31:AM31,"APAGADO") -> 0 | K31: =(I31)/(J31+I31) -> 1
A32: CENTRO | B32: CEN09 | C32: BONOMO | D32: Chacabuco y 25 de Mayo | E32: Domo | F32: Fibra Optica | H32: 172.20.11.22 | I32: =COUNTIF(L32:AM32,"") -> 28 | J32: =COUNTIF(L32:AM32,"APAGADO") -> 0 | K32: =(I32)/(J32+I32) -> 1
A33: CENTRO | B33: CEN10 | C33: BONOMO | D33: Monteagudo y Pte. Peron | E33: Domo | F33: Fibra Optica | H33: 172.20.11.23 | I33: =COUNTIF(L33:AM33,"") -> 28 | J33: =COUNTIF(L33:AM33,"APAGADO") -> 0 | K33: =(I33)/(J33+I33) -> 1
... A39: CENTRO | B39: CEN16 | C39: BONOMO | D39: San Martin y Pte. Peron | E39: Fija | F39: Fibra Optica | H39: 172.20.12.36 | I39: =COUNTIF(L39:AM39,"") -> 28 | J39: =COUNTIF(L39:AM39,"APAGADO") -> 0 | K39: =(I39)/(J39+I39) -> 1
A40: CENTRO | B40: CEN17 | C40: BONOMO | D40: San Martin y Mitre | E40: Domo | F40: PTO A FO | G40: SAN MARTIN Y SALLARES | H40: 172.20.12.200 | I40: =COUNTIF(L40:AM40,"") -> 27 | J40: =COUNTIF(L40:AM40,"APAGADO") -> 1 | K40: =(I40)/(J40+I40) -> 0.96428571 | Y40: APAGADO
A41: CENTRO | B41: CEN18 | C41: BONOMO | D41: Monteagudo e/Mitre y Sallares | E41: Fija | F41: Fibra Optica | H41: 172.20.10.26 | I41: =COUNTIF(L41:AM41,"") -> 28 | J41: =COUNTIF(L41:AM41,"APAGADO") -> 0 | K41: =(I41)/(J41+I41) -> 1
A42: CENTRO | B42: CEN19 | C42: BONOMO | D42: Chacabuco y 25 de Mayo | E42: Fija | F42: Fibra Optica | H42: 172.20.10.27 | I42: =COUNTIF(L42:AM42,"") -> 28 | J42: =COUNTIF(L42:AM42,"APAGADO") -> 0 | K42: =(I42)/(J42+I42) -> 1
A43: LOMAS DE MONTEVERDE | B43: CEN20 | C43: BONOMO | D43: Pte. Illia y Las Heras | E43: Domo | F43: Fibra Optica | H43: 172.20.10.33 | I43: =COUNTIF(L43:AM43,"") -> 28 | J43: =COUNTIF(L43:AM43,"APAGADO") -> 0 | K43: =(I43)/(J43+I43) -> 1
A44: CENTRO | B44: CEN21 | C44: BONOMO | D44: Misiones y Urquiza | E44: Fija | F44: Radio | H44: 172.20.200.132 | I44: =COUNTIF(L44:AM44,"") -> 28 | J44: =COUNTIF(L44:AM44,"APAGADO") -> 0 | K44: =(I44)/(J44+I44) -> 1
A45: CENTRO | B45: CEN22 | C45: BONOMO | D45: Las Heras y Chacabuco | E45: Domo | F45: Radio | H45: 172.20.200.125 | I45: =COUNTIF(L45:AM45,"") -> 28 | J45: =COUNTIF(L45:AM45,"APAGADO") -> 0 | K45: =(I45)/(J45+I45) -> 1
A46: CENTRO | B46: CEN23 | C46: BONOMO | D46: Sallares y Monteagudo | E46: Domo | F46: Fibra Optica | H46: 172.20.12.05 | I46: =COUNTIF(L46:AM46,"") -> 28 | J46: =COUNTIF(L46:AM46,"APAGADO") -> 0 | K46: =(I46)/(J46+I46) -> 1
A47: CENTRO | B47: CEN24 | C47: BONOMO | D47: Sallares y España | E47: Domo | F47: Fibra Optica | H47: 172.20.12.04 | I47: =COUNTIF(L47:AM47,"") -> 28 | J47: =COUNTIF(L47:AM47,"APAGADO") -> 0 | K47: =(I47)/(J47+I47) -> 1
A48: CENTRO | B48: CEN25 | C48: BONOMO | D48: SAN MARTIN Y 9 DE JULIO | E48: Domo | F48: Fibra Optica | H48: 172.20.12.02 | I48: =COUNTIF(L48:AM48,"") -> 28 | J48: =COUNTIF(L48:AM48,"APAGADO") -> 0 | K48: =(I48)/(J48+I48) -> 1
A49: CENTRO | B49: CEN26 | C49: BONOMO | D49: Mitre y España | E49: Domo | F49: Fibra Optica | H49: 172.20.12.06 | I49: =COUNTIF(L49:AM49,"") -> 28 | J49: =COUNTIF(L49:AM49,"APAGADO") -> 0 | K49: =(I49)/(J49+I49) -> 1
A50: CENTRO | B50: CEN27 | C50: BONOMO | D50: San Juan y España | E50: Domo | F50: Fibra Optica | H50: 172.20.12.37 | I50: =COUNTIF(L50:AM50,"") -> 28 | J50: =COUNTIF(L50:AM50,"APAGADO") -> 0 | K50: =(I50)/(J50+I50) -> 1
A51: CENTRO | B51: CEN28 | C51: BONOMO | D51: Mitre y Alberdi | E51: Domo | F51: Fibra Optica | H51: 172.20.12.38 | I51: =COUNTIF(L51:AM51,"") -> 27 | J51: =COUNTIF(L51:AM51,"APAGADO") -> 1 | K51: =(I51)/(J51+I51) -> 0.96428571 | Y51: APAGADO
A52: CENTRO | B52: CEN29 | C52: BONOMO | D52: Alberdi y San Juan | E52: Domo | F52: Fibra Optica | H52: 172.20.12.40 | I52: =COUNTIF(L52:AM52,"") -> 28 | J52: =COUNTIF(L52:AM52,"APAGADO") -> 0 | K52: =(I52)/(J52+I52) -> 1
A53: CENTRO | B53: CEN30 | C53: BONOMO | D53: Mitre y Pringles | E53: Domo | F53: Fibra Optica | H53: 172.20.12.39 | I53: =COUNTIF(L53:AM53,"") -> 27 | J53: =COUNTIF(L53:AM53,"APAGADO") -> 1 | K53: =(I53)/(J53+I53) -> 0.96428571 | Y53: APAGADO
A54: CENTRO | B54: CEN31 | C54: BONOMO | D54: Mitre e/Monteagudo y Alberdi | E54: Domo | F54: Fibra Optica | H54: 172.20.12.41 | I54: =COUNTIF(L54:AM54,"") -> 27 | J54: =COUNTIF(L54:AM54,"APAGADO") -> 1 | K54: =(I54)/(J54+I54) -> 0.96428571 | Y54: APAGADO
A55: CENTRO | B55: CEN32 | C55: BONOMO | D55: Aristobulo del Valle y España | E55: Domo | F55: Fibra Optica | H55: 172.20.12.42 | I55: =COUNTIF(L55:AM55,"") -> 28 | J55: =COUNTIF(L55:AM55,"APAGADO") -> 0 | K55: =(I55)/(J55+I55) -> 1
A56: CENTRO | B56: CEN33 | C56: BONOMO | D56: Peron y Alberdi | E56: Domo | F56: Fibra Optica | H56: 172.20.12.47 | I56: =COUNTIF(L56:AM56,"") -> 28 | J56: =COUNTIF(L56:AM56,"APAGADO") -> 0 | K56: =(I56)/(J56+I56) -> 1
A57: CENTRO | B57: CEN34 | C57: BONOMO | D57: Peron y España | E57: Domo | F57: Fibra Optica | H57: 172.20.12.49 | I57: =COUNTIF(L57:AM57,"") -> 28 | J57: =COUNTIF(L57:AM57,"APAGADO") -> 0 | K57: =(I57)/(J57+I57) -> 1
A58: CENTRO | B58: CEN35 | C58: BONOMO | D58: España y Marmol | E58: Domo | F58: Fibra Optica | H58: 172.20.12.50 | I58: =COUNTIF(L58:AM58,"") -> 28 | J58: =COUNTIF(L58:AM58,"APAGADO") -> 0 | K58: =(I58)/(J58+I58) -> 1
A59: CENTRO | B59: CEN36 | C59: BONOMO | D59: España y 9 de Julio | E59: Domo | F59: Fibra Optica | H59: 172.20.12.51 | I59: =COUNTIF(L59:AM59,"") -> 28 | J59: =COUNTIF(L59:AM59,"APAGADO") -> 0 | K59: =(I59)/(J59+I59) -> 1
A60: CENTRO | B60: CEN 37 | C60: BONOMO | D60: Diagonal Granaderos y Monteagudo | E60: Domo | F60: Fibra Optica | H60: 172.20.12.52 | I60: =COUNTIF(L60:AM60,"") -> 27 | J60: =COUNTIF(L60:AM60,"APAGADO") -> 1 | K60: =(I60)/(J60+I60) -> 0.96428571 | Y60: APAGADO
A61: CENTRO | B61: CEN38 | C61: BONOMO | D61: Diagonal Constituyentes y Almafuerte | E61: Domo | F61: Fibra Optica | H61: 172.20.12.53 | I61: =COUNTIF(L61:AM61,"") -> 27 | J61: =COUNTIF(L61:AM61,"APAGADO") -> 1 | K61: =(I61)/(J61+I61) -> 0.96428571 | Y61: APAGADO
A62: CENTRO | B62: CEN39 | C62: BONOMO | D62: San Martin y Alem | E62: Domo | F62: Fibra Optica | H62: 172.20.12.56 | I62: =COUNTIF(L62:AM62,"") -> 28 | J62: =COUNTIF(L62:AM62,"APAGADO") -> 0 | K62: =(I62)/(J62+I62) -> 1
A63: CENTRO | B63: CEN40 | C63: BONOMO | D63: Contreras y Monteagudo | E63: Domo | F63: Fibra Optica | H63: 172.20.12.57 | I63: =COUNTIF(L63:AM63,"") -> 28 | J63: =COUNTIF(L63:AM63,"APAGADO") -> 0 | K63: =(I63)/(J63+I63) -> 1
A64: CENTRO | B64: CEN41 | C64: BONOMO | D64: Contreras y Alberdi | E64: Domo | F64: Fibra Optica | H64: 172.20.12.58 | I64: =COUNTIF(L64:AM64,"") -> 28 | J64: =COUNTIF(L64:AM64,"APAGADO") -> 0 | K64: =(I64)/(J64+I64) -> 1
A65: CENTRO | B65: CEN42 | C65: BONOMO | D65: Diagonal Constituyentes y Alem | E65: Domo | F65: Fibra Optica | H65: 172.20.12.59 | I65: =COUNTIF(L65:AM65,"") -> 28 | J65: =COUNTIF(L65:AM65,"APAGADO") -> 0 | K65: =(I65)/(J65+I65) -> 1
A66: CENTRO | B66: CEN43 | C66: BONOMO | D66: Sallares y Alberdi | E66: Domo | F66: Fibra Optica | H66: 172.20.12.61 | I66: =COUNTIF(L66:AM66,"") -> 27 | J66: =COUNTIF(L66:AM66,"APAGADO") -> 1 | K66: =(I66)/(J66+I66) -> 0.96428571 | Y66: APAGADO
A67: CENTRO | B67: CEN44 | C67: BONOMO | D67: Mitre y Brown | E67: Domo | F67: Fibra Optica | H67: 172.20.12.62 | I67: =COUNTIF(L67:AM67,"") -> 24 | J67: =COUNTIF(L67:AM67,"APAGADO") -> 4 | K67: =(I67)/(J67+I67) -> 0.85714286 | V67: APAGADO | W67: APAGADO | X67: APAGADO | Y67: APAGADO
A68: CENTRO | B68: CEN45 (fija 1) | C68: BONOMO | D68: EEUU Y MORENO | E68: Fija | F68: Fibra Optica | H68: 172.20.11.74 | I68: =COUNTIF(L68:AM68,"") -> 28 | J68: =COUNTIF(L68:AM68,"APAGADO") -> 0 | K68: =(I68)/(J68+I68) -> 1
A69: CENTRO | B69: CEN46 (fija 2) | C69: BONOMO | D69: EEUU Y MORENO | E69: Fija | F69: Fibra Optica | H69: 172.20.11.75 | I69: =COUNTIF(L69:AM69,"") -> 28 | J69: =COUNTIF(L69:AM69,"APAGADO") -> 0 | K69: =(I69)/(J69+I69) -> 1
A70: CENTRO | B70: CEN47 | C70: BONOMO | D70: Sallares y Brown | E70: Domo | F70: Fibra Optica | H70: 172.20.12.65 | I70: =COUNTIF(L70:AM70,"") -> 28 | J70: =COUNTIF(L70:AM70,"APAGADO") -> 0 | K70: =(I70)/(J70+I70) -> 1
A71: CENTRO | B71: CEN48 | C71: BONOMO | D71: Velez Sarsfield y Las Heras | E71: Domo | F71: Radio | H71: 172.20.200.181 | I71: =COUNTIF(L71:AM71,"") -> 28 | J71: =COUNTIF(L71:AM71,"APAGADO") -> 0 | K71: =(I71)/(J71+I71) -> 1
A72: CENTRO | B72: CEN49 | C72: BONOMO | D72: Av. San Martin y Florencio Sanchez | E72: Domo | F72: Radio | H72: 172.20.200.182 | I72: =COUNTIF(L72:AM72,"") -> 28 | J72: =COUNTIF(L72:AM72,"APAGADO") -> 0 | K72: =(I72)/(J72+I72) -> 1
A73: CENTRO | B73: CEN 50 | C73: BONOMO | D73: Av. San Martin y Newbery | E73: Domo | F73: Radio | H73: 172.20.200.184 | I73: =COUNTIF(L73:AM73,"") -> 28 | J73: =COUNTIF(L73:AM73,"APAGADO") -> 0 | K73: =(I73)/(J73+I73) -> 1
A74: CENTRO | B74: CEN 51 | C74: BONOMO | D74: ILLIA Y LAS HERAS | E74: FIJA | F74: Fibra Optica | H74: 172.20.11.29 | I74: =COUNTIF(L74:AM74,"") -> 28 | J74: =COUNTIF(L74:AM74,"APAGADO") -> 0 | K74: =(I74)/(J74+I74) -> 1
A75: CENTRO | B75: CEN52 | C75: BONOMO | D75: San Martin y Almafuerte (ex San Martin y Dorrego) | E75: DOMO | F75: Radio | H75: 172.20.200.191 | I75: =COUNTIF(L75:AM75,"") -> 28 | J75: =COUNTIF(L75:AM75,"APAGADO") -> 0 | K75: =(I75)/(J75+I75) -> 1
A76: CENTRO | B76: CEN 53 | C76: BONOMO | D76: GUTIERREZ Y BROWN | E76: Domo | F76: Radio | H76: 172.20.200.166 | I76: =COUNTIF(L76:AM76,"") -> 28 | J76: =COUNTIF(L76:AM76,"APAGADO") -> 0 | K76: =(I76)/(J76+I76) -> 1
A77: CENTRO | B77: CEN 54 | C77: BONOMO | D77: GUTIERREZ Y PRINGLES | E77: Domo | F77: Radio | H77: 172.20.200.165 | I77: =COUNTIF(L77:AM77,"") -> 28 | J77: =COUNTIF(L77:AM77,"APAGADO") -> 0 | K77: =(I77)/(J77+I77) -> 1
A78: CENTRO | B78: CEN 55 | C78: BONOMO | D78: BOUREL Y URQUIZA | E78: Domo | F78: Radio | H78: 172.20.200.163 | I78: =COUNTIF(L78:AM78,"") -> 28 | J78: =COUNTIF(L78:AM78,"APAGADO") -> 0 | K78: =(I78)/(J78+I78) -> 1
A79: CENTRO | B79: CEN 56 | C79: BONOMO | D79: Newbery y Falucho | E79: DOMO | F79: Radio | H79: 172.20.200.161 | I79: =COUNTIF(L79:AM79,"") -> 27 | J79: =COUNTIF(L79:AM79,"APAGADO") -> 1 | K79: =(I79)/(J79+I79) -> 0.96428571 | Q79: APAGADO
A80: CENTRO | B80: CEN 57 | C80: BONOMO | D80: 25 DE MAYO Y DORREGO | E80: DOMO | F80: Radio | H80: 172.20.200.199 | I80: =COUNTIF(L80:AM80,"") -> 28 | J80: =COUNTIF(L80:AM80,"APAGADO") -> 0 | K80: =(I80)/(J80+I80) -> 1
A81: CENTRO | B81: CEN 58 | C81: BONOMO | D81: EEUU Y MORENO | E81: DOMO | F81: Fibra Optica | H81: 172.20.11.84 | I81: =COUNTIF(L81:AM81,"") -> 28 | J81: =COUNTIF(L81:AM81,"APAGADO") -> 0 | K81: =(I81)/(J81+I81) -> 1
A82: CENTRO | B82: CEN59 | C82: BONOMO | D82: CHACABUCO Y BOUREL | E82: DOMO | F82: Radio | H82: 172.20.200.188 | I82: =COUNTIF(L82:AM82,"") -> 28 | J82: =COUNTIF(L82:AM82,"APAGADO") -> 0 | K82: =(I82)/(J82+I82) -> 1
A83: CENTRO | B83: CEN 60 | C83: BONOMO | D83: RECONQUISTA Y ILLIA | E83: DOMO | F83: PTO A FO | G83: ILLIA Y LAS HERAS | H83: 172.20.12.67 | I83: =COUNTIF(L83:AM83,"") -> 27 | J83: =COUNTIF(L83:AM83,"APAGADO") -> 1 | K83: =(I83)/(J83+I83) -> 0.96428571 | V83: APAGADO
A84: CENTRO | B84: CEN 61 | C84: BONOMO | D84: BOUREL Y MAIPU | E84: DOMO | F84: Radio | H84: 172.20.200.159 | I84: =COUNTIF(L84:AM84,"") -> 28 | J84: =COUNTIF(L84:AM84,"APAGADO") -> 0 | K84: =(I84)/(J84+I84) -> 1
A85: CENTRO | B85: CEN62 | C85: BONOMO | D85: ESPAÑA Y ALEM | E85: DOMO | F85: PTO A FO | G85: SAN MARTIN Y ALEM | H85: 172.20.12.82 | I85: =COUNTIF(L85:AM85,"") -> 28 | J85: =COUNTIF(L85:AM85,"APAGADO") -> 0 | K85: =(I85)/(J85+I85) -> 1
A86: CENTRO | B86: CEN63 | C86: BONOMO | D86: SAN MARTIN Y URQUIZA | E86: DOMO | F86: Fibra Optica | H86: 172.20.11.112 | I86: =COUNTIF(L86:AM86,"") -> 28 | J86: =COUNTIF(L86:AM86,"APAGADO") -> 0 | K86: =(I86)/(J86+I86) -> 1
A87: CENTRO | B87: CEN64 | C87: BONOMO | D87: SAN MARTIN Y BOCCUZZI | E87: FIJA | F87: Fibra Optica | H87: 172.20.11.134 | I87: =COUNTIF(L87:AM87,"") -> 28 | J87: =COUNTIF(L87:AM87,"APAGADO") -> 0 | K87: =(I87)/(J87+I87) -> 1
A88: CENTRO | B88: CEN 65 | C88: BONOMO | D88: SAN MARTIN Y JUAN PERON | E88: FIJA | F88: Fibra Optica | H88: 172.20.11.135 | I88: =COUNTIF(L88:AM88,"") -> 27 | J88: =COUNTIF(L88:AM88,"APAGADO") -> 1 | K88: =(I88)/(J88+I88) -> 0.96428571 | Q88: APAGADO
A89: CENTRO | B89: CEN66 | C89: BONOMO | D89: SAN MARTIN Y JUAN PERON | E89: FIJA | F89: Fibra Optica | H89: 172.20.11.136 | I89: =COUNTIF(L89:AM89,"") -> 27 | J89: =COUNTIF(L89:AM89,"APAGADO") -> 1 | K89: =(I89)/(J89+I89) -> 0.96428571 | Q89: APAGADO
A90: CENTRO | B90: CEN67 (fija 1) | C90: BONOMO | D90: 9 DE JULIO Y BROWN | E90: Fija | F90: Fibra Optica | H90: 172.20.11.188 | I90: =COUNTIF(L90:AM90,"") -> 28 | J90: =COUNTIF(L90:AM90,"APAGADO") -> 0 | K90: =(I90)/(J90+I90) -> 1
A91: CENTRO | B91: CEN68 (fija 2) | C91: BONOMO | D91: 9 DE JULIO Y BROWN | E91: Fija | F91: Fibra Optica | H91: 172.20.11.189 | I91: =COUNTIF(L91:AM91,"") -> 28 | J91: =COUNTIF(L91:AM91,"APAGADO") -> 0 | K91: =(I91)/(J91+I91) -> 1
A92: CENTRO | B92: CEN69 | C92: BONOMO | D92: RIVADAVIA Y BOUREL | E92: DOMO | F92: Fibra Optica | H92: 172.20.11.222 | I92: =COUNTIF(L92:AM92,"") -> 28 | J92: =COUNTIF(L92:AM92,"APAGADO") -> 0 | K92: =(I92)/(J92+I92) -> 1
A93: CENTRO | B93: CEN 70 | C93: BONOMO | D93: RIVADAVIA Y 25 MAYO | E93: Domo | F93: Fibra Optica | H93: 172.20.11.221 | I93: =COUNTIF(L93:AM93,"") -> 28 | J93: =COUNTIF(L93:AM93,"APAGADO") -> 0 | K93: =(I93)/(J93+I93) -> 1
A94: CENTRO | B94: CEN 71 | C94: BONOMO | D94: MORENO Y BOUREL | E94: Domo | F94: Fibra Optica | H94: 172.20.11.220 | I94: =COUNTIF(L94:AM94,"") -> 28 | J94: =COUNTIF(L94:AM94,"APAGADO") -> 0 | K94: =(I94)/(J94+I94) -> 1
A95: CENTRO | B95: CEN 72 | C95: BONOMO | D95: MORENO Y 25 DE MAYO | E95: Domo | F95: Fibra Optica | H95: 172.20.11.219 | I95: =COUNTIF(L95:AM95,"") -> 28 | J95: =COUNTIF(L95:AM95,"APAGADO") -> 0 | K95: =(I95)/(J95+I95) -> 1
A96: CENTRO | B96: CEN73 | C96: BONOMO | D96: BOUREL Y DEFENSA | E96: DOMO | F96: Fibra Optica | H96: 172.20.11.223 | I96: =COUNTIF(L96:AM96,"") -> 28 | J96: =COUNTIF(L96:AM96,"APAGADO") -> 0 | K96: =(I96)/(J96+I96) -> 1
A97: CENTRO | B97: CEN74 | C97: BONOMO | D97: Las Heras y Maipu | E97: Domo | F97: Fibra Optica | H97: 172.20.11.53 | I97: =COUNTIF(L97:AM97,"") -> 28 | J97: =COUNTIF(L97:AM97,"APAGADO") -> 0 | K97: =(I97)/(J97+I97) -> 1
A98: CENTRO | B98: CEN 75 | C98: BONOMO | D98: 25 DE MAYO Y CASTELLI | E98: Domo | F98: Fibra Optica | H98: 172.20.11.114 | I98: =COUNTIF(L98:AM98,"") -> 28 | J98: =COUNTIF(L98:AM98,"APAGADO") -> 0 | K98: =(I98)/(J98+I98) -> 1
A99: CENTRO | B99: CEN 76 | C99: BONOMO | D99: ESPAÑA E/MITRE Y BOCUZZI | E99: Fija | F99: Fibra Optica | H99: 172-20.11.110 | I99: =COUNTIF(L99:AM99,"") -> 28 | J99: =COUNTIF(L99:AM99,"APAGADO") -> 0 | K99: =(I99)/(J99+I99) -> 1
A100: CENTRO | B100: CEN 77 | C100: BONOMO | D100: Monteagudo e/ Mitre y Boccuzzi | E100: Fija | F100: Fibra Optica | H100: 172.20.11.241 | I100: =COUNTIF(L100:AM100,"") -> 28 | J100: =COUNTIF(L100:AM100,"APAGADO") -> 0 | K100: =(I100)/(J100+I100) -> 1
A101: CENTRO | B101: CEN 78 | C101: BONOMO | D101: Mitre e/Monteagudo y Alberdi | E101: Fija | F101: Fibra Optica | H101: 172.20.11.240 | I101: =COUNTIF(L101:AM101,"") -> 27 | J101: =COUNTIF(L101:AM101,"APAGADO") -> 1 | K101: =(I101)/(J101+I101) -> 0.96428571 | Y101: APAGADO
A102: CENTRO | B102: CEN 79 | C102: BONOMO | D102: Diag. Constituyente y Brown | E102: Fija | F102: Fibra Optica | H102: 172.20.11.243 | I102: =COUNTIF(L102:AM102,"") -> 27 | J102: =COUNTIF(L102:AM102,"APAGADO") -> 1 | K102: =(I102)/(J102+I102) -> 0.96428571 | Y102: APAGADO
A103: CENTRO | B103: CEN 80 | C103: BONOMO | D103: Diag. Constituyente y Brown | E103: Fija | F103: Fibra Optica | H103: 172.20.11.244 | I103: =COUNTIF(L103:AM103,"") -> 27 | J103: =COUNTIF(L103:AM103,"APAGADO") -> 1 | K103: =(I103)/(J103+I103) -> 0.96428571 | Y103: APAGADO
A104: CENTRO | B104: CEN 81 | C104: BONOMO | D104: Alberdi y A.del Valle | E104: Fija | F104: Fibra Optica | H104: 172.20.11.242 | I104: =COUNTIF(L104:AM104,"") -> 28 | J104: =COUNTIF(L104:AM104,"APAGADO") -> 0 | K104: =(I104)/(J104+I104) -> 1
A105: CENTRO | B105: CEN 82 | C105: BONOMO | D105: DORREGO Y BOUREL | E105: Domo | F105: Fibra Optica | H105: 172.20.11.198 | I105: =COUNTIF(L105:AM105,"") -> 28 | J105: =COUNTIF(L105:AM105,"APAGADO") -> 0 | K105: =(I105)/(J105+I105) -> 1
...

Sheet ESTADISTICA
A1: ='RESUMEN TOTAL'!A4 -> Barrio | B1: ='RESUMEN TOTAL'!B4 -> [Denominacion] | C1: ='RESUMEN TOTAL'!D4 -> [Ubicacion] | D1: ='RESUMEN TOTAL'!E4 -> [Tipo de Camara] | E1: ='RESUMEN TOTAL'!F4 -> [Tipo de Conexion] | F1: ='RESUMEN TOTAL'!L4 -> 45108 | G1: ='RESUMEN TOTAL'!M4 -> 45109 | H1: ='RESUMEN TOTAL'!N4 -> 45110 | I1: ='RESUMEN TOTAL'!O4 -> 45111 | J1: ='RESUMEN TOTAL'!P4 -> 45112 | K1: ='RESUMEN TOTAL'!Q4 -> 45113 | L1: ='RESUMEN TOTAL'!R4 -> 45114 | M1: ='RESUMEN TOTAL'!S4 -> 45115 | ... AI1: ='RESUMEN TOTAL'!AO4 -> 45137 | AJ1: ='RESUMEN TOTAL'!#REF! -> #REF!
A2: ='RESUMEN TOTAL'!A5 -> ALTAMIRA | B2: ='RESUMEN TOTAL'!B5 -> ALT01 | C2: ='RESUMEN TOTAL'!D5 -> Calchaqui y Sgto. Cabral | D2: ='RESUMEN TOTAL'!E5 -> Domo | E2: ='RESUMEN TOTAL'!F5 -> Fibra Optica | F2: ='RESUMEN TOTAL'!L5 -> 0 | G2: ='RESUMEN TOTAL'!M5 -> 0 | H2: ='RESUMEN TOTAL'!N5 -> 0 | I2: ='RESUMEN TOTAL'!O5 -> 0 | J2: ='RESUMEN TOTAL'!P5 -> 0 | K2: ='RESUMEN TOTAL'!Q5 -> 0 | L2: ='RESUMEN TOTAL'!R5 -> 0 | M2: ='RESUMEN TOTAL'!S5 -> 0 | ... AI2: ='RESUMEN TOTAL'!AO5 -> 0 | AJ2: ='RESUMEN TOTAL'!#REF! -> #REF!
A3: ='RESUMEN TOTAL'!A6 -> ALTAMIRA | B3: ='RESUMEN TOTAL'!B6 -> ALT02 | C3: ='RESUMEN TOTAL'!D6 -> Calchaqui y Lope de Vega | D3: ='RESUMEN TOTAL'!E6 -> Domo | E3: ='RESUMEN TOTAL'!F6 -> PTO A FO | F3: ='RESUMEN TOTAL'!L6 -> 0 | G3: ='RESUMEN TOTAL'!M6 -> 0 | H3: ='RESUMEN TOTAL'!N6 -> 0 | I3: ='RESUMEN TOTAL'!O6 -> 0 | J3: ='RESUMEN TOTAL'!P6 -> 0 | K3: ='RESUMEN TOTAL'!Q6 -> 0 | L3: ='RESUMEN TOTAL'!R6 -> 0 | M3: ='RESUMEN TOTAL'!S6 -> 0 | ... AI3: ='RESUMEN TOTAL'!AO6 -> 0 | AJ3: ='RESUMEN TOTAL'!#REF! -> #REF!
A4: ='RESUMEN TOTAL'!A7 -> ALTAMIRA | B4: ='RESUMEN TOTAL'!B7 -> ALT 03 | C4: ='RESUMEN TOTAL'!D7 -> Bombero Galarza y Necochea | D4: ='RESUMEN TOTAL'!E7 -> Domo | E4: ='RESUMEN TOTAL'!F7 -> Fibra Optica | F4: ='RESUMEN TOTAL'!L7 -> 0 | G4: ='RESUMEN TOTAL'!M7 -> 0 | H4: ='RESUMEN TOTAL'!N7 -> 0 | I4: ='RESUMEN TOTAL'!O7 -> 0 | J4: ='RESUMEN TOTAL'!P7 -> 0 | K4: ='RESUMEN TOTAL'!Q7 -> 0 | L4: ='RESUMEN TOTAL'!R7 -> 0 | M4: ='RESUMEN TOTAL'!S7 -> 0 | ... AI4: ='RESUMEN TOTAL'!AO7 -> 0 | AJ4: ='RESUMEN TOTAL'!#REF! -> #REF!
A5: ='RESUMEN TOTAL'!A8 -> ALTAMIRA | B5: ='RESUMEN TOTAL'!B8 -> ALT 04 | C5: ='RESUMEN TOTAL'!D8 -> Francia y Necochea | D5: ='RESUMEN TOTAL'!E8 -> Domo | E5: ='RESUMEN TOTAL'!F8 -> Fibra Optica | F5: ='RESUMEN TOTAL'!L8 -> 0 | G5: ='RESUMEN TOTAL'!M8 -> 0 | H5: ='RESUMEN TOTAL'!N8 -> 0 | I5: ='RESUMEN TOTAL'!O8 -> 0 | J5: ='RESUMEN TOTAL'!P8 -> 0 | K5: ='RESUMEN TOTAL'!Q8 -> 0 | L5: ='RESUMEN TOTAL'!R8 -> 0 | M5: ='RESUMEN TOTAL'!S8 -> 0 | ... AI5: ='RESUMEN TOTAL'!AO8 -> 0 | AJ5: ='RESUMEN TOTAL'!#REF! -> #REF!
A6: ='RESUMEN TOTAL'!A9 -> ALTAMIRA | B6: ='RESUMEN TOTAL'!B9 -> ALT05 | C6: ='RESUMEN TOTAL'!D9 -> Av. Calchaqui y Bombero Galarza | D6: ='RESUMEN TOTAL'!E9 -> Domo | E6: ='RESUMEN TOTAL'!F9 -> PTO A FO | F6: ='RESUMEN TOTAL'!L9 -> 0 | G6: ='RESUMEN TOTAL'!M9 -> 0 | H6: ='RESUMEN TOTAL'!N9 -> 0 | I6: ='RESUMEN TOTAL'!O9 -> 0 | J6: ='RESUMEN TOTAL'!P9 -> 0 | K6: ='RESUMEN TOTAL'!Q9 -> 0 | L6: ='RESUMEN TOTAL'!R9 -> 0 | M6: ='RESUMEN TOTAL'!S9 -> 0 | ... AI6: ='RESUMEN TOTAL'!AO9 -> 0 | AJ6: ='RESUMEN TOTAL'!#REF! -> #REF!
A7: ='RESUMEN TOTAL'!A10 -> ALTAMIRA | B7: ='RESUMEN TOTAL'!B10 -> ALT 06 | C7: ='RESUMEN TOTAL'!D10 -> LOPE DE VEGA Y NECOCHEA | D7: ='RESUMEN TOTAL'!E10 -> Domo | E7: ='RESUMEN TOTAL'!F10 -> PTO A FO | F7: ='RESUMEN TOTAL'!L10 -> 0 | G7: ='RESUMEN TOTAL'!M10 -> 0 | H7: ='RESUMEN TOTAL'!N10 -> 0 | I7: ='RESUMEN TOTAL'!O10 -> 0 | J7: ='RESUMEN TOTAL'!P10 -> 0 | K7: ='RESUMEN TOTAL'!Q10 -> 0 | L7: ='RESUMEN TOTAL'!R10 -> 0 | M7: ='RESUMEN TOTAL'!S10 -> 0 | ... AI7: ='RESUMEN TOTAL'!AO10 -> 0 | AJ7: ='RESUMEN TOTAL'!#REF! -> #REF!
A8: ='RESUMEN TOTAL'!A11 -> ALTAMIRA | B8: ='RESUMEN TOTAL'!B11 -> ALT07 | C8: ='RESUMEN TOTAL'!D11 -> AV. CALCHAQUI Y AV. DEL TRABAJO | D8: ='RESUMEN TOTAL'!E11 -> DOMO | E8: ='RESUMEN TOTAL'!F11 -> PTO A FO | F8: ='RESUMEN TOTAL'!L11 -> 0 | G8: ='RESUMEN TOTAL'!M11 -> 0 | H8: ='RESUMEN TOTAL'!N11 -> 0 | I8: ='RESUMEN TOTAL'!O11 -> 0 | J8: ='RESUMEN TOTAL'!P11 -> 0 | K8: ='RESUMEN TOTAL'!Q11 -> 0 | L8: ='RESUMEN TOTAL'!R11 -> 0 | M8: ='RESUMEN TOTAL'!S11 -> 0 | ... AI8: ='RESUMEN TOTAL'!AO11 -> 0 | AJ8: ='RESUMEN TOTAL'!#REF! -> #REF!
A9: ='RESUMEN TOTAL'!A12 -> ALTAMIRA | B9: ='RESUMEN TOTAL'!B12 -> ALT 08 | C9: ='RESUMEN TOTAL'!D12 -> HUMAITA Y NECOCHEA | D9: ='RESUMEN TOTAL'!E12 -> DOMO | E9: ='RESUMEN TOTAL'!F12 -> Fibra Optica | F9: ='RESUMEN TOTAL'!L12 -> 0 | G9: ='RESUMEN TOTAL'!M12 -> 0 | H9: ='RESUMEN TOTAL'!N12 -> 0 | I9: ='RESUMEN TOTAL'!O12 -> 0 | J9: ='RESUMEN TOTAL'!P12 -> 0 | K9: ='RESUMEN TOTAL'!Q12 -> 0 | L9: ='RESUMEN TOTAL'!R12 -> 0 | M9: ='RESUMEN TOTAL'!S12 -> 0 | ... AI9: ='RESUMEN TOTAL'!AO12 -> 0 | AJ9: ='RESUMEN TOTAL'!#REF! -> #REF!
A10: ='RESUMEN TOTAL'!A13 -> ALTAMIRA | B10: ='RESUMEN TOTAL'!B13 -> ALT 09 | C10: ='RESUMEN TOTAL'!D13 -> NECOCHEA Y CURUPAITY | D10: ='RESUMEN TOTAL'!E13 -> DOMO | E10: ='RESUMEN TOTAL'!F13 -> Fibra Optica | F10: ='RESUMEN TOTAL'!L13 -> 0 | G10: ='RESUMEN TOTAL'!M13 -> 0 | H10: ='RESUMEN TOTAL'!N13 -> 0 | I10: ='RESUMEN TOTAL'!O13 -> 0 | J10: ='RESUMEN TOTAL'!P13 -> 0 | K10: ='RESUMEN TOTAL'!Q13 -> APAGADO | L10: ='RESUMEN TOTAL'!R13 -> APAGADO | M10: ='RESUMEN TOTAL'!S13 -> 0 | ... AI10: ='RESUMEN TOTAL'!AO13 -> 0 | AJ10: ='RESUMEN TOTAL'!#REF! -> #REF!
A11: ='RESUMEN TOTAL'!A14 -> ALTAMIRA | B11: ='RESUMEN TOTAL'!B14 -> ALT 10 | C11: ='RESUMEN TOTAL'!D14 -> Calchaqui y Francia | D11: ='RESUMEN TOTAL'!E14 -> Domo | E11: ='RESUMEN TOTAL'!F14 -> Radio | F11: ='RESUMEN TOTAL'!L14 -> 0 | G11: ='RESUMEN TOTAL'!M14 -> 0 | H11: ='RESUMEN TOTAL'!N14 -> 0 | I11: ='RESUMEN TOTAL'!O14 -> 0 | J11: ='RESUMEN TOTAL'!P14 -> 0 | K11: ='RESUMEN TOTAL'!Q14 -> 0 | L11: ='RESUMEN TOTAL'!R14 -> 0 | M11: ='RESUMEN TOTAL'!S14 -> 0 | ... AI11: ='RESUMEN TOTAL'!AO14 -> 0 | AJ11: ='RESUMEN TOTAL'!#REF! -> #REF!
A12: ='RESUMEN TOTAL'!A15 -> AGUSTIN RAMIREZ | B12: ='RESUMEN TOTAL'!B15 -> ARA 01 | C12: ='RESUMEN TOTAL'!D15 -> Malambo y Tranquera | D12: ='RESUMEN TOTAL'!E15 -> Domo | E12: ='RESUMEN TOTAL'!F15 -> Fibra Optica | F12: ='RESUMEN TOTAL'!L15 -> 0 | G12: ='RESUMEN TOTAL'!M15 -> 0 | H12: ='RESUMEN TOTAL'!N15 -> 0 | I12: ='RESUMEN TOTAL'!O15 -> 0 | J12: ='RESUMEN TOTAL'!P15 -> 0 | K12: ='RESUMEN TOTAL'!Q15 -> 0 | L12: ='RESUMEN TOTAL'!R15 -> 0 | M12: ='RESUMEN TOTAL'!S15 -> 0 | ... AI12: ='RESUMEN TOTAL'!AO15 -> 0 | AJ12: ='RESUMEN TOTAL'!#REF! -> #REF!
... A638: ='RESUMEN TOTAL'!A641 -> 0 | B638: ='RESUMEN TOTAL'!B641 -> 0 | C638: ='RESUMEN TOTAL'!D641 -> 0 | D638: ='RESUMEN TOTAL'!E641 -> 0 | E638: ='RESUMEN TOTAL'!F641 -> 0 | F638: ='RESUMEN TOTAL'!L641 -> 0 | G638: ='RESUMEN TOTAL'!M641 -> 0 | H638: ='RESUMEN TOTAL'!N641 -> 0 | I638: ='RESUMEN TOTAL'!O641 -> 0 | J638: ='RESUMEN TOTAL'!P641 -> 0 | K638: ='RESUMEN TOTAL'!Q641 -> 0 | L638: ='RESUMEN TOTAL'!R641 -> 0 | M638: ='RESUMEN TOTAL'!S641 -> 0 | ... AI638: ='RESUMEN TOTAL'!AO641 -> 0 | AJ638: ='RESUMEN TOTAL'!#REF! -> #REF!

Sheet APAGADOS
E1: APAGADOS | F1: =COUNTIF(F3:F403, "APAGADO") -> 0 | G1: =COUNTIF(G3:G403, "APAGADO") -> 0 | H1: =COUNTIF(H3:H503, "APAGADO") -> 0 | I1: =COUNTIF(I3:I403, "APAGADO") -> 0 | J1: =COUNTIF(J3:J403, "APAGADO") -> 0 | K1: =COUNTIF(K3:K403, "APAGADO") -> 22 | L1: =COUNTIF(L3:L403, "APAGADO") -> 14 | M1: =COUNTIF(M3:M403, "APAGADO") -> 0 | N1: =COUNTIF(N3:N403, "APAGADO") -> 0 | O1: =COUNTIF(O3:O403, "APAGADO") -> 16 | P1: =COUNTIF(P3:P403, "APAGADO") -> 47 | ... AD1: =COUNTIF(AD3:AD403, "APAGADO") -> 0 | AE1: =COUNTIF(AE3:AE503, "APAGADO") -> 0 | AF1: =COUNTIF(AF3:AF403, "APAGADO") -> 0 | AG1: =COUNTIF(AG3:AG403, "APAGADO") -> 0 | AH1: =COUNTIF(AH3:AH403, "APAGADO") -> 0 | AI1: =COUNTIF(AI3:AI403, "APAGADO") -> 0 | AJ1: =COUNTIF(AJ3:AJ403, "APAGADO") -> 0
A2: =ESTADISTICA!A1 -> Barrio | B2: =ESTADISTICA!B1 -> [Denominacion] | C2: =ESTADISTICA!C1 -> [Ubicacion] | D2: =ESTADISTICA!D1 -> [Tipo de Camara] | E2: =ESTADISTICA!E1 -> [Tipo de Conexion] | F2: =ESTADISTICA!F1 -> 45108 | G2: =ESTADISTICA!G1 -> 45109 | H2: =ESTADISTICA!H1 -> 45110 | ... AJ2: =ESTADISTICA!AJ1 -> #REF!
A3: =ESTADISTICA!A2 -> ALTAMIRA | B3: =ESTADISTICA!B2 -> ALT01 | C3: =ESTADISTICA!C2 -> Calchaqui y Sgto. Cabral | D3: =ESTADISTICA!D2 -> Domo | E3: =ESTADISTICA!E2 -> Fibra Optica | F3: =ESTADISTICA!F2 -> 0 | G3: =ESTADISTICA!G2 -> 0 | H3: =ESTADISTICA!H2 -> 0 | ... AJ3: =ESTADISTICA!AJ2 -> #REF!
A4: =ESTADISTICA!A3 -> ALTAMIRA | B4: =ESTADISTICA!B3 -> ALT02 | C4: =ESTADISTICA!C3 -> Calchaqui y Lope de Vega | D4: =ESTADISTICA!D3 -> Domo | E4: =ESTADISTICA!E3 -> PTO A FO | F4: =ESTADISTICA!F3 -> 0 | G4: =ESTADISTICA!G3 -> 0 | H4: =ESTADISTICA!H3 -> 0 | ... AJ4: =ESTADISTICA!AJ3 -> #REF!
A5: =ESTADISTICA!A4 -> ALTAMIRA | B5: =ESTADISTICA!B4 -> ALT 03 | C5: =ESTADISTICA!C4 -> Bombero Galarza y Necochea | D5: =ESTADISTICA!D4 -> Domo | E5: =ESTADISTICA!E4 -> Fibra Optica | F5: =ESTADISTICA!F4 -> 0 | G5: =ESTADISTICA!G4 -> 0 | H5: =ESTADISTICA!H4 -> 0 | ... AJ5: =ESTADISTICA!AJ4 -> #REF!
A6: =ESTADISTICA!A5 -> ALTAMIRA | B6: =ESTADISTICA!B5 -> ALT 04 | C6: =ESTADISTICA!C5 -> Francia y Necochea | D6: =ESTADISTICA!D5 -> Domo | E6: =ESTADISTICA!E5 -> Fibra Optica | F6: =ESTADISTICA!F5 -> 0 | G6: =ESTADISTICA!G5 -> 0 | H6: =ESTADISTICA!H5 -> 0 | ... AJ6: =ESTADISTICA!AJ5 -> #REF!
A7: =ESTADISTICA!A6 -> ALTAMIRA | B7: =ESTADISTICA!B6 -> ALT05 | C7: =ESTADISTICA!C6 -> Av. Calchaqui y Bombero Galarza | D7: =ESTADISTICA!D6 -> Domo | E7: =ESTADISTICA!E6 -> PTO A FO | F7: =ESTADISTICA!F6 -> 0 | G7: =ESTADISTICA!G6 -> 0 | H7: =ESTADISTICA!H6 -> 0 | ... AJ7: =ESTADISTICA!AJ6 -> #REF!
A8: =ESTADISTICA!A7 -> ALTAMIRA | B8: =ESTADISTICA!B7 -> ALT 06 | C8: =ESTADISTICA!C7 -> LOPE DE VEGA Y NECOCHEA | D8: =ESTADISTICA!D7 -> Domo | E8: =ESTADISTICA!E7 -> PTO A FO | F8: =ESTADISTICA!F7 -> 0 | G8: =ESTADISTICA!G7 -> 0 | H8: =ESTADISTICA!H7 -> 0 | ... AJ8: =ESTADISTICA!AJ7 -> #REF!
A9: =ESTADISTICA!A8 -> ALTAMIRA | B9: =ESTADISTICA!B8 -> ALT07 | C9: =ESTADISTICA!C8 -> AV. CALCHAQUI Y AV. DEL TRABAJO | D9: =ESTADISTICA!D8 -> DOMO | E9: =ESTADISTICA!E8 -> PTO A FO | F9: =ESTADISTICA!F8 -> 0 | G9: =ESTADISTICA!G8 -> 0 | H9: =ESTADISTICA!H8 -> 0 | ... AJ9: =ESTADISTICA!AJ8 -> #REF!
A10: =ESTADISTICA!A9 -> ALTAMIRA | B10: =ESTADISTICA!B9 -> ALT 08 | C10: =ESTADISTICA!C9 -> HUMAITA Y NECOCHEA | D10: =ESTADISTICA!D9 -> DOMO | E10: =ESTADISTICA!E9 -> Fibra Optica | F10: =ESTADISTICA!F9 -> 0 | G10: =ESTADISTICA!G9 -> 0 | H10: =ESTADISTICA!H9 -> 0 | ... AJ10: =ESTADISTICA!AJ9 -> #REF!
A11: =ESTADISTICA!A10 -> ALTAMIRA | B11: =ESTADISTICA!B10 -> ALT 09 | C11: =ESTADISTICA!C10 -> NECOCHEA Y CURUPAITY | D11: =ESTADISTICA!D10 -> DOMO | E11: =ESTADISTICA!E10 -> Fibra Optica | F11: =ESTADISTICA!F10 -> 0 | G11: =ESTADISTICA!G10 -> 0 | H11: =ESTADISTICA!H10 -> 0 | ... AJ11: =ESTADISTICA!AJ10 -> #REF!
A12: =ESTADISTICA!A11 -> ALTAMIRA | B12: =ESTADISTICA!B11 -> ALT 10 | C12: =ESTADISTICA!C11 -> Calchaqui y Francia | D12: =ESTADISTICA!D11 -> Domo | E12: =ESTADISTICA!E11 -> Radio | F12: =ESTADISTICA!F11 -> 0 | G12: =ESTADISTICA!G11 -> 0 | H12: =ESTADISTICA!H11 -> 0 | ... AJ12: =ESTADISTICA!AJ11 -> #REF!
A13: =ESTADISTICA!A12 -> AGUSTIN RAMIREZ | B13: =ESTADISTICA!B12 -> ARA 01 | C13: =ESTADISTICA!C12 -> Malambo y Tranquera | D13: =ESTADISTICA!D12 -> Domo | E13: =ESTADISTICA!E12 -> Fibra Optica | F13: =ESTADISTICA!F12 -> 0 | G13: =ESTADISTICA!G12 -> 0 | H13: =ESTADISTICA!H12 -> 0 | ... AJ13: =ESTADISTICA!AJ12 -> #REF!
... A207: =ESTADISTICA!A206 -> MARTIN FIERRO | B207: =ESTADISTICA!B206 -> MFI 07 | C207: =ESTADISTICA!C206 -> Sargento Cabral y Carlos Gardel | D207: =ESTADISTICA!D206 -> Domo | E207: =ESTADISTICA!E206 -> PTO A FO | F207: =ESTADISTICA!F206 -> 0 | G207: =ESTADISTICA!G206 -> 0 | H207: =ESTADISTICA!H206 -> 0 | ... AJ207: =ESTADISTICA!AJ206 -> #REF!
A208: =ESTADISTICA!A208 -> GOBERNADOR MONTEVERDE | B208: =ESTADISTICA!B208 -> MON01 | C208: =ESTADISTICA!C208 -> San Martin y Patricias Argentinas | D208: =ESTADISTICA!D208 -> Fija | E208: =ESTADISTICA!E208 -> Fibra Optica | F208: =ESTADISTICA!F208 -> 0 | G208: =ESTADISTICA!G208 -> 0 | H208: =ESTADISTICA!H208 -> 0 | ... AJ208: =ESTADISTICA!AJ208 -> #REF!
A209: =ESTADISTICA!A209 -> GOBERNADOR MONTEVERDE | B209: =ESTADISTICA!B209 -> MON02 | C209: =ESTADISTICA!C209 -> Senzabello y Famatina | D209: =ESTADISTICA!D209 -> Domo | E209: =ESTADISTICA!E209 -> Radio | F209: =ESTADISTICA!F209 -> 0 | G209: =ESTADISTICA!G209 -> 0 | H209: =ESTADISTICA!H209 -> 0 | ... AJ209: =ESTADISTICA!AJ209 -> #REF!
A210: =ESTADISTICA!A210 -> GOBERNADOR MONTEVERDE | B210: =ESTADISTICA!B210 -> MON03 | C210: =ESTADISTICA!C210 -> Senzabello y Guemes | D210: =ESTADISTICA!D210 -> Domo | E210: =ESTADISTICA!E210 -> Radio | F210: =ESTADISTICA!F210 -> 0 | G210: =ESTADISTICA!G210 -> 0 | H210: =ESTADISTICA!H210 -> 0 | ... AJ210: =ESTADISTICA!AJ210 -> #REF!
A211: =ESTADISTICA!A211 -> GOBERNADOR MONTEVERDE | B211: =ESTADISTICA!B211 -> MON04 | C211: =ESTADISTICA!C211 -> Av. Yrigoyen y San Lorenzo | D211: =ESTADISTICA!D211 -> Domo | E211: =ESTADISTICA!E211 -> Radio | F211: =ESTADISTICA!F211 -> 0 | G211: =ESTADISTICA!G211 -> 0 | H211: =ESTADISTICA!H211 -> 0 | ... AJ211: =ESTADISTICA!AJ211 -> #REF!
A212: =ESTADISTICA!A212 -> 9 DE JULIO | B212: =ESTADISTICA!B212 -> NJU 01 | C212: =ESTADISTICA!C212 -> Sallares y Parrillo | D212: =ESTADISTICA!D212 -> Domo | E212: =ESTADISTICA!E212 -> Fibra Optica | F212: =ESTADISTICA!F212 -> 0 | G212: =ESTADISTICA!G212 -> 0 | H212: =ESTADISTICA!H212 -> 0 | ... AJ212: =ESTADISTICA!AJ212 -> #REF!
A213: =ESTADISTICA!A213 -> 9 DE JULIO | B213: =ESTADISTICA!B213 -> NJU02 | C213: =ESTADISTICA!C213 -> Ituzaingo y Boccuzzi | D213: =ESTADISTICA!D213 -> Domo | E213: =ESTADISTICA!E213 -> Radio | F213: =ESTADISTICA!F213 -> 0 | G213: =ESTADISTICA!G213 -> 0 | H213: =ESTADISTICA!H213 -> 0 | ... AJ213: =ESTADISTICA!AJ213 -> #REF!
A214: =ESTADISTICA!A214 -> 9 DE JULIO | B214: =ESTADISTICA!B214 -> NJU03 | C214: =ESTADISTICA!C214 -> San Juan y Parrillo | D214: =ESTADISTICA!D214 -> Domo | E214: =ESTADISTICA!E214 -> PTO A FO | F214: =ESTADISTICA!F214 -> 0 | G214: =ESTADISTICA!G214 -> 0 | H214: =ESTADISTICA!H214 -> 0 | ... AJ214: =ESTADISTICA!AJ214 -> #REF!
A215: =ESTADISTICA!A215 -> 9 DE JULIO | B215: =ESTADISTICA!B215 -> NJU04 | C215: =ESTADISTICA!C215 -> Ituzaingo y 214 A | D215: =ESTADISTICA!D215 -> Domo | E215: =ESTADISTICA!E215 -> Radio | F215: =ESTADISTICA!F215 -> 0 | G215: =ESTADISTICA!G215 -> 0 | H215: =ESTADISTICA!H215 -> 0 | ... AJ215: =ESTADISTICA!AJ215 -> #REF!
A216: =ESTADISTICA!A216 -> ZEBALLOS CENTRO | B216: =ESTADISTICA!B216 -> NJU05 | C216: =ESTADISTICA!C216 -> Ituzaingo y Alem | D216: =ESTADISTICA!D216 -> Domo | E216: =ESTADISTICA!E216 -> Radio | F216: =ESTADISTICA!F216 -> 0 | G216: =ESTADISTICA!G216 -> 0 | H216: =ESTADISTICA!H216 -> 0 | ... AJ216: =ESTADISTICA!AJ216 -> #REF!
A217: =ESTADISTICA!A217 -> CENTRO | B217: =ESTADISTICA!B217 -> NJU06 | C217: =ESTADISTICA!C217 -> Sallares y Rodo | D217: =ESTADISTICA!D217 -> Domo | E217: =ESTADISTICA!E217 -> Fibra Optica | F217: =ESTADISTICA!F217 -> 0 | G217: =ESTADISTICA!G217 -> 0 | H217: =ESTADISTICA!H217 -> 0 | ... AJ217: =ESTADISTICA!AJ217 -> #REF!
A218: =ESTADISTICA!A218 -> 9 DE JULIO | B218: =ESTADISTICA!B218 -> NJU07 | C218: =ESTADISTICA!C218 -> Gral. Juan Domingo Peron y Parrillo | D218: =ESTADISTICA!D218 -> Domo | E218: =ESTADISTICA!E218 -> Fibra Optica | F218: =ESTADISTICA!F218 -> 0 | G218: =ESTADISTICA!G218 -> 0 | H218: =ESTADISTICA!H218 -> 0 | ... AJ218: =ESTADISTICA!AJ218 -> #REF!
A219: =ESTADISTICA!A219 -> 9 DE JULIO | B219: =ESTADISTICA!B219 -> NJU 08 | C219: =ESTADISTICA!C219 -> BOCCUZZI Y O HIGGINS | D219: =ESTADISTICA!D219 -> DOMO | E219: =ESTADISTICA!E219 -> Radio | F219: =ESTADISTICA!F219 -> 0 | G219: =ESTADISTICA!G219 -> 0 | H219: =ESTADISTICA!H219 -> 0 | ... AJ219: =ESTADISTICA!AJ219 -> #REF!
... A516: =ESTADISTICA!A516 -> 0 | B516: =ESTADISTICA!B516 -> 0 | C516: =ESTADISTICA!C516 -> 0 | D516: =ESTADISTICA!D516 -> 0 | E516: =ESTADISTICA!E516 -> 0 | F516: =ESTADISTICA!F516 -> 0 | G516: =ESTADISTICA!G516 -> 0 | H516: =ESTADISTICA!H516 -> 0 | ... AJ516: =ESTADISTICA!AJ516 -> #REF!

Sheet APAGADOS FIBRA
C1: TOTAL FIBRA | D1: =COUNTIFS(E4:E400,"=Fibra Optica") -> 266
E2: APAGADOS | F2: =COUNTIFS(F4:F500, "=APAGADO",E4:E500,"=Fibra Optica") -> 0 | G2: =COUNTIFS(G4:G500, "=APAGADO",E4:E500,"=Fibra Optica") -> 0 | H2: =COUNTIFS(H4:H500, "=APAGADO",E4:E500,"=Fibra Optica") -> 0 | I2: =COUNTIFS(I4:I500, "=APAGADO",E4:E500,"=Fibra Optica") -> 0 | J2: =COUNTIFS(J4:J500, "=APAGADO",E4:E500,"=Fibra Optica") -> 0 | K2: =COUNTIFS(K4:K500, "=APAGADO",E4:E500,"=Fibra Optica") -> 19 | L2: =COUNTIFS(L4:L500, "=APAGADO",E4:E500,"=Fibra Optica") -> 8 | M2: =COUNTIFS(M4:M500, "=APAGADO",E4:E500,"=Fibra Optica") -> 0 | N2: =COUNTIFS(N4:N500, "=APAGADO",E4:E500,"=Fibra Optica") -> 0 | O2: =COUNTIFS(O4:O500, "=APAGADO",E4:E500,"=Fibra Optica") -> 6 | P2: =COUNTIFS(P4:P500, "=APAGADO",E4:E500,"=Fibra Optica") -> 31 | Q2: =COUNTIFS(Q4:Q500, "=APAGADO",E4:E500,"=Fibra Optica") -> 30 | R2: =COUNTIFS(R4:R500, "=APAGADO",E4:E500,"=Fibra Optica") -> 53 | S2: =COUNTIFS(S4:S500, "=APAGADO",E4:E500,"=Fibra Optica") -> 96 | T2: =COUNTIFS(T4:T500, "=APAGADO",E4:E500,"=Fibra Optica") -> 0 | U2: =COUNTIFS(U4:U500, "=APAGADO",E4:E500,"=Fibra Optica") -> 0 | V2: =COUNTIFS(V4:V500, "=APAGADO",E4:E500,"=Fibra Optica") -> 0 | W2: =COUNTIFS(W4:W500, "=APAGADO",E4:E500,"=Fibra Optica") -> 0 | X2: =COUNTIFS(X4:X500, "=APAGADO",E4:E500,"=Fibra Optica") -> 0 | Y2: =COUNTIFS(Y4:Y500, "=APAGADO",E4:E500,"=Fibra Optica") -> 0 | Z2: =COUNTIFS(Z4:Z500, "=APAGADO",E4:E500,"=Fibra Optica") -> 0 | AA2: =COUNTIFS(AA4:AA500, "=APAGADO",E4:E500,"=Fibra Optica") -> 0 | AB2: =COUNTIFS(AB4:AB500, "=APAGADO",E4:E500,"=Fibra Optica") -> 0 | AC2: =COUNTIFS(AC4:AC500, "=APAGADO",E4:E500,"=Fibra Optica") -> 0 | AD2: =COUNTIFS(AD4:AD500, "=APAGADO",E4:E500,"=Fibra Optica") -> 0 | AE2: =COUNTIFS(AE4:AE500, "=APAGADO",E4:E500,"=Fibra Optica") -> 0 | AF2: =COUNTIFS(AF4:AF500, "=APAGADO",E4:E500,"=Fibra Optica") -> 0 | AG2: =COUNTIFS(AG4:AG500, "=APAGADO",E4:E500,"=Fibra Optica") -> 0 | AH2: =COUNTIFS(AH4:AH500, "=APAGADO",E4:E500,"=Fibra Optica") -> 0 | AI2: =COUNTIFS(AI4:AI400, "=APAGADO",E4:E400,"=Fibra Optica") -> 0 | AJ2: =COUNTIFS(AJ4:AJ400, "=APAGADO",F4:F400,"=Fibra Optica") -> 0
A3: =ESTADISTICA!A1 -> Barrio | B3: =ESTADISTICA!B1 -> [Denominacion] | C3: =ESTADISTICA!C1 -> [Ubicacion] | D3: =ESTADISTICA!D1 -> [Tipo de Camara] | E3: =ESTADISTICA!E1 -> [Tipo de Conexion] | F3: =ESTADISTICA!F1 -> 45108 | G3: =ESTADISTICA!G1 -> 45109 | H3: =ESTADISTICA!H1 -> 45110 | ... AJ3: =ESTADISTICA!AJ1 -> #REF!
A4: ='RESUMEN TOTAL'!A7 -> ALTAMIRA | B4: ='RESUMEN TOTAL'!B7 -> ALT 03 | C4: ='RESUMEN TOTAL'!D7 -> Bombero Galarza y Necochea | D4: ='RESUMEN TOTAL'!E7 -> Domo | E4: ='RESUMEN TOTAL'!F7 -> Fibra Optica | F4: ='RESUMEN TOTAL'!L7 -> 0 | G4: ='RESUMEN TOTAL'!M7 -> 0 | H4: ='RESUMEN TOTAL'!N7 -> 0 | I4: ='RESUMEN TOTAL'!O7 -> 0 | J4: ='RESUMEN TOTAL'!P7 -> 0 | K4: ='RESUMEN TOTAL'!Q7 -> 0 | L4: ='RESUMEN TOTAL'!R7 -> 0 | M4: ='RESUMEN TOTAL'!S7 -> 0 | ... AI4: ='RESUMEN TOTAL'!AO7 -> 0 | AJ4: ='RESUMEN TOTAL'!#REF! -> #REF!
A5: ='RESUMEN TOTAL'!A8 -> ALTAMIRA | B5: ='RESUMEN TOTAL'!B8 -> ALT 04 | C5: ='RESUMEN TOTAL'!D8 -> Francia y Necochea | D5: ='RESUMEN TOTAL'!E8 -> Domo | E5: ='RESUMEN TOTAL'!F8 -> Fibra Optica | F5: ='RESUMEN TOTAL'!L8 -> 0 | G5: ='RESUMEN TOTAL'!M8 -> 0 | H5: ='RESUMEN TOTAL'!N8 -> 0 | I5: ='RESUMEN TOTAL'!O8 -> 0 | J5: ='RESUMEN TOTAL'!P8 -> 0 | K5: ='RESUMEN TOTAL'!Q8 -> 0 | L5: ='RESUMEN TOTAL'!R8 -> 0 | M5: ='RESUMEN TOTAL'!S8 -> 0 | ... AI5: ='RESUMEN TOTAL'!AO8 -> 0 | AJ5: ='RESUMEN TOTAL'!#REF! -> #REF!
A6: ='RESUMEN TOTAL'!A9 -> ALTAMIRA | B6: ='RESUMEN TOTAL'!B9 -> ALT05 | C6: ='RESUMEN TOTAL'!D9 -> Av. Calchaqui y Bombero Galarza | D6: ='RESUMEN TOTAL'!E9 -> Domo | E6: ='RESUMEN TOTAL'!F9 -> PTO A FO | F6: ='RESUMEN TOTAL'!L9 -> 0 | G6: ='RESUMEN TOTAL'!M9 -> 0 | H6: ='RESUMEN TOTAL'!N9 -> 0 | I6: ='RESUMEN TOTAL'!O9 -> 0 | J6: ='RESUMEN TOTAL'!P9 -> 0 | K6: ='RESUMEN TOTAL'!Q9 -> 0 | L6: ='RESUMEN TOTAL'!R9 -> 0 | M6: ='RESUMEN TOTAL'!S9 -> 0 | ... AI6: ='RESUMEN TOTAL'!AO9 -> 0 | AJ6: ='RESUMEN TOTAL'!#REF! -> #REF!
A7: ='RESUMEN TOTAL'!A10 -> ALTAMIRA | B7: ='RESUMEN TOTAL'!B10 -> ALT 06 | C7: ='RESUMEN TOTAL'!D10 -> LOPE DE VEGA Y NECOCHEA | D7: ='RESUMEN TOTAL'!E10 -> Domo | E7: ='RESUMEN TOTAL'!F10 -> PTO A FO | F7: ='RESUMEN TOTAL'!L10 -> 0 | G7: ='RESUMEN TOTAL'!M10 -> 0 | H7: ='RESUMEN TOTAL'!N10 -> 0 | I7: ='RESUMEN TOTAL'!O10 -> 0 | J7: ='RESUMEN TOTAL'!P10 -> 0 | K7: ='RESUMEN TOTAL'!Q10 -> 0 | L7: ='RESUMEN TOTAL'!R10 -> 0 | M7: ='RESUMEN TOTAL'!S10 -> 0 | ... AI7: ='RESUMEN TOTAL'!AO10 -> 0 | AJ7: ='RESUMEN TOTAL'!#REF! -> #REF!
A8: ='RESUMEN TOTAL'!A11 -> ALTAMIRA | B8: ='RESUMEN TOTAL'!B11 -> ALT07 | C8: ='RESUMEN TOTAL'!D11 -> AV. CALCHAQUI Y AV. DEL TRABAJO | D8: ='RESUMEN TOTAL'!E11 -> DOMO | E8: ='RESUMEN TOTAL'!F11 -> PTO A FO | F8: ='RESUMEN TOTAL'!L11 -> 0 | G8: ='RESUMEN TOTAL'!M11 -> 0 | H8: ='RESUMEN TOTAL'!N11 -> 0 | I8: ='RESUMEN TOTAL'!O11 -> 0 | J8: ='RESUMEN TOTAL'!P11 -> 0 | K8: ='RESUMEN TOTAL'!Q11 -> 0 | L8: ='RESUMEN TOTAL'!R11 -> 0 | M8: ='RESUMEN TOTAL'!S11 -> 0 | ... AI8: ='RESUMEN TOTAL'!AO11 -> 0 | AJ8: ='RESUMEN TOTAL'!#REF! -> #REF!
A9: ='RESUMEN TOTAL'!A12 -> ALTAMIRA | B9: ='RESUMEN TOTAL'!B12 -> ALT 08 | C9: ='RESUMEN TOTAL'!D12 -> HUMAITA Y NECOCHEA | D9: ='RESUMEN TOTAL'!E12 -> DOMO | E9: ='RESUMEN TOTAL'!F12 -> Fibra Optica | F9: ='RESUMEN TOTAL'!L12 -> 0 | G9: ='RESUMEN TOTAL'!M12 -> 0 | H9: ='RESUMEN TOTAL'!N12 -> 0 | I9: ='RESUMEN TOTAL'!O12 -> 0 | J9: ='RESUMEN TOTAL'!P12 -> 0 | K9: ='RESUMEN TOTAL'!Q12 -> 0 | L9: ='RESUMEN TOTAL'!R12 -> 0 | M9: ='RESUMEN TOTAL'!S12 -> 0 | ... AI9: ='RESUMEN TOTAL'!AO12 -> 0 | AJ9: ='RESUMEN TOTAL'!#REF! -> #REF!
A10: ='RESUMEN TOTAL'!A13 -> ALTAMIRA | B10: ='RESUMEN TOTAL'!B13 -> ALT 09 | C10: ='RESUMEN TOTAL'!D13 -> NECOCHEA Y CURUPAITY | D10: ='RESUMEN TOTAL'!E13 -> DOMO | E10: ='RESUMEN TOTAL'!F13 -> Fibra Optica | F10: ='RESUMEN TOTAL'!L13 -> 0 | G10: ='RESUMEN TOTAL'!M13 -> 0 | H10: ='RESUMEN TOTAL'!N13 -> 0 | I10: ='RESUMEN TOTAL'!O13 -> 0 | J10: ='RESUMEN TOTAL'!P13 -> 0 | K10: ='RESUMEN TOTAL'!Q13 -> APAGADO | L10: ='RESUMEN TOTAL'!R13 -> APAGADO | M10: ='RESUMEN TOTAL'!S13 -> 0 | ... AI10: ='RESUMEN TOTAL'!AO13 -> 0 | AJ10: ='RESUMEN TOTAL'!#REF! -> #REF!
A11: ='RESUMEN TOTAL'!A14 -> ALTAMIRA | B11: ='RESUMEN TOTAL'!B14 -> ALT 10 | C11: ='RESUMEN TOTAL'!D14 -> Calchaqui y Francia | D11: ='RESUMEN TOTAL'!E14 -> Domo | E11: ='RESUMEN TOTAL'!F14 -> Radio | F11: ='RESUMEN TOTAL'!L14 -> 0 | G11: ='RESUMEN TOTAL'!M14 -> 0 | H11: ='RESUMEN TOTAL'!N14 -> 0 | I11: ='RESUMEN TOTAL'!O14 -> 0 | J11: ='RESUMEN TOTAL'!P14 -> 0 | K11: ='RESUMEN TOTAL'!Q14 -> 0 | L11: ='RESUMEN TOTAL'!R14 -> 0 | M11: ='RESUMEN TOTAL'!S14 -> 0 | ... AI11: ='RESUMEN TOTAL'!AO14 -> 0 | AJ11: ='RESUMEN TOTAL'!#REF! -> #REF!
A12: ='RESUMEN TOTAL'!A15 -> AGUSTIN RAMIREZ | B12: ='RESUMEN TOTAL'!B15 -> ARA 01 | C12: ='RESUMEN TOTAL'!D15 -> Malambo y Tranquera | D12: ='RESUMEN TOTAL'!E15 -> Domo | E12: ='RESUMEN TOTAL'!F15 -> Fibra Optica | F12: ='RESUMEN TOTAL'!L15 -> 0 | G12: ='RESUMEN TOTAL'!M15 -> 0 | H12: ='RESUMEN TOTAL'!N15 -> 0 | I12: ='RESUMEN TOTAL'!O15 -> 0 | J12: ='RESUMEN TOTAL'!P15 -> 0 | K12: ='RESUMEN TOTAL'!Q15 -> 0 | L12: ='RESUMEN TOTAL'!R15 -> 0 | M12: ='RESUMEN TOTAL'!S15 -> 0 | ... AI12: ='RESUMEN TOTAL'!AO15 -> 0 | AJ12: ='RESUMEN TOTAL'!#REF! -> #REF!
A13: ='RESUMEN TOTAL'!A16 -> BELGRANO | B13: ='RESUMEN TOTAL'!B16 -> BEL 01 | C13: ='RESUMEN TOTAL'!D16 -> San Martin y Dardo Rocha | D13: ='RESUMEN TOTAL'!E16 -> DOMO | E13: ='RESUMEN TOTAL'!F16 -> Fibra Optica | F13: ='RESUMEN TOTAL'!L16 -> 0 | G13: ='RESUMEN TOTAL'!M16 -> 0 | H13: ='RESUMEN TOTAL'!N16 -> 0 | I13: ='RESUMEN TOTAL'!O16 -> 0 | J13: ='RESUMEN TOTAL'!P16 -> 0 | K13: ='RESUMEN TOTAL'!Q16 -> 0 | L13: ='RESUMEN TOTAL'!R16 -> 0 | M13: ='RESUMEN TOTAL'!S16 -> 0 | ... AI13: ='RESUMEN TOTAL'!AO16 -> 0 | AJ13: ='RESUMEN TOTAL'!#REF! -> #REF!
A14: ='RESUMEN TOTAL'!A17 -> BELGRANO | B14: ='RESUMEN TOTAL'!B17 -> BEL 02 | C14: ='RESUMEN TOTAL'!D17 -> Guardia vieja y Fronteriz | D14: ='RESUMEN TOTAL'!E17 -> DOMO | E14: ='RESUMEN TOTAL'!F17 -> Fibra Optica | F14: ='RESUMEN TOTAL'!L17 -> 0 | G14: ='RESUMEN TOTAL'!M17 -> 0 | H14: ='RESUMEN TOTAL'!N17 -> 0 | I14: ='RESUMEN TOTAL'!O17 -> 0 | J14: ='RESUMEN TOTAL'!P17 -> 0 | K14: ='RESUMEN TOTAL'!Q17 -> 0 | L14: ='RESUMEN TOTAL'!R17 -> 0 | M14: ='RESUMEN TOTAL'!S17 -> 0 | ... R14: ='RESUMEN TOTAL'!X17 -> 0 | S14: ='RESUMEN TOTAL'!Y23 -> 0 | T14: ='RESUMEN TOTAL'!Z17 -> 0 | U14: ='RESUMEN TOTAL'!AA17 -> 0 | V14: ='RESUMEN TOTAL'!AB17 -> 0 | W14: ='RESUMEN TOTAL'!AC17 -> 0 | X14: ='RESUMEN TOTAL'!AD17 -> 0 | Y14: ='RESUMEN TOTAL'!AE17 -> 0 | Z14: ='RESUMEN TOTAL'!AF17 -> 0 | AA14: ='RESUMEN TOTAL'!AG17 -> 0 | ... AI14: ='RESUMEN TOTAL'!AO17 -> 0 | AJ14: ='RESUMEN TOTAL'!#REF! -> #REF!
A15: ='RESUMEN TOTAL'!A18 -> BOSQUES CENTRO | B15: ='RESUMEN TOTAL'!B18 -> BOSQC 01 | C15: ='RESUMEN TOTAL'!D18 -> LUIS AGOTE E/DANUNCIO Y CAMPOAMOR | D15: ='RESUMEN TOTAL'!E18 -> Fija | E15: ='RESUMEN TOTAL'!F18 -> Radio | F15: ='RESUMEN TOTAL'!L18 -> 0 | G15: ='RESUMEN TOTAL'!M18 -> 0 | H15: ='RESUMEN TOTAL'!N18 -> 0 | I15: ='RESUMEN TOTAL'!O18 -> 0 | J15: ='RESUMEN TOTAL'!P18 -> 0 | K15: ='RESUMEN TOTAL'!Q18 -> 0 | L15: ='RESUMEN TOTAL'!R18 -> 0 | M15: ='RESUMEN TOTAL'!S18 -> 0 | ... AI15: ='RESUMEN TOTAL'!AO18 -> 0 | AJ15: ='RESUMEN TOTAL'!#REF! -> #REF!
A16: ='RESUMEN TOTAL'!A19 -> BOSQUES CENTRO | B16: ='RESUMEN TOTAL'!B19 -> BOSQC 02 | C16: ='RESUMEN TOTAL'!D19 -> LUIS AGOTE E/DANUNCIO Y CAMPOAMOR | D16: ='RESUMEN TOTAL'!E19 -> Fija | E16: ='RESUMEN TOTAL'!F19 -> Radio | F16: ='RESUMEN TOTAL'!L19 -> 0 | G16: ='RESUMEN TOTAL'!M19 -> 0 | H16: ='RESUMEN TOTAL'!N19 -> 0 | I16: ='RESUMEN TOTAL'!O19 -> 0 | J16: ='RESUMEN TOTAL'!P19 -> 0 | K16: ='RESUMEN TOTAL'!Q19 -> 0 | L16: ='RESUMEN TOTAL'!R19 -> 0 | M16: ='RESUMEN TOTAL'!S19 -> 0 | ... AI16: ='RESUMEN TOTAL'!AO19 -> 0 | AJ16: ='RESUMEN TOTAL'!#REF! -> #REF!
A17: ='RESUMEN TOTAL'!A20 -> BOSQUES CENTRO | B17: ='RESUMEN TOTAL'!B20 -> BOSQC 03 | C17: ='RESUMEN TOTAL'!D20 -> BENAVENTE Y LUIS AGOTE | D17: ='RESUMEN TOTAL'!E20 -> Fija | E17: ='RESUMEN TOTAL'!F20 -> Radio | F17: ='RESUMEN TOTAL'!L20 -> 0 | G17: ='RESUMEN TOTAL'!M20 -> 0 | H17: ='RESUMEN TOTAL'!N20 -> 0 | I17: ='RESUMEN TOTAL'!O20 -> 0 | J17: ='RESUMEN TOTAL'!P20 -> 0 | K17: ='RESUMEN TOTAL'!Q20 -> 0 | L17: ='RESUMEN TOTAL'!R20 -> 0 | M17: ='RESUMEN TOTAL'!S20 -> 0 | ... AI17: ='RESUMEN TOTAL'!AO20 -> 0 | AJ17: ='RESUMEN TOTAL'!#REF! -> #REF!
A18: ='RESUMEN TOTAL'!A21 -> BOSQUES CENTRO | B18: ='RESUMEN TOTAL'!B21 -> BOSQC 04 | C18: ='RESUMEN TOTAL'!D21 -> BENAVENTE Y LUIS AGOTE | D18: ='RESUMEN TOTAL'!E21 -> Fija | E18: ='RESUMEN TOTAL'!F21 -> Radio | F18: ='RESUMEN TOTAL'!L21 -> 0 | G18: ='RESUMEN TOTAL'!M21 -> 0 | H18: ='RESUMEN TOTAL'!N21 -> 0 | I18: ='RESUMEN TOTAL'!O21 -> 0 | J18: ='RESUMEN TOTAL'!P21 -> 0 | K18: ='RESUMEN TOTAL'!Q21 -> 0 | L18: ='RESUMEN TOTAL'!R21 -> 0 | M18: ='RESUMEN TOTAL'!S21 -> 0 | ... AI18: ='RESUMEN TOTAL'!AO21 -> 0 | AJ18: ='RESUMEN TOTAL'!#REF! -> #REF!
A19: ='RESUMEN TOTAL'!A22 -> BOSQUES CENTRO | B19: ='RESUMEN TOTAL'!B22 -> BOSQC 05 | C19: ='RESUMEN TOTAL'!D22 -> LUIS AGOTE Y RUTA 36 | D19: ='RESUMEN TOTAL'!E22 -> Fija | E19: ='RESUMEN TOTAL'!F22 -> Radio | F19: ='RESUMEN TOTAL'!L22 -> 0 | G19: ='RESUMEN TOTAL'!M22 -> 0 | H19: ='RESUMEN TOTAL'!N22 -> 0 | I19: ='RESUMEN TOTAL'!O22 -> 0 | J19: ='RESUMEN TOTAL'!P22 -> 0 | K19: ='RESUMEN TOTAL'!Q22 -> 0 | L19: ='RESUMEN TOTAL'!R22 -> 0 | M19: ='RESUMEN TOTAL'!S22 -> 0 | ... AI19: ='RESUMEN TOTAL'!AO22 -> 0 | AJ19: ='RESUMEN TOTAL'!#REF! -> #REF!
A20: ='RESUMEN TOTAL'!A23 -> BOSQUES CENTRO | B20: ='RESUMEN TOTAL'!B23 -> BOSQC 06 | C20: ='RESUMEN TOTAL'!D23 -> LUIS AGOTE Y RUTA 36 | D20: ='RESUMEN TOTAL'!E23 -> Fija | E20: ='RESUMEN TOTAL'!F23 -> Radio | F20: ='RESUMEN TOTAL'!L23 -> 0 | G20: ='RESUMEN TOTAL'!M23 -> 0 | H20: ='RESUMEN TOTAL'!N23 -> 0 | I20: ='RESUMEN TOTAL'!O23 -> 0 | J20: ='RESUMEN TOTAL'!P23 -> 0 | K20: ='RESUMEN TOTAL'!Q23 -> 0 | L20: ='RESUMEN TOTAL'!R23 -> 0 | M20: ='RESUMEN TOTAL'!S23 -> 0 | ... AI20: ='RESUMEN TOTAL'!AO23 -> 0 | AJ20: ='RESUMEN TOTAL'!#REF! -> #REF!
A21: ='RESUMEN TOTAL'!A24 -> CENTRO | B21: ='RESUMEN TOTAL'!B24 -> CEN01 | C21: ='RESUMEN TOTAL'!D24 -> San Martin y 9 de Julio | D21: ='RESUMEN TOTAL'!E24 -> Fija | E21: ='RESUMEN TOTAL'!F24 -> Fibra Optica | F21: ='RESUMEN TOTAL'!L24 -> 0 | G21: ='RESUMEN TOTAL'!M24 -> 0 | H21: ='RESUMEN TOTAL'!N24 -> 0 | I21: ='RESUMEN TOTAL'!O24 -> 0 | J21: ='RESUMEN TOTAL'!P24 -> 0 | K21: ='RESUMEN TOTAL'!Q24 -> 0 | L21: ='RESUMEN TOTAL'!R24 -> 0 | M21: ='RESUMEN TOTAL'!S24 -> 0 | ... AI21: ='RESUMEN TOTAL'!AO24 -> 0 | AJ21: ='RESUMEN TOTAL'!#REF! -> #REF!
A22: ='RESUMEN TOTAL'!A25 -> CENTRO | B22: ='RESUMEN TOTAL'!B25 -> CEN02 | C22: ='RESUMEN TOTAL'!D25 -> San Martin y Almafuerte | D22: ='RESUMEN TOTAL'!E25 -> Fija | E22: ='RESUMEN TOTAL'!F25 -> Fibra Optica | F22: ='RESUMEN TOTAL'!L25 -> 0 | G22: ='RESUMEN TOTAL'!M25 -> 0 | H22: ='RESUMEN TOTAL'!N25 -> 0 | I22: ='RESUMEN TOTAL'!O25 -> 0 | J22: ='RESUMEN TOTAL'!P25 -> 0 | K22: ='RESUMEN TOTAL'!Q25 -> 0 | L22: ='RESUMEN TOTAL'!R25 -> 0 | M22: ='RESUMEN TOTAL'!S25 -> 0 | ... AI22: ='RESUMEN TOTAL'!AO25 -> 0 | AJ22: ='RESUMEN TOTAL'!#REF! -> #REF!
A23: ='RESUMEN TOTAL'!A26 -> CENTRO | B23: ='RESUMEN TOTAL'!B26 -> CEN03 | C23: ='RESUMEN TOTAL'!D26 -> San Martin y Sallares | D23: ='RESUMEN TOTAL'!E26 -> Domo | E23: ='RESUMEN TOTAL'!F26 -> Fibra Optica | F23: ='RESUMEN TOTAL'!L26 -> 0 | G23: ='RESUMEN TOTAL'!M26 -> 0 | H23: ='RESUMEN TOTAL'!N26 -> 0 | I23: ='RESUMEN TOTAL'!O26 -> 0 | J23: ='RESUMEN TOTAL'!P26 -> 0 | K23: ='RESUMEN TOTAL'!Q26 -> 0 | L23: ='RESUMEN TOTAL'!R26 -> 0 | M23: ='RESUMEN TOTAL'!S26 -> 0 | ... AI23: ='RESUMEN TOTAL'!AO26 -> 0 | AJ23: ='RESUMEN TOTAL'!#REF! -> #REF!
A24: ='RESUMEN TOTAL'!A27 -> CENTRO | B24: ='RESUMEN TOTAL'!B27 -> CEN04 | C24: ='RESUMEN TOTAL'!D27 -> San Martin y Contreras | D24: ='RESUMEN TOTAL'!E27 -> Domo | E24: ='RESUMEN TOTAL'!F27 -> Fibra Optica | F24: ='RESUMEN TOTAL'!L27 -> 0 | G24: ='RESUMEN TOTAL'!M27 -> 0 | H24: ='RESUMEN TOTAL'!N27 -> 0 | I24: ='RESUMEN TOTAL'!O27 -> 0 | J24: ='RESUMEN TOTAL'!P27 -> 0 | K24: ='RESUMEN TOTAL'!Q27 -> 0 | L24: ='RESUMEN TOTAL'!R27 -> 0 | M24: ='RESUMEN TOTAL'!S27 -> 0 | ... AI24: ='RESUMEN TOTAL'!AO27 -> 0 | AJ24: ='RESUMEN TOTAL'!#REF! -> #REF!
A25: ='RESUMEN TOTAL'!A28 -> CENTRO | B25: ='RESUMEN TOTAL'!B28 -> CEN 05 | C25: ='RESUMEN TOTAL'!D28 -> Bocuzzi e/España y San Martin | D25: ='RESUMEN TOTAL'!E28 -> DOMO | E25: ='RESUMEN TOTAL'!F28 -> Fibra Optica | F25: ='RESUMEN TOTAL'!L28 -> 0 | G25: ='RESUMEN TOTAL'!M28 -> 0 | H25: ='RESUMEN TOTAL'!N28 -> 0 | I25: ='RESUMEN TOTAL'!O28 -> 0 | J25: ='RESUMEN TOTAL'!P28 -> 0 | K25: ='RESUMEN TOTAL'!Q28 -> 0 | L25: ='RESUMEN TOTAL'!R28 -> 0 | M25: ='RESUMEN TOTAL'!S28 -> 0 | ... AI25: ='RESUMEN TOTAL'!AO28 -> 0 | AJ25: ='RESUMEN TOTAL'!#REF! -> #REF!
A26: ='RESUMEN TOTAL'!A29 -> CENTRO | B26: ='RESUMEN TOTAL'!B29 -> CEN06 | C26: ='RESUMEN TOTAL'!D29 -> Monteagudo y A.del Valle | D26: ='RESUMEN TOTAL'!E29 -> Fija | E26: ='RESUMEN TOTAL'!F29 -> Fibra Optica | F26: ='RESUMEN TOTAL'!L29 -> 0 | G26: ='RESUMEN TOTAL'!M29 -> 0 | H26: ='RESUMEN TOTAL'!N29 -> 0 | I26: ='RESUMEN TOTAL'!O29 -> 0 | J26: ='RESUMEN TOTAL'!P29 -> 0 | K26: ='RESUMEN TOTAL'!Q29 -> 0 | L26: ='RESUMEN TOTAL'!R29 -> 0 | M26: ='RESUMEN TOTAL'!S29 -> 0 | ... AI26: ='RESUMEN TOTAL'!AO29 -> 0 | AJ26: ='RESUMEN TOTAL'!#REF! -> #REF!
... A206: ='RESUMEN TOTAL'!A209 -> MARTIN FIERRO | B206: ='RESUMEN TOTAL'!B209 -> MFI 07 | C206: ='RESUMEN TOTAL'!D209 -> Sargento Cabral y Carlos Gardel | D206: ='RESUMEN TOTAL'!E209 -> Domo | E206: ='RESUMEN TOTAL'!F209 -> PTO A FO | F206: ='RESUMEN TOTAL'!L209 -> 0 | G206: ='RESUMEN TOTAL'!M209 -> 0 | H206: ='RESUMEN TOTAL'!N209 -> 0 | I206: ='RESUMEN TOTAL'!O209 -> 0 | J206: ='RESUMEN TOTAL'!P209 -> 0 | K206: ='RESUMEN TOTAL'!Q209 -> 0 | L206: ='RESUMEN TOTAL'!R209 -> 0 | M206: ='RESUMEN TOTAL'!S209 -> 0 | ... AI206: ='RESUMEN TOTAL'!AO209 -> 0 | AJ206: ='RESUMEN TOTAL'!#REF! -> #REF!
A207: ='RESUMEN TOTAL'!A211 -> GOBERNADOR MONTEVERDE | B207: ='RESUMEN TOTAL'!B211 -> MON01 | C207: ='RESUMEN TOTAL'!D211 -> San Martin y Patricias Argentinas | D207: ='RESUMEN TOTAL'!E211 -> Fija | E207: ='RESUMEN TOTAL'!F211 -> Fibra Optica | F207: ='RESUMEN TOTAL'!L211 -> 0 | G207: ='RESUMEN TOTAL'!M211 -> 0 | H207: ='RESUMEN TOTAL'!N211 -> 0 | I207: ='RESUMEN TOTAL'!O211 -> 0 | J207: ='RESUMEN TOTAL'!P211 -> 0 | K207: ='RESUMEN TOTAL'!Q211 -> 0 | L207: ='RESUMEN TOTAL'!R211 -> 0 | M207: ='RESUMEN TOTAL'!S211 -> 0 | ... AI207: ='RESUMEN TOTAL'!AO211 -> 0 | AJ207: ='RESUMEN TOTAL'!#REF! -> #REF!
A208: ='RESUMEN TOTAL'!A212 -> GOBERNADOR MONTEVERDE | B208: ='RESUMEN TOTAL'!B212 -> MON02 | C208: ='RESUMEN TOTAL'!D212 -> Senzabello y Famatina | D208: ='RESUMEN TOTAL'!E212 -> Domo | E208: ='RESUMEN TOTAL'!F212 -> Radio | F208: ='RESUMEN TOTAL'!L212 -> 0 | G208: ='RESUMEN TOTAL'!M212 -> 0 | H208: ='RESUMEN TOTAL'!N212 -> 0 | I208: ='RESUMEN TOTAL'!O212 -> 0 | J208: ='RESUMEN TOTAL'!P212 -> 0 | K208: ='RESUMEN TOTAL'!Q212 -> 0 | L208: ='RESUMEN TOTAL'!R212 -> 0 | M208: ='RESUMEN TOTAL'!S212 -> 0 | ... AI208: ='RESUMEN TOTAL'!AO212 -> 0 | AJ208: ='RESUMEN TOTAL'!#REF! -> #REF!
A209: ='RESUMEN TOTAL'!A213 -> GOBERNADOR MONTEVERDE | B209: ='RESUMEN TOTAL'!B213 -> MON03 | C209: ='RESUMEN TOTAL'!D213 -> Senzabello y Guemes | D209: ='RESUMEN TOTAL'!E213 -> Domo | E209: ='RESUMEN TOTAL'!F213 -> Radio | F209: ='RESUMEN TOTAL'!L213 -> 0 | G209: ='RESUMEN TOTAL'!M213 -> 0 | H209: ='RESUMEN TOTAL'!N213 -> 0 | I209: ='RESUMEN TOTAL'!O213 -> 0 | J209: ='RESUMEN TOTAL'!P213 -> 0 | K209: ='RESUMEN TOTAL'!Q213 -> 0 | L209: ='RESUMEN TOTAL'!R213 -> 0 | M209: ='RESUMEN TOTAL'!S213 -> 0 | ... AI209: ='RESUMEN TOTAL'!AO213 -> 0 | AJ209: ='RESUMEN TOTAL'!#REF! -> #REF!
A210: ='RESUMEN TOTAL'!A214 -> GOBERNADOR MONTEVERDE | B210: ='RESUMEN TOTAL'!B214 -> MON04 | C210: ='RESUMEN TOTAL'!D214 -> Av. Yrigoyen y San Lorenzo | D210: ='RESUMEN TOTAL'!E214 -> Domo | E210: ='RESUMEN TOTAL'!F214 -> Radio | F210: ='RESUMEN TOTAL'!L214 -> 0 | G210: ='RESUMEN TOTAL'!M214 -> 0 | H210: ='RESUMEN TOTAL'!N214 -> 0 | I210: ='RESUMEN TOTAL'!O214 -> 0 | J210: ='RESUMEN TOTAL'!P214 -> 0 | K210: ='RESUMEN TOTAL'!Q214 -> 0 | L210: ='RESUMEN TOTAL'!R214 -> 0 | M210: ='RESUMEN TOTAL'!S214 -> 0 | ... AI210: ='RESUMEN TOTAL'!AO214 -> 0 | AJ210: ='RESUMEN TOTAL'!#REF! -> #REF!
A211: ='RESUMEN TOTAL'!A215 -> 9 DE JULIO | B211: ='RESUMEN TOTAL'!B215 -> NJU 01 | C211: ='RESUMEN TOTAL'!D215 -> Sallares y Parrillo | D211: ='RESUMEN TOTAL'!E215 -> Domo | E211: ='RESUMEN TOTAL'!F215 -> Fibra Optica | F211: ='RESUMEN TOTAL'!L215 -> 0 | G211: ='RESUMEN TOTAL'!M215 -> 0 | H211: ='RESUMEN TOTAL'!N215 -> 0 | I211: ='RESUMEN TOTAL'!O215 -> 0 | J211: ='RESUMEN TOTAL'!P215 -> 0 | K211: ='RESUMEN TOTAL'!Q215 -> 0 | L211: ='RESUMEN TOTAL'!R215 -> 0 | M211: ='RESUMEN TOTAL'!S215 -> 0 | ... AI211: ='RESUMEN TOTAL'!AO215 -> 0 | AJ211: ='RESUMEN TOTAL'!#REF! -> #REF!
A212: ='RESUMEN TOTAL'!A216 -> 9 DE JULIO | B212: ='RESUMEN TOTAL'!B216 -> NJU02 | C212: ='RESUMEN TOTAL'!D216 -> Ituzaingo y Boccuzzi | D212: ='RESUMEN TOTAL'!E216 -> Domo | E212: ='RESUMEN TOTAL'!F216 -> Radio | F212: ='RESUMEN TOTAL'!L216 -> 0 | G212: ='RESUMEN TOTAL'!M216 -> 0 | H212: ='RESUMEN TOTAL'!N216 -> 0 | I212: ='RESUMEN TOTAL'!O216 -> 0 | J212: ='RESUMEN TOTAL'!P216 -> 0 | K212: ='RESUMEN TOTAL'!Q216 -> 0 | L212: ='RESUMEN TOTAL'!R216 -> 0 | M212: ='RESUMEN TOTAL'!S216 -> 0 | ... AI212: ='RESUMEN TOTAL'!AO216 -> 0 | AJ212: ='RESUMEN TOTAL'!#REF! -> #REF!
A213: ='RESUMEN TOTAL'!A217 -> 9 DE JULIO | B213: ='RESUMEN TOTAL'!B217 -> NJU03 | C213: ='RESUMEN TOTAL'!D217 -> San Juan y Parrillo | D213: ='RESUMEN TOTAL'!E217 -> Domo | E213: ='RESUMEN TOTAL'!F217 -> PTO A FO | F213: ='RESUMEN TOTAL'!L217 -> 0 | G213: ='RESUMEN TOTAL'!M217 -> 0 | H213: ='RESUMEN TOTAL'!N217 -> 0 | I213: ='RESUMEN TOTAL'!O217 -> 0 | J213: ='RESUMEN TOTAL'!P217 -> 0 | K213: ='RESUMEN TOTAL'!Q217 -> 0 | L213: ='RESUMEN TOTAL'!R217 -> 0 | M213: ='RESUMEN TOTAL'!S217 -> 0 | ... AI213: ='RESUMEN TOTAL'!AO217 -> 0 | AJ213: ='RESUMEN TOTAL'!#REF! -> #REF!
A214: ='RESUMEN TOTAL'!A218 -> 9 DE JULIO | B214: ='RESUMEN TOTAL'!B218 -> NJU04 | C214: ='RESUMEN TOTAL'!D218 -> Ituzaingo y 214 A | D214: ='RESUMEN TOTAL'!E218 -> Domo | E214: ='RESUMEN TOTAL'!F218 -> Radio | F214: ='RESUMEN TOTAL'!L218 -> 0 | G214: ='RESUMEN TOTAL'!M218 -> 0 | H214: ='RESUMEN TOTAL'!N218 -> 0 | I214: ='RESUMEN TOTAL'!O218 -> 0 | J214: ='RESUMEN TOTAL'!P218 -> 0 | K214: ='RESUMEN TOTAL'!Q218 -> 0 | L214: ='RESUMEN TOTAL'!R218 -> 0 | M214: ='RESUMEN TOTAL'!S218 -> 0 | ... AI214: ='RESUMEN TOTAL'!AO218 -> 0 | AJ214: ='RESUMEN TOTAL'!#REF! -> #REF!
A215: ='RESUMEN TOTAL'!A219 -> ZEBALLOS CENTRO | B215: ='RESUMEN TOTAL'!B219 -> NJU05 | C215: ='RESUMEN TOTAL'!D219 -> Ituzaingo y Alem | D215: ='RESUMEN TOTAL'!E219 -> Domo | E215: ='RESUMEN TOTAL'!F219 -> Radio | F215: ='RESUMEN TOTAL'!L219 -> 0 | G215: ='RESUMEN TOTAL'!M219 -> 0 | H215: ='RESUMEN TOTAL'!N219 -> 0 | I215: ='RESUMEN TOTAL'!O219 -> 0 | J215: ='RESUMEN TOTAL'!P219 -> 0 | K215: ='RESUMEN TOTAL'!Q219 -> APAGADO | L215: ='RESUMEN TOTAL'!R219 -> 0 | M215: ='RESUMEN TOTAL'!S219 -> 0 | ... AI215: ='RESUMEN TOTAL'!AO219 -> 0 | AJ215: ='RESUMEN TOTAL'!#REF! -> #REF!
A216: ='RESUMEN TOTAL'!A220 -> CENTRO | B216: ='RESUMEN TOTAL'!B220 -> NJU06 | C216: ='RESUMEN TOTAL'!D220 -> Sallares y Rodo | D216: ='RESUMEN TOTAL'!E220 -> Domo | E216: ='RESUMEN TOTAL'!F220 -> Fibra Optica | F216: ='RESUMEN TOTAL'!L220 -> 0 | G216: ='RESUMEN TOTAL'!M220 -> 0 | H216: ='RESUMEN TOTAL'!N220 -> 0 | I216: ='RESUMEN TOTAL'!O220 -> 0 | J216: ='RESUMEN TOTAL'!P220 -> 0 | K216: ='RESUMEN TOTAL'!Q220 -> 0 | L216: ='RESUMEN TOTAL'!R220 -> 0 | M216: ='RESUMEN TOTAL'!S220 -> 0 | ... AI216: ='RESUMEN TOTAL'!AO220 -> 0 | AJ216: ='RESUMEN TOTAL'!#REF! -> #REF!
A217: ='RESUMEN TOTAL'!A221 -> 9 DE JULIO | B217: ='RESUMEN TOTAL'!B221 -> NJU07 | C217: ='RESUMEN TOTAL'!D221 -> Gral. Juan Domingo Peron y Parrillo | D217: ='RESUMEN TOTAL'!E221 -> Domo | E217: ='RESUMEN TOTAL'!F221 -> Fibra Optica | F217: ='RESUMEN TOTAL'!L221 -> 0 | G217: ='RESUMEN TOTAL'!M221 -> 0 | H217: ='RESUMEN TOTAL'!N221 -> 0 | I217: ='RESUMEN TOTAL'!O221 -> 0 | J217: ='RESUMEN TOTAL'!P221 -> 0 | K217: ='RESUMEN TOTAL'!Q221 -> 0 | L217: ='RESUMEN TOTAL'!R221 -> 0 | M217: ='RESUMEN TOTAL'!S221 -> 0 | ... AI217: ='RESUMEN TOTAL'!AO221 -> 0 | AJ217: ='RESUMEN TOTAL'!#REF! -> #REF!
A218: ='RESUMEN TOTAL'!A222 -> 9 DE JULIO | B218: ='RESUMEN TOTAL'!B222 -> NJU 08 | C218: ='RESUMEN TOTAL'!D222 -> BOCCUZZI Y O HIGGINS | D218: ='RESUMEN TOTAL'!E222 -> DOMO | E218: ='RESUMEN TOTAL'!F222 -> Radio | F218: ='RESUMEN TOTAL'!L222 -> 0 | G218: ='RESUMEN TOTAL'!M222 -> 0 | H218: ='RESUMEN TOTAL'!N222 -> 0 | I218: ='RESUMEN TOTAL'!O222 -> 0 | J218: ='RESUMEN TOTAL'!P222 -> 0 | K218: ='RESUMEN TOTAL'!Q222 -> 0 | L218: ='RESUMEN TOTAL'!R222 -> 0 | M218: ='RESUMEN TOTAL'!S222 -> 0 | ... AI218: ='RESUMEN TOTAL'!AO222 -> 0 | AJ218: ='RESUMEN TOTAL'!#REF! -> #REF!
... A226: ='RESUMEN TOTAL'!A230 -> AGUSTIN RAMIREZ | B226: ='RESUMEN TOTAL'!B230 -> PUNTO SEGURO - AGUSTIN RAMIREZ (fija) | C226: ='RESUMEN TOTAL'!D230 -> EL MALAMBO Y LA TRANQUERA | D226: ='RESUMEN TOTAL'!E230 -> Fija | E226: ='RESUMEN TOTAL'!F230 -> Fibra Optica | F226: ='RESUMEN TOTAL'!L230 -> 0 | G226: ='RESUMEN TOTAL'!M230 -> 0 | H226: ='RESUMEN TOTAL'!N230 -> 0 | I226: ='RESUMEN TOTAL'!O230 -> 0 | J226: ='RESUMEN TOTAL'!P230 -> 0 | K226: ='RESUMEN TOTAL'!Q230 -> 0 | L226: ='RESUMEN TOTAL'!R230 -> 0 | M226: ='RESUMEN TOTAL'!S230 -> 0 | ... AI226: ='RESUMEN TOTAL'!AO230 -> 0 | AJ226: ='RESUMEN TOTAL'!#REF! -> #REF!
A227: ='RESUMEN TOTAL'!A232 -> EL PARQUE | B227: ='RESUMEN TOTAL'!B232 -> PUNTO SEGURO - EL PARQUE (domo) | C227: ='RESUMEN TOTAL'!D232 -> CALLE 1282 Y 1201 | D227: ='RESUMEN TOTAL'!E232 -> DOMO | E227: ='RESUMEN TOTAL'!F232 -> Fibra Optica | F227: ='RESUMEN TOTAL'!L232 -> 0 | G227: ='RESUMEN TOTAL'!M232 -> 0 | H227: ='RESUMEN TOTAL'!N232 -> 0 | I227: ='RESUMEN TOTAL'!O232 -> 0 | J227: ='RESUMEN TOTAL'!P232 -> 0 | K227: ='RESUMEN TOTAL'!Q232 -> 0 | L227: ='RESUMEN TOTAL'!R232 -> 0 | M227: ='RESUMEN TOTAL'!S232 -> 0 | ... AI227: ='RESUMEN TOTAL'!AO232 -> 0 | AJ227: ='RESUMEN TOTAL'!#REF! -> #REF!
A228: ='RESUMEN TOTAL'!A233 -> EL PARQUE | B228: ='RESUMEN TOTAL'!B233 -> PUNTO SEGURO - EL PARQUE (fija) | C228: ='RESUMEN TOTAL'!D233 -> CALLE 1282 Y 1201 | D228: ='RESUMEN TOTAL'!E233 -> Fija | E228: ='RESUMEN TOTAL'!F233 -> Fibra Optica | F228: ='RESUMEN TOTAL'!L233 -> 0 | G228: ='RESUMEN TOTAL'!M233 -> 0 | H228: ='RESUMEN TOTAL'!N233 -> 0 | I228: ='RESUMEN TOTAL'!O233 -> 0 | J228: ='RESUMEN TOTAL'!P233 -> 0 | K228: ='RESUMEN TOTAL'!Q233 -> 0 | L228: ='RESUMEN TOTAL'!R233 -> 0 | M228: ='RESUMEN TOTAL'!S233 -> 0 | ... AI228: ='RESUMEN TOTAL'!AO233 -> 0 | AJ228: ='RESUMEN TOTAL'!#REF! -> #REF!
A229: ='RESUMEN TOTAL'!A235 -> INGENIERO ALLAN | B229: ='RESUMEN TOTAL'!B235 -> PUNTO SEGURO - ING. ALLAN (domo) | C229: ='RESUMEN TOTAL'!D235 -> DIAG. LOS YAGANES Y 1148 | D229: ='RESUMEN TOTAL'!E235 -> DOMO | E229: ='RESUMEN TOTAL'!F235 -> Fibra Optica | F229: ='RESUMEN TOTAL'!L235 -> 0 | G229: ='RESUMEN TOTAL'!M235 -> 0 | H229: ='RESUMEN TOTAL'!N235 -> 0 | I229: ='RESUMEN TOTAL'!O235 -> 0 | J229: ='RESUMEN TOTAL'!P235 -> 0 | K229: ='RESUMEN TOTAL'!Q235 -> 0 | L229: ='RESUMEN TOTAL'!R235 -> 0 | M229: ='RESUMEN TOTAL'!S235 -> 0 | ... AI229: ='RESUMEN TOTAL'!AO235 -> 0 | AJ229: ='RESUMEN TOTAL'!#REF! -> #REF!
A230: ='RESUMEN TOTAL'!A236 -> INGENIERO ALLAN | B230: ='RESUMEN TOTAL'!B236 -> PUNTO SEGURO - ING. ALLAN (fija) | C230: ='RESUMEN TOTAL'!D236 -> DIAG. LOS YAGANES Y 1148 | D230: ='RESUMEN TOTAL'!E236 -> Fija | E230: ='RESUMEN TOTAL'!F236 -> Fibra Optica | F230: ='RESUMEN TOTAL'!L236 -> 0 | G230: ='RESUMEN TOTAL'!M236 -> 0 | H230: ='RESUMEN TOTAL'!N236 -> 0 | I230: ='RESUMEN TOTAL'!O236 -> 0 | J230: ='RESUMEN TOTAL'!P236 -> 0 | K230: ='RESUMEN TOTAL'!Q236 -> 0 | L230: ='RESUMEN TOTAL'!R236 -> 0 | M230: ='RESUMEN TOTAL'!S236 -> 0 | ... AI230: ='RESUMEN TOTAL'!AO236 -> 0 | AJ230: ='RESUMEN TOTAL'!#REF! -> #REF!
A231: ='RESUMEN TOTAL'!#REF! -> #REF! | B231: ='RESUMEN TOTAL'!#REF! -> #REF! | C231: ='RESUMEN TOTAL'!#REF! -> #REF! | D231: ='RESUMEN TOTAL'!#REF! -> #REF! | E231: ='RESUMEN TOTAL'!#REF! -> #REF! | F231: ='RESUMEN TOTAL'!#REF! -> #REF! | G231: ='RESUMEN TOTAL'!#REF! -> #REF! | H231: ='RESUMEN TOTAL'!#REF! -> #REF! | ... AJ231: ='RESUMEN TOTAL'!#REF! -> #REF!
A232: ='RESUMEN TOTAL'!#REF! -> #REF! | B232: ='RESUMEN TOTAL'!#REF! -> #REF! | C232: ='RESUMEN TOTAL'!#REF! -> #REF! | D232: ='RESUMEN TOTAL'!#REF! -> #REF! | E232: ='RESUMEN TOTAL'!#REF! -> #REF! | F232: ='RESUMEN TOTAL'!#REF! -> #REF! | G232: ='RESUMEN TOTAL'!#REF! -> #REF! | H232: ='RESUMEN TOTAL'!#REF! -> #REF! | ... AJ232: ='RESUMEN TOTAL'!#REF! -> #REF!
A233: ='RESUMEN TOTAL'!A238 -> LUJAN | B233: ='RESUMEN TOTAL'!B238 -> PUNTO SEGURO - LUJAN (fija) | C233: ='RESUMEN TOTAL'!D238 -> DIAG. LOS TILOS Y LOS ALGARROBOS | D233: ='RESUMEN TOTAL'!E238 -> Fija | E233: ='RESUMEN TOTAL'!F238 -> Fibra Optica | F233: ='RESUMEN TOTAL'!L238 -> 0 | G233: ='RESUMEN TOTAL'!M238 -> 0 | H233: ='RESUMEN TOTAL'!N238 -> 0 | I233: ='RESUMEN TOTAL'!O238 -> 0 | J233: ='RESUMEN TOTAL'!P238 -> 0 | K233: ='RESUMEN TOTAL'!Q238 -> 0 | L233: ='RESUMEN TOTAL'!R238 -> 0 | M233: ='RESUMEN TOTAL'!S238 -> 0 | ... AI233: ='RESUMEN TOTAL'!AO238 -> 0 | AJ233: ='RESUMEN TOTAL'!#REF! -> #REF!
A234: ='RESUMEN TOTAL'!A241 -> ZONA RURAL SANTA ROSA | B234: ='RESUMEN TOTAL'!B241 -> PUNTO SEGURO - PICO DE ORO (domo) | C234: ='RESUMEN TOTAL'!D241 -> PISANI Y BULGARIA | D234: ='RESUMEN TOTAL'!E241 -> DOMO | E234: ='RESUMEN TOTAL'!F241 -> Fibra Optica | F234: ='RESUMEN TOTAL'!L241 -> 0 | G234: ='RESUMEN TOTAL'!M241 -> 0 | H234: ='RESUMEN TOTAL'!N241 -> 0 | I234: ='RESUMEN TOTAL'!O241 -> 0 | J234: ='RESUMEN TOTAL'!P241 -> 0 | K234: ='RESUMEN TOTAL'!Q241 -> 0 | L234: ='RESUMEN TOTAL'!R241 -> 0 | M234: ='RESUMEN TOTAL'!S241 -> 0 | ... AI234: ='RESUMEN TOTAL'!AO241 -> 0 | AJ234: ='RESUMEN TOTAL'!#REF! -> #REF!
A235: ='RESUMEN TOTAL'!A242 -> ZONA RURAL SANTA ROSA | B235: ='RESUMEN TOTAL'!B242 -> PUNTO SEGURO - PICO DE ORO (fija) | C235: ='RESUMEN TOTAL'!D242 -> PISANI Y BULGARIA | D235: ='RESUMEN TOTAL'!E242 -> Fija | E235: ='RESUMEN TOTAL'!F242 -> Fibra Optica | F235: ='RESUMEN TOTAL'!L242 -> 0 | G235: ='RESUMEN TOTAL'!M242 -> 0 | H235: ='RESUMEN TOTAL'!N242 -> 0 | I235: ='RESUMEN TOTAL'!O242 -> 0 | J235: ='RESUMEN TOTAL'!P242 -> 0 | K235: ='RESUMEN TOTAL'!Q242 -> 0 | L235: ='RESUMEN TOTAL'!R242 -> 0 | M235: ='RESUMEN TOTAL'!S242 -> 0 | ... AI235: ='RESUMEN TOTAL'!AO242 -> 0 | AJ235: ='RESUMEN TOTAL'!#REF! -> #REF!
A236: ='RESUMEN TOTAL'!A244 -> SAN FRANCISCO ESTE (CHICO) | B236: ='RESUMEN TOTAL'!B244 -> PUNTO SEGURO - SAN FRANCISCO (domo) | C236: ='RESUMEN TOTAL'!D244 -> RP 53 Y 1332 | D236: ='RESUMEN TOTAL'!E244 -> DOMO | E236: ='RESUMEN TOTAL'!F244 -> Fibra Optica | F236: ='RESUMEN TOTAL'!L244 -> 0 | G236: ='RESUMEN TOTAL'!M244 -> 0 | H236: ='RESUMEN TOTAL'!N244 -> 0 | I236: ='RESUMEN TOTAL'!O244 -> 0 | J236: ='RESUMEN TOTAL'!P244 -> 0 | K236: ='RESUMEN TOTAL'!Q244 -> APAGADO | L236: ='RESUMEN TOTAL'!R244 -> APAGADO | M236: ='RESUMEN TOTAL'!S244 -> 0 | ... AI236: ='RESUMEN TOTAL'!AO244 -> 0 | AJ236: ='RESUMEN TOTAL'!#REF! -> #REF!
A237: ='RESUMEN TOTAL'!A245 -> SAN JORGE | B237: ='RESUMEN TOTAL'!B245 -> Punto Seguro - San Jorge (Domo) | C237: ='RESUMEN TOTAL'!D245 -> CALLE 523 E/ 554 Y 556 | D237: ='RESUMEN TOTAL'!E245 -> DOMO | E237: ='RESUMEN TOTAL'!F245 -> Fibra Optica | F237: ='RESUMEN TOTAL'!L245 -> 0 | G237: ='RESUMEN TOTAL'!M245 -> 0 | H237: ='RESUMEN TOTAL'!N245 -> 0 | I237: ='RESUMEN TOTAL'!O245 -> 0 | J237: ='RESUMEN TOTAL'!P245 -> 0 | K237: ='RESUMEN TOTAL'!Q245 -> APAGADO | L237: ='RESUMEN TOTAL'!R245 -> 0 | M237: ='RESUMEN TOTAL'!S245 -> 0 | ... AI237: ='RESUMEN TOTAL'!AO245 -> 0 | AJ237: ='RESUMEN TOTAL'!#REF! -> #REF!
A238: ='RESUMEN TOTAL'!A246 -> SAN JORGE | B238: ='RESUMEN TOTAL'!B246 -> Punto Seguro - San Jorge (Fija) | C238: ='RESUMEN TOTAL'!D246 -> CALLE 523 E/ 554 Y 556 | D238: ='RESUMEN TOTAL'!E246 -> Fija | E238: ='RESUMEN TOTAL'!F246 -> Fibra Optica | F238: ='RESUMEN TOTAL'!L246 -> 0 | G238: ='RESUMEN TOTAL'!M246 -> 0 | H238: ='RESUMEN TOTAL'!N246 -> 0 | I238: ='RESUMEN TOTAL'!O246 -> 0 | J238: ='RESUMEN TOTAL'!P246 -> 0 | K238: ='RESUMEN TOTAL'!Q246 -> APAGADO | L238: ='RESUMEN TOTAL'!R246 -> 0 | M238: ='RESUMEN TOTAL'!S246 -> 0 | ... AI238: ='RESUMEN TOTAL'!AO246 -> 0 | AJ238: ='RESUMEN TOTAL'!#REF! -> #REF!
A239: ='RESUMEN TOTAL'!A248 -> SAN RUDECINDO | B239: ='RESUMEN TOTAL'!B248 -> PUNTO SEGURO- SAN RUDECINDO (domo) | C239: ='RESUMEN TOTAL'!D248 -> SANTA SOFIA Y ALVAR NUÑEZ | D239: ='RESUMEN TOTAL'!E248 -> DOMO | E239: ='RESUMEN TOTAL'!F248 -> Fibra Optica | F239: ='RESUMEN TOTAL'!L248 -> 0 | G239: ='RESUMEN TOTAL'!M248 -> 0 | H239: ='RESUMEN TOTAL'!N248 -> 0 | I239: ='RESUMEN TOTAL'!O248 -> 0 | J239: ='RESUMEN TOTAL'!P248 -> 0 | K239: ='RESUMEN TOTAL'!Q248 -> 0 | L239: ='RESUMEN TOTAL'!R248 -> 0 | M239: ='RESUMEN TOTAL'!S248 -> 0 | ... AI239: ='RESUMEN TOTAL'!AO248 -> 0 | AJ239: ='RESUMEN TOTAL'!#REF! -> #REF!
A240: ='RESUMEN TOTAL'!A249 -> SAN RUDECINDO | B240: ='RESUMEN TOTAL'!B249 -> PUNTO SEGURO - SAN RUDECINDO (fija) | C240: ='RESUMEN TOTAL'!D249 -> SANTA SOFIA Y ALVAR NUÑEZ | D240: ='RESUMEN TOTAL'!E249 -> Fija | E240: ='RESUMEN TOTAL'!F249 -> Fibra Optica | F240: ='RESUMEN TOTAL'!L249 -> 0 | G240: ='RESUMEN TOTAL'!M249 -> 0 | H240: ='RESUMEN TOTAL'!N249 -> 0 | I240: ='RESUMEN TOTAL'!O249 -> 0 | J240: ='RESUMEN TOTAL'!P249 -> 0 | K240: ='RESUMEN TOTAL'!Q249 -> 0 | L240: ='RESUMEN TOTAL'!R249 -> 0 | M240: ='RESUMEN TOTAL'!S249 -> 0 | ... AI240: ='RESUMEN TOTAL'!AO249 -> 0 | AJ240: ='RESUMEN TOTAL'!#REF! -> #REF!
A241: ='RESUMEN TOTAL'!A251 -> ZONA RURAL SANTA ROSA | B241: ='RESUMEN TOTAL'!B251 -> PUNTO SEGURO - SANTA ROSA (domo) | C241: ='RESUMEN TOTAL'!D251 -> BRUSELAS Y SICILIA | D241: ='RESUMEN TOTAL'!E251 -> DOMO | E241: ='RESUMEN TOTAL'!F251 -> Fibra Optica | F241: ='RESUMEN TOTAL'!L251 -> 0 | G241: ='RESUMEN TOTAL'!M251 -> 0 | H241: ='RESUMEN TOTAL'!N251 -> 0 | I241: ='RESUMEN TOTAL'!O251 -> 0 | J241: ='RESUMEN TOTAL'!P251 -> 0 | K241: ='RESUMEN TOTAL'!Q251 -> 0 | L241: ='RESUMEN TOTAL'!R251 -> 0 | M241: ='RESUMEN TOTAL'!S251 -> 0 | ... AI241: ='RESUMEN TOTAL'!AO251 -> 0 | AJ241: ='RESUMEN TOTAL'!#REF! -> #REF!
A242: ='RESUMEN TOTAL'!A252 -> ZONA RURAL SANTA ROSA | B242: ='RESUMEN TOTAL'!B252 -> PUNTO SEGURO - SANTA ROSA (fija) | C242: ='RESUMEN TOTAL'!D252 -> BRUSELAS Y SICILIA | D242: ='RESUMEN TOTAL'!E252 -> Fija | E242: ='RESUMEN TOTAL'!F252 -> Fibra Optica | F242: ='RESUMEN TOTAL'!L252 -> 0 | G242: ='RESUMEN TOTAL'!M252 -> 0 | H242: ='RESUMEN TOTAL'!N252 -> 0 | I242: ='RESUMEN TOTAL'!O252 -> 0 | J242: ='RESUMEN TOTAL'!P252 -> 0 | K242: ='RESUMEN TOTAL'!Q252 -> 0 | L242: ='RESUMEN TOTAL'!R252 -> 0 | M242: ='RESUMEN TOTAL'!S252 -> 0 | ... AI242: ='RESUMEN TOTAL'!AO252 -> 0 | AJ242: ='RESUMEN TOTAL'!#REF! -> #REF!
A243: ='RESUMEN TOTAL'!A231 -> DON JOSE | B243: ='RESUMEN TOTAL'!B231 -> PUNTO SEGURO AGUSTIN RAMIREZ INTERCOMUNICADOR | C243: ='RESUMEN TOTAL'!D231 -> MALAMBO Y LA TRANQUERA | D243: ='RESUMEN TOTAL'!E231 -> Fija | E243: ='RESUMEN TOTAL'!F231 -> Fibra Optica | F243: ='RESUMEN TOTAL'!L231 -> 0 | G243: ='RESUMEN TOTAL'!M231 -> 0 | H243: ='RESUMEN TOTAL'!N231 -> 0 | I243: ='RESUMEN TOTAL'!O231 -> 0 | J243: ='RESUMEN TOTAL'!P231 -> 0 | K243: ='RESUMEN TOTAL'!Q231 -> APAGADO | L243: ='RESUMEN TOTAL'!R231 -> APAGADO | M243: ='RESUMEN TOTAL'!S231 -> 0 | ... AI243: ='RESUMEN TOTAL'!AO231 -> 0 | AJ243: ='RESUMEN TOTAL'!#REF! -> #REF!
A244: ='RESUMEN TOTAL'!A234 -> EL PARQUE | B244: ='RESUMEN TOTAL'!B234 -> PUNTO SEGURO - EL PARQUE INTERCOMUNICADOR | C244: ='RESUMEN TOTAL'!D234 -> 1282 Y 1201 | D244: ='RESUMEN TOTAL'!E234 -> Fija | E244: ='RESUMEN TOTAL'!F234 -> Fibra Optica | F244: ='RESUMEN TOTAL'!L234 -> 0 | G244: ='RESUMEN TOTAL'!M234 -> 0 | H244: ='RESUMEN TOTAL'!N234 -> 0 | I244: ='RESUMEN TOTAL'!O234 -> 0 | J244: ='RESUMEN TOTAL'!P234 -> 0 | K244: ='RESUMEN TOTAL'!Q234 -> 0 | L244: ='RESUMEN TOTAL'!R234 -> 0 | M244: ='RESUMEN TOTAL'!S234 -> 0 | ... AI244: ='RESUMEN TOTAL'!AO234 -> 0 | AJ244: ='RESUMEN TOTAL'!#REF! -> #REF!
A245: ='RESUMEN TOTAL'!A237 -> INGENIERO ALLAN | B245: ='RESUMEN TOTAL'!B237 -> PUNTO SEGURO - ING ALLAN INTERCOMUNICADOR | C245: ='RESUMEN TOTAL'!D237 -> DIAG LOS YAGANES Y 1148 | D245: ='RESUMEN TOTAL'!E237 -> Domo | E245: ='RESUMEN TOTAL'!F237 -> Fibra Optica | F245: ='RESUMEN TOTAL'!L237 -> 0 | G245: ='RESUMEN TOTAL'!M237 -> 0 | H245: ='RESUMEN TOTAL'!N237 -> 0 | I245: ='RESUMEN TOTAL'!O237 -> 0 | J245: ='RESUMEN TOTAL'!P237 -> 0 | K245: ='RESUMEN TOTAL'!Q237 -> 0 | L245: ='RESUMEN TOTAL'!R237 -> 0 | M245: ='RESUMEN TOTAL'!S237 -> 0 | ... AI245: ='RESUMEN TOTAL'!AO237 -> 0 | AJ245: ='RESUMEN TOTAL'!#REF! -> #REF!
A246: ='RESUMEN TOTAL'!A239 -> LUJAN | B246: ='RESUMEN TOTAL'!B239 -> PUNTO SEGURO LUJAN (domo) | C246: ='RESUMEN TOTAL'!D239 -> DIAG. LOS TILOS Y LOS ALGARROBOS | D246: ='RESUMEN TOTAL'!E239 -> DOMO | E246: ='RESUMEN TOTAL'!F239 -> Fibra Optica | F246: ='RESUMEN TOTAL'!L239 -> 0 | G246: ='RESUMEN TOTAL'!M239 -> 0 | H246: ='RESUMEN TOTAL'!N239 -> 0 | I246: ='RESUMEN TOTAL'!O239 -> 0 | J246: ='RESUMEN TOTAL'!P239 -> 0 | K246: ='RESUMEN TOTAL'!Q239 -> 0 | L246: ='RESUMEN TOTAL'!R239 -> 0 | M246: ='RESUMEN TOTAL'!S239 -> 0 | ... AI246: ='RESUMEN TOTAL'!AO239 -> 0 | AJ246: ='RESUMEN TOTAL'!#REF! -> #REF!
A247: ='RESUMEN TOTAL'!A240 -> LUJAN | B247: ='RESUMEN TOTAL'!B240 -> PUNTO SEGURO LUJAN INTERCOMUNICADOR | C247: ='RESUMEN TOTAL'!D240 -> DIAG LOS TILOS Y LOS ALGARROBOS | D247: ='RESUMEN TOTAL'!E240 -> Fija | E247: ='RESUMEN TOTAL'!F240 -> Fibra Optica | F247: ='RESUMEN TOTAL'!L240 -> 0 | G247: ='RESUMEN TOTAL'!M240 -> 0 | H247: ='RESUMEN TOTAL'!N240 -> 0 | I247: ='RESUMEN TOTAL'!O240 -> 0 | J247: ='RESUMEN TOTAL'!P240 -> 0 | K247: ='RESUMEN TOTAL'!Q240 -> 0 | L247: ='RESUMEN TOTAL'!R240 -> 0 | M247: ='RESUMEN TOTAL'!S240 -> 0 | ... AI247: ='RESUMEN TOTAL'!AO240 -> 0 | AJ247: ='RESUMEN TOTAL'!#REF! -> #REF!
A248: ='RESUMEN TOTAL'!A243 -> ZONA RURAL SANTA ROSA | B248: ='RESUMEN TOTAL'!B243 -> PUNTO SEGURO PICO DE ORO INTERCOMUNICADOR | C248: ='RESUMEN TOTAL'!D243 -> PISANI Y BULGARIA | D248: ='RESUMEN TOTAL'!E243 -> Domo | E248: ='RESUMEN TOTAL'!F243 -> Fibra Optica | F248: ='RESUMEN TOTAL'!L243 -> 0 | G248: ='RESUMEN TOTAL'!M243 -> 0 | H248: ='RESUMEN TOTAL'!N243 -> 0 | I248: ='RESUMEN TOTAL'!O243 -> 0 | J248: ='RESUMEN TOTAL'!P243 -> 0 | K248: ='RESUMEN TOTAL'!Q243 -> 0 | L248: ='RESUMEN TOTAL'!R243 -> 0 | M248: ='RESUMEN TOTAL'!S243 -> 0 | ... AI248: ='RESUMEN TOTAL'!AO243 -> 0 | AJ248: ='RESUMEN TOTAL'!#REF! -> #REF!
A249: ='RESUMEN TOTAL'!A247 -> SAN JORGE | B249: ='RESUMEN TOTAL'!B247 -> PUNTO SEGURO SAN JORGE INTERCOMUNICADOR | C249: ='RESUMEN TOTAL'!D247 -> CALLE 554 Y 523 | D249: ='RESUMEN TOTAL'!E247 -> Fija | E249: ='RESUMEN TOTAL'!F247 -> Fibra Optica | F249: ='RESUMEN TOTAL'!L247 -> 0 | G249: ='RESUMEN TOTAL'!M247 -> 0 | H249: ='RESUMEN TOTAL'!N247 -> 0 | I249: ='RESUMEN TOTAL'!O247 -> 0 | J249: ='RESUMEN TOTAL'!P247 -> 0 | K249: ='RESUMEN TOTAL'!Q247 -> 0 | L249: ='RESUMEN TOTAL'!R247 -> APAGADO | M249: ='RESUMEN TOTAL'!S247 -> 0 | ... AI249: ='RESUMEN TOTAL'!AO247 -> 0 | AJ249: ='RESUMEN TOTAL'!#REF! -> #REF!
A250: ='RESUMEN TOTAL'!A250 -> SAN RUDECINDO | B250: ='RESUMEN TOTAL'!B250 -> PUNTO SEGURO SAN RUDECINDO INTERCOMUNICADOR | C250: ='RESUMEN TOTAL'!D250 -> SABTA SOFIA Y ALVAR NUÃ‘EZ | D250: ='RESUMEN TOTAL'!E250 -> Domo | E250: ='RESUMEN TOTAL'!F250 -> Fibra Optica | F250: ='RESUMEN TOTAL'!L250 -> 0 | G250: ='RESUMEN TOTAL'!M250 -> 0 | H250: ='RESUMEN TOTAL'!N250 -> 0 | I250: ='RESUMEN TOTAL'!O250 -> 0 | J250: ='RESUMEN TOTAL'!P250 -> 0 | K250: ='RESUMEN TOTAL'!Q250 -> 0 | L250: ='RESUMEN TOTAL'!R250 -> 0 | M250: ='RESUMEN TOTAL'!S250 -> 0 | ... AI250: ='RESUMEN TOTAL'!AO250 -> 0 | AJ250: ='RESUMEN TOTAL'!#REF! -> #REF!
A251: ='RESUMEN TOTAL'!A253 -> ZONA RURAL SANTA ROSA | B251: ='RESUMEN TOTAL'!B253 -> PUNTO SEGURO SANTA ROSA INTERCOMUNICADOR | C251: ='RESUMEN TOTAL'!D253 -> Bruselas y sicilia | D251: ='RESUMEN TOTAL'!E253 -> Fija | E251: ='RESUMEN TOTAL'!F253 -> Fibra Optica | F251: ='RESUMEN TOTAL'!L253 -> 0 | G251: ='RESUMEN TOTAL'!M253 -> 0 | H251: ='RESUMEN TOTAL'!N253 -> 0 | I251: ='RESUMEN TOTAL'!O253 -> 0 | J251: ='RESUMEN TOTAL'!P253 -> 0 | K251: ='RESUMEN TOTAL'!Q253 -> 0 | L251: ='RESUMEN TOTAL'!R253 -> 0 | M251: ='RESUMEN TOTAL'!S253 -> 0 | ... AI251: ='RESUMEN TOTAL'!AO253 -> 0 | AJ251: ='RESUMEN TOTAL'!#REF! -> #REF!
A252: ='RESUMEN TOTAL'!A254 -> VILLA ARGENTINA | B252: ='RESUMEN TOTAL'!B254 -> PUNTO SEGURO VILLA ARGENTINA domo | C252: ='RESUMEN TOTAL'!D254 -> CALLE 513 Y DIAG PORTELA | D252: ='RESUMEN TOTAL'!E254 -> Fija | E252: ='RESUMEN TOTAL'!F254 -> Fibra Optica | F252: ='RESUMEN TOTAL'!L254 -> 0 | G252: ='RESUMEN TOTAL'!M254 -> 0 | H252: ='RESUMEN TOTAL'!N254 -> 0 | I252: ='RESUMEN TOTAL'!O254 -> 0 | J252: ='RESUMEN TOTAL'!P254 -> 0 | K252: ='RESUMEN TOTAL'!Q254 -> APAGADO | L252: ='RESUMEN TOTAL'!R254 -> 0 | M252: ='RESUMEN TOTAL'!S254 -> 0 | ... AI252: ='RESUMEN TOTAL'!AO254 -> 0 | AJ252: ='RESUMEN TOTAL'!#REF! -> #REF!
A253: ='RESUMEN TOTAL'!A257 -> EL ROCIO | B253: ='RESUMEN TOTAL'!B257 -> RCO 01 | C253: ='RESUMEN TOTAL'!D257 -> AV. LUJAN Y LOBOS | D253: ='RESUMEN TOTAL'!E257 -> DOMO | E253: ='RESUMEN TOTAL'!F257 -> Fibra Optica | F253: ='RESUMEN TOTAL'!L257 -> 0 | G253: ='RESUMEN TOTAL'!M257 -> 0 | H253: ='RESUMEN TOTAL'!N257 -> 0 | I253: ='RESUMEN TOTAL'!O257 -> 0 | J253: ='RESUMEN TOTAL'!P257 -> 0 | K253: ='RESUMEN TOTAL'!Q257 -> 0 | L253: ='RESUMEN TOTAL'!R257 -> 0 | M253: ='RESUMEN TOTAL'!S257 -> 0 | ... AI253: ='RESUMEN TOTAL'!AO257 -> 0 | AJ253: ='RESUMEN TOTAL'!#REF! -> #REF!
A254: ='RESUMEN TOTAL'!A258 -> EL ROCIO | B254: ='RESUMEN TOTAL'!B258 -> RCO02 | C254: ='RESUMEN TOTAL'!D258 -> AV. LUJAN Y BRANDSEN | D254: ='RESUMEN TOTAL'!E258 -> DOMO | E254: ='RESUMEN TOTAL'!F258 -> Fibra Optica | F254: ='RESUMEN TOTAL'!L258 -> 0 | G254: ='RESUMEN TOTAL'!M258 -> 0 | H254: ='RESUMEN TOTAL'!N258 -> 0 | I254: ='RESUMEN TOTAL'!O258 -> 0 | J254: ='RESUMEN TOTAL'!P258 -> 0 | K254: ='RESUMEN TOTAL'!Q258 -> 0 | L254: ='RESUMEN TOTAL'!R258 -> 0 | M254: ='RESUMEN TOTAL'!S258 -> 0 | ... AI254: ='RESUMEN TOTAL'!AO258 -> 0 | AJ254: ='RESUMEN TOTAL'!#REF! -> #REF!
A255: ='RESUMEN TOTAL'!A259 -> EL ROCIO | B255: ='RESUMEN TOTAL'!B259 -> RCO03 (fija 1) | C255: ='RESUMEN TOTAL'!D259 -> OLAVARRIA Y CONCORDIA | D255: ='RESUMEN TOTAL'!E259 -> Fija | E255: ='RESUMEN TOTAL'!F259 -> Fibra Optica | F255: ='RESUMEN TOTAL'!L259 -> 0 | G255: ='RESUMEN TOTAL'!M259 -> 0 | H255: ='RESUMEN TOTAL'!N259 -> 0 | I255: ='RESUMEN TOTAL'!O259 -> 0 | J255: ='RESUMEN TOTAL'!P259 -> 0 | K255: ='RESUMEN TOTAL'!Q259 -> 0 | L255: ='RESUMEN TOTAL'!R259 -> 0 | M255: ='RESUMEN TOTAL'!S259 -> 0 | ... AI255: ='RESUMEN TOTAL'!AO259 -> 0 | AJ255: ='RESUMEN TOTAL'!#REF! -> #REF!
A256: ='RESUMEN TOTAL'!A260 -> EL ROCIO | B256: ='RESUMEN TOTAL'!B260 -> RCO04 (fija 2) | C256: ='RESUMEN TOTAL'!D260 -> OLAVARRIA Y CONCORDIA | D256: ='RESUMEN TOTAL'!E260 -> Fija | E256: ='RESUMEN TOTAL'!F260 -> Fibra Optica | F256: ='RESUMEN TOTAL'!L260 -> 0 | G256: ='RESUMEN TOTAL'!M260 -> 0 | H256: ='RESUMEN TOTAL'!N260 -> 0 | I256: ='RESUMEN TOTAL'!O260 -> 0 | J256: ='RESUMEN TOTAL'!P260 -> 0 | K256: ='RESUMEN TOTAL'!Q260 -> 0 | L256: ='RESUMEN TOTAL'!R260 -> 0 | M256: ='RESUMEN TOTAL'!S260 -> 0 | ... AI256: ='RESUMEN TOTAL'!AO260 -> 0 | AJ256: ='RESUMEN TOTAL'!#REF! -> #REF!
A257: ='RESUMEN TOTAL'!A261 -> EL ROCIO | B257: ='RESUMEN TOTAL'!B261 -> RCO05 (fija 1) | C257: ='RESUMEN TOTAL'!D261 -> LOBOS Y CHASCOMUS | D257: ='RESUMEN TOTAL'!E261 -> Fija | E257: ='RESUMEN TOTAL'!F261 -> Fibra Optica | F257: ='RESUMEN TOTAL'!L261 -> 0 | G257: ='RESUMEN TOTAL'!M261 -> 0 | H257: ='RESUMEN TOTAL'!N261 -> 0 | I257: ='RESUMEN TOTAL'!O261 -> 0 | J257: ='RESUMEN TOTAL'!P261 -> 0 | K257: ='RESUMEN TOTAL'!Q261 -> 0 | L257: ='RESUMEN TOTAL'!R261 -> 0 | M257: ='RESUMEN TOTAL'!S261 -> 0 | ... AI257: ='RESUMEN TOTAL'!AO261 -> 0 | AJ257: ='RESUMEN TOTAL'!#REF! -> #REF!
A258: ='RESUMEN TOTAL'!A262 -> EL ROCIO | B258: ='RESUMEN TOTAL'!B262 -> RCO06 (fija 2) | C258: ='RESUMEN TOTAL'!D262 -> LOBOS Y CHASCOMUS | D258: ='RESUMEN TOTAL'!E262 -> FIJA | E258: ='RESUMEN TOTAL'!F262 -> Fibra Optica | F258: ='RESUMEN TOTAL'!L262 -> 0 | G258: ='RESUMEN TOTAL'!M262 -> 0 | H258: ='RESUMEN TOTAL'!N262 -> 0 | I258: ='RESUMEN TOTAL'!O262 -> 0 | J258: ='RESUMEN TOTAL'!P262 -> 0 | K258: ='RESUMEN TOTAL'!Q262 -> 0 | L258: ='RESUMEN TOTAL'!R262 -> 0 | M258: ='RESUMEN TOTAL'!S262 -> 0 | ... AI258: ='RESUMEN TOTAL'!AO262 -> 0 | AJ258: ='RESUMEN TOTAL'!#REF! -> #REF!
A259: ='RESUMEN TOTAL'!A263 -> RICARDO ROJAS | B259: ='RESUMEN TOTAL'!B263 -> RRJ01 | C259: ='RESUMEN TOTAL'!D263 -> AV. LUJAN Y BRAGADO | D259: ='RESUMEN TOTAL'!E263 -> DOMO | E259: ='RESUMEN TOTAL'!F263 -> Fibra Optica | F259: ='RESUMEN TOTAL'!L263 -> 0 | G259: ='RESUMEN TOTAL'!M263 -> 0 | H259: ='RESUMEN TOTAL'!N263 -> 0 | I259: ='RESUMEN TOTAL'!O263 -> 0 | J259: ='RESUMEN TOTAL'!P263 -> 0 | K259: ='RESUMEN TOTAL'!Q263 -> 0 | L259: ='RESUMEN TOTAL'!R263 -> 0 | M259: ='RESUMEN TOTAL'!S263 -> 0 | ... AI259: ='RESUMEN TOTAL'!AO263 -> 0 | AJ259: ='RESUMEN TOTAL'!#REF! -> #REF!
A260: ='RESUMEN TOTAL'!A264 -> RICARDO ROJAS | B260: ='RESUMEN TOTAL'!B264 -> RRJ02 | C260: ='RESUMEN TOTAL'!D264 -> AV. LUJAN Y DIAG. LOS POETAS | D260: ='RESUMEN TOTAL'!E264 -> DOMO | E260: ='RESUMEN TOTAL'!F264 -> Fibra Optica | F260: ='RESUMEN TOTAL'!L264 -> 0 | G260: ='RESUMEN TOTAL'!M264 -> 0 | H260: ='RESUMEN TOTAL'!N264 -> 0 | I260: ='RESUMEN TOTAL'!O264 -> 0 | J260: ='RESUMEN TOTAL'!P264 -> 0 | K260: ='RESUMEN TOTAL'!Q264 -> 0 | L260: ='RESUMEN TOTAL'!R264 -> 0 | M260: ='RESUMEN TOTAL'!S264 -> 0 | ... AI260: ='RESUMEN TOTAL'!AO264 -> 0 | AJ260: ='RESUMEN TOTAL'!#REF! -> #REF!
A261: ='RESUMEN TOTAL'!A265 -> RICARDO ROJAS | B261: ='RESUMEN TOTAL'!B265 -> RRJ03 (fija 1) | C261: ='RESUMEN TOTAL'!D265 -> RUBEN DARIO E/ FADER Y DIAG. LOS POETAS | D261: ='RESUMEN TOTAL'!E265 -> Fija | E261: ='RESUMEN TOTAL'!F265 -> Fibra Optica | F261: ='RESUMEN TOTAL'!L265 -> 0 | G261: ='RESUMEN TOTAL'!M265 -> 0 | H261: ='RESUMEN TOTAL'!N265 -> 0 | I261: ='RESUMEN TOTAL'!O265 -> 0 | J261: ='RESUMEN TOTAL'!P265 -> 0 | K261: ='RESUMEN TOTAL'!Q265 -> 0 | L261: ='RESUMEN TOTAL'!R265 -> 0 | M261: ='RESUMEN TOTAL'!S265 -> 0 | ... AI261: ='RESUMEN TOTAL'!AO265 -> 0 | AJ261: ='RESUMEN TOTAL'!#REF! -> #REF!
A262: ='RESUMEN TOTAL'!A266 -> RICARDO ROJAS | B262: ='RESUMEN TOTAL'!B266 -> RRJ04 (fija 2) | C262: ='RESUMEN TOTAL'!D266 -> RUBEN DARIO E/ FADER Y DIAG. LOS POETAS | D262: ='RESUMEN TOTAL'!E266 -> Fija | E262: ='RESUMEN TOTAL'!F266 -> Fibra Optica | F262: ='RESUMEN TOTAL'!L266 -> 0 | G262: ='RESUMEN TOTAL'!M266 -> 0 | H262: ='RESUMEN TOTAL'!N266 -> 0 | I262: ='RESUMEN TOTAL'!O266 -> 0 | J262: ='RESUMEN TOTAL'!P266 -> 0 | K262: ='RESUMEN TOTAL'!Q266 -> 0 | L262: ='RESUMEN TOTAL'!R266 -> 0 | M262: ='RESUMEN TOTAL'!S266 -> 0 | ... AI262: ='RESUMEN TOTAL'!AO266 -> 0 | AJ262: ='RESUMEN TOTAL'!#REF! -> #REF!
A263: ='RESUMEN TOTAL'!A267 -> RICARDO ROJAS | B263: ='RESUMEN TOTAL'!B267 -> RRJ 05 | C263: ='RESUMEN TOTAL'!D267 -> LUJAN Y RUTA 36 | D263: ='RESUMEN TOTAL'!E267 -> DOMO | E263: ='RESUMEN TOTAL'!F267 -> Fibra Optica | F263: ='RESUMEN TOTAL'!L267 -> 0 | G263: ='RESUMEN TOTAL'!M267 -> 0 | H263: ='RESUMEN TOTAL'!N267 -> 0 | I263: ='RESUMEN TOTAL'!O267 -> 0 | J263: ='RESUMEN TOTAL'!P267 -> 0 | K263: ='RESUMEN TOTAL'!Q267 -> APAGADO | L263: ='RESUMEN TOTAL'!R267 -> APAGADO | M263: ='RESUMEN TOTAL'!S267 -> 0 | ... AI263: ='RESUMEN TOTAL'!AO267 -> 0 | AJ263: ='RESUMEN TOTAL'!#REF! -> #REF!
A264: ='RESUMEN TOTAL'!A268 -> RICARDO ROJAS | B264: ='RESUMEN TOTAL'!B268 -> RRJ 06 | C264: ='RESUMEN TOTAL'!D268 -> Constancio Vigil y Pablo Groussac | D264: ='RESUMEN TOTAL'!E268 -> Domo | E264: ='RESUMEN TOTAL'!F268 -> Fibra Optica | F264: ='RESUMEN TOTAL'!L268 -> 0 | G264: ='RESUMEN TOTAL'!M268 -> 0 | H264: ='RESUMEN TOTAL'!N268 -> 0 | I264: ='RESUMEN TOTAL'!O268 -> 0 | J264: ='RESUMEN TOTAL'!P268 -> 0 | K264: ='RESUMEN TOTAL'!Q268 -> 0 | L264: ='RESUMEN TOTAL'!R268 -> 0 | M264: ='RESUMEN TOTAL'!S268 -> 0 | ... AI264: ='RESUMEN TOTAL'!AO268 -> 0 | AJ264: ='RESUMEN TOTAL'!#REF! -> #REF!
... A330: ='RESUMEN TOTAL'!A334 -> SAN NICOLAS | B330: ='RESUMEN TOTAL'!B334 -> SNI 04 (fija 2) | C330: ='RESUMEN TOTAL'!D334 -> SARRATEA Y LOS TREBOLES | D330: ='RESUMEN TOTAL'!E334 -> Fija | E330: ='RESUMEN TOTAL'!F334 -> Fibra Optica | F330: ='RESUMEN TOTAL'!L334 -> 0 | G330: ='RESUMEN TOTAL'!M334 -> 0 | H330: ='RESUMEN TOTAL'!N334 -> 0 | I330: ='RESUMEN TOTAL'!O334 -> 0 | J330: ='RESUMEN TOTAL'!P334 -> 0 | K330: ='RESUMEN TOTAL'!Q334 -> 0 | L330: ='RESUMEN TOTAL'!R334 -> 0 | M330: ='RESUMEN TOTAL'!S334 -> 0 | ... AI330: ='RESUMEN TOTAL'!AO334 -> 0 | AJ330: ='RESUMEN TOTAL'!#REF! -> #REF!
A331: ='RESUMEN TOTAL'!A338 -> SANTA ROSA | B331: ='RESUMEN TOTAL'!B338 -> SRO 04 | C331: ='RESUMEN TOTAL'!D338 -> Belgica y Andorra | D331: ='RESUMEN TOTAL'!E338 -> Domo | E331: ='RESUMEN TOTAL'!F338 -> Radio | F331: ='RESUMEN TOTAL'!L338 -> 0 | G331: ='RESUMEN TOTAL'!M338 -> 0 | H331: ='RESUMEN TOTAL'!N338 -> 0 | I331: ='RESUMEN TOTAL'!O338 -> 0 | J331: ='RESUMEN TOTAL'!P338 -> 0 | K331: ='RESUMEN TOTAL'!Q338 -> 0 | L331: ='RESUMEN TOTAL'!R338 -> 0 | M331: ='RESUMEN TOTAL'!S338 -> 0 | ... AI331: ='RESUMEN TOTAL'!AO338 -> 0 | AJ331: ='RESUMEN TOTAL'!#REF! -> #REF!
A332: ='RESUMEN TOTAL'!A342 -> SANTA ROSA | B332: ='RESUMEN TOTAL'!B342 -> SRO 08 | C332: ='RESUMEN TOTAL'!D342 -> NOVAK E/ DESSY Y BELGICA (POLIDEPORTIVO LA PATRIADA) | D332: ='RESUMEN TOTAL'!E342 -> Domo | E332: ='RESUMEN TOTAL'!F342 -> Fibra Optica | F332: ='RESUMEN TOTAL'!L342 -> 0 | G332: ='RESUMEN TOTAL'!M342 -> 0 | H332: ='RESUMEN TOTAL'!N342 -> 0 | I332: ='RESUMEN TOTAL'!O342 -> 0 | J332: ='RESUMEN TOTAL'!P342 -> 0 | K332: ='RESUMEN TOTAL'!Q342 -> 0 | L332: ='RESUMEN TOTAL'!R342 -> 0 | M332: ='RESUMEN TOTAL'!S342 -> 0 | ... AI332: ='RESUMEN TOTAL'!AO342 -> 0 | AJ332: ='RESUMEN TOTAL'!#REF! -> #REF!
A333: ='RESUMEN TOTAL'!A345 -> SANTA ROSA | B333: ='RESUMEN TOTAL'!B345 -> SRO 11 | C333: ='RESUMEN TOTAL'!D345 -> MILAN Y MALLORCA | D333: ='RESUMEN TOTAL'!E345 -> DOMO | E333: ='RESUMEN TOTAL'!F345 -> Radio | F333: ='RESUMEN TOTAL'!L345 -> 0 | G333: ='RESUMEN TOTAL'!M345 -> 0 | H333: ='RESUMEN TOTAL'!N345 -> 0 | I333: ='RESUMEN TOTAL'!O345 -> 0 | J333: ='RESUMEN TOTAL'!P345 -> 0 | K333: ='RESUMEN TOTAL'!Q345 -> 0 | L333: ='RESUMEN TOTAL'!R345 -> 0 | M333: ='RESUMEN TOTAL'!S345 -> 0 | ... AI333: ='RESUMEN TOTAL'!AO345 -> 0 | AJ333: ='RESUMEN TOTAL'!#REF! -> #REF!
A334: ='RESUMEN TOTAL'!A347 -> ZONA RURAL SANTA ROSA | B334: ='RESUMEN TOTAL'!B347 -> SRO 13 (fija 1) | C334: ='RESUMEN TOTAL'!D347 -> BRUSELAS E/ GRECIA Y CHECOSLOVAQUIA | D334: ='RESUMEN TOTAL'!E347 -> Fija | E334: ='RESUMEN TOTAL'!F347 -> Radio | F334: ='RESUMEN TOTAL'!L347 -> 0 | G334: ='RESUMEN TOTAL'!M347 -> 0 | H334: ='RESUMEN TOTAL'!N347 -> 0 | I334: ='RESUMEN TOTAL'!O347 -> 0 | J334: ='RESUMEN TOTAL'!P347 -> 0 | K334: ='RESUMEN TOTAL'!Q347 -> 0 | L334: ='RESUMEN TOTAL'!R347 -> APAGADO | M334: ='RESUMEN TOTAL'!S347 -> 0 | ... AI334: ='RESUMEN TOTAL'!AO347 -> 0 | AJ334: ='RESUMEN TOTAL'!#REF! -> #REF!
A335: ='RESUMEN TOTAL'!A348 -> ZONA RURAL SANTA ROSA | B335: ='RESUMEN TOTAL'!B348 -> SRO 14 (fija 2) | C335: ='RESUMEN TOTAL'!D348 -> BRUSELAS E/ GRECIA Y CHECOSLOVAQUIA | D335: ='RESUMEN TOTAL'!E348 -> Fija | E335: ='RESUMEN TOTAL'!F348 -> Radio | F335: ='RESUMEN TOTAL'!L348 -> 0 | G335: ='RESUMEN TOTAL'!M348 -> 0 | H335: ='RESUMEN TOTAL'!N348 -> 0 | I335: ='RESUMEN TOTAL'!O348 -> 0 | J335: ='RESUMEN TOTAL'!P348 -> 0 | K335: ='RESUMEN TOTAL'!Q348 -> 0 | L335: ='RESUMEN TOTAL'!R348 -> APAGADO | M335: ='RESUMEN TOTAL'!S348 -> 0 | ... AI335: ='RESUMEN TOTAL'!AO348 -> 0 | AJ335: ='RESUMEN TOTAL'!#REF! -> #REF!
A336: ='RESUMEN TOTAL'!A352 -> SANTA ROSA | B336: ='RESUMEN TOTAL'!B352 -> SRO 18 (fija 1) | C336: ='RESUMEN TOTAL'!D352 -> GRAN CANARIA Y BUDAPEST | D336: ='RESUMEN TOTAL'!E352 -> Fija | E336: ='RESUMEN TOTAL'!F352 -> Fibra Optica | F336: ='RESUMEN TOTAL'!L352 -> 0 | G336: ='RESUMEN TOTAL'!M352 -> 0 | H336: ='RESUMEN TOTAL'!N352 -> 0 | I336: ='RESUMEN TOTAL'!O352 -> 0 | J336: ='RESUMEN TOTAL'!P352 -> 0 | K336: ='RESUMEN TOTAL'!Q352 -> 0 | L336: ='RESUMEN TOTAL'!R352 -> 0 | M336: ='RESUMEN TOTAL'!S352 -> 0 | ... AI336: ='RESUMEN TOTAL'!AO352 -> 0 | AJ336: ='RESUMEN TOTAL'!#REF! -> #REF!
A337: ='RESUMEN TOTAL'!A353 -> SANTA ROSA | B337: ='RESUMEN TOTAL'!B353 -> SRO 19 (fija 2) | C337: ='RESUMEN TOTAL'!D353 -> GRAN CANARIA Y BUDAPEST | D337: ='RESUMEN TOTAL'!E353 -> Fija | E337: ='RESUMEN TOTAL'!F353 -> Fibra Optica | F337: ='RESUMEN TOTAL'!L353 -> 0 | G337: ='RESUMEN TOTAL'!M353 -> 0 | H337: ='RESUMEN TOTAL'!N353 -> 0 | I337: ='RESUMEN TOTAL'!O353 -> 0 | J337: ='RESUMEN TOTAL'!P353 -> 0 | K337: ='RESUMEN TOTAL'!Q353 -> 0 | L337: ='RESUMEN TOTAL'!R353 -> 0 | M337: ='RESUMEN TOTAL'!S353 -> 0 | ... AI337: ='RESUMEN TOTAL'!AO353 -> 0 | AJ337: ='RESUMEN TOTAL'!#REF! -> #REF!
A338: ='RESUMEN TOTAL'!A335 -> SANTA ROSA | B338: ='RESUMEN TOTAL'!B335 -> SRO01 | C338: ='RESUMEN TOTAL'!D335 -> Yugoslavia y MilÃ¡n | D338: ='RESUMEN TOTAL'!E335 -> Domo | E338: ='RESUMEN TOTAL'!F335 -> Radio | F338: ='RESUMEN TOTAL'!L335 -> 0 | G338: ='RESUMEN TOTAL'!M335 -> 0 | H338: ='RESUMEN TOTAL'!N335 -> 0 | I338: ='RESUMEN TOTAL'!O335 -> 0 | J338: ='RESUMEN TOTAL'!P335 -> 0 | K338: ='RESUMEN TOTAL'!Q335 -> 0 | L338: ='RESUMEN TOTAL'!R335 -> 0 | M338: ='RESUMEN TOTAL'!S335 -> 0 | ... AI338: ='RESUMEN TOTAL'!AO335 -> 0 | AJ338: ='RESUMEN TOTAL'!#REF! -> #REF!
A339: ='RESUMEN TOTAL'!A336 -> ZONA RURAL SANTA ROSA | B339: ='RESUMEN TOTAL'!B336 -> SRO02 | C339: ='RESUMEN TOTAL'!D336 -> Bruselas y Calle 448 | D339: ='RESUMEN TOTAL'!E336 -> Domo | E339: ='RESUMEN TOTAL'!F336 -> Radio | F339: ='RESUMEN TOTAL'!L336 -> 0 | G339: ='RESUMEN TOTAL'!M336 -> 0 | H339: ='RESUMEN TOTAL'!N336 -> 0 | I339: ='RESUMEN TOTAL'!O336 -> 0 | J339: ='RESUMEN TOTAL'!P336 -> 0 | K339: ='RESUMEN TOTAL'!Q336 -> 0 | L339: ='RESUMEN TOTAL'!R336 -> 0 | M339: ='RESUMEN TOTAL'!S336 -> 0 | ... AI339: ='RESUMEN TOTAL'!AO336 -> 0 | AJ339: ='RESUMEN TOTAL'!#REF! -> #REF!
A340: ='RESUMEN TOTAL'!A337 -> SANTA ROSA | B340: ='RESUMEN TOTAL'!B337 -> SRO03 | C340: ='RESUMEN TOTAL'!D337 -> Eva Peron y Paysandu | D340: ='RESUMEN TOTAL'!E337 -> Domo | E340: ='RESUMEN TOTAL'!F337 -> Radio | F340: ='RESUMEN TOTAL'!L337 -> 0 | G340: ='RESUMEN TOTAL'!M337 -> 0 | H340: ='RESUMEN TOTAL'!N337 -> 0 | I340: ='RESUMEN TOTAL'!O337 -> 0 | J340: ='RESUMEN TOTAL'!P337 -> 0 | K340: ='RESUMEN TOTAL'!Q337 -> 0 | L340: ='RESUMEN TOTAL'!R337 -> 0 | M340: ='RESUMEN TOTAL'!S337 -> 0 | ... AI340: ='RESUMEN TOTAL'!AO337 -> 0 | AJ340: ='RESUMEN TOTAL'!#REF! -> #REF!
A341: ='RESUMEN TOTAL'!A339 -> SANTA ROSA | B341: ='RESUMEN TOTAL'!B339 -> SRO05 | C341: ='RESUMEN TOTAL'!D339 -> CAFFERATA Y BONN | D341: ='RESUMEN TOTAL'!E339 -> DOMO | E341: ='RESUMEN TOTAL'!F339 -> Radio | F341: ='RESUMEN TOTAL'!L339 -> 0 | G341: ='RESUMEN TOTAL'!M339 -> 0 | H341: ='RESUMEN TOTAL'!N339 -> 0 | I341: ='RESUMEN TOTAL'!O339 -> 0 | J341: ='RESUMEN TOTAL'!P339 -> 0 | K341: ='RESUMEN TOTAL'!Q339 -> 0 | L341: ='RESUMEN TOTAL'!R339 -> 0 | M341: ='RESUMEN TOTAL'!S339 -> 0 | ... AI341: ='RESUMEN TOTAL'!AO339 -> 0 | AJ341: ='RESUMEN TOTAL'!#REF! -> #REF!
A342: ='RESUMEN TOTAL'!A340 -> SANTA ROSA | B342: ='RESUMEN TOTAL'!B340 -> SRO06 | C342: ='RESUMEN TOTAL'!D340 -> Novak y Bonn | D342: ='RESUMEN TOTAL'!E340 -> Domo | E342: ='RESUMEN TOTAL'!F340 -> Fibra Optica | F342: ='RESUMEN TOTAL'!L340 -> 0 | G342: ='RESUMEN TOTAL'!M340 -> 0 | H342: ='RESUMEN TOTAL'!N340 -> 0 | I342: ='RESUMEN TOTAL'!O340 -> 0 | J342: ='RESUMEN TOTAL'!P340 -> 0 | K342: ='RESUMEN TOTAL'!Q340 -> 0 | L342: ='RESUMEN TOTAL'!R340 -> 0 | M342: ='RESUMEN TOTAL'!S340 -> 0 | ... AI342: ='RESUMEN TOTAL'!AO340 -> 0 | AJ342: ='RESUMEN TOTAL'!#REF! -> #REF!
A343: ='RESUMEN TOTAL'!A341 -> SANTA ROSA | B343: ='RESUMEN TOTAL'!B341 -> SRO07 | C343: ='RESUMEN TOTAL'!D341 -> NOVAK Y BELGICA | D343: ='RESUMEN TOTAL'!E341 -> Domo | E343: ='RESUMEN TOTAL'!F341 -> Fibra Optica | F343: ='RESUMEN TOTAL'!L341 -> 0 | G343: ='RESUMEN TOTAL'!M341 -> 0 | H343: ='RESUMEN TOTAL'!N341 -> 0 | I343: ='RESUMEN TOTAL'!O341 -> 0 | J343: ='RESUMEN TOTAL'!P341 -> 0 | K343: ='RESUMEN TOTAL'!Q341 -> 0 | L343: ='RESUMEN TOTAL'!R341 -> 0 | M343: ='RESUMEN TOTAL'!S341 -> 0 | ... AI343: ='RESUMEN TOTAL'!AO341 -> 0 | AJ343: ='RESUMEN TOTAL'!#REF! -> #REF!
A344: ='RESUMEN TOTAL'!A343 -> SANTA ROSA | B344: ='RESUMEN TOTAL'!B343 -> SRO09 | C344: ='RESUMEN TOTAL'!D343 -> BUCAREST E/ ALEMANIA Y CAFFERATA | D344: ='RESUMEN TOTAL'!E343 -> DOMO | E344: ='RESUMEN TOTAL'!F343 -> Radio | F344: ='RESUMEN TOTAL'!L343 -> 0 | G344: ='RESUMEN TOTAL'!M343 -> 0 | H344: ='RESUMEN TOTAL'!N343 -> 0 | I344: ='RESUMEN TOTAL'!O343 -> 0 | J344: ='RESUMEN TOTAL'!P343 -> 0 | K344: ='RESUMEN TOTAL'!Q343 -> 0 | L344: ='RESUMEN TOTAL'!R343 -> 0 | M344: ='RESUMEN TOTAL'!S343 -> 0 | ... AI344: ='RESUMEN TOTAL'!AO343 -> 0 | AJ344: ='RESUMEN TOTAL'!#REF! -> #REF!
A345: ='RESUMEN TOTAL'!A344 -> SANTA ROSA | B345: ='RESUMEN TOTAL'!B344 -> SRO10 | C345: ='RESUMEN TOTAL'!D344 -> DINAMARCA Y MILAN | D345: ='RESUMEN TOTAL'!E344 -> DOMO | E345: ='RESUMEN TOTAL'!F344 -> Radio | F345: ='RESUMEN TOTAL'!L344 -> 0 | G345: ='RESUMEN TOTAL'!M344 -> 0 | H345: ='RESUMEN TOTAL'!N344 -> 0 | I345: ='RESUMEN TOTAL'!O344 -> 0 | J345: ='RESUMEN TOTAL'!P344 -> 0 | K345: ='RESUMEN TOTAL'!Q344 -> 0 | L345: ='RESUMEN TOTAL'!R344 -> 0 | M345: ='RESUMEN TOTAL'!S344 -> 0 | ... AI345: ='RESUMEN TOTAL'!AO344 -> 0 | AJ345: ='RESUMEN TOTAL'!#REF! -> #REF!
A346: ='RESUMEN TOTAL'!A346 -> SANTA ROSA | B346: ='RESUMEN TOTAL'!B346 -> SRO12 | C346: ='RESUMEN TOTAL'!D346 -> YUGOSLAVIA Y PAYSANDU | D346: ='RESUMEN TOTAL'!E346 -> DOMO | E346: ='RESUMEN TOTAL'!F346 -> Radio | F346: ='RESUMEN TOTAL'!L346 -> 0 | G346: ='RESUMEN TOTAL'!M346 -> 0 | H346: ='RESUMEN TOTAL'!N346 -> 0 | I346: ='RESUMEN TOTAL'!O346 -> 0 | J346: ='RESUMEN TOTAL'!P346 -> 0 | K346: ='RESUMEN TOTAL'!Q346 -> 0 | L346: ='RESUMEN TOTAL'!R346 -> 0 | M346: ='RESUMEN TOTAL'!S346 -> 0 | ... AI346: ='RESUMEN TOTAL'!AO346 -> 0 | AJ346: ='RESUMEN TOTAL'!#REF! -> #REF!
A347: ='RESUMEN TOTAL'!A349 -> SANTA ROSA | B347: ='RESUMEN TOTAL'!B349 -> SRO15 | C347: ='RESUMEN TOTAL'!D349 -> NOVAK Y TIRANA (614) | D347: ='RESUMEN TOTAL'!E349 -> DOMO | E347: ='RESUMEN TOTAL'!F349 -> Fibra Optica | F347: ='RESUMEN TOTAL'!L349 -> 0 | G347: ='RESUMEN TOTAL'!M349 -> 0 | H347: ='RESUMEN TOTAL'!N349 -> 0 | I347: ='RESUMEN TOTAL'!O349 -> 0 | J347: ='RESUMEN TOTAL'!P349 -> 0 | K347: ='RESUMEN TOTAL'!Q349 -> 0 | L347: ='RESUMEN TOTAL'!R349 -> 0 | M347: ='RESUMEN TOTAL'!S349 -> 0 | ... AI347: ='RESUMEN TOTAL'!AO349 -> 0 | AJ347: ='RESUMEN TOTAL'!#REF! -> #REF!
A348: ='RESUMEN TOTAL'!A350 -> SANTA ROSA | B348: ='RESUMEN TOTAL'!B350 -> SRO16 (fija 1) | C348: ='RESUMEN TOTAL'!D350 -> ANDORRA E/ BELGICA Y SAN MARINO | D348: ='RESUMEN TOTAL'!E350 -> Fija | E348: ='RESUMEN TOTAL'!F350 -> Fibra Optica | F348: ='RESUMEN TOTAL'!L350 -> 0 | G348: ='RESUMEN TOTAL'!M350 -> 0 | H348: ='RESUMEN TOTAL'!N350 -> 0 | I348: ='RESUMEN TOTAL'!O350 -> 0 | J348: ='RESUMEN TOTAL'!P350 -> 0 | K348: ='RESUMEN TOTAL'!Q350 -> 0 | L348: ='RESUMEN TOTAL'!R350 -> 0 | M348: ='RESUMEN TOTAL'!S350 -> 0 | ... AI348: ='RESUMEN TOTAL'!AO350 -> 0 | AJ348: ='RESUMEN TOTAL'!#REF! -> #REF!
A349: ='RESUMEN TOTAL'!A351 -> SANTA ROSA | B349: ='RESUMEN TOTAL'!B351 -> SRO17 (fija 2) | C349: ='RESUMEN TOTAL'!D351 -> ANDORRA E/ BELGICA Y SAN MARINO | D349: ='RESUMEN TOTAL'!E351 -> Fija | E349: ='RESUMEN TOTAL'!F351 -> Fibra Optica | F349: ='RESUMEN TOTAL'!L351 -> 0 | G349: ='RESUMEN TOTAL'!M351 -> 0 | H349: ='RESUMEN TOTAL'!N351 -> 0 | I349: ='RESUMEN TOTAL'!O351 -> 0 | J349: ='RESUMEN TOTAL'!P351 -> 0 | K349: ='RESUMEN TOTAL'!Q351 -> 0 | L349: ='RESUMEN TOTAL'!R351 -> 0 | M349: ='RESUMEN TOTAL'!S351 -> 0 | ... AI349: ='RESUMEN TOTAL'!AO351 -> 0 | AJ349: ='RESUMEN TOTAL'!#REF! -> #REF!
A350: ='RESUMEN TOTAL'!A356 -> SAN RUDECINDO | B350: ='RESUMEN TOTAL'!B356 -> SRU01 (fija 1) | C350: ='RESUMEN TOTAL'!D356 -> HERNANDARIAS Y AMBATO | D350: ='RESUMEN TOTAL'!E356 -> Fija | E350: ='RESUMEN TOTAL'!F356 -> Fibra Optica | F350: ='RESUMEN TOTAL'!L356 -> 0 | G350: ='RESUMEN TOTAL'!M356 -> 0 | H350: ='RESUMEN TOTAL'!N356 -> 0 | I350: ='RESUMEN TOTAL'!O356 -> 0 | J350: ='RESUMEN TOTAL'!P356 -> 0 | K350: ='RESUMEN TOTAL'!Q356 -> 0 | L350: ='RESUMEN TOTAL'!R356 -> 0 | M350: ='RESUMEN TOTAL'!S356 -> 0 | ... AI350: ='RESUMEN TOTAL'!AO356 -> 0 | AJ350: ='RESUMEN TOTAL'!#REF! -> #REF!
A351: ='RESUMEN TOTAL'!A357 -> SAN RUDECINDO | B351: ='RESUMEN TOTAL'!B357 -> SRU02 (fija 2) | C351: ='RESUMEN TOTAL'!D357 -> HERNANDARIAS Y AMBATO | D351: ='RESUMEN TOTAL'!E357 -> Fija | E351: ='RESUMEN TOTAL'!F357 -> Fibra Optica | F351: ='RESUMEN TOTAL'!L357 -> 0 | G351: ='RESUMEN TOTAL'!M357 -> 0 | H351: ='RESUMEN TOTAL'!N357 -> 0 | I351: ='RESUMEN TOTAL'!O357 -> 0 | J351: ='RESUMEN TOTAL'!P357 -> 0 | K351: ='RESUMEN TOTAL'!Q357 -> 0 | L351: ='RESUMEN TOTAL'!R357 -> 0 | M351: ='RESUMEN TOTAL'!S357 -> 0 | ... AI351: ='RESUMEN TOTAL'!AO357 -> 0 | AJ351: ='RESUMEN TOTAL'!#REF! -> #REF!
...

Sheet APAGADOS ANTENA
C1: TOTAL PTO A FO
E2: APAGADOS | F2: =COUNTIFS(F4:F501, "=APAGADO",E4:E501,"=PTO A FO") -> 0 | G2: =COUNTIFS(G4:G501, "=APAGADO",E4:E501,"=PTO A FO") -> 0 | H2: =COUNTIFS(H4:H501, "=APAGADO",E4:E501,"=PTO A FO") -> 0 | I2: =COUNTIFS(I4:I501, "=APAGADO",E4:E501,"=PTO A FO") -> 0 | J2: =COUNTIFS(J4:J501, "=APAGADO",E4:E501,"=PTO A FO") -> 0 | K2: =COUNTIFS(K4:K501, "=APAGADO",E4:E501,"=PTO A FO") -> 0 | L2: =COUNTIFS(L4:L501, "=APAGADO",E4:E501,"=PTO A FO") -> 0 | M2: =COUNTIFS(M4:M501, "=APAGADO",E4:E501,"=PTO A FO") -> 0 | N2: =COUNTIFS(N4:N501, "=APAGADO",E4:E501,"=PTO A FO") -> 0 | O2: =COUNTIFS(O4:O501, "=APAGADO",E4:E501,"=PTO A FO") -> 0 | P2: =COUNTIFS(P4:P501, "=APAGADO",E4:E501,"=PTO A FO") -> 4 | Q2: =COUNTIFS(Q4:Q501, "=APAGADO",E4:E501,"=PTO A FO") -> 1 | R2: =COUNTIFS(R4:R501, "=APAGADO",E4:E501,"=PTO A FO") -> 1 | S2: =COUNTIFS(S4:S501, "=APAGADO",E4:E501,"=PTO A FO") -> 8 | T2: =COUNTIFS(T4:T501, "=APAGADO",E4:E501,"=PTO A FO") -> 0 | U2: =COUNTIFS(U4:U501, "=APAGADO",E4:E501,"=PTO A FO") -> 0 | V2: =COUNTIFS(V4:V501, "=APAGADO",E4:E501,"=PTO A FO") -> 0 | W2: =COUNTIFS(W4:W501, "=APAGADO",E4:E501,"=PTO A FO") -> 0 | X2: =COUNTIFS(X4:X501, "=APAGADO",E4:E501,"=PTO A FO") -> 0 | Y2: =COUNTIFS(Y4:Y501, "=APAGADO",E4:E501,"=PTO A FO") -> 0 | Z2: =COUNTIFS(Z4:Z501, "=APAGADO",E4:E501,"=PTO A FO") -> 0 | AA2: =COUNTIFS(AA4:AA501, "=APAGADO",E4:E501,"=PTO A FO") -> 0 | AB2: =COUNTIFS(AB4:AB501, "=APAGADO",E4:E501,"=PTO A FO") -> 0 | AC2: =COUNTIFS(AC4:AC501, "=APAGADO",E4:E501,"=PTO A FO") -> 0 | AD2: =COUNTIFS(AD4:AD501, "=APAGADO",E4:E501,"=PTO A FO") -> 0 | AE2: =COUNTIFS(AE4:AE501, "=APAGADO",E4:E501,"=PTO A FO") -> 0 | AF2: =COUNTIFS(AF4:AF501, "=APAGADO",E4:E501,"=PTO A FO") -> 0 | AG2: =COUNTIFS(AG4:AG501, "=APAGADO",E4:E501,"=PTO A FO") -> 0 | AH2: =COUNTIFS(AH4:AH501, "=APAGADO",E4:E501,"=PTO A FO") -> 0 | AI2: =COUNTIFS(AI4:AI501, "=APAGADO",E4:E501,"=PTO A FO") -> 0
A3: =ESTADISTICA!A1 -> Barrio | B3: =ESTADISTICA!B1 -> [Denominacion] | C3: =ESTADISTICA!C1 -> [Ubicacion] | D3: =ESTADISTICA!D1 -> [Tipo de Camara] | E3: =ESTADISTICA!E1 -> [Tipo de Conexion] | F3: =ESTADISTICA!F1 -> 45108 | G3: =ESTADISTICA!G1 -> 45109 | H3: =ESTADISTICA!H1 -> 45110 | ... AI3: =ESTADISTICA!AI1 -> 45137
A4: ='RESUMEN TOTAL'!A7 -> ALTAMIRA | B4: ='RESUMEN TOTAL'!B7 -> ALT 03 | C4: ='RESUMEN TOTAL'!D7 -> Bombero Galarza y Necochea | D4: ='RESUMEN TOTAL'!E7 -> Domo | E4: ='RESUMEN TOTAL'!F7 -> Fibra Optica | F4: ='RESUMEN TOTAL'!L7 -> 0 | G4: ='RESUMEN TOTAL'!M7 -> 0 | H4: ='RESUMEN TOTAL'!N7 -> 0 | I4: ='RESUMEN TOTAL'!O7 -> 0 | J4: ='RESUMEN TOTAL'!P7 -> 0 | K4: ='RESUMEN TOTAL'!Q7 -> 0 | L4: ='RESUMEN TOTAL'!R7 -> 0 | M4: ='RESUMEN TOTAL'!S7 -> 0 | ... AI4: ='RESUMEN TOTAL'!AO7 -> 0 | AJ4: ='RESUMEN TOTAL'!#REF! -> #REF!
A5: ='RESUMEN TOTAL'!A8 -> ALTAMIRA | B5: ='RESUMEN TOTAL'!B8 -> ALT 04 | C5: ='RESUMEN TOTAL'!D8 -> Francia y Necochea | D5: ='RESUMEN TOTAL'!E8 -> Domo | E5: ='RESUMEN TOTAL'!F8 -> Fibra Optica | F5: ='RESUMEN TOTAL'!L8 -> 0 | G5: ='RESUMEN TOTAL'!M8 -> 0 | H5: ='RESUMEN TOTAL'!N8 -> 0 | I5: ='RESUMEN TOTAL'!O8 -> 0 | J5: ='RESUMEN TOTAL'!P8 -> 0 | K5: ='RESUMEN TOTAL'!Q8 -> 0 | L5: ='RESUMEN TOTAL'!R8 -> 0 | M5: ='RESUMEN TOTAL'!S8 -> 0 | ... AI5: ='RESUMEN TOTAL'!AO8 -> 0 | AJ5: ='RESUMEN TOTAL'!#REF! -> #REF!
A6: ='RESUMEN TOTAL'!A9 -> ALTAMIRA | B6: ='RESUMEN TOTAL'!B9 -> ALT05 | C6: ='RESUMEN TOTAL'!D9 -> Av. Calchaqui y Bombero Galarza | D6: ='RESUMEN TOTAL'!E9 -> Domo | E6: ='RESUMEN TOTAL'!F9 -> PTO A FO | F6: ='RESUMEN TOTAL'!L9 -> 0 | G6: ='RESUMEN TOTAL'!M9 -> 0 | H6: ='RESUMEN TOTAL'!N9 -> 0 | I6: ='RESUMEN TOTAL'!O9 -> 0 | J6: ='RESUMEN TOTAL'!P9 -> 0 | K6: ='RESUMEN TOTAL'!Q9 -> 0 | L6: ='RESUMEN TOTAL'!R9 -> 0 | M6: ='RESUMEN TOTAL'!S9 -> 0 | ... AI6: ='RESUMEN TOTAL'!AO9 -> 0 | AJ6: ='RESUMEN TOTAL'!#REF! -> #REF!
A7: ='RESUMEN TOTAL'!A10 -> ALTAMIRA | B7: ='RESUMEN TOTAL'!B10 -> ALT 06 | C7: ='RESUMEN TOTAL'!D10 -> LOPE DE VEGA Y NECOCHEA | D7: ='RESUMEN TOTAL'!E10 -> Domo | E7: ='RESUMEN TOTAL'!F10 -> PTO A FO | F7: ='RESUMEN TOTAL'!L10 -> 0 | G7: ='RESUMEN TOTAL'!M10 -> 0 | H7: ='RESUMEN TOTAL'!N10 -> 0 | I7: ='RESUMEN TOTAL'!O10 -> 0 | J7: ='RESUMEN TOTAL'!P10 -> 0 | K7: ='RESUMEN TOTAL'!Q10 -> 0 | L7: ='RESUMEN TOTAL'!R10 -> 0 | M7: ='RESUMEN TOTAL'!S10 -> 0 | ... AI7: ='RESUMEN TOTAL'!AO10 -> 0 | AJ7: ='RESUMEN TOTAL'!#REF! -> #REF!
A8: ='RESUMEN TOTAL'!A11 -> ALTAMIRA | B8: ='RESUMEN TOTAL'!B11 -> ALT07 | C8: ='RESUMEN TOTAL'!D11 -> AV. CALCHAQUI Y AV. DEL TRABAJO | D8: ='RESUMEN TOTAL'!E11 -> DOMO | E8: ='RESUMEN TOTAL'!F11 -> PTO A FO | F8: ='RESUMEN TOTAL'!L11 -> 0 | G8: ='RESUMEN TOTAL'!M11 -> 0 | H8: ='RESUMEN TOTAL'!N11 -> 0 | I8: ='RESUMEN TOTAL'!O11 -> 0 | J8: ='RESUMEN TOTAL'!P11 -> 0 | K8: ='RESUMEN TOTAL'!Q11 -> 0 | L8: ='RESUMEN TOTAL'!R11 -> 0 | M8: ='RESUMEN TOTAL'!S11 -> 0 | ... AI8: ='RESUMEN TOTAL'!AO11 -> 0 | AJ8: ='RESUMEN TOTAL'!#REF! -> #REF!
A9: ='RESUMEN TOTAL'!A12 -> ALTAMIRA | B9: ='RESUMEN TOTAL'!B12 -> ALT 08 | C9: ='RESUMEN TOTAL'!D12 -> HUMAITA Y NECOCHEA | D9: ='RESUMEN TOTAL'!E12 -> DOMO | E9: ='RESUMEN TOTAL'!F12 -> Fibra Optica | F9: ='RESUMEN TOTAL'!L12 -> 0 | G9: ='RESUMEN TOTAL'!M12 -> 0 | H9: ='RESUMEN TOTAL'!N12 -> 0 | I9: ='RESUMEN TOTAL'!O12 -> 0 | J9: ='RESUMEN TOTAL'!P12 -> 0 | K9: ='RESUMEN TOTAL'!Q12 -> 0 | L9: ='RESUMEN TOTAL'!R12 -> 0 | M9: ='RESUMEN TOTAL'!S12 -> 0 | ... AI9: ='RESUMEN TOTAL'!AO12 -> 0 | AJ9: ='RESUMEN TOTAL'!#REF! -> #REF!
A10: ='RESUMEN TOTAL'!A13 -> ALTAMIRA | B10: ='RESUMEN TOTAL'!B13 -> ALT 09 | C10: ='RESUMEN TOTAL'!D13 -> NECOCHEA Y CURUPAITY | D10: ='RESUMEN TOTAL'!E13 -> DOMO | E10: ='RESUMEN TOTAL'!F13 -> Fibra Optica | F10: ='RESUMEN TOTAL'!L13 -> 0 | G10: ='RESUMEN TOTAL'!M13 -> 0 | H10: ='RESUMEN TOTAL'!N13 -> 0 | I10: ='RESUMEN TOTAL'!O13 -> 0 | J10: ='RESUMEN TOTAL'!P13 -> 0 | K10: ='RESUMEN TOTAL'!Q13 -> APAGADO | L10: ='RESUMEN TOTAL'!R13 -> APAGADO | M10: ='RESUMEN TOTAL'!S13 -> 0 | ... AI10: ='RESUMEN TOTAL'!AO13 -> 0 | AJ10: ='RESUMEN TOTAL'!#REF! -> #REF!
A11: ='RESUMEN TOTAL'!A14 -> ALTAMIRA | B11: ='RESUMEN TOTAL'!B14 -> ALT 10 | C11: ='RESUMEN TOTAL'!D14 -> Calchaqui y Francia | D11: ='RESUMEN TOTAL'!E14 -> Domo | E11: ='RESUMEN TOTAL'!F14 -> Radio | F11: ='RESUMEN TOTAL'!L14 -> 0 | G11: ='RESUMEN TOTAL'!M14 -> 0 | H11: ='RESUMEN TOTAL'!N14 -> 0 | I11: ='RESUMEN TOTAL'!O14 -> 0 | J11: ='RESUMEN TOTAL'!P14 -> 0 | K11: ='RESUMEN TOTAL'!Q14 -> 0 | L11: ='RESUMEN TOTAL'!R14 -> 0 | M11: ='RESUMEN TOTAL'!S14 -> 0 | ... AI11: ='RESUMEN TOTAL'!AO14 -> 0 | AJ11: ='RESUMEN TOTAL'!#REF! -> #REF!
A12: ='RESUMEN TOTAL'!A15 -> AGUSTIN RAMIREZ | B12: ='RESUMEN TOTAL'!B15 -> ARA 01 | C12: ='RESUMEN TOTAL'!D15 -> Malambo y Tranquera | D12: ='RESUMEN TOTAL'!E15 -> Domo | E12: ='RESUMEN TOTAL'!F15 -> Fibra Optica | F12: ='RESUMEN TOTAL'!L15 -> 0 | G12: ='RESUMEN TOTAL'!M15 -> 0 | H12: ='RESUMEN TOTAL'!N15 -> 0 | I12: ='RESUMEN TOTAL'!O15 -> 0 | J12: ='RESUMEN TOTAL'!P15 -> 0 | K12: ='RESUMEN TOTAL'!Q15 -> 0 | L12: ='RESUMEN TOTAL'!R15 -> 0 | M12: ='RESUMEN TOTAL'!S15 -> 0 | ... AI12: ='RESUMEN TOTAL'!AO15 -> 0 | AJ12: ='RESUMEN TOTAL'!#REF! -> #REF!
A13: ='RESUMEN TOTAL'!A16 -> BELGRANO | B13: ='RESUMEN TOTAL'!B16 -> BEL 01 | C13: ='RESUMEN TOTAL'!D16 -> San Martin y Dardo Rocha | D13: ='RESUMEN TOTAL'!E16 -> DOMO | E13: ='RESUMEN TOTAL'!F16 -> Fibra Optica | F13: ='RESUMEN TOTAL'!L16 -> 0 | G13: ='RESUMEN TOTAL'!M16 -> 0 | H13: ='RESUMEN TOTAL'!N16 -> 0 | I13: ='RESUMEN TOTAL'!O16 -> 0 | J13: ='RESUMEN TOTAL'!P16 -> 0 | K13: ='RESUMEN TOTAL'!Q16 -> 0 | L13: ='RESUMEN TOTAL'!R16 -> 0 | M13: ='RESUMEN TOTAL'!S16 -> 0 | ... AI13: ='RESUMEN TOTAL'!AO16 -> 0 | AJ13: ='RESUMEN TOTAL'!#REF! -> #REF!
A14: ='RESUMEN TOTAL'!A17 -> BELGRANO | B14: ='RESUMEN TOTAL'!B17 -> BEL 02 | C14: ='RESUMEN TOTAL'!D17 -> Guardia vieja y Fronteriz | D14: ='RESUMEN TOTAL'!E17 -> DOMO | E14: ='RESUMEN TOTAL'!F17 -> Fibra Optica | F14: ='RESUMEN TOTAL'!L17 -> 0 | G14: ='RESUMEN TOTAL'!M17 -> 0 | H14: ='RESUMEN TOTAL'!N17 -> 0 | I14: ='RESUMEN TOTAL'!O17 -> 0 | J14: ='RESUMEN TOTAL'!P17 -> 0 | K14: ='RESUMEN TOTAL'!Q17 -> 0 | L14: ='RESUMEN TOTAL'!R17 -> 0 | M14: ='RESUMEN TOTAL'!S17 -> 0 | ... R14: ='RESUMEN TOTAL'!X17 -> 0 | S14: ='RESUMEN TOTAL'!Y23 -> 0 | T14: ='RESUMEN TOTAL'!Z17 -> 0 | U14: ='RESUMEN TOTAL'!AA17 -> 0 | V14: ='RESUMEN TOTAL'!AB17 -> 0 | W14: ='RESUMEN TOTAL'!AC17 -> 0 | X14: ='RESUMEN TOTAL'!AD17 -> 0 | Y14: ='RESUMEN TOTAL'!AE17 -> 0 | Z14: ='RESUMEN TOTAL'!AF17 -> 0 | AA14: ='RESUMEN TOTAL'!AG17 -> 0 | ... AI14: ='RESUMEN TOTAL'!AO17 -> 0 | AJ14: ='RESUMEN TOTAL'!#REF! -> #REF!
A15: ='RESUMEN TOTAL'!A18 -> BOSQUES CENTRO | B15: ='RESUMEN TOTAL'!B18 -> BOSQC 01 | C15: ='RESUMEN TOTAL'!D18 -> LUIS AGOTE E/DANUNCIO Y CAMPOAMOR | D15: ='RESUMEN TOTAL'!E18 -> Fija | E15: ='RESUMEN TOTAL'!F18 -> Radio | F15: ='RESUMEN TOTAL'!L18 -> 0 | G15: ='RESUMEN TOTAL'!M18 -> 0 | H15: ='RESUMEN TOTAL'!N18 -> 0 | I15: ='RESUMEN TOTAL'!O18 -> 0 | J15: ='RESUMEN TOTAL'!P18 -> 0 | K15: ='RESUMEN TOTAL'!Q18 -> 0 | L15: ='RESUMEN TOTAL'!R18 -> 0 | M15: ='RESUMEN TOTAL'!S18 -> 0 | ... AI15: ='RESUMEN TOTAL'!AO18 -> 0 | AJ15: ='RESUMEN TOTAL'!#REF! -> #REF!
A16: ='RESUMEN TOTAL'!A19 -> BOSQUES CENTRO | B16: ='RESUMEN TOTAL'!B19 -> BOSQC 02 | C16: ='RESUMEN TOTAL'!D19 -> LUIS AGOTE E/DANUNCIO Y CAMPOAMOR | D16: ='RESUMEN TOTAL'!E19 -> Fija | E16: ='RESUMEN TOTAL'!F19 -> Radio | F16: ='RESUMEN TOTAL'!L19 -> 0 | G16: ='RESUMEN TOTAL'!M19 -> 0 | H16: ='RESUMEN TOTAL'!N19 -> 0 | I16: ='RESUMEN TOTAL'!O19 -> 0 | J16: ='RESUMEN TOTAL'!P19 -> 0 | K16: ='RESUMEN TOTAL'!Q19 -> 0 | L16: ='RESUMEN TOTAL'!R19 -> 0 | M16: ='RESUMEN TOTAL'!S19 -> 0 | ... AI16: ='RESUMEN TOTAL'!AO19 -> 0 | AJ16: ='RESUMEN TOTAL'!#REF! -> #REF!
A17: ='RESUMEN TOTAL'!A20 -> BOSQUES CENTRO | B17: ='RESUMEN TOTAL'!B20 -> BOSQC 03 | C17: ='RESUMEN TOTAL'!D20 -> BENAVENTE Y LUIS AGOTE | D17: ='RESUMEN TOTAL'!E20 -> Fija | E17: ='RESUMEN TOTAL'!F20 -> Radio | F17: ='RESUMEN TOTAL'!L20 -> 0 | G17: ='RESUMEN TOTAL'!M20 -> 0 | H17: ='RESUMEN TOTAL'!N20 -> 0 | I17: ='RESUMEN TOTAL'!O20 -> 0 | J17: ='RESUMEN TOTAL'!P20 -> 0 | K17: ='RESUMEN TOTAL'!Q20 -> 0 | L17: ='RESUMEN TOTAL'!R20 -> 0 | M17: ='RESUMEN TOTAL'!S20 -> 0 | ... AI17: ='RESUMEN TOTAL'!AO20 -> 0 | AJ17: ='RESUMEN TOTAL'!#REF! -> #REF!
A18: ='RESUMEN TOTAL'!A21 -> BOSQUES CENTRO | B18: ='RESUMEN TOTAL'!B21 -> BOSQC 04 | C18: ='RESUMEN TOTAL'!D21 -> BENAVENTE Y LUIS AGOTE | D18: ='RESUMEN TOTAL'!E21 -> Fija | E18: ='RESUMEN TOTAL'!F21 -> Radio | F18: ='RESUMEN TOTAL'!L21 -> 0 | G18: ='RESUMEN TOTAL'!M21 -> 0 | H18: ='RESUMEN TOTAL'!N21 -> 0 | I18: ='RESUMEN TOTAL'!O21 -> 0 | J18: ='RESUMEN TOTAL'!P21 -> 0 | K18: ='RESUMEN TOTAL'!Q21 -> 0 | L18: ='RESUMEN TOTAL'!R21 -> 0 | M18: ='RESUMEN TOTAL'!S21 -> 0 | ... AI18: ='RESUMEN TOTAL'!AO21 -> 0 | AJ18: ='RESUMEN TOTAL'!#REF! -> #REF!
A19: ='RESUMEN TOTAL'!A22 -> BOSQUES CENTRO | B19: ='RESUMEN TOTAL'!B22 -> BOSQC 05 | C19: ='RESUMEN TOTAL'!D22 -> LUIS AGOTE Y RUTA 36 | D19: ='RESUMEN TOTAL'!E22 -> Fija | E19: ='RESUMEN TOTAL'!F22 -> Radio | F19: ='RESUMEN TOTAL'!L22 -> 0 | G19: ='RESUMEN TOTAL'!M22 -> 0 | H19: ='RESUMEN TOTAL'!N22 -> 0 | I19: ='RESUMEN TOTAL'!O22 -> 0 | J19: ='RESUMEN TOTAL'!P22 -> 0 | K19: ='RESUMEN TOTAL'!Q22 -> 0 | L19: ='RESUMEN TOTAL'!R22 -> 0 | M19: ='RESUMEN TOTAL'!S22 -> 0 | ... AI19: ='RESUMEN TOTAL'!AO22 -> 0 | AJ19: ='RESUMEN TOTAL'!#REF! -> #REF!
A20: ='RESUMEN TOTAL'!A23 -> BOSQUES CENTRO | B20: ='RESUMEN TOTAL'!B23 -> BOSQC 06 | C20: ='RESUMEN TOTAL'!D23 -> LUIS AGOTE Y RUTA 36 | D20: ='RESUMEN TOTAL'!E23 -> Fija | E20: ='RESUMEN TOTAL'!F23 -> Radio | F20: ='RESUMEN TOTAL'!L23 -> 0 | G20: ='RESUMEN TOTAL'!M23 -> 0 | H20: ='RESUMEN TOTAL'!N23 -> 0 | I20: ='RESUMEN TOTAL'!O23 -> 0 | J20: ='RESUMEN TOTAL'!P23 -> 0 | K20: ='RESUMEN TOTAL'!Q23 -> 0 | L20: ='RESUMEN TOTAL'!R23 -> 0 | M20: ='RESUMEN TOTAL'!S23 -> 0 | ... AI20: ='RESUMEN TOTAL'!AO23 -> 0 | AJ20: ='RESUMEN TOTAL'!#REF! -> #REF!
A21: ='RESUMEN TOTAL'!A24 -> CENTRO | B21: ='RESUMEN TOTAL'!B24 -> CEN01 | C21: ='RESUMEN TOTAL'!D24 -> San Martin y 9 de Julio | D21: ='RESUMEN TOTAL'!E24 -> Fija | E21: ='RESUMEN TOTAL'!F24 -> Fibra Optica | F21: ='RESUMEN TOTAL'!L24 -> 0 | G21: ='RESUMEN TOTAL'!M24 -> 0 | H21: ='RESUMEN TOTAL'!N24 -> 0 | I21: ='RESUMEN TOTAL'!O24 -> 0 | J21: ='RESUMEN TOTAL'!P24 -> 0 | K21: ='RESUMEN TOTAL'!Q24 -> 0 | L21: ='RESUMEN TOTAL'!R24 -> 0 | M21: ='RESUMEN TOTAL'!S24 -> 0 | ... AI21: ='RESUMEN TOTAL'!AO24 -> 0 | AJ21: ='RESUMEN TOTAL'!#REF! -> #REF!
A22: ='RESUMEN TOTAL'!A25 -> CENTRO | B22: ='RESUMEN TOTAL'!B25 -> CEN02 | C22: ='RESUMEN TOTAL'!D25 -> San Martin y Almafuerte | D22: ='RESUMEN TOTAL'!E25 -> Fija | E22: ='RESUMEN TOTAL'!F25 -> Fibra Optica | F22: ='RESUMEN TOTAL'!L25 -> 0 | G22: ='RESUMEN TOTAL'!M25 -> 0 | H22: ='RESUMEN TOTAL'!N25 -> 0 | I22: ='RESUMEN TOTAL'!O25 -> 0 | J22: ='RESUMEN TOTAL'!P25 -> 0 | K22: ='RESUMEN TOTAL'!Q25 -> 0 | L22: ='RESUMEN TOTAL'!R25 -> 0 | M22: ='RESUMEN TOTAL'!S25 -> 0 | ... AI22: ='RESUMEN TOTAL'!AO25 -> 0 | AJ22: ='RESUMEN TOTAL'!#REF! -> #REF!
A23: ='RESUMEN TOTAL'!A26 -> CENTRO | B23: ='RESUMEN TOTAL'!B26 -> CEN03 | C23: ='RESUMEN TOTAL'!D26 -> San Martin y Sallares | D23: ='RESUMEN TOTAL'!E26 -> Domo | E23: ='RESUMEN TOTAL'!F26 -> Fibra Optica | F23: ='RESUMEN TOTAL'!L26 -> 0 | G23: ='RESUMEN TOTAL'!M26 -> 0 | H23: ='RESUMEN TOTAL'!N26 -> 0 | I23: ='RESUMEN TOTAL'!O26 -> 0 | J23: ='RESUMEN TOTAL'!P26 -> 0 | K23: ='RESUMEN TOTAL'!Q26 -> 0 | L23: ='RESUMEN TOTAL'!R26 -> 0 | M23: ='RESUMEN TOTAL'!S26 -> 0 | ... AI23: ='RESUMEN TOTAL'!AO26 -> 0 | AJ23: ='RESUMEN TOTAL'!#REF! -> #REF!
A24: ='RESUMEN TOTAL'!A27 -> CENTRO | B24: ='RESUMEN TOTAL'!B27 -> CEN04 | C24: ='RESUMEN TOTAL'!D27 -> San Martin y Contreras | D24: ='RESUMEN TOTAL'!E27 -> Domo | E24: ='RESUMEN TOTAL'!F27 -> Fibra Optica | F24: ='RESUMEN TOTAL'!L27 -> 0 | G24: ='RESUMEN TOTAL'!M27 -> 0 | H24: ='RESUMEN TOTAL'!N27 -> 0 | I24: ='RESUMEN TOTAL'!O27 -> 0 | J24: ='RESUMEN TOTAL'!P27 -> 0 | K24: ='RESUMEN TOTAL'!Q27 -> 0 | L24: ='RESUMEN TOTAL'!R27 -> 0 | M24: ='RESUMEN TOTAL'!S27 -> 0 | ... AI24: ='RESUMEN TOTAL'!AO27 -> 0 | AJ24: ='RESUMEN TOTAL'!#REF! -> #REF!
A25: ='RESUMEN TOTAL'!A28 -> CENTRO | B25: ='RESUMEN TOTAL'!B28 -> CEN 05 | C25: ='RESUMEN TOTAL'!D28 -> Bocuzzi e/España y San Martin | D25: ='RESUMEN TOTAL'!E28 -> DOMO | E25: ='RESUMEN TOTAL'!F28 -> Fibra Optica | F25: ='RESUMEN TOTAL'!L28 -> 0 | G25: ='RESUMEN TOTAL'!M28 -> 0 | H25: ='RESUMEN TOTAL'!N28 -> 0 | I25: ='RESUMEN TOTAL'!O28 -> 0 | J25: ='RESUMEN TOTAL'!P28 -> 0 | K25: ='RESUMEN TOTAL'!Q28 -> 0 | L25: ='RESUMEN TOTAL'!R28 -> 0 | M25: ='RESUMEN TOTAL'!S28 -> 0 | ... AI25: ='RESUMEN TOTAL'!AO28 -> 0 | AJ25: ='RESUMEN TOTAL'!#REF! -> #REF!
A26: ='RESUMEN TOTAL'!A29 -> CENTRO | B26: ='RESUMEN TOTAL'!B29 -> CEN06 | C26: ='RESUMEN TOTAL'!D29 -> Monteagudo y A.del Valle | D26: ='RESUMEN TOTAL'!E29 -> Fija | E26: ='RESUMEN TOTAL'!F29 -> Fibra Optica | F26: ='RESUMEN TOTAL'!L29 -> 0 | G26: ='RESUMEN TOTAL'!M29 -> 0 | H26: ='RESUMEN TOTAL'!N29 -> 0 | I26: ='RESUMEN TOTAL'!O29 -> 0 | J26: ='RESUMEN TOTAL'!P29 -> 0 | K26: ='RESUMEN TOTAL'!Q29 -> 0 | L26: ='RESUMEN TOTAL'!R29 -> 0 | M26: ='RESUMEN TOTAL'!S29 -> 0 | ... AI26: ='RESUMEN TOTAL'!AO29 -> 0 | AJ26: ='RESUMEN TOTAL'!#REF! -> #REF!
... A227: ='RESUMEN TOTAL'!A230 -> AGUSTIN RAMIREZ | B227: ='RESUMEN TOTAL'!B230 -> PUNTO SEGURO - AGUSTIN RAMIREZ (fija) | C227: ='RESUMEN TOTAL'!D230 -> EL MALAMBO Y LA TRANQUERA | D227: ='RESUMEN TOTAL'!E230 -> Fija | E227: ='RESUMEN TOTAL'!F230 -> Fibra Optica | F227: ='RESUMEN TOTAL'!L230 -> 0 | G227: ='RESUMEN TOTAL'!M230 -> 0 | H227: ='RESUMEN TOTAL'!N230 -> 0 | I227: ='RESUMEN TOTAL'!O230 -> 0 | J227: ='RESUMEN TOTAL'!P230 -> 0 | K227: ='RESUMEN TOTAL'!Q230 -> 0 | L227: ='RESUMEN TOTAL'!R230 -> 0 | M227: ='RESUMEN TOTAL'!S230 -> 0 | ... AI227: ='RESUMEN TOTAL'!AO230 -> 0 | AJ227: ='RESUMEN TOTAL'!#REF! -> #REF!
A228: ='RESUMEN TOTAL'!A232 -> EL PARQUE | B228: ='RESUMEN TOTAL'!B232 -> PUNTO SEGURO - EL PARQUE (domo) | C228: ='RESUMEN TOTAL'!D232 -> CALLE 1282 Y 1201 | D228: ='RESUMEN TOTAL'!E232 -> DOMO | E228: ='RESUMEN TOTAL'!F232 -> Fibra Optica | F228: ='RESUMEN TOTAL'!L232 -> 0 | G228: ='RESUMEN TOTAL'!M232 -> 0 | H228: ='RESUMEN TOTAL'!N232 -> 0 | I228: ='RESUMEN TOTAL'!O232 -> 0 | J228: ='RESUMEN TOTAL'!P232 -> 0 | K228: ='RESUMEN TOTAL'!Q232 -> 0 | L228: ='RESUMEN TOTAL'!R232 -> 0 | M228: ='RESUMEN TOTAL'!S232 -> 0 | ... AI228: ='RESUMEN TOTAL'!AO232 -> 0 | AJ228: ='RESUMEN TOTAL'!#REF! -> #REF!
A229: ='RESUMEN TOTAL'!A233 -> EL PARQUE | B229: ='RESUMEN TOTAL'!B233 -> PUNTO SEGURO - EL PARQUE (fija) | C229: ='RESUMEN TOTAL'!D233 -> CALLE 1282 Y 1201 | D229: ='RESUMEN TOTAL'!E233 -> Fija | E229: ='RESUMEN TOTAL'!F233 -> Fibra Optica | F229: ='RESUMEN TOTAL'!L233 -> 0 | G229: ='RESUMEN TOTAL'!M233 -> 0 | H229: ='RESUMEN TOTAL'!N233 -> 0 | I229: ='RESUMEN TOTAL'!O233 -> 0 | J229: ='RESUMEN TOTAL'!P233 -> 0 | K229: ='RESUMEN TOTAL'!Q233 -> 0 | L229: ='RESUMEN TOTAL'!R233 -> 0 | M229: ='RESUMEN TOTAL'!S233 -> 0 | ... AI229: ='RESUMEN TOTAL'!AO233 -> 0 | AJ229: ='RESUMEN TOTAL'!#REF! -> #REF!
A230: ='RESUMEN TOTAL'!A235 -> INGENIERO ALLAN | B230: ='RESUMEN TOTAL'!B235 -> PUNTO SEGURO - ING. ALLAN (domo) | C230: ='RESUMEN TOTAL'!D235 -> DIAG. LOS YAGANES Y 1148 | D230: ='RESUMEN TOTAL'!E235 -> DOMO | E230: ='RESUMEN TOTAL'!F235 -> Fibra Optica | F230: ='RESUMEN TOTAL'!L235 -> 0 | G230: ='RESUMEN TOTAL'!M235 -> 0 | H230: ='RESUMEN TOTAL'!N235 -> 0 | I230: ='RESUMEN TOTAL'!O235 -> 0 | J230: ='RESUMEN TOTAL'!P235 -> 0 | K230: ='RESUMEN TOTAL'!Q235 -> 0 | L230: ='RESUMEN TOTAL'!R235 -> 0 | M230: ='RESUMEN TOTAL'!S235 -> 0 | ... AI230: ='RESUMEN TOTAL'!AO235 -> 0 | AJ230: ='RESUMEN TOTAL'!#REF! -> #REF!
A231: ='RESUMEN TOTAL'!A236 -> INGENIERO ALLAN | B231: ='RESUMEN TOTAL'!B236 -> PUNTO SEGURO - ING. ALLAN (fija) | C231: ='RESUMEN TOTAL'!D236 -> DIAG. LOS YAGANES Y 1148 | D231: ='RESUMEN TOTAL'!E236 -> Fija | E231: ='RESUMEN TOTAL'!F236 -> Fibra Optica | F231: ='RESUMEN TOTAL'!L236 -> 0 | G231: ='RESUMEN TOTAL'!M236 -> 0 | H231: ='RESUMEN TOTAL'!N236 -> 0 | I231: ='RESUMEN TOTAL'!O236 -> 0 | J231: ='RESUMEN TOTAL'!P236 -> 0 | K231: ='RESUMEN TOTAL'!Q236 -> 0 | L231: ='RESUMEN TOTAL'!R236 -> 0 | M231: ='RESUMEN TOTAL'!S236 -> 0 | ... AI231: ='RESUMEN TOTAL'!AO236 -> 0 | AJ231: ='RESUMEN TOTAL'!#REF! -> #REF!
A232: ='RESUMEN TOTAL'!#REF! -> #REF! | B232: ='RESUMEN TOTAL'!#REF! -> #REF! | C232: ='RESUMEN TOTAL'!#REF! -> #REF! | D232: ='RESUMEN TOTAL'!#REF! -> #REF! | E232: ='RESUMEN TOTAL'!#REF! -> #REF! | F232: ='RESUMEN TOTAL'!#REF! -> #REF! | G232: ='RESUMEN TOTAL'!#REF! -> #REF! | H232: ='RESUMEN TOTAL'!#REF! -> #REF! | ... AJ232: ='RESUMEN TOTAL'!#REF! -> #REF!
A233: ='RESUMEN TOTAL'!#REF! -> #REF! | B233: ='RESUMEN TOTAL'!#REF! -> #REF! | C233: ='RESUMEN TOTAL'!#REF! -> #REF! | D233: ='RESUMEN TOTAL'!#REF! -> #REF! | E233: ='RESUMEN TOTAL'!#REF! -> #REF! | F233: ='RESUMEN TOTAL'!#REF! -> #REF! | G233: ='RESUMEN TOTAL'!#REF! -> #REF! | H233: ='RESUMEN TOTAL'!#REF! -> #REF! | ... AJ233: ='RESUMEN TOTAL'!#REF! -> #REF!
A234: ='RESUMEN TOTAL'!A238 -> LUJAN | B234: ='RESUMEN TOTAL'!B238 -> PUNTO SEGURO - LUJAN (fija) | C234: ='RESUMEN TOTAL'!D238 -> DIAG. LOS TILOS Y LOS ALGARROBOS | D234: ='RESUMEN TOTAL'!E238 -> Fija | E234: ='RESUMEN TOTAL'!F238 -> Fibra Optica | F234: ='RESUMEN TOTAL'!L238 -> 0 | G234: ='RESUMEN TOTAL'!M238 -> 0 | H234: ='RESUMEN TOTAL'!N238 -> 0 | I234: ='RESUMEN TOTAL'!O238 -> 0 | J234: ='RESUMEN TOTAL'!P238 -> 0 | K234: ='RESUMEN TOTAL'!Q238 -> 0 | L234: ='RESUMEN TOTAL'!R238 -> 0 | M234: ='RESUMEN TOTAL'!S238 -> 0 | ... AI234: ='RESUMEN TOTAL'!AO238 -> 0 | AJ234: ='RESUMEN TOTAL'!#REF! -> #REF!
A235: ='RESUMEN TOTAL'!A241 -> ZONA RURAL SANTA ROSA | B235: ='RESUMEN TOTAL'!B241 -> PUNTO SEGURO - PICO DE ORO (domo) | C235: ='RESUMEN TOTAL'!D241 -> PISANI Y BULGARIA | D235: ='RESUMEN TOTAL'!E241 -> DOMO | E235: ='RESUMEN TOTAL'!F241 -> Fibra Optica | F235: ='RESUMEN TOTAL'!L241 -> 0 | G235: ='RESUMEN TOTAL'!M241 -> 0 | H235: ='RESUMEN TOTAL'!N241 -> 0 | I235: ='RESUMEN TOTAL'!O241 -> 0 | J235: ='RESUMEN TOTAL'!P241 -> 0 | K235: ='RESUMEN TOTAL'!Q241 -> 0 | L235: ='RESUMEN TOTAL'!R241 -> 0 | M235: ='RESUMEN TOTAL'!S241 -> 0 | ... AI235: ='RESUMEN TOTAL'!AO241 -> 0 | AJ235: ='RESUMEN TOTAL'!#REF! -> #REF!
A236: ='RESUMEN TOTAL'!A242 -> ZONA RURAL SANTA ROSA | B236: ='RESUMEN TOTAL'!B242 -> PUNTO SEGURO - PICO DE ORO (fija) | C236: ='RESUMEN TOTAL'!D242 -> PISANI Y BULGARIA | D236: ='RESUMEN TOTAL'!E242 -> Fija | E236: ='RESUMEN TOTAL'!F242 -> Fibra Optica | F236: ='RESUMEN TOTAL'!L242 -> 0 | G236: ='RESUMEN TOTAL'!M242 -> 0 | H236: ='RESUMEN TOTAL'!N242 -> 0 | I236: ='RESUMEN TOTAL'!O242 -> 0 | J236: ='RESUMEN TOTAL'!P242 -> 0 | K236: ='RESUMEN TOTAL'!Q242 -> 0 | L236: ='RESUMEN TOTAL'!R242 -> 0 | M236: ='RESUMEN TOTAL'!S242 -> 0 | ... AI236: ='RESUMEN TOTAL'!AO242 -> 0 | AJ236: ='RESUMEN TOTAL'!#REF! -> #REF!
A237: ='RESUMEN TOTAL'!A244 -> SAN FRANCISCO ESTE (CHICO) | B237: ='RESUMEN TOTAL'!B244 -> PUNTO SEGURO - SAN FRANCISCO (domo) | C237: ='RESUMEN TOTAL'!D244 -> RP 53 Y 1332 | D237: ='RESUMEN TOTAL'!E244 -> DOMO | E237: ='RESUMEN TOTAL'!F244 -> Fibra Optica | F237: ='RESUMEN TOTAL'!L244 -> 0 | G237: ='RESUMEN TOTAL'!M244 -> 0 | H237: ='RESUMEN TOTAL'!N244 -> 0 | I237: ='RESUMEN TOTAL'!O244 -> 0 | J237: ='RESUMEN TOTAL'!P244 -> 0 | K237: ='RESUMEN TOTAL'!Q244 -> APAGADO | L237: ='RESUMEN TOTAL'!R244 -> APAGADO | M237: ='RESUMEN TOTAL'!S244 -> 0 | ... AI237: ='RESUMEN TOTAL'!AO244 -> 0 | AJ237: ='RESUMEN TOTAL'!#REF! -> #REF!
A238: ='RESUMEN TOTAL'!A245 -> SAN JORGE | B238: ='RESUMEN TOTAL'!B245 -> Punto Seguro - San Jorge (Domo) | C238: ='RESUMEN TOTAL'!D245 -> CALLE 523 E/ 554 Y 556 | D238: ='RESUMEN TOTAL'!E245 -> DOMO | E238: ='RESUMEN TOTAL'!F245 -> Fibra Optica | F238: ='RESUMEN TOTAL'!L245 -> 0 | G238: ='RESUMEN TOTAL'!M245 -> 0 | H238: ='RESUMEN TOTAL'!N245 -> 0 | I238: ='RESUMEN TOTAL'!O245 -> 0 | J238: ='RESUMEN TOTAL'!P245 -> 0 | K238: ='RESUMEN TOTAL'!Q245 -> APAGADO | L238: ='RESUMEN TOTAL'!R245 -> 0 | M238: ='RESUMEN TOTAL'!S245 -> 0 | ... AI238: ='RESUMEN TOTAL'!AO245 -> 0 | AJ238: ='RESUMEN TOTAL'!#REF! -> #REF!
A239: ='RESUMEN TOTAL'!A246 -> SAN JORGE | B239: ='RESUMEN TOTAL'!B246 -> Punto Seguro - San Jorge (Fija) | C239: ='RESUMEN TOTAL'!D246 -> CALLE 523 E/ 554 Y 556 | D239: ='RESUMEN TOTAL'!E246 -> Fija | E239: ='RESUMEN TOTAL'!F246 -> Fibra Optica | F239: ='RESUMEN TOTAL'!L246 -> 0 | G239: ='RESUMEN TOTAL'!M246 -> 0 | H239: ='RESUMEN TOTAL'!N246 -> 0 | I239: ='RESUMEN TOTAL'!O246 -> 0 | J239: ='RESUMEN TOTAL'!P246 -> 0 | K239: ='RESUMEN TOTAL'!Q246 -> APAGADO | L239: ='RESUMEN TOTAL'!R246 -> 0 | M239: ='RESUMEN TOTAL'!S246 -> 0 | ... AI239: ='RESUMEN TOTAL'!AO246 -> 0 | AJ239: ='RESUMEN TOTAL'!#REF! -> #REF!
A240: ='RESUMEN TOTAL'!A248 -> SAN RUDECINDO | B240: ='RESUMEN TOTAL'!B248 -> PUNTO SEGURO- SAN RUDECINDO (domo) | C240: ='RESUMEN TOTAL'!D248 -> SANTA SOFIA Y ALVAR NUÑEZ | D240: ='RESUMEN TOTAL'!E248 -> DOMO | E240: ='RESUMEN TOTAL'!F248 -> Fibra Optica | F240: ='RESUMEN TOTAL'!L248 -> 0 | G240: ='RESUMEN TOTAL'!M248 -> 0 | H240: ='RESUMEN TOTAL'!N248 -> 0 | I240: ='RESUMEN TOTAL'!O248 -> 0 | J240: ='RESUMEN TOTAL'!P248 -> 0 | K240: ='RESUMEN TOTAL'!Q248 -> 0 | L240: ='RESUMEN TOTAL'!R248 -> 0 | M240: ='RESUMEN TOTAL'!S248 -> 0 | ... AI240: ='RESUMEN TOTAL'!AO248 -> 0 | AJ240: ='RESUMEN TOTAL'!#REF! -> #REF!
A241: ='RESUMEN TOTAL'!A249 -> SAN RUDECINDO | B241: ='RESUMEN TOTAL'!B249 -> PUNTO SEGURO - SAN RUDECINDO (fija) | C241: ='RESUMEN TOTAL'!D249 -> SANTA SOFIA Y ALVAR NUÑEZ | D241: ='RESUMEN TOTAL'!E249 -> Fija | E241: ='RESUMEN TOTAL'!F249 -> Fibra Optica | F241: ='RESUMEN TOTAL'!L249 -> 0 | G241: ='RESUMEN TOTAL'!M249 -> 0 | H241: ='RESUMEN TOTAL'!N249 -> 0 | I241: ='RESUMEN TOTAL'!O249 -> 0 | J241: ='RESUMEN TOTAL'!P249 -> 0 | K241: ='RESUMEN TOTAL'!Q249 -> 0 | L241: ='RESUMEN TOTAL'!R249 -> 0 | M241: ='RESUMEN TOTAL'!S249 -> 0 | ... AI241: ='RESUMEN TOTAL'!AO249 -> 0 | AJ241: ='RESUMEN TOTAL'!#REF! -> #REF!
A242: ='RESUMEN TOTAL'!A251 -> ZONA RURAL SANTA ROSA | B242: ='RESUMEN TOTAL'!B251 -> PUNTO SEGURO - SANTA ROSA (domo) | C242: ='RESUMEN TOTAL'!D251 -> BRUSELAS Y SICILIA | D242: ='RESUMEN TOTAL'!E251 -> DOMO | E242: ='RESUMEN TOTAL'!F251 -> Fibra Optica | F242: ='RESUMEN TOTAL'!L251 -> 0 | G242: ='RESUMEN TOTAL'!M251 -> 0 | H242: ='RESUMEN TOTAL'!N251 -> 0 | I242: ='RESUMEN TOTAL'!O251 -> 0 | J242: ='RESUMEN TOTAL'!P251 -> 0 | K242: ='RESUMEN TOTAL'!Q251 -> 0 | L242: ='RESUMEN TOTAL'!R251 -> 0 | M242: ='RESUMEN TOTAL'!S251 -> 0 | ... AI242: ='RESUMEN TOTAL'!AO251 -> 0 | AJ242: ='RESUMEN TOTAL'!#REF! -> #REF!
A243: ='RESUMEN TOTAL'!A252 -> ZONA RURAL SANTA ROSA | B243: ='RESUMEN TOTAL'!B252 -> PUNTO SEGURO - SANTA ROSA (fija) | C243: ='RESUMEN TOTAL'!D252 -> BRUSELAS Y SICILIA | D243: ='RESUMEN TOTAL'!E252 -> Fija | E243: ='RESUMEN TOTAL'!F252 -> Fibra Optica | F243: ='RESUMEN TOTAL'!L252 -> 0 | G243: ='RESUMEN TOTAL'!M252 -> 0 | H243: ='RESUMEN TOTAL'!N252 -> 0 | I243: ='RESUMEN TOTAL'!O252 -> 0 | J243: ='RESUMEN TOTAL'!P252 -> 0 | K243: ='RESUMEN TOTAL'!Q252 -> 0 | L243: ='RESUMEN TOTAL'!R252 -> 0 | M243: ='RESUMEN TOTAL'!S252 -> 0 | ... AI243: ='RESUMEN TOTAL'!AO252 -> 0 | AJ243: ='RESUMEN TOTAL'!#REF! -> #REF!
A244: ='RESUMEN TOTAL'!A231 -> DON JOSE | B244: ='RESUMEN TOTAL'!B231 -> PUNTO SEGURO AGUSTIN RAMIREZ INTERCOMUNICADOR | C244: ='RESUMEN TOTAL'!D231 -> MALAMBO Y LA TRANQUERA | D244: ='RESUMEN TOTAL'!E231 -> Fija | E244: ='RESUMEN TOTAL'!F231 -> Fibra Optica | F244: ='RESUMEN TOTAL'!L231 -> 0 | G244: ='RESUMEN TOTAL'!M231 -> 0 | H244: ='RESUMEN TOTAL'!N231 -> 0 | I244: ='RESUMEN TOTAL'!O231 -> 0 | J244: ='RESUMEN TOTAL'!P231 -> 0 | K244: ='RESUMEN TOTAL'!Q231 -> APAGADO | L244: ='RESUMEN TOTAL'!R231 -> APAGADO | M244: ='RESUMEN TOTAL'!S231 -> 0 | ... AI244: ='RESUMEN TOTAL'!AO231 -> 0 | AJ244: ='RESUMEN TOTAL'!#REF! -> #REF!
A245: ='RESUMEN TOTAL'!A234 -> EL PARQUE | B245: ='RESUMEN TOTAL'!B234 -> PUNTO SEGURO - EL PARQUE INTERCOMUNICADOR | C245: ='RESUMEN TOTAL'!D234 -> 1282 Y 1201 | D245: ='RESUMEN TOTAL'!E234 -> Fija | E245: ='RESUMEN TOTAL'!F234 -> Fibra Optica | F245: ='RESUMEN TOTAL'!L234 -> 0 | G245: ='RESUMEN TOTAL'!M234 -> 0 | H245: ='RESUMEN TOTAL'!N234 -> 0 | I245: ='RESUMEN TOTAL'!O234 -> 0 | J245: ='RESUMEN TOTAL'!P234 -> 0 | K245: ='RESUMEN TOTAL'!Q234 -> 0 | L245: ='RESUMEN TOTAL'!R234 -> 0 | M245: ='RESUMEN TOTAL'!S234 -> 0 | ... AI245: ='RESUMEN TOTAL'!AO234 -> 0 | AJ245: ='RESUMEN TOTAL'!#REF! -> #REF!
A246: ='RESUMEN TOTAL'!A237 -> INGENIERO ALLAN | B246: ='RESUMEN TOTAL'!B237 -> PUNTO SEGURO - ING ALLAN INTERCOMUNICADOR | C246: ='RESUMEN TOTAL'!D237 -> DIAG LOS YAGANES Y 1148 | D246: ='RESUMEN TOTAL'!E237 -> Domo | E246: ='RESUMEN TOTAL'!F237 -> Fibra Optica | F246: ='RESUMEN TOTAL'!L237 -> 0 | G246: ='RESUMEN TOTAL'!M237 -> 0 | H246: ='RESUMEN TOTAL'!N237 -> 0 | I246: ='RESUMEN TOTAL'!O237 -> 0 | J246: ='RESUMEN TOTAL'!P237 -> 0 | K246: ='RESUMEN TOTAL'!Q237 -> 0 | L246: ='RESUMEN TOTAL'!R237 -> 0 | M246: ='RESUMEN TOTAL'!S237 -> 0 | ... AI246: ='RESUMEN TOTAL'!AO237 -> 0 | AJ246: ='RESUMEN TOTAL'!#REF! -> #REF!
A247: ='RESUMEN TOTAL'!A239 -> LUJAN | B247: ='RESUMEN TOTAL'!B239 -> PUNTO SEGURO LUJAN (domo) | C247: ='RESUMEN TOTAL'!D239 -> DIAG. LOS TILOS Y LOS ALGARROBOS | D247: ='RESUMEN TOTAL'!E239 -> DOMO | E247: ='RESUMEN TOTAL'!F239 -> Fibra Optica | F247: ='RESUMEN TOTAL'!L239 -> 0 | G247: ='RESUMEN TOTAL'!M239 -> 0 | H247: ='RESUMEN TOTAL'!N239 -> 0 | I247: ='RESUMEN TOTAL'!O239 -> 0 | J247: ='RESUMEN TOTAL'!P239 -> 0 | K247: ='RESUMEN TOTAL'!Q239 -> 0 | L247: ='RESUMEN TOTAL'!R239 -> 0 | M247: ='RESUMEN TOTAL'!S239 -> 0 | ... AI247: ='RESUMEN TOTAL'!AO239 -> 0 | AJ247: ='RESUMEN TOTAL'!#REF! -> #REF!
A248: ='RESUMEN TOTAL'!A240 -> LUJAN | B248: ='RESUMEN TOTAL'!B240 -> PUNTO SEGURO LUJAN INTERCOMUNICADOR | C248: ='RESUMEN TOTAL'!D240 -> DIAG LOS TILOS Y LOS ALGARROBOS | D248: ='RESUMEN TOTAL'!E240 -> Fija | E248: ='RESUMEN TOTAL'!F240 -> Fibra Optica | F248: ='RESUMEN TOTAL'!L240 -> 0 | G248: ='RESUMEN TOTAL'!M240 -> 0 | H248: ='RESUMEN TOTAL'!N240 -> 0 | I248: ='RESUMEN TOTAL'!O240 -> 0 | J248: ='RESUMEN TOTAL'!P240 -> 0 | K248: ='RESUMEN TOTAL'!Q240 -> 0 | L248: ='RESUMEN TOTAL'!R240 -> 0 | M248: ='RESUMEN TOTAL'!S240 -> 0 | ... AI248: ='RESUMEN TOTAL'!AO240 -> 0 | AJ248: ='RESUMEN TOTAL'!#REF! -> #REF!
A249: ='RESUMEN TOTAL'!A243 -> ZONA RURAL SANTA ROSA | B249: ='RESUMEN TOTAL'!B243 -> PUNTO SEGURO PICO DE ORO INTERCOMUNICADOR | C249: ='RESUMEN TOTAL'!D243 -> PISANI Y BULGARIA | D249: ='RESUMEN TOTAL'!E243 -> Domo | E249: ='RESUMEN TOTAL'!F243 -> Fibra Optica | F249: ='RESUMEN TOTAL'!L243 -> 0 | G249: ='RESUMEN TOTAL'!M243 -> 0 | H249: ='RESUMEN TOTAL'!N243 -> 0 | I249: ='RESUMEN TOTAL'!O243 -> 0 | J249: ='RESUMEN TOTAL'!P243 -> 0 | K249: ='RESUMEN TOTAL'!Q243 -> 0 | L249: ='RESUMEN TOTAL'!R243 -> 0 | M249: ='RESUMEN TOTAL'!S243 -> 0 | ... AI249: ='RESUMEN TOTAL'!AO243 -> 0 | AJ249: ='RESUMEN TOTAL'!#REF! -> #REF!
A250: ='RESUMEN TOTAL'!A247 -> SAN JORGE | B250: ='RESUMEN TOTAL'!B247 -> PUNTO SEGURO SAN JORGE INTERCOMUNICADOR | C250: ='RESUMEN TOTAL'!D247 -> CALLE 554 Y 523 | D250: ='RESUMEN TOTAL'!E247 -> Fija | E250: ='RESUMEN TOTAL'!F247 -> Fibra Optica | F250: ='RESUMEN TOTAL'!L247 -> 0 | G250: ='RESUMEN TOTAL'!M247 -> 0 | H250: ='RESUMEN TOTAL'!N247 -> 0 | I250: ='RESUMEN TOTAL'!O247 -> 0 | J250: ='RESUMEN TOTAL'!P247 -> 0 | K250: ='RESUMEN TOTAL'!Q247 -> 0 | L250: ='RESUMEN TOTAL'!R247 -> APAGADO | M250: ='RESUMEN TOTAL'!S247 -> 0 | ... AI250: ='RESUMEN TOTAL'!AO247 -> 0 | AJ250: ='RESUMEN TOTAL'!#REF! -> #REF!
A251: ='RESUMEN TOTAL'!A250 -> SAN RUDECINDO | B251: ='RESUMEN TOTAL'!B250 -> PUNTO SEGURO SAN RUDECINDO INTERCOMUNICADOR | C251: ='RESUMEN TOTAL'!D250 -> SABTA SOFIA Y ALVAR NUÃ‘EZ | D251: ='RESUMEN TOTAL'!E250 -> Domo | E251: ='RESUMEN TOTAL'!F250 -> Fibra Optica | F251: ='RESUMEN TOTAL'!L250 -> 0 | G251: ='RESUMEN TOTAL'!M250 -> 0 | H251: ='RESUMEN TOTAL'!N250 -> 0 | I251: ='RESUMEN TOTAL'!O250 -> 0 | J251: ='RESUMEN TOTAL'!P250 -> 0 | K251: ='RESUMEN TOTAL'!Q250 -> 0 | L251: ='RESUMEN TOTAL'!R250 -> 0 | M251: ='RESUMEN TOTAL'!S250 -> 0 | ... AI251: ='RESUMEN TOTAL'!AO250 -> 0 | AJ251: ='RESUMEN TOTAL'!#REF! -> #REF!
A252: ='RESUMEN TOTAL'!A253 -> ZONA RURAL SANTA ROSA | B252: ='RESUMEN TOTAL'!B253 -> PUNTO SEGURO SANTA ROSA INTERCOMUNICADOR | C252: ='RESUMEN TOTAL'!D253 -> Bruselas y sicilia | D252: ='RESUMEN TOTAL'!E253 -> Fija | E252: ='RESUMEN TOTAL'!F253 -> Fibra Optica | F252: ='RESUMEN TOTAL'!L253 -> 0 | G252: ='RESUMEN TOTAL'!M253 -> 0 | H252: ='RESUMEN TOTAL'!N253 -> 0 | I252: ='RESUMEN TOTAL'!O253 -> 0 | J252: ='RESUMEN TOTAL'!P253 -> 0 | K252: ='RESUMEN TOTAL'!Q253 -> 0 | L252: ='RESUMEN TOTAL'!R253 -> 0 | M252: ='RESUMEN TOTAL'!S253 -> 0 | ... AI252: ='RESUMEN TOTAL'!AO253 -> 0 | AJ252: ='RESUMEN TOTAL'!#REF! -> #REF!
A253: ='RESUMEN TOTAL'!A254 -> VILLA ARGENTINA | B253: ='RESUMEN TOTAL'!B254 -> PUNTO SEGURO VILLA ARGENTINA domo | C253: ='RESUMEN TOTAL'!D254 -> CALLE 513 Y DIAG PORTELA | D253: ='RESUMEN TOTAL'!E254 -> Fija | E253: ='RESUMEN TOTAL'!F254 -> Fibra Optica | F253: ='RESUMEN TOTAL'!L254 -> 0 | G253: ='RESUMEN TOTAL'!M254 -> 0 | H253: ='RESUMEN TOTAL'!N254 -> 0 | I253: ='RESUMEN TOTAL'!O254 -> 0 | J253: ='RESUMEN TOTAL'!P254 -> 0 | K253: ='RESUMEN TOTAL'!Q254 -> APAGADO | L253: ='RESUMEN TOTAL'!R254 -> 0 | M253: ='RESUMEN TOTAL'!S254 -> 0 | ... AI253: ='RESUMEN TOTAL'!AO254 -> 0 | AJ253: ='RESUMEN TOTAL'!#REF! -> #REF!
A254: ='RESUMEN TOTAL'!A257 -> EL ROCIO | B254: ='RESUMEN TOTAL'!B257 -> RCO 01 | C254: ='RESUMEN TOTAL'!D257 -> AV. LUJAN Y LOBOS | D254: ='RESUMEN TOTAL'!E257 -> DOMO | E254: ='RESUMEN TOTAL'!F257 -> Fibra Optica | F254: ='RESUMEN TOTAL'!L257 -> 0 | G254: ='RESUMEN TOTAL'!M257 -> 0 | H254: ='RESUMEN TOTAL'!N257 -> 0 | I254: ='RESUMEN TOTAL'!O257 -> 0 | J254: ='RESUMEN TOTAL'!P257 -> 0 | K254: ='RESUMEN TOTAL'!Q257 -> 0 | L254: ='RESUMEN TOTAL'!R257 -> 0 | M254: ='RESUMEN TOTAL'!S257 -> 0 | ... AI254: ='RESUMEN TOTAL'!AO257 -> 0 | AJ254: ='RESUMEN TOTAL'!#REF! -> #REF!
A255: ='RESUMEN TOTAL'!A258 -> EL ROCIO | B255: ='RESUMEN TOTAL'!B258 -> RCO02 | C255: ='RESUMEN TOTAL'!D258 -> AV. LUJAN Y BRANDSEN | D255: ='RESUMEN TOTAL'!E258 -> DOMO | E255: ='RESUMEN TOTAL'!F258 -> Fibra Optica | F255: ='RESUMEN TOTAL'!L258 -> 0 | G255: ='RESUMEN TOTAL'!M258 -> 0 | H255: ='RESUMEN TOTAL'!N258 -> 0 | I255: ='RESUMEN TOTAL'!O258 -> 0 | J255: ='RESUMEN TOTAL'!P258 -> 0 | K255: ='RESUMEN TOTAL'!Q258 -> 0 | L255: ='RESUMEN TOTAL'!R258 -> 0 | M255: ='RESUMEN TOTAL'!S258 -> 0 | ... AI255: ='RESUMEN TOTAL'!AO258 -> 0 | AJ255: ='RESUMEN TOTAL'!#REF! -> #REF!
A256: ='RESUMEN TOTAL'!A259 -> EL ROCIO | B256: ='RESUMEN TOTAL'!B259 -> RCO03 (fija 1) | C256: ='RESUMEN TOTAL'!D259 -> OLAVARRIA Y CONCORDIA | D256: ='RESUMEN TOTAL'!E259 -> Fija | E256: ='RESUMEN TOTAL'!F259 -> Fibra Optica | F256: ='RESUMEN TOTAL'!L259 -> 0 | G256: ='RESUMEN TOTAL'!M259 -> 0 | H256: ='RESUMEN TOTAL'!N259 -> 0 | I256: ='RESUMEN TOTAL'!O259 -> 0 | J256: ='RESUMEN TOTAL'!P259 -> 0 | K256: ='RESUMEN TOTAL'!Q259 -> 0 | L256: ='RESUMEN TOTAL'!R259 -> 0 | M256: ='RESUMEN TOTAL'!S259 -> 0 | ... AI256: ='RESUMEN TOTAL'!AO259 -> 0 | AJ256: ='RESUMEN TOTAL'!#REF! -> #REF!
A257: ='RESUMEN TOTAL'!A260 -> EL ROCIO | B257: ='RESUMEN TOTAL'!B260 -> RCO04 (fija 2) | C257: ='RESUMEN TOTAL'!D260 -> OLAVARRIA Y CONCORDIA | D257: ='RESUMEN TOTAL'!E260 -> Fija | E257: ='RESUMEN TOTAL'!F260 -> Fibra Optica | F257: ='RESUMEN TOTAL'!L260 -> 0 | G257: ='RESUMEN TOTAL'!M260 -> 0 | H257: ='RESUMEN TOTAL'!N260 -> 0 | I257: ='RESUMEN TOTAL'!O260 -> 0 | J257: ='RESUMEN TOTAL'!P260 -> 0 | K257: ='RESUMEN TOTAL'!Q260 -> 0 | L257: ='RESUMEN TOTAL'!R260 -> 0 | M257: ='RESUMEN TOTAL'!S260 -> 0 | ... AI257: ='RESUMEN TOTAL'!AO260 -> 0 | AJ257: ='RESUMEN TOTAL'!#REF! -> #REF!
A258: ='RESUMEN TOTAL'!A261 -> EL ROCIO | B258: ='RESUMEN TOTAL'!B261 -> RCO05 (fija 1) | C258: ='RESUMEN TOTAL'!D261 -> LOBOS Y CHASCOMUS | D258: ='RESUMEN TOTAL'!E261 -> Fija | E258: ='RESUMEN TOTAL'!F261 -> Fibra Optica | F258: ='RESUMEN TOTAL'!L261 -> 0 | G258: ='RESUMEN TOTAL'!M261 -> 0 | H258: ='RESUMEN TOTAL'!N261 -> 0 | I258: ='RESUMEN TOTAL'!O261 -> 0 | J258: ='RESUMEN TOTAL'!P261 -> 0 | K258: ='RESUMEN TOTAL'!Q261 -> 0 | L258: ='RESUMEN TOTAL'!R261 -> 0 | M258: ='RESUMEN TOTAL'!S261 -> 0 | ... AI258: ='RESUMEN TOTAL'!AO261 -> 0 | AJ258: ='RESUMEN TOTAL'!#REF! -> #REF!
A259: ='RESUMEN TOTAL'!A262 -> EL ROCIO | B259: ='RESUMEN TOTAL'!B262 -> RCO06 (fija 2) | C259: ='RESUMEN TOTAL'!D262 -> LOBOS Y CHASCOMUS | D259: ='RESUMEN TOTAL'!E262 -> FIJA | E259: ='RESUMEN TOTAL'!F262 -> Fibra Optica | F259: ='RESUMEN TOTAL'!L262 -> 0 | G259: ='RESUMEN TOTAL'!M262 -> 0 | H259: ='RESUMEN TOTAL'!N262 -> 0 | I259: ='RESUMEN TOTAL'!O262 -> 0 | J259: ='RESUMEN TOTAL'!P262 -> 0 | K259: ='RESUMEN TOTAL'!Q262 -> 0 | L259: ='RESUMEN TOTAL'!R262 -> 0 | M259: ='RESUMEN TOTAL'!S262 -> 0 | ... AI259: ='RESUMEN TOTAL'!AO262 -> 0 | AJ259: ='RESUMEN TOTAL'!#REF! -> #REF!
A260: ='RESUMEN TOTAL'!A263 -> RICARDO ROJAS | B260: ='RESUMEN TOTAL'!B263 -> RRJ01 | C260: ='RESUMEN TOTAL'!D263 -> AV. LUJAN Y BRAGADO | D260: ='RESUMEN TOTAL'!E263 -> DOMO | E260: ='RESUMEN TOTAL'!F263 -> Fibra Optica | F260: ='RESUMEN TOTAL'!L263 -> 0 | G260: ='RESUMEN TOTAL'!M263 -> 0 | H260: ='RESUMEN TOTAL'!N263 -> 0 | I260: ='RESUMEN TOTAL'!O263 -> 0 | J260: ='RESUMEN TOTAL'!P263 -> 0 | K260: ='RESUMEN TOTAL'!Q263 -> 0 | L260: ='RESUMEN TOTAL'!R263 -> 0 | M260: ='RESUMEN TOTAL'!S263 -> 0 | ... AI260: ='RESUMEN TOTAL'!AO263 -> 0 | AJ260: ='RESUMEN TOTAL'!#REF! -> #REF!
A261: ='RESUMEN TOTAL'!A264 -> RICARDO ROJAS | B261: ='RESUMEN TOTAL'!B264 -> RRJ02 | C261: ='RESUMEN TOTAL'!D264 -> AV. LUJAN Y DIAG. LOS POETAS | D261: ='RESUMEN TOTAL'!E264 -> DOMO | E261: ='RESUMEN TOTAL'!F264 -> Fibra Optica | F261: ='RESUMEN TOTAL'!L264 -> 0 | G261: ='RESUMEN TOTAL'!M264 -> 0 | H261: ='RESUMEN TOTAL'!N264 -> 0 | I261: ='RESUMEN TOTAL'!O264 -> 0 | J261: ='RESUMEN TOTAL'!P264 -> 0 | K261: ='RESUMEN TOTAL'!Q264 -> 0 | L261: ='RESUMEN TOTAL'!R264 -> 0 | M261: ='RESUMEN TOTAL'!S264 -> 0 | ... AI261: ='RESUMEN TOTAL'!AO264 -> 0 | AJ261: ='RESUMEN TOTAL'!#REF! -> #REF!
A262: ='RESUMEN TOTAL'!A265 -> RICARDO ROJAS | B262: ='RESUMEN TOTAL'!B265 -> RRJ03 (fija 1) | C262: ='RESUMEN TOTAL'!D265 -> RUBEN DARIO E/ FADER Y DIAG. LOS POETAS | D262: ='RESUMEN TOTAL'!E265 -> Fija | E262: ='RESUMEN TOTAL'!F265 -> Fibra Optica | F262: ='RESUMEN TOTAL'!L265 -> 0 | G262: ='RESUMEN TOTAL'!M265 -> 0 | H262: ='RESUMEN TOTAL'!N265 -> 0 | I262: ='RESUMEN TOTAL'!O265 -> 0 | J262: ='RESUMEN TOTAL'!P265 -> 0 | K262: ='RESUMEN TOTAL'!Q265 -> 0 | L262: ='RESUMEN TOTAL'!R265 -> 0 | M262: ='RESUMEN TOTAL'!S265 -> 0 | ... AI262: ='RESUMEN TOTAL'!AO265 -> 0 | AJ262: ='RESUMEN TOTAL'!#REF! -> #REF!
A263: ='RESUMEN TOTAL'!A266 -> RICARDO ROJAS | B263: ='RESUMEN TOTAL'!B266 -> RRJ04 (fija 2) | C263: ='RESUMEN TOTAL'!D266 -> RUBEN DARIO E/ FADER Y DIAG. LOS POETAS | D263: ='RESUMEN TOTAL'!E266 -> Fija | E263: ='RESUMEN TOTAL'!F266 -> Fibra Optica | F263: ='RESUMEN TOTAL'!L266 -> 0 | G263: ='RESUMEN TOTAL'!M266 -> 0 | H263: ='RESUMEN TOTAL'!N266 -> 0 | I263: ='RESUMEN TOTAL'!O266 -> 0 | J263: ='RESUMEN TOTAL'!P266 -> 0 | K263: ='RESUMEN TOTAL'!Q266 -> 0 | L263: ='RESUMEN TOTAL'!R266 -> 0 | M263: ='RESUMEN TOTAL'!S266 -> 0 | ... AI263: ='RESUMEN TOTAL'!AO266 -> 0 | AJ263: ='RESUMEN TOTAL'!#REF! -> #REF!
A264: ='RESUMEN TOTAL'!A267 -> RICARDO ROJAS | B264: ='RESUMEN TOTAL'!B267 -> RRJ 05 | C264: ='RESUMEN TOTAL'!D267 -> LUJAN Y RUTA 36 | D264: ='RESUMEN TOTAL'!E267 -> DOMO | E264: ='RESUMEN TOTAL'!F267 -> Fibra Optica | F264: ='RESUMEN TOTAL'!L267 -> 0 | G264: ='RESUMEN TOTAL'!M267 -> 0 | H264: ='RESUMEN TOTAL'!N267 -> 0 | I264: ='RESUMEN TOTAL'!O267 -> 0 | J264: ='RESUMEN TOTAL'!P267 -> 0 | K264: ='RESUMEN TOTAL'!Q267 -> APAGADO | L264: ='RESUMEN TOTAL'!R267 -> APAGADO | M264: ='RESUMEN TOTAL'!S267 -> 0 | ... AI264: ='RESUMEN TOTAL'!AO267 -> 0 | AJ264: ='RESUMEN TOTAL'!#REF! -> #REF!
A265: ='RESUMEN TOTAL'!A268 -> RICARDO ROJAS | B265: ='RESUMEN TOTAL'!B268 -> RRJ 06 | C265: ='RESUMEN TOTAL'!D268 -> Constancio Vigil y Pablo Groussac | D265: ='RESUMEN TOTAL'!E268 -> Domo | E265: ='RESUMEN TOTAL'!F268 -> Fibra Optica | F265: ='RESUMEN TOTAL'!L268 -> 0 | G265: ='RESUMEN TOTAL'!M268 -> 0 | H265: ='RESUMEN TOTAL'!N268 -> 0 | I265: ='RESUMEN TOTAL'!O268 -> 0 | J265: ='RESUMEN TOTAL'!P268 -> 0 | K265: ='RESUMEN TOTAL'!Q268 -> 0 | L265: ='RESUMEN TOTAL'!R268 -> 0 | M265: ='RESUMEN TOTAL'!S268 -> 0 | ... AI265: ='RESUMEN TOTAL'!AO268 -> 0 | AJ265: ='RESUMEN TOTAL'!#REF! -> #REF!
... A331: ='RESUMEN TOTAL'!A334 -> SAN NICOLAS | B331: ='RESUMEN TOTAL'!B334 -> SNI 04 (fija 2) | C331: ='RESUMEN TOTAL'!D334 -> SARRATEA Y LOS TREBOLES | D331: ='RESUMEN TOTAL'!E334 -> Fija | E331: ='RESUMEN TOTAL'!F334 -> Fibra Optica | F331: ='RESUMEN TOTAL'!L334 -> 0 | G331: ='RESUMEN TOTAL'!M334 -> 0 | H331: ='RESUMEN TOTAL'!N334 -> 0 | I331: ='RESUMEN TOTAL'!O334 -> 0 | J331: ='RESUMEN TOTAL'!P334 -> 0 | K331: ='RESUMEN TOTAL'!Q334 -> 0 | L331: ='RESUMEN TOTAL'!R334 -> 0 | M331: ='RESUMEN TOTAL'!S334 -> 0 | ... AI331: ='RESUMEN TOTAL'!AO334 -> 0 | AJ331: ='RESUMEN TOTAL'!#REF! -> #REF!
A332: ='RESUMEN TOTAL'!A338 -> SANTA ROSA | B332: ='RESUMEN TOTAL'!B338 -> SRO 04 | C332: ='RESUMEN TOTAL'!D338 -> Belgica y Andorra | D332: ='RESUMEN TOTAL'!E338 -> Domo | E332: ='RESUMEN TOTAL'!F338 -> Radio | F332: ='RESUMEN TOTAL'!L338 -> 0 | G332: ='RESUMEN TOTAL'!M338 -> 0 | H332: ='RESUMEN TOTAL'!N338 -> 0 | I332: ='RESUMEN TOTAL'!O338 -> 0 | J332: ='RESUMEN TOTAL'!P338 -> 0 | K332: ='RESUMEN TOTAL'!Q338 -> 0 | L332: ='RESUMEN TOTAL'!R338 -> 0 | M332: ='RESUMEN TOTAL'!S338 -> 0 | ... AI332: ='RESUMEN TOTAL'!AO338 -> 0 | AJ332: ='RESUMEN TOTAL'!#REF! -> #REF!
A333: ='RESUMEN TOTAL'!A342 -> SANTA ROSA | B333: ='RESUMEN TOTAL'!B342 -> SRO 08 | C333: ='RESUMEN TOTAL'!D342 -> NOVAK E/ DESSY Y BELGICA (POLIDEPORTIVO LA PATRIADA) | D333: ='RESUMEN TOTAL'!E342 -> Domo | E333: ='RESUMEN TOTAL'!F342 -> Fibra Optica | F333: ='RESUMEN TOTAL'!L342 -> 0 | G333: ='RESUMEN TOTAL'!M342 -> 0 | H333: ='RESUMEN TOTAL'!N342 -> 0 | I333: ='RESUMEN TOTAL'!O342 -> 0 | J333: ='RESUMEN TOTAL'!P342 -> 0 | K333: ='RESUMEN TOTAL'!Q342 -> 0 | L333: ='RESUMEN TOTAL'!R342 -> 0 | M333: ='RESUMEN TOTAL'!S342 -> 0 | ... AI333: ='RESUMEN TOTAL'!AO342 -> 0 | AJ333: ='RESUMEN TOTAL'!#REF! -> #REF!
A334: ='RESUMEN TOTAL'!A345 -> SANTA ROSA | B334: ='RESUMEN TOTAL'!B345 -> SRO 11 | C334: ='RESUMEN TOTAL'!D345 -> MILAN Y MALLORCA | D334: ='RESUMEN TOTAL'!E345 -> DOMO | E334: ='RESUMEN TOTAL'!F345 -> Radio | F334: ='RESUMEN TOTAL'!L345 -> 0 | G334: ='RESUMEN TOTAL'!M345 -> 0 | H334: ='RESUMEN TOTAL'!N345 -> 0 | I334: ='RESUMEN TOTAL'!O345 -> 0 | J334: ='RESUMEN TOTAL'!P345 -> 0 | K334: ='RESUMEN TOTAL'!Q345 -> 0 | L334: ='RESUMEN TOTAL'!R345 -> 0 | M334: ='RESUMEN TOTAL'!S345 -> 0 | ... AI334: ='RESUMEN TOTAL'!AO345 -> 0 | AJ334: ='RESUMEN TOTAL'!#REF! -> #REF!
A335: ='RESUMEN TOTAL'!A347 -> ZONA RURAL SANTA ROSA | B335: ='RESUMEN TOTAL'!B347 -> SRO 13 (fija 1) | C335: ='RESUMEN TOTAL'!D347 -> BRUSELAS E/ GRECIA Y CHECOSLOVAQUIA | D335: ='RESUMEN TOTAL'!E347 -> Fija | E335: ='RESUMEN TOTAL'!F347 -> Radio | F335: ='RESUMEN TOTAL'!L347 -> 0 | G335: ='RESUMEN TOTAL'!M347 -> 0 | H335: ='RESUMEN TOTAL'!N347 -> 0 | I335: ='RESUMEN TOTAL'!O347 -> 0 | J335: ='RESUMEN TOTAL'!P347 -> 0 | K335: ='RESUMEN TOTAL'!Q347 -> 0 | L335: ='RESUMEN TOTAL'!R347 -> APAGADO | M335: ='RESUMEN TOTAL'!S347 -> 0 | ... AI335: ='RESUMEN TOTAL'!AO347 -> 0 | AJ335: ='RESUMEN TOTAL'!#REF! -> #REF!
A336: ='RESUMEN TOTAL'!A348 -> ZONA RURAL SANTA ROSA | B336: ='RESUMEN TOTAL'!B348 -> SRO 14 (fija 2) | C336: ='RESUMEN TOTAL'!D348 -> BRUSELAS E/ GRECIA Y CHECOSLOVAQUIA | D336: ='RESUMEN TOTAL'!E348 -> Fija | E336: ='RESUMEN TOTAL'!F348 -> Radio | F336: ='RESUMEN TOTAL'!L348 -> 0 | G336: ='RESUMEN TOTAL'!M348 -> 0 | H336: ='RESUMEN TOTAL'!N348 -> 0 | I336: ='RESUMEN TOTAL'!O348 -> 0 | J336: ='RESUMEN TOTAL'!P348 -> 0 | K336: ='RESUMEN TOTAL'!Q348 -> 0 | L336: ='RESUMEN TOTAL'!R348 -> APAGADO | M336: ='RESUMEN TOTAL'!S348 -> 0 | ... AI336: ='RESUMEN TOTAL'!AO348 -> 0 | AJ336: ='RESUMEN TOTAL'!#REF! -> #REF!
A337: ='RESUMEN TOTAL'!A352 -> SANTA ROSA | B337: ='RESUMEN TOTAL'!B352 -> SRO 18 (fija 1) | C337: ='RESUMEN TOTAL'!D352 -> GRAN CANARIA Y BUDAPEST | D337: ='RESUMEN TOTAL'!E352 -> Fija | E337: ='RESUMEN TOTAL'!F352 -> Fibra Optica | F337: ='RESUMEN TOTAL'!L352 -> 0 | G337: ='RESUMEN TOTAL'!M352 -> 0 | H337: ='RESUMEN TOTAL'!N352 -> 0 | I337: ='RESUMEN TOTAL'!O352 -> 0 | J337: ='RESUMEN TOTAL'!P352 -> 0 | K337: ='RESUMEN TOTAL'!Q352 -> 0 | L337: ='RESUMEN TOTAL'!R352 -> 0 | M337: ='RESUMEN TOTAL'!S352 -> 0 | ... AI337: ='RESUMEN TOTAL'!AO352 -> 0 | AJ337: ='RESUMEN TOTAL'!#REF! -> #REF!
A338: ='RESUMEN TOTAL'!A353 -> SANTA ROSA | B338: ='RESUMEN TOTAL'!B353 -> SRO 19 (fija 2) | C338: ='RESUMEN TOTAL'!D353 -> GRAN CANARIA Y BUDAPEST | D338: ='RESUMEN TOTAL'!E353 -> Fija | E338: ='RESUMEN TOTAL'!F353 -> Fibra Optica | F338: ='RESUMEN TOTAL'!L353 -> 0 | G338: ='RESUMEN TOTAL'!M353 -> 0 | H338: ='RESUMEN TOTAL'!N353 -> 0 | I338: ='RESUMEN TOTAL'!O353 -> 0 | J338: ='RESUMEN TOTAL'!P353 -> 0 | K338: ='RESUMEN TOTAL'!Q353 -> 0 | L338: ='RESUMEN TOTAL'!R353 -> 0 | M338: ='RESUMEN TOTAL'!S353 -> 0 | ... AI338: ='RESUMEN TOTAL'!AO353 -> 0 | AJ338: ='RESUMEN TOTAL'!#REF! -> #REF!
A339: ='RESUMEN TOTAL'!A335 -> SANTA ROSA | B339: ='RESUMEN TOTAL'!B335 -> SRO01 | C339: ='RESUMEN TOTAL'!D335 -> Yugoslavia y MilÃ¡n | D339: ='RESUMEN TOTAL'!E335 -> Domo | E339: ='RESUMEN TOTAL'!F335 -> Radio | F339: ='RESUMEN TOTAL'!L335 -> 0 | G339: ='RESUMEN TOTAL'!M335 -> 0 | H339: ='RESUMEN TOTAL'!N335 -> 0 | I339: ='RESUMEN TOTAL'!O335 -> 0 | J339: ='RESUMEN TOTAL'!P335 -> 0 | K339: ='RESUMEN TOTAL'!Q335 -> 0 | L339: ='RESUMEN TOTAL'!R335 -> 0 | M339: ='RESUMEN TOTAL'!S335 -> 0 | ... AI339: ='RESUMEN TOTAL'!AO335 -> 0 | AJ339: ='RESUMEN TOTAL'!#REF! -> #REF!
A340: ='RESUMEN TOTAL'!A336 -> ZONA RURAL SANTA ROSA | B340: ='RESUMEN TOTAL'!B336 -> SRO02 | C340: ='RESUMEN TOTAL'!D336 -> Bruselas y Calle 448 | D340: ='RESUMEN TOTAL'!E336 -> Domo | E340: ='RESUMEN TOTAL'!F336 -> Radio | F340: ='RESUMEN TOTAL'!L336 -> 0 | G340: ='RESUMEN TOTAL'!M336 -> 0 | H340: ='RESUMEN TOTAL'!N336 -> 0 | I340: ='RESUMEN TOTAL'!O336 -> 0 | J340: ='RESUMEN TOTAL'!P336 -> 0 | K340: ='RESUMEN TOTAL'!Q336 -> 0 | L340: ='RESUMEN TOTAL'!R336 -> 0 | M340: ='RESUMEN TOTAL'!S336 -> 0 | ... AI340: ='RESUMEN TOTAL'!AO336 -> 0 | AJ340: ='RESUMEN TOTAL'!#REF! -> #REF!
A341: ='RESUMEN TOTAL'!A337 -> SANTA ROSA | B341: ='RESUMEN TOTAL'!B337 -> SRO03 | C341: ='RESUMEN TOTAL'!D337 -> Eva Peron y Paysandu | D341: ='RESUMEN TOTAL'!E337 -> Domo | E341: ='RESUMEN TOTAL'!F337 -> Radio | F341: ='RESUMEN TOTAL'!L337 -> 0 | G341: ='RESUMEN TOTAL'!M337 -> 0 | H341: ='RESUMEN TOTAL'!N337 -> 0 | I341: ='RESUMEN TOTAL'!O337 -> 0 | J341: ='RESUMEN TOTAL'!P337 -> 0 | K341: ='RESUMEN TOTAL'!Q337 -> 0 | L341: ='RESUMEN TOTAL'!R337 -> 0 | M341: ='RESUMEN TOTAL'!S337 -> 0 | ... AI341: ='RESUMEN TOTAL'!AO337 -> 0 | AJ341: ='RESUMEN TOTAL'!#REF! -> #REF!
A342: ='RESUMEN TOTAL'!A339 -> SANTA ROSA | B342: ='RESUMEN TOTAL'!B339 -> SRO05 | C342: ='RESUMEN TOTAL'!D339 -> CAFFERATA Y BONN | D342: ='RESUMEN TOTAL'!E339 -> DOMO | E342: ='RESUMEN TOTAL'!F339 -> Radio | F342: ='RESUMEN TOTAL'!L339 -> 0 | G342: ='RESUMEN TOTAL'!M339 -> 0 | H342: ='RESUMEN TOTAL'!N339 -> 0 | I342: ='RESUMEN TOTAL'!O339 -> 0 | J342: ='RESUMEN TOTAL'!P339 -> 0 | K342: ='RESUMEN TOTAL'!Q339 -> 0 | L342: ='RESUMEN TOTAL'!R339 -> 0 | M342: ='RESUMEN TOTAL'!S339 -> 0 | ... AI342: ='RESUMEN TOTAL'!AO339 -> 0 | AJ342: ='RESUMEN TOTAL'!#REF! -> #REF!
A343: ='RESUMEN TOTAL'!A340 -> SANTA ROSA | B343: ='RESUMEN TOTAL'!B340 -> SRO06 | C343: ='RESUMEN TOTAL'!D340 -> Novak y Bonn | D343: ='RESUMEN TOTAL'!E340 -> Domo | E343: ='RESUMEN TOTAL'!F340 -> Fibra Optica | F343: ='RESUMEN TOTAL'!L340 -> 0 | G343: ='RESUMEN TOTAL'!M340 -> 0 | H343: ='RESUMEN TOTAL'!N340 -> 0 | I343: ='RESUMEN TOTAL'!O340 -> 0 | J343: ='RESUMEN TOTAL'!P340 -> 0 | K343: ='RESUMEN TOTAL'!Q340 -> 0 | L343: ='RESUMEN TOTAL'!R340 -> 0 | M343: ='RESUMEN TOTAL'!S340 -> 0 | ... AI343: ='RESUMEN TOTAL'!AO340 -> 0 | AJ343: ='RESUMEN TOTAL'!#REF! -> #REF!
A344: ='RESUMEN TOTAL'!A341 -> SANTA ROSA | B344: ='RESUMEN TOTAL'!B341 -> SRO07 | C344: ='RESUMEN TOTAL'!D341 -> NOVAK Y BELGICA | D344: ='RESUMEN TOTAL'!E341 -> Domo | E344: ='RESUMEN TOTAL'!F341 -> Fibra Optica | F344: ='RESUMEN TOTAL'!L341 -> 0 | G344: ='RESUMEN TOTAL'!M341 -> 0 | H344: ='RESUMEN TOTAL'!N341 -> 0 | I344: ='RESUMEN TOTAL'!O341 -> 0 | J344: ='RESUMEN TOTAL'!P341 -> 0 | K344: ='RESUMEN TOTAL'!Q341 -> 0 | L344: ='RESUMEN TOTAL'!R341 -> 0 | M344: ='RESUMEN TOTAL'!S341 -> 0 | ... AI344: ='RESUMEN TOTAL'!AO341 -> 0 | AJ344: ='RESUMEN TOTAL'!#REF! -> #REF!
A345: ='RESUMEN TOTAL'!A343 -> SANTA ROSA | B345: ='RESUMEN TOTAL'!B343 -> SRO09 | C345: ='RESUMEN TOTAL'!D343 -> BUCAREST E/ ALEMANIA Y CAFFERATA | D345: ='RESUMEN TOTAL'!E343 -> DOMO | E345: ='RESUMEN TOTAL'!F343 -> Radio | F345: ='RESUMEN TOTAL'!L343 -> 0 | G345: ='RESUMEN TOTAL'!M343 -> 0 | H345: ='RESUMEN TOTAL'!N343 -> 0 | I345: ='RESUMEN TOTAL'!O343 -> 0 | J345: ='RESUMEN TOTAL'!P343 -> 0 | K345: ='RESUMEN TOTAL'!Q343 -> 0 | L345: ='RESUMEN TOTAL'!R343 -> 0 | M345: ='RESUMEN TOTAL'!S343 -> 0 | ... AI345: ='RESUMEN TOTAL'!AO343 -> 0 | AJ345: ='RESUMEN TOTAL'!#REF! -> #REF!
A346: ='RESUMEN TOTAL'!A344 -> SANTA ROSA | B346: ='RESUMEN TOTAL'!B344 -> SRO10 | C346: ='RESUMEN TOTAL'!D344 -> DINAMARCA Y MILAN | D346: ='RESUMEN TOTAL'!E344 -> DOMO | E346: ='RESUMEN TOTAL'!F344 -> Radio | F346: ='RESUMEN TOTAL'!L344 -> 0 | G346: ='RESUMEN TOTAL'!M344 -> 0 | H346: ='RESUMEN TOTAL'!N344 -> 0 | I346: ='RESUMEN TOTAL'!O344 -> 0 | J346: ='RESUMEN TOTAL'!P344 -> 0 | K346: ='RESUMEN TOTAL'!Q344 -> 0 | L346: ='RESUMEN TOTAL'!R344 -> 0 | M346: ='RESUMEN TOTAL'!S344 -> 0 | ... AI346: ='RESUMEN TOTAL'!AO344 -> 0 | AJ346: ='RESUMEN TOTAL'!#REF! -> #REF!
A347: ='RESUMEN TOTAL'!A346 -> SANTA ROSA | B347: ='RESUMEN TOTAL'!B346 -> SRO12 | C347: ='RESUMEN TOTAL'!D346 -> YUGOSLAVIA Y PAYSANDU | D347: ='RESUMEN TOTAL'!E346 -> DOMO | E347: ='RESUMEN TOTAL'!F346 -> Radio | F347: ='RESUMEN TOTAL'!L346 -> 0 | G347: ='RESUMEN TOTAL'!M346 -> 0 | H347: ='RESUMEN TOTAL'!N346 -> 0 | I347: ='RESUMEN TOTAL'!O346 -> 0 | J347: ='RESUMEN TOTAL'!P346 -> 0 | K347: ='RESUMEN TOTAL'!Q346 -> 0 | L347: ='RESUMEN TOTAL'!R346 -> 0 | M347: ='RESUMEN TOTAL'!S346 -> 0 | ... AI347: ='RESUMEN TOTAL'!AO346 -> 0 | AJ347: ='RESUMEN TOTAL'!#REF! -> #REF!
A348: ='RESUMEN TOTAL'!A349 -> SANTA ROSA | B348: ='RESUMEN TOTAL'!B349 -> SRO15 | C348: ='RESUMEN TOTAL'!D349 -> NOVAK Y TIRANA (614) | D348: ='RESUMEN TOTAL'!E349 -> DOMO | E348: ='RESUMEN TOTAL'!F349 -> Fibra Optica | F348: ='RESUMEN TOTAL'!L349 -> 0 | G348: ='RESUMEN TOTAL'!M349 -> 0 | H348: ='RESUMEN TOTAL'!N349 -> 0 | I348: ='RESUMEN TOTAL'!O349 -> 0 | J348: ='RESUMEN TOTAL'!P349 -> 0 | K348: ='RESUMEN TOTAL'!Q349 -> 0 | L348: ='RESUMEN TOTAL'!R349 -> 0 | M348: ='RESUMEN TOTAL'!S349 -> 0 | ... AI348: ='RESUMEN TOTAL'!AO349 -> 0 | AJ348: ='RESUMEN TOTAL'!#REF! -> #REF!
A349: ='RESUMEN TOTAL'!A350 -> SANTA ROSA | B349: ='RESUMEN TOTAL'!B350 -> SRO16 (fija 1) | C349: ='RESUMEN TOTAL'!D350 -> ANDORRA E/ BELGICA Y SAN MARINO | D349: ='RESUMEN TOTAL'!E350 -> Fija | E349: ='RESUMEN TOTAL'!F350 -> Fibra Optica | F349: ='RESUMEN TOTAL'!L350 -> 0 | G349: ='RESUMEN TOTAL'!M350 -> 0 | H349: ='RESUMEN TOTAL'!N350 -> 0 | I349: ='RESUMEN TOTAL'!O350 -> 0 | J349: ='RESUMEN TOTAL'!P350 -> 0 | K349: ='RESUMEN TOTAL'!Q350 -> 0 | L349: ='RESUMEN TOTAL'!R350 -> 0 | M349: ='RESUMEN TOTAL'!S350 -> 0 | ... AI349: ='RESUMEN TOTAL'!AO350 -> 0 | AJ349: ='RESUMEN TOTAL'!#REF! -> #REF!
A350: ='RESUMEN TOTAL'!A351 -> SANTA ROSA | B350: ='RESUMEN TOTAL'!B351 -> SRO17 (fija 2) | C350: ='RESUMEN TOTAL'!D351 -> ANDORRA E/ BELGICA Y SAN MARINO | D350: ='RESUMEN TOTAL'!E351 -> Fija | E350: ='RESUMEN TOTAL'!F351 -> Fibra Optica | F350: ='RESUMEN TOTAL'!L351 -> 0 | G350: ='RESUMEN TOTAL'!M351 -> 0 | H350: ='RESUMEN TOTAL'!N351 -> 0 | I350: ='RESUMEN TOTAL'!O351 -> 0 | J350: ='RESUMEN TOTAL'!P351 -> 0 | K350: ='RESUMEN TOTAL'!Q351 -> 0 | L350: ='RESUMEN TOTAL'!R351 -> 0 | M350: ='RESUMEN TOTAL'!S351 -> 0 | ... AI350: ='RESUMEN TOTAL'!AO351 -> 0 | AJ350: ='RESUMEN TOTAL'!#REF! -> #REF!
A351: ='RESUMEN TOTAL'!A356 -> SAN RUDECINDO | B351: ='RESUMEN TOTAL'!B356 -> SRU01 (fija 1) | C351: ='RESUMEN TOTAL'!D356 -> HERNANDARIAS Y AMBATO | D351: ='RESUMEN TOTAL'!E356 -> Fija | E351: ='RESUMEN TOTAL'!F356 -> Fibra Optica | F351: ='RESUMEN TOTAL'!L356 -> 0 | G351: ='RESUMEN TOTAL'!M356 -> 0 | H351: ='RESUMEN TOTAL'!N356 -> 0 | I351: ='RESUMEN TOTAL'!O356 -> 0 | J351: ='RESUMEN TOTAL'!P356 -> 0 | K351: ='RESUMEN TOTAL'!Q356 -> 0 | L351: ='RESUMEN TOTAL'!R356 -> 0 | M351: ='RESUMEN TOTAL'!S356 -> 0 | ... AI351: ='RESUMEN TOTAL'!AO356 -> 0 | AJ351: ='RESUMEN TOTAL'!#REF! -> #REF!
A352: ='RESUMEN TOTAL'!A357 -> SAN RUDECINDO | B352: ='RESUMEN TOTAL'!B357 -> SRU02 (fija 2) | C352: ='RESUMEN TOTAL'!D357 -> HERNANDARIAS Y AMBATO | D352: ='RESUMEN TOTAL'!E357 -> Fija | E352: ='RESUMEN TOTAL'!F357 -> Fibra Optica | F352: ='RESUMEN TOTAL'!L357 -> 0 | G352: ='RESUMEN TOTAL'!M357 -> 0 | H352: ='RESUMEN TOTAL'!N357 -> 0 | I352: ='RESUMEN TOTAL'!O357 -> 0 | J352: ='RESUMEN TOTAL'!P357 -> 0 | K352: ='RESUMEN TOTAL'!Q357 -> 0 | L352: ='RESUMEN TOTAL'!R357 -> 0 | M352: ='RESUMEN TOTAL'!S357 -> 0 | ... AI352: ='RESUMEN TOTAL'!AO357 -> 0 | AJ352: ='RESUMEN TOTAL'!#REF! -> #REF!
A353: ='RESUMEN TOTAL'!A358 -> SAN RUDECINDO | B353: ='RESUMEN TOTAL'!B358 -> SRU03 | C353: ='RESUMEN TOTAL'!D358 -> SANTA SOFIA Y LUIS AGOTE | D353: ='RESUMEN TOTAL'!E358 -> DOMO | E353: ='RESUMEN TOTAL'!F358 -> Fibra Optica | F353: ='RESUMEN TOTAL'!L358 -> 0 | G353: ='RESUMEN TOTAL'!M358 -> 0 | H353: ='RESUMEN TOTAL'!N358 -> 0 | I353: ='RESUMEN TOTAL'!O358 -> 0 | J353: ='RESUMEN TOTAL'!P358 -> 0 | K353: ='RESUMEN TOTAL'!Q358 -> 0 | L353: ='RESUMEN TOTAL'!R358 -> 0 | M353: ='RESUMEN TOTAL'!S358 -> 0 | ... AI353: ='RESUMEN TOTAL'!AO358 -> 0 | AJ353: ='RESUMEN TOTAL'!#REF! -> #REF!
A354: ='RESUMEN TOTAL'!A359 -> PRESIDENTE SARMIENTO | B354: ='RESUMEN TOTAL'!B359 -> VANG 09 | C354: ='RESUMEN TOTAL'!D359 -> Ruta 36 y Senzabello | D354: ='RESUMEN TOTAL'!E359 -> Domo | E354: ='RESUMEN TOTAL'!F359 -> PTO A FO | F354: ='RESUMEN TOTAL'!L359 -> 0 | G354: ='RESUMEN TOTAL'!M359 -> 0 | H354: ='RESUMEN TOTAL'!N359 -> 0 | I354: ='RESUMEN TOTAL'!O359 -> 0 | J354: ='RESUMEN TOTAL'!P359 -> 0 | K354: ='RESUMEN TOTAL'!Q359 -> 0 | L354: ='RESUMEN TOTAL'!R359 -> 0 | M354: ='RESUMEN TOTAL'!S359 -> 0 | ... AI354: ='RESUMEN TOTAL'!AO359 -> 0 | AJ354: ='RESUMEN TOTAL'!#REF! -> #REF!
A355: ='RESUMEN TOTAL'!A360 -> VILLA ANGELICA | B355: ='RESUMEN TOTAL'!B360 -> VANG01 | C355: ='RESUMEN TOTAL'!D360 -> Senzabello y Necochea | D355: ='RESUMEN TOTAL'!E360 -> Domo | E355: ='RESUMEN TOTAL'!F360 -> PTO A FO | F355: ='RESUMEN TOTAL'!L360 -> 0 | G355: ='RESUMEN TOTAL'!M360 -> 0 | H355: ='RESUMEN TOTAL'!N360 -> 0 | I355: ='RESUMEN TOTAL'!O360 -> 0 | J355: ='RESUMEN TOTAL'!P360 -> 0 | K355: ='RESUMEN TOTAL'!Q360 -> 0 | L355: ='RESUMEN TOTAL'!R360 -> 0 | M355: ='RESUMEN TOTAL'!S360 -> 0 | ... AI355: ='RESUMEN TOTAL'!AO360 -> 0 | AJ355: ='RESUMEN TOTAL'!#REF! -> #REF!
A356: ='RESUMEN TOTAL'!A361 -> VILLA ANGELICA | B356: ='RESUMEN TOTAL'!B361 -> VANG02 | C356: ='RESUMEN TOTAL'!D361 -> Thevenet y Ruta 36 | D356: ='RESUMEN TOTAL'!E361 -> Domo | E356: ='RESUMEN TOTAL'!F361 -> Fibra Optica | F356: ='RESUMEN TOTAL'!L361 -> 0 | G356: ='RESUMEN TOTAL'!M361 -> 0 | H356: ='RESUMEN TOTAL'!N361 -> 0 | I356: ='RESUMEN TOTAL'!O361 -> 0 | J356: ='RESUMEN TOTAL'!P361 -> 0 | K356: ='RESUMEN TOTAL'!Q361 -> 0 | L356: ='RESUMEN TOTAL'!R361 -> 0 | M356: ='RESUMEN TOTAL'!S361 -> 0 | ... AI356: ='RESUMEN TOTAL'!AO361 -> 0 | AJ356: ='RESUMEN TOTAL'!#REF! -> #REF!
A357: ='RESUMEN TOTAL'!A362 -> VILLA DEL PLATA | B357: ='RESUMEN TOTAL'!B362 -> VANG03 | C357: ='RESUMEN TOTAL'!D362 -> Thevenet 1950 | D357: ='RESUMEN TOTAL'!E362 -> Domo | E357: ='RESUMEN TOTAL'!F362 -> Fibra Optica | F357: ='RESUMEN TOTAL'!L362 -> 0 | G357: ='RESUMEN TOTAL'!M362 -> 0 | H357: ='RESUMEN TOTAL'!N362 -> 0 | I357: ='RESUMEN TOTAL'!O362 -> 0 | J357: ='RESUMEN TOTAL'!P362 -> 0 | K357: ='RESUMEN TOTAL'!Q362 -> 0 | L357: ='RESUMEN TOTAL'!R362 -> 0 | M357: ='RESUMEN TOTAL'!S362 -> 0 | ... AI357: ='RESUMEN TOTAL'!AO362 -> 0 | AJ357: ='RESUMEN TOTAL'!#REF! -> #REF!
A358: ='RESUMEN TOTAL'!A363 -> VILLA ANGELICA | B358: ='RESUMEN TOTAL'!B363 -> VANG04 | C358: ='RESUMEN TOTAL'!D363 -> Storni e/Thevenet y Calle 158 | D358: ='RESUMEN TOTAL'!E363 -> DOMO | E358: ='RESUMEN TOTAL'!F363 -> Fibra Optica | F358: ='RESUMEN TOTAL'!L363 -> 0 | G358: ='RESUMEN TOTAL'!M363 -> 0 | H358: ='RESUMEN TOTAL'!N363 -> 0 | I358: ='RESUMEN TOTAL'!O363 -> 0 | J358: ='RESUMEN TOTAL'!P363 -> 0 | K358: ='RESUMEN TOTAL'!Q363 -> 0 | L358: ='RESUMEN TOTAL'!R363 -> 0 | M358: ='RESUMEN TOTAL'!S363 -> 0 | ... AI358: ='RESUMEN TOTAL'!AO363 -> 0 | AJ358: ='RESUMEN TOTAL'!#REF! -> #REF!
A359: ='RESUMEN TOTAL'!A364 -> VILLA ANGELICA | B359: ='RESUMEN TOTAL'!B364 -> VANG05 | C359: ='RESUMEN TOTAL'!D364 -> Storni y Thevenet | D359: ='RESUMEN TOTAL'!E364 -> Domo | E359: ='RESUMEN TOTAL'!F364 -> Fibra Optica | F359: ='RESUMEN TOTAL'!L364 -> 0 | G359: ='RESUMEN TOTAL'!M364 -> 0 | H359: ='RESUMEN TOTAL'!N364 -> 0 | I359: ='RESUMEN TOTAL'!O364 -> 0 | J359: ='RESUMEN TOTAL'!P364 -> 0 | K359: ='RESUMEN TOTAL'!Q364 -> 0 | L359: ='RESUMEN TOTAL'!R364 -> 0 | M359: ='RESUMEN TOTAL'!S364 -> 0 | ... AI359: ='RESUMEN TOTAL'!AO364 -> 0 | AJ359: ='RESUMEN TOTAL'!#REF! -> #REF!
A360: ='RESUMEN TOTAL'!A365 -> VILLA ANGELICA | B360: ='RESUMEN TOTAL'!B365 -> VANG06 | C360: ='RESUMEN TOTAL'!D365 -> Arenales e/Thevenet y Calle 158 | D360: ='RESUMEN TOTAL'!E365 -> DOMO | E360: ='RESUMEN TOTAL'!F365 -> Fibra Optica | F360: ='RESUMEN TOTAL'!L365 -> 0 | G360: ='RESUMEN TOTAL'!M365 -> 0 | H360: ='RESUMEN TOTAL'!N365 -> 0 | I360: ='RESUMEN TOTAL'!O365 -> 0 | J360: ='RESUMEN TOTAL'!P365 -> 0 | K360: ='RESUMEN TOTAL'!Q365 -> 0 | L360: ='RESUMEN TOTAL'!R365 -> 0 | M360: ='RESUMEN TOTAL'!S365 -> 0 | ... AI360: ='RESUMEN TOTAL'!AO365 -> 0 | AJ360: ='RESUMEN TOTAL'!#REF! -> #REF!
A361: ='RESUMEN TOTAL'!A366 -> VILLA ANGELICA | B361: ='RESUMEN TOTAL'!B366 -> VANG07 | C361: ='RESUMEN TOTAL'!D366 -> Arenales y Thevenet | D361: ='RESUMEN TOTAL'!E366 -> Domo | E361: ='RESUMEN TOTAL'!F366 -> Fibra Optica | F361: ='RESUMEN TOTAL'!L366 -> 0 | G361: ='RESUMEN TOTAL'!M366 -> 0 | H361: ='RESUMEN TOTAL'!N366 -> 0 | I361: ='RESUMEN TOTAL'!O366 -> 0 | J361: ='RESUMEN TOTAL'!P366 -> 0 | K361: ='RESUMEN TOTAL'!Q366 -> 0 | L361: ='RESUMEN TOTAL'!R366 -> 0 | M361: ='RESUMEN TOTAL'!S366 -> 0 | ... AI361: ='RESUMEN TOTAL'!AO366 -> 0 | AJ361: ='RESUMEN TOTAL'!#REF! -> #REF!
A362: ='RESUMEN TOTAL'!A367 -> VILLA ANGELICA | B362: ='RESUMEN TOTAL'!B367 -> VANG08 | C362: ='RESUMEN TOTAL'!D367 -> Calle 158 al 2200 | D362: ='RESUMEN TOTAL'!E367 -> Domo | E362: ='RESUMEN TOTAL'!F367 -> PTO A FO | F362: ='RESUMEN TOTAL'!L367 -> 0 | G362: ='RESUMEN TOTAL'!M367 -> 0 | H362: ='RESUMEN TOTAL'!N367 -> 0 | I362: ='RESUMEN TOTAL'!O367 -> 0 | J362: ='RESUMEN TOTAL'!P367 -> 0 | K362: ='RESUMEN TOTAL'!Q367 -> 0 | L362: ='RESUMEN TOTAL'!R367 -> 0 | M362: ='RESUMEN TOTAL'!S367 -> 0 | ... AI362: ='RESUMEN TOTAL'!AO367 -> 0 | AJ362: ='RESUMEN TOTAL'!#REF! -> #REF!
... A449: ='RESUMEN TOTAL'!A454 -> ZEBALLOS | B449: ='RESUMEN TOTAL'!B454 -> ZEB 05 | C449: ='RESUMEN TOTAL'!D454 -> DIAG. GRANADEROS Y 214 BIS | D449: ='RESUMEN TOTAL'!E454 -> Domo | E449: ='RESUMEN TOTAL'!F454 -> Radio | F449: ='RESUMEN TOTAL'!L454 -> 0 | G449: ='RESUMEN TOTAL'!M454 -> 0 | H449: ='RESUMEN TOTAL'!N454 -> 0 | I449: ='RESUMEN TOTAL'!O454 -> 0 | J449: ='RESUMEN TOTAL'!P454 -> 0 | K449: ='RESUMEN TOTAL'!Q454 -> 0 | L449: ='RESUMEN TOTAL'!R454 -> 0 | M449: ='RESUMEN TOTAL'!S454 -> 0 | ... AI449: ='RESUMEN TOTAL'!AO454 -> 0 | AJ449: ='RESUMEN TOTAL'!#REF! -> #REF!
A450: ='RESUMEN TOTAL'!A355 -> SANTA ROSA | B450: ='RESUMEN TOTAL'!B355 -> SRO21 | C450: ='RESUMEN TOTAL'!D355 -> NOVAK Y BONN | D450: ='RESUMEN TOTAL'!E355 -> Fija | E450: ='RESUMEN TOTAL'!F355 -> Fibra Optica | F450: ='RESUMEN TOTAL'!L355 -> 0 | G450: ='RESUMEN TOTAL'!M355 -> 0 | H450: ='RESUMEN TOTAL'!N355 -> 0 | I450: ='RESUMEN TOTAL'!O355 -> 0 | J450: ='RESUMEN TOTAL'!P355 -> 0 | K450: ='RESUMEN TOTAL'!Q355 -> 0 | L450: ='RESUMEN TOTAL'!R355 -> 0 | M450: ='RESUMEN TOTAL'!S355 -> 0 | ... AI450: ='RESUMEN TOTAL'!AO355 -> 0 | AJ450: ='RESUMEN TOTAL'!#REF! -> #REF!
A451: ='RESUMEN TOTAL'!A354 -> SANTA ROSA | B451: ='RESUMEN TOTAL'!B354 -> SRO20 | C451: ='RESUMEN TOTAL'!D354 -> NOVAK Y BONN | D451: ='RESUMEN TOTAL'!E354 -> Fija | E451: ='RESUMEN TOTAL'!F354 -> Fibra Optica | F451: ='RESUMEN TOTAL'!L354 -> 0 | G451: ='RESUMEN TOTAL'!M354 -> 0 | H451: ='RESUMEN TOTAL'!N354 -> 0 | I451: ='RESUMEN TOTAL'!O354 -> 0 | J451: ='RESUMEN TOTAL'!P354 -> 0 | K451: ='RESUMEN TOTAL'!Q354 -> 0 | L451: ='RESUMEN TOTAL'!R354 -> 0 | M451: ='RESUMEN TOTAL'!S354 -> 0 | ... AI451: ='RESUMEN TOTAL'!AO354 -> 0 | AJ451: ='RESUMEN TOTAL'!#REF! -> #REF!
...

Sheet APAGADOS RADIO
C1: TOTAL RADIO | D1: =COUNTIFS(E4:E400,"=radio") -> 91
E2: APAGADOS | F2: =COUNTIFS(F4:F500, "=APAGADO",E4:E500,"=radio") -> 0 | G2: =COUNTIFS(G4:G500, "=APAGADO",E4:E500,"=radio") -> 0 | H2: =COUNTIFS(H4:H500, "=APAGADO",E4:E500,"=radio") -> 0 | I2: =COUNTIFS(I4:I500, "=APAGADO",E4:E500,"=radio") -> 0 | J2: =COUNTIFS(J4:J500, "=APAGADO",E4:E500,"=radio") -> 0 | K2: =COUNTIFS(K4:K500, "=APAGADO",E4:E500,"=radio") -> 4 | L2: =COUNTIFS(L4:L500, "=APAGADO",E4:E500,"=radio") -> 7 | M2: =COUNTIFS(M4:M500, "=APAGADO",E4:E500,"=radio") -> 0 | N2: =COUNTIFS(N4:N500, "=APAGADO",E4:E500,"=radio") -> 0 | O2: =COUNTIFS(O4:O500, "=APAGADO",E4:E500,"=radio") -> 11 | P2: =COUNTIFS(P4:P500, "=APAGADO",E4:E500,"=radio") -> 11 | Q2: =COUNTIFS(Q4:Q367, "=APAGADO",E4:E367,"=radio") -> 9 | R2: =COUNTIFS(R4:R500, "=APAGADO",E4:E500,"=radio") -> 14 | S2: =COUNTIFS(S4:S500, "=APAGADO",E4:E500,"=radio") -> 18 | T2: =COUNTIFS(T4:T500, "=APAGADO",E4:E500,"=radio") -> 0 | U2: =COUNTIFS(U4:U500, "=APAGADO",E4:E500,"=radio") -> 0 | V2: =COUNTIFS(V4:V500, "=APAGADO",E4:E500,"=radio") -> 0 | W2: =COUNTIFS(W4:W500, "=APAGADO",E4:E500,"=radio") -> 0 | X2: =COUNTIFS(X4:X500, "=APAGADO",E4:E500,"=radio") -> 0 | Y2: =COUNTIFS(Y4:Y500, "=APAGADO",E4:E500,"=radio") -> 0 | Z2: =COUNTIFS(Z4:Z500, "=APAGADO",E4:E500,"=radio") -> 0 | AA2: =COUNTIFS(AA4:AA500, "=APAGADO",E4:E500,"=radio") -> 0 | AB2: =COUNTIFS(AB4:AB500, "=APAGADO",E4:E500,"=radio") -> 0 | AC2: =COUNTIFS(AC4:AC500, "=APAGADO",E4:E500,"=radio") -> 0 | AD2: =COUNTIFS(AD4:AD500, "=APAGADO",E4:E500,"=radio") -> 0 | AE2: =COUNTIFS(AE4:AE500, "=APAGADO",E4:E500,"=radio") -> 0 | AF2: =COUNTIFS(AF4:AF500, "=APAGADO",E4:E500,"=radio") -> 0 | AG2: =COUNTIFS(AG4:AG500, "=APAGADO",E4:E500,"=radio") -> 0 | AH2: =COUNTIFS(AH4:AH500, "=APAGADO",F4:F500,"=radio") -> 0 | AI2: =COUNTIFS(AI4:AI500, "=APAGADO",G4:G500,"=radio") -> 0 | AJ2: =COUNTIFS(AJ4:AJ500, "=APAGADO",H4:H500,"=radio") -> 0
A3: =ESTADISTICA!A1 -> Barrio | B3: =ESTADISTICA!B1 -> [Denominacion] | C3: =ESTADISTICA!C1 -> [Ubicacion] | D3: =ESTADISTICA!D1 -> [Tipo de Camara] | E3: =ESTADISTICA!E1 -> [Tipo de Conexion] | F3: =ESTADISTICA!F1 -> 45108 | G3: =ESTADISTICA!G1 -> 45109 | H3: =ESTADISTICA!H1 -> 45110 | ... AJ3: =ESTADISTICA!AJ1 -> #REF!
A4: ='RESUMEN TOTAL'!A7 -> ALTAMIRA | B4: ='RESUMEN TOTAL'!B7 -> ALT 03 | C4: ='RESUMEN TOTAL'!D7 -> Bombero Galarza y Necochea | D4: ='RESUMEN TOTAL'!E7 -> Domo | E4: ='RESUMEN TOTAL'!F7 -> Fibra Optica | F4: ='RESUMEN TOTAL'!L7 -> 0 | G4: ='RESUMEN TOTAL'!M7 -> 0 | H4: ='RESUMEN TOTAL'!N7 -> 0 | I4: ='RESUMEN TOTAL'!O7 -> 0 | J4: ='RESUMEN TOTAL'!P7 -> 0 | K4: ='RESUMEN TOTAL'!Q7 -> 0 | L4: ='RESUMEN TOTAL'!R7 -> 0 | M4: ='RESUMEN TOTAL'!S7 -> 0 | ... AI4: ='RESUMEN TOTAL'!AO7 -> 0 | AJ4: ='RESUMEN TOTAL'!#REF! -> #REF!
A5: ='RESUMEN TOTAL'!A8 -> ALTAMIRA | B5: ='RESUMEN TOTAL'!B8 -> ALT 04 | C5: ='RESUMEN TOTAL'!D8 -> Francia y Necochea | D5: ='RESUMEN TOTAL'!E8 -> Domo | E5: ='RESUMEN TOTAL'!F8 -> Fibra Optica | F5: ='RESUMEN TOTAL'!L8 -> 0 | G5: ='RESUMEN TOTAL'!M8 -> 0 | H5: ='RESUMEN TOTAL'!N8 -> 0 | I5: ='RESUMEN TOTAL'!O8 -> 0 | J5: ='RESUMEN TOTAL'!P8 -> 0 | K5: ='RESUMEN TOTAL'!Q8 -> 0 | L5: ='RESUMEN TOTAL'!R8 -> 0 | M5: ='RESUMEN TOTAL'!S8 -> 0 | ... AI5: ='RESUMEN TOTAL'!AO8 -> 0 | AJ5: ='RESUMEN TOTAL'!#REF! -> #REF!
A6: ='RESUMEN TOTAL'!A9 -> ALTAMIRA | B6: ='RESUMEN TOTAL'!B9 -> ALT05 | C6: ='RESUMEN TOTAL'!D9 -> Av. Calchaqui y Bombero Galarza | D6: ='RESUMEN TOTAL'!E9 -> Domo | E6: ='RESUMEN TOTAL'!F9 -> PTO A FO | F6: ='RESUMEN TOTAL'!L9 -> 0 | G6: ='RESUMEN TOTAL'!M9 -> 0 | H6: ='RESUMEN TOTAL'!N9 -> 0 | I6: ='RESUMEN TOTAL'!O9 -> 0 | J6: ='RESUMEN TOTAL'!P9 -> 0 | K6: ='RESUMEN TOTAL'!Q9 -> 0 | L6: ='RESUMEN TOTAL'!R9 -> 0 | M6: ='RESUMEN TOTAL'!S9 -> 0 | ... AI6: ='RESUMEN TOTAL'!AO9 -> 0 | AJ6: ='RESUMEN TOTAL'!#REF! -> #REF!
A7: ='RESUMEN TOTAL'!A10 -> ALTAMIRA | B7: ='RESUMEN TOTAL'!B10 -> ALT 06 | C7: ='RESUMEN TOTAL'!D10 -> LOPE DE VEGA Y NECOCHEA | D7: ='RESUMEN TOTAL'!E10 -> Domo | E7: ='RESUMEN TOTAL'!F10 -> PTO A FO | F7: ='RESUMEN TOTAL'!L10 -> 0 | G7: ='RESUMEN TOTAL'!M10 -> 0 | H7: ='RESUMEN TOTAL'!N10 -> 0 | I7: ='RESUMEN TOTAL'!O10 -> 0 | J7: ='RESUMEN TOTAL'!P10 -> 0 | K7: ='RESUMEN TOTAL'!Q10 -> 0 | L7: ='RESUMEN TOTAL'!R10 -> 0 | M7: ='RESUMEN TOTAL'!S10 -> 0 | ... AI7: ='RESUMEN TOTAL'!AO10 -> 0 | AJ7: ='RESUMEN TOTAL'!#REF! -> #REF!
A8: ='RESUMEN TOTAL'!A11 -> ALTAMIRA | B8: ='RESUMEN TOTAL'!B11 -> ALT07 | C8: ='RESUMEN TOTAL'!D11 -> AV. CALCHAQUI Y AV. DEL TRABAJO | D8: ='RESUMEN TOTAL'!E11 -> DOMO | E8: ='RESUMEN TOTAL'!F11 -> PTO A FO | F8: ='RESUMEN TOTAL'!L11 -> 0 | G8: ='RESUMEN TOTAL'!M11 -> 0 | H8: ='RESUMEN TOTAL'!N11 -> 0 | I8: ='RESUMEN TOTAL'!O11 -> 0 | J8: ='RESUMEN TOTAL'!P11 -> 0 | K8: ='RESUMEN TOTAL'!Q11 -> 0 | L8: ='RESUMEN TOTAL'!R11 -> 0 | M8: ='RESUMEN TOTAL'!S11 -> 0 | ... AI8: ='RESUMEN TOTAL'!AO11 -> 0 | AJ8: ='RESUMEN TOTAL'!#REF! -> #REF!
A9: ='RESUMEN TOTAL'!A12 -> ALTAMIRA | B9: ='RESUMEN TOTAL'!B12 -> ALT 08 | C9: ='RESUMEN TOTAL'!D12 -> HUMAITA Y NECOCHEA | D9: ='RESUMEN TOTAL'!E12 -> DOMO | E9: ='RESUMEN TOTAL'!F12 -> Fibra Optica | F9: ='RESUMEN TOTAL'!L12 -> 0 | G9: ='RESUMEN TOTAL'!M12 -> 0 | H9: ='RESUMEN TOTAL'!N12 -> 0 | I9: ='RESUMEN TOTAL'!O12 -> 0 | J9: ='RESUMEN TOTAL'!P12 -> 0 | K9: ='RESUMEN TOTAL'!Q12 -> 0 | L9: ='RESUMEN TOTAL'!R12 -> 0 | M9: ='RESUMEN TOTAL'!S12 -> 0 | ... AI9: ='RESUMEN TOTAL'!AO12 -> 0 | AJ9: ='RESUMEN TOTAL'!#REF! -> #REF!
A10: ='RESUMEN TOTAL'!A13 -> ALTAMIRA | B10: ='RESUMEN TOTAL'!B13 -> ALT 09 | C10: ='RESUMEN TOTAL'!D13 -> NECOCHEA Y CURUPAITY | D10: ='RESUMEN TOTAL'!E13 -> DOMO | E10: ='RESUMEN TOTAL'!F13 -> Fibra Optica | F10: ='RESUMEN TOTAL'!L13 -> 0 | G10: ='RESUMEN TOTAL'!M13 -> 0 | H10: ='RESUMEN TOTAL'!N13 -> 0 | I10: ='RESUMEN TOTAL'!O13 -> 0 | J10: ='RESUMEN TOTAL'!P13 -> 0 | K10: ='RESUMEN TOTAL'!Q13 -> APAGADO | L10: ='RESUMEN TOTAL'!R13 -> APAGADO | M10: ='RESUMEN TOTAL'!S13 -> 0 | ... AI10: ='RESUMEN TOTAL'!AO13 -> 0 | AJ10: ='RESUMEN TOTAL'!#REF! -> #REF!
A11: ='RESUMEN TOTAL'!A14 -> ALTAMIRA | B11: ='RESUMEN TOTAL'!B14 -> ALT 10 | C11: ='RESUMEN TOTAL'!D14 -> Calchaqui y Francia | D11: ='RESUMEN TOTAL'!E14 -> Domo | E11: ='RESUMEN TOTAL'!F14 -> Radio | F11: ='RESUMEN TOTAL'!L14 -> 0 | G11: ='RESUMEN TOTAL'!M14 -> 0 | H11: ='RESUMEN TOTAL'!N14 -> 0 | I11: ='RESUMEN TOTAL'!O14 -> 0 | J11: ='RESUMEN TOTAL'!P14 -> 0 | K11: ='RESUMEN TOTAL'!Q14 -> 0 | L11: ='RESUMEN TOTAL'!R14 -> 0 | M11: ='RESUMEN TOTAL'!S14 -> 0 | ... AI11: ='RESUMEN TOTAL'!AO14 -> 0 | AJ11: ='RESUMEN TOTAL'!#REF! -> #REF!
A12: ='RESUMEN TOTAL'!A15 -> AGUSTIN RAMIREZ | B12: ='RESUMEN TOTAL'!B15 -> ARA 01 | C12: ='RESUMEN TOTAL'!D15 -> Malambo y Tranquera | D12: ='RESUMEN TOTAL'!E15 -> Domo | E12: ='RESUMEN TOTAL'!F15 -> Fibra Optica | F12: ='RESUMEN TOTAL'!L15 -> 0 | G12: ='RESUMEN TOTAL'!M15 -> 0 | H12: ='RESUMEN TOTAL'!N15 -> 0 | I12: ='RESUMEN TOTAL'!O15 -> 0 | J12: ='RESUMEN TOTAL'!P15 -> 0 | K12: ='RESUMEN TOTAL'!Q15 -> 0 | L12: ='RESUMEN TOTAL'!R15 -> 0 | M12: ='RESUMEN TOTAL'!S15 -> 0 | ... AI12: ='RESUMEN TOTAL'!AO15 -> 0 | AJ12: ='RESUMEN TOTAL'!#REF! -> #REF!
A13: ='RESUMEN TOTAL'!A16 -> BELGRANO | B13: ='RESUMEN TOTAL'!B16 -> BEL 01 | C13: ='RESUMEN TOTAL'!D16 -> San Martin y Dardo Rocha | D13: ='RESUMEN TOTAL'!E16 -> DOMO | E13: ='RESUMEN TOTAL'!F16 -> Fibra Optica | F13: ='RESUMEN TOTAL'!L16 -> 0 | G13: ='RESUMEN TOTAL'!M16 -> 0 | H13: ='RESUMEN TOTAL'!N16 -> 0 | I13: ='RESUMEN TOTAL'!O16 -> 0 | J13: ='RESUMEN TOTAL'!P16 -> 0 | K13: ='RESUMEN TOTAL'!Q16 -> 0 | L13: ='RESUMEN TOTAL'!R16 -> 0 | M13: ='RESUMEN TOTAL'!S16 -> 0 | ... AI13: ='RESUMEN TOTAL'!AO16 -> 0 | AJ13: ='RESUMEN TOTAL'!#REF! -> #REF!
A14: ='RESUMEN TOTAL'!A17 -> BELGRANO | B14: ='RESUMEN TOTAL'!B17 -> BEL 02 | C14: ='RESUMEN TOTAL'!D17 -> Guardia vieja y Fronteriz | D14: ='RESUMEN TOTAL'!E17 -> DOMO | E14: ='RESUMEN TOTAL'!F17 -> Fibra Optica | F14: ='RESUMEN TOTAL'!L17 -> 0 | G14: ='RESUMEN TOTAL'!M17 -> 0 | H14: ='RESUMEN TOTAL'!N17 -> 0 | I14: ='RESUMEN TOTAL'!O17 -> 0 | J14: ='RESUMEN TOTAL'!P17 -> 0 | K14: ='RESUMEN TOTAL'!Q17 -> 0 | L14: ='RESUMEN TOTAL'!R17 -> 0 | M14: ='RESUMEN TOTAL'!S17 -> 0 | ... R14: ='RESUMEN TOTAL'!X17 -> 0 | S14: ='RESUMEN TOTAL'!Y23 -> 0 | T14: ='RESUMEN TOTAL'!Z17 -> 0 | U14: ='RESUMEN TOTAL'!AA17 -> 0 | V14: ='RESUMEN TOTAL'!AB17 -> 0 | W14: ='RESUMEN TOTAL'!AC17 -> 0 | X14: ='RESUMEN TOTAL'!AD17 -> 0 | Y14: ='RESUMEN TOTAL'!AE17 -> 0 | Z14: ='RESUMEN TOTAL'!AF17 -> 0 | AA14: ='RESUMEN TOTAL'!AG17 -> 0 | ... AI14: ='RESUMEN TOTAL'!AO17 -> 0 | AJ14: ='RESUMEN TOTAL'!#REF! -> #REF!
A15: ='RESUMEN TOTAL'!A18 -> BOSQUES CENTRO | B15: ='RESUMEN TOTAL'!B18 -> BOSQC 01 | C15: ='RESUMEN TOTAL'!D18 -> LUIS AGOTE E/DANUNCIO Y CAMPOAMOR | D15: ='RESUMEN TOTAL'!E18 -> Fija | E15: ='RESUMEN TOTAL'!F18 -> Radio | F15: ='RESUMEN TOTAL'!L18 -> 0 | G15: ='RESUMEN TOTAL'!M18 -> 0 | H15: ='RESUMEN TOTAL'!N18 -> 0 | I15: ='RESUMEN TOTAL'!O18 -> 0 | J15: ='RESUMEN TOTAL'!P18 -> 0 | K15: ='RESUMEN TOTAL'!Q18 -> 0 | L15: ='RESUMEN TOTAL'!R18 -> 0 | M15: ='RESUMEN TOTAL'!S18 -> 0 | ... AI15: ='RESUMEN TOTAL'!AO18 -> 0 | AJ15: ='RESUMEN TOTAL'!#REF! -> #REF!
A16: ='RESUMEN TOTAL'!A19 -> BOSQUES CENTRO | B16: ='RESUMEN TOTAL'!B19 -> BOSQC 02 | C16: ='RESUMEN TOTAL'!D19 -> LUIS AGOTE E/DANUNCIO Y CAMPOAMOR | D16: ='RESUMEN TOTAL'!E19 -> Fija | E16: ='RESUMEN TOTAL'!F19 -> Radio | F16: ='RESUMEN TOTAL'!L19 -> 0 | G16: ='RESUMEN TOTAL'!M19 -> 0 | H16: ='RESUMEN TOTAL'!N19 -> 0 | I16: ='RESUMEN TOTAL'!O19 -> 0 | J16: ='RESUMEN TOTAL'!P19 -> 0 | K16: ='RESUMEN TOTAL'!Q19 -> 0 | L16: ='RESUMEN TOTAL'!R19 -> 0 | M16: ='RESUMEN TOTAL'!S19 -> 0 | ... AI16: ='RESUMEN TOTAL'!AO19 -> 0 | AJ16: ='RESUMEN TOTAL'!#REF! -> #REF!
A17: ='RESUMEN TOTAL'!A20 -> BOSQUES CENTRO | B17: ='RESUMEN TOTAL'!B20 -> BOSQC 03 | C17: ='RESUMEN TOTAL'!D20 -> BENAVENTE Y LUIS AGOTE | D17: ='RESUMEN TOTAL'!E20 -> Fija | E17: ='RESUMEN TOTAL'!F20 -> Radio | F17: ='RESUMEN TOTAL'!L20 -> 0 | G17: ='RESUMEN TOTAL'!M20 -> 0 | H17: ='RESUMEN TOTAL'!N20 -> 0 | I17: ='RESUMEN TOTAL'!O20 -> 0 | J17: ='RESUMEN TOTAL'!P20 -> 0 | K17: ='RESUMEN TOTAL'!Q20 -> 0 | L17: ='RESUMEN TOTAL'!R20 -> 0 | M17: ='RESUMEN TOTAL'!S20 -> 0 | ... AI17: ='RESUMEN TOTAL'!AO20 -> 0 | AJ17: ='RESUMEN TOTAL'!#REF! -> #REF!
A18: ='RESUMEN TOTAL'!A21 -> BOSQUES CENTRO | B18: ='RESUMEN TOTAL'!B21 -> BOSQC 04 | C18: ='RESUMEN TOTAL'!D21 -> BENAVENTE Y LUIS AGOTE | D18: ='RESUMEN TOTAL'!E21 -> Fija | E18: ='RESUMEN TOTAL'!F21 -> Radio | F18: ='RESUMEN TOTAL'!L21 -> 0 | G18: ='RESUMEN TOTAL'!M21 -> 0 | H18: ='RESUMEN TOTAL'!N21 -> 0 | I18: ='RESUMEN TOTAL'!O21 -> 0 | J18: ='RESUMEN TOTAL'!P21 -> 0 | K18: ='RESUMEN TOTAL'!Q21 -> 0 | L18: ='RESUMEN TOTAL'!R21 -> 0 | M18: ='RESUMEN TOTAL'!S21 -> 0 | ... AI18: ='RESUMEN TOTAL'!AO21 -> 0 | AJ18: ='RESUMEN TOTAL'!#REF! -> #REF!
A19: ='RESUMEN TOTAL'!A22 -> BOSQUES CENTRO | B19: ='RESUMEN TOTAL'!B22 -> BOSQC 05 | C19: ='RESUMEN TOTAL'!D22 -> LUIS AGOTE Y RUTA 36 | D19: ='RESUMEN TOTAL'!E22 -> Fija | E19: ='RESUMEN TOTAL'!F22 -> Radio | F19: ='RESUMEN TOTAL'!L22 -> 0 | G19: ='RESUMEN TOTAL'!M22 -> 0 | H19: ='RESUMEN TOTAL'!N22 -> 0 | I19: ='RESUMEN TOTAL'!O22 -> 0 | J19: ='RESUMEN TOTAL'!P22 -> 0 | K19: ='RESUMEN TOTAL'!Q22 -> 0 | L19: ='RESUMEN TOTAL'!R22 -> 0 | M19: ='RESUMEN TOTAL'!S22 -> 0 | ... AI19: ='RESUMEN TOTAL'!AO22 -> 0 | AJ19: ='RESUMEN TOTAL'!#REF! -> #REF!
A20: ='RESUMEN TOTAL'!A23 -> BOSQUES CENTRO | B20: ='RESUMEN TOTAL'!B23 -> BOSQC 06 | C20: ='RESUMEN TOTAL'!D23 -> LUIS AGOTE Y RUTA 36 | D20: ='RESUMEN TOTAL'!E23 -> Fija | E20: ='RESUMEN TOTAL'!F23 -> Radio | F20: ='RESUMEN TOTAL'!L23 -> 0 | G20: ='RESUMEN TOTAL'!M23 -> 0 | H20: ='RESUMEN TOTAL'!N23 -> 0 | I20: ='RESUMEN TOTAL'!O23 -> 0 | J20: ='RESUMEN TOTAL'!P23 -> 0 | K20: ='RESUMEN TOTAL'!Q23 -> 0 | L20: ='RESUMEN TOTAL'!R23 -> 0 | M20: ='RESUMEN TOTAL'!S23 -> 0 | ... AI20: ='RESUMEN TOTAL'!AO23 -> 0 | AJ20: ='RESUMEN TOTAL'!#REF! -> #REF!
A21: ='RESUMEN TOTAL'!A24 -> CENTRO | B21: ='RESUMEN TOTAL'!B24 -> CEN01 | C21: ='RESUMEN TOTAL'!D24 -> San Martin y 9 de Julio | D21: ='RESUMEN TOTAL'!E24 -> Fija | E21: ='RESUMEN TOTAL'!F24 -> Fibra Optica | F21: ='RESUMEN TOTAL'!L24 -> 0 | G21: ='RESUMEN TOTAL'!M24 -> 0 | H21: ='RESUMEN TOTAL'!N24 -> 0 | I21: ='RESUMEN TOTAL'!O24 -> 0 | J21: ='RESUMEN TOTAL'!P24 -> 0 | K21: ='RESUMEN TOTAL'!Q24 -> 0 | L21: ='RESUMEN TOTAL'!R24 -> 0 | M21: ='RESUMEN TOTAL'!S24 -> 0 | ... AI21: ='RESUMEN TOTAL'!AO24 -> 0 | AJ21: ='RESUMEN TOTAL'!#REF! -> #REF!
A22: ='RESUMEN TOTAL'!A25 -> CENTRO | B22: ='RESUMEN TOTAL'!B25 -> CEN02 | C22: ='RESUMEN TOTAL'!D25 -> San Martin y Almafuerte | D22: ='RESUMEN TOTAL'!E25 -> Fija | E22: ='RESUMEN TOTAL'!F25 -> Fibra Optica | F22: ='RESUMEN TOTAL'!L25 -> 0 | G22: ='RESUMEN TOTAL'!M25 -> 0 | H22: ='RESUMEN TOTAL'!N25 -> 0 | I22: ='RESUMEN TOTAL'!O25 -> 0 | J22: ='RESUMEN TOTAL'!P25 -> 0 | K22: ='RESUMEN TOTAL'!Q25 -> 0 | L22: ='RESUMEN TOTAL'!R25 -> 0 | M22: ='RESUMEN TOTAL'!S25 -> 0 | ... AI22: ='RESUMEN TOTAL'!AO25 -> 0 | AJ22: ='RESUMEN TOTAL'!#REF! -> #REF!
A23: ='RESUMEN TOTAL'!A26 -> CENTRO | B23: ='RESUMEN TOTAL'!B26 -> CEN03 | C23: ='RESUMEN TOTAL'!D26 -> San Martin y Sallares | D23: ='RESUMEN TOTAL'!E26 -> Domo | E23: ='RESUMEN TOTAL'!F26 -> Fibra Optica | F23: ='RESUMEN TOTAL'!L26 -> 0 | G23: ='RESUMEN TOTAL'!M26 -> 0 | H23: ='RESUMEN TOTAL'!N26 -> 0 | I23: ='RESUMEN TOTAL'!O26 -> 0 | J23: ='RESUMEN TOTAL'!P26 -> 0 | K23: ='RESUMEN TOTAL'!Q26 -> 0 | L23: ='RESUMEN TOTAL'!R26 -> 0 | M23: ='RESUMEN TOTAL'!S26 -> 0 | ... AI23: ='RESUMEN TOTAL'!AO26 -> 0 | AJ23: ='RESUMEN TOTAL'!#REF! -> #REF!
A24: ='RESUMEN TOTAL'!A27 -> CENTRO | B24: ='RESUMEN TOTAL'!B27 -> CEN04 | C24: ='RESUMEN TOTAL'!D27 -> San Martin y Contreras | D24: ='RESUMEN TOTAL'!E27 -> Domo | E24: ='RESUMEN TOTAL'!F27 -> Fibra Optica | F24: ='RESUMEN TOTAL'!L27 -> 0 | G24: ='RESUMEN TOTAL'!M27 -> 0 | H24: ='RESUMEN TOTAL'!N27 -> 0 | I24: ='RESUMEN TOTAL'!O27 -> 0 | J24: ='RESUMEN TOTAL'!P27 -> 0 | K24: ='RESUMEN TOTAL'!Q27 -> 0 | L24: ='RESUMEN TOTAL'!R27 -> 0 | M24: ='RESUMEN TOTAL'!S27 -> 0 | ... AI24: ='RESUMEN TOTAL'!AO27 -> 0 | AJ24: ='RESUMEN TOTAL'!#REF! -> #REF!
A25: ='RESUMEN TOTAL'!A28 -> CENTRO | B25: ='RESUMEN TOTAL'!B28 -> CEN 05 | C25: ='RESUMEN TOTAL'!D28 -> Bocuzzi e/España y San Martin | D25: ='RESUMEN TOTAL'!E28 -> DOMO | E25: ='RESUMEN TOTAL'!F28 -> Fibra Optica | F25: ='RESUMEN TOTAL'!L28 -> 0 | G25: ='RESUMEN TOTAL'!M28 -> 0 | H25: ='RESUMEN TOTAL'!N28 -> 0 | I25: ='RESUMEN TOTAL'!O28 -> 0 | J25: ='RESUMEN TOTAL'!P28 -> 0 | K25: ='RESUMEN TOTAL'!Q28 -> 0 | L25: ='RESUMEN TOTAL'!R28 -> 0 | M25: ='RESUMEN TOTAL'!S28 -> 0 | ... AI25: ='RESUMEN TOTAL'!AO28 -> 0 | AJ25: ='RESUMEN TOTAL'!#REF! -> #REF!
A26: ='RESUMEN TOTAL'!A29 -> CENTRO | B26: ='RESUMEN TOTAL'!B29 -> CEN06 | C26: ='RESUMEN TOTAL'!D29 -> Monteagudo y A.del Valle | D26: ='RESUMEN TOTAL'!E29 -> Fija | E26: ='RESUMEN TOTAL'!F29 -> Fibra Optica | F26: ='RESUMEN TOTAL'!L29 -> 0 | G26: ='RESUMEN TOTAL'!M29 -> 0 | H26: ='RESUMEN TOTAL'!N29 -> 0 | I26: ='RESUMEN TOTAL'!O29 -> 0 | J26: ='RESUMEN TOTAL'!P29 -> 0 | K26: ='RESUMEN TOTAL'!Q29 -> 0 | L26: ='RESUMEN TOTAL'!R29 -> 0 | M26: ='RESUMEN TOTAL'!S29 -> 0 | ... AI26: ='RESUMEN TOTAL'!AO29 -> 0 | AJ26: ='RESUMEN TOTAL'!#REF! -> #REF!
... A206: ='RESUMEN TOTAL'!A209 -> MARTIN FIERRO | B206: ='RESUMEN TOTAL'!B209 -> MFI 07 | C206: ='RESUMEN TOTAL'!D209 -> Sargento Cabral y Carlos Gardel | D206: ='RESUMEN TOTAL'!E209 -> Domo | E206: ='RESUMEN TOTAL'!F209 -> PTO A FO | F206: ='RESUMEN TOTAL'!L209 -> 0 | G206: ='RESUMEN TOTAL'!M209 -> 0 | H206: ='RESUMEN TOTAL'!N209 -> 0 | I206: ='RESUMEN TOTAL'!O209 -> 0 | J206: ='RESUMEN TOTAL'!P209 -> 0 | K206: ='RESUMEN TOTAL'!Q209 -> 0 | L206: ='RESUMEN TOTAL'!R209 -> 0 | M206: ='RESUMEN TOTAL'!S209 -> 0 | ... AI206: ='RESUMEN TOTAL'!AO209 -> 0 | AJ206: ='RESUMEN TOTAL'!#REF! -> #REF!
A207: ='RESUMEN TOTAL'!A211 -> GOBERNADOR MONTEVERDE | B207: ='RESUMEN TOTAL'!B211 -> MON01 | C207: ='RESUMEN TOTAL'!D211 -> San Martin y Patricias Argentinas | D207: ='RESUMEN TOTAL'!E211 -> Fija | E207: ='RESUMEN TOTAL'!F211 -> Fibra Optica | F207: ='RESUMEN TOTAL'!L211 -> 0 | G207: ='RESUMEN TOTAL'!M211 -> 0 | H207: ='RESUMEN TOTAL'!N211 -> 0 | I207: ='RESUMEN TOTAL'!O211 -> 0 | J207: ='RESUMEN TOTAL'!P211 -> 0 | K207: ='RESUMEN TOTAL'!Q211 -> 0 | L207: ='RESUMEN TOTAL'!R211 -> 0 | M207: ='RESUMEN TOTAL'!S211 -> 0 | ... AI207: ='RESUMEN TOTAL'!AO211 -> 0 | AJ207: ='RESUMEN TOTAL'!#REF! -> #REF!
A208: ='RESUMEN TOTAL'!A212 -> GOBERNADOR MONTEVERDE | B208: ='RESUMEN TOTAL'!B212 -> MON02 | C208: ='RESUMEN TOTAL'!D212 -> Senzabello y Famatina | D208: ='RESUMEN TOTAL'!E212 -> Domo | E208: ='RESUMEN TOTAL'!F212 -> Radio | F208: ='RESUMEN TOTAL'!L212 -> 0 | G208: ='RESUMEN TOTAL'!M212 -> 0 | H208: ='RESUMEN TOTAL'!N212 -> 0 | I208: ='RESUMEN TOTAL'!O212 -> 0 | J208: ='RESUMEN TOTAL'!P212 -> 0 | K208: ='RESUMEN TOTAL'!Q212 -> 0 | L208: ='RESUMEN TOTAL'!R212 -> 0 | M208: ='RESUMEN TOTAL'!S212 -> 0 | ... AI208: ='RESUMEN TOTAL'!AO212 -> 0 | AJ208: ='RESUMEN TOTAL'!#REF! -> #REF!
A209: ='RESUMEN TOTAL'!A213 -> GOBERNADOR MONTEVERDE | B209: ='RESUMEN TOTAL'!B213 -> MON03 | C209: ='RESUMEN TOTAL'!D213 -> Senzabello y Guemes | D209: ='RESUMEN TOTAL'!E213 -> Domo | E209: ='RESUMEN TOTAL'!F213 -> Radio | F209: ='RESUMEN TOTAL'!L213 -> 0 | G209: ='RESUMEN TOTAL'!M213 -> 0 | H209: ='RESUMEN TOTAL'!N213 -> 0 | I209: ='RESUMEN TOTAL'!O213 -> 0 | J209: ='RESUMEN TOTAL'!P213 -> 0 | K209: ='RESUMEN TOTAL'!Q213 -> 0 | L209: ='RESUMEN TOTAL'!R213 -> 0 | M209: ='RESUMEN TOTAL'!S213 -> 0 | ... AI209: ='RESUMEN TOTAL'!AO213 -> 0 | AJ209: ='RESUMEN TOTAL'!#REF! -> #REF!
A210: ='RESUMEN TOTAL'!A214 -> GOBERNADOR MONTEVERDE | B210: ='RESUMEN TOTAL'!B214 -> MON04 | C210: ='RESUMEN TOTAL'!D214 -> Av. Yrigoyen y San Lorenzo | D210: ='RESUMEN TOTAL'!E214 -> Domo | E210: ='RESUMEN TOTAL'!F214 -> Radio | F210: ='RESUMEN TOTAL'!L214 -> 0 | G210: ='RESUMEN TOTAL'!M214 -> 0 | H210: ='RESUMEN TOTAL'!N214 -> 0 | I210: ='RESUMEN TOTAL'!O214 -> 0 | J210: ='RESUMEN TOTAL'!P214 -> 0 | K210: ='RESUMEN TOTAL'!Q214 -> 0 | L210: ='RESUMEN TOTAL'!R214 -> 0 | M210: ='RESUMEN TOTAL'!S214 -> 0 | ... AI210: ='RESUMEN TOTAL'!AO214 -> 0 | AJ210: ='RESUMEN TOTAL'!#REF! -> #REF!
A211: ='RESUMEN TOTAL'!A215 -> 9 DE JULIO | B211: ='RESUMEN TOTAL'!B215 -> NJU 01 | C211: ='RESUMEN TOTAL'!D215 -> Sallares y Parrillo | D211: ='RESUMEN TOTAL'!E215 -> Domo | E211: ='RESUMEN TOTAL'!F215 -> Fibra Optica | F211: ='RESUMEN TOTAL'!L215 -> 0 | G211: ='RESUMEN TOTAL'!M215 -> 0 | H211: ='RESUMEN TOTAL'!N215 -> 0 | I211: ='RESUMEN TOTAL'!O215 -> 0 | J211: ='RESUMEN TOTAL'!P215 -> 0 | K211: ='RESUMEN TOTAL'!Q215 -> 0 | L211: ='RESUMEN TOTAL'!R215 -> 0 | M211: ='RESUMEN TOTAL'!S215 -> 0 | ... AI211: ='RESUMEN TOTAL'!AO215 -> 0 | AJ211: ='RESUMEN TOTAL'!#REF! -> #REF!
A212: ='RESUMEN TOTAL'!A216 -> 9 DE JULIO | B212: ='RESUMEN TOTAL'!B216 -> NJU02 | C212: ='RESUMEN TOTAL'!D216 -> Ituzaingo y Boccuzzi | D212: ='RESUMEN TOTAL'!E216 -> Domo | E212: ='RESUMEN TOTAL'!F216 -> Radio | F212: ='RESUMEN TOTAL'!L216 -> 0 | G212: ='RESUMEN TOTAL'!M216 -> 0 | H212: ='RESUMEN TOTAL'!N216 -> 0 | I212: ='RESUMEN TOTAL'!O216 -> 0 | J212: ='RESUMEN TOTAL'!P216 -> 0 | K212: ='RESUMEN TOTAL'!Q216 -> 0 | L212: ='RESUMEN TOTAL'!R216 -> 0 | M212: ='RESUMEN TOTAL'!S216 -> 0 | ... AI212: ='RESUMEN TOTAL'!AO216 -> 0 | AJ212: ='RESUMEN TOTAL'!#REF! -> #REF!
A213: ='RESUMEN TOTAL'!A217 -> 9 DE JULIO | B213: ='RESUMEN TOTAL'!B217 -> NJU03 | C213: ='RESUMEN TOTAL'!D217 -> San Juan y Parrillo | D213: ='RESUMEN TOTAL'!E217 -> Domo | E213: ='RESUMEN TOTAL'!F217 -> PTO A FO | F213: ='RESUMEN TOTAL'!L217 -> 0 | G213: ='RESUMEN TOTAL'!M217 -> 0 | H213: ='RESUMEN TOTAL'!N217 -> 0 | I213: ='RESUMEN TOTAL'!O217 -> 0 | J213: ='RESUMEN TOTAL'!P217 -> 0 | K213: ='RESUMEN TOTAL'!Q217 -> 0 | L213: ='RESUMEN TOTAL'!R217 -> 0 | M213: ='RESUMEN TOTAL'!S217 -> 0 | ... AI213: ='RESUMEN TOTAL'!AO217 -> 0 | AJ213: ='RESUMEN TOTAL'!#REF! -> #REF!
A214: ='RESUMEN TOTAL'!A218 -> 9 DE JULIO | B214: ='RESUMEN TOTAL'!B218 -> NJU04 | C214: ='RESUMEN TOTAL'!D218 -> Ituzaingo y 214 A | D214: ='RESUMEN TOTAL'!E218 -> Domo | E214: ='RESUMEN TOTAL'!F218 -> Radio | F214: ='RESUMEN TOTAL'!L218 -> 0 | G214: ='RESUMEN TOTAL'!M218 -> 0 | H214: ='RESUMEN TOTAL'!N218 -> 0 | I214: ='RESUMEN TOTAL'!O218 -> 0 | J214: ='RESUMEN TOTAL'!P218 -> 0 | K214: ='RESUMEN TOTAL'!Q218 -> 0 | L214: ='RESUMEN TOTAL'!R218 -> 0 | M214: ='RESUMEN TOTAL'!S218 -> 0 | ... AI214: ='RESUMEN TOTAL'!AO218 -> 0 | AJ214: ='RESUMEN TOTAL'!#REF! -> #REF!
A215: ='RESUMEN TOTAL'!A219 -> ZEBALLOS CENTRO | B215: ='RESUMEN TOTAL'!B219 -> NJU05 | C215: ='RESUMEN TOTAL'!D219 -> Ituzaingo y Alem | D215: ='RESUMEN TOTAL'!E219 -> Domo | E215: ='RESUMEN TOTAL'!F219 -> Radio | F215: ='RESUMEN TOTAL'!L219 -> 0 | G215: ='RESUMEN TOTAL'!M219 -> 0 | H215: ='RESUMEN TOTAL'!N219 -> 0 | I215: ='RESUMEN TOTAL'!O219 -> 0 | J215: ='RESUMEN TOTAL'!P219 -> 0 | K215: ='RESUMEN TOTAL'!Q219 -> APAGADO | L215: ='RESUMEN TOTAL'!R219 -> 0 | M215: ='RESUMEN TOTAL'!S219 -> 0 | ... AI215: ='RESUMEN TOTAL'!AO219 -> 0 | AJ215: ='RESUMEN TOTAL'!#REF! -> #REF!
A216: ='RESUMEN TOTAL'!A220 -> CENTRO | B216: ='RESUMEN TOTAL'!B220 -> NJU06 | C216: ='RESUMEN TOTAL'!D220 -> Sallares y Rodo | D216: ='RESUMEN TOTAL'!E220 -> Domo | E216: ='RESUMEN TOTAL'!F220 -> Fibra Optica | F216: ='RESUMEN TOTAL'!L220 -> 0 | G216: ='RESUMEN TOTAL'!M220 -> 0 | H216: ='RESUMEN TOTAL'!N220 -> 0 | I216: ='RESUMEN TOTAL'!O220 -> 0 | J216: ='RESUMEN TOTAL'!P220 -> 0 | K216: ='RESUMEN TOTAL'!Q220 -> 0 | L216: ='RESUMEN TOTAL'!R220 -> 0 | M216: ='RESUMEN TOTAL'!S220 -> 0 | ... AI216: ='RESUMEN TOTAL'!AO220 -> 0 | AJ216: ='RESUMEN TOTAL'!#REF! -> #REF!
A217: ='RESUMEN TOTAL'!A221 -> 9 DE JULIO | B217: ='RESUMEN TOTAL'!B221 -> NJU07 | C217: ='RESUMEN TOTAL'!D221 -> Gral. Juan Domingo Peron y Parrillo | D217: ='RESUMEN TOTAL'!E221 -> Domo | E217: ='RESUMEN TOTAL'!F221 -> Fibra Optica | F217: ='RESUMEN TOTAL'!L221 -> 0 | G217: ='RESUMEN TOTAL'!M221 -> 0 | H217: ='RESUMEN TOTAL'!N221 -> 0 | I217: ='RESUMEN TOTAL'!O221 -> 0 | J217: ='RESUMEN TOTAL'!P221 -> 0 | K217: ='RESUMEN TOTAL'!Q221 -> 0 | L217: ='RESUMEN TOTAL'!R221 -> 0 | M217: ='RESUMEN TOTAL'!S221 -> 0 | ... AI217: ='RESUMEN TOTAL'!AO221 -> 0 | AJ217: ='RESUMEN TOTAL'!#REF! -> #REF!
A218: ='RESUMEN TOTAL'!A222 -> 9 DE JULIO | B218: ='RESUMEN TOTAL'!B222 -> NJU 08 | C218: ='RESUMEN TOTAL'!D222 -> BOCCUZZI Y O HIGGINS | D218: ='RESUMEN TOTAL'!E222 -> DOMO | E218: ='RESUMEN TOTAL'!F222 -> Radio | F218: ='RESUMEN TOTAL'!L222 -> 0 | G218: ='RESUMEN TOTAL'!M222 -> 0 | H218: ='RESUMEN TOTAL'!N222 -> 0 | I218: ='RESUMEN TOTAL'!O222 -> 0 | J218: ='RESUMEN TOTAL'!P222 -> 0 | K218: ='RESUMEN TOTAL'!Q222 -> 0 | L218: ='RESUMEN TOTAL'!R222 -> 0 | M218: ='RESUMEN TOTAL'!S222 -> 0 | ... AI218: ='RESUMEN TOTAL'!AO222 -> 0 | AJ218: ='RESUMEN TOTAL'!#REF! -> #REF!
... A226: ='RESUMEN TOTAL'!A230 -> AGUSTIN RAMIREZ | B226: ='RESUMEN TOTAL'!B230 -> PUNTO SEGURO - AGUSTIN RAMIREZ (fija) | C226: ='RESUMEN TOTAL'!D230 -> EL MALAMBO Y LA TRANQUERA | D226: ='RESUMEN TOTAL'!E230 -> Fija | E226: ='RESUMEN TOTAL'!F230 -> Fibra Optica | F226: ='RESUMEN TOTAL'!L230 -> 0 | G226: ='RESUMEN TOTAL'!M230 -> 0 | H226: ='RESUMEN TOTAL'!N230 -> 0 | I226: ='RESUMEN TOTAL'!O230 -> 0 | J226: ='RESUMEN TOTAL'!P230 -> 0 | K226: ='RESUMEN TOTAL'!Q230 -> 0 | L226: ='RESUMEN TOTAL'!R230 -> 0 | M226: ='RESUMEN TOTAL'!S230 -> 0 | ... AI226: ='RESUMEN TOTAL'!AO230 -> 0 | AJ226: ='RESUMEN TOTAL'!#REF! -> #REF!
A227: ='RESUMEN TOTAL'!A232 -> EL PARQUE | B227: ='RESUMEN TOTAL'!B232 -> PUNTO SEGURO - EL PARQUE (domo) | C227: ='RESUMEN TOTAL'!D232 -> CALLE 1282 Y 1201 | D227: ='RESUMEN TOTAL'!E232 -> DOMO | E227: ='RESUMEN TOTAL'!F232 -> Fibra Optica | F227: ='RESUMEN TOTAL'!L232 -> 0 | G227: ='RESUMEN TOTAL'!M232 -> 0 | H227: ='RESUMEN TOTAL'!N232 -> 0 | I227: ='RESUMEN TOTAL'!O232 -> 0 | J227: ='RESUMEN TOTAL'!P232 -> 0 | K227: ='RESUMEN TOTAL'!Q232 -> 0 | L227: ='RESUMEN TOTAL'!R232 -> 0 | M227: ='RESUMEN TOTAL'!S232 -> 0 | ... AI227: ='RESUMEN TOTAL'!AO232 -> 0 | AJ227: ='RESUMEN TOTAL'!#REF! -> #REF!
A228: ='RESUMEN TOTAL'!A233 -> EL PARQUE | B228: ='RESUMEN TOTAL'!B233 -> PUNTO SEGURO - EL PARQUE (fija) | C228: ='RESUMEN TOTAL'!D233 -> CALLE 1282 Y 1201 | D228: ='RESUMEN TOTAL'!E233 -> Fija | E228: ='RESUMEN TOTAL'!F233 -> Fibra Optica | F228: ='RESUMEN TOTAL'!L233 -> 0 | G228: ='RESUMEN TOTAL'!M233 -> 0 | H228: ='RESUMEN TOTAL'!N233 -> 0 | I228: ='RESUMEN TOTAL'!O233 -> 0 | J228: ='RESUMEN TOTAL'!P233 -> 0 | K228: ='RESUMEN TOTAL'!Q233 -> 0 | L228: ='RESUMEN TOTAL'!R233 -> 0 | M228: ='RESUMEN TOTAL'!S233 -> 0 | ... AI228: ='RESUMEN TOTAL'!AO233 -> 0 | AJ228: ='RESUMEN TOTAL'!#REF! -> #REF!
A229: ='RESUMEN TOTAL'!A235 -> INGENIERO ALLAN | B229: ='RESUMEN TOTAL'!B235 -> PUNTO SEGURO - ING. ALLAN (domo) | C229: ='RESUMEN TOTAL'!D235 -> DIAG. LOS YAGANES Y 1148 | D229: ='RESUMEN TOTAL'!E235 -> DOMO | E229: ='RESUMEN TOTAL'!F235 -> Fibra Optica | F229: ='RESUMEN TOTAL'!L235 -> 0 | G229: ='RESUMEN TOTAL'!M235 -> 0 | H229: ='RESUMEN TOTAL'!N235 -> 0 | I229: ='RESUMEN TOTAL'!O235 -> 0 | J229: ='RESUMEN TOTAL'!P235 -> 0 | K229: ='RESUMEN TOTAL'!Q235 -> 0 | L229: ='RESUMEN TOTAL'!R235 -> 0 | M229: ='RESUMEN TOTAL'!S235 -> 0 | ... AI229: ='RESUMEN TOTAL'!AO235 -> 0 | AJ229: ='RESUMEN TOTAL'!#REF! -> #REF!
A230: ='RESUMEN TOTAL'!A236 -> INGENIERO ALLAN | B230: ='RESUMEN TOTAL'!B236 -> PUNTO SEGURO - ING. ALLAN (fija) | C230: ='RESUMEN TOTAL'!D236 -> DIAG. LOS YAGANES Y 1148 | D230: ='RESUMEN TOTAL'!E236 -> Fija | E230: ='RESUMEN TOTAL'!F236 -> Fibra Optica | F230: ='RESUMEN TOTAL'!L236 -> 0 | G230: ='RESUMEN TOTAL'!M236 -> 0 | H230: ='RESUMEN TOTAL'!N236 -> 0 | I230: ='RESUMEN TOTAL'!O236 -> 0 | J230: ='RESUMEN TOTAL'!P236 -> 0 | K230: ='RESUMEN TOTAL'!Q236 -> 0 | L230: ='RESUMEN TOTAL'!R236 -> 0 | M230: ='RESUMEN TOTAL'!S236 -> 0 | ... AI230: ='RESUMEN TOTAL'!AO236 -> 0 | AJ230: ='RESUMEN TOTAL'!#REF! -> #REF!
A231: ='RESUMEN TOTAL'!#REF! -> #REF! | B231: ='RESUMEN TOTAL'!#REF! -> #REF! | C231: ='RESUMEN TOTAL'!#REF! -> #REF! | D231: ='RESUMEN TOTAL'!#REF! -> #REF! | E231: ='RESUMEN TOTAL'!#REF! -> #REF! | F231: ='RESUMEN TOTAL'!#REF! -> #REF! | G231: ='RESUMEN TOTAL'!#REF! -> #REF! | H231: ='RESUMEN TOTAL'!#REF! -> #REF! | ... AJ231: ='RESUMEN TOTAL'!#REF! -> #REF!
A232: ='RESUMEN TOTAL'!#REF! -> #REF! | B232: ='RESUMEN TOTAL'!#REF! -> #REF! | C232: ='RESUMEN TOTAL'!#REF! -> #REF! | D232: ='RESUMEN TOTAL'!#REF! -> #REF! | E232: ='RESUMEN TOTAL'!#REF! -> #REF! | F232: ='RESUMEN TOTAL'!#REF! -> #REF! | G232: ='RESUMEN TOTAL'!#REF! -> #REF! | H232: ='RESUMEN TOTAL'!#REF! -> #REF! | ... AJ232: ='RESUMEN TOTAL'!#REF! -> #REF!
A233: ='RESUMEN TOTAL'!A238 -> LUJAN | B233: ='RESUMEN TOTAL'!B238 -> PUNTO SEGURO - LUJAN (fija) | C233: ='RESUMEN TOTAL'!D238 -> DIAG. LOS TILOS Y LOS ALGARROBOS | D233: ='RESUMEN TOTAL'!E238 -> Fija | E233: ='RESUMEN TOTAL'!F238 -> Fibra Optica | F233: ='RESUMEN TOTAL'!L238 -> 0 | G233: ='RESUMEN TOTAL'!M238 -> 0 | H233: ='RESUMEN TOTAL'!N238 -> 0 | I233: ='RESUMEN TOTAL'!O238 -> 0 | J233: ='RESUMEN TOTAL'!P238 -> 0 | K233: ='RESUMEN TOTAL'!Q238 -> 0 | L233: ='RESUMEN TOTAL'!R238 -> 0 | M233: ='RESUMEN TOTAL'!S238 -> 0 | ... AI233: ='RESUMEN TOTAL'!AO238 -> 0 | AJ233: ='RESUMEN TOTAL'!#REF! -> #REF!
A234: ='RESUMEN TOTAL'!A241 -> ZONA RURAL SANTA ROSA | B234: ='RESUMEN TOTAL'!B241 -> PUNTO SEGURO - PICO DE ORO (domo) | C234: ='RESUMEN TOTAL'!D241 -> PISANI Y BULGARIA | D234: ='RESUMEN TOTAL'!E241 -> DOMO | E234: ='RESUMEN TOTAL'!F241 -> Fibra Optica | F234: ='RESUMEN TOTAL'!L241 -> 0 | G234: ='RESUMEN TOTAL'!M241 -> 0 | H234: ='RESUMEN TOTAL'!N241 -> 0 | I234: ='RESUMEN TOTAL'!O241 -> 0 | J234: ='RESUMEN TOTAL'!P241 -> 0 | K234: ='RESUMEN TOTAL'!Q241 -> 0 | L234: ='RESUMEN TOTAL'!R241 -> 0 | M234: ='RESUMEN TOTAL'!S241 -> 0 | ... AI234: ='RESUMEN TOTAL'!AO241 -> 0 | AJ234: ='RESUMEN TOTAL'!#REF! -> #REF!
A235: ='RESUMEN TOTAL'!A242 -> ZONA RURAL SANTA ROSA | B235: ='RESUMEN TOTAL'!B242 -> PUNTO SEGURO - PICO DE ORO (fija) | C235: ='RESUMEN TOTAL'!D242 -> PISANI Y BULGARIA | D235: ='RESUMEN TOTAL'!E242 -> Fija | E235: ='RESUMEN TOTAL'!F242 -> Fibra Optica | F235: ='RESUMEN TOTAL'!L242 -> 0 | G235: ='RESUMEN TOTAL'!M242 -> 0 | H235: ='RESUMEN TOTAL'!N242 -> 0 | I235: ='RESUMEN TOTAL'!O242 -> 0 | J235: ='RESUMEN TOTAL'!P242 -> 0 | K235: ='RESUMEN TOTAL'!Q242 -> 0 | L235: ='RESUMEN TOTAL'!R242 -> 0 | M235: ='RESUMEN TOTAL'!S242 -> 0 | ... AI235: ='RESUMEN TOTAL'!AO242 -> 0 | AJ235: ='RESUMEN TOTAL'!#REF! -> #REF!
A236: ='RESUMEN TOTAL'!A244 -> SAN FRANCISCO ESTE (CHICO) | B236: ='RESUMEN TOTAL'!B244 -> PUNTO SEGURO - SAN FRANCISCO (domo) | C236: ='RESUMEN TOTAL'!D244 -> RP 53 Y 1332 | D236: ='RESUMEN TOTAL'!E244 -> DOMO | E236: ='RESUMEN TOTAL'!F244 -> Fibra Optica | F236: ='RESUMEN TOTAL'!L244 -> 0 | G236: ='RESUMEN TOTAL'!M244 -> 0 | H236: ='RESUMEN TOTAL'!N244 -> 0 | I236: ='RESUMEN TOTAL'!O244 -> 0 | J236: ='RESUMEN TOTAL'!P244 -> 0 | K236: ='RESUMEN TOTAL'!Q244 -> APAGADO | L236: ='RESUMEN TOTAL'!R244 -> APAGADO | M236: ='RESUMEN TOTAL'!S244 -> 0 | ... AI236: ='RESUMEN TOTAL'!AO244 -> 0 | AJ236: ='RESUMEN TOTAL'!#REF! -> #REF!
A237: ='RESUMEN TOTAL'!A245 -> SAN JORGE | B237: ='RESUMEN TOTAL'!B245 -> Punto Seguro - San Jorge (Domo) | C237: ='RESUMEN TOTAL'!D245 -> CALLE 523 E/ 554 Y 556 | D237: ='RESUMEN TOTAL'!E245 -> DOMO | E237: ='RESUMEN TOTAL'!F245 -> Fibra Optica | F237: ='RESUMEN TOTAL'!L245 -> 0 | G237: ='RESUMEN TOTAL'!M245 -> 0 | H237: ='RESUMEN TOTAL'!N245 -> 0 | I237: ='RESUMEN TOTAL'!O245 -> 0 | J237: ='RESUMEN TOTAL'!P245 -> 0 | K237: ='RESUMEN TOTAL'!Q245 -> APAGADO | L237: ='RESUMEN TOTAL'!R245 -> 0 | M237: ='RESUMEN TOTAL'!S245 -> 0 | ... AI237: ='RESUMEN TOTAL'!AO245 -> 0 | AJ237: ='RESUMEN TOTAL'!#REF! -> #REF!
A238: ='RESUMEN TOTAL'!A246 -> SAN JORGE | B238: ='RESUMEN TOTAL'!B246 -> Punto Seguro - San Jorge (Fija) | C238: ='RESUMEN TOTAL'!D246 -> CALLE 523 E/ 554 Y 556 | D238: ='RESUMEN TOTAL'!E246 -> Fija | E238: ='RESUMEN TOTAL'!F246 -> Fibra Optica | F238: ='RESUMEN TOTAL'!L246 -> 0 | G238: ='RESUMEN TOTAL'!M246 -> 0 | H238: ='RESUMEN TOTAL'!N246 -> 0 | I238: ='RESUMEN TOTAL'!O246 -> 0 | J238: ='RESUMEN TOTAL'!P246 -> 0 | K238: ='RESUMEN TOTAL'!Q246 -> APAGADO | L238: ='RESUMEN TOTAL'!R246 -> 0 | M238: ='RESUMEN TOTAL'!S246 -> 0 | ... AI238: ='RESUMEN TOTAL'!AO246 -> 0 | AJ238: ='RESUMEN TOTAL'!#REF! -> #REF!
A239: ='RESUMEN TOTAL'!A248 -> SAN RUDECINDO | B239: ='RESUMEN TOTAL'!B248 -> PUNTO SEGURO- SAN RUDECINDO (domo) | C239: ='RESUMEN TOTAL'!D248 -> SANTA SOFIA Y ALVAR NUÑEZ | D239: ='RESUMEN TOTAL'!E248 -> DOMO | E239: ='RESUMEN TOTAL'!F248 -> Fibra Optica | F239: ='RESUMEN TOTAL'!L248 -> 0 | G239: ='RESUMEN TOTAL'!M248 -> 0 | H239: ='RESUMEN TOTAL'!N248 -> 0 | I239: ='RESUMEN TOTAL'!O248 -> 0 | J239: ='RESUMEN TOTAL'!P248 -> 0 | K239: ='RESUMEN TOTAL'!Q248 -> 0 | L239: ='RESUMEN TOTAL'!R248 -> 0 | M239: ='RESUMEN TOTAL'!S248 -> 0 | ... AI239: ='RESUMEN TOTAL'!AO248 -> 0 | AJ239: ='RESUMEN TOTAL'!#REF! -> #REF!
A240: ='RESUMEN TOTAL'!A249 -> SAN RUDECINDO | B240: ='RESUMEN TOTAL'!B249 -> PUNTO SEGURO - SAN RUDECINDO (fija) | C240: ='RESUMEN TOTAL'!D249 -> SANTA SOFIA Y ALVAR NUÑEZ | D240: ='RESUMEN TOTAL'!E249 -> Fija | E240: ='RESUMEN TOTAL'!F249 -> Fibra Optica | F240: ='RESUMEN TOTAL'!L249 -> 0 | G240: ='RESUMEN TOTAL'!M249 -> 0 | H240: ='RESUMEN TOTAL'!N249 -> 0 | I240: ='RESUMEN TOTAL'!O249 -> 0 | J240: ='RESUMEN TOTAL'!P249 -> 0 | K240: ='RESUMEN TOTAL'!Q249 -> 0 | L240: ='RESUMEN TOTAL'!R249 -> 0 | M240: ='RESUMEN TOTAL'!S249 -> 0 | ... AI240: ='RESUMEN TOTAL'!AO249 -> 0 | AJ240: ='RESUMEN TOTAL'!#REF! -> #REF!
A241: ='RESUMEN TOTAL'!A251 -> ZONA RURAL SANTA ROSA | B241: ='RESUMEN TOTAL'!B251 -> PUNTO SEGURO - SANTA ROSA (domo) | C241: ='RESUMEN TOTAL'!D251 -> BRUSELAS Y SICILIA | D241: ='RESUMEN TOTAL'!E251 -> DOMO | E241: ='RESUMEN TOTAL'!F251 -> Fibra Optica | F241: ='RESUMEN TOTAL'!L251 -> 0 | G241: ='RESUMEN TOTAL'!M251 -> 0 | H241: ='RESUMEN TOTAL'!N251 -> 0 | I241: ='RESUMEN TOTAL'!O251 -> 0 | J241: ='RESUMEN TOTAL'!P251 -> 0 | K241: ='RESUMEN TOTAL'!Q251 -> 0 | L241: ='RESUMEN TOTAL'!R251 -> 0 | M241: ='RESUMEN TOTAL'!S251 -> 0 | ... AI241: ='RESUMEN TOTAL'!AO251 -> 0 | AJ241: ='RESUMEN TOTAL'!#REF! -> #REF!
A242: ='RESUMEN TOTAL'!A252 -> ZONA RURAL SANTA ROSA | B242: ='RESUMEN TOTAL'!B252 -> PUNTO SEGURO - SANTA ROSA (fija) | C242: ='RESUMEN TOTAL'!D252 -> BRUSELAS Y SICILIA | D242: ='RESUMEN TOTAL'!E252 -> Fija | E242: ='RESUMEN TOTAL'!F252 -> Fibra Optica | F242: ='RESUMEN TOTAL'!L252 -> 0 | G242: ='RESUMEN TOTAL'!M252 -> 0 | H242: ='RESUMEN TOTAL'!N252 -> 0 | I242: ='RESUMEN TOTAL'!O252 -> 0 | J242: ='RESUMEN TOTAL'!P252 -> 0 | K242: ='RESUMEN TOTAL'!Q252 -> 0 | L242: ='RESUMEN TOTAL'!R252 -> 0 | M242: ='RESUMEN TOTAL'!S252 -> 0 | ... AI242: ='RESUMEN TOTAL'!AO252 -> 0 | AJ242: ='RESUMEN TOTAL'!#REF! -> #REF!
A243: ='RESUMEN TOTAL'!A231 -> DON JOSE | B243: ='RESUMEN TOTAL'!B231 -> PUNTO SEGURO AGUSTIN RAMIREZ INTERCOMUNICADOR | C243: ='RESUMEN TOTAL'!D231 -> MALAMBO Y LA TRANQUERA | D243: ='RESUMEN TOTAL'!E231 -> Fija | E243: ='RESUMEN TOTAL'!F231 -> Fibra Optica | F243: ='RESUMEN TOTAL'!L231 -> 0 | G243: ='RESUMEN TOTAL'!M231 -> 0 | H243: ='RESUMEN TOTAL'!N231 -> 0 | I243: ='RESUMEN TOTAL'!O231 -> 0 | J243: ='RESUMEN TOTAL'!P231 -> 0 | K243: ='RESUMEN TOTAL'!Q231 -> APAGADO | L243: ='RESUMEN TOTAL'!R231 -> APAGADO | M243: ='RESUMEN TOTAL'!S231 -> 0 | ... AI243: ='RESUMEN TOTAL'!AO231 -> 0 | AJ243: ='RESUMEN TOTAL'!#REF! -> #REF!
A244: ='RESUMEN TOTAL'!A234 -> EL PARQUE | B244: ='RESUMEN TOTAL'!B234 -> PUNTO SEGURO - EL PARQUE INTERCOMUNICADOR | C244: ='RESUMEN TOTAL'!D234 -> 1282 Y 1201 | D244: ='RESUMEN TOTAL'!E234 -> Fija | E244: ='RESUMEN TOTAL'!F234 -> Fibra Optica | F244: ='RESUMEN TOTAL'!L234 -> 0 | G244: ='RESUMEN TOTAL'!M234 -> 0 | H244: ='RESUMEN TOTAL'!N234 -> 0 | I244: ='RESUMEN TOTAL'!O234 -> 0 | J244: ='RESUMEN TOTAL'!P234 -> 0 | K244: ='RESUMEN TOTAL'!Q234 -> 0 | L244: ='RESUMEN TOTAL'!R234 -> 0 | M244: ='RESUMEN TOTAL'!S234 -> 0 | ... AI244: ='RESUMEN TOTAL'!AO234 -> 0 | AJ244: ='RESUMEN TOTAL'!#REF! -> #REF!
A245: ='RESUMEN TOTAL'!A237 -> INGENIERO ALLAN | B245: ='RESUMEN TOTAL'!B237 -> PUNTO SEGURO - ING ALLAN INTERCOMUNICADOR | C245: ='RESUMEN TOTAL'!D237 -> DIAG LOS YAGANES Y 1148 | D245: ='RESUMEN TOTAL'!E237 -> Domo | E245: ='RESUMEN TOTAL'!F237 -> Fibra Optica | F245: ='RESUMEN TOTAL'!L237 -> 0 | G245: ='RESUMEN TOTAL'!M237 -> 0 | H245: ='RESUMEN TOTAL'!N237 -> 0 | I245: ='RESUMEN TOTAL'!O237 -> 0 | J245: ='RESUMEN TOTAL'!P237 -> 0 | K245: ='RESUMEN TOTAL'!Q237 -> 0 | L245: ='RESUMEN TOTAL'!R237 -> 0 | M245: ='RESUMEN TOTAL'!S237 -> 0 | ... AI245: ='RESUMEN TOTAL'!AO237 -> 0 | AJ245: ='RESUMEN TOTAL'!#REF! -> #REF!
A246: ='RESUMEN TOTAL'!A239 -> LUJAN | B246: ='RESUMEN TOTAL'!B239 -> PUNTO SEGURO LUJAN (domo) | C246: ='RESUMEN TOTAL'!D239 -> DIAG. LOS TILOS Y LOS ALGARROBOS | D246: ='RESUMEN TOTAL'!E239 -> DOMO | E246: ='RESUMEN TOTAL'!F239 -> Fibra Optica | F246: ='RESUMEN TOTAL'!L239 -> 0 | G246: ='RESUMEN TOTAL'!M239 -> 0 | H246: ='RESUMEN TOTAL'!N239 -> 0 | I246: ='RESUMEN TOTAL'!O239 -> 0 | J246: ='RESUMEN TOTAL'!P239 -> 0 | K246: ='RESUMEN TOTAL'!Q239 -> 0 | L246: ='RESUMEN TOTAL'!R239 -> 0 | M246: ='RESUMEN TOTAL'!S239 -> 0 | ... AI246: ='RESUMEN TOTAL'!AO239 -> 0 | AJ246: ='RESUMEN TOTAL'!#REF! -> #REF!
A247: ='RESUMEN TOTAL'!A240 -> LUJAN | B247: ='RESUMEN TOTAL'!B240 -> PUNTO SEGURO LUJAN INTERCOMUNICADOR | C247: ='RESUMEN TOTAL'!D240 -> DIAG LOS TILOS Y LOS ALGARROBOS | D247: ='RESUMEN TOTAL'!E240 -> Fija | E247: ='RESUMEN TOTAL'!F240 -> Fibra Optica | F247: ='RESUMEN TOTAL'!L240 -> 0 | G247: ='RESUMEN TOTAL'!M240 -> 0 | H247: ='RESUMEN TOTAL'!N240 -> 0 | I247: ='RESUMEN TOTAL'!O240 -> 0 | J247: ='RESUMEN TOTAL'!P240 -> 0 | K247: ='RESUMEN TOTAL'!Q240 -> 0 | L247: ='RESUMEN TOTAL'!R240 -> 0 | M247: ='RESUMEN TOTAL'!S240 -> 0 | ... AI247: ='RESUMEN TOTAL'!AO240 -> 0 | AJ247: ='RESUMEN TOTAL'!#REF! -> #REF!
A248: ='RESUMEN TOTAL'!A243 -> ZONA RURAL SANTA ROSA | B248: ='RESUMEN TOTAL'!B243 -> PUNTO SEGURO PICO DE ORO INTERCOMUNICADOR | C248: ='RESUMEN TOTAL'!D243 -> PISANI Y BULGARIA | D248: ='RESUMEN TOTAL'!E243 -> Domo | E248: ='RESUMEN TOTAL'!F243 -> Fibra Optica | F248: ='RESUMEN TOTAL'!L243 -> 0 | G248: ='RESUMEN TOTAL'!M243 -> 0 | H248: ='RESUMEN TOTAL'!N243 -> 0 | I248: ='RESUMEN TOTAL'!O243 -> 0 | J248: ='RESUMEN TOTAL'!P243 -> 0 | K248: ='RESUMEN TOTAL'!Q243 -> 0 | L248: ='RESUMEN TOTAL'!R243 -> 0 | M248: ='RESUMEN TOTAL'!S243 -> 0 | ... AI248: ='RESUMEN TOTAL'!AO243 -> 0 | AJ248: ='RESUMEN TOTAL'!#REF! -> #REF!
A249: ='RESUMEN TOTAL'!A247 -> SAN JORGE | B249: ='RESUMEN TOTAL'!B247 -> PUNTO SEGURO SAN JORGE INTERCOMUNICADOR | C249: ='RESUMEN TOTAL'!D247 -> CALLE 554 Y 523 | D249: ='RESUMEN TOTAL'!E247 -> Fija | E249: ='RESUMEN TOTAL'!F247 -> Fibra Optica | F249: ='RESUMEN TOTAL'!L247 -> 0 | G249: ='RESUMEN TOTAL'!M247 -> 0 | H249: ='RESUMEN TOTAL'!N247 -> 0 | I249: ='RESUMEN TOTAL'!O247 -> 0 | J249: ='RESUMEN TOTAL'!P247 -> 0 | K249: ='RESUMEN TOTAL'!Q247 -> 0 | L249: ='RESUMEN TOTAL'!R247 -> APAGADO | M249: ='RESUMEN TOTAL'!S247 -> 0 | ... AI249: ='RESUMEN TOTAL'!AO247 -> 0 | AJ249: ='RESUMEN TOTAL'!#REF! -> #REF!
A250: ='RESUMEN TOTAL'!A250 -> SAN RUDECINDO | B250: ='RESUMEN TOTAL'!B250 -> PUNTO SEGURO SAN RUDECINDO INTERCOMUNICADOR | C250: ='RESUMEN TOTAL'!D250 -> SABTA SOFIA Y ALVAR NUÃ‘EZ | D250: ='RESUMEN TOTAL'!E250 -> Domo | E250: ='RESUMEN TOTAL'!F250 -> Fibra Optica | F250: ='RESUMEN TOTAL'!L250 -> 0 | G250: ='RESUMEN TOTAL'!M250 -> 0 | H250: ='RESUMEN TOTAL'!N250 -> 0 | I250: ='RESUMEN TOTAL'!O250 -> 0 | J250: ='RESUMEN TOTAL'!P250 -> 0 | K250: ='RESUMEN TOTAL'!Q250 -> 0 | L250: ='RESUMEN TOTAL'!R250 -> 0 | M250: ='RESUMEN TOTAL'!S250 -> 0 | ... AI250: ='RESUMEN TOTAL'!AO250 -> 0 | AJ250: ='RESUMEN TOTAL'!#REF! -> #REF!
A251: ='RESUMEN TOTAL'!A253 -> ZONA RURAL SANTA ROSA | B251: ='RESUMEN TOTAL'!B253 -> PUNTO SEGURO SANTA ROSA INTERCOMUNICADOR | C251: ='RESUMEN TOTAL'!D253 -> Bruselas y sicilia | D251: ='RESUMEN TOTAL'!E253 -> Fija | E251: ='RESUMEN TOTAL'!F253 -> Fibra Optica | F251: ='RESUMEN TOTAL'!L253 -> 0 | G251: ='RESUMEN TOTAL'!M253 -> 0 | H251: ='RESUMEN TOTAL'!N253 -> 0 | I251: ='RESUMEN TOTAL'!O253 -> 0 | J251: ='RESUMEN TOTAL'!P253 -> 0 | K251: ='RESUMEN TOTAL'!Q253 -> 0 | L251: ='RESUMEN TOTAL'!R253 -> 0 | M251: ='RESUMEN TOTAL'!S253 -> 0 | ... AI251: ='RESUMEN TOTAL'!AO253 -> 0 | AJ251: ='RESUMEN TOTAL'!#REF! -> #REF!
A252: ='RESUMEN TOTAL'!A254 -> VILLA ARGENTINA | B252: ='RESUMEN TOTAL'!B254 -> PUNTO SEGURO VILLA ARGENTINA domo | C252: ='RESUMEN TOTAL'!D254 -> CALLE 513 Y DIAG PORTELA | D252: ='RESUMEN TOTAL'!E254 -> Fija | E252: ='RESUMEN TOTAL'!F254 -> Fibra Optica | F252: ='RESUMEN TOTAL'!L254 -> 0 | G252: ='RESUMEN TOTAL'!M254 -> 0 | H252: ='RESUMEN TOTAL'!N254 -> 0 | I252: ='RESUMEN TOTAL'!O254 -> 0 | J252: ='RESUMEN TOTAL'!P254 -> 0 | K252: ='RESUMEN TOTAL'!Q254 -> APAGADO | L252: ='RESUMEN TOTAL'!R254 -> 0 | M252: ='RESUMEN TOTAL'!S254 -> 0 | ... AI252: ='RESUMEN TOTAL'!AO254 -> 0 | AJ252: ='RESUMEN TOTAL'!#REF! -> #REF!
A253: ='RESUMEN TOTAL'!A257 -> EL ROCIO | B253: ='RESUMEN TOTAL'!B257 -> RCO 01 | C253: ='RESUMEN TOTAL'!D257 -> AV. LUJAN Y LOBOS | D253: ='RESUMEN TOTAL'!E257 -> DOMO | E253: ='RESUMEN TOTAL'!F257 -> Fibra Optica | F253: ='RESUMEN TOTAL'!L257 -> 0 | G253: ='RESUMEN TOTAL'!M257 -> 0 | H253: ='RESUMEN TOTAL'!N257 -> 0 | I253: ='RESUMEN TOTAL'!O257 -> 0 | J253: ='RESUMEN TOTAL'!P257 -> 0 | K253: ='RESUMEN TOTAL'!Q257 -> 0 | L253: ='RESUMEN TOTAL'!R257 -> 0 | M253: ='RESUMEN TOTAL'!S257 -> 0 | ... AI253: ='RESUMEN TOTAL'!AO257 -> 0 | AJ253: ='RESUMEN TOTAL'!#REF! -> #REF!
A254: ='RESUMEN TOTAL'!A258 -> EL ROCIO | B254: ='RESUMEN TOTAL'!B258 -> RCO02 | C254: ='RESUMEN TOTAL'!D258 -> AV. LUJAN Y BRANDSEN | D254: ='RESUMEN TOTAL'!E258 -> DOMO | E254: ='RESUMEN TOTAL'!F258 -> Fibra Optica | F254: ='RESUMEN TOTAL'!L258 -> 0 | G254: ='RESUMEN TOTAL'!M258 -> 0 | H254: ='RESUMEN TOTAL'!N258 -> 0 | I254: ='RESUMEN TOTAL'!O258 -> 0 | J254: ='RESUMEN TOTAL'!P258 -> 0 | K254: ='RESUMEN TOTAL'!Q258 -> 0 | L254: ='RESUMEN TOTAL'!R258 -> 0 | M254: ='RESUMEN TOTAL'!S258 -> 0 | ... AI254: ='RESUMEN TOTAL'!AO258 -> 0 | AJ254: ='RESUMEN TOTAL'!#REF! -> #REF!
