Workbook
Name _25_de_agosto: 'RESUMEN TOTAL'!$A$4:$D$378
Name _25_de_agosto_3: 'RESUMEN TOTAL'!$A$4:$D$390
Name BONOMOcam: Hoja1!$B$2
Name CANTIDAD_DE_CAMARAS: 'RESUMEN TOTAL'!$B$1
Name COSEIDIcam: Hoja1!$B$4

Sheet RESUMEN TOTAL
A1: CANTIDAD DE CAMARAS | B1: =COUNTA(B5:B545) -> 447 | D1: PORCIENTO DE CAIDAS | L1: =(L3)/(L2+L3) -> 0.12527964 | M1: =(M3)/(M2+M3) -> 0.098434004 | N1: =(N3)/(N2+N3) -> 0.12304251 | O1: =(O3)/(O2+O3) -> 0.10290828 | P1: =(P3)/(P2+P3) -> 0.10067114 | Q1: =(Q3)/(Q2+Q3) -> 0.093959732 | R1: =(R3)/(R2+R3) -> 0.080536913 | S1: =(S3)/(S2+S3) -> 0.10290828 | ... X1: =(X3)/(X2+X3) -> 0.22818792 | Z1: =(Z3)/(Z2+Z3) -> 0.062639821 | AA1: =(AA3)/(AA2+AA3) -> 0.096196868 | AB1: =(AB3)/(AB2+AB3) -> 0 | AC1: =(AC3)/(AC2+AC3) -> 0 | AD1: =(AD3)/(AD2+AD3) -> 0 | AE1: =(AE3)/(AE2+AE3) -> 0 | AF1: =(AF3)/(AF2+AF3) -> 0 | AG1: =(AG3)/(AG2+AG3) -> 0 | ... AO1: =(AO3)/(AO2+AO3) -> 0
D2: FUNCIONAN | L2: =B1-L3 -> 391 | M2: =CANTIDAD_DE_CAMARAS-M3 -> 403 | N2: =CANTIDAD_DE_CAMARAS-N3 -> 392 | O2: =CANTIDAD_DE_CAMARAS-O3 -> 401 | P2: =CANTIDAD_DE_CAMARAS-P3 -> 402 | Q2: =CANTIDAD_DE_CAMARAS-Q3 -> 405 | R2: =CANTIDAD_DE_CAMARAS-R3 -> 411 | S2: =CANTIDAD_DE_CAMARAS-S3 -> 401 | T2: =CANTIDAD_DE_CAMARAS-T3 -> 420 | ... AO2: =CANTIDAD_DE_CAMARAS-AO3 -> 447
D3: CAIDAS | L3: =COUNTIF(L4:L465, "apagado") -> 56 | M3: =COUNTIF(M4:M465, "apagado") -> 44 | N3: =COUNTIF(N4:N465, "apagado") -> 55 | O3: =COUNTIF(O4:O465, "apagado") -> 46 | P3: =COUNTIF(P4:P465, "apagado") -> 45 | Q3: =COUNTIF(Q4:Q465, "apagado") -> 42 | R3: =COUNTIF(R4:R465, "apagado") -> 36 | S3: =COUNTIF(S4:S465, "apagado") -> 46 | ... AO3: =COUNTIF(AO4:AO465, "apagado") -> 0
A4: Barrio | B4: [Denominacion] | C4: [Empresa Mantenimiento] | D4: [Ubicacion] | E4: [Tipo de Camara] | F4: [Tipo de Conexion] | G4: Destino | I4: DIAS FUNCIONANDO | J4: DIAS CAIDA | K4: EFECTIVIDAD | L4: 45078 | M4: 45079 | N4: 45080 | O4: 45081 | P4: 45082 | Q4: 45083 | R4: 45084 | S4: 45085 | T4: 45086 | U4: 45087 | V4: 45088 | W4: 45089 | X4: 45090 | Y4: 45091 | Z4: 45092 | AA4: 45093 | AB4: 45094 | AC4: 45095 | AD4: 45096 | AE4: 45097 | AF4: 45098 | AG4: 45099 | AH4: 45100 | AI4: 45101 | AJ4: 45102 | AK4: 45103 | AL4: 45104 | AM4: 45105 | AN4: 45106 | AO4: 45107
A5: ALTAMIRA | B5: ALT01 | C5: BONOMO | D5: Calchaqui y Sgto. Cabral | E5: Domo | F5: Fibra Optica | H5: 172.20.10.6 | I5: =COUNTIF(L5:AM5,"") -> 26 | J5: =COUNTIF(L5:AM5,"APAGADO") -> 2 | K5: =(I5)/(J5+I5) -> 0.92857143 | W5: APAGADO | X5: APAGADO
A6: ALTAMIRA | B6: ALT02 | C6: BONOMO | D6: Calchaqui y Lope de Vega | E6: Domo | F6: PTO A FO | G6: CABRAL Y CALCHAQUI | H6: 172.20.12.218 | I6: =COUNTIF(L6:AM6,"") -> 26 | J6: =COUNTIF(L6:AM6,"APAGADO") -> 2 | K6: =(I6)/(J6+I6) -> 0.92857143 | W6: APAGADO | X6: APAGADO
A7: ALTAMIRA | B7: ALT 03 | C7: BONOMO | D7: Bombero Galarza y Necochea | E7: Domo | F7: Fibra Optica | H7: 172.20.12.54 | I7: =COUNTIF(L7:AM7,"") -> 26 | J7: =COUNTIF(L7:AM7,"APAGADO") -> 2 | K7: =(I7)/(J7+I7) -> 0.92857143 | W7: APAGADO | X7: APAGADO
A8: ALTAMIRA | B8: ALT 04 | C8: BONOMO | D8: Francia y Necochea | E8: Domo | F8: Fibra Optica | H8: 172.20.12.55 | I8: =COUNTIF(L8:AM8,"") -> 26 | J8: =COUNTIF(L8:AM8,"APAGADO") -> 2 | K8: =(I8)/(J8+I8) -> 0.92857143 | W8: APAGADO | X8: APAGADO
A9: ALTAMIRA | B9: ALT05 | C9: BONOMO | D9: Av. Calchaqui y Bombero Galarza | E9: Domo | F9: PTO A FO | G9: NECOCHEA Y GALARZA | H9: 172.20.12.216 | I9: =COUNTIF(L9:AM9,"") -> 26 | J9: =COUNTIF(L9:AM9,"APAGADO") -> 2 | K9: =(I9)/(J9+I9) -> 0.92857143 | W9: APAGADO | X9: APAGADO
A10: ALTAMIRA | B10: ALT 06 | C10: BONOMO | D10: LOPE DE VEGA Y NECOCHEA | E10: Domo | F10: PTO A FO | G10: NECOCHEA Y GALARZA | H10: 172.20.12.12 | I10: =COUNTIF(L10:AM10,"") -> 26 | J10: =COUNTIF(L10:AM10,"APAGADO") -> 2 | K10: =(I10)/(J10+I10) -> 0.92857143 | W10: APAGADO | X10: APAGADO
A11: ALTAMIRA | B11: ALT07 | C11: BONOMO | D11: AV. CALCHAQUI Y AV. DEL TRABAJO | E11: DOMO | F11: PTO A FO | G11: CABRAL Y CALCHAQUI | H11: 172.20.10.57 | I11: =COUNTIF(L11:AM11,"") -> 26 | J11: =COUNTIF(L11:AM11,"APAGADO") -> 2 | K11: =(I11)/(J11+I11) -> 0.92857143 | W11: APAGADO | X11: APAGADO
A12: ALTAMIRA | B12: ALT 08 | C12: BONOMO | D12: HUMAITA Y NECOCHEA | E12: DOMO | F12: Fibra Optica | H12: 172.20.11.215 | I12: =COUNTIF(L12:AM12,"") -> 26 | J12: =COUNTIF(L12:AM12,"APAGADO") -> 2 | K12: =(I12)/(J12+I12) -> 0.92857143 | W12: APAGADO | X12: APAGADO
A13: ALTAMIRA | B13: ALT 09 | C13: BONOMO | D13: NECOCHEA Y CURUPAITY | E13: DOMO | F13: Fibra Optica | H13: 172.20.11.216 | I13: =COUNTIF(L13:AM13,"") -> 26 | J13: =COUNTIF(L13:AM13,"APAGADO") -> 2 | K13: =(I13)/(J13+I13) -> 0.92857143 | W13: APAGADO | X13: APAGADO
A14: ALTAMIRA | B14: ALT 10 | C14: BONOMO | D14: Calchaqui y Francia | E14: Domo | F14: Radio | H14: 172.20.12.156 | I14: =COUNTIF(L14:AM14,"") -> 26 | J14: =COUNTIF(L14:AM14,"APAGADO") -> 2 | K14: =(I14)/(J14+I14) -> 0.92857143 | W14: APAGADO | X14: APAGADO
A15: AGUSTIN RAMIREZ | B15: ARA 01 | C15: COSEIDI | D15: Malambo y Tranquera | E15: Domo | F15: Fibra Optica | H15: 172.20.12.110 | I15: =COUNTIF(L15:AM15,"") -> 28 | J15: =COUNTIF(L15:AM15,"APAGADO") -> 0 | K15: =(I15)/(J15+I15) -> 1
A16: BELGRANO | B16: BEL 01 | C16: BONOMO | D16: San Martin y Dardo Rocha | E16: DOMO | F16: Fibra Optica | H16: 172.20.12.64 | I16: =COUNTIF(L16:AM16,"") -> 25 | J16: =COUNTIF(L16:AM16,"APAGADO") -> 3 | K16: =(I16)/(J16+I16) -> 0.89285714 | X16: APAGADO | Y16: APAGADO | AA16: APAGADO
A17: BELGRANO | B17: BEL 02 | C17: BONOMO | D17: Guardia vieja y Fronteriz | E17: DOMO | F17: Fibra Optica | I17: =COUNTIF(L17:AM17,"") -> 24 | J17: =COUNTIF(L17:AM17,"APAGADO") -> 4 | K17: =(I17)/(J17+I17) -> 0.85714286 | X17: APAGADO | Y17: APAGADO | Z17: APAGADO | AA17: APAGADO
A18: BOSQUES CENTRO | B18: BOSQC 01 | C18: COSEIDI | D18: LUIS AGOTE E/DANUNCIO Y CAMPOAMOR | E18: Fija | F18: Radio | H18: 172.20.11.15 | I18: =COUNTIF(L18:AM18,"") -> 26 | J18: =COUNTIF(L18:AM18,"APAGADO") -> 2 | K18: =(I18)/(J18+I18) -> 0.92857143 | W18: APAGADO | X18: APAGADO
A19: BOSQUES CENTRO | B19: BOSQC 02 | C19: COSEIDI | D19: LUIS AGOTE E/DANUNCIO Y CAMPOAMOR | E19: Fija | F19: Radio | H19: 172.20.11.16 | I19: =COUNTIF(L19:AM19,"") -> 26 | J19: =COUNTIF(L19:AM19,"APAGADO") -> 2 | K19: =(I19)/(J19+I19) -> 0.92857143 | W19: APAGADO | X19: APAGADO
A20: BOSQUES CENTRO | B20: BOSQC 03 | C20: COSEIDI | D20: BENAVENTE Y LUIS AGOTE | E20: Fija | F20: Radio | H20: 172.20.11.13 | I20: =COUNTIF(L20:AM20,"") -> 26 | J20: =COUNTIF(L20:AM20,"APAGADO") -> 2 | K20: =(I20)/(J20+I20) -> 0.92857143 | W20: APAGADO | X20: APAGADO
A21: BOSQUES CENTRO | B21: BOSQC 04 | C21: COSEIDI | D21: BENAVENTE Y LUIS AGOTE | E21: Fija | F21: Radio | H21: 172.20.11.113 | I21: =COUNTIF(L21:AM21,"") -> 26 | J21: =COUNTIF(L21:AM21,"APAGADO") -> 2 | K21: =(I21)/(J21+I21) -> 0.92857143 | W21: APAGADO | X21: APAGADO
A22: BOSQUES CENTRO | B22: BOSQC 05 | C22: COSEIDI | D22: LUIS AGOTE Y RUTA 36 | E22: Fija | F22: Radio | H22: 172.20.11.17 | I22: =COUNTIF(L22:AM22,"") -> 24 | J22: =COUNTIF(L22:AM22,"APAGADO") -> 4 | K22: =(I22)/(J22+I22) -> 0.85714286 | W22: APAGADO | X22: APAGADO | Y22: APAGADO | Z22: APAGADO
A23: BOSQUES CENTRO | B23: BOSQC 06 | C23: COSEIDI | D23: LUIS AGOTE Y RUTA 36 | E23: Fija | F23: Radio | H23: 172.20.11.18 | I23: =COUNTIF(L23:AM23,"") -> 24 | J23: =COUNTIF(L23:AM23,"APAGADO") -> 4 | K23: =(I23)/(J23+I23) -> 0.85714286 | W23: APAGADO | X23: APAGADO | Y23: APAGADO | Z23: APAGADO
A24: CENTRO | B24: CEN01 | C24: BONOMO | D24: San Martin y 9 de Julio | E24: Fija | F24: Fibra Optica | H24: 172.20.11.10 | I24: =COUNTIF(L24:AM24,"") -> 28 | J24: =COUNTIF(L24:AM24,"APAGADO") -> 0 | K24: =(I24)/(J24+I24) -> 1
A25: CENTRO | B25: CEN02 | C25: BONOMO | D25: San Martin y Almafuerte | E25: Fija | F25: Fibra Optica | H25: 172.20.11.11 | I25: =COUNTIF(L25:AM25,"") -> 28 | J25: =COUNTIF(L25:AM25,"APAGADO") -> 0 | K25: =(I25)/(J25+I25) -> 1
A26: CENTRO | B26: CEN03 | C26: BONOMO | D26: San Martin y Sallares | E26: Domo | F26: Fibra Optica | H26: 172.20.12.30 | I26: =COUNTIF(L26:AM26,"") -> 28 | J26: =COUNTIF(L26:AM26,"APAGADO") -> 0 | K26: =(I26)/(J26+I26) -> 1
A27: CENTRO | B27: CEN04 | C27: BONOMO | D27: San Martin y Contreras | E27: Domo | F27: Fibra Optica | H27: 172.20.12.29 | I27: =COUNTIF(L27:AM27,"") -> 28 | J27: =COUNTIF(L27:AM27,"APAGADO") -> 0 | K27: =(I27)/(J27+I27) -> 1
A28: CENTRO | B28: CEN 05 | C28: BONOMO | D28: Bocuzzi e/España y San Martin | E28: DOMO | F28: Fibra Optica | H28: 172.20.10.200 | I28: =COUNTIF(L28:AM28,"") -> 27 | J28: =COUNTIF(L28:AM28,"APAGADO") -> 1 | K28: =(I28)/(J28+I28) -> 0.96428571 | Y28: APAGADO
A29: CENTRO | B29: CEN06 | C29: BONOMO | D29: Monteagudo y A.del Valle | E29: Fija | F29: Fibra Optica | H29: 172.20.10.02 | I29: =COUNTIF(L29:AM29,"") -> 23 | J29: =COUNTIF(L29:AM29,"APAGADO") -> 5 | K29: =(I29)/(J29+I29) -> 0.82142857 | U29: APAGADO | W29: APAGADO | X29: APAGADO | Y29: APAGADO | Z29: APAGADO
A30: CENTRO | B30: CEN07 | C30: BONOMO | D30: San Martin y Guemes | E30: DOMO | F30: Fibra Optica | H30: 172.20.11.20 | I30: =COUNTIF(L30:AM30,"") -> 26 | J30: =COUNTIF(L30:AM30,"APAGADO") -> 2 | K30: =(I30)/(J30+I30) -> 0.92857143 | X30: APAGADO | AA30: APAGADO
A31: CENTRO | B31: CEN08 | C31: BONOMO | D31: San Martin y Pte.Peron | E31: Domo | F31: Fibra Optica | H31: 172.20.11.21 | I31: =COUNTIF(L31:AM31,"") -> 28 | J31: =COUNTIF(L31:AM31,"APAGADO") -> 0 | K31: =(I31)/(J31+I31) -> 1
A32: CENTRO | B32: CEN09 | C32: BONOMO | D32: Chacabuco y 25 de Mayo | E32: Domo | F32: Fibra Optica | H32: 172.20.11.22 | I32: =COUNTIF(L32:AM32,"") -> 28 | J32: =COUNTIF(L32:AM32,"APAGADO") -> 0 | K32: =(I32)/(J32+I32) -> 1
A33: CENTRO | B33: CEN10 | C33: BONOMO | D33: Monteagudo y Pte. Peron | E33: Domo | F33: Fibra Optica | H33: 172.20.11.23 | I33: =COUNTIF(L33:AM33,"") -> 28 | J33: =COUNTIF(L33:AM33,"APAGADO") -> 0 | K33: =(I33)/(J33+I33) -> 1
A34: CENTRO | B34: CEN11 | C34: BONOMO | D34: Monteagudo y Bocuzzi | E34: Domo | F34: Fibra Optica | H34: 172.20.10.24 | I34: =COUNTIF(L34:AM34,"") -> 28 | J34: =COUNTIF(L34:AM34,"APAGADO") -> 0 | K34: =(I34)/(J34+I34) -> 1
A35: CENTRO | B35: CEN 12 | C35: BONOMO | D35: Monteagudo y Mitre | E35: Domo | F35: Fibra Optica | H35: 172.20.10.23 | I35: =COUNTIF(L35:AM35,"") -> 28 | J35: =COUNTIF(L35:AM35,"APAGADO") -> 0 | K35: =(I35)/(J35+I35) -> 1
A36: CENTRO | B36: CEN 13 | C36: BONOMO | D36: 25 de Mayo y Maipu | E36: DOMO | F36: Fibra Optica | H36: 172.20.10.20 | I36: =COUNTIF(L36:AM36,"") -> 26 | J36: =COUNTIF(L36:AM36,"APAGADO") -> 2 | K36: =(I36)/(J36+I36) -> 0.92857143 | W36: APAGADO | X36: APAGADO
A37: CENTRO | B37: CEN14 | C37: BONOMO | D37: Pte.Peron e/Pringles y Brown | E37: Domo | F37: Fibra Optica | H37: 172.20.10.21 | I37: =COUNTIF(L37:AM37,"") -> 28 | J37: =COUNTIF(L37:AM37,"APAGADO") -> 0 | K37: =(I37)/(J37+I37) -> 1
A38: CENTRO | B38: CEN15 | C38: BONOMO | D38: Alberdi y A.del Valle | E38: Domo | F38: Fibra Optica | H38: 172.20.10.35 | I38: =COUNTIF(L38:AM38,"") -> 24 | J38: =COUNTIF(L38:AM38,"APAGADO") -> 4 | K38: =(I38)/(J38+I38) -> 0.85714286 | U38: APAGADO | W38: APAGADO | X38: APAGADO | Y38: APAGADO
A39: CENTRO | B39: CEN16 | C39: BONOMO | D39: San Martin y Pte. Peron | E39: Fija | F39: Fibra Optica | H39: 172.20.12.36 | I39: =COUNTIF(L39:AM39,"") -> 28 | J39: =COUNTIF(L39:AM39,"APAGADO") -> 0 | K39: =(I39)/(J39+I39) -> 1
A40: CENTRO | B40: CEN17 | C40: BONOMO | D40: San Martin y Mitre | E40: Domo | F40: PTO A FO | G40: SAN MARTIN Y SALLARES | H40: 172.20.12.200 | I40: =COUNTIF(L40:AM40,"") -> 28 | J40: =COUNTIF(L40:AM40,"APAGADO") -> 0 | K40: =(I40)/(J40+I40) -> 1
A41: CENTRO | B41: CEN18 | C41: BONOMO | D41: Monteagudo e/Mitre y Sallares | E41: Fija | F41: Fibra Optica | H41: 172.20.10.26 | I41: =COUNTIF(L41:AM41,"") -> 28 | J41: =COUNTIF(L41:AM41,"APAGADO") -> 0 | K41: =(I41)/(J41+I41) -> 1
A42: CENTRO | B42: CEN19 | C42: BONOMO | D42: Chacabuco y 25 de Mayo | E42: Fija | F42: Fibra Optica | H42: 172.20.10.27 | I42: =COUNTIF(L42:AM42,"") -> 28 | J42: =COUNTIF(L42:AM42,"APAGADO") -> 0 | K42: =(I42)/(J42+I42) -> 1
A43: LOMAS DE MONTEVERDE | B43: CEN20 | C43: BONOMO | D43: Pte. Illia y Las Heras | E43: Domo | F43: Fibra Optica | H43: 172.20.10.33 | I43: =COUNTIF(L43:AM43,"") -> 25 | J43: =COUNTIF(L43:AM43,"APAGADO") -> 3 | K43: =(I43)/(J43+I43) -> 0.89285714 | X43: APAGADO | Y43: APAGADO | AA43: APAGADO
A44: CENTRO | B44: CEN21 | C44: BONOMO | D44: Misiones y Urquiza | E44: Fija | F44: Radio | H44: 172.20.200.132 | I44: =COUNTIF(L44:AM44,"") -> 28 | J44: =COUNTIF(L44:AM44,"APAGADO") -> 0 | K44: =(I44)/(J44+I44) -> 1
A45: CENTRO | B45: CEN22 | C45: BONOMO | D45: Las Heras y Chacabuco | E45: Domo | F45: Radio | H45: 172.20.200.125 | I45: =COUNTIF(L45:AM45,"") -> 28 | J45: =COUNTIF(L45:AM45,"APAGADO") -> 0 | K45: =(I45)/(J45+I45) -> 1
A46: CENTRO | B46: CEN23 | C46: BONOMO | D46: Sallares y Monteagudo | E46: Domo | F46: Fibra Optica | H46: 172.20.12.05 | I46: =COUNTIF(L46:AM46,"") -> 28 | J46: =COUNTIF(L46:AM46,"APAGADO") -> 0 | K46: =(I46)/(J46+I46) -> 1
A47: CENTRO | B47: CEN24 | C47: BONOMO | D47: Sallares y España | E47: Domo | F47: Fibra Optica | H47: 172.20.12.04 | I47: =COUNTIF(L47:AM47,"") -> 28 | J47: =COUNTIF(L47:AM47,"APAGADO") -> 0 | K47: =(I47)/(J47+I47) -> 1
A48: CENTRO | B48: CEN25 | C48: BONOMO | D48: SAN MARTIN Y 9 DE JULIO | E48: Domo | F48: Fibra Optica | H48: 172.20.12.02 | I48: =COUNTIF(L48:AM48,"") -> 28 | J48: =COUNTIF(L48:AM48,"APAGADO") -> 0 | K48: =(I48)/(J48+I48) -> 1
A49: CENTRO | B49: CEN26 | C49: BONOMO | D49: Mitre y España | E49: Domo | F49: Fibra Optica | H49: 172.20.12.06 | I49: =COUNTIF(L49:AM49,"") -> 28 | J49: =COUNTIF(L49:AM49,"APAGADO") -> 0 | K49: =(I49)/(J49+I49) -> 1
A50: CENTRO | B50: CEN27 | C50: BONOMO | D50: San Juan y España | E50: Domo | F50: Fibra Optica | H50: 172.20.12.37 | I50: =COUNTIF(L50:AM50,"") -> 28 | J50: =COUNTIF(L50:AM50,"APAGADO") -> 0 | K50: =(I50)/(J50+I50) -> 1
A51: CENTRO | B51: CEN28 | C51: BONOMO | D51: Mitre y Alberdi | E51: Domo | F51: Fibra Optica | H51: 172.20.12.38 | I51: =COUNTIF(L51:AM51,"") -> 28 | J51: =COUNTIF(L51:AM51,"APAGADO") -> 0 | K51: =(I51)/(J51+I51) -> 1
A52: CENTRO | B52: CEN29 | C52: BONOMO | D52: Alberdi y San Juan | E52: Domo | F52: Fibra Optica | H52: 172.20.12.40 | I52: =COUNTIF(L52:AM52,"") -> 28 | J52: =COUNTIF(L52:AM52,"APAGADO") -> 0 | K52: =(I52)/(J52+I52) -> 1
A53: CENTRO | B53: CEN30 | C53: BONOMO | D53: Mitre y Pringles | E53: Domo | F53: Fibra Optica | H53: 172.20.12.39 | I53: =COUNTIF(L53:AM53,"") -> 28 | J53: =COUNTIF(L53:AM53,"APAGADO") -> 0 | K53: =(I53)/(J53+I53) -> 1
A54: CENTRO | B54: CEN31 | C54: BONOMO | D54: Mitre e/Monteagudo y Alberdi | E54: Domo | F54: Fibra Optica | H54: 172.20.12.41 | I54: =COUNTIF(L54:AM54,"") -> 28 | J54: =COUNTIF(L54:AM54,"APAGADO") -> 0 | K54: =(I54)/(J54+I54) -> 1
A55: CENTRO | B55: CEN32 | C55: BONOMO | D55: Aristobulo del Valle y España | E55: Domo | F55: Fibra Optica | H55: 172.20.12.42 | I55: =COUNTIF(L55:AM55,"") -> 28 | J55: =COUNTIF(L55:AM55,"APAGADO") -> 0 | K55: =(I55)/(J55+I55) -> 1
... A73: CENTRO | B73: CEN 50 | C73: BONOMO | D73: Av. San Martin y Newbery | E73: Domo | F73: Radio | H73: 172.20.200.184 | I73: =COUNTIF(L73:AM73,"") -> 28 | J73: =COUNTIF(L73:AM73,"APAGADO") -> 0 | K73: =(I73)/(J73+I73) -> 1
A74: CENTRO | B74: CEN 51 | C74: BONOMO | D74: ILLIA Y LAS HERAS | E74: FIJA | F74: Fibra Optica | H74: 172.20.11.29 | I74: =COUNTIF(L74:AM74,"") -> 25 | J74: =COUNTIF(L74:AM74,"APAGADO") -> 3 | K74: =(I74)/(J74+I74) -> 0.89285714 | X74: APAGADO | Y74: APAGADO | AA74: APAGADO
A75: CENTRO | B75: CEN52 | C75: BONOMO | D75: San Martin y Almafuerte (ex San Martin y Dorrego) | E75: DOMO | F75: Radio | H75: 172.20.200.191 | I75: =COUNTIF(L75:AM75,"") -> 28 | J75: =COUNTIF(L75:AM75,"APAGADO") -> 0 | K75: =(I75)/(J75+I75) -> 1
A76: CENTRO | B76: CEN 53 | C76: BONOMO | D76: GUTIERREZ Y BROWN | E76: Domo | F76: Radio | H76: 172.20.200.166 | I76: =COUNTIF(L76:AM76,"") -> 28 | J76: =COUNTIF(L76:AM76,"APAGADO") -> 0 | K76: =(I76)/(J76+I76) -> 1
A77: CENTRO | B77: CEN 54 | C77: BONOMO | D77: GUTIERREZ Y PRINGLES | E77: Domo | F77: Radio | H77: 172.20.200.165 | I77: =COUNTIF(L77:AM77,"") -> 27 | J77: =COUNTIF(L77:AM77,"APAGADO") -> 1 | K77: =(I77)/(J77+I77) -> 0.96428571 | W77: APAGADO
A78: CENTRO | B78: CEN 55 | C78: BONOMO | D78: BOUREL Y URQUIZA | E78: Domo | F78: Radio | H78: 172.20.200.163 | I78: =COUNTIF(L78:AM78,"") -> 28 | J78: =COUNTIF(L78:AM78,"APAGADO") -> 0 | K78: =(I78)/(J78+I78) -> 1
A79: CENTRO | B79: CEN 56 | C79: BONOMO | D79: Newbery y Falucho | E79: DOMO | F79: Radio | H79: 172.20.200.161 | I79: =COUNTIF(L79:AM79,"") -> 28 | J79: =COUNTIF(L79:AM79,"APAGADO") -> 0 | K79: =(I79)/(J79+I79) -> 1
A80: CENTRO | B80: CEN 57 | C80: BONOMO | D80: 25 DE MAYO Y DORREGO | E80: DOMO | F80: Radio | H80: 172.20.200.199 | I80: =COUNTIF(L80:AM80,"") -> 28 | J80: =COUNTIF(L80:AM80,"APAGADO") -> 0 | K80: =(I80)/(J80+I80) -> 1
A81: CENTRO | B81: CEN 58 | C81: BONOMO | D81: EEUU Y MORENO | E81: DOMO | F81: Fibra Optica | H81: 172.20.11.84 | I81: =COUNTIF(L81:AM81,"") -> 28 | J81: =COUNTIF(L81:AM81,"APAGADO") -> 0 | K81: =(I81)/(J81+I81) -> 1
A82: CENTRO | B82: CEN59 | C82: BONOMO | D82: CHACABUCO Y BOUREL | E82: DOMO | F82: Radio | H82: 172.20.200.188 | I82: =COUNTIF(L82:AM82,"") -> 28 | J82: =COUNTIF(L82:AM82,"APAGADO") -> 0 | K82: =(I82)/(J82+I82) -> 1
A83: CENTRO | B83: CEN 60 | C83: BONOMO | D83: RECONQUISTA Y ILLIA | E83: DOMO | F83: PTO A FO | G83: ILLIA Y LAS HERAS | H83: 172.20.12.67 | I83: =COUNTIF(L83:AM83,"") -> 25 | J83: =COUNTIF(L83:AM83,"APAGADO") -> 3 | K83: =(I83)/(J83+I83) -> 0.89285714 | X83: APAGADO | Y83: APAGADO | AA83: APAGADO
A84: CENTRO | B84: CEN 61 | C84: BONOMO | D84: BOUREL Y MAIPU | E84: DOMO | F84: Radio | H84: 172.20.200.159 | I84: =COUNTIF(L84:AM84,"") -> 28 | J84: =COUNTIF(L84:AM84,"APAGADO") -> 0 | K84: =(I84)/(J84+I84) -> 1
A85: CENTRO | B85: CEN62 | C85: BONOMO | D85: ESPAÑA Y ALEM | E85: DOMO | F85: PTO A FO | G85: SAN MARTIN Y ALEM | H85: 172.20.12.82 | I85: =COUNTIF(L85:AM85,"") -> 28 | J85: =COUNTIF(L85:AM85,"APAGADO") -> 0 | K85: =(I85)/(J85+I85) -> 1
A86: CENTRO | B86: CEN63 | C86: BONOMO | D86: SAN MARTIN Y URQUIZA | E86: DOMO | F86: Fibra Optica | H86: 172.20.11.112 | I86: =COUNTIF(L86:AM86,"") -> 28 | J86: =COUNTIF(L86:AM86,"APAGADO") -> 0 | K86: =(I86)/(J86+I86) -> 1
A87: CENTRO | B87: CEN64 | C87: BONOMO | D87: SAN MARTIN Y BOCCUZZI | E87: FIJA | F87: Fibra Optica | H87: 172.20.11.134 | I87: =COUNTIF(L87:AM87,"") -> 28 | J87: =COUNTIF(L87:AM87,"APAGADO") -> 0 | K87: =(I87)/(J87+I87) -> 1
A88: º | B88: CEN 65 | C88: BONOMO | D88: SAN MARTIN Y JUAN PERON | E88: FIJA | F88: Fibra Optica | H88: 172.20.11.135 | I88: =COUNTIF(L88:AM88,"") -> 26 | J88: =COUNTIF(L88:AM88,"APAGADO") -> 2 | K88: =(I88)/(J88+I88) -> 0.92857143 | L88: APAGADO | N88: APAGADO
A89: CENTRO | B89: CEN66 | C89: BONOMO | D89: SAN MARTIN Y JUAN PERON | E89: FIJA | F89: Fibra Optica | H89: 172.20.11.136 | I89: =COUNTIF(L89:AM89,"") -> 26 | J89: =COUNTIF(L89:AM89,"APAGADO") -> 2 | K89: =(I89)/(J89+I89) -> 0.92857143 | L89: APAGADO | N89: APAGADO
A90: CENTRO | B90: CEN67 (fija 1) | C90: BONOMO | D90: 9 DE JULIO Y BROWN | E90: Fija | F90: Fibra Optica | H90: 172.20.11.188 | I90: =COUNTIF(L90:AM90,"") -> 28 | J90: =COUNTIF(L90:AM90,"APAGADO") -> 0 | K90: =(I90)/(J90+I90) -> 1
A91: CENTRO | B91: CEN68 (fija 2) | C91: BONOMO | D91: 9 DE JULIO Y BROWN | E91: Fija | F91: Fibra Optica | H91: 172.20.11.189 | I91: =COUNTIF(L91:AM91,"") -> 28 | J91: =COUNTIF(L91:AM91,"APAGADO") -> 0 | K91: =(I91)/(J91+I91) -> 1
A92: CENTRO | B92: CEN69 | C92: BONOMO | D92: RIVADAVIA Y BOUREL | E92: DOMO | F92: Fibra Optica | H92: 172.20.11.222 | I92: =COUNTIF(L92:AM92,"") -> 28 | J92: =COUNTIF(L92:AM92,"APAGADO") -> 0 | K92: =(I92)/(J92+I92) -> 1
A93: CENTRO | B93: CEN 70 | C93: BONOMO | D93: RIVADAVIA Y 25 MAYO | E93: Domo | F93: Fibra Optica | H93: 172.20.11.221 | I93: =COUNTIF(L93:AM93,"") -> 28 | J93: =COUNTIF(L93:AM93,"APAGADO") -> 0 | K93: =(I93)/(J93+I93) -> 1
A94: CENTRO | B94: CEN 71 | C94: BONOMO | D94: MORENO Y BOUREL | E94: Domo | F94: Fibra Optica | H94: 172.20.11.220 | I94: =COUNTIF(L94:AM94,"") -> 28 | J94: =COUNTIF(L94:AM94,"APAGADO") -> 0 | K94: =(I94)/(J94+I94) -> 1
A95: CENTRO | B95: CEN 72 | C95: BONOMO | D95: MORENO Y 25 DE MAYO | E95: Domo | F95: Fibra Optica | H95: 172.20.11.219 | I95: =COUNTIF(L95:AM95,"") -> 20 | J95: =COUNTIF(L95:AM95,"APAGADO") -> 8 | K95: =(I95)/(J95+I95) -> 0.71428571 | L95: APAGADO | M95: APAGADO | N95: APAGADO | O95: APAGADO | P95: APAGADO | Q95: APAGADO | R95: APAGADO | S95: APAGADO
A96: CENTRO | B96: CEN73 | C96: BONOMO | D96: BOUREL Y DEFENSA | E96: DOMO | F96: Fibra Optica | H96: 172.20.11.223 | I96: =COUNTIF(L96:AM96,"") -> 25 | J96: =COUNTIF(L96:AM96,"APAGADO") -> 3 | K96: =(I96)/(J96+I96) -> 0.89285714 | X96: APAGADO | Y96: APAGADO | AA96: APAGADO
A97: CENTRO | B97: CEN74 | C97: BONOMO | D97: Las Heras y Maipu | E97: Domo | F97: Fibra Optica | H97: 172.20.11.53 | I97: =COUNTIF(L97:AM97,"") -> 27 | J97: =COUNTIF(L97:AM97,"APAGADO") -> 1 | K97: =(I97)/(J97+I97) -> 0.96428571 | W97: APAGADO
A98: CENTRO | B98: CEN 75 | C98: BONOMO | D98: 25 DE MAYO Y CASTELLI | E98: Domo | F98: Fibra Optica | H98: 172.20.11.114 | I98: =COUNTIF(L98:AM98,"") -> 28 | J98: =COUNTIF(L98:AM98,"APAGADO") -> 0 | K98: =(I98)/(J98+I98) -> 1
A99: CENTRO | B99: CEN 76 | C99: BONOMO | D99: ESPAÑA E/MITRE Y BOCUZZI | E99: Fija | F99: Fibra Optica | H99: 172-20.11.110 | I99: =COUNTIF(L99:AM99,"") -> 28 | J99: =COUNTIF(L99:AM99,"APAGADO") -> 0 | K99: =(I99)/(J99+I99) -> 1
A100: CENTRO | B100: CEN 77 | C100: BONOMO | D100: Monteagudo e/ Mitre y Boccuzzi | E100: Fija | F100: Fibra Optica | H100: 172.20.11.241 | I100: =COUNTIF(L100:AM100,"") -> 28 | J100: =COUNTIF(L100:AM100,"APAGADO") -> 0 | K100: =(I100)/(J100+I100) -> 1
A101: CENTRO | B101: CEN 78 | C101: BONOMO | D101: Mitre e/Monteagudo y Alberdi | E101: Fija | F101: Fibra Optica | H101: 172.20.11.240 | I101: =COUNTIF(L101:AM101,"") -> 28 | J101: =COUNTIF(L101:AM101,"APAGADO") -> 0 | K101: =(I101)/(J101+I101) -> 1
A102: CENTRO | B102: CEN 79 | C102: BONOMO | D102: Diag. Constituyente y Brown | E102: Fija | F102: Fibra Optica | H102: 172.20.11.243 | I102: =COUNTIF(L102:AM102,"") -> 28 | J102: =COUNTIF(L102:AM102,"APAGADO") -> 0 | K102: =(I102)/(J102+I102) -> 1
A103: CENTRO | B103: CEN 80 | C103: BONOMO | D103: Diag. Constituyente y Brown | E103: Fija | F103: Fibra Optica | H103: 172.20.11.244 | I103: =COUNTIF(L103:AM103,"") -> 28 | J103: =COUNTIF(L103:AM103,"APAGADO") -> 0 | K103: =(I103)/(J103+I103) -> 1
A104: CENTRO | B104: CEN 81 | C104: BONOMO | D104: Alberdi y A.del Valle | E104: Fija | F104: Fibra Optica | H104: 172.20.11.242 | I104: =COUNTIF(L104:AM104,"") -> 28 | J104: =COUNTIF(L104:AM104,"APAGADO") -> 0 | K104: =(I104)/(J104+I104) -> 1
A105: CENTRO | B105: CEN 82 | C105: BONOMO | D105: DORREGO Y BOUREL | E105: Domo | F105: Fibra Optica | H105: 172.20.11.198 | I105: =COUNTIF(L105:AM105,"") -> 25 | J105: =COUNTIF(L105:AM105,"APAGADO") -> 3 | K105: =(I105)/(J105+I105) -> 0.89285714 | X105: APAGADO | Y105: APAGADO | AA105: APAGADO
A106: CENTRO | B106: CEN83 | C106: BONOMO | D106: RECONQUISTA Y 25 DE MAYO | E106: Domo | F106: Radio | H106: 172.20.11.123 | I106: =COUNTIF(L106:AM106,"") -> 25 | J106: =COUNTIF(L106:AM106,"APAGADO") -> 3 | K106: =(I106)/(J106+I106) -> 0.89285714 | X106: APAGADO | Y106: APAGADO | AA106: APAGADO
A107: CENTRO | B107: CEN 84 | C107: BONOMO | D107: 25 DE MAYO Y MAIPU | E107: Fija | F107: Fibra Optica | H107: 172.20.10.20 | I107: =COUNTIF(L107:AM107,"") -> 26 | J107: =COUNTIF(L107:AM107,"APAGADO") -> 2 | K107: =(I107)/(J107+I107) -> 0.92857143 | W107: APAGADO | X107: APAGADO
A108: CENTRO | B108: CEN 85 | C108: BONOMO | D108: PTE PERON E/ PRINGLES Y BROWN | E108: Fija | F108: Fibra Optica | H108: 172.20.10.21 | I108: =COUNTIF(L108:AM108,"") -> 28 | J108: =COUNTIF(L108:AM108,"APAGADO") -> 0 | K108: =(I108)/(J108+I108) -> 1
A109: SAN NICOLAS | B109: CHA01 | C109: BONOMO | D109: Novak y Pte Illia | E109: Domo | F109: Radio | H109: 172.20.200.126 | I109: =COUNTIF(L109:AM109,"") -> 28 | J109: =COUNTIF(L109:AM109,"APAGADO") -> 0 | K109: =(I109)/(J109+I109) -> 1
A110: CHACABUCO | B110: CHA02 | C110: BONOMO | D110: Pte. Illia y Posadas | E110: Domo | F110: Radio | H110: 172.20.200.186 | I110: =COUNTIF(L110:AM110,"") -> 24 | J110: =COUNTIF(L110:AM110,"APAGADO") -> 4 | K110: =(I110)/(J110+I110) -> 0.85714286 | X110: APAGADO | Y110: APAGADO | Z110: APAGADO | AA110: APAGADO
A111: CHACABUCO | B111: CHA03 | C111: BONOMO | D111: MAIPU Y ALVAREZ THOMAS | E111: DOMO | F111: Fibra Optica | H111: 172.20.11.71 | I111: =COUNTIF(L111:AM111,"") -> 28 | J111: =COUNTIF(L111:AM111,"APAGADO") -> 0 | K111: =(I111)/(J111+I111) -> 1
A112: CHACABUCO | B112: CHA04 | C112: BONOMO | D112: ESTADOS UNIDOS DE A. E ILLIA | E112: DOMO | F112: Fibra Optica | H112: 172.20.11.191 | I112: =COUNTIF(L112:AM112,"") -> 25 | J112: =COUNTIF(L112:AM112,"APAGADO") -> 3 | K112: =(I112)/(J112+I112) -> 0.89285714 | X112: APAGADO | Y112: APAGADO | AA112: APAGADO
A113: VILLA MONICA NUEVA | B113: COL01 | C113: COSEIDI | D113: Eva Peron y Cariboni | E113: Domo | F113: Radio | H113: 172.20.200.177 | I113: =COUNTIF(L113:AM113,"") -> 25 | J113: =COUNTIF(L113:AM113,"APAGADO") -> 3 | K113: =(I113)/(J113+I113) -> 0.89285714 | W113: APAGADO | X113: APAGADO | Y113: APAGADO
A114: LA COLORADA ESTE | B114: COL02 | C114: COSEIDI | D114: Av. Eva Peron y Pompeya | E114: Domo | F114: Radio | H114: 172.20.200.192 | I114: =COUNTIF(L114:AM114,"") -> 28 | J114: =COUNTIF(L114:AM114,"APAGADO") -> 0 | K114: =(I114)/(J114+I114) -> 1
A115: LA COLORADA ESTE | B115: COL 03 | C115: COSEIDI | D115: CARIBONI Y LA ANCIANIDAD | E115: DOMO | F115: Radio | H115: 10.20.30.37 | I115: =COUNTIF(L115:AM115,"") -> 23 | J115: =COUNTIF(L115:AM115,"APAGADO") -> 5 | K115: =(I115)/(J115+I115) -> 0.82142857 | L115: APAGADO | X115: APAGADO | Y115: APAGADO | Z115: APAGADO | AA115: APAGADO
A116: LA COLORADA ESTE | B116: COL 04 | C116: COSEIDI | D116: EVA PERON Y SAVIO | E116: Domo | F116: Fibra Optica | H116: 172.20.10.75 | I116: =COUNTIF(L116:AM116,"") -> 25 | J116: =COUNTIF(L116:AM116,"APAGADO") -> 3 | K116: =(I116)/(J116+I116) -> 0.89285714 | W116: APAGADO | X116: APAGADO | Y116: APAGADO
A117: DON JOSE | B117: DJO01 | C117: BONOMO | D117: Monteverde y Donato Alvarez | E117: Domo | F117: Radio | H117: 172.20.200.120 | I117: =COUNTIF(L117:AM117,"") -> 27 | J117: =COUNTIF(L117:AM117,"APAGADO") -> 1 | K117: =(I117)/(J117+I117) -> 0.96428571 | Y117: APAGADO
...

Sheet ESTADISTICA
A1: ='RESUMEN TOTAL'!A4 -> Barrio | B1: ='RESUMEN TOTAL'!B4 -> [Denominacion] | C1: ='RESUMEN TOTAL'!D4 -> [Ubicacion] | D1: ='RESUMEN TOTAL'!E4 -> [Tipo de Camara] | E1: ='RESUMEN TOTAL'!F4 -> [Tipo de Conexion] | F1: ='RESUMEN TOTAL'!L4 -> 45078 | G1: ='RESUMEN TOTAL'!M4 -> 45079 | H1: ='RESUMEN TOTAL'!N4 -> 45080 | I1: ='RESUMEN TOTAL'!O4 -> 45081 | J1: ='RESUMEN TOTAL'!P4 -> 45082 | K1: ='RESUMEN TOTAL'!Q4 -> 45083 | L1: ='RESUMEN TOTAL'!R4 -> 45084 | M1: ='RESUMEN TOTAL'!S4 -> 45085 | ... AI1: ='RESUMEN TOTAL'!AO4 -> 45107 | AJ1: ='RESUMEN TOTAL'!#REF! -> #REF!
A2: ='RESUMEN TOTAL'!A5 -> ALTAMIRA | B2: ='RESUMEN TOTAL'!B5 -> ALT01 | C2: ='RESUMEN TOTAL'!D5 -> Calchaqui y Sgto. Cabral | D2: ='RESUMEN TOTAL'!E5 -> Domo | E2: ='RESUMEN TOTAL'!F5 -> Fibra Optica | F2: ='RESUMEN TOTAL'!L5 -> 0 | G2: ='RESUMEN TOTAL'!M5 -> 0 | H2: ='RESUMEN TOTAL'!N5 -> 0 | I2: ='RESUMEN TOTAL'!O5 -> 0 | J2: ='RESUMEN TOTAL'!P5 -> 0 | K2: ='RESUMEN TOTAL'!Q5 -> 0 | L2: ='RESUMEN TOTAL'!R5 -> 0 | M2: ='RESUMEN TOTAL'!S5 -> 0 | ... AI2: ='RESUMEN TOTAL'!AO5 -> 0 | AJ2: ='RESUMEN TOTAL'!#REF! -> #REF!
A3: ='RESUMEN TOTAL'!A6 -> ALTAMIRA | B3: ='RESUMEN TOTAL'!B6 -> ALT02 | C3: ='RESUMEN TOTAL'!D6 -> Calchaqui y Lope de Vega | D3: ='RESUMEN TOTAL'!E6 -> Domo | E3: ='RESUMEN TOTAL'!F6 -> PTO A FO | F3: ='RESUMEN TOTAL'!L6 -> 0 | G3: ='RESUMEN TOTAL'!M6 -> 0 | H3: ='RESUMEN TOTAL'!N6 -> 0 | I3: ='RESUMEN TOTAL'!O6 -> 0 | J3: ='RESUMEN TOTAL'!P6 -> 0 | K3: ='RESUMEN TOTAL'!Q6 -> 0 | L3: ='RESUMEN TOTAL'!R6 -> 0 | M3: ='RESUMEN TOTAL'!S6 -> 0 | ... AI3: ='RESUMEN TOTAL'!AO6 -> 0 | AJ3: ='RESUMEN TOTAL'!#REF! -> #REF!
A4: ='RESUMEN TOTAL'!A7 -> ALTAMIRA | B4: ='RESUMEN TOTAL'!B7 -> ALT 03 | C4: ='RESUMEN TOTAL'!D7 -> Bombero Galarza y Necochea | D4: ='RESUMEN TOTAL'!E7 -> Domo | E4: ='RESUMEN TOTAL'!F7 -> Fibra Optica | F4: ='RESUMEN TOTAL'!L7 -> 0 | G4: ='RESUMEN TOTAL'!M7 -> 0 | H4: ='RESUMEN TOTAL'!N7 -> 0 | I4: ='RESUMEN TOTAL'!O7 -> 0 | J4: ='RESUMEN TOTAL'!P7 -> 0 | K4: ='RESUMEN TOTAL'!Q7 -> 0 | L4: ='RESUMEN TOTAL'!R7 -> 0 | M4: ='RESUMEN TOTAL'!S7 -> 0 | ... AI4: ='RESUMEN TOTAL'!AO7 -> 0 | AJ4: ='RESUMEN TOTAL'!#REF! -> #REF!
A5: ='RESUMEN TOTAL'!A8 -> ALTAMIRA | B5: ='RESUMEN TOTAL'!B8 -> ALT 04 | C5: ='RESUMEN TOTAL'!D8 -> Francia y Necochea | D5: ='RESUMEN TOTAL'!E8 -> Domo | E5: ='RESUMEN TOTAL'!F8 -> Fibra Optica | F5: ='RESUMEN TOTAL'!L8 -> 0 | G5: ='RESUMEN TOTAL'!M8 -> 0 | H5: ='RESUMEN TOTAL'!N8 -> 0 | I5: ='RESUMEN TOTAL'!O8 -> 0 | J5: ='RESUMEN TOTAL'!P8 -> 0 | K5: ='RESUMEN TOTAL'!Q8 -> 0 | L5: ='RESUMEN TOTAL'!R8 -> 0 | M5: ='RESUMEN TOTAL'!S8 -> 0 | ... AI5: ='RESUMEN TOTAL'!AO8 -> 0 | AJ5: ='RESUMEN TOTAL'!#REF! -> #REF!
A6: ='RESUMEN TOTAL'!A9 -> ALTAMIRA | B6: ='RESUMEN TOTAL'!B9 -> ALT05 | C6: ='RESUMEN TOTAL'!D9 -> Av. Calchaqui y Bombero Galarza | D6: ='RESUMEN TOTAL'!E9 -> Domo | E6: ='RESUMEN TOTAL'!F9 -> PTO A FO | F6: ='RESUMEN TOTAL'!L9 -> 0 | G6: ='RESUMEN TOTAL'!M9 -> 0 | H6: ='RESUMEN TOTAL'!N9 -> 0 | I6: ='RESUMEN TOTAL'!O9 -> 0 | J6: ='RESUMEN TOTAL'!P9 -> 0 | K6: ='RESUMEN TOTAL'!Q9 -> 0 | L6: ='RESUMEN TOTAL'!R9 -> 0 | M6: ='RESUMEN TOTAL'!S9 -> 0 | ... AI6: ='RESUMEN TOTAL'!AO9 -> 0 | AJ6: ='RESUMEN TOTAL'!#REF! -> #REF!
A7: ='RESUMEN TOTAL'!A10 -> ALTAMIRA | B7: ='RESUMEN TOTAL'!B10 -> ALT 06 | C7: ='RESUMEN TOTAL'!D10 -> LOPE DE VEGA Y NECOCHEA | D7: ='RESUMEN TOTAL'!E10 -> Domo | E7: ='RESUMEN TOTAL'!F10 -> PTO A FO | F7: ='RESUMEN TOTAL'!L10 -> 0 | G7: ='RESUMEN TOTAL'!M10 -> 0 | H7: ='RESUMEN TOTAL'!N10 -> 0 | I7: ='RESUMEN TOTAL'!O10 -> 0 | J7: ='RESUMEN TOTAL'!P10 -> 0 | K7: ='RESUMEN TOTAL'!Q10 -> 0 | L7: ='RESUMEN TOTAL'!R10 -> 0 | M7: ='RESUMEN TOTAL'!S10 -> 0 | ... AI7: ='RESUMEN TOTAL'!AO10 -> 0 | AJ7: ='RESUMEN TOTAL'!#REF! -> #REF!
A8: ='RESUMEN TOTAL'!A11 -> ALTAMIRA | B8: ='RESUMEN TOTAL'!B11 -> ALT07 | C8: ='RESUMEN TOTAL'!D11 -> AV. CALCHAQUI Y AV. DEL TRABAJO | D8: ='RESUMEN TOTAL'!E11 -> DOMO | E8: ='RESUMEN TOTAL'!F11 -> PTO A FO | F8: ='RESUMEN TOTAL'!L11 -> 0 | G8: ='RESUMEN TOTAL'!M11 -> 0 | H8: ='RESUMEN TOTAL'!N11 -> 0 | I8: ='RESUMEN TOTAL'!O11 -> 0 | J8: ='RESUMEN TOTAL'!P11 -> 0 | K8: ='RESUMEN TOTAL'!Q11 -> 0 | L8: ='RESUMEN TOTAL'!R11 -> 0 | M8: ='RESUMEN TOTAL'!S11 -> 0 | ... AI8: ='RESUMEN TOTAL'!AO11 -> 0 | AJ8: ='RESUMEN TOTAL'!#REF! -> #REF!
A9: ='RESUMEN TOTAL'!A12 -> ALTAMIRA | B9: ='RESUMEN TOTAL'!B12 -> ALT 08 | C9: ='RESUMEN TOTAL'!D12 -> HUMAITA Y NECOCHEA | D9: ='RESUMEN TOTAL'!E12 -> DOMO | E9: ='RESUMEN TOTAL'!F12 -> Fibra Optica | F9: ='RESUMEN TOTAL'!L12 -> 0 | G9: ='RESUMEN TOTAL'!M12 -> 0 | H9: ='RESUMEN TOTAL'!N12 -> 0 | I9: ='RESUMEN TOTAL'!O12 -> 0 | J9: ='RESUMEN TOTAL'!P12 -> 0 | K9: ='RESUMEN TOTAL'!Q12 -> 0 | L9: ='RESUMEN TOTAL'!R12 -> 0 | M9: ='RESUMEN TOTAL'!S12 -> 0 | ... AI9: ='RESUMEN TOTAL'!AO12 -> 0 | AJ9: ='RESUMEN TOTAL'!#REF! -> #REF!
A10: ='RESUMEN TOTAL'!A13 -> ALTAMIRA | B10: ='RESUMEN TOTAL'!B13 -> ALT 09 | C10: ='RESUMEN TOTAL'!D13 -> NECOCHEA Y CURUPAITY | D10: ='RESUMEN TOTAL'!E13 -> DOMO | E10: ='RESUMEN TOTAL'!F13 -> Fibra Optica | F10: ='RESUMEN TOTAL'!L13 -> 0 | G10: ='RESUMEN TOTAL'!M13 -> 0 | H10: ='RESUMEN TOTAL'!N13 -> 0 | I10: ='RESUMEN TOTAL'!O13 -> 0 | J10: ='RESUMEN TOTAL'!P13 -> 0 | K10: ='RESUMEN TOTAL'!Q13 -> 0 | L10: ='RESUMEN TOTAL'!R13 -> 0 | M10: ='RESUMEN TOTAL'!S13 -> 0 | ... AI10: ='RESUMEN TOTAL'!AO13 -> 0 | AJ10: ='RESUMEN TOTAL'!#REF! -> #REF!
A11: ='RESUMEN TOTAL'!A14 -> ALTAMIRA | B11: ='RESUMEN TOTAL'!B14 -> ALT 10 | C11: ='RESUMEN TOTAL'!D14 -> Calchaqui y Francia | D11: ='RESUMEN TOTAL'!E14 -> Domo | E11: ='RESUMEN TOTAL'!F14 -> Radio | F11: ='RESUMEN TOTAL'!L14 -> 0 | G11: ='RESUMEN TOTAL'!M14 -> 0 | H11: ='RESUMEN TOTAL'!N14 -> 0 | I11: ='RESUMEN TOTAL'!O14 -> 0 | J11: ='RESUMEN TOTAL'!P14 -> 0 | K11: ='RESUMEN TOTAL'!Q14 -> 0 | L11: ='RESUMEN TOTAL'!R14 -> 0 | M11: ='RESUMEN TOTAL'!S14 -> 0 | ... AI11: ='RESUMEN TOTAL'!AO14 -> 0 | AJ11: ='RESUMEN TOTAL'!#REF! -> #REF!
A12: ='RESUMEN TOTAL'!A15 -> AGUSTIN RAMIREZ | B12: ='RESUMEN TOTAL'!B15 -> ARA 01 | C12: ='RESUMEN TOTAL'!D15 -> Malambo y Tranquera | D12: ='RESUMEN TOTAL'!E15 -> Domo | E12: ='RESUMEN TOTAL'!F15 -> Fibra Optica | F12: ='RESUMEN TOTAL'!L15 -> 0 | G12: ='RESUMEN TOTAL'!M15 -> 0 | H12: ='RESUMEN TOTAL'!N15 -> 0 | I12: ='RESUMEN TOTAL'!O15 -> 0 | J12: ='RESUMEN TOTAL'!P15 -> 0 | K12: ='RESUMEN TOTAL'!Q15 -> 0 | L12: ='RESUMEN TOTAL'!R15 -> 0 | M12: ='RESUMEN TOTAL'!S15 -> 0 | ... R12: ='RESUMEN TOTAL'!X15 -> 0 | S12: ='RESUMEN TOTAL'!Y21 -> 0 | T12: ='RESUMEN TOTAL'!Z15 -> 0 | U12: ='RESUMEN TOTAL'!AA15 -> 0 | V12: ='RESUMEN TOTAL'!AB15 -> 0 | W12: ='RESUMEN TOTAL'!AC15 -> 0 | X12: ='RESUMEN TOTAL'!AD15 -> 0 | Y12: ='RESUMEN TOTAL'!AE15 -> 0 | Z12: ='RESUMEN TOTAL'!AF15 -> 0 | AA12: ='RESUMEN TOTAL'!AG15 -> 0 | ... AI12: ='RESUMEN TOTAL'!AO15 -> 0 | AJ12: ='RESUMEN TOTAL'!#REF! -> #REF!
A13: ='RESUMEN TOTAL'!A16 -> BELGRANO | B13: ='RESUMEN TOTAL'!B16 -> BEL 01 | C13: ='RESUMEN TOTAL'!D16 -> San Martin y Dardo Rocha | D13: ='RESUMEN TOTAL'!E16 -> DOMO | E13: ='RESUMEN TOTAL'!F16 -> Fibra Optica | F13: ='RESUMEN TOTAL'!L16 -> 0 | G13: ='RESUMEN TOTAL'!M16 -> 0 | H13: ='RESUMEN TOTAL'!N16 -> 0 | I13: ='RESUMEN TOTAL'!O16 -> 0 | J13: ='RESUMEN TOTAL'!P16 -> 0 | K13: ='RESUMEN TOTAL'!Q16 -> 0 | L13: ='RESUMEN TOTAL'!R16 -> 0 | M13: ='RESUMEN TOTAL'!S16 -> 0 | ... AI13: ='RESUMEN TOTAL'!AO16 -> 0 | AJ13: ='RESUMEN TOTAL'!#REF! -> #REF!
A14: ='RESUMEN TOTAL'!A17 -> BELGRANO | B14: ='RESUMEN TOTAL'!B17 -> BEL 02 | C14: ='RESUMEN TOTAL'!D17 -> Guardia vieja y Fronteriz | D14: ='RESUMEN TOTAL'!E17 -> DOMO | E14: ='RESUMEN TOTAL'!F17 -> Fibra Optica | F14: ='RESUMEN TOTAL'!L17 -> 0 | G14: ='RESUMEN TOTAL'!M17 -> 0 | H14: ='RESUMEN TOTAL'!N17 -> 0 | I14: ='RESUMEN TOTAL'!O17 -> 0 | J14: ='RESUMEN TOTAL'!P17 -> 0 | K14: ='RESUMEN TOTAL'!Q17 -> 0 | L14: ='RESUMEN TOTAL'!R17 -> 0 | M14: ='RESUMEN TOTAL'!S17 -> 0 | ... AI14: ='RESUMEN TOTAL'!AO17 -> 0 | AJ14: ='RESUMEN TOTAL'!#REF! -> #REF!
A15: ='RESUMEN TOTAL'!A18 -> BOSQUES CENTRO | B15: ='RESUMEN TOTAL'!B18 -> BOSQC 01 | C15: ='RESUMEN TOTAL'!D18 -> LUIS AGOTE E/DANUNCIO Y CAMPOAMOR | D15: ='RESUMEN TOTAL'!E18 -> Fija | E15: ='RESUMEN TOTAL'!F18 -> Radio | F15: ='RESUMEN TOTAL'!L18 -> 0 | G15: ='RESUMEN TOTAL'!M18 -> 0 | H15: ='RESUMEN TOTAL'!N18 -> 0 | I15: ='RESUMEN TOTAL'!O18 -> 0 | J15: ='RESUMEN TOTAL'!P18 -> 0 | K15: ='RESUMEN TOTAL'!Q18 -> 0 | L15: ='RESUMEN TOTAL'!R18 -> 0 | M15: ='RESUMEN TOTAL'!S18 -> 0 | ... AI15: ='RESUMEN TOTAL'!AO18 -> 0 | AJ15: ='RESUMEN TOTAL'!#REF! -> #REF!
A16: ='RESUMEN TOTAL'!A19 -> BOSQUES CENTRO | B16: ='RESUMEN TOTAL'!B19 -> BOSQC 02 | C16: ='RESUMEN TOTAL'!D19 -> LUIS AGOTE E/DANUNCIO Y CAMPOAMOR | D16: ='RESUMEN TOTAL'!E19 -> Fija | E16: ='RESUMEN TOTAL'!F19 -> Radio | F16: ='RESUMEN TOTAL'!L19 -> 0 | G16: ='RESUMEN TOTAL'!M19 -> 0 | H16: ='RESUMEN TOTAL'!N19 -> 0 | I16: ='RESUMEN TOTAL'!O19 -> 0 | J16: ='RESUMEN TOTAL'!P19 -> 0 | K16: ='RESUMEN TOTAL'!Q19 -> 0 | L16: ='RESUMEN TOTAL'!R19 -> 0 | M16: ='RESUMEN TOTAL'!S19 -> 0 | ... AI16: ='RESUMEN TOTAL'!AO19 -> 0 | AJ16: ='RESUMEN TOTAL'!#REF! -> #REF!
A17: ='RESUMEN TOTAL'!A20 -> BOSQUES CENTRO | B17: ='RESUMEN TOTAL'!B20 -> BOSQC 03 | C17: ='RESUMEN TOTAL'!D20 -> BENAVENTE Y LUIS AGOTE | D17: ='RESUMEN TOTAL'!E20 -> Fija | E17: ='RESUMEN TOTAL'!F20 -> Radio | F17: ='RESUMEN TOTAL'!L20 -> 0 | G17: ='RESUMEN TOTAL'!M20 -> 0 | H17: ='RESUMEN TOTAL'!N20 -> 0 | I17: ='RESUMEN TOTAL'!O20 -> 0 | J17: ='RESUMEN TOTAL'!P20 -> 0 | K17: ='RESUMEN TOTAL'!Q20 -> 0 | L17: ='RESUMEN TOTAL'!R20 -> 0 | M17: ='RESUMEN TOTAL'!S20 -> 0 | ... AI17: ='RESUMEN TOTAL'!AO20 -> 0 | AJ17: ='RESUMEN TOTAL'!#REF! -> #REF!
A18: ='RESUMEN TOTAL'!A21 -> BOSQUES CENTRO | B18: ='RESUMEN TOTAL'!B21 -> BOSQC 04 | C18: ='RESUMEN TOTAL'!D21 -> BENAVENTE Y LUIS AGOTE | D18: ='RESUMEN TOTAL'!E21 -> Fija | E18: ='RESUMEN TOTAL'!F21 -> Radio | F18: ='RESUMEN TOTAL'!L21 -> 0 | G18: ='RESUMEN TOTAL'!M21 -> 0 | H18: ='RESUMEN TOTAL'!N21 -> 0 | I18: ='RESUMEN TOTAL'!O21 -> 0 | J18: ='RESUMEN TOTAL'!P21 -> 0 | K18: ='RESUMEN TOTAL'!Q21 -> 0 | L18: ='RESUMEN TOTAL'!R21 -> 0 | M18: ='RESUMEN TOTAL'!S21 -> 0 | ... AI18: ='RESUMEN TOTAL'!AO21 -> 0 | AJ18: ='RESUMEN TOTAL'!#REF! -> #REF!
A19: ='RESUMEN TOTAL'!A22 -> BOSQUES CENTRO | B19: ='RESUMEN TOTAL'!B22 -> BOSQC 05 | C19: ='RESUMEN TOTAL'!D22 -> LUIS AGOTE Y RUTA 36 | D19: ='RESUMEN TOTAL'!E22 -> Fija | E19: ='RESUMEN TOTAL'!F22 -> Radio | F19: ='RESUMEN TOTAL'!L22 -> 0 | G19: ='RESUMEN TOTAL'!M22 -> 0 | H19: ='RESUMEN TOTAL'!N22 -> 0 | I19: ='RESUMEN TOTAL'!O22 -> 0 | J19: ='RESUMEN TOTAL'!P22 -> 0 | K19: ='RESUMEN TOTAL'!Q22 -> 0 | L19: ='RESUMEN TOTAL'!R22 -> 0 | M19: ='RESUMEN TOTAL'!S22 -> 0 | ... AI19: ='RESUMEN TOTAL'!AO22 -> 0 | AJ19: ='RESUMEN TOTAL'!#REF! -> #REF!
A20: ='RESUMEN TOTAL'!A23 -> BOSQUES CENTRO | B20: ='RESUMEN TOTAL'!B23 -> BOSQC 06 | C20: ='RESUMEN TOTAL'!D23 -> LUIS AGOTE Y RUTA 36 | D20: ='RESUMEN TOTAL'!E23 -> Fija | E20: ='RESUMEN TOTAL'!F23 -> Radio | F20: ='RESUMEN TOTAL'!L23 -> 0 | G20: ='RESUMEN TOTAL'!M23 -> 0 | H20: ='RESUMEN TOTAL'!N23 -> 0 | I20: ='RESUMEN TOTAL'!O23 -> 0 | J20: ='RESUMEN TOTAL'!P23 -> 0 | K20: ='RESUMEN TOTAL'!Q23 -> 0 | L20: ='RESUMEN TOTAL'!R23 -> 0 | M20: ='RESUMEN TOTAL'!S23 -> 0 | ... AI20: ='RESUMEN TOTAL'!AO23 -> 0 | AJ20: ='RESUMEN TOTAL'!#REF! -> #REF!
A21: ='RESUMEN TOTAL'!A24 -> CENTRO | B21: ='RESUMEN TOTAL'!B24 -> CEN01 | C21: ='RESUMEN TOTAL'!D24 -> San Martin y 9 de Julio | D21: ='RESUMEN TOTAL'!E24 -> Fija | E21: ='RESUMEN TOTAL'!F24 -> Fibra Optica | F21: ='RESUMEN TOTAL'!L24 -> 0 | G21: ='RESUMEN TOTAL'!M24 -> 0 | H21: ='RESUMEN TOTAL'!N24 -> 0 | I21: ='RESUMEN TOTAL'!O24 -> 0 | J21: ='RESUMEN TOTAL'!P24 -> 0 | K21: ='RESUMEN TOTAL'!Q24 -> 0 | L21: ='RESUMEN TOTAL'!R24 -> 0 | M21: ='RESUMEN TOTAL'!S24 -> 0 | ... AI21: ='RESUMEN TOTAL'!AO24 -> 0 | AJ21: ='RESUMEN TOTAL'!#REF! -> #REF!
A22: ='RESUMEN TOTAL'!A25 -> CENTRO | B22: ='RESUMEN TOTAL'!B25 -> CEN02 | C22: ='RESUMEN TOTAL'!D25 -> San Martin y Almafuerte | D22: ='RESUMEN TOTAL'!E25 -> Fija | E22: ='RESUMEN TOTAL'!F25 -> Fibra Optica | F22: ='RESUMEN TOTAL'!L25 -> 0 | G22: ='RESUMEN TOTAL'!M25 -> 0 | H22: ='RESUMEN TOTAL'!N25 -> 0 | I22: ='RESUMEN TOTAL'!O25 -> 0 | J22: ='RESUMEN TOTAL'!P25 -> 0 | K22: ='RESUMEN TOTAL'!Q25 -> 0 | L22: ='RESUMEN TOTAL'!R25 -> 0 | M22: ='RESUMEN TOTAL'!S25 -> 0 | ... AI22: ='RESUMEN TOTAL'!AO25 -> 0 | AJ22: ='RESUMEN TOTAL'!#REF! -> #REF!
A23: ='RESUMEN TOTAL'!A26 -> CENTRO | B23: ='RESUMEN TOTAL'!B26 -> CEN03 | C23: ='RESUMEN TOTAL'!D26 -> San Martin y Sallares | D23: ='RESUMEN TOTAL'!E26 -> Domo | E23: ='RESUMEN TOTAL'!F26 -> Fibra Optica | F23: ='RESUMEN TOTAL'!L26 -> 0 | G23: ='RESUMEN TOTAL'!M26 -> 0 | H23: ='RESUMEN TOTAL'!N26 -> 0 | I23: ='RESUMEN TOTAL'!O26 -> 0 | J23: ='RESUMEN TOTAL'!P26 -> 0 | K23: ='RESUMEN TOTAL'!Q26 -> 0 | L23: ='RESUMEN TOTAL'!R26 -> 0 | M23: ='RESUMEN TOTAL'!S26 -> 0 | ... AI23: ='RESUMEN TOTAL'!AO26 -> 0 | AJ23: ='RESUMEN TOTAL'!#REF! -> #REF!
A24: ='RESUMEN TOTAL'!A27 -> CENTRO | B24: ='RESUMEN TOTAL'!B27 -> CEN04 | C24: ='RESUMEN TOTAL'!D27 -> San Martin y Contreras | D24: ='RESUMEN TOTAL'!E27 -> Domo | E24: ='RESUMEN TOTAL'!F27 -> Fibra Optica | F24: ='RESUMEN TOTAL'!L27 -> 0 | G24: ='RESUMEN TOTAL'!M27 -> 0 | H24: ='RESUMEN TOTAL'!N27 -> 0 | I24: ='RESUMEN TOTAL'!O27 -> 0 | J24: ='RESUMEN TOTAL'!P27 -> 0 | K24: ='RESUMEN TOTAL'!Q27 -> 0 | L24: ='RESUMEN TOTAL'!R27 -> 0 | M24: ='RESUMEN TOTAL'!S27 -> 0 | ... AI24: ='RESUMEN TOTAL'!AO27 -> 0 | AJ24: ='RESUMEN TOTAL'!#REF! -> #REF!
... A451: ='RESUMEN TOTAL'!A454 -> 0 | B451: ='RESUMEN TOTAL'!B454 -> 0 | C451: ='RESUMEN TOTAL'!D454 -> 0 | D451: ='RESUMEN TOTAL'!E454 -> 0 | E451: ='RESUMEN TOTAL'!F454 -> 0 | F451: ='RESUMEN TOTAL'!L454 -> 0 | G451: ='RESUMEN TOTAL'!M454 -> 0 | H451: ='RESUMEN TOTAL'!N454 -> 0 | I451: ='RESUMEN TOTAL'!O454 -> 0 | J451: ='RESUMEN TOTAL'!P454 -> 0 | K451: ='RESUMEN TOTAL'!Q454 -> 0 | L451: ='RESUMEN TOTAL'!R454 -> 0 | M451: ='RESUMEN TOTAL'!S454 -> 0 | ... AI451: ='RESUMEN TOTAL'!AO454 -> 0 | AJ451: ='RESUMEN TOTAL'!#REF! -> #REF!
A452: ='RESUMEN TOTAL'!A455 -> 0 | B452: ='RESUMEN TOTAL'!B455 -> 0 | C452: ='RESUMEN TOTAL'!C455 -> 0 | D452: ='RESUMEN TOTAL'!E455 -> 0 | E452: ='RESUMEN TOTAL'!F455 -> 0 | F452: ='RESUMEN TOTAL'!L455 -> 0 | G452: ='RESUMEN TOTAL'!M455 -> 0 | H452: ='RESUMEN TOTAL'!N455 -> 0 | I452: ='RESUMEN TOTAL'!O455 -> 0 | J452: ='RESUMEN TOTAL'!P455 -> 0 | K452: ='RESUMEN TOTAL'!Q455 -> 0 | L452: ='RESUMEN TOTAL'!R455 -> 0 | M452: ='RESUMEN TOTAL'!S455 -> 0 | ... AI452: ='RESUMEN TOTAL'!AO455 -> 0 | AJ452: ='RESUMEN TOTAL'!#REF! -> #REF!
A453: ='RESUMEN TOTAL'!A456 -> 0 | B453: ='RESUMEN TOTAL'!B456 -> 0 | C453: ='RESUMEN TOTAL'!D456 -> 0 | D453: ='RESUMEN TOTAL'!E456 -> 0 | E453: ='RESUMEN TOTAL'!F456 -> 0 | F453: ='RESUMEN TOTAL'!L456 -> 0 | G453: ='RESUMEN TOTAL'!M456 -> 0 | H453: ='RESUMEN TOTAL'!N456 -> 0 | I453: ='RESUMEN TOTAL'!O456 -> 0 | J453: ='RESUMEN TOTAL'!P456 -> 0 | K453: ='RESUMEN TOTAL'!Q456 -> 0 | L453: ='RESUMEN TOTAL'!R456 -> 0 | M453: ='RESUMEN TOTAL'!S456 -> 0 | ... AI453: ='RESUMEN TOTAL'!AO456 -> 0 | AJ453: ='RESUMEN TOTAL'!#REF! -> #REF!
A454: ='RESUMEN TOTAL'!A457 -> 0 | B454: ='RESUMEN TOTAL'!B457 -> 0 | C454: ='RESUMEN TOTAL'!D457 -> 0 | D454: ='RESUMEN TOTAL'!E457 -> 0 | E454: ='RESUMEN TOTAL'!F457 -> 0 | F454: ='RESUMEN TOTAL'!L457 -> 0 | G454: ='RESUMEN TOTAL'!M457 -> 0 | H454: ='RESUMEN TOTAL'!N457 -> 0 | I454: ='RESUMEN TOTAL'!O457 -> 0 | J454: ='RESUMEN TOTAL'!P457 -> 0 | K454: ='RESUMEN TOTAL'!Q457 -> 0 | L454: ='RESUMEN TOTAL'!R457 -> 0 | M454: ='RESUMEN TOTAL'!S457 -> 0 | ... AI454: ='RESUMEN TOTAL'!AO457 -> 0 | AJ454: ='RESUMEN TOTAL'!#REF! -> #REF!
A455: ='RESUMEN TOTAL'!A458 -> 0 | B455: ='RESUMEN TOTAL'!B458 -> 0 | C455: ='RESUMEN TOTAL'!D458 -> 0 | D455: ='RESUMEN TOTAL'!E458 -> 0 | E455: ='RESUMEN TOTAL'!F458 -> 0 | F455: ='RESUMEN TOTAL'!L458 -> 0 | G455: ='RESUMEN TOTAL'!M458 -> 0 | H455: ='RESUMEN TOTAL'!N458 -> 0 | I455: ='RESUMEN TOTAL'!O458 -> 0 | J455: ='RESUMEN TOTAL'!P458 -> 0 | K455: ='RESUMEN TOTAL'!Q458 -> 0 | L455: ='RESUMEN TOTAL'!R458 -> 0 | M455: ='RESUMEN TOTAL'!S458 -> 0 | ... AI455: ='RESUMEN TOTAL'!AO458 -> 0 | AJ455: ='RESUMEN TOTAL'!#REF! -> #REF!
A456: ='RESUMEN TOTAL'!A459 -> 0 | B456: ='RESUMEN TOTAL'!B459 -> 0 | C456: ='RESUMEN TOTAL'!D459 -> 0 | D456: ='RESUMEN TOTAL'!E459 -> 0 | E456: ='RESUMEN TOTAL'!F459 -> 0 | F456: ='RESUMEN TOTAL'!L459 -> 0 | G456: ='RESUMEN TOTAL'!M459 -> 0 | H456: ='RESUMEN TOTAL'!N459 -> 0 | I456: ='RESUMEN TOTAL'!O459 -> 0 | J456: ='RESUMEN TOTAL'!P459 -> 0 | K456: ='RESUMEN TOTAL'!Q459 -> 0 | L456: ='RESUMEN TOTAL'!R459 -> 0 | M456: ='RESUMEN TOTAL'!S459 -> 0 | ... AI456: ='RESUMEN TOTAL'!AO459 -> 0 | AJ456: ='RESUMEN TOTAL'!#REF! -> #REF!
A457: ='RESUMEN TOTAL'!A460 -> 0 | B457: ='RESUMEN TOTAL'!B460 -> 0 | C457: ='RESUMEN TOTAL'!D460 -> 0 | D457: ='RESUMEN TOTAL'!E460 -> 0 | E457: ='RESUMEN TOTAL'!F460 -> 0 | F457: ='RESUMEN TOTAL'!L460 -> 0 | G457: ='RESUMEN TOTAL'!M460 -> 0 | H457: ='RESUMEN TOTAL'!N460 -> 0 | I457: ='RESUMEN TOTAL'!O460 -> 0 | J457: ='RESUMEN TOTAL'!P460 -> 0 | K457: ='RESUMEN TOTAL'!Q460 -> 0 | L457: ='RESUMEN TOTAL'!R460 -> 0 | M457: ='RESUMEN TOTAL'!S460 -> 0 | ... AI457: ='RESUMEN TOTAL'!AO460 -> 0 | AJ457: ='RESUMEN TOTAL'!#REF! -> #REF!
A458: ='RESUMEN TOTAL'!A461 -> 0 | B458: ='RESUMEN TOTAL'!B461 -> 0 | C458: ='RESUMEN TOTAL'!D461 -> 0 | D458: ='RESUMEN TOTAL'!E461 -> 0 | E458: ='RESUMEN TOTAL'!F461 -> 0 | F458: ='RESUMEN TOTAL'!L461 -> 0 | G458: ='RESUMEN TOTAL'!M461 -> 0 | H458: ='RESUMEN TOTAL'!N461 -> 0 | I458: ='RESUMEN TOTAL'!O461 -> 0 | J458: ='RESUMEN TOTAL'!P461 -> 0 | K458: ='RESUMEN TOTAL'!Q461 -> 0 | L458: ='RESUMEN TOTAL'!R461 -> 0 | M458: ='RESUMEN TOTAL'!S461 -> 0 | ... AI458: ='RESUMEN TOTAL'!AO461 -> 0 | AJ458: ='RESUMEN TOTAL'!#REF! -> #REF!
A459: ='RESUMEN TOTAL'!A462 -> 0 | B459: ='RESUMEN TOTAL'!B462 -> 0 | C459: ='RESUMEN TOTAL'!D462 -> 0 | D459: ='RESUMEN TOTAL'!E462 -> 0 | E459: ='RESUMEN TOTAL'!F462 -> 0 | F459: ='RESUMEN TOTAL'!L462 -> 0 | G459: ='RESUMEN TOTAL'!M462 -> 0 | H459: ='RESUMEN TOTAL'!N462 -> 0 | I459: ='RESUMEN TOTAL'!O462 -> 0 | J459: ='RESUMEN TOTAL'!P462 -> 0 | K459: ='RESUMEN TOTAL'!Q462 -> 0 | L459: ='RESUMEN TOTAL'!R462 -> 0 | M459: ='RESUMEN TOTAL'!S462 -> 0 | ... AI459: ='RESUMEN TOTAL'!AO462 -> 0 | AJ459: ='RESUMEN TOTAL'!#REF! -> #REF!
A460: ='RESUMEN TOTAL'!A463 -> 0 | B460: ='RESUMEN TOTAL'!B463 -> 0 | C460: ='RESUMEN TOTAL'!D463 -> 0 | D460: ='RESUMEN TOTAL'!E463 -> 0 | E460: ='RESUMEN TOTAL'!F463 -> 0 | F460: ='RESUMEN TOTAL'!L463 -> 0 | G460: ='RESUMEN TOTAL'!M463 -> 0 | H460: ='RESUMEN TOTAL'!N463 -> 0 | I460: ='RESUMEN TOTAL'!O463 -> 0 | J460: ='RESUMEN TOTAL'!P463 -> 0 | K460: ='RESUMEN TOTAL'!Q463 -> 0 | L460: ='RESUMEN TOTAL'!R463 -> 0 | M460: ='RESUMEN TOTAL'!S463 -> 0 | ... AI460: ='RESUMEN TOTAL'!AO463 -> 0 | AJ460: ='RESUMEN TOTAL'!#REF! -> #REF!
A461: ='RESUMEN TOTAL'!A464 -> 0 | B461: ='RESUMEN TOTAL'!B464 -> 0 | C461: ='RESUMEN TOTAL'!D464 -> 0 | D461: ='RESUMEN TOTAL'!E464 -> 0 | E461: ='RESUMEN TOTAL'!F464 -> 0 | F461: ='RESUMEN TOTAL'!L464 -> 0 | G461: ='RESUMEN TOTAL'!M464 -> 0 | H461: ='RESUMEN TOTAL'!N464 -> 0 | I461: ='RESUMEN TOTAL'!O464 -> 0 | J461: ='RESUMEN TOTAL'!P464 -> 0 | K461: ='RESUMEN TOTAL'!Q464 -> 0 | L461: ='RESUMEN TOTAL'!R464 -> 0 | M461: ='RESUMEN TOTAL'!S464 -> 0 | ... AI461: ='RESUMEN TOTAL'!AO464 -> 0 | AJ461: ='RESUMEN TOTAL'!#REF! -> #REF!
A462: ='RESUMEN TOTAL'!A465 -> 0 | B462: ='RESUMEN TOTAL'!B465 -> 0 | C462: ='RESUMEN TOTAL'!D465 -> 0 | D462: ='RESUMEN TOTAL'!E465 -> 0 | E462: ='RESUMEN TOTAL'!F465 -> 0 | F462: ='RESUMEN TOTAL'!L465 -> 0 | G462: ='RESUMEN TOTAL'!M465 -> 0 | H462: ='RESUMEN TOTAL'!N465 -> 0 | I462: ='RESUMEN TOTAL'!O465 -> 0 | J462: ='RESUMEN TOTAL'!P465 -> 0 | K462: ='RESUMEN TOTAL'!Q465 -> 0 | L462: ='RESUMEN TOTAL'!R465 -> 0 | M462: ='RESUMEN TOTAL'!S465 -> 0 | ... AI462: ='RESUMEN TOTAL'!AO465 -> 0 | AJ462: ='RESUMEN TOTAL'!#REF! -> #REF!
A463: ='RESUMEN TOTAL'!A466 -> 0 | B463: ='RESUMEN TOTAL'!B466 -> 0 | C463: ='RESUMEN TOTAL'!D466 -> 0 | D463: ='RESUMEN TOTAL'!E466 -> 0 | E463: ='RESUMEN TOTAL'!F466 -> 0 | F463: ='RESUMEN TOTAL'!L466 -> 0 | G463: ='RESUMEN TOTAL'!M466 -> 0 | H463: ='RESUMEN TOTAL'!N466 -> 0 | I463: ='RESUMEN TOTAL'!O466 -> 0 | J463: ='RESUMEN TOTAL'!P466 -> 0 | K463: ='RESUMEN TOTAL'!Q466 -> 0 | L463: ='RESUMEN TOTAL'!R466 -> 0 | M463: ='RESUMEN TOTAL'!S466 -> 0 | ... AI463: ='RESUMEN TOTAL'!AO466 -> 0 | AJ463: ='RESUMEN TOTAL'!#REF! -> #REF!
A464: ='RESUMEN TOTAL'!A467 -> 0 | B464: ='RESUMEN TOTAL'!B467 -> 0 | C464: ='RESUMEN TOTAL'!D467 -> 0 | D464: ='RESUMEN TOTAL'!E467 -> 0 | E464: ='RESUMEN TOTAL'!F467 -> 0 | F464: ='RESUMEN TOTAL'!L467 -> 0 | G464: ='RESUMEN TOTAL'!M467 -> 0 | H464: ='RESUMEN TOTAL'!N467 -> 0 | I464: ='RESUMEN TOTAL'!O467 -> 0 | J464: ='RESUMEN TOTAL'!P467 -> 0 | K464: ='RESUMEN TOTAL'!Q467 -> 0 | L464: ='RESUMEN TOTAL'!R467 -> 0 | M464: ='RESUMEN TOTAL'!S467 -> 0 | ... AI464: ='RESUMEN TOTAL'!AO467 -> 0 | AJ464: ='RESUMEN TOTAL'!#REF! -> #REF!
... A637: ='RESUMEN TOTAL'!A640 -> 0 | B637: ='RESUMEN TOTAL'!B640 -> 0 | C637: ='RESUMEN TOTAL'!D640 -> 0 | D637: ='RESUMEN TOTAL'!E640 -> 0 | E637: ='RESUMEN TOTAL'!F640 -> 0 | F637: ='RESUMEN TOTAL'!L640 -> 0 | G637: ='RESUMEN TOTAL'!M640 -> 0 | H637: ='RESUMEN TOTAL'!N640 -> 0 | I637: ='RESUMEN TOTAL'!O640 -> 0 | J637: ='RESUMEN TOTAL'!P640 -> 0 | K637: ='RESUMEN TOTAL'!Q640 -> 0 | L637: ='RESUMEN TOTAL'!R640 -> 0 | M637: ='RESUMEN TOTAL'!S640 -> 0 | ... AI637: ='RESUMEN TOTAL'!AO640 -> 0 | AJ637: ='RESUMEN TOTAL'!#REF! -> #REF!

Sheet APAGADOS
E1: APAGADOS | F1: =COUNTIF(F3:F403, "APAGADO") -> 47 | G1: =COUNTIF(G3:G403, "APAGADO") -> 38 | H1: =COUNTIF(H3:H503, "APAGADO") -> 55 | I1: =COUNTIF(I3:I403, "APAGADO") -> 40 | J1: =COUNTIF(J3:J403, "APAGADO") -> 39 | K1: =COUNTIF(K3:K403, "APAGADO") -> 36 | L1: =COUNTIF(L3:L403, "APAGADO") -> 28 | M1: =COUNTIF(M3:M403, "APAGADO") -> 35 | N1: =COUNTIF(N3:N403, "APAGADO") -> 25 | O1: =COUNTIF(O3:O403, "APAGADO") -> 26 | P1: =COUNTIF(P3:P403, "APAGADO") -> 0 | ... AD1: =COUNTIF(AD3:AD403, "APAGADO") -> 0 | AE1: =COUNTIF(AE3:AE503, "APAGADO") -> 0 | AF1: =COUNTIF(AF3:AF403, "APAGADO") -> 0 | AG1: =COUNTIF(AG3:AG403, "APAGADO") -> 0 | AH1: =COUNTIF(AH3:AH403, "APAGADO") -> 0 | AI1: =COUNTIF(AI3:AI403, "APAGADO") -> 0 | AJ1: =COUNTIF(AJ3:AJ403, "APAGADO") -> 0
A2: =ESTADISTICA!A1 -> Barrio | B2: =ESTADISTICA!B1 -> [Denominacion] | C2: =ESTADISTICA!C1 -> [Ubicacion] | D2: =ESTADISTICA!D1 -> [Tipo de Camara] | E2: =ESTADISTICA!E1 -> [Tipo de Conexion] | F2: =ESTADISTICA!F1 -> 45078 | G2: =ESTADISTICA!G1 -> 45079 | H2: =ESTADISTICA!H1 -> 45080 | ... AJ2: =ESTADISTICA!AJ1 -> #REF!
A3: =ESTADISTICA!A2 -> ALTAMIRA | B3: =ESTADISTICA!B2 -> ALT01 | C3: =ESTADISTICA!C2 -> Calchaqui y Sgto. Cabral | D3: =ESTADISTICA!D2 -> Domo | E3: =ESTADISTICA!E2 -> Fibra Optica | F3: =ESTADISTICA!F2 -> 0 | G3: =ESTADISTICA!G2 -> 0 | H3: =ESTADISTICA!H2 -> 0 | ... AJ3: =ESTADISTICA!AJ2 -> #REF!
A4: =ESTADISTICA!A3 -> ALTAMIRA | B4: =ESTADISTICA!B3 -> ALT02 | C4: =ESTADISTICA!C3 -> Calchaqui y Lope de Vega | D4: =ESTADISTICA!D3 -> Domo | E4: =ESTADISTICA!E3 -> PTO A FO | F4: =ESTADISTICA!F3 -> 0 | G4: =ESTADISTICA!G3 -> 0 | H4: =ESTADISTICA!H3 -> 0 | ... AJ4: =ESTADISTICA!AJ3 -> #REF!
A5: =ESTADISTICA!A4 -> ALTAMIRA | B5: =ESTADISTICA!B4 -> ALT 03 | C5: =ESTADISTICA!C4 -> Bombero Galarza y Necochea | D5: =ESTADISTICA!D4 -> Domo | E5: =ESTADISTICA!E4 -> Fibra Optica | F5: =ESTADISTICA!F4 -> 0 | G5: =ESTADISTICA!G4 -> 0 | H5: =ESTADISTICA!H4 -> 0 | ... AJ5: =ESTADISTICA!AJ4 -> #REF!
A6: =ESTADISTICA!A5 -> ALTAMIRA | B6: =ESTADISTICA!B5 -> ALT 04 | C6: =ESTADISTICA!C5 -> Francia y Necochea | D6: =ESTADISTICA!D5 -> Domo | E6: =ESTADISTICA!E5 -> Fibra Optica | F6: =ESTADISTICA!F5 -> 0 | G6: =ESTADISTICA!G5 -> 0 | H6: =ESTADISTICA!H5 -> 0 | ... AJ6: =ESTADISTICA!AJ5 -> #REF!
A7: =ESTADISTICA!A6 -> ALTAMIRA | B7: =ESTADISTICA!B6 -> ALT05 | C7: =ESTADISTICA!C6 -> Av. Calchaqui y Bombero Galarza | D7: =ESTADISTICA!D6 -> Domo | E7: =ESTADISTICA!E6 -> PTO A FO | F7: =ESTADISTICA!F6 -> 0 | G7: =ESTADISTICA!G6 -> 0 | H7: =ESTADISTICA!H6 -> 0 | ... AJ7: =ESTADISTICA!AJ6 -> #REF!
A8: =ESTADISTICA!A7 -> ALTAMIRA | B8: =ESTADISTICA!B7 -> ALT 06 | C8: =ESTADISTICA!C7 -> LOPE DE VEGA Y NECOCHEA | D8: =ESTADISTICA!D7 -> Domo | E8: =ESTADISTICA!E7 -> PTO A FO | F8: =ESTADISTICA!F7 -> 0 | G8: =ESTADISTICA!G7 -> 0 | H8: =ESTADISTICA!H7 -> 0 | ... AJ8: =ESTADISTICA!AJ7 -> #REF!
A9: =ESTADISTICA!A8 -> ALTAMIRA | B9: =ESTADISTICA!B8 -> ALT07 | C9: =ESTADISTICA!C8 -> AV. CALCHAQUI Y AV. DEL TRABAJO | D9: =ESTADISTICA!D8 -> DOMO | E9: =ESTADISTICA!E8 -> PTO A FO | F9: =ESTADISTICA!F8 -> 0 | G9: =ESTADISTICA!G8 -> 0 | H9: =ESTADISTICA!H8 -> 0 | ... AJ9: =ESTADISTICA!AJ8 -> #REF!
A10: =ESTADISTICA!A9 -> ALTAMIRA | B10: =ESTADISTICA!B9 -> ALT 08 | C10: =ESTADISTICA!C9 -> HUMAITA Y NECOCHEA | D10: =ESTADISTICA!D9 -> DOMO | E10: =ESTADISTICA!E9 -> Fibra Optica | F10: =ESTADISTICA!F9 -> 0 | G10: =ESTADISTICA!G9 -> 0 | H10: =ESTADISTICA!H9 -> 0 | ... AJ10: =ESTADISTICA!AJ9 -> #REF!
A11: =ESTADISTICA!A10 -> ALTAMIRA | B11: =ESTADISTICA!B10 -> ALT 09 | C11: =ESTADISTICA!C10 -> NECOCHEA Y CURUPAITY | D11: =ESTADISTICA!D10 -> DOMO | E11: =ESTADISTICA!E10 -> Fibra Optica | F11: =ESTADISTICA!F10 -> 0 | G11: =ESTADISTICA!G10 -> 0 | H11: =ESTADISTICA!H10 -> 0 | ... AJ11: =ESTADISTICA!AJ10 -> #REF!
A12: =ESTADISTICA!A11 -> ALTAMIRA | B12: =ESTADISTICA!B11 -> ALT 10 | C12: =ESTADISTICA!C11 -> Calchaqui y Francia | D12: =ESTADISTICA!D11 -> Domo | E12: =ESTADISTICA!E11 -> Radio | F12: =ESTADISTICA!F11 -> 0 | G12: =ESTADISTICA!G11 -> 0 | H12: =ESTADISTICA!H11 -> 0 | ... AJ12: =ESTADISTICA!AJ11 -> #REF!
A13: =ESTADISTICA!A12 -> AGUSTIN RAMIREZ | B13: =ESTADISTICA!B12 -> ARA 01 | C13: =ESTADISTICA!C12 -> Malambo y Tranquera | D13: =ESTADISTICA!D12 -> Domo | E13: =ESTADISTICA!E12 -> Fibra Optica | F13: =ESTADISTICA!F12 -> 0 | G13: =ESTADISTICA!G12 -> 0 | H13: =ESTADISTICA!H12 -> 0 | ... AJ13: =ESTADISTICA!AJ12 -> #REF!
... A516: =ESTADISTICA!A515 -> 0 | B516: =ESTADISTICA!B515 -> 0 | C516: =ESTADISTICA!C515 -> 0 | D516: =ESTADISTICA!D515 -> 0 | E516: =ESTADISTICA!E515 -> 0 | F516: =ESTADISTICA!F515 -> 0 | G516: =ESTADISTICA!G515 -> 0 | H516: =ESTADISTICA!H515 -> 0 | ... AJ516: =ESTADISTICA!AJ515 -> #REF!

Sheet APAGADOS FIBRA
C1: TOTAL FIBRA | D1: =COUNTIFS(E4:E400,"=Fibra Optica") -> 268
E2: APAGADOS | F2: =COUNTIFS(F4:F500, "=APAGADO",E4:E500,"=Fibra Optica") -> 35 | G2: =COUNTIFS(G4:G500, "=APAGADO",E4:E500,"=Fibra Optica") -> 27 | H2: =COUNTIFS(H4:H500, "=APAGADO",E4:E500,"=Fibra Optica") -> 35 | I2: =COUNTIFS(I4:I500, "=APAGADO",E4:E500,"=Fibra Optica") -> 29 | J2: =COUNTIFS(J4:J500, "=APAGADO",E4:E500,"=Fibra Optica") -> 29 | K2: =COUNTIFS(K4:K500, "=APAGADO",E4:E500,"=Fibra Optica") -> 26 | L2: =COUNTIFS(L4:L500, "=APAGADO",E4:E500,"=Fibra Optica") -> 27 | M2: =COUNTIFS(M4:M500, "=APAGADO",E4:E500,"=Fibra Optica") -> 39 | N2: =COUNTIFS(N4:N500, "=APAGADO",E4:E500,"=Fibra Optica") -> 20 | O2: =COUNTIFS(O4:O500, "=APAGADO",E4:E500,"=Fibra Optica") -> 19 | P2: =COUNTIFS(P4:P500, "=APAGADO",E4:E500,"=Fibra Optica") -> 0 | Q2: =COUNTIFS(Q4:Q500, "=APAGADO",E4:E500,"=Fibra Optica") -> 64 | R2: =COUNTIFS(R4:R500, "=APAGADO",E4:E500,"=Fibra Optica") -> 76 | S2: =COUNTIFS(S4:S500, "=APAGADO",E4:E500,"=Fibra Optica") -> 49 | T2: =COUNTIFS(T4:T500, "=APAGADO",E4:E500,"=Fibra Optica") -> 21 | U2: =COUNTIFS(U4:U500, "=APAGADO",E4:E500,"=Fibra Optica") -> 31 | V2: =COUNTIFS(V4:V500, "=APAGADO",E4:E500,"=Fibra Optica") -> 0 | W2: =COUNTIFS(W4:W500, "=APAGADO",E4:E500,"=Fibra Optica") -> 0 | X2: =COUNTIFS(X4:X500, "=APAGADO",E4:E500,"=Fibra Optica") -> 0 | Y2: =COUNTIFS(Y4:Y500, "=APAGADO",E4:E500,"=Fibra Optica") -> 0 | Z2: =COUNTIFS(Z4:Z500, "=APAGADO",E4:E500,"=Fibra Optica") -> 0 | AA2: =COUNTIFS(AA4:AA500, "=APAGADO",E4:E500,"=Fibra Optica") -> 0 | AB2: =COUNTIFS(AB4:AB500, "=APAGADO",E4:E500,"=Fibra Optica") -> 0 | AC2: =COUNTIFS(AC4:AC500, "=APAGADO",E4:E500,"=Fibra Optica") -> 0 | AD2: =COUNTIFS(AD4:AD500, "=APAGADO",E4:E500,"=Fibra Optica") -> 0 | AE2: =COUNTIFS(AE4:AE500, "=APAGADO",E4:E500,"=Fibra Optica") -> 0 | AF2: =COUNTIFS(AF4:AF500, "=APAGADO",E4:E500,"=Fibra Optica") -> 0 | AG2: =COUNTIFS(AG4:AG500, "=APAGADO",E4:E500,"=Fibra Optica") -> 0 | AH2: =COUNTIFS(AH4:AH500, "=APAGADO",E4:E500,"=Fibra Optica") -> 0 | AI2: =COUNTIFS(AI4:AI400, "=APAGADO",E4:E400,"=Fibra Optica") -> 0 | AJ2: =COUNTIFS(AJ4:AJ400, "=APAGADO",F4:F400,"=Fibra Optica") -> 0
A3: =ESTADISTICA!A1 -> Barrio | B3: =ESTADISTICA!B1 -> [Denominacion] | C3: =ESTADISTICA!C1 -> [Ubicacion] | D3: =ESTADISTICA!D1 -> [Tipo de Camara] | E3: =ESTADISTICA!E1 -> [Tipo de Conexion] | F3: =ESTADISTICA!F1 -> 45078 | G3: =ESTADISTICA!G1 -> 45079 | H3: =ESTADISTICA!H1 -> 45080 | ... AJ3: =ESTADISTICA!AJ1 -> #REF!
A4: ='RESUMEN TOTAL'!A7 -> ALTAMIRA | B4: ='RESUMEN TOTAL'!B7 -> ALT 03 | C4: ='RESUMEN TOTAL'!D7 -> Bombero Galarza y Necochea | D4: ='RESUMEN TOTAL'!E7 -> Domo | E4: ='RESUMEN TOTAL'!F7 -> Fibra Optica | F4: ='RESUMEN TOTAL'!L7 -> 0 | G4: ='RESUMEN TOTAL'!M7 -> 0 | H4: ='RESUMEN TOTAL'!N7 -> 0 | I4: ='RESUMEN TOTAL'!O7 -> 0 | J4: ='RESUMEN TOTAL'!P7 -> 0 | K4: ='RESUMEN TOTAL'!Q7 -> 0 | L4: ='RESUMEN TOTAL'!R7 -> 0 | M4: ='RESUMEN TOTAL'!S7 -> 0 | ... AI4: ='RESUMEN TOTAL'!AO7 -> 0 | AJ4: ='RESUMEN TOTAL'!#REF! -> #REF!
A5: ='RESUMEN TOTAL'!A8 -> ALTAMIRA | B5: ='RESUMEN TOTAL'!B8 -> ALT 04 | C5: ='RESUMEN TOTAL'!D8 -> Francia y Necochea | D5: ='RESUMEN TOTAL'!E8 -> Domo | E5: ='RESUMEN TOTAL'!F8 -> Fibra Optica | F5: ='RESUMEN TOTAL'!L8 -> 0 | G5: ='RESUMEN TOTAL'!M8 -> 0 | H5: ='RESUMEN TOTAL'!N8 -> 0 | I5: ='RESUMEN TOTAL'!O8 -> 0 | J5: ='RESUMEN TOTAL'!P8 -> 0 | K5: ='RESUMEN TOTAL'!Q8 -> 0 | L5: ='RESUMEN TOTAL'!R8 -> 0 | M5: ='RESUMEN TOTAL'!S8 -> 0 | ... AI5: ='RESUMEN TOTAL'!AO8 -> 0 | AJ5: ='RESUMEN TOTAL'!#REF! -> #REF!
A6: ='RESUMEN TOTAL'!A9 -> ALTAMIRA | B6: ='RESUMEN TOTAL'!B9 -> ALT05 | C6: ='RESUMEN TOTAL'!D9 -> Av. Calchaqui y Bombero Galarza | D6: ='RESUMEN TOTAL'!E9 -> Domo | E6: ='RESUMEN TOTAL'!F9 -> PTO A FO | F6: ='RESUMEN TOTAL'!L9 -> 0 | G6: ='RESUMEN TOTAL'!M9 -> 0 | H6: ='RESUMEN TOTAL'!N9 -> 0 | I6: ='RESUMEN TOTAL'!O9 -> 0 | J6: ='RESUMEN TOTAL'!P9 -> 0 | K6: ='RESUMEN TOTAL'!Q9 -> 0 | L6: ='RESUMEN TOTAL'!R9 -> 0 | M6: ='RESUMEN TOTAL'!S9 -> 0 | ... AI6: ='RESUMEN TOTAL'!AO9 -> 0 | AJ6: ='RESUMEN TOTAL'!#REF! -> #REF!
A7: ='RESUMEN TOTAL'!A10 -> ALTAMIRA | B7: ='RESUMEN TOTAL'!B10 -> ALT 06 | C7: ='RESUMEN TOTAL'!D10 -> LOPE DE VEGA Y NECOCHEA | D7: ='RESUMEN TOTAL'!E10 -> Domo | E7: ='RESUMEN TOTAL'!F10 -> PTO A FO | F7: ='RESUMEN TOTAL'!L10 -> 0 | G7: ='RESUMEN TOTAL'!M10 -> 0 | H7: ='RESUMEN TOTAL'!N10 -> 0 | I7: ='RESUMEN TOTAL'!O10 -> 0 | J7: ='RESUMEN TOTAL'!P10 -> 0 | K7: ='RESUMEN TOTAL'!Q10 -> 0 | L7: ='RESUMEN TOTAL'!R10 -> 0 | M7: ='RESUMEN TOTAL'!S10 -> 0 | ... AI7: ='RESUMEN TOTAL'!AO10 -> 0 | AJ7: ='RESUMEN TOTAL'!#REF! -> #REF!
A8: ='RESUMEN TOTAL'!A11 -> ALTAMIRA | B8: ='RESUMEN TOTAL'!B11 -> ALT07 | C8: ='RESUMEN TOTAL'!D11 -> AV. CALCHAQUI Y AV. DEL TRABAJO | D8: ='RESUMEN TOTAL'!E11 -> DOMO | E8: ='RESUMEN TOTAL'!F11 -> PTO A FO | F8: ='RESUMEN TOTAL'!L11 -> 0 | G8: ='RESUMEN TOTAL'!M11 -> 0 | H8: ='RESUMEN TOTAL'!N11 -> 0 | I8: ='RESUMEN TOTAL'!O11 -> 0 | J8: ='RESUMEN TOTAL'!P11 -> 0 | K8: ='RESUMEN TOTAL'!Q11 -> 0 | L8: ='RESUMEN TOTAL'!R11 -> 0 | M8: ='RESUMEN TOTAL'!S11 -> 0 | ... AI8: ='RESUMEN TOTAL'!AO11 -> 0 | AJ8: ='RESUMEN TOTAL'!#REF! -> #REF!
A9: ='RESUMEN TOTAL'!A12 -> ALTAMIRA | B9: ='RESUMEN TOTAL'!B12 -> ALT 08 | C9: ='RESUMEN TOTAL'!D12 -> HUMAITA Y NECOCHEA | D9: ='RESUMEN TOTAL'!E12 -> DOMO | E9: ='RESUMEN TOTAL'!F12 -> Fibra Optica | F9: ='RESUMEN TOTAL'!L12 -> 0 | G9: ='RESUMEN TOTAL'!M12 -> 0 | H9: ='RESUMEN TOTAL'!N12 -> 0 | I9: ='RESUMEN TOTAL'!O12 -> 0 | J9: ='RESUMEN TOTAL'!P12 -> 0 | K9: ='RESUMEN TOTAL'!Q12 -> 0 | L9: ='RESUMEN TOTAL'!R12 -> 0 | M9: ='RESUMEN TOTAL'!S12 -> 0 | ... AI9: ='RESUMEN TOTAL'!AO12 -> 0 | AJ9: ='RESUMEN TOTAL'!#REF! -> #REF!
A10: ='RESUMEN TOTAL'!A13 -> ALTAMIRA | B10: ='RESUMEN TOTAL'!B13 -> ALT 09 | C10: ='RESUMEN TOTAL'!D13 -> NECOCHEA Y CURUPAITY | D10: ='RESUMEN TOTAL'!E13 -> DOMO | E10: ='RESUMEN TOTAL'!F13 -> Fibra Optica | F10: ='RESUMEN TOTAL'!L13 -> 0 | G10: ='RESUMEN TOTAL'!M13 -> 0 | H10: ='RESUMEN TOTAL'!N13 -> 0 | I10: ='RESUMEN TOTAL'!O13 -> 0 | J10: ='RESUMEN TOTAL'!P13 -> 0 | K10: ='RESUMEN TOTAL'!Q13 -> 0 | L10: ='RESUMEN TOTAL'!R13 -> 0 | M10: ='RESUMEN TOTAL'!S13 -> 0 | ... AI10: ='RESUMEN TOTAL'!AO13 -> 0 | AJ10: ='RESUMEN TOTAL'!#REF! -> #REF!
A11: ='RESUMEN TOTAL'!A14 -> ALTAMIRA | B11: ='RESUMEN TOTAL'!B14 -> ALT 10 | C11: ='RESUMEN TOTAL'!D14 -> Calchaqui y Francia | D11: ='RESUMEN TOTAL'!E14 -> Domo | E11: ='RESUMEN TOTAL'!F14 -> Radio | F11: ='RESUMEN TOTAL'!L14 -> 0 | G11: ='RESUMEN TOTAL'!M14 -> 0 | H11: ='RESUMEN TOTAL'!N14 -> 0 | I11: ='RESUMEN TOTAL'!O14 -> 0 | J11: ='RESUMEN TOTAL'!P14 -> 0 | K11: ='RESUMEN TOTAL'!Q14 -> 0 | L11: ='RESUMEN TOTAL'!R14 -> 0 | M11: ='RESUMEN TOTAL'!S14 -> 0 | ... AI11: ='RESUMEN TOTAL'!AO14 -> 0 | AJ11: ='RESUMEN TOTAL'!#REF! -> #REF!
A12: ='RESUMEN TOTAL'!A15 -> AGUSTIN RAMIREZ | B12: ='RESUMEN TOTAL'!B15 -> ARA 01 | C12: ='RESUMEN TOTAL'!D15 -> Malambo y Tranquera | D12: ='RESUMEN TOTAL'!E15 -> Domo | E12: ='RESUMEN TOTAL'!F15 -> Fibra Optica | F12: ='RESUMEN TOTAL'!L15 -> 0 | G12: ='RESUMEN TOTAL'!M15 -> 0 | H12: ='RESUMEN TOTAL'!N15 -> 0 | I12: ='RESUMEN TOTAL'!O15 -> 0 | J12: ='RESUMEN TOTAL'!P15 -> 0 | K12: ='RESUMEN TOTAL'!Q15 -> 0 | L12: ='RESUMEN TOTAL'!R15 -> 0 | M12: ='RESUMEN TOTAL'!S15 -> 0 | ... AI12: ='RESUMEN TOTAL'!AO15 -> 0 | AJ12: ='RESUMEN TOTAL'!#REF! -> #REF!
A13: ='RESUMEN TOTAL'!A16 -> BELGRANO | B13: ='RESUMEN TOTAL'!B16 -> BEL 01 | C13: ='RESUMEN TOTAL'!D16 -> San Martin y Dardo Rocha | D13: ='RESUMEN TOTAL'!E16 -> DOMO | E13: ='RESUMEN TOTAL'!F16 -> Fibra Optica | F13: ='RESUMEN TOTAL'!L16 -> 0 | G13: ='RESUMEN TOTAL'!M16 -> 0 | H13: ='RESUMEN TOTAL'!N16 -> 0 | I13: ='RESUMEN TOTAL'!O16 -> 0 | J13: ='RESUMEN TOTAL'!P16 -> 0 | K13: ='RESUMEN TOTAL'!Q16 -> 0 | L13: ='RESUMEN TOTAL'!R16 -> 0 | M13: ='RESUMEN TOTAL'!S16 -> 0 | ... AI13: ='RESUMEN TOTAL'!AO16 -> 0 | AJ13: ='RESUMEN TOTAL'!#REF! -> #REF!
A14: ='RESUMEN TOTAL'!A17 -> BELGRANO | B14: ='RESUMEN TOTAL'!B17 -> BEL 02 | C14: ='RESUMEN TOTAL'!D17 -> Guardia vieja y Fronteriz | D14: ='RESUMEN TOTAL'!E17 -> DOMO | E14: ='RESUMEN TOTAL'!F17 -> Fibra Optica | F14: ='RESUMEN TOTAL'!L17 -> 0 | G14: ='RESUMEN TOTAL'!M17 -> 0 | H14: ='RESUMEN TOTAL'!N17 -> 0 | I14: ='RESUMEN TOTAL'!O17 -> 0 | J14: ='RESUMEN TOTAL'!P17 -> 0 | K14: ='RESUMEN TOTAL'!Q17 -> 0 | L14: ='RESUMEN TOTAL'!R17 -> 0 | M14: ='RESUMEN TOTAL'!S17 -> 0 | ... R14: ='RESUMEN TOTAL'!X17 -> APAGADO | S14: ='RESUMEN TOTAL'!Y23 -> APAGADO | T14: ='RESUMEN TOTAL'!Z17 -> APAGADO | U14: ='RESUMEN TOTAL'!AA17 -> APAGADO | V14: ='RESUMEN TOTAL'!AB17 -> 0 | W14: ='RESUMEN TOTAL'!AC17 -> 0 | X14: ='RESUMEN TOTAL'!AD17 -> 0 | Y14: ='RESUMEN TOTAL'!AE17 -> 0 | Z14: ='RESUMEN TOTAL'!AF17 -> 0 | AA14: ='RESUMEN TOTAL'!AG17 -> 0 | ... AI14: ='RESUMEN TOTAL'!AO17 -> 0 | AJ14: ='RESUMEN TOTAL'!#REF! -> #REF!
A15: ='RESUMEN TOTAL'!A18 -> BOSQUES CENTRO | B15: ='RESUMEN TOTAL'!B18 -> BOSQC 01 | C15: ='RESUMEN TOTAL'!D18 -> LUIS AGOTE E/DANUNCIO Y CAMPOAMOR | D15: ='RESUMEN TOTAL'!E18 -> Fija | E15: ='RESUMEN TOTAL'!F18 -> Radio | F15: ='RESUMEN TOTAL'!L18 -> 0 | G15: ='RESUMEN TOTAL'!M18 -> 0 | H15: ='RESUMEN TOTAL'!N18 -> 0 | I15: ='RESUMEN TOTAL'!O18 -> 0 | J15: ='RESUMEN TOTAL'!P18 -> 0 | K15: ='RESUMEN TOTAL'!Q18 -> 0 | L15: ='RESUMEN TOTAL'!R18 -> 0 | M15: ='RESUMEN TOTAL'!S18 -> 0 | ... AI15: ='RESUMEN TOTAL'!AO18 -> 0 | AJ15: ='RESUMEN TOTAL'!#REF! -> #REF!
A16: ='RESUMEN TOTAL'!A19 -> BOSQUES CENTRO | B16: ='RESUMEN TOTAL'!B19 -> BOSQC 02 | C16: ='RESUMEN TOTAL'!D19 -> LUIS AGOTE E/DANUNCIO Y CAMPOAMOR | D16: ='RESUMEN TOTAL'!E19 -> Fija | E16: ='RESUMEN TOTAL'!F19 -> Radio | F16: ='RESUMEN TOTAL'!L19 -> 0 | G16: ='RESUMEN TOTAL'!M19 -> 0 | H16: ='RESUMEN TOTAL'!N19 -> 0 | I16: ='RESUMEN TOTAL'!O19 -> 0 | J16: ='RESUMEN TOTAL'!P19 -> 0 | K16: ='RESUMEN TOTAL'!Q19 -> 0 | L16: ='RESUMEN TOTAL'!R19 -> 0 | M16: ='RESUMEN TOTAL'!S19 -> 0 | ... AI16: ='RESUMEN TOTAL'!AO19 -> 0 | AJ16: ='RESUMEN TOTAL'!#REF! -> #REF!
A17: ='RESUMEN TOTAL'!A20 -> BOSQUES CENTRO | B17: ='RESUMEN TOTAL'!B20 -> BOSQC 03 | C17: ='RESUMEN TOTAL'!D20 -> BENAVENTE Y LUIS AGOTE | D17: ='RESUMEN TOTAL'!E20 -> Fija | E17: ='RESUMEN TOTAL'!F20 -> Radio | F17: ='RESUMEN TOTAL'!L20 -> 0 | G17: ='RESUMEN TOTAL'!M20 -> 0 | H17: ='RESUMEN TOTAL'!N20 -> 0 | I17: ='RESUMEN TOTAL'!O20 -> 0 | J17: ='RESUMEN TOTAL'!P20 -> 0 | K17: ='RESUMEN TOTAL'!Q20 -> 0 | L17: ='RESUMEN TOTAL'!R20 -> 0 | M17: ='RESUMEN TOTAL'!S20 -> 0 | ... AI17: ='RESUMEN TOTAL'!AO20 -> 0 | AJ17: ='RESUMEN TOTAL'!#REF! -> #REF!
A18: ='RESUMEN TOTAL'!A21 -> BOSQUES CENTRO | B18: ='RESUMEN TOTAL'!B21 -> BOSQC 04 | C18: ='RESUMEN TOTAL'!D21 -> BENAVENTE Y LUIS AGOTE | D18: ='RESUMEN TOTAL'!E21 -> Fija | E18: ='RESUMEN TOTAL'!F21 -> Radio | F18: ='RESUMEN TOTAL'!L21 -> 0 | G18: ='RESUMEN TOTAL'!M21 -> 0 | H18: ='RESUMEN TOTAL'!N21 -> 0 | I18: ='RESUMEN TOTAL'!O21 -> 0 | J18: ='RESUMEN TOTAL'!P21 -> 0 | K18: ='RESUMEN TOTAL'!Q21 -> 0 | L18: ='RESUMEN TOTAL'!R21 -> 0 | M18: ='RESUMEN TOTAL'!S21 -> 0 | ... AI18: ='RESUMEN TOTAL'!AO21 -> 0 | AJ18: ='RESUMEN TOTAL'!#REF! -> #REF!
A19: ='RESUMEN TOTAL'!A22 -> BOSQUES CENTRO | B19: ='RESUMEN TOTAL'!B22 -> BOSQC 05 | C19: ='RESUMEN TOTAL'!D22 -> LUIS AGOTE Y RUTA 36 | D19: ='RESUMEN TOTAL'!E22 -> Fija | E19: ='RESUMEN TOTAL'!F22 -> Radio | F19: ='RESUMEN TOTAL'!L22 -> 0 | G19: ='RESUMEN TOTAL'!M22 -> 0 | H19: ='RESUMEN TOTAL'!N22 -> 0 | I19: ='RESUMEN TOTAL'!O22 -> 0 | J19: ='RESUMEN TOTAL'!P22 -> 0 | K19: ='RESUMEN TOTAL'!Q22 -> 0 | L19: ='RESUMEN TOTAL'!R22 -> 0 | M19: ='RESUMEN TOTAL'!S22 -> 0 | ... AI19: ='RESUMEN TOTAL'!AO22 -> 0 | AJ19: ='RESUMEN TOTAL'!#REF! -> #REF!
A20: ='RESUMEN TOTAL'!A23 -> BOSQUES CENTRO | B20: ='RESUMEN TOTAL'!B23 -> BOSQC 06 | C20: ='RESUMEN TOTAL'!D23 -> LUIS AGOTE Y RUTA 36 | D20: ='RESUMEN TOTAL'!E23 -> Fija | E20: ='RESUMEN TOTAL'!F23 -> Radio | F20: ='RESUMEN TOTAL'!L23 -> 0 | G20: ='RESUMEN TOTAL'!M23 -> 0 | H20: ='RESUMEN TOTAL'!N23 -> 0 | I20: ='RESUMEN TOTAL'!O23 -> 0 | J20: ='RESUMEN TOTAL'!P23 -> 0 | K20: ='RESUMEN TOTAL'!Q23 -> 0 | L20: ='RESUMEN TOTAL'!R23 -> 0 | M20: ='RESUMEN TOTAL'!S23 -> 0 | ... AI20: ='RESUMEN TOTAL'!AO23 -> 0 | AJ20: ='RESUMEN TOTAL'!#REF! -> #REF!
A21: ='RESUMEN TOTAL'!A24 -> CENTRO | B21: ='RESUMEN TOTAL'!B24 -> CEN01 | C21: ='RESUMEN TOTAL'!D24 -> San Martin y 9 de Julio | D21: ='RESUMEN TOTAL'!E24 -> Fija | E21: ='RESUMEN TOTAL'!F24 -> Fibra Optica | F21: ='RESUMEN TOTAL'!L24 -> 0 | G21: ='RESUMEN TOTAL'!M24 -> 0 | H21: ='RESUMEN TOTAL'!N24 -> 0 | I21: ='RESUMEN TOTAL'!O24 -> 0 | J21: ='RESUMEN TOTAL'!P24 -> 0 | K21: ='RESUMEN TOTAL'!Q24 -> 0 | L21: ='RESUMEN TOTAL'!R24 -> 0 | M21: ='RESUMEN TOTAL'!S24 -> 0 | ... AI21: ='RESUMEN TOTAL'!AO24 -> 0 | AJ21: ='RESUMEN TOTAL'!#REF! -> #REF!
A22: ='RESUMEN TOTAL'!A25 -> CENTRO | B22: ='RESUMEN TOTAL'!B25 -> CEN02 | C22: ='RESUMEN TOTAL'!D25 -> San Martin y Almafuerte | D22: ='RESUMEN TOTAL'!E25 -> Fija | E22: ='RESUMEN TOTAL'!F25 -> Fibra Optica | F22: ='RESUMEN TOTAL'!L25 -> 0 | G22: ='RESUMEN TOTAL'!M25 -> 0 | H22: ='RESUMEN TOTAL'!N25 -> 0 | I22: ='RESUMEN TOTAL'!O25 -> 0 | J22: ='RESUMEN TOTAL'!P25 -> 0 | K22: ='RESUMEN TOTAL'!Q25 -> 0 | L22: ='RESUMEN TOTAL'!R25 -> 0 | M22: ='RESUMEN TOTAL'!S25 -> 0 | ... AI22: ='RESUMEN TOTAL'!AO25 -> 0 | AJ22: ='RESUMEN TOTAL'!#REF! -> #REF!
A23: ='RESUMEN TOTAL'!A26 -> CENTRO | B23: ='RESUMEN TOTAL'!B26 -> CEN03 | C23: ='RESUMEN TOTAL'!D26 -> San Martin y Sallares | D23: ='RESUMEN TOTAL'!E26 -> Domo | E23: ='RESUMEN TOTAL'!F26 -> Fibra Optica | F23: ='RESUMEN TOTAL'!L26 -> 0 | G23: ='RESUMEN TOTAL'!M26 -> 0 | H23: ='RESUMEN TOTAL'!N26 -> 0 | I23: ='RESUMEN TOTAL'!O26 -> 0 | J23: ='RESUMEN TOTAL'!P26 -> 0 | K23: ='RESUMEN TOTAL'!Q26 -> 0 | L23: ='RESUMEN TOTAL'!R26 -> 0 | M23: ='RESUMEN TOTAL'!S26 -> 0 | ... AI23: ='RESUMEN TOTAL'!AO26 -> 0 | AJ23: ='RESUMEN TOTAL'!#REF! -> #REF!
A24: ='RESUMEN TOTAL'!A27 -> CENTRO | B24: ='RESUMEN TOTAL'!B27 -> CEN04 | C24: ='RESUMEN TOTAL'!D27 -> San Martin y Contreras | D24: ='RESUMEN TOTAL'!E27 -> Domo | E24: ='RESUMEN TOTAL'!F27 -> Fibra Optica | F24: ='RESUMEN TOTAL'!L27 -> 0 | G24: ='RESUMEN TOTAL'!M27 -> 0 | H24: ='RESUMEN TOTAL'!N27 -> 0 | I24: ='RESUMEN TOTAL'!O27 -> 0 | J24: ='RESUMEN TOTAL'!P27 -> 0 | K24: ='RESUMEN TOTAL'!Q27 -> 0 | L24: ='RESUMEN TOTAL'!R27 -> 0 | M24: ='RESUMEN TOTAL'!S27 -> 0 | ... AI24: ='RESUMEN TOTAL'!AO27 -> 0 | AJ24: ='RESUMEN TOTAL'!#REF! -> #REF!
A25: ='RESUMEN TOTAL'!A28 -> CENTRO | B25: ='RESUMEN TOTAL'!B28 -> CEN 05 | C25: ='RESUMEN TOTAL'!D28 -> Bocuzzi e/España y San Martin | D25: ='RESUMEN TOTAL'!E28 -> DOMO | E25: ='RESUMEN TOTAL'!F28 -> Fibra Optica | F25: ='RESUMEN TOTAL'!L28 -> 0 | G25: ='RESUMEN TOTAL'!M28 -> 0 | H25: ='RESUMEN TOTAL'!N28 -> 0 | I25: ='RESUMEN TOTAL'!O28 -> 0 | J25: ='RESUMEN TOTAL'!P28 -> 0 | K25: ='RESUMEN TOTAL'!Q28 -> 0 | L25: ='RESUMEN TOTAL'!R28 -> 0 | M25: ='RESUMEN TOTAL'!S28 -> 0 | ... AI25: ='RESUMEN TOTAL'!AO28 -> 0 | AJ25: ='RESUMEN TOTAL'!#REF! -> #REF!
A26: ='RESUMEN TOTAL'!A29 -> CENTRO | B26: ='RESUMEN TOTAL'!B29 -> CEN06 | C26: ='RESUMEN TOTAL'!D29 -> Monteagudo y A.del Valle | D26: ='RESUMEN TOTAL'!E29 -> Fija | E26: ='RESUMEN TOTAL'!F29 -> Fibra Optica | F26: ='RESUMEN TOTAL'!L29 -> 0 | G26: ='RESUMEN TOTAL'!M29 -> 0 | H26: ='RESUMEN TOTAL'!N29 -> 0 | I26: ='RESUMEN TOTAL'!O29 -> 0 | J26: ='RESUMEN TOTAL'!P29 -> 0 | K26: ='RESUMEN TOTAL'!Q29 -> 0 | L26: ='RESUMEN TOTAL'!R29 -> 0 | M26: ='RESUMEN TOTAL'!S29 -> 0 | ... AI26: ='RESUMEN TOTAL'!AO29 -> 0 | AJ26: ='RESUMEN TOTAL'!#REF! -> #REF!
... A453: ='RESUMEN TOTAL'!A456 -> 0 | B453: ='RESUMEN TOTAL'!B456 -> 0 | C453: ='RESUMEN TOTAL'!D456 -> 0 | D453: ='RESUMEN TOTAL'!E456 -> 0 | E453: ='RESUMEN TOTAL'!F456 -> 0 | F453: ='RESUMEN TOTAL'!L456 -> 0 | G453: ='RESUMEN TOTAL'!M456 -> 0 | H453: ='RESUMEN TOTAL'!N456 -> 0 | I453: ='RESUMEN TOTAL'!O456 -> 0 | J453: ='RESUMEN TOTAL'!P456 -> 0 | K453: ='RESUMEN TOTAL'!Q456 -> 0 | L453: ='RESUMEN TOTAL'!R456 -> 0 | M453: ='RESUMEN TOTAL'!S456 -> 0 | ... AI453: ='RESUMEN TOTAL'!AO456 -> 0 | AJ453: ='RESUMEN TOTAL'!#REF! -> #REF!
A454: ='RESUMEN TOTAL'!A457 -> 0 | B454: ='RESUMEN TOTAL'!B457 -> 0 | C454: ='RESUMEN TOTAL'!C457 -> 0 | D454: ='RESUMEN TOTAL'!E457 -> 0 | E454: ='RESUMEN TOTAL'!F457 -> 0 | F454: ='RESUMEN TOTAL'!L457 -> 0 | G454: ='RESUMEN TOTAL'!M457 -> 0 | H454: ='RESUMEN TOTAL'!N457 -> 0 | I454: ='RESUMEN TOTAL'!O457 -> 0 | J454: ='RESUMEN TOTAL'!P457 -> 0 | K454: ='RESUMEN TOTAL'!Q457 -> 0 | L454: ='RESUMEN TOTAL'!R457 -> 0 | M454: ='RESUMEN TOTAL'!S457 -> 0 | ... AI454: ='RESUMEN TOTAL'!AO457 -> 0 | AJ454: ='RESUMEN TOTAL'!#REF! -> #REF!
A455: ='RESUMEN TOTAL'!A458 -> 0 | B455: ='RESUMEN TOTAL'!B458 -> 0 | C455: ='RESUMEN TOTAL'!D458 -> 0 | D455: ='RESUMEN TOTAL'!E458 -> 0 | E455: ='RESUMEN TOTAL'!F458 -> 0 | F455: ='RESUMEN TOTAL'!L458 -> 0 | G455: ='RESUMEN TOTAL'!M458 -> 0 | H455: ='RESUMEN TOTAL'!N458 -> 0 | I455: ='RESUMEN TOTAL'!O458 -> 0 | J455: ='RESUMEN TOTAL'!P458 -> 0 | K455: ='RESUMEN TOTAL'!Q458 -> 0 | L455: ='RESUMEN TOTAL'!R458 -> 0 | M455: ='RESUMEN TOTAL'!S458 -> 0 | ... AI455: ='RESUMEN TOTAL'!AO458 -> 0 | AJ455: ='RESUMEN TOTAL'!#REF! -> #REF!
A456: ='RESUMEN TOTAL'!A459 -> 0 | B456: ='RESUMEN TOTAL'!B459 -> 0 | C456: ='RESUMEN TOTAL'!D459 -> 0 | D456: ='RESUMEN TOTAL'!E459 -> 0 | E456: ='RESUMEN TOTAL'!F459 -> 0 | F456: ='RESUMEN TOTAL'!L459 -> 0 | G456: ='RESUMEN TOTAL'!M459 -> 0 | H456: ='RESUMEN TOTAL'!N459 -> 0 | I456: ='RESUMEN TOTAL'!O459 -> 0 | J456: ='RESUMEN TOTAL'!P459 -> 0 | K456: ='RESUMEN TOTAL'!Q459 -> 0 | L456: ='RESUMEN TOTAL'!R459 -> 0 | M456: ='RESUMEN TOTAL'!S459 -> 0 | ... AI456: ='RESUMEN TOTAL'!AO459 -> 0 | AJ456: ='RESUMEN TOTAL'!#REF! -> #REF!
A457: ='RESUMEN TOTAL'!A460 -> 0 | B457: ='RESUMEN TOTAL'!B460 -> 0 | C457: ='RESUMEN TOTAL'!D460 -> 0 | D457: ='RESUMEN TOTAL'!E460 -> 0 | E457: ='RESUMEN TOTAL'!F460 -> 0 | F457: ='RESUMEN TOTAL'!L460 -> 0 | G457: ='RESUMEN TOTAL'!M460 -> 0 | H457: ='RESUMEN TOTAL'!N460 -> 0 | I457: ='RESUMEN TOTAL'!O460 -> 0 | J457: ='RESUMEN TOTAL'!P460 -> 0 | K457: ='RESUMEN TOTAL'!Q460 -> 0 | L457: ='RESUMEN TOTAL'!R460 -> 0 | M457: ='RESUMEN TOTAL'!S460 -> 0 | ... AI457: ='RESUMEN TOTAL'!AO460 -> 0 | AJ457: ='RESUMEN TOTAL'!#REF! -> #REF!
A458: ='RESUMEN TOTAL'!A461 -> 0 | B458: ='RESUMEN TOTAL'!B461 -> 0 | C458: ='RESUMEN TOTAL'!D461 -> 0 | D458: ='RESUMEN TOTAL'!E461 -> 0 | E458: ='RESUMEN TOTAL'!F461 -> 0 | F458: ='RESUMEN TOTAL'!L461 -> 0 | G458: ='RESUMEN TOTAL'!M461 -> 0 | H458: ='RESUMEN TOTAL'!N461 -> 0 | I458: ='RESUMEN TOTAL'!O461 -> 0 | J458: ='RESUMEN TOTAL'!P461 -> 0 | K458: ='RESUMEN TOTAL'!Q461 -> 0 | L458: ='RESUMEN TOTAL'!R461 -> 0 | M458: ='RESUMEN TOTAL'!S461 -> 0 | ... AI458: ='RESUMEN TOTAL'!AO461 -> 0 | AJ458: ='RESUMEN TOTAL'!#REF! -> #REF!
A459: ='RESUMEN TOTAL'!A462 -> 0 | B459: ='RESUMEN TOTAL'!B462 -> 0 | C459: ='RESUMEN TOTAL'!D462 -> 0 | D459: ='RESUMEN TOTAL'!E462 -> 0 | E459: ='RESUMEN TOTAL'!F462 -> 0 | F459: ='RESUMEN TOTAL'!L462 -> 0 | G459: ='RESUMEN TOTAL'!M462 -> 0 | H459: ='RESUMEN TOTAL'!N462 -> 0 | I459: ='RESUMEN TOTAL'!O462 -> 0 | J459: ='RESUMEN TOTAL'!P462 -> 0 | K459: ='RESUMEN TOTAL'!Q462 -> 0 | L459: ='RESUMEN TOTAL'!R462 -> 0 | M459: ='RESUMEN TOTAL'!S462 -> 0 | ... AI459: ='RESUMEN TOTAL'!AO462 -> 0 | AJ459: ='RESUMEN TOTAL'!#REF! -> #REF!
A460: ='RESUMEN TOTAL'!A463 -> 0 | B460: ='RESUMEN TOTAL'!B463 -> 0 | C460: ='RESUMEN TOTAL'!D463 -> 0 | D460: ='RESUMEN TOTAL'!E463 -> 0 | E460: ='RESUMEN TOTAL'!F463 -> 0 | F460: ='RESUMEN TOTAL'!L463 -> 0 | G460: ='RESUMEN TOTAL'!M463 -> 0 | H460: ='RESUMEN TOTAL'!N463 -> 0 | I460: ='RESUMEN TOTAL'!O463 -> 0 | J460: ='RESUMEN TOTAL'!P463 -> 0 | K460: ='RESUMEN TOTAL'!Q463 -> 0 | L460: ='RESUMEN TOTAL'!R463 -> 0 | M460: ='RESUMEN TOTAL'!S463 -> 0 | ... AI460: ='RESUMEN TOTAL'!AO463 -> 0 | AJ460: ='RESUMEN TOTAL'!#REF! -> #REF!
A461: ='RESUMEN TOTAL'!A464 -> 0 | B461: ='RESUMEN TOTAL'!B464 -> 0 | C461: ='RESUMEN TOTAL'!D464 -> 0 | D461: ='RESUMEN TOTAL'!E464 -> 0 | E461: ='RESUMEN TOTAL'!F464 -> 0 | F461: ='RESUMEN TOTAL'!L464 -> 0 | G461: ='RESUMEN TOTAL'!M464 -> 0 | H461: ='RESUMEN TOTAL'!N464 -> 0 | I461: ='RESUMEN TOTAL'!O464 -> 0 | J461: ='RESUMEN TOTAL'!P464 -> 0 | K461: ='RESUMEN TOTAL'!Q464 -> 0 | L461: ='RESUMEN TOTAL'!R464 -> 0 | M461: ='RESUMEN TOTAL'!S464 -> 0 | ... AI461: ='RESUMEN TOTAL'!AO464 -> 0 | AJ461: ='RESUMEN TOTAL'!#REF! -> #REF!
A462: ='RESUMEN TOTAL'!A465 -> 0 | B462: ='RESUMEN TOTAL'!B465 -> 0 | C462: ='RESUMEN TOTAL'!D465 -> 0 | D462: ='RESUMEN TOTAL'!E465 -> 0 | E462: ='RESUMEN TOTAL'!F465 -> 0 | F462: ='RESUMEN TOTAL'!L465 -> 0 | G462: ='RESUMEN TOTAL'!M465 -> 0 | H462: ='RESUMEN TOTAL'!N465 -> 0 | I462: ='RESUMEN TOTAL'!O465 -> 0 | J462: ='RESUMEN TOTAL'!P465 -> 0 | K462: ='RESUMEN TOTAL'!Q465 -> 0 | L462: ='RESUMEN TOTAL'!R465 -> 0 | M462: ='RESUMEN TOTAL'!S465 -> 0 | ... AI462: ='RESUMEN TOTAL'!AO465 -> 0 | AJ462: ='RESUMEN TOTAL'!#REF! -> #REF!
A463: ='RESUMEN TOTAL'!A466 -> 0 | B463: ='RESUMEN TOTAL'!B466 -> 0 | C463: ='RESUMEN TOTAL'!D466 -> 0 | D463: ='RESUMEN TOTAL'!E466 -> 0 | E463: ='RESUMEN TOTAL'!F466 -> 0 | F463: ='RESUMEN TOTAL'!L466 -> 0 | G463: ='RESUMEN TOTAL'!M466 -> 0 | H463: ='RESUMEN TOTAL'!N466 -> 0 | I463: ='RESUMEN TOTAL'!O466 -> 0 | J463: ='RESUMEN TOTAL'!P466 -> 0 | K463: ='RESUMEN TOTAL'!Q466 -> 0 | L463: ='RESUMEN TOTAL'!R466 -> 0 | M463: ='RESUMEN TOTAL'!S466 -> 0 | ... AI463: ='RESUMEN TOTAL'!AO466 -> 0 | AJ463: ='RESUMEN TOTAL'!#REF! -> #REF!
A464: ='RESUMEN TOTAL'!A467 -> 0 | B464: ='RESUMEN TOTAL'!B467 -> 0 | C464: ='RESUMEN TOTAL'!D467 -> 0 | D464: ='RESUMEN TOTAL'!E467 -> 0 | E464: ='RESUMEN TOTAL'!F467 -> 0 | F464: ='RESUMEN TOTAL'!L467 -> 0 | G464: ='RESUMEN TOTAL'!M467 -> 0 | H464: ='RESUMEN TOTAL'!N467 -> 0 | I464: ='RESUMEN TOTAL'!O467 -> 0 | J464: ='RESUMEN TOTAL'!P467 -> 0 | K464: ='RESUMEN TOTAL'!Q467 -> 0 | L464: ='RESUMEN TOTAL'!R467 -> 0 | M464: ='RESUMEN TOTAL'!S467 -> 0 | ... AI464: ='RESUMEN TOTAL'!AO467 -> 0 | AJ464: ='RESUMEN TOTAL'!#REF! -> #REF!
A465: ='RESUMEN TOTAL'!A468 -> 0 | B465: ='RESUMEN TOTAL'!B468 -> 0 | C465: ='RESUMEN TOTAL'!D468 -> 0 | D465: ='RESUMEN TOTAL'!E468 -> 0 | E465: ='RESUMEN TOTAL'!F468 -> 0 | F465: ='RESUMEN TOTAL'!L468 -> 0 | G465: ='RESUMEN TOTAL'!M468 -> 0 | H465: ='RESUMEN TOTAL'!N468 -> 0 | I465: ='RESUMEN TOTAL'!O468 -> 0 | J465: ='RESUMEN TOTAL'!P468 -> 0 | K465: ='RESUMEN TOTAL'!Q468 -> 0 | L465: ='RESUMEN TOTAL'!R468 -> 0 | M465: ='RESUMEN TOTAL'!S468 -> 0 | ... AI465: ='RESUMEN TOTAL'!AO468 -> 0 | AJ465: ='RESUMEN TOTAL'!#REF! -> #REF!
A466: ='RESUMEN TOTAL'!A469 -> 0 | B466: ='RESUMEN TOTAL'!B469 -> 0 | C466: ='RESUMEN TOTAL'!D469 -> 0 | D466: ='RESUMEN TOTAL'!E469 -> 0 | E466: ='RESUMEN TOTAL'!F469 -> 0 | F466: ='RESUMEN TOTAL'!L469 -> 0 | G466: ='RESUMEN TOTAL'!M469 -> 0 | H466: ='RESUMEN TOTAL'!N469 -> 0 | I466: ='RESUMEN TOTAL'!O469 -> 0 | J466: ='RESUMEN TOTAL'!P469 -> 0 | K466: ='RESUMEN TOTAL'!Q469 -> 0 | L466: ='RESUMEN TOTAL'!R469 -> 0 | M466: ='RESUMEN TOTAL'!S469 -> 0 | ... AI466: ='RESUMEN TOTAL'!AO469 -> 0 | AJ466: ='RESUMEN TOTAL'!#REF! -> #REF!
... A602: ='RESUMEN TOTAL'!A605 -> 0 | B602: ='RESUMEN TOTAL'!B605 -> 0 | C602: ='RESUMEN TOTAL'!D605 -> 0 | D602: ='RESUMEN TOTAL'!E605 -> 0 | E602: ='RESUMEN TOTAL'!F605 -> 0 | F602: ='RESUMEN TOTAL'!L605 -> 0 | G602: ='RESUMEN TOTAL'!M605 -> 0 | H602: ='RESUMEN TOTAL'!N605 -> 0 | I602: ='RESUMEN TOTAL'!O605 -> 0 | J602: ='RESUMEN TOTAL'!P605 -> 0 | K602: ='RESUMEN TOTAL'!Q605 -> 0 | L602: ='RESUMEN TOTAL'!R605 -> 0 | M602: ='RESUMEN TOTAL'!S605 -> 0 | ... AI602: ='RESUMEN TOTAL'!AO605 -> 0 | AJ602: ='RESUMEN TOTAL'!#REF! -> #REF!

Sheet APAGADOS ANTENA
C1: TOTAL PTO A FO
E2: APAGADOS | F2: =COUNTIFS(F4:F500, "=APAGADO",E4:E500,"=PTO A FO") -> 14 | G2: =COUNTIFS(G4:G500, "=APAGADO",E4:E500,"=PTO A FO") -> 13 | H2: =COUNTIFS(H4:H500, "=APAGADO",E4:E500,"=PTO A FO") -> 14 | I2: =COUNTIFS(I4:I500, "=APAGADO",E4:E500,"=PTO A FO") -> 13 | J2: =COUNTIFS(J4:J500, "=APAGADO",E4:E500,"=PTO A FO") -> 13 | K2: =COUNTIFS(K4:K500, "=APAGADO",E4:E500,"=PTO A FO") -> 13 | L2: =COUNTIFS(L4:L500, "=APAGADO",E4:E500,"=PTO A FO") -> 2 | M2: =COUNTIFS(M4:M500, "=APAGADO",E4:E500,"=PTO A FO") -> 2 | N2: =COUNTIFS(N4:N500, "=APAGADO",E4:E500,"=PTO A FO") -> 3 | O2: =COUNTIFS(O4:O500, "=APAGADO",E4:E500,"=PTO A FO") -> 2 | P2: =COUNTIFS(P4:P500, "=APAGADO",E4:E500,"=PTO A FO") -> 0 | Q2: =COUNTIFS(Q4:Q500, "=APAGADO",E4:E500,"=PTO A FO") -> 7 | R2: =COUNTIFS(R4:R500, "=APAGADO",E4:E500,"=PTO A FO") -> 10 | S2: =COUNTIFS(S4:S500, "=APAGADO",E4:E500,"=PTO A FO") -> 5 | T2: =COUNTIFS(T4:T500, "=APAGADO",E4:E500,"=PTO A FO") -> 1 | U2: =COUNTIFS(U4:U500, "=APAGADO",E4:E500,"=PTO A FO") -> 4 | V2: =COUNTIFS(V4:V500, "=APAGADO",E4:E500,"=PTO A FO") -> 0 | W2: =COUNTIFS(W4:W500, "=APAGADO",E4:E500,"=PTO A FO") -> 0 | X2: =COUNTIFS(X4:X500, "=APAGADO",E4:E500,"=PTO A FO") -> 0 | Y2: =COUNTIFS(Y4:Y500, "=APAGADO",E4:E500,"=PTO A FO") -> 0 | Z2: =COUNTIFS(Z4:Z500, "=APAGADO",E4:E500,"=PTO A FO") -> 0 | AA2: =COUNTIFS(AA4:AA500, "=APAGADO",E4:E500,"=PTO A FO") -> 0 | AB2: =COUNTIFS(AB4:AB500, "=APAGADO",E4:E500,"=PTO A FO") -> 0 | AC2: =COUNTIFS(AC4:AC500, "=APAGADO",E4:E500,"=PTO A FO") -> 0 | AD2: =COUNTIFS(AD4:AD500, "=APAGADO",E4:E500,"=PTO A FO") -> 0 | AE2: =COUNTIFS(AE4:AE500, "=APAGADO",E4:E500,"=PTO A FO") -> 0 | AF2: =COUNTIFS(AF4:AF500, "=APAGADO",E4:E500,"=PTO A FO") -> 0 | AG2: =COUNTIFS(AG4:AG500, "=APAGADO",E4:E500,"=PTO A FO") -> 0 | AH2: =COUNTIFS(AH4:AH500, "=APAGADO",E4:E500,"=PTO A FO") -> 0 | AI2: =COUNTIFS(AI4:AI500, "=APAGADO",E4:E500,"=PTO A FO") -> 0
A3: =ESTADISTICA!A1 -> Barrio | B3: =ESTADISTICA!B1 -> [Denominacion] | C3: =ESTADISTICA!C1 -> [Ubicacion] | D3: =ESTADISTICA!D1 -> [Tipo de Camara] | E3: =ESTADISTICA!E1 -> [Tipo de Conexion] | F3: =ESTADISTICA!F1 -> 45078 | G3: =ESTADISTICA!G1 -> 45079 | H3: =ESTADISTICA!H1 -> 45080 | ... AI3: =ESTADISTICA!AI1 -> 45107
A4: ='RESUMEN TOTAL'!A7 -> ALTAMIRA | B4: ='RESUMEN TOTAL'!B7 -> ALT 03 | C4: ='RESUMEN TOTAL'!D7 -> Bombero Galarza y Necochea | D4: ='RESUMEN TOTAL'!E7 -> Domo | E4: ='RESUMEN TOTAL'!F7 -> Fibra Optica | F4: ='RESUMEN TOTAL'!L7 -> 0 | G4: ='RESUMEN TOTAL'!M7 -> 0 | H4: ='RESUMEN TOTAL'!N7 -> 0 | I4: ='RESUMEN TOTAL'!O7 -> 0 | J4: ='RESUMEN TOTAL'!P7 -> 0 | K4: ='RESUMEN TOTAL'!Q7 -> 0 | L4: ='RESUMEN TOTAL'!R7 -> 0 | M4: ='RESUMEN TOTAL'!S7 -> 0 | ... AI4: ='RESUMEN TOTAL'!AO7 -> 0 | AJ4: ='RESUMEN TOTAL'!#REF! -> #REF!
A5: ='RESUMEN TOTAL'!A8 -> ALTAMIRA | B5: ='RESUMEN TOTAL'!B8 -> ALT 04 | C5: ='RESUMEN TOTAL'!D8 -> Francia y Necochea | D5: ='RESUMEN TOTAL'!E8 -> Domo | E5: ='RESUMEN TOTAL'!F8 -> Fibra Optica | F5: ='RESUMEN TOTAL'!L8 -> 0 | G5: ='RESUMEN TOTAL'!M8 -> 0 | H5: ='RESUMEN TOTAL'!N8 -> 0 | I5: ='RESUMEN TOTAL'!O8 -> 0 | J5: ='RESUMEN TOTAL'!P8 -> 0 | K5: ='RESUMEN TOTAL'!Q8 -> 0 | L5: ='RESUMEN TOTAL'!R8 -> 0 | M5: ='RESUMEN TOTAL'!S8 -> 0 | ... AI5: ='RESUMEN TOTAL'!AO8 -> 0 | AJ5: ='RESUMEN TOTAL'!#REF! -> #REF!
A6: ='RESUMEN TOTAL'!A9 -> ALTAMIRA | B6: ='RESUMEN TOTAL'!B9 -> ALT05 | C6: ='RESUMEN TOTAL'!D9 -> Av. Calchaqui y Bombero Galarza | D6: ='RESUMEN TOTAL'!E9 -> Domo | E6: ='RESUMEN TOTAL'!F9 -> PTO A FO | F6: ='RESUMEN TOTAL'!L9 -> 0 | G6: ='RESUMEN TOTAL'!M9 -> 0 | H6: ='RESUMEN TOTAL'!N9 -> 0 | I6: ='RESUMEN TOTAL'!O9 -> 0 | J6: ='RESUMEN TOTAL'!P9 -> 0 | K6: ='RESUMEN TOTAL'!Q9 -> 0 | L6: ='RESUMEN TOTAL'!R9 -> 0 | M6: ='RESUMEN TOTAL'!S9 -> 0 | ... AI6: ='RESUMEN TOTAL'!AO9 -> 0 | AJ6: ='RESUMEN TOTAL'!#REF! -> #REF!
A7: ='RESUMEN TOTAL'!A10 -> ALTAMIRA | B7: ='RESUMEN TOTAL'!B10 -> ALT 06 | C7: ='RESUMEN TOTAL'!D10 -> LOPE DE VEGA Y NECOCHEA | D7: ='RESUMEN TOTAL'!E10 -> Domo | E7: ='RESUMEN TOTAL'!F10 -> PTO A FO | F7: ='RESUMEN TOTAL'!L10 -> 0 | G7: ='RESUMEN TOTAL'!M10 -> 0 | H7: ='RESUMEN TOTAL'!N10 -> 0 | I7: ='RESUMEN TOTAL'!O10 -> 0 | J7: ='RESUMEN TOTAL'!P10 -> 0 | K7: ='RESUMEN TOTAL'!Q10 -> 0 | L7: ='RESUMEN TOTAL'!R10 -> 0 | M7: ='RESUMEN TOTAL'!S10 -> 0 | ... AI7: ='RESUMEN TOTAL'!AO10 -> 0 | AJ7: ='RESUMEN TOTAL'!#REF! -> #REF!
A8: ='RESUMEN TOTAL'!A11 -> ALTAMIRA | B8: ='RESUMEN TOTAL'!B11 -> ALT07 | C8: ='RESUMEN TOTAL'!D11 -> AV. CALCHAQUI Y AV. DEL TRABAJO | D8: ='RESUMEN TOTAL'!E11 -> DOMO | E8: ='RESUMEN TOTAL'!F11 -> PTO A FO | F8: ='RESUMEN TOTAL'!L11 -> 0 | G8: ='RESUMEN TOTAL'!M11 -> 0 | H8: ='RESUMEN TOTAL'!N11 -> 0 | I8: ='RESUMEN TOTAL'!O11 -> 0 | J8: ='RESUMEN TOTAL'!P11 -> 0 | K8: ='RESUMEN TOTAL'!Q11 -> 0 | L8: ='RESUMEN TOTAL'!R11 -> 0 | M8: ='RESUMEN TOTAL'!S11 -> 0 | ... AI8: ='RESUMEN TOTAL'!AO11 -> 0 | AJ8: ='RESUMEN TOTAL'!#REF! -> #REF!
A9: ='RESUMEN TOTAL'!A12 -> ALTAMIRA | B9: ='RESUMEN TOTAL'!B12 -> ALT 08 | C9: ='RESUMEN TOTAL'!D12 -> HUMAITA Y NECOCHEA | D9: ='RESUMEN TOTAL'!E12 -> DOMO | E9: ='RESUMEN TOTAL'!F12 -> Fibra Optica | F9: ='RESUMEN TOTAL'!L12 -> 0 | G9: ='RESUMEN TOTAL'!M12 -> 0 | H9: ='RESUMEN TOTAL'!N12 -> 0 | I9: ='RESUMEN TOTAL'!O12 -> 0 | J9: ='RESUMEN TOTAL'!P12 -> 0 | K9: ='RESUMEN TOTAL'!Q12 -> 0 | L9: ='RESUMEN TOTAL'!R12 -> 0 | M9: ='RESUMEN TOTAL'!S12 -> 0 | ... AI9: ='RESUMEN TOTAL'!AO12 -> 0 | AJ9: ='RESUMEN TOTAL'!#REF! -> #REF!
A10: ='RESUMEN TOTAL'!A13 -> ALTAMIRA | B10: ='RESUMEN TOTAL'!B13 -> ALT 09 | C10: ='RESUMEN TOTAL'!D13 -> NECOCHEA Y CURUPAITY | D10: ='RESUMEN TOTAL'!E13 -> DOMO | E10: ='RESUMEN TOTAL'!F13 -> Fibra Optica | F10: ='RESUMEN TOTAL'!L13 -> 0 | G10: ='RESUMEN TOTAL'!M13 -> 0 | H10: ='RESUMEN TOTAL'!N13 -> 0 | I10: ='RESUMEN TOTAL'!O13 -> 0 | J10: ='RESUMEN TOTAL'!P13 -> 0 | K10: ='RESUMEN TOTAL'!Q13 -> 0 | L10: ='RESUMEN TOTAL'!R13 -> 0 | M10: ='RESUMEN TOTAL'!S13 -> 0 | ... AI10: ='RESUMEN TOTAL'!AO13 -> 0 | AJ10: ='RESUMEN TOTAL'!#REF! -> #REF!
A11: ='RESUMEN TOTAL'!A14 -> ALTAMIRA | B11: ='RESUMEN TOTAL'!B14 -> ALT 10 | C11: ='RESUMEN TOTAL'!D14 -> Calchaqui y Francia | D11: ='RESUMEN TOTAL'!E14 -> Domo | E11: ='RESUMEN TOTAL'!F14 -> Radio | F11: ='RESUMEN TOTAL'!L14 -> 0 | G11: ='RESUMEN TOTAL'!M14 -> 0 | H11: ='RESUMEN TOTAL'!N14 -> 0 | I11: ='RESUMEN TOTAL'!O14 -> 0 | J11: ='RESUMEN TOTAL'!P14 -> 0 | K11: ='RESUMEN TOTAL'!Q14 -> 0 | L11: ='RESUMEN TOTAL'!R14 -> 0 | M11: ='RESUMEN TOTAL'!S14 -> 0 | ... AI11: ='RESUMEN TOTAL'!AO14 -> 0 | AJ11: ='RESUMEN TOTAL'!#REF! -> #REF!
A12: ='RESUMEN TOTAL'!A15 -> AGUSTIN RAMIREZ | B12: ='RESUMEN TOTAL'!B15 -> ARA 01 | C12: ='RESUMEN TOTAL'!D15 -> Malambo y Tranquera | D12: ='RESUMEN TOTAL'!E15 -> Domo | E12: ='RESUMEN TOTAL'!F15 -> Fibra Optica | F12: ='RESUMEN TOTAL'!L15 -> 0 | G12: ='RESUMEN TOTAL'!M15 -> 0 | H12: ='RESUMEN TOTAL'!N15 -> 0 | I12: ='RESUMEN TOTAL'!O15 -> 0 | J12: ='RESUMEN TOTAL'!P15 -> 0 | K12: ='RESUMEN TOTAL'!Q15 -> 0 | L12: ='RESUMEN TOTAL'!R15 -> 0 | M12: ='RESUMEN TOTAL'!S15 -> 0 | ... AI12: ='RESUMEN TOTAL'!AO15 -> 0 | AJ12: ='RESUMEN TOTAL'!#REF! -> #REF!
A13: ='RESUMEN TOTAL'!A16 -> BELGRANO | B13: ='RESUMEN TOTAL'!B16 -> BEL 01 | C13: ='RESUMEN TOTAL'!D16 -> San Martin y Dardo Rocha | D13: ='RESUMEN TOTAL'!E16 -> DOMO | E13: ='RESUMEN TOTAL'!F16 -> Fibra Optica | F13: ='RESUMEN TOTAL'!L16 -> 0 | G13: ='RESUMEN TOTAL'!M16 -> 0 | H13: ='RESUMEN TOTAL'!N16 -> 0 | I13: ='RESUMEN TOTAL'!O16 -> 0 | J13: ='RESUMEN TOTAL'!P16 -> 0 | K13: ='RESUMEN TOTAL'!Q16 -> 0 | L13: ='RESUMEN TOTAL'!R16 -> 0 | M13: ='RESUMEN TOTAL'!S16 -> 0 | ... AI13: ='RESUMEN TOTAL'!AO16 -> 0 | AJ13: ='RESUMEN TOTAL'!#REF! -> #REF!
A14: ='RESUMEN TOTAL'!A17 -> BELGRANO | B14: ='RESUMEN TOTAL'!B17 -> BEL 02 | C14: ='RESUMEN TOTAL'!D17 -> Guardia vieja y Fronteriz | D14: ='RESUMEN TOTAL'!E17 -> DOMO | E14: ='RESUMEN TOTAL'!F17 -> Fibra Optica | F14: ='RESUMEN TOTAL'!L17 -> 0 | G14: ='RESUMEN TOTAL'!M17 -> 0 | H14: ='RESUMEN TOTAL'!N17 -> 0 | I14: ='RESUMEN TOTAL'!O17 -> 0 | J14: ='RESUMEN TOTAL'!P17 -> 0 | K14: ='RESUMEN TOTAL'!Q17 -> 0 | L14: ='RESUMEN TOTAL'!R17 -> 0 | M14: ='RESUMEN TOTAL'!S17 -> 0 | ... R14: ='RESUMEN TOTAL'!X17 -> APAGADO | S14: ='RESUMEN TOTAL'!Y23 -> APAGADO | T14: ='RESUMEN TOTAL'!Z17 -> APAGADO | U14: ='RESUMEN TOTAL'!AA17 -> APAGADO | V14: ='RESUMEN TOTAL'!AB17 -> 0 | W14: ='RESUMEN TOTAL'!AC17 -> 0 | X14: ='RESUMEN TOTAL'!AD17 -> 0 | Y14: ='RESUMEN TOTAL'!AE17 -> 0 | Z14: ='RESUMEN TOTAL'!AF17 -> 0 | AA14: ='RESUMEN TOTAL'!AG17 -> 0 | ... AI14: ='RESUMEN TOTAL'!AO17 -> 0 | AJ14: ='RESUMEN TOTAL'!#REF! -> #REF!
A15: ='RESUMEN TOTAL'!A18 -> BOSQUES CENTRO | B15: ='RESUMEN TOTAL'!B18 -> BOSQC 01 | C15: ='RESUMEN TOTAL'!D18 -> LUIS AGOTE E/DANUNCIO Y CAMPOAMOR | D15: ='RESUMEN TOTAL'!E18 -> Fija | E15: ='RESUMEN TOTAL'!F18 -> Radio | F15: ='RESUMEN TOTAL'!L18 -> 0 | G15: ='RESUMEN TOTAL'!M18 -> 0 | H15: ='RESUMEN TOTAL'!N18 -> 0 | I15: ='RESUMEN TOTAL'!O18 -> 0 | J15: ='RESUMEN TOTAL'!P18 -> 0 | K15: ='RESUMEN TOTAL'!Q18 -> 0 | L15: ='RESUMEN TOTAL'!R18 -> 0 | M15: ='RESUMEN TOTAL'!S18 -> 0 | ... AI15: ='RESUMEN TOTAL'!AO18 -> 0 | AJ15: ='RESUMEN TOTAL'!#REF! -> #REF!
A16: ='RESUMEN TOTAL'!A19 -> BOSQUES CENTRO | B16: ='RESUMEN TOTAL'!B19 -> BOSQC 02 | C16: ='RESUMEN TOTAL'!D19 -> LUIS AGOTE E/DANUNCIO Y CAMPOAMOR | D16: ='RESUMEN TOTAL'!E19 -> Fija | E16: ='RESUMEN TOTAL'!F19 -> Radio | F16: ='RESUMEN TOTAL'!L19 -> 0 | G16: ='RESUMEN TOTAL'!M19 -> 0 | H16: ='RESUMEN TOTAL'!N19 -> 0 | I16: ='RESUMEN TOTAL'!O19 -> 0 | J16: ='RESUMEN TOTAL'!P19 -> 0 | K16: ='RESUMEN TOTAL'!Q19 -> 0 | L16: ='RESUMEN TOTAL'!R19 -> 0 | M16: ='RESUMEN TOTAL'!S19 -> 0 | ... AI16: ='RESUMEN TOTAL'!AO19 -> 0 | AJ16: ='RESUMEN TOTAL'!#REF! -> #REF!
A17: ='RESUMEN TOTAL'!A20 -> BOSQUES CENTRO | B17: ='RESUMEN TOTAL'!B20 -> BOSQC 03 | C17: ='RESUMEN TOTAL'!D20 -> BENAVENTE Y LUIS AGOTE | D17: ='RESUMEN TOTAL'!E20 -> Fija | E17: ='RESUMEN TOTAL'!F20 -> Radio | F17: ='RESUMEN TOTAL'!L20 -> 0 | G17: ='RESUMEN TOTAL'!M20 -> 0 | H17: ='RESUMEN TOTAL'!N20 -> 0 | I17: ='RESUMEN TOTAL'!O20 -> 0 | J17: ='RESUMEN TOTAL'!P20 -> 0 | K17: ='RESUMEN TOTAL'!Q20 -> 0 | L17: ='RESUMEN TOTAL'!R20 -> 0 | M17: ='RESUMEN TOTAL'!S20 -> 0 | ... AI17: ='RESUMEN TOTAL'!AO20 -> 0 | AJ17: ='RESUMEN TOTAL'!#REF! -> #REF!
A18: ='RESUMEN TOTAL'!A21 -> BOSQUES CENTRO | B18: ='RESUMEN TOTAL'!B21 -> BOSQC 04 | C18: ='RESUMEN TOTAL'!D21 -> BENAVENTE Y LUIS AGOTE | D18: ='RESUMEN TOTAL'!E21 -> Fija | E18: ='RESUMEN TOTAL'!F21 -> Radio | F18: ='RESUMEN TOTAL'!L21 -> 0 | G18: ='RESUMEN TOTAL'!M21 -> 0 | H18: ='RESUMEN TOTAL'!N21 -> 0 | I18: ='RESUMEN TOTAL'!O21 -> 0 | J18: ='RESUMEN TOTAL'!P21 -> 0 | K18: ='RESUMEN TOTAL'!Q21 -> 0 | L18: ='RESUMEN TOTAL'!R21 -> 0 | M18: ='RESUMEN TOTAL'!S21 -> 0 | ... AI18: ='RESUMEN TOTAL'!AO21 -> 0 | AJ18: ='RESUMEN TOTAL'!#REF! -> #REF!
A19: ='RESUMEN TOTAL'!A22 -> BOSQUES CENTRO | B19: ='RESUMEN TOTAL'!B22 -> BOSQC 05 | C19: ='RESUMEN TOTAL'!D22 -> LUIS AGOTE Y RUTA 36 | D19: ='RESUMEN TOTAL'!E22 -> Fija | E19: ='RESUMEN TOTAL'!F22 -> Radio | F19: ='RESUMEN TOTAL'!L22 -> 0 | G19: ='RESUMEN TOTAL'!M22 -> 0 | H19: ='RESUMEN TOTAL'!N22 -> 0 | I19: ='RESUMEN TOTAL'!O22 -> 0 | J19: ='RESUMEN TOTAL'!P22 -> 0 | K19: ='RESUMEN TOTAL'!Q22 -> 0 | L19: ='RESUMEN TOTAL'!R22 -> 0 | M19: ='RESUMEN TOTAL'!S22 -> 0 | ... AI19: ='RESUMEN TOTAL'!AO22 -> 0 | AJ19: ='RESUMEN TOTAL'!#REF! -> #REF!
A20: ='RESUMEN TOTAL'!A23 -> BOSQUES CENTRO | B20: ='RESUMEN TOTAL'!B23 -> BOSQC 06 | C20: ='RESUMEN TOTAL'!D23 -> LUIS AGOTE Y RUTA 36 | D20: ='RESUMEN TOTAL'!E23 -> Fija | E20: ='RESUMEN TOTAL'!F23 -> Radio | F20: ='RESUMEN TOTAL'!L23 -> 0 | G20: ='RESUMEN TOTAL'!M23 -> 0 | H20: ='RESUMEN TOTAL'!N23 -> 0 | I20: ='RESUMEN TOTAL'!O23 -> 0 | J20: ='RESUMEN TOTAL'!P23 -> 0 | K20: ='RESUMEN TOTAL'!Q23 -> 0 | L20: ='RESUMEN TOTAL'!R23 -> 0 | M20: ='RESUMEN TOTAL'!S23 -> 0 | ... AI20: ='RESUMEN TOTAL'!AO23 -> 0 | AJ20: ='RESUMEN TOTAL'!#REF! -> #REF!
A21: ='RESUMEN TOTAL'!A24 -> CENTRO | B21: ='RESUMEN TOTAL'!B24 -> CEN01 | C21: ='RESUMEN TOTAL'!D24 -> San Martin y 9 de Julio | D21: ='RESUMEN TOTAL'!E24 -> Fija | E21: ='RESUMEN TOTAL'!F24 -> Fibra Optica | F21: ='RESUMEN TOTAL'!L24 -> 0 | G21: ='RESUMEN TOTAL'!M24 -> 0 | H21: ='RESUMEN TOTAL'!N24 -> 0 | I21: ='RESUMEN TOTAL'!O24 -> 0 | J21: ='RESUMEN TOTAL'!P24 -> 0 | K21: ='RESUMEN TOTAL'!Q24 -> 0 | L21: ='RESUMEN TOTAL'!R24 -> 0 | M21: ='RESUMEN TOTAL'!S24 -> 0 | ... AI21: ='RESUMEN TOTAL'!AO24 -> 0 | AJ21: ='RESUMEN TOTAL'!#REF! -> #REF!
A22: ='RESUMEN TOTAL'!A25 -> CENTRO | B22: ='RESUMEN TOTAL'!B25 -> CEN02 | C22: ='RESUMEN TOTAL'!D25 -> San Martin y Almafuerte | D22: ='RESUMEN TOTAL'!E25 -> Fija | E22: ='RESUMEN TOTAL'!F25 -> Fibra Optica | F22: ='RESUMEN TOTAL'!L25 -> 0 | G22: ='RESUMEN TOTAL'!M25 -> 0 | H22: ='RESUMEN TOTAL'!N25 -> 0 | I22: ='RESUMEN TOTAL'!O25 -> 0 | J22: ='RESUMEN TOTAL'!P25 -> 0 | K22: ='RESUMEN TOTAL'!Q25 -> 0 | L22: ='RESUMEN TOTAL'!R25 -> 0 | M22: ='RESUMEN TOTAL'!S25 -> 0 | ... AI22: ='RESUMEN TOTAL'!AO25 -> 0 | AJ22: ='RESUMEN TOTAL'!#REF! -> #REF!
A23: ='RESUMEN TOTAL'!A26 -> CENTRO | B23: ='RESUMEN TOTAL'!B26 -> CEN03 | C23: ='RESUMEN TOTAL'!D26 -> San Martin y Sallares | D23: ='RESUMEN TOTAL'!E26 -> Domo | E23: ='RESUMEN TOTAL'!F26 -> Fibra Optica | F23: ='RESUMEN TOTAL'!L26 -> 0 | G23: ='RESUMEN TOTAL'!M26 -> 0 | H23: ='RESUMEN TOTAL'!N26 -> 0 | I23: ='RESUMEN TOTAL'!O26 -> 0 | J23: ='RESUMEN TOTAL'!P26 -> 0 | K23: ='RESUMEN TOTAL'!Q26 -> 0 | L23: ='RESUMEN TOTAL'!R26 -> 0 | M23: ='RESUMEN TOTAL'!S26 -> 0 | ... AI23: ='RESUMEN TOTAL'!AO26 -> 0 | AJ23: ='RESUMEN TOTAL'!#REF! -> #REF!
A24: ='RESUMEN TOTAL'!A27 -> CENTRO | B24: ='RESUMEN TOTAL'!B27 -> CEN04 | C24: ='RESUMEN TOTAL'!D27 -> San Martin y Contreras | D24: ='RESUMEN TOTAL'!E27 -> Domo | E24: ='RESUMEN TOTAL'!F27 -> Fibra Optica | F24: ='RESUMEN TOTAL'!L27 -> 0 | G24: ='RESUMEN TOTAL'!M27 -> 0 | H24: ='RESUMEN TOTAL'!N27 -> 0 | I24: ='RESUMEN TOTAL'!O27 -> 0 | J24: ='RESUMEN TOTAL'!P27 -> 0 | K24: ='RESUMEN TOTAL'!Q27 -> 0 | L24: ='RESUMEN TOTAL'!R27 -> 0 | M24: ='RESUMEN TOTAL'!S27 -> 0 | ... AI24: ='RESUMEN TOTAL'!AO27 -> 0 | AJ24: ='RESUMEN TOTAL'!#REF! -> #REF!
A25: ='RESUMEN TOTAL'!A28 -> CENTRO | B25: ='RESUMEN TOTAL'!B28 -> CEN 05 | C25: ='RESUMEN TOTAL'!D28 -> Bocuzzi e/España y San Martin | D25: ='RESUMEN TOTAL'!E28 -> DOMO | E25: ='RESUMEN TOTAL'!F28 -> Fibra Optica | F25: ='RESUMEN TOTAL'!L28 -> 0 | G25: ='RESUMEN TOTAL'!M28 -> 0 | H25: ='RESUMEN TOTAL'!N28 -> 0 | I25: ='RESUMEN TOTAL'!O28 -> 0 | J25: ='RESUMEN TOTAL'!P28 -> 0 | K25: ='RESUMEN TOTAL'!Q28 -> 0 | L25: ='RESUMEN TOTAL'!R28 -> 0 | M25: ='RESUMEN TOTAL'!S28 -> 0 | ... AI25: ='RESUMEN TOTAL'!AO28 -> 0 | AJ25: ='RESUMEN TOTAL'!#REF! -> #REF!
A26: ='RESUMEN TOTAL'!A29 -> CENTRO | B26: ='RESUMEN TOTAL'!B29 -> CEN06 | C26: ='RESUMEN TOTAL'!D29 -> Monteagudo y A.del Valle | D26: ='RESUMEN TOTAL'!E29 -> Fija | E26: ='RESUMEN TOTAL'!F29 -> Fibra Optica | F26: ='RESUMEN TOTAL'!L29 -> 0 | G26: ='RESUMEN TOTAL'!M29 -> 0 | H26: ='RESUMEN TOTAL'!N29 -> 0 | I26: ='RESUMEN TOTAL'!O29 -> 0 | J26: ='RESUMEN TOTAL'!P29 -> 0 | K26: ='RESUMEN TOTAL'!Q29 -> 0 | L26: ='RESUMEN TOTAL'!R29 -> 0 | M26: ='RESUMEN TOTAL'!S29 -> 0 | ... AI26: ='RESUMEN TOTAL'!AO29 -> 0 | AJ26: ='RESUMEN TOTAL'!#REF! -> #REF!
... A453: ='RESUMEN TOTAL'!A456 -> 0 | B453: ='RESUMEN TOTAL'!B456 -> 0 | C453: ='RESUMEN TOTAL'!D456 -> 0 | D453: ='RESUMEN TOTAL'!E456 -> 0 | E453: ='RESUMEN TOTAL'!F456 -> 0 | F453: ='RESUMEN TOTAL'!L456 -> 0 | G453: ='RESUMEN TOTAL'!M456 -> 0 | H453: ='RESUMEN TOTAL'!N456 -> 0 | I453: ='RESUMEN TOTAL'!O456 -> 0 | J453: ='RESUMEN TOTAL'!P456 -> 0 | K453: ='RESUMEN TOTAL'!Q456 -> 0 | L453: ='RESUMEN TOTAL'!R456 -> 0 | M453: ='RESUMEN TOTAL'!S456 -> 0 | ... AI453: ='RESUMEN TOTAL'!AO456 -> 0 | AJ453: ='RESUMEN TOTAL'!#REF! -> #REF!
A454: ='RESUMEN TOTAL'!A457 -> 0 | B454: ='RESUMEN TOTAL'!B457 -> 0 | C454: ='RESUMEN TOTAL'!C457 -> 0 | D454: ='RESUMEN TOTAL'!E457 -> 0 | E454: ='RESUMEN TOTAL'!F457 -> 0 | F454: ='RESUMEN TOTAL'!L457 -> 0 | G454: ='RESUMEN TOTAL'!M457 -> 0 | H454: ='RESUMEN TOTAL'!N457 -> 0 | I454: ='RESUMEN TOTAL'!O457 -> 0 | J454: ='RESUMEN TOTAL'!P457 -> 0 | K454: ='RESUMEN TOTAL'!Q457 -> 0 | L454: ='RESUMEN TOTAL'!R457 -> 0 | M454: ='RESUMEN TOTAL'!S457 -> 0 | ... AI454: ='RESUMEN TOTAL'!AO457 -> 0 | AJ454: ='RESUMEN TOTAL'!#REF! -> #REF!
A455: ='RESUMEN TOTAL'!A458 -> 0 | B455: ='RESUMEN TOTAL'!B458 -> 0 | C455: ='RESUMEN TOTAL'!D458 -> 0 | D455: ='RESUMEN TOTAL'!E458 -> 0 | E455: ='RESUMEN TOTAL'!F458 -> 0 | F455: ='RESUMEN TOTAL'!L458 -> 0 | G455: ='RESUMEN TOTAL'!M458 -> 0 | H455: ='RESUMEN TOTAL'!N458 -> 0 | I455: ='RESUMEN TOTAL'!O458 -> 0 | J455: ='RESUMEN TOTAL'!P458 -> 0 | K455: ='RESUMEN TOTAL'!Q458 -> 0 | L455: ='RESUMEN TOTAL'!R458 -> 0 | M455: ='RESUMEN TOTAL'!S458 -> 0 | ... AI455: ='RESUMEN TOTAL'!AO458 -> 0 | AJ455: ='RESUMEN TOTAL'!#REF! -> #REF!
A456: ='RESUMEN TOTAL'!A459 -> 0 | B456: ='RESUMEN TOTAL'!B459 -> 0 | C456: ='RESUMEN TOTAL'!D459 -> 0 | D456: ='RESUMEN TOTAL'!E459 -> 0 | E456: ='RESUMEN TOTAL'!F459 -> 0 | F456: ='RESUMEN TOTAL'!L459 -> 0 | G456: ='RESUMEN TOTAL'!M459 -> 0 | H456: ='RESUMEN TOTAL'!N459 -> 0 | I456: ='RESUMEN TOTAL'!O459 -> 0 | J456: ='RESUMEN TOTAL'!P459 -> 0 | K456: ='RESUMEN TOTAL'!Q459 -> 0 | L456: ='RESUMEN TOTAL'!R459 -> 0 | M456: ='RESUMEN TOTAL'!S459 -> 0 | ... AI456: ='RESUMEN TOTAL'!AO459 -> 0 | AJ456: ='RESUMEN TOTAL'!#REF! -> #REF!
A457: ='RESUMEN TOTAL'!A460 -> 0 | B457: ='RESUMEN TOTAL'!B460 -> 0 | C457: ='RESUMEN TOTAL'!D460 -> 0 | D457: ='RESUMEN TOTAL'!E460 -> 0 | E457: ='RESUMEN TOTAL'!F460 -> 0 | F457: ='RESUMEN TOTAL'!L460 -> 0 | G457: ='RESUMEN TOTAL'!M460 -> 0 | H457: ='RESUMEN TOTAL'!N460 -> 0 | I457: ='RESUMEN TOTAL'!O460 -> 0 | J457: ='RESUMEN TOTAL'!P460 -> 0 | K457: ='RESUMEN TOTAL'!Q460 -> 0 | L457: ='RESUMEN TOTAL'!R460 -> 0 | M457: ='RESUMEN TOTAL'!S460 -> 0 | ... AI457: ='RESUMEN TOTAL'!AO460 -> 0 | AJ457: ='RESUMEN TOTAL'!#REF! -> #REF!
A458: ='RESUMEN TOTAL'!A461 -> 0 | B458: ='RESUMEN TOTAL'!B461 -> 0 | C458: ='RESUMEN TOTAL'!D461 -> 0 | D458: ='RESUMEN TOTAL'!E461 -> 0 | E458: ='RESUMEN TOTAL'!F461 -> 0 | F458: ='RESUMEN TOTAL'!L461 -> 0 | G458: ='RESUMEN TOTAL'!M461 -> 0 | H458: ='RESUMEN TOTAL'!N461 -> 0 | I458: ='RESUMEN TOTAL'!O461 -> 0 | J458: ='RESUMEN TOTAL'!P461 -> 0 | K458: ='RESUMEN TOTAL'!Q461 -> 0 | L458: ='RESUMEN TOTAL'!R461 -> 0 | M458: ='RESUMEN TOTAL'!S461 -> 0 | ... AI458: ='RESUMEN TOTAL'!AO461 -> 0 | AJ458: ='RESUMEN TOTAL'!#REF! -> #REF!
A459: ='RESUMEN TOTAL'!A462 -> 0 | B459: ='RESUMEN TOTAL'!B462 -> 0 | C459: ='RESUMEN TOTAL'!D462 -> 0 | D459: ='RESUMEN TOTAL'!E462 -> 0 | E459: ='RESUMEN TOTAL'!F462 -> 0 | F459: ='RESUMEN TOTAL'!L462 -> 0 | G459: ='RESUMEN TOTAL'!M462 -> 0 | H459: ='RESUMEN TOTAL'!N462 -> 0 | I459: ='RESUMEN TOTAL'!O462 -> 0 | J459: ='RESUMEN TOTAL'!P462 -> 0 | K459: ='RESUMEN TOTAL'!Q462 -> 0 | L459: ='RESUMEN TOTAL'!R462 -> 0 | M459: ='RESUMEN TOTAL'!S462 -> 0 | ... AI459: ='RESUMEN TOTAL'!AO462 -> 0 | AJ459: ='RESUMEN TOTAL'!#REF! -> #REF!
A460: ='RESUMEN TOTAL'!A463 -> 0 | B460: ='RESUMEN TOTAL'!B463 -> 0 | C460: ='RESUMEN TOTAL'!D463 -> 0 | D460: ='RESUMEN TOTAL'!E463 -> 0 | E460: ='RESUMEN TOTAL'!F463 -> 0 | F460: ='RESUMEN TOTAL'!L463 -> 0 | G460: ='RESUMEN TOTAL'!M463 -> 0 | H460: ='RESUMEN TOTAL'!N463 -> 0 | I460: ='RESUMEN TOTAL'!O463 -> 0 | J460: ='RESUMEN TOTAL'!P463 -> 0 | K460: ='RESUMEN TOTAL'!Q463 -> 0 | L460: ='RESUMEN TOTAL'!R463 -> 0 | M460: ='RESUMEN TOTAL'!S463 -> 0 | ... AI460: ='RESUMEN TOTAL'!AO463 -> 0 | AJ460: ='RESUMEN TOTAL'!#REF! -> #REF!
A461: ='RESUMEN TOTAL'!A464 -> 0 | B461: ='RESUMEN TOTAL'!B464 -> 0 | C461: ='RESUMEN TOTAL'!D464 -> 0 | D461: ='RESUMEN TOTAL'!E464 -> 0 | E461: ='RESUMEN TOTAL'!F464 -> 0 | F461: ='RESUMEN TOTAL'!L464 -> 0 | G461: ='RESUMEN TOTAL'!M464 -> 0 | H461: ='RESUMEN TOTAL'!N464 -> 0 | I461: ='RESUMEN TOTAL'!O464 -> 0 | J461: ='RESUMEN TOTAL'!P464 -> 0 | K461: ='RESUMEN TOTAL'!Q464 -> 0 | L461: ='RESUMEN TOTAL'!R464 -> 0 | M461: ='RESUMEN TOTAL'!S464 -> 0 | ... AI461: ='RESUMEN TOTAL'!AO464 -> 0 | AJ461: ='RESUMEN TOTAL'!#REF! -> #REF!
A462: ='RESUMEN TOTAL'!A465 -> 0 | B462: ='RESUMEN TOTAL'!B465 -> 0 | C462: ='RESUMEN TOTAL'!D465 -> 0 | D462: ='RESUMEN TOTAL'!E465 -> 0 | E462: ='RESUMEN TOTAL'!F465 -> 0 | F462: ='RESUMEN TOTAL'!L465 -> 0 | G462: ='RESUMEN TOTAL'!M465 -> 0 | H462: ='RESUMEN TOTAL'!N465 -> 0 | I462: ='RESUMEN TOTAL'!O465 -> 0 | J462: ='RESUMEN TOTAL'!P465 -> 0 | K462: ='RESUMEN TOTAL'!Q465 -> 0 | L462: ='RESUMEN TOTAL'!R465 -> 0 | M462: ='RESUMEN TOTAL'!S465 -> 0 | ... AI462: ='RESUMEN TOTAL'!AO465 -> 0 | AJ462: ='RESUMEN TOTAL'!#REF! -> #REF!
A463: ='RESUMEN TOTAL'!A466 -> 0 | B463: ='RESUMEN TOTAL'!B466 -> 0 | C463: ='RESUMEN TOTAL'!D466 -> 0 | D463: ='RESUMEN TOTAL'!E466 -> 0 | E463: ='RESUMEN TOTAL'!F466 -> 0 | F463: ='RESUMEN TOTAL'!L466 -> 0 | G463: ='RESUMEN TOTAL'!M466 -> 0 | H463: ='RESUMEN TOTAL'!N466 -> 0 | I463: ='RESUMEN TOTAL'!O466 -> 0 | J463: ='RESUMEN TOTAL'!P466 -> 0 | K463: ='RESUMEN TOTAL'!Q466 -> 0 | L463: ='RESUMEN TOTAL'!R466 -> 0 | M463: ='RESUMEN TOTAL'!S466 -> 0 | ... AI463: ='RESUMEN TOTAL'!AO466 -> 0 | AJ463: ='RESUMEN TOTAL'!#REF! -> #REF!
A464: ='RESUMEN TOTAL'!A467 -> 0 | B464: ='RESUMEN TOTAL'!B467 -> 0 | C464: ='RESUMEN TOTAL'!D467 -> 0 | D464: ='RESUMEN TOTAL'!E467 -> 0 | E464: ='RESUMEN TOTAL'!F467 -> 0 | F464: ='RESUMEN TOTAL'!L467 -> 0 | G464: ='RESUMEN TOTAL'!M467 -> 0 | H464: ='RESUMEN TOTAL'!N467 -> 0 | I464: ='RESUMEN TOTAL'!O467 -> 0 | J464: ='RESUMEN TOTAL'!P467 -> 0 | K464: ='RESUMEN TOTAL'!Q467 -> 0 | L464: ='RESUMEN TOTAL'!R467 -> 0 | M464: ='RESUMEN TOTAL'!S467 -> 0 | ... AI464: ='RESUMEN TOTAL'!AO467 -> 0 | AJ464: ='RESUMEN TOTAL'!#REF! -> #REF!
A465: ='RESUMEN TOTAL'!A468 -> 0 | B465: ='RESUMEN TOTAL'!B468 -> 0 | C465: ='RESUMEN TOTAL'!D468 -> 0 | D465: ='RESUMEN TOTAL'!E468 -> 0 | E465: ='RESUMEN TOTAL'!F468 -> 0 | F465: ='RESUMEN TOTAL'!L468 -> 0 | G465: ='RESUMEN TOTAL'!M468 -> 0 | H465: ='RESUMEN TOTAL'!N468 -> 0 | I465: ='RESUMEN TOTAL'!O468 -> 0 | J465: ='RESUMEN TOTAL'!P468 -> 0 | K465: ='RESUMEN TOTAL'!Q468 -> 0 | L465: ='RESUMEN TOTAL'!R468 -> 0 | M465: ='RESUMEN TOTAL'!S468 -> 0 | ... AI465: ='RESUMEN TOTAL'!AO468 -> 0 | AJ465: ='RESUMEN TOTAL'!#REF! -> #REF!
A466: ='RESUMEN TOTAL'!A469 -> 0 | B466: ='RESUMEN TOTAL'!B469 -> 0 | C466: ='RESUMEN TOTAL'!D469 -> 0 | D466: ='RESUMEN TOTAL'!E469 -> 0 | E466: ='RESUMEN TOTAL'!F469 -> 0 | F466: ='RESUMEN TOTAL'!L469 -> 0 | G466: ='RESUMEN TOTAL'!M469 -> 0 | H466: ='RESUMEN TOTAL'!N469 -> 0 | I466: ='RESUMEN TOTAL'!O469 -> 0 | J466: ='RESUMEN TOTAL'!P469 -> 0 | K466: ='RESUMEN TOTAL'!Q469 -> 0 | L466: ='RESUMEN TOTAL'!R469 -> 0 | M466: ='RESUMEN TOTAL'!S469 -> 0 | ... AI466: ='RESUMEN TOTAL'!AO469 -> 0 | AJ466: ='RESUMEN TOTAL'!#REF! -> #REF!
... A602: ='RESUMEN TOTAL'!A605 -> 0 | B602: ='RESUMEN TOTAL'!B605 -> 0 | C602: ='RESUMEN TOTAL'!D605 -> 0 | D602: ='RESUMEN TOTAL'!E605 -> 0 | E602: ='RESUMEN TOTAL'!F605 -> 0 | F602: ='RESUMEN TOTAL'!L605 -> 0 | G602: ='RESUMEN TOTAL'!M605 -> 0 | H602: ='RESUMEN TOTAL'!N605 -> 0 | I602: ='RESUMEN TOTAL'!O605 -> 0 | J602: ='RESUMEN TOTAL'!P605 -> 0 | K602: ='RESUMEN TOTAL'!Q605 -> 0 | L602: ='RESUMEN TOTAL'!R605 -> 0 | M602: ='RESUMEN TOTAL'!S605 -> 0 | ... AI602: ='RESUMEN TOTAL'!AO605 -> 0 | AJ602: ='RESUMEN TOTAL'!#REF! -> #REF!

Sheet APAGADOS RADIO
C1: TOTAL RADIO | D1: =COUNTIFS(E4:E400,"=radio") -> 91
E2: APAGADOS | F2: =COUNTIFS(F4:F500, "=APAGADO",E4:E500,"=radio") -> 7 | G2: =COUNTIFS(G4:G500, "=APAGADO",E4:E500,"=radio") -> 4 | H2: =COUNTIFS(H4:H500, "=APAGADO",E4:E500,"=radio") -> 6 | I2: =COUNTIFS(I4:I500, "=APAGADO",E4:E500,"=radio") -> 4 | J2: =COUNTIFS(J4:J500, "=APAGADO",E4:E500,"=radio") -> 3 | K2: =COUNTIFS(K4:K500, "=APAGADO",E4:E500,"=radio") -> 3 | L2: =COUNTIFS(L4:L500, "=APAGADO",E4:E500,"=radio") -> 7 | M2: =COUNTIFS(M4:M500, "=APAGADO",E4:E500,"=radio") -> 5 | N2: =COUNTIFS(N4:N500, "=APAGADO",E4:E500,"=radio") -> 4 | O2: =COUNTIFS(O4:O500, "=APAGADO",E4:E500,"=radio") -> 7 | P2: =COUNTIFS(P4:P500, "=APAGADO",E4:E500,"=radio") -> 0 | Q2: =COUNTIFS(Q4:Q367, "=APAGADO",E4:E367,"=radio") -> 13 | R2: =COUNTIFS(R4:R500, "=APAGADO",E4:E500,"=radio") -> 14 | S2: =COUNTIFS(S4:S500, "=APAGADO",E4:E500,"=radio") -> 9 | T2: =COUNTIFS(T4:T500, "=APAGADO",E4:E500,"=radio") -> 6 | U2: =COUNTIFS(U4:U500, "=APAGADO",E4:E500,"=radio") -> 8 | V2: =COUNTIFS(V4:V500, "=APAGADO",E4:E500,"=radio") -> 0 | W2: =COUNTIFS(W4:W500, "=APAGADO",E4:E500,"=radio") -> 0 | X2: =COUNTIFS(X4:X500, "=APAGADO",E4:E500,"=radio") -> 0 | Y2: =COUNTIFS(Y4:Y500, "=APAGADO",E4:E500,"=radio") -> 0 | Z2: =COUNTIFS(Z4:Z500, "=APAGADO",E4:E500,"=radio") -> 0 | AA2: =COUNTIFS(AA4:AA500, "=APAGADO",E4:E500,"=radio") -> 0 | AB2: =COUNTIFS(AB4:AB500, "=APAGADO",E4:E500,"=radio") -> 0 | AC2: =COUNTIFS(AC4:AC500, "=APAGADO",E4:E500,"=radio") -> 0 | AD2: =COUNTIFS(AD4:AD500, "=APAGADO",E4:E500,"=radio") -> 0 | AE2: =COUNTIFS(AE4:AE500, "=APAGADO",E4:E500,"=radio") -> 0 | AF2: =COUNTIFS(AF4:AF500, "=APAGADO",E4:E500,"=radio") -> 0 | AG2: =COUNTIFS(AG4:AG500, "=APAGADO",E4:E500,"=radio") -> 0 | AH2: =COUNTIFS(AH4:AH500, "=APAGADO",F4:F500,"=radio") -> 0 | AI2: =COUNTIFS(AI4:AI500, "=APAGADO",G4:G500,"=radio") -> 0 | AJ2: =COUNTIFS(AJ4:AJ500, "=APAGADO",H4:H500,"=radio") -> 0
A3: =ESTADISTICA!A1 -> Barrio | B3: =ESTADISTICA!B1 -> [Denominacion] | C3: =ESTADISTICA!C1 -> [Ubicacion] | D3: =ESTADISTICA!D1 -> [Tipo de Camara] | E3: =ESTADISTICA!E1 -> [Tipo de Conexion] | F3: =ESTADISTICA!F1 -> 45078 | G3: =ESTADISTICA!G1 -> 45079 | H3: =ESTADISTICA!H1 -> 45080 | ... AJ3: =ESTADISTICA!AJ1 -> #REF!
A4: ='RESUMEN TOTAL'!A7 -> ALTAMIRA | B4: ='RESUMEN TOTAL'!B7 -> ALT 03 | C4: ='RESUMEN TOTAL'!D7 -> Bombero Galarza y Necochea | D4: ='RESUMEN TOTAL'!E7 -> Domo | E4: ='RESUMEN TOTAL'!F7 -> Fibra Optica | F4: ='RESUMEN TOTAL'!L7 -> 0 | G4: ='RESUMEN TOTAL'!M7 -> 0 | H4: ='RESUMEN TOTAL'!N7 -> 0 | I4: ='RESUMEN TOTAL'!O7 -> 0 | J4: ='RESUMEN TOTAL'!P7 -> 0 | K4: ='RESUMEN TOTAL'!Q7 -> 0 | L4: ='RESUMEN TOTAL'!R7 -> 0 | M4: ='RESUMEN TOTAL'!S7 -> 0 | ... AI4: ='RESUMEN TOTAL'!AO7 -> 0 | AJ4: ='RESUMEN TOTAL'!#REF! -> #REF!
A5: ='RESUMEN TOTAL'!A8 -> ALTAMIRA | B5: ='RESUMEN TOTAL'!B8 -> ALT 04 | C5: ='RESUMEN TOTAL'!D8 -> Francia y Necochea | D5: ='RESUMEN TOTAL'!E8 -> Domo | E5: ='RESUMEN TOTAL'!F8 -> Fibra Optica | F5: ='RESUMEN TOTAL'!L8 -> 0 | G5: ='RESUMEN TOTAL'!M8 -> 0 | H5: ='RESUMEN TOTAL'!N8 -> 0 | I5: ='RESUMEN TOTAL'!O8 -> 0 | J5: ='RESUMEN TOTAL'!P8 -> 0 | K5: ='RESUMEN TOTAL'!Q8 -> 0 | L5: ='RESUMEN TOTAL'!R8 -> 0 | M5: ='RESUMEN TOTAL'!S8 -> 0 | ... AI5: ='RESUMEN TOTAL'!AO8 -> 0 | AJ5: ='RESUMEN TOTAL'!#REF! -> #REF!
A6: ='RESUMEN TOTAL'!A9 -> ALTAMIRA | B6: ='RESUMEN TOTAL'!B9 -> ALT05 | C6: ='RESUMEN TOTAL'!D9 -> Av. Calchaqui y Bombero Galarza | D6: ='RESUMEN TOTAL'!E9 -> Domo | E6: ='RESUMEN TOTAL'!F9 -> PTO A FO | F6: ='RESUMEN TOTAL'!L9 -> 0 | G6: ='RESUMEN TOTAL'!M9 -> 0 | H6: ='RESUMEN TOTAL'!N9 -> 0 | I6: ='RESUMEN TOTAL'!O9 -> 0 | J6: ='RESUMEN TOTAL'!P9 -> 0 | K6: ='RESUMEN TOTAL'!Q9 -> 0 | L6: ='RESUMEN TOTAL'!R9 -> 0 | M6: ='RESUMEN TOTAL'!S9 -> 0 | ... AI6: ='RESUMEN TOTAL'!AO9 -> 0 | AJ6: ='RESUMEN TOTAL'!#REF! -> #REF!
A7: ='RESUMEN TOTAL'!A10 -> ALTAMIRA | B7: ='RESUMEN TOTAL'!B10 -> ALT 06 | C7: ='RESUMEN TOTAL'!D10 -> LOPE DE VEGA Y NECOCHEA | D7: ='RESUMEN TOTAL'!E10 -> Domo | E7: ='RESUMEN TOTAL'!F10 -> PTO A FO | F7: ='RESUMEN TOTAL'!L10 -> 0 | G7: ='RESUMEN TOTAL'!M10 -> 0 | H7: ='RESUMEN TOTAL'!N10 -> 0 | I7: ='RESUMEN TOTAL'!O10 -> 0 | J7: ='RESUMEN TOTAL'!P10 -> 0 | K7: ='RESUMEN TOTAL'!Q10 -> 0 | L7: ='RESUMEN TOTAL'!R10 -> 0 | M7: ='RESUMEN TOTAL'!S10 -> 0 | ... AI7: ='RESUMEN TOTAL'!AO10 -> 0 | AJ7: ='RESUMEN TOTAL'!#REF! -> #REF!
A8: ='RESUMEN TOTAL'!A11 -> ALTAMIRA | B8: ='RESUMEN TOTAL'!B11 -> ALT07 | C8: ='RESUMEN TOTAL'!D11 -> AV. CALCHAQUI Y AV. DEL TRABAJO | D8: ='RESUMEN TOTAL'!E11 -> DOMO | E8: ='RESUMEN TOTAL'!F11 -> PTO A FO | F8: ='RESUMEN TOTAL'!L11 -> 0 | G8: ='RESUMEN TOTAL'!M11 -> 0 | H8: ='RESUMEN TOTAL'!N11 -> 0 | I8: ='RESUMEN TOTAL'!O11 -> 0 | J8: ='RESUMEN TOTAL'!P11 -> 0 | K8: ='RESUMEN TOTAL'!Q11 -> 0 | L8: ='RESUMEN TOTAL'!R11 -> 0 | M8: ='RESUMEN TOTAL'!S11 -> 0 | ... AI8: ='RESUMEN TOTAL'!AO11 -> 0 | AJ8: ='RESUMEN TOTAL'!#REF! -> #REF!
A9: ='RESUMEN TOTAL'!A12 -> ALTAMIRA | B9: ='RESUMEN TOTAL'!B12 -> ALT 08 | C9: ='RESUMEN TOTAL'!D12 -> HUMAITA Y NECOCHEA | D9: ='RESUMEN TOTAL'!E12 -> DOMO | E9: ='RESUMEN TOTAL'!F12 -> Fibra Optica | F9: ='RESUMEN TOTAL'!L12 -> 0 | G9: ='RESUMEN TOTAL'!M12 -> 0 | H9: ='RESUMEN TOTAL'!N12 -> 0 | I9: ='RESUMEN TOTAL'!O12 -> 0 | J9: ='RESUMEN TOTAL'!P12 -> 0 | K9: ='RESUMEN TOTAL'!Q12 -> 0 | L9: ='RESUMEN TOTAL'!R12 -> 0 | M9: ='RESUMEN TOTAL'!S12 -> 0 | ... AI9: ='RESUMEN TOTAL'!AO12 -> 0 | AJ9: ='RESUMEN TOTAL'!#REF! -> #REF!
A10: ='RESUMEN TOTAL'!A13 -> ALTAMIRA | B10: ='RESUMEN TOTAL'!B13 -> ALT 09 | C10: ='RESUMEN TOTAL'!D13 -> NECOCHEA Y CURUPAITY | D10: ='RESUMEN TOTAL'!E13 -> DOMO | E10: ='RESUMEN TOTAL'!F13 -> Fibra Optica | F10: ='RESUMEN TOTAL'!L13 -> 0 | G10: ='RESUMEN TOTAL'!M13 -> 0 | H10: ='RESUMEN TOTAL'!N13 -> 0 | I10: ='RESUMEN TOTAL'!O13 -> 0 | J10: ='RESUMEN TOTAL'!P13 -> 0 | K10: ='RESUMEN TOTAL'!Q13 -> 0 | L10: ='RESUMEN TOTAL'!R13 -> 0 | M10: ='RESUMEN TOTAL'!S13 -> 0 | ... AI10: ='RESUMEN TOTAL'!AO13 -> 0 | AJ10: ='RESUMEN TOTAL'!#REF! -> #REF!
A11: ='RESUMEN TOTAL'!A14 -> ALTAMIRA | B11: ='RESUMEN TOTAL'!B14 -> ALT 10 | C11: ='RESUMEN TOTAL'!D14 -> Calchaqui y Francia | D11: ='RESUMEN TOTAL'!E14 -> Domo | E11: ='RESUMEN TOTAL'!F14 -> Radio | F11: ='RESUMEN TOTAL'!L14 -> 0 | G11: ='RESUMEN TOTAL'!M14 -> 0 | H11: ='RESUMEN TOTAL'!N14 -> 0 | I11: ='RESUMEN TOTAL'!O14 -> 0 | J11: ='RESUMEN TOTAL'!P14 -> 0 | K11: ='RESUMEN TOTAL'!Q14 -> 0 | L11: ='RESUMEN TOTAL'!R14 -> 0 | M11: ='RESUMEN TOTAL'!S14 -> 0 | ... AI11: ='RESUMEN TOTAL'!AO14 -> 0 | AJ11: ='RESUMEN TOTAL'!#REF! -> #REF!
A12: ='RESUMEN TOTAL'!A15 -> AGUSTIN RAMIREZ | B12: ='RESUMEN TOTAL'!B15 -> ARA 01 | C12: ='RESUMEN TOTAL'!D15 -> Malambo y Tranquera | D12: ='RESUMEN TOTAL'!E15 -> Domo | E12: ='RESUMEN TOTAL'!F15 -> Fibra Optica | F12: ='RESUMEN TOTAL'!L15 -> 0 | G12: ='RESUMEN TOTAL'!M15 -> 0 | H12: ='RESUMEN TOTAL'!N15 -> 0 | I12: ='RESUMEN TOTAL'!O15 -> 0 | J12: ='RESUMEN TOTAL'!P15 -> 0 | K12: ='RESUMEN TOTAL'!Q15 -> 0 | L12: ='RESUMEN TOTAL'!R15 -> 0 | M12: ='RESUMEN TOTAL'!S15 -> 0 | ... AI12: ='RESUMEN TOTAL'!AO15 -> 0 | AJ12: ='RESUMEN TOTAL'!#REF! -> #REF!
A13: ='RESUMEN TOTAL'!A16 -> BELGRANO | B13: ='RESUMEN TOTAL'!B16 -> BEL 01 | C13: ='RESUMEN TOTAL'!D16 -> San Martin y Dardo Rocha | D13: ='RESUMEN TOTAL'!E16 -> DOMO | E13: ='RESUMEN TOTAL'!F16 -> Fibra Optica | F13: ='RESUMEN TOTAL'!L16 -> 0 | G13: ='RESUMEN TOTAL'!M16 -> 0 | H13: ='RESUMEN TOTAL'!N16 -> 0 | I13: ='RESUMEN TOTAL'!O16 -> 0 | J13: ='RESUMEN TOTAL'!P16 -> 0 | K13: ='RESUMEN TOTAL'!Q16 -> 0 | L13: ='RESUMEN TOTAL'!R16 -> 0 | M13: ='RESUMEN TOTAL'!S16 -> 0 | ... AI13: ='RESUMEN TOTAL'!AO16 -> 0 | AJ13: ='RESUMEN TOTAL'!#REF! -> #REF!
A14: ='RESUMEN TOTAL'!A17 -> BELGRANO | B14: ='RESUMEN TOTAL'!B17 -> BEL 02 | C14: ='RESUMEN TOTAL'!D17 -> Guardia vieja y Fronteriz | D14: ='RESUMEN TOTAL'!E17 -> DOMO | E14: ='RESUMEN TOTAL'!F17 -> Fibra Optica | F14: ='RESUMEN TOTAL'!L17 -> 0 | G14: ='RESUMEN TOTAL'!M17 -> 0 | H14: ='RESUMEN TOTAL'!N17 -> 0 | I14: ='RESUMEN TOTAL'!O17 -> 0 | J14: ='RESUMEN TOTAL'!P17 -> 0 | K14: ='RESUMEN TOTAL'!Q17 -> 0 | L14: ='RESUMEN TOTAL'!R17 -> 0 | M14: ='RESUMEN TOTAL'!S17 -> 0 | ... R14: ='RESUMEN TOTAL'!X17 -> APAGADO | S14: ='RESUMEN TOTAL'!Y23 -> APAGADO | T14: ='RESUMEN TOTAL'!Z17 -> APAGADO | U14: ='RESUMEN TOTAL'!AA17 -> APAGADO | V14: ='RESUMEN TOTAL'!AB17 -> 0 | W14: ='RESUMEN TOTAL'!AC17 -> 0 | X14: ='RESUMEN TOTAL'!AD17 -> 0 | Y14: ='RESUMEN TOTAL'!AE17 -> 0 | Z14: ='RESUMEN TOTAL'!AF17 -> 0 | AA14: ='RESUMEN TOTAL'!AG17 -> 0 | ... AI14: ='RESUMEN TOTAL'!AO17 -> 0 | AJ14: ='RESUMEN TOTAL'!#REF! -> #REF!
A15: ='RESUMEN TOTAL'!A18 -> BOSQUES CENTRO | B15: ='RESUMEN TOTAL'!B18 -> BOSQC 01 | C15: ='RESUMEN TOTAL'!D18 -> LUIS AGOTE E/DANUNCIO Y CAMPOAMOR | D15: ='RESUMEN TOTAL'!E18 -> Fija | E15: ='RESUMEN TOTAL'!F18 -> Radio | F15: ='RESUMEN TOTAL'!L18 -> 0 | G15: ='RESUMEN TOTAL'!M18 -> 0 | H15: ='RESUMEN TOTAL'!N18 -> 0 | I15: ='RESUMEN TOTAL'!O18 -> 0 | J15: ='RESUMEN TOTAL'!P18 -> 0 | K15: ='RESUMEN TOTAL'!Q18 -> 0 | L15: ='RESUMEN TOTAL'!R18 -> 0 | M15: ='RESUMEN TOTAL'!S18 -> 0 | ... AI15: ='RESUMEN TOTAL'!AO18 -> 0 | AJ15: ='RESUMEN TOTAL'!#REF! -> #REF!
A16: ='RESUMEN TOTAL'!A19 -> BOSQUES CENTRO | B16: ='RESUMEN TOTAL'!B19 -> BOSQC 02 | C16: ='RESUMEN TOTAL'!D19 -> LUIS AGOTE E/DANUNCIO Y CAMPOAMOR | D16: ='RESUMEN TOTAL'!E19 -> Fija | E16: ='RESUMEN TOTAL'!F19 -> Radio | F16: ='RESUMEN TOTAL'!L19 -> 0 | G16: ='RESUMEN TOTAL'!M19 -> 0 | H16: ='RESUMEN TOTAL'!N19 -> 0 | I16: ='RESUMEN TOTAL'!O19 -> 0 | J16: ='RESUMEN TOTAL'!P19 -> 0 | K16: ='RESUMEN TOTAL'!Q19 -> 0 | L16: ='RESUMEN TOTAL'!R19 -> 0 | M16: ='RESUMEN TOTAL'!S19 -> 0 | ... AI16: ='RESUMEN TOTAL'!AO19 -> 0 | AJ16: ='RESUMEN TOTAL'!#REF! -> #REF!
A17: ='RESUMEN TOTAL'!A20 -> BOSQUES CENTRO | B17: ='RESUMEN TOTAL'!B20 -> BOSQC 03 | C17: ='RESUMEN TOTAL'!D20 -> BENAVENTE Y LUIS AGOTE | D17: ='RESUMEN TOTAL'!E20 -> Fija | E17: ='RESUMEN TOTAL'!F20 -> Radio | F17: ='RESUMEN TOTAL'!L20 -> 0 | G17: ='RESUMEN TOTAL'!M20 -> 0 | H17: ='RESUMEN TOTAL'!N20 -> 0 | I17: ='RESUMEN TOTAL'!O20 -> 0 | J17: ='RESUMEN TOTAL'!P20 -> 0 | K17: ='RESUMEN TOTAL'!Q20 -> 0 | L17: ='RESUMEN TOTAL'!R20 -> 0 | M17: ='RESUMEN TOTAL'!S20 -> 0 | ... AI17: ='RESUMEN TOTAL'!AO20 -> 0 | AJ17: ='RESUMEN TOTAL'!#REF! -> #REF!
A18: ='RESUMEN TOTAL'!A21 -> BOSQUES CENTRO | B18: ='RESUMEN TOTAL'!B21 -> BOSQC 04 | C18: ='RESUMEN TOTAL'!D21 -> BENAVENTE Y LUIS AGOTE | D18: ='RESUMEN TOTAL'!E21 -> Fija | E18: ='RESUMEN TOTAL'!F21 -> Radio | F18: ='RESUMEN TOTAL'!L21 -> 0 | G18: ='RESUMEN TOTAL'!M21 -> 0 | H18: ='RESUMEN TOTAL'!N21 -> 0 | I18: ='RESUMEN TOTAL'!O21 -> 0 | J18: ='RESUMEN TOTAL'!P21 -> 0 | K18: ='RESUMEN TOTAL'!Q21 -> 0 | L18: ='RESUMEN TOTAL'!R21 -> 0 | M18: ='RESUMEN TOTAL'!S21 -> 0 | ... AI18: ='RESUMEN TOTAL'!AO21 -> 0 | AJ18: ='RESUMEN TOTAL'!#REF! -> #REF!
A19: ='RESUMEN TOTAL'!A22 -> BOSQUES CENTRO | B19: ='RESUMEN TOTAL'!B22 -> BOSQC 05 | C19: ='RESUMEN TOTAL'!D22 -> LUIS AGOTE Y RUTA 36 | D19: ='RESUMEN TOTAL'!E22 -> Fija | E19: ='RESUMEN TOTAL'!F22 -> Radio | F19: ='RESUMEN TOTAL'!L22 -> 0 | G19: ='RESUMEN TOTAL'!M22 -> 0 | H19: ='RESUMEN TOTAL'!N22 -> 0 | I19: ='RESUMEN TOTAL'!O22 -> 0 | J19: ='RESUMEN TOTAL'!P22 -> 0 | K19: ='RESUMEN TOTAL'!Q22 -> 0 | L19: ='RESUMEN TOTAL'!R22 -> 0 | M19: ='RESUMEN TOTAL'!S22 -> 0 | ... AI19: ='RESUMEN TOTAL'!AO22 -> 0 | AJ19: ='RESUMEN TOTAL'!#REF! -> #REF!
A20: ='RESUMEN TOTAL'!A23 -> BOSQUES CENTRO | B20: ='RESUMEN TOTAL'!B23 -> BOSQC 06 | C20: ='RESUMEN TOTAL'!D23 -> LUIS AGOTE Y RUTA 36 | D20: ='RESUMEN TOTAL'!E23 -> Fija | E20: ='RESUMEN TOTAL'!F23 -> Radio | F20: ='RESUMEN TOTAL'!L23 -> 0 | G20: ='RESUMEN TOTAL'!M23 -> 0 | H20: ='RESUMEN TOTAL'!N23 -> 0 | I20: ='RESUMEN TOTAL'!O23 -> 0 | J20: ='RESUMEN TOTAL'!P23 -> 0 | K20: ='RESUMEN TOTAL'!Q23 -> 0 | L20: ='RESUMEN TOTAL'!R23 -> 0 | M20: ='RESUMEN TOTAL'!S23 -> 0 | ... AI20: ='RESUMEN TOTAL'!AO23 -> 0 | AJ20: ='RESUMEN TOTAL'!#REF! -> #REF!
A21: ='RESUMEN TOTAL'!A24 -> CENTRO | B21: ='RESUMEN TOTAL'!B24 -> CEN01 | C21: ='RESUMEN TOTAL'!D24 -> San Martin y 9 de Julio | D21: ='RESUMEN TOTAL'!E24 -> Fija | E21: ='RESUMEN TOTAL'!F24 -> Fibra Optica | F21: ='RESUMEN TOTAL'!L24 -> 0 | G21: ='RESUMEN TOTAL'!M24 -> 0 | H21: ='RESUMEN TOTAL'!N24 -> 0 | I21: ='RESUMEN TOTAL'!O24 -> 0 | J21: ='RESUMEN TOTAL'!P24 -> 0 | K21: ='RESUMEN TOTAL'!Q24 -> 0 | L21: ='RESUMEN TOTAL'!R24 -> 0 | M21: ='RESUMEN TOTAL'!S24 -> 0 | ... AI21: ='RESUMEN TOTAL'!AO24 -> 0 | AJ21: ='RESUMEN TOTAL'!#REF! -> #REF!
A22: ='RESUMEN TOTAL'!A25 -> CENTRO | B22: ='RESUMEN TOTAL'!B25 -> CEN02 | C22: ='RESUMEN TOTAL'!D25 -> San Martin y Almafuerte | D22: ='RESUMEN TOTAL'!E25 -> Fija | E22: ='RESUMEN TOTAL'!F25 -> Fibra Optica | F22: ='RESUMEN TOTAL'!L25 -> 0 | G22: ='RESUMEN TOTAL'!M25 -> 0 | H22: ='RESUMEN TOTAL'!N25 -> 0 | I22: ='RESUMEN TOTAL'!O25 -> 0 | J22: ='RESUMEN TOTAL'!P25 -> 0 | K22: ='RESUMEN TOTAL'!Q25 -> 0 | L22: ='RESUMEN TOTAL'!R25 -> 0 | M22: ='RESUMEN TOTAL'!S25 -> 0 | ... AI22: ='RESUMEN TOTAL'!AO25 -> 0 | AJ22: ='RESUMEN TOTAL'!#REF! -> #REF!
A23: ='RESUMEN TOTAL'!A26 -> CENTRO | B23: ='RESUMEN TOTAL'!B26 -> CEN03 | C23: ='RESUMEN TOTAL'!D26 -> San Martin y Sallares | D23: ='RESUMEN TOTAL'!E26 -> Domo | E23: ='RESUMEN TOTAL'!F26 -> Fibra Optica | F23: ='RESUMEN TOTAL'!L26 -> 0 | G23: ='RESUMEN TOTAL'!M26 -> 0 | H23: ='RESUMEN TOTAL'!N26 -> 0 | I23: ='RESUMEN TOTAL'!O26 -> 0 | J23: ='RESUMEN TOTAL'!P26 -> 0 | K23: ='RESUMEN TOTAL'!Q26 -> 0 | L23: ='RESUMEN TOTAL'!R26 -> 0 | M23: ='RESUMEN TOTAL'!S26 -> 0 | ... AI23: ='RESUMEN TOTAL'!AO26 -> 0 | AJ23: ='RESUMEN TOTAL'!#REF! -> #REF!
A24: ='RESUMEN TOTAL'!A27 -> CENTRO | B24: ='RESUMEN TOTAL'!B27 -> CEN04 | C24: ='RESUMEN TOTAL'!D27 -> San Martin y Contreras | D24: ='RESUMEN TOTAL'!E27 -> Domo | E24: ='RESUMEN TOTAL'!F27 -> Fibra Optica | F24: ='RESUMEN TOTAL'!L27 -> 0 | G24: ='RESUMEN TOTAL'!M27 -> 0 | H24: ='RESUMEN TOTAL'!N27 -> 0 | I24: ='RESUMEN TOTAL'!O27 -> 0 | J24: ='RESUMEN TOTAL'!P27 -> 0 | K24: ='RESUMEN TOTAL'!Q27 -> 0 | L24: ='RESUMEN TOTAL'!R27 -> 0 | M24: ='RESUMEN TOTAL'!S27 -> 0 | ... AI24: ='RESUMEN TOTAL'!AO27 -> 0 | AJ24: ='RESUMEN TOTAL'!#REF! -> #REF!
A25: ='RESUMEN TOTAL'!A28 -> CENTRO | B25: ='RESUMEN TOTAL'!B28 -> CEN 05 | C25: ='RESUMEN TOTAL'!D28 -> Bocuzzi e/España y San Martin | D25: ='RESUMEN TOTAL'!E28 -> DOMO | E25: ='RESUMEN TOTAL'!F28 -> Fibra Optica | F25: ='RESUMEN TOTAL'!L28 -> 0 | G25: ='RESUMEN TOTAL'!M28 -> 0 | H25: ='RESUMEN TOTAL'!N28 -> 0 | I25: ='RESUMEN TOTAL'!O28 -> 0 | J25: ='RESUMEN TOTAL'!P28 -> 0 | K25: ='RESUMEN TOTAL'!Q28 -> 0 | L25: ='RESUMEN TOTAL'!R28 -> 0 | M25: ='RESUMEN TOTAL'!S28 -> 0 | ... AI25: ='RESUMEN TOTAL'!AO28 -> 0 | AJ25: ='RESUMEN TOTAL'!#REF! -> #REF!
A26: ='RESUMEN TOTAL'!A29 -> CENTRO | B26: ='RESUMEN TOTAL'!B29 -> CEN06 | C26: ='RESUMEN TOTAL'!D29 -> Monteagudo y A.del Valle | D26: ='RESUMEN TOTAL'!E29 -> Fija | E26: ='RESUMEN TOTAL'!F29 -> Fibra Optica | F26: ='RESUMEN TOTAL'!L29 -> 0 | G26: ='RESUMEN TOTAL'!M29 -> 0 | H26: ='RESUMEN TOTAL'!N29 -> 0 | I26: ='RESUMEN TOTAL'!O29 -> 0 | J26: ='RESUMEN TOTAL'!P29 -> 0 | K26: ='RESUMEN TOTAL'!Q29 -> 0 | L26: ='RESUMEN TOTAL'!R29 -> 0 | M26: ='RESUMEN TOTAL'!S29 -> 0 | ... AI26: ='RESUMEN TOTAL'!AO29 -> 0 | AJ26: ='RESUMEN TOTAL'!#REF! -> #REF!
... A453: ='RESUMEN TOTAL'!A456 -> 0 | B453: ='RESUMEN TOTAL'!B456 -> 0 | C453: ='RESUMEN TOTAL'!D456 -> 0 | D453: ='RESUMEN TOTAL'!E456 -> 0 | E453: ='RESUMEN TOTAL'!F456 -> 0 | F453: ='RESUMEN TOTAL'!L456 -> 0 | G453: ='RESUMEN TOTAL'!M456 -> 0 | H453: ='RESUMEN TOTAL'!N456 -> 0 | I453: ='RESUMEN TOTAL'!O456 -> 0 | J453: ='RESUMEN TOTAL'!P456 -> 0 | K453: ='RESUMEN TOTAL'!Q456 -> 0 | L453: ='RESUMEN TOTAL'!R456 -> 0 | M453: ='RESUMEN TOTAL'!S456 -> 0 | ... AI453: ='RESUMEN TOTAL'!AO456 -> 0 | AJ453: ='RESUMEN TOTAL'!#REF! -> #REF!
A454: ='RESUMEN TOTAL'!A457 -> 0 | B454: ='RESUMEN TOTAL'!B457 -> 0 | C454: ='RESUMEN TOTAL'!C457 -> 0 | D454: ='RESUMEN TOTAL'!E457 -> 0 | E454: ='RESUMEN TOTAL'!F457 -> 0 | F454: ='RESUMEN TOTAL'!L457 -> 0 | G454: ='RESUMEN TOTAL'!M457 -> 0 | H454: ='RESUMEN TOTAL'!N457 -> 0 | I454: ='RESUMEN TOTAL'!O457 -> 0 | J454: ='RESUMEN TOTAL'!P457 -> 0 | K454: ='RESUMEN TOTAL'!Q457 -> 0 | L454: ='RESUMEN TOTAL'!R457 -> 0 | M454: ='RESUMEN TOTAL'!S457 -> 0 | ... AI454: ='RESUMEN TOTAL'!AO457 -> 0 | AJ454: ='RESUMEN TOTAL'!#REF! -> #REF!
A455: ='RESUMEN TOTAL'!A458 -> 0 | B455: ='RESUMEN TOTAL'!B458 -> 0 | C455: ='RESUMEN TOTAL'!D458 -> 0 | D455: ='RESUMEN TOTAL'!E458 -> 0 | E455: ='RESUMEN TOTAL'!F458 -> 0 | F455: ='RESUMEN TOTAL'!L458 -> 0 | G455: ='RESUMEN TOTAL'!M458 -> 0 | H455: ='RESUMEN TOTAL'!N458 -> 0 | I455: ='RESUMEN TOTAL'!O458 -> 0 | J455: ='RESUMEN TOTAL'!P458 -> 0 | K455: ='RESUMEN TOTAL'!Q458 -> 0 | L455: ='RESUMEN TOTAL'!R458 -> 0 | M455: ='RESUMEN TOTAL'!S458 -> 0 | ... AI455: ='RESUMEN TOTAL'!AO458 -> 0 | AJ455: ='RESUMEN TOTAL'!#REF! -> #REF!
A456: ='RESUMEN TOTAL'!A459 -> 0 | B456: ='RESUMEN TOTAL'!B459 -> 0 | C456: ='RESUMEN TOTAL'!D459 -> 0 | D456: ='RESUMEN TOTAL'!E459 -> 0 | E456: ='RESUMEN TOTAL'!F459 -> 0 | F456: ='RESUMEN TOTAL'!L459 -> 0 | G456: ='RESUMEN TOTAL'!M459 -> 0 | H456: ='RESUMEN TOTAL'!N459 -> 0 | I456: ='RESUMEN TOTAL'!O459 -> 0 | J456: ='RESUMEN TOTAL'!P459 -> 0 | K456: ='RESUMEN TOTAL'!Q459 -> 0 | L456: ='RESUMEN TOTAL'!R459 -> 0 | M456: ='RESUMEN TOTAL'!S459 -> 0 | ... AI456: ='RESUMEN TOTAL'!AO459 -> 0 | AJ456: ='RESUMEN TOTAL'!#REF! -> #REF!
A457: ='RESUMEN TOTAL'!A460 -> 0 | B457: ='RESUMEN TOTAL'!B460 -> 0 | C457: ='RESUMEN TOTAL'!D460 -> 0 | D457: ='RESUMEN TOTAL'!E460 -> 0 | E457: ='RESUMEN TOTAL'!F460 -> 0 | F457: ='RESUMEN TOTAL'!L460 -> 0 | G457: ='RESUMEN TOTAL'!M460 -> 0 | H457: ='RESUMEN TOTAL'!N460 -> 0 | I457: ='RESUMEN TOTAL'!O460 -> 0 | J457: ='RESUMEN TOTAL'!P460 -> 0 | K457: ='RESUMEN TOTAL'!Q460 -> 0 | L457: ='RESUMEN TOTAL'!R460 -> 0 | M457: ='RESUMEN TOTAL'!S460 -> 0 | ... AI457: ='RESUMEN TOTAL'!AO460 -> 0 | AJ457: ='RESUMEN TOTAL'!#REF! -> #REF!
A458: ='RESUMEN TOTAL'!A461 -> 0 | B458: ='RESUMEN TOTAL'!B461 -> 0 | C458: ='RESUMEN TOTAL'!D461 -> 0 | D458: ='RESUMEN TOTAL'!E461 -> 0 | E458: ='RESUMEN TOTAL'!F461 -> 0 | F458: ='RESUMEN TOTAL'!L461 -> 0 | G458: ='RESUMEN TOTAL'!M461 -> 0 | H458: ='RESUMEN TOTAL'!N461 -> 0 | I458: ='RESUMEN TOTAL'!O461 -> 0 | J458: ='RESUMEN TOTAL'!P461 -> 0 | K458: ='RESUMEN TOTAL'!Q461 -> 0 | L458: ='RESUMEN TOTAL'!R461 -> 0 | M458: ='RESUMEN TOTAL'!S461 -> 0 | ... AI458: ='RESUMEN TOTAL'!AO461 -> 0 | AJ458: ='RESUMEN TOTAL'!#REF! -> #REF!
A459: ='RESUMEN TOTAL'!A462 -> 0 | B459: ='RESUMEN TOTAL'!B462 -> 0 | C459: ='RESUMEN TOTAL'!D462 -> 0 | D459: ='RESUMEN TOTAL'!E462 -> 0 | E459: ='RESUMEN TOTAL'!F462 -> 0 | F459: ='RESUMEN TOTAL'!L462 -> 0 | G459: ='RESUMEN TOTAL'!M462 -> 0 | H459: ='RESUMEN TOTAL'!N462 -> 0 | I459: ='RESUMEN TOTAL'!O462 -> 0 | J459: ='RESUMEN TOTAL'!P462 -> 0 | K459: ='RESUMEN TOTAL'!Q462 -> 0 | L459: ='RESUMEN TOTAL'!R462 -> 0 | M459: ='RESUMEN TOTAL'!S462 -> 0 | ... AI459: ='RESUMEN TOTAL'!AO462 -> 0 | AJ459: ='RESUMEN TOTAL'!#REF! -> #REF!
A460: ='RESUMEN TOTAL'!A463 -> 0 | B460: ='RESUMEN TOTAL'!B463 -> 0 | C460: ='RESUMEN TOTAL'!D463 -> 0 | D460: ='RESUMEN TOTAL'!E463 -> 0 | E460: ='RESUMEN TOTAL'!F463 -> 0 | F460: ='RESUMEN TOTAL'!L463 -> 0 | G460: ='RESUMEN TOTAL'!M463 -> 0 | H460: ='RESUMEN TOTAL'!N463 -> 0 | I460: ='RESUMEN TOTAL'!O463 -> 0 | J460: ='RESUMEN TOTAL'!P463 -> 0 | K460: ='RESUMEN TOTAL'!Q463 -> 0 | L460: ='RESUMEN TOTAL'!R463 -> 0 | M460: ='RESUMEN TOTAL'!S463 -> 0 | ... AI460: ='RESUMEN TOTAL'!AO463 -> 0 | AJ460: ='RESUMEN TOTAL'!#REF! -> #REF!
A461: ='RESUMEN TOTAL'!A464 -> 0 | B461: ='RESUMEN TOTAL'!B464 -> 0 | C461: ='RESUMEN TOTAL'!D464 -> 0 | D461: ='RESUMEN TOTAL'!E464 -> 0 | E461: ='RESUMEN TOTAL'!F464 -> 0 | F461: ='RESUMEN TOTAL'!L464 -> 0 | G461: ='RESUMEN TOTAL'!M464 -> 0 | H461: ='RESUMEN TOTAL'!N464 -> 0 | I461: ='RESUMEN TOTAL'!O464 -> 0 | J461: ='RESUMEN TOTAL'!P464 -> 0 | K461: ='RESUMEN TOTAL'!Q464 -> 0 | L461: ='RESUMEN TOTAL'!R464 -> 0 | M461: ='RESUMEN TOTAL'!S464 -> 0 | ... AI461: ='RESUMEN TOTAL'!AO464 -> 0 | AJ461: ='RESUMEN TOTAL'!#REF! -> #REF!
A462: ='RESUMEN TOTAL'!A465 -> 0 | B462: ='RESUMEN TOTAL'!B465 -> 0 | C462: ='RESUMEN TOTAL'!D465 -> 0 | D462: ='RESUMEN TOTAL'!E465 -> 0 | E462: ='RESUMEN TOTAL'!F465 -> 0 | F462: ='RESUMEN TOTAL'!L465 -> 0 | G462: ='RESUMEN TOTAL'!M465 -> 0 | H462: ='RESUMEN TOTAL'!N465 -> 0 | I462: ='RESUMEN TOTAL'!O465 -> 0 | J462: ='RESUMEN TOTAL'!P465 -> 0 | K462: ='RESUMEN TOTAL'!Q465 -> 0 | L462: ='RESUMEN TOTAL'!R465 -> 0 | M462: ='RESUMEN TOTAL'!S465 -> 0 | ... AI462: ='RESUMEN TOTAL'!AO465 -> 0 | AJ462: ='RESUMEN TOTAL'!#REF! -> #REF!
A463: ='RESUMEN TOTAL'!A466 -> 0 | B463: ='RESUMEN TOTAL'!B466 -> 0 | C463: ='RESUMEN TOTAL'!D466 -> 0 | D463: ='RESUMEN TOTAL'!E466 -> 0 | E463: ='RESUMEN TOTAL'!F466 -> 0 | F463: ='RESUMEN TOTAL'!L466 -> 0 | G463: ='RESUMEN TOTAL'!M466 -> 0 | H463: ='RESUMEN TOTAL'!N466 -> 0 | I463: ='RESUMEN TOTAL'!O466 -> 0 | J463: ='RESUMEN TOTAL'!P466 -> 0 | K463: ='RESUMEN TOTAL'!Q466 -> 0 | L463: ='RESUMEN TOTAL'!R466 -> 0 | M463: ='RESUMEN TOTAL'!S466 -> 0 | ... AI463: ='RESUMEN TOTAL'!AO466 -> 0 | AJ463: ='RESUMEN TOTAL'!#REF! -> #REF!
A464: ='RESUMEN TOTAL'!A467 -> 0 | B464: ='RESUMEN TOTAL'!B467 -> 0 | C464: ='RESUMEN TOTAL'!D467 -> 0 | D464: ='RESUMEN TOTAL'!E467 -> 0 | E464: ='RESUMEN TOTAL'!F467 -> 0 | F464: ='RESUMEN TOTAL'!L467 -> 0 | G464: ='RESUMEN TOTAL'!M467 -> 0 | H464: ='RESUMEN TOTAL'!N467 -> 0 | I464: ='RESUMEN TOTAL'!O467 -> 0 | J464: ='RESUMEN TOTAL'!P467 -> 0 | K464: ='RESUMEN TOTAL'!Q467 -> 0 | L464: ='RESUMEN TOTAL'!R467 -> 0 | M464: ='RESUMEN TOTAL'!S467 -> 0 | ... AI464: ='RESUMEN TOTAL'!AO467 -> 0 | AJ464: ='RESUMEN TOTAL'!#REF! -> #REF!
A465: ='RESUMEN TOTAL'!A468 -> 0 | B465: ='RESUMEN TOTAL'!B468 -> 0 | C465: ='RESUMEN TOTAL'!D468 -> 0 | D465: ='RESUMEN TOTAL'!E468 -> 0 | E465: ='RESUMEN TOTAL'!F468 -> 0 | F465: ='RESUMEN TOTAL'!L468 -> 0 | G465: ='RESUMEN TOTAL'!M468 -> 0 | H465: ='RESUMEN TOTAL'!N468 -> 0 | I465: ='RESUMEN TOTAL'!O468 -> 0 | J465: ='RESUMEN TOTAL'!P468 -> 0 | K465: ='RESUMEN TOTAL'!Q468 -> 0 | L465: ='RESUMEN TOTAL'!R468 -> 0 | M465: ='RESUMEN TOTAL'!S468 -> 0 | ... AI465: ='RESUMEN TOTAL'!AO468 -> 0 | AJ465: ='RESUMEN TOTAL'!#REF! -> #REF!
A466: ='RESUMEN TOTAL'!A469 -> 0 | B466: ='RESUMEN TOTAL'!B469 -> 0 | C466: ='RESUMEN TOTAL'!D469 -> 0 | D466: ='RESUMEN TOTAL'!E469 -> 0 | E466: ='RESUMEN TOTAL'!F469 -> 0 | F466: ='RESUMEN TOTAL'!L469 -> 0 | G466: ='RESUMEN TOTAL'!M469 -> 0 | H466: ='RESUMEN TOTAL'!N469 -> 0 | I466: ='RESUMEN TOTAL'!O469 -> 0 | J466: ='RESUMEN TOTAL'!P469 -> 0 | K466: ='RESUMEN TOTAL'!Q469 -> 0 | L466: ='RESUMEN TOTAL'!R469 -> 0 | M466: ='RESUMEN TOTAL'!S469 -> 0 | ... AI466: ='RESUMEN TOTAL'!AO469 -> 0 | AJ466: ='RESUMEN TOTAL'!#REF! -> #REF!
... A602: ='RESUMEN TOTAL'!A605 -> 0 | B602: ='RESUMEN TOTAL'!B605 -> 0 | C602: ='RESUMEN TOTAL'!D605 -> 0 | D602: ='RESUMEN TOTAL'!E605 -> 0 | E602: ='RESUMEN TOTAL'!F605 -> 0 | F602: ='RESUMEN TOTAL'!L605 -> 0 | G602: ='RESUMEN TOTAL'!M605 -> 0 | H602: ='RESUMEN TOTAL'!N605 -> 0 | I602: ='RESUMEN TOTAL'!O605 -> 0 | J602: ='RESUMEN TOTAL'!P605 -> 0 | K602: ='RESUMEN TOTAL'!Q605 -> 0 | L602: ='RESUMEN TOTAL'!R605 -> 0 | M602: ='RESUMEN TOTAL'!S605 -> 0 | ... AI602: ='RESUMEN TOTAL'!AO605 -> 0 | AJ602: ='RESUMEN TOTAL'!#REF! -> #REF!
A603: =ESTADISTICA!A604 -> 0 | B603: =ESTADISTICA!B604 -> 0 | C603: =ESTADISTICA!C604 -> 0 | D603: =ESTADISTICA!D604 -> 0 | E603: =ESTADISTICA!E604 -> 0 | F603: =ESTADISTICA!F604 -> 0 | G603: =ESTADISTICA!G604 -> 0 | H603: =ESTADISTICA!H604 -> 0 | ... AI603: =ESTADISTICA!AI604 -> 0
A604: =ESTADISTICA!A605 -> 0 | B604: =ESTADISTICA!B605 -> 0 | C604: =ESTADISTICA!C605 -> 0 | D604: =ESTADISTICA!D605 -> 0 | E604: =ESTADISTICA!E605 -> 0 | F604: =ESTADISTICA!F605 -> 0 | G604: =ESTADISTICA!G605 -> 0 | H604: =ESTADISTICA!H605 -> 0 | ... AI604: =ESTADISTICA!AI605 -> 0
A605: =ESTADISTICA!A606 -> 0 | B605: =ESTADISTICA!B606 -> 0 | C605: =ESTADISTICA!C606 -> 0 | D605: =ESTADISTICA!D606 -> 0 | E605: =ESTADISTICA!E606 -> 0 | F605: =ESTADISTICA!F606 -> 0 | G605: =ESTADISTICA!G606 -> 0 | H605: =ESTADISTICA!H606 -> 0 | ... AI605: =ESTADISTICA!AI606 -> 0
A606: =ESTADISTICA!A607 -> 0 | B606: =ESTADISTICA!B607 -> 0 | C606: =ESTADISTICA!C607 -> 0 | D606: =ESTADISTICA!D607 -> 0 | E606: =ESTADISTICA!E607 -> 0 | F606: =ESTADISTICA!F607 -> 0 | G606: =ESTADISTICA!G607 -> 0 | H606: =ESTADISTICA!H607 -> 0 | ... AI606: =ESTADISTICA!AI607 -> 0
A607: =ESTADISTICA!A608 -> 0 | B607: =ESTADISTICA!B608 -> 0 | C607: =ESTADISTICA!C608 -> 0 | D607: =ESTADISTICA!D608 -> 0 | E607: =ESTADISTICA!E608 -> 0 | F607: =ESTADISTICA!F608 -> 0 | G607: =ESTADISTICA!G608 -> 0 | H607: =ESTADISTICA!H608 -> 0 | ... AI607: =ESTADISTICA!AI608 -> 0
A608: =ESTADISTICA!A609 -> 0 | B608: =ESTADISTICA!B609 -> 0 | C608: =ESTADISTICA!C609 -> 0 | D608: =ESTADISTICA!D609 -> 0 | E608: =ESTADISTICA!E609 -> 0 | F608: =ESTADISTICA!F609 -> 0 | G608: =ESTADISTICA!G609 -> 0 | H608: =ESTADISTICA!H609 -> 0 | ... AI608: =ESTADISTICA!AI609 -> 0
A609: =ESTADISTICA!A610 -> 0 | B609: =ESTADISTICA!B610 -> 0 | C609: =ESTADISTICA!C610 -> 0 | D609: =ESTADISTICA!D610 -> 0 | E609: =ESTADISTICA!E610 -> 0 | F609: =ESTADISTICA!F610 -> 0 | G609: =ESTADISTICA!G610 -> 0 | H609: =ESTADISTICA!H610 -> 0 | ... AI609: =ESTADISTICA!AI610 -> 0
A610: =ESTADISTICA!A611 -> 0 | B610: =ESTADISTICA!B611 -> 0 | C610: =ESTADISTICA!C611 -> 0 | D610: =ESTADISTICA!D611 -> 0 | E610: =ESTADISTICA!E611 -> 0 | F610: =ESTADISTICA!F611 -> 0 | G610: =ESTADISTICA!G611 -> 0 | H610: =ESTADISTICA!H611 -> 0 | ... AI610: =ESTADISTICA!AI611 -> 0
A611: =ESTADISTICA!A612 -> 0 | B611: =ESTADISTICA!B612 -> 0 | C611: =ESTADISTICA!C612 -> 0 | D611: =ESTADISTICA!D612 -> 0 | E611: =ESTADISTICA!E612 -> 0 | F611: =ESTADISTICA!F612 -> 0 | G611: =ESTADISTICA!G612 -> 0 | H611: =ESTADISTICA!H612 -> 0 | ... AI611: =ESTADISTICA!AI612 -> 0
A612: =ESTADISTICA!A613 -> 0 | B612: =ESTADISTICA!B613 -> 0 | C612: =ESTADISTICA!C613 -> 0 | D612: =ESTADISTICA!D613 -> 0 | E612: =ESTADISTICA!E613 -> 0 | F612: =ESTADISTICA!F613 -> 0 | G612: =ESTADISTICA!G613 -> 0 | H612: =ESTADISTICA!H613 -> 0 | ... AI612: =ESTADISTICA!AI613 -> 0
A613: =ESTADISTICA!A614 -> 0 | B613: =ESTADISTICA!B614 -> 0 | C613: =ESTADISTICA!C614 -> 0 | D613: =ESTADISTICA!D614 -> 0 | E613: =ESTADISTICA!E614 -> 0 | F613: =ESTADISTICA!F614 -> 0 | G613: =ESTADISTICA!G614 -> 0 | H613: =ESTADISTICA!H614 -> 0 | ... AI613: =ESTADISTICA!AI614 -> 0
A614: =ESTADISTICA!A615 -> 0 | B614: =ESTADISTICA!B615 -> 0 | C614: =ESTADISTICA!C615 -> 0 | D614: =ESTADISTICA!D615 -> 0 | E614: =ESTADISTICA!E615 -> 0 | F614: =ESTADISTICA!F615 -> 0 | G614: =ESTADISTICA!G615 -> 0 | H614: =ESTADISTICA!H615 -> 0 | ... AI614: =ESTADISTICA!AI615 -> 0
... A686: =ESTADISTICA!A687 -> 0 | B686: =ESTADISTICA!B687 -> 0 | C686: =ESTADISTICA!C687 -> 0 | D686: =ESTADISTICA!D687 -> 0 | E686: =ESTADISTICA!E687 -> 0 | F686: =ESTADISTICA!F687 -> 0 | G686: =ESTADISTICA!G687 -> 0 | H686: =ESTADISTICA!H687 -> 0 | ... AI686: =ESTADISTICA!AI687 -> 0

Sheet BARRAS

Sheet PORCENTAJE

Sheet informe
C1: CANTIDAD | E1: %
B2: TOTAL | C2: 444 | F2: 45078
B3: CAIDAS | C3: 57 | D3: =C3 -> 57 | E3: =D3/C2 -> 0.12837838
B4: LLEGAMOS NOSOTROS | C4: 12 | D4: =D3-C4 -> 45 | E4: =D4/C2 -> 0.10135135
B5: NO ESTA LA CAMARA | C5: 1 | D5: =D4-C5 -> 44 | E5: =D5/C2 -> 0.099099099
B6: RADIO | C6: 11 | D6: =D5-C6 -> 33 | E6: =D6/C2 -> 0.074324324
B7: BONOMO | C7: =Hoja1!F3 -> 29 | E7: =Hoja1!F4 -> 0.12133891
B8: COSEIDI | C8: =Hoja1!F5 -> 28 | E8: =Hoja1!F6 -> 0.13461538
B9: TOTAL | C9: =AUXILIAR!F3 -> 447 | F9: 45079
B10: CAIDAS | C10: =AUXILIAR!E3 -> 44 | D10: =C10 -> 44 | E10: =D10/C9 -> 0.098434004
B11: LLEGAMOS NOSOTROS | C11: 9 | D11: =D10-C11 -> 35 | E11: =D11/C9 -> 0.078299776
B12: NO ESTA LA CAMARA | C12: 1 | D12: =D11-C12 -> 34 | E12: =D12/C9 -> 0.07606264
B13: RADIO | C13: =AUXILIAR!B3 -> 17 | D13: =D12-C13 -> 17 | E13: =D13/C9 -> 0.03803132
B14: BONOMO | C14: =Hoja1!G3 -> 23 | E14: =Hoja1!G4 -> 0.09623431
B15: COSEIDI | C15: =Hoja1!G5 -> 21 | E15: =Hoja1!G6 -> 0.10096154
B16: TOTAL | C16: =AUXILIAR!F4 -> 447 | F16: 45080
B17: CAIDAS | C17: =AUXILIAR!E4 -> 55 | D17: =C17 -> 55 | E17: =D17/C16 -> 0.12304251
B18: LLEGAMOS NOSOTROS | C18: 7 | D18: =D17-C18 -> 48 | E18: =D18/C16 -> 0.10738255
B19: NO ESTA LA CAMARA | C19: 1 | D19: =D18-C19 -> 47 | E19: =D19/C16 -> 0.10514541
B20: RADIO | C20: =AUXILIAR!B4 -> 20 | D20: =D19-C20 -> 27 | E20: =D20/C16 -> 0.060402685
B21: BONOMO | C21: =Hoja1!H3 -> 30 | E21: =Hoja1!H4 -> 0.12552301
B22: COSEIDI | C22: =Hoja1!H5 -> 25 | E22: =Hoja1!H6 -> 0.12019231
B23: TOTAL | C23: =AUXILIAR!F5 -> 447 | F23: 45081
B24: CAIDAS | C24: =AUXILIAR!E5 -> 46 | D24: =C24 -> 46 | E24: =D24/C23 -> 0.10290828
B25: LLEGAMOS NOSOTROS | C25: 7 | D25: =D24-C25 -> 39 | E25: =D25/C23 -> 0.087248322
B26: NO ESTA LA CAMARA | C26: 1 | D26: =D25-C26 -> 38 | E26: =D26/C23 -> 0.085011186
B27: RADIO | C27: =AUXILIAR!B5 -> 17 | D27: =D26-C27 -> 21 | E27: =D27/C23 -> 0.046979866
B28: BONOMO | C28: =Hoja1!I3 -> 23 | E28: =Hoja1!I4 -> 0.09623431
B29: COSEIDI | C29: =Hoja1!I5 -> 23 | E29: =Hoja1!I6 -> 0.11057692
B30: TOTAL | C30: =AUXILIAR!F6 -> 447 | F30: 45082
B31: CAIDAS | C31: =AUXILIAR!E6 -> 45 | D31: =C31 -> 45 | E31: =D31/C30 -> 0.10067114
B32: LLEGAMOS NOSOTROS | C32: 7 | D32: =D31-C32 -> 38 | E32: =D32/C30 -> 0.085011186
B33: NO ESTA LA CAMARA | C33: 1 | D33: =D32-C33 -> 37 | E33: =D33/C30 -> 0.082774049
B34: RADIO | C34: =AUXILIAR!B6 -> 16 | D34: =D33-C34 -> 21 | E34: =D34/C30 -> 0.046979866
B35: BONOMO | C35: =Hoja1!J3 -> 22 | E35: =Hoja1!J4 -> 0.092050209
B36: COSEIDI | C36: =Hoja1!J5 -> 23 | E36: =Hoja1!J6 -> 0.11057692
B37: TOTAL | C37: =AUXILIAR!F7 -> 447 | F37: 45083
B38: CAIDAS | C38: =AUXILIAR!E7 -> 42 | D38: =C38 -> 42 | E38: =D38/C37 -> 0.093959732
B39: LLEGAMOS NOSOTROS | C39: 7 | D39: =D38-C39 -> 35 | E39: =D39/C37 -> 0.078299776
B40: NO ESTA LA CAMARA | C40: 1 | D40: =D39-C40 -> 34 | E40: =D40/C37 -> 0.07606264
B41: RADIO | C41: =AUXILIAR!B7 -> 16 | D41: =D40-C41 -> 18 | E41: =D41/C37 -> 0.040268456
B42: BONOMO | C42: =Hoja1!K3 -> 22 | E42: =Hoja1!K4 -> 0.092050209
B43: COSEIDI | C43: =Hoja1!K5 -> 20 | E43: =Hoja1!K6 -> 0.096153846
B44: TOTAL | C44: =AUXILIAR!F8 -> 447 | F44: 45084
B45: CAIDAS | C45: =AUXILIAR!E8 -> 36 | D45: =C45 -> 36 | E45: =D45/C44 -> 0.080536913
B46: LLEGAMOS NOSOTROS | C46: 13 | D46: =D45-C46 -> 23 | E46: =D46/C44 -> 0.051454139
B47: NO ESTA LA CAMARA | C47: 1 | D47: =D46-C47 -> 22 | E47: =D47/C44 -> 0.049217002
B48: RADIO | C48: =AUXILIAR!B8 -> 9 | D48: =D47-C48 -> 13 | E48: =D48/C44 -> 0.029082774
B49: BONOMO | C49: =Hoja1!L3 -> 18 | E49: =Hoja1!L4 -> 0.075313808
B50: COSEIDI | C50: =Hoja1!L5 -> 18 | E50: =Hoja1!L6 -> 0.086538462
B51: TOTAL | C51: =AUXILIAR!F9 -> 447 | F51: 45085
B52: CAIDAS | C52: =AUXILIAR!E9 -> 46 | D52: =C52 -> 46 | E52: =D52/C51 -> 0.10290828
B53: LLEGAMOS NOSOTROS | C53: 7 | D53: =D52-C53 -> 39 | E53: =D53/C51 -> 0.087248322
B54: NO ESTA LA CAMARA | C54: 1 | D54: =D53-C54 -> 38 | E54: =D54/C51 -> 0.085011186
B55: RADIO | C55: =AUXILIAR!B9 -> 7 | D55: =D54-C55 -> 31 | E55: =D55/C51 -> 0.06935123
B56: BONOMO | C56: =Hoja1!M3 -> 12 | E56: =Hoja1!M4 -> 0.050209205
B57: COSEIDI | C57: =Hoja1!M5 -> 34 | E57: =Hoja1!M6 -> 0.16346154
B58: TOTAL | C58: =AUXILIAR!F10 -> 447 | F58: 45086
B59: CAIDAS | C59: =AUXILIAR!E10 -> 27 | D59: =C59 -> 27 | E59: =D59/C58 -> 0.060402685
B60: LLEGAMOS NOSOTROS | C60: 5 | D60: =D59-C60 -> 22 | E60: =D60/C58 -> 0.049217002
B61: NO ESTA LA CAMARA | C61: 1 | D61: =D60-C61 -> 21 | E61: =D61/C58 -> 0.046979866
B62: RADIO | C62: =AUXILIAR!B10 -> 7 | D62: =D61-C62 -> 14 | E62: =D62/C58 -> 0.031319911
B63: BONOMO | C63: =Hoja1!N3 -> 13 | E63: =Hoja1!N4 -> 0.054393305
B64: COSEIDI | C64: =Hoja1!N5 -> 14 | E64: =Hoja1!N6 -> 0.067307692
B65: TOTAL | C65: =AUXILIAR!F11 -> 447 | F65: 45087
B66: CAIDAS | C66: =AUXILIAR!E11 -> 28 | D66: =C66 -> 28 | E66: =D66/C65 -> 0.062639821
B67: LLEGAMOS NOSOTROS | C67: 5 | D67: =D66-C67 -> 23 | E67: =D67/C65 -> 0.051454139
B68: NO ESTA LA CAMARA | C68: 1 | D68: =D67-C68 -> 22 | E68: =D68/C65 -> 0.049217002
B69: RADIO | C69: =AUXILIAR!B11 -> 9 | D69: =D68-C69 -> 13 | E69: =D69/C65 -> 0.029082774
B70: BONOMO | C70: =Hoja1!O3 -> 13 | E70: =Hoja1!O4 -> 0.054393305
B71: COSEIDI | C71: =Hoja1!O5 -> 15 | E71: =Hoja1!O6 -> 0.072115385
B72: TOTAL | C72: =AUXILIAR!F12 -> 447 | F72: 45088
B73: CAIDAS | C73: =AUXILIAR!E12 -> 0 | D73: =C73 -> 0 | E73: =D73/C72 -> 0
B74: LLEGAMOS NOSOTROS | C74: 5 | D74: =D73-C74 -> -5 | E74: =D74/C72 -> -0.011185682
B75: NO ESTA LA CAMARA | C75: 1 | D75: =D74-C75 -> -6 | E75: =D75/C72 -> -0.013422819
B76: RADIO | C76: =AUXILIAR!B12 -> 0 | D76: =D75-C76 -> -6 | E76: =D76/C72 -> -0.013422819
B77: BONOMO | C77: =Hoja1!P3 -> 0 | E77: =Hoja1!P4 -> 0
B78: COSEIDI | C78: =Hoja1!P5 -> 0 | E78: =Hoja1!P6 -> 0
B79: TOTAL | C79: =AUXILIAR!F13 -> 447 | F79: 45089
B80: CAIDAS | C80: =AUXILIAR!E13 -> 84 | D80: =C80 -> 84 | E80: =D80/C79 -> 0.18791946
B81: LLEGAMOS NOSOTROS | C81: 34 | D81: =D80-C81 -> 50 | E81: =D81/C79 -> 0.11185682
B82: NO ESTA LA CAMARA | C82: 1 | D82: =D81-C82 -> 49 | E82: =D82/C79 -> 0.10961969
B83: RADIO | C83: =AUXILIAR!B13 -> 20 | D83: =D82-C83 -> 29 | E83: =D83/C79 -> 0.064876957
B84: BONOMO | C84: =Hoja1!Q3 -> 46 | E84: =Hoja1!Q4 -> 0.19246862
B85: COSEIDI | C85: =Hoja1!Q5 -> 41 | E85: =Hoja1!Q6 -> 0.19711538
B86: TOTAL | C86: =AUXILIAR!F14 -> 447 | F86: 45090
B87: CAIDAS | C87: =AUXILIAR!E14 -> 100 | D87: =C87 -> 100 | E87: =D87/C86 -> 0.22371365
B88: LLEGAMOS NOSOTROS | C88: 1 | D88: =D87-C88 -> 99 | E88: =D88/C86 -> 0.22147651
B89: NO ESTA LA CAMARA | C89: 1 | D89: =D88-C89 -> 98 | E89: =D89/C86 -> 0.21923937
B90: RADIO | C90: =AUXILIAR!B14 -> 24 | D90: =D89-C90 -> 74 | E90: =D90/C86 -> 0.1655481
B91: BONOMO | C91: =Hoja1!R3 -> 0 | E91: =Hoja1!R4 -> 0
B92: COSEIDI | C92: =Hoja1!R5 -> 41 | E92: =Hoja1!R6 -> 0.19711538
B93: TOTAL | C93: =AUXILIAR!F15 -> 447 | F93: 45091
B94: CAIDAS | C94: =AUXILIAR!E15 -> 63 | D94: =C94 -> 63 | E94: =D94/C93 -> 0.1409396
B95: LLEGAMOS NOSOTROS | C95: 3 | D95: =D94-C95 -> 60 | E95: =D95/C93 -> 0.13422819
B96: NO ESTA LA CAMARA | C96: 1 | D96: =D95-C96 -> 59 | E96: =D96/C93 -> 0.13199105
B97: RADIO | C97: =AUXILIAR!B15 -> 14 | D97: =D96-C97 -> 45 | E97: =D97/C93 -> 0.10067114
B98: BONOMO | C98: =Hoja1!S3 -> 30 | E98: =Hoja1!S4 -> 0.12552301
B99: COSEIDI | C99: =Hoja1!S5 -> 33 | E99: =Hoja1!S6 -> 0.15865385
B100: TOTAL | C100: =AUXILIAR!F16 -> 447 | F100: 45092
...

Sheet AUXILIAR
A1: FECHA | B1: RADIO | C1: FIBRA | D1: ANTENA | E1: TOTAL APAGADOS | F1: INSTALADAS | G1: % APAGADOS
A2: ='APAGADOS RADIO'!F3 -> 45078 | B2: ='APAGADOS RADIO'!F2+D2 -> 21 | C2: ='APAGADOS FIBRA'!F2 -> 35 | D2: ='APAGADOS ANTENA'!F2 -> 14 | E2: =B2+C2 -> 56 | F2: ='RESUMEN TOTAL'!B1 -> 447 | G2: =E2/F2 -> 0.12527964
A3: ='APAGADOS RADIO'!G3 -> 45079 | B3: ='APAGADOS RADIO'!G2+D3 -> 17 | C3: ='APAGADOS FIBRA'!G2 -> 27 | D3: ='APAGADOS ANTENA'!G2 -> 13 | E3: =B3+C3 -> 44 | F3: ='RESUMEN TOTAL'!B1 -> 447 | G3: =E3/F3 -> 0.098434004
A4: ='APAGADOS RADIO'!H3 -> 45080 | B4: ='APAGADOS RADIO'!H2+D4 -> 20 | C4: ='APAGADOS FIBRA'!H2 -> 35 | D4: ='APAGADOS ANTENA'!H2 -> 14 | E4: =B4+C4 -> 55 | F4: ='RESUMEN TOTAL'!B1 -> 447 | G4: =E4/F4 -> 0.12304251
A5: ='APAGADOS RADIO'!I3 -> 45081 | B5: ='APAGADOS RADIO'!I2+D5 -> 17 | C5: ='APAGADOS FIBRA'!I2 -> 29 | D5: ='APAGADOS ANTENA'!I2 -> 13 | E5: =B5+C5 -> 46 | F5: ='RESUMEN TOTAL'!B1 -> 447 | G5: =E5/F5 -> 0.10290828
A6: ='APAGADOS RADIO'!J3 -> 45082 | B6: ='APAGADOS RADIO'!J2+D6 -> 16 | C6: ='APAGADOS FIBRA'!J2 -> 29 | D6: ='APAGADOS ANTENA'!J2 -> 13 | E6: =B6+C6 -> 45 | F6: ='RESUMEN TOTAL'!B1 -> 447 | G6: =E6/F6 -> 0.10067114
A7: ='APAGADOS RADIO'!K3 -> 45083 | B7: ='APAGADOS RADIO'!K2+D7 -> 16 | C7: ='APAGADOS FIBRA'!K2 -> 26 | D7: ='APAGADOS ANTENA'!K2 -> 13 | E7: =B7+C7 -> 42 | F7: ='RESUMEN TOTAL'!B1 -> 447 | G7: =E7/F7 -> 0.093959732
A8: ='APAGADOS RADIO'!L3 -> 45084 | B8: ='APAGADOS RADIO'!L2+D8 -> 9 | C8: ='APAGADOS FIBRA'!L2 -> 27 | D8: ='APAGADOS ANTENA'!L2 -> 2 | E8: =B8+C8 -> 36 | F8: ='RESUMEN TOTAL'!B1 -> 447 | G8: =E8/F8 -> 0.080536913
A9: ='APAGADOS RADIO'!M3 -> 45085 | B9: ='APAGADOS RADIO'!M2+D9 -> 7 | C9: ='APAGADOS FIBRA'!M2 -> 39 | D9: ='APAGADOS ANTENA'!M2 -> 2 | E9: =B9+C9 -> 46 | F9: ='RESUMEN TOTAL'!B1 -> 447 | G9: =E9/F9 -> 0.10290828
A10: ='APAGADOS RADIO'!N3 -> 45086 | B10: ='APAGADOS RADIO'!N2+D10 -> 7 | C10: ='APAGADOS FIBRA'!N2 -> 20 | D10: ='APAGADOS ANTENA'!N2 -> 3 | E10: =B10+C10 -> 27 | F10: ='RESUMEN TOTAL'!B1 -> 447 | G10: =E10/F10 -> 0.060402685
A11: ='APAGADOS RADIO'!O3 -> 45087 | B11: ='APAGADOS RADIO'!O2+D11 -> 9 | C11: ='APAGADOS FIBRA'!O2 -> 19 | D11: ='APAGADOS ANTENA'!O2 -> 2 | E11: =B11+C11 -> 28 | F11: ='RESUMEN TOTAL'!B1 -> 447 | G11: =E11/F11 -> 0.062639821
A12: ='APAGADOS RADIO'!P3 -> 45088 | B12: ='APAGADOS RADIO'!P2+D12 -> 0 | C12: ='APAGADOS FIBRA'!P2 -> 0 | D12: ='APAGADOS ANTENA'!P2 -> 0 | E12: =B12+C12 -> 0 | F12: ='RESUMEN TOTAL'!B1 -> 447 | G12: =E12/F12 -> 0
A13: ='APAGADOS RADIO'!Q3 -> 45089 | B13: ='APAGADOS RADIO'!Q2+D13 -> 20 | C13: ='APAGADOS FIBRA'!Q2 -> 64 | D13: ='APAGADOS ANTENA'!Q2 -> 7 | E13: =B13+C13 -> 84 | F13: ='RESUMEN TOTAL'!B1 -> 447 | G13: =E13/F13 -> 0.18791946
A14: ='APAGADOS RADIO'!R3 -> 45090 | B14: ='APAGADOS RADIO'!R2+D14 -> 24 | C14: ='APAGADOS FIBRA'!R2 -> 76 | D14: ='APAGADOS ANTENA'!R2 -> 10 | E14: =B14+C14 -> 100 | F14: ='RESUMEN TOTAL'!B1 -> 447 | G14: =E14/F14 -> 0.22371365
A15: ='APAGADOS RADIO'!S3 -> 45091 | B15: ='APAGADOS RADIO'!S2+D15 -> 14 | C15: ='APAGADOS FIBRA'!S2 -> 49 | D15: ='APAGADOS ANTENA'!S2 -> 5 | E15: =B15+C15 -> 63 | F15: ='RESUMEN TOTAL'!B1 -> 447 | G15: =E15/F15 -> 0.1409396
A16: ='APAGADOS RADIO'!T3 -> 45092 | B16: ='APAGADOS RADIO'!T2+D16 -> 7 | C16: ='APAGADOS FIBRA'!T2 -> 21 | D16: ='APAGADOS ANTENA'!T2 -> 1 | E16: =B16+C16 -> 28 | F16: ='RESUMEN TOTAL'!B1 -> 447 | G16: =E16/F16 -> 0.062639821
A17: ='APAGADOS RADIO'!U3 -> 45093 | B17: ='APAGADOS RADIO'!U2+D17 -> 12 | C17: ='APAGADOS FIBRA'!U2 -> 31 | D17: ='APAGADOS ANTENA'!U2 -> 4 | E17: =B17+C17 -> 43 | F17: ='RESUMEN TOTAL'!B1 -> 447 | G17: =E17/F17 -> 0.096196868
A18: ='APAGADOS RADIO'!V3 -> 45094 | B18: ='APAGADOS RADIO'!V2+D18 -> 0 | C18: ='APAGADOS FIBRA'!V2 -> 0 | D18: ='APAGADOS ANTENA'!V2 -> 0 | E18: =B18+C18 -> 0 | F18: ='RESUMEN TOTAL'!B1 -> 447 | G18: =E18/F18 -> 0
A19: ='APAGADOS RADIO'!W3 -> 45095 | B19: ='APAGADOS RADIO'!W2+D19 -> 0 | C19: ='APAGADOS FIBRA'!W2 -> 0 | D19: ='APAGADOS ANTENA'!W2 -> 0 | E19: =B19+C19 -> 0 | F19: ='RESUMEN TOTAL'!B1 -> 447 | G19: =E19/F19 -> 0
A20: ='APAGADOS RADIO'!X3 -> 45096 | B20: ='APAGADOS RADIO'!X2+D20 -> 0 | C20: ='APAGADOS FIBRA'!X2 -> 0 | D20: ='APAGADOS ANTENA'!X2 -> 0 | E20: =B20+C20 -> 0 | F20: ='RESUMEN TOTAL'!B1 -> 447 | G20: =E20/F20 -> 0
A21: ='APAGADOS RADIO'!Y3 -> 45097 | B21: ='APAGADOS RADIO'!Y2+D21 -> 0 | C21: ='APAGADOS FIBRA'!Y2 -> 0 | D21: ='APAGADOS ANTENA'!Y2 -> 0 | E21: =B21+C21 -> 0 | F21: ='RESUMEN TOTAL'!B1 -> 447 | G21: =E21/F21 -> 0
A22: ='APAGADOS RADIO'!Z3 -> 45098 | B22: ='APAGADOS RADIO'!Z2+D22 -> 0 | C22: ='APAGADOS FIBRA'!Z2 -> 0 | D22: ='APAGADOS ANTENA'!Z2 -> 0 | E22: =B22+C22 -> 0 | F22: ='RESUMEN TOTAL'!B1 -> 447 | G22: =E22/F22 -> 0
A23: ='APAGADOS RADIO'!AA3 -> 45099 | B23: ='APAGADOS RADIO'!AA2+D23 -> 0 | C23: ='APAGADOS FIBRA'!AA2 -> 0 | D23: ='APAGADOS ANTENA'!AA2 -> 0 | E23: =B23+C23 -> 0 | F23: ='RESUMEN TOTAL'!B1 -> 447 | G23: =E23/F23 -> 0
A24: ='APAGADOS RADIO'!AB3 -> 45100 | B24: ='APAGADOS RADIO'!AB2+D24 -> 0 | C24: ='APAGADOS FIBRA'!AB2 -> 0 | D24: ='APAGADOS ANTENA'!AB2 -> 0 | E24: =B24+C24 -> 0 | F24: ='RESUMEN TOTAL'!B1 -> 447 | G24: =E24/F24 -> 0
A25: ='APAGADOS RADIO'!AC3 -> 45101 | B25: ='APAGADOS RADIO'!TAC2+D25 -> 0 | C25: ='APAGADOS FIBRA'!AC2 -> 0 | D25: ='APAGADOS ANTENA'!AC2 -> 0 | E25: =B25+C25 -> 0 | F25: ='RESUMEN TOTAL'!B1 -> 447 | G25: =E25/F25 -> 0
A26: ='APAGADOS RADIO'!AD3 -> 45102 | B26: ='APAGADOS RADIO'!AD2+D26 -> 0 | C26: ='APAGADOS FIBRA'!AD2 -> 0 | D26: ='APAGADOS ANTENA'!AD2 -> 0 | E26: =B26+C26 -> 0 | F26: ='RESUMEN TOTAL'!B1 -> 447 | G26: =E26/F26 -> 0
A27: ='APAGADOS RADIO'!AE3 -> 45103 | B27: ='APAGADOS RADIO'!AE2+D27 -> 0 | C27: ='APAGADOS FIBRA'!AE2 -> 0 | D27: ='APAGADOS ANTENA'!AE2 -> 0 | E27: =B27+C27 -> 0 | F27: ='RESUMEN TOTAL'!B1 -> 447 | G27: =E27/F27 -> 0
A28: ='APAGADOS RADIO'!AF3 -> 45104 | B28: ='APAGADOS RADIO'!AF2+D28 -> 0 | C28: ='APAGADOS FIBRA'!AF2 -> 0 | D28: ='APAGADOS ANTENA'!AF2 -> 0 | E28: =B28+C28 -> 0 | F28: ='RESUMEN TOTAL'!B1 -> 447 | G28: =E28/F28 -> 0
A29: ='APAGADOS RADIO'!AG3 -> 45105 | B29: ='APAGADOS RADIO'!AG2+D29 -> 0 | C29: ='APAGADOS FIBRA'!AG2 -> 0 | D29: ='APAGADOS ANTENA'!AF2 -> 0 | E29: =B29+C29 -> 0 | F29: ='RESUMEN TOTAL'!B1 -> 447 | G29: =E29/F29 -> 0
A30: ='APAGADOS RADIO'!AH3 -> 45106 | B30: ='APAGADOS RADIO'!AH2+D30 -> 0 | C30: ='APAGADOS FIBRA'!AH2 -> 0 | D30: ='APAGADOS ANTENA'!AG2 -> 0 | E30: =B30+C30 -> 0 | F30: ='RESUMEN TOTAL'!B1 -> 447 | G30: =E30/F30 -> 0
A31: ='APAGADOS RADIO'!AI3 -> 45107 | B31: ='APAGADOS RADIO'!AI2+D31 -> 0 | C31: ='APAGADOS FIBRA'!AI2 -> 0 | D31: ='APAGADOS ANTENA'!AI2 -> 0 | E31: =B31+C31 -> 0 | F31: ='RESUMEN TOTAL'!B1 -> 447 | G31: =E31/F31 -> 0
A32: ='APAGADOS RADIO'!AJ3 -> #REF!

Sheet GRAFICO2

Sheet Hoja1
B1: CAMARAS
A2: BONOMO | B2: =COUNTIFS('RESUMEN TOTAL'!C5:C515,"=BONOMO") -> 239 | F2: 45078 | G2: 45079 | H2: 45080 | I2: 45081 | J2: 45082 | K2: 45083 | L2: 45084 | M2: 45085 | N2: 45086 | O2: 45087 | P2: 45088 | Q2: 45089 | R2: 45090 | S2: 45091 | T2: 45092 | U2: 45093 | V2: 45094 | W2: 45095 | X2: 45096 | Y2: 45097 | Z2: 45098 | AA2: 45099 | AB2: 45100 | AC2: 45101 | AD2: 45102 | AE2: 45103 | AF2: 45104 | AG2: 45105 | AH2: 45106 | AI2: 45107
D3: BONOMO | E3: APAGADAS BONOMO | F3: 29 | G3: =COUNTIFS('RESUMEN TOTAL'!C5:C516, "=BONOMO",'RESUMEN TOTAL'!M5:M516,"=APAGADO") -> 23 | H3: =COUNTIFS('RESUMEN TOTAL'!C5:C516, "=BONOMO",'RESUMEN TOTAL'!N5:N516,"=APAGADO") -> 30 | I3: =COUNTIFS('RESUMEN TOTAL'!C5:C516, "=BONOMO",'RESUMEN TOTAL'!O5:O516,"=APAGADO") -> 23 | J3: =COUNTIFS('RESUMEN TOTAL'!C5:C516, "=BONOMO",'RESUMEN TOTAL'!P5:P516,"=APAGADO") -> 22 | K3: =COUNTIFS('RESUMEN TOTAL'!C5:C516, "=BONOMO",'RESUMEN TOTAL'!Q5:Q516,"=APAGADO") -> 22 | L3: =COUNTIFS('RESUMEN TOTAL'!C5:C516, "=BONOMO",'RESUMEN TOTAL'!R5:R516,"=APAGADO") -> 18 | M3: =COUNTIFS('RESUMEN TOTAL'!C5:C516, "=BONOMO",'RESUMEN TOTAL'!S5:S516,"=APAGADO") -> 12 | N3: =COUNTIFS('RESUMEN TOTAL'!C5:C516, "=BONOMO",'RESUMEN TOTAL'!T5:T516,"=APAGADO") -> 13 | O3: =COUNTIFS('RESUMEN TOTAL'!C5:C516, "=BONOMO",'RESUMEN TOTAL'!U5:U516,"=APAGADO") -> 13 | P3: =COUNTIFS('RESUMEN TOTAL'!C5:C516, "=BONOMO",'RESUMEN TOTAL'!V5:V516,"=APAGADO") -> 0 | Q3: =COUNTIFS('RESUMEN TOTAL'!C5:C516, "=BONOMO",'RESUMEN TOTAL'!W5:W516,"=APAGADO") -> 46 | R3: =COUNTIFS('RESUMEN TOTAL'!D5:D516, "=BONOMO",'RESUMEN TOTAL'!X5:X516,"=APAGADO") -> 0 | S3: =COUNTIFS('RESUMEN TOTAL'!C5:C516, "=BONOMO",'RESUMEN TOTAL'!Y5:Y516,"=APAGADO") -> 30 | T3: =COUNTIFS('RESUMEN TOTAL'!C5:C516, "=BONOMO",'RESUMEN TOTAL'!Z5:Z516,"=APAGADO") -> 13 | U3: =COUNTIFS('RESUMEN TOTAL'!C5:C516, "=BONOMO",'RESUMEN TOTAL'!AA5:AA516,"=APAGADO") -> 29 | V3: =COUNTIFS('RESUMEN TOTAL'!C5:C516, "=BONOMO",'RESUMEN TOTAL'!AB5:AB516,"=APAGADO") -> 0 | W3: =COUNTIFS('RESUMEN TOTAL'!C5:C516, "=BONOMO",'RESUMEN TOTAL'!AC5:AC516,"=APAGADO") -> 0 | X3: =COUNTIFS('RESUMEN TOTAL'!C5:C516, "=BONOMO",'RESUMEN TOTAL'!AD5:AD516,"=APAGADO") -> 0 | Y3: =COUNTIFS('RESUMEN TOTAL'!C5:C516, "=BONOMO",'RESUMEN TOTAL'!AE5:AE516,"=APAGADO") -> 0 | Z3: =COUNTIFS('RESUMEN TOTAL'!C5:C516, "=BONOMO",'RESUMEN TOTAL'!AF5:AF516,"=APAGADO") -> 0 | AA3: =COUNTIFS('RESUMEN TOTAL'!C5:C516, "=BONOMO",'RESUMEN TOTAL'!AG5:AG516,"=APAGADO") -> 0 | AB3: =COUNTIFS('RESUMEN TOTAL'!C5:C516, "=BONOMO",'RESUMEN TOTAL'!AH5:AH516,"=APAGADO") -> 0 | AC3: =COUNTIFS('RESUMEN TOTAL'!C5:C516, "=BONOMO",'RESUMEN TOTAL'!AI5:AI516,"=APAGADO") -> 0 | AD3: =COUNTIFS('RESUMEN TOTAL'!C5:C516, "=BONOMO",'RESUMEN TOTAL'!AJ5:AJ516,"=APAGADO") -> 0 | AE3: =COUNTIFS('RESUMEN TOTAL'!C5:C516, "=BONOMO",'RESUMEN TOTAL'!AK5:AK516,"=APAGADO") -> 0 | AF3: =COUNTIFS('RESUMEN TOTAL'!C5:C516, "=BONOMO",'RESUMEN TOTAL'!AL5:AL516,"=APAGADO") -> 0 | AG3: =COUNTIFS('RESUMEN TOTAL'!C5:C516, "=BONOMO",'RESUMEN TOTAL'!AM5:AM516,"=APAGADO") -> 0 | AH3: =COUNTIFS('RESUMEN TOTAL'!D5:D516, "=BONOMO",'RESUMEN TOTAL'!AN5:AN516,"=APAGADO") -> 0 | AI3: =COUNTIFS('RESUMEN TOTAL'!E5:E516, "=BONOMO",'RESUMEN TOTAL'!AO5:AO516,"=APAGADO") -> 0
A4: COSEIDI | B4: =COUNTIFS('RESUMEN TOTAL'!C5:C515,"=COSEIDI") -> 208 | E4: % BONOMO | F4: =F3/BONOMOcam -> 0.12133891 | G4: =G3/BONOMOcam -> 0.09623431 | H4: =H3/BONOMOcam -> 0.12552301 | I4: =I3/BONOMOcam -> 0.09623431 | J4: =J3/BONOMOcam -> 0.092050209 | K4: =K3/BONOMOcam -> 0.092050209 | L4: =L3/BONOMOcam -> 0.075313808 | M4: =M3/BONOMOcam -> 0.050209205 | ... AI4: =AI3/BONOMOcam -> 0
D5: COSEIDI | E5: APAGADAS COSEIDI | F5: =COUNTIFS('RESUMEN TOTAL'!C5:C512, "=COSEIDI",'RESUMEN TOTAL'!L5:L512,"=APAGADO") -> 28 | G5: =COUNTIFS('RESUMEN TOTAL'!C3:C512, "=COSEIDI",'RESUMEN TOTAL'!M3:M512,"=APAGADO") -> 21 | H5: =COUNTIFS('RESUMEN TOTAL'!C5:C500, "=COSEIDI",'RESUMEN TOTAL'!N5:N500,"=APAGADO") -> 25 | I5: =COUNTIFS('RESUMEN TOTAL'!C5:C500, "=COSEIDI",'RESUMEN TOTAL'!O5:O500,"=APAGADO") -> 23 | J5: =COUNTIFS('RESUMEN TOTAL'!C5:C500, "=COSEIDI",'RESUMEN TOTAL'!P5:P500,"=APAGADO") -> 23 | K5: =COUNTIFS('RESUMEN TOTAL'!C5:C500, "=COSEIDI",'RESUMEN TOTAL'!Q5:Q500,"=APAGADO") -> 20 | L5: =COUNTIFS('RESUMEN TOTAL'!C5:C500, "=COSEIDI",'RESUMEN TOTAL'!R5:R500,"=APAGADO") -> 18 | M5: =COUNTIFS('RESUMEN TOTAL'!C5:C500, "=COSEIDI",'RESUMEN TOTAL'!S5:S500,"=APAGADO") -> 34 | N5: =COUNTIFS('RESUMEN TOTAL'!C5:C500, "=COSEIDI",'RESUMEN TOTAL'!T5:T500,"=APAGADO") -> 14 | O5: =COUNTIFS('RESUMEN TOTAL'!C5:C500, "=COSEIDI",'RESUMEN TOTAL'!U5:U500,"=APAGADO") -> 15 | P5: =COUNTIFS('RESUMEN TOTAL'!C5:C500, "=COSEIDI",'RESUMEN TOTAL'!V5:V500,"=APAGADO") -> 0 | Q5: =COUNTIFS('RESUMEN TOTAL'!C5:C500, "=COSEIDI",'RESUMEN TOTAL'!W5:W500,"=APAGADO") -> 41 | R5: =COUNTIFS('RESUMEN TOTAL'!C5:C500, "=COSEIDI",'RESUMEN TOTAL'!X5:X500,"=APAGADO") -> 41 | S5: =COUNTIFS('RESUMEN TOTAL'!C5:C500, "=COSEIDI",'RESUMEN TOTAL'!Y5:Y500,"=APAGADO") -> 33 | T5: =COUNTIFS('RESUMEN TOTAL'!C5:C500, "=COSEIDI",'RESUMEN TOTAL'!Z5:Z500,"=APAGADO") -> 15 | U5: =COUNTIFS('RESUMEN TOTAL'!C5:C500, "=COSEIDI",'RESUMEN TOTAL'!AA5:AA500,"=APAGADO") -> 14 | V5: =COUNTIFS('RESUMEN TOTAL'!C5:C500, "=COSEIDI",'RESUMEN TOTAL'!AB5:AB500,"=APAGADO") -> 0 | W5: =COUNTIFS('RESUMEN TOTAL'!C5:C500, "=COSEIDI",'RESUMEN TOTAL'!AC5:AC500,"=APAGADO") -> 0 | X5: =COUNTIFS('RESUMEN TOTAL'!C5:C500, "=COSEIDI",'RESUMEN TOTAL'!AD5:AD500,"=APAGADO") -> 0 | Y5: =COUNTIFS('RESUMEN TOTAL'!C5:C500, "=COSEIDI",'RESUMEN TOTAL'!AE5:AE500,"=APAGADO") -> 0 | Z5: =COUNTIFS('RESUMEN TOTAL'!C5:C500, "=COSEIDI",'RESUMEN TOTAL'!AF5:AF500,"=APAGADO") -> 0 | AA5: =COUNTIFS('RESUMEN TOTAL'!C5:C500, "=COSEIDI",'RESUMEN TOTAL'!AG5:AG500,"=APAGADO") -> 0 | AB5: =COUNTIFS('RESUMEN TOTAL'!C5:C500, "=COSEIDI",'RESUMEN TOTAL'!AH5:AH500,"=APAGADO") -> 0 | AC5: =COUNTIFS('RESUMEN TOTAL'!C5:C500, "=COSEIDI",'RESUMEN TOTAL'!AI5:AI500,"=APAGADO") -> 0 | AD5: =COUNTIFS('RESUMEN TOTAL'!C5:C500, "=COSEIDI",'RESUMEN TOTAL'!AJ5:AJ500,"=APAGADO") -> 0 | AE5: =COUNTIFS('RESUMEN TOTAL'!C5:C500, "=COSEIDI",'RESUMEN TOTAL'!AK5:AK500,"=APAGADO") -> 0 | AF5: =COUNTIFS('RESUMEN TOTAL'!C5:C500, "=COSEIDI",'RESUMEN TOTAL'!AL5:AL500,"=APAGADO") -> 0 | AG5: =COUNTIFS('RESUMEN TOTAL'!C5:C500, "=COSEIDI",'RESUMEN TOTAL'!AM5:AM500,"=APAGADO") -> 0 | AH5: =COUNTIFS('RESUMEN TOTAL'!C5:C500, "=COSEIDI",'RESUMEN TOTAL'!AN5:AN500,"=APAGADO") -> 0 | AI5: =COUNTIFS('RESUMEN TOTAL'!C5:C500, "=COSEIDI",'RESUMEN TOTAL'!AO5:AO500,"=APAGADO") -> 0
E6: % COSEIDI | F6: =F5/COSEIDIcam -> 0.13461538 | G6: =G5/COSEIDIcam -> 0.10096154 | H6: =H5/COSEIDIcam -> 0.12019231 | I6: =I5/COSEIDIcam -> 0.11057692 | J6: =J5/COSEIDIcam -> 0.11057692 | K6: =K5/COSEIDIcam -> 0.096153846 | L6: =L5/COSEIDIcam -> 0.086538462 | M6: =M5/COSEIDIcam -> 0.16346154 | ... AG6: =AG5/COSEIDIcam -> 0
