Workbook
Name _25_de_agosto: 'RESUMEN TOTAL'!$A$4:$D$383
Name _25_de_agosto_3: 'RESUMEN TOTAL'!$A$4:$D$395
Name BONOMOcam: Hoja1!$B$2
Name CANTIDAD_DE_CAMARAS: 'RESUMEN TOTAL'!$B$1
Name COSEIDIcam: Hoja1!$B$4

Sheet RESUMEN TOTAL
A1: CANTIDAD DE CAMARAS | B1: =COUNTA(B5:B547) -> 462 | D1: PORCIENTO DE CAIDAS | L1: =(L3)/(L2+L3) -> 0 | M1: =(M3)/(M2+M3) -> 0 | N1: =(N3)/(N2+N3) -> 0 | O1: =(O3)/(O2+O3) -> 0 | P1: =(P3)/(P2+P3) -> 0 | Q1: =(Q3)/(Q2+Q3) -> 0.054112554 | R1: =(R3)/(R2+R3) -> 0.032467532 | S1: =(S3)/(S2+S3) -> 0 | ... X1: =(X3)/(X2+X3) -> 0.15367965 | Z1: =(Z3)/(Z2+Z3) -> 0.1017316 | AA1: =(AA3)/(AA2+AA3) -> 0.13203463 | AB1: =(AB3)/(AB2+AB3) -> 0.22943723 | AC1: =(AC3)/(AC2+AC3) -> 0.19047619 | AD1: =(AD3)/(AD2+AD3) -> 0.22294372 | AE1: =(AE3)/(AE2+AE3) -> 0.093073593 | AF1: =(AF3)/(AF2+AF3) -> 0.090909091 | AG1: =(AG3)/(AG2+AG3) -> 0.090909091 | ... AP1: =(AP3)/(AP2+AP3) -> 0
D2: FUNCIONAN | L2: =B1-L3 -> 462 | M2: =CANTIDAD_DE_CAMARAS-M3 -> 462 | N2: =CANTIDAD_DE_CAMARAS-N3 -> 462 | O2: =CANTIDAD_DE_CAMARAS-O3 -> 462 | P2: =CANTIDAD_DE_CAMARAS-P3 -> 462 | Q2: =CANTIDAD_DE_CAMARAS-Q3 -> 437 | R2: =CANTIDAD_DE_CAMARAS-R3 -> 447 | S2: =CANTIDAD_DE_CAMARAS-S3 -> 462 | T2: =CANTIDAD_DE_CAMARAS-T3 -> 462 | ... AP2: =CANTIDAD_DE_CAMARAS-AP3 -> 462
D3: CAIDAS | L3: =COUNTIF(L4:L467, "apagado") -> 0 | M3: =COUNTIF(M4:M467, "apagado") -> 0 | N3: =COUNTIF(N4:N467, "apagado") -> 0 | O3: =COUNTIF(O4:O467, "apagado") -> 0 | P3: =COUNTIF(P4:P467, "apagado") -> 0 | Q3: =COUNTIF(Q4:Q467, "apagado") -> 25 | R3: =COUNTIF(R4:R467, "apagado") -> 15 | S3: =COUNTIF(S4:S467, "apagado") -> 0 | ... AP3: =COUNTIF(AP4:AP467, "apagado") -> 0
A4: Barrio | B4: [Denominacion] | C4: [Empresa Mantenimiento] | D4: [Ubicacion] | E4: [Tipo de Camara] | F4: [Tipo de Conexion] | G4: Destino | I4: DIAS FUNCIONANDO | J4: DIAS CAIDA | K4: EFECTIVIDAD | L4: 45108 | M4: 45109 | N4: 45110 | O4: 45111 | P4: 45112 | Q4: 45113 | R4: 45114 | S4: 45115 | T4: 45116 | U4: 45117 | V4: 45118 | W4: 45119 | X4: 45120 | Y4: 45121 | Z4: 45122 | AA4: 45123 | AB4: 45124 | AC4: 45125 | AD4: 45126 | AE4: 45127 | AF4: 45128 | AG4: 45129 | AH4: 45130 | AI4: 45131 | AJ4: 45132 | AK4: 45133 | AL4: 45134 | AM4: 45135 | AN4: 45136 | AO4: 45137 | AP4: 45138
A5: ALTAMIRA | B5: ALT01 | C5: BONOMO | D5: Calchaqui y Sgto. Cabral | E5: Domo | F5: Fibra Optica | H5: 172.20.10.6 | I5: =COUNTIF(L5:AM5,"") -> 26 | J5: =COUNTIF(L5:AM5,"APAGADO") -> 2 | K5: =(I5)/(J5+I5) -> 0.92857143 | Y5: APAGADO | AB5: APAGADO
A6: ALTAMIRA | B6: ALT02 | C6: BONOMO | D6: Calchaqui y Lope de Vega | E6: Domo | F6: PTO A FO | G6: CABRAL Y CALCHAQUI | H6: 172.20.12.218 | I6: =COUNTIF(L6:AM6,"") -> 25 | J6: =COUNTIF(L6:AM6,"APAGADO") -> 3 | K6: =(I6)/(J6+I6) -> 0.89285714 | Y6: APAGADO | AB6: APAGADO | AD6: APAGADO
A7: ALTAMIRA | B7: ALT 03 | C7: BONOMO | D7: Bombero Galarza y Necochea | E7: Domo | F7: Fibra Optica | H7: 172.20.12.54 | I7: =COUNTIF(L7:AM7,"") -> 26 | J7: =COUNTIF(L7:AM7,"APAGADO") -> 2 | K7: =(I7)/(J7+I7) -> 0.92857143 | Y7: APAGADO | AB7: APAGADO
A8: ALTAMIRA | B8: ALT 04 | C8: BONOMO | D8: Francia y Necochea | E8: Domo | F8: Fibra Optica | H8: 172.20.12.55 | I8: =COUNTIF(L8:AM8,"") -> 24 | J8: =COUNTIF(L8:AM8,"APAGADO") -> 4 | K8: =(I8)/(J8+I8) -> 0.85714286 | Y8: APAGADO | AB8: APAGADO | AF8: APAGADO | AG8: APAGADO
A9: ALTAMIRA | B9: ALT05 | C9: BONOMO | D9: Av. Calchaqui y Bombero Galarza | E9: Domo | F9: PTO A FO | G9: NECOCHEA Y GALARZA | H9: 172.20.12.216 | I9: =COUNTIF(L9:AM9,"") -> 25 | J9: =COUNTIF(L9:AM9,"APAGADO") -> 3 | K9: =(I9)/(J9+I9) -> 0.89285714 | Y9: APAGADO | AB9: APAGADO | AD9: APAGADO
A10: ALTAMIRA | B10: ALT 06 | C10: BONOMO | D10: LOPE DE VEGA Y NECOCHEA | E10: Domo | F10: PTO A FO | G10: NECOCHEA Y GALARZA | H10: 172.20.12.12 | I10: =COUNTIF(L10:AM10,"") -> 26 | J10: =COUNTIF(L10:AM10,"APAGADO") -> 2 | K10: =(I10)/(J10+I10) -> 0.92857143 | Y10: APAGADO | AB10: APAGADO
A11: ALTAMIRA | B11: ALT07 | C11: BONOMO | D11: AV. CALCHAQUI Y AV. DEL TRABAJO | E11: DOMO | F11: PTO A FO | G11: CABRAL Y CALCHAQUI | H11: 172.20.10.57 | I11: =COUNTIF(L11:AM11,"") -> 26 | J11: =COUNTIF(L11:AM11,"APAGADO") -> 2 | K11: =(I11)/(J11+I11) -> 0.92857143 | Y11: APAGADO | AB11: APAGADO
A12: ALTAMIRA | B12: ALT 08 | C12: BONOMO | D12: HUMAITA Y NECOCHEA | E12: DOMO | F12: Fibra Optica | H12: 172.20.11.215 | I12: =COUNTIF(L12:AM12,"") -> 26 | J12: =COUNTIF(L12:AM12,"APAGADO") -> 2 | K12: =(I12)/(J12+I12) -> 0.92857143 | Y12: APAGADO | AB12: APAGADO
A13: ALTAMIRA | B13: ALT 09 | C13: BONOMO | D13: NECOCHEA Y CURUPAITY | E13: DOMO | F13: Fibra Optica | H13: 172.20.11.216 | I13: =COUNTIF(L13:AM13,"") -> 22 | J13: =COUNTIF(L13:AM13,"APAGADO") -> 6 | K13: =(I13)/(J13+I13) -> 0.78571429 | Q13: APAGADO | R13: APAGADO | U13: APAGADO | V13: APAGADO | Y13: APAGADO | AB13: APAGADO
A14: ALTAMIRA | B14: ALT 10 | C14: BONOMO | D14: Calchaqui y Francia | E14: Domo | F14: Radio | H14: 172.20.12.156 | I14: =COUNTIF(L14:AM14,"") -> 25 | J14: =COUNTIF(L14:AM14,"APAGADO") -> 3 | K14: =(I14)/(J14+I14) -> 0.89285714 | Y14: APAGADO | AB14: APAGADO | AD14: APAGADO
A15: AGUSTIN RAMIREZ | B15: ARA 01 | C15: COSEIDI | D15: Malambo y Tranquera | E15: Domo | F15: Fibra Optica | H15: 172.20.12.110 | I15: =COUNTIF(L15:AM15,"") -> 16 | J15: =COUNTIF(L15:AM15,"APAGADO") -> 12 | K15: =(I15)/(J15+I15) -> 0.57142857 | V15: APAGADO | W15: APAGADO | X15: APAGADO | Y15: APAGADO | Z15: APAGADO | AA15: APAGADO | AB15: APAGADO | AC15: APAGADO | AD15: APAGADO | AE15: APAGADO | AF15: APAGADO | AG15: APAGADO
A16: BELGRANO | B16: BEL 01 | C16: BONOMO | D16: San Martin y Dardo Rocha | E16: DOMO | F16: Fibra Optica | H16: 172.20.12.64 | I16: =COUNTIF(L16:AM16,"") -> 28 | J16: =COUNTIF(L16:AM16,"APAGADO") -> 0 | K16: =(I16)/(J16+I16) -> 1
A17: BELGRANO | B17: BEL 02 | C17: BONOMO | D17: Guardia vieja y Fronteriz | E17: DOMO | F17: Fibra Optica | I17: =COUNTIF(L17:AM17,"") -> 28 | J17: =COUNTIF(L17:AM17,"APAGADO") -> 0 | K17: =(I17)/(J17+I17) -> 1
A18: BOSQUES CENTRO | B18: BOSQC 01 | C18: COSEIDI | D18: LUIS AGOTE E/DANUNCIO Y CAMPOAMOR | E18: Fija | F18: Radio | H18: 172.20.11.15 | I18: =COUNTIF(L18:AM18,"") -> 25 | J18: =COUNTIF(L18:AM18,"APAGADO") -> 3 | K18: =(I18)/(J18+I18) -> 0.89285714 | AB18: APAGADO | AC18: APAGADO | AD18: APAGADO
A19: BOSQUES CENTRO | B19: BOSQC 02 | C19: COSEIDI | D19: LUIS AGOTE E/DANUNCIO Y CAMPOAMOR | E19: Fija | F19: Radio | H19: 172.20.11.16 | I19: =COUNTIF(L19:AM19,"") -> 25 | J19: =COUNTIF(L19:AM19,"APAGADO") -> 3 | K19: =(I19)/(J19+I19) -> 0.89285714 | AB19: APAGADO | AC19: APAGADO | AD19: APAGADO
A20: BOSQUES CENTRO | B20: BOSQC 03 | C20: COSEIDI | D20: BENAVENTE Y LUIS AGOTE | E20: Fija | F20: Radio | H20: 172.20.11.13 | I20: =COUNTIF(L20:AM20,"") -> 24 | J20: =COUNTIF(L20:AM20,"APAGADO") -> 4 | K20: =(I20)/(J20+I20) -> 0.85714286 | U20: APAGADO | AB20: APAGADO | AC20: APAGADO | AD20: APAGADO
A21: BOSQUES CENTRO | B21: BOSQC 04 | C21: COSEIDI | D21: BENAVENTE Y LUIS AGOTE | E21: Fija | F21: Radio | H21: 172.20.11.113 | I21: =COUNTIF(L21:AM21,"") -> 24 | J21: =COUNTIF(L21:AM21,"APAGADO") -> 4 | K21: =(I21)/(J21+I21) -> 0.85714286 | U21: APAGADO | AB21: APAGADO | AC21: APAGADO | AD21: APAGADO
A22: BOSQUES CENTRO | B22: BOSQC 05 | C22: COSEIDI | D22: LUIS AGOTE Y RUTA 36 | E22: Fija | F22: Radio | H22: 172.20.11.17 | I22: =COUNTIF(L22:AM22,"") -> 25 | J22: =COUNTIF(L22:AM22,"APAGADO") -> 3 | K22: =(I22)/(J22+I22) -> 0.89285714 | AB22: APAGADO | AC22: APAGADO | AD22: APAGADO
A23: BOSQUES CENTRO | B23: BOSQC 06 | C23: COSEIDI | D23: LUIS AGOTE Y RUTA 36 | E23: Fija | F23: Radio | H23: 172.20.11.18 | I23: =COUNTIF(L23:AM23,"") -> 25 | J23: =COUNTIF(L23:AM23,"APAGADO") -> 3 | K23: =(I23)/(J23+I23) -> 0.89285714 | AB23: APAGADO | AC23: APAGADO | AD23: APAGADO
A24: CENTRO | B24: CEN01 | C24: BONOMO | D24: San Martin y 9 de Julio | E24: Fija | F24: Fibra Optica | H24: 172.20.11.10 | I24: =COUNTIF(L24:AM24,"") -> 28 | J24: =COUNTIF(L24:AM24,"APAGADO") -> 0 | K24: =(I24)/(J24+I24) -> 1
A25: CENTRO | B25: CEN02 | C25: BONOMO | D25: San Martin y Almafuerte | E25: Fija | F25: Fibra Optica | H25: 172.20.11.11 | I25: =COUNTIF(L25:AM25,"") -> 28 | J25: =COUNTIF(L25:AM25,"APAGADO") -> 0 | K25: =(I25)/(J25+I25) -> 1
A26: CENTRO | B26: CEN03 | C26: BONOMO | D26: San Martin y Sallares | E26: Domo | F26: Fibra Optica | H26: 172.20.12.30 | I26: =COUNTIF(L26:AM26,"") -> 28 | J26: =COUNTIF(L26:AM26,"APAGADO") -> 0 | K26: =(I26)/(J26+I26) -> 1
A27: CENTRO | B27: CEN04 | C27: BONOMO | D27: San Martin y Contreras | E27: Domo | F27: Fibra Optica | H27: 172.20.12.29 | I27: =COUNTIF(L27:AM27,"") -> 28 | J27: =COUNTIF(L27:AM27,"APAGADO") -> 0 | K27: =(I27)/(J27+I27) -> 1
A28: CENTRO | B28: CEN 05 | C28: BONOMO | D28: Bocuzzi e/España y San Martin | E28: DOMO | F28: Fibra Optica | H28: 172.20.10.200 | I28: =COUNTIF(L28:AM28,"") -> 28 | J28: =COUNTIF(L28:AM28,"APAGADO") -> 0 | K28: =(I28)/(J28+I28) -> 1
A29: CENTRO | B29: CEN06 | C29: BONOMO | D29: Monteagudo y A.del Valle | E29: Fija | F29: Fibra Optica | H29: 172.20.10.02 | I29: =COUNTIF(L29:AM29,"") -> 28 | J29: =COUNTIF(L29:AM29,"APAGADO") -> 0 | K29: =(I29)/(J29+I29) -> 1
A30: CENTRO | B30: CEN07 | C30: BONOMO | D30: San Martin y Guemes | E30: DOMO | F30: Fibra Optica | H30: 172.20.11.20 | I30: =COUNTIF(L30:AM30,"") -> 28 | J30: =COUNTIF(L30:AM30,"APAGADO") -> 0 | K30: =(I30)/(J30+I30) -> 1
A31: CENTRO | B31: CEN08 | C31: BONOMO | D31: San Martin y Pte.Peron | E31: Domo | F31: Fibra Optica | H31: 172.20.11.21 | I31: =COUNTIF(L31:AM31,"") -> 28 | J31: =COUNTIF(L31:AM31,"APAGADO") -> 0 | K31: =(I31)/(J31+I31) -> 1
A32: CENTRO | B32: CEN09 | C32: BONOMO | D32: Chacabuco y 25 de Mayo | E32: Domo | F32: Fibra Optica | H32: 172.20.11.22 | I32: =COUNTIF(L32:AM32,"") -> 28 | J32: =COUNTIF(L32:AM32,"APAGADO") -> 0 | K32: =(I32)/(J32+I32) -> 1
A33: CENTRO | B33: CEN10 | C33: BONOMO | D33: Monteagudo y Pte. Peron | E33: Domo | F33: Fibra Optica | H33: 172.20.11.23 | I33: =COUNTIF(L33:AM33,"") -> 28 | J33: =COUNTIF(L33:AM33,"APAGADO") -> 0 | K33: =(I33)/(J33+I33) -> 1
A34: CENTRO | B34: CEN11 | C34: BONOMO | D34: Monteagudo y Bocuzzi | E34: Domo | F34: Fibra Optica | H34: 172.20.10.24 | I34: =COUNTIF(L34:AM34,"") -> 28 | J34: =COUNTIF(L34:AM34,"APAGADO") -> 0 | K34: =(I34)/(J34+I34) -> 1
A35: CENTRO | B35: CEN 12 | C35: BONOMO | D35: Monteagudo y Mitre | E35: Domo | F35: Fibra Optica | H35: 172.20.10.23 | I35: =COUNTIF(L35:AM35,"") -> 28 | J35: =COUNTIF(L35:AM35,"APAGADO") -> 0 | K35: =(I35)/(J35+I35) -> 1
... A39: CENTRO | B39: CEN16 | C39: BONOMO | D39: San Martin y Pte. Peron | E39: Fija | F39: Fibra Optica | H39: 172.20.12.36 | I39: =COUNTIF(L39:AM39,"") -> 28 | J39: =COUNTIF(L39:AM39,"APAGADO") -> 0 | K39: =(I39)/(J39+I39) -> 1
A40: CENTRO | B40: CEN17 | C40: BONOMO | D40: San Martin y Mitre | E40: Domo | F40: PTO A FO | G40: SAN MARTIN Y SALLARES | H40: 172.20.12.200 | I40: =COUNTIF(L40:AM40,"") -> 27 | J40: =COUNTIF(L40:AM40,"APAGADO") -> 1 | K40: =(I40)/(J40+I40) -> 0.96428571 | Y40: APAGADO
A41: CENTRO | B41: CEN18 | C41: BONOMO | D41: Monteagudo e/Mitre y Sallares | E41: Fija | F41: Fibra Optica | H41: 172.20.10.26 | I41: =COUNTIF(L41:AM41,"") -> 28 | J41: =COUNTIF(L41:AM41,"APAGADO") -> 0 | K41: =(I41)/(J41+I41) -> 1
A42: CENTRO | B42: CEN19 | C42: BONOMO | D42: Chacabuco y 25 de Mayo | E42: Fija | F42: Fibra Optica | H42: 172.20.10.27 | I42: =COUNTIF(L42:AM42,"") -> 28 | J42: =COUNTIF(L42:AM42,"APAGADO") -> 0 | K42: =(I42)/(J42+I42) -> 1
A43: LOMAS DE MONTEVERDE | B43: CEN20 | C43: BONOMO | D43: Pte. Illia y Las Heras | E43: Domo | F43: Fibra Optica | H43: 172.20.10.33 | I43: =COUNTIF(L43:AM43,"") -> 28 | J43: =COUNTIF(L43:AM43,"APAGADO") -> 0 | K43: =(I43)/(J43+I43) -> 1
A44: CENTRO | B44: CEN21 | C44: BONOMO | D44: Misiones y Urquiza | E44: Fija | F44: Radio | H44: 172.20.200.132 | I44: =COUNTIF(L44:AM44,"") -> 28 | J44: =COUNTIF(L44:AM44,"APAGADO") -> 0 | K44: =(I44)/(J44+I44) -> 1
A45: CENTRO | B45: CEN22 | C45: BONOMO | D45: Las Heras y Chacabuco | E45: Domo | F45: Radio | H45: 172.20.200.125 | I45: =COUNTIF(L45:AM45,"") -> 28 | J45: =COUNTIF(L45:AM45,"APAGADO") -> 0 | K45: =(I45)/(J45+I45) -> 1
A46: CENTRO | B46: CEN23 | C46: BONOMO | D46: Sallares y Monteagudo | E46: Domo | F46: Fibra Optica | H46: 172.20.12.05 | I46: =COUNTIF(L46:AM46,"") -> 28 | J46: =COUNTIF(L46:AM46,"APAGADO") -> 0 | K46: =(I46)/(J46+I46) -> 1
A47: CENTRO | B47: CEN24 | C47: BONOMO | D47: Sallares y España | E47: Domo | F47: Fibra Optica | H47: 172.20.12.04 | I47: =COUNTIF(L47:AM47,"") -> 28 | J47: =COUNTIF(L47:AM47,"APAGADO") -> 0 | K47: =(I47)/(J47+I47) -> 1
A48: CENTRO | B48: CEN25 | C48: BONOMO | D48: SAN MARTIN Y 9 DE JULIO | E48: Domo | F48: Fibra Optica | H48: 172.20.12.02 | I48: =COUNTIF(L48:AM48,"") -> 28 | J48: =COUNTIF(L48:AM48,"APAGADO") -> 0 | K48: =(I48)/(J48+I48) -> 1
A49: CENTRO | B49: CEN26 | C49: BONOMO | D49: Mitre y España | E49: Domo | F49: Fibra Optica | H49: 172.20.12.06 | I49: =COUNTIF(L49:AM49,"") -> 28 | J49: =COUNTIF(L49:AM49,"APAGADO") -> 0 | K49: =(I49)/(J49+I49) -> 1
A50: CENTRO | B50: CEN27 | C50: BONOMO | D50: San Juan y España | E50: Domo | F50: Fibra Optica | H50: 172.20.12.37 | I50: =COUNTIF(L50:AM50,"") -> 28 | J50: =COUNTIF(L50:AM50,"APAGADO") -> 0 | K50: =(I50)/(J50+I50) -> 1
A51: CENTRO | B51: CEN28 | C51: BONOMO | D51: Mitre y Alberdi | E51: Domo | F51: Fibra Optica | H51: 172.20.12.38 | I51: =COUNTIF(L51:AM51,"") -> 27 | J51: =COUNTIF(L51:AM51,"APAGADO") -> 1 | K51: =(I51)/(J51+I51) -> 0.96428571 | Y51: APAGADO
A52: CENTRO | B52: CEN29 | C52: BONOMO | D52: Alberdi y San Juan | E52: Domo | F52: Fibra Optica | H52: 172.20.12.40 | I52: =COUNTIF(L52:AM52,"") -> 28 | J52: =COUNTIF(L52:AM52,"APAGADO") -> 0 | K52: =(I52)/(J52+I52) -> 1
A53: CENTRO | B53: CEN30 | C53: BONOMO | D53: Mitre y Pringles | E53: Domo | F53: Fibra Optica | H53: 172.20.12.39 | I53: =COUNTIF(L53:AM53,"") -> 27 | J53: =COUNTIF(L53:AM53,"APAGADO") -> 1 | K53: =(I53)/(J53+I53) -> 0.96428571 | Y53: APAGADO
A54: CENTRO | B54: CEN31 | C54: BONOMO | D54: Mitre e/Monteagudo y Alberdi | E54: Domo | F54: Fibra Optica | H54: 172.20.12.41 | I54: =COUNTIF(L54:AM54,"") -> 27 | J54: =COUNTIF(L54:AM54,"APAGADO") -> 1 | K54: =(I54)/(J54+I54) -> 0.96428571 | Y54: APAGADO
A55: CENTRO | B55: CEN32 | C55: BONOMO | D55: Aristobulo del Valle y España | E55: Domo | F55: Fibra Optica | H55: 172.20.12.42 | I55: =COUNTIF(L55:AM55,"") -> 28 | J55: =COUNTIF(L55:AM55,"APAGADO") -> 0 | K55: =(I55)/(J55+I55) -> 1
A56: CENTRO | B56: CEN33 | C56: BONOMO | D56: Peron y Alberdi | E56: Domo | F56: Fibra Optica | H56: 172.20.12.47 | I56: =COUNTIF(L56:AM56,"") -> 28 | J56: =COUNTIF(L56:AM56,"APAGADO") -> 0 | K56: =(I56)/(J56+I56) -> 1
A57: CENTRO | B57: CEN34 | C57: BONOMO | D57: Peron y España | E57: Domo | F57: Fibra Optica | H57: 172.20.12.49 | I57: =COUNTIF(L57:AM57,"") -> 28 | J57: =COUNTIF(L57:AM57,"APAGADO") -> 0 | K57: =(I57)/(J57+I57) -> 1
A58: CENTRO | B58: CEN35 | C58: BONOMO | D58: España y Marmol | E58: Domo | F58: Fibra Optica | H58: 172.20.12.50 | I58: =COUNTIF(L58:AM58,"") -> 28 | J58: =COUNTIF(L58:AM58,"APAGADO") -> 0 | K58: =(I58)/(J58+I58) -> 1
A59: CENTRO | B59: CEN36 | C59: BONOMO | D59: España y 9 de Julio | E59: Domo | F59: Fibra Optica | H59: 172.20.12.51 | I59: =COUNTIF(L59:AM59,"") -> 28 | J59: =COUNTIF(L59:AM59,"APAGADO") -> 0 | K59: =(I59)/(J59+I59) -> 1
A60: CENTRO | B60: CEN 37 | C60: BONOMO | D60: Diagonal Granaderos y Monteagudo | E60: Domo | F60: Fibra Optica | H60: 172.20.12.52 | I60: =COUNTIF(L60:AM60,"") -> 27 | J60: =COUNTIF(L60:AM60,"APAGADO") -> 1 | K60: =(I60)/(J60+I60) -> 0.96428571 | Y60: APAGADO
A61: CENTRO | B61: CEN38 | C61: BONOMO | D61: Diagonal Constituyentes y Almafuerte | E61: Domo | F61: Fibra Optica | H61: 172.20.12.53 | I61: =COUNTIF(L61:AM61,"") -> 27 | J61: =COUNTIF(L61:AM61,"APAGADO") -> 1 | K61: =(I61)/(J61+I61) -> 0.96428571 | Y61: APAGADO
A62: CENTRO | B62: CEN39 | C62: BONOMO | D62: San Martin y Alem | E62: Domo | F62: Fibra Optica | H62: 172.20.12.56 | I62: =COUNTIF(L62:AM62,"") -> 28 | J62: =COUNTIF(L62:AM62,"APAGADO") -> 0 | K62: =(I62)/(J62+I62) -> 1
A63: CENTRO | B63: CEN40 | C63: BONOMO | D63: Contreras y Monteagudo | E63: Domo | F63: Fibra Optica | H63: 172.20.12.57 | I63: =COUNTIF(L63:AM63,"") -> 27 | J63: =COUNTIF(L63:AM63,"APAGADO") -> 1 | K63: =(I63)/(J63+I63) -> 0.96428571 | AE63: APAGADO
A64: CENTRO | B64: CEN41 | C64: BONOMO | D64: Contreras y Alberdi | E64: Domo | F64: Fibra Optica | H64: 172.20.12.58 | I64: =COUNTIF(L64:AM64,"") -> 27 | J64: =COUNTIF(L64:AM64,"APAGADO") -> 1 | K64: =(I64)/(J64+I64) -> 0.96428571 | AE64: APAGADO
A65: CENTRO | B65: CEN42 | C65: BONOMO | D65: Diagonal Constituyentes y Alem | E65: Domo | F65: Fibra Optica | H65: 172.20.12.59 | I65: =COUNTIF(L65:AM65,"") -> 28 | J65: =COUNTIF(L65:AM65,"APAGADO") -> 0 | K65: =(I65)/(J65+I65) -> 1
A66: CENTRO | B66: CEN43 | C66: BONOMO | D66: Sallares y Alberdi | E66: Domo | F66: Fibra Optica | H66: 172.20.12.61 | I66: =COUNTIF(L66:AM66,"") -> 27 | J66: =COUNTIF(L66:AM66,"APAGADO") -> 1 | K66: =(I66)/(J66+I66) -> 0.96428571 | Y66: APAGADO
A67: CENTRO | B67: CEN44 | C67: BONOMO | D67: Mitre y Brown | E67: Domo | F67: Fibra Optica | H67: 172.20.12.62 | I67: =COUNTIF(L67:AM67,"") -> 16 | J67: =COUNTIF(L67:AM67,"APAGADO") -> 12 | K67: =(I67)/(J67+I67) -> 0.57142857 | V67: APAGADO | W67: APAGADO | X67: APAGADO | Y67: APAGADO | Z67: APAGADO | AA67: APAGADO | AB67: APAGADO | AC67: APAGADO | AD67: APAGADO | AE67: APAGADO | AF67: APAGADO | AG67: APAGADO
A68: CENTRO | B68: CEN45 (fija 1) | C68: BONOMO | D68: EEUU Y MORENO | E68: Fija | F68: Fibra Optica | H68: 172.20.11.74 | I68: =COUNTIF(L68:AM68,"") -> 28 | J68: =COUNTIF(L68:AM68,"APAGADO") -> 0 | K68: =(I68)/(J68+I68) -> 1
A69: CENTRO | B69: CEN46 (fija 2) | C69: BONOMO | D69: EEUU Y MORENO | E69: Fija | F69: Fibra Optica | H69: 172.20.11.75 | I69: =COUNTIF(L69:AM69,"") -> 28 | J69: =COUNTIF(L69:AM69,"APAGADO") -> 0 | K69: =(I69)/(J69+I69) -> 1
A70: CENTRO | B70: CEN47 | C70: BONOMO | D70: Sallares y Brown | E70: Domo | F70: Fibra Optica | H70: 172.20.12.65 | I70: =COUNTIF(L70:AM70,"") -> 28 | J70: =COUNTIF(L70:AM70,"APAGADO") -> 0 | K70: =(I70)/(J70+I70) -> 1
A71: CENTRO | B71: CEN48 | C71: BONOMO | D71: Velez Sarsfield y Las Heras | E71: Domo | F71: Radio | H71: 172.20.200.181 | I71: =COUNTIF(L71:AM71,"") -> 28 | J71: =COUNTIF(L71:AM71,"APAGADO") -> 0 | K71: =(I71)/(J71+I71) -> 1
A72: CENTRO | B72: CEN49 | C72: BONOMO | D72: Av. San Martin y Florencio Sanchez | E72: Domo | F72: Radio | H72: 172.20.200.182 | I72: =COUNTIF(L72:AM72,"") -> 28 | J72: =COUNTIF(L72:AM72,"APAGADO") -> 0 | K72: =(I72)/(J72+I72) -> 1
A73: CENTRO | B73: CEN 50 | C73: BONOMO | D73: Av. San Martin y Newbery | E73: Domo | F73: Radio | H73: 172.20.200.184 | I73: =COUNTIF(L73:AM73,"") -> 28 | J73: =COUNTIF(L73:AM73,"APAGADO") -> 0 | K73: =(I73)/(J73+I73) -> 1
A74: CENTRO | B74: CEN 51 | C74: BONOMO | D74: ILLIA Y LAS HERAS | E74: FIJA | F74: Fibra Optica | H74: 172.20.11.29 | I74: =COUNTIF(L74:AM74,"") -> 28 | J74: =COUNTIF(L74:AM74,"APAGADO") -> 0 | K74: =(I74)/(J74+I74) -> 1
A75: CENTRO | B75: CEN52 | C75: BONOMO | D75: San Martin y Almafuerte (ex San Martin y Dorrego) | E75: DOMO | F75: Radio | H75: 172.20.200.191 | I75: =COUNTIF(L75:AM75,"") -> 28 | J75: =COUNTIF(L75:AM75,"APAGADO") -> 0 | K75: =(I75)/(J75+I75) -> 1
A76: CENTRO | B76: CEN 53 | C76: BONOMO | D76: GUTIERREZ Y BROWN | E76: Domo | F76: Radio | H76: 172.20.200.166 | I76: =COUNTIF(L76:AM76,"") -> 28 | J76: =COUNTIF(L76:AM76,"APAGADO") -> 0 | K76: =(I76)/(J76+I76) -> 1
A77: CENTRO | B77: CEN 54 | C77: BONOMO | D77: GUTIERREZ Y PRINGLES | E77: Domo | F77: Radio | H77: 172.20.200.165 | I77: =COUNTIF(L77:AM77,"") -> 28 | J77: =COUNTIF(L77:AM77,"APAGADO") -> 0 | K77: =(I77)/(J77+I77) -> 1
A78: CENTRO | B78: CEN 55 | C78: BONOMO | D78: BOUREL Y URQUIZA | E78: Domo | F78: Radio | H78: 172.20.200.163 | I78: =COUNTIF(L78:AM78,"") -> 28 | J78: =COUNTIF(L78:AM78,"APAGADO") -> 0 | K78: =(I78)/(J78+I78) -> 1
A79: CENTRO | B79: CEN 56 | C79: BONOMO | D79: Newbery y Falucho | E79: DOMO | F79: Radio | H79: 172.20.200.161 | I79: =COUNTIF(L79:AM79,"") -> 26 | J79: =COUNTIF(L79:AM79,"APAGADO") -> 2 | K79: =(I79)/(J79+I79) -> 0.92857143 | Q79: APAGADO | AG79: APAGADO
A80: CENTRO | B80: CEN 57 | C80: BONOMO | D80: 25 DE MAYO Y DORREGO | E80: DOMO | F80: Radio | H80: 172.20.200.199 | I80: =COUNTIF(L80:AM80,"") -> 28 | J80: =COUNTIF(L80:AM80,"APAGADO") -> 0 | K80: =(I80)/(J80+I80) -> 1
A81: CENTRO | B81: CEN 58 | C81: BONOMO | D81: EEUU Y MORENO | E81: DOMO | F81: Fibra Optica | H81: 172.20.11.84 | I81: =COUNTIF(L81:AM81,"") -> 28 | J81: =COUNTIF(L81:AM81,"APAGADO") -> 0 | K81: =(I81)/(J81+I81) -> 1
A82: CENTRO | B82: CEN59 | C82: BONOMO | D82: CHACABUCO Y BOUREL | E82: DOMO | F82: Radio | H82: 172.20.200.188 | I82: =COUNTIF(L82:AM82,"") -> 28 | J82: =COUNTIF(L82:AM82,"APAGADO") -> 0 | K82: =(I82)/(J82+I82) -> 1
A83: CENTRO | B83: CEN 60 | C83: BONOMO | D83: RECONQUISTA Y ILLIA | E83: DOMO | F83: PTO A FO | G83: ILLIA Y LAS HERAS | H83: 172.20.12.67 | I83: =COUNTIF(L83:AM83,"") -> 22 | J83: =COUNTIF(L83:AM83,"APAGADO") -> 6 | K83: =(I83)/(J83+I83) -> 0.78571429 | V83: APAGADO | Z83: APAGADO | AA83: APAGADO | AB83: APAGADO | AC83: APAGADO | AD83: APAGADO
A84: CENTRO | B84: CEN 61 | C84: BONOMO | D84: BOUREL Y MAIPU | E84: DOMO | F84: Radio | H84: 172.20.200.159 | I84: =COUNTIF(L84:AM84,"") -> 28 | J84: =COUNTIF(L84:AM84,"APAGADO") -> 0 | K84: =(I84)/(J84+I84) -> 1
A85: CENTRO | B85: CEN62 | C85: BONOMO | D85: ESPAÑA Y ALEM | E85: DOMO | F85: PTO A FO | G85: SAN MARTIN Y ALEM | H85: 172.20.12.82 | I85: =COUNTIF(L85:AM85,"") -> 28 | J85: =COUNTIF(L85:AM85,"APAGADO") -> 0 | K85: =(I85)/(J85+I85) -> 1
A86: CENTRO | B86: CEN63 | C86: BONOMO | D86: SAN MARTIN Y URQUIZA | E86: DOMO | F86: Fibra Optica | H86: 172.20.11.112 | I86: =COUNTIF(L86:AM86,"") -> 28 | J86: =COUNTIF(L86:AM86,"APAGADO") -> 0 | K86: =(I86)/(J86+I86) -> 1
A87: CENTRO | B87: CEN64 | C87: BONOMO | D87: SAN MARTIN Y BOCCUZZI | E87: FIJA | F87: Fibra Optica | H87: 172.20.11.134 | I87: =COUNTIF(L87:AM87,"") -> 28 | J87: =COUNTIF(L87:AM87,"APAGADO") -> 0 | K87: =(I87)/(J87+I87) -> 1
A88: CENTRO | B88: CEN 65 | C88: BONOMO | D88: SAN MARTIN Y JUAN PERON | E88: FIJA | F88: Fibra Optica | H88: 172.20.11.135 | I88: =COUNTIF(L88:AM88,"") -> 27 | J88: =COUNTIF(L88:AM88,"APAGADO") -> 1 | K88: =(I88)/(J88+I88) -> 0.96428571 | Q88: APAGADO
A89: CENTRO | B89: CEN66 | C89: BONOMO | D89: SAN MARTIN Y JUAN PERON | E89: FIJA | F89: Fibra Optica | H89: 172.20.11.136 | I89: =COUNTIF(L89:AM89,"") -> 27 | J89: =COUNTIF(L89:AM89,"APAGADO") -> 1 | K89: =(I89)/(J89+I89) -> 0.96428571 | Q89: APAGADO
A90: CENTRO | B90: CEN67 (fija 1) | C90: BONOMO | D90: 9 DE JULIO Y BROWN | E90: Fija | F90: Fibra Optica | H90: 172.20.11.188 | I90: =COUNTIF(L90:AM90,"") -> 28 | J90: =COUNTIF(L90:AM90,"APAGADO") -> 0 | K90: =(I90)/(J90+I90) -> 1
A91: CENTRO | B91: CEN68 (fija 2) | C91: BONOMO | D91: 9 DE JULIO Y BROWN | E91: Fija | F91: Fibra Optica | H91: 172.20.11.189 | I91: =COUNTIF(L91:AM91,"") -> 28 | J91: =COUNTIF(L91:AM91,"APAGADO") -> 0 | K91: =(I91)/(J91+I91) -> 1
A92: CENTRO | B92: CEN69 | C92: BONOMO | D92: RIVADAVIA Y BOUREL | E92: DOMO | F92: Fibra Optica | H92: 172.20.11.222 | I92: =COUNTIF(L92:AM92,"") -> 28 | J92: =COUNTIF(L92:AM92,"APAGADO") -> 0 | K92: =(I92)/(J92+I92) -> 1
A93: CENTRO | B93: CEN 70 | C93: BONOMO | D93: RIVADAVIA Y 25 MAYO | E93: Domo | F93: Fibra Optica | H93: 172.20.11.221 | I93: =COUNTIF(L93:AM93,"") -> 28 | J93: =COUNTIF(L93:AM93,"APAGADO") -> 0 | K93: =(I93)/(J93+I93) -> 1
A94: CENTRO | B94: CEN 71 | C94: BONOMO | D94: MORENO Y BOUREL | E94: Domo | F94: Fibra Optica | H94: 172.20.11.220 | I94: =COUNTIF(L94:AM94,"") -> 28 | J94: =COUNTIF(L94:AM94,"APAGADO") -> 0 | K94: =(I94)/(J94+I94) -> 1
A95: CENTRO | B95: CEN 72 | C95: BONOMO | D95: MORENO Y 25 DE MAYO | E95: Domo | F95: Fibra Optica | H95: 172.20.11.219 | I95: =COUNTIF(L95:AM95,"") -> 28 | J95: =COUNTIF(L95:AM95,"APAGADO") -> 0 | K95: =(I95)/(J95+I95) -> 1
A96: CENTRO | B96: CEN73 | C96: BONOMO | D96: BOUREL Y DEFENSA | E96: DOMO | F96: Fibra Optica | H96: 172.20.11.223 | I96: =COUNTIF(L96:AM96,"") -> 28 | J96: =COUNTIF(L96:AM96,"APAGADO") -> 0 | K96: =(I96)/(J96+I96) -> 1
A97: CENTRO | B97: CEN74 | C97: BONOMO | D97: Las Heras y Maipu | E97: Domo | F97: Fibra Optica | H97: 172.20.11.53 | I97: =COUNTIF(L97:AM97,"") -> 28 | J97: =COUNTIF(L97:AM97,"APAGADO") -> 0 | K97: =(I97)/(J97+I97) -> 1
A98: CENTRO | B98: CEN 75 | C98: BONOMO | D98: 25 DE MAYO Y CASTELLI | E98: Domo | F98: Fibra Optica | H98: 172.20.11.114 | I98: =COUNTIF(L98:AM98,"") -> 28 | J98: =COUNTIF(L98:AM98,"APAGADO") -> 0 | K98: =(I98)/(J98+I98) -> 1
A99: CENTRO | B99: CEN 76 | C99: BONOMO | D99: ESPAÑA E/MITRE Y BOCUZZI | E99: Fija | F99: Fibra Optica | H99: 172-20.11.110 | I99: =COUNTIF(L99:AM99,"") -> 28 | J99: =COUNTIF(L99:AM99,"APAGADO") -> 0 | K99: =(I99)/(J99+I99) -> 1
A100: CENTRO | B100: CEN 77 | C100: BONOMO | D100: Monteagudo e/ Mitre y Boccuzzi | E100: Fija | F100: Fibra Optica | H100: 172.20.11.241 | I100: =COUNTIF(L100:AM100,"") -> 28 | J100: =COUNTIF(L100:AM100,"APAGADO") -> 0 | K100: =(I100)/(J100+I100) -> 1
A101: CENTRO | B101: CEN 78 | C101: BONOMO | D101: Mitre e/Monteagudo y Alberdi | E101: Fija | F101: Fibra Optica | H101: 172.20.11.240 | I101: =COUNTIF(L101:AM101,"") -> 27 | J101: =COUNTIF(L101:AM101,"APAGADO") -> 1 | K101: =(I101)/(J101+I101) -> 0.96428571 | Y101: APAGADO
A102: CENTRO | B102: CEN 79 | C102: BONOMO | D102: Diag. Constituyente y Brown | E102: Fija | F102: Fibra Optica | H102: 172.20.11.243 | I102: =COUNTIF(L102:AM102,"") -> 27 | J102: =COUNTIF(L102:AM102,"APAGADO") -> 1 | K102: =(I102)/(J102+I102) -> 0.96428571 | Y102: APAGADO
A103: CENTRO | B103: CEN 80 | C103: BONOMO | D103: Diag. Constituyente y Brown | E103: Fija | F103: Fibra Optica | H103: 172.20.11.244 | I103: =COUNTIF(L103:AM103,"") -> 27 | J103: =COUNTIF(L103:AM103,"APAGADO") -> 1 | K103: =(I103)/(J103+I103) -> 0.96428571 | Y103: APAGADO
...

Sheet ESTADISTICA
A1: ='RESUMEN TOTAL'!A4 -> Barrio | B1: ='RESUMEN TOTAL'!B4 -> [Denominacion] | C1: ='RESUMEN TOTAL'!D4 -> [Ubicacion] | D1: ='RESUMEN TOTAL'!E4 -> [Tipo de Camara] | E1: ='RESUMEN TOTAL'!F4 -> [Tipo de Conexion] | F1: ='RESUMEN TOTAL'!L4 -> 45108 | G1: ='RESUMEN TOTAL'!M4 -> 45109 | H1: ='RESUMEN TOTAL'!N4 -> 45110 | I1: ='RESUMEN TOTAL'!O4 -> 45111 | J1: ='RESUMEN TOTAL'!P4 -> 45112 | K1: ='RESUMEN TOTAL'!Q4 -> 45113 | L1: ='RESUMEN TOTAL'!R4 -> 45114 | M1: ='RESUMEN TOTAL'!S4 -> 45115 | ... AI1: ='RESUMEN TOTAL'!AO4 -> 45137 | AJ1: ='RESUMEN TOTAL'!#REF! -> #REF!
A2: ='RESUMEN TOTAL'!A5 -> ALTAMIRA | B2: ='RESUMEN TOTAL'!B5 -> ALT01 | C2: ='RESUMEN TOTAL'!D5 -> Calchaqui y Sgto. Cabral | D2: ='RESUMEN TOTAL'!E5 -> Domo | E2: ='RESUMEN TOTAL'!F5 -> Fibra Optica | F2: ='RESUMEN TOTAL'!L5 -> 0 | G2: ='RESUMEN TOTAL'!M5 -> 0 | H2: ='RESUMEN TOTAL'!N5 -> 0 | I2: ='RESUMEN TOTAL'!O5 -> 0 | J2: ='RESUMEN TOTAL'!P5 -> 0 | K2: ='RESUMEN TOTAL'!Q5 -> 0 | L2: ='RESUMEN TOTAL'!R5 -> 0 | M2: ='RESUMEN TOTAL'!S5 -> 0 | ... AI2: ='RESUMEN TOTAL'!AO5 -> 0 | AJ2: ='RESUMEN TOTAL'!#REF! -> #REF!
A3: ='RESUMEN TOTAL'!A6 -> ALTAMIRA | B3: ='RESUMEN TOTAL'!B6 -> ALT02 | C3: ='RESUMEN TOTAL'!D6 -> Calchaqui y Lope de Vega | D3: ='RESUMEN TOTAL'!E6 -> Domo | E3: ='RESUMEN TOTAL'!F6 -> PTO A FO | F3: ='RESUMEN TOTAL'!L6 -> 0 | G3: ='RESUMEN TOTAL'!M6 -> 0 | H3: ='RESUMEN TOTAL'!N6 -> 0 | I3: ='RESUMEN TOTAL'!O6 -> 0 | J3: ='RESUMEN TOTAL'!P6 -> 0 | K3: ='RESUMEN TOTAL'!Q6 -> 0 | L3: ='RESUMEN TOTAL'!R6 -> 0 | M3: ='RESUMEN TOTAL'!S6 -> 0 | ... AI3: ='RESUMEN TOTAL'!AO6 -> 0 | AJ3: ='RESUMEN TOTAL'!#REF! -> #REF!
A4: ='RESUMEN TOTAL'!A7 -> ALTAMIRA | B4: ='RESUMEN TOTAL'!B7 -> ALT 03 | C4: ='RESUMEN TOTAL'!D7 -> Bombero Galarza y Necochea | D4: ='RESUMEN TOTAL'!E7 -> Domo | E4: ='RESUMEN TOTAL'!F7 -> Fibra Optica | F4: ='RESUMEN TOTAL'!L7 -> 0 | G4: ='RESUMEN TOTAL'!M7 -> 0 | H4: ='RESUMEN TOTAL'!N7 -> 0 | I4: ='RESUMEN TOTAL'!O7 -> 0 | J4: ='RESUMEN TOTAL'!P7 -> 0 | K4: ='RESUMEN TOTAL'!Q7 -> 0 | L4: ='RESUMEN TOTAL'!R7 -> 0 | M4: ='RESUMEN TOTAL'!S7 -> 0 | ... AI4: ='RESUMEN TOTAL'!AO7 -> 0 | AJ4: ='RESUMEN TOTAL'!#REF! -> #REF!
A5: ='RESUMEN TOTAL'!A8 -> ALTAMIRA | B5: ='RESUMEN TOTAL'!B8 -> ALT 04 | C5: ='RESUMEN TOTAL'!D8 -> Francia y Necochea | D5: ='RESUMEN TOTAL'!E8 -> Domo | E5: ='RESUMEN TOTAL'!F8 -> Fibra Optica | F5: ='RESUMEN TOTAL'!L8 -> 0 | G5: ='RESUMEN TOTAL'!M8 -> 0 | H5: ='RESUMEN TOTAL'!N8 -> 0 | I5: ='RESUMEN TOTAL'!O8 -> 0 | J5: ='RESUMEN TOTAL'!P8 -> 0 | K5: ='RESUMEN TOTAL'!Q8 -> 0 | L5: ='RESUMEN TOTAL'!R8 -> 0 | M5: ='RESUMEN TOTAL'!S8 -> 0 | ... AI5: ='RESUMEN TOTAL'!AO8 -> 0 | AJ5: ='RESUMEN TOTAL'!#REF! -> #REF!
A6: ='RESUMEN TOTAL'!A9 -> ALTAMIRA | B6: ='RESUMEN TOTAL'!B9 -> ALT05 | C6: ='RESUMEN TOTAL'!D9 -> Av. Calchaqui y Bombero Galarza | D6: ='RESUMEN TOTAL'!E9 -> Domo | E6: ='RESUMEN TOTAL'!F9 -> PTO A FO | F6: ='RESUMEN TOTAL'!L9 -> 0 | G6: ='RESUMEN TOTAL'!M9 -> 0 | H6: ='RESUMEN TOTAL'!N9 -> 0 | I6: ='RESUMEN TOTAL'!O9 -> 0 | J6: ='RESUMEN TOTAL'!P9 -> 0 | K6: ='RESUMEN TOTAL'!Q9 -> 0 | L6: ='RESUMEN TOTAL'!R9 -> 0 | M6: ='RESUMEN TOTAL'!S9 -> 0 | ... AI6: ='RESUMEN TOTAL'!AO9 -> 0 | AJ6: ='RESUMEN TOTAL'!#REF! -> #REF!
A7: ='RESUMEN TOTAL'!A10 -> ALTAMIRA | B7: ='RESUMEN TOTAL'!B10 -> ALT 06 | C7: ='RESUMEN TOTAL'!D10 -> LOPE DE VEGA Y NECOCHEA | D7: ='RESUMEN TOTAL'!E10 -> Domo | E7: ='RESUMEN TOTAL'!F10 -> PTO A FO | F7: ='RESUMEN TOTAL'!L10 -> 0 | G7: ='RESUMEN TOTAL'!M10 -> 0 | H7: ='RESUMEN TOTAL'!N10 -> 0 | I7: ='RESUMEN TOTAL'!O10 -> 0 | J7: ='RESUMEN TOTAL'!P10 -> 0 | K7: ='RESUMEN TOTAL'!Q10 -> 0 | L7: ='RESUMEN TOTAL'!R10 -> 0 | M7: ='RESUMEN TOTAL'!S10 -> 0 | ... AI7: ='RESUMEN TOTAL'!AO10 -> 0 | AJ7: ='RESUMEN TOTAL'!#REF! -> #REF!
A8: ='RESUMEN TOTAL'!A11 -> ALTAMIRA | B8: ='RESUMEN TOTAL'!B11 -> ALT07 | C8: ='RESUMEN TOTAL'!D11 -> AV. CALCHAQUI Y AV. DEL TRABAJO | D8: ='RESUMEN TOTAL'!E11 -> DOMO | E8: ='RESUMEN TOTAL'!F11 -> PTO A FO | F8: ='RESUMEN TOTAL'!L11 -> 0 | G8: ='RESUMEN TOTAL'!M11 -> 0 | H8: ='RESUMEN TOTAL'!N11 -> 0 | I8: ='RESUMEN TOTAL'!O11 -> 0 | J8: ='RESUMEN TOTAL'!P11 -> 0 | K8: ='RESUMEN TOTAL'!Q11 -> 0 | L8: ='RESUMEN TOTAL'!R11 -> 0 | M8: ='RESUMEN TOTAL'!S11 -> 0 | ... AI8: ='RESUMEN TOTAL'!AO11 -> 0 | AJ8: ='RESUMEN TOTAL'!#REF! -> #REF!
A9: ='RESUMEN TOTAL'!A12 -> ALTAMIRA | B9: ='RESUMEN TOTAL'!B12 -> ALT 08 | C9: ='RESUMEN TOTAL'!D12 -> HUMAITA Y NECOCHEA | D9: ='RESUMEN TOTAL'!E12 -> DOMO | E9: ='RESUMEN TOTAL'!F12 -> Fibra Optica | F9: ='RESUMEN TOTAL'!L12 -> 0 | G9: ='RESUMEN TOTAL'!M12 -> 0 | H9: ='RESUMEN TOTAL'!N12 -> 0 | I9: ='RESUMEN TOTAL'!O12 -> 0 | J9: ='RESUMEN TOTAL'!P12 -> 0 | K9: ='RESUMEN TOTAL'!Q12 -> 0 | L9: ='RESUMEN TOTAL'!R12 -> 0 | M9: ='RESUMEN TOTAL'!S12 -> 0 | ... AI9: ='RESUMEN TOTAL'!AO12 -> 0 | AJ9: ='RESUMEN TOTAL'!#REF! -> #REF!
A10: ='RESUMEN TOTAL'!A13 -> ALTAMIRA | B10: ='RESUMEN TOTAL'!B13 -> ALT 09 | C10: ='RESUMEN TOTAL'!D13 -> NECOCHEA Y CURUPAITY | D10: ='RESUMEN TOTAL'!E13 -> DOMO | E10: ='RESUMEN TOTAL'!F13 -> Fibra Optica | F10: ='RESUMEN TOTAL'!L13 -> 0 | G10: ='RESUMEN TOTAL'!M13 -> 0 | H10: ='RESUMEN TOTAL'!N13 -> 0 | I10: ='RESUMEN TOTAL'!O13 -> 0 | J10: ='RESUMEN TOTAL'!P13 -> 0 | K10: ='RESUMEN TOTAL'!Q13 -> APAGADO | L10: ='RESUMEN TOTAL'!R13 -> APAGADO | M10: ='RESUMEN TOTAL'!S13 -> 0 | ... AI10: ='RESUMEN TOTAL'!AO13 -> 0 | AJ10: ='RESUMEN TOTAL'!#REF! -> #REF!
A11: ='RESUMEN TOTAL'!A14 -> ALTAMIRA | B11: ='RESUMEN TOTAL'!B14 -> ALT 10 | C11: ='RESUMEN TOTAL'!D14 -> Calchaqui y Francia | D11: ='RESUMEN TOTAL'!E14 -> Domo | E11: ='RESUMEN TOTAL'!F14 -> Radio | F11: ='RESUMEN TOTAL'!L14 -> 0 | G11: ='RESUMEN TOTAL'!M14 -> 0 | H11: ='RESUMEN TOTAL'!N14 -> 0 | I11: ='RESUMEN TOTAL'!O14 -> 0 | J11: ='RESUMEN TOTAL'!P14 -> 0 | K11: ='RESUMEN TOTAL'!Q14 -> 0 | L11: ='RESUMEN TOTAL'!R14 -> 0 | M11: ='RESUMEN TOTAL'!S14 -> 0 | ... AI11: ='RESUMEN TOTAL'!AO14 -> 0 | AJ11: ='RESUMEN TOTAL'!#REF! -> #REF!
A12: ='RESUMEN TOTAL'!A15 -> AGUSTIN RAMIREZ | B12: ='RESUMEN TOTAL'!B15 -> ARA 01 | C12: ='RESUMEN TOTAL'!D15 -> Malambo y Tranquera | D12: ='RESUMEN TOTAL'!E15 -> Domo | E12: ='RESUMEN TOTAL'!F15 -> Fibra Optica | F12: ='RESUMEN TOTAL'!L15 -> 0 | G12: ='RESUMEN TOTAL'!M15 -> 0 | H12: ='RESUMEN TOTAL'!N15 -> 0 | I12: ='RESUMEN TOTAL'!O15 -> 0 | J12: ='RESUMEN TOTAL'!P15 -> 0 | K12: ='RESUMEN TOTAL'!Q15 -> 0 | L12: ='RESUMEN TOTAL'!R15 -> 0 | M12: ='RESUMEN TOTAL'!S15 -> 0 | ... AI12: ='RESUMEN TOTAL'!AO15 -> 0 | AJ12: ='RESUMEN TOTAL'!#REF! -> #REF!
... A638: ='RESUMEN TOTAL'!A641 -> 0 | B638: ='RESUMEN TOTAL'!B641 -> 0 | C638: ='RESUMEN TOTAL'!D641 -> 0 | D638: ='RESUMEN TOTAL'!E641 -> 0 | E638: ='RESUMEN TOTAL'!F641 -> 0 | F638: ='RESUMEN TOTAL'!L641 -> 0 | G638: ='RESUMEN TOTAL'!M641 -> 0 | H638: ='RESUMEN TOTAL'!N641 -> 0 | I638: ='RESUMEN TOTAL'!O641 -> 0 | J638: ='RESUMEN TOTAL'!P641 -> 0 | K638: ='RESUMEN TOTAL'!Q641 -> 0 | L638: ='RESUMEN TOTAL'!R641 -> 0 | M638: ='RESUMEN TOTAL'!S641 -> 0 | ... AI638: ='RESUMEN TOTAL'!AO641 -> 0 | AJ638: ='RESUMEN TOTAL'!#REF! -> #REF!

Sheet APAGADOS
E1: APAGADOS | F1: =COUNTIF(F3:F403, "APAGADO") -> 0 | G1: =COUNTIF(G3:G403, "APAGADO") -> 0 | H1: =COUNTIF(H3:H503, "APAGADO") -> 0 | I1: =COUNTIF(I3:I403, "APAGADO") -> 0 | J1: =COUNTIF(J3:J403, "APAGADO") -> 0 | K1: =COUNTIF(K3:K403, "APAGADO") -> 22 | L1: =COUNTIF(L3:L403, "APAGADO") -> 14 | M1: =COUNTIF(M3:M403, "APAGADO") -> 0 | N1: =COUNTIF(N3:N403, "APAGADO") -> 0 | O1: =COUNTIF(O3:O403, "APAGADO") -> 16 | P1: =COUNTIF(P3:P403, "APAGADO") -> 47 | ... AD1: =COUNTIF(AD3:AD403, "APAGADO") -> 0 | AE1: =COUNTIF(AE3:AE503, "APAGADO") -> 0 | AF1: =COUNTIF(AF3:AF403, "APAGADO") -> 0 | AG1: =COUNTIF(AG3:AG403, "APAGADO") -> 0 | AH1: =COUNTIF(AH3:AH403, "APAGADO") -> 0 | AI1: =COUNTIF(AI3:AI403, "APAGADO") -> 0 | AJ1: =COUNTIF(AJ3:AJ403, "APAGADO") -> 0
A2: =ESTADISTICA!A1 -> Barrio | B2: =ESTADISTICA!B1 -> [Denominacion] | C2: =ESTADISTICA!C1 -> [Ubicacion] | D2: =ESTADISTICA!D1 -> [Tipo de Camara] | E2: =ESTADISTICA!E1 -> [Tipo de Conexion] | F2: =ESTADISTICA!F1 -> 45108 | G2: =ESTADISTICA!G1 -> 45109 | H2: =ESTADISTICA!H1 -> 45110 | ... AJ2: =ESTADISTICA!AJ1 -> #REF!
A3: =ESTADISTICA!A2 -> ALTAMIRA | B3: =ESTADISTICA!B2 -> ALT01 | C3: =ESTADISTICA!C2 -> Calchaqui y Sgto. Cabral | D3: =ESTADISTICA!D2 -> Domo | E3: =ESTADISTICA!E2 -> Fibra Optica | F3: =ESTADISTICA!F2 -> 0 | G3: =ESTADISTICA!G2 -> 0 | H3: =ESTADISTICA!H2 -> 0 | ... AJ3: =ESTADISTICA!AJ2 -> #REF!
A4: =ESTADISTICA!A3 -> ALTAMIRA | B4: =ESTADISTICA!B3 -> ALT02 | C4: =ESTADISTICA!C3 -> Calchaqui y Lope de Vega | D4: =ESTADISTICA!D3 -> Domo | E4: =ESTADISTICA!E3 -> PTO A FO | F4: =ESTADISTICA!F3 -> 0 | G4: =ESTADISTICA!G3 -> 0 | H4: =ESTADISTICA!H3 -> 0 | ... AJ4: =ESTADISTICA!AJ3 -> #REF!
A5: =ESTADISTICA!A4 -> ALTAMIRA | B5: =ESTADISTICA!B4 -> ALT 03 | C5: =ESTADISTICA!C4 -> Bombero Galarza y Necochea | D5: =ESTADISTICA!D4 -> Domo | E5: =ESTADISTICA!E4 -> Fibra Optica | F5: =ESTADISTICA!F4 -> 0 | G5: =ESTADISTICA!G4 -> 0 | H5: =ESTADISTICA!H4 -> 0 | ... AJ5: =ESTADISTICA!AJ4 -> #REF!
A6: =ESTADISTICA!A5 -> ALTAMIRA | B6: =ESTADISTICA!B5 -> ALT 04 | C6: =ESTADISTICA!C5 -> Francia y Necochea | D6: =ESTADISTICA!D5 -> Domo | E6: =ESTADISTICA!E5 -> Fibra Optica | F6: =ESTADISTICA!F5 -> 0 | G6: =ESTADISTICA!G5 -> 0 | H6: =ESTADISTICA!H5 -> 0 | ... AJ6: =ESTADISTICA!AJ5 -> #REF!
A7: =ESTADISTICA!A6 -> ALTAMIRA | B7: =ESTADISTICA!B6 -> ALT05 | C7: =ESTADISTICA!C6 -> Av. Calchaqui y Bombero Galarza | D7: =ESTADISTICA!D6 -> Domo | E7: =ESTADISTICA!E6 -> PTO A FO | F7: =ESTADISTICA!F6 -> 0 | G7: =ESTADISTICA!G6 -> 0 | H7: =ESTADISTICA!H6 -> 0 | ... AJ7: =ESTADISTICA!AJ6 -> #REF!
A8: =ESTADISTICA!A7 -> ALTAMIRA | B8: =ESTADISTICA!B7 -> ALT 06 | C8: =ESTADISTICA!C7 -> LOPE DE VEGA Y NECOCHEA | D8: =ESTADISTICA!D7 -> Domo | E8: =ESTADISTICA!E7 -> PTO A FO | F8: =ESTADISTICA!F7 -> 0 | G8: =ESTADISTICA!G7 -> 0 | H8: =ESTADISTICA!H7 -> 0 | ... AJ8: =ESTADISTICA!AJ7 -> #REF!
A9: =ESTADISTICA!A8 -> ALTAMIRA | B9: =ESTADISTICA!B8 -> ALT07 | C9: =ESTADISTICA!C8 -> AV. CALCHAQUI Y AV. DEL TRABAJO | D9: =ESTADISTICA!D8 -> DOMO | E9: =ESTADISTICA!E8 -> PTO A FO | F9: =ESTADISTICA!F8 -> 0 | G9: =ESTADISTICA!G8 -> 0 | H9: =ESTADISTICA!H8 -> 0 | ... AJ9: =ESTADISTICA!AJ8 -> #REF!
A10: =ESTADISTICA!A9 -> ALTAMIRA | B10: =ESTADISTICA!B9 -> ALT 08 | C10: =ESTADISTICA!C9 -> HUMAITA Y NECOCHEA | D10: =ESTADISTICA!D9 -> DOMO | E10: =ESTADISTICA!E9 -> Fibra Optica | F10: =ESTADISTICA!F9 -> 0 | G10: =ESTADISTICA!G9 -> 0 | H10: =ESTADISTICA!H9 -> 0 | ... AJ10: =ESTADISTICA!AJ9 -> #REF!
A11: =ESTADISTICA!A10 -> ALTAMIRA | B11: =ESTADISTICA!B10 -> ALT 09 | C11: =ESTADISTICA!C10 -> NECOCHEA Y CURUPAITY | D11: =ESTADISTICA!D10 -> DOMO | E11: =ESTADISTICA!E10 -> Fibra Optica | F11: =ESTADISTICA!F10 -> 0 | G11: =ESTADISTICA!G10 -> 0 | H11: =ESTADISTICA!H10 -> 0 | ... AJ11: =ESTADISTICA!AJ10 -> #REF!
A12: =ESTADISTICA!A11 -> ALTAMIRA | B12: =ESTADISTICA!B11 -> ALT 10 | C12: =ESTADISTICA!C11 -> Calchaqui y Francia | D12: =ESTADISTICA!D11 -> Domo | E12: =ESTADISTICA!E11 -> Radio | F12: =ESTADISTICA!F11 -> 0 | G12: =ESTADISTICA!G11 -> 0 | H12: =ESTADISTICA!H11 -> 0 | ... AJ12: =ESTADISTICA!AJ11 -> #REF!
A13: =ESTADISTICA!A12 -> AGUSTIN RAMIREZ | B13: =ESTADISTICA!B12 -> ARA 01 | C13: =ESTADISTICA!C12 -> Malambo y Tranquera | D13: =ESTADISTICA!D12 -> Domo | E13: =ESTADISTICA!E12 -> Fibra Optica | F13: =ESTADISTICA!F12 -> 0 | G13: =ESTADISTICA!G12 -> 0 | H13: =ESTADISTICA!H12 -> 0 | ... AJ13: =ESTADISTICA!AJ12 -> #REF!
... A207: =ESTADISTICA!A206 -> SAN EMILIO | B207: =ESTADISTICA!B206 -> MFI06 | C207: =ESTADISTICA!C206 -> Con. Gral. Belgrano y Bombero Galarza | D207: =ESTADISTICA!D206 -> DOMO | E207: =ESTADISTICA!E206 -> Radio | F207: =ESTADISTICA!F206 -> 0 | G207: =ESTADISTICA!G206 -> 0 | H207: =ESTADISTICA!H206 -> 0 | ... AJ207: =ESTADISTICA!AJ206 -> #REF!
A208: =ESTADISTICA!A208 -> MARTIN FIERRO | B208: =ESTADISTICA!B208 -> MFI 08 | C208: =ESTADISTICA!C208 -> Braile y Batalla de Callao | D208: =ESTADISTICA!D208 -> Domo | E208: =ESTADISTICA!E208 -> PTO A FO | F208: =ESTADISTICA!F208 -> 0 | G208: =ESTADISTICA!G208 -> 0 | H208: =ESTADISTICA!H208 -> 0 | ... AJ208: =ESTADISTICA!AJ208 -> #REF!
A209: =ESTADISTICA!A209 -> GOBERNADOR MONTEVERDE | B209: =ESTADISTICA!B209 -> MON01 | C209: =ESTADISTICA!C209 -> San Martin y Patricias Argentinas | D209: =ESTADISTICA!D209 -> Fija | E209: =ESTADISTICA!E209 -> Fibra Optica | F209: =ESTADISTICA!F209 -> 0 | G209: =ESTADISTICA!G209 -> 0 | H209: =ESTADISTICA!H209 -> 0 | ... AJ209: =ESTADISTICA!AJ209 -> #REF!
A210: =ESTADISTICA!A210 -> GOBERNADOR MONTEVERDE | B210: =ESTADISTICA!B210 -> MON02 | C210: =ESTADISTICA!C210 -> Senzabello y Famatina | D210: =ESTADISTICA!D210 -> Domo | E210: =ESTADISTICA!E210 -> Radio | F210: =ESTADISTICA!F210 -> 0 | G210: =ESTADISTICA!G210 -> 0 | H210: =ESTADISTICA!H210 -> 0 | ... AJ210: =ESTADISTICA!AJ210 -> #REF!
A211: =ESTADISTICA!A211 -> GOBERNADOR MONTEVERDE | B211: =ESTADISTICA!B211 -> MON03 | C211: =ESTADISTICA!C211 -> Senzabello y Guemes | D211: =ESTADISTICA!D211 -> Domo | E211: =ESTADISTICA!E211 -> Radio | F211: =ESTADISTICA!F211 -> 0 | G211: =ESTADISTICA!G211 -> 0 | H211: =ESTADISTICA!H211 -> 0 | ... AJ211: =ESTADISTICA!AJ211 -> #REF!
A212: =ESTADISTICA!A212 -> GOBERNADOR MONTEVERDE | B212: =ESTADISTICA!B212 -> MON04 | C212: =ESTADISTICA!C212 -> Av. Yrigoyen y San Lorenzo | D212: =ESTADISTICA!D212 -> Domo | E212: =ESTADISTICA!E212 -> Radio | F212: =ESTADISTICA!F212 -> 0 | G212: =ESTADISTICA!G212 -> 0 | H212: =ESTADISTICA!H212 -> 0 | ... AJ212: =ESTADISTICA!AJ212 -> #REF!
A213: =ESTADISTICA!A213 -> 9 DE JULIO | B213: =ESTADISTICA!B213 -> NJU 01 | C213: =ESTADISTICA!C213 -> Sallares y Parrillo | D213: =ESTADISTICA!D213 -> Domo | E213: =ESTADISTICA!E213 -> Fibra Optica | F213: =ESTADISTICA!F213 -> 0 | G213: =ESTADISTICA!G213 -> 0 | H213: =ESTADISTICA!H213 -> 0 | ... AJ213: =ESTADISTICA!AJ213 -> #REF!
A214: =ESTADISTICA!A214 -> 9 DE JULIO | B214: =ESTADISTICA!B214 -> NJU02 | C214: =ESTADISTICA!C214 -> Ituzaingo y Boccuzzi | D214: =ESTADISTICA!D214 -> Domo | E214: =ESTADISTICA!E214 -> Radio | F214: =ESTADISTICA!F214 -> 0 | G214: =ESTADISTICA!G214 -> 0 | H214: =ESTADISTICA!H214 -> 0 | ... AJ214: =ESTADISTICA!AJ214 -> #REF!
A215: =ESTADISTICA!A215 -> 9 DE JULIO | B215: =ESTADISTICA!B215 -> NJU03 | C215: =ESTADISTICA!C215 -> San Juan y Parrillo | D215: =ESTADISTICA!D215 -> Domo | E215: =ESTADISTICA!E215 -> PTO A FO | F215: =ESTADISTICA!F215 -> 0 | G215: =ESTADISTICA!G215 -> 0 | H215: =ESTADISTICA!H215 -> 0 | ... AJ215: =ESTADISTICA!AJ215 -> #REF!
A216: =ESTADISTICA!A216 -> 9 DE JULIO | B216: =ESTADISTICA!B216 -> NJU04 | C216: =ESTADISTICA!C216 -> Ituzaingo y 214 A | D216: =ESTADISTICA!D216 -> Domo | E216: =ESTADISTICA!E216 -> Radio | F216: =ESTADISTICA!F216 -> 0 | G216: =ESTADISTICA!G216 -> 0 | H216: =ESTADISTICA!H216 -> 0 | ... AJ216: =ESTADISTICA!AJ216 -> #REF!
A217: =ESTADISTICA!A217 -> ZEBALLOS CENTRO | B217: =ESTADISTICA!B217 -> NJU05 | C217: =ESTADISTICA!C217 -> Ituzaingo y Alem | D217: =ESTADISTICA!D217 -> Domo | E217: =ESTADISTICA!E217 -> Radio | F217: =ESTADISTICA!F217 -> 0 | G217: =ESTADISTICA!G217 -> 0 | H217: =ESTADISTICA!H217 -> 0 | ... AJ217: =ESTADISTICA!AJ217 -> #REF!
A218: =ESTADISTICA!A218 -> CENTRO | B218: =ESTADISTICA!B218 -> NJU06 | C218: =ESTADISTICA!C218 -> Sallares y Rodo | D218: =ESTADISTICA!D218 -> Domo | E218: =ESTADISTICA!E218 -> Fibra Optica | F218: =ESTADISTICA!F218 -> 0 | G218: =ESTADISTICA!G218 -> 0 | H218: =ESTADISTICA!H218 -> 0 | ... AJ218: =ESTADISTICA!AJ218 -> #REF!
A219: =ESTADISTICA!A219 -> 9 DE JULIO | B219: =ESTADISTICA!B219 -> NJU07 | C219: =ESTADISTICA!C219 -> Gral. Juan Domingo Peron y Parrillo | D219: =ESTADISTICA!D219 -> Domo | E219: =ESTADISTICA!E219 -> Fibra Optica | F219: =ESTADISTICA!F219 -> 0 | G219: =ESTADISTICA!G219 -> 0 | H219: =ESTADISTICA!H219 -> 0 | ... AJ219: =ESTADISTICA!AJ219 -> #REF!
... A516: =ESTADISTICA!A516 -> 0 | B516: =ESTADISTICA!B516 -> 0 | C516: =ESTADISTICA!C516 -> 0 | D516: =ESTADISTICA!D516 -> 0 | E516: =ESTADISTICA!E516 -> 0 | F516: =ESTADISTICA!F516 -> 0 | G516: =ESTADISTICA!G516 -> 0 | H516: =ESTADISTICA!H516 -> 0 | ... AJ516: =ESTADISTICA!AJ516 -> #REF!

Sheet APAGADOS FIBRA
C1: TOTAL FIBRA | D1: =COUNTIFS(E4:E401,"=Fibra Optica") -> 271
E2: APAGADOS | F2: =COUNTIFS(F4:F501, "=APAGADO",E4:E501,"=Fibra Optica") -> 0 | G2: =COUNTIFS(G4:G501, "=APAGADO",E4:E501,"=Fibra Optica") -> 0 | H2: =COUNTIFS(H4:H501, "=APAGADO",E4:E501,"=Fibra Optica") -> 0 | I2: =COUNTIFS(I4:I501, "=APAGADO",E4:E501,"=Fibra Optica") -> 0 | J2: =COUNTIFS(J4:J501, "=APAGADO",E4:E501,"=Fibra Optica") -> 0 | K2: =COUNTIFS(K4:K501, "=APAGADO",E4:E501,"=Fibra Optica") -> 21 | L2: =COUNTIFS(L4:L501, "=APAGADO",E4:E501,"=Fibra Optica") -> 8 | M2: =COUNTIFS(M4:M501, "=APAGADO",E4:E501,"=Fibra Optica") -> 0 | N2: =COUNTIFS(N4:N501, "=APAGADO",E4:E501,"=Fibra Optica") -> 0 | O2: =COUNTIFS(O4:O501, "=APAGADO",E4:E501,"=Fibra Optica") -> 6 | P2: =COUNTIFS(P4:P501, "=APAGADO",E4:E501,"=Fibra Optica") -> 33 | Q2: =COUNTIFS(Q4:Q501, "=APAGADO",E4:E501,"=Fibra Optica") -> 32 | R2: =COUNTIFS(R4:R501, "=APAGADO",E4:E501,"=Fibra Optica") -> 55 | S2: =COUNTIFS(S4:S501, "=APAGADO",E4:E501,"=Fibra Optica") -> 98 | T2: =COUNTIFS(T4:T501, "=APAGADO",E4:E501,"=Fibra Optica") -> 29 | U2: =COUNTIFS(U4:U501, "=APAGADO",E4:E501,"=Fibra Optica") -> 44 | V2: =COUNTIFS(V4:V501, "=APAGADO",E4:E501,"=Fibra Optica") -> 75 | W2: =COUNTIFS(W4:W501, "=APAGADO",E4:E501,"=Fibra Optica") -> 69 | X2: =COUNTIFS(X4:X501, "=APAGADO",E4:E501,"=Fibra Optica") -> 79 | Y2: =COUNTIFS(Y4:Y501, "=APAGADO",E4:E501,"=Fibra Optica") -> 34 | Z2: =COUNTIFS(Z4:Z501, "=APAGADO",E4:E501,"=Fibra Optica") -> 31 | AA2: =COUNTIFS(AA4:AA501, "=APAGADO",E4:E501,"=Fibra Optica") -> 32 | AB2: =COUNTIFS(AB4:AB501, "=APAGADO",E4:E501,"=Fibra Optica") -> 0 | AC2: =COUNTIFS(AC4:AC501, "=APAGADO",E4:E501,"=Fibra Optica") -> 0 | AD2: =COUNTIFS(AD4:AD501, "=APAGADO",E4:E501,"=Fibra Optica") -> 0 | AE2: =COUNTIFS(AE4:AE501, "=APAGADO",E4:E501,"=Fibra Optica") -> 0 | AF2: =COUNTIFS(AF4:AF501, "=APAGADO",E4:E501,"=Fibra Optica") -> 0 | AG2: =COUNTIFS(AG4:AG501, "=APAGADO",E4:E501,"=Fibra Optica") -> 0 | AH2: =COUNTIFS(AH4:AH501, "=APAGADO",E4:E501,"=Fibra Optica") -> 0 | AI2: =COUNTIFS(AI4:AI401, "=APAGADO",E4:E401,"=Fibra Optica") -> 0 | AJ2: =COUNTIFS(AJ4:AJ401, "=APAGADO",F4:F401,"=Fibra Optica") -> 0
A3: =ESTADISTICA!A1 -> Barrio | B3: =ESTADISTICA!B1 -> [Denominacion] | C3: =ESTADISTICA!C1 -> [Ubicacion] | D3: =ESTADISTICA!D1 -> [Tipo de Camara] | E3: =ESTADISTICA!E1 -> [Tipo de Conexion] | F3: =ESTADISTICA!F1 -> 45108 | G3: =ESTADISTICA!G1 -> 45109 | H3: =ESTADISTICA!H1 -> 45110 | ... AJ3: =ESTADISTICA!AJ1 -> #REF!
A4: ='RESUMEN TOTAL'!A7 -> ALTAMIRA | B4: ='RESUMEN TOTAL'!B7 -> ALT 03 | C4: ='RESUMEN TOTAL'!D7 -> Bombero Galarza y Necochea | D4: ='RESUMEN TOTAL'!E7 -> Domo | E4: ='RESUMEN TOTAL'!F7 -> Fibra Optica | F4: ='RESUMEN TOTAL'!L7 -> 0 | G4: ='RESUMEN TOTAL'!M7 -> 0 | H4: ='RESUMEN TOTAL'!N7 -> 0 | I4: ='RESUMEN TOTAL'!O7 -> 0 | J4: ='RESUMEN TOTAL'!P7 -> 0 | K4: ='RESUMEN TOTAL'!Q7 -> 0 | L4: ='RESUMEN TOTAL'!R7 -> 0 | M4: ='RESUMEN TOTAL'!S7 -> 0 | ... AI4: ='RESUMEN TOTAL'!AO7 -> 0 | AJ4: ='RESUMEN TOTAL'!#REF! -> #REF!
A5: ='RESUMEN TOTAL'!A8 -> ALTAMIRA | B5: ='RESUMEN TOTAL'!B8 -> ALT 04 | C5: ='RESUMEN TOTAL'!D8 -> Francia y Necochea | D5: ='RESUMEN TOTAL'!E8 -> Domo | E5: ='RESUMEN TOTAL'!F8 -> Fibra Optica | F5: ='RESUMEN TOTAL'!L8 -> 0 | G5: ='RESUMEN TOTAL'!M8 -> 0 | H5: ='RESUMEN TOTAL'!N8 -> 0 | I5: ='RESUMEN TOTAL'!O8 -> 0 | J5: ='RESUMEN TOTAL'!P8 -> 0 | K5: ='RESUMEN TOTAL'!Q8 -> 0 | L5: ='RESUMEN TOTAL'!R8 -> 0 | M5: ='RESUMEN TOTAL'!S8 -> 0 | ... AI5: ='RESUMEN TOTAL'!AO8 -> 0 | AJ5: ='RESUMEN TOTAL'!#REF! -> #REF!
A6: ='RESUMEN TOTAL'!A9 -> ALTAMIRA | B6: ='RESUMEN TOTAL'!B9 -> ALT05 | C6: ='RESUMEN TOTAL'!D9 -> Av. Calchaqui y Bombero Galarza | D6: ='RESUMEN TOTAL'!E9 -> Domo | E6: ='RESUMEN TOTAL'!F9 -> PTO A FO | F6: ='RESUMEN TOTAL'!L9 -> 0 | G6: ='RESUMEN TOTAL'!M9 -> 0 | H6: ='RESUMEN TOTAL'!N9 -> 0 | I6: ='RESUMEN TOTAL'!O9 -> 0 | J6: ='RESUMEN TOTAL'!P9 -> 0 | K6: ='RESUMEN TOTAL'!Q9 -> 0 | L6: ='RESUMEN TOTAL'!R9 -> 0 | M6: ='RESUMEN TOTAL'!S9 -> 0 | ... AI6: ='RESUMEN TOTAL'!AO9 -> 0 | AJ6: ='RESUMEN TOTAL'!#REF! -> #REF!
A7: ='RESUMEN TOTAL'!A10 -> ALTAMIRA | B7: ='RESUMEN TOTAL'!B10 -> ALT 06 | C7: ='RESUMEN TOTAL'!D10 -> LOPE DE VEGA Y NECOCHEA | D7: ='RESUMEN TOTAL'!E10 -> Domo | E7: ='RESUMEN TOTAL'!F10 -> PTO A FO | F7: ='RESUMEN TOTAL'!L10 -> 0 | G7: ='RESUMEN TOTAL'!M10 -> 0 | H7: ='RESUMEN TOTAL'!N10 -> 0 | I7: ='RESUMEN TOTAL'!O10 -> 0 | J7: ='RESUMEN TOTAL'!P10 -> 0 | K7: ='RESUMEN TOTAL'!Q10 -> 0 | L7: ='RESUMEN TOTAL'!R10 -> 0 | M7: ='RESUMEN TOTAL'!S10 -> 0 | ... AI7: ='RESUMEN TOTAL'!AO10 -> 0 | AJ7: ='RESUMEN TOTAL'!#REF! -> #REF!
A8: ='RESUMEN TOTAL'!A11 -> ALTAMIRA | B8: ='RESUMEN TOTAL'!B11 -> ALT07 | C8: ='RESUMEN TOTAL'!D11 -> AV. CALCHAQUI Y AV. DEL TRABAJO | D8: ='RESUMEN TOTAL'!E11 -> DOMO | E8: ='RESUMEN TOTAL'!F11 -> PTO A FO | F8: ='RESUMEN TOTAL'!L11 -> 0 | G8: ='RESUMEN TOTAL'!M11 -> 0 | H8: ='RESUMEN TOTAL'!N11 -> 0 | I8: ='RESUMEN TOTAL'!O11 -> 0 | J8: ='RESUMEN TOTAL'!P11 -> 0 | K8: ='RESUMEN TOTAL'!Q11 -> 0 | L8: ='RESUMEN TOTAL'!R11 -> 0 | M8: ='RESUMEN TOTAL'!S11 -> 0 | ... AI8: ='RESUMEN TOTAL'!AO11 -> 0 | AJ8: ='RESUMEN TOTAL'!#REF! -> #REF!
A9: ='RESUMEN TOTAL'!A12 -> ALTAMIRA | B9: ='RESUMEN TOTAL'!B12 -> ALT 08 | C9: ='RESUMEN TOTAL'!D12 -> HUMAITA Y NECOCHEA | D9: ='RESUMEN TOTAL'!E12 -> DOMO | E9: ='RESUMEN TOTAL'!F12 -> Fibra Optica | F9: ='RESUMEN TOTAL'!L12 -> 0 | G9: ='RESUMEN TOTAL'!M12 -> 0 | H9: ='RESUMEN TOTAL'!N12 -> 0 | I9: ='RESUMEN TOTAL'!O12 -> 0 | J9: ='RESUMEN TOTAL'!P12 -> 0 | K9: ='RESUMEN TOTAL'!Q12 -> 0 | L9: ='RESUMEN TOTAL'!R12 -> 0 | M9: ='RESUMEN TOTAL'!S12 -> 0 | ... AI9: ='RESUMEN TOTAL'!AO12 -> 0 | AJ9: ='RESUMEN TOTAL'!#REF! -> #REF!
A10: ='RESUMEN TOTAL'!A13 -> ALTAMIRA | B10: ='RESUMEN TOTAL'!B13 -> ALT 09 | C10: ='RESUMEN TOTAL'!D13 -> NECOCHEA Y CURUPAITY | D10: ='RESUMEN TOTAL'!E13 -> DOMO | E10: ='RESUMEN TOTAL'!F13 -> Fibra Optica | F10: ='RESUMEN TOTAL'!L13 -> 0 | G10: ='RESUMEN TOTAL'!M13 -> 0 | H10: ='RESUMEN TOTAL'!N13 -> 0 | I10: ='RESUMEN TOTAL'!O13 -> 0 | J10: ='RESUMEN TOTAL'!P13 -> 0 | K10: ='RESUMEN TOTAL'!Q13 -> APAGADO | L10: ='RESUMEN TOTAL'!R13 -> APAGADO | M10: ='RESUMEN TOTAL'!S13 -> 0 | ... AI10: ='RESUMEN TOTAL'!AO13 -> 0 | AJ10: ='RESUMEN TOTAL'!#REF! -> #REF!
A11: ='RESUMEN TOTAL'!A14 -> ALTAMIRA | B11: ='RESUMEN TOTAL'!B14 -> ALT 10 | C11: ='RESUMEN TOTAL'!D14 -> Calchaqui y Francia | D11: ='RESUMEN TOTAL'!E14 -> Domo | E11: ='RESUMEN TOTAL'!F14 -> Radio | F11: ='RESUMEN TOTAL'!L14 -> 0 | G11: ='RESUMEN TOTAL'!M14 -> 0 | H11: ='RESUMEN TOTAL'!N14 -> 0 | I11: ='RESUMEN TOTAL'!O14 -> 0 | J11: ='RESUMEN TOTAL'!P14 -> 0 | K11: ='RESUMEN TOTAL'!Q14 -> 0 | L11: ='RESUMEN TOTAL'!R14 -> 0 | M11: ='RESUMEN TOTAL'!S14 -> 0 | ... AI11: ='RESUMEN TOTAL'!AO14 -> 0 | AJ11: ='RESUMEN TOTAL'!#REF! -> #REF!
A12: ='RESUMEN TOTAL'!A15 -> AGUSTIN RAMIREZ | B12: ='RESUMEN TOTAL'!B15 -> ARA 01 | C12: ='RESUMEN TOTAL'!D15 -> Malambo y Tranquera | D12: ='RESUMEN TOTAL'!E15 -> Domo | E12: ='RESUMEN TOTAL'!F15 -> Fibra Optica | F12: ='RESUMEN TOTAL'!L15 -> 0 | G12: ='RESUMEN TOTAL'!M15 -> 0 | H12: ='RESUMEN TOTAL'!N15 -> 0 | I12: ='RESUMEN TOTAL'!O15 -> 0 | J12: ='RESUMEN TOTAL'!P15 -> 0 | K12: ='RESUMEN TOTAL'!Q15 -> 0 | L12: ='RESUMEN TOTAL'!R15 -> 0 | M12: ='RESUMEN TOTAL'!S15 -> 0 | ... AI12: ='RESUMEN TOTAL'!AO15 -> 0 | AJ12: ='RESUMEN TOTAL'!#REF! -> #REF!
A13: ='RESUMEN TOTAL'!A16 -> BELGRANO | B13: ='RESUMEN TOTAL'!B16 -> BEL 01 | C13: ='RESUMEN TOTAL'!D16 -> San Martin y Dardo Rocha | D13: ='RESUMEN TOTAL'!E16 -> DOMO | E13: ='RESUMEN TOTAL'!F16 -> Fibra Optica | F13: ='RESUMEN TOTAL'!L16 -> 0 | G13: ='RESUMEN TOTAL'!M16 -> 0 | H13: ='RESUMEN TOTAL'!N16 -> 0 | I13: ='RESUMEN TOTAL'!O16 -> 0 | J13: ='RESUMEN TOTAL'!P16 -> 0 | K13: ='RESUMEN TOTAL'!Q16 -> 0 | L13: ='RESUMEN TOTAL'!R16 -> 0 | M13: ='RESUMEN TOTAL'!S16 -> 0 | ... AI13: ='RESUMEN TOTAL'!AO16 -> 0 | AJ13: ='RESUMEN TOTAL'!#REF! -> #REF!
A14: ='RESUMEN TOTAL'!A17 -> BELGRANO | B14: ='RESUMEN TOTAL'!B17 -> BEL 02 | C14: ='RESUMEN TOTAL'!D17 -> Guardia vieja y Fronteriz | D14: ='RESUMEN TOTAL'!E17 -> DOMO | E14: ='RESUMEN TOTAL'!F17 -> Fibra Optica | F14: ='RESUMEN TOTAL'!L17 -> 0 | G14: ='RESUMEN TOTAL'!M17 -> 0 | H14: ='RESUMEN TOTAL'!N17 -> 0 | I14: ='RESUMEN TOTAL'!O17 -> 0 | J14: ='RESUMEN TOTAL'!P17 -> 0 | K14: ='RESUMEN TOTAL'!Q17 -> 0 | L14: ='RESUMEN TOTAL'!R17 -> 0 | M14: ='RESUMEN TOTAL'!S17 -> 0 | ... AI14: ='RESUMEN TOTAL'!AO17 -> 0 | AJ14: ='RESUMEN TOTAL'!#REF! -> #REF!
A15: ='RESUMEN TOTAL'!A18 -> BOSQUES CENTRO | B15: ='RESUMEN TOTAL'!B18 -> BOSQC 01 | C15: ='RESUMEN TOTAL'!D18 -> LUIS AGOTE E/DANUNCIO Y CAMPOAMOR | D15: ='RESUMEN TOTAL'!E18 -> Fija | E15: ='RESUMEN TOTAL'!F18 -> Radio | F15: ='RESUMEN TOTAL'!L18 -> 0 | G15: ='RESUMEN TOTAL'!M18 -> 0 | H15: ='RESUMEN TOTAL'!N18 -> 0 | I15: ='RESUMEN TOTAL'!O18 -> 0 | J15: ='RESUMEN TOTAL'!P18 -> 0 | K15: ='RESUMEN TOTAL'!Q18 -> 0 | L15: ='RESUMEN TOTAL'!R18 -> 0 | M15: ='RESUMEN TOTAL'!S18 -> 0 | ... AI15: ='RESUMEN TOTAL'!AO18 -> 0 | AJ15: ='RESUMEN TOTAL'!#REF! -> #REF!
... A603: ='RESUMEN TOTAL'!A606 -> 0 | B603: ='RESUMEN TOTAL'!B606 -> 0 | C603: ='RESUMEN TOTAL'!D606 -> 0 | D603: ='RESUMEN TOTAL'!E606 -> 0 | E603: ='RESUMEN TOTAL'!F606 -> 0 | F603: ='RESUMEN TOTAL'!L606 -> 0 | G603: ='RESUMEN TOTAL'!M606 -> 0 | H603: ='RESUMEN TOTAL'!N606 -> 0 | I603: ='RESUMEN TOTAL'!O606 -> 0 | J603: ='RESUMEN TOTAL'!P606 -> 0 | K603: ='RESUMEN TOTAL'!Q606 -> 0 | L603: ='RESUMEN TOTAL'!R606 -> 0 | M603: ='RESUMEN TOTAL'!S606 -> 0 | ... AI603: ='RESUMEN TOTAL'!AO606 -> 0 | AJ603: ='RESUMEN TOTAL'!#REF! -> #REF!

Sheet APAGADOS ANTENA
C1: TOTAL PTO A FO
E2: APAGADOS | F2: =COUNTIFS(F5:F502, "=APAGADO",E5:E502,"=PTO A FO") -> 0 | G2: =COUNTIFS(G5:G502, "=APAGADO",E5:E502,"=PTO A FO") -> 0 | H2: =COUNTIFS(H5:H502, "=APAGADO",E5:E502,"=PTO A FO") -> 0 | I2: =COUNTIFS(I5:I502, "=APAGADO",E5:E502,"=PTO A FO") -> 0 | J2: =COUNTIFS(J5:J502, "=APAGADO",E5:E502,"=PTO A FO") -> 0 | K2: =COUNTIFS(K5:K502, "=APAGADO",E5:E502,"=PTO A FO") -> 0 | L2: =COUNTIFS(L5:L502, "=APAGADO",E5:E502,"=PTO A FO") -> 0 | M2: =COUNTIFS(M5:M502, "=APAGADO",E5:E502,"=PTO A FO") -> 0 | N2: =COUNTIFS(N5:N502, "=APAGADO",E5:E502,"=PTO A FO") -> 0 | O2: =COUNTIFS(O5:O502, "=APAGADO",E5:E502,"=PTO A FO") -> 0 | P2: =COUNTIFS(P5:P502, "=APAGADO",E5:E502,"=PTO A FO") -> 4 | Q2: =COUNTIFS(Q5:Q502, "=APAGADO",E5:E502,"=PTO A FO") -> 1 | R2: =COUNTIFS(R5:R502, "=APAGADO",E5:E502,"=PTO A FO") -> 1 | S2: =COUNTIFS(S5:S502, "=APAGADO",E5:E502,"=PTO A FO") -> 8 | T2: =COUNTIFS(T5:T502, "=APAGADO",E5:E502,"=PTO A FO") -> 4 | U2: =COUNTIFS(U5:U502, "=APAGADO",E5:E502,"=PTO A FO") -> 6 | V2: =COUNTIFS(V5:V502, "=APAGADO",E5:E502,"=PTO A FO") -> 10 | W2: =COUNTIFS(W5:W502, "=APAGADO",E5:E502,"=PTO A FO") -> 5 | X2: =COUNTIFS(X4:X502, "=APAGADO",E4:E502,"=PTO A FO") -> 6 | Y2: =COUNTIFS(Y5:Y502, "=APAGADO",E5:E502,"=PTO A FO") -> 0 | Z2: =COUNTIFS(Z5:Z502, "=APAGADO",E5:E502,"=PTO A FO") -> 0 | AA2: =COUNTIFS(AA5:AA502, "=APAGADO",E5:E502,"=PTO A FO") -> 4 | AB2: =COUNTIFS(AB5:AB502, "=APAGADO",E5:E502,"=PTO A FO") -> 0 | AC2: =COUNTIFS(AC5:AC502, "=APAGADO",E5:E502,"=PTO A FO") -> 0 | AD2: =COUNTIFS(AD5:AD502, "=APAGADO",E5:E502,"=PTO A FO") -> 0 | AE2: =COUNTIFS(AE5:AE502, "=APAGADO",E5:E502,"=PTO A FO") -> 0 | AF2: =COUNTIFS(AF5:AF502, "=APAGADO",E5:E502,"=PTO A FO") -> 0 | AG2: =COUNTIFS(AG5:AG502, "=APAGADO",E5:E502,"=PTO A FO") -> 0 | AH2: =COUNTIFS(AH5:AH502, "=APAGADO",E5:E502,"=PTO A FO") -> 0 | AI2: =COUNTIFS(AI5:AI502, "=APAGADO",E5:E502,"=PTO A FO") -> 0
A3: =ESTADISTICA!A1 -> Barrio | B3: =ESTADISTICA!B1 -> [Denominacion] | C3: =ESTADISTICA!C1 -> [Ubicacion] | D3: =ESTADISTICA!D1 -> [Tipo de Camara] | E3: =ESTADISTICA!E1 -> [Tipo de Conexion] | F3: =ESTADISTICA!F1 -> 45108 | G3: =ESTADISTICA!G1 -> 45109 | H3: =ESTADISTICA!H1 -> 45110 | ... AI3: =ESTADISTICA!AI1 -> 45137
A4: ='RESUMEN TOTAL'!A6 -> ALTAMIRA | B4: ='RESUMEN TOTAL'!B6 -> ALT02 | C4: ='RESUMEN TOTAL'!D6 -> Calchaqui y Lope de Vega | D4: ='RESUMEN TOTAL'!E6 -> Domo | E4: ='RESUMEN TOTAL'!F6 -> PTO A FO | F4: ='RESUMEN TOTAL'!L6 -> 0 | G4: ='RESUMEN TOTAL'!M6 -> 0 | H4: ='RESUMEN TOTAL'!N6 -> 0 | I4: ='RESUMEN TOTAL'!O6 -> 0 | J4: ='RESUMEN TOTAL'!P6 -> 0 | K4: ='RESUMEN TOTAL'!Q6 -> 0 | L4: ='RESUMEN TOTAL'!R6 -> 0 | M4: ='RESUMEN TOTAL'!S6 -> 0 | ... AI4: ='RESUMEN TOTAL'!AO6 -> 0 | AJ4: ='RESUMEN TOTAL'!#REF! -> #REF!
A5: ='RESUMEN TOTAL'!A7 -> ALTAMIRA | B5: ='RESUMEN TOTAL'!B7 -> ALT 03 | C5: ='RESUMEN TOTAL'!D7 -> Bombero Galarza y Necochea | D5: ='RESUMEN TOTAL'!E7 -> Domo | E5: ='RESUMEN TOTAL'!F7 -> Fibra Optica | F5: ='RESUMEN TOTAL'!L7 -> 0 | G5: ='RESUMEN TOTAL'!M7 -> 0 | H5: ='RESUMEN TOTAL'!N7 -> 0 | I5: ='RESUMEN TOTAL'!O7 -> 0 | J5: ='RESUMEN TOTAL'!P7 -> 0 | K5: ='RESUMEN TOTAL'!Q7 -> 0 | L5: ='RESUMEN TOTAL'!R7 -> 0 | M5: ='RESUMEN TOTAL'!S7 -> 0 | ... AI5: ='RESUMEN TOTAL'!AO7 -> 0 | AJ5: ='RESUMEN TOTAL'!#REF! -> #REF!
A6: ='RESUMEN TOTAL'!A8 -> ALTAMIRA | B6: ='RESUMEN TOTAL'!B8 -> ALT 04 | C6: ='RESUMEN TOTAL'!D8 -> Francia y Necochea | D6: ='RESUMEN TOTAL'!E8 -> Domo | E6: ='RESUMEN TOTAL'!F8 -> Fibra Optica | F6: ='RESUMEN TOTAL'!L8 -> 0 | G6: ='RESUMEN TOTAL'!M8 -> 0 | H6: ='RESUMEN TOTAL'!N8 -> 0 | I6: ='RESUMEN TOTAL'!O8 -> 0 | J6: ='RESUMEN TOTAL'!P8 -> 0 | K6: ='RESUMEN TOTAL'!Q8 -> 0 | L6: ='RESUMEN TOTAL'!R8 -> 0 | M6: ='RESUMEN TOTAL'!S8 -> 0 | ... AI6: ='RESUMEN TOTAL'!AO8 -> 0 | AJ6: ='RESUMEN TOTAL'!#REF! -> #REF!
A7: ='RESUMEN TOTAL'!A9 -> ALTAMIRA | B7: ='RESUMEN TOTAL'!B9 -> ALT05 | C7: ='RESUMEN TOTAL'!D9 -> Av. Calchaqui y Bombero Galarza | D7: ='RESUMEN TOTAL'!E9 -> Domo | E7: ='RESUMEN TOTAL'!F9 -> PTO A FO | F7: ='RESUMEN TOTAL'!L9 -> 0 | G7: ='RESUMEN TOTAL'!M9 -> 0 | H7: ='RESUMEN TOTAL'!N9 -> 0 | I7: ='RESUMEN TOTAL'!O9 -> 0 | J7: ='RESUMEN TOTAL'!P9 -> 0 | K7: ='RESUMEN TOTAL'!Q9 -> 0 | L7: ='RESUMEN TOTAL'!R9 -> 0 | M7: ='RESUMEN TOTAL'!S9 -> 0 | ... AI7: ='RESUMEN TOTAL'!AO9 -> 0 | AJ7: ='RESUMEN TOTAL'!#REF! -> #REF!
A8: ='RESUMEN TOTAL'!A10 -> ALTAMIRA | B8: ='RESUMEN TOTAL'!B10 -> ALT 06 | C8: ='RESUMEN TOTAL'!D10 -> LOPE DE VEGA Y NECOCHEA | D8: ='RESUMEN TOTAL'!E10 -> Domo | E8: ='RESUMEN TOTAL'!F10 -> PTO A FO | F8: ='RESUMEN TOTAL'!L10 -> 0 | G8: ='RESUMEN TOTAL'!M10 -> 0 | H8: ='RESUMEN TOTAL'!N10 -> 0 | I8: ='RESUMEN TOTAL'!O10 -> 0 | J8: ='RESUMEN TOTAL'!P10 -> 0 | K8: ='RESUMEN TOTAL'!Q10 -> 0 | L8: ='RESUMEN TOTAL'!R10 -> 0 | M8: ='RESUMEN TOTAL'!S10 -> 0 | ... AI8: ='RESUMEN TOTAL'!AO10 -> 0 | AJ8: ='RESUMEN TOTAL'!#REF! -> #REF!
A9: ='RESUMEN TOTAL'!A11 -> ALTAMIRA | B9: ='RESUMEN TOTAL'!B11 -> ALT07 | C9: ='RESUMEN TOTAL'!D11 -> AV. CALCHAQUI Y AV. DEL TRABAJO | D9: ='RESUMEN TOTAL'!E11 -> DOMO | E9: ='RESUMEN TOTAL'!F11 -> PTO A FO | F9: ='RESUMEN TOTAL'!L11 -> 0 | G9: ='RESUMEN TOTAL'!M11 -> 0 | H9: ='RESUMEN TOTAL'!N11 -> 0 | I9: ='RESUMEN TOTAL'!O11 -> 0 | J9: ='RESUMEN TOTAL'!P11 -> 0 | K9: ='RESUMEN TOTAL'!Q11 -> 0 | L9: ='RESUMEN TOTAL'!R11 -> 0 | M9: ='RESUMEN TOTAL'!S11 -> 0 | ... AI9: ='RESUMEN TOTAL'!AO11 -> 0 | AJ9: ='RESUMEN TOTAL'!#REF! -> #REF!
A10: ='RESUMEN TOTAL'!A12 -> ALTAMIRA | B10: ='RESUMEN TOTAL'!B12 -> ALT 08 | C10: ='RESUMEN TOTAL'!D12 -> HUMAITA Y NECOCHEA | D10: ='RESUMEN TOTAL'!E12 -> DOMO | E10: ='RESUMEN TOTAL'!F12 -> Fibra Optica | F10: ='RESUMEN TOTAL'!L12 -> 0 | G10: ='RESUMEN TOTAL'!M12 -> 0 | H10: ='RESUMEN TOTAL'!N12 -> 0 | I10: ='RESUMEN TOTAL'!O12 -> 0 | J10: ='RESUMEN TOTAL'!P12 -> 0 | K10: ='RESUMEN TOTAL'!Q12 -> 0 | L10: ='RESUMEN TOTAL'!R12 -> 0 | M10: ='RESUMEN TOTAL'!S12 -> 0 | ... AI10: ='RESUMEN TOTAL'!AO12 -> 0 | AJ10: ='RESUMEN TOTAL'!#REF! -> #REF!
A11: ='RESUMEN TOTAL'!A13 -> ALTAMIRA | B11: ='RESUMEN TOTAL'!B13 -> ALT 09 | C11: ='RESUMEN TOTAL'!D13 -> NECOCHEA Y CURUPAITY | D11: ='RESUMEN TOTAL'!E13 -> DOMO | E11: ='RESUMEN TOTAL'!F13 -> Fibra Optica | F11: ='RESUMEN TOTAL'!L13 -> 0 | G11: ='RESUMEN TOTAL'!M13 -> 0 | H11: ='RESUMEN TOTAL'!N13 -> 0 | I11: ='RESUMEN TOTAL'!O13 -> 0 | J11: ='RESUMEN TOTAL'!P13 -> 0 | K11: ='RESUMEN TOTAL'!Q13 -> APAGADO | L11: ='RESUMEN TOTAL'!R13 -> APAGADO | M11: ='RESUMEN TOTAL'!S13 -> 0 | ... AI11: ='RESUMEN TOTAL'!AO13 -> 0 | AJ11: ='RESUMEN TOTAL'!#REF! -> #REF!
A12: ='RESUMEN TOTAL'!A14 -> ALTAMIRA | B12: ='RESUMEN TOTAL'!B14 -> ALT 10 | C12: ='RESUMEN TOTAL'!D14 -> Calchaqui y Francia | D12: ='RESUMEN TOTAL'!E14 -> Domo | E12: ='RESUMEN TOTAL'!F14 -> Radio | F12: ='RESUMEN TOTAL'!L14 -> 0 | G12: ='RESUMEN TOTAL'!M14 -> 0 | H12: ='RESUMEN TOTAL'!N14 -> 0 | I12: ='RESUMEN TOTAL'!O14 -> 0 | J12: ='RESUMEN TOTAL'!P14 -> 0 | K12: ='RESUMEN TOTAL'!Q14 -> 0 | L12: ='RESUMEN TOTAL'!R14 -> 0 | M12: ='RESUMEN TOTAL'!S14 -> 0 | ... AI12: ='RESUMEN TOTAL'!AO14 -> 0 | AJ12: ='RESUMEN TOTAL'!#REF! -> #REF!
A13: ='RESUMEN TOTAL'!A15 -> AGUSTIN RAMIREZ | B13: ='RESUMEN TOTAL'!B15 -> ARA 01 | C13: ='RESUMEN TOTAL'!D15 -> Malambo y Tranquera | D13: ='RESUMEN TOTAL'!E15 -> Domo | E13: ='RESUMEN TOTAL'!F15 -> Fibra Optica | F13: ='RESUMEN TOTAL'!L15 -> 0 | G13: ='RESUMEN TOTAL'!M15 -> 0 | H13: ='RESUMEN TOTAL'!N15 -> 0 | I13: ='RESUMEN TOTAL'!O15 -> 0 | J13: ='RESUMEN TOTAL'!P15 -> 0 | K13: ='RESUMEN TOTAL'!Q15 -> 0 | L13: ='RESUMEN TOTAL'!R15 -> 0 | M13: ='RESUMEN TOTAL'!S15 -> 0 | ... AI13: ='RESUMEN TOTAL'!AO15 -> 0 | AJ13: ='RESUMEN TOTAL'!#REF! -> #REF!
A14: ='RESUMEN TOTAL'!A16 -> BELGRANO | B14: ='RESUMEN TOTAL'!B16 -> BEL 01 | C14: ='RESUMEN TOTAL'!D16 -> San Martin y Dardo Rocha | D14: ='RESUMEN TOTAL'!E16 -> DOMO | E14: ='RESUMEN TOTAL'!F16 -> Fibra Optica | F14: ='RESUMEN TOTAL'!L16 -> 0 | G14: ='RESUMEN TOTAL'!M16 -> 0 | H14: ='RESUMEN TOTAL'!N16 -> 0 | I14: ='RESUMEN TOTAL'!O16 -> 0 | J14: ='RESUMEN TOTAL'!P16 -> 0 | K14: ='RESUMEN TOTAL'!Q16 -> 0 | L14: ='RESUMEN TOTAL'!R16 -> 0 | M14: ='RESUMEN TOTAL'!S16 -> 0 | ... AI14: ='RESUMEN TOTAL'!AO16 -> 0 | AJ14: ='RESUMEN TOTAL'!#REF! -> #REF!
A15: ='RESUMEN TOTAL'!A17 -> BELGRANO | B15: ='RESUMEN TOTAL'!B17 -> BEL 02 | C15: ='RESUMEN TOTAL'!D17 -> Guardia vieja y Fronteriz | D15: ='RESUMEN TOTAL'!E17 -> DOMO | E15: ='RESUMEN TOTAL'!F17 -> Fibra Optica | F15: ='RESUMEN TOTAL'!L17 -> 0 | G15: ='RESUMEN TOTAL'!M17 -> 0 | H15: ='RESUMEN TOTAL'!N17 -> 0 | I15: ='RESUMEN TOTAL'!O17 -> 0 | J15: ='RESUMEN TOTAL'!P17 -> 0 | K15: ='RESUMEN TOTAL'!Q17 -> 0 | L15: ='RESUMEN TOTAL'!R17 -> 0 | M15: ='RESUMEN TOTAL'!S17 -> 0 | ... AI15: ='RESUMEN TOTAL'!AO17 -> 0 | AJ15: ='RESUMEN TOTAL'!#REF! -> #REF!
... A604: ='RESUMEN TOTAL'!A606 -> 0 | B604: ='RESUMEN TOTAL'!B606 -> 0 | C604: ='RESUMEN TOTAL'!D606 -> 0 | D604: ='RESUMEN TOTAL'!E606 -> 0 | E604: ='RESUMEN TOTAL'!F606 -> 0 | F604: ='RESUMEN TOTAL'!L606 -> 0 | G604: ='RESUMEN TOTAL'!M606 -> 0 | H604: ='RESUMEN TOTAL'!N606 -> 0 | I604: ='RESUMEN TOTAL'!O606 -> 0 | J604: ='RESUMEN TOTAL'!P606 -> 0 | K604: ='RESUMEN TOTAL'!Q606 -> 0 | L604: ='RESUMEN TOTAL'!R606 -> 0 | M604: ='RESUMEN TOTAL'!S606 -> 0 | ... AI604: ='RESUMEN TOTAL'!AO606 -> 0 | AJ604: ='RESUMEN TOTAL'!#REF! -> #REF!

Sheet APAGADOS RADIO
C1: TOTAL RADIO | D1: =COUNTIFS(E4:E400,"=radio") -> 89
E2: APAGADOS | F2: =COUNTIFS(F4:F500, "=APAGADO",E4:E500,"=radio") -> 0 | G2: =COUNTIFS(G4:G500, "=APAGADO",E4:E500,"=radio") -> 0 | H2: =COUNTIFS(H4:H500, "=APAGADO",E4:E500,"=radio") -> 0 | I2: =COUNTIFS(I4:I500, "=APAGADO",E4:E500,"=radio") -> 0 | J2: =COUNTIFS(J4:J500, "=APAGADO",E4:E500,"=radio") -> 0 | K2: =COUNTIFS(K4:K500, "=APAGADO",E4:E500,"=radio") -> 4 | L2: =COUNTIFS(L4:L500, "=APAGADO",E4:E500,"=radio") -> 7 | M2: =COUNTIFS(M4:M500, "=APAGADO",E4:E500,"=radio") -> 0 | N2: =COUNTIFS(N4:N500, "=APAGADO",E4:E500,"=radio") -> 0 | O2: =COUNTIFS(O4:O500, "=APAGADO",E4:E500,"=radio") -> 11 | P2: =COUNTIFS(P4:P500, "=APAGADO",E4:E500,"=radio") -> 11 | Q2: =COUNTIFS(Q4:Q367, "=APAGADO",E4:E367,"=radio") -> 9 | R2: =COUNTIFS(R4:R500, "=APAGADO",E4:E500,"=radio") -> 14 | S2: =COUNTIFS(S4:S500, "=APAGADO",E4:E500,"=radio") -> 18 | T2: =COUNTIFS(T4:T500, "=APAGADO",E4:E500,"=radio") -> 11 | U2: =COUNTIFS(U4:U500, "=APAGADO",E4:E500,"=radio") -> 8 | V2: =COUNTIFS(V4:V500, "=APAGADO",E4:E500,"=radio") -> 16 | W2: =COUNTIFS(W4:W500, "=APAGADO",E4:E500,"=radio") -> 11 | X2: =COUNTIFS(X4:X500, "=APAGADO",E4:E500,"=radio") -> 15 | Y2: =COUNTIFS(Y4:Y500, "=APAGADO",E4:E500,"=radio") -> 6 | Z2: =COUNTIFS(Z4:Z500, "=APAGADO",E4:E500,"=radio") -> 8 | AA2: =COUNTIFS(AA4:AA500, "=APAGADO",E4:E500,"=radio") -> 6 | AB2: =COUNTIFS(AB4:AB500, "=APAGADO",E4:E500,"=radio") -> 0 | AC2: =COUNTIFS(AC4:AC500, "=APAGADO",E4:E500,"=radio") -> 0 | AD2: =COUNTIFS(AD4:AD500, "=APAGADO",E4:E500,"=radio") -> 0 | AE2: =COUNTIFS(AE4:AE500, "=APAGADO",E4:E500,"=radio") -> 0 | AF2: =COUNTIFS(AF4:AF500, "=APAGADO",E4:E500,"=radio") -> 0 | AG2: =COUNTIFS(AG4:AG500, "=APAGADO",E4:E500,"=radio") -> 0 | AH2: =COUNTIFS(AH4:AH500, "=APAGADO",F4:F500,"=radio") -> 0 | AI2: =COUNTIFS(AI4:AI500, "=APAGADO",G4:G500,"=radio") -> 0 | AJ2: =COUNTIFS(AJ4:AJ500, "=APAGADO",H4:H500,"=radio") -> 0
A3: =ESTADISTICA!A1 -> Barrio | B3: =ESTADISTICA!B1 -> [Denominacion] | C3: =ESTADISTICA!C1 -> [Ubicacion] | D3: =ESTADISTICA!D1 -> [Tipo de Camara] | E3: =ESTADISTICA!E1 -> [Tipo de Conexion] | F3: =ESTADISTICA!F1 -> 45108 | G3: =ESTADISTICA!G1 -> 45109 | H3: =ESTADISTICA!H1 -> 45110 | ... AJ3: =ESTADISTICA!AJ1 -> #REF!
A4: ='RESUMEN TOTAL'!A7 -> ALTAMIRA | B4: ='RESUMEN TOTAL'!B7 -> ALT 03 | C4: ='RESUMEN TOTAL'!D7 -> Bombero Galarza y Necochea | D4: ='RESUMEN TOTAL'!E7 -> Domo | E4: ='RESUMEN TOTAL'!F7 -> Fibra Optica | F4: ='RESUMEN TOTAL'!L7 -> 0 | G4: ='RESUMEN TOTAL'!M7 -> 0 | H4: ='RESUMEN TOTAL'!N7 -> 0 | I4: ='RESUMEN TOTAL'!O7 -> 0 | J4: ='RESUMEN TOTAL'!P7 -> 0 | K4: ='RESUMEN TOTAL'!Q7 -> 0 | L4: ='RESUMEN TOTAL'!R7 -> 0 | M4: ='RESUMEN TOTAL'!S7 -> 0 | ... AI4: ='RESUMEN TOTAL'!AO7 -> 0 | AJ4: ='RESUMEN TOTAL'!#REF! -> #REF!
A5: ='RESUMEN TOTAL'!A8 -> ALTAMIRA | B5: ='RESUMEN TOTAL'!B8 -> ALT 04 | C5: ='RESUMEN TOTAL'!D8 -> Francia y Necochea | D5: ='RESUMEN TOTAL'!E8 -> Domo | E5: ='RESUMEN TOTAL'!F8 -> Fibra Optica | F5: ='RESUMEN TOTAL'!L8 -> 0 | G5: ='RESUMEN TOTAL'!M8 -> 0 | H5: ='RESUMEN TOTAL'!N8 -> 0 | I5: ='RESUMEN TOTAL'!O8 -> 0 | J5: ='RESUMEN TOTAL'!P8 -> 0 | K5: ='RESUMEN TOTAL'!Q8 -> 0 | L5: ='RESUMEN TOTAL'!R8 -> 0 | M5: ='RESUMEN TOTAL'!S8 -> 0 | ... AI5: ='RESUMEN TOTAL'!AO8 -> 0 | AJ5: ='RESUMEN TOTAL'!#REF! -> #REF!
A6: ='RESUMEN TOTAL'!A9 -> ALTAMIRA | B6: ='RESUMEN TOTAL'!B9 -> ALT05 | C6: ='RESUMEN TOTAL'!D9 -> Av. Calchaqui y Bombero Galarza | D6: ='RESUMEN TOTAL'!E9 -> Domo | E6: ='RESUMEN TOTAL'!F9 -> PTO A FO | F6: ='RESUMEN TOTAL'!L9 -> 0 | G6: ='RESUMEN TOTAL'!M9 -> 0 | H6: ='RESUMEN TOTAL'!N9 -> 0 | I6: ='RESUMEN TOTAL'!O9 -> 0 | J6: ='RESUMEN TOTAL'!P9 -> 0 | K6: ='RESUMEN TOTAL'!Q9 -> 0 | L6: ='RESUMEN TOTAL'!R9 -> 0 | M6: ='RESUMEN TOTAL'!S9 -> 0 | ... AI6: ='RESUMEN TOTAL'!AO9 -> 0 | AJ6: ='RESUMEN TOTAL'!#REF! -> #REF!
A7: ='RESUMEN TOTAL'!A10 -> ALTAMIRA | B7: ='RESUMEN TOTAL'!B10 -> ALT 06 | C7: ='RESUMEN TOTAL'!D10 -> LOPE DE VEGA Y NECOCHEA | D7: ='RESUMEN TOTAL'!E10 -> Domo | E7: ='RESUMEN TOTAL'!F10 -> PTO A FO | F7: ='RESUMEN TOTAL'!L10 -> 0 | G7: ='RESUMEN TOTAL'!M10 -> 0 | H7: ='RESUMEN TOTAL'!N10 -> 0 | I7: ='RESUMEN TOTAL'!O10 -> 0 | J7: ='RESUMEN TOTAL'!P10 -> 0 | K7: ='RESUMEN TOTAL'!Q10 -> 0 | L7: ='RESUMEN TOTAL'!R10 -> 0 | M7: ='RESUMEN TOTAL'!S10 -> 0 | ... AI7: ='RESUMEN TOTAL'!AO10 -> 0 | AJ7: ='RESUMEN TOTAL'!#REF! -> #REF!
A8: ='RESUMEN TOTAL'!A11 -> ALTAMIRA | B8: ='RESUMEN TOTAL'!B11 -> ALT07 | C8: ='RESUMEN TOTAL'!D11 -> AV. CALCHAQUI Y AV. DEL TRABAJO | D8: ='RESUMEN TOTAL'!E11 -> DOMO | E8: ='RESUMEN TOTAL'!F11 -> PTO A FO | F8: ='RESUMEN TOTAL'!L11 -> 0 | G8: ='RESUMEN TOTAL'!M11 -> 0 | H8: ='RESUMEN TOTAL'!N11 -> 0 | I8: ='RESUMEN TOTAL'!O11 -> 0 | J8: ='RESUMEN TOTAL'!P11 -> 0 | K8: ='RESUMEN TOTAL'!Q11 -> 0 | L8: ='RESUMEN TOTAL'!R11 -> 0 | M8: ='RESUMEN TOTAL'!S11 -> 0 | ... AI8: ='RESUMEN TOTAL'!AO11 -> 0 | AJ8: ='RESUMEN TOTAL'!#REF! -> #REF!
A9: ='RESUMEN TOTAL'!A12 -> ALTAMIRA | B9: ='RESUMEN TOTAL'!B12 -> ALT 08 | C9: ='RESUMEN TOTAL'!D12 -> HUMAITA Y NECOCHEA | D9: ='RESUMEN TOTAL'!E12 -> DOMO | E9: ='RESUMEN TOTAL'!F12 -> Fibra Optica | F9: ='RESUMEN TOTAL'!L12 -> 0 | G9: ='RESUMEN TOTAL'!M12 -> 0 | H9: ='RESUMEN TOTAL'!N12 -> 0 | I9: ='RESUMEN TOTAL'!O12 -> 0 | J9: ='RESUMEN TOTAL'!P12 -> 0 | K9: ='RESUMEN TOTAL'!Q12 -> 0 | L9: ='RESUMEN TOTAL'!R12 -> 0 | M9: ='RESUMEN TOTAL'!S12 -> 0 | ... AI9: ='RESUMEN TOTAL'!AO12 -> 0 | AJ9: ='RESUMEN TOTAL'!#REF! -> #REF!
A10: ='RESUMEN TOTAL'!A13 -> ALTAMIRA | B10: ='RESUMEN TOTAL'!B13 -> ALT 09 | C10: ='RESUMEN TOTAL'!D13 -> NECOCHEA Y CURUPAITY | D10: ='RESUMEN TOTAL'!E13 -> DOMO | E10: ='RESUMEN TOTAL'!F13 -> Fibra Optica | F10: ='RESUMEN TOTAL'!L13 -> 0 | G10: ='RESUMEN TOTAL'!M13 -> 0 | H10: ='RESUMEN TOTAL'!N13 -> 0 | I10: ='RESUMEN TOTAL'!O13 -> 0 | J10: ='RESUMEN TOTAL'!P13 -> 0 | K10: ='RESUMEN TOTAL'!Q13 -> APAGADO | L10: ='RESUMEN TOTAL'!R13 -> APAGADO | M10: ='RESUMEN TOTAL'!S13 -> 0 | ... AI10: ='RESUMEN TOTAL'!AO13 -> 0 | AJ10: ='RESUMEN TOTAL'!#REF! -> #REF!
A11: ='RESUMEN TOTAL'!A14 -> ALTAMIRA | B11: ='RESUMEN TOTAL'!B14 -> ALT 10 | C11: ='RESUMEN TOTAL'!D14 -> Calchaqui y Francia | D11: ='RESUMEN TOTAL'!E14 -> Domo | E11: ='RESUMEN TOTAL'!F14 -> Radio | F11: ='RESUMEN TOTAL'!L14 -> 0 | G11: ='RESUMEN TOTAL'!M14 -> 0 | H11: ='RESUMEN TOTAL'!N14 -> 0 | I11: ='RESUMEN TOTAL'!O14 -> 0 | J11: ='RESUMEN TOTAL'!P14 -> 0 | K11: ='RESUMEN TOTAL'!Q14 -> 0 | L11: ='RESUMEN TOTAL'!R14 -> 0 | M11: ='RESUMEN TOTAL'!S14 -> 0 | ... AI11: ='RESUMEN TOTAL'!AO14 -> 0 | AJ11: ='RESUMEN TOTAL'!#REF! -> #REF!
A12: ='RESUMEN TOTAL'!A15 -> AGUSTIN RAMIREZ | B12: ='RESUMEN TOTAL'!B15 -> ARA 01 | C12: ='RESUMEN TOTAL'!D15 -> Malambo y Tranquera | D12: ='RESUMEN TOTAL'!E15 -> Domo | E12: ='RESUMEN TOTAL'!F15 -> Fibra Optica | F12: ='RESUMEN TOTAL'!L15 -> 0 | G12: ='RESUMEN TOTAL'!M15 -> 0 | H12: ='RESUMEN TOTAL'!N15 -> 0 | I12: ='RESUMEN TOTAL'!O15 -> 0 | J12: ='RESUMEN TOTAL'!P15 -> 0 | K12: ='RESUMEN TOTAL'!Q15 -> 0 | L12: ='RESUMEN TOTAL'!R15 -> 0 | M12: ='RESUMEN TOTAL'!S15 -> 0 | ... AI12: ='RESUMEN TOTAL'!AO15 -> 0 | AJ12: ='RESUMEN TOTAL'!#REF! -> #REF!
A13: ='RESUMEN TOTAL'!A16 -> BELGRANO | B13: ='RESUMEN TOTAL'!B16 -> BEL 01 | C13: ='RESUMEN TOTAL'!D16 -> San Martin y Dardo Rocha | D13: ='RESUMEN TOTAL'!E16 -> DOMO | E13: ='RESUMEN TOTAL'!F16 -> Fibra Optica | F13: ='RESUMEN TOTAL'!L16 -> 0 | G13: ='RESUMEN TOTAL'!M16 -> 0 | H13: ='RESUMEN TOTAL'!N16 -> 0 | I13: ='RESUMEN TOTAL'!O16 -> 0 | J13: ='RESUMEN TOTAL'!P16 -> 0 | K13: ='RESUMEN TOTAL'!Q16 -> 0 | L13: ='RESUMEN TOTAL'!R16 -> 0 | M13: ='RESUMEN TOTAL'!S16 -> 0 | ... AI13: ='RESUMEN TOTAL'!AO16 -> 0 | AJ13: ='RESUMEN TOTAL'!#REF! -> #REF!
A14: ='RESUMEN TOTAL'!A17 -> BELGRANO | B14: ='RESUMEN TOTAL'!B17 -> BEL 02 | C14: ='RESUMEN TOTAL'!D17 -> Guardia vieja y Fronteriz | D14: ='RESUMEN TOTAL'!E17 -> DOMO | E14: ='RESUMEN TOTAL'!F17 -> Fibra Optica | F14: ='RESUMEN TOTAL'!L17 -> 0 | G14: ='RESUMEN TOTAL'!M17 -> 0 | H14: ='RESUMEN TOTAL'!N17 -> 0 | I14: ='RESUMEN TOTAL'!O17 -> 0 | J14: ='RESUMEN TOTAL'!P17 -> 0 | K14: ='RESUMEN TOTAL'!Q17 -> 0 | L14: ='RESUMEN TOTAL'!R17 -> 0 | M14: ='RESUMEN TOTAL'!S17 -> 0 | ... AI14: ='RESUMEN TOTAL'!AO17 -> 0 | AJ14: ='RESUMEN TOTAL'!#REF! -> #REF!
A15: ='RESUMEN TOTAL'!A18 -> BOSQUES CENTRO | B15: ='RESUMEN TOTAL'!B18 -> BOSQC 01 | C15: ='RESUMEN TOTAL'!D18 -> LUIS AGOTE E/DANUNCIO Y CAMPOAMOR | D15: ='RESUMEN TOTAL'!E18 -> Fija | E15: ='RESUMEN TOTAL'!F18 -> Radio | F15: ='RESUMEN TOTAL'!L18 -> 0 | G15: ='RESUMEN TOTAL'!M18 -> 0 | H15: ='RESUMEN TOTAL'!N18 -> 0 | I15: ='RESUMEN TOTAL'!O18 -> 0 | J15: ='RESUMEN TOTAL'!P18 -> 0 | K15: ='RESUMEN TOTAL'!Q18 -> 0 | L15: ='RESUMEN TOTAL'!R18 -> 0 | M15: ='RESUMEN TOTAL'!S18 -> 0 | ... AI15: ='RESUMEN TOTAL'!AO18 -> 0 | AJ15: ='RESUMEN TOTAL'!#REF! -> #REF!
... A602: ='RESUMEN TOTAL'!A605 -> 0 | B602: ='RESUMEN TOTAL'!B605 -> 0 | C602: ='RESUMEN TOTAL'!D605 -> 0 | D602: ='RESUMEN TOTAL'!E605 -> 0 | E602: ='RESUMEN TOTAL'!F605 -> 0 | F602: ='RESUMEN TOTAL'!L605 -> 0 | G602: ='RESUMEN TOTAL'!M605 -> 0 | H602: ='RESUMEN TOTAL'!N605 -> 0 | I602: ='RESUMEN TOTAL'!O605 -> 0 | J602: ='RESUMEN TOTAL'!P605 -> 0 | K602: ='RESUMEN TOTAL'!Q605 -> 0 | L602: ='RESUMEN TOTAL'!R605 -> 0 | M602: ='RESUMEN TOTAL'!S605 -> 0 | ... AI602: ='RESUMEN TOTAL'!AO605 -> 0 | AJ602: ='RESUMEN TOTAL'!#REF! -> #REF!
A603: ='RESUMEN TOTAL'!A606 -> 0 | B603: ='RESUMEN TOTAL'!B606 -> 0 | C603: ='RESUMEN TOTAL'!D606 -> 0 | D603: ='RESUMEN TOTAL'!E606 -> 0 | E603: ='RESUMEN TOTAL'!F606 -> 0 | F603: ='RESUMEN TOTAL'!L606 -> 0 | G603: ='RESUMEN TOTAL'!M606 -> 0 | H603: ='RESUMEN TOTAL'!N606 -> 0 | I603: ='RESUMEN TOTAL'!O606 -> 0 | J603: ='RESUMEN TOTAL'!P606 -> 0 | K603: ='RESUMEN TOTAL'!Q606 -> 0 | L603: ='RESUMEN TOTAL'!R606 -> 0 | M603: ='RESUMEN TOTAL'!S606 -> 0 | ... AI603: ='RESUMEN TOTAL'!AO606 -> 0
A604: ='RESUMEN TOTAL'!A607 -> 0 | B604: ='RESUMEN TOTAL'!B607 -> 0 | C604: ='RESUMEN TOTAL'!D607 -> 0 | D604: ='RESUMEN TOTAL'!E607 -> 0 | E604: ='RESUMEN TOTAL'!F607 -> 0 | F604: ='RESUMEN TOTAL'!L607 -> 0 | G604: ='RESUMEN TOTAL'!M607 -> 0 | H604: ='RESUMEN TOTAL'!N607 -> 0 | I604: ='RESUMEN TOTAL'!O607 -> 0 | J604: ='RESUMEN TOTAL'!P607 -> 0 | K604: ='RESUMEN TOTAL'!Q607 -> 0 | L604: ='RESUMEN TOTAL'!R607 -> 0 | M604: ='RESUMEN TOTAL'!S607 -> 0 | ... AI604: ='RESUMEN TOTAL'!AO607 -> 0
A605: ='RESUMEN TOTAL'!A608 -> 0 | B605: ='RESUMEN TOTAL'!B608 -> 0 | C605: ='RESUMEN TOTAL'!D608 -> 0 | D605: ='RESUMEN TOTAL'!E608 -> 0 | E605: ='RESUMEN TOTAL'!F608 -> 0 | F605: ='RESUMEN TOTAL'!L608 -> 0 | G605: ='RESUMEN TOTAL'!M608 -> 0 | H605: ='RESUMEN TOTAL'!N608 -> 0 | I605: ='RESUMEN TOTAL'!O608 -> 0 | J605: ='RESUMEN TOTAL'!P608 -> 0 | K605: ='RESUMEN TOTAL'!Q608 -> 0 | L605: ='RESUMEN TOTAL'!R608 -> 0 | M605: ='RESUMEN TOTAL'!S608 -> 0 | ... AI605: ='RESUMEN TOTAL'!AO608 -> 0
A606: ='RESUMEN TOTAL'!A609 -> 0 | B606: ='RESUMEN TOTAL'!B609 -> 0 | C606: ='RESUMEN TOTAL'!D609 -> 0 | D606: ='RESUMEN TOTAL'!E609 -> 0 | E606: ='RESUMEN TOTAL'!F609 -> 0 | F606: ='RESUMEN TOTAL'!L609 -> 0 | G606: ='RESUMEN TOTAL'!M609 -> 0 | H606: ='RESUMEN TOTAL'!N609 -> 0 | I606: ='RESUMEN TOTAL'!O609 -> 0 | J606: ='RESUMEN TOTAL'!P609 -> 0 | K606: ='RESUMEN TOTAL'!Q609 -> 0 | L606: ='RESUMEN TOTAL'!R609 -> 0 | M606: ='RESUMEN TOTAL'!S609 -> 0 | ... AI606: ='RESUMEN TOTAL'!AO609 -> 0
A607: ='RESUMEN TOTAL'!A610 -> 0 | B607: ='RESUMEN TOTAL'!B610 -> 0 | C607: ='RESUMEN TOTAL'!D610 -> 0 | D607: ='RESUMEN TOTAL'!E610 -> 0 | E607: ='RESUMEN TOTAL'!F610 -> 0 | F607: ='RESUMEN TOTAL'!L610 -> 0 | G607: ='RESUMEN TOTAL'!M610 -> 0 | H607: ='RESUMEN TOTAL'!N610 -> 0 | I607: ='RESUMEN TOTAL'!O610 -> 0 | J607: ='RESUMEN TOTAL'!P610 -> 0 | K607: ='RESUMEN TOTAL'!Q610 -> 0 | L607: ='RESUMEN TOTAL'!R610 -> 0 | M607: ='RESUMEN TOTAL'!S610 -> 0 | ... AI607: ='RESUMEN TOTAL'!AO610 -> 0
A608: ='RESUMEN TOTAL'!A611 -> 0 | B608: ='RESUMEN TOTAL'!B611 -> 0 | C608: ='RESUMEN TOTAL'!D611 -> 0 | D608: ='RESUMEN TOTAL'!E611 -> 0 | E608: ='RESUMEN TOTAL'!F611 -> 0 | F608: ='RESUMEN TOTAL'!L611 -> 0 | G608: ='RESUMEN TOTAL'!M611 -> 0 | H608: ='RESUMEN TOTAL'!N611 -> 0 | I608: ='RESUMEN TOTAL'!O611 -> 0 | J608: ='RESUMEN TOTAL'!P611 -> 0 | K608: ='RESUMEN TOTAL'!Q611 -> 0 | L608: ='RESUMEN TOTAL'!R611 -> 0 | M608: ='RESUMEN TOTAL'!S611 -> 0 | ... AI608: ='RESUMEN TOTAL'!AO611 -> 0
A609: ='RESUMEN TOTAL'!A612 -> 0 | B609: ='RESUMEN TOTAL'!B612 -> 0 | C609: ='RESUMEN TOTAL'!D612 -> 0 | D609: ='RESUMEN TOTAL'!E612 -> 0 | E609: ='RESUMEN TOTAL'!F612 -> 0 | F609: ='RESUMEN TOTAL'!L612 -> 0 | G609: ='RESUMEN TOTAL'!M612 -> 0 | H609: ='RESUMEN TOTAL'!N612 -> 0 | I609: ='RESUMEN TOTAL'!O612 -> 0 | J609: ='RESUMEN TOTAL'!P612 -> 0 | K609: ='RESUMEN TOTAL'!Q612 -> 0 | L609: ='RESUMEN TOTAL'!R612 -> 0 | M609: ='RESUMEN TOTAL'!S612 -> 0 | ... AI609: ='RESUMEN TOTAL'!AO612 -> 0
A610: ='RESUMEN TOTAL'!A613 -> 0 | B610: ='RESUMEN TOTAL'!B613 -> 0 | C610: ='RESUMEN TOTAL'!D613 -> 0 | D610: ='RESUMEN TOTAL'!E613 -> 0 | E610: ='RESUMEN TOTAL'!F613 -> 0 | F610: ='RESUMEN TOTAL'!L613 -> 0 | G610: ='RESUMEN TOTAL'!M613 -> 0 | H610: ='RESUMEN TOTAL'!N613 -> 0 | I610: ='RESUMEN TOTAL'!O613 -> 0 | J610: ='RESUMEN TOTAL'!P613 -> 0 | K610: ='RESUMEN TOTAL'!Q613 -> 0 | L610: ='RESUMEN TOTAL'!R613 -> 0 | M610: ='RESUMEN TOTAL'!S613 -> 0 | ... AI610: ='RESUMEN TOTAL'!AO613 -> 0
A611: ='RESUMEN TOTAL'!A614 -> 0 | B611: ='RESUMEN TOTAL'!B614 -> 0 | C611: ='RESUMEN TOTAL'!D614 -> 0 | D611: ='RESUMEN TOTAL'!E614 -> 0 | E611: ='RESUMEN TOTAL'!F614 -> 0 | F611: ='RESUMEN TOTAL'!L614 -> 0 | G611: ='RESUMEN TOTAL'!M614 -> 0 | H611: ='RESUMEN TOTAL'!N614 -> 0 | I611: ='RESUMEN TOTAL'!O614 -> 0 | J611: ='RESUMEN TOTAL'!P614 -> 0 | K611: ='RESUMEN TOTAL'!Q614 -> 0 | L611: ='RESUMEN TOTAL'!R614 -> 0 | M611: ='RESUMEN TOTAL'!S614 -> 0 | ... AI611: ='RESUMEN TOTAL'!AO614 -> 0
A612: ='RESUMEN TOTAL'!A615 -> 0 | B612: ='RESUMEN TOTAL'!B615 -> 0 | C612: ='RESUMEN TOTAL'!D615 -> 0 | D612: ='RESUMEN TOTAL'!E615 -> 0 | E612: ='RESUMEN TOTAL'!F615 -> 0 | F612: ='RESUMEN TOTAL'!L615 -> 0 | G612: ='RESUMEN TOTAL'!M615 -> 0 | H612: ='RESUMEN TOTAL'!N615 -> 0 | I612: ='RESUMEN TOTAL'!O615 -> 0 | J612: ='RESUMEN TOTAL'!P615 -> 0 | K612: ='RESUMEN TOTAL'!Q615 -> 0 | L612: ='RESUMEN TOTAL'!R615 -> 0 | M612: ='RESUMEN TOTAL'!S615 -> 0 | ... AI612: ='RESUMEN TOTAL'!AO615 -> 0
A613: ='RESUMEN TOTAL'!A616 -> 0 | B613: ='RESUMEN TOTAL'!B616 -> 0 | C613: ='RESUMEN TOTAL'!D616 -> 0 | D613: ='RESUMEN TOTAL'!E616 -> 0 | E613: ='RESUMEN TOTAL'!F616 -> 0 | F613: ='RESUMEN TOTAL'!L616 -> 0 | G613: ='RESUMEN TOTAL'!M616 -> 0 | H613: ='RESUMEN TOTAL'!N616 -> 0 | I613: ='RESUMEN TOTAL'!O616 -> 0 | J613: ='RESUMEN TOTAL'!P616 -> 0 | K613: ='RESUMEN TOTAL'!Q616 -> 0 | L613: ='RESUMEN TOTAL'!R616 -> 0 | M613: ='RESUMEN TOTAL'!S616 -> 0 | ... AI613: ='RESUMEN TOTAL'!AO616 -> 0
A614: ='RESUMEN TOTAL'!A617 -> 0 | B614: ='RESUMEN TOTAL'!B617 -> 0 | C614: ='RESUMEN TOTAL'!D617 -> 0 | D614: ='RESUMEN TOTAL'!E617 -> 0 | E614: ='RESUMEN TOTAL'!F617 -> 0 | F614: ='RESUMEN TOTAL'!L617 -> 0 | G614: ='RESUMEN TOTAL'!M617 -> 0 | H614: ='RESUMEN TOTAL'!N617 -> 0 | I614: ='RESUMEN TOTAL'!O617 -> 0 | J614: ='RESUMEN TOTAL'!P617 -> 0 | K614: ='RESUMEN TOTAL'!Q617 -> 0 | L614: ='RESUMEN TOTAL'!R617 -> 0 | M614: ='RESUMEN TOTAL'!S617 -> 0 | ... AI614: ='RESUMEN TOTAL'!AO617 -> 0
... A686: ='RESUMEN TOTAL'!A689 -> 0 | B686: ='RESUMEN TOTAL'!B689 -> 0 | C686: ='RESUMEN TOTAL'!D689 -> 0 | D686: ='RESUMEN TOTAL'!E689 -> 0 | E686: ='RESUMEN TOTAL'!F689 -> 0 | F686: ='RESUMEN TOTAL'!L689 -> 0 | G686: ='RESUMEN TOTAL'!M689 -> 0 | H686: ='RESUMEN TOTAL'!N689 -> 0 | I686: ='RESUMEN TOTAL'!O689 -> 0 | J686: ='RESUMEN TOTAL'!P689 -> 0 | K686: ='RESUMEN TOTAL'!Q689 -> 0 | L686: ='RESUMEN TOTAL'!R689 -> 0 | M686: ='RESUMEN TOTAL'!S689 -> 0 | ... AI686: ='RESUMEN TOTAL'!AO689 -> 0

Sheet BARRAS

Sheet PORCENTAJE

Sheet informe
C1: CANTIDAD | E1: %
B2: TOTAL | C2: 448 | F2: 45108
B3: CAIDAS | E3: =D3/C2 -> 0
B4: LLEGAMOS NOSOTROS | E4: =D4/C2 -> 0
B5: NO ESTA LA CAMARA | C5: 1 | E5: =D5/C2 -> 0
B6: RADIO | E6: =D6/C2 -> 0
B7: BONOMO
B8: COSEIDI
B9: TOTAL | C9: =AUXILIAR!F3 -> 462 | F9: 45109
B10: CAIDAS | E10: =D10/C9 -> 0
B11: LLEGAMOS NOSOTROS | E11: =D11/C9 -> 0
B12: NO ESTA LA CAMARA | C12: 1 | E12: =D12/C9 -> 0
B13: RADIO | E13: =D13/C9 -> 0
B14: BONOMO | C14: =Hoja1!G3 -> 0 | E14: =Hoja1!G4 -> 0
B15: COSEIDI | C15: =Hoja1!G5 -> 0 | E15: =Hoja1!G6 -> 0
B16: TOTAL | C16: =AUXILIAR!F4 -> 462 | F16: 45110
B17: CAIDAS | D17: =C17 -> 0 | E17: =D17/C16 -> 0
B18: LLEGAMOS NOSOTROS | D18: =D17-C18 -> 0 | E18: =D18/C16 -> 0
B19: NO ESTA LA CAMARA | C19: 1 | D19: =D18-C19 -> -1 | E19: =D19/C16 -> -0.0021645022
B20: RADIO | D20: =D19-C20 -> -1 | E20: =D20/C16 -> -0.0021645022
B21: BONOMO | C21: =Hoja1!H3 -> 0 | E21: =Hoja1!H4 -> 0
B22: COSEIDI | C22: =Hoja1!H5 -> 0 | E22: =Hoja1!H6 -> 0
B23: TOTAL | C23: =AUXILIAR!F5 -> 462 | F23: 45111
B24: CAIDAS | C24: =AUXILIAR!E5 -> 0 | D24: =C24 -> 0 | E24: =D24/C23 -> 0
B25: LLEGAMOS NOSOTROS | D25: =D24-C25 -> 0 | E25: =D25/C23 -> 0
B26: NO ESTA LA CAMARA | C26: 1 | D26: =D25-C26 -> -1 | E26: =D26/C23 -> -0.0021645022
B27: RADIO | C27: =AUXILIAR!B5 -> 0 | D27: =D26-C27 -> -1 | E27: =D27/C23 -> -0.0021645022
B28: BONOMO | C28: =Hoja1!I3 -> 0 | E28: =Hoja1!I4 -> 0
B29: COSEIDI | C29: =Hoja1!I5 -> 0 | E29: =Hoja1!I6 -> 0
B30: TOTAL | C30: =AUXILIAR!F6 -> 462 | F30: 45112
B31: CAIDAS | D31: =C31 -> 0 | E31: =D31/C30 -> 0
B32: LLEGAMOS NOSOTROS | D32: =D31-C32 -> 0 | E32: =D32/C30 -> 0
B33: NO ESTA LA CAMARA | C33: 1 | D33: =D32-C33 -> -1 | E33: =D33/C30 -> -0.0021645022
B34: RADIO | D34: =D33-C34 -> -1 | E34: =D34/C30 -> -0.0021645022
B35: BONOMO | C35: =Hoja1!J3 -> 0 | E35: =Hoja1!J4 -> 0
B36: COSEIDI | C36: =Hoja1!J5 -> 0 | E36: =Hoja1!J6 -> 0
B37: TOTAL | C37: 448 | F37: 45113
B38: CAIDAS | C38: =AUXILIAR!E7 -> 25 | D38: =C38 -> 25 | E38: =D38/C37 -> 0.055803571
B39: LLEGAMOS NOSOTROS | C39: 3 | D39: =D38-C39 -> 22 | E39: =D39/C37 -> 0.049107143
B40: NO ESTA LA CAMARA | C40: 1 | E40: =D40/C37 -> 0
B41: RADIO | C41: 4 | D41: =D40-C41 -> -4 | E41: =D41/C37 -> -0.0089285714
B42: BONOMO | C42: =Hoja1!K3 -> 12 | E42: =Hoja1!K4 -> 0.049792531
B43: COSEIDI | C43: =Hoja1!K5 -> 13 | E43: =Hoja1!K6 -> 0.061611374
B44: TOTAL | C44: =AUXILIAR!F8 -> 462 | F44: 45114
B45: CAIDAS | C45: =AUXILIAR!E8 -> 15 | D45: =C45 -> 15 | E45: =D45/C44 -> 0.032467532
B46: LLEGAMOS NOSOTROS | C46: 2 | D46: =D45-C46 -> 13 | E46: =D46/C44 -> 0.028138528
B47: NO ESTA LA CAMARA | C47: 1 | D47: =D46-C47 -> 12 | E47: =D47/C44 -> 0.025974026
B48: RADIO | C48: =AUXILIAR!B8 -> 7 | D48: =D47-C48 -> 5 | E48: =D48/C44 -> 0.010822511
B49: BONOMO | C49: =Hoja1!L3 -> 5 | E49: =Hoja1!L4 -> 0.020746888
B50: COSEIDI | C50: =Hoja1!L5 -> 10 | E50: 0.05
B51: TOTAL | C51: =AUXILIAR!F9 -> 462 | F51: 45115
B52: CAIDAS | C52: =AUXILIAR!E9 -> 0 | D52: =C52 -> 0 | E52: =D52/C51 -> 0
B53: LLEGAMOS NOSOTROS | D53: =D52-C53 -> 0 | E53: =D53/C51 -> 0
B54: NO ESTA LA CAMARA | C54: 1 | D54: =D53-C54 -> -1 | E54: =D54/C51 -> -0.0021645022
B55: RADIO | C55: =AUXILIAR!B9 -> 0 | D55: =D54-C55 -> -1 | E55: =D55/C51 -> -0.0021645022
B56: BONOMO | C56: =Hoja1!M3 -> 0 | E56: =Hoja1!M4 -> 0
B57: COSEIDI | C57: =Hoja1!M5 -> 0 | E57: =Hoja1!M6 -> 0
B58: TOTAL | C58: =AUXILIAR!F10 -> 462 | F58: 45116
B59: CAIDAS | C59: =AUXILIAR!E10 -> 0 | D59: =C59 -> 0 | E59: =D59/C58 -> 0
B60: LLEGAMOS NOSOTROS | D60: =D59-C60 -> 0 | E60: =D60/C58 -> 0
B61: NO ESTA LA CAMARA | C61: 1 | D61: =D60-C61 -> -1 | E61: =D61/C58 -> -0.0021645022
B62: RADIO | D62: =D61-C62 -> -1 | E62: =D62/C58 -> -0.0021645022
B63: BONOMO | C63: =Hoja1!N3 -> 0 | E63: =Hoja1!N4 -> 0
B64: COSEIDI | C64: =Hoja1!N5 -> 0 | E64: =Hoja1!N6 -> 0
B65: TOTAL | C65: =AUXILIAR!F11 -> 462 | F65: 45117
B66: CAIDAS | C66: =AUXILIAR!E11 -> 17 | D66: =C66 -> 17 | E66: =D66/C65 -> 0.036796537
B67: LLEGAMOS NOSOTROS | C67: 1 | D67: =D66-C67 -> 16 | E67: =D67/C65 -> 0.034632035
B68: NO ESTA LA CAMARA | C68: 1 | D68: =D67-C68 -> 15 | E68: =D68/C65 -> 0.032467532
B69: RADIO | C69: =AUXILIAR!B11 -> 11 | D69: =D68-C69 -> 4 | E69: =D69/C65 -> 0.0086580087
B70: BONOMO | C70: =Hoja1!O3 -> 5 | E70: =Hoja1!O4 -> 0.020746888
B71: COSEIDI | C71: =Hoja1!O5 -> 12 | E71: 0.06
B72: TOTAL | C72: =AUXILIAR!F12 -> 462 | F72: 45118
B73: CAIDAS | C73: 47 | D73: =C73 -> 47 | E73: =D73/C72 -> 0.1017316
B74: LLEGAMOS NOSOTROS | C74: 0 | D74: =D73-C74 -> 47 | E74: =D74/C72 -> 0.1017316
B75: NO ESTA LA CAMARA | C75: 1 | D75: =D74-C75 -> 46 | E75: =D75/C72 -> 0.0995671
B76: RADIO | C76: 11 | D76: =D75-C76 -> 35 | E76: =D76/C72 -> 0.075757576
B77: BONOMO | C77: =Hoja1!P3 -> 14 | E77: =Hoja1!P4 -> 0.058091286
B78: COSEIDI | C78: =Hoja1!P5 -> 35 | E78: 0.16
B79: TOTAL | C79: =AUXILIAR!F13 -> 462 | F79: 45119
B80: CAIDAS | C80: 46 | D80: =C80 -> 46 | E80: =D80/C79 -> 0.0995671
B81: LLEGAMOS NOSOTROS | C81: 3 | D81: =D80-C81 -> 43 | E81: =D81/C79 -> 0.093073593
B82: NO ESTA LA CAMARA | C82: 1 | D82: =D81-C82 -> 42 | E82: =D82/C79 -> 0.090909091
B83: RADIO | C83: 9 | D83: =D82-C83 -> 33 | E83: =D83/C79 -> 0.071428571
B84: BONOMO | C84: =Hoja1!Q3 -> 11 | E84: =Hoja1!Q4 -> 0.045643154
B85: COSEIDI | C85: =Hoja1!Q5 -> 35 | E85: 0.17
B86: TOTAL | C86: =AUXILIAR!F14 -> 462 | F86: 45120
B87: CAIDAS | C87: 71 | D87: =C87 -> 71 | E87: =D87/C86 -> 0.15367965
B88: LLEGAMOS NOSOTROS | C88: 4 | D88: =D87-C88 -> 67 | E88: =D88/C86 -> 0.14502165
B89: NO ESTA LA CAMARA | C89: 1 | D89: =D88-C89 -> 66 | E89: =D89/C86 -> 0.14285714
B90: RADIO | C90: 14 | D90: =D89-C90 -> 52 | E90: =D90/C86 -> 0.11255411
B91: BONOMO | C91: 16 | E91: 0.07
B92: COSEIDI | C92: =Hoja1!R5 -> 55 | E92: =Hoja1!R6 -> 0.26066351
B93: TOTAL | C93: =AUXILIAR!F15 -> 462 | F93: 45121 | G93: PARADAS SEGURAS
B94: CAIDAS | C94: 126 | D94: =C94 -> 126 | E94: =D94/C93 -> 0.27272727 | H94: TOTAL | I94: SIN FUNCIONAR | J94: %
B95: LLEGAMOS NOSOTROS | C95: 0 | D95: =D94-C95 -> 126 | E95: =D95/C93 -> 0.27272727 | G95: PARADAS | H95: =AUXILIAR!B48 -> 5
B96: NO ESTA LA CAMARA | C96: 1 | D96: =D95-C96 -> 125 | E96: =D96/C93 -> 0.27056277 | G96: CAMARAS | H96: =AUXILIAR!C48 -> 5 | I96: =AUXILIAR!E48 -> 2 | J96: =I96/H96 -> 0.4
B97: RADIO | C97: 18 | D97: =D96-C97 -> 107 | E97: =D97/C93 -> 0.23160173 | G97: INTERCOMUNICADORES | H97: =AUXILIAR!D48 -> 5 | I97: =AUXILIAR!F48 -> 1 | J97: =I97/H97 -> 0.2
B98: BONOMO | C98: =Hoja1!S3 -> 59 | E98: =Hoja1!S4 -> 0.24481328 | G98: DISPOSITIVOS | H98: =paradas!H1 -> 10 | I98: =paradas!S2+paradas!S3 -> 3 | J98: =I98/H98 -> 0.3
B99: COSEIDI | C99: =Hoja1!S5 -> 67 | E99: 0.23 | G99: FALLAS TOTALES | H99: =AUXILIAR!G48 -> 3
B100: TOTAL | C100: =AUXILIAR!F16 -> 462 | F100: 45122 | G100: PARADAS SEGURAS
...

Sheet AUXILIAR
A1: FECHA | B1: RADIO | C1: FIBRA | D1: ANTENA | E1: TOTAL APAGADOS | F1: INSTALADAS | G1: % APAGADOS
A2: ='APAGADOS RADIO'!F3 -> 45108 | B2: ='APAGADOS RADIO'!F2+D2 -> 0 | C2: ='APAGADOS FIBRA'!F2 -> 0 | D2: ='APAGADOS ANTENA'!F2 -> 0 | E2: =B2+C2 -> 0 | F2: ='RESUMEN TOTAL'!B1 -> 462 | G2: =E2/F2 -> 0
A3: ='APAGADOS RADIO'!G3 -> 45109 | B3: ='APAGADOS RADIO'!G2+D3 -> 0 | C3: ='APAGADOS FIBRA'!G2 -> 0 | D3: ='APAGADOS ANTENA'!G2 -> 0 | E3: =B3+C3 -> 0 | F3: ='RESUMEN TOTAL'!B1 -> 462 | G3: =E3/F3 -> 0
A4: ='APAGADOS RADIO'!H3 -> 45110 | B4: ='APAGADOS RADIO'!H2+D4 -> 0 | C4: ='APAGADOS FIBRA'!H2 -> 0 | D4: ='APAGADOS ANTENA'!H2 -> 0 | E4: =B4+C4 -> 0 | F4: ='RESUMEN TOTAL'!B1 -> 462 | G4: =E4/F4 -> 0
A5: ='APAGADOS RADIO'!I3 -> 45111 | B5: ='APAGADOS RADIO'!I2+D5 -> 0 | C5: ='APAGADOS FIBRA'!I2 -> 0 | D5: ='APAGADOS ANTENA'!I2 -> 0 | E5: =B5+C5 -> 0 | F5: ='RESUMEN TOTAL'!B1 -> 462 | G5: =E5/F5 -> 0
A6: ='APAGADOS RADIO'!J3 -> 45112 | B6: ='APAGADOS RADIO'!J2+D6 -> 0 | C6: ='APAGADOS FIBRA'!J2 -> 0 | D6: ='APAGADOS ANTENA'!J2 -> 0 | E6: =B6+C6 -> 0 | F6: ='RESUMEN TOTAL'!B1 -> 462 | G6: =E6/F6 -> 0
A7: ='APAGADOS RADIO'!K3 -> 45113 | B7: ='APAGADOS RADIO'!K2+D7 -> 4 | C7: ='APAGADOS FIBRA'!K2 -> 21 | D7: ='APAGADOS ANTENA'!K2 -> 0 | E7: =B7+C7 -> 25 | F7: ='RESUMEN TOTAL'!B1 -> 462 | G7: =E7/F7 -> 0.054112554
A8: ='APAGADOS RADIO'!L3 -> 45114 | B8: ='APAGADOS RADIO'!L2+D8 -> 7 | C8: ='APAGADOS FIBRA'!L2 -> 8 | D8: ='APAGADOS ANTENA'!L2 -> 0 | E8: =B8+C8 -> 15 | F8: ='RESUMEN TOTAL'!B1 -> 462 | G8: =E8/F8 -> 0.032467532
A9: ='APAGADOS RADIO'!M3 -> 45115 | B9: ='APAGADOS RADIO'!M2+D9 -> 0 | C9: ='APAGADOS FIBRA'!M2 -> 0 | D9: ='APAGADOS ANTENA'!M2 -> 0 | E9: =B9+C9 -> 0 | F9: ='RESUMEN TOTAL'!B1 -> 462 | G9: =E9/F9 -> 0
A10: ='APAGADOS RADIO'!N3 -> 45116 | B10: ='APAGADOS RADIO'!N2+D10 -> 0 | C10: ='APAGADOS FIBRA'!N2 -> 0 | D10: ='APAGADOS ANTENA'!N2 -> 0 | E10: =B10+C10 -> 0 | F10: ='RESUMEN TOTAL'!B1 -> 462 | G10: =E10/F10 -> 0
A11: ='APAGADOS RADIO'!O3 -> 45117 | B11: ='APAGADOS RADIO'!O2+D11 -> 11 | C11: ='APAGADOS FIBRA'!O2 -> 6 | D11: ='APAGADOS ANTENA'!O2 -> 0 | E11: =B11+C11 -> 17 | F11: ='RESUMEN TOTAL'!B1 -> 462 | G11: =E11/F11 -> 0.036796537
A12: ='APAGADOS RADIO'!P3 -> 45118 | B12: ='APAGADOS RADIO'!P2+D12 -> 15 | C12: ='APAGADOS FIBRA'!P2 -> 33 | D12: ='APAGADOS ANTENA'!P2 -> 4 | E12: =B12+C12 -> 48 | F12: ='RESUMEN TOTAL'!B1 -> 462 | G12: =E12/F12 -> 0.1038961
A13: ='APAGADOS RADIO'!Q3 -> 45119 | B13: ='APAGADOS RADIO'!Q2+D13 -> 10 | C13: ='APAGADOS FIBRA'!Q2 -> 32 | D13: ='APAGADOS ANTENA'!Q2 -> 1 | E13: =B13+C13 -> 42 | F13: ='RESUMEN TOTAL'!B1 -> 462 | G13: =E13/F13 -> 0.090909091
A14: ='APAGADOS RADIO'!R3 -> 45120 | B14: ='APAGADOS RADIO'!R2+D14 -> 15 | C14: ='APAGADOS FIBRA'!R2 -> 55 | D14: ='APAGADOS ANTENA'!R2 -> 1 | E14: =B14+C14 -> 70 | F14: ='RESUMEN TOTAL'!B1 -> 462 | G14: =E14/F14 -> 0.15151515
A15: ='APAGADOS RADIO'!S3 -> 45121 | B15: ='APAGADOS RADIO'!S2+D15 -> 26 | C15: ='APAGADOS FIBRA'!S2 -> 98 | D15: ='APAGADOS ANTENA'!S2 -> 8 | E15: =B15+C15 -> 124 | F15: ='RESUMEN TOTAL'!B1 -> 462 | G15: =E15/F15 -> 0.26839827
A16: ='APAGADOS RADIO'!T3 -> 45122 | B16: ='APAGADOS RADIO'!T2+D16 -> 15 | C16: ='APAGADOS FIBRA'!T2 -> 29 | D16: ='APAGADOS ANTENA'!T2 -> 4 | E16: =B16+C16 -> 44 | F16: ='RESUMEN TOTAL'!B1 -> 462 | G16: =E16/F16 -> 0.095238095
A17: ='APAGADOS RADIO'!U3 -> 45123 | B17: ='APAGADOS RADIO'!U2+D17 -> 14 | C17: ='APAGADOS FIBRA'!U2 -> 44 | D17: ='APAGADOS ANTENA'!U2 -> 6 | E17: =B17+C17 -> 58 | F17: ='RESUMEN TOTAL'!B1 -> 462 | G17: =E17/F17 -> 0.12554113
A18: ='APAGADOS RADIO'!V3 -> 45124 | B18: ='APAGADOS RADIO'!V2+D18 -> 26 | C18: ='APAGADOS FIBRA'!V2 -> 75 | D18: ='APAGADOS ANTENA'!V2 -> 10 | E18: =B18+C18 -> 101 | F18: ='RESUMEN TOTAL'!B1 -> 462 | G18: =E18/F18 -> 0.21861472
A19: ='APAGADOS RADIO'!W3 -> 45125 | B19: ='APAGADOS RADIO'!W2+D19 -> 16 | C19: ='APAGADOS FIBRA'!W2 -> 69 | D19: ='APAGADOS ANTENA'!W2 -> 5 | E19: =B19+C19 -> 85 | F19: ='RESUMEN TOTAL'!B1 -> 462 | G19: =E19/F19 -> 0.18398268
A20: ='APAGADOS RADIO'!X3 -> 45126 | B20: ='APAGADOS RADIO'!X2+D20 -> 21 | C20: ='APAGADOS FIBRA'!X2 -> 79 | D20: ='APAGADOS ANTENA'!X2 -> 6 | E20: =B20+C20 -> 100 | F20: ='RESUMEN TOTAL'!B1 -> 462 | G20: =E20/F20 -> 0.21645022
A21: ='APAGADOS RADIO'!Y3 -> 45127 | B21: ='APAGADOS RADIO'!Y2+D21 -> 6 | C21: ='APAGADOS FIBRA'!Y2 -> 34 | D21: ='APAGADOS ANTENA'!Y2 -> 0 | E21: =B21+C21 -> 40 | F21: ='RESUMEN TOTAL'!B1 -> 462 | G21: =E21/F21 -> 0.086580087
A22: ='APAGADOS RADIO'!Z3 -> 45128 | B22: ='APAGADOS RADIO'!Z2+D22 -> 8 | C22: ='APAGADOS FIBRA'!Z2 -> 31 | D22: ='APAGADOS ANTENA'!Z2 -> 0 | E22: =B22+C22 -> 39 | F22: ='RESUMEN TOTAL'!B1 -> 462 | G22: =E22/F22 -> 0.084415584
A23: ='APAGADOS RADIO'!AA3 -> 45129 | B23: ='APAGADOS RADIO'!AA2+D23 -> 10 | C23: ='APAGADOS FIBRA'!AA2 -> 32 | D23: ='APAGADOS ANTENA'!AA2 -> 4 | E23: =B23+C23 -> 42 | F23: ='RESUMEN TOTAL'!B1 -> 462 | G23: =E23/F23 -> 0.090909091
A24: ='APAGADOS RADIO'!AB3 -> 45130 | B24: ='APAGADOS RADIO'!AB2+D24 -> 0 | C24: ='APAGADOS FIBRA'!AB2 -> 0 | D24: ='APAGADOS ANTENA'!AB2 -> 0 | E24: =B24+C24 -> 0 | F24: ='RESUMEN TOTAL'!B1 -> 462 | G24: =E24/F24 -> 0
A25: ='APAGADOS RADIO'!AC3 -> 45131 | B25: ='APAGADOS RADIO'!TAC2+D25 -> 0 | C25: ='APAGADOS FIBRA'!AC2 -> 0 | D25: ='APAGADOS ANTENA'!AC2 -> 0 | E25: =B25+C25 -> 0 | F25: ='RESUMEN TOTAL'!B1 -> 462 | G25: =E25/F25 -> 0
A26: ='APAGADOS RADIO'!AD3 -> 45132 | B26: ='APAGADOS RADIO'!AD2+D26 -> 0 | C26: ='APAGADOS FIBRA'!AD2 -> 0 | D26: ='APAGADOS ANTENA'!AD2 -> 0 | E26: =B26+C26 -> 0 | F26: ='RESUMEN TOTAL'!B1 -> 462 | G26: =E26/F26 -> 0
A27: ='APAGADOS RADIO'!AE3 -> 45133 | B27: ='APAGADOS RADIO'!AE2+D27 -> 0 | C27: ='APAGADOS FIBRA'!AE2 -> 0 | D27: ='APAGADOS ANTENA'!AE2 -> 0 | E27: =B27+C27 -> 0 | F27: ='RESUMEN TOTAL'!B1 -> 462 | G27: =E27/F27 -> 0
A28: ='APAGADOS RADIO'!AF3 -> 45134 | B28: ='APAGADOS RADIO'!AF2+D28 -> 0 | C28: ='APAGADOS FIBRA'!AF2 -> 0 | D28: ='APAGADOS ANTENA'!AF2 -> 0 | E28: =B28+C28 -> 0 | F28: ='RESUMEN TOTAL'!B1 -> 462 | G28: =E28/F28 -> 0
A29: ='APAGADOS RADIO'!AG3 -> 45135 | B29: ='APAGADOS RADIO'!AG2+D29 -> 0 | C29: ='APAGADOS FIBRA'!AG2 -> 0 | D29: ='APAGADOS ANTENA'!AF2 -> 0 | E29: =B29+C29 -> 0 | F29: ='RESUMEN TOTAL'!B1 -> 462 | G29: =E29/F29 -> 0
A30: ='APAGADOS RADIO'!AH3 -> 45136 | B30: ='APAGADOS RADIO'!AH2+D30 -> 0 | C30: ='APAGADOS FIBRA'!AH2 -> 0 | D30: ='APAGADOS ANTENA'!AG2 -> 0 | E30: =B30+C30 -> 0 | F30: ='RESUMEN TOTAL'!B1 -> 462 | G30: =E30/F30 -> 0
A31: ='APAGADOS RADIO'!AI3 -> 45137 | B31: ='APAGADOS RADIO'!AI2+D31 -> 0 | C31: ='APAGADOS FIBRA'!AI2 -> 0 | D31: ='APAGADOS ANTENA'!AI2 -> 0 | E31: =B31+C31 -> 0 | F31: ='RESUMEN TOTAL'!B1 -> 462 | G31: =E31/F31 -> 0
A32: ='APAGADOS RADIO'!AJ3 -> #REF!
A34: =A1 -> FECHA | B34: PARADAS | C34: GFIJAS | D34: INTERCOMUNICADORES | E34: APAGADAS FIJAS | F34: APAGADAS INTERC | G34: TOTAL FALLAS
A35: =A2 -> 45108
A36: =A3 -> 45109
A37: =A4 -> 45110
A38: =A5 -> 45111
A39: =A6 -> 45112
A40: =A7 -> 45113
A41: =A8 -> 45114
A42: =A9 -> 45115
A43: =A10 -> 45116
A44: =A11 -> 45117
A45: =A12 -> 45118
A46: =A13 -> 45119
A47: =A14 -> 45120
A48: =A15 -> 45121 | B48: =paradas!D1 -> 5 | C48: =paradas!K1 -> 5 | D48: =paradas!O1 -> 5 | E48: =paradas!S2 -> 2 | F48: =paradas!S3 -> 1 | G48: =E48+F48 -> 3
A49: =A16 -> 45122 | B49: =paradas!D1 -> 5 | C49: =paradas!K1 -> 5 | D49: =paradas!O1 -> 5 | E49: =paradas!T2 -> 2 | F49: =paradas!T3 -> 1 | G49: =E49+F49 -> 3
A50: =A17 -> 45123 | B50: =paradas!D1 -> 5 | C50: =paradas!K1 -> 5 | D50: =paradas!O1 -> 5 | E50: =paradas!U2 -> 2 | F50: =paradas!U3 -> 1 | G50: =E50+F50 -> 3
A51: =A18 -> 45124 | B51: =paradas!D1 -> 5 | C51: =paradas!K1 -> 5 | D51: =paradas!O1 -> 5 | E51: =paradas!V2 -> 2 | F51: =paradas!V3 -> 1 | G51: =E51+F51 -> 3
A52: =A19 -> 45125 | B52: =paradas!D1 -> 5 | C52: =paradas!K1 -> 5 | D52: =paradas!O1 -> 5 | E52: =paradas!W2 -> 2 | F52: =paradas!W3 -> 1 | G52: =E52+F52 -> 3
A53: =A20 -> 45126 | B53: =paradas!D1 -> 5 | C53: =paradas!K1 -> 5 | D53: =paradas!O1 -> 5 | E53: =paradas!X2 -> 2 | F53: =paradas!X3 -> 1 | G53: =E53+F53 -> 3
A54: =A21 -> 45127 | B54: =paradas!D1 -> 5 | C54: =paradas!K1 -> 5 | D54: =paradas!O1 -> 5 | E54: =paradas!Y2 -> 0 | F54: =paradas!Y3 -> 0 | G54: =E54+F54 -> 0
A55: =A22 -> 45128 | B55: =paradas!D1 -> 5 | C55: =paradas!K1 -> 5 | D55: =paradas!O1 -> 5 | E55: =paradas!Z2 -> 0 | F55: =paradas!Z3 -> 0 | G55: =paradas!AB2 -> 0
A56: =A23 -> 45129 | B56: =paradas!D1 -> 5 | C56: =paradas!K1 -> 5 | D56: =paradas!O1 -> 5 | E56: =paradas!AA2 -> 0 | F56: =paradas!AA3 -> 0 | G56: =E56+F56 -> 0
A57: =A24 -> 45130 | B57: =paradas!D1 -> 5 | C57: =paradas!K1 -> 5 | D57: =paradas!O1 -> 5 | E57: =paradas!AB2 -> 0 | F57: =paradas!AB3 -> 0 | G57: =E57+F57 -> 0
A58: =A25 -> 45131 | B58: =paradas!D1 -> 5 | C58: =paradas!K1 -> 5 | D58: =paradas!O1 -> 5 | E58: =paradas!AC2 -> 0 | F58: =paradas!AC3 -> 0 | G58: =E58+F58 -> 0
A59: =A26 -> 45132 | B59: =paradas!D1 -> 5 | C59: =paradas!K1 -> 5 | D59: =paradas!O1 -> 5 | E59: =paradas!AD2 -> 0 | F59: =paradas!AD3 -> 0 | G59: =E59+F59 -> 0
A60: =A27 -> 45133 | B60: =paradas!D1 -> 5 | C60: =paradas!K1 -> 5 | D60: =paradas!O1 -> 5 | E60: =paradas!AE2 -> 0 | F60: =paradas!AE3 -> 0 | G60: =E60+F60 -> 0
A61: =A28 -> 45134 | B61: =paradas!D1 -> 5 | C61: =paradas!K1 -> 5 | D61: =paradas!O1 -> 5 | E61: =paradas!AF2 -> 0 | F61: =paradas!AF3 -> 0 | G61: =E61+F61 -> 0
A62: =A29 -> 45135 | B62: =paradas!D1 -> 5 | C62: =paradas!K1 -> 5 | D62: =paradas!O1 -> 5 | E62: =paradas!AG2 -> 0 | F62: =paradas!G3 -> 0 | G62: =E62+F62 -> 0
A63: =A30 -> 45136 | B63: =paradas!D1 -> 5 | C63: =paradas!K1 -> 5 | D63: =paradas!O1 -> 5 | E63: =paradas!AH2 -> 0 | F63: =paradas!AH3 -> 0 | G63: =E63+F63 -> 0
A64: =A31 -> 45137 | B64: =paradas!D1 -> 5 | C64: =paradas!K1 -> 5 | D64: =paradas!O1 -> 5 | E64: =paradas!AI2 -> 0 | F64: =paradas!AI3 -> 0 | G64: =E64+F64 -> 0
A65: =A32 -> #REF! | B65: =paradas!D1 -> 5 | C65: =paradas!K1 -> 5 | D65: =paradas!O1 -> 5 | E65: =paradas!AJ2 -> 0 | F65: =paradas!AAJ3 -> 0 | G65: =E65+F65 -> 0

Sheet GRAFICO2

Sheet Hoja1
B1: CAMARAS
A2: BONOMO | B2: =COUNTIFS('RESUMEN TOTAL'!C5:C517,"=BONOMO") -> 241 | F2: 45108 | G2: 45109 | H2: 45110 | I2: 45111 | J2: 45112 | K2: 45113 | L2: 45114 | M2: 45115 | N2: 45116 | O2: 45117 | P2: 45118 | Q2: 45119 | R2: 45120 | S2: 45121 | T2: 45122 | U2: 45123 | V2: 45124 | W2: 45125 | X2: 45126 | Y2: 45127 | Z2: 45128 | AA2: 45129 | AB2: 45130 | AC2: 45131 | AD2: 45132 | AE2: 45133 | AF2: 45134 | AG2: 45135 | AH2: 45136 | AI2: 45137 | AJ2: 45138
D3: BONOMO | E3: APAGADAS BONOMO | F3: 0 | G3: =COUNTIFS('RESUMEN TOTAL'!C5:C518, "=BONOMO",'RESUMEN TOTAL'!M5:M518,"=APAGADO") -> 0 | H3: =COUNTIFS('RESUMEN TOTAL'!C5:C518, "=BONOMO",'RESUMEN TOTAL'!N5:N518,"=APAGADO") -> 0 | I3: =COUNTIFS('RESUMEN TOTAL'!C5:C518, "=BONOMO",'RESUMEN TOTAL'!O5:O518,"=APAGADO") -> 0 | J3: =COUNTIFS('RESUMEN TOTAL'!C5:C518, "=BONOMO",'RESUMEN TOTAL'!P5:P518,"=APAGADO") -> 0 | K3: =COUNTIFS('RESUMEN TOTAL'!C5:C518, "=BONOMO",'RESUMEN TOTAL'!Q5:Q518,"=APAGADO") -> 12 | L3: =COUNTIFS('RESUMEN TOTAL'!C5:C518, "=BONOMO",'RESUMEN TOTAL'!R5:R518,"=APAGADO") -> 5 | M3: =COUNTIFS('RESUMEN TOTAL'!C5:C518, "=BONOMO",'RESUMEN TOTAL'!S5:S518,"=APAGADO") -> 0 | N3: =COUNTIFS('RESUMEN TOTAL'!C5:C518, "=BONOMO",'RESUMEN TOTAL'!T5:T518,"=APAGADO") -> 0 | O3: =COUNTIFS('RESUMEN TOTAL'!C5:C518, "=BONOMO",'RESUMEN TOTAL'!U5:U518,"=APAGADO") -> 5 | P3: =COUNTIFS('RESUMEN TOTAL'!C5:C518, "=BONOMO",'RESUMEN TOTAL'!V5:V518,"=APAGADO") -> 14 | Q3: =COUNTIFS('RESUMEN TOTAL'!C5:C518, "=BONOMO",'RESUMEN TOTAL'!W5:W518,"=APAGADO") -> 11 | R3: 16 | S3: =COUNTIFS('RESUMEN TOTAL'!C5:C518, "=BONOMO",'RESUMEN TOTAL'!Y5:Y518,"=APAGADO") -> 59 | T3: =COUNTIFS('RESUMEN TOTAL'!C5:C518, "=BONOMO",'RESUMEN TOTAL'!Z5:Z518,"=APAGADO") -> 13 | U3: =COUNTIFS('RESUMEN TOTAL'!C5:C518, "=BONOMO",'RESUMEN TOTAL'!AA5:AA518,"=APAGADO") -> 30 | V3: =COUNTIFS('RESUMEN TOTAL'!C5:C518, "=BONOMO",'RESUMEN TOTAL'!AB5:AB518,"=APAGADO") -> 41 | W3: =COUNTIFS('RESUMEN TOTAL'!C5:C518, "=BONOMO",'RESUMEN TOTAL'!AC5:AC518,"=APAGADO") -> 21 | X3: =COUNTIFS('RESUMEN TOTAL'!C5:C518, "=BONOMO",'RESUMEN TOTAL'!AD5:AD518,"=APAGADO") -> 15 | Y3: =COUNTIFS('RESUMEN TOTAL'!C5:C518, "=BONOMO",'RESUMEN TOTAL'!AE5:AE518,"=APAGADO") -> 11 | Z3: 10 | AA3: =COUNTIFS('RESUMEN TOTAL'!C5:C518, "=BONOMO",'RESUMEN TOTAL'!AG5:AG518,"=APAGADO") -> 14 | AB3: =COUNTIFS('RESUMEN TOTAL'!C5:C518, "=BONOMO",'RESUMEN TOTAL'!AH5:AH518,"=APAGADO") -> 0 | AC3: =COUNTIFS('RESUMEN TOTAL'!C5:C518, "=BONOMO",'RESUMEN TOTAL'!AI5:AI518,"=APAGADO") -> 0 | AD3: =COUNTIFS('RESUMEN TOTAL'!C5:C518, "=BONOMO",'RESUMEN TOTAL'!AJ5:AJ518,"=APAGADO") -> 0 | AE3: =COUNTIFS('RESUMEN TOTAL'!C5:C518, "=BONOMO",'RESUMEN TOTAL'!AK5:AK518,"=APAGADO") -> 0 | AF3: =COUNTIFS('RESUMEN TOTAL'!C5:C518, "=BONOMO",'RESUMEN TOTAL'!AL5:AL518,"=APAGADO") -> 0 | AG3: =COUNTIFS('RESUMEN TOTAL'!C5:C518, "=BONOMO",'RESUMEN TOTAL'!AM5:AM518,"=APAGADO") -> 0 | AH3: =COUNTIFS('RESUMEN TOTAL'!D5:D518, "=BONOMO",'RESUMEN TOTAL'!AN5:AN518,"=APAGADO") -> 0 | AI3: =COUNTIFS('RESUMEN TOTAL'!E5:E518, "=BONOMO",'RESUMEN TOTAL'!AO5:AO518,"=APAGADO") -> 0 | AJ3: =COUNTIFS('RESUMEN TOTAL'!F5:F518, "=BONOMO",'RESUMEN TOTAL'!AP5:AP518,"=APAGADO") -> 0
A4: COSEIDI | B4: =COUNTIFS('RESUMEN TOTAL'!C5:C517,"=COSEIDI") -> 211 | E4: % BONOMO | F4: 0 | G4: =G3/BONOMOcam -> 0 | H4: =H3/BONOMOcam -> 0 | I4: =I3/BONOMOcam -> 0 | J4: =J3/BONOMOcam -> 0 | K4: =K3/BONOMOcam -> 0.049792531 | L4: =L3/BONOMOcam -> 0.020746888 | M4: =M3/BONOMOcam -> 0 | N4: =N3/BONOMOcam -> 0 | ... AJ4: =AJ3/BONOMOcam -> 0
D5: COSEIDI | E5: APAGADAS COSEIDI | F5: =COUNTIFS('RESUMEN TOTAL'!C5:C514, "=COSEIDI",'RESUMEN TOTAL'!L5:L514,"=APAGADO") -> 0 | G5: =COUNTIFS('RESUMEN TOTAL'!C3:C514, "=COSEIDI",'RESUMEN TOTAL'!M3:M514,"=APAGADO") -> 0 | H5: =COUNTIFS('RESUMEN TOTAL'!C5:C502, "=COSEIDI",'RESUMEN TOTAL'!N5:N502,"=APAGADO") -> 0 | I5: =COUNTIFS('RESUMEN TOTAL'!C5:C502, "=COSEIDI",'RESUMEN TOTAL'!O5:O502,"=APAGADO") -> 0 | J5: =COUNTIFS('RESUMEN TOTAL'!C5:C502, "=COSEIDI",'RESUMEN TOTAL'!P5:P502,"=APAGADO") -> 0 | K5: =COUNTIFS('RESUMEN TOTAL'!C5:C502, "=COSEIDI",'RESUMEN TOTAL'!Q5:Q502,"=APAGADO") -> 13 | L5: =COUNTIFS('RESUMEN TOTAL'!C5:C502, "=COSEIDI",'RESUMEN TOTAL'!R5:R502,"=APAGADO") -> 10 | M5: =COUNTIFS('RESUMEN TOTAL'!C5:C502, "=COSEIDI",'RESUMEN TOTAL'!S5:S502,"=APAGADO") -> 0 | N5: =COUNTIFS('RESUMEN TOTAL'!C5:C502, "=COSEIDI",'RESUMEN TOTAL'!T5:T502,"=APAGADO") -> 0 | O5: =COUNTIFS('RESUMEN TOTAL'!C5:C502, "=COSEIDI",'RESUMEN TOTAL'!U5:U502,"=APAGADO") -> 12 | P5: =COUNTIFS('RESUMEN TOTAL'!C5:C502, "=COSEIDI",'RESUMEN TOTAL'!V5:V502,"=APAGADO") -> 35 | Q5: =COUNTIFS('RESUMEN TOTAL'!C5:C502, "=COSEIDI",'RESUMEN TOTAL'!W5:W502,"=APAGADO") -> 35 | R5: =COUNTIFS('RESUMEN TOTAL'!C5:C502, "=COSEIDI",'RESUMEN TOTAL'!X5:X502,"=APAGADO") -> 55 | S5: =COUNTIFS('RESUMEN TOTAL'!C5:C502, "=COSEIDI",'RESUMEN TOTAL'!Y5:Y502,"=APAGADO") -> 67 | T5: =COUNTIFS('RESUMEN TOTAL'!C5:C502, "=COSEIDI",'RESUMEN TOTAL'!Z5:Z502,"=APAGADO") -> 31 | U5: =COUNTIFS('RESUMEN TOTAL'!C5:C502, "=COSEIDI",'RESUMEN TOTAL'!AA5:AA502,"=APAGADO") -> 28 | V5: =COUNTIFS('RESUMEN TOTAL'!C5:C502, "=COSEIDI",'RESUMEN TOTAL'!AB5:AB502,"=APAGADO") -> 62 | W5: =COUNTIFS('RESUMEN TOTAL'!C5:C502, "=COSEIDI",'RESUMEN TOTAL'!AC5:AC502,"=APAGADO") -> 64 | X5: =COUNTIFS('RESUMEN TOTAL'!C5:C502, "=COSEIDI",'RESUMEN TOTAL'!AD5:AD502,"=APAGADO") -> 85 | Y5: =COUNTIFS('RESUMEN TOTAL'!C5:C502, "=COSEIDI",'RESUMEN TOTAL'!AE5:AE502,"=APAGADO") -> 29 | Z5: =COUNTIFS('RESUMEN TOTAL'!C5:C502, "=COSEIDI",'RESUMEN TOTAL'!AF5:AF502,"=APAGADO") -> 29 | AA5: =COUNTIFS('RESUMEN TOTAL'!C5:C502, "=COSEIDI",'RESUMEN TOTAL'!AG5:AG502,"=APAGADO") -> 28 | AB5: =COUNTIFS('RESUMEN TOTAL'!C5:C502, "=COSEIDI",'RESUMEN TOTAL'!AH5:AH502,"=APAGADO") -> 0 | AC5: =COUNTIFS('RESUMEN TOTAL'!C5:C502, "=COSEIDI",'RESUMEN TOTAL'!AI5:AI502,"=APAGADO") -> 0 | AD5: =COUNTIFS('RESUMEN TOTAL'!C5:C502, "=COSEIDI",'RESUMEN TOTAL'!AJ5:AJ502,"=APAGADO") -> 0 | AE5: =COUNTIFS('RESUMEN TOTAL'!C5:C502, "=COSEIDI",'RESUMEN TOTAL'!AK5:AK502,"=APAGADO") -> 0 | AF5: =COUNTIFS('RESUMEN TOTAL'!C5:C502, "=COSEIDI",'RESUMEN TOTAL'!AL5:AL502,"=APAGADO") -> 0 | AG5: =COUNTIFS('RESUMEN TOTAL'!C5:C502, "=COSEIDI",'RESUMEN TOTAL'!AM5:AM502,"=APAGADO") -> 0 | AH5: =COUNTIFS('RESUMEN TOTAL'!C5:C502, "=COSEIDI",'RESUMEN TOTAL'!AN5:AN502,"=APAGADO") -> 0 | AI5: =COUNTIFS('RESUMEN TOTAL'!C5:C502, "=COSEIDI",'RESUMEN TOTAL'!AO5:AO502,"=APAGADO") -> 0 | AJ5: =COUNTIFS('RESUMEN TOTAL'!D5:D502, "=COSEIDI",'RESUMEN TOTAL'!AP5:AP502,"=APAGADO") -> 0
E6: % COSEIDI | F6: =F5/COSEIDIcam -> 0 | G6: =G5/COSEIDIcam -> 0 | H6: =H5/COSEIDIcam -> 0 | I6: =I5/COSEIDIcam -> 0 | J6: =J5/COSEIDIcam -> 0 | K6: =K5/COSEIDIcam -> 0.061611374 | L6: =L5/COSEIDIcam -> 0.047393365 | M6: =M5/COSEIDIcam -> 0 | ... AG6: =AG5/COSEIDIcam -> 0

Sheet paradas
C1: TOTAL PARADAS | D1: =COUNTIFS(E5:E601,"=GPON")/2 -> 5 | E1: TOTAL DE CAMARAS EN PARADAS | H1: =COUNTIFS(E5:E601,"=GPON") -> 10 | I1: TOTAL DE CAMARAS | K1: =COUNTIFS(D5:D601,"=GFIJA") -> 5 | L1: TOTAL DE INTERCOMUNICADORES | O1: =COUNTIFS(D5:D601,"=INTERCOMUNICADOR") -> 5
E2: FIJAS | F2: =COUNTIFS(F5:F601, "=APAGADO",E5:E601,"=GPON") -> 0 | G2: =COUNTIFS(G5:G601, "=APAGADO",F5:F601,"=GPON") -> 0 | H2: =COUNTIFS(H5:H601, "=APAGADO",G5:G601,"=GPON") -> 0 | I2: =COUNTIFS(I5:I601, "=APAGADO",H5:H601,"=GPON") -> 0 | J2: =COUNTIFS(J5:J601, "=APAGADO",I5:I601,"=GPON") -> 0 | K2: =COUNTIFS(K5:K601, "=APAGADO",J5:J601,"=GPON") -> 0 | L2: =COUNTIFS(L5:L601, "=APAGADO",K5:K601,"=GPON") -> 0 | M2: =COUNTIFS(M5:M601, "=APAGADO",L5:L601,"=GPON") -> 0 | ... Q2: =COUNTIFS(Q5:Q601, "=APAGADO",P5:P601,"=GPON") -> 0 | R2: =COUNTIFS(R5:R601, "=APAGADO",E5:E601,"=GPON") -> 0 | S2: =COUNTIFS(S4:S600, "=APAGADO",D4:D600,"=GFIJA") -> 2 | T2: =COUNTIFS(T4:T600, "=APAGADO",D4:D600,"=GFIJA") -> 2 | U2: =COUNTIFS(U4:U600, "=APAGADO",D4:D600,"=GFIJA") -> 2 | V2: =COUNTIFS(V4:V600, "=APAGADO",D4:D600,"=GFIJA") -> 2 | W2: =COUNTIFS(W4:W600, "=APAGADO",D4:D600,"=GFIJA") -> 2 | X2: =COUNTIFS(X4:X600, "=APAGADO",D4:D600,"=GFIJA") -> 2 | Y2: =COUNTIFS(Y5:Y601, "=APAGADO",X5:X601,"=GPON") -> 0 | Z2: =COUNTIFS(Z5:Z601, "=APAGADO",Y5:Y601,"=GPON") -> 0 | AA2: =COUNTIFS(AA5:AA601, "=APAGADO",Z5:Z601,"=GPON") -> 0 | AB2: =COUNTIFS(AB5:AB601, "=APAGADO",AA5:AA601,"=GPON") -> 0 | AC2: =COUNTIFS(AC5:AC601, "=APAGADO",AB5:AB601,"=GPON") -> 0 | AD2: =COUNTIFS(AD5:AD601, "=APAGADO",AC5:AC601,"=GPON") -> 0 | AE2: =COUNTIFS(AE5:AE601, "=APAGADO",AD5:AD601,"=GPON") -> 0
E3: INTERCOMUNICADOR | S3: =COUNTIFS(S6:S602, "=APAGADO",D4:D600,"=INTERCOMUNICADOR") -> 1 | T3: =COUNTIFS(T6:T602, "=APAGADO",D4:D600,"=INTERCOMUNICADOR") -> 1 | U3: =COUNTIFS(U6:U602, "=APAGADO",D4:D600,"=INTERCOMUNICADOR") -> 1 | V3: =COUNTIFS(V6:V602, "=APAGADO",D4:D600,"=INTERCOMUNICADOR") -> 1 | W3: =COUNTIFS(W6:W602, "=APAGADO",D4:D600,"=INTERCOMUNICADOR") -> 1 | X3: =COUNTIFS(X6:X602, "=APAGADO",D4:D600,"=INTERCOMUNICADOR") -> 1
A4: ='RESUMEN TOTAL'!A4 -> Barrio | B4: ='RESUMEN TOTAL'!B4 -> [Denominacion] | C4: ='RESUMEN TOTAL'!D4 -> [Ubicacion] | D4: ='RESUMEN TOTAL'!E4 -> [Tipo de Camara] | E4: ='RESUMEN TOTAL'!F4 -> [Tipo de Conexion] | F4: ='RESUMEN TOTAL'!L4 -> 45108 | G4: ='RESUMEN TOTAL'!M4 -> 45109 | H4: ='RESUMEN TOTAL'!N4 -> 45110 | I4: ='RESUMEN TOTAL'!O4 -> 45111 | J4: ='RESUMEN TOTAL'!P4 -> 45112 | K4: ='RESUMEN TOTAL'!Q4 -> 45113 | L4: ='RESUMEN TOTAL'!R4 -> 45114 | M4: ='RESUMEN TOTAL'!S4 -> 45115 | ... AJ4: ='RESUMEN TOTAL'!AP4 -> 45138
A5: ='RESUMEN TOTAL'!A5 -> ALTAMIRA | B5: ='RESUMEN TOTAL'!B5 -> ALT01 | C5: ='RESUMEN TOTAL'!D5 -> Calchaqui y Sgto. Cabral | D5: ='RESUMEN TOTAL'!E5 -> Domo | E5: ='RESUMEN TOTAL'!F5 -> Fibra Optica | F5: ='RESUMEN TOTAL'!L5 -> 0 | G5: ='RESUMEN TOTAL'!M5 -> 0 | H5: ='RESUMEN TOTAL'!N5 -> 0 | I5: ='RESUMEN TOTAL'!O5 -> 0 | J5: ='RESUMEN TOTAL'!P5 -> 0 | K5: ='RESUMEN TOTAL'!Q5 -> 0 | L5: ='RESUMEN TOTAL'!R5 -> 0 | M5: ='RESUMEN TOTAL'!S5 -> 0 | ... AJ5: ='RESUMEN TOTAL'!AP5 -> 0
A6: ='RESUMEN TOTAL'!A6 -> ALTAMIRA | B6: ='RESUMEN TOTAL'!B6 -> ALT02 | C6: ='RESUMEN TOTAL'!D6 -> Calchaqui y Lope de Vega | D6: ='RESUMEN TOTAL'!E6 -> Domo | E6: ='RESUMEN TOTAL'!F6 -> PTO A FO | F6: ='RESUMEN TOTAL'!L6 -> 0 | G6: ='RESUMEN TOTAL'!M6 -> 0 | H6: ='RESUMEN TOTAL'!N6 -> 0 | I6: ='RESUMEN TOTAL'!O6 -> 0 | J6: ='RESUMEN TOTAL'!P6 -> 0 | K6: ='RESUMEN TOTAL'!Q6 -> 0 | L6: ='RESUMEN TOTAL'!R6 -> 0 | M6: ='RESUMEN TOTAL'!S6 -> 0 | ... AJ6: ='RESUMEN TOTAL'!AP6 -> 0
A7: ='RESUMEN TOTAL'!A7 -> ALTAMIRA | B7: ='RESUMEN TOTAL'!B7 -> ALT 03 | C7: ='RESUMEN TOTAL'!D7 -> Bombero Galarza y Necochea | D7: ='RESUMEN TOTAL'!E7 -> Domo | E7: ='RESUMEN TOTAL'!F7 -> Fibra Optica | F7: ='RESUMEN TOTAL'!L7 -> 0 | G7: ='RESUMEN TOTAL'!M7 -> 0 | H7: ='RESUMEN TOTAL'!N7 -> 0 | I7: ='RESUMEN TOTAL'!O7 -> 0 | J7: ='RESUMEN TOTAL'!P7 -> 0 | K7: ='RESUMEN TOTAL'!Q7 -> 0 | L7: ='RESUMEN TOTAL'!R7 -> 0 | M7: ='RESUMEN TOTAL'!S7 -> 0 | ... AJ7: ='RESUMEN TOTAL'!AP7 -> 0
A8: ='RESUMEN TOTAL'!A8 -> ALTAMIRA | B8: ='RESUMEN TOTAL'!B8 -> ALT 04 | C8: ='RESUMEN TOTAL'!D8 -> Francia y Necochea | D8: ='RESUMEN TOTAL'!E8 -> Domo | E8: ='RESUMEN TOTAL'!F8 -> Fibra Optica | F8: ='RESUMEN TOTAL'!L8 -> 0 | G8: ='RESUMEN TOTAL'!M8 -> 0 | H8: ='RESUMEN TOTAL'!N8 -> 0 | I8: ='RESUMEN TOTAL'!O8 -> 0 | J8: ='RESUMEN TOTAL'!P8 -> 0 | K8: ='RESUMEN TOTAL'!Q8 -> 0 | L8: ='RESUMEN TOTAL'!R8 -> 0 | M8: ='RESUMEN TOTAL'!S8 -> 0 | ... AJ8: ='RESUMEN TOTAL'!AP8 -> 0
A9: ='RESUMEN TOTAL'!A9 -> ALTAMIRA | B9: ='RESUMEN TOTAL'!B9 -> ALT05 | C9: ='RESUMEN TOTAL'!D9 -> Av. Calchaqui y Bombero Galarza | D9: ='RESUMEN TOTAL'!E9 -> Domo | E9: ='RESUMEN TOTAL'!F9 -> PTO A FO | F9: ='RESUMEN TOTAL'!L9 -> 0 | G9: ='RESUMEN TOTAL'!M9 -> 0 | H9: ='RESUMEN TOTAL'!N9 -> 0 | I9: ='RESUMEN TOTAL'!O9 -> 0 | J9: ='RESUMEN TOTAL'!P9 -> 0 | K9: ='RESUMEN TOTAL'!Q9 -> 0 | L9: ='RESUMEN TOTAL'!R9 -> 0 | M9: ='RESUMEN TOTAL'!S9 -> 0 | ... AJ9: ='RESUMEN TOTAL'!AP9 -> 0
A10: ='RESUMEN TOTAL'!A10 -> ALTAMIRA | B10: ='RESUMEN TOTAL'!B10 -> ALT 06 | C10: ='RESUMEN TOTAL'!D10 -> LOPE DE VEGA Y NECOCHEA | D10: ='RESUMEN TOTAL'!E10 -> Domo | E10: ='RESUMEN TOTAL'!F10 -> PTO A FO | F10: ='RESUMEN TOTAL'!L10 -> 0 | G10: ='RESUMEN TOTAL'!M10 -> 0 | H10: ='RESUMEN TOTAL'!N10 -> 0 | I10: ='RESUMEN TOTAL'!O10 -> 0 | J10: ='RESUMEN TOTAL'!P10 -> 0 | K10: ='RESUMEN TOTAL'!Q10 -> 0 | L10: ='RESUMEN TOTAL'!R10 -> 0 | M10: ='RESUMEN TOTAL'!S10 -> 0 | ... AJ10: ='RESUMEN TOTAL'!AP10 -> 0
A11: ='RESUMEN TOTAL'!A11 -> ALTAMIRA | B11: ='RESUMEN TOTAL'!B11 -> ALT07 | C11: ='RESUMEN TOTAL'!D11 -> AV. CALCHAQUI Y AV. DEL TRABAJO | D11: ='RESUMEN TOTAL'!E11 -> DOMO | E11: ='RESUMEN TOTAL'!F11 -> PTO A FO | F11: ='RESUMEN TOTAL'!L11 -> 0 | G11: ='RESUMEN TOTAL'!M11 -> 0 | H11: ='RESUMEN TOTAL'!N11 -> 0 | I11: ='RESUMEN TOTAL'!O11 -> 0 | J11: ='RESUMEN TOTAL'!P11 -> 0 | K11: ='RESUMEN TOTAL'!Q11 -> 0 | L11: ='RESUMEN TOTAL'!R11 -> 0 | M11: ='RESUMEN TOTAL'!S11 -> 0 | ... AJ11: ='RESUMEN TOTAL'!AP11 -> 0
A12: ='RESUMEN TOTAL'!A12 -> ALTAMIRA | B12: ='RESUMEN TOTAL'!B12 -> ALT 08 | C12: ='RESUMEN TOTAL'!D12 -> HUMAITA Y NECOCHEA | D12: ='RESUMEN TOTAL'!E12 -> DOMO | E12: ='RESUMEN TOTAL'!F12 -> Fibra Optica | F12: ='RESUMEN TOTAL'!L12 -> 0 | G12: ='RESUMEN TOTAL'!M12 -> 0 | H12: ='RESUMEN TOTAL'!N12 -> 0 | I12: ='RESUMEN TOTAL'!O12 -> 0 | J12: ='RESUMEN TOTAL'!P12 -> 0 | K12: ='RESUMEN TOTAL'!Q12 -> 0 | L12: ='RESUMEN TOTAL'!R12 -> 0 | M12: ='RESUMEN TOTAL'!S12 -> 0 | ... AJ12: ='RESUMEN TOTAL'!AP12 -> 0
A13: ='RESUMEN TOTAL'!A13 -> ALTAMIRA | B13: ='RESUMEN TOTAL'!B13 -> ALT 09 | C13: ='RESUMEN TOTAL'!D13 -> NECOCHEA Y CURUPAITY | D13: ='RESUMEN TOTAL'!E13 -> DOMO | E13: ='RESUMEN TOTAL'!F13 -> Fibra Optica | F13: ='RESUMEN TOTAL'!L13 -> 0 | G13: ='RESUMEN TOTAL'!M13 -> 0 | H13: ='RESUMEN TOTAL'!N13 -> 0 | I13: ='RESUMEN TOTAL'!O13 -> 0 | J13: ='RESUMEN TOTAL'!P13 -> 0 | K13: ='RESUMEN TOTAL'!Q13 -> APAGADO | L13: ='RESUMEN TOTAL'!R13 -> APAGADO | M13: ='RESUMEN TOTAL'!S13 -> 0 | ... AJ13: ='RESUMEN TOTAL'!AP13 -> 0
A14: ='RESUMEN TOTAL'!A14 -> ALTAMIRA | B14: ='RESUMEN TOTAL'!B14 -> ALT 10 | C14: ='RESUMEN TOTAL'!D14 -> Calchaqui y Francia | D14: ='RESUMEN TOTAL'!E14 -> Domo | E14: ='RESUMEN TOTAL'!F14 -> Radio | F14: ='RESUMEN TOTAL'!L14 -> 0 | G14: ='RESUMEN TOTAL'!M14 -> 0 | H14: ='RESUMEN TOTAL'!N14 -> 0 | I14: ='RESUMEN TOTAL'!O14 -> 0 | J14: ='RESUMEN TOTAL'!P14 -> 0 | K14: ='RESUMEN TOTAL'!Q14 -> 0 | L14: ='RESUMEN TOTAL'!R14 -> 0 | M14: ='RESUMEN TOTAL'!S14 -> 0 | ... AJ14: ='RESUMEN TOTAL'!AP14 -> 0
A15: ='RESUMEN TOTAL'!A15 -> AGUSTIN RAMIREZ | B15: ='RESUMEN TOTAL'!B15 -> ARA 01 | C15: ='RESUMEN TOTAL'!D15 -> Malambo y Tranquera | D15: ='RESUMEN TOTAL'!E15 -> Domo | E15: ='RESUMEN TOTAL'!F15 -> Fibra Optica | F15: ='RESUMEN TOTAL'!L15 -> 0 | G15: ='RESUMEN TOTAL'!M15 -> 0 | H15: ='RESUMEN TOTAL'!N15 -> 0 | I15: ='RESUMEN TOTAL'!O15 -> 0 | J15: ='RESUMEN TOTAL'!P15 -> 0 | K15: ='RESUMEN TOTAL'!Q15 -> 0 | L15: ='RESUMEN TOTAL'!R15 -> 0 | M15: ='RESUMEN TOTAL'!S15 -> 0 | ... AJ15: ='RESUMEN TOTAL'!AP15 -> 0
... A640: ='RESUMEN TOTAL'!A640 -> 0 | B640: ='RESUMEN TOTAL'!B640 -> 0 | C640: ='RESUMEN TOTAL'!D640 -> 0 | D640: ='RESUMEN TOTAL'!E640 -> 0 | E640: ='RESUMEN TOTAL'!F640 -> 0 | F640: ='RESUMEN TOTAL'!L640 -> 0 | G640: ='RESUMEN TOTAL'!M640 -> 0 | H640: ='RESUMEN TOTAL'!N640 -> 0 | I640: ='RESUMEN TOTAL'!O640 -> 0 | J640: ='RESUMEN TOTAL'!P640 -> 0 | K640: ='RESUMEN TOTAL'!Q640 -> 0 | L640: ='RESUMEN TOTAL'!R640 -> 0 | M640: ='RESUMEN TOTAL'!S640 -> 0 | ... AJ640: ='RESUMEN TOTAL'!AP640 -> 0
